position_id,trader_id,strategy_id,instrument_id,account_id,opening_order_id,closing_order_id,entry,side,quantity,peak_qty,ts_init,ts_opened,ts_last,ts_closed,duration_ns,avg_px_open,avg_px_close,commissions,realized_return,realized_pnl,is_snapshot
BTC/USD.KRAKEN-KrakenBTCUSDResearchStrategy-000-76bd941d-b81b-4a57-a428-1b0e176b3286,KRAKEN-BACKTEST,KrakenBTCUSDResearchStrategy-000,BTC/USD.KRAKEN,KRAKEN-001,O-20240601-124500-BACKTEST-000-1,O-20240601-125500-BACKTEST-000-2,BUY,FLAT,0.00000000,0.04424517,1717245900000000000,2024-06-01 12:45:00+00:00,1717246500000000000,2024-06-01 12:55:00+00:00,600000000000,67804.0,67717.76,['23.98 USD'],-0.00127,-27.80 USD,True
BTC/USD.KRAKEN-KrakenBTCUSDResearchStrategy-000-14ead965-9f73-4f14-80fc-22d1c5efe18a,KRAKEN-BACKTEST,KrakenBTCUSDResearchStrategy-000,BTC/USD.KRAKEN,KRAKEN-001,O-20240602-142500-BACKTEST-000-3,O-20240602-144500-BACKTEST-000-4,BUY,FLAT,0.00000000,0.04377248,1717338300000000000,2024-06-02 14:25:00+00:00,1717339500000000000,2024-06-02 14:45:00+00:00,1200000000000,68345.67,68123.01000000001,['23.90 USD'],-0.00326,-33.65 USD,True
BTC/USD.KRAKEN-KrakenBTCUSDResearchStrategy-000-cb87dff5-0fb9-4e1f-ab47-e5d18113d4f5,KRAKEN-BACKTEST,KrakenBTCUSDResearchStrategy-000,BTC/USD.KRAKEN,KRAKEN-001,O-20240602-223000-BACKTEST-000-5,O-20240602-233000-BACKTEST-000-6,BUY,FLAT,0.00000000,0.04386524,1717367400000000000,2024-06-02 22:30:00+00:00,1717371000000000000,2024-06-02 23:30:00+00:00,3600000000000,67971.01000000001,67862.69,['23.84 USD'],-0.00159,-28.59 USD,True
BTC/USD.KRAKEN-KrakenBTCUSDResearchStrategy-000-d06ec3f1-4143-4fbe-ae8d-01a6b4dcffba,KRAKEN-BACKTEST,KrakenBTCUSDResearchStrategy-000,BTC/USD.KRAKEN,KRAKEN-001,O-20240603-015000-BACKTEST-000-7,O-20240603-143500-BACKTEST-000-8,BUY,FLAT,0.00000000,0.04341903,1717379400000000000,2024-06-03 01:50:00+00:00,1717425300000000000,2024-06-03 14:35:00+00:00,45900000000000,68471.99,69180.01999999999,['23.90 USD'],0.01034,6.84 USD,True
BTC/USD.KRAKEN-KrakenBTCUSDResearchStrategy-000-d6c43a9b-d303-49f8-b55c-fa41b040b06d,KRAKEN-BACKTEST,KrakenBTCUSDResearchStrategy-000,BTC/USD.KRAKEN,KRAKEN-001,O-20240604-021000-BACKTEST-000-9,O-20240604-024500-BACKTEST-000-10,BUY,FLAT,0.00000000,0.04295045,1717467000000000000,2024-06-04 02:10:00+00:00,1717469100000000000,2024-06-04 02:45:00+00:00,2100000000000,69266.79000000001,69100.0,['23.77 USD'],-0.00241,-30.93 USD,True
BTC/USD.KRAKEN-KrakenBTCUSDResearchStrategy-000-0280409e-ef83-453d-bc05-e13198f46ba8,KRAKEN-BACKTEST,KrakenBTCUSDResearchStrategy-000,BTC/USD.KRAKEN,KRAKEN-001,O-20240604-131000-BACKTEST-000-11,O-20240605-085000-BACKTEST-000-12,BUY,FLAT,0.00000000,0.04283875,1717506600000000000,2024-06-04 13:10:00+00:00,1717577400000000000,2024-06-05 08:50:00+00:00,70800000000000,69230.79000000001,70906.67,['24.01 USD'],0.02421,47.78 USD,True
BTC/USD.KRAKEN-KrakenBTCUSDResearchStrategy-000-e6a9a4d9-7ad7-424c-8889-bff51c1742cf,KRAKEN-BACKTEST,KrakenBTCUSDResearchStrategy-000,BTC/USD.KRAKEN,KRAKEN-001,O-20240605-132000-BACKTEST-000-13,O-20240605-133500-BACKTEST-000-14,BUY,FLAT,0.00000000,0.04189056,1717593600000000000,2024-06-05 13:20:00+00:00,1717594500000000000,2024-06-05 13:35:00+00:00,900000000000,71140.01,70770.01999999999,['23.78 USD'],-0.0052,-39.28 USD,True
BTC/USD.KRAKEN-KrakenBTCUSDResearchStrategy-000-013b01ac-fccc-42e8-bd29-f7ee331df2da,KRAKEN-BACKTEST,KrakenBTCUSDResearchStrategy-000,BTC/USD.KRAKEN,KRAKEN-001,O-20240605-152500-BACKTEST-000-15,O-20240605-182000-BACKTEST-000-16,BUY,FLAT,0.00000000,0.04148959,1717601100000000000,2024-06-05 15:25:00+00:00,1717611600000000000,2024-06-05 18:20:00+00:00,10500000000000,71543.57,71160.39,['23.68 USD'],-0.00536,-39.58 USD,True
BTC/USD.KRAKEN-KrakenBTCUSDResearchStrategy-000-bb116ada-de99-49e1-8339-e1894b8f2f5a,KRAKEN-BACKTEST,KrakenBTCUSDResearchStrategy-000,BTC/USD.KRAKEN,KRAKEN-001,O-20240606-115500-BACKTEST-000-17,O-20240606-141500-BACKTEST-000-18,BUY,FLAT,0.00000000,0.04154057,1717674900000000000,2024-06-06 11:55:00+00:00,1717683300000000000,2024-06-06 14:15:00+00:00,8400000000000,71170.01,71061.0,['23.64 USD'],-0.00153,-28.17 USD,True
BTC/USD.KRAKEN-KrakenBTCUSDResearchStrategy-000-8079fa07-88e0-45f5-8e29-c1db4d8bb0b1,KRAKEN-BACKTEST,KrakenBTCUSDResearchStrategy-000,BTC/USD.KRAKEN,KRAKEN-001,O-20240606-152500-BACKTEST-000-19,O-20240606-154500-BACKTEST-000-20,BUY,FLAT,0.00000000,0.04117493,1717687500000000000,2024-06-06 15:25:00+00:00,1717688700000000000,2024-06-06 15:45:00+00:00,1200000000000,71596.76000000001,71348.98999999999,['23.54 USD'],-0.00346,-33.74 USD,True
BTC/USD.KRAKEN-KrakenBTCUSDResearchStrategy-000-66e25bba-a10d-43f3-80ce-144c56d77393,KRAKEN-BACKTEST,KrakenBTCUSDResearchStrategy-000,BTC/USD.KRAKEN,KRAKEN-001,O-20240607-040000-BACKTEST-000-21,O-20240607-075000-BACKTEST-000-22,BUY,FLAT,0.00000000,0.04130283,1717732800000000000,2024-06-07 04:00:00+00:00,1717746600000000000,2024-06-07 07:50:00+00:00,13800000000000,71129.99,71070.08,['23.49 USD'],-0.00084,-25.96 USD,True
BTC/USD.KRAKEN-KrakenBTCUSDResearchStrategy-000-f648aa84-7063-4269-8be9-55528f4e1efd,KRAKEN-BACKTEST,KrakenBTCUSDResearchStrategy-000,BTC/USD.KRAKEN,KRAKEN-001,O-20240607-105000-BACKTEST-000-23,O-20240607-123000-BACKTEST-000-24,BUY,FLAT,0.00000000,0.04103956,1717757400000000000,2024-06-07 10:50:00+00:00,1717763400000000000,2024-06-07 12:30:00+00:00,6000000000000,71396.51,70937.98000000001,['23.37 USD'],-0.00642,-42.19 USD,True
BTC/USD.KRAKEN-KrakenBTCUSDResearchStrategy-000-7c39d44c-b55f-44f0-836b-4a725778a47c,KRAKEN-BACKTEST,KrakenBTCUSDResearchStrategy-000,BTC/USD.KRAKEN,KRAKEN-001,O-20240608-075500-BACKTEST-000-25,O-20240608-080500-BACKTEST-000-26,BUY,FLAT,0.00000000,0.04192774,1717833300000000000,2024-06-08 07:55:00+00:00,1717833900000000000,2024-06-08 08:05:00+00:00,600000000000,69582.20000000001,69464.11,['23.32 USD'],-0.0017,-28.27 USD,True
BTC/USD.KRAKEN-KrakenBTCUSDResearchStrategy-000-df765676-268f-4861-a431-86889365bf78,KRAKEN-BACKTEST,KrakenBTCUSDResearchStrategy-000,BTC/USD.KRAKEN,KRAKEN-001,O-20240609-061500-BACKTEST-000-27,O-20240609-074500-BACKTEST-000-28,BUY,FLAT,0.00000000,0.04193817,1717913700000000000,2024-06-09 06:15:00+00:00,1717919100000000000,2024-06-09 07:45:00+00:00,5400000000000,69362.68000000001,69302.59,['23.27 USD'],-0.00087,-25.79 USD,True
BTC/USD.KRAKEN-KrakenBTCUSDResearchStrategy-000-e3487b5c-da15-490c-abb8-617c03d7847e,KRAKEN-BACKTEST,KrakenBTCUSDResearchStrategy-000,BTC/USD.KRAKEN,KRAKEN-001,O-20240609-123000-BACKTEST-000-29,O-20240609-133000-BACKTEST-000-30,BUY,FLAT,0.00000000,0.04175657,1717936200000000000,2024-06-09 12:30:00+00:00,1717939800000000000,2024-06-09 13:30:00+00:00,3600000000000,69479.04,69331.45999999999,['23.18 USD'],-0.00212,-29.34 USD,True
BTC/USD.KRAKEN-KrakenBTCUSDResearchStrategy-000-ac59f58f-0713-4265-a9d8-152f552051d5,KRAKEN-BACKTEST,KrakenBTCUSDResearchStrategy-000,BTC/USD.KRAKEN,KRAKEN-001,O-20240609-180500-BACKTEST-000-31,O-20240609-213500-BACKTEST-000-32,BUY,FLAT,0.00000000,0.04149582,1717956300000000000,2024-06-09 18:05:00+00:00,1717968900000000000,2024-06-09 21:35:00+00:00,12600000000000,69703.44,69610.01,['23.12 USD'],-0.00134,-27.00 USD,True
BTC/USD.KRAKEN-KrakenBTCUSDResearchStrategy-000-bd8657c2-7ed8-40b3-8808-c2e92e1424c3,KRAKEN-BACKTEST,KrakenBTCUSDResearchStrategy-000,BTC/USD.KRAKEN,KRAKEN-001,O-20240610-145500-BACKTEST-000-33,O-20240610-190500-BACKTEST-000-34,BUY,FLAT,0.00000000,0.04140418,1718031300000000000,2024-06-10 14:55:00+00:00,1718046300000000000,2024-06-10 19:05:00+00:00,15000000000000,69662.09,69599.45,['23.07 USD'],-0.0009,-25.66 USD,True
BTC/USD.KRAKEN-KrakenBTCUSDResearchStrategy-000-d9e7128f-87d7-48f8-8c36-439ddf7e90c6,KRAKEN-BACKTEST,KrakenBTCUSDResearchStrategy-000,BTC/USD.KRAKEN,KRAKEN-001,O-20240611-191000-BACKTEST-000-35,O-20240612-002500-BACKTEST-000-36,BUY,FLAT,0.00000000,0.04276332,1718133000000000000,2024-06-11 19:10:00+00:00,1718151900000000000,2024-06-12 00:25:00+00:00,18900000000000,67268.01,67232.0,['23.01 USD'],-0.00054,-24.55 USD,True
BTC/USD.KRAKEN-KrakenBTCUSDResearchStrategy-000-a4949dab-0545-4eb7-9af7-3c264c877a93,KRAKEN-BACKTEST,KrakenBTCUSDResearchStrategy-000,BTC/USD.KRAKEN,KRAKEN-001,O-20240612-043500-BACKTEST-000-37,O-20240612-050000-BACKTEST-000-38,BUY,FLAT,0.00000000,0.04244020,1718166900000000000,2024-06-12 04:35:00+00:00,1718168400000000000,2024-06-12 05:00:00+00:00,1500000000000,67606.62000000001,67430.95,['22.93 USD'],-0.0026,-30.39 USD,True
BTC/USD.KRAKEN-KrakenBTCUSDResearchStrategy-000-d8549599-77ce-4ee9-af38-51e3578fd01c,KRAKEN-BACKTEST,KrakenBTCUSDResearchStrategy-000,BTC/USD.KRAKEN,KRAKEN-001,O-20240612-094500-BACKTEST-000-39,O-20240612-183000-BACKTEST-000-40,BUY,FLAT,0.00000000,0.04234197,1718185500000000000,2024-06-12 09:45:00+00:00,1718217000000000000,2024-06-12 18:30:00+00:00,31500000000000,67548.15000000001,69091.28,['23.14 USD'],0.02284,42.20 USD,True
BTC/USD.KRAKEN-KrakenBTCUSDResearchStrategy-000-fc3f8645-a377-488a-802b-8faf470f9f47,KRAKEN-BACKTEST,KrakenBTCUSDResearchStrategy-000,BTC/USD.KRAKEN,KRAKEN-001,O-20240613-123000-BACKTEST-000-41,O-20240613-123500-BACKTEST-000-42,BUY,FLAT,0.00000000,0.04217920,1718281800000000000,2024-06-13 12:30:00+00:00,1718282100000000000,2024-06-13 12:35:00+00:00,300000000000,68108.97,67774.07,['22.92 USD'],-0.00492,-37.05 USD,True
BTC/USD.KRAKEN-KrakenBTCUSDResearchStrategy-000-56ae7e19-0fce-4716-b262-ed2165e3767c,KRAKEN-BACKTEST,KrakenBTCUSDResearchStrategy-000,BTC/USD.KRAKEN,KRAKEN-001,O-20240614-132500-BACKTEST-000-43,O-20240614-135500-BACKTEST-000-44,BUY,FLAT,0.00000000,0.04250140,1718371500000000000,2024-06-14 13:25:00+00:00,1718373300000000000,2024-06-14 13:55:00+00:00,1800000000000,67331.18000000001,67070.5,['22.85 USD'],-0.00387,-33.93 USD,True
BTC/USD.KRAKEN-KrakenBTCUSDResearchStrategy-000-36b7fe07-2926-448d-8dee-fa1a53522c18,KRAKEN-BACKTEST,KrakenBTCUSDResearchStrategy-000,BTC/USD.KRAKEN,KRAKEN-001,O-20240615-041000-BACKTEST-000-45,O-20240615-042500-BACKTEST-000-46,BUY,FLAT,0.00000000,0.04299440,1718424600000000000,2024-06-15 04:10:00+00:00,1718425500000000000,2024-06-15 04:25:00+00:00,900000000000,66322.37000000001,66220.0,['22.80 USD'],-0.00154,-27.20 USD,True
BTC/USD.KRAKEN-KrakenBTCUSDResearchStrategy-000-06bec931-8a82-4e4a-a32e-11dbdfef7678,KRAKEN-BACKTEST,KrakenBTCUSDResearchStrategy-000,BTC/USD.KRAKEN,KRAKEN-001,O-20240615-151500-BACKTEST-000-47,O-20240615-152500-BACKTEST-000-48,BUY,FLAT,0.00000000,0.04279461,1718464500000000000,2024-06-15 15:15:00+00:00,1718465100000000000,2024-06-15 15:25:00+00:00,600000000000,66441.31999999999,66324.0,['22.72 USD'],-0.00177,-27.74 USD,True
BTC/USD.KRAKEN-KrakenBTCUSDResearchStrategy-000-5294716e-eadd-438a-a58b-799d52cb44f4,KRAKEN-BACKTEST,KrakenBTCUSDResearchStrategy-000,BTC/USD.KRAKEN,KRAKEN-001,O-20240615-233000-BACKTEST-000-49,O-20240615-234500-BACKTEST-000-50,BUY,FLAT,0.00000000,0.04277644,1718494200000000000,2024-06-15 23:30:00+00:00,1718495100000000000,2024-06-15 23:45:00+00:00,900000000000,66275.0,66216.09,['22.67 USD'],-0.00089,-25.19 USD,True
BTC/USD.KRAKEN-KrakenBTCUSDResearchStrategy-000-3d95a3d9-8fa2-4789-bb2c-584ae907d789,KRAKEN-BACKTEST,KrakenBTCUSDResearchStrategy-000,BTC/USD.KRAKEN,KRAKEN-001,O-20240616-053000-BACKTEST-000-51,O-20240616-063500-BACKTEST-000-52,BUY,FLAT,0.00000000,0.04268811,1718515800000000000,2024-06-16 05:30:00+00:00,1718519700000000000,2024-06-16 06:35:00+00:00,3900000000000,66235.11,66184.34,['22.61 USD'],-0.00077,-24.78 USD,True
BTC/USD.KRAKEN-KrakenBTCUSDResearchStrategy-000-859b229e-7f29-4d55-8170-3795e9d3144a,KRAKEN-BACKTEST,KrakenBTCUSDResearchStrategy-000,BTC/USD.KRAKEN,KRAKEN-001,O-20240616-092500-BACKTEST-000-53,O-20240616-174500-BACKTEST-000-54,BUY,FLAT,0.00000000,0.04248006,1718529900000000000,2024-06-16 09:25:00+00:00,1718559900000000000,2024-06-16 17:45:00+00:00,30000000000000,66384.51,66544.26,['22.59 USD'],0.00241,-15.80 USD,True
BTC/USD.KRAKEN-KrakenBTCUSDResearchStrategy-000-f4236983-4787-4a11-bd3d-5dc8c717bd51,KRAKEN-BACKTEST,KrakenBTCUSDResearchStrategy-000,BTC/USD.KRAKEN,KRAKEN-001,O-20240617-173000-BACKTEST-000-55,O-20240617-200500-BACKTEST-000-56,BUY,FLAT,0.00000000,0.04252295,1718645400000000000,2024-06-17 17:30:00+00:00,1718654700000000000,2024-06-17 20:05:00+00:00,9300000000000,66206.01,66206.81999999999,['22.52 USD'],1e-05,-22.49 USD,True
BTC/USD.KRAKEN-KrakenBTCUSDResearchStrategy-000-e27b00d3-5fb0-477c-82c6-be9389762b39,KRAKEN-BACKTEST,KrakenBTCUSDResearchStrategy-000,BTC/USD.KRAKEN,KRAKEN-001,O-20240619-010000-BACKTEST-000-57,O-20240619-013500-BACKTEST-000-58,BUY,FLAT,0.00000000,0.04297814,1718758800000000000,2024-06-19 01:00:00+00:00,1718760900000000000,2024-06-19 01:35:00+00:00,2100000000000,65347.89000000001,65074.34,['22.42 USD'],-0.00419,-34.18 USD,True
BTC/USD.KRAKEN-KrakenBTCUSDResearchStrategy-000-fc4e9c9f-049c-427a-8f2d-7a37abb2021b,KRAKEN-BACKTEST,KrakenBTCUSDResearchStrategy-000,BTC/USD.KRAKEN,KRAKEN-001,O-20240619-041000-BACKTEST-000-59,O-20240619-051500-BACKTEST-000-60,BUY,FLAT,0.00000000,0.04264625,1718770200000000000,2024-06-19 04:10:00+00:00,1718774100000000000,2024-06-19 05:15:00+00:00,3900000000000,65616.01,65410.0,['22.35 USD'],-0.00314,-31.14 USD,True
BTC/USD.KRAKEN-KrakenBTCUSDResearchStrategy-000-6a8a676b-0fa0-4212-baa2-41bd4f3b00c5,KRAKEN-BACKTEST,KrakenBTCUSDResearchStrategy-000,BTC/USD.KRAKEN,KRAKEN-001,O-20240620-011000-BACKTEST-000-61,O-20240620-020000-BACKTEST-000-62,BUY,FLAT,0.00000000,0.04279738,1718845800000000000,2024-06-20 01:10:00+00:00,1718848800000000000,2024-06-20 02:00:00+00:00,3000000000000,65166.009999999995,64973.40000000001,['22.28 USD'],-0.00296,-30.52 USD,True
BTC/USD.KRAKEN-KrakenBTCUSDResearchStrategy-000-1f028207-b63d-435f-9298-af4675768aae,KRAKEN-BACKTEST,KrakenBTCUSDResearchStrategy-000,BTC/USD.KRAKEN,KRAKEN-001,O-20240620-053500-BACKTEST-000-63,O-20240620-131000-BACKTEST-000-64,BUY,FLAT,0.00000000,0.04249450,1718861700000000000,2024-06-20 05:35:00+00:00,1718889000000000000,2024-06-20 13:10:00+00:00,27300000000000,65415.020000000004,65778.01,['22.30 USD'],0.00555,-6.87 USD,True
BTC/USD.KRAKEN-KrakenBTCUSDResearchStrategy-000-d9aebe48-8139-4f55-ad65-cafafe693e82,KRAKEN-BACKTEST,KrakenBTCUSDResearchStrategy-000,BTC/USD.KRAKEN,KRAKEN-001,O-20240621-195000-BACKTEST-000-65,O-20240621-211500-BACKTEST-000-66,BUY,FLAT,0.00000000,0.04325310,1718999400000000000,2024-06-21 19:50:00+00:00,1719004500000000000,2024-06-21 21:15:00+00:00,5100000000000,64220.009999999995,64009.85,['22.18 USD'],-0.00327,-31.27 USD,True
BTC/USD.KRAKEN-KrakenBTCUSDResearchStrategy-000-bfef1d5c-f923-4da3-bd0e-f6c2d2de0efb,KRAKEN-BACKTEST,KrakenBTCUSDResearchStrategy-000,BTC/USD.KRAKEN,KRAKEN-001,O-20240622-020500-BACKTEST-000-67,O-20240622-085000-BACKTEST-000-68,BUY,FLAT,0.00000000,0.04303868,1719021900000000000,2024-06-22 02:05:00+00:00,1719046200000000000,2024-06-22 08:50:00+00:00,24300000000000,64322.0,64299.990000000005,['22.14 USD'],-0.00034,-23.09 USD,True
BTC/USD.KRAKEN-KrakenBTCUSDResearchStrategy-000-ed5f13c6-d517-49d4-8cb4-466119643a75,KRAKEN-BACKTEST,KrakenBTCUSDResearchStrategy-000,BTC/USD.KRAKEN,KRAKEN-001,O-20240623-001000-BACKTEST-000-69,O-20240623-042500-BACKTEST-000-70,BUY,FLAT,0.00000000,0.04290934,1719101400000000000,2024-06-23 00:10:00+00:00,1719116700000000000,2024-06-23 04:25:00+00:00,15300000000000,64354.509999999995,64386.189999999995,['22.10 USD'],0.00049,-20.74 USD,True
BTC/USD.KRAKEN-KrakenBTCUSDResearchStrategy-000-c840a2dd-1911-4e1a-a0dc-2473aa145e53,KRAKEN-BACKTEST,KrakenBTCUSDResearchStrategy-000,BTC/USD.KRAKEN,KRAKEN-001,O-20240623-091000-BACKTEST-000-71,O-20240623-093000-BACKTEST-000-72,BUY,FLAT,0.00000000,0.04275767,1719133800000000000,2024-06-23 09:10:00+00:00,1719135000000000000,2024-06-23 09:30:00+00:00,1200000000000,64437.270000000004,64413.58,['22.04 USD'],-0.00037,-23.05 USD,True
BTC/USD.KRAKEN-KrakenBTCUSDResearchStrategy-000-9ff4adab-adce-4cf5-b556-c8162e9790e8,KRAKEN-BACKTEST,KrakenBTCUSDResearchStrategy-000,BTC/USD.KRAKEN,KRAKEN-001,O-20240625-005000-BACKTEST-000-73,O-20240625-005500-BACKTEST-000-74,BUY,FLAT,0.00000000,0.04531360,1719276600000000000,2024-06-25 00:50:00+00:00,1719276900000000000,2024-06-25 00:55:00+00:00,300000000000,60650.0,60409.11,['21.94 USD'],-0.00397,-32.86 USD,True
BTC/USD.KRAKEN-KrakenBTCUSDResearchStrategy-000-fba516ef-ee5a-428f-8ae0-c57bece92cc9,KRAKEN-BACKTEST,KrakenBTCUSDResearchStrategy-000,BTC/USD.KRAKEN,KRAKEN-001,O-20240625-030000-BACKTEST-000-75,O-20240625-072500-BACKTEST-000-76,BUY,FLAT,0.00000000,0.04501004,1719284400000000000,2024-06-25 03:00:00+00:00,1719300300000000000,2024-06-25 07:25:00+00:00,15900000000000,60840.02,60831.990000000005,['21.90 USD'],-0.00013,-22.26 USD,True
BTC/USD.KRAKEN-KrakenBTCUSDResearchStrategy-000-2d8c384f-4cb2-4ce6-b211-93990308add7,KRAKEN-BACKTEST,KrakenBTCUSDResearchStrategy-000,BTC/USD.KRAKEN,KRAKEN-001,O-20240625-095000-BACKTEST-000-77,O-20240625-100500-BACKTEST-000-78,BUY,FLAT,0.00000000,0.04440687,1719309000000000000,2024-06-25 09:50:00+00:00,1719309900000000000,2024-06-25 10:05:00+00:00,900000000000,61516.009999999995,61293.159999999996,['21.82 USD'],-0.00362,-31.72 USD,True
BTC/USD.KRAKEN-KrakenBTCUSDResearchStrategy-000-dd7fad05-064d-44a5-8d6b-1cf2bd193c41,KRAKEN-BACKTEST,KrakenBTCUSDResearchStrategy-000,BTC/USD.KRAKEN,KRAKEN-001,O-20240625-142000-BACKTEST-000-79,O-20240625-175500-BACKTEST-000-80,BUY,FLAT,0.00000000,0.04417294,1719325200000000000,2024-06-25 14:20:00+00:00,1719338100000000000,2024-06-25 17:55:00+00:00,12900000000000,61626.42999999999,61381.44,['21.74 USD'],-0.00398,-32.56 USD,True
BTC/USD.KRAKEN-KrakenBTCUSDResearchStrategy-000-c18debba-b793-4c50-95f6-84fd0a27a4b1,KRAKEN-BACKTEST,KrakenBTCUSDResearchStrategy-000,BTC/USD.KRAKEN,KRAKEN-001,O-20240626-020500-BACKTEST-000-81,O-20240626-024500-BACKTEST-000-82,BUY,FLAT,0.00000000,0.04354379,1719367500000000000,2024-06-26 02:05:00+00:00,1719369900000000000,2024-06-26 02:45:00+00:00,2400000000000,62292.52,62070.009999999995,['21.66 USD'],-0.00357,-31.35 USD,True
BTC/USD.KRAKEN-KrakenBTCUSDResearchStrategy-000-d38c5792-0457-4ab9-95e7-5e838298359f,KRAKEN-BACKTEST,KrakenBTCUSDResearchStrategy-000,BTC/USD.KRAKEN,KRAKEN-001,O-20240626-140000-BACKTEST-000-83,O-20240626-143500-BACKTEST-000-84,BUY,FLAT,0.00000000,0.04368491,1719410400000000000,2024-06-26 14:00:00+00:00,1719412500000000000,2024-06-26 14:35:00+00:00,2100000000000,61876.009999999995,61570.0,['21.57 USD'],-0.00495,-34.94 USD,True
BTC/USD.KRAKEN-KrakenBTCUSDResearchStrategy-000-1f008295-b9bc-4afb-b300-3e8126134db1,KRAKEN-BACKTEST,KrakenBTCUSDResearchStrategy-000,BTC/USD.KRAKEN,KRAKEN-001,O-20240627-094500-BACKTEST-000-85,O-20240627-190500-BACKTEST-000-86,BUY,FLAT,0.00000000,0.04403647,1719481500000000000,2024-06-27 09:45:00+00:00,1719515100000000000,2024-06-27 19:05:00+00:00,33600000000000,61144.0,61617.11,['21.62 USD'],0.00774,-0.79 USD,True
BTC/USD.KRAKEN-KrakenBTCUSDResearchStrategy-000-5aff0076-80e4-4e81-b60d-4fd13e08c2d8,KRAKEN-BACKTEST,KrakenBTCUSDResearchStrategy-000,BTC/USD.KRAKEN,KRAKEN-001,O-20240628-012000-BACKTEST-000-87,O-20240628-022500-BACKTEST-000-88,BUY,FLAT,0.00000000,0.04339384,1719537600000000000,2024-06-28 01:20:00+00:00,1719541500000000000,2024-06-28 02:25:00+00:00,3900000000000,62044.02999999999,61764.009999999995,['21.49 USD'],-0.00451,-33.64 USD,True
BTC/USD.KRAKEN-KrakenBTCUSDResearchStrategy-000-96ba17e0-00bc-4856-bcb3-2ee6ae6b8965,KRAKEN-BACKTEST,KrakenBTCUSDResearchStrategy-000,BTC/USD.KRAKEN,KRAKEN-001,O-20240629-011000-BACKTEST-000-89,O-20240629-025000-BACKTEST-000-90,BUY,FLAT,0.00000000,0.04401822,1719623400000000000,2024-06-29 01:10:00+00:00,1719629400000000000,2024-06-29 02:50:00+00:00,6000000000000,60934.69,60714.0,['21.42 USD'],-0.00362,-31.13 USD,True
BTC/USD.KRAKEN-KrakenBTCUSDResearchStrategy-000-42997fc4-85da-45f4-b63a-3cbded1e2132,KRAKEN-BACKTEST,KrakenBTCUSDResearchStrategy-000,BTC/USD.KRAKEN,KRAKEN-001,O-20240629-071000-BACKTEST-000-91,O-20240629-143000-BACKTEST-000-92,BUY,FLAT,0.00000000,0.04385245,1719645000000000000,2024-06-29 07:10:00+00:00,1719671400000000000,2024-06-29 14:30:00+00:00,26400000000000,60952.009999999995,60984.009999999995,['21.39 USD'],0.00053,-19.99 USD,True
BTC/USD.KRAKEN-KrakenBTCUSDResearchStrategy-000-c0eeee73-2b6b-4ea2-8b5e-ef4bae9186a3,KRAKEN-BACKTEST,KrakenBTCUSDResearchStrategy-000,BTC/USD.KRAKEN,KRAKEN-001,O-20240630-070500-BACKTEST-000-93,O-20240630-123500-BACKTEST-000-94,BUY,FLAT,0.00000000,0.04334876,1719731100000000000,2024-06-30 07:05:00+00:00,1719750900000000000,2024-06-30 12:35:00+00:00,19800000000000,61521.95999999999,61356.009999999995,['21.31 USD'],-0.0027,-28.50 USD,True
BTC/USD.KRAKEN-KrakenBTCUSDResearchStrategy-000-6965c9d2-71b3-44e2-bf29-a07e6ba4afea,KRAKEN-BACKTEST,KrakenBTCUSDResearchStrategy-000,BTC/USD.KRAKEN,KRAKEN-001,O-20240630-184500-BACKTEST-000-95,O-20240701-082000-BACKTEST-000-96,BUY,FLAT,0.00000000,0.04290610,1719773100000000000,2024-06-30 18:45:00+00:00,1719822000000000000,2024-07-01 08:20:00+00:00,48900000000000,61957.40000000001,63114.36000000001,['21.46 USD'],0.01867,28.18 USD,True
BTC/USD.KRAKEN-KrakenBTCUSDResearchStrategy-000-20300726-9030-41b8-9645-08ebced1ca3e,KRAKEN-BACKTEST,KrakenBTCUSDResearchStrategy-000,BTC/USD.KRAKEN,KRAKEN-001,O-20240701-155500-BACKTEST-000-97,O-20240701-194000-BACKTEST-000-98,BUY,FLAT,0.00000000,0.04224112,1719849300000000000,2024-07-01 15:55:00+00:00,1719862800000000000,2024-07-01 19:40:00+00:00,13500000000000,63132.899999999994,63210.009999999995,['21.35 USD'],0.00122,-18.09 USD,True
BTC/USD.KRAKEN-KrakenBTCUSDResearchStrategy-000-54f5ac77-cad4-46f8-b9ac-8b705fd5ecf5,KRAKEN-BACKTEST,KrakenBTCUSDResearchStrategy-000,BTC/USD.KRAKEN,KRAKEN-001,O-20240702-033500-BACKTEST-000-99,O-20240702-035000-BACKTEST-000-100,BUY,FLAT,0.00000000,0.04207712,1719891300000000000,2024-07-02 03:35:00+00:00,1719892200000000000,2024-07-02 03:50:00+00:00,900000000000,63250.0,63128.009999999995,['21.27 USD'],-0.00193,-26.40 USD,True
BTC/USD.KRAKEN-KrakenBTCUSDResearchStrategy-000-d5d8c82b-4381-4cab-b597-092e93bd408c,KRAKEN-BACKTEST,KrakenBTCUSDResearchStrategy-000,BTC/USD.KRAKEN,KRAKEN-001,O-20240703-003000-BACKTEST-000-101,O-20240703-005000-BACKTEST-000-102,BUY,FLAT,0.00000000,0.04260118,1719966600000000000,2024-07-03 00:30:00+00:00,1719967800000000000,2024-07-03 00:50:00+00:00,1200000000000,62285.939999999995,62157.41,['21.20 USD'],-0.00206,-26.68 USD,True
BTC/USD.KRAKEN-KrakenBTCUSDResearchStrategy-000-78332861-89ae-4968-afd9-ee1009c260d9,KRAKEN-BACKTEST,KrakenBTCUSDResearchStrategy-000,BTC/USD.KRAKEN,KRAKEN-001,O-20240704-001500-BACKTEST-000-103,O-20240704-010500-BACKTEST-000-104,BUY,FLAT,0.00000000,0.04379890,1720052100000000000,2024-07-04 00:15:00+00:00,1720055100000000000,2024-07-04 01:05:00+00:00,3000000000000,60400.009999999995,60270.0,['21.14 USD'],-0.00215,-26.83 USD,True
BTC/USD.KRAKEN-KrakenBTCUSDResearchStrategy-000-a325772c-6137-405f-a8db-24bc82a3baed,KRAKEN-BACKTEST,KrakenBTCUSDResearchStrategy-000,BTC/USD.KRAKEN,KRAKEN-001,O-20240704-192000-BACKTEST-000-105,O-20240704-200000-BACKTEST-000-106,BUY,FLAT,0.00000000,0.04510710,1720120800000000000,2024-07-04 19:20:00+00:00,1720123200000000000,2024-07-04 20:00:00+00:00,2400000000000,58469.83,58194.17,['21.05 USD'],-0.00471,-33.48 USD,True
BTC/USD.KRAKEN-KrakenBTCUSDResearchStrategy-000-d719b4d6-7011-49ab-988a-13152fce36e7,KRAKEN-BACKTEST,KrakenBTCUSDResearchStrategy-000,BTC/USD.KRAKEN,KRAKEN-001,O-20240705-114000-BACKTEST-000-107,O-20240705-125500-BACKTEST-000-108,BUY,FLAT,0.00000000,0.04733437,1720179600000000000,2024-07-05 11:40:00+00:00,1720184100000000000,2024-07-05 12:55:00+00:00,4500000000000,55506.409999999996,55052.81,['20.93 USD'],-0.00817,-42.40 USD,True
BTC/USD.KRAKEN-KrakenBTCUSDResearchStrategy-000-a55dd489-75e2-432c-ba9f-489f13e849fa,KRAKEN-BACKTEST,KrakenBTCUSDResearchStrategy-000,BTC/USD.KRAKEN,KRAKEN-001,O-20240705-150000-BACKTEST-000-109,O-20240706-002500-BACKTEST-000-110,BUY,FLAT,0.00000000,0.04665834,1720191600000000000,2024-07-05 15:00:00+00:00,1720225500000000000,2024-07-06 00:25:00+00:00,33900000000000,56038.009999999995,56391.09,['20.98 USD'],0.0063,-4.51 USD,True
BTC/USD.KRAKEN-KrakenBTCUSDResearchStrategy-000-6677fc49-8191-460e-bb16-70ba4005d08b,KRAKEN-BACKTEST,KrakenBTCUSDResearchStrategy-000,BTC/USD.KRAKEN,KRAKEN-001,O-20240706-070500-BACKTEST-000-111,O-20240706-084500-BACKTEST-000-112,BUY,FLAT,0.00000000,0.04612952,1720249500000000000,2024-07-06 07:05:00+00:00,1720255500000000000,2024-07-06 08:45:00+00:00,6000000000000,56651.09,56522.0,['20.88 USD'],-0.00228,-26.83 USD,True
BTC/USD.KRAKEN-KrakenBTCUSDResearchStrategy-000-3398e807-7d33-4a6e-83ad-61c639395ad8,KRAKEN-BACKTEST,KrakenBTCUSDResearchStrategy-000,BTC/USD.KRAKEN,KRAKEN-001,O-20240706-095500-BACKTEST-000-113,O-20240706-124000-BACKTEST-000-114,BUY,FLAT,0.00000000,0.04589430,1720259700000000000,2024-07-06 09:55:00+00:00,1720269600000000000,2024-07-06 12:40:00+00:00,9900000000000,56766.0,56614.270000000004,['20.81 USD'],-0.00267,-27.77 USD,True
BTC/USD.KRAKEN-KrakenBTCUSDResearchStrategy-000-91dcf21f-3feb-4f82-a379-163f7f024d27,KRAKEN-BACKTEST,KrakenBTCUSDResearchStrategy-000,BTC/USD.KRAKEN,KRAKEN-001,O-20240706-153000-BACKTEST-000-115,O-20240707-012000-BACKTEST-000-116,BUY,FLAT,0.00000000,0.04528322,1720279800000000000,2024-07-06 15:30:00+00:00,1720315200000000000,2024-07-07 01:20:00+00:00,35400000000000,57347.990000000005,57863.990000000005,['20.87 USD'],0.009,2.50 USD,True
BTC/USD.KRAKEN-KrakenBTCUSDResearchStrategy-000-de1b5436-b0eb-4bd3-b620-1ffc93416344,KRAKEN-BACKTEST,KrakenBTCUSDResearchStrategy-000,BTC/USD.KRAKEN,KRAKEN-001,O-20240708-080000-BACKTEST-000-117,O-20240708-142000-BACKTEST-000-118,BUY,FLAT,0.00000000,0.04640984,1720425600000000000,2024-07-08 08:00:00+00:00,1720448400000000000,2024-07-08 14:20:00+00:00,22800000000000,55972.0,56842.009999999995,['20.94 USD'],0.01554,19.44 USD,True
BTC/USD.KRAKEN-KrakenBTCUSDResearchStrategy-000-cbddecfa-9a44-4d08-a2d0-b6d3b158154a,KRAKEN-BACKTEST,KrakenBTCUSDResearchStrategy-000,BTC/USD.KRAKEN,KRAKEN-001,O-20240708-222000-BACKTEST-000-119,O-20240709-000000-BACKTEST-000-120,BUY,FLAT,0.00000000,0.04579058,1720477200000000000,2024-07-08 22:20:00+00:00,1720483200000000000,2024-07-09 00:00:00+00:00,6000000000000,56856.32,56656.0,['20.79 USD'],-0.00352,-29.96 USD,True
BTC/USD.KRAKEN-KrakenBTCUSDResearchStrategy-000-d11d2a87-1c7a-4f04-a6ce-c3ecd959c8db,KRAKEN-BACKTEST,KrakenBTCUSDResearchStrategy-000,BTC/USD.KRAKEN,KRAKEN-001,O-20240709-011000-BACKTEST-000-121,O-20240709-013000-BACKTEST-000-122,BUY,FLAT,0.00000000,0.04545405,1720487400000000000,2024-07-09 01:10:00+00:00,1720488600000000000,2024-07-09 01:30:00+00:00,1200000000000,57079.53,56595.52,['20.67 USD'],-0.00848,-42.67 USD,True
BTC/USD.KRAKEN-KrakenBTCUSDResearchStrategy-000-7bcb4856-1793-4f73-8d01-16f32c494133,KRAKEN-BACKTEST,KrakenBTCUSDResearchStrategy-000,BTC/USD.KRAKEN,KRAKEN-001,O-20240709-062000-BACKTEST-000-123,O-20240709-071500-BACKTEST-000-124,BUY,FLAT,0.00000000,0.04490060,1720506000000000000,2024-07-09 06:20:00+00:00,1720509300000000000,2024-07-09 07:15:00+00:00,3300000000000,57498.0,57223.61,['20.61 USD'],-0.00477,-32.93 USD,True
BTC/USD.KRAKEN-KrakenBTCUSDResearchStrategy-000-276e94ae-5778-4957-824f-f0d7771620e3,KRAKEN-BACKTEST,KrakenBTCUSDResearchStrategy-000,BTC/USD.KRAKEN,KRAKEN-001,O-20240709-084000-BACKTEST-000-125,O-20240709-091000-BACKTEST-000-126,BUY,FLAT,0.00000000,0.04446430,1720514400000000000,2024-07-09 08:40:00+00:00,1720516200000000000,2024-07-09 09:10:00+00:00,1800000000000,57840.009999999995,57551.219999999994,['20.53 USD'],-0.00499,-33.37 USD,True
BTC/USD.KRAKEN-KrakenBTCUSDResearchStrategy-000-a3668206-d5c1-4332-9d8e-568dc71b17d5,KRAKEN-BACKTEST,KrakenBTCUSDResearchStrategy-000,BTC/USD.KRAKEN,KRAKEN-001,O-20240710-040000-BACKTEST-000-127,O-20240710-092000-BACKTEST-000-128,BUY,FLAT,0.00000000,0.04393518,1720584000000000000,2024-07-10 04:00:00+00:00,1720603200000000000,2024-07-10 09:20:00+00:00,19200000000000,58308.659999999996,58588.23,['20.55 USD'],0.00479,-8.27 USD,True
BTC/USD.KRAKEN-KrakenBTCUSDResearchStrategy-000-22d86d7d-405d-48ec-8991-c64052a2f8f6,KRAKEN-BACKTEST,KrakenBTCUSDResearchStrategy-000,BTC/USD.KRAKEN,KRAKEN-001,O-20240711-071500-BACKTEST-000-129,O-20240711-141000-BACKTEST-000-130,BUY,FLAT,0.00000000,0.04399877,1720682100000000000,2024-07-11 07:15:00+00:00,1720707000000000000,2024-07-11 14:10:00+00:00,24900000000000,58168.009999999995,58288.009999999995,['20.50 USD'],0.00206,-15.22 USD,True
BTC/USD.KRAKEN-KrakenBTCUSDResearchStrategy-000-ca80a7e6-2378-4805-acc6-a35097cd8b37,KRAKEN-BACKTEST,KrakenBTCUSDResearchStrategy-000,BTC/USD.KRAKEN,KRAKEN-001,O-20240712-131000-BACKTEST-000-131,O-20240712-193000-BACKTEST-000-132,BUY,FLAT,0.00000000,0.04442930,1720789800000000000,2024-07-12 13:10:00+00:00,1720812600000000000,2024-07-12 19:30:00+00:00,22800000000000,57501.57,57810.380000000005,['20.49 USD'],0.00537,-6.77 USD,True
BTC/USD.KRAKEN-KrakenBTCUSDResearchStrategy-000-215d40c0-e8d9-4266-8b18-de6eda7e304a,KRAKEN-BACKTEST,KrakenBTCUSDResearchStrategy-000,BTC/USD.KRAKEN,KRAKEN-001,O-20240713-011000-BACKTEST-000-133,O-20240713-021000-BACKTEST-000-134,BUY,FLAT,0.00000000,0.04406694,1720833000000000000,2024-07-13 01:10:00+00:00,1720836600000000000,2024-07-13 02:10:00+00:00,3600000000000,57928.32,57815.310000000005,['20.40 USD'],-0.00195,-25.38 USD,True
BTC/USD.KRAKEN-KrakenBTCUSDResearchStrategy-000-332dc6b7-cb10-4e38-8a89-8997193d5a2d,KRAKEN-BACKTEST,KrakenBTCUSDResearchStrategy-000,BTC/USD.KRAKEN,KRAKEN-001,O-20240713-055000-BACKTEST-000-135,O-20240713-085500-BACKTEST-000-136,BUY,FLAT,0.00000000,0.04384433,1720849800000000000,2024-07-13 05:50:00+00:00,1720860900000000000,2024-07-13 08:55:00+00:00,11100000000000,58048.77,57949.93,['20.34 USD'],-0.0017,-24.67 USD,True
BTC/USD.KRAKEN-KrakenBTCUSDResearchStrategy-000-c8ff3019-44be-4f39-b348-f0d2c999fd73,KRAKEN-BACKTEST,KrakenBTCUSDResearchStrategy-000,BTC/USD.KRAKEN,KRAKEN-001,O-20240713-125000-BACKTEST-000-137,O-20240713-131000-BACKTEST-000-138,BUY,FLAT,0.00000000,0.04310015,1720875000000000000,2024-07-13 12:50:00+00:00,1720876200000000000,2024-07-13 13:10:00+00:00,1200000000000,58879.35,58694.009999999995,['20.27 USD'],-0.00315,-28.26 USD,True
BTC/USD.KRAKEN-KrakenBTCUSDResearchStrategy-000-f2458eaa-f29c-477e-8612-6b05f6fff6a9,KRAKEN-BACKTEST,KrakenBTCUSDResearchStrategy-000,BTC/USD.KRAKEN,KRAKEN-001,O-20240713-225000-BACKTEST-000-139,O-20240714-105500-BACKTEST-000-140,BUY,FLAT,0.00000000,0.04270443,1720911000000000000,2024-07-13 22:50:00+00:00,1720954500000000000,2024-07-14 10:55:00+00:00,43500000000000,59226.42,59920.509999999995,['20.36 USD'],0.01172,9.28 USD,True
BTC/USD.KRAKEN-KrakenBTCUSDResearchStrategy-000-5742115a-9009-4277-9ea1-af73f0b35cdb,KRAKEN-BACKTEST,KrakenBTCUSDResearchStrategy-000,BTC/USD.KRAKEN,KRAKEN-001,O-20240714-203500-BACKTEST-000-141,O-20240714-205500-BACKTEST-000-142,BUY,FLAT,0.00000000,0.04204361,1720989300000000000,2024-07-14 20:35:00+00:00,1720990500000000000,2024-07-14 20:55:00+00:00,1200000000000,60223.53,60084.0,['20.23 USD'],-0.00232,-26.10 USD,True
BTC/USD.KRAKEN-KrakenBTCUSDResearchStrategy-000-21586b5c-a564-4a88-b08f-ef6e6d0bfbf0,KRAKEN-BACKTEST,KrakenBTCUSDResearchStrategy-000,BTC/USD.KRAKEN,KRAKEN-001,O-20240714-214500-BACKTEST-000-143,O-20240714-235500-BACKTEST-000-144,BUY,FLAT,0.00000000,0.04133047,1720993500000000000,2024-07-14 21:45:00+00:00,1721001300000000000,2024-07-14 23:55:00+00:00,7800000000000,61073.29,60797.91,['20.15 USD'],-0.00451,-31.53 USD,True
BTC/USD.KRAKEN-KrakenBTCUSDResearchStrategy-000-8048f389-1c43-4a57-bc57-dab5edd59e2b,KRAKEN-BACKTEST,KrakenBTCUSDResearchStrategy-000,BTC/USD.KRAKEN,KRAKEN-001,O-20240715-011000-BACKTEST-000-145,O-20240715-111000-BACKTEST-000-146,BUY,FLAT,0.00000000,0.04090719,1721005800000000000,2024-07-15 01:10:00+00:00,1721041800000000000,2024-07-15 11:10:00+00:00,36000000000000,61474.0,62474.89,['20.28 USD'],0.01628,20.66 USD,True
BTC/USD.KRAKEN-KrakenBTCUSDResearchStrategy-000-9e0741fd-cbb7-4163-bc08-99f832f85b81,KRAKEN-BACKTEST,KrakenBTCUSDResearchStrategy-000,BTC/USD.KRAKEN,KRAKEN-001,O-20240715-140000-BACKTEST-000-147,O-20240716-051000-BACKTEST-000-148,BUY,FLAT,0.00000000,0.04000836,1721052000000000000,2024-07-15 14:00:00+00:00,1721106600000000000,2024-07-16 05:10:00+00:00,54600000000000,63010.0,64372.99999999999,['20.38 USD'],0.02163,34.15 USD,True
BTC/USD.KRAKEN-KrakenBTCUSDResearchStrategy-000-3bb8cf50-4cf7-45e8-82a8-5d8db0ce364f,KRAKEN-BACKTEST,KrakenBTCUSDResearchStrategy-000,BTC/USD.KRAKEN,KRAKEN-001,O-20240716-122000-BACKTEST-000-149,O-20240716-135500-BACKTEST-000-150,BUY,FLAT,0.00000000,0.03959162,1721132400000000000,2024-07-16 12:20:00+00:00,1721138100000000000,2024-07-16 13:55:00+00:00,5700000000000,63932.0,63419.990000000005,['20.16 USD'],-0.00801,-40.43 USD,True
BTC/USD.KRAKEN-KrakenBTCUSDResearchStrategy-000-61ead10f-79c3-4903-99f0-aacfe7f11d7b,KRAKEN-BACKTEST,KrakenBTCUSDResearchStrategy-000,BTC/USD.KRAKEN,KRAKEN-001,O-20240716-151500-BACKTEST-000-151,O-20240716-215500-BACKTEST-000-152,BUY,FLAT,0.00000000,0.03905697,1721142900000000000,2024-07-16 15:15:00+00:00,1721166900000000000,2024-07-16 21:55:00+00:00,24000000000000,64496.62,64500.009999999995,['20.16 USD'],5e-05,-20.03 USD,True
BTC/USD.KRAKEN-KrakenBTCUSDResearchStrategy-000-d167d2b7-6c08-4f37-87d1-6f994aae438b,KRAKEN-BACKTEST,KrakenBTCUSDResearchStrategy-000,BTC/USD.KRAKEN,KRAKEN-001,O-20240716-232500-BACKTEST-000-153,O-20240717-070000-BACKTEST-000-154,BUY,FLAT,0.00000000,0.03852698,1721172300000000000,2024-07-16 23:25:00+00:00,1721199600000000000,2024-07-17 07:00:00+00:00,27300000000000,65227.9,65478.64,['20.14 USD'],0.00384,-10.48 USD,True
BTC/USD.KRAKEN-KrakenBTCUSDResearchStrategy-000-b763be0b-9e2c-409d-a0a4-fd6886eaaf41,KRAKEN-BACKTEST,KrakenBTCUSDResearchStrategy-000,BTC/USD.KRAKEN,KRAKEN-001,O-20240718-015500-BACKTEST-000-155,O-20240718-021500-BACKTEST-000-156,BUY,FLAT,0.00000000,0.03880533,1721267700000000000,2024-07-18 01:55:00+00:00,1721268900000000000,2024-07-18 02:15:00+00:00,1200000000000,64678.99,64406.0,['20.04 USD'],-0.00422,-30.63 USD,True
BTC/USD.KRAKEN-KrakenBTCUSDResearchStrategy-000-7d9aa90c-8422-4418-a005-9d92670e49c8,KRAKEN-BACKTEST,KrakenBTCUSDResearchStrategy-000,BTC/USD.KRAKEN,KRAKEN-001,O-20240718-064500-BACKTEST-000-157,O-20240718-071500-BACKTEST-000-158,BUY,FLAT,0.00000000,0.03845156,1721285100000000000,2024-07-18 06:45:00+00:00,1721286900000000000,2024-07-18 07:15:00+00:00,1800000000000,65035.090000000004,64844.18,['19.97 USD'],-0.00294,-27.31 USD,True
BTC/USD.KRAKEN-KrakenBTCUSDResearchStrategy-000-f387e405-f1d5-434d-9fde-a95c843838c5,KRAKEN-BACKTEST,KrakenBTCUSDResearchStrategy-000,BTC/USD.KRAKEN,KRAKEN-001,O-20240718-224000-BACKTEST-000-159,O-20240719-000000-BACKTEST-000-160,BUY,FLAT,0.00000000,0.03887591,1721342400000000000,2024-07-18 22:40:00+00:00,1721347200000000000,2024-07-19 00:00:00+00:00,4800000000000,64114.450000000004,63915.23999999999,['19.91 USD'],-0.00311,-27.65 USD,True
BTC/USD.KRAKEN-KrakenBTCUSDResearchStrategy-000-1d87757d-a510-4df5-8f5d-232af5b93de9,KRAKEN-BACKTEST,KrakenBTCUSDResearchStrategy-000,BTC/USD.KRAKEN,KRAKEN-001,O-20240719-034000-BACKTEST-000-161,O-20240719-045000-BACKTEST-000-162,BUY,FLAT,0.00000000,0.03860226,1721360400000000000,2024-07-19 03:40:00+00:00,1721364600000000000,2024-07-19 04:50:00+00:00,4200000000000,64353.990000000005,64168.009999999995,['19.85 USD'],-0.00289,-27.03 USD,True
BTC/USD.KRAKEN-KrakenBTCUSDResearchStrategy-000-41de59b6-850e-4b8d-9b01-7d63f2091dbb,KRAKEN-BACKTEST,KrakenBTCUSDResearchStrategy-000,BTC/USD.KRAKEN,KRAKEN-001,O-20240719-060500-BACKTEST-000-163,O-20240719-062000-BACKTEST-000-164,BUY,FLAT,0.00000000,0.03841221,1721369100000000000,2024-07-19 06:05:00+00:00,1721370000000000000,2024-07-19 06:20:00+00:00,900000000000,64461.29,64300.42,['19.78 USD'],-0.0025,-25.96 USD,True
BTC/USD.KRAKEN-KrakenBTCUSDResearchStrategy-000-8850a132-08aa-4056-8845-d919fb6838d9,KRAKEN-BACKTEST,KrakenBTCUSDResearchStrategy-000,BTC/USD.KRAKEN,KRAKEN-001,O-20240719-124000-BACKTEST-000-165,O-20240720-002500-BACKTEST-000-166,BUY,FLAT,0.00000000,0.03841234,1721392800000000000,2024-07-19 12:40:00+00:00,1721435100000000000,2024-07-20 00:25:00+00:00,42300000000000,64258.32,66442.0,['20.08 USD'],0.03398,63.80 USD,True
BTC/USD.KRAKEN-KrakenBTCUSDResearchStrategy-000-1f626289-3577-41ea-babd-1eab9b09dc55,KRAKEN-BACKTEST,KrakenBTCUSDResearchStrategy-000,BTC/USD.KRAKEN,KRAKEN-001,O-20240720-144000-BACKTEST-000-167,O-20240720-210000-BACKTEST-000-168,BUY,FLAT,0.00000000,0.03729729,1721486400000000000,2024-07-20 14:40:00+00:00,1721509200000000000,2024-07-20 21:00:00+00:00,22800000000000,66692.59,66976.18,['19.94 USD'],0.00425,-9.36 USD,True
BTC/USD.KRAKEN-KrakenBTCUSDResearchStrategy-000-6c2b89ea-9655-42b9-9622-c0a58ea0326a,KRAKEN-BACKTEST,KrakenBTCUSDResearchStrategy-000,BTC/USD.KRAKEN,KRAKEN-001,O-20240721-014500-BACKTEST-000-169,O-20240721-032500-BACKTEST-000-170,BUY,FLAT,0.00000000,0.03687730,1721526300000000000,2024-07-21 01:45:00+00:00,1721532300000000000,2024-07-21 03:25:00+00:00,6000000000000,67376.0,67244.0,['19.86 USD'],-0.00196,-24.73 USD,True
BTC/USD.KRAKEN-KrakenBTCUSDResearchStrategy-000-1e8133e8-e879-47f7-a079-ee4d1b8481e1,KRAKEN-BACKTEST,KrakenBTCUSDResearchStrategy-000,BTC/USD.KRAKEN,KRAKEN-001,O-20240721-143500-BACKTEST-000-171,O-20240721-163000-BACKTEST-000-172,BUY,FLAT,0.00000000,0.03682735,1721572500000000000,2024-07-21 14:35:00+00:00,1721579400000000000,2024-07-21 16:30:00+00:00,6900000000000,67266.0,66973.02,['19.78 USD'],-0.00436,-30.57 USD,True
BTC/USD.KRAKEN-KrakenBTCUSDResearchStrategy-000-1dffffc9-9bbf-44d0-92cc-8bbb1643456a,KRAKEN-BACKTEST,KrakenBTCUSDResearchStrategy-000,BTC/USD.KRAKEN,KRAKEN-001,O-20240721-201500-BACKTEST-000-173,O-20240722-035000-BACKTEST-000-174,BUY,FLAT,0.00000000,0.03644073,1721592900000000000,2024-07-21 20:15:00+00:00,1721620200000000000,2024-07-22 03:50:00+00:00,27300000000000,67728.0,67857.99,['19.76 USD'],0.00192,-15.02 USD,True
BTC/USD.KRAKEN-KrakenBTCUSDResearchStrategy-000-c92b46df-210c-4b62-9b03-54aab21a7b1a,KRAKEN-BACKTEST,KrakenBTCUSDResearchStrategy-000,BTC/USD.KRAKEN,KRAKEN-001,O-20240722-125500-BACKTEST-000-175,O-20240722-134000-BACKTEST-000-176,BUY,FLAT,0.00000000,0.03639075,1721652900000000000,2024-07-22 12:55:00+00:00,1721655600000000000,2024-07-22 13:40:00+00:00,2700000000000,67697.11,67424.01,['19.66 USD'],-0.00403,-29.60 USD,True
BTC/USD.KRAKEN-KrakenBTCUSDResearchStrategy-000-e4d90a01-9d3b-41f3-a9d1-f43e1f2a517d,KRAKEN-BACKTEST,KrakenBTCUSDResearchStrategy-000,BTC/USD.KRAKEN,KRAKEN-001,O-20240722-191000-BACKTEST-000-177,O-20240722-221500-BACKTEST-000-178,BUY,FLAT,0.00000000,0.03626339,1721675400000000000,2024-07-22 19:10:00+00:00,1721686500000000000,2024-07-22 22:15:00+00:00,11100000000000,67689.99,67554.9,['19.62 USD'],-0.002,-24.52 USD,True
BTC/USD.KRAKEN-KrakenBTCUSDResearchStrategy-000-ccfb8b40-2fba-44b5-bd81-76a29e0b8df0,KRAKEN-BACKTEST,KrakenBTCUSDResearchStrategy-000,BTC/USD.KRAKEN,KRAKEN-001,O-20240724-080500-BACKTEST-000-179,O-20240724-125000-BACKTEST-000-180,BUY,FLAT,0.00000000,0.03690941,1721808300000000000,2024-07-24 08:05:00+00:00,1721825400000000000,2024-07-24 12:50:00+00:00,17100000000000,66305.93,66212.0,['19.57 USD'],-0.00142,-23.04 USD,True
BTC/USD.KRAKEN-KrakenBTCUSDResearchStrategy-000-9deb12c0-e378-4cd5-8449-e85c54179e3e,KRAKEN-BACKTEST,KrakenBTCUSDResearchStrategy-000,BTC/USD.KRAKEN,KRAKEN-001,O-20240724-143000-BACKTEST-000-181,O-20240724-150500-BACKTEST-000-182,BUY,FLAT,0.00000000,0.03642055,1721831400000000000,2024-07-24 14:30:00+00:00,1721833500000000000,2024-07-24 15:05:00+00:00,2100000000000,67006.23,66597.84,['19.46 USD'],-0.00609,-34.33 USD,True
BTC/USD.KRAKEN-KrakenBTCUSDResearchStrategy-000-f10b872e-1f3d-4b2b-9d03-687a925ace5b,KRAKEN-BACKTEST,KrakenBTCUSDResearchStrategy-000,BTC/USD.KRAKEN,KRAKEN-001,O-20240725-151000-BACKTEST-000-183,O-20240725-184500-BACKTEST-000-184,BUY,FLAT,0.00000000,0.03744960,1721920200000000000,2024-07-25 15:10:00+00:00,1721933100000000000,2024-07-25 18:45:00+00:00,12900000000000,64890.009999999995,64623.04,['19.40 USD'],-0.00411,-29.40 USD,True
BTC/USD.KRAKEN-KrakenBTCUSDResearchStrategy-000-287055a7-a4db-4a52-8981-92287d028069,KRAKEN-BACKTEST,KrakenBTCUSDResearchStrategy-000,BTC/USD.KRAKEN,KRAKEN-001,O-20240725-205500-BACKTEST-000-185,O-20240726-143000-BACKTEST-000-186,BUY,FLAT,0.00000000,0.03708057,1721940900000000000,2024-07-25 20:55:00+00:00,1722004200000000000,2024-07-26 14:30:00+00:00,63300000000000,65298.009999999995,67070.0,['19.64 USD'],0.02714,46.07 USD,True
BTC/USD.KRAKEN-KrakenBTCUSDResearchStrategy-000-9b69b1c1-6613-4e0a-8e82-4ffee78b7278,KRAKEN-BACKTEST,KrakenBTCUSDResearchStrategy-000,BTC/USD.KRAKEN,KRAKEN-001,O-20240726-192000-BACKTEST-000-187,O-20240726-204000-BACKTEST-000-188,BUY,FLAT,0.00000000,0.03589166,1722021600000000000,2024-07-26 19:20:00+00:00,1722026400000000000,2024-07-26 20:40:00+00:00,4800000000000,67846.01,67437.99,['19.42 USD'],-0.00601,-34.06 USD,True
BTC/USD.KRAKEN-KrakenBTCUSDResearchStrategy-000-82fdb156-4962-4aa8-87b3-e4328bd208aa,KRAKEN-BACKTEST,KrakenBTCUSDResearchStrategy-000,BTC/USD.KRAKEN,KRAKEN-001,O-20240727-065500-BACKTEST-000-189,O-20240727-083500-BACKTEST-000-190,BUY,FLAT,0.00000000,0.03561142,1722063300000000000,2024-07-27 06:55:00+00:00,1722069300000000000,2024-07-27 08:35:00+00:00,6000000000000,68092.89,67912.0,['19.37 USD'],-0.00266,-25.81 USD,True
BTC/USD.KRAKEN-KrakenBTCUSDResearchStrategy-000-5b038bb1-0b3a-4fcb-9254-6c55d405fe32,KRAKEN-BACKTEST,KrakenBTCUSDResearchStrategy-000,BTC/USD.KRAKEN,KRAKEN-001,O-20240727-120000-BACKTEST-000-191,O-20240727-171500-BACKTEST-000-192,BUY,FLAT,0.00000000,0.03534246,1722081600000000000,2024-07-27 12:00:00+00:00,1722100500000000000,2024-07-27 17:15:00+00:00,18900000000000,68392.01,68484.34,['19.35 USD'],0.00135,-16.09 USD,True
BTC/USD.KRAKEN-KrakenBTCUSDResearchStrategy-000-fad79f1e-e425-496b-ab60-9215febafc37,KRAKEN-BACKTEST,KrakenBTCUSDResearchStrategy-000,BTC/USD.KRAKEN,KRAKEN-001,O-20240728-114000-BACKTEST-000-193,O-20240728-120000-BACKTEST-000-194,BUY,FLAT,0.00000000,0.03551704,1722166800000000000,2024-07-28 11:40:00+00:00,1722168000000000000,2024-07-28 12:00:00+00:00,1200000000000,67920.01,67776.01,['19.28 USD'],-0.00212,-24.39 USD,True
BTC/USD.KRAKEN-KrakenBTCUSDResearchStrategy-000-6cf95c47-8d83-4fb0-a6a1-aff66222085a,KRAKEN-BACKTEST,KrakenBTCUSDResearchStrategy-000,BTC/USD.KRAKEN,KRAKEN-001,O-20240728-181500-BACKTEST-000-195,O-20240728-202500-BACKTEST-000-196,BUY,FLAT,0.00000000,0.03529564,1722190500000000000,2024-07-28 18:15:00+00:00,1722198300000000000,2024-07-28 20:25:00+00:00,7800000000000,68138.66,68004.01,['19.22 USD'],-0.00198,-23.97 USD,True
BTC/USD.KRAKEN-KrakenBTCUSDResearchStrategy-000-0696d9f8-7a8d-4505-9c5c-9ea15d248b38,KRAKEN-BACKTEST,KrakenBTCUSDResearchStrategy-000,BTC/USD.KRAKEN,KRAKEN-001,O-20240729-000500-BACKTEST-000-197,O-20240729-120500-BACKTEST-000-198,BUY,FLAT,0.00000000,0.03488796,1722211500000000000,2024-07-29 00:05:00+00:00,1722254700000000000,2024-07-29 12:05:00+00:00,43200000000000,68728.77,69440.01,['19.28 USD'],0.01035,5.53 USD,True
BTC/USD.KRAKEN-KrakenBTCUSDResearchStrategy-000-91c2e96f-d82f-4f80-a340-55e5dd9f3406,KRAKEN-BACKTEST,KrakenBTCUSDResearchStrategy-000,BTC/USD.KRAKEN,KRAKEN-001,O-20240730-074000-BACKTEST-000-199,O-20240730-080500-BACKTEST-000-200,BUY,FLAT,0.00000000,0.03581935,1722325200000000000,2024-07-30 07:40:00+00:00,1722326700000000000,2024-07-30 08:05:00+00:00,1500000000000,66987.98000000001,66855.01000000001,['19.18 USD'],-0.00198,-23.94 USD,True
BTC/USD.KRAKEN-KrakenBTCUSDResearchStrategy-000-6eefc4cf-03bb-45d3-b060-9ca9c373e8e2,KRAKEN-BACKTEST,KrakenBTCUSDResearchStrategy-000,BTC/USD.KRAKEN,KRAKEN-001,O-20240730-220000-BACKTEST-000-201,O-20240730-224500-BACKTEST-000-202,BUY,FLAT,0.00000000,0.03605764,1722376800000000000,2024-07-30 22:00:00+00:00,1722379500000000000,2024-07-30 22:45:00+00:00,2700000000000,66346.01,66128.01,['19.11 USD'],-0.00329,-26.97 USD,True
BTC/USD.KRAKEN-KrakenBTCUSDResearchStrategy-000-25b4341a-1027-430a-88ee-eb0429d4db06,KRAKEN-BACKTEST,KrakenBTCUSDResearchStrategy-000,BTC/USD.KRAKEN,KRAKEN-001,O-20240731-131500-BACKTEST-000-203,O-20240731-142500-BACKTEST-000-204,BUY,FLAT,0.00000000,0.03590747,1722431700000000000,2024-07-31 13:15:00+00:00,1722435900000000000,2024-07-31 14:25:00+00:00,4200000000000,66398.15000000001,66132.01,['19.04 USD'],-0.00401,-28.60 USD,True
BTC/USD.KRAKEN-KrakenBTCUSDResearchStrategy-000-0e273974-bec7-4376-8e24-6be666774dcf,KRAKEN-BACKTEST,KrakenBTCUSDResearchStrategy-000,BTC/USD.KRAKEN,KRAKEN-001,O-20240801-083500-BACKTEST-000-205,O-20240801-100000-BACKTEST-000-206,BUY,FLAT,0.00000000,0.03681403,1722501300000000000,2024-08-01 08:35:00+00:00,1722506400000000000,2024-08-01 10:00:00+00:00,5100000000000,64530.009999999995,64382.0,['18.98 USD'],-0.00229,-24.43 USD,True
BTC/USD.KRAKEN-KrakenBTCUSDResearchStrategy-000-2205bbb1-b504-43b6-be0b-a52e6cb3a0c9,KRAKEN-BACKTEST,KrakenBTCUSDResearchStrategy-000,BTC/USD.KRAKEN,KRAKEN-001,O-20240801-120000-BACKTEST-000-207,O-20240801-133500-BACKTEST-000-208,BUY,FLAT,0.00000000,0.03658907,1722513600000000000,2024-08-01 12:00:00+00:00,1722519300000000000,2024-08-01 13:35:00+00:00,5700000000000,64726.46000000001,64504.0,['18.91 USD'],-0.00344,-27.05 USD,True
BTC/USD.KRAKEN-KrakenBTCUSDResearchStrategy-000-3b347188-6f52-433c-a357-31d4fc0a9526,KRAKEN-BACKTEST,KrakenBTCUSDResearchStrategy-000,BTC/USD.KRAKEN,KRAKEN-001,O-20240801-205500-BACKTEST-000-209,O-20240802-021500-BACKTEST-000-210,BUY,FLAT,0.00000000,0.03644481,1722545700000000000,2024-08-01 20:55:00+00:00,1722564900000000000,2024-08-02 02:15:00+00:00,19200000000000,64760.0,64410.0,['18.83 USD'],-0.0054,-31.59 USD,True
BTC/USD.KRAKEN-KrakenBTCUSDResearchStrategy-000-1109c185-c010-494d-a2eb-f37a88262454,KRAKEN-BACKTEST,KrakenBTCUSDResearchStrategy-000,BTC/USD.KRAKEN,KRAKEN-001,O-20240802-105000-BACKTEST-000-211,O-20240802-122500-BACKTEST-000-212,BUY,FLAT,0.00000000,0.03629736,1722595800000000000,2024-08-02 10:50:00+00:00,1722601500000000000,2024-08-02 12:25:00+00:00,5700000000000,64761.98,64508.009999999995,['18.77 USD'],-0.00392,-27.99 USD,True
BTC/USD.KRAKEN-KrakenBTCUSDResearchStrategy-000-4db3b829-6259-4546-8ab9-18ac01d9e607,KRAKEN-BACKTEST,KrakenBTCUSDResearchStrategy-000,BTC/USD.KRAKEN,KRAKEN-001,O-20240802-134000-BACKTEST-000-213,O-20240802-141000-BACKTEST-000-214,BUY,FLAT,0.00000000,0.03579515,1722606000000000000,2024-08-02 13:40:00+00:00,1722607800000000000,2024-08-02 14:10:00+00:00,1800000000000,65436.009999999995,64638.0,['18.62 USD'],-0.0122,-47.18 USD,True
BTC/USD.KRAKEN-KrakenBTCUSDResearchStrategy-000-58e50152-6fb2-4494-8195-34320e364b9f,KRAKEN-BACKTEST,KrakenBTCUSDResearchStrategy-000,BTC/USD.KRAKEN,KRAKEN-001,O-20240803-112000-BACKTEST-000-215,O-20240803-151500-BACKTEST-000-216,BUY,FLAT,0.00000000,0.03759922,1722684000000000000,2024-08-03 11:20:00+00:00,1722698100000000000,2024-08-03 15:15:00+00:00,14100000000000,61919.84,61792.009999999995,['18.60 USD'],-0.00206,-23.41 USD,True
BTC/USD.KRAKEN-KrakenBTCUSDResearchStrategy-000-76bc97e5-9887-4fc7-bb46-67323c5fb93a,KRAKEN-BACKTEST,KrakenBTCUSDResearchStrategy-000,BTC/USD.KRAKEN,KRAKEN-001,O-20240804-022500-BACKTEST-000-217,O-20240804-032000-BACKTEST-000-218,BUY,FLAT,0.00000000,0.03804981,1722738300000000000,2024-08-04 02:25:00+00:00,1722741600000000000,2024-08-04 03:20:00+00:00,3300000000000,61002.0,60716.729999999996,['18.52 USD'],-0.00468,-29.37 USD,True
BTC/USD.KRAKEN-KrakenBTCUSDResearchStrategy-000-94d53a55-1dc1-41b3-b7dc-56e9c97303e0,KRAKEN-BACKTEST,KrakenBTCUSDResearchStrategy-000,BTC/USD.KRAKEN,KRAKEN-001,O-20240804-112000-BACKTEST-000-219,O-20240804-140500-BACKTEST-000-220,BUY,FLAT,0.00000000,0.03795017,1722770400000000000,2024-08-04 11:20:00+00:00,1722780300000000000,2024-08-04 14:05:00+00:00,9900000000000,60930.0,60764.0,['18.47 USD'],-0.00272,-24.77 USD,True
BTC/USD.KRAKEN-KrakenBTCUSDResearchStrategy-000-082714e9-c93c-44c3-bc2d-98406c41a9ae,KRAKEN-BACKTEST,KrakenBTCUSDResearchStrategy-000,BTC/USD.KRAKEN,KRAKEN-001,O-20240805-143500-BACKTEST-000-221,O-20240805-184000-BACKTEST-000-222,BUY,FLAT,0.00000000,0.01131004,1722868500000000000,2024-08-05 14:35:00+00:00,1722883200000000000,2024-08-05 18:40:00+00:00,14700000000000,53856.659999999996,53504.729999999996,['4.86 USD'],-0.00653,-8.84 USD,True
BTC/USD.KRAKEN-KrakenBTCUSDResearchStrategy-000-674c0a72-5a3c-4ba9-8ced-80d8385fa60c,KRAKEN-BACKTEST,KrakenBTCUSDResearchStrategy-000,BTC/USD.KRAKEN,KRAKEN-001,O-20240806-001500-BACKTEST-000-223,O-20240806-082000-BACKTEST-000-224,BUY,FLAT,0.00000000,0.03967494,1722903300000000000,2024-08-06 00:15:00+00:00,1722932400000000000,2024-08-06 08:20:00+00:00,29100000000000,55414.380000000005,55490.009999999995,['17.60 USD'],0.00136,-14.60 USD,True
BTC/USD.KRAKEN-KrakenBTCUSDResearchStrategy-000-bc47516f-dd2d-455e-9e4c-a0e7b2e5897f,KRAKEN-BACKTEST,KrakenBTCUSDResearchStrategy-000,BTC/USD.KRAKEN,KRAKEN-001,O-20240806-141500-BACKTEST-000-225,O-20240806-204500-BACKTEST-000-226,BUY,FLAT,0.00000000,0.02794529,1722953700000000000,2024-08-06 14:15:00+00:00,1722977100000000000,2024-08-06 20:45:00+00:00,23400000000000,56493.57,56292.009999999995,['12.60 USD'],-0.00357,-18.23 USD,True
BTC/USD.KRAKEN-KrakenBTCUSDResearchStrategy-000-a9b31a43-cbdb-44e9-86c4-fa99af865f55,KRAKEN-BACKTEST,KrakenBTCUSDResearchStrategy-000,BTC/USD.KRAKEN,KRAKEN-001,O-20240807-015500-BACKTEST-000-227,O-20240807-071000-BACKTEST-000-228,BUY,FLAT,0.00000000,0.03994851,1722995700000000000,2024-08-07 01:55:00+00:00,1723014600000000000,2024-08-07 07:10:00+00:00,18900000000000,56965.990000000005,56668.0,['18.16 USD'],-0.00523,-30.06 USD,True
BTC/USD.KRAKEN-KrakenBTCUSDResearchStrategy-000-834428ca-8e32-4ed2-b104-5f27e86d7828,KRAKEN-BACKTEST,KrakenBTCUSDResearchStrategy-000,BTC/USD.KRAKEN,KRAKEN-001,O-20240808-014000-BACKTEST-000-229,O-20240808-014500-BACKTEST-000-230,BUY,FLAT,0.00000000,0.03981671,1723081200000000000,2024-08-08 01:40:00+00:00,1723081500000000000,2024-08-08 01:45:00+00:00,300000000000,57346.54,56704.009999999995,['18.16 USD'],-0.0112,-43.74 USD,True
BTC/USD.KRAKEN-KrakenBTCUSDResearchStrategy-000-4e9a46b2-36fe-443c-936a-09746ba8bc7c,KRAKEN-BACKTEST,KrakenBTCUSDResearchStrategy-000,BTC/USD.KRAKEN,KRAKEN-001,O-20240808-123000-BACKTEST-000-231,O-20240808-124500-BACKTEST-000-232,BUY,FLAT,0.00000000,0.03888576,1723120200000000000,2024-08-08 12:30:00+00:00,1723121100000000000,2024-08-08 12:45:00+00:00,900000000000,58382.009999999995,57864.950000000004,['18.08 USD'],-0.00886,-38.19 USD,True
BTC/USD.KRAKEN-KrakenBTCUSDResearchStrategy-000-4f1df243-585a-4abf-a6b9-177741bfd596,KRAKEN-BACKTEST,KrakenBTCUSDResearchStrategy-000,BTC/USD.KRAKEN,KRAKEN-001,O-20240808-144500-BACKTEST-000-233,O-20240809-044500-BACKTEST-000-234,BUY,FLAT,0.00000000,0.02996679,1723128300000000000,2024-08-08 14:45:00+00:00,1723178700000000000,2024-08-09 04:45:00+00:00,50400000000000,58712.51,60898.22,['14.34 USD'],0.03723,51.16 USD,True
BTC/USD.KRAKEN-KrakenBTCUSDResearchStrategy-000-d41bafd9-819c-4796-8ef3-7c8c6fc21929,KRAKEN-BACKTEST,KrakenBTCUSDResearchStrategy-000,BTC/USD.KRAKEN,KRAKEN-001,O-20240809-201000-BACKTEST-000-235,O-20240809-210500-BACKTEST-000-236,BUY,FLAT,0.00000000,0.03739711,1723234200000000000,2024-08-09 20:10:00+00:00,1723237500000000000,2024-08-09 21:05:00+00:00,3300000000000,60809.95999999999,60124.920000000006,['18.09 USD'],-0.01127,-43.71 USD,True
BTC/USD.KRAKEN-KrakenBTCUSDResearchStrategy-000-aea9a869-8d28-447c-91ed-d439893160ab,KRAKEN-BACKTEST,KrakenBTCUSDResearchStrategy-000,BTC/USD.KRAKEN,KRAKEN-001,O-20240810-002000-BACKTEST-000-237,O-20240810-003000-BACKTEST-000-238,BUY,FLAT,0.00000000,0.03695900,1723249200000000000,2024-08-10 00:20:00+00:00,1723249800000000000,2024-08-10 00:30:00+00:00,600000000000,61176.0,60800.009999999995,['18.03 USD'],-0.00615,-31.93 USD,True
BTC/USD.KRAKEN-KrakenBTCUSDResearchStrategy-000-bec0c203-91a6-4194-a60b-e67b20705432,KRAKEN-BACKTEST,KrakenBTCUSDResearchStrategy-000,BTC/USD.KRAKEN,KRAKEN-001,O-20240810-073500-BACKTEST-000-239,O-20240810-125500-BACKTEST-000-240,BUY,FLAT,0.00000000,0.03707443,1723275300000000000,2024-08-10 07:35:00+00:00,1723294500000000000,2024-08-10 12:55:00+00:00,19200000000000,60727.229999999996,60722.81,['18.02 USD'],-7e-05,-18.18 USD,True
BTC/USD.KRAKEN-KrakenBTCUSDResearchStrategy-000-b7f80219-2577-45b1-bd3b-128df679ebfa,KRAKEN-BACKTEST,KrakenBTCUSDResearchStrategy-000,BTC/USD.KRAKEN,KRAKEN-001,O-20240810-180500-BACKTEST-000-241,O-20240810-230000-BACKTEST-000-242,BUY,FLAT,0.00000000,0.03687975,1723313100000000000,2024-08-10 18:05:00+00:00,1723330800000000000,2024-08-10 23:00:00+00:00,17700000000000,60899.83,60854.0,['17.96 USD'],-0.00075,-19.65 USD,True
BTC/USD.KRAKEN-KrakenBTCUSDResearchStrategy-000-b0f8ab6e-b20f-497b-9910-570e5d5a0dd4,KRAKEN-BACKTEST,KrakenBTCUSDResearchStrategy-000,BTC/USD.KRAKEN,KRAKEN-001,O-20240811-001000-BACKTEST-000-243,O-20240811-002500-BACKTEST-000-244,BUY,FLAT,0.00000000,0.03660324,1723335000000000000,2024-08-11 00:10:00+00:00,1723335900000000000,2024-08-11 00:25:00+00:00,900000000000,61198.840000000004,61039.990000000005,['17.90 USD'],-0.0026,-23.71 USD,True
BTC/USD.KRAKEN-KrakenBTCUSDResearchStrategy-000-910c5a51-6f8e-4306-8753-73ca71609acb,KRAKEN-BACKTEST,KrakenBTCUSDResearchStrategy-000,BTC/USD.KRAKEN,KRAKEN-001,O-20240811-032000-BACKTEST-000-245,O-20240811-034500-BACKTEST-000-246,BUY,FLAT,0.00000000,0.03640741,1723346400000000000,2024-08-11 03:20:00+00:00,1723347900000000000,2024-08-11 03:45:00+00:00,1500000000000,61332.56,61140.0,['17.83 USD'],-0.00314,-24.84 USD,True
BTC/USD.KRAKEN-KrakenBTCUSDResearchStrategy-000-9928716f-33dd-4d0e-bbe5-ee397da6c14f,KRAKEN-BACKTEST,KrakenBTCUSDResearchStrategy-000,BTC/USD.KRAKEN,KRAKEN-001,O-20240811-084500-BACKTEST-000-247,O-20240811-094000-BACKTEST-000-248,BUY,FLAT,0.00000000,0.03627678,1723365900000000000,2024-08-11 08:45:00+00:00,1723369200000000000,2024-08-11 09:40:00+00:00,3300000000000,61347.990000000005,61139.06,['17.77 USD'],-0.00341,-25.35 USD,True
BTC/USD.KRAKEN-KrakenBTCUSDResearchStrategy-000-189a119e-6d9a-4988-8f96-e7fd2013be6b,KRAKEN-BACKTEST,KrakenBTCUSDResearchStrategy-000,BTC/USD.KRAKEN,KRAKEN-001,O-20240812-110000-BACKTEST-000-249,O-20240812-134000-BACKTEST-000-250,BUY,FLAT,0.00000000,0.03752786,1723460400000000000,2024-08-12 11:00:00+00:00,1723470000000000000,2024-08-12 13:40:00+00:00,9600000000000,59100.17,58810.46000000001,['17.70 USD'],-0.0049,-28.57 USD,True
BTC/USD.KRAKEN-KrakenBTCUSDResearchStrategy-000-d541c415-d379-4817-8e51-154a7c25aa66,KRAKEN-BACKTEST,KrakenBTCUSDResearchStrategy-000,BTC/USD.KRAKEN,KRAKEN-001,O-20240813-005000-BACKTEST-000-251,O-20240813-021000-BACKTEST-000-252,BUY,FLAT,0.00000000,0.03693177,1723510200000000000,2024-08-13 00:50:00+00:00,1723515000000000000,2024-08-13 02:10:00+00:00,4800000000000,59821.990000000005,59471.990000000005,['17.63 USD'],-0.00585,-30.56 USD,True
BTC/USD.KRAKEN-KrakenBTCUSDResearchStrategy-000-f5504d2f-c9a8-4b6e-964f-c78818f3d219,KRAKEN-BACKTEST,KrakenBTCUSDResearchStrategy-000,BTC/USD.KRAKEN,KRAKEN-001,O-20240813-141000-BACKTEST-000-253,O-20240813-143000-BACKTEST-000-254,BUY,FLAT,0.00000000,0.03694033,1723558200000000000,2024-08-13 14:10:00+00:00,1723559400000000000,2024-08-13 14:30:00+00:00,1200000000000,59560.009999999995,59132.0,['17.54 USD'],-0.00719,-33.35 USD,True
BTC/USD.KRAKEN-KrakenBTCUSDResearchStrategy-000-8f01b84a-e65e-4dce-ae37-bfe34593846a,KRAKEN-BACKTEST,KrakenBTCUSDResearchStrategy-000,BTC/USD.KRAKEN,KRAKEN-001,O-20240813-161500-BACKTEST-000-255,O-20240813-233000-BACKTEST-000-256,BUY,FLAT,0.00000000,0.03654175,1723565700000000000,2024-08-13 16:15:00+00:00,1723591800000000000,2024-08-13 23:30:00+00:00,26100000000000,59935.869999999995,60475.87999999999,['17.60 USD'],0.00901,2.13 USD,True
BTC/USD.KRAKEN-KrakenBTCUSDResearchStrategy-000-e8dd6f7f-4f91-47f2-a6ae-df3a36cf8374,KRAKEN-BACKTEST,KrakenBTCUSDResearchStrategy-000,BTC/USD.KRAKEN,KRAKEN-001,O-20240814-031000-BACKTEST-000-257,O-20240814-060000-BACKTEST-000-258,BUY,FLAT,0.00000000,0.03595803,1723605000000000000,2024-08-14 03:10:00+00:00,1723615200000000000,2024-08-14 06:00:00+00:00,10200000000000,60926.59999999999,60769.89000000001,['17.50 USD'],-0.00257,-23.13 USD,True
BTC/USD.KRAKEN-KrakenBTCUSDResearchStrategy-000-8f24d58b-5e05-4f8e-af1f-64c5c9f06027,KRAKEN-BACKTEST,KrakenBTCUSDResearchStrategy-000,BTC/USD.KRAKEN,KRAKEN-001,O-20240814-100500-BACKTEST-000-259,O-20240814-125000-BACKTEST-000-260,BUY,FLAT,0.00000000,0.03576216,1723629900000000000,2024-08-14 10:05:00+00:00,1723639800000000000,2024-08-14 12:50:00+00:00,9900000000000,61066.27,61006.02,['17.47 USD'],-0.00099,-19.62 USD,True
BTC/USD.KRAKEN-KrakenBTCUSDResearchStrategy-000-baf8ac72-1afa-464e-9a2b-48df306a2ac8,KRAKEN-BACKTEST,KrakenBTCUSDResearchStrategy-000,BTC/USD.KRAKEN,KRAKEN-001,O-20240815-112500-BACKTEST-000-261,O-20240815-175500-BACKTEST-000-262,BUY,FLAT,0.00000000,0.03708052,1723721100000000000,2024-08-15 11:25:00+00:00,1723744500000000000,2024-08-15 17:55:00+00:00,23400000000000,58736.39,58875.100000000006,['17.44 USD'],0.00236,-12.30 USD,True
BTC/USD.KRAKEN-KrakenBTCUSDResearchStrategy-000-fdb82f52-6f29-458e-8c7a-40ebb3208280,KRAKEN-BACKTEST,KrakenBTCUSDResearchStrategy-000,BTC/USD.KRAKEN,KRAKEN-001,O-20240816-064500-BACKTEST-000-263,O-20240816-083000-BACKTEST-000-264,BUY,FLAT,0.00000000,0.03711796,1723790700000000000,2024-08-16 06:45:00+00:00,1723797000000000000,2024-08-16 08:30:00+00:00,6300000000000,58577.729999999996,58364.5,['17.37 USD'],-0.00364,-25.28 USD,True
BTC/USD.KRAKEN-KrakenBTCUSDResearchStrategy-000-7a485d80-c0c7-4258-9853-e7cc01e3fa40,KRAKEN-BACKTEST,KrakenBTCUSDResearchStrategy-000,BTC/USD.KRAKEN,KRAKEN-001,O-20240816-095500-BACKTEST-000-265,O-20240816-100500-BACKTEST-000-266,BUY,FLAT,0.00000000,0.03692869,1723802100000000000,2024-08-16 09:55:00+00:00,1723802700000000000,2024-08-16 10:05:00+00:00,600000000000,58672.51,58441.79,['17.30 USD'],-0.00393,-25.82 USD,True
BTC/USD.KRAKEN-KrakenBTCUSDResearchStrategy-000-bdd7427e-e384-42cf-a9b5-432e2ecff335,KRAKEN-BACKTEST,KrakenBTCUSDResearchStrategy-000,BTC/USD.KRAKEN,KRAKEN-001,O-20240816-175500-BACKTEST-000-267,O-20240816-215000-BACKTEST-000-268,BUY,FLAT,0.00000000,0.03645903,1723830900000000000,2024-08-16 17:55:00+00:00,1723845000000000000,2024-08-16 21:50:00+00:00,14100000000000,59215.85,58969.43,['17.24 USD'],-0.00416,-26.22 USD,True
BTC/USD.KRAKEN-KrakenBTCUSDResearchStrategy-000-f5520350-0219-4a11-ae00-00a417f5cffa,KRAKEN-BACKTEST,KrakenBTCUSDResearchStrategy-000,BTC/USD.KRAKEN,KRAKEN-001,O-20240817-014000-BACKTEST-000-269,O-20240817-021000-BACKTEST-000-270,BUY,FLAT,0.00000000,0.03622275,1723858800000000000,2024-08-17 01:40:00+00:00,1723860600000000000,2024-08-17 02:10:00+00:00,1800000000000,59384.97,59189.799999999996,['17.18 USD'],-0.00329,-24.25 USD,True
BTC/USD.KRAKEN-KrakenBTCUSDResearchStrategy-000-344d0779-5ca8-4941-aa76-90ce76abfa32,KRAKEN-BACKTEST,KrakenBTCUSDResearchStrategy-000,BTC/USD.KRAKEN,KRAKEN-001,O-20240817-092000-BACKTEST-000-271,O-20240817-100500-BACKTEST-000-272,BUY,FLAT,0.00000000,0.03613966,1723886400000000000,2024-08-17 09:20:00+00:00,1723889100000000000,2024-08-17 10:05:00+00:00,2700000000000,59320.19999999999,59210.99,['17.14 USD'],-0.00184,-21.09 USD,True
BTC/USD.KRAKEN-KrakenBTCUSDResearchStrategy-000-01785de9-94b9-4717-a7f3-cba4b56178eb,KRAKEN-BACKTEST,KrakenBTCUSDResearchStrategy-000,BTC/USD.KRAKEN,KRAKEN-001,O-20240817-145500-BACKTEST-000-273,O-20240817-180500-BACKTEST-000-274,BUY,FLAT,0.00000000,0.03590282,1723906500000000000,2024-08-17 14:55:00+00:00,1723917900000000000,2024-08-17 18:05:00+00:00,11400000000000,59535.369999999995,59383.78999999999,['17.08 USD'],-0.00255,-22.52 USD,True
BTC/USD.KRAKEN-KrakenBTCUSDResearchStrategy-000-dbc9aca0-f03c-4af9-8669-8a58ebd9be88,KRAKEN-BACKTEST,KrakenBTCUSDResearchStrategy-000,BTC/USD.KRAKEN,KRAKEN-001,O-20240818-002500-BACKTEST-000-275,O-20240818-015500-BACKTEST-000-276,BUY,FLAT,0.00000000,0.03577836,1723940700000000000,2024-08-18 00:25:00+00:00,1723946100000000000,2024-08-18 01:55:00+00:00,5400000000000,59553.65,59435.95,['17.03 USD'],-0.00198,-21.24 USD,True
BTC/USD.KRAKEN-KrakenBTCUSDResearchStrategy-000-d2f2a2c0-7977-4c6e-b045-6e7560d53eff,KRAKEN-BACKTEST,KrakenBTCUSDResearchStrategy-000,BTC/USD.KRAKEN,KRAKEN-001,O-20240818-090500-BACKTEST-000-277,O-20240818-135500-BACKTEST-000-278,BUY,FLAT,0.00000000,0.03553241,1723971900000000000,2024-08-18 09:05:00+00:00,1723989300000000000,2024-08-18 13:55:00+00:00,17400000000000,59786.530000000006,59828.0,['17.00 USD'],0.00069,-15.53 USD,True
BTC/USD.KRAKEN-KrakenBTCUSDResearchStrategy-000-7136e361-925f-4374-8fa9-1760f2018e10,KRAKEN-BACKTEST,KrakenBTCUSDResearchStrategy-000,BTC/USD.KRAKEN,KRAKEN-001,O-20240819-133000-BACKTEST-000-279,O-20240819-133500-BACKTEST-000-280,BUY,FLAT,0.00000000,0.03596016,1724074200000000000,2024-08-19 13:30:00+00:00,1724074500000000000,2024-08-19 13:35:00+00:00,300000000000,58945.81,58605.85999999999,['16.91 USD'],-0.00577,-29.13 USD,True
BTC/USD.KRAKEN-KrakenBTCUSDResearchStrategy-000-c3d9485a-740e-45aa-b598-30ac77233da7,KRAKEN-BACKTEST,KrakenBTCUSDResearchStrategy-000,BTC/USD.KRAKEN,KRAKEN-001,O-20240819-173000-BACKTEST-000-281,O-20240819-180500-BACKTEST-000-282,BUY,FLAT,0.00000000,0.03562243,1724088600000000000,2024-08-19 17:30:00+00:00,1724090700000000000,2024-08-19 18:05:00+00:00,2100000000000,59259.340000000004,58856.0,['16.83 USD'],-0.00681,-31.20 USD,True
BTC/USD.KRAKEN-KrakenBTCUSDResearchStrategy-000-362f5b50-f73a-468e-b61d-19efed60d821,KRAKEN-BACKTEST,KrakenBTCUSDResearchStrategy-000,BTC/USD.KRAKEN,KRAKEN-001,O-20240819-232500-BACKTEST-000-283,O-20240820-110500-BACKTEST-000-284,BUY,FLAT,0.00000000,0.03541241,1724109900000000000,2024-08-19 23:25:00+00:00,1724151900000000000,2024-08-20 11:05:00+00:00,42000000000000,59346.48,60659.31,['17.00 USD'],0.02212,29.49 USD,True
BTC/USD.KRAKEN-KrakenBTCUSDResearchStrategy-000-5445c4df-a26d-4fa1-bcd2-555caa35cf57,KRAKEN-BACKTEST,KrakenBTCUSDResearchStrategy-000,BTC/USD.KRAKEN,KRAKEN-001,O-20240821-061500-BACKTEST-000-285,O-20240821-081500-BACKTEST-000-286,BUY,FLAT,0.00000000,0.03542489,1724220900000000000,2024-08-21 06:15:00+00:00,1724228100000000000,2024-08-21 08:15:00+00:00,7200000000000,59575.31,59386.0,['16.85 USD'],-0.00318,-23.56 USD,True
BTC/USD.KRAKEN-KrakenBTCUSDResearchStrategy-000-b6d54804-6dbf-40f4-ad2f-71bdee71e39f,KRAKEN-BACKTEST,KrakenBTCUSDResearchStrategy-000,BTC/USD.KRAKEN,KRAKEN-001,O-20240821-182000-BACKTEST-000-287,O-20240822-005500-BACKTEST-000-288,BUY,FLAT,0.00000000,0.03488472,1724264400000000000,2024-08-21 18:20:00+00:00,1724288100000000000,2024-08-22 00:55:00+00:00,23700000000000,60295.19,60818.15,['16.90 USD'],0.00867,1.34 USD,True
BTC/USD.KRAKEN-KrakenBTCUSDResearchStrategy-000-695e35d6-b1da-4b60-8f2c-99147bdd5eca,KRAKEN-BACKTEST,KrakenBTCUSDResearchStrategy-000,BTC/USD.KRAKEN,KRAKEN-001,O-20240822-075500-BACKTEST-000-289,O-20240822-123000-BACKTEST-000-290,BUY,FLAT,0.00000000,0.03449711,1724313300000000000,2024-08-22 07:55:00+00:00,1724329800000000000,2024-08-22 12:30:00+00:00,16500000000000,60984.310000000005,60893.990000000005,['16.82 USD'],-0.00148,-19.94 USD,True
BTC/USD.KRAKEN-KrakenBTCUSDResearchStrategy-000-05401b3e-4f7a-45c3-a24a-1be441cadb8d,KRAKEN-BACKTEST,KrakenBTCUSDResearchStrategy-000,BTC/USD.KRAKEN,KRAKEN-001,O-20240823-003500-BACKTEST-000-291,O-20240823-005000-BACKTEST-000-292,BUY,FLAT,0.00000000,0.03444465,1724373300000000000,2024-08-23 00:35:00+00:00,1724374200000000000,2024-08-23 00:50:00+00:00,900000000000,60903.619999999995,60728.630000000005,['16.76 USD'],-0.00287,-22.79 USD,True
BTC/USD.KRAKEN-KrakenBTCUSDResearchStrategy-000-09bd5fb8-743a-430d-8149-fca0d37e83b5,KRAKEN-BACKTEST,KrakenBTCUSDResearchStrategy-000,BTC/USD.KRAKEN,KRAKEN-001,O-20240823-052000-BACKTEST-000-293,O-20240823-053500-BACKTEST-000-294,BUY,FLAT,0.00000000,0.03428044,1724390400000000000,2024-08-23 05:20:00+00:00,1724391300000000000,2024-08-23 05:35:00+00:00,900000000000,60996.0,60843.06999999999,['16.70 USD'],-0.00251,-21.94 USD,True
BTC/USD.KRAKEN-KrakenBTCUSDResearchStrategy-000-f760f246-52d7-453b-bcd6-4b899686d145,KRAKEN-BACKTEST,KrakenBTCUSDResearchStrategy-000,BTC/USD.KRAKEN,KRAKEN-001,O-20240823-064500-BACKTEST-000-295,O-20240823-074500-BACKTEST-000-296,BUY,FLAT,0.00000000,0.03406642,1724395500000000000,2024-08-23 06:45:00+00:00,1724399100000000000,2024-08-23 07:45:00+00:00,3600000000000,61186.0,61024.49,['16.66 USD'],-0.00264,-22.16 USD,True
BTC/USD.KRAKEN-KrakenBTCUSDResearchStrategy-000-095aec32-0b1e-4f3a-91ee-61ae18e629c8,KRAKEN-BACKTEST,KrakenBTCUSDResearchStrategy-000,BTC/USD.KRAKEN,KRAKEN-001,O-20240823-140000-BACKTEST-000-297,O-20240823-144500-BACKTEST-000-298,BUY,FLAT,0.00000000,0.03372181,1724421600000000000,2024-08-23 14:00:00+00:00,1724424300000000000,2024-08-23 14:45:00+00:00,2700000000000,61614.119999999995,60809.01,['16.51 USD'],-0.01307,-43.66 USD,True
BTC/USD.KRAKEN-KrakenBTCUSDResearchStrategy-000-161ed247-bdf6-4886-aada-695d7ce86db6,KRAKEN-BACKTEST,KrakenBTCUSDResearchStrategy-000,BTC/USD.KRAKEN,KRAKEN-001,O-20240823-174500-BACKTEST-000-299,O-20240824-112500-BACKTEST-000-300,BUY,FLAT,0.00000000,0.03287757,1724435100000000000,2024-08-23 17:45:00+00:00,1724498700000000000,2024-08-24 11:25:00+00:00,63600000000000,62797.880000000005,64090.81,['16.69 USD'],0.02059,25.82 USD,True
BTC/USD.KRAKEN-KrakenBTCUSDResearchStrategy-000-79c09e7a-10b8-48be-b16b-4b3ea8119a6e,KRAKEN-BACKTEST,KrakenBTCUSDResearchStrategy-000,BTC/USD.KRAKEN,KRAKEN-001,O-20240825-143500-BACKTEST-000-301,O-20240825-153000-BACKTEST-000-302,BUY,FLAT,0.00000000,0.03225617,1724596500000000000,2024-08-25 14:35:00+00:00,1724599800000000000,2024-08-25 15:30:00+00:00,3300000000000,64247.80000000001,64094.009999999995,['16.56 USD'],-0.00239,-21.52 USD,True
BTC/USD.KRAKEN-KrakenBTCUSDResearchStrategy-000-12938744-dce7-448a-9e75-28477e8feb85,KRAKEN-BACKTEST,KrakenBTCUSDResearchStrategy-000,BTC/USD.KRAKEN,KRAKEN-001,O-20240825-210500-BACKTEST-000-303,O-20240825-234500-BACKTEST-000-304,BUY,FLAT,0.00000000,0.03210760,1724619900000000000,2024-08-25 21:05:00+00:00,1724629500000000000,2024-08-25 23:45:00+00:00,9600000000000,64344.0,64249.990000000005,['16.51 USD'],-0.00146,-19.53 USD,True
BTC/USD.KRAKEN-KrakenBTCUSDResearchStrategy-000-7d33c724-371d-4db9-996f-24ae609d6962,KRAKEN-BACKTEST,KrakenBTCUSDResearchStrategy-000,BTC/USD.KRAKEN,KRAKEN-001,O-20240829-051500-BACKTEST-000-305,O-20240829-164500-BACKTEST-000-306,BUY,FLAT,0.00000000,0.03471935,1724908500000000000,2024-08-29 05:15:00+00:00,1724949900000000000,2024-08-29 16:45:00+00:00,41400000000000,59335.00000000001,60258.009999999995,['16.61 USD'],0.01556,15.44 USD,True
BTC/USD.KRAKEN-KrakenBTCUSDResearchStrategy-000-c62b04e6-a1a8-455a-8c68-35afef4b03dd,KRAKEN-BACKTEST,KrakenBTCUSDResearchStrategy-000,BTC/USD.KRAKEN,KRAKEN-001,O-20240830-072500-BACKTEST-000-307,O-20240830-075000-BACKTEST-000-308,BUY,FLAT,0.00000000,0.03466189,1725002700000000000,2024-08-30 07:25:00+00:00,1725004200000000000,2024-08-30 07:50:00+00:00,1500000000000,59566.99,59276.0,['16.48 USD'],-0.00489,-26.57 USD,True
BTC/USD.KRAKEN-KrakenBTCUSDResearchStrategy-000-0d116a9e-f1c3-4dd7-9ad2-4a026e02aa7e,KRAKEN-BACKTEST,KrakenBTCUSDResearchStrategy-000,BTC/USD.KRAKEN,KRAKEN-001,O-20240830-095000-BACKTEST-000-309,O-20240830-103500-BACKTEST-000-310,BUY,FLAT,0.00000000,0.03447142,1725011400000000000,2024-08-30 09:50:00+00:00,1725014100000000000,2024-08-30 10:35:00+00:00,2700000000000,59664.99,59470.0,['16.43 USD'],-0.00327,-23.15 USD,True
BTC/USD.KRAKEN-KrakenBTCUSDResearchStrategy-000-18169b05-cd72-43f8-9a21-b8c13db8e3b4,KRAKEN-BACKTEST,KrakenBTCUSDResearchStrategy-000,BTC/USD.KRAKEN,KRAKEN-001,O-20240831-002000-BACKTEST-000-311,O-20240831-021500-BACKTEST-000-312,BUY,FLAT,0.00000000,0.03455948,1725063600000000000,2024-08-31 00:20:00+00:00,1725070500000000000,2024-08-31 02:15:00+00:00,6900000000000,59312.0,59178.99,['16.38 USD'],-0.00224,-20.98 USD,True
BTC/USD.KRAKEN-KrakenBTCUSDResearchStrategy-000-9e539e40-39af-4b5d-b384-1cd2bbbd68ff,KRAKEN-BACKTEST,KrakenBTCUSDResearchStrategy-000,BTC/USD.KRAKEN,KRAKEN-001,O-20240831-124000-BACKTEST-000-313,O-20240831-135000-BACKTEST-000-314,BUY,FLAT,0.00000000,0.03451627,1725108000000000000,2024-08-31 12:40:00+00:00,1725112200000000000,2024-08-31 13:50:00+00:00,4200000000000,59203.990000000005,59052.009999999995,['16.32 USD'],-0.00257,-21.57 USD,True
BTC/USD.KRAKEN-KrakenBTCUSDResearchStrategy-000-ec9b376a-5ac1-4753-8583-2a52b6982982,KRAKEN-BACKTEST,KrakenBTCUSDResearchStrategy-000,BTC/USD.KRAKEN,KRAKEN-001,O-20240901-182500-BACKTEST-000-315,O-20240901-211000-BACKTEST-000-316,BUY,FLAT,0.00000000,0.03480167,1725215100000000000,2024-09-01 18:25:00+00:00,1725225000000000000,2024-09-01 21:10:00+00:00,9900000000000,58532.61,58305.009999999995,['16.27 USD'],-0.00389,-24.19 USD,True
BTC/USD.KRAKEN-KrakenBTCUSDResearchStrategy-000-76bac3e5-8be3-4819-8fed-2bfd36474aea,KRAKEN-BACKTEST,KrakenBTCUSDResearchStrategy-000,BTC/USD.KRAKEN,KRAKEN-001,O-20240902-082500-BACKTEST-000-317,O-20240902-133500-BACKTEST-000-318,BUY,FLAT,0.00000000,0.03489920,1725265500000000000,2024-09-02 08:25:00+00:00,1725284100000000000,2024-09-02 13:35:00+00:00,18600000000000,58161.09,58154.74,['16.24 USD'],-0.00011,-16.46 USD,True
BTC/USD.KRAKEN-KrakenBTCUSDResearchStrategy-000-ca8428ec-5a56-471b-bea6-ad95f9b7dc16,KRAKEN-BACKTEST,KrakenBTCUSDResearchStrategy-000,BTC/USD.KRAKEN,KRAKEN-001,O-20240902-205000-BACKTEST-000-319,O-20240903-035000-BACKTEST-000-320,BUY,FLAT,0.00000000,0.03426291,1725310200000000000,2024-09-02 20:50:00+00:00,1725335400000000000,2024-09-03 03:50:00+00:00,25200000000000,59096.99,59112.009999999995,['16.20 USD'],0.00025,-15.69 USD,True
BTC/USD.KRAKEN-KrakenBTCUSDResearchStrategy-000-bd06bbaf-a481-490e-aab6-16cfbb9c27ec,KRAKEN-BACKTEST,KrakenBTCUSDResearchStrategy-000,BTC/USD.KRAKEN,KRAKEN-001,O-20240903-122000-BACKTEST-000-321,O-20240903-133000-BACKTEST-000-322,BUY,FLAT,0.00000000,0.03409849,1725366000000000000,2024-09-03 12:20:00+00:00,1725370200000000000,2024-09-03 13:30:00+00:00,4200000000000,59244.0,58861.990000000005,['16.11 USD'],-0.00645,-29.14 USD,True
BTC/USD.KRAKEN-KrakenBTCUSDResearchStrategy-000-1258c4ae-7ee2-4789-9a3c-4c31f7d7c81d,KRAKEN-BACKTEST,KrakenBTCUSDResearchStrategy-000,BTC/USD.KRAKEN,KRAKEN-001,O-20240904-145000-BACKTEST-000-323,O-20240905-020500-BACKTEST-000-324,BUY,FLAT,0.00000000,0.03503368,1725461400000000000,2024-09-04 14:50:00+00:00,1725501900000000000,2024-09-05 02:05:00+00:00,40500000000000,57413.0,57865.0,['16.16 USD'],0.00787,-0.32 USD,True
BTC/USD.KRAKEN-KrakenBTCUSDResearchStrategy-000-60e2d8c5-903e-4997-87cf-a406c4a51dac,KRAKEN-BACKTEST,KrakenBTCUSDResearchStrategy-000,BTC/USD.KRAKEN,KRAKEN-001,O-20240906-020500-BACKTEST-000-325,O-20240906-035000-BACKTEST-000-326,BUY,FLAT,0.00000000,0.03540379,1725588300000000000,2024-09-06 02:05:00+00:00,1725594600000000000,2024-09-06 03:50:00+00:00,6300000000000,56810.009999999995,56572.0,['16.06 USD'],-0.00419,-24.49 USD,True
BTC/USD.KRAKEN-KrakenBTCUSDResearchStrategy-000-9376c926-84de-41ab-a09c-3305f8b13ae4,KRAKEN-BACKTEST,KrakenBTCUSDResearchStrategy-000,BTC/USD.KRAKEN,KRAKEN-001,O-20240906-125500-BACKTEST-000-327,O-20240906-133500-BACKTEST-000-328,BUY,FLAT,0.00000000,0.03523478,1725627300000000000,2024-09-06 12:55:00+00:00,1725629700000000000,2024-09-06 13:35:00+00:00,2400000000000,56873.990000000005,56272.12,['15.95 USD'],-0.01058,-37.16 USD,True
BTC/USD.KRAKEN-KrakenBTCUSDResearchStrategy-000-e0510aad-1c9e-4a2b-ba06-2db617d2ccb3,KRAKEN-BACKTEST,KrakenBTCUSDResearchStrategy-000,BTC/USD.KRAKEN,KRAKEN-001,O-20240907-050500-BACKTEST-000-329,O-20240907-051500-BACKTEST-000-330,BUY,FLAT,0.00000000,0.03668464,1725685500000000000,2024-09-07 05:05:00+00:00,1725686100000000000,2024-09-07 05:15:00+00:00,600000000000,54322.4,54174.729999999996,['15.92 USD'],-0.00272,-21.34 USD,True
BTC/USD.KRAKEN-KrakenBTCUSDResearchStrategy-000-fca271a8-e310-43de-a977-fda6bee2c513,KRAKEN-BACKTEST,KrakenBTCUSDResearchStrategy-000,BTC/USD.KRAKEN,KRAKEN-001,O-20240907-123000-BACKTEST-000-331,O-20240907-165500-BACKTEST-000-332,BUY,FLAT,0.00000000,0.03643509,1725712200000000000,2024-09-07 12:30:00+00:00,1725728100000000000,2024-09-07 16:55:00+00:00,15900000000000,54518.76,54465.97,['15.89 USD'],-0.00097,-17.81 USD,True
BTC/USD.KRAKEN-KrakenBTCUSDResearchStrategy-000-a3ec4a23-99c4-4b08-8a92-433dcda2938e,KRAKEN-BACKTEST,KrakenBTCUSDResearchStrategy-000,BTC/USD.KRAKEN,KRAKEN-001,O-20240908-021000-BACKTEST-000-333,O-20240908-033000-BACKTEST-000-334,BUY,FLAT,0.00000000,0.03643644,1725761400000000000,2024-09-08 02:10:00+00:00,1725766200000000000,2024-09-08 03:30:00+00:00,4800000000000,54370.009999999995,54267.0,['15.83 USD'],-0.00189,-19.58 USD,True
BTC/USD.KRAKEN-KrakenBTCUSDResearchStrategy-000-2158ecbb-5641-4340-953c-48b5a18da39a,KRAKEN-BACKTEST,KrakenBTCUSDResearchStrategy-000,BTC/USD.KRAKEN,KRAKEN-001,O-20240908-045000-BACKTEST-000-335,O-20240908-054500-BACKTEST-000-336,BUY,FLAT,0.00000000,0.03621318,1725771000000000000,2024-09-08 04:50:00+00:00,1725774300000000000,2024-09-08 05:45:00+00:00,3300000000000,54543.0,54403.66,['15.78 USD'],-0.00255,-20.83 USD,True
BTC/USD.KRAKEN-KrakenBTCUSDResearchStrategy-000-c007069e-6253-41cf-9466-3181e2963a2b,KRAKEN-BACKTEST,KrakenBTCUSDResearchStrategy-000,BTC/USD.KRAKEN,KRAKEN-001,O-20240908-091000-BACKTEST-000-337,O-20240908-091500-BACKTEST-000-338,BUY,FLAT,0.00000000,0.03603212,1725786600000000000,2024-09-08 09:10:00+00:00,1725786900000000000,2024-09-08 09:15:00+00:00,300000000000,54643.66,54486.0,['15.73 USD'],-0.00289,-21.41 USD,True
BTC/USD.KRAKEN-KrakenBTCUSDResearchStrategy-000-0e0c7c67-8f04-457c-93ce-38fb8a86b6af,KRAKEN-BACKTEST,KrakenBTCUSDResearchStrategy-000,BTC/USD.KRAKEN,KRAKEN-001,O-20240908-210500-BACKTEST-000-339,O-20240908-212000-BACKTEST-000-340,BUY,FLAT,0.00000000,0.03593576,1725829500000000000,2024-09-08 21:05:00+00:00,1725830400000000000,2024-09-08 21:20:00+00:00,900000000000,54611.45,54440.0,['15.68 USD'],-0.00314,-21.84 USD,True
BTC/USD.KRAKEN-KrakenBTCUSDResearchStrategy-000-5d1f5d41-c453-4922-891b-c4d26c6e9cbf,KRAKEN-BACKTEST,KrakenBTCUSDResearchStrategy-000,BTC/USD.KRAKEN,KRAKEN-001,O-20240908-221500-BACKTEST-000-341,O-20240908-225500-BACKTEST-000-342,BUY,FLAT,0.00000000,0.03560418,1725833700000000000,2024-09-08 22:15:00+00:00,1725836100000000000,2024-09-08 22:55:00+00:00,2400000000000,54936.009999999995,54530.0,['15.59 USD'],-0.00739,-30.05 USD,True
BTC/USD.KRAKEN-KrakenBTCUSDResearchStrategy-000-9eb197ba-4401-41d4-9d59-239d260f2e7e,KRAKEN-BACKTEST,KrakenBTCUSDResearchStrategy-000,BTC/USD.KRAKEN,KRAKEN-001,O-20240909-082000-BACKTEST-000-343,O-20240909-122000-BACKTEST-000-344,BUY,FLAT,0.00000000,0.03527065,1725870000000000000,2024-09-09 08:20:00+00:00,1725884400000000000,2024-09-09 12:20:00+00:00,14400000000000,55199.990000000005,55110.77,['15.57 USD'],-0.00162,-18.72 USD,True
BTC/USD.KRAKEN-KrakenBTCUSDResearchStrategy-000-6081da0e-4cb1-4c58-ac59-9651acecbb2f,KRAKEN-BACKTEST,KrakenBTCUSDResearchStrategy-000,BTC/USD.KRAKEN,KRAKEN-001,O-20240909-135000-BACKTEST-000-345,O-20240909-141500-BACKTEST-000-346,BUY,FLAT,0.00000000,0.03488703,1725889800000000000,2024-09-09 13:50:00+00:00,1725891300000000000,2024-09-09 14:15:00+00:00,1500000000000,55646.0,55302.0,['15.49 USD'],-0.00618,-27.49 USD,True
BTC/USD.KRAKEN-KrakenBTCUSDResearchStrategy-000-ae7fe950-fdf6-442f-8fc2-6dfba03f22bc,KRAKEN-BACKTEST,KrakenBTCUSDResearchStrategy-000,BTC/USD.KRAKEN,KRAKEN-001,O-20240909-161000-BACKTEST-000-347,O-20240910-001000-BACKTEST-000-348,BUY,FLAT,0.00000000,0.03456793,1725898200000000000,2024-09-09 16:10:00+00:00,1725927000000000000,2024-09-10 00:10:00+00:00,28800000000000,55921.100000000006,56738.0,['15.58 USD'],0.01461,12.66 USD,True
BTC/USD.KRAKEN-KrakenBTCUSDResearchStrategy-000-a792bd6a-e612-45af-a4ef-9bf13980d02e,KRAKEN-BACKTEST,KrakenBTCUSDResearchStrategy-000,BTC/USD.KRAKEN,KRAKEN-001,O-20240910-072000-BACKTEST-000-349,O-20240910-130500-BACKTEST-000-350,BUY,FLAT,0.00000000,0.03391571,1725952800000000000,2024-09-10 07:20:00+00:00,1725973500000000000,2024-09-10 13:05:00+00:00,20700000000000,57108.49,56921.35,['15.47 USD'],-0.00328,-21.82 USD,True
BTC/USD.KRAKEN-KrakenBTCUSDResearchStrategy-000-84b8ed41-e8db-41b3-a46e-587e72a5727f,KRAKEN-BACKTEST,KrakenBTCUSDResearchStrategy-000,BTC/USD.KRAKEN,KRAKEN-001,O-20240910-181000-BACKTEST-000-351,O-20240911-002000-BACKTEST-000-352,BUY,FLAT,0.00000000,0.03362298,1725991800000000000,2024-09-10 18:10:00+00:00,1726014000000000000,2024-09-11 00:20:00+00:00,22200000000000,57411.09,57493.5,['15.45 USD'],0.00144,-12.68 USD,True
BTC/USD.KRAKEN-KrakenBTCUSDResearchStrategy-000-2abf025e-172c-4379-a4c7-3614953365f3,KRAKEN-BACKTEST,KrakenBTCUSDResearchStrategy-000,BTC/USD.KRAKEN,KRAKEN-001,O-20240911-121500-BACKTEST-000-353,O-20240911-123000-BACKTEST-000-354,BUY,FLAT,0.00000000,0.03386051,1726056900000000000,2024-09-11 12:15:00+00:00,1726057800000000000,2024-09-11 12:30:00+00:00,900000000000,56896.009999999995,56600.0,['15.38 USD'],-0.0052,-25.40 USD,True
BTC/USD.KRAKEN-KrakenBTCUSDResearchStrategy-000-b3f3c444-f0bf-44a6-8909-e52b4d51334a,KRAKEN-BACKTEST,KrakenBTCUSDResearchStrategy-000,BTC/USD.KRAKEN,KRAKEN-001,O-20240911-165000-BACKTEST-000-355,O-20240911-222000-BACKTEST-000-356,BUY,FLAT,0.00000000,0.03344894,1726073400000000000,2024-09-11 16:50:00+00:00,1726093200000000000,2024-09-11 22:20:00+00:00,19800000000000,57368.18,57249.590000000004,['15.34 USD'],-0.00207,-19.31 USD,True
BTC/USD.KRAKEN-KrakenBTCUSDResearchStrategy-000-1190bc2d-adb1-432c-b637-c494ff4fc13b,KRAKEN-BACKTEST,KrakenBTCUSDResearchStrategy-000,BTC/USD.KRAKEN,KRAKEN-001,O-20240912-003500-BACKTEST-000-357,O-20240912-005000-BACKTEST-000-358,BUY,FLAT,0.00000000,0.03308514,1726101300000000000,2024-09-12 00:35:00+00:00,1726102200000000000,2024-09-12 00:50:00+00:00,900000000000,57823.990000000005,57620.0,['15.28 USD'],-0.00353,-22.03 USD,True
BTC/USD.KRAKEN-KrakenBTCUSDResearchStrategy-000-6d89f745-aff0-4670-a87d-94b6fb6ae127,KRAKEN-BACKTEST,KrakenBTCUSDResearchStrategy-000,BTC/USD.KRAKEN,KRAKEN-001,O-20240912-015500-BACKTEST-000-359,O-20240912-055000-BACKTEST-000-360,BUY,FLAT,0.00000000,0.03279296,1726106100000000000,2024-09-12 01:55:00+00:00,1726120200000000000,2024-09-12 05:50:00+00:00,14100000000000,58137.740000000005,57948.18,['15.23 USD'],-0.00326,-21.45 USD,True
BTC/USD.KRAKEN-KrakenBTCUSDResearchStrategy-000-67816c1f-e96d-4007-b0b3-3f6e5781fcef,KRAKEN-BACKTEST,KrakenBTCUSDResearchStrategy-000,BTC/USD.KRAKEN,KRAKEN-001,O-20240913-102000-BACKTEST-000-361,O-20240913-115000-BACKTEST-000-362,BUY,FLAT,0.00000000,0.03266335,1726222800000000000,2024-09-13 10:20:00+00:00,1726228200000000000,2024-09-13 11:50:00+00:00,5400000000000,58171.420000000006,57994.0,['15.18 USD'],-0.00305,-20.98 USD,True
BTC/USD.KRAKEN-KrakenBTCUSDResearchStrategy-000-12dd895e-5c3d-4221-a001-1b9dc16475c4,KRAKEN-BACKTEST,KrakenBTCUSDResearchStrategy-000,BTC/USD.KRAKEN,KRAKEN-001,O-20240913-145500-BACKTEST-000-363,O-20240914-045000-BACKTEST-000-364,BUY,FLAT,0.00000000,0.03239623,1726239300000000000,2024-09-13 14:55:00+00:00,1726289400000000000,2024-09-14 04:50:00+00:00,50100000000000,58456.89,60212.0,['15.38 USD'],0.03002,41.48 USD,True
BTC/USD.KRAKEN-KrakenBTCUSDResearchStrategy-000-55dffa3f-d6cf-4031-a542-cceab520226a,KRAKEN-BACKTEST,KrakenBTCUSDResearchStrategy-000,BTC/USD.KRAKEN,KRAKEN-001,O-20240915-011500-BACKTEST-000-365,O-20240915-034500-BACKTEST-000-366,BUY,FLAT,0.00000000,0.03165905,1726362900000000000,2024-09-15 01:15:00+00:00,1726371900000000000,2024-09-15 03:45:00+00:00,9000000000000,60211.11,60140.0,['15.24 USD'],-0.00118,-17.49 USD,True
BTC/USD.KRAKEN-KrakenBTCUSDResearchStrategy-000-34674275-bf2c-4fb3-ba71-015efe608677,KRAKEN-BACKTEST,KrakenBTCUSDResearchStrategy-000,BTC/USD.KRAKEN,KRAKEN-001,O-20240915-132000-BACKTEST-000-367,O-20240915-134500-BACKTEST-000-368,BUY,FLAT,0.00000000,0.03154362,1726406400000000000,2024-09-15 13:20:00+00:00,1726407900000000000,2024-09-15 13:45:00+00:00,1500000000000,60265.11,60142.119999999995,['15.19 USD'],-0.00204,-19.07 USD,True
BTC/USD.KRAKEN-KrakenBTCUSDResearchStrategy-000-a71a03c7-df50-4c01-be9c-d66df56b7755,KRAKEN-BACKTEST,KrakenBTCUSDResearchStrategy-000,BTC/USD.KRAKEN,KRAKEN-001,O-20240915-150000-BACKTEST-000-369,O-20240915-160500-BACKTEST-000-370,BUY,FLAT,0.00000000,0.03138859,1726412400000000000,2024-09-15 15:00:00+00:00,1726416300000000000,2024-09-15 16:05:00+00:00,3900000000000,60380.5,60220.009999999995,['15.14 USD'],-0.00266,-20.18 USD,True
BTC/USD.KRAKEN-KrakenBTCUSDResearchStrategy-000-3d1a6c58-40f2-464a-bf45-172681cb945f,KRAKEN-BACKTEST,KrakenBTCUSDResearchStrategy-000,BTC/USD.KRAKEN,KRAKEN-001,O-20240916-082000-BACKTEST-000-371,O-20240916-085500-BACKTEST-000-372,BUY,FLAT,0.00000000,0.03196675,1726474800000000000,2024-09-16 08:20:00+00:00,1726476900000000000,2024-09-16 08:55:00+00:00,2100000000000,59099.06,58924.979999999996,['15.09 USD'],-0.00295,-20.65 USD,True
BTC/USD.KRAKEN-KrakenBTCUSDResearchStrategy-000-30578089-ca77-4a45-9195-6086a19b726a,KRAKEN-BACKTEST,KrakenBTCUSDResearchStrategy-000,BTC/USD.KRAKEN,KRAKEN-001,O-20240916-233000-BACKTEST-000-373,O-20240917-003500-BACKTEST-000-374,BUY,FLAT,0.00000000,0.03230768,1726529400000000000,2024-09-16 23:30:00+00:00,1726533300000000000,2024-09-17 00:35:00+00:00,3900000000000,58283.65,58112.009999999995,['15.04 USD'],-0.00294,-20.59 USD,True
BTC/USD.KRAKEN-KrakenBTCUSDResearchStrategy-000-9cf82e35-b819-4471-a37b-8d6d9ae4e4d8,KRAKEN-BACKTEST,KrakenBTCUSDResearchStrategy-000,BTC/USD.KRAKEN,KRAKEN-001,O-20240917-052500-BACKTEST-000-375,O-20240917-194000-BACKTEST-000-376,BUY,FLAT,0.00000000,0.03215628,1726550700000000000,2024-09-17 05:25:00+00:00,1726602000000000000,2024-09-17 19:40:00+00:00,51300000000000,58365.98,60132.56,['15.24 USD'],0.03027,41.57 USD,True
BTC/USD.KRAKEN-KrakenBTCUSDResearchStrategy-000-f421268f-78d8-469f-bb56-094e41b2759a,KRAKEN-BACKTEST,KrakenBTCUSDResearchStrategy-000,BTC/USD.KRAKEN,KRAKEN-001,O-20240918-030000-BACKTEST-000-377,O-20240918-044500-BACKTEST-000-378,BUY,FLAT,0.00000000,0.03116411,1726628400000000000,2024-09-18 03:00:00+00:00,1726634700000000000,2024-09-18 04:45:00+00:00,6300000000000,60624.34,60399.48,['15.09 USD'],-0.00371,-22.10 USD,True
BTC/USD.KRAKEN-KrakenBTCUSDResearchStrategy-000-8aacfad0-b2c0-421a-b20c-3203e4f43fda,KRAKEN-BACKTEST,KrakenBTCUSDResearchStrategy-000,BTC/USD.KRAKEN,KRAKEN-001,O-20240918-180000-BACKTEST-000-379,O-20240918-200000-BACKTEST-000-380,BUY,FLAT,0.00000000,0.03122284,1726682400000000000,2024-09-18 18:00:00+00:00,1726689600000000000,2024-09-18 20:00:00+00:00,7200000000000,60298.060000000005,59903.219999999994,['15.01 USD'],-0.00655,-27.34 USD,True
BTC/USD.KRAKEN-KrakenBTCUSDResearchStrategy-000-720855e8-3504-4b27-a60b-f605c3367e75,KRAKEN-BACKTEST,KrakenBTCUSDResearchStrategy-000,BTC/USD.KRAKEN,KRAKEN-001,O-20240918-232000-BACKTEST-000-381,O-20240919-200000-BACKTEST-000-382,BUY,FLAT,0.00000000,0.03069337,1726701600000000000,2024-09-18 23:20:00+00:00,1726776000000000000,2024-09-19 20:00:00+00:00,74400000000000,61071.00000000001,63136.46000000001,['15.25 USD'],0.03382,48.15 USD,True
BTC/USD.KRAKEN-KrakenBTCUSDResearchStrategy-000-b9dda17c-940b-4e29-ae11-5ea9814ba59d,KRAKEN-BACKTEST,KrakenBTCUSDResearchStrategy-000,BTC/USD.KRAKEN,KRAKEN-001,O-20240920-034000-BACKTEST-000-383,O-20240920-072500-BACKTEST-000-384,BUY,FLAT,0.00000000,0.02980724,1726803600000000000,2024-09-20 03:40:00+00:00,1726817100000000000,2024-09-20 07:25:00+00:00,13500000000000,63371.18,63451.45,['15.13 USD'],0.00127,-12.74 USD,True
BTC/USD.KRAKEN-KrakenBTCUSDResearchStrategy-000-52285cca-e84d-4540-9c78-176bd45ae58f,KRAKEN-BACKTEST,KrakenBTCUSDResearchStrategy-000,BTC/USD.KRAKEN,KRAKEN-001,O-20240921-074500-BACKTEST-000-385,O-20240921-083000-BACKTEST-000-386,BUY,FLAT,0.00000000,0.02987321,1726904700000000000,2024-09-21 07:45:00+00:00,1726907400000000000,2024-09-21 08:30:00+00:00,2700000000000,63103.29,63010.630000000005,['15.07 USD'],-0.00147,-17.84 USD,True
BTC/USD.KRAKEN-KrakenBTCUSDResearchStrategy-000-6a1ba3e4-ae8a-421b-a2fb-059626b1868a,KRAKEN-BACKTEST,KrakenBTCUSDResearchStrategy-000,BTC/USD.KRAKEN,KRAKEN-001,O-20240921-125500-BACKTEST-000-387,O-20240921-130500-BACKTEST-000-388,BUY,FLAT,0.00000000,0.02976543,1726923300000000000,2024-09-21 12:55:00+00:00,1726923900000000000,2024-09-21 13:05:00+00:00,600000000000,63151.98,63070.0,['15.03 USD'],-0.0013,-17.47 USD,True
BTC/USD.KRAKEN-KrakenBTCUSDResearchStrategy-000-712a949b-9bd0-402c-8a2f-f4f179c2260d,KRAKEN-BACKTEST,KrakenBTCUSDResearchStrategy-000,BTC/USD.KRAKEN,KRAKEN-001,O-20240921-143500-BACKTEST-000-389,O-20240921-150500-BACKTEST-000-390,BUY,FLAT,0.00000000,0.02963422,1726929300000000000,2024-09-21 14:35:00+00:00,1726931100000000000,2024-09-21 15:05:00+00:00,1800000000000,63254.729999999996,63166.0,['14.99 USD'],-0.0014,-17.62 USD,True
BTC/USD.KRAKEN-KrakenBTCUSDResearchStrategy-000-1ae48ad3-996a-4e61-8c96-d167a53d6d6a,KRAKEN-BACKTEST,KrakenBTCUSDResearchStrategy-000,BTC/USD.KRAKEN,KRAKEN-001,O-20240921-171000-BACKTEST-000-391,O-20240921-192000-BACKTEST-000-392,BUY,FLAT,0.00000000,0.02951931,1726938600000000000,2024-09-21 17:10:00+00:00,1726946400000000000,2024-09-21 19:20:00+00:00,7800000000000,63322.0,63194.009999999995,['14.94 USD'],-0.00202,-18.72 USD,True
BTC/USD.KRAKEN-KrakenBTCUSDResearchStrategy-000-c687299b-9800-4c48-9bf3-4e0cd9e44b9e,KRAKEN-BACKTEST,KrakenBTCUSDResearchStrategy-000,BTC/USD.KRAKEN,KRAKEN-001,O-20240921-234000-BACKTEST-000-393,O-20240922-002000-BACKTEST-000-394,BUY,FLAT,0.00000000,0.02941390,1726962000000000000,2024-09-21 23:40:00+00:00,1726964400000000000,2024-09-22 00:20:00+00:00,2400000000000,63357.990000000005,63179.9,['14.88 USD'],-0.00281,-20.12 USD,True
BTC/USD.KRAKEN-KrakenBTCUSDResearchStrategy-000-258f8957-469d-454f-94b7-ca257f363cfa,KRAKEN-BACKTEST,KrakenBTCUSDResearchStrategy-000,BTC/USD.KRAKEN,KRAKEN-001,O-20240922-173500-BACKTEST-000-395,O-20240922-181500-BACKTEST-000-396,BUY,FLAT,0.00000000,0.02947169,1727026500000000000,2024-09-22 17:35:00+00:00,1727028900000000000,2024-09-22 18:15:00+00:00,2400000000000,63028.950000000004,62885.560000000005,['14.84 USD'],-0.00227,-19.07 USD,True
BTC/USD.KRAKEN-KrakenBTCUSDResearchStrategy-000-1a74ff85-1140-48a6-bbf8-14acc16d32b3,KRAKEN-BACKTEST,KrakenBTCUSDResearchStrategy-000,BTC/USD.KRAKEN,KRAKEN-001,O-20240922-195500-BACKTEST-000-397,O-20240922-215500-BACKTEST-000-398,BUY,FLAT,0.00000000,0.02931996,1727034900000000000,2024-09-22 19:55:00+00:00,1727042100000000000,2024-09-22 21:55:00+00:00,7200000000000,63160.0,62779.990000000005,['14.77 USD'],-0.00602,-25.91 USD,True
BTC/USD.KRAKEN-KrakenBTCUSDResearchStrategy-000-a0b348f7-74b5-4af8-b8ae-ef18b9b1a8ee,KRAKEN-BACKTEST,KrakenBTCUSDResearchStrategy-000,BTC/USD.KRAKEN,KRAKEN-001,O-20240923-030500-BACKTEST-000-399,O-20240923-043000-BACKTEST-000-400,BUY,FLAT,0.00000000,0.02873288,1727060700000000000,2024-09-23 03:05:00+00:00,1727065800000000000,2024-09-23 04:30:00+00:00,5100000000000,64179.990000000005,63818.86,['14.71 USD'],-0.00563,-25.09 USD,True
BTC/USD.KRAKEN-KrakenBTCUSDResearchStrategy-000-e5fbfee0-504b-4a00-b510-03bcd12ad872,KRAKEN-BACKTEST,KrakenBTCUSDResearchStrategy-000,BTC/USD.KRAKEN,KRAKEN-001,O-20240924-061000-BACKTEST-000-401,O-20240924-110000-BACKTEST-000-402,BUY,FLAT,0.00000000,0.02901461,1727158200000000000,2024-09-24 06:10:00+00:00,1727175600000000000,2024-09-24 11:00:00+00:00,17400000000000,63297.38,63436.729999999996,['14.71 USD'],0.0022,-10.67 USD,True
BTC/USD.KRAKEN-KrakenBTCUSDResearchStrategy-000-ac9bc128-0e34-45ad-ba3c-c03451553c3d,KRAKEN-BACKTEST,KrakenBTCUSDResearchStrategy-000,BTC/USD.KRAKEN,KRAKEN-001,O-20240924-173500-BACKTEST-000-403,O-20240925-005000-BACKTEST-000-404,BUY,FLAT,0.00000000,0.02873248,1727199300000000000,2024-09-24 17:35:00+00:00,1727225400000000000,2024-09-25 00:50:00+00:00,26100000000000,63807.5,64016.57,['14.69 USD'],0.00328,-8.68 USD,True
BTC/USD.KRAKEN-KrakenBTCUSDResearchStrategy-000-794279df-9b81-44aa-bf9b-f0cbdafc39f7,KRAKEN-BACKTEST,KrakenBTCUSDResearchStrategy-000,BTC/USD.KRAKEN,KRAKEN-001,O-20240926-034500-BACKTEST-000-405,O-20240926-043000-BACKTEST-000-406,BUY,FLAT,0.00000000,0.02881724,1727322300000000000,2024-09-26 03:45:00+00:00,1727325000000000000,2024-09-26 04:30:00+00:00,2700000000000,63529.36,63383.32000000001,['14.63 USD'],-0.0023,-18.84 USD,True
BTC/USD.KRAKEN-KrakenBTCUSDResearchStrategy-000-8d750524-544d-45b1-bb9f-ad85cb016c4e,KRAKEN-BACKTEST,KrakenBTCUSDResearchStrategy-000,BTC/USD.KRAKEN,KRAKEN-001,O-20240926-053000-BACKTEST-000-407,O-20240926-195000-BACKTEST-000-408,BUY,FLAT,0.00000000,0.02869224,1727328600000000000,2024-09-26 05:30:00+00:00,1727380200000000000,2024-09-26 19:50:00+00:00,51600000000000,63609.13,64884.009999999995,['14.75 USD'],0.02004,21.83 USD,True
BTC/USD.KRAKEN-KrakenBTCUSDResearchStrategy-000-63b62f37-213d-4fa1-b9be-59e5133feb6b,KRAKEN-BACKTEST,KrakenBTCUSDResearchStrategy-000,BTC/USD.KRAKEN,KRAKEN-001,O-20240927-010500-BACKTEST-000-409,O-20240927-014000-BACKTEST-000-410,BUY,FLAT,0.00000000,0.02804872,1727399100000000000,2024-09-27 01:05:00+00:00,1727401200000000000,2024-09-27 01:40:00+00:00,2100000000000,65302.0,65072.0,['14.63 USD'],-0.00352,-21.08 USD,True
BTC/USD.KRAKEN-KrakenBTCUSDResearchStrategy-000-4e97d226-f55e-41f1-b397-fea5ba1e67e6,KRAKEN-BACKTEST,KrakenBTCUSDResearchStrategy-000,BTC/USD.KRAKEN,KRAKEN-001,O-20240927-035000-BACKTEST-000-411,O-20240927-052000-BACKTEST-000-412,BUY,FLAT,0.00000000,0.02791014,1727409000000000000,2024-09-27 03:50:00+00:00,1727414400000000000,2024-09-27 05:20:00+00:00,5400000000000,65399.66,65248.33,['14.58 USD'],-0.00231,-18.80 USD,True
BTC/USD.KRAKEN-KrakenBTCUSDResearchStrategy-000-f7bd014f-c97e-4bb6-b22a-4f53c949d67a,KRAKEN-BACKTEST,KrakenBTCUSDResearchStrategy-000,BTC/USD.KRAKEN,KRAKEN-001,O-20240927-082000-BACKTEST-000-413,O-20240927-112000-BACKTEST-000-414,BUY,FLAT,0.00000000,0.02770092,1727425200000000000,2024-09-27 08:20:00+00:00,1727436000000000000,2024-09-27 11:20:00+00:00,10800000000000,65690.0,65503.98,['14.54 USD'],-0.00283,-19.69 USD,True
BTC/USD.KRAKEN-KrakenBTCUSDResearchStrategy-000-e735b3eb-ccc4-41ca-9b08-a7eaa80b7d8b,KRAKEN-BACKTEST,KrakenBTCUSDResearchStrategy-000,BTC/USD.KRAKEN,KRAKEN-001,O-20240927-140500-BACKTEST-000-415,O-20240927-172000-BACKTEST-000-416,BUY,FLAT,0.00000000,0.02749798,1727445900000000000,2024-09-27 14:05:00+00:00,1727457600000000000,2024-09-27 17:20:00+00:00,11700000000000,65960.0,65856.0,['14.50 USD'],-0.00158,-17.36 USD,True
BTC/USD.KRAKEN-KrakenBTCUSDResearchStrategy-000-b75be55f-c4fb-49b1-a7fc-42a1ccb689fd,KRAKEN-BACKTEST,KrakenBTCUSDResearchStrategy-000,BTC/USD.KRAKEN,KRAKEN-001,O-20240928-015500-BACKTEST-000-417,O-20240928-052500-BACKTEST-000-418,BUY,FLAT,0.00000000,0.02740490,1727488500000000000,2024-09-28 01:55:00+00:00,1727501100000000000,2024-09-28 05:25:00+00:00,12600000000000,65994.0,65924.54000000001,['14.46 USD'],-0.00105,-16.36 USD,True
BTC/USD.KRAKEN-KrakenBTCUSDResearchStrategy-000-a18a7342-0a58-4d9e-ac85-3d3b9221d42b,KRAKEN-BACKTEST,KrakenBTCUSDResearchStrategy-000,BTC/USD.KRAKEN,KRAKEN-001,O-20240928-235000-BACKTEST-000-419,O-20240929-003000-BACKTEST-000-420,BUY,FLAT,0.00000000,0.02735955,1727567400000000000,2024-09-28 23:50:00+00:00,1727569800000000000,2024-09-29 00:30:00+00:00,2400000000000,65923.99,65788.39,['14.41 USD'],-0.00206,-18.12 USD,True
BTC/USD.KRAKEN-KrakenBTCUSDResearchStrategy-000-9e495c52-f851-4797-ab13-88aca9aa0494,KRAKEN-BACKTEST,KrakenBTCUSDResearchStrategy-000,BTC/USD.KRAKEN,KRAKEN-001,O-20240929-120000-BACKTEST-000-421,O-20240929-122000-BACKTEST-000-422,BUY,FLAT,0.00000000,0.02735260,1727611200000000000,2024-09-29 12:00:00+00:00,1727612400000000000,2024-09-29 12:20:00+00:00,1200000000000,65742.0,65674.76,['14.38 USD'],-0.00102,-16.22 USD,True
BTC/USD.KRAKEN-KrakenBTCUSDResearchStrategy-000-180640f1-eccb-4dd4-b93d-9adfacbce201,KRAKEN-BACKTEST,KrakenBTCUSDResearchStrategy-000,BTC/USD.KRAKEN,KRAKEN-001,O-20240929-131000-BACKTEST-000-423,O-20240929-145000-BACKTEST-000-424,BUY,FLAT,0.00000000,0.02727130,1727615400000000000,2024-09-29 13:10:00+00:00,1727621400000000000,2024-09-29 14:50:00+00:00,6000000000000,65759.68,65666.86,['14.33 USD'],-0.00141,-16.86 USD,True
BTC/USD.KRAKEN-KrakenBTCUSDResearchStrategy-000-2f8762c4-05e7-45e6-8fc4-08fd5380a2d4,KRAKEN-BACKTEST,KrakenBTCUSDResearchStrategy-000,BTC/USD.KRAKEN,KRAKEN-001,O-20240929-170000-BACKTEST-000-425,O-20240929-181500-BACKTEST-000-426,BUY,FLAT,0.00000000,0.02715376,1727629200000000000,2024-09-29 17:00:00+00:00,1727633700000000000,2024-09-29 18:15:00+00:00,4500000000000,65858.04000000001,65766.0,['14.29 USD'],-0.0014,-16.79 USD,True
BTC/USD.KRAKEN-KrakenBTCUSDResearchStrategy-000-3337ec9e-345d-4714-9c72-9a31c299b317,KRAKEN-BACKTEST,KrakenBTCUSDResearchStrategy-000,BTC/USD.KRAKEN,KRAKEN-001,O-20240929-200000-BACKTEST-000-427,O-20240929-200500-BACKTEST-000-428,BUY,FLAT,0.00000000,0.02699526,1727640000000000000,2024-09-29 20:00:00+00:00,1727640300000000000,2024-09-29 20:05:00+00:00,300000000000,66058.13,65947.99,['14.25 USD'],-0.00167,-17.22 USD,True
BTC/USD.KRAKEN-KrakenBTCUSDResearchStrategy-000-787393df-ff26-47e9-ae01-0307861eef33,KRAKEN-BACKTEST,KrakenBTCUSDResearchStrategy-000,BTC/USD.KRAKEN,KRAKEN-001,O-20241001-040000-BACKTEST-000-429,O-20241001-100500-BACKTEST-000-430,BUY,FLAT,0.00000000,0.02788824,1727755200000000000,2024-10-01 04:00:00+00:00,1727777100000000000,2024-10-01 10:05:00+00:00,21900000000000,63757.61,63795.990000000005,['14.23 USD'],0.0006,-13.16 USD,True
BTC/USD.KRAKEN-KrakenBTCUSDResearchStrategy-000-9c517a87-6ed6-44c5-acec-dd2c2f3f5a9e,KRAKEN-BACKTEST,KrakenBTCUSDResearchStrategy-000,BTC/USD.KRAKEN,KRAKEN-001,O-20241002-023500-BACKTEST-000-431,O-20241002-043500-BACKTEST-000-432,BUY,FLAT,0.00000000,0.02877635,1727836500000000000,2024-10-02 02:35:00+00:00,1727843700000000000,2024-10-02 04:35:00+00:00,7200000000000,61652.700000000004,61496.0,['14.18 USD'],-0.00254,-18.69 USD,True
BTC/USD.KRAKEN-KrakenBTCUSDResearchStrategy-000-4f0abed0-b970-4ef9-a6ef-568475bf66a9,KRAKEN-BACKTEST,KrakenBTCUSDResearchStrategy-000,BTC/USD.KRAKEN,KRAKEN-001,O-20241002-073500-BACKTEST-000-433,O-20241002-080500-BACKTEST-000-434,BUY,FLAT,0.00000000,0.02857358,1727854500000000000,2024-10-02 07:35:00+00:00,1727856300000000000,2024-10-02 08:05:00+00:00,1800000000000,61893.990000000005,61613.61,['14.11 USD'],-0.00453,-22.12 USD,True
BTC/USD.KRAKEN-KrakenBTCUSDResearchStrategy-000-664040a9-02c8-4d69-a109-6f7d8fff8710,KRAKEN-BACKTEST,KrakenBTCUSDResearchStrategy-000,BTC/USD.KRAKEN,KRAKEN-001,O-20241002-152000-BACKTEST-000-435,O-20241002-173000-BACKTEST-000-436,BUY,FLAT,0.00000000,0.02676865,1727882400000000000,2024-10-02 15:20:00+00:00,1727890200000000000,2024-10-02 17:30:00+00:00,7800000000000,61720.48,61286.009999999995,['13.17 USD'],-0.00704,-24.80 USD,True
BTC/USD.KRAKEN-KrakenBTCUSDResearchStrategy-000-5f56edb0-4cf0-48a3-b793-2567c4e884e1,KRAKEN-BACKTEST,KrakenBTCUSDResearchStrategy-000,BTC/USD.KRAKEN,KRAKEN-001,O-20241003-012500-BACKTEST-000-437,O-20241003-053500-BACKTEST-000-438,BUY,FLAT,0.00000000,0.02868288,1727918700000000000,2024-10-03 01:25:00+00:00,1727933700000000000,2024-10-03 05:35:00+00:00,15000000000000,61167.38,61109.9,['14.03 USD'],-0.00094,-15.68 USD,True
BTC/USD.KRAKEN-KrakenBTCUSDResearchStrategy-000-96cd568c-96ca-43c9-a9a3-61ff72588911,KRAKEN-BACKTEST,KrakenBTCUSDResearchStrategy-000,BTC/USD.KRAKEN,KRAKEN-001,O-20241003-193000-BACKTEST-000-439,O-20241003-210000-BACKTEST-000-440,BUY,FLAT,0.00000000,0.02872931,1727983800000000000,2024-10-03 19:30:00+00:00,1727989200000000000,2024-10-03 21:00:00+00:00,5400000000000,60904.79,60638.380000000005,['13.97 USD'],-0.00437,-21.62 USD,True
BTC/USD.KRAKEN-KrakenBTCUSDResearchStrategy-000-d7528728-7d38-4563-b14b-3bc5f1ca0f74,KRAKEN-BACKTEST,KrakenBTCUSDResearchStrategy-000,BTC/USD.KRAKEN,KRAKEN-001,O-20241004-062000-BACKTEST-000-441,O-20241004-064000-BACKTEST-000-442,BUY,FLAT,0.00000000,0.02843550,1728022800000000000,2024-10-04 06:20:00+00:00,1728024000000000000,2024-10-04 06:40:00+00:00,1200000000000,61306.0,61157.990000000005,['13.93 USD'],-0.00241,-18.14 USD,True
BTC/USD.KRAKEN-KrakenBTCUSDResearchStrategy-000-307d6d7b-9210-4a2b-9027-5a801e3a7d01,KRAKEN-BACKTEST,KrakenBTCUSDResearchStrategy-000,BTC/USD.KRAKEN,KRAKEN-001,O-20241004-074000-BACKTEST-000-443,O-20241004-140000-BACKTEST-000-444,BUY,FLAT,0.00000000,0.02829913,1728027600000000000,2024-10-04 07:40:00+00:00,1728050400000000000,2024-10-04 14:00:00+00:00,22800000000000,61409.11,61387.990000000005,['13.90 USD'],-0.00034,-14.50 USD,True
BTC/USD.KRAKEN-KrakenBTCUSDResearchStrategy-000-e24f33f0-1285-4adc-acac-28449148f8a5,KRAKEN-BACKTEST,KrakenBTCUSDResearchStrategy-000,BTC/USD.KRAKEN,KRAKEN-001,O-20241004-163000-BACKTEST-000-445,O-20241004-180000-BACKTEST-000-446,BUY,FLAT,0.00000000,0.02785599,1728059400000000000,2024-10-04 16:30:00+00:00,1728064800000000000,2024-10-04 18:00:00+00:00,5400000000000,62229.990000000005,61934.68000000001,['13.83 USD'],-0.00475,-22.06 USD,True
BTC/USD.KRAKEN-KrakenBTCUSDResearchStrategy-000-dbea5b05-1b3a-47ac-995e-473287b62e14,KRAKEN-BACKTEST,KrakenBTCUSDResearchStrategy-000,BTC/USD.KRAKEN,KRAKEN-001,O-20241005-063500-BACKTEST-000-447,O-20241005-074000-BACKTEST-000-448,BUY,FLAT,0.00000000,0.02775686,1728110100000000000,2024-10-05 06:35:00+00:00,1728114000000000000,2024-10-05 07:40:00+00:00,3900000000000,62213.78999999999,62121.98,['13.81 USD'],-0.00148,-16.36 USD,True
BTC/USD.KRAKEN-KrakenBTCUSDResearchStrategy-000-71581738-07e4-41b7-8cc8-de1bf166302e,KRAKEN-BACKTEST,KrakenBTCUSDResearchStrategy-000,BTC/USD.KRAKEN,KRAKEN-001,O-20241005-093500-BACKTEST-000-449,O-20241005-110000-BACKTEST-000-450,BUY,FLAT,0.00000000,0.02764855,1728120900000000000,2024-10-05 09:35:00+00:00,1728126000000000000,2024-10-05 11:00:00+00:00,5100000000000,62280.009999999995,62205.990000000005,['13.77 USD'],-0.00119,-15.82 USD,True
BTC/USD.KRAKEN-KrakenBTCUSDResearchStrategy-000-0ed3b136-1513-4c9c-8ddf-07c4f0e09985,KRAKEN-BACKTEST,KrakenBTCUSDResearchStrategy-000,BTC/USD.KRAKEN,KRAKEN-001,O-20241005-131000-BACKTEST-000-451,O-20241005-132000-BACKTEST-000-452,BUY,FLAT,0.00000000,0.02754585,1728133800000000000,2024-10-05 13:10:00+00:00,1728134400000000000,2024-10-05 13:20:00+00:00,600000000000,62340.009999999995,62281.990000000005,['13.73 USD'],-0.00093,-15.33 USD,True
BTC/USD.KRAKEN-KrakenBTCUSDResearchStrategy-000-8894c443-0d32-4d1c-b9d5-cbdc176dcfcf,KRAKEN-BACKTEST,KrakenBTCUSDResearchStrategy-000,BTC/USD.KRAKEN,KRAKEN-001,O-20241006-012500-BACKTEST-000-453,O-20241006-014500-BACKTEST-000-454,BUY,FLAT,0.00000000,0.02757115,1728177900000000000,2024-10-06 01:25:00+00:00,1728179100000000000,2024-10-06 01:45:00+00:00,1200000000000,62116.009999999995,62028.5,['13.69 USD'],-0.00141,-16.10 USD,True
BTC/USD.KRAKEN-KrakenBTCUSDResearchStrategy-000-1734a33b-6659-4a6a-a7d7-da1f2479085a,KRAKEN-BACKTEST,KrakenBTCUSDResearchStrategy-000,BTC/USD.KRAKEN,KRAKEN-001,O-20241006-082000-BACKTEST-000-455,O-20241006-211000-BACKTEST-000-456,BUY,FLAT,0.00000000,0.02753418,1728202800000000000,2024-10-06 08:20:00+00:00,1728249000000000000,2024-10-06 21:10:00+00:00,46200000000000,62023.990000000005,62565.21,['13.72 USD'],0.00873,1.18 USD,True
BTC/USD.KRAKEN-KrakenBTCUSDResearchStrategy-000-55823510-9c97-4f95-8827-13b3c47c091a,KRAKEN-BACKTEST,KrakenBTCUSDResearchStrategy-000,BTC/USD.KRAKEN,KRAKEN-001,O-20241007-003500-BACKTEST-000-457,O-20241007-090000-BACKTEST-000-458,BUY,FLAT,0.00000000,0.02702149,1728261300000000000,2024-10-07 00:35:00+00:00,1728291600000000000,2024-10-07 09:00:00+00:00,30300000000000,63213.89000000001,63458.009999999995,['13.69 USD'],0.00386,-7.09 USD,True
BTC/USD.KRAKEN-KrakenBTCUSDResearchStrategy-000-de0a9ea2-0372-4bde-9461-05c3697857df,KRAKEN-BACKTEST,KrakenBTCUSDResearchStrategy-000,BTC/USD.KRAKEN,KRAKEN-001,O-20241007-141000-BACKTEST-000-459,O-20241007-161000-BACKTEST-000-460,BUY,FLAT,0.00000000,0.02669397,1728310200000000000,2024-10-07 14:10:00+00:00,1728317400000000000,2024-10-07 16:10:00+00:00,7200000000000,63909.810000000005,63552.0,['13.61 USD'],-0.0056,-23.16 USD,True
BTC/USD.KRAKEN-KrakenBTCUSDResearchStrategy-000-c70f338e-2448-4a7f-838e-a5c2e42c7ce7,KRAKEN-BACKTEST,KrakenBTCUSDResearchStrategy-000,BTC/USD.KRAKEN,KRAKEN-001,O-20241008-114000-BACKTEST-000-461,O-20241008-124000-BACKTEST-000-462,BUY,FLAT,0.00000000,0.02714151,1728387600000000000,2024-10-08 11:40:00+00:00,1728391200000000000,2024-10-08 12:40:00+00:00,3600000000000,62600.0,62460.0,['13.58 USD'],-0.00224,-17.38 USD,True
BTC/USD.KRAKEN-KrakenBTCUSDResearchStrategy-000-2e1724f0-f965-4f8e-a744-5bda7d0d16bb,KRAKEN-BACKTEST,KrakenBTCUSDResearchStrategy-000,BTC/USD.KRAKEN,KRAKEN-001,O-20241008-133000-BACKTEST-000-463,O-20241008-141500-BACKTEST-000-464,BUY,FLAT,0.00000000,0.02699006,1728394200000000000,2024-10-08 13:30:00+00:00,1728396900000000000,2024-10-08 14:15:00+00:00,2700000000000,62758.09,62571.9,['13.54 USD'],-0.00297,-18.57 USD,True
BTC/USD.KRAKEN-KrakenBTCUSDResearchStrategy-000-db493f0e-0f40-4f54-8b0a-645a4850c9a0,KRAKEN-BACKTEST,KrakenBTCUSDResearchStrategy-000,BTC/USD.KRAKEN,KRAKEN-001,O-20241009-054000-BACKTEST-000-465,O-20241009-070000-BACKTEST-000-466,BUY,FLAT,0.00000000,0.02701048,1728452400000000000,2024-10-09 05:40:00+00:00,1728457200000000000,2024-10-09 07:00:00+00:00,4800000000000,62504.5,62336.69,['13.48 USD'],-0.00268,-18.01 USD,True
BTC/USD.KRAKEN-KrakenBTCUSDResearchStrategy-000-ec3a4d9e-eb66-43b6-8e50-409990e9078b,KRAKEN-BACKTEST,KrakenBTCUSDResearchStrategy-000,BTC/USD.KRAKEN,KRAKEN-001,O-20241010-063000-BACKTEST-000-467,O-20241010-073500-BACKTEST-000-468,BUY,FLAT,0.00000000,0.02754289,1728541800000000000,2024-10-10 06:30:00+00:00,1728545700000000000,2024-10-10 07:35:00+00:00,3900000000000,61100.009999999995,60970.09,['13.45 USD'],-0.00213,-17.03 USD,True
BTC/USD.KRAKEN-KrakenBTCUSDResearchStrategy-000-818e7a39-1205-4fb9-8e3c-e85c7e49a34e,KRAKEN-BACKTEST,KrakenBTCUSDResearchStrategy-000,BTC/USD.KRAKEN,KRAKEN-001,O-20241010-103500-BACKTEST-000-469,O-20241010-123000-BACKTEST-000-470,BUY,FLAT,0.00000000,0.02742515,1728556500000000000,2024-10-10 10:35:00+00:00,1728563400000000000,2024-10-10 12:30:00+00:00,6900000000000,61176.02,60982.0,['13.40 USD'],-0.00317,-18.72 USD,True
BTC/USD.KRAKEN-KrakenBTCUSDResearchStrategy-000-f7e28057-f74d-4cd2-a40f-5f4718634d4e,KRAKEN-BACKTEST,KrakenBTCUSDResearchStrategy-000,BTC/USD.KRAKEN,KRAKEN-001,O-20241010-231000-BACKTEST-000-471,O-20241011-010500-BACKTEST-000-472,BUY,FLAT,0.00000000,0.02774609,1728601800000000000,2024-10-10 23:10:00+00:00,1728608700000000000,2024-10-11 01:05:00+00:00,6900000000000,60266.0,60131.45,['13.36 USD'],-0.00223,-17.09 USD,True
BTC/USD.KRAKEN-KrakenBTCUSDResearchStrategy-000-830c20c7-0c83-4e1e-9722-00d7a108e123,KRAKEN-BACKTEST,KrakenBTCUSDResearchStrategy-000,BTC/USD.KRAKEN,KRAKEN-001,O-20241011-063000-BACKTEST-000-473,O-20241011-075000-BACKTEST-000-474,BUY,FLAT,0.00000000,0.02742433,1728628200000000000,2024-10-11 06:30:00+00:00,1728633000000000000,2024-10-11 07:50:00+00:00,4800000000000,60786.02,60666.0,['13.32 USD'],-0.00197,-16.61 USD,True
BTC/USD.KRAKEN-KrakenBTCUSDResearchStrategy-000-d975e161-0c71-4a42-b3c9-9d956eb4aae6,KRAKEN-BACKTEST,KrakenBTCUSDResearchStrategy-000,BTC/USD.KRAKEN,KRAKEN-001,O-20241011-095000-BACKTEST-000-475,O-20241011-222000-BACKTEST-000-476,BUY,FLAT,0.00000000,0.02721248,1728640200000000000,2024-10-11 09:50:00+00:00,1728685200000000000,2024-10-11 22:20:00+00:00,45000000000000,61076.0,62529.98,['13.46 USD'],0.02381,26.11 USD,True
BTC/USD.KRAKEN-KrakenBTCUSDResearchStrategy-000-50760977-8323-46d3-ad07-0dbb1a397503,KRAKEN-BACKTEST,KrakenBTCUSDResearchStrategy-000,BTC/USD.KRAKEN,KRAKEN-001,O-20241012-095500-BACKTEST-000-477,O-20241012-182000-BACKTEST-000-478,BUY,FLAT,0.00000000,0.02657184,1728726900000000000,2024-10-12 09:55:00+00:00,1728757200000000000,2024-10-12 18:20:00+00:00,30300000000000,62843.32000000001,63007.32000000001,['13.38 USD'],0.00261,-9.02 USD,True
BTC/USD.KRAKEN-KrakenBTCUSDResearchStrategy-000-b09381be-9b00-452c-b7cd-a0b944aef767,KRAKEN-BACKTEST,KrakenBTCUSDResearchStrategy-000,BTC/USD.KRAKEN,KRAKEN-001,O-20241012-225000-BACKTEST-000-479,O-20241012-233500-BACKTEST-000-480,BUY,FLAT,0.00000000,0.02633612,1728773400000000000,2024-10-12 22:50:00+00:00,1728776100000000000,2024-10-12 23:35:00+00:00,2700000000000,63303.04,63191.719999999994,['13.33 USD'],-0.00176,-16.26 USD,True
BTC/USD.KRAKEN-KrakenBTCUSDResearchStrategy-000-af95eab8-53e4-427a-b637-f975a0cdce84,KRAKEN-BACKTEST,KrakenBTCUSDResearchStrategy-000,BTC/USD.KRAKEN,KRAKEN-001,O-20241013-213000-BACKTEST-000-481,O-20241013-230500-BACKTEST-000-482,BUY,FLAT,0.00000000,0.02640880,1728855000000000000,2024-10-13 21:30:00+00:00,1728860700000000000,2024-10-13 23:05:00+00:00,5700000000000,62944.0,62698.0,['13.27 USD'],-0.00391,-19.77 USD,True
BTC/USD.KRAKEN-KrakenBTCUSDResearchStrategy-000-5d444289-d3f3-48ec-9bf3-e78aa8c1521d,KRAKEN-BACKTEST,KrakenBTCUSDResearchStrategy-000,BTC/USD.KRAKEN,KRAKEN-001,O-20241014-032500-BACKTEST-000-483,O-20241015-011500-BACKTEST-000-484,BUY,FLAT,0.00000000,0.02615419,1728876300000000000,2024-10-14 03:25:00+00:00,1728954900000000000,2024-10-15 01:15:00+00:00,78600000000000,63330.0,65878.37000000001,['13.52 USD'],0.04024,53.13 USD,True
BTC/USD.KRAKEN-KrakenBTCUSDResearchStrategy-000-a5848149-9c62-460f-8677-237e406e7d3e,KRAKEN-BACKTEST,KrakenBTCUSDResearchStrategy-000,BTC/USD.KRAKEN,KRAKEN-001,O-20241015-132000-BACKTEST-000-485,O-20241015-143500-BACKTEST-000-486,BUY,FLAT,0.00000000,0.02534689,1728998400000000000,2024-10-15 13:20:00+00:00,1729002900000000000,2024-10-15 14:35:00+00:00,4500000000000,65976.0,65891.07999999999,['13.37 USD'],-0.00129,-15.52 USD,True
BTC/USD.KRAKEN-KrakenBTCUSDResearchStrategy-000-06d927a8-0d8c-4f98-8651-bb92b99af967,KRAKEN-BACKTEST,KrakenBTCUSDResearchStrategy-000,BTC/USD.KRAKEN,KRAKEN-001,O-20241015-234000-BACKTEST-000-487,O-20241016-002500-BACKTEST-000-488,BUY,FLAT,0.00000000,0.02488068,1729035600000000000,2024-10-15 23:40:00+00:00,1729038300000000000,2024-10-16 00:25:00+00:00,2700000000000,67025.0,66803.36,['13.32 USD'],-0.00331,-18.83 USD,True
BTC/USD.KRAKEN-KrakenBTCUSDResearchStrategy-000-038046f6-d143-4832-8814-7ae961054dc9,KRAKEN-BACKTEST,KrakenBTCUSDResearchStrategy-000,BTC/USD.KRAKEN,KRAKEN-001,O-20241016-012000-BACKTEST-000-489,O-20241016-031500-BACKTEST-000-490,BUY,FLAT,0.00000000,0.02465317,1729041600000000000,2024-10-16 01:20:00+00:00,1729048500000000000,2024-10-16 03:15:00+00:00,6900000000000,67414.29000000001,67143.39,['13.27 USD'],-0.00402,-19.95 USD,True
BTC/USD.KRAKEN-KrakenBTCUSDResearchStrategy-000-d3bcad68-7c67-448d-81ac-88d93809f2ab,KRAKEN-BACKTEST,KrakenBTCUSDResearchStrategy-000,BTC/USD.KRAKEN,KRAKEN-001,O-20241016-093000-BACKTEST-000-491,O-20241016-133500-BACKTEST-000-492,BUY,FLAT,0.00000000,0.02457101,1729071000000000000,2024-10-16 09:30:00+00:00,1729085700000000000,2024-10-16 13:35:00+00:00,14700000000000,67396.12000000001,67267.99,['13.23 USD'],-0.0019,-16.38 USD,True
BTC/USD.KRAKEN-KrakenBTCUSDResearchStrategy-000-48a17f2a-71ce-4bfb-aff4-a2b0de38cdff,KRAKEN-BACKTEST,KrakenBTCUSDResearchStrategy-000,BTC/USD.KRAKEN,KRAKEN-001,O-20241017-223000-BACKTEST-000-493,O-20241018-004500-BACKTEST-000-494,BUY,FLAT,0.00000000,0.02450000,1729204200000000000,2024-10-17 22:30:00+00:00,1729212300000000000,2024-10-18 00:45:00+00:00,8100000000000,67390.88,67201.82,['13.19 USD'],-0.00281,-17.82 USD,True
BTC/USD.KRAKEN-KrakenBTCUSDResearchStrategy-000-658b2f45-f31a-4f01-9c53-4e8f95bc0ac0,KRAKEN-BACKTEST,KrakenBTCUSDResearchStrategy-000,BTC/USD.KRAKEN,KRAKEN-001,O-20241018-015500-BACKTEST-000-495,O-20241018-033500-BACKTEST-000-496,BUY,FLAT,0.00000000,0.02417149,1729216500000000000,2024-10-18 01:55:00+00:00,1729222500000000000,2024-10-18 03:35:00+00:00,6000000000000,68085.5,67809.01000000001,['13.14 USD'],-0.00406,-19.82 USD,True
BTC/USD.KRAKEN-KrakenBTCUSDResearchStrategy-000-c8f4455d-adc1-4ef7-973f-2597442837b7,KRAKEN-BACKTEST,KrakenBTCUSDResearchStrategy-000,BTC/USD.KRAKEN,KRAKEN-001,O-20241018-135500-BACKTEST-000-497,O-20241018-203000-BACKTEST-000-498,BUY,FLAT,0.00000000,0.02404509,1729259700000000000,2024-10-18 13:55:00+00:00,1729283400000000000,2024-10-18 20:30:00+00:00,23700000000000,68196.0,68490.0,['13.15 USD'],0.00431,-6.08 USD,True
BTC/USD.KRAKEN-KrakenBTCUSDResearchStrategy-000-541a6aa9-a3ed-4383-bfc2-914cc66a6113,KRAKEN-BACKTEST,KrakenBTCUSDResearchStrategy-000,BTC/USD.KRAKEN,KRAKEN-001,O-20241019-031500-BACKTEST-000-499,O-20241019-032500-BACKTEST-000-500,BUY,FLAT,0.00000000,0.02386297,1729307700000000000,2024-10-19 03:15:00+00:00,1729308300000000000,2024-10-19 03:25:00+00:00,600000000000,68640.01,68540.01,['13.09 USD'],-0.00146,-15.48 USD,True
BTC/USD.KRAKEN-KrakenBTCUSDResearchStrategy-000-052f65f1-7061-4857-9e7c-cf91a01bcccb,KRAKEN-BACKTEST,KrakenBTCUSDResearchStrategy-000,BTC/USD.KRAKEN,KRAKEN-001,O-20241019-212000-BACKTEST-000-501,O-20241019-215500-BACKTEST-000-502,BUY,FLAT,0.00000000,0.02390610,1729372800000000000,2024-10-19 21:20:00+00:00,1729374900000000000,2024-10-19 21:55:00+00:00,2100000000000,68322.05,68222.43,['13.05 USD'],-0.00146,-15.43 USD,True
BTC/USD.KRAKEN-KrakenBTCUSDResearchStrategy-000-59482747-6637-4673-ac3a-cf06a7fc015c,KRAKEN-BACKTEST,KrakenBTCUSDResearchStrategy-000,BTC/USD.KRAKEN,KRAKEN-001,O-20241019-224000-BACKTEST-000-503,O-20241020-003500-BACKTEST-000-504,BUY,FLAT,0.00000000,0.02381578,1729377600000000000,2024-10-19 22:40:00+00:00,1729384500000000000,2024-10-20 00:35:00+00:00,6900000000000,68386.8,68270.0,['13.01 USD'],-0.00171,-15.79 USD,True
BTC/USD.KRAKEN-KrakenBTCUSDResearchStrategy-000-6183a3b6-64a5-4697-89bb-ce8319998b5a,KRAKEN-BACKTEST,KrakenBTCUSDResearchStrategy-000,BTC/USD.KRAKEN,KRAKEN-001,O-20241020-071000-BACKTEST-000-505,O-20241020-090500-BACKTEST-000-506,BUY,FLAT,0.00000000,0.02373496,1729408200000000000,2024-10-20 07:10:00+00:00,1729415100000000000,2024-10-20 09:05:00+00:00,6900000000000,68420.06,68359.99,['12.99 USD'],-0.00088,-14.42 USD,True
BTC/USD.KRAKEN-KrakenBTCUSDResearchStrategy-000-54d189eb-dc88-4c6e-b81f-a02863d7a177,KRAKEN-BACKTEST,KrakenBTCUSDResearchStrategy-000,BTC/USD.KRAKEN,KRAKEN-001,O-20241020-140000-BACKTEST-000-507,O-20241020-173000-BACKTEST-000-508,BUY,FLAT,0.00000000,0.02362755,1729432800000000000,2024-10-20 14:00:00+00:00,1729445400000000000,2024-10-20 17:30:00+00:00,12600000000000,68548.01,68479.90000000001,['12.95 USD'],-0.00099,-14.56 USD,True
BTC/USD.KRAKEN-KrakenBTCUSDResearchStrategy-000-5d81089d-cce3-4756-8137-1550096f8865,KRAKEN-BACKTEST,KrakenBTCUSDResearchStrategy-000,BTC/USD.KRAKEN,KRAKEN-001,O-20241020-203500-BACKTEST-000-509,O-20241021-024000-BACKTEST-000-510,BUY,FLAT,0.00000000,0.02351234,1729456500000000000,2024-10-20 20:35:00+00:00,1729478400000000000,2024-10-21 02:40:00+00:00,21900000000000,68698.11,68976.23,['12.95 USD'],0.00405,-6.41 USD,True
BTC/USD.KRAKEN-KrakenBTCUSDResearchStrategy-000-e833ff83-9afd-4dab-be9d-948d6a2f9e13,KRAKEN-BACKTEST,KrakenBTCUSDResearchStrategy-000,BTC/USD.KRAKEN,KRAKEN-001,O-20241022-060000-BACKTEST-000-511,O-20241022-065500-BACKTEST-000-512,BUY,FLAT,0.00000000,0.02382690,1729576800000000000,2024-10-22 06:00:00+00:00,1729580100000000000,2024-10-22 06:55:00+00:00,3300000000000,67710.48,67572.01,['12.89 USD'],-0.00205,-16.19 USD,True
BTC/USD.KRAKEN-KrakenBTCUSDResearchStrategy-000-b8a6e499-9b7b-48f2-ab7c-f51efa853c62,KRAKEN-BACKTEST,KrakenBTCUSDResearchStrategy-000,BTC/USD.KRAKEN,KRAKEN-001,O-20241022-220500-BACKTEST-000-513,O-20241022-231500-BACKTEST-000-514,BUY,FLAT,0.00000000,0.02375302,1729634700000000000,2024-10-22 22:05:00+00:00,1729638900000000000,2024-10-22 23:15:00+00:00,4200000000000,67716.6,67549.0,['12.85 USD'],-0.00248,-16.83 USD,True
BTC/USD.KRAKEN-KrakenBTCUSDResearchStrategy-000-1d9ab3bc-7cdc-460e-98ea-e4d7e5740a77,KRAKEN-BACKTEST,KrakenBTCUSDResearchStrategy-000,BTC/USD.KRAKEN,KRAKEN-001,O-20241023-204000-BACKTEST-000-515,O-20241023-214000-BACKTEST-000-516,BUY,FLAT,0.00000000,0.02406461,1729716000000000000,2024-10-23 20:40:00+00:00,1729719600000000000,2024-10-23 21:40:00+00:00,3600000000000,66630.0,66429.99,['12.80 USD'],-0.003,-17.61 USD,True
BTC/USD.KRAKEN-KrakenBTCUSDResearchStrategy-000-52156136-cb48-4dbc-b8ec-e04d134bb732,KRAKEN-BACKTEST,KrakenBTCUSDResearchStrategy-000,BTC/USD.KRAKEN,KRAKEN-001,O-20241023-231500-BACKTEST-000-517,O-20241024-002000-BACKTEST-000-518,BUY,FLAT,0.00000000,0.02395584,1729725300000000000,2024-10-23 23:15:00+00:00,1729729200000000000,2024-10-24 00:20:00+00:00,3900000000000,66712.0,66549.99,['12.77 USD'],-0.00243,-16.65 USD,True
BTC/USD.KRAKEN-KrakenBTCUSDResearchStrategy-000-8383b937-789e-40d2-a5ca-b989351ab0e7,KRAKEN-BACKTEST,KrakenBTCUSDResearchStrategy-000,BTC/USD.KRAKEN,KRAKEN-001,O-20241024-120000-BACKTEST-000-519,O-20241024-161000-BACKTEST-000-520,BUY,FLAT,0.00000000,0.02364117,1729771200000000000,2024-10-24 12:00:00+00:00,1729786200000000000,2024-10-24 16:10:00+00:00,15000000000000,67388.66,67394.0,['12.74 USD'],8e-05,-12.61 USD,True
BTC/USD.KRAKEN-KrakenBTCUSDResearchStrategy-000-a92ae0a0-ab20-4a64-a0f6-d042c32e9387,KRAKEN-BACKTEST,KrakenBTCUSDResearchStrategy-000,BTC/USD.KRAKEN,KRAKEN-001,O-20241024-192500-BACKTEST-000-521,O-20241025-003000-BACKTEST-000-522,BUY,FLAT,0.00000000,0.02334069,1729797900000000000,2024-10-24 19:25:00+00:00,1729816200000000000,2024-10-25 00:30:00+00:00,18300000000000,68094.0,68014.0,['12.71 USD'],-0.00117,-14.58 USD,True
BTC/USD.KRAKEN-KrakenBTCUSDResearchStrategy-000-b8373166-7241-4178-9a4c-218bf185d4f6,KRAKEN-BACKTEST,KrakenBTCUSDResearchStrategy-000,BTC/USD.KRAKEN,KRAKEN-001,O-20241025-110500-BACKTEST-000-523,O-20241025-133500-BACKTEST-000-524,BUY,FLAT,0.00000000,0.02332443,1729854300000000000,2024-10-25 11:05:00+00:00,1729863300000000000,2024-10-25 13:35:00+00:00,9000000000000,67953.92,67836.22,['12.67 USD'],-0.00173,-15.42 USD,True
BTC/USD.KRAKEN-KrakenBTCUSDResearchStrategy-000-3948a279-3f46-42a2-bb10-03cb4c36ef7a,KRAKEN-BACKTEST,KrakenBTCUSDResearchStrategy-000,BTC/USD.KRAKEN,KRAKEN-001,O-20241026-050000-BACKTEST-000-525,O-20241026-075500-BACKTEST-000-526,BUY,FLAT,0.00000000,0.02356110,1729918800000000000,2024-10-26 05:00:00+00:00,1729929300000000000,2024-10-26 07:55:00+00:00,10500000000000,67074.98999999999,67007.99,['12.64 USD'],-0.001,-14.22 USD,True
BTC/USD.KRAKEN-KrakenBTCUSDResearchStrategy-000-1322ca27-30f2-4d11-a6c5-5796daf3eb30,KRAKEN-BACKTEST,KrakenBTCUSDResearchStrategy-000,BTC/USD.KRAKEN,KRAKEN-001,O-20241026-180500-BACKTEST-000-527,O-20241026-185500-BACKTEST-000-528,BUY,FLAT,0.00000000,0.02347348,1729965900000000000,2024-10-26 18:05:00+00:00,1729968900000000000,2024-10-26 18:55:00+00:00,3000000000000,67143.64,67042.0,['12.59 USD'],-0.00151,-14.98 USD,True
BTC/USD.KRAKEN-KrakenBTCUSDResearchStrategy-000-15bd4114-bfef-4705-a71a-89398d81f48d,KRAKEN-BACKTEST,KrakenBTCUSDResearchStrategy-000,BTC/USD.KRAKEN,KRAKEN-001,O-20241026-195500-BACKTEST-000-529,O-20241026-230500-BACKTEST-000-530,BUY,FLAT,0.00000000,0.02339462,1729972500000000000,2024-10-26 19:55:00+00:00,1729983900000000000,2024-10-26 23:05:00+00:00,11400000000000,67177.99,67103.82,['12.57 USD'],-0.0011,-14.31 USD,True
BTC/USD.KRAKEN-KrakenBTCUSDResearchStrategy-000-f15fe78c-bcb4-4b33-bc4e-a79a6898c747,KRAKEN-BACKTEST,KrakenBTCUSDResearchStrategy-000,BTC/USD.KRAKEN,KRAKEN-001,O-20241027-034500-BACKTEST-000-531,O-20241027-052000-BACKTEST-000-532,BUY,FLAT,0.00000000,0.02330925,1730000700000000000,2024-10-27 03:45:00+00:00,1730006400000000000,2024-10-27 05:20:00+00:00,5700000000000,67239.99,67168.44,['12.53 USD'],-0.00106,-14.20 USD,True
BTC/USD.KRAKEN-KrakenBTCUSDResearchStrategy-000-e1f15169-8a0c-448f-8a08-91897a4ef834,KRAKEN-BACKTEST,KrakenBTCUSDResearchStrategy-000,BTC/USD.KRAKEN,KRAKEN-001,O-20241027-123000-BACKTEST-000-533,O-20241027-185000-BACKTEST-000-534,BUY,FLAT,0.00000000,0.02317357,1730032200000000000,2024-10-27 12:30:00+00:00,1730055000000000000,2024-10-27 18:50:00+00:00,22800000000000,67449.95999999999,67561.49,['12.51 USD'],0.00165,-9.93 USD,True
BTC/USD.KRAKEN-KrakenBTCUSDResearchStrategy-000-7e1f3c29-16f1-44c1-b73e-f83f8ec2bde4,KRAKEN-BACKTEST,KrakenBTCUSDResearchStrategy-000,BTC/USD.KRAKEN,KRAKEN-001,O-20241027-221000-BACKTEST-000-535,O-20241027-234000-BACKTEST-000-536,BUY,FLAT,0.00000000,0.02286096,1730067000000000000,2024-10-27 22:10:00+00:00,1730072400000000000,2024-10-27 23:40:00+00:00,5400000000000,68242.0,68046.49,['12.46 USD'],-0.00286,-16.93 USD,True
BTC/USD.KRAKEN-KrakenBTCUSDResearchStrategy-000-bc2a48c5-cc50-443e-98f1-1340000c8f04,KRAKEN-BACKTEST,KrakenBTCUSDResearchStrategy-000,BTC/USD.KRAKEN,KRAKEN-001,O-20241028-070000-BACKTEST-000-537,O-20241028-151500-BACKTEST-000-538,BUY,FLAT,0.00000000,0.02285313,1730098800000000000,2024-10-28 07:00:00+00:00,1730128500000000000,2024-10-28 15:15:00+00:00,29700000000000,68043.14,68592.08,['12.49 USD'],0.00807,0.05 USD,True
BTC/USD.KRAKEN-KrakenBTCUSDResearchStrategy-000-fb164ce8-1a84-405a-ba5d-77e9d5831579,KRAKEN-BACKTEST,KrakenBTCUSDResearchStrategy-000,BTC/USD.KRAKEN,KRAKEN-001,O-20241028-190000-BACKTEST-000-539,O-20241029-133000-BACKTEST-000-540,BUY,FLAT,0.00000000,0.02241688,1730142000000000000,2024-10-28 19:00:00+00:00,1730208600000000000,2024-10-29 13:30:00+00:00,66600000000000,69367.98000000001,70943.20999999999,['12.58 USD'],0.02271,22.73 USD,True
BTC/USD.KRAKEN-KrakenBTCUSDResearchStrategy-000-1b00ca83-1655-4c20-b486-39897206129a,KRAKEN-BACKTEST,KrakenBTCUSDResearchStrategy-000,BTC/USD.KRAKEN,KRAKEN-001,O-20241029-154000-BACKTEST-000-541,O-20241029-200500-BACKTEST-000-542,BUY,FLAT,0.00000000,0.02163530,1730216400000000000,2024-10-29 15:40:00+00:00,1730232300000000000,2024-10-29 20:05:00+00:00,15900000000000,72189.23,72303.03,['12.51 USD'],0.00158,-10.05 USD,True
BTC/USD.KRAKEN-KrakenBTCUSDResearchStrategy-000-dc9e4b5c-966c-47a3-b1ab-61fbac401de2,KRAKEN-BACKTEST,KrakenBTCUSDResearchStrategy-000,BTC/USD.KRAKEN,KRAKEN-001,O-20241030-204500-BACKTEST-000-543,O-20241030-213500-BACKTEST-000-544,BUY,FLAT,0.00000000,0.02143710,1730321100000000000,2024-10-30 20:45:00+00:00,1730324100000000000,2024-10-30 21:35:00+00:00,3000000000000,72716.01,72187.87999999999,['12.43 USD'],-0.00726,-23.75 USD,True
BTC/USD.KRAKEN-KrakenBTCUSDResearchStrategy-000-bcfe2294-f858-42e5-80fd-4130e323e817,KRAKEN-BACKTEST,KrakenBTCUSDResearchStrategy-000,BTC/USD.KRAKEN,KRAKEN-001,O-20241031-104000-BACKTEST-000-545,O-20241031-112000-BACKTEST-000-546,BUY,FLAT,0.00000000,0.02139562,1730371200000000000,2024-10-31 10:40:00+00:00,1730373600000000000,2024-10-31 11:20:00+00:00,2400000000000,72524.0,72322.0,['12.40 USD'],-0.00279,-16.72 USD,True
BTC/USD.KRAKEN-KrakenBTCUSDResearchStrategy-000-5aec3e6e-bbda-4c7a-9fcd-5708093c6de1,KRAKEN-BACKTEST,KrakenBTCUSDResearchStrategy-000,BTC/USD.KRAKEN,KRAKEN-001,O-20241101-103000-BACKTEST-000-547,O-20241101-103500-BACKTEST-000-548,BUY,FLAT,0.00000000,0.02205796,1730457000000000000,2024-11-01 10:30:00+00:00,1730457300000000000,2024-11-01 10:35:00+00:00,300000000000,70118.75,69873.99,['12.36 USD'],-0.00349,-17.76 USD,True
BTC/USD.KRAKEN-KrakenBTCUSDResearchStrategy-000-4385b2c3-e235-4c83-8c2a-1c944fad2747,KRAKEN-BACKTEST,KrakenBTCUSDResearchStrategy-000,BTC/USD.KRAKEN,KRAKEN-001,O-20241101-123500-BACKTEST-000-549,O-20241101-153500-BACKTEST-000-550,BUY,FLAT,0.00000000,0.02188110,1730464500000000000,2024-11-01 12:35:00+00:00,1730475300000000000,2024-11-01 15:35:00+00:00,10800000000000,70442.01999999999,70059.91,['12.30 USD'],-0.00542,-20.66 USD,True
BTC/USD.KRAKEN-KrakenBTCUSDResearchStrategy-000-573a7afc-b273-49dc-a7a7-10f5f67de23b,KRAKEN-BACKTEST,KrakenBTCUSDResearchStrategy-000,BTC/USD.KRAKEN,KRAKEN-001,O-20241102-005500-BACKTEST-000-551,O-20241102-011500-BACKTEST-000-552,BUY,FLAT,0.00000000,0.02203587,1730508900000000000,2024-11-02 00:55:00+00:00,1730510100000000000,2024-11-02 01:15:00+00:00,1200000000000,69665.99,69541.47,['12.27 USD'],-0.00179,-15.01 USD,True
BTC/USD.KRAKEN-KrakenBTCUSDResearchStrategy-000-2940be1e-5abf-4bee-b2dc-caea8561b6d9,KRAKEN-BACKTEST,KrakenBTCUSDResearchStrategy-000,BTC/USD.KRAKEN,KRAKEN-001,O-20241102-020500-BACKTEST-000-553,O-20241102-035000-BACKTEST-000-554,BUY,FLAT,0.00000000,0.02195106,1730513100000000000,2024-11-02 02:05:00+00:00,1730519400000000000,2024-11-02 03:50:00+00:00,6300000000000,69730.0,69569.92,['12.23 USD'],-0.0023,-15.74 USD,True
BTC/USD.KRAKEN-KrakenBTCUSDResearchStrategy-000-c3067213-17bc-4f9a-ae12-5fb75850f510,KRAKEN-BACKTEST,KrakenBTCUSDResearchStrategy-000,BTC/USD.KRAKEN,KRAKEN-001,O-20241102-073000-BACKTEST-000-555,O-20241102-081500-BACKTEST-000-556,BUY,FLAT,0.00000000,0.02185628,1730532600000000000,2024-11-02 07:30:00+00:00,1730535300000000000,2024-11-02 08:15:00+00:00,2700000000000,69816.2,69691.53,['12.19 USD'],-0.00179,-14.91 USD,True
BTC/USD.KRAKEN-KrakenBTCUSDResearchStrategy-000-ce3050a2-328a-426c-814a-7f07110592ae,KRAKEN-BACKTEST,KrakenBTCUSDResearchStrategy-000,BTC/USD.KRAKEN,KRAKEN-001,O-20241103-193500-BACKTEST-000-557,O-20241103-231500-BACKTEST-000-558,BUY,FLAT,0.00000000,0.02216180,1730662500000000000,2024-11-03 19:35:00+00:00,1730675700000000000,2024-11-03 23:15:00+00:00,13200000000000,68651.91,68660.0,['12.18 USD'],0.00012,-12.00 USD,True
BTC/USD.KRAKEN-KrakenBTCUSDResearchStrategy-000-1cd7ee7d-3131-41cd-bd91-ecabcddc7fb6,KRAKEN-BACKTEST,KrakenBTCUSDResearchStrategy-000,BTC/USD.KRAKEN,KRAKEN-001,O-20241104-130000-BACKTEST-000-559,O-20241104-134500-BACKTEST-000-560,BUY,FLAT,0.00000000,0.02196980,1730725200000000000,2024-11-04 13:00:00+00:00,1730727900000000000,2024-11-04 13:45:00+00:00,2700000000000,69088.01,68860.0,['12.12 USD'],-0.0033,-17.13 USD,True
BTC/USD.KRAKEN-KrakenBTCUSDResearchStrategy-000-3af36174-7007-4606-a78f-f37f4cc1d044,KRAKEN-BACKTEST,KrakenBTCUSDResearchStrategy-000,BTC/USD.KRAKEN,KRAKEN-001,O-20241105-035500-BACKTEST-000-561,O-20241105-195000-BACKTEST-000-562,BUY,FLAT,0.00000000,0.02216653,1730778900000000000,2024-11-05 03:55:00+00:00,1730836200000000000,2024-11-05 19:50:00+00:00,57300000000000,68243.0,69440.01,['12.21 USD'],0.01754,14.32 USD,True
BTC/USD.KRAKEN-KrakenBTCUSDResearchStrategy-000-186e5e6a-89fc-40e0-9178-0d39149f5c73,KRAKEN-BACKTEST,KrakenBTCUSDResearchStrategy-000,BTC/USD.KRAKEN,KRAKEN-001,O-20241106-002000-BACKTEST-000-563,O-20241106-080000-BACKTEST-000-564,BUY,FLAT,0.00000000,0.02164061,1730852400000000000,2024-11-06 00:20:00+00:00,1730880000000000000,2024-11-06 08:00:00+00:00,27600000000000,70100.0,72917.99,['12.38 USD'],0.0402,48.60 USD,True
BTC/USD.KRAKEN-KrakenBTCUSDResearchStrategy-000-81945737-0493-4716-ad37-718e3f977914,KRAKEN-BACKTEST,KrakenBTCUSDResearchStrategy-000,BTC/USD.KRAKEN,KRAKEN-001,O-20241106-120500-BACKTEST-000-565,O-20241106-123500-BACKTEST-000-566,BUY,FLAT,0.00000000,0.02048951,1730894700000000000,2024-11-06 12:05:00+00:00,1730896500000000000,2024-11-06 12:35:00+00:00,1800000000000,74749.79,74320.12000000001,['12.22 USD'],-0.00575,-21.02 USD,True
BTC/USD.KRAKEN-KrakenBTCUSDResearchStrategy-000-83acd648-86e1-40a0-81bf-438ccaeb2454,KRAKEN-BACKTEST,KrakenBTCUSDResearchStrategy-000,BTC/USD.KRAKEN,KRAKEN-001,O-20241106-180500-BACKTEST-000-567,O-20241107-002500-BACKTEST-000-568,BUY,FLAT,0.00000000,0.02037507,1730916300000000000,2024-11-06 18:05:00+00:00,1730939100000000000,2024-11-07 00:25:00+00:00,22800000000000,74859.99,75206.54000000001,['12.23 USD'],0.00463,-5.17 USD,True
BTC/USD.KRAKEN-KrakenBTCUSDResearchStrategy-000-64715717-8e83-4cb2-a61a-855bcb015f92,KRAKEN-BACKTEST,KrakenBTCUSDResearchStrategy-000,BTC/USD.KRAKEN,KRAKEN-001,O-20241107-153500-BACKTEST-000-569,O-20241107-215500-BACKTEST-000-570,BUY,FLAT,0.00000000,0.02015546,1730993700000000000,2024-11-07 15:35:00+00:00,1731016500000000000,2024-11-07 21:55:00+00:00,22800000000000,75598.72,75876.49,['12.21 USD'],0.00367,-6.61 USD,True
BTC/USD.KRAKEN-KrakenBTCUSDResearchStrategy-000-0bbc3cba-fb5d-46a2-afcc-6e675737c60a,KRAKEN-BACKTEST,KrakenBTCUSDResearchStrategy-000,BTC/USD.KRAKEN,KRAKEN-001,O-20241108-075000-BACKTEST-000-571,O-20241108-080000-BACKTEST-000-572,BUY,FLAT,0.00000000,0.01996556,1731052200000000000,2024-11-08 07:50:00+00:00,1731052800000000000,2024-11-08 08:00:00+00:00,600000000000,76218.43,75943.1,['12.16 USD'],-0.00361,-17.66 USD,True
BTC/USD.KRAKEN-KrakenBTCUSDResearchStrategy-000-23e2fcc6-834d-4e1e-b425-63558b73b9e5,KRAKEN-BACKTEST,KrakenBTCUSDResearchStrategy-000,BTC/USD.KRAKEN,KRAKEN-001,O-20241108-105500-BACKTEST-000-573,O-20241108-115000-BACKTEST-000-574,BUY,FLAT,0.00000000,0.01989307,1731063300000000000,2024-11-08 10:55:00+00:00,1731066600000000000,2024-11-08 11:50:00+00:00,3300000000000,76229.98000000001,76054.90999999999,['12.12 USD'],-0.0023,-15.60 USD,True
BTC/USD.KRAKEN-KrakenBTCUSDResearchStrategy-000-ae455317-e844-4504-9a44-9cff2a1602bf,KRAKEN-BACKTEST,KrakenBTCUSDResearchStrategy-000,BTC/USD.KRAKEN,KRAKEN-001,O-20241108-183000-BACKTEST-000-575,O-20241108-215000-BACKTEST-000-576,BUY,FLAT,0.00000000,0.01971684,1731090600000000000,2024-11-08 18:30:00+00:00,1731102600000000000,2024-11-08 21:50:00+00:00,12000000000000,76674.0,76413.09000000001,['12.08 USD'],-0.0034,-17.22 USD,True
BTC/USD.KRAKEN-KrakenBTCUSDResearchStrategy-000-fd1b6f4b-e114-49b9-847a-7c0ccb886685,KRAKEN-BACKTEST,KrakenBTCUSDResearchStrategy-000,BTC/USD.KRAKEN,KRAKEN-001,O-20241109-061000-BACKTEST-000-577,O-20241109-063000-BACKTEST-000-578,BUY,FLAT,0.00000000,0.01964255,1731132600000000000,2024-11-09 06:10:00+00:00,1731133800000000000,2024-11-09 06:30:00+00:00,1200000000000,76700.8,76532.9,['12.04 USD'],-0.00219,-15.34 USD,True
BTC/USD.KRAKEN-KrakenBTCUSDResearchStrategy-000-d149be56-88a1-41f6-ac13-83fb7c3b7881,KRAKEN-BACKTEST,KrakenBTCUSDResearchStrategy-000,BTC/USD.KRAKEN,KRAKEN-001,O-20241109-230500-BACKTEST-000-579,O-20241110-194000-BACKTEST-000-580,BUY,FLAT,0.00000000,0.01957987,1731193500000000000,2024-11-09 23:05:00+00:00,1731267600000000000,2024-11-10 19:40:00+00:00,74100000000000,76711.33,79798.0,['12.26 USD'],0.04024,48.18 USD,True
BTC/USD.KRAKEN-KrakenBTCUSDResearchStrategy-000-ffe05bcc-f49d-44f3-b905-c745a7b6fa00,KRAKEN-BACKTEST,KrakenBTCUSDResearchStrategy-000,BTC/USD.KRAKEN,KRAKEN-001,O-20241110-222000-BACKTEST-000-581,O-20241110-223000-BACKTEST-000-582,BUY,FLAT,0.00000000,0.01866082,1731277200000000000,2024-11-10 22:20:00+00:00,1731277800000000000,2024-11-10 22:30:00+00:00,600000000000,81263.77,80532.96,['12.08 USD'],-0.00899,-25.72 USD,True
BTC/USD.KRAKEN-KrakenBTCUSDResearchStrategy-000-6ad5ffa9-4598-4863-8b55-ec04374f2880,KRAKEN-BACKTEST,KrakenBTCUSDResearchStrategy-000,BTC/USD.KRAKEN,KRAKEN-001,O-20241111-035000-BACKTEST-000-583,O-20241111-042500-BACKTEST-000-584,BUY,FLAT,0.00000000,0.01845951,1731297000000000000,2024-11-11 03:50:00+00:00,1731299100000000000,2024-11-11 04:25:00+00:00,2100000000000,81731.99,81206.0,['12.03 USD'],-0.00644,-21.74 USD,True
BTC/USD.KRAKEN-KrakenBTCUSDResearchStrategy-000-4b0a5285-6c7f-41ff-b0b2-6c6edad82351,KRAKEN-BACKTEST,KrakenBTCUSDResearchStrategy-000,BTC/USD.KRAKEN,KRAKEN-001,O-20241111-094500-BACKTEST-000-585,O-20241111-142000-BACKTEST-000-586,BUY,FLAT,0.00000000,0.01839565,1731318300000000000,2024-11-11 09:45:00+00:00,1731334800000000000,2024-11-11 14:20:00+00:00,16500000000000,81661.18000000001,81560.0,['12.01 USD'],-0.00124,-13.87 USD,True
BTC/USD.KRAKEN-KrakenBTCUSDResearchStrategy-000-40b43d36-7720-41c1-a7e4-7d54ce93d5f3,KRAKEN-BACKTEST,KrakenBTCUSDResearchStrategy-000,BTC/USD.KRAKEN,KRAKEN-001,O-20241111-153000-BACKTEST-000-587,O-20241112-024500-BACKTEST-000-588,BUY,FLAT,0.00000000,0.01683004,1731339000000000000,2024-11-11 15:30:00+00:00,1731379500000000000,2024-11-12 02:45:00+00:00,40500000000000,83846.01999999999,87199.99,['11.51 USD'],0.04,44.94 USD,True
BTC/USD.KRAKEN-KrakenBTCUSDResearchStrategy-000-dd5aa490-b09a-4af8-8135-f2921b7e2ae1,KRAKEN-BACKTEST,KrakenBTCUSDResearchStrategy-000,BTC/USD.KRAKEN,KRAKEN-001,O-20241112-064000-BACKTEST-000-589,O-20241112-082500-BACKTEST-000-590,BUY,FLAT,0.00000000,0.01690373,1731393600000000000,2024-11-12 06:40:00+00:00,1731399900000000000,2024-11-12 08:25:00+00:00,6300000000000,89419.99,88776.01,['12.05 USD'],-0.0072,-22.94 USD,True
BTC/USD.KRAKEN-KrakenBTCUSDResearchStrategy-000-b764bd60-a70d-4a39-9fd1-61b7f2d4cce6,KRAKEN-BACKTEST,KrakenBTCUSDResearchStrategy-000,BTC/USD.KRAKEN,KRAKEN-001,O-20241112-173500-BACKTEST-000-591,O-20241112-175500-BACKTEST-000-592,BUY,FLAT,0.00000000,0.01600423,1731432900000000000,2024-11-12 17:35:00+00:00,1731434100000000000,2024-11-12 17:55:00+00:00,1200000000000,87766.01,86966.07,['11.19 USD'],-0.00911,-23.99 USD,True
BTC/USD.KRAKEN-KrakenBTCUSDResearchStrategy-000-c533e456-57a2-4365-ad93-7f378009cd7c,KRAKEN-BACKTEST,KrakenBTCUSDResearchStrategy-000,BTC/USD.KRAKEN,KRAKEN-001,O-20241112-185000-BACKTEST-000-593,O-20241112-220500-BACKTEST-000-594,BUY,FLAT,0.00000000,0.01687765,1731437400000000000,2024-11-12 18:50:00+00:00,1731449100000000000,2024-11-12 22:05:00+00:00,11700000000000,88723.99,87780.0,['11.92 USD'],-0.01064,-27.85 USD,True
BTC/USD.KRAKEN-KrakenBTCUSDResearchStrategy-000-ec462cc0-252a-4c4b-b8d6-9ca600027c7a,KRAKEN-BACKTEST,KrakenBTCUSDResearchStrategy-000,BTC/USD.KRAKEN,KRAKEN-001,O-20241113-111000-BACKTEST-000-595,O-20241113-191500-BACKTEST-000-596,BUY,FLAT,0.00000000,0.01694891,1731496200000000000,2024-11-13 11:10:00+00:00,1731525300000000000,2024-11-13 19:15:00+00:00,29100000000000,87857.99,90259.99,['12.08 USD'],0.02734,28.63 USD,True
BTC/USD.KRAKEN-KrakenBTCUSDResearchStrategy-000-6bbaee00-91ab-4f65-898d-a26562805bf5,KRAKEN-BACKTEST,KrakenBTCUSDResearchStrategy-000,BTC/USD.KRAKEN,KRAKEN-001,O-20241114-080000-BACKTEST-000-597,O-20241114-093000-BACKTEST-000-598,BUY,FLAT,0.00000000,0.01643408,1731571200000000000,2024-11-14 08:00:00+00:00,1731576600000000000,2024-11-14 09:30:00+00:00,5400000000000,91132.98999999999,90394.73999999999,['11.93 USD'],-0.0081,-24.06 USD,True
BTC/USD.KRAKEN-KrakenBTCUSDResearchStrategy-000-5f5559a6-cdc3-4a58-96ef-c6b18883e3e7,KRAKEN-BACKTEST,KrakenBTCUSDResearchStrategy-000,BTC/USD.KRAKEN,KRAKEN-001,O-20241114-115000-BACKTEST-000-599,O-20241114-131500-BACKTEST-000-600,BUY,FLAT,0.00000000,0.01627928,1731585000000000000,2024-11-14 11:50:00+00:00,1731590100000000000,2024-11-14 13:15:00+00:00,5100000000000,91555.98000000001,90935.81,['11.88 USD'],-0.00677,-21.98 USD,True
BTC/USD.KRAKEN-KrakenBTCUSDResearchStrategy-000-b442e950-903f-4a1f-9677-7bcdfa135b2b,KRAKEN-BACKTEST,KrakenBTCUSDResearchStrategy-000,BTC/USD.KRAKEN,KRAKEN-001,O-20241114-143000-BACKTEST-000-601,O-20241114-143500-BACKTEST-000-602,BUY,FLAT,0.00000000,0.01618181,1731594600000000000,2024-11-14 14:30:00+00:00,1731594900000000000,2024-11-14 14:35:00+00:00,300000000000,91699.99,90408.0,['11.79 USD'],-0.01409,-32.70 USD,True
BTC/USD.KRAKEN-KrakenBTCUSDResearchStrategy-000-43f04bb9-bb0d-43f7-9a80-1d7eb099641f,KRAKEN-BACKTEST,KrakenBTCUSDResearchStrategy-000,BTC/USD.KRAKEN,KRAKEN-001,O-20241115-092000-BACKTEST-000-603,O-20241115-143000-BACKTEST-000-604,BUY,FLAT,0.00000000,0.01655433,1731662400000000000,2024-11-15 09:20:00+00:00,1731681000000000000,2024-11-15 14:30:00+00:00,18600000000000,89044.03,88886.64,['11.79 USD'],-0.00177,-14.40 USD,True
BTC/USD.KRAKEN-KrakenBTCUSDResearchStrategy-000-c286e483-5cd7-485a-9fe4-3f79a4e0bc3c,KRAKEN-BACKTEST,KrakenBTCUSDResearchStrategy-000,BTC/USD.KRAKEN,KRAKEN-001,O-20241115-193500-BACKTEST-000-605,O-20241116-073500-BACKTEST-000-606,BUY,FLAT,0.00000000,0.01629956,1731699300000000000,2024-11-15 19:35:00+00:00,1731742500000000000,2024-11-16 07:35:00+00:00,43200000000000,90170.97,91162.58,['11.82 USD'],0.011,4.34 USD,True
BTC/USD.KRAKEN-KrakenBTCUSDResearchStrategy-000-400683e9-cee9-4984-9f3b-643f9b54fdfc,KRAKEN-BACKTEST,KrakenBTCUSDResearchStrategy-000,BTC/USD.KRAKEN,KRAKEN-001,O-20241116-103000-BACKTEST-000-607,O-20241116-110000-BACKTEST-000-608,BUY,FLAT,0.00000000,0.01606789,1731753000000000000,2024-11-16 10:30:00+00:00,1731754800000000000,2024-11-16 11:00:00+00:00,1800000000000,91552.14,91276.01,['11.75 USD'],-0.00302,-16.19 USD,True
BTC/USD.KRAKEN-KrakenBTCUSDResearchStrategy-000-6a361c35-52ae-4868-a26f-8adf8a4bb1f9,KRAKEN-BACKTEST,KrakenBTCUSDResearchStrategy-000,BTC/USD.KRAKEN,KRAKEN-001,O-20241116-183500-BACKTEST-000-609,O-20241116-191500-BACKTEST-000-610,BUY,FLAT,0.00000000,0.01604922,1731782100000000000,2024-11-16 18:35:00+00:00,1731784500000000000,2024-11-16 19:15:00+00:00,2400000000000,91356.01,91063.31,['11.71 USD'],-0.0032,-16.41 USD,True
BTC/USD.KRAKEN-KrakenBTCUSDResearchStrategy-000-3ecbd74a-cf5c-48d2-a7c1-71976b3516f4,KRAKEN-BACKTEST,KrakenBTCUSDResearchStrategy-000,BTC/USD.KRAKEN,KRAKEN-001,O-20241117-085000-BACKTEST-000-611,O-20241117-111000-BACKTEST-000-612,BUY,FLAT,0.00000000,0.01605159,1731833400000000000,2024-11-17 08:50:00+00:00,1731841800000000000,2024-11-17 11:10:00+00:00,8400000000000,91036.0,90707.23999999999,['11.67 USD'],-0.00361,-16.95 USD,True
BTC/USD.KRAKEN-KrakenBTCUSDResearchStrategy-000-2d34c1cf-fd3e-48bb-8fde-511c90ff11cd,KRAKEN-BACKTEST,KrakenBTCUSDResearchStrategy-000,BTC/USD.KRAKEN,KRAKEN-001,O-20241118-011500-BACKTEST-000-613,O-20241118-111000-BACKTEST-000-614,BUY,FLAT,0.00000000,0.01613743,1731892500000000000,2024-11-18 01:15:00+00:00,1731928200000000000,2024-11-18 11:10:00+00:00,35700000000000,90236.84,91134.72,['11.70 USD'],0.00995,2.79 USD,True
BTC/USD.KRAKEN-KrakenBTCUSDResearchStrategy-000-e0cd1007-5fe3-4981-8c03-cde0bca73a62,KRAKEN-BACKTEST,KrakenBTCUSDResearchStrategy-000,BTC/USD.KRAKEN,KRAKEN-001,O-20241118-155000-BACKTEST-000-615,O-20241118-164000-BACKTEST-000-616,BUY,FLAT,0.00000000,0.01505665,1731945000000000000,2024-11-18 15:50:00+00:00,1731948000000000000,2024-11-18 16:40:00+00:00,3000000000000,92551.99,91707.99,['11.09 USD'],-0.00912,-23.80 USD,True
BTC/USD.KRAKEN-KrakenBTCUSDResearchStrategy-000-d1d0f6a6-f5f1-4536-9fa3-8ec06772414a,KRAKEN-BACKTEST,KrakenBTCUSDResearchStrategy-000,BTC/USD.KRAKEN,KRAKEN-001,O-20241119-042500-BACKTEST-000-617,O-20241119-052000-BACKTEST-000-618,BUY,FLAT,0.00000000,0.01582353,1731990300000000000,2024-11-19 04:25:00+00:00,1731993600000000000,2024-11-19 05:20:00+00:00,3300000000000,91628.73999999999,91345.0,['11.58 USD'],-0.0031,-16.07 USD,True
BTC/USD.KRAKEN-KrakenBTCUSDResearchStrategy-000-fa035af7-ac16-4bea-9230-611377d3c724,KRAKEN-BACKTEST,KrakenBTCUSDResearchStrategy-000,BTC/USD.KRAKEN,KRAKEN-001,O-20241119-055500-BACKTEST-000-619,O-20241119-081000-BACKTEST-000-620,BUY,FLAT,0.00000000,0.01572831,1731995700000000000,2024-11-19 05:55:00+00:00,1732003800000000000,2024-11-19 08:10:00+00:00,8100000000000,91877.0,91551.33,['11.54 USD'],-0.00354,-16.66 USD,True
BTC/USD.KRAKEN-KrakenBTCUSDResearchStrategy-000-df618947-d844-447b-a77a-de2702acacac,KRAKEN-BACKTEST,KrakenBTCUSDResearchStrategy-000,BTC/USD.KRAKEN,KRAKEN-001,O-20241119-121000-BACKTEST-000-621,O-20241119-133000-BACKTEST-000-622,BUY,FLAT,0.00000000,0.01564955,1732018200000000000,2024-11-19 12:10:00+00:00,1732023000000000000,2024-11-19 13:30:00+00:00,4800000000000,92020.01,91783.98000000001,['11.51 USD'],-0.00256,-15.20 USD,True
BTC/USD.KRAKEN-KrakenBTCUSDResearchStrategy-000-4a82920e-d530-4c08-b781-6bd5b6d49e37,KRAKEN-BACKTEST,KrakenBTCUSDResearchStrategy-000,BTC/USD.KRAKEN,KRAKEN-001,O-20241119-170500-BACKTEST-000-623,O-20241119-204500-BACKTEST-000-624,BUY,FLAT,0.00000000,0.01545557,1732035900000000000,2024-11-19 17:05:00+00:00,1732049100000000000,2024-11-19 20:45:00+00:00,13200000000000,92879.86,92699.02,['11.47 USD'],-0.00195,-14.26 USD,True
BTC/USD.KRAKEN-KrakenBTCUSDResearchStrategy-000-5fa3f8d2-5814-4ed3-a0b3-2cda2e340ff8,KRAKEN-BACKTEST,KrakenBTCUSDResearchStrategy-000,BTC/USD.KRAKEN,KRAKEN-001,O-20241120-060000-BACKTEST-000-625,O-20241120-070000-BACKTEST-000-626,BUY,FLAT,0.00000000,0.01545602,1732082400000000000,2024-11-20 06:00:00+00:00,1732086000000000000,2024-11-20 07:00:00+00:00,3600000000000,92600.42,92345.62,['11.43 USD'],-0.00275,-15.37 USD,True
BTC/USD.KRAKEN-KrakenBTCUSDResearchStrategy-000-27c8967b-3b0d-4018-a684-1b7f18f57502,KRAKEN-BACKTEST,KrakenBTCUSDResearchStrategy-000,BTC/USD.KRAKEN,KRAKEN-001,O-20241120-071500-BACKTEST-000-627,O-20241120-162000-BACKTEST-000-628,BUY,FLAT,0.00000000,0.01538015,1732086900000000000,2024-11-20 07:15:00+00:00,1732119600000000000,2024-11-20 16:20:00+00:00,32700000000000,92757.58,93772.0,['11.48 USD'],0.01094,4.12 USD,True
BTC/USD.KRAKEN-KrakenBTCUSDResearchStrategy-000-2fceb3eb-1ae7-4fb8-b897-f3f9182ef58f,KRAKEN-BACKTEST,KrakenBTCUSDResearchStrategy-000,BTC/USD.KRAKEN,KRAKEN-001,O-20241121-002500-BACKTEST-000-629,O-20241121-020500-BACKTEST-000-630,BUY,FLAT,0.00000000,0.01505867,1732148700000000000,2024-11-21 00:25:00+00:00,1732154700000000000,2024-11-21 02:05:00+00:00,6000000000000,94819.92,94449.37,['11.40 USD'],-0.00391,-16.98 USD,True
BTC/USD.KRAKEN-KrakenBTCUSDResearchStrategy-000-02901628-41f8-4651-8a26-8ad986ad7ebb,KRAKEN-BACKTEST,KrakenBTCUSDResearchStrategy-000,BTC/USD.KRAKEN,KRAKEN-001,O-20241121-032500-BACKTEST-000-631,O-20241121-132500-BACKTEST-000-632,BUY,FLAT,0.00000000,0.01486820,1732159500000000000,2024-11-21 03:25:00+00:00,1732195500000000000,2024-11-21 13:25:00+00:00,36000000000000,95692.0,97122.09,['11.47 USD'],0.01494,9.79 USD,True
BTC/USD.KRAKEN-KrakenBTCUSDResearchStrategy-000-4a7a841c-1019-4656-8f08-5e9ae7a8aaf6,KRAKEN-BACKTEST,KrakenBTCUSDResearchStrategy-000,BTC/USD.KRAKEN,KRAKEN-001,O-20241121-175000-BACKTEST-000-633,O-20241121-214500-BACKTEST-000-634,BUY,FLAT,0.00000000,0.01457790,1732211400000000000,2024-11-21 17:50:00+00:00,1732225500000000000,2024-11-21 21:45:00+00:00,14100000000000,97799.0,97640.01,['11.39 USD'],-0.00163,-13.71 USD,True
BTC/USD.KRAKEN-KrakenBTCUSDResearchStrategy-000-70070f14-d6ef-4c8f-862b-b6cefa6724af,KRAKEN-BACKTEST,KrakenBTCUSDResearchStrategy-000,BTC/USD.KRAKEN,KRAKEN-001,O-20241122-031000-BACKTEST-000-635,O-20241122-033500-BACKTEST-000-636,BUY,FLAT,0.00000000,0.01437209,1732245000000000000,2024-11-22 03:10:00+00:00,1732246500000000000,2024-11-22 03:35:00+00:00,1500000000000,98913.57,98445.56000000001,['11.35 USD'],-0.00473,-18.08 USD,True
BTC/USD.KRAKEN-KrakenBTCUSDResearchStrategy-000-2ec2e717-fab1-48ea-8e99-e4c656c7955d,KRAKEN-BACKTEST,KrakenBTCUSDResearchStrategy-000,BTC/USD.KRAKEN,KRAKEN-001,O-20241122-073000-BACKTEST-000-637,O-20241122-081000-BACKTEST-000-638,BUY,FLAT,0.00000000,0.01425308,1732260600000000000,2024-11-22 07:30:00+00:00,1732263000000000000,2024-11-22 08:10:00+00:00,2400000000000,99359.11,99023.98000000001,['11.31 USD'],-0.00337,-16.09 USD,True
BTC/USD.KRAKEN-KrakenBTCUSDResearchStrategy-000-f379f2e2-a3a1-4cb9-a556-53f1731e81de,KRAKEN-BACKTEST,KrakenBTCUSDResearchStrategy-000,BTC/USD.KRAKEN,KRAKEN-001,O-20241122-165000-BACKTEST-000-639,O-20241122-212000-BACKTEST-000-640,BUY,FLAT,0.00000000,0.01427105,1732294200000000000,2024-11-22 16:50:00+00:00,1732310400000000000,2024-11-22 21:20:00+00:00,16200000000000,98895.99,98823.06,['11.29 USD'],-0.00074,-12.33 USD,True
BTC/USD.KRAKEN-KrakenBTCUSDResearchStrategy-000-27b86a68-938b-4861-be9e-9aab2d1d67dc,KRAKEN-BACKTEST,KrakenBTCUSDResearchStrategy-000,BTC/USD.KRAKEN,KRAKEN-001,O-20241123-131000-BACKTEST-000-641,O-20241123-134500-BACKTEST-000-642,BUY,FLAT,0.00000000,0.01424747,1732367400000000000,2024-11-23 13:10:00+00:00,1732369500000000000,2024-11-23 13:45:00+00:00,2100000000000,98800.0,98632.19,['11.25 USD'],-0.0017,-13.64 USD,True
BTC/USD.KRAKEN-KrakenBTCUSDResearchStrategy-000-f2848a0f-2a92-4fb0-bfc2-5bb2b7c6d058,KRAKEN-BACKTEST,KrakenBTCUSDResearchStrategy-000,BTC/USD.KRAKEN,KRAKEN-001,O-20241124-011000-BACKTEST-000-643,O-20241124-035000-BACKTEST-000-644,BUY,FLAT,0.00000000,0.01427438,1732410600000000000,2024-11-24 01:10:00+00:00,1732420200000000000,2024-11-24 03:50:00+00:00,9600000000000,98327.14,98133.54,['11.21 USD'],-0.00197,-13.97 USD,True
BTC/USD.KRAKEN-KrakenBTCUSDResearchStrategy-000-afb597c7-447a-48f0-9ea3-1844ab390a0f,KRAKEN-BACKTEST,KrakenBTCUSDResearchStrategy-000,BTC/USD.KRAKEN,KRAKEN-001,O-20241124-075500-BACKTEST-000-645,O-20241124-083000-BACKTEST-000-646,BUY,FLAT,0.00000000,0.01421673,1732434900000000000,2024-11-24 07:55:00+00:00,1732437000000000000,2024-11-24 08:30:00+00:00,2100000000000,98431.05,98157.36,['11.18 USD'],-0.00278,-15.07 USD,True
BTC/USD.KRAKEN-KrakenBTCUSDResearchStrategy-000-0c37936c-bc18-44e4-8665-449414523b53,KRAKEN-BACKTEST,KrakenBTCUSDResearchStrategy-000,BTC/USD.KRAKEN,KRAKEN-001,O-20241124-214000-BACKTEST-000-647,O-20241125-012000-BACKTEST-000-648,BUY,FLAT,0.00000000,0.01439934,1732484400000000000,2024-11-24 21:40:00+00:00,1732497600000000000,2024-11-25 01:20:00+00:00,13200000000000,96868.75,96956.01999999999,['11.16 USD'],0.0009,-9.90 USD,True
BTC/USD.KRAKEN-KrakenBTCUSDResearchStrategy-000-64087ce6-0356-4982-ba9d-043a05f04ce5,KRAKEN-BACKTEST,KrakenBTCUSDResearchStrategy-000,BTC/USD.KRAKEN,KRAKEN-001,O-20241125-052000-BACKTEST-000-649,O-20241125-074000-BACKTEST-000-650,BUY,FLAT,0.00000000,0.01418369,1732512000000000000,2024-11-25 05:20:00+00:00,1732520400000000000,2024-11-25 07:40:00+00:00,8400000000000,98132.0,97843.61,['11.12 USD'],-0.00294,-15.21 USD,True
BTC/USD.KRAKEN-KrakenBTCUSDResearchStrategy-000-af6f8ee9-b8a2-4df0-bca5-c43c39afd613,KRAKEN-BACKTEST,KrakenBTCUSDResearchStrategy-000,BTC/USD.KRAKEN,KRAKEN-001,O-20241125-090500-BACKTEST-000-651,O-20241125-114000-BACKTEST-000-652,BUY,FLAT,0.00000000,0.01408302,1732525500000000000,2024-11-25 09:05:00+00:00,1732534800000000000,2024-11-25 11:40:00+00:00,9300000000000,98509.45999999999,98108.0,['11.08 USD'],-0.00408,-16.73 USD,True
BTC/USD.KRAKEN-KrakenBTCUSDResearchStrategy-000-191e3f6a-2a1d-416b-8b1f-a9999bc3073a,KRAKEN-BACKTEST,KrakenBTCUSDResearchStrategy-000,BTC/USD.KRAKEN,KRAKEN-001,O-20241126-162000-BACKTEST-000-653,O-20241126-180500-BACKTEST-000-654,BUY,FLAT,0.00000000,0.01473658,1732638000000000000,2024-11-26 16:20:00+00:00,1732644300000000000,2024-11-26 18:05:00+00:00,6300000000000,93800.01,93181.34,['11.02 USD'],-0.0066,-20.14 USD,True
BTC/USD.KRAKEN-KrakenBTCUSDResearchStrategy-000-42e02a0d-02b9-4ff2-9069-0fc7db354937,KRAKEN-BACKTEST,KrakenBTCUSDResearchStrategy-000,BTC/USD.KRAKEN,KRAKEN-001,O-20241127-015000-BACKTEST-000-655,O-20241127-050000-BACKTEST-000-656,BUY,FLAT,0.00000000,0.01483827,1732672200000000000,2024-11-27 01:50:00+00:00,1732683600000000000,2024-11-27 05:00:00+00:00,11400000000000,92750.0,92459.99,['11.00 USD'],-0.00313,-15.30 USD,True
BTC/USD.KRAKEN-KrakenBTCUSDResearchStrategy-000-82366ded-de22-48a3-a922-8dada2e3ddb8,KRAKEN-BACKTEST,KrakenBTCUSDResearchStrategy-000,BTC/USD.KRAKEN,KRAKEN-001,O-20241127-061500-BACKTEST-000-657,O-20241127-120500-BACKTEST-000-658,BUY,FLAT,0.00000000,0.01470257,1732688100000000000,2024-11-27 06:15:00+00:00,1732709100000000000,2024-11-27 12:05:00+00:00,21000000000000,93293.86,93172.01,['10.97 USD'],-0.00131,-12.76 USD,True
BTC/USD.KRAKEN-KrakenBTCUSDResearchStrategy-000-8cf73825-49fe-4cf1-aace-d19eb8db55a2,KRAKEN-BACKTEST,KrakenBTCUSDResearchStrategy-000,BTC/USD.KRAKEN,KRAKEN-001,O-20241127-135500-BACKTEST-000-659,O-20241127-231500-BACKTEST-000-660,BUY,FLAT,0.00000000,0.01451065,1732715700000000000,2024-11-27 13:55:00+00:00,1732749300000000000,2024-11-27 23:15:00+00:00,33600000000000,94264.0,95785.06999999999,['11.03 USD'],0.01614,11.04 USD,True
BTC/USD.KRAKEN-KrakenBTCUSDResearchStrategy-000-2eca42ea-65d5-41d8-9517-00ac3b08c889,KRAKEN-BACKTEST,KrakenBTCUSDResearchStrategy-000,BTC/USD.KRAKEN,KRAKEN-001,O-20241128-140000-BACKTEST-000-661,O-20241128-145500-BACKTEST-000-662,BUY,FLAT,0.00000000,0.01430296,1732802400000000000,2024-11-28 14:00:00+00:00,1732805700000000000,2024-11-28 14:55:00+00:00,3300000000000,95864.3,95376.04,['10.94 USD'],-0.00509,-17.92 USD,True
BTC/USD.KRAKEN-KrakenBTCUSDResearchStrategy-000-57691698-1204-48ac-9238-bb9d1827355f,KRAKEN-BACKTEST,KrakenBTCUSDResearchStrategy-000,BTC/USD.KRAKEN,KRAKEN-001,O-20241128-223500-BACKTEST-000-663,O-20241129-061000-BACKTEST-000-664,BUY,FLAT,0.00000000,0.01430283,1732833300000000000,2024-11-28 22:35:00+00:00,1732860600000000000,2024-11-29 06:10:00+00:00,27300000000000,95489.29,96049.23,['10.96 USD'],0.00586,-2.95 USD,True
BTC/USD.KRAKEN-KrakenBTCUSDResearchStrategy-000-2b2da3ea-bbca-42ed-91f3-37157583a0ab,KRAKEN-BACKTEST,KrakenBTCUSDResearchStrategy-000,BTC/USD.KRAKEN,KRAKEN-001,O-20241129-100500-BACKTEST-000-665,O-20241129-171000-BACKTEST-000-666,BUY,FLAT,0.00000000,0.01412805,1732874700000000000,2024-11-29 10:05:00+00:00,1732900200000000000,2024-11-29 17:10:00+00:00,25500000000000,96608.01,97143.99,['10.95 USD'],0.00555,-3.38 USD,True
BTC/USD.KRAKEN-KrakenBTCUSDResearchStrategy-000-bd31faa0-8b67-47b8-869a-ec5e36d3b092,KRAKEN-BACKTEST,KrakenBTCUSDResearchStrategy-000,BTC/USD.KRAKEN,KRAKEN-001,O-20241130-160500-BACKTEST-000-667,O-20241130-161500-BACKTEST-000-668,BUY,FLAT,0.00000000,0.01409919,1732982700000000000,2024-11-30 16:05:00+00:00,1732983300000000000,2024-11-30 16:15:00+00:00,600000000000,96734.01999999999,96581.72,['10.91 USD'],-0.00157,-13.06 USD,True
BTC/USD.KRAKEN-KrakenBTCUSDResearchStrategy-000-69f82587-d4bf-48a1-984f-52e105518189,KRAKEN-BACKTEST,KrakenBTCUSDResearchStrategy-000,BTC/USD.KRAKEN,KRAKEN-001,O-20241130-185000-BACKTEST-000-669,O-20241130-204000-BACKTEST-000-670,BUY,FLAT,0.00000000,0.01402383,1732992600000000000,2024-11-30 18:50:00+00:00,1732999200000000000,2024-11-30 20:40:00+00:00,6600000000000,96974.49,96855.48000000001,['10.87 USD'],-0.00123,-12.54 USD,True
BTC/USD.KRAKEN-KrakenBTCUSDResearchStrategy-000-9c7b375f-7753-491e-9ad8-40292fcff1aa,KRAKEN-BACKTEST,KrakenBTCUSDResearchStrategy-000,BTC/USD.KRAKEN,KRAKEN-001,O-20241201-080500-BACKTEST-000-671,O-20241201-103500-BACKTEST-000-672,BUY,FLAT,0.00000000,0.01405034,1733040300000000000,2024-12-01 08:05:00+00:00,1733049300000000000,2024-12-01 10:35:00+00:00,9000000000000,96523.77,96570.23,['10.85 USD'],0.00048,-10.20 USD,True
BTC/USD.KRAKEN-KrakenBTCUSDResearchStrategy-000-af099e88-ebc1-4502-8989-633ddd3ef340,KRAKEN-BACKTEST,KrakenBTCUSDResearchStrategy-000,BTC/USD.KRAKEN,KRAKEN-001,O-20241201-132000-BACKTEST-000-673,O-20241201-134500-BACKTEST-000-674,BUY,FLAT,0.00000000,0.01390901,1733059200000000000,2024-12-01 13:20:00+00:00,1733060700000000000,2024-12-01 13:45:00+00:00,1500000000000,97284.54000000001,97080.0,['10.81 USD'],-0.0021,-13.65 USD,True
BTC/USD.KRAKEN-KrakenBTCUSDResearchStrategy-000-b9b76252-a912-48fb-bdb8-cca7c21f97f2,KRAKEN-BACKTEST,KrakenBTCUSDResearchStrategy-000,BTC/USD.KRAKEN,KRAKEN-001,O-20241201-180500-BACKTEST-000-675,O-20241201-183500-BACKTEST-000-676,BUY,FLAT,0.00000000,0.01384528,1733076300000000000,2024-12-01 18:05:00+00:00,1733078100000000000,2024-12-01 18:35:00+00:00,1800000000000,97436.59,97258.8,['10.79 USD'],-0.00182,-13.25 USD,True
BTC/USD.KRAKEN-KrakenBTCUSDResearchStrategy-000-df0eeb22-6f49-4332-b5af-8f1f43d586cf,KRAKEN-BACKTEST,KrakenBTCUSDResearchStrategy-000,BTC/USD.KRAKEN,KRAKEN-001,O-20241201-214500-BACKTEST-000-677,O-20241201-234500-BACKTEST-000-678,BUY,FLAT,0.00000000,0.01378155,1733089500000000000,2024-12-01 21:45:00+00:00,1733096700000000000,2024-12-01 23:45:00+00:00,7200000000000,97598.72,97242.90999999999,['10.74 USD'],-0.00365,-15.64 USD,True
BTC/USD.KRAKEN-KrakenBTCUSDResearchStrategy-000-586fac9e-bc6e-4232-94a8-ffb0840efc68,KRAKEN-BACKTEST,KrakenBTCUSDResearchStrategy-000,BTC/USD.KRAKEN,KRAKEN-001,O-20241202-012000-BACKTEST-000-679,O-20241202-023500-BACKTEST-000-680,BUY,FLAT,0.00000000,0.01369177,1733102400000000000,2024-12-02 01:20:00+00:00,1733106900000000000,2024-12-02 02:35:00+00:00,4500000000000,97895.99,97500.0,['10.70 USD'],-0.00405,-16.12 USD,True
BTC/USD.KRAKEN-KrakenBTCUSDResearchStrategy-000-ae6f196f-36f2-4603-b5b3-56dea8019fb3,KRAKEN-BACKTEST,KrakenBTCUSDResearchStrategy-000,BTC/USD.KRAKEN,KRAKEN-001,O-20241202-144000-BACKTEST-000-681,O-20241202-150000-BACKTEST-000-682,BUY,FLAT,0.00000000,0.01380853,1733150400000000000,2024-12-02 14:40:00+00:00,1733151600000000000,2024-12-02 15:00:00+00:00,1200000000000,96718.01999999999,96011.14,['10.64 USD'],-0.00731,-20.40 USD,True
BTC/USD.KRAKEN-KrakenBTCUSDResearchStrategy-000-d5593271-e69a-4bd3-849d-4d7fb8db7f4e,KRAKEN-BACKTEST,KrakenBTCUSDResearchStrategy-000,BTC/USD.KRAKEN,KRAKEN-001,O-20241202-160500-BACKTEST-000-683,O-20241202-162500-BACKTEST-000-684,BUY,FLAT,0.00000000,0.01365905,1733155500000000000,2024-12-02 16:05:00+00:00,1733156700000000000,2024-12-02 16:25:00+00:00,1200000000000,97328.42,96599.99,['10.60 USD'],-0.00748,-20.55 USD,True
BTC/USD.KRAKEN-KrakenBTCUSDResearchStrategy-000-c3e4a8f9-fd98-4dc1-8e91-36d372888b64,KRAKEN-BACKTEST,KrakenBTCUSDResearchStrategy-000,BTC/USD.KRAKEN,KRAKEN-001,O-20241203-024000-BACKTEST-000-685,O-20241203-045000-BACKTEST-000-686,BUY,FLAT,0.00000000,0.01376319,1733193600000000000,2024-12-03 02:40:00+00:00,1733201400000000000,2024-12-03 04:50:00+00:00,7800000000000,96144.0,95947.39,['10.57 USD'],-0.00204,-13.28 USD,True
BTC/USD.KRAKEN-KrakenBTCUSDResearchStrategy-000-cc160ce0-6a41-45cd-b713-060cd929b428,KRAKEN-BACKTEST,KrakenBTCUSDResearchStrategy-000,BTC/USD.KRAKEN,KRAKEN-001,O-20241203-211500-BACKTEST-000-687,O-20241204-003500-BACKTEST-000-688,BUY,FLAT,0.00000000,0.01374759,1733260500000000000,2024-12-03 21:15:00+00:00,1733272500000000000,2024-12-04 00:35:00+00:00,12000000000000,95963.31,95612.98999999999,['10.54 USD'],-0.00365,-15.36 USD,True
BTC/USD.KRAKEN-KrakenBTCUSDResearchStrategy-000-34f2729a-a283-4001-9286-b4ffd0b2ef6c,KRAKEN-BACKTEST,KrakenBTCUSDResearchStrategy-000,BTC/USD.KRAKEN,KRAKEN-001,O-20241204-062500-BACKTEST-000-689,O-20241204-070000-BACKTEST-000-690,BUY,FLAT,0.00000000,0.01359899,1733293500000000000,2024-12-04 06:25:00+00:00,1733295600000000000,2024-12-04 07:00:00+00:00,2100000000000,96673.33,96447.58,['10.51 USD'],-0.00234,-13.58 USD,True
BTC/USD.KRAKEN-KrakenBTCUSDResearchStrategy-000-f8f5c1cf-5792-4c86-8ee5-11261f54e9b3,KRAKEN-BACKTEST,KrakenBTCUSDResearchStrategy-000,BTC/USD.KRAKEN,KRAKEN-001,O-20241204-081000-BACKTEST-000-691,O-20241204-104500-BACKTEST-000-692,BUY,FLAT,0.00000000,0.01354974,1733299800000000000,2024-12-04 08:10:00+00:00,1733309100000000000,2024-12-04 10:45:00+00:00,9300000000000,96724.01,96517.18000000001,['10.47 USD'],-0.00214,-13.27 USD,True
BTC/USD.KRAKEN-KrakenBTCUSDResearchStrategy-000-bf6ba366-0a73-4faf-a2ea-d94662b0e8c9,KRAKEN-BACKTEST,KrakenBTCUSDResearchStrategy-000,BTC/USD.KRAKEN,KRAKEN-001,O-20241204-191500-BACKTEST-000-693,O-20241205-152000-BACKTEST-000-694,BUY,FLAT,0.00000000,0.01351908,1733339700000000000,2024-12-04 19:15:00+00:00,1733412000000000000,2024-12-05 15:20:00+00:00,72300000000000,96648.7,102192.37000000001,['10.76 USD'],0.05736,64.19 USD,True
BTC/USD.KRAKEN-KrakenBTCUSDResearchStrategy-000-33f8d741-98ef-46bc-82ea-df9067a9d1de,KRAKEN-BACKTEST,KrakenBTCUSDResearchStrategy-000,BTC/USD.KRAKEN,KRAKEN-001,O-20241206-081500-BACKTEST-000-695,O-20241206-090500-BACKTEST-000-696,BUY,FLAT,0.00000000,0.01346596,1733472900000000000,2024-12-06 08:15:00+00:00,1733475900000000000,2024-12-06 09:05:00+00:00,3000000000000,98460.01,98090.08,['10.58 USD'],-0.00376,-15.56 USD,True
BTC/USD.KRAKEN-KrakenBTCUSDResearchStrategy-000-4234a404-b0f4-4702-910b-d75b18d3354d,KRAKEN-BACKTEST,KrakenBTCUSDResearchStrategy-000,BTC/USD.KRAKEN,KRAKEN-001,O-20241206-142500-BACKTEST-000-697,O-20241206-230500-BACKTEST-000-698,BUY,FLAT,0.00000000,0.01331113,1733495100000000000,2024-12-06 14:25:00+00:00,1733526300000000000,2024-12-06 23:05:00+00:00,31200000000000,99254.59999999999,100377.99,['10.62 USD'],0.01132,4.33 USD,True
BTC/USD.KRAKEN-KrakenBTCUSDResearchStrategy-000-e6b00fc9-7ebd-4717-9479-c628e15565c6,KRAKEN-BACKTEST,KrakenBTCUSDResearchStrategy-000,BTC/USD.KRAKEN,KRAKEN-001,O-20241207-184000-BACKTEST-000-699,O-20241207-213000-BACKTEST-000-700,BUY,FLAT,0.00000000,0.01322754,1733596800000000000,2024-12-07 18:40:00+00:00,1733607000000000000,2024-12-07 21:30:00+00:00,10200000000000,99980.0,99812.0,['10.57 USD'],-0.00168,-12.79 USD,True
BTC/USD.KRAKEN-KrakenBTCUSDResearchStrategy-000-c3433cea-5462-4582-bafc-5f48d7642aa9,KRAKEN-BACKTEST,KrakenBTCUSDResearchStrategy-000,BTC/USD.KRAKEN,KRAKEN-001,O-20241208-124500-BACKTEST-000-701,O-20241208-145500-BACKTEST-000-702,BUY,FLAT,0.00000000,0.01318785,1733661900000000000,2024-12-08 12:45:00+00:00,1733669700000000000,2024-12-08 14:55:00+00:00,7800000000000,99989.98000000001,99726.73,['10.53 USD'],-0.00263,-14.00 USD,True
BTC/USD.KRAKEN-KrakenBTCUSDResearchStrategy-000-4acd9701-87e7-4b56-95b7-23d250a9ae2e,KRAKEN-BACKTEST,KrakenBTCUSDResearchStrategy-000,BTC/USD.KRAKEN,KRAKEN-001,O-20241208-225500-BACKTEST-000-703,O-20241209-002500-BACKTEST-000-704,BUY,FLAT,0.00000000,0.01311567,1733698500000000000,2024-12-08 22:55:00+00:00,1733703900000000000,2024-12-09 00:25:00+00:00,5400000000000,100220.01,100044.37000000001,['10.51 USD'],-0.00175,-12.81 USD,True
BTC/USD.KRAKEN-KrakenBTCUSDResearchStrategy-000-3f00dbf9-905f-4454-bfeb-b6b62923fff1,KRAKEN-BACKTEST,KrakenBTCUSDResearchStrategy-000,BTC/USD.KRAKEN,KRAKEN-001,O-20241209-143500-BACKTEST-000-705,O-20241209-151500-BACKTEST-000-706,BUY,FLAT,0.00000000,0.01318693,1733754900000000000,2024-12-09 14:35:00+00:00,1733757300000000000,2024-12-09 15:15:00+00:00,2400000000000,99387.02,98617.26000000001,['10.44 USD'],-0.00775,-20.59 USD,True
BTC/USD.KRAKEN-KrakenBTCUSDResearchStrategy-000-921910e3-af52-472a-bb88-42519f924ab7,KRAKEN-BACKTEST,KrakenBTCUSDResearchStrategy-000,BTC/USD.KRAKEN,KRAKEN-001,O-20241210-091000-BACKTEST-000-707,O-20241210-094000-BACKTEST-000-708,BUY,FLAT,0.00000000,0.01335961,1733821800000000000,2024-12-10 09:10:00+00:00,1733823600000000000,2024-12-10 09:40:00+00:00,1800000000000,97639.98000000001,97271.23999999999,['10.42 USD'],-0.00378,-15.35 USD,True
BTC/USD.KRAKEN-KrakenBTCUSDResearchStrategy-000-a368c536-0fc6-49e6-8a4e-fc7c012d9175,KRAKEN-BACKTEST,KrakenBTCUSDResearchStrategy-000,BTC/USD.KRAKEN,KRAKEN-001,O-20241210-115000-BACKTEST-000-709,O-20241210-121000-BACKTEST-000-710,BUY,FLAT,0.00000000,0.01327779,1733831400000000000,2024-12-10 11:50:00+00:00,1733832600000000000,2024-12-10 12:10:00+00:00,1200000000000,97895.07999999999,97512.36,['10.38 USD'],-0.00391,-15.46 USD,True
BTC/USD.KRAKEN-KrakenBTCUSDResearchStrategy-000-863052b8-0249-47ef-8538-35c8babf2461,KRAKEN-BACKTEST,KrakenBTCUSDResearchStrategy-000,BTC/USD.KRAKEN,KRAKEN-001,O-20241210-212500-BACKTEST-000-711,O-20241211-002000-BACKTEST-000-712,BUY,FLAT,0.00000000,0.01336126,1733865900000000000,2024-12-10 21:25:00+00:00,1733876400000000000,2024-12-11 00:20:00+00:00,10500000000000,96936.41,96404.08,['10.33 USD'],-0.00549,-17.44 USD,True
BTC/USD.KRAKEN-KrakenBTCUSDResearchStrategy-000-9e5650bf-fca9-4ccb-97d1-db5cd6d7c424,KRAKEN-BACKTEST,KrakenBTCUSDResearchStrategy-000,BTC/USD.KRAKEN,KRAKEN-001,O-20241211-030500-BACKTEST-000-713,O-20241211-074500-BACKTEST-000-714,BUY,FLAT,0.00000000,0.01322716,1733886300000000000,2024-12-11 03:05:00+00:00,1733903100000000000,2024-12-11 07:45:00+00:00,16800000000000,97523.61,97298.05,['10.31 USD'],-0.00231,-13.29 USD,True
BTC/USD.KRAKEN-KrakenBTCUSDResearchStrategy-000-91a7b777-5bb4-4dda-ac2b-43b87457c775,KRAKEN-BACKTEST,KrakenBTCUSDResearchStrategy-000,BTC/USD.KRAKEN,KRAKEN-001,O-20241211-133000-BACKTEST-000-715,O-20241212-004000-BACKTEST-000-716,BUY,FLAT,0.00000000,0.01301804,1733923800000000000,2024-12-11 13:30:00+00:00,1733964000000000000,2024-12-12 00:40:00+00:00,40200000000000,98783.99,100763.64,['10.39 USD'],0.02004,15.38 USD,True
BTC/USD.KRAKEN-KrakenBTCUSDResearchStrategy-000-4e85e5aa-c27f-4ba0-8c9f-923a5aebe492,KRAKEN-BACKTEST,KrakenBTCUSDResearchStrategy-000,BTC/USD.KRAKEN,KRAKEN-001,O-20241212-025500-BACKTEST-000-717,O-20241212-030000-BACKTEST-000-718,BUY,FLAT,0.00000000,0.01267462,1733972100000000000,2024-12-12 02:55:00+00:00,1733972400000000000,2024-12-12 03:00:00+00:00,300000000000,101824.76000000001,101305.15999999999,['10.30 USD'],-0.0051,-16.89 USD,True
BTC/USD.KRAKEN-KrakenBTCUSDResearchStrategy-000-4cbabe85-d4ec-4b12-9d6d-dfc2f6492355,KRAKEN-BACKTEST,KrakenBTCUSDResearchStrategy-000,BTC/USD.KRAKEN,KRAKEN-001,O-20241212-131500-BACKTEST-000-719,O-20241212-133500-BACKTEST-000-720,BUY,FLAT,0.00000000,0.01268885,1734009300000000000,2024-12-12 13:15:00+00:00,1734010500000000000,2024-12-12 13:35:00+00:00,1200000000000,101311.23,100814.19,['10.26 USD'],-0.00491,-16.57 USD,True
BTC/USD.KRAKEN-KrakenBTCUSDResearchStrategy-000-913a3b84-4271-4a10-b210-8bdfd659c7cc,KRAKEN-BACKTEST,KrakenBTCUSDResearchStrategy-000,BTC/USD.KRAKEN,KRAKEN-001,O-20241212-145500-BACKTEST-000-721,O-20241212-151000-BACKTEST-000-722,BUY,FLAT,0.00000000,0.01259125,1734015300000000000,2024-12-12 14:55:00+00:00,1734016200000000000,2024-12-12 15:10:00+00:00,900000000000,101702.04000000001,100814.59,['10.20 USD'],-0.00873,-21.37 USD,True
BTC/USD.KRAKEN-KrakenBTCUSDResearchStrategy-000-f1f387d0-adb0-4e85-adb9-f7438f9ab619,KRAKEN-BACKTEST,KrakenBTCUSDResearchStrategy-000,BTC/USD.KRAKEN,KRAKEN-001,O-20241212-160500-BACKTEST-000-723,O-20241212-163500-BACKTEST-000-724,BUY,FLAT,0.00000000,0.01244722,1734019500000000000,2024-12-12 16:05:00+00:00,1734021300000000000,2024-12-12 16:35:00+00:00,1800000000000,102363.54,101677.62999999999,['10.16 USD'],-0.0067,-18.70 USD,True
BTC/USD.KRAKEN-KrakenBTCUSDResearchStrategy-000-1135efdf-e143-4879-8b43-94552a17493d,KRAKEN-BACKTEST,KrakenBTCUSDResearchStrategy-000,BTC/USD.KRAKEN,KRAKEN-001,O-20241213-082500-BACKTEST-000-725,O-20241213-092000-BACKTEST-000-726,BUY,FLAT,0.00000000,0.01264807,1734078300000000000,2024-12-13 08:25:00+00:00,1734081600000000000,2024-12-13 09:20:00+00:00,3300000000000,100294.5,100065.6,['10.13 USD'],-0.00228,-13.03 USD,True
BTC/USD.KRAKEN-KrakenBTCUSDResearchStrategy-000-a2686374-baf4-4110-aa90-8bdb7cb8416f,KRAKEN-BACKTEST,KrakenBTCUSDResearchStrategy-000,BTC/USD.KRAKEN,KRAKEN-001,O-20241213-104500-BACKTEST-000-727,O-20241213-130500-BACKTEST-000-728,BUY,FLAT,0.00000000,0.01259639,1734086700000000000,2024-12-13 10:45:00+00:00,1734095100000000000,2024-12-13 13:05:00+00:00,8400000000000,100395.86,100121.75,['10.10 USD'],-0.00273,-13.55 USD,True
BTC/USD.KRAKEN-KrakenBTCUSDResearchStrategy-000-f3d7cd5d-46cc-4ea3-911e-2c2d1a774437,KRAKEN-BACKTEST,KrakenBTCUSDResearchStrategy-000,BTC/USD.KRAKEN,KRAKEN-001,O-20241213-143500-BACKTEST-000-729,O-20241213-155000-BACKTEST-000-730,BUY,FLAT,0.00000000,0.01250626,1734100500000000000,2024-12-13 14:35:00+00:00,1734105000000000000,2024-12-13 15:50:00+00:00,4500000000000,100794.11,100034.81999999999,['10.04 USD'],-0.00753,-19.54 USD,True
BTC/USD.KRAKEN-KrakenBTCUSDResearchStrategy-000-7dba5c37-ae30-467b-9f22-9d37d153dddc,KRAKEN-BACKTEST,KrakenBTCUSDResearchStrategy-000,BTC/USD.KRAKEN,KRAKEN-001,O-20241213-173500-BACKTEST-000-731,O-20241213-221500-BACKTEST-000-732,BUY,FLAT,0.00000000,0.01236786,1734111300000000000,2024-12-13 17:35:00+00:00,1734128100000000000,2024-12-13 22:15:00+00:00,16800000000000,101448.04,101130.61,['10.02 USD'],-0.00313,-13.95 USD,True
BTC/USD.KRAKEN-KrakenBTCUSDResearchStrategy-000-e52a4a0c-295b-40da-8002-904a8853d8ad,KRAKEN-BACKTEST,KrakenBTCUSDResearchStrategy-000,BTC/USD.KRAKEN,KRAKEN-001,O-20241214-010000-BACKTEST-000-733,O-20241214-042500-BACKTEST-000-734,BUY,FLAT,0.00000000,0.01225776,1734138000000000000,2024-12-14 01:00:00+00:00,1734150300000000000,2024-12-14 04:25:00+00:00,12300000000000,102017.88,101805.28,['9.99 USD'],-0.00208,-12.60 USD,True
BTC/USD.KRAKEN-KrakenBTCUSDResearchStrategy-000-6a4f1f48-7b9c-4889-b770-b7f236dfd729,KRAKEN-BACKTEST,KrakenBTCUSDResearchStrategy-000,BTC/USD.KRAKEN,KRAKEN-001,O-20241215-012000-BACKTEST-000-735,O-20241215-064500-BACKTEST-000-736,BUY,FLAT,0.00000000,0.01226852,1734225600000000000,2024-12-15 01:20:00+00:00,1734245100000000000,2024-12-15 06:45:00+00:00,19500000000000,101620.28000000001,101865.92,['9.99 USD'],0.00242,-6.98 USD,True
BTC/USD.KRAKEN-KrakenBTCUSDResearchStrategy-000-f6a4b716-9e12-4d0a-89e8-d7bec16d1c27,KRAKEN-BACKTEST,KrakenBTCUSDResearchStrategy-000,BTC/USD.KRAKEN,KRAKEN-001,O-20241215-115500-BACKTEST-000-737,O-20241215-211500-BACKTEST-000-738,BUY,FLAT,0.00000000,0.01212252,1734263700000000000,2024-12-15 11:55:00+00:00,1734297300000000000,2024-12-15 21:15:00+00:00,33600000000000,102671.44,102883.70999999999,['9.97 USD'],0.00207,-7.40 USD,True
BTC/USD.KRAKEN-KrakenBTCUSDResearchStrategy-000-899f6902-81b6-4073-ac31-8f2f7e39f547,KRAKEN-BACKTEST,KrakenBTCUSDResearchStrategy-000,BTC/USD.KRAKEN,KRAKEN-001,O-20241215-230000-BACKTEST-000-739,O-20241216-081500-BACKTEST-000-740,BUY,FLAT,0.00000000,0.01200820,1734303600000000000,2024-12-15 23:00:00+00:00,1734336900000000000,2024-12-16 08:15:00+00:00,33300000000000,103463.99,104740.01,['10.00 USD'],0.01233,5.32 USD,True
BTC/USD.KRAKEN-KrakenBTCUSDResearchStrategy-000-dec071f2-272b-4829-86a0-f6dd3717eaf0,KRAKEN-BACKTEST,KrakenBTCUSDResearchStrategy-000,BTC/USD.KRAKEN,KRAKEN-001,O-20241216-151000-BACKTEST-000-741,O-20241216-204500-BACKTEST-000-742,BUY,FLAT,0.00000000,0.01173110,1734361800000000000,2024-12-16 15:10:00+00:00,1734381900000000000,2024-12-16 20:45:00+00:00,20100000000000,106044.0,105918.11,['9.95 USD'],-0.00119,-11.43 USD,True
BTC/USD.KRAKEN-KrakenBTCUSDResearchStrategy-000-c1fc75ac-06aa-4f85-a42a-d8aa04df9915,KRAKEN-BACKTEST,KrakenBTCUSDResearchStrategy-000,BTC/USD.KRAKEN,KRAKEN-001,O-20241217-013500-BACKTEST-000-743,O-20241217-063500-BACKTEST-000-744,BUY,FLAT,0.00000000,0.01166005,1734399300000000000,2024-12-17 01:35:00+00:00,1734417300000000000,2024-12-17 06:35:00+00:00,18000000000000,106396.37000000001,106374.96,['9.92 USD'],-0.0002,-10.17 USD,True
BTC/USD.KRAKEN-KrakenBTCUSDResearchStrategy-000-e0a9333a-5d02-4c3f-b867-ff70bdef1e52,KRAKEN-BACKTEST,KrakenBTCUSDResearchStrategy-000,BTC/USD.KRAKEN,KRAKEN-001,O-20241217-082500-BACKTEST-000-745,O-20241217-101500-BACKTEST-000-746,BUY,FLAT,0.00000000,0.01153398,1734423900000000000,2024-12-17 08:25:00+00:00,1734430500000000000,2024-12-17 10:15:00+00:00,6600000000000,107294.73999999999,107005.86,['9.89 USD'],-0.00269,-13.22 USD,True
BTC/USD.KRAKEN-KrakenBTCUSDResearchStrategy-000-61fe67fe-cdaf-4f98-8912-cc1364054f87,KRAKEN-BACKTEST,KrakenBTCUSDResearchStrategy-000,BTC/USD.KRAKEN,KRAKEN-001,O-20241217-142000-BACKTEST-000-747,O-20241217-143500-BACKTEST-000-748,BUY,FLAT,0.00000000,0.01145188,1734445200000000000,2024-12-17 14:20:00+00:00,1734446100000000000,2024-12-17 14:35:00+00:00,900000000000,107717.40000000001,107353.25,['9.85 USD'],-0.00338,-14.02 USD,True
BTC/USD.KRAKEN-KrakenBTCUSDResearchStrategy-000-80db9a03-a052-4725-b036-78e605229aaa,KRAKEN-BACKTEST,KrakenBTCUSDResearchStrategy-000,BTC/USD.KRAKEN,KRAKEN-001,O-20241218-113000-BACKTEST-000-749,O-20241218-135500-BACKTEST-000-750,BUY,FLAT,0.00000000,0.01173028,1734521400000000000,2024-12-18 11:30:00+00:00,1734530100000000000,2024-12-18 13:55:00+00:00,8700000000000,104802.26999999999,104580.58,['9.83 USD'],-0.00212,-12.43 USD,True
BTC/USD.KRAKEN-KrakenBTCUSDResearchStrategy-000-617e4383-840a-49e7-87f3-387a8e4c4260,KRAKEN-BACKTEST,KrakenBTCUSDResearchStrategy-000,BTC/USD.KRAKEN,KRAKEN-001,O-20241219-072000-BACKTEST-000-751,O-20241219-133500-BACKTEST-000-752,BUY,FLAT,0.00000000,0.01208302,1734592800000000000,2024-12-19 07:20:00+00:00,1734615300000000000,2024-12-19 13:35:00+00:00,22500000000000,101434.24,101771.98000000001,['9.82 USD'],0.00333,-5.74 USD,True
BTC/USD.KRAKEN-KrakenBTCUSDResearchStrategy-000-b1092085-4f25-4f45-bf36-d7890a892c4b,KRAKEN-BACKTEST,KrakenBTCUSDResearchStrategy-000,BTC/USD.KRAKEN,KRAKEN-001,O-20241220-151000-BACKTEST-000-753,O-20241220-205500-BACKTEST-000-754,BUY,FLAT,0.00000000,0.00933855,1734707400000000000,2024-12-20 15:10:00+00:00,1734728100000000000,2024-12-20 20:55:00+00:00,20700000000000,96337.89,96451.87999999999,['7.20 USD'],0.00118,-6.14 USD,True
BTC/USD.KRAKEN-KrakenBTCUSDResearchStrategy-000-1dee4afe-2e8d-4fb8-9325-33f9dd6969a4,KRAKEN-BACKTEST,KrakenBTCUSDResearchStrategy-000,BTC/USD.KRAKEN,KRAKEN-001,O-20241220-232000-BACKTEST-000-755,O-20241221-001500-BACKTEST-000-756,BUY,FLAT,0.00000000,0.01250120,1734736800000000000,2024-12-20 23:20:00+00:00,1734740100000000000,2024-12-21 00:15:00+00:00,3300000000000,97755.99,97330.01,['9.76 USD'],-0.00436,-15.09 USD,True
BTC/USD.KRAKEN-KrakenBTCUSDResearchStrategy-000-4a1e057e-6598-449c-afeb-869e9bb82c87,KRAKEN-BACKTEST,KrakenBTCUSDResearchStrategy-000,BTC/USD.KRAKEN,KRAKEN-001,O-20241221-051000-BACKTEST-000-757,O-20241221-104500-BACKTEST-000-758,BUY,FLAT,0.00000000,0.01245540,1734757800000000000,2024-12-21 05:10:00+00:00,1734777900000000000,2024-12-21 10:45:00+00:00,20100000000000,97752.0,98200.8,['9.76 USD'],0.00459,-4.17 USD,True
BTC/USD.KRAKEN-KrakenBTCUSDResearchStrategy-000-b4dcc9a3-03bb-4aac-98fa-52e6c0fbd0e9,KRAKEN-BACKTEST,KrakenBTCUSDResearchStrategy-000,BTC/USD.KRAKEN,KRAKEN-001,O-20241222-103500-BACKTEST-000-759,O-20241222-120500-BACKTEST-000-760,BUY,FLAT,0.00000000,0.01249835,1734863700000000000,2024-12-22 10:35:00+00:00,1734869100000000000,2024-12-22 12:05:00+00:00,5400000000000,97316.01,97011.29,['9.72 USD'],-0.00313,-13.53 USD,True
BTC/USD.KRAKEN-KrakenBTCUSDResearchStrategy-000-f21ae1e6-1538-4514-ae24-9cf4c9fc8c3c,KRAKEN-BACKTEST,KrakenBTCUSDResearchStrategy-000,BTC/USD.KRAKEN,KRAKEN-001,O-20241223-035000-BACKTEST-000-761,O-20241223-051500-BACKTEST-000-762,BUY,FLAT,0.00000000,0.01264689,1734925800000000000,2024-12-23 03:50:00+00:00,1734930900000000000,2024-12-23 05:15:00+00:00,5100000000000,95852.05,95365.59,['9.67 USD'],-0.00508,-15.82 USD,True
BTC/USD.KRAKEN-KrakenBTCUSDResearchStrategy-000-1443b74e-da7d-4d83-9289-3ae7c3a5a04d,KRAKEN-BACKTEST,KrakenBTCUSDResearchStrategy-000,BTC/USD.KRAKEN,KRAKEN-001,O-20241223-101500-BACKTEST-000-763,O-20241223-113000-BACKTEST-000-764,BUY,FLAT,0.00000000,0.01254388,1734948900000000000,2024-12-23 10:15:00+00:00,1734953400000000000,2024-12-23 11:30:00+00:00,4500000000000,96260.87,95915.83,['9.64 USD'],-0.00358,-13.97 USD,True
BTC/USD.KRAKEN-KrakenBTCUSDResearchStrategy-000-32e9ef61-c377-4e2e-b037-c83fb1861595,KRAKEN-BACKTEST,KrakenBTCUSDResearchStrategy-000,BTC/USD.KRAKEN,KRAKEN-001,O-20241223-222500-BACKTEST-000-765,O-20241224-001000-BACKTEST-000-766,BUY,FLAT,0.00000000,0.01267326,1734992700000000000,2024-12-23 22:25:00+00:00,1734999000000000000,2024-12-24 00:10:00+00:00,6300000000000,94947.7,94449.2,['9.60 USD'],-0.00525,-15.92 USD,True
BTC/USD.KRAKEN-KrakenBTCUSDResearchStrategy-000-765052a6-445a-4e83-9ee0-5c6639dec623,KRAKEN-BACKTEST,KrakenBTCUSDResearchStrategy-000,BTC/USD.KRAKEN,KRAKEN-001,O-20241224-131000-BACKTEST-000-767,O-20241224-205500-BACKTEST-000-768,BUY,FLAT,0.00000000,0.01267182,1735045800000000000,2024-12-24 13:10:00+00:00,1735073700000000000,2024-12-24 20:55:00+00:00,27900000000000,94581.54999999999,97298.01,['9.72 USD'],0.02872,24.70 USD,True
BTC/USD.KRAKEN-KrakenBTCUSDResearchStrategy-000-9181fbc1-5737-490c-8bbe-eda919c6aeb0,KRAKEN-BACKTEST,KrakenBTCUSDResearchStrategy-000,BTC/USD.KRAKEN,KRAKEN-001,O-20241225-061500-BACKTEST-000-769,O-20241225-062000-BACKTEST-000-770,BUY,FLAT,0.00000000,0.01223714,1735107300000000000,2024-12-25 06:15:00+00:00,1735107600000000000,2024-12-25 06:20:00+00:00,300000000000,98546.79000000001,98170.01,['9.63 USD'],-0.00382,-14.24 USD,True
BTC/USD.KRAKEN-KrakenBTCUSDResearchStrategy-000-34ce13e1-6142-414f-9cd7-815e4a43265b,KRAKEN-BACKTEST,KrakenBTCUSDResearchStrategy-000,BTC/USD.KRAKEN,KRAKEN-001,O-20241225-101000-BACKTEST-000-771,O-20241225-105000-BACKTEST-000-772,BUY,FLAT,0.00000000,0.01218407,1735121400000000000,2024-12-25 10:10:00+00:00,1735123800000000000,2024-12-25 10:50:00+00:00,2400000000000,98625.34,98208.95,['9.60 USD'],-0.00422,-14.67 USD,True
BTC/USD.KRAKEN-KrakenBTCUSDResearchStrategy-000-ece3a661-9d8b-4adb-8a7a-0088ead2b91e,KRAKEN-BACKTEST,KrakenBTCUSDResearchStrategy-000,BTC/USD.KRAKEN,KRAKEN-001,O-20241225-181500-BACKTEST-000-773,O-20241225-211500-BACKTEST-000-774,BUY,FLAT,0.00000000,0.01210050,1735150500000000000,2024-12-25 18:15:00+00:00,1735161300000000000,2024-12-25 21:15:00+00:00,10800000000000,98942.56999999999,98696.01,['9.57 USD'],-0.00249,-12.55 USD,True
BTC/USD.KRAKEN-KrakenBTCUSDResearchStrategy-000-fdf5b9dd-6e2f-4a79-b6d8-567356e633fc,KRAKEN-BACKTEST,KrakenBTCUSDResearchStrategy-000,BTC/USD.KRAKEN,KRAKEN-001,O-20241226-000000-BACKTEST-000-775,O-20241226-002500-BACKTEST-000-776,BUY,FLAT,0.00000000,0.01195977,1735171200000000000,2024-12-26 00:00:00+00:00,1735172700000000000,2024-12-26 00:25:00+00:00,1500000000000,99792.01999999999,99316.73,['9.52 USD'],-0.00476,-15.20 USD,True
BTC/USD.KRAKEN-KrakenBTCUSDResearchStrategy-000-543cf141-50a5-4465-a585-f7ec01134ae1,KRAKEN-BACKTEST,KrakenBTCUSDResearchStrategy-000,BTC/USD.KRAKEN,KRAKEN-001,O-20241227-020500-BACKTEST-000-777,O-20241227-024500-BACKTEST-000-778,BUY,FLAT,0.00000000,0.01234937,1735265100000000000,2024-12-27 02:05:00+00:00,1735267500000000000,2024-12-27 02:45:00+00:00,2400000000000,96274.54000000001,95777.02,['9.49 USD'],-0.00517,-15.63 USD,True
BTC/USD.KRAKEN-KrakenBTCUSDResearchStrategy-000-d9bd3ad3-ce43-4dd8-a1e1-4559996652ba,KRAKEN-BACKTEST,KrakenBTCUSDResearchStrategy-000,BTC/USD.KRAKEN,KRAKEN-001,O-20241227-040000-BACKTEST-000-779,O-20241227-051000-BACKTEST-000-780,BUY,FLAT,0.00000000,0.01227755,1735272000000000000,2024-12-27 04:00:00+00:00,1735276200000000000,2024-12-27 05:10:00+00:00,4200000000000,96455.78,96098.87,['9.46 USD'],-0.0037,-13.84 USD,True
BTC/USD.KRAKEN-KrakenBTCUSDResearchStrategy-000-fc1dfe9a-d333-4ae3-aaad-301f09d43bf0,KRAKEN-BACKTEST,KrakenBTCUSDResearchStrategy-000,BTC/USD.KRAKEN,KRAKEN-001,O-20241228-053000-BACKTEST-000-781,O-20241228-060500-BACKTEST-000-782,BUY,FLAT,0.00000000,0.01245438,1735363800000000000,2024-12-28 05:30:00+00:00,1735365900000000000,2024-12-28 06:05:00+00:00,2100000000000,94752.86,94608.28000000001,['9.43 USD'],-0.00153,-11.23 USD,True
BTC/USD.KRAKEN-KrakenBTCUSDResearchStrategy-000-a9795e12-68e6-45d8-989f-b43aaffa8cf6,KRAKEN-BACKTEST,KrakenBTCUSDResearchStrategy-000,BTC/USD.KRAKEN,KRAKEN-001,O-20241228-112500-BACKTEST-000-783,O-20241228-125000-BACKTEST-000-784,BUY,FLAT,0.00000000,0.01242052,1735385100000000000,2024-12-28 11:25:00+00:00,1735390200000000000,2024-12-28 12:50:00+00:00,5100000000000,94739.96,94614.13,['9.41 USD'],-0.00133,-10.97 USD,True
BTC/USD.KRAKEN-KrakenBTCUSDResearchStrategy-000-00f2733d-f822-4bfe-a772-af4a31a4a368,KRAKEN-BACKTEST,KrakenBTCUSDResearchStrategy-000,BTC/USD.KRAKEN,KRAKEN-001,O-20241228-141500-BACKTEST-000-785,O-20241228-142500-BACKTEST-000-786,BUY,FLAT,0.00000000,0.01233339,1735395300000000000,2024-12-28 14:15:00+00:00,1735395900000000000,2024-12-28 14:25:00+00:00,600000000000,95142.39,94900.0,['9.37 USD'],-0.00255,-12.36 USD,True
BTC/USD.KRAKEN-KrakenBTCUSDResearchStrategy-000-a070bc0a-eb84-4f5f-979a-398735438764,KRAKEN-BACKTEST,KrakenBTCUSDResearchStrategy-000,BTC/USD.KRAKEN,KRAKEN-001,O-20241228-222000-BACKTEST-000-787,O-20241229-010500-BACKTEST-000-788,BUY,FLAT,0.00000000,0.01228331,1735424400000000000,2024-12-28 22:20:00+00:00,1735434300000000000,2024-12-29 01:05:00+00:00,9900000000000,95228.45000000001,95033.77,['9.35 USD'],-0.00204,-11.74 USD,True
BTC/USD.KRAKEN-KrakenBTCUSDResearchStrategy-000-33833309-9080-4873-aa88-e6e3e7642f5b,KRAKEN-BACKTEST,KrakenBTCUSDResearchStrategy-000,BTC/USD.KRAKEN,KRAKEN-001,O-20241230-122500-BACKTEST-000-789,O-20241230-123500-BACKTEST-000-790,BUY,FLAT,0.00000000,0.01239038,1735561500000000000,2024-12-30 12:25:00+00:00,1735562100000000000,2024-12-30 12:35:00+00:00,600000000000,94121.31,93839.27,['9.31 USD'],-0.003,-12.80 USD,True
BTC/USD.KRAKEN-KrakenBTCUSDResearchStrategy-000-e0b6080c-c829-4ec1-a662-d2a833a45b3c,KRAKEN-BACKTEST,KrakenBTCUSDResearchStrategy-000,BTC/USD.KRAKEN,KRAKEN-001,O-20241230-181000-BACKTEST-000-791,O-20241230-212000-BACKTEST-000-792,BUY,FLAT,0.00000000,0.01230985,1735582200000000000,2024-12-30 18:10:00+00:00,1735593600000000000,2024-12-30 21:20:00+00:00,11400000000000,94424.8,93921.70999999999,['9.27 USD'],-0.00533,-15.46 USD,True
BTC/USD.KRAKEN-KrakenBTCUSDResearchStrategy-000,KRAKEN-BACKTEST,KrakenBTCUSDResearchStrategy-000,BTC/USD.KRAKEN,KRAKEN-001,O-20241231-081500-BACKTEST-000-793,O-20241231-163000-BACKTEST-000-794,BUY,FLAT,0.00000000,0.01241240,1735632900000000000,2024-12-31 08:15:00+00:00,1735662600000000000,2024-12-31 16:30:00+00:00,29700000000000,93270.84000000001,94671.44,['9.33 USD'],0.01502,8.05 USD,False
