client_order_id,trader_id,strategy_id,instrument_id,venue_order_id,position_id,account_id,last_trade_id,type,side,quantity,time_in_force,is_reduce_only,is_quote_quantity,filled_qty,liquidity_side,avg_px,slippage,commissions,emulation_trigger,status,contingency_type,order_list_id,linked_order_ids,parent_order_id,exec_algorithm_id,exec_algorithm_params,exec_spawn_id,tags,init_id,ts_init,ts_last
O-20250101-135500-BACKTEST-000-1,KRAKEN-BACKTEST,KrakenBTCUSDResearchStrategy-000,BTC/USD.KRAKEN,KRAKEN-1-001,BTC/USD.KRAKEN-KrakenBTCUSDResearchStrategy-000,KRAKEN-001,T-278998f91093eb75-641,MARKET,BUY,0.03190411,GTC,False,False,0.03190411,TAKER,94031.76,0.0,['12.00 USD'],NO_TRIGGER,FILLED,NO_CONTINGENCY,,,,,,,,3dda134f-d13f-4548-96bc-9a1d4aa60459,2025-01-01 13:55:00+00:00,2025-01-01 13:55:00+00:00
O-20250101-171000-BACKTEST-000-2,KRAKEN-BACKTEST,KrakenBTCUSDResearchStrategy-000,BTC/USD.KRAKEN,KRAKEN-1-002,BTC/USD.KRAKEN-KrakenBTCUSDResearchStrategy-000,KRAKEN-001,T-da7c97c526e41485-795,MARKET,SELL,0.03190411,GTC,False,False,0.03190411,TAKER,93863.12,0.0,['11.98 USD'],NO_TRIGGER,FILLED,NO_CONTINGENCY,,,,,,,,441fcdf5-b657-4137-8d0b-f6dc9f36d115,2025-01-01 17:10:00+00:00,2025-01-01 17:10:00+00:00
O-20250101-194500-BACKTEST-000-3,KRAKEN-BACKTEST,KrakenBTCUSDResearchStrategy-000,BTC/USD.KRAKEN,KRAKEN-1-003,BTC/USD.KRAKEN-KrakenBTCUSDResearchStrategy-000,KRAKEN-001,T-e5e07a5bb9fe7b95-918,MARKET,BUY,0.03157183,GTC,False,False,0.03157183,TAKER,94742.42,0.0,['11.96 USD'],NO_TRIGGER,FILLED,NO_CONTINGENCY,,,,,,,,dcbc4d61-34bc-4e19-a6fb-9d74d15a0ff8,2025-01-01 19:45:00+00:00,2025-01-01 19:45:00+00:00
O-20250102-000000-BACKTEST-000-4,KRAKEN-BACKTEST,KrakenBTCUSDResearchStrategy-000,BTC/USD.KRAKEN,KRAKEN-1-004,BTC/USD.KRAKEN-KrakenBTCUSDResearchStrategy-000,KRAKEN-001,T-2fce78522718c9ab-1116,MARKET,SELL,0.03157183,GTC,False,False,0.03157183,TAKER,94472.98,0.0,['11.93 USD'],NO_TRIGGER,FILLED,NO_CONTINGENCY,,,,,,,,b44b9965-e1d7-4b1c-b90e-1840e7bd6e20,2025-01-02 00:00:00+00:00,2025-01-02 00:00:00+00:00
O-20250102-043500-BACKTEST-000-5,KRAKEN-BACKTEST,KrakenBTCUSDResearchStrategy-000,BTC/USD.KRAKEN,KRAKEN-1-005,BTC/USD.KRAKEN-KrakenBTCUSDResearchStrategy-000,KRAKEN-001,T-8f1780475e99e6f0-1330,MARKET,BUY,0.03114394,GTC,False,False,0.03114394,TAKER,95732.0,0.0,['11.93 USD'],NO_TRIGGER,FILLED,NO_CONTINGENCY,,,,,,,,46ee9fd5-3255-4daf-a6b6-eaed00407a22,2025-01-02 04:35:00+00:00,2025-01-02 04:35:00+00:00
O-20250102-062500-BACKTEST-000-6,KRAKEN-BACKTEST,KrakenBTCUSDResearchStrategy-000,BTC/USD.KRAKEN,KRAKEN-1-006,BTC/USD.KRAKEN-KrakenBTCUSDResearchStrategy-000,KRAKEN-001,T-8a953700237940e4-1419,MARKET,SELL,0.03114394,GTC,False,False,0.03114394,TAKER,95460.0,0.0,['11.89 USD'],NO_TRIGGER,FILLED,NO_CONTINGENCY,,,,,,,,fdf5e165-32f3-4b55-869d-134596cc42b2,2025-01-02 06:25:00+00:00,2025-01-02 06:25:00+00:00
O-20250102-085000-BACKTEST-000-7,KRAKEN-BACKTEST,KrakenBTCUSDResearchStrategy-000,BTC/USD.KRAKEN,KRAKEN-1-007,BTC/USD.KRAKEN-KrakenBTCUSDResearchStrategy-000,KRAKEN-001,T-75724e716556464b-1531,MARKET,BUY,0.03090780,GTC,False,False,0.03090780,TAKER,96150.0,0.0,['11.89 USD'],NO_TRIGGER,FILLED,NO_CONTINGENCY,,,,,,,,70ecec59-01cc-45dd-b337-975b394b55b6,2025-01-02 08:50:00+00:00,2025-01-02 08:50:00+00:00
O-20250102-140000-BACKTEST-000-8,KRAKEN-BACKTEST,KrakenBTCUSDResearchStrategy-000,BTC/USD.KRAKEN,KRAKEN-1-008,BTC/USD.KRAKEN-KrakenBTCUSDResearchStrategy-000,KRAKEN-001,T-acd7b0dd125b603a-1776,MARKET,SELL,0.03090780,GTC,False,False,0.03090780,TAKER,96000.0,0.0,['11.87 USD'],NO_TRIGGER,FILLED,NO_CONTINGENCY,,,,,,,,2904403f-c373-4caa-9205-1f56957f9eeb,2025-01-02 14:00:00+00:00,2025-01-02 14:00:00+00:00
O-20250102-163000-BACKTEST-000-9,KRAKEN-BACKTEST,KrakenBTCUSDResearchStrategy-000,BTC/USD.KRAKEN,KRAKEN-1-009,BTC/USD.KRAKEN-KrakenBTCUSDResearchStrategy-000,KRAKEN-001,T-a8812a1a9da79581-1896,MARKET,BUY,0.03038204,GTC,False,False,0.03038204,TAKER,97533.54,0.0,['11.85 USD'],NO_TRIGGER,FILLED,NO_CONTINGENCY,,,,,,,,0c60efe4-e191-44de-8120-a13f2b66ec09,2025-01-02 16:30:00+00:00,2025-01-02 16:30:00+00:00
O-20250102-173000-BACKTEST-000-10,KRAKEN-BACKTEST,KrakenBTCUSDResearchStrategy-000,BTC/USD.KRAKEN,KRAKEN-1-010,BTC/USD.KRAKEN-KrakenBTCUSDResearchStrategy-000,KRAKEN-001,T-dc1651a4abba36e9-1944,MARKET,SELL,0.03038204,GTC,False,False,0.03038204,TAKER,96806.43999999999,0.0,['11.76 USD'],NO_TRIGGER,FILLED,NO_CONTINGENCY,,,,,,,,cd23ebde-576a-49dd-bf83-29ac35a415ee,2025-01-02 17:30:00+00:00,2025-01-02 17:30:00+00:00
O-20250102-202000-BACKTEST-000-11,KRAKEN-BACKTEST,KrakenBTCUSDResearchStrategy-000,BTC/USD.KRAKEN,KRAKEN-1-011,BTC/USD.KRAKEN-KrakenBTCUSDResearchStrategy-000,KRAKEN-001,T-00bc9cf122a68443-2077,MARKET,BUY,0.03015052,GTC,False,False,0.03015052,TAKER,97827.75,0.0,['11.80 USD'],NO_TRIGGER,FILLED,NO_CONTINGENCY,,,,,,,,b089b986-1c00-46ec-8b21-3f1f1afa5c35,2025-01-02 20:20:00+00:00,2025-01-02 20:20:00+00:00
O-20250102-203500-BACKTEST-000-12,KRAKEN-BACKTEST,KrakenBTCUSDResearchStrategy-000,BTC/USD.KRAKEN,KRAKEN-1-012,BTC/USD.KRAKEN-KrakenBTCUSDResearchStrategy-000,KRAKEN-001,T-e3b072520e1e72fa-2089,MARKET,SELL,0.03015052,GTC,False,False,0.03015052,TAKER,97402.53,0.0,['11.75 USD'],NO_TRIGGER,FILLED,NO_CONTINGENCY,,,,,,,,6548312e-0217-40a4-83d6-345cbcaa98ca,2025-01-02 20:35:00+00:00,2025-01-02 20:35:00+00:00
O-20250103-120500-BACKTEST-000-13,KRAKEN-BACKTEST,KrakenBTCUSDResearchStrategy-000,BTC/USD.KRAKEN,KRAKEN-1-013,BTC/USD.KRAKEN-KrakenBTCUSDResearchStrategy-000,KRAKEN-001,T-58645d365419e770-2800,MARKET,BUY,0.03034287,GTC,False,False,0.03034287,TAKER,96848.0,0.0,['11.75 USD'],NO_TRIGGER,FILLED,NO_CONTINGENCY,,,,,,,,c3b450e6-9f42-4993-8689-20411b1509e3,2025-01-03 12:05:00+00:00,2025-01-03 12:05:00+00:00
O-20250103-130000-BACKTEST-000-14,KRAKEN-BACKTEST,KrakenBTCUSDResearchStrategy-000,BTC/USD.KRAKEN,KRAKEN-1-014,BTC/USD.KRAKEN-KrakenBTCUSDResearchStrategy-000,KRAKEN-001,T-9282610cd09b34a8-2841,MARKET,SELL,0.03034287,GTC,False,False,0.03034287,TAKER,96592.0,0.0,['11.72 USD'],NO_TRIGGER,FILLED,NO_CONTINGENCY,,,,,,,,6e86d140-14d6-45cd-b754-5bdb63c2cb54,2025-01-03 13:00:00+00:00,2025-01-03 13:00:00+00:00
O-20250103-142000-BACKTEST-000-15,KRAKEN-BACKTEST,KrakenBTCUSDResearchStrategy-000,BTC/USD.KRAKEN,KRAKEN-1-015,BTC/USD.KRAKEN-KrakenBTCUSDResearchStrategy-000,KRAKEN-001,T-89d43c1f464dcf76-2904,MARKET,BUY,0.03019568,GTC,False,False,0.03019568,TAKER,97009.72,0.0,['11.72 USD'],NO_TRIGGER,FILLED,NO_CONTINGENCY,,,,,,,,e44c7865-9382-48da-916b-8d06bb3eef12,2025-01-03 14:20:00+00:00,2025-01-03 14:20:00+00:00
O-20250103-232500-BACKTEST-000-16,KRAKEN-BACKTEST,KrakenBTCUSDResearchStrategy-000,BTC/USD.KRAKEN,KRAKEN-1-016,BTC/USD.KRAKEN-KrakenBTCUSDResearchStrategy-000,KRAKEN-001,T-2ade5d77633e5914-3328,MARKET,SELL,0.03019568,GTC,False,False,0.03019568,TAKER,98101.01000000001,0.0,['11.85 USD'],NO_TRIGGER,FILLED,NO_CONTINGENCY,,,,,,,,86ac1989-9258-4531-abc6-2af5eabec162,2025-01-03 23:25:00+00:00,2025-01-03 23:25:00+00:00
O-20250104-151500-BACKTEST-000-17,KRAKEN-BACKTEST,KrakenBTCUSDResearchStrategy-000,BTC/USD.KRAKEN,KRAKEN-1-017,BTC/USD.KRAKEN-KrakenBTCUSDResearchStrategy-000,KRAKEN-001,T-8db4bde9459bf66b-4052,MARKET,BUY,0.02987311,GTC,False,False,0.02987311,TAKER,98151.52,0.0,['11.73 USD'],NO_TRIGGER,FILLED,NO_CONTINGENCY,,,,,,,,6669355e-43f4-415d-adce-ed5eb2d51f80,2025-01-04 15:15:00+00:00,2025-01-04 15:15:00+00:00
O-20250104-152500-BACKTEST-000-18,KRAKEN-BACKTEST,KrakenBTCUSDResearchStrategy-000,BTC/USD.KRAKEN,KRAKEN-1-018,BTC/USD.KRAKEN-KrakenBTCUSDResearchStrategy-000,KRAKEN-001,T-fe4bea1dabbe8a7b-4060,MARKET,SELL,0.02987311,GTC,False,False,0.02987311,TAKER,97832.06,0.0,['11.69 USD'],NO_TRIGGER,FILLED,NO_CONTINGENCY,,,,,,,,d247b540-b39a-4b44-92a7-cfaad6a7fefa,2025-01-04 15:25:00+00:00,2025-01-04 15:25:00+00:00
O-20250104-191500-BACKTEST-000-19,KRAKEN-BACKTEST,KrakenBTCUSDResearchStrategy-000,BTC/USD.KRAKEN,KRAKEN-1-019,BTC/USD.KRAKEN-KrakenBTCUSDResearchStrategy-000,KRAKEN-001,T-b1f1af964525c6bf-4239,MARKET,BUY,0.02975929,GTC,False,False,0.02975929,TAKER,98194.66,0.0,['11.69 USD'],NO_TRIGGER,FILLED,NO_CONTINGENCY,,,,,,,,139bcd5c-8828-4788-94f4-e87796d344cf,2025-01-04 19:15:00+00:00,2025-01-04 19:15:00+00:00
O-20250104-231000-BACKTEST-000-20,KRAKEN-BACKTEST,KrakenBTCUSDResearchStrategy-000,BTC/USD.KRAKEN,KRAKEN-1-020,BTC/USD.KRAKEN-KrakenBTCUSDResearchStrategy-000,KRAKEN-001,T-fafb1bf675467e91-4418,MARKET,SELL,0.02975929,GTC,False,False,0.02975929,TAKER,98174.98999999999,0.0,['11.69 USD'],NO_TRIGGER,FILLED,NO_CONTINGENCY,,,,,,,,7f8915b2-d3dd-4487-b0ee-0c1c1e5dfa93,2025-01-04 23:10:00+00:00,2025-01-04 23:10:00+00:00
O-20250105-042500-BACKTEST-000-21,KRAKEN-BACKTEST,KrakenBTCUSDResearchStrategy-000,BTC/USD.KRAKEN,KRAKEN-1-021,BTC/USD.KRAKEN-KrakenBTCUSDResearchStrategy-000,KRAKEN-001,T-387021298873fd5d-4654,MARKET,BUY,0.02959792,GTC,False,False,0.02959792,TAKER,98487.16,0.0,['11.66 USD'],NO_TRIGGER,FILLED,NO_CONTINGENCY,,,,,,,,ed503031-0b4c-4612-b8b1-966f0927c27d,2025-01-05 04:25:00+00:00,2025-01-05 04:25:00+00:00
O-20250105-045500-BACKTEST-000-22,KRAKEN-BACKTEST,KrakenBTCUSDResearchStrategy-000,BTC/USD.KRAKEN,KRAKEN-1-022,BTC/USD.KRAKEN-KrakenBTCUSDResearchStrategy-000,KRAKEN-001,T-8b9f86cfc9666015-4674,MARKET,SELL,0.02959792,GTC,False,False,0.02959792,TAKER,98357.45999999999,0.0,['11.64 USD'],NO_TRIGGER,FILLED,NO_CONTINGENCY,,,,,,,,5fa93640-c704-497e-8a0d-734c2be198ec,2025-01-05 04:55:00+00:00,2025-01-05 04:55:00+00:00
O-20250105-201500-BACKTEST-000-23,KRAKEN-BACKTEST,KrakenBTCUSDResearchStrategy-000,BTC/USD.KRAKEN,KRAKEN-1-023,BTC/USD.KRAKEN-KrakenBTCUSDResearchStrategy-000,KRAKEN-001,T-3730f433bf2a2961-5363,MARKET,BUY,0.02949175,GTC,False,False,0.02949175,TAKER,98565.65000000001,0.0,['11.63 USD'],NO_TRIGGER,FILLED,NO_CONTINGENCY,,,,,,,,82ee699e-807f-46fa-807d-1829f4d52460,2025-01-05 20:15:00+00:00,2025-01-05 20:15:00+00:00
O-20250105-203000-BACKTEST-000-24,KRAKEN-BACKTEST,KrakenBTCUSDResearchStrategy-000,BTC/USD.KRAKEN,KRAKEN-1-024,BTC/USD.KRAKEN-KrakenBTCUSDResearchStrategy-000,KRAKEN-001,T-528ae3c1a2f6b30a-5376,MARKET,SELL,0.02949175,GTC,False,False,0.02949175,TAKER,98357.01000000001,0.0,['11.60 USD'],NO_TRIGGER,FILLED,NO_CONTINGENCY,,,,,,,,95377dac-602a-4625-8446-7012a39b6267,2025-01-05 20:30:00+00:00,2025-01-05 20:30:00+00:00
O-20250105-223500-BACKTEST-000-25,KRAKEN-BACKTEST,KrakenBTCUSDResearchStrategy-000,BTC/USD.KRAKEN,KRAKEN-1-025,BTC/USD.KRAKEN-KrakenBTCUSDResearchStrategy-000,KRAKEN-001,T-facb047ceb493c87-5473,MARKET,BUY,0.02935707,GTC,False,False,0.02935707,TAKER,98717.59,0.0,['11.59 USD'],NO_TRIGGER,FILLED,NO_CONTINGENCY,,,,,,,,c3a3fcea-7ce7-4222-bfb4-4227932e8c7c,2025-01-05 22:35:00+00:00,2025-01-05 22:35:00+00:00
O-20250105-225000-BACKTEST-000-26,KRAKEN-BACKTEST,KrakenBTCUSDResearchStrategy-000,BTC/USD.KRAKEN,KRAKEN-1-026,BTC/USD.KRAKEN-KrakenBTCUSDResearchStrategy-000,KRAKEN-001,T-37550f2e06f3096b-5484,MARKET,SELL,0.02935707,GTC,False,False,0.02935707,TAKER,98516.28000000001,0.0,['11.57 USD'],NO_TRIGGER,FILLED,NO_CONTINGENCY,,,,,,,,bd445fe7-fe7b-4263-882d-33ca9e127ca8,2025-01-05 22:50:00+00:00,2025-01-05 22:50:00+00:00
O-20250106-020000-BACKTEST-000-27,KRAKEN-BACKTEST,KrakenBTCUSDResearchStrategy-000,BTC/USD.KRAKEN,KRAKEN-1-027,BTC/USD.KRAKEN-KrakenBTCUSDResearchStrategy-000,KRAKEN-001,T-3c3b2f61f47cb1a6-5631,MARKET,BUY,0.02921900,GTC,False,False,0.02921900,TAKER,98885.59,0.0,['11.56 USD'],NO_TRIGGER,FILLED,NO_CONTINGENCY,,,,,,,,d577786e-af5d-43c7-9668-562211e94d69,2025-01-06 02:00:00+00:00,2025-01-06 02:00:00+00:00
O-20250106-084000-BACKTEST-000-28,KRAKEN-BACKTEST,KrakenBTCUSDResearchStrategy-000,BTC/USD.KRAKEN,KRAKEN-1-028,BTC/USD.KRAKEN-KrakenBTCUSDResearchStrategy-000,KRAKEN-001,T-96d46fae4f1987f5-5946,MARKET,SELL,0.02921900,GTC,False,False,0.02921900,TAKER,99046.63,0.0,['11.58 USD'],NO_TRIGGER,FILLED,NO_CONTINGENCY,,,,,,,,a9fae6e5-92af-419f-a271-b24716b33853,2025-01-06 08:40:00+00:00,2025-01-06 08:40:00+00:00
O-20250106-122000-BACKTEST-000-29,KRAKEN-BACKTEST,KrakenBTCUSDResearchStrategy-000,BTC/USD.KRAKEN,KRAKEN-1-029,BTC/USD.KRAKEN-KrakenBTCUSDResearchStrategy-000,KRAKEN-001,T-cb3f171fbd1142f1-6116,MARKET,BUY,0.02893161,GTC,False,False,0.02893161,TAKER,99676.68,0.0,['11.54 USD'],NO_TRIGGER,FILLED,NO_CONTINGENCY,,,,,,,,131de5be-fbd0-4639-a949-7bcf41f0bdb1,2025-01-06 12:20:00+00:00,2025-01-06 12:20:00+00:00
O-20250106-124500-BACKTEST-000-30,KRAKEN-BACKTEST,KrakenBTCUSDResearchStrategy-000,BTC/USD.KRAKEN,KRAKEN-1-030,BTC/USD.KRAKEN-KrakenBTCUSDResearchStrategy-000,KRAKEN-001,T-223febc352c380ac-6135,MARKET,SELL,0.02893161,GTC,False,False,0.02893161,TAKER,99360.0,0.0,['11.50 USD'],NO_TRIGGER,FILLED,NO_CONTINGENCY,,,,,,,,8ce356d7-1825-40f3-ba44-7342dc9a5628,2025-01-06 12:45:00+00:00,2025-01-06 12:45:00+00:00
O-20250106-144500-BACKTEST-000-31,KRAKEN-BACKTEST,KrakenBTCUSDResearchStrategy-000,BTC/USD.KRAKEN,KRAKEN-1-031,BTC/USD.KRAKEN-KrakenBTCUSDResearchStrategy-000,KRAKEN-001,T-e03f093f5cd54eaf-6231,MARKET,BUY,0.02860129,GTC,False,False,0.02860129,TAKER,100489.99,0.0,['11.50 USD'],NO_TRIGGER,FILLED,NO_CONTINGENCY,,,,,,,,d795a5c8-b14e-48b8-ba45-d4835cfdff09,2025-01-06 14:45:00+00:00,2025-01-06 14:45:00+00:00
O-20250107-012500-BACKTEST-000-32,KRAKEN-BACKTEST,KrakenBTCUSDResearchStrategy-000,BTC/USD.KRAKEN,KRAKEN-1-032,BTC/USD.KRAKEN-KrakenBTCUSDResearchStrategy-000,KRAKEN-001,T-d8eba8ecc7e35667-6733,MARKET,SELL,0.02860129,GTC,False,False,0.02860129,TAKER,101685.27,0.0,['11.63 USD'],NO_TRIGGER,FILLED,NO_CONTINGENCY,,,,,,,,25a9a634-c930-46aa-b227-cb507be26bf8,2025-01-07 01:25:00+00:00,2025-01-07 01:25:00+00:00
O-20250107-070000-BACKTEST-000-33,KRAKEN-BACKTEST,KrakenBTCUSDResearchStrategy-000,BTC/USD.KRAKEN,KRAKEN-1-033,BTC/USD.KRAKEN-KrakenBTCUSDResearchStrategy-000,KRAKEN-001,T-5af3340d6b46574f-6988,MARKET,BUY,0.02820668,GTC,False,False,0.02820668,TAKER,102013.48,0.0,['11.51 USD'],NO_TRIGGER,FILLED,NO_CONTINGENCY,,,,,,,,97609d3c-f18c-46a5-8409-ad5b57dc6378,2025-01-07 07:00:00+00:00,2025-01-07 07:00:00+00:00
O-20250107-071000-BACKTEST-000-34,KRAKEN-BACKTEST,KrakenBTCUSDResearchStrategy-000,BTC/USD.KRAKEN,KRAKEN-1-034,BTC/USD.KRAKEN-KrakenBTCUSDResearchStrategy-000,KRAKEN-001,T-8e63cb8472de08f4-6996,MARKET,SELL,0.02820668,GTC,False,False,0.02820668,TAKER,101868.0,0.0,['11.49 USD'],NO_TRIGGER,FILLED,NO_CONTINGENCY,,,,,,,,1e0ce4a8-d058-4a20-9126-5889ef6e2b13,2025-01-07 07:10:00+00:00,2025-01-07 07:10:00+00:00
O-20250108-225500-BACKTEST-000-35,KRAKEN-BACKTEST,KrakenBTCUSDResearchStrategy-000,BTC/USD.KRAKEN,KRAKEN-1-035,BTC/USD.KRAKEN-KrakenBTCUSDResearchStrategy-000,KRAKEN-001,T-707b520b66ac5d1b-8849,MARKET,BUY,0.03011128,GTC,False,False,0.03011128,TAKER,95290.93000000001,0.0,['11.48 USD'],NO_TRIGGER,FILLED,NO_CONTINGENCY,,,,,,,,e4bce176-d03c-42f7-9712-d473b1e0ead4,2025-01-08 22:55:00+00:00,2025-01-08 22:55:00+00:00
O-20250109-000000-BACKTEST-000-36,KRAKEN-BACKTEST,KrakenBTCUSDResearchStrategy-000,BTC/USD.KRAKEN,KRAKEN-1-036,BTC/USD.KRAKEN-KrakenBTCUSDResearchStrategy-000,KRAKEN-001,T-4c14f280f8ea1e87-8901,MARKET,SELL,0.03011128,GTC,False,False,0.03011128,TAKER,94956.01999999999,0.0,['11.44 USD'],NO_TRIGGER,FILLED,NO_CONTINGENCY,,,,,,,,20fd0b4c-72b4-434f-8611-eb8c82d57d7d,2025-01-09 00:00:00+00:00,2025-01-09 00:00:00+00:00
O-20250109-012000-BACKTEST-000-37,KRAKEN-BACKTEST,KrakenBTCUSDResearchStrategy-000,BTC/USD.KRAKEN,KRAKEN-1-037,BTC/USD.KRAKEN-KrakenBTCUSDResearchStrategy-000,KRAKEN-001,T-b558eb46cdb0a99c-8965,MARKET,BUY,0.02999065,GTC,False,False,0.02999065,TAKER,95344.11,0.0,['11.44 USD'],NO_TRIGGER,FILLED,NO_CONTINGENCY,,,,,,,,6afcc0c2-5d09-44f9-bb11-e5690a06d07a,2025-01-09 01:20:00+00:00,2025-01-09 01:20:00+00:00
O-20250109-014500-BACKTEST-000-38,KRAKEN-BACKTEST,KrakenBTCUSDResearchStrategy-000,BTC/USD.KRAKEN,KRAKEN-1-038,BTC/USD.KRAKEN-KrakenBTCUSDResearchStrategy-000,KRAKEN-001,T-918f3e7f8ea79ea4-8985,MARKET,SELL,0.02999065,GTC,False,False,0.02999065,TAKER,95036.07,0.0,['11.40 USD'],NO_TRIGGER,FILLED,NO_CONTINGENCY,,,,,,,,a9000b4d-36d2-44ad-acf3-fee020433864,2025-01-09 01:45:00+00:00,2025-01-09 01:45:00+00:00
O-20250109-160500-BACKTEST-000-39,KRAKEN-BACKTEST,KrakenBTCUSDResearchStrategy-000,BTC/USD.KRAKEN,KRAKEN-1-039,BTC/USD.KRAKEN-KrakenBTCUSDResearchStrategy-000,KRAKEN-001,T-1e02f90883a7fb58-9655,MARKET,BUY,0.03012203,GTC,False,False,0.03012203,TAKER,94608.75,0.0,['11.40 USD'],NO_TRIGGER,FILLED,NO_CONTINGENCY,,,,,,,,51b70950-43de-4c57-afc8-29b57bfe10e7,2025-01-09 16:05:00+00:00,2025-01-09 16:05:00+00:00
O-20250109-171000-BACKTEST-000-40,KRAKEN-BACKTEST,KrakenBTCUSDResearchStrategy-000,BTC/USD.KRAKEN,KRAKEN-1-040,BTC/USD.KRAKEN-KrakenBTCUSDResearchStrategy-000,KRAKEN-001,T-a879202236be6b10-9707,MARKET,SELL,0.03012203,GTC,False,False,0.03012203,TAKER,94001.53,0.0,['11.33 USD'],NO_TRIGGER,FILLED,NO_CONTINGENCY,,,,,,,,9b39f838-26c6-4efe-91e6-3353a716cce5,2025-01-09 17:10:00+00:00,2025-01-09 17:10:00+00:00
O-20250110-014000-BACKTEST-000-41,KRAKEN-BACKTEST,KrakenBTCUSDResearchStrategy-000,BTC/USD.KRAKEN,KRAKEN-1-041,BTC/USD.KRAKEN-KrakenBTCUSDResearchStrategy-000,KRAKEN-001,T-204b31dbe108eded-10110,MARKET,BUY,0.03047342,GTC,False,False,0.03047342,TAKER,93113.97,0.0,['11.35 USD'],NO_TRIGGER,FILLED,NO_CONTINGENCY,,,,,,,,dce6e3a1-f9f8-4c90-94d6-4621d186a9a3,2025-01-10 01:40:00+00:00,2025-01-10 01:40:00+00:00
O-20250110-133000-BACKTEST-000-42,KRAKEN-BACKTEST,KrakenBTCUSDResearchStrategy-000,BTC/USD.KRAKEN,KRAKEN-1-042,BTC/USD.KRAKEN-KrakenBTCUSDResearchStrategy-000,KRAKEN-001,T-7cdc6530750ed6fc-10667,MARKET,SELL,0.03047342,GTC,False,False,0.03047342,TAKER,93472.0,0.0,['11.39 USD'],NO_TRIGGER,FILLED,NO_CONTINGENCY,,,,,,,,61dcaae2-1ff9-4537-bbf4-a89b6eba3fdb,2025-01-10 13:30:00+00:00,2025-01-10 13:30:00+00:00
O-20250110-175500-BACKTEST-000-43,KRAKEN-BACKTEST,KrakenBTCUSDResearchStrategy-000,BTC/USD.KRAKEN,KRAKEN-1-043,BTC/USD.KRAKEN-KrakenBTCUSDResearchStrategy-000,KRAKEN-001,T-99f13cfa45fc0491-10875,MARKET,BUY,0.02958411,GTC,False,False,0.02958411,TAKER,95793.05,0.0,['11.34 USD'],NO_TRIGGER,FILLED,NO_CONTINGENCY,,,,,,,,108aacaa-58ee-4a81-9b12-4c3d3ae308a9,2025-01-10 17:55:00+00:00,2025-01-10 17:55:00+00:00
O-20250110-182500-BACKTEST-000-44,KRAKEN-BACKTEST,KrakenBTCUSDResearchStrategy-000,BTC/USD.KRAKEN,KRAKEN-1-044,BTC/USD.KRAKEN-KrakenBTCUSDResearchStrategy-000,KRAKEN-001,T-d1cc3cf0a2eca0db-10899,MARKET,SELL,0.02958411,GTC,False,False,0.02958411,TAKER,94962.26999999999,0.0,['11.24 USD'],NO_TRIGGER,FILLED,NO_CONTINGENCY,,,,,,,,1a0da0cc-60bc-4ebc-a8f2-7dce01d6d36a,2025-01-10 18:25:00+00:00,2025-01-10 18:25:00+00:00
O-20250111-104500-BACKTEST-000-45,KRAKEN-BACKTEST,KrakenBTCUSDResearchStrategy-000,BTC/USD.KRAKEN,KRAKEN-1-045,BTC/USD.KRAKEN-KrakenBTCUSDResearchStrategy-000,KRAKEN-001,T-94efa0e7e882c36c-11656,MARKET,BUY,0.02984007,GTC,False,False,0.02984007,TAKER,94497.25,0.0,['11.28 USD'],NO_TRIGGER,FILLED,NO_CONTINGENCY,,,,,,,,3abfb6ea-e592-44b8-8607-821c7720c9a7,2025-01-11 10:45:00+00:00,2025-01-11 10:45:00+00:00
O-20250111-131500-BACKTEST-000-46,KRAKEN-BACKTEST,KrakenBTCUSDResearchStrategy-000,BTC/USD.KRAKEN,KRAKEN-1-046,BTC/USD.KRAKEN-KrakenBTCUSDResearchStrategy-000,KRAKEN-001,T-8b8dc04a39759f7b-11772,MARKET,SELL,0.02984007,GTC,False,False,0.02984007,TAKER,94429.11,0.0,['11.27 USD'],NO_TRIGGER,FILLED,NO_CONTINGENCY,,,,,,,,9d90aa9b-12a2-4666-be47-4f502add98dd,2025-01-11 13:15:00+00:00,2025-01-11 13:15:00+00:00
O-20250111-211500-BACKTEST-000-47,KRAKEN-BACKTEST,KrakenBTCUSDResearchStrategy-000,BTC/USD.KRAKEN,KRAKEN-1-047,BTC/USD.KRAKEN-KrakenBTCUSDResearchStrategy-000,KRAKEN-001,T-d6fa7af1cb0c77ad-12136,MARKET,BUY,0.02966752,GTC,False,False,0.02966752,TAKER,94798.3,0.0,['11.25 USD'],NO_TRIGGER,FILLED,NO_CONTINGENCY,,,,,,,,f3774eee-ecfc-472d-8989-a319e78cd046,2025-01-11 21:15:00+00:00,2025-01-11 21:15:00+00:00
O-20250111-225000-BACKTEST-000-48,KRAKEN-BACKTEST,KrakenBTCUSDResearchStrategy-000,BTC/USD.KRAKEN,KRAKEN-1-048,BTC/USD.KRAKEN-KrakenBTCUSDResearchStrategy-000,KRAKEN-001,T-9c7f954f54d5bd17-12207,MARKET,SELL,0.02966752,GTC,False,False,0.02966752,TAKER,94561.01000000001,0.0,['11.22 USD'],NO_TRIGGER,FILLED,NO_CONTINGENCY,,,,,,,,b886f9bb-8539-4786-ad4c-3780f22cc8d7,2025-01-11 22:50:00+00:00,2025-01-11 22:50:00+00:00
O-20250112-132000-BACKTEST-000-49,KRAKEN-BACKTEST,KrakenBTCUSDResearchStrategy-000,BTC/USD.KRAKEN,KRAKEN-1-049,BTC/USD.KRAKEN-KrakenBTCUSDResearchStrategy-000,KRAKEN-001,T-d58263c47a8c53ef-12861,MARKET,BUY,0.02961693,GTC,False,False,0.02961693,TAKER,94661.31999999999,0.0,['11.21 USD'],NO_TRIGGER,FILLED,NO_CONTINGENCY,,,,,,,,a8fef3dc-d2b0-402b-a823-b8ff1728aa06,2025-01-12 13:20:00+00:00,2025-01-12 13:20:00+00:00
O-20250112-192000-BACKTEST-000-50,KRAKEN-BACKTEST,KrakenBTCUSDResearchStrategy-000,BTC/USD.KRAKEN,KRAKEN-1-050,BTC/USD.KRAKEN-KrakenBTCUSDResearchStrategy-000,KRAKEN-001,T-22f44b11ab1aa3c6-13141,MARKET,SELL,0.02961693,GTC,False,False,0.02961693,TAKER,94827.71999999999,0.0,['11.23 USD'],NO_TRIGGER,FILLED,NO_CONTINGENCY,,,,,,,,7eadf5db-9d7c-4ce9-b2a2-bf3dc4c263b1,2025-01-12 19:20:00+00:00,2025-01-12 19:20:00+00:00
O-20250113-203500-BACKTEST-000-51,KRAKEN-BACKTEST,KrakenBTCUSDResearchStrategy-000,BTC/USD.KRAKEN,KRAKEN-1-051,BTC/USD.KRAKEN-KrakenBTCUSDResearchStrategy-000,KRAKEN-001,T-4d921d1efe1242b0-14330,MARKET,BUY,0.03020960,GTC,False,False,0.03020960,TAKER,92630.31,0.0,['11.19 USD'],NO_TRIGGER,FILLED,NO_CONTINGENCY,,,,,,,,773d0e84-b851-44e8-bd2c-d32708a51f76,2025-01-13 20:35:00+00:00,2025-01-13 20:35:00+00:00
O-20250114-160000-BACKTEST-000-52,KRAKEN-BACKTEST,KrakenBTCUSDResearchStrategy-000,BTC/USD.KRAKEN,KRAKEN-1-052,BTC/USD.KRAKEN-KrakenBTCUSDResearchStrategy-000,KRAKEN-001,T-1a4820d8128087cb-15234,MARKET,SELL,0.03020960,GTC,False,False,0.03020960,TAKER,95748.26,0.0,['11.57 USD'],NO_TRIGGER,FILLED,NO_CONTINGENCY,,,,,,,,65efd42a-ad3a-48a7-a8c0-3d5e42a3a045,2025-01-14 16:00:00+00:00,2025-01-14 16:00:00+00:00
O-20250115-002000-BACKTEST-000-53,KRAKEN-BACKTEST,KrakenBTCUSDResearchStrategy-000,BTC/USD.KRAKEN,KRAKEN-1-053,BTC/USD.KRAKEN-KrakenBTCUSDResearchStrategy-000,KRAKEN-001,T-e4e7bfe9a55d85d6-15627,MARKET,BUY,0.02903225,GTC,False,False,0.02903225,TAKER,97124.98999999999,0.0,['11.28 USD'],NO_TRIGGER,FILLED,NO_CONTINGENCY,,,,,,,,13cff496-a49c-416a-ae56-e4c155fd9613,2025-01-15 00:20:00+00:00,2025-01-15 00:20:00+00:00
O-20250115-051000-BACKTEST-000-54,KRAKEN-BACKTEST,KrakenBTCUSDResearchStrategy-000,BTC/USD.KRAKEN,KRAKEN-1-054,BTC/USD.KRAKEN-KrakenBTCUSDResearchStrategy-000,KRAKEN-001,T-ed083256fd3e72f8-15856,MARKET,SELL,0.02903225,GTC,False,False,0.02903225,TAKER,96861.77,0.0,['11.25 USD'],NO_TRIGGER,FILLED,NO_CONTINGENCY,,,,,,,,7c9e64a9-9345-4c52-bc53-acb085185029,2025-01-15 05:10:00+00:00,2025-01-15 05:10:00+00:00
O-20250115-134500-BACKTEST-000-55,KRAKEN-BACKTEST,KrakenBTCUSDResearchStrategy-000,BTC/USD.KRAKEN,KRAKEN-1-055,BTC/USD.KRAKEN-KrakenBTCUSDResearchStrategy-000,KRAKEN-001,T-881608b1685eedfb-16255,MARKET,BUY,0.02840829,GTC,False,False,0.02840829,TAKER,98939.61,0.0,['11.24 USD'],NO_TRIGGER,FILLED,NO_CONTINGENCY,,,,,,,,dfa33eec-b537-4ca3-b3e8-1ac10c413f8f,2025-01-15 13:45:00+00:00,2025-01-15 13:45:00+00:00
O-20250116-023500-BACKTEST-000-56,KRAKEN-BACKTEST,KrakenBTCUSDResearchStrategy-000,BTC/USD.KRAKEN,KRAKEN-1-056,BTC/USD.KRAKEN-KrakenBTCUSDResearchStrategy-000,KRAKEN-001,T-6a7b0a46b8fdb563-16861,MARKET,SELL,0.02840829,GTC,False,False,0.02840829,TAKER,99690.90999999999,0.0,['11.33 USD'],NO_TRIGGER,FILLED,NO_CONTINGENCY,,,,,,,,11c207ce-a120-479c-99fd-99d3260e61cd,2025-01-16 02:35:00+00:00,2025-01-16 02:35:00+00:00
O-20250116-173000-BACKTEST-000-57,KRAKEN-BACKTEST,KrakenBTCUSDResearchStrategy-000,BTC/USD.KRAKEN,KRAKEN-1-057,BTC/USD.KRAKEN-KrakenBTCUSDResearchStrategy-000,KRAKEN-001,T-10ad38287d4da340-17554,MARKET,BUY,0.02807579,GTC,False,False,0.02807579,TAKER,100098.21,0.0,['11.24 USD'],NO_TRIGGER,FILLED,NO_CONTINGENCY,,,,,,,,94a4086b-6b89-4ee4-8c32-cf6984dd534a,2025-01-16 17:30:00+00:00,2025-01-16 17:30:00+00:00
O-20250116-181500-BACKTEST-000-58,KRAKEN-BACKTEST,KrakenBTCUSDResearchStrategy-000,BTC/USD.KRAKEN,KRAKEN-1-058,BTC/USD.KRAKEN-KrakenBTCUSDResearchStrategy-000,KRAKEN-001,T-7239f7b24a0083e5-17590,MARKET,SELL,0.02807579,GTC,False,False,0.02807579,TAKER,99461.52,0.0,['11.17 USD'],NO_TRIGGER,FILLED,NO_CONTINGENCY,,,,,,,,081ef024-1b78-4fcf-bdda-19acf8474ddd,2025-01-16 18:15:00+00:00,2025-01-16 18:15:00+00:00
O-20250116-195500-BACKTEST-000-59,KRAKEN-BACKTEST,KrakenBTCUSDResearchStrategy-000,BTC/USD.KRAKEN,KRAKEN-1-059,BTC/USD.KRAKEN-KrakenBTCUSDResearchStrategy-000,KRAKEN-001,T-893b29c8f72769e7-17670,MARKET,BUY,0.02786624,GTC,False,False,0.02786624,TAKER,100417.2,0.0,['11.19 USD'],NO_TRIGGER,FILLED,NO_CONTINGENCY,,,,,,,,0cb24dfb-ecfb-432e-9cbf-0a42c18b5818,2025-01-16 19:55:00+00:00,2025-01-16 19:55:00+00:00
O-20250116-212000-BACKTEST-000-60,KRAKEN-BACKTEST,KrakenBTCUSDResearchStrategy-000,BTC/USD.KRAKEN,KRAKEN-1-060,BTC/USD.KRAKEN-KrakenBTCUSDResearchStrategy-000,KRAKEN-001,T-c855967d564bc756-17738,MARKET,SELL,0.02786624,GTC,False,False,0.02786624,TAKER,99782.0,0.0,['11.12 USD'],NO_TRIGGER,FILLED,NO_CONTINGENCY,,,,,,,,fc762392-bf1f-4283-8b0c-15d65a292996,2025-01-16 21:20:00+00:00,2025-01-16 21:20:00+00:00
O-20250117-013500-BACKTEST-000-61,KRAKEN-BACKTEST,KrakenBTCUSDResearchStrategy-000,BTC/USD.KRAKEN,KRAKEN-1-061,BTC/USD.KRAKEN-KrakenBTCUSDResearchStrategy-000,KRAKEN-001,T-1a91a73b0251b584-17937,MARKET,BUY,0.02754188,GTC,False,False,0.02754188,TAKER,101164.0,0.0,['11.15 USD'],NO_TRIGGER,FILLED,NO_CONTINGENCY,,,,,,,,f8089158-24a4-48c8-aafb-af80c2fa899c,2025-01-17 01:35:00+00:00,2025-01-17 01:35:00+00:00
O-20250117-221500-BACKTEST-000-62,KRAKEN-BACKTEST,KrakenBTCUSDResearchStrategy-000,BTC/USD.KRAKEN,KRAKEN-1-062,BTC/USD.KRAKEN-KrakenBTCUSDResearchStrategy-000,KRAKEN-001,T-f80ca435f016dda3-18915,MARKET,SELL,0.02754188,GTC,False,False,0.02754188,TAKER,104369.87,0.0,['11.50 USD'],NO_TRIGGER,FILLED,NO_CONTINGENCY,,,,,,,,aefd933c-bd57-4259-bfb5-8678947045d8,2025-01-17 22:15:00+00:00,2025-01-17 22:15:00+00:00
O-20250118-135500-BACKTEST-000-63,KRAKEN-BACKTEST,KrakenBTCUSDResearchStrategy-000,BTC/USD.KRAKEN,KRAKEN-1-063,BTC/USD.KRAKEN-KrakenBTCUSDResearchStrategy-000,KRAKEN-001,T-44c4cc354b0dde80-19639,MARKET,BUY,0.02688561,GTC,False,False,0.02688561,TAKER,104365.81,0.0,['11.22 USD'],NO_TRIGGER,FILLED,NO_CONTINGENCY,,,,,,,,1d577246-d4cd-4eaf-8d65-3efdcf7ab279,2025-01-18 13:55:00+00:00,2025-01-18 13:55:00+00:00
O-20250118-143000-BACKTEST-000-64,KRAKEN-BACKTEST,KrakenBTCUSDResearchStrategy-000,BTC/USD.KRAKEN,KRAKEN-1-064,BTC/USD.KRAKEN-KrakenBTCUSDResearchStrategy-000,KRAKEN-001,T-3ce3b4ad20e2d1ca-19668,MARKET,SELL,0.02688561,GTC,False,False,0.02688561,TAKER,103912.05,0.0,['11.17 USD'],NO_TRIGGER,FILLED,NO_CONTINGENCY,,,,,,,,e77e85e7-ad23-48d5-9b2b-75c6457c75ef,2025-01-18 14:30:00+00:00,2025-01-18 14:30:00+00:00
O-20250118-153500-BACKTEST-000-65,KRAKEN-BACKTEST,KrakenBTCUSDResearchStrategy-000,BTC/USD.KRAKEN,KRAKEN-1-065,BTC/USD.KRAKEN-KrakenBTCUSDResearchStrategy-000,KRAKEN-001,T-535c0b28dda124f3-19720,MARKET,BUY,0.02670578,GTC,False,False,0.02670578,TAKER,104680.0,0.0,['11.18 USD'],NO_TRIGGER,FILLED,NO_CONTINGENCY,,,,,,,,b56d5a89-d39e-4dac-bf1c-c0e11406a8af,2025-01-18 15:35:00+00:00,2025-01-18 15:35:00+00:00
O-20250118-161500-BACKTEST-000-66,KRAKEN-BACKTEST,KrakenBTCUSDResearchStrategy-000,BTC/USD.KRAKEN,KRAKEN-1-066,BTC/USD.KRAKEN-KrakenBTCUSDResearchStrategy-000,KRAKEN-001,T-98eed2a6c13f0f0a-19751,MARKET,SELL,0.02670578,GTC,False,False,0.02670578,TAKER,103969.2,0.0,['11.11 USD'],NO_TRIGGER,FILLED,NO_CONTINGENCY,,,,,,,,f1220cde-555c-4f82-aa69-68fce3f2c0d9,2025-01-18 16:15:00+00:00,2025-01-18 16:15:00+00:00
O-20250118-230500-BACKTEST-000-67,KRAKEN-BACKTEST,KrakenBTCUSDResearchStrategy-000,BTC/USD.KRAKEN,KRAKEN-1-067,BTC/USD.KRAKEN-KrakenBTCUSDResearchStrategy-000,KRAKEN-001,T-203cc8270a7c9e79-20071,MARKET,BUY,0.02662412,GTC,False,False,0.02662412,TAKER,104536.04,0.0,['11.13 USD'],NO_TRIGGER,FILLED,NO_CONTINGENCY,,,,,,,,da412819-456e-46b3-9da1-47a3153f0775,2025-01-18 23:05:00+00:00,2025-01-18 23:05:00+00:00
O-20250119-002500-BACKTEST-000-68,KRAKEN-BACKTEST,KrakenBTCUSDResearchStrategy-000,BTC/USD.KRAKEN,KRAKEN-1-068,BTC/USD.KRAKEN-KrakenBTCUSDResearchStrategy-000,KRAKEN-001,T-93ff899db3bcb31d-20133,MARKET,SELL,0.02662412,GTC,False,False,0.02662412,TAKER,104267.94,0.0,['11.10 USD'],NO_TRIGGER,FILLED,NO_CONTINGENCY,,,,,,,,5672f2ec-def8-4c34-adb1-7ba9d163eaef,2025-01-19 00:25:00+00:00,2025-01-19 00:25:00+00:00
O-20250119-020500-BACKTEST-000-69,KRAKEN-BACKTEST,KrakenBTCUSDResearchStrategy-000,BTC/USD.KRAKEN,KRAKEN-1-069,BTC/USD.KRAKEN-KrakenBTCUSDResearchStrategy-000,KRAKEN-001,T-38b4af281d545569-20210,MARKET,BUY,0.02647422,GTC,False,False,0.02647422,TAKER,104795.15,0.0,['11.10 USD'],NO_TRIGGER,FILLED,NO_CONTINGENCY,,,,,,,,dcd9c906-e3b9-45df-bcd7-be553e1cc123,2025-01-19 02:05:00+00:00,2025-01-19 02:05:00+00:00
O-20250119-051000-BACKTEST-000-70,KRAKEN-BACKTEST,KrakenBTCUSDResearchStrategy-000,BTC/USD.KRAKEN,KRAKEN-1-070,BTC/USD.KRAKEN-KrakenBTCUSDResearchStrategy-000,KRAKEN-001,T-9320958dbe51f810-20352,MARKET,SELL,0.02647422,GTC,False,False,0.02647422,TAKER,104482.43999999999,0.0,['11.06 USD'],NO_TRIGGER,FILLED,NO_CONTINGENCY,,,,,,,,46f59bbf-00d2-4db5-8b1a-3d78fe53d42c,2025-01-19 05:10:00+00:00,2025-01-19 05:10:00+00:00
O-20250119-064000-BACKTEST-000-71,KRAKEN-BACKTEST,KrakenBTCUSDResearchStrategy-000,BTC/USD.KRAKEN,KRAKEN-1-071,BTC/USD.KRAKEN-KrakenBTCUSDResearchStrategy-000,KRAKEN-001,T-4a519f8b1fe9aaa9-20425,MARKET,BUY,0.02621878,GTC,False,False,0.02621878,TAKER,105467.8,0.0,['11.06 USD'],NO_TRIGGER,FILLED,NO_CONTINGENCY,,,,,,,,c9c29109-0f92-4c25-9a03-b3c9f213e2d4,2025-01-19 06:40:00+00:00,2025-01-19 06:40:00+00:00
O-20250119-073000-BACKTEST-000-72,KRAKEN-BACKTEST,KrakenBTCUSDResearchStrategy-000,BTC/USD.KRAKEN,KRAKEN-1-072,BTC/USD.KRAKEN-KrakenBTCUSDResearchStrategy-000,KRAKEN-001,T-867815a4ea67d7e6-20464,MARKET,SELL,0.02621878,GTC,False,False,0.02621878,TAKER,105147.03,0.0,['11.03 USD'],NO_TRIGGER,FILLED,NO_CONTINGENCY,,,,,,,,b5b29266-6a5b-4243-9bdd-689044f912b8,2025-01-19 07:30:00+00:00,2025-01-19 07:30:00+00:00
O-20250119-193000-BACKTEST-000-73,KRAKEN-BACKTEST,KrakenBTCUSDResearchStrategy-000,BTC/USD.KRAKEN,KRAKEN-1-073,BTC/USD.KRAKEN-KrakenBTCUSDResearchStrategy-000,KRAKEN-001,T-e80efeae4a189107-21031,MARKET,BUY,0.02615631,GTC,False,False,0.02615631,TAKER,105369.89,0.0,['11.02 USD'],NO_TRIGGER,FILLED,NO_CONTINGENCY,,,,,,,,8560321b-19d7-4196-98a6-3991449136c8,2025-01-19 19:30:00+00:00,2025-01-19 19:30:00+00:00
O-20250119-212500-BACKTEST-000-74,KRAKEN-BACKTEST,KrakenBTCUSDResearchStrategy-000,BTC/USD.KRAKEN,KRAKEN-1-074,BTC/USD.KRAKEN-KrakenBTCUSDResearchStrategy-000,KRAKEN-001,T-85ec534dd18e48fe-21121,MARKET,SELL,0.02615631,GTC,False,False,0.02615631,TAKER,104389.99,0.0,['10.92 USD'],NO_TRIGGER,FILLED,NO_CONTINGENCY,,,,,,,,72f60140-0c39-4eb5-8a00-663873417b58,2025-01-19 21:25:00+00:00,2025-01-19 21:25:00+00:00
O-20250120-063500-BACKTEST-000-75,KRAKEN-BACKTEST,KrakenBTCUSDResearchStrategy-000,BTC/USD.KRAKEN,KRAKEN-1-075,BTC/USD.KRAKEN-KrakenBTCUSDResearchStrategy-000,KRAKEN-001,T-d57916d9ccb4cb79-21555,MARKET,BUY,0.02649699,GTC,False,False,0.02649699,TAKER,103476.53,0.0,['10.97 USD'],NO_TRIGGER,FILLED,NO_CONTINGENCY,,,,,,,,167d335c-6f68-43ce-be5b-e94412e66965,2025-01-20 06:35:00+00:00,2025-01-20 06:35:00+00:00
O-20250120-121500-BACKTEST-000-76,KRAKEN-BACKTEST,KrakenBTCUSDResearchStrategy-000,BTC/USD.KRAKEN,KRAKEN-1-076,BTC/USD.KRAKEN-KrakenBTCUSDResearchStrategy-000,KRAKEN-001,T-04044f971db81dab-21826,MARKET,SELL,0.02649699,GTC,False,False,0.02649699,TAKER,106060.2,0.0,['11.24 USD'],NO_TRIGGER,FILLED,NO_CONTINGENCY,,,,,,,,a40843a8-8b08-484d-81b8-c8de29ebcee5,2025-01-20 12:15:00+00:00,2025-01-20 12:15:00+00:00
O-20250121-102500-BACKTEST-000-77,KRAKEN-BACKTEST,KrakenBTCUSDResearchStrategy-000,BTC/USD.KRAKEN,KRAKEN-1-077,BTC/USD.KRAKEN-KrakenBTCUSDResearchStrategy-000,KRAKEN-001,T-fb76d50fe5d1d6e9-22877,MARKET,BUY,0.02670693,GTC,False,False,0.02670693,TAKER,103182.64,0.0,['11.02 USD'],NO_TRIGGER,FILLED,NO_CONTINGENCY,,,,,,,,7a6a19f1-af86-4f12-8b18-4a711f616574,2025-01-21 10:25:00+00:00,2025-01-21 10:25:00+00:00
O-20250121-143500-BACKTEST-000-78,KRAKEN-BACKTEST,KrakenBTCUSDResearchStrategy-000,BTC/USD.KRAKEN,KRAKEN-1-078,BTC/USD.KRAKEN-KrakenBTCUSDResearchStrategy-000,KRAKEN-001,T-f23dd48ab640822c-23075,MARKET,SELL,0.02670693,GTC,False,False,0.02670693,TAKER,103487.68,0.0,['11.06 USD'],NO_TRIGGER,FILLED,NO_CONTINGENCY,,,,,,,,0e1549a6-b8db-46c2-9943-da4874b912d4,2025-01-21 14:35:00+00:00,2025-01-21 14:35:00+00:00
O-20250121-161000-BACKTEST-000-79,KRAKEN-BACKTEST,KrakenBTCUSDResearchStrategy-000,BTC/USD.KRAKEN,KRAKEN-1-079,BTC/USD.KRAKEN-KrakenBTCUSDResearchStrategy-000,KRAKEN-001,T-dbbe944ee72bc297-23152,MARKET,BUY,0.02034196,GTC,False,False,0.02034196,TAKER,106043.45999999999,0.0,['8.63 USD'],NO_TRIGGER,FILLED,NO_CONTINGENCY,,,,,,,,dc0b07c5-1df3-4c9f-820a-aa5d6ea10446,2025-01-21 16:10:00+00:00,2025-01-21 16:10:00+00:00
O-20250121-230000-BACKTEST-000-80,KRAKEN-BACKTEST,KrakenBTCUSDResearchStrategy-000,BTC/USD.KRAKEN,KRAKEN-1-080,BTC/USD.KRAKEN-KrakenBTCUSDResearchStrategy-000,KRAKEN-001,T-3410a45d35b0cb1f-23476,MARKET,SELL,0.02034196,GTC,False,False,0.02034196,TAKER,105482.56,0.0,['8.58 USD'],NO_TRIGGER,FILLED,NO_CONTINGENCY,,,,,,,,d8be109f-d8bb-4e01-9aed-ecdc021230b3,2025-01-21 23:00:00+00:00,2025-01-21 23:00:00+00:00
O-20250123-143500-BACKTEST-000-81,KRAKEN-BACKTEST,KrakenBTCUSDResearchStrategy-000,BTC/USD.KRAKEN,KRAKEN-1-081,BTC/USD.KRAKEN-KrakenBTCUSDResearchStrategy-000,KRAKEN-001,T-55ee8213ba41f274-25335,MARKET,BUY,0.02619696,GTC,False,False,0.02619696,TAKER,104703.99,0.0,['10.97 USD'],NO_TRIGGER,FILLED,NO_CONTINGENCY,,,,,,,,085f27d1-f65d-4061-b608-fa3c24735a30,2025-01-23 14:35:00+00:00,2025-01-23 14:35:00+00:00
O-20250123-150500-BACKTEST-000-82,KRAKEN-BACKTEST,KrakenBTCUSDResearchStrategy-000,BTC/USD.KRAKEN,KRAKEN-1-082,BTC/USD.KRAKEN-KrakenBTCUSDResearchStrategy-000,KRAKEN-001,T-f6d13f2902c4e79c-25360,MARKET,SELL,0.02619696,GTC,False,False,0.02619696,TAKER,103482.77,0.0,['10.84 USD'],NO_TRIGGER,FILLED,NO_CONTINGENCY,,,,,,,,932737b8-3496-4268-89ab-69e59e6155c5,2025-01-23 15:05:00+00:00,2025-01-23 15:05:00+00:00
O-20250123-161000-BACKTEST-000-83,KRAKEN-BACKTEST,KrakenBTCUSDResearchStrategy-000,BTC/USD.KRAKEN,KRAKEN-1-083,BTC/USD.KRAKEN-KrakenBTCUSDResearchStrategy-000,KRAKEN-001,T-4058790336e7e9e1-25413,MARKET,BUY,0.01296743,GTC,False,False,0.01296743,TAKER,106500.0,0.0,['5.52 USD'],NO_TRIGGER,FILLED,NO_CONTINGENCY,,,,,,,,4fd57064-23ea-4d47-89cc-f85021322468,2025-01-23 16:10:00+00:00,2025-01-23 16:10:00+00:00
O-20250123-165500-BACKTEST-000-84,KRAKEN-BACKTEST,KrakenBTCUSDResearchStrategy-000,BTC/USD.KRAKEN,KRAKEN-1-084,BTC/USD.KRAKEN-KrakenBTCUSDResearchStrategy-000,KRAKEN-001,T-6acce61d06eb864e-25450,MARKET,SELL,0.01296743,GTC,False,False,0.01296743,TAKER,105139.18000000001,0.0,['5.45 USD'],NO_TRIGGER,FILLED,NO_CONTINGENCY,,,,,,,,07508085-e8a6-42c7-816a-3feb46a2fe31,2025-01-23 16:55:00+00:00,2025-01-23 16:55:00+00:00
O-20250124-044000-BACKTEST-000-85,KRAKEN-BACKTEST,KrakenBTCUSDResearchStrategy-000,BTC/USD.KRAKEN,KRAKEN-1-085,BTC/USD.KRAKEN-KrakenBTCUSDResearchStrategy-000,KRAKEN-001,T-8d68e913a4318aa5-26004,MARKET,BUY,0.02603090,GTC,False,False,0.02603090,TAKER,104421.95999999999,0.0,['10.87 USD'],NO_TRIGGER,FILLED,NO_CONTINGENCY,,,,,,,,1489e688-8658-42fd-8002-2729bce9a1dd,2025-01-24 04:40:00+00:00,2025-01-24 04:40:00+00:00
O-20250124-134000-BACKTEST-000-86,KRAKEN-BACKTEST,KrakenBTCUSDResearchStrategy-000,BTC/USD.KRAKEN,KRAKEN-1-086,BTC/USD.KRAKEN-KrakenBTCUSDResearchStrategy-000,KRAKEN-001,T-e4e415c4e2624557-26426,MARKET,SELL,0.02603090,GTC,False,False,0.02603090,TAKER,105064.81,0.0,['10.94 USD'],NO_TRIGGER,FILLED,NO_CONTINGENCY,,,,,,,,2a2b4c06-3658-41f8-804c-89fc39c05d46,2025-01-24 13:40:00+00:00,2025-01-24 13:40:00+00:00
O-20250124-172500-BACKTEST-000-87,KRAKEN-BACKTEST,KrakenBTCUSDResearchStrategy-000,BTC/USD.KRAKEN,KRAKEN-1-087,BTC/USD.KRAKEN-KrakenBTCUSDResearchStrategy-000,KRAKEN-001,T-93851df5aa2ee534-26606,MARKET,BUY,0.02551389,GTC,False,False,0.02551389,TAKER,106478.23,0.0,['10.87 USD'],NO_TRIGGER,FILLED,NO_CONTINGENCY,,,,,,,,2f65d14c-0469-4456-934a-440fe5f1ad95,2025-01-24 17:25:00+00:00,2025-01-24 17:25:00+00:00
O-20250124-194000-BACKTEST-000-88,KRAKEN-BACKTEST,KrakenBTCUSDResearchStrategy-000,BTC/USD.KRAKEN,KRAKEN-1-088,BTC/USD.KRAKEN-KrakenBTCUSDResearchStrategy-000,KRAKEN-001,T-8eab18021d31db6f-26715,MARKET,SELL,0.02551389,GTC,False,False,0.02551389,TAKER,105910.48,0.0,['10.81 USD'],NO_TRIGGER,FILLED,NO_CONTINGENCY,,,,,,,,0fe12274-0076-438d-8eec-2de5f421e7d3,2025-01-24 19:40:00+00:00,2025-01-24 19:40:00+00:00
O-20250125-125000-BACKTEST-000-89,KRAKEN-BACKTEST,KrakenBTCUSDResearchStrategy-000,BTC/USD.KRAKEN,KRAKEN-1-089,BTC/USD.KRAKEN-KrakenBTCUSDResearchStrategy-000,KRAKEN-001,T-3a3283af4def14f9-27505,MARKET,BUY,0.02582880,GTC,False,False,0.02582880,TAKER,104760.0,0.0,['10.82 USD'],NO_TRIGGER,FILLED,NO_CONTINGENCY,,,,,,,,20ae8f69-b6ef-4495-b656-bfebf7e50156,2025-01-25 12:50:00+00:00,2025-01-25 12:50:00+00:00
O-20250125-141000-BACKTEST-000-90,KRAKEN-BACKTEST,KrakenBTCUSDResearchStrategy-000,BTC/USD.KRAKEN,KRAKEN-1-090,BTC/USD.KRAKEN-KrakenBTCUSDResearchStrategy-000,KRAKEN-001,T-3eac65fbab2890ec-27566,MARKET,SELL,0.02582880,GTC,False,False,0.02582880,TAKER,104568.65,0.0,['10.80 USD'],NO_TRIGGER,FILLED,NO_CONTINGENCY,,,,,,,,20649ee5-7356-41fe-b64c-05956d2658cd,2025-01-25 14:10:00+00:00,2025-01-25 14:10:00+00:00
O-20250125-152000-BACKTEST-000-91,KRAKEN-BACKTEST,KrakenBTCUSDResearchStrategy-000,BTC/USD.KRAKEN,KRAKEN-1-091,BTC/USD.KRAKEN-KrakenBTCUSDResearchStrategy-000,KRAKEN-001,T-f9f2c91a1c0e2090-27622,MARKET,BUY,0.02567514,GTC,False,False,0.02567514,TAKER,105076.51,0.0,['10.79 USD'],NO_TRIGGER,FILLED,NO_CONTINGENCY,,,,,,,,8423ebcb-77e4-4c0c-9b48-c3b1d25942e6,2025-01-25 15:20:00+00:00,2025-01-25 15:20:00+00:00
O-20250125-154000-BACKTEST-000-92,KRAKEN-BACKTEST,KrakenBTCUSDResearchStrategy-000,BTC/USD.KRAKEN,KRAKEN-1-092,BTC/USD.KRAKEN-KrakenBTCUSDResearchStrategy-000,KRAKEN-001,T-243fed6ef86dff91-27638,MARKET,SELL,0.02567514,GTC,False,False,0.02567514,TAKER,104819.37999999999,0.0,['10.77 USD'],NO_TRIGGER,FILLED,NO_CONTINGENCY,,,,,,,,369362e8-5024-4a4a-be43-8e45f0c6bd14,2025-01-25 15:40:00+00:00,2025-01-25 15:40:00+00:00
O-20250125-183000-BACKTEST-000-93,KRAKEN-BACKTEST,KrakenBTCUSDResearchStrategy-000,BTC/USD.KRAKEN,KRAKEN-1-093,BTC/USD.KRAKEN-KrakenBTCUSDResearchStrategy-000,KRAKEN-001,T-5b9e55c3e82bae75-27771,MARKET,BUY,0.02557297,GTC,False,False,0.02557297,TAKER,105165.98000000001,0.0,['10.76 USD'],NO_TRIGGER,FILLED,NO_CONTINGENCY,,,,,,,,b862106b-36bd-4884-be46-52cc03fe6aab,2025-01-25 18:30:00+00:00,2025-01-25 18:30:00+00:00
O-20250125-203500-BACKTEST-000-94,KRAKEN-BACKTEST,KrakenBTCUSDResearchStrategy-000,BTC/USD.KRAKEN,KRAKEN-1-094,BTC/USD.KRAKEN-KrakenBTCUSDResearchStrategy-000,KRAKEN-001,T-2a5d0f39544f8b53-27866,MARKET,SELL,0.02557297,GTC,False,False,0.02557297,TAKER,104990.01,0.0,['10.74 USD'],NO_TRIGGER,FILLED,NO_CONTINGENCY,,,,,,,,bb51b229-b6b0-4ee1-bb5e-40a859b166ef,2025-01-25 20:35:00+00:00,2025-01-25 20:35:00+00:00
O-20250126-042500-BACKTEST-000-95,KRAKEN-BACKTEST,KrakenBTCUSDResearchStrategy-000,BTC/USD.KRAKEN,KRAKEN-1-095,BTC/USD.KRAKEN-KrakenBTCUSDResearchStrategy-000,KRAKEN-001,T-eda8d9181863c3f5-28229,MARKET,BUY,0.02544702,GTC,False,False,0.02544702,TAKER,105380.0,0.0,['10.73 USD'],NO_TRIGGER,FILLED,NO_CONTINGENCY,,,,,,,,606b4d60-77d4-40ee-93c2-250e32ea7d88,2025-01-26 04:25:00+00:00,2025-01-26 04:25:00+00:00
O-20250126-045000-BACKTEST-000-96,KRAKEN-BACKTEST,KrakenBTCUSDResearchStrategy-000,BTC/USD.KRAKEN,KRAKEN-1-096,BTC/USD.KRAKEN-KrakenBTCUSDResearchStrategy-000,KRAKEN-001,T-ce596463af4cd270-28249,MARKET,SELL,0.02544702,GTC,False,False,0.02544702,TAKER,105153.82,0.0,['10.70 USD'],NO_TRIGGER,FILLED,NO_CONTINGENCY,,,,,,,,c3c80efe-8936-4086-8794-d3a3ece7f903,2025-01-26 04:50:00+00:00,2025-01-26 04:50:00+00:00
O-20250126-180500-BACKTEST-000-97,KRAKEN-BACKTEST,KrakenBTCUSDResearchStrategy-000,BTC/USD.KRAKEN,KRAKEN-1-097,BTC/USD.KRAKEN-KrakenBTCUSDResearchStrategy-000,KRAKEN-001,T-a390d0ee48c6dd22-28852,MARKET,BUY,0.02543381,GTC,False,False,0.02543381,TAKER,105114.01,0.0,['10.69 USD'],NO_TRIGGER,FILLED,NO_CONTINGENCY,,,,,,,,e6528fa9-6192-4767-ab29-99a2e58ede5e,2025-01-26 18:05:00+00:00,2025-01-26 18:05:00+00:00
O-20250126-200000-BACKTEST-000-98,KRAKEN-BACKTEST,KrakenBTCUSDResearchStrategy-000,BTC/USD.KRAKEN,KRAKEN-1-098,BTC/USD.KRAKEN-KrakenBTCUSDResearchStrategy-000,KRAKEN-001,T-5a8fe0b139ddb025-28934,MARKET,SELL,0.02543381,GTC,False,False,0.02543381,TAKER,104982.56,0.0,['10.68 USD'],NO_TRIGGER,FILLED,NO_CONTINGENCY,,,,,,,,f9ce80b2-2063-401e-8500-56918d1e90f7,2025-01-26 20:00:00+00:00,2025-01-26 20:00:00+00:00
O-20250127-144500-BACKTEST-000-99,KRAKEN-BACKTEST,KrakenBTCUSDResearchStrategy-000,BTC/USD.KRAKEN,KRAKEN-1-099,BTC/USD.KRAKEN-KrakenBTCUSDResearchStrategy-000,KRAKEN-001,T-db0c5afb7938318e-29817,MARKET,BUY,0.02334355,GTC,False,False,0.02334355,TAKER,101811.41,0.0,['9.51 USD'],NO_TRIGGER,FILLED,NO_CONTINGENCY,,,,,,,,f6eb895b-9ce7-465f-8d04-341eff680029,2025-01-27 14:45:00+00:00,2025-01-27 14:45:00+00:00
O-20250127-161500-BACKTEST-000-100,KRAKEN-BACKTEST,KrakenBTCUSDResearchStrategy-000,BTC/USD.KRAKEN,KRAKEN-1-100,BTC/USD.KRAKEN-KrakenBTCUSDResearchStrategy-000,KRAKEN-001,T-3677809f3e38f63d-29890,MARKET,SELL,0.02334355,GTC,False,False,0.02334355,TAKER,100907.99,0.0,['9.42 USD'],NO_TRIGGER,FILLED,NO_CONTINGENCY,,,,,,,,1b2df52d-a5d9-4aab-a034-891deeffa055,2025-01-27 16:15:00+00:00,2025-01-27 16:15:00+00:00
O-20250127-205000-BACKTEST-000-101,KRAKEN-BACKTEST,KrakenBTCUSDResearchStrategy-000,BTC/USD.KRAKEN,KRAKEN-1-101,BTC/USD.KRAKEN-KrakenBTCUSDResearchStrategy-000,KRAKEN-001,T-9eb364194eb4abd8-30109,MARKET,BUY,0.02615943,GTC,False,False,0.02615943,TAKER,101455.97,0.0,['10.62 USD'],NO_TRIGGER,FILLED,NO_CONTINGENCY,,,,,,,,c22fca74-5a3a-49e1-a0f5-e024ff15f544,2025-01-27 20:50:00+00:00,2025-01-27 20:50:00+00:00
O-20250128-092500-BACKTEST-000-102,KRAKEN-BACKTEST,KrakenBTCUSDResearchStrategy-000,BTC/USD.KRAKEN,KRAKEN-1-102,BTC/USD.KRAKEN-KrakenBTCUSDResearchStrategy-000,KRAKEN-001,T-da4ffac5b9312c7d-30706,MARKET,SELL,0.02615943,GTC,False,False,0.02615943,TAKER,102474.87,0.0,['10.72 USD'],NO_TRIGGER,FILLED,NO_CONTINGENCY,,,,,,,,74c21318-2fd1-4e8c-96da-fd47e91427ed,2025-01-28 09:25:00+00:00,2025-01-28 09:25:00+00:00
O-20250128-153000-BACKTEST-000-103,KRAKEN-BACKTEST,KrakenBTCUSDResearchStrategy-000,BTC/USD.KRAKEN,KRAKEN-1-103,BTC/USD.KRAKEN-KrakenBTCUSDResearchStrategy-000,KRAKEN-001,T-104ba604cb1bdfd9-30987,MARKET,BUY,0.02564874,GTC,False,False,0.02564874,TAKER,103538.17,0.0,['10.62 USD'],NO_TRIGGER,FILLED,NO_CONTINGENCY,,,,,,,,ff642a71-6f17-46c9-94ae-a318e4b327b2,2025-01-28 15:30:00+00:00,2025-01-28 15:30:00+00:00
O-20250128-160000-BACKTEST-000-104,KRAKEN-BACKTEST,KrakenBTCUSDResearchStrategy-000,BTC/USD.KRAKEN,KRAKEN-1-104,BTC/USD.KRAKEN-KrakenBTCUSDResearchStrategy-000,KRAKEN-001,T-5ae66c3743b327fc-31011,MARKET,SELL,0.02564874,GTC,False,False,0.02564874,TAKER,102634.0,0.0,['10.53 USD'],NO_TRIGGER,FILLED,NO_CONTINGENCY,,,,,,,,029e32e1-e90a-43ff-8c08-62591da28942,2025-01-28 16:00:00+00:00,2025-01-28 16:00:00+00:00
O-20250129-061000-BACKTEST-000-105,KRAKEN-BACKTEST,KrakenBTCUSDResearchStrategy-000,BTC/USD.KRAKEN,KRAKEN-1-105,BTC/USD.KRAKEN-KrakenBTCUSDResearchStrategy-000,KRAKEN-001,T-e76087057638e0e6-31677,MARKET,BUY,0.02579731,GTC,False,False,0.02579731,TAKER,102426.23,0.0,['10.57 USD'],NO_TRIGGER,FILLED,NO_CONTINGENCY,,,,,,,,2f957ba2-8688-42f3-8bbd-5463346f5d12,2025-01-29 06:10:00+00:00,2025-01-29 06:10:00+00:00
O-20250129-095500-BACKTEST-000-106,KRAKEN-BACKTEST,KrakenBTCUSDResearchStrategy-000,BTC/USD.KRAKEN,KRAKEN-1-106,BTC/USD.KRAKEN-KrakenBTCUSDResearchStrategy-000,KRAKEN-001,T-10c657d6be4b1b32-31852,MARKET,SELL,0.02579731,GTC,False,False,0.02579731,TAKER,102334.4,0.0,['10.56 USD'],NO_TRIGGER,FILLED,NO_CONTINGENCY,,,,,,,,d4ac90c2-eca7-4411-8938-d09b9f1de06d,2025-01-29 09:55:00+00:00,2025-01-29 09:55:00+00:00
O-20250129-183000-BACKTEST-000-107,KRAKEN-BACKTEST,KrakenBTCUSDResearchStrategy-000,BTC/USD.KRAKEN,KRAKEN-1-107,BTC/USD.KRAKEN-KrakenBTCUSDResearchStrategy-000,KRAKEN-001,T-e68104ff4f70dc3b-32254,MARKET,BUY,0.02562871,GTC,False,False,0.02562871,TAKER,102824.98999999999,0.0,['10.54 USD'],NO_TRIGGER,FILLED,NO_CONTINGENCY,,,,,,,,005f80bb-7659-419c-bf45-8705f521183b,2025-01-29 18:30:00+00:00,2025-01-29 18:30:00+00:00
O-20250129-190000-BACKTEST-000-108,KRAKEN-BACKTEST,KrakenBTCUSDResearchStrategy-000,BTC/USD.KRAKEN,KRAKEN-1-108,BTC/USD.KRAKEN-KrakenBTCUSDResearchStrategy-000,KRAKEN-001,T-83a17e62f9c1b557-32279,MARKET,SELL,0.02562871,GTC,False,False,0.02562871,TAKER,102176.49,0.0,['10.47 USD'],NO_TRIGGER,FILLED,NO_CONTINGENCY,,,,,,,,cb968765-1a34-4e48-80e3-72b516daf539,2025-01-29 19:00:00+00:00,2025-01-29 19:00:00+00:00
O-20250129-194000-BACKTEST-000-109,KRAKEN-BACKTEST,KrakenBTCUSDResearchStrategy-000,BTC/USD.KRAKEN,KRAKEN-1-109,BTC/USD.KRAKEN-KrakenBTCUSDResearchStrategy-000,KRAKEN-001,T-19bcf9fa890c236a-32311,MARKET,BUY,0.02536516,GTC,False,False,0.02536516,TAKER,103448.29000000001,0.0,['10.50 USD'],NO_TRIGGER,FILLED,NO_CONTINGENCY,,,,,,,,d0004b03-7dc4-4a43-a687-3fd5263553a2,2025-01-29 19:40:00+00:00,2025-01-29 19:40:00+00:00
O-20250130-122500-BACKTEST-000-110,KRAKEN-BACKTEST,KrakenBTCUSDResearchStrategy-000,BTC/USD.KRAKEN,KRAKEN-1-110,BTC/USD.KRAKEN-KrakenBTCUSDResearchStrategy-000,KRAKEN-001,T-fc03fa9e5fd69f6c-33094,MARKET,SELL,0.02536516,GTC,False,False,0.02536516,TAKER,105036.08,0.0,['10.66 USD'],NO_TRIGGER,FILLED,NO_CONTINGENCY,,,,,,,,c51ae03c-b04d-431c-8406-f5372ebfcf91,2025-01-30 12:25:00+00:00,2025-01-30 12:25:00+00:00
O-20250130-145000-BACKTEST-000-111,KRAKEN-BACKTEST,KrakenBTCUSDResearchStrategy-000,BTC/USD.KRAKEN,KRAKEN-1-111,BTC/USD.KRAKEN-KrakenBTCUSDResearchStrategy-000,KRAKEN-001,T-ee00ade65f9c23a7-33208,MARKET,BUY,0.02480052,GTC,False,False,0.02480052,TAKER,106034.83,0.0,['10.52 USD'],NO_TRIGGER,FILLED,NO_CONTINGENCY,,,,,,,,78e616a8-d985-474e-8c10-8a37f96d0c11,2025-01-30 14:50:00+00:00,2025-01-30 14:50:00+00:00
O-20250130-170000-BACKTEST-000-112,KRAKEN-BACKTEST,KrakenBTCUSDResearchStrategy-000,BTC/USD.KRAKEN,KRAKEN-1-112,BTC/USD.KRAKEN-KrakenBTCUSDResearchStrategy-000,KRAKEN-001,T-ed18e47aedc60e0d-33312,MARKET,SELL,0.02480052,GTC,False,False,0.02480052,TAKER,105449.42,0.0,['10.46 USD'],NO_TRIGGER,FILLED,NO_CONTINGENCY,,,,,,,,7ea6ee93-25b6-4085-acc9-4f989585a3ac,2025-01-30 17:00:00+00:00,2025-01-30 17:00:00+00:00
O-20250131-112500-BACKTEST-000-113,KRAKEN-BACKTEST,KrakenBTCUSDResearchStrategy-000,BTC/USD.KRAKEN,KRAKEN-1-113,BTC/USD.KRAKEN-KrakenBTCUSDResearchStrategy-000,KRAKEN-001,T-4cfb0b3a04331fa4-34156,MARKET,BUY,0.02498551,GTC,False,False,0.02498551,TAKER,104823.5,0.0,['10.48 USD'],NO_TRIGGER,FILLED,NO_CONTINGENCY,,,,,,,,1dce2c76-5cad-4041-abcc-453f7006dcce,2025-01-31 11:25:00+00:00,2025-01-31 11:25:00+00:00
O-20250131-143000-BACKTEST-000-114,KRAKEN-BACKTEST,KrakenBTCUSDResearchStrategy-000,BTC/USD.KRAKEN,KRAKEN-1-114,BTC/USD.KRAKEN-KrakenBTCUSDResearchStrategy-000,KRAKEN-001,T-5c03664e369d812f-34301,MARKET,SELL,0.02498551,GTC,False,False,0.02498551,TAKER,104391.99,0.0,['10.43 USD'],NO_TRIGGER,FILLED,NO_CONTINGENCY,,,,,,,,f8cb721f-d3ea-46cd-b945-e4943373ac95,2025-01-31 14:30:00+00:00,2025-01-31 14:30:00+00:00
O-20250203-090000-BACKTEST-000-115,KRAKEN-BACKTEST,KrakenBTCUSDResearchStrategy-000,BTC/USD.KRAKEN,KRAKEN-1-115,BTC/USD.KRAKEN-KrakenBTCUSDResearchStrategy-000,KRAKEN-001,T-c7202de13939e173-37401,MARKET,BUY,0.02728240,GTC,False,False,0.02728240,TAKER,95650.0,0.0,['10.44 USD'],NO_TRIGGER,FILLED,NO_CONTINGENCY,,,,,,,,7ac1d886-cba1-4734-9094-fa78482edfc6,2025-02-03 09:00:00+00:00,2025-02-03 09:00:00+00:00
O-20250203-101500-BACKTEST-000-116,KRAKEN-BACKTEST,KrakenBTCUSDResearchStrategy-000,BTC/USD.KRAKEN,KRAKEN-1-116,BTC/USD.KRAKEN-KrakenBTCUSDResearchStrategy-000,KRAKEN-001,T-c4d3067a7edc245f-37460,MARKET,SELL,0.02728240,GTC,False,False,0.02728240,TAKER,94856.38,0.0,['10.35 USD'],NO_TRIGGER,FILLED,NO_CONTINGENCY,,,,,,,,f263ae25-b289-4d61-adc0-5a36de412cc2,2025-02-03 10:15:00+00:00,2025-02-03 10:15:00+00:00
O-20250203-145500-BACKTEST-000-117,KRAKEN-BACKTEST,KrakenBTCUSDResearchStrategy-000,BTC/USD.KRAKEN,KRAKEN-1-117,BTC/USD.KRAKEN-KrakenBTCUSDResearchStrategy-000,KRAKEN-001,T-8480c958288c0032-37684,MARKET,BUY,0.02090049,GTC,False,False,0.02090049,TAKER,96589.5,0.0,['8.08 USD'],NO_TRIGGER,FILLED,NO_CONTINGENCY,,,,,,,,a8ef1b4a-1f48-4127-a387-7bb637430bac,2025-02-03 14:55:00+00:00,2025-02-03 14:55:00+00:00
O-20250204-032000-BACKTEST-000-118,KRAKEN-BACKTEST,KrakenBTCUSDResearchStrategy-000,BTC/USD.KRAKEN,KRAKEN-1-118,BTC/USD.KRAKEN-KrakenBTCUSDResearchStrategy-000,KRAKEN-001,T-4439e8e875416d92-38271,MARKET,SELL,0.02090049,GTC,False,False,0.02090049,TAKER,100747.79,0.0,['8.42 USD'],NO_TRIGGER,FILLED,NO_CONTINGENCY,,,,,,,,608c1aca-ef16-4393-81d3-8a0d92a43453,2025-02-04 03:20:00+00:00,2025-02-04 03:20:00+00:00
O-20250204-191500-BACKTEST-000-119,KRAKEN-BACKTEST,KrakenBTCUSDResearchStrategy-000,BTC/USD.KRAKEN,KRAKEN-1-119,BTC/USD.KRAKEN-KrakenBTCUSDResearchStrategy-000,KRAKEN-001,T-5420583aecfcaf3e-39020,MARKET,BUY,0.02605652,GTC,False,False,0.02605652,TAKER,100472.07,0.0,['10.47 USD'],NO_TRIGGER,FILLED,NO_CONTINGENCY,,,,,,,,0f543d67-975f-486c-be04-3708e58c203a,2025-02-04 19:15:00+00:00,2025-02-04 19:15:00+00:00
O-20250204-194500-BACKTEST-000-120,KRAKEN-BACKTEST,KrakenBTCUSDResearchStrategy-000,BTC/USD.KRAKEN,KRAKEN-1-120,BTC/USD.KRAKEN-KrakenBTCUSDResearchStrategy-000,KRAKEN-001,T-da549adbbdeb397d-39045,MARKET,SELL,0.02605652,GTC,False,False,0.02605652,TAKER,99586.25,0.0,['10.38 USD'],NO_TRIGGER,FILLED,NO_CONTINGENCY,,,,,,,,c906b5c8-0456-40be-9496-690079bb7173,2025-02-04 19:45:00+00:00,2025-02-04 19:45:00+00:00
O-20250205-120000-BACKTEST-000-121,KRAKEN-BACKTEST,KrakenBTCUSDResearchStrategy-000,BTC/USD.KRAKEN,KRAKEN-1-121,BTC/USD.KRAKEN-KrakenBTCUSDResearchStrategy-000,KRAKEN-001,T-6bfb749c0583f5fc-39805,MARKET,BUY,0.02649174,GTC,False,False,0.02649174,TAKER,98324.0,0.0,['10.42 USD'],NO_TRIGGER,FILLED,NO_CONTINGENCY,,,,,,,,ad533fe2-7521-432c-bad1-1cdf227c78fb,2025-02-05 12:00:00+00:00,2025-02-05 12:00:00+00:00
O-20250205-150000-BACKTEST-000-122,KRAKEN-BACKTEST,KrakenBTCUSDResearchStrategy-000,BTC/USD.KRAKEN,KRAKEN-1-122,BTC/USD.KRAKEN-KrakenBTCUSDResearchStrategy-000,KRAKEN-001,T-6527a506b380062c-39945,MARKET,SELL,0.02649174,GTC,False,False,0.02649174,TAKER,97914.24,0.0,['10.38 USD'],NO_TRIGGER,FILLED,NO_CONTINGENCY,,,,,,,,c340dbae-f359-4ed9-a228-8b3e5328ae29,2025-02-05 15:00:00+00:00,2025-02-05 15:00:00+00:00
O-20250206-034000-BACKTEST-000-123,KRAKEN-BACKTEST,KrakenBTCUSDResearchStrategy-000,BTC/USD.KRAKEN,KRAKEN-1-123,BTC/USD.KRAKEN-KrakenBTCUSDResearchStrategy-000,KRAKEN-001,T-140f763cd9756526-40541,MARKET,BUY,0.02662475,GTC,False,False,0.02662475,TAKER,97476.16,0.0,['10.38 USD'],NO_TRIGGER,FILLED,NO_CONTINGENCY,,,,,,,,82409a4c-5b43-471b-81d9-31186b46e400,2025-02-06 03:40:00+00:00,2025-02-06 03:40:00+00:00
O-20250206-130500-BACKTEST-000-124,KRAKEN-BACKTEST,KrakenBTCUSDResearchStrategy-000,BTC/USD.KRAKEN,KRAKEN-1-124,BTC/USD.KRAKEN-KrakenBTCUSDResearchStrategy-000,KRAKEN-001,T-13aa2fdb0ce0566b-40980,MARKET,SELL,0.02662475,GTC,False,False,0.02662475,TAKER,98240.0,0.0,['10.46 USD'],NO_TRIGGER,FILLED,NO_CONTINGENCY,,,,,,,,22683735-6d57-47c0-904c-4c65e512b10c,2025-02-06 13:05:00+00:00,2025-02-06 13:05:00+00:00
O-20250207-102000-BACKTEST-000-125,KRAKEN-BACKTEST,KrakenBTCUSDResearchStrategy-000,BTC/USD.KRAKEN,KRAKEN-1-125,BTC/USD.KRAKEN-KrakenBTCUSDResearchStrategy-000,KRAKEN-001,T-b4dae179a06482cd-41979,MARKET,BUY,0.02663703,GTC,False,False,0.02663703,TAKER,97425.58,0.0,['10.38 USD'],NO_TRIGGER,FILLED,NO_CONTINGENCY,,,,,,,,7c18a27c-b715-4082-83d7-7a07c264107f,2025-02-07 10:20:00+00:00,2025-02-07 10:20:00+00:00
O-20250207-151500-BACKTEST-000-126,KRAKEN-BACKTEST,KrakenBTCUSDResearchStrategy-000,BTC/USD.KRAKEN,KRAKEN-1-126,BTC/USD.KRAKEN-KrakenBTCUSDResearchStrategy-000,KRAKEN-001,T-3667b3182d1b8f76-42212,MARKET,SELL,0.02663703,GTC,False,False,0.02663703,TAKER,97957.22,0.0,['10.44 USD'],NO_TRIGGER,FILLED,NO_CONTINGENCY,,,,,,,,5aeb845a-da35-4673-858d-f182a7b18211,2025-02-07 15:15:00+00:00,2025-02-07 15:15:00+00:00
O-20250208-192000-BACKTEST-000-127,KRAKEN-BACKTEST,KrakenBTCUSDResearchStrategy-000,BTC/USD.KRAKEN,KRAKEN-1-127,BTC/USD.KRAKEN-KrakenBTCUSDResearchStrategy-000,KRAKEN-001,T-99d3afb0358926c2-43512,MARKET,BUY,0.02683771,GTC,False,False,0.02683771,TAKER,96622.64,0.0,['10.37 USD'],NO_TRIGGER,FILLED,NO_CONTINGENCY,,,,,,,,69930d66-2c75-4a5f-871d-fca8bdb6e13e,2025-02-08 19:20:00+00:00,2025-02-08 19:20:00+00:00
O-20250208-201000-BACKTEST-000-128,KRAKEN-BACKTEST,KrakenBTCUSDResearchStrategy-000,BTC/USD.KRAKEN,KRAKEN-1-128,BTC/USD.KRAKEN-KrakenBTCUSDResearchStrategy-000,KRAKEN-001,T-491c41ee55b74bac-43549,MARKET,SELL,0.02683771,GTC,False,False,0.02683771,TAKER,96419.99,0.0,['10.35 USD'],NO_TRIGGER,FILLED,NO_CONTINGENCY,,,,,,,,8a65c755-3cd9-4cf1-8b43-bd5d4c0d8db0,2025-02-08 20:10:00+00:00,2025-02-08 20:10:00+00:00
O-20250209-012000-BACKTEST-000-129,KRAKEN-BACKTEST,KrakenBTCUSDResearchStrategy-000,BTC/USD.KRAKEN,KRAKEN-1-129,BTC/USD.KRAKEN-KrakenBTCUSDResearchStrategy-000,KRAKEN-001,T-1769a207983628d1-43786,MARKET,BUY,0.02672126,GTC,False,False,0.02672126,TAKER,96750.01,0.0,['10.34 USD'],NO_TRIGGER,FILLED,NO_CONTINGENCY,,,,,,,,11d6fe1d-fc10-4d57-ae0e-30ddc369da61,2025-02-09 01:20:00+00:00,2025-02-09 01:20:00+00:00
O-20250209-062000-BACKTEST-000-130,KRAKEN-BACKTEST,KrakenBTCUSDResearchStrategy-000,BTC/USD.KRAKEN,KRAKEN-1-130,BTC/USD.KRAKEN-KrakenBTCUSDResearchStrategy-000,KRAKEN-001,T-e8cae82f3a8e4b6b-44010,MARKET,SELL,0.02672126,GTC,False,False,0.02672126,TAKER,96826.43,0.0,['10.35 USD'],NO_TRIGGER,FILLED,NO_CONTINGENCY,,,,,,,,bfa0c5c1-c086-47dc-9609-625271ed304a,2025-02-09 06:20:00+00:00,2025-02-09 06:20:00+00:00
O-20250210-000000-BACKTEST-000-131,KRAKEN-BACKTEST,KrakenBTCUSDResearchStrategy-000,BTC/USD.KRAKEN,KRAKEN-1-131,BTC/USD.KRAKEN-KrakenBTCUSDResearchStrategy-000,KRAKEN-001,T-787ad1ba3f6091ef-44828,MARKET,BUY,0.02665052,GTC,False,False,0.02665052,TAKER,96796.88,0.0,['10.32 USD'],NO_TRIGGER,FILLED,NO_CONTINGENCY,,,,,,,,6b917af0-b1a5-4e10-a05e-013484b3d381,2025-02-10 00:00:00+00:00,2025-02-10 00:00:00+00:00
O-20250210-011500-BACKTEST-000-132,KRAKEN-BACKTEST,KrakenBTCUSDResearchStrategy-000,BTC/USD.KRAKEN,KRAKEN-1-132,BTC/USD.KRAKEN-KrakenBTCUSDResearchStrategy-000,KRAKEN-001,T-c98e43608d8a207e-44889,MARKET,SELL,0.02665052,GTC,False,False,0.02665052,TAKER,96271.48000000001,0.0,['10.26 USD'],NO_TRIGGER,FILLED,NO_CONTINGENCY,,,,,,,,e9d9a189-4aa5-45b0-9122-6f49c7634943,2025-02-10 01:15:00+00:00,2025-02-10 01:15:00+00:00
O-20250210-054500-BACKTEST-000-133,KRAKEN-BACKTEST,KrakenBTCUSDResearchStrategy-000,BTC/USD.KRAKEN,KRAKEN-1-133,BTC/USD.KRAKEN-KrakenBTCUSDResearchStrategy-000,KRAKEN-001,T-0d4eba9e8f0ad7d7-45098,MARKET,BUY,0.02636708,GTC,False,False,0.02636708,TAKER,97444.0,0.0,['10.28 USD'],NO_TRIGGER,FILLED,NO_CONTINGENCY,,,,,,,,58f1da0f-055a-49fb-a2c8-887810684a32,2025-02-10 05:45:00+00:00,2025-02-10 05:45:00+00:00
O-20250210-055500-BACKTEST-000-134,KRAKEN-BACKTEST,KrakenBTCUSDResearchStrategy-000,BTC/USD.KRAKEN,KRAKEN-1-134,BTC/USD.KRAKEN-KrakenBTCUSDResearchStrategy-000,KRAKEN-001,T-2f3069cb82b1bc4a-45106,MARKET,SELL,0.02636708,GTC,False,False,0.02636708,TAKER,97015.26000000001,0.0,['10.23 USD'],NO_TRIGGER,FILLED,NO_CONTINGENCY,,,,,,,,3a19f76e-cb0a-4bd4-a2a2-8a193aa4361e,2025-02-10 05:55:00+00:00,2025-02-10 05:55:00+00:00
O-20250210-080500-BACKTEST-000-135,KRAKEN-BACKTEST,KrakenBTCUSDResearchStrategy-000,BTC/USD.KRAKEN,KRAKEN-1-135,BTC/USD.KRAKEN-KrakenBTCUSDResearchStrategy-000,KRAKEN-001,T-e26b0716dccab0df-45209,MARKET,BUY,0.02617995,GTC,False,False,0.02617995,TAKER,97775.99,0.0,['10.24 USD'],NO_TRIGGER,FILLED,NO_CONTINGENCY,,,,,,,,84b431ce-02f5-4f49-a191-324fbf5b31fc,2025-02-10 08:05:00+00:00,2025-02-10 08:05:00+00:00
O-20250210-123000-BACKTEST-000-136,KRAKEN-BACKTEST,KrakenBTCUSDResearchStrategy-000,BTC/USD.KRAKEN,KRAKEN-1-136,BTC/USD.KRAKEN-KrakenBTCUSDResearchStrategy-000,KRAKEN-001,T-dd95d43b3554cbb3-45416,MARKET,SELL,0.02617995,GTC,False,False,0.02617995,TAKER,97407.98000000001,0.0,['10.20 USD'],NO_TRIGGER,FILLED,NO_CONTINGENCY,,,,,,,,85852f21-0fba-48e4-bf08-be821e4366d9,2025-02-10 12:30:00+00:00,2025-02-10 12:30:00+00:00
O-20250210-135500-BACKTEST-000-137,KRAKEN-BACKTEST,KrakenBTCUSDResearchStrategy-000,BTC/USD.KRAKEN,KRAKEN-1-137,BTC/USD.KRAKEN-KrakenBTCUSDResearchStrategy-000,KRAKEN-001,T-a9f175a75eafab0d-45485,MARKET,BUY,0.02597089,GTC,False,False,0.02597089,TAKER,98215.71999999999,0.0,['10.20 USD'],NO_TRIGGER,FILLED,NO_CONTINGENCY,,,,,,,,bcbcd852-63f8-4a65-baa1-ad1b41fc228b,2025-02-10 13:55:00+00:00,2025-02-10 13:55:00+00:00
O-20250210-140500-BACKTEST-000-138,KRAKEN-BACKTEST,KrakenBTCUSDResearchStrategy-000,BTC/USD.KRAKEN,KRAKEN-1-138,BTC/USD.KRAKEN-KrakenBTCUSDResearchStrategy-000,KRAKEN-001,T-bdf96bc564936ac6-45494,MARKET,SELL,0.02597089,GTC,False,False,0.02597089,TAKER,97815.97,0.0,['10.16 USD'],NO_TRIGGER,FILLED,NO_CONTINGENCY,,,,,,,,f6d2bb1d-5e79-4b5b-b955-fc1c08188288,2025-02-10 14:05:00+00:00,2025-02-10 14:05:00+00:00
O-20250211-001000-BACKTEST-000-139,KRAKEN-BACKTEST,KrakenBTCUSDResearchStrategy-000,BTC/USD.KRAKEN,KRAKEN-1-139,BTC/USD.KRAKEN-KrakenBTCUSDResearchStrategy-000,KRAKEN-001,T-130b045851c8f884-45957,MARKET,BUY,0.02600419,GTC,False,False,0.02600419,TAKER,97735.32,0.0,['10.17 USD'],NO_TRIGGER,FILLED,NO_CONTINGENCY,,,,,,,,a40d55bb-c8e9-482b-a776-a65296f0aba6,2025-02-11 00:10:00+00:00,2025-02-11 00:10:00+00:00
O-20250211-023000-BACKTEST-000-140,KRAKEN-BACKTEST,KrakenBTCUSDResearchStrategy-000,BTC/USD.KRAKEN,KRAKEN-1-140,BTC/USD.KRAKEN-KrakenBTCUSDResearchStrategy-000,KRAKEN-001,T-ab3e2b42b98ae3dc-46065,MARKET,SELL,0.02600419,GTC,False,False,0.02600419,TAKER,97488.44,0.0,['10.14 USD'],NO_TRIGGER,FILLED,NO_CONTINGENCY,,,,,,,,55144d6c-c57b-4102-8f85-762041510db5,2025-02-11 02:30:00+00:00,2025-02-11 02:30:00+00:00
O-20250211-050500-BACKTEST-000-141,KRAKEN-BACKTEST,KrakenBTCUSDResearchStrategy-000,BTC/USD.KRAKEN,KRAKEN-1-141,BTC/USD.KRAKEN-KrakenBTCUSDResearchStrategy-000,KRAKEN-001,T-88fb249a3b44c35a-46187,MARKET,BUY,0.02578049,GTC,False,False,0.02578049,TAKER,98272.31,0.0,['10.13 USD'],NO_TRIGGER,FILLED,NO_CONTINGENCY,,,,,,,,1d1cac15-3e94-4038-b66b-2f4af7ed9f64,2025-02-11 05:05:00+00:00,2025-02-11 05:05:00+00:00
O-20250211-082500-BACKTEST-000-142,KRAKEN-BACKTEST,KrakenBTCUSDResearchStrategy-000,BTC/USD.KRAKEN,KRAKEN-1-142,BTC/USD.KRAKEN-KrakenBTCUSDResearchStrategy-000,KRAKEN-001,T-47e2bcbf4efc5826-46342,MARKET,SELL,0.02578049,GTC,False,False,0.02578049,TAKER,98109.3,0.0,['10.12 USD'],NO_TRIGGER,FILLED,NO_CONTINGENCY,,,,,,,,9911ee80-6bae-4721-9765-c92840a4b08e,2025-02-11 08:25:00+00:00,2025-02-11 08:25:00+00:00
O-20250212-072500-BACKTEST-000-143,KRAKEN-BACKTEST,KrakenBTCUSDResearchStrategy-000,BTC/USD.KRAKEN,KRAKEN-1-143,BTC/USD.KRAKEN-KrakenBTCUSDResearchStrategy-000,KRAKEN-001,T-02b6e5ce6d61d4a8-47407,MARKET,BUY,0.02629248,GTC,False,False,0.02629248,TAKER,96079.68,0.0,['10.10 USD'],NO_TRIGGER,FILLED,NO_CONTINGENCY,,,,,,,,096280f9-1efd-464b-9aa9-573e67841c55,2025-02-12 07:25:00+00:00,2025-02-12 07:25:00+00:00
O-20250212-104500-BACKTEST-000-144,KRAKEN-BACKTEST,KrakenBTCUSDResearchStrategy-000,BTC/USD.KRAKEN,KRAKEN-1-144,BTC/USD.KRAKEN-KrakenBTCUSDResearchStrategy-000,KRAKEN-001,T-031a97b2b96a31a4-47562,MARKET,SELL,0.02629248,GTC,False,False,0.02629248,TAKER,96000.01,0.0,['10.10 USD'],NO_TRIGGER,FILLED,NO_CONTINGENCY,,,,,,,,0397aa22-70e1-4744-8f49-4cbecc63fb5b,2025-02-12 10:45:00+00:00,2025-02-12 10:45:00+00:00
O-20250212-132000-BACKTEST-000-145,KRAKEN-BACKTEST,KrakenBTCUSDResearchStrategy-000,BTC/USD.KRAKEN,KRAKEN-1-145,BTC/USD.KRAKEN-KrakenBTCUSDResearchStrategy-000,KRAKEN-001,T-789e36e59fd23fd9-47683,MARKET,BUY,0.02610867,GTC,False,False,0.02610867,TAKER,96499.99,0.0,['10.08 USD'],NO_TRIGGER,FILLED,NO_CONTINGENCY,,,,,,,,c83dcf3a-30ef-4377-b6e9-7641183e566c,2025-02-12 13:20:00+00:00,2025-02-12 13:20:00+00:00
O-20250212-133000-BACKTEST-000-146,KRAKEN-BACKTEST,KrakenBTCUSDResearchStrategy-000,BTC/USD.KRAKEN,KRAKEN-1-146,BTC/USD.KRAKEN-KrakenBTCUSDResearchStrategy-000,KRAKEN-001,T-51bf93b782de7c9a-47692,MARKET,SELL,0.02610867,GTC,False,False,0.02610867,TAKER,94891.3,0.0,['9.91 USD'],NO_TRIGGER,FILLED,NO_CONTINGENCY,,,,,,,,24ca0744-b432-4054-980f-5574b0f8ca2e,2025-02-12 13:30:00+00:00,2025-02-12 13:30:00+00:00
O-20250212-170000-BACKTEST-000-147,KRAKEN-BACKTEST,KrakenBTCUSDResearchStrategy-000,BTC/USD.KRAKEN,KRAKEN-1-147,BTC/USD.KRAKEN-KrakenBTCUSDResearchStrategy-000,KRAKEN-001,T-63725176ac1a97a8-47858,MARKET,BUY,0.02573408,GTC,False,False,0.02573408,TAKER,97182.01999999999,0.0,['10.00 USD'],NO_TRIGGER,FILLED,NO_CONTINGENCY,,,,,,,,46122f26-0ca6-4b1e-a17d-08e98f491380,2025-02-12 17:00:00+00:00,2025-02-12 17:00:00+00:00
O-20250212-190500-BACKTEST-000-148,KRAKEN-BACKTEST,KrakenBTCUSDResearchStrategy-000,BTC/USD.KRAKEN,KRAKEN-1-148,BTC/USD.KRAKEN-KrakenBTCUSDResearchStrategy-000,KRAKEN-001,T-00e3fd81882a9ec1-47957,MARKET,SELL,0.02573408,GTC,False,False,0.02573408,TAKER,96583.61,0.0,['9.94 USD'],NO_TRIGGER,FILLED,NO_CONTINGENCY,,,,,,,,ae92ab3e-3701-4b97-912a-b1cf61b413a0,2025-02-12 19:05:00+00:00,2025-02-12 19:05:00+00:00
O-20250212-214000-BACKTEST-000-149,KRAKEN-BACKTEST,KrakenBTCUSDResearchStrategy-000,BTC/USD.KRAKEN,KRAKEN-1-149,BTC/USD.KRAKEN-KrakenBTCUSDResearchStrategy-000,KRAKEN-001,T-f4f4667ef8edf023-48081,MARKET,BUY,0.02544656,GTC,False,False,0.02544656,TAKER,97863.42,0.0,['9.96 USD'],NO_TRIGGER,FILLED,NO_CONTINGENCY,,,,,,,,28a0f751-f391-403f-afbf-f189c613136d,2025-02-12 21:40:00+00:00,2025-02-12 21:40:00+00:00
O-20250212-221000-BACKTEST-000-150,KRAKEN-BACKTEST,KrakenBTCUSDResearchStrategy-000,BTC/USD.KRAKEN,KRAKEN-1-150,BTC/USD.KRAKEN-KrakenBTCUSDResearchStrategy-000,KRAKEN-001,T-c13015ece0a56523-48105,MARKET,SELL,0.02544656,GTC,False,False,0.02544656,TAKER,97466.67,0.0,['9.92 USD'],NO_TRIGGER,FILLED,NO_CONTINGENCY,,,,,,,,21add15e-d927-45b8-a7c3-534747506855,2025-02-12 22:10:00+00:00,2025-02-12 22:10:00+00:00
O-20250213-210000-BACKTEST-000-151,KRAKEN-BACKTEST,KrakenBTCUSDResearchStrategy-000,BTC/USD.KRAKEN,KRAKEN-1-151,BTC/USD.KRAKEN-KrakenBTCUSDResearchStrategy-000,KRAKEN-001,T-26495d0c2ec5a728-49172,MARKET,BUY,0.02574597,GTC,False,False,0.02574597,TAKER,96376.0,0.0,['9.93 USD'],NO_TRIGGER,FILLED,NO_CONTINGENCY,,,,,,,,71beed6b-9fdc-445a-be1c-20c325b2bbec,2025-02-13 21:00:00+00:00,2025-02-13 21:00:00+00:00
O-20250214-054500-BACKTEST-000-152,KRAKEN-BACKTEST,KrakenBTCUSDResearchStrategy-000,BTC/USD.KRAKEN,KRAKEN-1-152,BTC/USD.KRAKEN-KrakenBTCUSDResearchStrategy-000,KRAKEN-001,T-717e01f23f3b38dc-49583,MARKET,SELL,0.02574597,GTC,False,False,0.02574597,TAKER,96583.67,0.0,['9.95 USD'],NO_TRIGGER,FILLED,NO_CONTINGENCY,,,,,,,,9cead888-72f4-4778-9b77-5b4a999153ed,2025-02-14 05:45:00+00:00,2025-02-14 05:45:00+00:00
O-20250214-093500-BACKTEST-000-153,KRAKEN-BACKTEST,KrakenBTCUSDResearchStrategy-000,BTC/USD.KRAKEN,KRAKEN-1-153,BTC/USD.KRAKEN-KrakenBTCUSDResearchStrategy-000,KRAKEN-001,T-a58e0e56a1a3af7e-49759,MARKET,BUY,0.02550547,GTC,False,False,0.02550547,TAKER,97113.86,0.0,['9.91 USD'],NO_TRIGGER,FILLED,NO_CONTINGENCY,,,,,,,,676041fc-3f69-4ba9-872b-0e96222a0980,2025-02-14 09:35:00+00:00,2025-02-14 09:35:00+00:00
O-20250214-112500-BACKTEST-000-154,KRAKEN-BACKTEST,KrakenBTCUSDResearchStrategy-000,BTC/USD.KRAKEN,KRAKEN-1-154,BTC/USD.KRAKEN-KrakenBTCUSDResearchStrategy-000,KRAKEN-001,T-d7e9cbcaff988413-49846,MARKET,SELL,0.02550547,GTC,False,False,0.02550547,TAKER,96844.58,0.0,['9.88 USD'],NO_TRIGGER,FILLED,NO_CONTINGENCY,,,,,,,,ec857786-3abc-40a0-9b7d-85bd6b7b5b24,2025-02-14 11:25:00+00:00,2025-02-14 11:25:00+00:00
O-20250214-145000-BACKTEST-000-155,KRAKEN-BACKTEST,KrakenBTCUSDResearchStrategy-000,BTC/USD.KRAKEN,KRAKEN-1-155,BTC/USD.KRAKEN-KrakenBTCUSDResearchStrategy-000,KRAKEN-001,T-78f5fd214327bd39-50005,MARKET,BUY,0.02532791,GTC,False,False,0.02532791,TAKER,97479.01000000001,0.0,['9.88 USD'],NO_TRIGGER,FILLED,NO_CONTINGENCY,,,,,,,,6bf7022b-e1b1-4958-b039-b38a2df20d89,2025-02-14 14:50:00+00:00,2025-02-14 14:50:00+00:00
O-20250214-150000-BACKTEST-000-156,KRAKEN-BACKTEST,KrakenBTCUSDResearchStrategy-000,BTC/USD.KRAKEN,KRAKEN-1-156,BTC/USD.KRAKEN-KrakenBTCUSDResearchStrategy-000,KRAKEN-001,T-0d7915102789f243-50014,MARKET,SELL,0.02532791,GTC,False,False,0.02532791,TAKER,97035.16,0.0,['9.83 USD'],NO_TRIGGER,FILLED,NO_CONTINGENCY,,,,,,,,cbbd60b4-97be-4f8a-ae2c-5429090ba207,2025-02-14 15:00:00+00:00,2025-02-14 15:00:00+00:00
O-20250214-173500-BACKTEST-000-157,KRAKEN-BACKTEST,KrakenBTCUSDResearchStrategy-000,BTC/USD.KRAKEN,KRAKEN-1-157,BTC/USD.KRAKEN-KrakenBTCUSDResearchStrategy-000,KRAKEN-001,T-f2802766ace3e109-50135,MARKET,BUY,0.02516718,GTC,False,False,0.02516718,TAKER,97732.62000000001,0.0,['9.84 USD'],NO_TRIGGER,FILLED,NO_CONTINGENCY,,,,,,,,ebbe4171-ea42-47b8-a58e-6adb4356d75e,2025-02-14 17:35:00+00:00,2025-02-14 17:35:00+00:00
O-20250214-205000-BACKTEST-000-158,KRAKEN-BACKTEST,KrakenBTCUSDResearchStrategy-000,BTC/USD.KRAKEN,KRAKEN-1-158,BTC/USD.KRAKEN-KrakenBTCUSDResearchStrategy-000,KRAKEN-001,T-ac91af7ba386009a-50287,MARKET,SELL,0.02516718,GTC,False,False,0.02516718,TAKER,97504.49,0.0,['9.82 USD'],NO_TRIGGER,FILLED,NO_CONTINGENCY,,,,,,,,c2b169fa-501a-4f16-a039-28c5353246cb,2025-02-14 20:50:00+00:00,2025-02-14 20:50:00+00:00
O-20250215-015000-BACKTEST-000-159,KRAKEN-BACKTEST,KrakenBTCUSDResearchStrategy-000,BTC/USD.KRAKEN,KRAKEN-1-159,BTC/USD.KRAKEN-KrakenBTCUSDResearchStrategy-000,KRAKEN-001,T-e6c54b7599b627d6-50524,MARKET,BUY,0.02506337,GTC,False,False,0.02506337,TAKER,97833.41,0.0,['9.81 USD'],NO_TRIGGER,FILLED,NO_CONTINGENCY,,,,,,,,b539e697-b59c-4f36-adc9-a29bd59759c3,2025-02-15 01:50:00+00:00,2025-02-15 01:50:00+00:00
O-20250215-023500-BACKTEST-000-160,KRAKEN-BACKTEST,KrakenBTCUSDResearchStrategy-000,BTC/USD.KRAKEN,KRAKEN-1-160,BTC/USD.KRAKEN-KrakenBTCUSDResearchStrategy-000,KRAKEN-001,T-2ca3b9966b534f7a-50556,MARKET,SELL,0.02506337,GTC,False,False,0.02506337,TAKER,97640.23,0.0,['9.79 USD'],NO_TRIGGER,FILLED,NO_CONTINGENCY,,,,,,,,398cab2e-7a5c-44c0-bf29-99cbc212ab4a,2025-02-15 02:35:00+00:00,2025-02-15 02:35:00+00:00
O-20250215-030500-BACKTEST-000-161,KRAKEN-BACKTEST,KrakenBTCUSDResearchStrategy-000,BTC/USD.KRAKEN,KRAKEN-1-161,BTC/USD.KRAKEN-KrakenBTCUSDResearchStrategy-000,KRAKEN-001,T-6795e8edf57b2e2a-50580,MARKET,BUY,0.02495490,GTC,False,False,0.02495490,TAKER,97964.81999999999,0.0,['9.78 USD'],NO_TRIGGER,FILLED,NO_CONTINGENCY,,,,,,,,cfa24091-3150-49a9-ae4a-36576db89af4,2025-02-15 03:05:00+00:00,2025-02-15 03:05:00+00:00
O-20250215-032500-BACKTEST-000-162,KRAKEN-BACKTEST,KrakenBTCUSDResearchStrategy-000,BTC/USD.KRAKEN,KRAKEN-1-162,BTC/USD.KRAKEN-KrakenBTCUSDResearchStrategy-000,KRAKEN-001,T-d0dad482b1f8ed80-50596,MARKET,SELL,0.02495490,GTC,False,False,0.02495490,TAKER,97808.66,0.0,['9.76 USD'],NO_TRIGGER,FILLED,NO_CONTINGENCY,,,,,,,,5c1997f9-a617-4504-9044-18635aa81a5f,2025-02-15 03:25:00+00:00,2025-02-15 03:25:00+00:00
O-20250215-105000-BACKTEST-000-163,KRAKEN-BACKTEST,KrakenBTCUSDResearchStrategy-000,BTC/USD.KRAKEN,KRAKEN-1-163,BTC/USD.KRAKEN-KrakenBTCUSDResearchStrategy-000,KRAKEN-001,T-bab62b47cf995a65-50926,MARKET,BUY,0.02495108,GTC,False,False,0.02495108,TAKER,97698.12,0.0,['9.75 USD'],NO_TRIGGER,FILLED,NO_CONTINGENCY,,,,,,,,85ab6f77-563e-46da-af1e-10a915a91166,2025-02-15 10:50:00+00:00,2025-02-15 10:50:00+00:00
O-20250215-111000-BACKTEST-000-164,KRAKEN-BACKTEST,KrakenBTCUSDResearchStrategy-000,BTC/USD.KRAKEN,KRAKEN-1-164,BTC/USD.KRAKEN-KrakenBTCUSDResearchStrategy-000,KRAKEN-001,T-2e8c217e9768716c-50943,MARKET,SELL,0.02495108,GTC,False,False,0.02495108,TAKER,97531.01000000001,0.0,['9.73 USD'],NO_TRIGGER,FILLED,NO_CONTINGENCY,,,,,,,,c39fe4e7-a41e-4807-b0d4-3c1d5c6955a7,2025-02-15 11:10:00+00:00,2025-02-15 11:10:00+00:00
O-20250215-123500-BACKTEST-000-165,KRAKEN-BACKTEST,KrakenBTCUSDResearchStrategy-000,BTC/USD.KRAKEN,KRAKEN-1-165,BTC/USD.KRAKEN-KrakenBTCUSDResearchStrategy-000,KRAKEN-001,T-d60a4ea67351d283-51009,MARKET,BUY,0.02486734,GTC,False,False,0.02486734,TAKER,97741.78,0.0,['9.72 USD'],NO_TRIGGER,FILLED,NO_CONTINGENCY,,,,,,,,5863e88f-ab4a-4acc-91d0-a6617db096cd,2025-02-15 12:35:00+00:00,2025-02-15 12:35:00+00:00
O-20250215-141500-BACKTEST-000-166,KRAKEN-BACKTEST,KrakenBTCUSDResearchStrategy-000,BTC/USD.KRAKEN,KRAKEN-1-166,BTC/USD.KRAKEN-KrakenBTCUSDResearchStrategy-000,KRAKEN-001,T-567791bf6187fbcc-51087,MARKET,SELL,0.02486734,GTC,False,False,0.02486734,TAKER,97619.99,0.0,['9.71 USD'],NO_TRIGGER,FILLED,NO_CONTINGENCY,,,,,,,,fffb8a44-3bb5-4097-bb02-6cbc19d7ac21,2025-02-15 14:15:00+00:00,2025-02-15 14:15:00+00:00
O-20250215-212000-BACKTEST-000-167,KRAKEN-BACKTEST,KrakenBTCUSDResearchStrategy-000,BTC/USD.KRAKEN,KRAKEN-1-167,BTC/USD.KRAKEN-KrakenBTCUSDResearchStrategy-000,KRAKEN-001,T-e52d2ee2405bcbaa-51417,MARKET,BUY,0.02481908,GTC,False,False,0.02481908,TAKER,97660.38,0.0,['9.70 USD'],NO_TRIGGER,FILLED,NO_CONTINGENCY,,,,,,,,c998be98-8642-4ef7-9b6d-ea92121233b3,2025-02-15 21:20:00+00:00,2025-02-15 21:20:00+00:00
O-20250215-222500-BACKTEST-000-168,KRAKEN-BACKTEST,KrakenBTCUSDResearchStrategy-000,BTC/USD.KRAKEN,KRAKEN-1-168,BTC/USD.KRAKEN-KrakenBTCUSDResearchStrategy-000,KRAKEN-001,T-9a43b3d3e7209470-51467,MARKET,SELL,0.02481908,GTC,False,False,0.02481908,TAKER,97450.0,0.0,['9.67 USD'],NO_TRIGGER,FILLED,NO_CONTINGENCY,,,,,,,,f25f06b9-1766-4dae-a8de-5b75c4624dfb,2025-02-15 22:25:00+00:00,2025-02-15 22:25:00+00:00
O-20250217-125500-BACKTEST-000-169,KRAKEN-BACKTEST,KrakenBTCUSDResearchStrategy-000,BTC/USD.KRAKEN,KRAKEN-1-169,BTC/USD.KRAKEN-KrakenBTCUSDResearchStrategy-000,KRAKEN-001,T-7676199f86ddc433-53230,MARKET,BUY,0.02505204,GTC,False,False,0.02505204,TAKER,96457.76,0.0,['9.67 USD'],NO_TRIGGER,FILLED,NO_CONTINGENCY,,,,,,,,ec7ff75e-2ce0-42b9-9aba-524dbc8c0d00,2025-02-17 12:55:00+00:00,2025-02-17 12:55:00+00:00
O-20250217-153000-BACKTEST-000-170,KRAKEN-BACKTEST,KrakenBTCUSDResearchStrategy-000,BTC/USD.KRAKEN,KRAKEN-1-170,BTC/USD.KRAKEN-KrakenBTCUSDResearchStrategy-000,KRAKEN-001,T-8fa5d8ca5f2083e8-53355,MARKET,SELL,0.02505204,GTC,False,False,0.02505204,TAKER,96244.38,0.0,['9.64 USD'],NO_TRIGGER,FILLED,NO_CONTINGENCY,,,,,,,,22fe9e2a-74b6-4ac0-a8c6-a888a97580b0,2025-02-17 15:30:00+00:00,2025-02-17 15:30:00+00:00
O-20250217-215500-BACKTEST-000-171,KRAKEN-BACKTEST,KrakenBTCUSDResearchStrategy-000,BTC/USD.KRAKEN,KRAKEN-1-171,BTC/USD.KRAKEN-KrakenBTCUSDResearchStrategy-000,KRAKEN-001,T-0493b2043bbebdbe-53656,MARKET,BUY,0.02498792,GTC,False,False,0.02498792,TAKER,96409.33,0.0,['9.64 USD'],NO_TRIGGER,FILLED,NO_CONTINGENCY,,,,,,,,91a6ae5f-fe55-43f4-8178-08cc05877566,2025-02-17 21:55:00+00:00,2025-02-17 21:55:00+00:00
O-20250217-221000-BACKTEST-000-172,KRAKEN-BACKTEST,KrakenBTCUSDResearchStrategy-000,BTC/USD.KRAKEN,KRAKEN-1-172,BTC/USD.KRAKEN-KrakenBTCUSDResearchStrategy-000,KRAKEN-001,T-5936abd9c6da6a7f-53669,MARKET,SELL,0.02498792,GTC,False,False,0.02498792,TAKER,96126.47,0.0,['9.61 USD'],NO_TRIGGER,FILLED,NO_CONTINGENCY,,,,,,,,b390a59d-70a6-4f1f-ba00-72b2ff8a6e57,2025-02-17 22:10:00+00:00,2025-02-17 22:10:00+00:00
O-20250218-121500-BACKTEST-000-173,KRAKEN-BACKTEST,KrakenBTCUSDResearchStrategy-000,BTC/USD.KRAKEN,KRAKEN-1-173,BTC/USD.KRAKEN-KrakenBTCUSDResearchStrategy-000,KRAKEN-001,T-bb0c33aaf35505eb-54328,MARKET,BUY,0.02504091,GTC,False,False,0.02504091,TAKER,95890.0,0.0,['9.60 USD'],NO_TRIGGER,FILLED,NO_CONTINGENCY,,,,,,,,3eacec1d-40e8-48fb-b944-05b27a266bb9,2025-02-18 12:15:00+00:00,2025-02-18 12:15:00+00:00
O-20250218-144500-BACKTEST-000-174,KRAKEN-BACKTEST,KrakenBTCUSDResearchStrategy-000,BTC/USD.KRAKEN,KRAKEN-1-174,BTC/USD.KRAKEN-KrakenBTCUSDResearchStrategy-000,KRAKEN-001,T-78b2580a4e3de35f-54447,MARKET,SELL,0.02504091,GTC,False,False,0.02504091,TAKER,95674.62000000001,0.0,['9.58 USD'],NO_TRIGGER,FILLED,NO_CONTINGENCY,,,,,,,,ff34b294-b733-404f-a61a-30b35cae3593,2025-02-18 14:45:00+00:00,2025-02-18 14:45:00+00:00
O-20250218-222500-BACKTEST-000-175,KRAKEN-BACKTEST,KrakenBTCUSDResearchStrategy-000,BTC/USD.KRAKEN,KRAKEN-1-175,BTC/USD.KRAKEN-KrakenBTCUSDResearchStrategy-000,KRAKEN-001,T-3668504f0755edd0-54807,MARKET,BUY,0.02509227,GTC,False,False,0.02509227,TAKER,95399.95,0.0,['9.58 USD'],NO_TRIGGER,FILLED,NO_CONTINGENCY,,,,,,,,bb39f542-b2db-4994-96da-6cf6d959cad2,2025-02-18 22:25:00+00:00,2025-02-18 22:25:00+00:00
O-20250219-011500-BACKTEST-000-176,KRAKEN-BACKTEST,KrakenBTCUSDResearchStrategy-000,BTC/USD.KRAKEN,KRAKEN-1-176,BTC/USD.KRAKEN-KrakenBTCUSDResearchStrategy-000,KRAKEN-001,T-d7e0ddfc44432ccb-54942,MARKET,SELL,0.02509227,GTC,False,False,0.02509227,TAKER,95107.25,0.0,['9.55 USD'],NO_TRIGGER,FILLED,NO_CONTINGENCY,,,,,,,,1ca2f216-155d-4b6f-b0f0-26da7658f8a0,2025-02-19 01:15:00+00:00,2025-02-19 01:15:00+00:00
O-20250219-074500-BACKTEST-000-177,KRAKEN-BACKTEST,KrakenBTCUSDResearchStrategy-000,BTC/USD.KRAKEN,KRAKEN-1-177,BTC/USD.KRAKEN-KrakenBTCUSDResearchStrategy-000,KRAKEN-001,T-932649a53b750f3b-55246,MARKET,BUY,0.02490015,GTC,False,False,0.02490015,TAKER,95817.13,0.0,['9.54 USD'],NO_TRIGGER,FILLED,NO_CONTINGENCY,,,,,,,,a89a5a39-9a5e-4eb3-9035-ca55cab78f1a,2025-02-19 07:45:00+00:00,2025-02-19 07:45:00+00:00
O-20250219-085000-BACKTEST-000-178,KRAKEN-BACKTEST,KrakenBTCUSDResearchStrategy-000,BTC/USD.KRAKEN,KRAKEN-1-178,BTC/USD.KRAKEN-KrakenBTCUSDResearchStrategy-000,KRAKEN-001,T-a9313b1bd2be4b86-55295,MARKET,SELL,0.02490015,GTC,False,False,0.02490015,TAKER,95663.92,0.0,['9.53 USD'],NO_TRIGGER,FILLED,NO_CONTINGENCY,,,,,,,,e09b6183-efc6-4d82-af05-fea40de2a49a,2025-02-19 08:50:00+00:00,2025-02-19 08:50:00+00:00
O-20250219-100000-BACKTEST-000-179,KRAKEN-BACKTEST,KrakenBTCUSDResearchStrategy-000,BTC/USD.KRAKEN,KRAKEN-1-179,BTC/USD.KRAKEN-KrakenBTCUSDResearchStrategy-000,KRAKEN-001,T-10864be336c6afef-55351,MARKET,BUY,0.02466471,GTC,False,False,0.02466471,TAKER,96453.45999999999,0.0,['9.52 USD'],NO_TRIGGER,FILLED,NO_CONTINGENCY,,,,,,,,bb0c4bb6-9327-49f5-8386-76b325f40318,2025-02-19 10:00:00+00:00,2025-02-19 10:00:00+00:00
O-20250219-103000-BACKTEST-000-180,KRAKEN-BACKTEST,KrakenBTCUSDResearchStrategy-000,BTC/USD.KRAKEN,KRAKEN-1-180,BTC/USD.KRAKEN-KrakenBTCUSDResearchStrategy-000,KRAKEN-001,T-bf3df9f01f06e78f-55376,MARKET,SELL,0.02466471,GTC,False,False,0.02466471,TAKER,96208.4,0.0,['9.49 USD'],NO_TRIGGER,FILLED,NO_CONTINGENCY,,,,,,,,dd014e4d-a750-4cab-8281-c2951d901f65,2025-02-19 10:30:00+00:00,2025-02-19 10:30:00+00:00
O-20250219-120000-BACKTEST-000-181,KRAKEN-BACKTEST,KrakenBTCUSDResearchStrategy-000,BTC/USD.KRAKEN,KRAKEN-1-181,BTC/USD.KRAKEN-KrakenBTCUSDResearchStrategy-000,KRAKEN-001,T-9313272fef842363-55448,MARKET,BUY,0.02457793,GTC,False,False,0.02457793,TAKER,96488.14,0.0,['9.49 USD'],NO_TRIGGER,FILLED,NO_CONTINGENCY,,,,,,,,dddc68a9-50ba-4a22-9779-940606a7951b,2025-02-19 12:00:00+00:00,2025-02-19 12:00:00+00:00
O-20250219-121500-BACKTEST-000-182,KRAKEN-BACKTEST,KrakenBTCUSDResearchStrategy-000,BTC/USD.KRAKEN,KRAKEN-1-182,BTC/USD.KRAKEN-KrakenBTCUSDResearchStrategy-000,KRAKEN-001,T-340145bd9c8b41b0-55459,MARKET,SELL,0.02457793,GTC,False,False,0.02457793,TAKER,96330.0,0.0,['9.47 USD'],NO_TRIGGER,FILLED,NO_CONTINGENCY,,,,,,,,b0854109-5ff8-49ab-b38f-0aa52d8e19b8,2025-02-19 12:15:00+00:00,2025-02-19 12:15:00+00:00
O-20250219-143000-BACKTEST-000-183,KRAKEN-BACKTEST,KrakenBTCUSDResearchStrategy-000,BTC/USD.KRAKEN,KRAKEN-1-183,BTC/USD.KRAKEN-KrakenBTCUSDResearchStrategy-000,KRAKEN-001,T-03674f76fa7196d0-55563,MARKET,BUY,0.02446800,GTC,False,False,0.02446800,TAKER,96641.45999999999,0.0,['9.46 USD'],NO_TRIGGER,FILLED,NO_CONTINGENCY,,,,,,,,3b024e67-5433-4157-b6c9-f7457f0fc2d5,2025-02-19 14:30:00+00:00,2025-02-19 14:30:00+00:00
O-20250219-144000-BACKTEST-000-184,KRAKEN-BACKTEST,KrakenBTCUSDResearchStrategy-000,BTC/USD.KRAKEN,KRAKEN-1-184,BTC/USD.KRAKEN-KrakenBTCUSDResearchStrategy-000,KRAKEN-001,T-d733d40a41ae656a-55572,MARKET,SELL,0.02446800,GTC,False,False,0.02446800,TAKER,96005.47,0.0,['9.40 USD'],NO_TRIGGER,FILLED,NO_CONTINGENCY,,,,,,,,f7bc046b-87b5-4390-98fd-1a689d3626a3,2025-02-19 14:40:00+00:00,2025-02-19 14:40:00+00:00
O-20250219-222000-BACKTEST-000-185,KRAKEN-BACKTEST,KrakenBTCUSDResearchStrategy-000,BTC/USD.KRAKEN,KRAKEN-1-185,BTC/USD.KRAKEN-KrakenBTCUSDResearchStrategy-000,KRAKEN-001,T-cdce1e59d8a652e8-55936,MARKET,BUY,0.02438571,GTC,False,False,0.02438571,TAKER,96544.16,0.0,['9.42 USD'],NO_TRIGGER,FILLED,NO_CONTINGENCY,,,,,,,,870a2b28-f76e-498e-8fee-da700ab2668a,2025-02-19 22:20:00+00:00,2025-02-19 22:20:00+00:00
O-20250220-060500-BACKTEST-000-186,KRAKEN-BACKTEST,KrakenBTCUSDResearchStrategy-000,BTC/USD.KRAKEN,KRAKEN-1-186,BTC/USD.KRAKEN-KrakenBTCUSDResearchStrategy-000,KRAKEN-001,T-67def16e025620a6-56299,MARKET,SELL,0.02438571,GTC,False,False,0.02438571,TAKER,96834.01,0.0,['9.45 USD'],NO_TRIGGER,FILLED,NO_CONTINGENCY,,,,,,,,b18def83-4e57-4b72-93a3-5e539637a7e0,2025-02-20 06:05:00+00:00,2025-02-20 06:05:00+00:00
O-20250220-094000-BACKTEST-000-187,KRAKEN-BACKTEST,KrakenBTCUSDResearchStrategy-000,BTC/USD.KRAKEN,KRAKEN-1-187,BTC/USD.KRAKEN-KrakenBTCUSDResearchStrategy-000,KRAKEN-001,T-c65c22a1eb05e270-56466,MARKET,BUY,0.02416685,GTC,False,False,0.02416685,TAKER,97271.99,0.0,['9.40 USD'],NO_TRIGGER,FILLED,NO_CONTINGENCY,,,,,,,,b04d0636-ee7b-465e-addb-5f3fe3aca877,2025-02-20 09:40:00+00:00,2025-02-20 09:40:00+00:00
O-20250220-100000-BACKTEST-000-188,KRAKEN-BACKTEST,KrakenBTCUSDResearchStrategy-000,BTC/USD.KRAKEN,KRAKEN-1-188,BTC/USD.KRAKEN-KrakenBTCUSDResearchStrategy-000,KRAKEN-001,T-d6f670ff59bb040f-56483,MARKET,SELL,0.02416685,GTC,False,False,0.02416685,TAKER,97108.28000000001,0.0,['9.39 USD'],NO_TRIGGER,FILLED,NO_CONTINGENCY,,,,,,,,e5d0c86c-4b68-4d81-bce3-b22fbcbfe3af,2025-02-20 10:00:00+00:00,2025-02-20 10:00:00+00:00
O-20250220-105000-BACKTEST-000-189,KRAKEN-BACKTEST,KrakenBTCUSDResearchStrategy-000,BTC/USD.KRAKEN,KRAKEN-1-189,BTC/USD.KRAKEN-KrakenBTCUSDResearchStrategy-000,KRAKEN-001,T-d566a7fce29e413c-56522,MARKET,BUY,0.02408975,GTC,False,False,0.02408975,TAKER,97299.99,0.0,['9.38 USD'],NO_TRIGGER,FILLED,NO_CONTINGENCY,,,,,,,,35867f1f-e92e-4e5b-ac4e-5abbec7bdf13,2025-02-20 10:50:00+00:00,2025-02-20 10:50:00+00:00
O-20250220-113500-BACKTEST-000-190,KRAKEN-BACKTEST,KrakenBTCUSDResearchStrategy-000,BTC/USD.KRAKEN,KRAKEN-1-190,BTC/USD.KRAKEN-KrakenBTCUSDResearchStrategy-000,KRAKEN-001,T-124c02db64194623-56558,MARKET,SELL,0.02408975,GTC,False,False,0.02408975,TAKER,97170.55,0.0,['9.36 USD'],NO_TRIGGER,FILLED,NO_CONTINGENCY,,,,,,,,ec8b14ea-a8e7-421b-94a9-e7835b60ac81,2025-02-20 11:35:00+00:00,2025-02-20 11:35:00+00:00
O-20250220-120500-BACKTEST-000-191,KRAKEN-BACKTEST,KrakenBTCUSDResearchStrategy-000,BTC/USD.KRAKEN,KRAKEN-1-191,BTC/USD.KRAKEN-KrakenBTCUSDResearchStrategy-000,KRAKEN-001,T-ed4ad5a543a91f2b-56583,MARKET,BUY,0.02398445,GTC,False,False,0.02398445,TAKER,97453.73000000001,0.0,['9.35 USD'],NO_TRIGGER,FILLED,NO_CONTINGENCY,,,,,,,,f7b8d9e0-751b-4946-b072-7533b607926c,2025-02-20 12:05:00+00:00,2025-02-20 12:05:00+00:00
O-20250220-133500-BACKTEST-000-192,KRAKEN-BACKTEST,KrakenBTCUSDResearchStrategy-000,BTC/USD.KRAKEN,KRAKEN-1-192,BTC/USD.KRAKEN-KrakenBTCUSDResearchStrategy-000,KRAKEN-001,T-b6c9ad1e538d5c22-56652,MARKET,SELL,0.02398445,GTC,False,False,0.02398445,TAKER,97290.89,0.0,['9.33 USD'],NO_TRIGGER,FILLED,NO_CONTINGENCY,,,,,,,,aa354017-6c80-474f-af2c-585b623230d5,2025-02-20 13:35:00+00:00,2025-02-20 13:35:00+00:00
O-20250220-180000-BACKTEST-000-193,KRAKEN-BACKTEST,KrakenBTCUSDResearchStrategy-000,BTC/USD.KRAKEN,KRAKEN-1-193,BTC/USD.KRAKEN-KrakenBTCUSDResearchStrategy-000,KRAKEN-001,T-788cada1f6a162e7-56860,MARKET,BUY,0.02371269,GTC,False,False,0.02371269,TAKER,98284.93000000001,0.0,['9.32 USD'],NO_TRIGGER,FILLED,NO_CONTINGENCY,,,,,,,,b85d6b14-f62f-4ef7-b02b-53ca1fc3bd55,2025-02-20 18:00:00+00:00,2025-02-20 18:00:00+00:00
O-20250220-215000-BACKTEST-000-194,KRAKEN-BACKTEST,KrakenBTCUSDResearchStrategy-000,BTC/USD.KRAKEN,KRAKEN-1-194,BTC/USD.KRAKEN-KrakenBTCUSDResearchStrategy-000,KRAKEN-001,T-d5729fbacf732d88-57037,MARKET,SELL,0.02371269,GTC,False,False,0.02371269,TAKER,98014.01,0.0,['9.30 USD'],NO_TRIGGER,FILLED,NO_CONTINGENCY,,,,,,,,d38afed3-f43f-4906-ac58-966636392cd4,2025-02-20 21:50:00+00:00,2025-02-20 21:50:00+00:00
O-20250221-070500-BACKTEST-000-195,KRAKEN-BACKTEST,KrakenBTCUSDResearchStrategy-000,BTC/USD.KRAKEN,KRAKEN-1-195,BTC/USD.KRAKEN-KrakenBTCUSDResearchStrategy-000,KRAKEN-001,T-38480556c888a403-57470,MARKET,BUY,0.02359094,GTC,False,False,0.02359094,TAKER,98473.74,0.0,['9.29 USD'],NO_TRIGGER,FILLED,NO_CONTINGENCY,,,,,,,,b69a1e3d-76f6-422e-a042-77483ab4e18a,2025-02-21 07:05:00+00:00,2025-02-21 07:05:00+00:00
O-20250221-073000-BACKTEST-000-196,KRAKEN-BACKTEST,KrakenBTCUSDResearchStrategy-000,BTC/USD.KRAKEN,KRAKEN-1-196,BTC/USD.KRAKEN-KrakenBTCUSDResearchStrategy-000,KRAKEN-001,T-10715c5f2545f832-57491,MARKET,SELL,0.02359094,GTC,False,False,0.02359094,TAKER,98339.64,0.0,['9.28 USD'],NO_TRIGGER,FILLED,NO_CONTINGENCY,,,,,,,,2327e413-8528-4289-a0e4-431d1ccd961a,2025-02-21 07:30:00+00:00,2025-02-21 07:30:00+00:00
O-20250221-091500-BACKTEST-000-197,KRAKEN-BACKTEST,KrakenBTCUSDResearchStrategy-000,BTC/USD.KRAKEN,KRAKEN-1-197,BTC/USD.KRAKEN-KrakenBTCUSDResearchStrategy-000,KRAKEN-001,T-dc7af6f4245e184e-57573,MARKET,BUY,0.02342949,GTC,False,False,0.02342949,TAKER,98873.97,0.0,['9.27 USD'],NO_TRIGGER,FILLED,NO_CONTINGENCY,,,,,,,,52490ab9-cac0-4d4b-abdc-25ed142fd5bd,2025-02-21 09:15:00+00:00,2025-02-21 09:15:00+00:00
O-20250221-092000-BACKTEST-000-198,KRAKEN-BACKTEST,KrakenBTCUSDResearchStrategy-000,BTC/USD.KRAKEN,KRAKEN-1-198,BTC/USD.KRAKEN-KrakenBTCUSDResearchStrategy-000,KRAKEN-001,T-94e1f0aaef26c1f5-57578,MARKET,SELL,0.02342949,GTC,False,False,0.02342949,TAKER,98672.64,0.0,['9.25 USD'],NO_TRIGGER,FILLED,NO_CONTINGENCY,,,,,,,,2b036a32-8de5-40c1-b870-a5c6de301217,2025-02-21 09:20:00+00:00,2025-02-21 09:20:00+00:00
O-20250221-125000-BACKTEST-000-199,KRAKEN-BACKTEST,KrakenBTCUSDResearchStrategy-000,BTC/USD.KRAKEN,KRAKEN-1-199,BTC/USD.KRAKEN-KrakenBTCUSDResearchStrategy-000,KRAKEN-001,T-deaed61f1d2c1b5f-57743,MARKET,BUY,0.02334423,GTC,False,False,0.02334423,TAKER,98936.43,0.0,['9.24 USD'],NO_TRIGGER,FILLED,NO_CONTINGENCY,,,,,,,,0703a25c-4dab-4f7f-b7c3-41056a3a0064,2025-02-21 12:50:00+00:00,2025-02-21 12:50:00+00:00
O-20250221-143500-BACKTEST-000-200,KRAKEN-BACKTEST,KrakenBTCUSDResearchStrategy-000,BTC/USD.KRAKEN,KRAKEN-1-200,BTC/USD.KRAKEN-KrakenBTCUSDResearchStrategy-000,KRAKEN-001,T-3b2460211dfce725-57827,MARKET,SELL,0.02334423,GTC,False,False,0.02334423,TAKER,98415.09000000001,0.0,['9.19 USD'],NO_TRIGGER,FILLED,NO_CONTINGENCY,,,,,,,,1a71cd59-6af7-4162-b153-83e99d58c79e,2025-02-21 14:35:00+00:00,2025-02-21 14:35:00+00:00
O-20250222-052500-BACKTEST-000-201,KRAKEN-BACKTEST,KrakenBTCUSDResearchStrategy-000,BTC/USD.KRAKEN,KRAKEN-1-201,BTC/USD.KRAKEN-KrakenBTCUSDResearchStrategy-000,KRAKEN-001,T-6ddb61838838f52b-58511,MARKET,BUY,0.02384153,GTC,False,False,0.02384153,TAKER,96487.71999999999,0.0,['9.20 USD'],NO_TRIGGER,FILLED,NO_CONTINGENCY,,,,,,,,99b1f685-fbde-438a-adf9-3078f36675da,2025-02-22 05:25:00+00:00,2025-02-22 05:25:00+00:00
O-20250222-063500-BACKTEST-000-202,KRAKEN-BACKTEST,KrakenBTCUSDResearchStrategy-000,BTC/USD.KRAKEN,KRAKEN-1-202,BTC/USD.KRAKEN-KrakenBTCUSDResearchStrategy-000,KRAKEN-001,T-f5b14d33a52089b3-58561,MARKET,SELL,0.02384153,GTC,False,False,0.02384153,TAKER,96363.42,0.0,['9.19 USD'],NO_TRIGGER,FILLED,NO_CONTINGENCY,,,,,,,,cd5fa000-b7db-482d-bd58-d49b68b8deb9,2025-02-22 06:35:00+00:00,2025-02-22 06:35:00+00:00
O-20250222-113500-BACKTEST-000-203,KRAKEN-BACKTEST,KrakenBTCUSDResearchStrategy-000,BTC/USD.KRAKEN,KRAKEN-1-203,BTC/USD.KRAKEN-KrakenBTCUSDResearchStrategy-000,KRAKEN-001,T-f3fe04ac06c6fa0d-58786,MARKET,BUY,0.02375040,GTC,False,False,0.02375040,TAKER,96588.23,0.0,['9.18 USD'],NO_TRIGGER,FILLED,NO_CONTINGENCY,,,,,,,,416e3531-00f7-43ed-83fd-ab711302e2d7,2025-02-22 11:35:00+00:00,2025-02-22 11:35:00+00:00
O-20250222-143000-BACKTEST-000-204,KRAKEN-BACKTEST,KrakenBTCUSDResearchStrategy-000,BTC/USD.KRAKEN,KRAKEN-1-204,BTC/USD.KRAKEN-KrakenBTCUSDResearchStrategy-000,KRAKEN-001,T-5fa10ed44e28c5ae-58917,MARKET,SELL,0.02375040,GTC,False,False,0.02375040,TAKER,96544.25,0.0,['9.17 USD'],NO_TRIGGER,FILLED,NO_CONTINGENCY,,,,,,,,65f67b6a-bd2e-4296-9c70-498c377d969f,2025-02-22 14:30:00+00:00,2025-02-22 14:30:00+00:00
O-20250223-231000-BACKTEST-000-205,KRAKEN-BACKTEST,KrakenBTCUSDResearchStrategy-000,BTC/USD.KRAKEN,KRAKEN-1-205,BTC/USD.KRAKEN-KrakenBTCUSDResearchStrategy-000,KRAKEN-001,T-8512ef86abed0767-60382,MARKET,BUY,0.02379524,GTC,False,False,0.02379524,TAKER,96161.62999999999,0.0,['9.15 USD'],NO_TRIGGER,FILLED,NO_CONTINGENCY,,,,,,,,a887434e-72b4-4133-b7cc-22f98919e71c,2025-02-23 23:10:00+00:00,2025-02-23 23:10:00+00:00
O-20250223-231500-BACKTEST-000-206,KRAKEN-BACKTEST,KrakenBTCUSDResearchStrategy-000,BTC/USD.KRAKEN,KRAKEN-1-206,BTC/USD.KRAKEN-KrakenBTCUSDResearchStrategy-000,KRAKEN-001,T-25fb783aa13b9947-60387,MARKET,SELL,0.02379524,GTC,False,False,0.02379524,TAKER,95959.79,0.0,['9.13 USD'],NO_TRIGGER,FILLED,NO_CONTINGENCY,,,,,,,,d10c97a7-c08f-4aa3-913b-ab86ba51b7a5,2025-02-23 23:15:00+00:00,2025-02-23 23:15:00+00:00
O-20250225-220000-BACKTEST-000-207,KRAKEN-BACKTEST,KrakenBTCUSDResearchStrategy-000,BTC/USD.KRAKEN,KRAKEN-1-207,BTC/USD.KRAKEN-KrakenBTCUSDResearchStrategy-000,KRAKEN-001,T-292a03d5a8df864c-62577,MARKET,BUY,0.02557354,GTC,False,False,0.02557354,TAKER,89204.14,0.0,['9.13 USD'],NO_TRIGGER,FILLED,NO_CONTINGENCY,,,,,,,,4d5fa968-dd07-4e3b-9c96-037999717648,2025-02-25 22:00:00+00:00,2025-02-25 22:00:00+00:00
O-20250225-235500-BACKTEST-000-208,KRAKEN-BACKTEST,KrakenBTCUSDResearchStrategy-000,BTC/USD.KRAKEN,KRAKEN-1-208,BTC/USD.KRAKEN-KrakenBTCUSDResearchStrategy-000,KRAKEN-001,T-bf81a7d95899b9cb-62667,MARKET,SELL,0.02557354,GTC,False,False,0.02557354,TAKER,88680.4,0.0,['9.07 USD'],NO_TRIGGER,FILLED,NO_CONTINGENCY,,,,,,,,295034e8-1f29-4b80-84ba-bef43d7fc2a0,2025-02-25 23:55:00+00:00,2025-02-25 23:55:00+00:00
O-20250226-030500-BACKTEST-000-209,KRAKEN-BACKTEST,KrakenBTCUSDResearchStrategy-000,BTC/USD.KRAKEN,KRAKEN-1-209,BTC/USD.KRAKEN-KrakenBTCUSDResearchStrategy-000,KRAKEN-001,T-75cbe8d9319a7608-62816,MARKET,BUY,0.02545359,GTC,False,False,0.02545359,TAKER,89252.07,0.0,['9.09 USD'],NO_TRIGGER,FILLED,NO_CONTINGENCY,,,,,,,,91779ff2-bb94-4021-9359-c44eee02f07e,2025-02-26 03:05:00+00:00,2025-02-26 03:05:00+00:00
O-20250226-035500-BACKTEST-000-210,KRAKEN-BACKTEST,KrakenBTCUSDResearchStrategy-000,BTC/USD.KRAKEN,KRAKEN-1-210,BTC/USD.KRAKEN-KrakenBTCUSDResearchStrategy-000,KRAKEN-001,T-be8e6e0993e380da-62856,MARKET,SELL,0.02545359,GTC,False,False,0.02545359,TAKER,88900.0,0.0,['9.05 USD'],NO_TRIGGER,FILLED,NO_CONTINGENCY,,,,,,,,781c2353-195d-4fcb-9488-bc08d2f18cf3,2025-02-26 03:55:00+00:00,2025-02-26 03:55:00+00:00
O-20250227-051000-BACKTEST-000-211,KRAKEN-BACKTEST,KrakenBTCUSDResearchStrategy-000,BTC/USD.KRAKEN,KRAKEN-1-211,BTC/USD.KRAKEN-KrakenBTCUSDResearchStrategy-000,KRAKEN-001,T-84923c5e3f5419fd-64046,MARKET,BUY,0.02646204,GTC,False,False,0.02646204,TAKER,85543.4,0.0,['9.05 USD'],NO_TRIGGER,FILLED,NO_CONTINGENCY,,,,,,,,40f5213c-9459-46f5-a146-9a739e74b91c,2025-02-27 05:10:00+00:00,2025-02-27 05:10:00+00:00
O-20250227-133000-BACKTEST-000-212,KRAKEN-BACKTEST,KrakenBTCUSDResearchStrategy-000,BTC/USD.KRAKEN,KRAKEN-1-212,BTC/USD.KRAKEN-KrakenBTCUSDResearchStrategy-000,KRAKEN-001,T-939683942542159b-64439,MARKET,SELL,0.02646204,GTC,False,False,0.02646204,TAKER,86160.01,0.0,['9.12 USD'],NO_TRIGGER,FILLED,NO_CONTINGENCY,,,,,,,,f587a7c7-d072-4819-8a47-09ff75f13423,2025-02-27 13:30:00+00:00,2025-02-27 13:30:00+00:00
O-20250228-130000-BACKTEST-000-213,KRAKEN-BACKTEST,KrakenBTCUSDResearchStrategy-000,BTC/USD.KRAKEN,KRAKEN-1-213,BTC/USD.KRAKEN-KrakenBTCUSDResearchStrategy-000,KRAKEN-001,T-82124ec84d703ebc-65548,MARKET,BUY,0.02794690,GTC,False,False,0.02794690,TAKER,80978.47,0.0,['9.05 USD'],NO_TRIGGER,FILLED,NO_CONTINGENCY,,,,,,,,3379f8d7-a27d-4080-8540-79dd14dc055f,2025-02-28 13:00:00+00:00,2025-02-28 13:00:00+00:00
O-20250301-005000-BACKTEST-000-214,KRAKEN-BACKTEST,KrakenBTCUSDResearchStrategy-000,BTC/USD.KRAKEN,KRAKEN-1-214,BTC/USD.KRAKEN-KrakenBTCUSDResearchStrategy-000,KRAKEN-001,T-c588966f2c2fe583-66105,MARKET,SELL,0.02794690,GTC,False,False,0.02794690,TAKER,83875.99,0.0,['9.38 USD'],NO_TRIGGER,FILLED,NO_CONTINGENCY,,,,,,,,06d8e438-b5cc-465e-ac0e-82f9aea16fab,2025-03-01 00:50:00+00:00,2025-03-01 00:50:00+00:00
O-20250301-022500-BACKTEST-000-215,KRAKEN-BACKTEST,KrakenBTCUSDResearchStrategy-000,BTC/USD.KRAKEN,KRAKEN-1-215,BTC/USD.KRAKEN-KrakenBTCUSDResearchStrategy-000,KRAKEN-001,T-07b7172fa50526c0-66181,MARKET,BUY,0.02681753,GTC,False,False,0.02681753,TAKER,85088.34999999999,0.0,['9.13 USD'],NO_TRIGGER,FILLED,NO_CONTINGENCY,,,,,,,,2d44d694-cce8-4555-9a8e-b7b9c42ba041,2025-03-01 02:25:00+00:00,2025-03-01 02:25:00+00:00
O-20250301-063000-BACKTEST-000-216,KRAKEN-BACKTEST,KrakenBTCUSDResearchStrategy-000,BTC/USD.KRAKEN,KRAKEN-1-216,BTC/USD.KRAKEN-KrakenBTCUSDResearchStrategy-000,KRAKEN-001,T-0f0be834b9ed0c7e-66369,MARKET,SELL,0.02681753,GTC,False,False,0.02681753,TAKER,84857.01000000001,0.0,['9.10 USD'],NO_TRIGGER,FILLED,NO_CONTINGENCY,,,,,,,,4c510d68-af0a-461e-b90a-059fb2c069c3,2025-03-01 06:30:00+00:00,2025-03-01 06:30:00+00:00
O-20250301-165500-BACKTEST-000-217,KRAKEN-BACKTEST,KrakenBTCUSDResearchStrategy-000,BTC/USD.KRAKEN,KRAKEN-1-217,BTC/USD.KRAKEN-KrakenBTCUSDResearchStrategy-000,KRAKEN-001,T-96e94662ec2718cc-66864,MARKET,BUY,0.02667294,GTC,False,False,0.02667294,TAKER,85274.81999999999,0.0,['9.10 USD'],NO_TRIGGER,FILLED,NO_CONTINGENCY,,,,,,,,fcc087b6-749d-4a60-ad8c-af2928324c64,2025-03-01 16:55:00+00:00,2025-03-01 16:55:00+00:00
O-20250302-023000-BACKTEST-000-218,KRAKEN-BACKTEST,KrakenBTCUSDResearchStrategy-000,BTC/USD.KRAKEN,KRAKEN-1-218,BTC/USD.KRAKEN-KrakenBTCUSDResearchStrategy-000,KRAKEN-001,T-886632ec558ce48b-67311,MARKET,SELL,0.02667294,GTC,False,False,0.02667294,TAKER,85806.98999999999,0.0,['9.15 USD'],NO_TRIGGER,FILLED,NO_CONTINGENCY,,,,,,,,2cdf9fc2-0862-4248-b451-86b76dbfbcc5,2025-03-02 02:30:00+00:00,2025-03-02 02:30:00+00:00
O-20250302-064500-BACKTEST-000-219,KRAKEN-BACKTEST,KrakenBTCUSDResearchStrategy-000,BTC/USD.KRAKEN,KRAKEN-1-219,BTC/USD.KRAKEN-KrakenBTCUSDResearchStrategy-000,KRAKEN-001,T-a2706efb68aa03a7-67513,MARKET,BUY,0.02627676,GTC,False,False,0.02627676,TAKER,86514.18,0.0,['9.09 USD'],NO_TRIGGER,FILLED,NO_CONTINGENCY,,,,,,,,d7f0e77a-d295-4c55-8ca3-8e836a89e98d,2025-03-02 06:45:00+00:00,2025-03-02 06:45:00+00:00
O-20250302-070000-BACKTEST-000-220,KRAKEN-BACKTEST,KrakenBTCUSDResearchStrategy-000,BTC/USD.KRAKEN,KRAKEN-1-220,BTC/USD.KRAKEN-KrakenBTCUSDResearchStrategy-000,KRAKEN-001,T-5c5353edbe101972-67526,MARKET,SELL,0.02627676,GTC,False,False,0.02627676,TAKER,86234.01,0.0,['9.06 USD'],NO_TRIGGER,FILLED,NO_CONTINGENCY,,,,,,,,7171ac79-0b30-4c33-af8e-f27d17aeba6a,2025-03-02 07:00:00+00:00,2025-03-02 07:00:00+00:00
O-20250302-161500-BACKTEST-000-221,KRAKEN-BACKTEST,KrakenBTCUSDResearchStrategy-000,BTC/USD.KRAKEN,KRAKEN-1-221,BTC/USD.KRAKEN-KrakenBTCUSDResearchStrategy-000,KRAKEN-001,T-5dcfaa91b6b8ba7f-67963,MARKET,BUY,0.01676668,GTC,False,False,0.01676668,TAKER,89370.23,0.0,['5.99 USD'],NO_TRIGGER,FILLED,NO_CONTINGENCY,,,,,,,,346839ac-74ea-467a-a9cd-8737b2fcb518,2025-03-02 16:15:00+00:00,2025-03-02 16:15:00+00:00
O-20250303-013000-BACKTEST-000-222,KRAKEN-BACKTEST,KrakenBTCUSDResearchStrategy-000,BTC/USD.KRAKEN,KRAKEN-1-222,BTC/USD.KRAKEN-KrakenBTCUSDResearchStrategy-000,KRAKEN-001,T-af86c33c062d2e5a-68406,MARKET,SELL,0.01676668,GTC,False,False,0.01676668,TAKER,92846.16,0.0,['6.23 USD'],NO_TRIGGER,FILLED,NO_CONTINGENCY,,,,,,,,c9311a48-c814-4057-8525-433f8a51e352,2025-03-03 01:30:00+00:00,2025-03-03 01:30:00+00:00
O-20250303-120000-BACKTEST-000-223,KRAKEN-BACKTEST,KrakenBTCUSDResearchStrategy-000,BTC/USD.KRAKEN,KRAKEN-1-223,BTC/USD.KRAKEN-KrakenBTCUSDResearchStrategy-000,KRAKEN-001,T-ab6d682923d8807a-68900,MARKET,BUY,0.02445791,GTC,False,False,0.02445791,TAKER,93200.01,0.0,['9.12 USD'],NO_TRIGGER,FILLED,NO_CONTINGENCY,,,,,,,,eaa52516-b493-4d2a-b69a-ac3af40b94ed,2025-03-03 12:00:00+00:00,2025-03-03 12:00:00+00:00
O-20250303-143500-BACKTEST-000-224,KRAKEN-BACKTEST,KrakenBTCUSDResearchStrategy-000,BTC/USD.KRAKEN,KRAKEN-1-224,BTC/USD.KRAKEN-KrakenBTCUSDResearchStrategy-000,KRAKEN-001,T-96fdb600cede244b-69021,MARKET,SELL,0.02445791,GTC,False,False,0.02445791,TAKER,91651.52,0.0,['8.97 USD'],NO_TRIGGER,FILLED,NO_CONTINGENCY,,,,,,,,e807fcf2-b65e-45a0-ad91-86bcd05a17e5,2025-03-03 14:35:00+00:00,2025-03-03 14:35:00+00:00
O-20250304-173500-BACKTEST-000-225,KRAKEN-BACKTEST,KrakenBTCUSDResearchStrategy-000,BTC/USD.KRAKEN,KRAKEN-1-225,BTC/USD.KRAKEN-KrakenBTCUSDResearchStrategy-000,KRAKEN-001,T-9eed846a4012b004-70297,MARKET,BUY,0.01942797,GTC,False,False,0.01942797,TAKER,85222.88,0.0,['6.62 USD'],NO_TRIGGER,FILLED,NO_CONTINGENCY,,,,,,,,316f041d-b57f-462c-929d-0847925726c8,2025-03-04 17:35:00+00:00,2025-03-04 17:35:00+00:00
O-20250305-003500-BACKTEST-000-226,KRAKEN-BACKTEST,KrakenBTCUSDResearchStrategy-000,BTC/USD.KRAKEN,KRAKEN-1-226,BTC/USD.KRAKEN-KrakenBTCUSDResearchStrategy-000,KRAKEN-001,T-3cf0b9f7fb298f95-70629,MARKET,SELL,0.01942797,GTC,False,False,0.01942797,TAKER,86631.84999999999,0.0,['6.73 USD'],NO_TRIGGER,FILLED,NO_CONTINGENCY,,,,,,,,2bc9640d-785c-4d75-91cb-aedfe841e348,2025-03-05 00:35:00+00:00,2025-03-05 00:35:00+00:00
O-20250305-081500-BACKTEST-000-227,KRAKEN-BACKTEST,KrakenBTCUSDResearchStrategy-000,BTC/USD.KRAKEN,KRAKEN-1-227,BTC/USD.KRAKEN-KrakenBTCUSDResearchStrategy-000,KRAKEN-001,T-c10f29677d8f4def-70989,MARKET,BUY,0.02582470,GTC,False,False,0.02582470,TAKER,87780.0,0.0,['9.07 USD'],NO_TRIGGER,FILLED,NO_CONTINGENCY,,,,,,,,df8c87e9-a598-4c8e-9102-54431fa67cb9,2025-03-05 08:15:00+00:00,2025-03-05 08:15:00+00:00
O-20250305-143500-BACKTEST-000-228,KRAKEN-BACKTEST,KrakenBTCUSDResearchStrategy-000,BTC/USD.KRAKEN,KRAKEN-1-228,BTC/USD.KRAKEN-KrakenBTCUSDResearchStrategy-000,KRAKEN-001,T-dc8aa9ef216b4f88-71287,MARKET,SELL,0.02582470,GTC,False,False,0.02582470,TAKER,88722.38,0.0,['9.16 USD'],NO_TRIGGER,FILLED,NO_CONTINGENCY,,,,,,,,3f687bbc-c322-40c2-8ca6-b7073d1fdb1b,2025-03-05 14:35:00+00:00,2025-03-05 14:35:00+00:00
O-20250305-205500-BACKTEST-000-229,KRAKEN-BACKTEST,KrakenBTCUSDResearchStrategy-000,BTC/USD.KRAKEN,KRAKEN-1-229,BTC/USD.KRAKEN-KrakenBTCUSDResearchStrategy-000,KRAKEN-001,T-7290af9d755cd05f-71589,MARKET,BUY,0.02506889,GTC,False,False,0.02506889,TAKER,90499.64,0.0,['9.07 USD'],NO_TRIGGER,FILLED,NO_CONTINGENCY,,,,,,,,da7dcd36-d4d2-45f9-a2b6-7e466cceaef5,2025-03-05 20:55:00+00:00,2025-03-05 20:55:00+00:00
O-20250305-222500-BACKTEST-000-230,KRAKEN-BACKTEST,KrakenBTCUSDResearchStrategy-000,BTC/USD.KRAKEN,KRAKEN-1-230,BTC/USD.KRAKEN-KrakenBTCUSDResearchStrategy-000,KRAKEN-001,T-d30d52609841a039-71661,MARKET,SELL,0.02506889,GTC,False,False,0.02506889,TAKER,90041.06,0.0,['9.03 USD'],NO_TRIGGER,FILLED,NO_CONTINGENCY,,,,,,,,c80c81d5-dcfc-4409-a12a-e14100e87c78,2025-03-05 22:25:00+00:00,2025-03-05 22:25:00+00:00
O-20250305-234000-BACKTEST-000-231,KRAKEN-BACKTEST,KrakenBTCUSDResearchStrategy-000,BTC/USD.KRAKEN,KRAKEN-1-231,BTC/USD.KRAKEN-KrakenBTCUSDResearchStrategy-000,KRAKEN-001,T-5d9204fbcf7914dd-71720,MARKET,BUY,0.02487131,GTC,False,False,0.02487131,TAKER,90861.53,0.0,['9.04 USD'],NO_TRIGGER,FILLED,NO_CONTINGENCY,,,,,,,,bd284cdb-0300-4bad-919e-bfd74488e50f,2025-03-05 23:40:00+00:00,2025-03-05 23:40:00+00:00
O-20250306-000500-BACKTEST-000-232,KRAKEN-BACKTEST,KrakenBTCUSDResearchStrategy-000,BTC/USD.KRAKEN,KRAKEN-1-232,BTC/USD.KRAKEN-KrakenBTCUSDResearchStrategy-000,KRAKEN-001,T-e33a0772a87a2787-71741,MARKET,SELL,0.02487131,GTC,False,False,0.02487131,TAKER,90504.01999999999,0.0,['9.00 USD'],NO_TRIGGER,FILLED,NO_CONTINGENCY,,,,,,,,941a8f01-d53f-4d4a-88f9-4503b54d6ffb,2025-03-06 00:05:00+00:00,2025-03-06 00:05:00+00:00
O-20250306-014500-BACKTEST-000-233,KRAKEN-BACKTEST,KrakenBTCUSDResearchStrategy-000,BTC/USD.KRAKEN,KRAKEN-1-233,BTC/USD.KRAKEN-KrakenBTCUSDResearchStrategy-000,KRAKEN-001,T-287db6a159beb9cd-71821,MARKET,BUY,0.02451636,GTC,False,False,0.02451636,TAKER,91847.37,0.0,['9.01 USD'],NO_TRIGGER,FILLED,NO_CONTINGENCY,,,,,,,,f771bd13-d95c-43df-8192-7dbcd27c1474,2025-03-06 01:45:00+00:00,2025-03-06 01:45:00+00:00
O-20250306-015000-BACKTEST-000-234,KRAKEN-BACKTEST,KrakenBTCUSDResearchStrategy-000,BTC/USD.KRAKEN,KRAKEN-1-234,BTC/USD.KRAKEN-KrakenBTCUSDResearchStrategy-000,KRAKEN-001,T-a58a34eda603ac26-71825,MARKET,SELL,0.02451636,GTC,False,False,0.02451636,TAKER,91296.54000000001,0.0,['8.95 USD'],NO_TRIGGER,FILLED,NO_CONTINGENCY,,,,,,,,f40ff7b3-8acf-4bb8-94e0-53ab632c5062,2025-03-06 01:50:00+00:00,2025-03-06 01:50:00+00:00
O-20250306-044000-BACKTEST-000-235,KRAKEN-BACKTEST,KrakenBTCUSDResearchStrategy-000,BTC/USD.KRAKEN,KRAKEN-1-235,BTC/USD.KRAKEN-KrakenBTCUSDResearchStrategy-000,KRAKEN-001,T-bcc122ef747b2b6f-71958,MARKET,BUY,0.02433969,GTC,False,False,0.02433969,TAKER,92126.29000000001,0.0,['8.97 USD'],NO_TRIGGER,FILLED,NO_CONTINGENCY,,,,,,,,21b01088-9a69-4727-bb82-b5357dc5ed55,2025-03-06 04:40:00+00:00,2025-03-06 04:40:00+00:00
O-20250306-070500-BACKTEST-000-236,KRAKEN-BACKTEST,KrakenBTCUSDResearchStrategy-000,BTC/USD.KRAKEN,KRAKEN-1-236,BTC/USD.KRAKEN-KrakenBTCUSDResearchStrategy-000,KRAKEN-001,T-893fe16b85b6c122-72073,MARKET,SELL,0.02433969,GTC,False,False,0.02433969,TAKER,91638.13,0.0,['8.92 USD'],NO_TRIGGER,FILLED,NO_CONTINGENCY,,,,,,,,9dbfb09d-d54b-4107-955e-c51b1525564d,2025-03-06 07:05:00+00:00,2025-03-06 07:05:00+00:00
O-20250307-091000-BACKTEST-000-237,KRAKEN-BACKTEST,KrakenBTCUSDResearchStrategy-000,BTC/USD.KRAKEN,KRAKEN-1-237,BTC/USD.KRAKEN-KrakenBTCUSDResearchStrategy-000,KRAKEN-001,T-07e373dd7bdec6e2-73303,MARKET,BUY,0.02519034,GTC,False,False,0.02519034,TAKER,88660.62000000001,0.0,['8.93 USD'],NO_TRIGGER,FILLED,NO_CONTINGENCY,,,,,,,,bbf3cd22-0746-4708-8e22-2fb40fcdd424,2025-03-07 09:10:00+00:00,2025-03-07 09:10:00+00:00
O-20250307-124000-BACKTEST-000-238,KRAKEN-BACKTEST,KrakenBTCUSDResearchStrategy-000,BTC/USD.KRAKEN,KRAKEN-1-238,BTC/USD.KRAKEN-KrakenBTCUSDResearchStrategy-000,KRAKEN-001,T-0677efdb14aaa91b-73466,MARKET,SELL,0.02519034,GTC,False,False,0.02519034,TAKER,88455.99,0.0,['8.91 USD'],NO_TRIGGER,FILLED,NO_CONTINGENCY,,,,,,,,b0d28331-6aef-475e-8e61-7607f1b0d2a6,2025-03-07 12:40:00+00:00,2025-03-07 12:40:00+00:00
O-20250307-144500-BACKTEST-000-239,KRAKEN-BACKTEST,KrakenBTCUSDResearchStrategy-000,BTC/USD.KRAKEN,KRAKEN-1-239,BTC/USD.KRAKEN-KrakenBTCUSDResearchStrategy-000,KRAKEN-001,T-51bbdf3d03247b6f-73567,MARKET,BUY,0.01800829,GTC,False,False,0.01800829,TAKER,90676.90999999999,0.0,['6.53 USD'],NO_TRIGGER,FILLED,NO_CONTINGENCY,,,,,,,,d5694e89-4d15-4712-97ac-a7446e489dfd,2025-03-07 14:45:00+00:00,2025-03-07 14:45:00+00:00
O-20250307-152500-BACKTEST-000-240,KRAKEN-BACKTEST,KrakenBTCUSDResearchStrategy-000,BTC/USD.KRAKEN,KRAKEN-1-240,BTC/USD.KRAKEN-KrakenBTCUSDResearchStrategy-000,KRAKEN-001,T-e46239bc7c83f9d4-73600,MARKET,SELL,0.01800829,GTC,False,False,0.01800829,TAKER,89211.47,0.0,['6.43 USD'],NO_TRIGGER,FILLED,NO_CONTINGENCY,,,,,,,,eb703e40-971d-4a40-8174-b35c61b66d0e,2025-03-07 15:25:00+00:00,2025-03-07 15:25:00+00:00
O-20250308-144000-BACKTEST-000-241,KRAKEN-BACKTEST,KrakenBTCUSDResearchStrategy-000,BTC/USD.KRAKEN,KRAKEN-1-241,BTC/USD.KRAKEN-KrakenBTCUSDResearchStrategy-000,KRAKEN-001,T-52d1631549e4cd55-74701,MARKET,BUY,0.02559215,GTC,False,False,0.02559215,TAKER,86537.86,0.0,['8.86 USD'],NO_TRIGGER,FILLED,NO_CONTINGENCY,,,,,,,,5d5294c7-6427-4ffa-90e9-367c8ed8f7ad,2025-03-08 14:40:00+00:00,2025-03-08 14:40:00+00:00
O-20250308-150000-BACKTEST-000-242,KRAKEN-BACKTEST,KrakenBTCUSDResearchStrategy-000,BTC/USD.KRAKEN,KRAKEN-1-242,BTC/USD.KRAKEN-KrakenBTCUSDResearchStrategy-000,KRAKEN-001,T-e01bfe0baadbddad-74716,MARKET,SELL,0.02559215,GTC,False,False,0.02559215,TAKER,86254.01,0.0,['8.83 USD'],NO_TRIGGER,FILLED,NO_CONTINGENCY,,,,,,,,69252873-a06b-43e9-8097-272bb8f54488,2025-03-08 15:00:00+00:00,2025-03-08 15:00:00+00:00
O-20250311-041500-BACKTEST-000-243,KRAKEN-BACKTEST,KrakenBTCUSDResearchStrategy-000,BTC/USD.KRAKEN,KRAKEN-1-243,BTC/USD.KRAKEN-KrakenBTCUSDResearchStrategy-000,KRAKEN-001,T-6fdbd4b6c93c0f3c-77587,MARKET,BUY,0.02757973,GTC,False,False,0.02757973,TAKER,80029.97,0.0,['8.83 USD'],NO_TRIGGER,FILLED,NO_CONTINGENCY,,,,,,,,cd607ebe-65a8-42a3-a7f1-27f07851fdfa,2025-03-11 04:15:00+00:00,2025-03-11 04:15:00+00:00
O-20250311-130500-BACKTEST-000-244,KRAKEN-BACKTEST,KrakenBTCUSDResearchStrategy-000,BTC/USD.KRAKEN,KRAKEN-1-244,BTC/USD.KRAKEN-KrakenBTCUSDResearchStrategy-000,KRAKEN-001,T-3556727fd371dff7-78004,MARKET,SELL,0.02757973,GTC,False,False,0.02757973,TAKER,80583.65000000001,0.0,['8.89 USD'],NO_TRIGGER,FILLED,NO_CONTINGENCY,,,,,,,,bd921ee9-7716-4da5-9ea3-2133b42e12e2,2025-03-11 13:05:00+00:00,2025-03-11 13:05:00+00:00
O-20250311-181000-BACKTEST-000-245,KRAKEN-BACKTEST,KrakenBTCUSDResearchStrategy-000,BTC/USD.KRAKEN,KRAKEN-1-245,BTC/USD.KRAKEN-KrakenBTCUSDResearchStrategy-000,KRAKEN-001,T-3f5dd8b3915ee652-78248,MARKET,BUY,0.02512207,GTC,False,False,0.02512207,TAKER,82433.76,0.0,['8.28 USD'],NO_TRIGGER,FILLED,NO_CONTINGENCY,,,,,,,,10062320-3b98-444b-b479-86ee1ce28ad2,2025-03-11 18:10:00+00:00,2025-03-11 18:10:00+00:00
O-20250312-022500-BACKTEST-000-246,KRAKEN-BACKTEST,KrakenBTCUSDResearchStrategy-000,BTC/USD.KRAKEN,KRAKEN-1-246,BTC/USD.KRAKEN-KrakenBTCUSDResearchStrategy-000,KRAKEN-001,T-c0d7202261581cff-78640,MARKET,SELL,0.02512207,GTC,False,False,0.02512207,TAKER,82705.70999999999,0.0,['8.31 USD'],NO_TRIGGER,FILLED,NO_CONTINGENCY,,,,,,,,f64c6d8b-0926-4c1b-8701-222913239faa,2025-03-12 02:25:00+00:00,2025-03-12 02:25:00+00:00
O-20250312-090000-BACKTEST-000-247,KRAKEN-BACKTEST,KrakenBTCUSDResearchStrategy-000,BTC/USD.KRAKEN,KRAKEN-1-247,BTC/USD.KRAKEN-KrakenBTCUSDResearchStrategy-000,KRAKEN-001,T-7c9dd8f4df0af7a2-78946,MARKET,BUY,0.02658175,GTC,False,False,0.02658175,TAKER,82896.89,0.0,['8.81 USD'],NO_TRIGGER,FILLED,NO_CONTINGENCY,,,,,,,,d773081e-7b71-4c28-9f20-1544a4e84476,2025-03-12 09:00:00+00:00,2025-03-12 09:00:00+00:00
O-20250312-092000-BACKTEST-000-248,KRAKEN-BACKTEST,KrakenBTCUSDResearchStrategy-000,BTC/USD.KRAKEN,KRAKEN-1-248,BTC/USD.KRAKEN-KrakenBTCUSDResearchStrategy-000,KRAKEN-001,T-abacc500ceed9c63-78963,MARKET,SELL,0.02658175,GTC,False,False,0.02658175,TAKER,82270.84000000001,0.0,['8.75 USD'],NO_TRIGGER,FILLED,NO_CONTINGENCY,,,,,,,,4d86b83d-bcc7-40ce-9cde-cf1874e08794,2025-03-12 09:20:00+00:00,2025-03-12 09:20:00+00:00
O-20250312-115500-BACKTEST-000-249,KRAKEN-BACKTEST,KrakenBTCUSDResearchStrategy-000,BTC/USD.KRAKEN,KRAKEN-1-249,BTC/USD.KRAKEN-KrakenBTCUSDResearchStrategy-000,KRAKEN-001,T-3ceb604103250786-79085,MARKET,BUY,0.02642370,GTC,False,False,0.02642370,TAKER,83004.45000000001,0.0,['8.77 USD'],NO_TRIGGER,FILLED,NO_CONTINGENCY,,,,,,,,be7784ff-4ad0-4670-b8b0-3aa52f50a9f3,2025-03-12 11:55:00+00:00,2025-03-12 11:55:00+00:00
O-20250312-135000-BACKTEST-000-250,KRAKEN-BACKTEST,KrakenBTCUSDResearchStrategy-000,BTC/USD.KRAKEN,KRAKEN-1-250,BTC/USD.KRAKEN-KrakenBTCUSDResearchStrategy-000,KRAKEN-001,T-afb827720aa4d508-79178,MARKET,SELL,0.02642370,GTC,False,False,0.02642370,TAKER,82717.79,0.0,['8.74 USD'],NO_TRIGGER,FILLED,NO_CONTINGENCY,,,,,,,,3a1b7996-9cba-47a1-b6ae-38b9bba51095,2025-03-12 13:50:00+00:00,2025-03-12 13:50:00+00:00
O-20250312-191000-BACKTEST-000-251,KRAKEN-BACKTEST,KrakenBTCUSDResearchStrategy-000,BTC/USD.KRAKEN,KRAKEN-1-251,BTC/USD.KRAKEN-KrakenBTCUSDResearchStrategy-000,KRAKEN-001,T-5ac4aea126c2a5d2-79433,MARKET,BUY,0.02636259,GTC,False,False,0.02636259,TAKER,82911.45,0.0,['8.74 USD'],NO_TRIGGER,FILLED,NO_CONTINGENCY,,,,,,,,8b2fb4af-d6cf-4845-be08-35ba869c35cc,2025-03-12 19:10:00+00:00,2025-03-12 19:10:00+00:00
O-20250313-041500-BACKTEST-000-252,KRAKEN-BACKTEST,KrakenBTCUSDResearchStrategy-000,BTC/USD.KRAKEN,KRAKEN-1-252,BTC/USD.KRAKEN-KrakenBTCUSDResearchStrategy-000,KRAKEN-001,T-33659a5a075b3468-79857,MARKET,SELL,0.02636259,GTC,False,False,0.02636259,TAKER,83469.62,0.0,['8.80 USD'],NO_TRIGGER,FILLED,NO_CONTINGENCY,,,,,,,,7b8e0817-33ff-4656-a04c-1d5d5af9d09a,2025-03-13 04:15:00+00:00,2025-03-13 04:15:00+00:00
O-20250314-004000-BACKTEST-000-253,KRAKEN-BACKTEST,KrakenBTCUSDResearchStrategy-000,BTC/USD.KRAKEN,KRAKEN-1-253,BTC/USD.KRAKEN-KrakenBTCUSDResearchStrategy-000,KRAKEN-001,T-941d179908e4e60b-80816,MARKET,BUY,0.02679648,GTC,False,False,0.02679648,TAKER,81537.36,0.0,['8.74 USD'],NO_TRIGGER,FILLED,NO_CONTINGENCY,,,,,,,,e70abcde-4b4e-47dc-9119-02f11bea30e6,2025-03-14 00:40:00+00:00,2025-03-14 00:40:00+00:00
O-20250314-141500-BACKTEST-000-254,KRAKEN-BACKTEST,KrakenBTCUSDResearchStrategy-000,BTC/USD.KRAKEN,KRAKEN-1-254,BTC/USD.KRAKEN-KrakenBTCUSDResearchStrategy-000,KRAKEN-001,T-71393144cd223bec-81458,MARKET,SELL,0.02679648,GTC,False,False,0.02679648,TAKER,82847.99,0.0,['8.88 USD'],NO_TRIGGER,FILLED,NO_CONTINGENCY,,,,,,,,f5c7e24e-5e6c-49d8-b029-f7f0aa32c193,2025-03-14 14:15:00+00:00,2025-03-14 14:15:00+00:00
O-20250314-152500-BACKTEST-000-255,KRAKEN-BACKTEST,KrakenBTCUSDResearchStrategy-000,BTC/USD.KRAKEN,KRAKEN-1-255,BTC/USD.KRAKEN-KrakenBTCUSDResearchStrategy-000,KRAKEN-001,T-8f0e3cca73560b88-81515,MARKET,BUY,0.02143775,GTC,False,False,0.02143775,TAKER,84942.85,0.0,['7.28 USD'],NO_TRIGGER,FILLED,NO_CONTINGENCY,,,,,,,,5a179afb-72c3-4c33-92e1-37bb70e15d48,2025-03-14 15:25:00+00:00,2025-03-14 15:25:00+00:00
O-20250314-163000-BACKTEST-000-256,KRAKEN-BACKTEST,KrakenBTCUSDResearchStrategy-000,BTC/USD.KRAKEN,KRAKEN-1-256,BTC/USD.KRAKEN-KrakenBTCUSDResearchStrategy-000,KRAKEN-001,T-1d355c6fe62a2628-81568,MARKET,SELL,0.02143775,GTC,False,False,0.02143775,TAKER,84126.5,0.0,['7.21 USD'],NO_TRIGGER,FILLED,NO_CONTINGENCY,,,,,,,,8dbd4f1c-2363-486a-98a2-baee01c2914e,2025-03-14 16:30:00+00:00,2025-03-14 16:30:00+00:00
O-20250315-031500-BACKTEST-000-257,KRAKEN-BACKTEST,KrakenBTCUSDResearchStrategy-000,BTC/USD.KRAKEN,KRAKEN-1-257,BTC/USD.KRAKEN-KrakenBTCUSDResearchStrategy-000,KRAKEN-001,T-850408fffed5bf33-82079,MARKET,BUY,0.02575981,GTC,False,False,0.02575981,TAKER,84650.0,0.0,['8.72 USD'],NO_TRIGGER,FILLED,NO_CONTINGENCY,,,,,,,,eac3b4c6-c628-488f-8720-5140e1744adb,2025-03-15 03:15:00+00:00,2025-03-15 03:15:00+00:00
O-20250315-040000-BACKTEST-000-258,KRAKEN-BACKTEST,KrakenBTCUSDResearchStrategy-000,BTC/USD.KRAKEN,KRAKEN-1-258,BTC/USD.KRAKEN-KrakenBTCUSDResearchStrategy-000,KRAKEN-001,T-85e59878c97a8f17-82115,MARKET,SELL,0.02575981,GTC,False,False,0.02575981,TAKER,84446.01,0.0,['8.70 USD'],NO_TRIGGER,FILLED,NO_CONTINGENCY,,,,,,,,c6cea341-dd1b-4463-8bdd-57096fed89e4,2025-03-15 04:00:00+00:00,2025-03-15 04:00:00+00:00
O-20250315-124500-BACKTEST-000-259,KRAKEN-BACKTEST,KrakenBTCUSDResearchStrategy-000,BTC/USD.KRAKEN,KRAKEN-1-259,BTC/USD.KRAKEN-KrakenBTCUSDResearchStrategy-000,KRAKEN-001,T-708058dbc3d2dbff-82508,MARKET,BUY,0.02579455,GTC,False,False,0.02579455,TAKER,84272.19,0.0,['8.70 USD'],NO_TRIGGER,FILLED,NO_CONTINGENCY,,,,,,,,855a7236-d735-444f-8b4f-33c969b0163f,2025-03-15 12:45:00+00:00,2025-03-15 12:45:00+00:00
O-20250315-143000-BACKTEST-000-260,KRAKEN-BACKTEST,KrakenBTCUSDResearchStrategy-000,BTC/USD.KRAKEN,KRAKEN-1-260,BTC/USD.KRAKEN-KrakenBTCUSDResearchStrategy-000,KRAKEN-001,T-a2b585c250537b67-82589,MARKET,SELL,0.02579455,GTC,False,False,0.02579455,TAKER,84145.13,0.0,['8.68 USD'],NO_TRIGGER,FILLED,NO_CONTINGENCY,,,,,,,,275ddff9-244d-4296-ad7c-2e8c1c470f1f,2025-03-15 14:30:00+00:00,2025-03-15 14:30:00+00:00
O-20250317-035000-BACKTEST-000-261,KRAKEN-BACKTEST,KrakenBTCUSDResearchStrategy-000,BTC/USD.KRAKEN,KRAKEN-1-261,BTC/USD.KRAKEN-KrakenBTCUSDResearchStrategy-000,KRAKEN-001,T-f81249a7529133a4-84307,MARKET,BUY,0.02591388,GTC,False,False,0.02591388,TAKER,83645.09000000001,0.0,['8.67 USD'],NO_TRIGGER,FILLED,NO_CONTINGENCY,,,,,,,,b0725553-f61e-499d-be7d-ca602035072c,2025-03-17 03:50:00+00:00,2025-03-17 03:50:00+00:00
O-20250317-051000-BACKTEST-000-262,KRAKEN-BACKTEST,KrakenBTCUSDResearchStrategy-000,BTC/USD.KRAKEN,KRAKEN-1-262,BTC/USD.KRAKEN-KrakenBTCUSDResearchStrategy-000,KRAKEN-001,T-98a29e841a9dd9ea-84370,MARKET,SELL,0.02591388,GTC,False,False,0.02591388,TAKER,83305.59,0.0,['8.64 USD'],NO_TRIGGER,FILLED,NO_CONTINGENCY,,,,,,,,2f856c21-54c4-4462-b03d-2604cac3ee28,2025-03-17 05:10:00+00:00,2025-03-17 05:10:00+00:00
O-20250317-172000-BACKTEST-000-263,KRAKEN-BACKTEST,KrakenBTCUSDResearchStrategy-000,BTC/USD.KRAKEN,KRAKEN-1-263,BTC/USD.KRAKEN-KrakenBTCUSDResearchStrategy-000,KRAKEN-001,T-194a4940267acd29-84941,MARKET,BUY,0.02573143,GTC,False,False,0.02573143,TAKER,83933.77,0.0,['8.64 USD'],NO_TRIGGER,FILLED,NO_CONTINGENCY,,,,,,,,fd38b75f-41c6-4263-a7d2-29889b391f27,2025-03-17 17:20:00+00:00,2025-03-17 17:20:00+00:00
O-20250317-232000-BACKTEST-000-264,KRAKEN-BACKTEST,KrakenBTCUSDResearchStrategy-000,BTC/USD.KRAKEN,KRAKEN-1-264,BTC/USD.KRAKEN-KrakenBTCUSDResearchStrategy-000,KRAKEN-001,T-36a034995bbdb3a3-85216,MARKET,SELL,0.02573143,GTC,False,False,0.02573143,TAKER,83969.58,0.0,['8.64 USD'],NO_TRIGGER,FILLED,NO_CONTINGENCY,,,,,,,,d72f3aad-13e3-467b-986e-f8bb03dbde3a,2025-03-17 23:20:00+00:00,2025-03-17 23:20:00+00:00
O-20250318-225000-BACKTEST-000-265,KRAKEN-BACKTEST,KrakenBTCUSDResearchStrategy-000,BTC/USD.KRAKEN,KRAKEN-1-265,BTC/USD.KRAKEN-KrakenBTCUSDResearchStrategy-000,KRAKEN-001,T-834f424923d42b2d-86308,MARKET,BUY,0.02611884,GTC,False,False,0.02611884,TAKER,82500.89,0.0,['8.62 USD'],NO_TRIGGER,FILLED,NO_CONTINGENCY,,,,,,,,3a916420-fbd1-40d6-88b7-b6c884ae8960,2025-03-18 22:50:00+00:00,2025-03-18 22:50:00+00:00
O-20250319-174000-BACKTEST-000-266,KRAKEN-BACKTEST,KrakenBTCUSDResearchStrategy-000,BTC/USD.KRAKEN,KRAKEN-1-266,BTC/USD.KRAKEN-KrakenBTCUSDResearchStrategy-000,KRAKEN-001,T-4c1166cddad17453-87188,MARKET,SELL,0.02611884,GTC,False,False,0.02611884,TAKER,83983.5,0.0,['8.77 USD'],NO_TRIGGER,FILLED,NO_CONTINGENCY,,,,,,,,43280e3f-7cde-411b-b537-40ed6386bfe0,2025-03-19 17:40:00+00:00,2025-03-19 17:40:00+00:00
O-20250319-185000-BACKTEST-000-267,KRAKEN-BACKTEST,KrakenBTCUSDResearchStrategy-000,BTC/USD.KRAKEN,KRAKEN-1-267,BTC/USD.KRAKEN-KrakenBTCUSDResearchStrategy-000,KRAKEN-001,T-fe7e7452caa605fc-87245,MARKET,BUY,0.02533279,GTC,False,False,0.02533279,TAKER,85313.42,0.0,['8.64 USD'],NO_TRIGGER,FILLED,NO_CONTINGENCY,,,,,,,,c68b844c-3143-4bc8-b814-67a39dcd763c,2025-03-19 18:50:00+00:00,2025-03-19 18:50:00+00:00
O-20250320-014000-BACKTEST-000-268,KRAKEN-BACKTEST,KrakenBTCUSDResearchStrategy-000,BTC/USD.KRAKEN,KRAKEN-1-268,BTC/USD.KRAKEN-KrakenBTCUSDResearchStrategy-000,KRAKEN-001,T-d854c5fa11f05e64-87568,MARKET,SELL,0.02533279,GTC,False,False,0.02533279,TAKER,85759.7,0.0,['8.69 USD'],NO_TRIGGER,FILLED,NO_CONTINGENCY,,,,,,,,7517e8c4-d9e4-46ff-8312-74b9c9e74d05,2025-03-20 01:40:00+00:00,2025-03-20 01:40:00+00:00
O-20250320-084000-BACKTEST-000-269,KRAKEN-BACKTEST,KrakenBTCUSDResearchStrategy-000,BTC/USD.KRAKEN,KRAKEN-1-269,BTC/USD.KRAKEN-KrakenBTCUSDResearchStrategy-000,KRAKEN-001,T-b5610ee4a7a90be3-87895,MARKET,BUY,0.02509399,GTC,False,False,0.02509399,TAKER,86053.17,0.0,['8.64 USD'],NO_TRIGGER,FILLED,NO_CONTINGENCY,,,,,,,,73e8c84e-75e2-42a3-aaaa-563fe2d53bcd,2025-03-20 08:40:00+00:00,2025-03-20 08:40:00+00:00
O-20250320-095000-BACKTEST-000-270,KRAKEN-BACKTEST,KrakenBTCUSDResearchStrategy-000,BTC/USD.KRAKEN,KRAKEN-1-270,BTC/USD.KRAKEN-KrakenBTCUSDResearchStrategy-000,KRAKEN-001,T-322fb0b80dfbeb81-87949,MARKET,SELL,0.02509399,GTC,False,False,0.02509399,TAKER,85857.62,0.0,['8.62 USD'],NO_TRIGGER,FILLED,NO_CONTINGENCY,,,,,,,,62ef90fc-a24b-43b6-9136-8fe28044f14a,2025-03-20 09:50:00+00:00,2025-03-20 09:50:00+00:00
O-20250321-014500-BACKTEST-000-271,KRAKEN-BACKTEST,KrakenBTCUSDResearchStrategy-000,BTC/USD.KRAKEN,KRAKEN-1-271,BTC/USD.KRAKEN-KrakenBTCUSDResearchStrategy-000,KRAKEN-001,T-318bd746768f62cb-88693,MARKET,BUY,0.02541981,GTC,False,False,0.02541981,TAKER,84688.54000000001,0.0,['8.61 USD'],NO_TRIGGER,FILLED,NO_CONTINGENCY,,,,,,,,0b1bba1c-49a2-4faf-abfa-7aa6a6d30da5,2025-03-21 01:45:00+00:00,2025-03-21 01:45:00+00:00
O-20250321-030500-BACKTEST-000-272,KRAKEN-BACKTEST,KrakenBTCUSDResearchStrategy-000,BTC/USD.KRAKEN,KRAKEN-1-272,BTC/USD.KRAKEN-KrakenBTCUSDResearchStrategy-000,KRAKEN-001,T-b56274a7a3d435c5-88753,MARKET,SELL,0.02541981,GTC,False,False,0.02541981,TAKER,84479.37999999999,0.0,['8.59 USD'],NO_TRIGGER,FILLED,NO_CONTINGENCY,,,,,,,,de2a81ff-7305-43ba-893d-2bb1814cc9b6,2025-03-21 03:05:00+00:00,2025-03-21 03:05:00+00:00
O-20250321-183500-BACKTEST-000-273,KRAKEN-BACKTEST,KrakenBTCUSDResearchStrategy-000,BTC/USD.KRAKEN,KRAKEN-1-273,BTC/USD.KRAKEN-KrakenBTCUSDResearchStrategy-000,KRAKEN-001,T-6ca44d4961ad3d1e-89478,MARKET,BUY,0.02542893,GTC,False,False,0.02542893,TAKER,84392.49,0.0,['8.58 USD'],NO_TRIGGER,FILLED,NO_CONTINGENCY,,,,,,,,371e3953-24ba-4e8c-b3d3-c4615a1b8ec4,2025-03-21 18:35:00+00:00,2025-03-21 18:35:00+00:00
O-20250321-185000-BACKTEST-000-274,KRAKEN-BACKTEST,KrakenBTCUSDResearchStrategy-000,BTC/USD.KRAKEN,KRAKEN-1-274,BTC/USD.KRAKEN-KrakenBTCUSDResearchStrategy-000,KRAKEN-001,T-2bb4e96f20857403-89490,MARKET,SELL,0.02542893,GTC,False,False,0.02542893,TAKER,84108.69,0.0,['8.56 USD'],NO_TRIGGER,FILLED,NO_CONTINGENCY,,,,,,,,dd60a68e-42da-4be9-908c-d8b4b7febb5a,2025-03-21 18:50:00+00:00,2025-03-21 18:50:00+00:00
O-20250321-213000-BACKTEST-000-275,KRAKEN-BACKTEST,KrakenBTCUSDResearchStrategy-000,BTC/USD.KRAKEN,KRAKEN-1-275,BTC/USD.KRAKEN-KrakenBTCUSDResearchStrategy-000,KRAKEN-001,T-ed8ed4da619a22fe-89614,MARKET,BUY,0.02530721,GTC,False,False,0.02530721,TAKER,84509.6,0.0,['8.55 USD'],NO_TRIGGER,FILLED,NO_CONTINGENCY,,,,,,,,43bd6adb-34b9-4ffa-9fdb-9024dd9ff201,2025-03-21 21:30:00+00:00,2025-03-21 21:30:00+00:00
O-20250321-215000-BACKTEST-000-276,KRAKEN-BACKTEST,KrakenBTCUSDResearchStrategy-000,BTC/USD.KRAKEN,KRAKEN-1-276,BTC/USD.KRAKEN-KrakenBTCUSDResearchStrategy-000,KRAKEN-001,T-7985584a7aff53c5-89630,MARKET,SELL,0.02530721,GTC,False,False,0.02530721,TAKER,84312.45000000001,0.0,['8.53 USD'],NO_TRIGGER,FILLED,NO_CONTINGENCY,,,,,,,,e8fdea30-73da-4ace-9885-8f5ab6db2921,2025-03-21 21:50:00+00:00,2025-03-21 21:50:00+00:00
O-20250322-045500-BACKTEST-000-277,KRAKEN-BACKTEST,KrakenBTCUSDResearchStrategy-000,BTC/USD.KRAKEN,KRAKEN-1-277,BTC/USD.KRAKEN-KrakenBTCUSDResearchStrategy-000,KRAKEN-001,T-6fea5e561ffd9af5-89948,MARKET,BUY,0.02527139,GTC,False,False,0.02527139,TAKER,84367.4,0.0,['8.53 USD'],NO_TRIGGER,FILLED,NO_CONTINGENCY,,,,,,,,b518661a-40d3-4b56-a15d-fd087beef356,2025-03-22 04:55:00+00:00,2025-03-22 04:55:00+00:00
O-20250322-062500-BACKTEST-000-278,KRAKEN-BACKTEST,KrakenBTCUSDResearchStrategy-000,BTC/USD.KRAKEN,KRAKEN-1-278,BTC/USD.KRAKEN-KrakenBTCUSDResearchStrategy-000,KRAKEN-001,T-93b661bf31f4dce4-90015,MARKET,SELL,0.02527139,GTC,False,False,0.02527139,TAKER,84298.26,0.0,['8.52 USD'],NO_TRIGGER,FILLED,NO_CONTINGENCY,,,,,,,,0af98b36-5b9f-44fb-9076-2de9a6b0b2ba,2025-03-22 06:25:00+00:00,2025-03-22 06:25:00+00:00
O-20250322-093500-BACKTEST-000-279,KRAKEN-BACKTEST,KrakenBTCUSDResearchStrategy-000,BTC/USD.KRAKEN,KRAKEN-1-279,BTC/USD.KRAKEN-KrakenBTCUSDResearchStrategy-000,KRAKEN-001,T-e1eaec6cbc308881-90161,MARKET,BUY,0.02517804,GTC,False,False,0.02517804,TAKER,84456.2,0.0,['8.51 USD'],NO_TRIGGER,FILLED,NO_CONTINGENCY,,,,,,,,ffc51695-7c62-47ff-b46e-2e36aabb9388,2025-03-22 09:35:00+00:00,2025-03-22 09:35:00+00:00
O-20250322-110500-BACKTEST-000-280,KRAKEN-BACKTEST,KrakenBTCUSDResearchStrategy-000,BTC/USD.KRAKEN,KRAKEN-1-280,BTC/USD.KRAKEN-KrakenBTCUSDResearchStrategy-000,KRAKEN-001,T-c40594b0e056d7fa-90232,MARKET,SELL,0.02517804,GTC,False,False,0.02517804,TAKER,84340.0,0.0,['8.49 USD'],NO_TRIGGER,FILLED,NO_CONTINGENCY,,,,,,,,095921c7-f2a7-496c-a9eb-9de4b416f356,2025-03-22 11:05:00+00:00,2025-03-22 11:05:00+00:00
O-20250322-181500-BACKTEST-000-281,KRAKEN-BACKTEST,KrakenBTCUSDResearchStrategy-000,BTC/USD.KRAKEN,KRAKEN-1-281,BTC/USD.KRAKEN-KrakenBTCUSDResearchStrategy-000,KRAKEN-001,T-b5e8e98bad842a38-90557,MARKET,BUY,0.02514936,GTC,False,False,0.02514936,TAKER,84314.9,0.0,['8.48 USD'],NO_TRIGGER,FILLED,NO_CONTINGENCY,,,,,,,,054748f6-dd5f-41a8-84c9-afb57212ad71,2025-03-22 18:15:00+00:00,2025-03-22 18:15:00+00:00
O-20250322-182500-BACKTEST-000-282,KRAKEN-BACKTEST,KrakenBTCUSDResearchStrategy-000,BTC/USD.KRAKEN,KRAKEN-1-282,BTC/USD.KRAKEN-KrakenBTCUSDResearchStrategy-000,KRAKEN-001,T-bcee22e44f16b731-90564,MARKET,SELL,0.02514936,GTC,False,False,0.02514936,TAKER,84196.2,0.0,['8.47 USD'],NO_TRIGGER,FILLED,NO_CONTINGENCY,,,,,,,,dbb203db-dab9-48d5-b60f-34e0b1744b44,2025-03-22 18:25:00+00:00,2025-03-22 18:25:00+00:00
O-20250323-023500-BACKTEST-000-283,KRAKEN-BACKTEST,KrakenBTCUSDResearchStrategy-000,BTC/USD.KRAKEN,KRAKEN-1-283,BTC/USD.KRAKEN-KrakenBTCUSDResearchStrategy-000,KRAKEN-001,T-980b0fab0de79ed3-90925,MARKET,BUY,0.02510132,GTC,False,False,0.02510132,TAKER,84237.93,0.0,['8.46 USD'],NO_TRIGGER,FILLED,NO_CONTINGENCY,,,,,,,,711e2f5e-a93f-4061-8596-369fb63a46ef,2025-03-23 02:35:00+00:00,2025-03-23 02:35:00+00:00
O-20250323-030000-BACKTEST-000-284,KRAKEN-BACKTEST,KrakenBTCUSDResearchStrategy-000,BTC/USD.KRAKEN,KRAKEN-1-284,BTC/USD.KRAKEN-KrakenBTCUSDResearchStrategy-000,KRAKEN-001,T-3231362b5155a628-90946,MARKET,SELL,0.02510132,GTC,False,False,0.02510132,TAKER,84150.5,0.0,['8.45 USD'],NO_TRIGGER,FILLED,NO_CONTINGENCY,,,,,,,,977e1244-ac92-4b53-ae2c-327f9dde3c3e,2025-03-23 03:00:00+00:00,2025-03-23 03:00:00+00:00
O-20250323-064500-BACKTEST-000-285,KRAKEN-BACKTEST,KrakenBTCUSDResearchStrategy-000,BTC/USD.KRAKEN,KRAKEN-1-285,BTC/USD.KRAKEN-KrakenBTCUSDResearchStrategy-000,KRAKEN-001,T-1024fd9679eb2413-91113,MARKET,BUY,0.02502011,GTC,False,False,0.02502011,TAKER,84282.34999999999,0.0,['8.44 USD'],NO_TRIGGER,FILLED,NO_CONTINGENCY,,,,,,,,5077b1fe-8958-4d06-88a9-a8b4b250a51b,2025-03-23 06:45:00+00:00,2025-03-23 06:45:00+00:00
O-20250323-070000-BACKTEST-000-286,KRAKEN-BACKTEST,KrakenBTCUSDResearchStrategy-000,BTC/USD.KRAKEN,KRAKEN-1-286,BTC/USD.KRAKEN-KrakenBTCUSDResearchStrategy-000,KRAKEN-001,T-08091af554b5d506-91122,MARKET,SELL,0.02502011,GTC,False,False,0.02502011,TAKER,84216.98,0.0,['8.43 USD'],NO_TRIGGER,FILLED,NO_CONTINGENCY,,,,,,,,ef28031b-2c36-4dc0-991a-69c09681f724,2025-03-23 07:00:00+00:00,2025-03-23 07:00:00+00:00
O-20250323-090000-BACKTEST-000-287,KRAKEN-BACKTEST,KrakenBTCUSDResearchStrategy-000,BTC/USD.KRAKEN,KRAKEN-1-287,BTC/USD.KRAKEN-KrakenBTCUSDResearchStrategy-000,KRAKEN-001,T-0961b2902fcaed58-91215,MARKET,BUY,0.02492838,GTC,False,False,0.02492838,TAKER,84369.83,0.0,['8.41 USD'],NO_TRIGGER,FILLED,NO_CONTINGENCY,,,,,,,,42d91068-4e96-4335-ac01-2a1552fe0a2f,2025-03-23 09:00:00+00:00,2025-03-23 09:00:00+00:00
O-20250323-095500-BACKTEST-000-288,KRAKEN-BACKTEST,KrakenBTCUSDResearchStrategy-000,BTC/USD.KRAKEN,KRAKEN-1-288,BTC/USD.KRAKEN-KrakenBTCUSDResearchStrategy-000,KRAKEN-001,T-c1baba42ae9d37b5-91250,MARKET,SELL,0.02492838,GTC,False,False,0.02492838,TAKER,84325.66,0.0,['8.41 USD'],NO_TRIGGER,FILLED,NO_CONTINGENCY,,,,,,,,509bae7f-dc3e-4f0a-80c9-6dcd902ae343,2025-03-23 09:55:00+00:00,2025-03-23 09:55:00+00:00
O-20250323-104000-BACKTEST-000-289,KRAKEN-BACKTEST,KrakenBTCUSDResearchStrategy-000,BTC/USD.KRAKEN,KRAKEN-1-289,BTC/USD.KRAKEN-KrakenBTCUSDResearchStrategy-000,KRAKEN-001,T-28b94de5233ed812-91284,MARKET,BUY,0.02482636,GTC,False,False,0.02482636,TAKER,84499.99,0.0,['8.39 USD'],NO_TRIGGER,FILLED,NO_CONTINGENCY,,,,,,,,fa8308ea-0a5b-4e6a-86a6-5549b0ce92f6,2025-03-23 10:40:00+00:00,2025-03-23 10:40:00+00:00
O-20250323-104500-BACKTEST-000-290,KRAKEN-BACKTEST,KrakenBTCUSDResearchStrategy-000,BTC/USD.KRAKEN,KRAKEN-1-290,BTC/USD.KRAKEN-KrakenBTCUSDResearchStrategy-000,KRAKEN-001,T-54613fc632748a96-91289,MARKET,SELL,0.02482636,GTC,False,False,0.02482636,TAKER,84439.34,0.0,['8.39 USD'],NO_TRIGGER,FILLED,NO_CONTINGENCY,,,,,,,,16baf383-ee86-4217-82ee-f63b915915c1,2025-03-23 10:45:00+00:00,2025-03-23 10:45:00+00:00
O-20250323-133000-BACKTEST-000-291,KRAKEN-BACKTEST,KrakenBTCUSDResearchStrategy-000,BTC/USD.KRAKEN,KRAKEN-1-291,BTC/USD.KRAKEN-KrakenBTCUSDResearchStrategy-000,KRAKEN-001,T-98f8628e06d356d8-91416,MARKET,BUY,0.02460396,GTC,False,False,0.02460396,TAKER,85040.81,0.0,['8.37 USD'],NO_TRIGGER,FILLED,NO_CONTINGENCY,,,,,,,,f12df061-9759-4844-852c-be798bd1e5a5,2025-03-23 13:30:00+00:00,2025-03-23 13:30:00+00:00
O-20250323-133500-BACKTEST-000-292,KRAKEN-BACKTEST,KrakenBTCUSDResearchStrategy-000,BTC/USD.KRAKEN,KRAKEN-1-292,BTC/USD.KRAKEN-KrakenBTCUSDResearchStrategy-000,KRAKEN-001,T-38d1357f67caf77c-91421,MARKET,SELL,0.02460396,GTC,False,False,0.02460396,TAKER,84885.88,0.0,['8.35 USD'],NO_TRIGGER,FILLED,NO_CONTINGENCY,,,,,,,,e8605018-5231-4ae2-b532-97e777511a07,2025-03-23 13:35:00+00:00,2025-03-23 13:35:00+00:00
O-20250323-161000-BACKTEST-000-293,KRAKEN-BACKTEST,KrakenBTCUSDResearchStrategy-000,BTC/USD.KRAKEN,KRAKEN-1-293,BTC/USD.KRAKEN-KrakenBTCUSDResearchStrategy-000,KRAKEN-001,T-12a24746d20bc409-91544,MARKET,BUY,0.02445484,GTC,False,False,0.02445484,TAKER,85307.52,0.0,['8.34 USD'],NO_TRIGGER,FILLED,NO_CONTINGENCY,,,,,,,,28894e79-622a-4a03-a10a-c0583fc285d2,2025-03-23 16:10:00+00:00,2025-03-23 16:10:00+00:00
O-20250323-163000-BACKTEST-000-294,KRAKEN-BACKTEST,KrakenBTCUSDResearchStrategy-000,BTC/USD.KRAKEN,KRAKEN-1-294,BTC/USD.KRAKEN-KrakenBTCUSDResearchStrategy-000,KRAKEN-001,T-e5c9bc931bc6aa04-91561,MARKET,SELL,0.02445484,GTC,False,False,0.02445484,TAKER,85039.96,0.0,['8.32 USD'],NO_TRIGGER,FILLED,NO_CONTINGENCY,,,,,,,,4a115564-0ef6-470a-883b-28d60b140ded,2025-03-23 16:30:00+00:00,2025-03-23 16:30:00+00:00
O-20250323-220500-BACKTEST-000-295,KRAKEN-BACKTEST,KrakenBTCUSDResearchStrategy-000,BTC/USD.KRAKEN,KRAKEN-1-295,BTC/USD.KRAKEN-KrakenBTCUSDResearchStrategy-000,KRAKEN-001,T-15dfa506e074bc79-91807,MARKET,BUY,0.02435146,GTC,False,False,0.02435146,TAKER,85383.84,0.0,['8.32 USD'],NO_TRIGGER,FILLED,NO_CONTINGENCY,,,,,,,,17f79632-e105-4b4b-bba3-d03093832896,2025-03-23 22:05:00+00:00,2025-03-23 22:05:00+00:00
O-20250324-204000-BACKTEST-000-296,KRAKEN-BACKTEST,KrakenBTCUSDResearchStrategy-000,BTC/USD.KRAKEN,KRAKEN-1-296,BTC/USD.KRAKEN-KrakenBTCUSDResearchStrategy-000,KRAKEN-001,T-2199e2b0d1bc2507-92876,MARKET,SELL,0.02435146,GTC,False,False,0.02435146,TAKER,87923.92,0.0,['8.56 USD'],NO_TRIGGER,FILLED,NO_CONTINGENCY,,,,,,,,c14813c5-aba4-4480-b508-11b39886a6e5,2025-03-24 20:40:00+00:00,2025-03-24 20:40:00+00:00
O-20250325-113000-BACKTEST-000-297,KRAKEN-BACKTEST,KrakenBTCUSDResearchStrategy-000,BTC/USD.KRAKEN,KRAKEN-1-297,BTC/USD.KRAKEN-KrakenBTCUSDResearchStrategy-000,KRAKEN-001,T-5f097cfe134a943b-93557,MARKET,BUY,0.02395015,GTC,False,False,0.02395015,TAKER,87377.97,0.0,['8.37 USD'],NO_TRIGGER,FILLED,NO_CONTINGENCY,,,,,,,,168ec6c8-57a2-4041-a365-0779aeee048d,2025-03-25 11:30:00+00:00,2025-03-25 11:30:00+00:00
O-20250325-123500-BACKTEST-000-298,KRAKEN-BACKTEST,KrakenBTCUSDResearchStrategy-000,BTC/USD.KRAKEN,KRAKEN-1-298,BTC/USD.KRAKEN-KrakenBTCUSDResearchStrategy-000,KRAKEN-001,T-80695715ae8b1b0b-93608,MARKET,SELL,0.02395015,GTC,False,False,0.02395015,TAKER,87078.93000000001,0.0,['8.34 USD'],NO_TRIGGER,FILLED,NO_CONTINGENCY,,,,,,,,c9172ba5-9553-417a-9bce-0c1ecd43d82f,2025-03-25 12:35:00+00:00,2025-03-25 12:35:00+00:00
O-20250325-144000-BACKTEST-000-299,KRAKEN-BACKTEST,KrakenBTCUSDResearchStrategy-000,BTC/USD.KRAKEN,KRAKEN-1-299,BTC/USD.KRAKEN-KrakenBTCUSDResearchStrategy-000,KRAKEN-001,T-49815f262ec20d5f-93707,MARKET,BUY,0.02365846,GTC,False,False,0.02365846,TAKER,88152.47,0.0,['8.34 USD'],NO_TRIGGER,FILLED,NO_CONTINGENCY,,,,,,,,bc63ecec-30b1-47e7-9aa5-4e1de94cefb1,2025-03-25 14:40:00+00:00,2025-03-25 14:40:00+00:00
O-20250325-163000-BACKTEST-000-300,KRAKEN-BACKTEST,KrakenBTCUSDResearchStrategy-000,BTC/USD.KRAKEN,KRAKEN-1-300,BTC/USD.KRAKEN-KrakenBTCUSDResearchStrategy-000,KRAKEN-001,T-8205dd87f2a687b4-93795,MARKET,SELL,0.02365846,GTC,False,False,0.02365846,TAKER,87738.06,0.0,['8.30 USD'],NO_TRIGGER,FILLED,NO_CONTINGENCY,,,,,,,,8d0e1b17-7b7b-4943-9033-f3937130e4b9,2025-03-25 16:30:00+00:00,2025-03-25 16:30:00+00:00
O-20250325-200500-BACKTEST-000-301,KRAKEN-BACKTEST,KrakenBTCUSDResearchStrategy-000,BTC/USD.KRAKEN,KRAKEN-1-301,BTC/USD.KRAKEN-KrakenBTCUSDResearchStrategy-000,KRAKEN-001,T-735031026b6de8c8-93968,MARKET,BUY,0.02348988,GTC,False,False,0.02348988,TAKER,88447.45,0.0,['8.31 USD'],NO_TRIGGER,FILLED,NO_CONTINGENCY,,,,,,,,73f866cb-a164-4ee3-8800-d3f4b9ad083d,2025-03-25 20:05:00+00:00,2025-03-25 20:05:00+00:00
O-20250325-203500-BACKTEST-000-302,KRAKEN-BACKTEST,KrakenBTCUSDResearchStrategy-000,BTC/USD.KRAKEN,KRAKEN-1-302,BTC/USD.KRAKEN-KrakenBTCUSDResearchStrategy-000,KRAKEN-001,T-30d1ccd82a7e47b4-93993,MARKET,SELL,0.02348988,GTC,False,False,0.02348988,TAKER,88042.01,0.0,['8.27 USD'],NO_TRIGGER,FILLED,NO_CONTINGENCY,,,,,,,,4793e7b8-fc68-4ecc-b698-f5df998dbf03,2025-03-25 20:35:00+00:00,2025-03-25 20:35:00+00:00
O-20250326-065000-BACKTEST-000-303,KRAKEN-BACKTEST,KrakenBTCUSDResearchStrategy-000,BTC/USD.KRAKEN,KRAKEN-1-303,BTC/USD.KRAKEN-KrakenBTCUSDResearchStrategy-000,KRAKEN-001,T-fd6bd26537be93a8-94469,MARKET,BUY,0.02356072,GTC,False,False,0.02356072,TAKER,87849.15999999999,0.0,['8.28 USD'],NO_TRIGGER,FILLED,NO_CONTINGENCY,,,,,,,,695aa2b0-48b8-432c-9702-922ada7bada1,2025-03-26 06:50:00+00:00,2025-03-26 06:50:00+00:00
O-20250326-120500-BACKTEST-000-304,KRAKEN-BACKTEST,KrakenBTCUSDResearchStrategy-000,BTC/USD.KRAKEN,KRAKEN-1-304,BTC/USD.KRAKEN-KrakenBTCUSDResearchStrategy-000,KRAKEN-001,T-2f54dd46d95c7e2f-94710,MARKET,SELL,0.02356072,GTC,False,False,0.02356072,TAKER,87871.39,0.0,['8.28 USD'],NO_TRIGGER,FILLED,NO_CONTINGENCY,,,,,,,,fcb7f82b-d7c5-46b7-8783-39b17495ff9c,2025-03-26 12:05:00+00:00,2025-03-26 12:05:00+00:00
O-20250327-014500-BACKTEST-000-305,KRAKEN-BACKTEST,KrakenBTCUSDResearchStrategy-000,BTC/USD.KRAKEN,KRAKEN-1-305,BTC/USD.KRAKEN-KrakenBTCUSDResearchStrategy-000,KRAKEN-001,T-49aaa4069f8e0051-95348,MARKET,BUY,0.02360684,GTC,False,False,0.02360684,TAKER,87473.68,0.0,['8.26 USD'],NO_TRIGGER,FILLED,NO_CONTINGENCY,,,,,,,,7b848227-8b7f-4671-8160-244b143f6711,2025-03-27 01:45:00+00:00,2025-03-27 01:45:00+00:00
O-20250327-055000-BACKTEST-000-306,KRAKEN-BACKTEST,KrakenBTCUSDResearchStrategy-000,BTC/USD.KRAKEN,KRAKEN-1-306,BTC/USD.KRAKEN-KrakenBTCUSDResearchStrategy-000,KRAKEN-001,T-52f58e991cd4128b-95538,MARKET,SELL,0.02360684,GTC,False,False,0.02360684,TAKER,87278.47,0.0,['8.24 USD'],NO_TRIGGER,FILLED,NO_CONTINGENCY,,,,,,,,59c83e1b-3e6a-47de-ad36-45824149d492,2025-03-27 05:50:00+00:00,2025-03-27 05:50:00+00:00
O-20250327-213000-BACKTEST-000-307,KRAKEN-BACKTEST,KrakenBTCUSDResearchStrategy-000,BTC/USD.KRAKEN,KRAKEN-1-307,BTC/USD.KRAKEN-KrakenBTCUSDResearchStrategy-000,KRAKEN-001,T-5005e251ffe82072-96272,MARKET,BUY,0.02347488,GTC,False,False,0.02347488,TAKER,87695.65000000001,0.0,['8.23 USD'],NO_TRIGGER,FILLED,NO_CONTINGENCY,,,,,,,,1e46eed6-7c82-49c0-8936-b1a51184dcda,2025-03-27 21:30:00+00:00,2025-03-27 21:30:00+00:00
O-20250327-220500-BACKTEST-000-308,KRAKEN-BACKTEST,KrakenBTCUSDResearchStrategy-000,BTC/USD.KRAKEN,KRAKEN-1-308,BTC/USD.KRAKEN-KrakenBTCUSDResearchStrategy-000,KRAKEN-001,T-73870cccf8a2d38b-96298,MARKET,SELL,0.02347488,GTC,False,False,0.02347488,TAKER,87413.98000000001,0.0,['8.21 USD'],NO_TRIGGER,FILLED,NO_CONTINGENCY,,,,,,,,ea8abc8a-906a-4f34-befd-8d5f46b53f6d,2025-03-27 22:05:00+00:00,2025-03-27 22:05:00+00:00
O-20250328-230000-BACKTEST-000-309,KRAKEN-BACKTEST,KrakenBTCUSDResearchStrategy-000,BTC/USD.KRAKEN,KRAKEN-1-309,BTC/USD.KRAKEN-KrakenBTCUSDResearchStrategy-000,KRAKEN-001,T-703cb86743e1fd99-97452,MARKET,BUY,0.02427615,GTC,False,False,0.02427615,TAKER,84516.26999999999,0.0,['8.21 USD'],NO_TRIGGER,FILLED,NO_CONTINGENCY,,,,,,,,7c980223-3951-4bd4-8986-4202e89f43bb,2025-03-28 23:00:00+00:00,2025-03-28 23:00:00+00:00
O-20250328-231000-BACKTEST-000-310,KRAKEN-BACKTEST,KrakenBTCUSDResearchStrategy-000,BTC/USD.KRAKEN,KRAKEN-1-310,BTC/USD.KRAKEN-KrakenBTCUSDResearchStrategy-000,KRAKEN-001,T-f8f286ee5fe7c648-97461,MARKET,SELL,0.02427615,GTC,False,False,0.02427615,TAKER,84318.39,0.0,['8.19 USD'],NO_TRIGGER,FILLED,NO_CONTINGENCY,,,,,,,,6f2bd0ae-69dc-4987-996d-9752085e0b06,2025-03-28 23:10:00+00:00,2025-03-28 23:10:00+00:00
O-20250330-004500-BACKTEST-000-311,KRAKEN-BACKTEST,KrakenBTCUSDResearchStrategy-000,BTC/USD.KRAKEN,KRAKEN-1-311,BTC/USD.KRAKEN-KrakenBTCUSDResearchStrategy-000,KRAKEN-001,T-35607c0c608a5311-98650,MARKET,BUY,0.02470074,GTC,False,False,0.02470074,TAKER,82806.0,0.0,['8.18 USD'],NO_TRIGGER,FILLED,NO_CONTINGENCY,,,,,,,,15f333c7-747b-4af8-a1d6-51491c484c4d,2025-03-30 00:45:00+00:00,2025-03-30 00:45:00+00:00
O-20250330-055500-BACKTEST-000-312,KRAKEN-BACKTEST,KrakenBTCUSDResearchStrategy-000,BTC/USD.KRAKEN,KRAKEN-1-312,BTC/USD.KRAKEN-KrakenBTCUSDResearchStrategy-000,KRAKEN-001,T-a99aad62679b7f72-98889,MARKET,SELL,0.02470074,GTC,False,False,0.02470074,TAKER,82958.3,0.0,['8.20 USD'],NO_TRIGGER,FILLED,NO_CONTINGENCY,,,,,,,,28a29381-ea91-435f-bff3-e29f298fbfcc,2025-03-30 05:55:00+00:00,2025-03-30 05:55:00+00:00
O-20250330-085000-BACKTEST-000-313,KRAKEN-BACKTEST,KrakenBTCUSDResearchStrategy-000,BTC/USD.KRAKEN,KRAKEN-1-313,BTC/USD.KRAKEN-KrakenBTCUSDResearchStrategy-000,KRAKEN-001,T-bdb31df8b93bf575-99022,MARKET,BUY,0.02448674,GTC,False,False,0.02448674,TAKER,83375.05,0.0,['8.17 USD'],NO_TRIGGER,FILLED,NO_CONTINGENCY,,,,,,,,d285d48a-0e17-45b3-ab7d-88d1846bccd2,2025-03-30 08:50:00+00:00,2025-03-30 08:50:00+00:00
O-20250330-102000-BACKTEST-000-314,KRAKEN-BACKTEST,KrakenBTCUSDResearchStrategy-000,BTC/USD.KRAKEN,KRAKEN-1-314,BTC/USD.KRAKEN-KrakenBTCUSDResearchStrategy-000,KRAKEN-001,T-e5b7dc55d583733e-99093,MARKET,SELL,0.02448674,GTC,False,False,0.02448674,TAKER,83186.96,0.0,['8.15 USD'],NO_TRIGGER,FILLED,NO_CONTINGENCY,,,,,,,,d53ff947-9045-4614-89ae-81018e8def6b,2025-03-30 10:20:00+00:00,2025-03-30 10:20:00+00:00
O-20250331-124000-BACKTEST-000-315,KRAKEN-BACKTEST,KrakenBTCUSDResearchStrategy-000,BTC/USD.KRAKEN,KRAKEN-1-315,BTC/USD.KRAKEN-KrakenBTCUSDResearchStrategy-000,KRAKEN-001,T-82ed8c1e08008017-100322,MARKET,BUY,0.02467299,GTC,False,False,0.02467299,TAKER,82491.32,0.0,['8.14 USD'],NO_TRIGGER,FILLED,NO_CONTINGENCY,,,,,,,,6f6cca40-2307-4e5c-9e87-40fb57e386cd,2025-03-31 12:40:00+00:00,2025-03-31 12:40:00+00:00
O-20250331-133000-BACKTEST-000-316,KRAKEN-BACKTEST,KrakenBTCUSDResearchStrategy-000,BTC/USD.KRAKEN,KRAKEN-1-316,BTC/USD.KRAKEN-KrakenBTCUSDResearchStrategy-000,KRAKEN-001,T-54845b62d33a6c0d-100362,MARKET,SELL,0.02467299,GTC,False,False,0.02467299,TAKER,81929.06999999999,0.0,['8.09 USD'],NO_TRIGGER,FILLED,NO_CONTINGENCY,,,,,,,,0e2f2832-bc80-4857-a990-44088aa7bc8c,2025-03-31 13:30:00+00:00,2025-03-31 13:30:00+00:00
O-20250331-141000-BACKTEST-000-317,KRAKEN-BACKTEST,KrakenBTCUSDResearchStrategy-000,BTC/USD.KRAKEN,KRAKEN-1-317,BTC/USD.KRAKEN-KrakenBTCUSDResearchStrategy-000,KRAKEN-001,T-312ee93222ecb26f-100395,MARKET,BUY,0.02431383,GTC,False,False,0.02431383,TAKER,83338.48,0.0,['8.11 USD'],NO_TRIGGER,FILLED,NO_CONTINGENCY,,,,,,,,aa0f8b35-9992-45c1-84af-1b0d29b5e8d2,2025-03-31 14:10:00+00:00,2025-03-31 14:10:00+00:00
O-20250331-174000-BACKTEST-000-318,KRAKEN-BACKTEST,KrakenBTCUSDResearchStrategy-000,BTC/USD.KRAKEN,KRAKEN-1-318,BTC/USD.KRAKEN-KrakenBTCUSDResearchStrategy-000,KRAKEN-001,T-ee32139cab300021-100560,MARKET,SELL,0.02431383,GTC,False,False,0.02431383,TAKER,82807.31,0.0,['8.05 USD'],NO_TRIGGER,FILLED,NO_CONTINGENCY,,,,,,,,888f5d5c-f142-415a-bd18-673de8c337b5,2025-03-31 17:40:00+00:00,2025-03-31 17:40:00+00:00
O-20250401-030000-BACKTEST-000-319,KRAKEN-BACKTEST,KrakenBTCUSDResearchStrategy-000,BTC/USD.KRAKEN,KRAKEN-1-319,BTC/USD.KRAKEN-KrakenBTCUSDResearchStrategy-000,KRAKEN-001,T-8451f10fdbf74098-100994,MARKET,BUY,0.02426308,GTC,False,False,0.02426308,TAKER,83153.23,0.0,['8.07 USD'],NO_TRIGGER,FILLED,NO_CONTINGENCY,,,,,,,,3f4a6eda-54ea-4d5f-a6a9-3708689a7214,2025-04-01 03:00:00+00:00,2025-04-01 03:00:00+00:00
O-20250401-040500-BACKTEST-000-320,KRAKEN-BACKTEST,KrakenBTCUSDResearchStrategy-000,BTC/USD.KRAKEN,KRAKEN-1-320,BTC/USD.KRAKEN-KrakenBTCUSDResearchStrategy-000,KRAKEN-001,T-1ac89207797a67d4-101044,MARKET,SELL,0.02426308,GTC,False,False,0.02426308,TAKER,82908.24,0.0,['8.05 USD'],NO_TRIGGER,FILLED,NO_CONTINGENCY,,,,,,,,bfd2309b-1a74-475c-84ea-22d799086d64,2025-04-01 04:05:00+00:00,2025-04-01 04:05:00+00:00
O-20250401-051500-BACKTEST-000-321,KRAKEN-BACKTEST,KrakenBTCUSDResearchStrategy-000,BTC/USD.KRAKEN,KRAKEN-1-321,BTC/USD.KRAKEN-KrakenBTCUSDResearchStrategy-000,KRAKEN-001,T-cae9d160e37e4708-101099,MARKET,BUY,0.02414072,GTC,False,False,0.02414072,TAKER,83300.56999999999,0.0,['8.04 USD'],NO_TRIGGER,FILLED,NO_CONTINGENCY,,,,,,,,d3fe26f6-26e6-454d-9224-8eb355cb6625,2025-04-01 05:15:00+00:00,2025-04-01 05:15:00+00:00
O-20250401-054500-BACKTEST-000-322,KRAKEN-BACKTEST,KrakenBTCUSDResearchStrategy-000,BTC/USD.KRAKEN,KRAKEN-1-322,BTC/USD.KRAKEN-KrakenBTCUSDResearchStrategy-000,KRAKEN-001,T-1a07007d0e6240e4-101124,MARKET,SELL,0.02414072,GTC,False,False,0.02414072,TAKER,83128.4,0.0,['8.03 USD'],NO_TRIGGER,FILLED,NO_CONTINGENCY,,,,,,,,e2647647-b670-46de-8c08-1a653d029be8,2025-04-01 05:45:00+00:00,2025-04-01 05:45:00+00:00
O-20250401-064000-BACKTEST-000-323,KRAKEN-BACKTEST,KrakenBTCUSDResearchStrategy-000,BTC/USD.KRAKEN,KRAKEN-1-323,BTC/USD.KRAKEN-KrakenBTCUSDResearchStrategy-000,KRAKEN-001,T-f19d95cf07a61d0a-101166,MARKET,BUY,0.02405171,GTC,False,False,0.02405171,TAKER,83356.5,0.0,['8.02 USD'],NO_TRIGGER,FILLED,NO_CONTINGENCY,,,,,,,,2ede2d09-cd6b-4c78-95a4-b1b28f982227,2025-04-01 06:40:00+00:00,2025-04-01 06:40:00+00:00
O-20250401-124000-BACKTEST-000-324,KRAKEN-BACKTEST,KrakenBTCUSDResearchStrategy-000,BTC/USD.KRAKEN,KRAKEN-1-324,BTC/USD.KRAKEN-KrakenBTCUSDResearchStrategy-000,KRAKEN-001,T-2d628b49d9afec2d-101446,MARKET,SELL,0.02405171,GTC,False,False,0.02405171,TAKER,83749.99,0.0,['8.06 USD'],NO_TRIGGER,FILLED,NO_CONTINGENCY,,,,,,,,86af2b3a-29cf-47c8-9190-05a141a6d950,2025-04-01 12:40:00+00:00,2025-04-01 12:40:00+00:00
O-20250401-151000-BACKTEST-000-325,KRAKEN-BACKTEST,KrakenBTCUSDResearchStrategy-000,BTC/USD.KRAKEN,KRAKEN-1-325,BTC/USD.KRAKEN-KrakenBTCUSDResearchStrategy-000,KRAKEN-001,T-3ba3bef4ab87f926-101567,MARKET,BUY,0.02358939,GTC,False,False,0.02358939,TAKER,84906.0,0.0,['8.01 USD'],NO_TRIGGER,FILLED,NO_CONTINGENCY,,,,,,,,8622b41f-e9eb-4901-b1dc-f3519505a40a,2025-04-01 15:10:00+00:00,2025-04-01 15:10:00+00:00
O-20250402-005000-BACKTEST-000-326,KRAKEN-BACKTEST,KrakenBTCUSDResearchStrategy-000,BTC/USD.KRAKEN,KRAKEN-1-326,BTC/USD.KRAKEN-KrakenBTCUSDResearchStrategy-000,KRAKEN-001,T-d38d5ef37f4f1182-102026,MARKET,SELL,0.02358939,GTC,False,False,0.02358939,TAKER,84970.61,0.0,['8.02 USD'],NO_TRIGGER,FILLED,NO_CONTINGENCY,,,,,,,,c57f7070-9e8b-416d-9344-cda8200ad82d,2025-04-02 00:50:00+00:00,2025-04-02 00:50:00+00:00
O-20250402-091000-BACKTEST-000-327,KRAKEN-BACKTEST,KrakenBTCUSDResearchStrategy-000,BTC/USD.KRAKEN,KRAKEN-1-327,BTC/USD.KRAKEN-KrakenBTCUSDResearchStrategy-000,KRAKEN-001,T-f6fd8f32ff83ccc9-102410,MARKET,BUY,0.02342615,GTC,False,False,0.02342615,TAKER,85311.84,0.0,['7.99 USD'],NO_TRIGGER,FILLED,NO_CONTINGENCY,,,,,,,,f33f9258-6695-4a78-8471-8ad7fc37a082,2025-04-02 09:10:00+00:00,2025-04-02 09:10:00+00:00
O-20250402-092000-BACKTEST-000-328,KRAKEN-BACKTEST,KrakenBTCUSDResearchStrategy-000,BTC/USD.KRAKEN,KRAKEN-1-328,BTC/USD.KRAKEN-KrakenBTCUSDResearchStrategy-000,KRAKEN-001,T-1177b1648352f6db-102419,MARKET,SELL,0.02342615,GTC,False,False,0.02342615,TAKER,84969.70999999999,0.0,['7.96 USD'],NO_TRIGGER,FILLED,NO_CONTINGENCY,,,,,,,,177c2797-d06b-47bf-86a7-f385d6504717,2025-04-02 09:20:00+00:00,2025-04-02 09:20:00+00:00
O-20250402-134500-BACKTEST-000-329,KRAKEN-BACKTEST,KrakenBTCUSDResearchStrategy-000,BTC/USD.KRAKEN,KRAKEN-1-329,BTC/USD.KRAKEN-KrakenBTCUSDResearchStrategy-000,KRAKEN-001,T-dfed850899cf460a-102626,MARKET,BUY,0.02312786,GTC,False,False,0.02312786,TAKER,86101.2,0.0,['7.97 USD'],NO_TRIGGER,FILLED,NO_CONTINGENCY,,,,,,,,b37ba2b9-8377-4e1e-98e7-f17242abb5db,2025-04-02 13:45:00+00:00,2025-04-02 13:45:00+00:00
O-20250402-135500-BACKTEST-000-330,KRAKEN-BACKTEST,KrakenBTCUSDResearchStrategy-000,BTC/USD.KRAKEN,KRAKEN-1-330,BTC/USD.KRAKEN-KrakenBTCUSDResearchStrategy-000,KRAKEN-001,T-3021f91e9335dd67-102635,MARKET,SELL,0.02312786,GTC,False,False,0.02312786,TAKER,85215.82,0.0,['7.88 USD'],NO_TRIGGER,FILLED,NO_CONTINGENCY,,,,,,,,be75769e-1aff-4340-8a72-2c6bb6d4c6c9,2025-04-02 13:55:00+00:00,2025-04-02 13:55:00+00:00
O-20250402-150500-BACKTEST-000-331,KRAKEN-BACKTEST,KrakenBTCUSDResearchStrategy-000,BTC/USD.KRAKEN,KRAKEN-1-331,BTC/USD.KRAKEN-KrakenBTCUSDResearchStrategy-000,KRAKEN-001,T-3862111727e9ec16-102692,MARKET,BUY,0.02291798,GTC,False,False,0.02291798,TAKER,86414.13,0.0,['7.92 USD'],NO_TRIGGER,FILLED,NO_CONTINGENCY,,,,,,,,bbfc97cf-5a3d-4bcd-b9b8-9be200c60530,2025-04-02 15:05:00+00:00,2025-04-02 15:05:00+00:00
O-20250402-202500-BACKTEST-000-332,KRAKEN-BACKTEST,KrakenBTCUSDResearchStrategy-000,BTC/USD.KRAKEN,KRAKEN-1-332,BTC/USD.KRAKEN-KrakenBTCUSDResearchStrategy-000,KRAKEN-001,T-c05122252165432d-102942,MARKET,SELL,0.02291798,GTC,False,False,0.02291798,TAKER,85892.64,0.0,['7.87 USD'],NO_TRIGGER,FILLED,NO_CONTINGENCY,,,,,,,,bbd9f345-97c5-4d3c-9def-d8c1df460895,2025-04-02 20:25:00+00:00,2025-04-02 20:25:00+00:00
O-20250403-214500-BACKTEST-000-333,KRAKEN-BACKTEST,KrakenBTCUSDResearchStrategy-000,BTC/USD.KRAKEN,KRAKEN-1-333,BTC/USD.KRAKEN-KrakenBTCUSDResearchStrategy-000,KRAKEN-001,T-ff212eb740415780-104122,MARKET,BUY,0.02387867,GTC,False,False,0.02387867,TAKER,82588.98999999999,0.0,['7.89 USD'],NO_TRIGGER,FILLED,NO_CONTINGENCY,,,,,,,,b95d488d-f96a-4c30-98a5-943c14de6d70,2025-04-03 21:45:00+00:00,2025-04-03 21:45:00+00:00
O-20250404-015500-BACKTEST-000-334,KRAKEN-BACKTEST,KrakenBTCUSDResearchStrategy-000,BTC/USD.KRAKEN,KRAKEN-1-334,BTC/USD.KRAKEN-KrakenBTCUSDResearchStrategy-000,KRAKEN-001,T-fd52a067868f599c-104319,MARKET,SELL,0.02387867,GTC,False,False,0.02387867,TAKER,82695.91,0.0,['7.90 USD'],NO_TRIGGER,FILLED,NO_CONTINGENCY,,,,,,,,a0f8ea49-82de-414e-85b4-b0eb69819e5e,2025-04-04 01:55:00+00:00,2025-04-04 01:55:00+00:00
O-20250404-062500-BACKTEST-000-335,KRAKEN-BACKTEST,KrakenBTCUSDResearchStrategy-000,BTC/USD.KRAKEN,KRAKEN-1-335,BTC/USD.KRAKEN-KrakenBTCUSDResearchStrategy-000,KRAKEN-001,T-d5ea997eb19643e1-104528,MARKET,BUY,0.02364018,GTC,False,False,0.02364018,TAKER,83254.18,0.0,['7.87 USD'],NO_TRIGGER,FILLED,NO_CONTINGENCY,,,,,,,,0f330342-46d8-459d-9320-081cf67a7ea7,2025-04-04 06:25:00+00:00,2025-04-04 06:25:00+00:00
O-20250404-064000-BACKTEST-000-336,KRAKEN-BACKTEST,KrakenBTCUSDResearchStrategy-000,BTC/USD.KRAKEN,KRAKEN-1-336,BTC/USD.KRAKEN-KrakenBTCUSDResearchStrategy-000,KRAKEN-001,T-3821802654583870-104540,MARKET,SELL,0.02364018,GTC,False,False,0.02364018,TAKER,83071.99,0.0,['7.86 USD'],NO_TRIGGER,FILLED,NO_CONTINGENCY,,,,,,,,f2a2e87e-6bec-4b2d-bbc2-0c845fb43abe,2025-04-04 06:40:00+00:00,2025-04-04 06:40:00+00:00
O-20250404-074000-BACKTEST-000-337,KRAKEN-BACKTEST,KrakenBTCUSDResearchStrategy-000,BTC/USD.KRAKEN,KRAKEN-1-337,BTC/USD.KRAKEN-KrakenBTCUSDResearchStrategy-000,KRAKEN-001,T-6c30310ba22093f5-104589,MARKET,BUY,0.02343687,GTC,False,False,0.02343687,TAKER,83720.01,0.0,['7.85 USD'],NO_TRIGGER,FILLED,NO_CONTINGENCY,,,,,,,,d3e90304-a496-4692-83f8-7e40feebba42,2025-04-04 07:40:00+00:00,2025-04-04 07:40:00+00:00
O-20250404-101500-BACKTEST-000-338,KRAKEN-BACKTEST,KrakenBTCUSDResearchStrategy-000,BTC/USD.KRAKEN,KRAKEN-1-338,BTC/USD.KRAKEN-KrakenBTCUSDResearchStrategy-000,KRAKEN-001,T-a14a7d6d1aea187c-104713,MARKET,SELL,0.02343687,GTC,False,False,0.02343687,TAKER,83602.41,0.0,['7.84 USD'],NO_TRIGGER,FILLED,NO_CONTINGENCY,,,,,,,,03a3b20b-6e9b-4e11-88dc-707f1bc8d736,2025-04-04 10:15:00+00:00,2025-04-04 10:15:00+00:00
O-20250404-173500-BACKTEST-000-339,KRAKEN-BACKTEST,KrakenBTCUSDResearchStrategy-000,BTC/USD.KRAKEN,KRAKEN-1-339,BTC/USD.KRAKEN-KrakenBTCUSDResearchStrategy-000,KRAKEN-001,T-7007f3973aaf47eb-105061,MARKET,BUY,0.02324540,GTC,False,False,0.02324540,TAKER,84171.62,0.0,['7.83 USD'],NO_TRIGGER,FILLED,NO_CONTINGENCY,,,,,,,,451371be-7b62-4b0a-a1b0-5a93071cd8e0,2025-04-04 17:35:00+00:00,2025-04-04 17:35:00+00:00
O-20250404-201500-BACKTEST-000-340,KRAKEN-BACKTEST,KrakenBTCUSDResearchStrategy-000,BTC/USD.KRAKEN,KRAKEN-1-340,BTC/USD.KRAKEN-KrakenBTCUSDResearchStrategy-000,KRAKEN-001,T-6adafcb664e744d3-105190,MARKET,SELL,0.02324540,GTC,False,False,0.02324540,TAKER,83533.41,0.0,['7.77 USD'],NO_TRIGGER,FILLED,NO_CONTINGENCY,,,,,,,,d4ca5750-c977-4811-b194-f2a4c33fac04,2025-04-04 20:15:00+00:00,2025-04-04 20:15:00+00:00
O-20250405-230500-BACKTEST-000-341,KRAKEN-BACKTEST,KrakenBTCUSDResearchStrategy-000,BTC/USD.KRAKEN,KRAKEN-1-341,BTC/USD.KRAKEN-KrakenBTCUSDResearchStrategy-000,KRAKEN-001,T-f552757543582654-106412,MARKET,BUY,0.02339534,GTC,False,False,0.02339534,TAKER,83241.95,0.0,['7.79 USD'],NO_TRIGGER,FILLED,NO_CONTINGENCY,,,,,,,,c420fefa-076a-499b-bc62-c47af3c6ef3d,2025-04-05 23:05:00+00:00,2025-04-05 23:05:00+00:00
O-20250406-025000-BACKTEST-000-342,KRAKEN-BACKTEST,KrakenBTCUSDResearchStrategy-000,BTC/USD.KRAKEN,KRAKEN-1-342,BTC/USD.KRAKEN-KrakenBTCUSDResearchStrategy-000,KRAKEN-001,T-9028d42f1dad2c4c-106586,MARKET,SELL,0.02339534,GTC,False,False,0.02339534,TAKER,83281.08,0.0,['7.79 USD'],NO_TRIGGER,FILLED,NO_CONTINGENCY,,,,,,,,b50cf445-b7ce-4449-aed7-00be273f8aa1,2025-04-06 02:50:00+00:00,2025-04-06 02:50:00+00:00
O-20250407-135500-BACKTEST-000-343,KRAKEN-BACKTEST,KrakenBTCUSDResearchStrategy-000,BTC/USD.KRAKEN,KRAKEN-1-343,BTC/USD.KRAKEN-KrakenBTCUSDResearchStrategy-000,KRAKEN-001,T-da8e593a33c69c52-108221,MARKET,BUY,0.01695255,GTC,False,False,0.01695255,TAKER,78365.47,0.0,['5.31 USD'],NO_TRIGGER,FILLED,NO_CONTINGENCY,,,,,,,,4b0aef86-745a-4439-8e26-fe8798249300,2025-04-07 13:55:00+00:00,2025-04-07 13:55:00+00:00
O-20250407-165500-BACKTEST-000-344,KRAKEN-BACKTEST,KrakenBTCUSDResearchStrategy-000,BTC/USD.KRAKEN,KRAKEN-1-344,BTC/USD.KRAKEN-KrakenBTCUSDResearchStrategy-000,KRAKEN-001,T-07752549c2fbb11f-108364,MARKET,SELL,0.01695255,GTC,False,False,0.01695255,TAKER,77434.01,0.0,['5.25 USD'],NO_TRIGGER,FILLED,NO_CONTINGENCY,,,,,,,,7fdca460-9747-4396-b087-8c9cecf1686c,2025-04-07 16:55:00+00:00,2025-04-07 16:55:00+00:00
O-20250407-215000-BACKTEST-000-345,KRAKEN-BACKTEST,KrakenBTCUSDResearchStrategy-000,BTC/USD.KRAKEN,KRAKEN-1-345,BTC/USD.KRAKEN-KrakenBTCUSDResearchStrategy-000,KRAKEN-001,T-dd9d76c24613b5cc-108600,MARKET,BUY,0.02434512,GTC,False,False,0.02434512,TAKER,79489.04,0.0,['7.74 USD'],NO_TRIGGER,FILLED,NO_CONTINGENCY,,,,,,,,5a0f0dbc-e530-40de-a7fb-50d62530cc97,2025-04-07 21:50:00+00:00,2025-04-07 21:50:00+00:00
O-20250408-005500-BACKTEST-000-346,KRAKEN-BACKTEST,KrakenBTCUSDResearchStrategy-000,BTC/USD.KRAKEN,KRAKEN-1-346,BTC/USD.KRAKEN-KrakenBTCUSDResearchStrategy-000,KRAKEN-001,T-cbb80e4da9e1593c-108742,MARKET,SELL,0.02434512,GTC,False,False,0.02434512,TAKER,79020.04,0.0,['7.70 USD'],NO_TRIGGER,FILLED,NO_CONTINGENCY,,,,,,,,a37c688c-658e-4790-9122-81887093ffbb,2025-04-08 00:55:00+00:00,2025-04-08 00:55:00+00:00
O-20250408-115500-BACKTEST-000-347,KRAKEN-BACKTEST,KrakenBTCUSDResearchStrategy-000,BTC/USD.KRAKEN,KRAKEN-1-347,BTC/USD.KRAKEN-KrakenBTCUSDResearchStrategy-000,KRAKEN-001,T-4433fa79e9830c1d-109256,MARKET,BUY,0.02409433,GTC,False,False,0.02409433,TAKER,79982.0,0.0,['7.71 USD'],NO_TRIGGER,FILLED,NO_CONTINGENCY,,,,,,,,57e18c23-8850-4057-a1e5-5df813c3837c,2025-04-08 11:55:00+00:00,2025-04-08 11:55:00+00:00
O-20250408-142000-BACKTEST-000-348,KRAKEN-BACKTEST,KrakenBTCUSDResearchStrategy-000,BTC/USD.KRAKEN,KRAKEN-1-348,BTC/USD.KRAKEN-KrakenBTCUSDResearchStrategy-000,KRAKEN-001,T-d028b8f44f32fe71-109373,MARKET,SELL,0.02409433,GTC,False,False,0.02409433,TAKER,79581.91,0.0,['7.67 USD'],NO_TRIGGER,FILLED,NO_CONTINGENCY,,,,,,,,4513299e-18ec-4ca5-9f3d-f3d89a52e185,2025-04-08 14:20:00+00:00,2025-04-08 14:20:00+00:00
O-20250409-061000-BACKTEST-000-349,KRAKEN-BACKTEST,KrakenBTCUSDResearchStrategy-000,BTC/USD.KRAKEN,KRAKEN-1-349,BTC/USD.KRAKEN-KrakenBTCUSDResearchStrategy-000,KRAKEN-001,T-769971ebc71c664d-110124,MARKET,BUY,0.02483816,GTC,False,False,0.02483816,TAKER,77284.56,0.0,['7.68 USD'],NO_TRIGGER,FILLED,NO_CONTINGENCY,,,,,,,,5b88827c-30be-4347-b280-fd4a0a792937,2025-04-09 06:10:00+00:00,2025-04-09 06:10:00+00:00
O-20250409-065500-BACKTEST-000-350,KRAKEN-BACKTEST,KrakenBTCUSDResearchStrategy-000,BTC/USD.KRAKEN,KRAKEN-1-350,BTC/USD.KRAKEN-KrakenBTCUSDResearchStrategy-000,KRAKEN-001,T-8da0468421b04575-110161,MARKET,SELL,0.02483816,GTC,False,False,0.02483816,TAKER,76829.02,0.0,['7.63 USD'],NO_TRIGGER,FILLED,NO_CONTINGENCY,,,,,,,,6d339c40-06d6-4b71-9689-c2bf8db37680,2025-04-09 06:55:00+00:00,2025-04-09 06:55:00+00:00
O-20250409-073000-BACKTEST-000-351,KRAKEN-BACKTEST,KrakenBTCUSDResearchStrategy-000,BTC/USD.KRAKEN,KRAKEN-1-351,BTC/USD.KRAKEN-KrakenBTCUSDResearchStrategy-000,KRAKEN-001,T-4a835e748759f73b-110190,MARKET,BUY,0.02454897,GTC,False,False,0.02454897,TAKER,77869.57,0.0,['7.65 USD'],NO_TRIGGER,FILLED,NO_CONTINGENCY,,,,,,,,acfe26ae-858a-4b93-aa7d-2401adee5515,2025-04-09 07:30:00+00:00,2025-04-09 07:30:00+00:00
O-20250409-082500-BACKTEST-000-352,KRAKEN-BACKTEST,KrakenBTCUSDResearchStrategy-000,BTC/USD.KRAKEN,KRAKEN-1-352,BTC/USD.KRAKEN-KrakenBTCUSDResearchStrategy-000,KRAKEN-001,T-81cf37003f5a5589-110234,MARKET,SELL,0.02454897,GTC,False,False,0.02454897,TAKER,77312.90999999999,0.0,['7.59 USD'],NO_TRIGGER,FILLED,NO_CONTINGENCY,,,,,,,,bb57e0fa-b366-410d-8c06-0cb53bf98180,2025-04-09 08:25:00+00:00,2025-04-09 08:25:00+00:00
O-20250409-140000-BACKTEST-000-353,KRAKEN-BACKTEST,KrakenBTCUSDResearchStrategy-000,BTC/USD.KRAKEN,KRAKEN-1-353,BTC/USD.KRAKEN-KrakenBTCUSDResearchStrategy-000,KRAKEN-001,T-934f41176678e349-110502,MARKET,BUY,0.02206254,GTC,False,False,0.02206254,TAKER,78097.84999999999,0.0,['6.89 USD'],NO_TRIGGER,FILLED,NO_CONTINGENCY,,,,,,,,534abf1a-5167-4219-b9ad-be98ed47dd8b,2025-04-09 14:00:00+00:00,2025-04-09 14:00:00+00:00
O-20250409-145000-BACKTEST-000-354,KRAKEN-BACKTEST,KrakenBTCUSDResearchStrategy-000,BTC/USD.KRAKEN,KRAKEN-1-354,BTC/USD.KRAKEN-KrakenBTCUSDResearchStrategy-000,KRAKEN-001,T-3f4cd9ad3423edaa-110543,MARKET,SELL,0.02206254,GTC,False,False,0.02206254,TAKER,77215.4,0.0,['6.81 USD'],NO_TRIGGER,FILLED,NO_CONTINGENCY,,,,,,,,83d23666-9d81-4553-9787-9025b48ec656,2025-04-09 14:50:00+00:00,2025-04-09 14:50:00+00:00
O-20250409-170000-BACKTEST-000-355,KRAKEN-BACKTEST,KrakenBTCUSDResearchStrategy-000,BTC/USD.KRAKEN,KRAKEN-1-355,BTC/USD.KRAKEN-KrakenBTCUSDResearchStrategy-000,KRAKEN-001,T-f5f0a0ae146e2e1d-110646,MARKET,BUY,0.02403973,GTC,False,False,0.02403973,TAKER,78744.39,0.0,['7.57 USD'],NO_TRIGGER,FILLED,NO_CONTINGENCY,,,,,,,,9882dd4d-1831-4e7d-a43d-ed41829824e7,2025-04-09 17:00:00+00:00,2025-04-09 17:00:00+00:00
O-20250410-030500-BACKTEST-000-356,KRAKEN-BACKTEST,KrakenBTCUSDResearchStrategy-000,BTC/USD.KRAKEN,KRAKEN-1-356,BTC/USD.KRAKEN-KrakenBTCUSDResearchStrategy-000,KRAKEN-001,T-8a16e84753ff09c6-111124,MARKET,SELL,0.02403973,GTC,False,False,0.02403973,TAKER,81980.0,0.0,['7.88 USD'],NO_TRIGGER,FILLED,NO_CONTINGENCY,,,,,,,,42f89280-9662-40a7-8170-0c4baf74135d,2025-04-10 03:05:00+00:00,2025-04-10 03:05:00+00:00
O-20250411-022000-BACKTEST-000-357,KRAKEN-BACKTEST,KrakenBTCUSDResearchStrategy-000,BTC/USD.KRAKEN,KRAKEN-1-357,BTC/USD.KRAKEN-KrakenBTCUSDResearchStrategy-000,KRAKEN-001,T-dd7d645cef17038b-112216,MARKET,BUY,0.02372623,GTC,False,False,0.02372623,TAKER,80573.1,0.0,['7.65 USD'],NO_TRIGGER,FILLED,NO_CONTINGENCY,,,,,,,,3cb4b7e7-e1c9-418a-9b85-fd35c0d12147,2025-04-11 02:20:00+00:00,2025-04-11 02:20:00+00:00
O-20250411-142000-BACKTEST-000-358,KRAKEN-BACKTEST,KrakenBTCUSDResearchStrategy-000,BTC/USD.KRAKEN,KRAKEN-1-358,BTC/USD.KRAKEN-KrakenBTCUSDResearchStrategy-000,KRAKEN-001,T-bd63c7e7da16e005-112781,MARKET,SELL,0.02372623,GTC,False,False,0.02372623,TAKER,81754.16,0.0,['7.76 USD'],NO_TRIGGER,FILLED,NO_CONTINGENCY,,,,,,,,db5b7a94-6bc3-4317-a381-e14b73e2ec40,2025-04-11 14:20:00+00:00,2025-04-11 14:20:00+00:00
O-20250411-173500-BACKTEST-000-359,KRAKEN-BACKTEST,KrakenBTCUSDResearchStrategy-000,BTC/USD.KRAKEN,KRAKEN-1-359,BTC/USD.KRAKEN-KrakenBTCUSDResearchStrategy-000,KRAKEN-001,T-fe34cb6f92277e2b-112936,MARKET,BUY,0.02285774,GTC,False,False,0.02285774,TAKER,83800.0,0.0,['7.66 USD'],NO_TRIGGER,FILLED,NO_CONTINGENCY,,,,,,,,477f6d7f-a857-4c88-8c90-c41597ee7313,2025-04-11 17:35:00+00:00,2025-04-11 17:35:00+00:00
O-20250411-221500-BACKTEST-000-360,KRAKEN-BACKTEST,KrakenBTCUSDResearchStrategy-000,BTC/USD.KRAKEN,KRAKEN-1-360,BTC/USD.KRAKEN-KrakenBTCUSDResearchStrategy-000,KRAKEN-001,T-39e836441eb28230-113153,MARKET,SELL,0.02285774,GTC,False,False,0.02285774,TAKER,83467.99,0.0,['7.63 USD'],NO_TRIGGER,FILLED,NO_CONTINGENCY,,,,,,,,5ae6bfde-10d2-4d46-8867-642dc70182e4,2025-04-11 22:15:00+00:00,2025-04-11 22:15:00+00:00
O-20250412-060500-BACKTEST-000-361,KRAKEN-BACKTEST,KrakenBTCUSDResearchStrategy-000,BTC/USD.KRAKEN,KRAKEN-1-361,BTC/USD.KRAKEN-KrakenBTCUSDResearchStrategy-000,KRAKEN-001,T-11cd6030c5e4db43-113515,MARKET,BUY,0.02285397,GTC,False,False,0.02285397,TAKER,83513.49,0.0,['7.63 USD'],NO_TRIGGER,FILLED,NO_CONTINGENCY,,,,,,,,037c7bd5-86ce-484f-9812-3f130f700e5a,2025-04-12 06:05:00+00:00,2025-04-12 06:05:00+00:00
O-20250412-092500-BACKTEST-000-362,KRAKEN-BACKTEST,KrakenBTCUSDResearchStrategy-000,BTC/USD.KRAKEN,KRAKEN-1-362,BTC/USD.KRAKEN-KrakenBTCUSDResearchStrategy-000,KRAKEN-001,T-469f575dd28c940b-113673,MARKET,SELL,0.02285397,GTC,False,False,0.02285397,TAKER,83450.01,0.0,['7.63 USD'],NO_TRIGGER,FILLED,NO_CONTINGENCY,,,,,,,,f641b6e7-58cc-4777-b5aa-cb910aa0921c,2025-04-12 09:25:00+00:00,2025-04-12 09:25:00+00:00
O-20250412-130500-BACKTEST-000-363,KRAKEN-BACKTEST,KrakenBTCUSDResearchStrategy-000,BTC/USD.KRAKEN,KRAKEN-1-363,BTC/USD.KRAKEN-KrakenBTCUSDResearchStrategy-000,KRAKEN-001,T-4c8f3428dfde4837-113841,MARKET,BUY,0.02265766,GTC,False,False,0.02265766,TAKER,84015.82,0.0,['7.61 USD'],NO_TRIGGER,FILLED,NO_CONTINGENCY,,,,,,,,b3fb6059-8d71-4ef8-ac75-e1766a78fc88,2025-04-12 13:05:00+00:00,2025-04-12 13:05:00+00:00
O-20250412-132000-BACKTEST-000-364,KRAKEN-BACKTEST,KrakenBTCUSDResearchStrategy-000,BTC/USD.KRAKEN,KRAKEN-1-364,BTC/USD.KRAKEN-KrakenBTCUSDResearchStrategy-000,KRAKEN-001,T-01eaa9dcd16f495c-113854,MARKET,SELL,0.02265766,GTC,False,False,0.02265766,TAKER,83669.82,0.0,['7.58 USD'],NO_TRIGGER,FILLED,NO_CONTINGENCY,,,,,,,,f469704a-a487-4713-bf64-f2dcc0dcc6d8,2025-04-12 13:20:00+00:00,2025-04-12 13:20:00+00:00
O-20250412-142000-BACKTEST-000-365,KRAKEN-BACKTEST,KrakenBTCUSDResearchStrategy-000,BTC/USD.KRAKEN,KRAKEN-1-365,BTC/USD.KRAKEN-KrakenBTCUSDResearchStrategy-000,KRAKEN-001,T-de23fd9bb5101fd0-113903,MARKET,BUY,0.02234166,GTC,False,False,0.02234166,TAKER,84894.9,0.0,['7.59 USD'],NO_TRIGGER,FILLED,NO_CONTINGENCY,,,,,,,,ebd59d91-4b52-41c1-9cc9-0431b2667e71,2025-04-12 14:20:00+00:00,2025-04-12 14:20:00+00:00
O-20250412-170500-BACKTEST-000-366,KRAKEN-BACKTEST,KrakenBTCUSDResearchStrategy-000,BTC/USD.KRAKEN,KRAKEN-1-366,BTC/USD.KRAKEN-KrakenBTCUSDResearchStrategy-000,KRAKEN-001,T-f1f6196e5aee7ffc-114032,MARKET,SELL,0.02234166,GTC,False,False,0.02234166,TAKER,84550.0,0.0,['7.56 USD'],NO_TRIGGER,FILLED,NO_CONTINGENCY,,,,,,,,eec442c3-4e90-4710-ad7a-2f006c65aa00,2025-04-12 17:05:00+00:00,2025-04-12 17:05:00+00:00
O-20250412-203000-BACKTEST-000-367,KRAKEN-BACKTEST,KrakenBTCUSDResearchStrategy-000,BTC/USD.KRAKEN,KRAKEN-1-367,BTC/USD.KRAKEN-KrakenBTCUSDResearchStrategy-000,KRAKEN-001,T-8a316b486aff910e-114193,MARKET,BUY,0.02210146,GTC,False,False,0.02210146,TAKER,85507.36,0.0,['7.56 USD'],NO_TRIGGER,FILLED,NO_CONTINGENCY,,,,,,,,796d308d-ef58-496a-9528-2d5b4da3e480,2025-04-12 20:30:00+00:00,2025-04-12 20:30:00+00:00
O-20250412-231000-BACKTEST-000-368,KRAKEN-BACKTEST,KrakenBTCUSDResearchStrategy-000,BTC/USD.KRAKEN,KRAKEN-1-368,BTC/USD.KRAKEN-KrakenBTCUSDResearchStrategy-000,KRAKEN-001,T-305047cd094d32b1-114316,MARKET,SELL,0.02210146,GTC,False,False,0.02210146,TAKER,85253.54,0.0,['7.54 USD'],NO_TRIGGER,FILLED,NO_CONTINGENCY,,,,,,,,2c978fa9-784e-474f-9caa-13b20968575a,2025-04-12 23:10:00+00:00,2025-04-12 23:10:00+00:00
O-20250414-023000-BACKTEST-000-369,KRAKEN-BACKTEST,KrakenBTCUSDResearchStrategy-000,BTC/USD.KRAKEN,KRAKEN-1-369,BTC/USD.KRAKEN-KrakenBTCUSDResearchStrategy-000,KRAKEN-001,T-3803ceb00df684bf-115593,MARKET,BUY,0.02208000,GTC,False,False,0.02208000,TAKER,85309.06999999999,0.0,['7.53 USD'],NO_TRIGGER,FILLED,NO_CONTINGENCY,,,,,,,,6d8e3d28-dcce-4575-bcf7-f717f32e8345,2025-04-14 02:30:00+00:00,2025-04-14 02:30:00+00:00
O-20250414-031000-BACKTEST-000-370,KRAKEN-BACKTEST,KrakenBTCUSDResearchStrategy-000,BTC/USD.KRAKEN,KRAKEN-1-370,BTC/USD.KRAKEN-KrakenBTCUSDResearchStrategy-000,KRAKEN-001,T-bbb0f0d14010306c-115626,MARKET,SELL,0.02208000,GTC,False,False,0.02208000,TAKER,84777.42,0.0,['7.49 USD'],NO_TRIGGER,FILLED,NO_CONTINGENCY,,,,,,,,7edcc287-bcf8-4704-9a88-d0ceefd40f48,2025-04-14 03:10:00+00:00,2025-04-14 03:10:00+00:00
O-20250414-123500-BACKTEST-000-371,KRAKEN-BACKTEST,KrakenBTCUSDResearchStrategy-000,BTC/USD.KRAKEN,KRAKEN-1-371,BTC/USD.KRAKEN-KrakenBTCUSDResearchStrategy-000,KRAKEN-001,T-5ccbdeab665f2db2-116071,MARKET,BUY,0.02202247,GTC,False,False,0.02202247,TAKER,85167.52,0.0,['7.50 USD'],NO_TRIGGER,FILLED,NO_CONTINGENCY,,,,,,,,431ef44d-321f-4ee3-ad87-2d57e8ec3a2f,2025-04-14 12:35:00+00:00,2025-04-14 12:35:00+00:00
O-20250414-133000-BACKTEST-000-372,KRAKEN-BACKTEST,KrakenBTCUSDResearchStrategy-000,BTC/USD.KRAKEN,KRAKEN-1-372,BTC/USD.KRAKEN-KrakenBTCUSDResearchStrategy-000,KRAKEN-001,T-b1ed9448fdc0d372-116115,MARKET,SELL,0.02202247,GTC,False,False,0.02202247,TAKER,84713.65000000001,0.0,['7.46 USD'],NO_TRIGGER,FILLED,NO_CONTINGENCY,,,,,,,,ca8b3ffd-ab49-4c69-bd9f-31e06b346a05,2025-04-14 13:30:00+00:00,2025-04-14 13:30:00+00:00
O-20250414-143500-BACKTEST-000-373,KRAKEN-BACKTEST,KrakenBTCUSDResearchStrategy-000,BTC/USD.KRAKEN,KRAKEN-1-373,BTC/USD.KRAKEN-KrakenBTCUSDResearchStrategy-000,KRAKEN-001,T-b7c1c08b35608961-116168,MARKET,BUY,0.02182565,GTC,False,False,0.02182565,TAKER,85592.48,0.0,['7.47 USD'],NO_TRIGGER,FILLED,NO_CONTINGENCY,,,,,,,,8f01dd53-4de0-4e84-b566-19192692c94e,2025-04-14 14:35:00+00:00,2025-04-14 14:35:00+00:00
O-20250414-150000-BACKTEST-000-374,KRAKEN-BACKTEST,KrakenBTCUSDResearchStrategy-000,BTC/USD.KRAKEN,KRAKEN-1-374,BTC/USD.KRAKEN-KrakenBTCUSDResearchStrategy-000,KRAKEN-001,T-51a037856dfc9fe9-116189,MARKET,SELL,0.02182565,GTC,False,False,0.02182565,TAKER,84801.88,0.0,['7.40 USD'],NO_TRIGGER,FILLED,NO_CONTINGENCY,,,,,,,,724a9e81-529c-484e-881c-3b48f039fc13,2025-04-14 15:00:00+00:00,2025-04-14 15:00:00+00:00
O-20250415-013000-BACKTEST-000-375,KRAKEN-BACKTEST,KrakenBTCUSDResearchStrategy-000,BTC/USD.KRAKEN,KRAKEN-1-375,BTC/USD.KRAKEN-KrakenBTCUSDResearchStrategy-000,KRAKEN-001,T-ccaecbe0664957d0-116683,MARKET,BUY,0.02185671,GTC,False,False,0.02185671,TAKER,85029.99,0.0,['7.43 USD'],NO_TRIGGER,FILLED,NO_CONTINGENCY,,,,,,,,66c8121c-35c3-4eaa-a9d8-760b28f21d7f,2025-04-15 01:30:00+00:00,2025-04-15 01:30:00+00:00
O-20250415-103500-BACKTEST-000-376,KRAKEN-BACKTEST,KrakenBTCUSDResearchStrategy-000,BTC/USD.KRAKEN,KRAKEN-1-376,BTC/USD.KRAKEN-KrakenBTCUSDResearchStrategy-000,KRAKEN-001,T-e23cb1b8103c11b4-117108,MARKET,SELL,0.02185671,GTC,False,False,0.02185671,TAKER,85533.64,0.0,['7.48 USD'],NO_TRIGGER,FILLED,NO_CONTINGENCY,,,,,,,,403b6d7b-87c4-4bec-b320-484f386cd9bb,2025-04-15 10:35:00+00:00,2025-04-15 10:35:00+00:00
O-20250415-133500-BACKTEST-000-377,KRAKEN-BACKTEST,KrakenBTCUSDResearchStrategy-000,BTC/USD.KRAKEN,KRAKEN-1-377,BTC/USD.KRAKEN-KrakenBTCUSDResearchStrategy-000,KRAKEN-001,T-51bebf4bcbd2d1d5-117248,MARKET,BUY,0.02157641,GTC,False,False,0.02157641,TAKER,86080.23,0.0,['7.43 USD'],NO_TRIGGER,FILLED,NO_CONTINGENCY,,,,,,,,fee3ff63-087a-4ea6-9eb8-b1384c4fb366,2025-04-15 13:35:00+00:00,2025-04-15 13:35:00+00:00
O-20250415-135500-BACKTEST-000-378,KRAKEN-BACKTEST,KrakenBTCUSDResearchStrategy-000,BTC/USD.KRAKEN,KRAKEN-1-378,BTC/USD.KRAKEN-KrakenBTCUSDResearchStrategy-000,KRAKEN-001,T-095b614c645e01c0-117265,MARKET,SELL,0.02157641,GTC,False,False,0.02157641,TAKER,85589.44,0.0,['7.39 USD'],NO_TRIGGER,FILLED,NO_CONTINGENCY,,,,,,,,7419a927-12d9-491c-bd61-676e061680e8,2025-04-15 13:55:00+00:00,2025-04-15 13:55:00+00:00
O-20250416-114500-BACKTEST-000-379,KRAKEN-BACKTEST,KrakenBTCUSDResearchStrategy-000,BTC/USD.KRAKEN,KRAKEN-1-379,BTC/USD.KRAKEN-KrakenBTCUSDResearchStrategy-000,KRAKEN-001,T-477da3b8a38ed665-118278,MARKET,BUY,0.02198899,GTC,False,False,0.02198899,TAKER,84118.43999999999,0.0,['7.40 USD'],NO_TRIGGER,FILLED,NO_CONTINGENCY,,,,,,,,4fbc8f4d-eee4-43f3-ba27-43776898400d,2025-04-16 11:45:00+00:00,2025-04-16 11:45:00+00:00
O-20250416-124500-BACKTEST-000-380,KRAKEN-BACKTEST,KrakenBTCUSDResearchStrategy-000,BTC/USD.KRAKEN,KRAKEN-1-380,BTC/USD.KRAKEN-KrakenBTCUSDResearchStrategy-000,KRAKEN-001,T-b8adf57e3511bbaf-118324,MARKET,SELL,0.02198899,GTC,False,False,0.02198899,TAKER,83813.34,0.0,['7.37 USD'],NO_TRIGGER,FILLED,NO_CONTINGENCY,,,,,,,,19da46a0-9665-4eef-99b5-e4d2c62c9b0e,2025-04-16 12:45:00+00:00,2025-04-16 12:45:00+00:00
O-20250416-142000-BACKTEST-000-381,KRAKEN-BACKTEST,KrakenBTCUSDResearchStrategy-000,BTC/USD.KRAKEN,KRAKEN-1-381,BTC/USD.KRAKEN-KrakenBTCUSDResearchStrategy-000,KRAKEN-001,T-1c7b174ab906c320-118401,MARKET,BUY,0.02183526,GTC,False,False,0.02183526,TAKER,84415.54999999999,0.0,['7.37 USD'],NO_TRIGGER,FILLED,NO_CONTINGENCY,,,,,,,,0e2ffd13-2ff0-4be5-9c42-89a671c246c0,2025-04-16 14:20:00+00:00,2025-04-16 14:20:00+00:00
O-20250416-174000-BACKTEST-000-382,KRAKEN-BACKTEST,KrakenBTCUSDResearchStrategy-000,BTC/USD.KRAKEN,KRAKEN-1-382,BTC/USD.KRAKEN-KrakenBTCUSDResearchStrategy-000,KRAKEN-001,T-4564a0d6eabd54a0-118562,MARKET,SELL,0.02183526,GTC,False,False,0.02183526,TAKER,84345.99,0.0,['7.37 USD'],NO_TRIGGER,FILLED,NO_CONTINGENCY,,,,,,,,685e1848-a988-4ed0-96ce-fff7b3283899,2025-04-16 17:40:00+00:00,2025-04-16 17:40:00+00:00
O-20250417-062500-BACKTEST-000-383,KRAKEN-BACKTEST,KrakenBTCUSDResearchStrategy-000,BTC/USD.KRAKEN,KRAKEN-1-383,BTC/USD.KRAKEN-KrakenBTCUSDResearchStrategy-000,KRAKEN-001,T-b06d17703e22ab03-119163,MARKET,BUY,0.02172897,GTC,False,False,0.02172897,TAKER,84604.0,0.0,['7.35 USD'],NO_TRIGGER,FILLED,NO_CONTINGENCY,,,,,,,,729bf764-833d-40b0-a677-c1904abd1cc2,2025-04-17 06:25:00+00:00,2025-04-17 06:25:00+00:00
O-20250417-090000-BACKTEST-000-384,KRAKEN-BACKTEST,KrakenBTCUSDResearchStrategy-000,BTC/USD.KRAKEN,KRAKEN-1-384,BTC/USD.KRAKEN-KrakenBTCUSDResearchStrategy-000,KRAKEN-001,T-fdff5f727f7c87bf-119286,MARKET,SELL,0.02172897,GTC,False,False,0.02172897,TAKER,84362.88,0.0,['7.33 USD'],NO_TRIGGER,FILLED,NO_CONTINGENCY,,,,,,,,de8bef5f-cb1b-4e9b-bfb7-d6a812b3d05a,2025-04-17 09:00:00+00:00,2025-04-17 09:00:00+00:00
O-20250417-162000-BACKTEST-000-385,KRAKEN-BACKTEST,KrakenBTCUSDResearchStrategy-000,BTC/USD.KRAKEN,KRAKEN-1-385,BTC/USD.KRAKEN-KrakenBTCUSDResearchStrategy-000,KRAKEN-001,T-98079feb7b8c34e0-119629,MARKET,BUY,0.02158129,GTC,False,False,0.02158129,TAKER,84906.01999999999,0.0,['7.33 USD'],NO_TRIGGER,FILLED,NO_CONTINGENCY,,,,,,,,2fdcc4aa-39b9-471c-8e92-29cd057addb1,2025-04-17 16:20:00+00:00,2025-04-17 16:20:00+00:00
O-20250417-192500-BACKTEST-000-386,KRAKEN-BACKTEST,KrakenBTCUSDResearchStrategy-000,BTC/USD.KRAKEN,KRAKEN-1-386,BTC/USD.KRAKEN-KrakenBTCUSDResearchStrategy-000,KRAKEN-001,T-e99ec23c0d91eeda-119776,MARKET,SELL,0.02158129,GTC,False,False,0.02158129,TAKER,84695.66,0.0,['7.31 USD'],NO_TRIGGER,FILLED,NO_CONTINGENCY,,,,,,,,532316dc-2c35-4849-82e6-7d07b032817e,2025-04-17 19:25:00+00:00,2025-04-17 19:25:00+00:00
O-20250419-030000-BACKTEST-000-387,KRAKEN-BACKTEST,KrakenBTCUSDResearchStrategy-000,BTC/USD.KRAKEN,KRAKEN-1-387,BTC/USD.KRAKEN-KrakenBTCUSDResearchStrategy-000,KRAKEN-001,T-a78d3c63a2796ed2-121221,MARKET,BUY,0.02152902,GTC,False,False,0.02152902,TAKER,84844.89,0.0,['7.31 USD'],NO_TRIGGER,FILLED,NO_CONTINGENCY,,,,,,,,aeccdd3e-5c2a-456b-83c2-a565c056c425,2025-04-19 03:00:00+00:00,2025-04-19 03:00:00+00:00
O-20250419-154500-BACKTEST-000-388,KRAKEN-BACKTEST,KrakenBTCUSDResearchStrategy-000,BTC/USD.KRAKEN,KRAKEN-1-388,BTC/USD.KRAKEN-KrakenBTCUSDResearchStrategy-000,KRAKEN-001,T-d4c4c6b50d4cabe3-121801,MARKET,SELL,0.02152902,GTC,False,False,0.02152902,TAKER,85170.51,0.0,['7.33 USD'],NO_TRIGGER,FILLED,NO_CONTINGENCY,,,,,,,,e56fd011-d279-4d9d-9876-389388a0b9a1,2025-04-19 15:45:00+00:00,2025-04-19 15:45:00+00:00
O-20250419-211500-BACKTEST-000-389,KRAKEN-BACKTEST,KrakenBTCUSDResearchStrategy-000,BTC/USD.KRAKEN,KRAKEN-1-389,BTC/USD.KRAKEN-KrakenBTCUSDResearchStrategy-000,KRAKEN-001,T-95da5cdb6c449d84-122054,MARKET,BUY,0.02137804,GTC,False,False,0.02137804,TAKER,85337.05,0.0,['7.30 USD'],NO_TRIGGER,FILLED,NO_CONTINGENCY,,,,,,,,2310b613-bcde-447b-b35b-1048d96a14af,2025-04-19 21:15:00+00:00,2025-04-19 21:15:00+00:00
O-20250419-222000-BACKTEST-000-390,KRAKEN-BACKTEST,KrakenBTCUSDResearchStrategy-000,BTC/USD.KRAKEN,KRAKEN-1-390,BTC/USD.KRAKEN-KrakenBTCUSDResearchStrategy-000,KRAKEN-001,T-c7235bd87f8f04b0-122107,MARKET,SELL,0.02137804,GTC,False,False,0.02137804,TAKER,85241.1,0.0,['7.29 USD'],NO_TRIGGER,FILLED,NO_CONTINGENCY,,,,,,,,194d450b-52bd-40e2-9344-3bc63835645d,2025-04-19 22:20:00+00:00,2025-04-19 22:20:00+00:00
O-20250420-194500-BACKTEST-000-391,KRAKEN-BACKTEST,KrakenBTCUSDResearchStrategy-000,BTC/USD.KRAKEN,KRAKEN-1-391,BTC/USD.KRAKEN-KrakenBTCUSDResearchStrategy-000,KRAKEN-001,T-561a999c04a2def5-123076,MARKET,BUY,0.02149571,GTC,False,False,0.02149571,TAKER,84637.66,0.0,['7.28 USD'],NO_TRIGGER,FILLED,NO_CONTINGENCY,,,,,,,,6dbaef57-11d3-435d-aeba-9164040fdc0f,2025-04-20 19:45:00+00:00,2025-04-20 19:45:00+00:00
O-20250420-222000-BACKTEST-000-392,KRAKEN-BACKTEST,KrakenBTCUSDResearchStrategy-000,BTC/USD.KRAKEN,KRAKEN-1-392,BTC/USD.KRAKEN-KrakenBTCUSDResearchStrategy-000,KRAKEN-001,T-7695e90cc313a82a-123196,MARKET,SELL,0.02149571,GTC,False,False,0.02149571,TAKER,84677.15999999999,0.0,['7.28 USD'],NO_TRIGGER,FILLED,NO_CONTINGENCY,,,,,,,,eefb0a05-47f6-4ace-aaa0-6a81f6bd32dc,2025-04-20 22:20:00+00:00,2025-04-20 22:20:00+00:00
O-20250421-001000-BACKTEST-000-393,KRAKEN-BACKTEST,KrakenBTCUSDResearchStrategy-000,BTC/USD.KRAKEN,KRAKEN-1-393,BTC/USD.KRAKEN-KrakenBTCUSDResearchStrategy-000,KRAKEN-001,T-0c58620348ba8751-123285,MARKET,BUY,0.02127286,GTC,False,False,0.02127286,TAKER,85330.97,0.0,['7.26 USD'],NO_TRIGGER,FILLED,NO_CONTINGENCY,,,,,,,,9131914b-63b4-4196-94b5-057f934a8992,2025-04-21 00:10:00+00:00,2025-04-21 00:10:00+00:00
O-20250421-111000-BACKTEST-000-394,KRAKEN-BACKTEST,KrakenBTCUSDResearchStrategy-000,BTC/USD.KRAKEN,KRAKEN-1-394,BTC/USD.KRAKEN-KrakenBTCUSDResearchStrategy-000,KRAKEN-001,T-6db31c7131d37a16-123801,MARKET,SELL,0.02127286,GTC,False,False,0.02127286,TAKER,87148.8,0.0,['7.42 USD'],NO_TRIGGER,FILLED,NO_CONTINGENCY,,,,,,,,7cf2db77-aca4-4be0-8d02-486f7c8f1407,2025-04-21 11:10:00+00:00,2025-04-21 11:10:00+00:00
O-20250421-141000-BACKTEST-000-395,KRAKEN-BACKTEST,KrakenBTCUSDResearchStrategy-000,BTC/USD.KRAKEN,KRAKEN-1-395,BTC/USD.KRAKEN-KrakenBTCUSDResearchStrategy-000,KRAKEN-001,T-f9fe69d7cab422e3-123944,MARKET,BUY,0.02078668,GTC,False,False,0.02078668,TAKER,87673.01000000001,0.0,['7.29 USD'],NO_TRIGGER,FILLED,NO_CONTINGENCY,,,,,,,,0ad24e74-9271-4e22-9b92-1b3dfe01c943,2025-04-21 14:10:00+00:00,2025-04-21 14:10:00+00:00
O-20250421-164500-BACKTEST-000-396,KRAKEN-BACKTEST,KrakenBTCUSDResearchStrategy-000,BTC/USD.KRAKEN,KRAKEN-1-396,BTC/USD.KRAKEN-KrakenBTCUSDResearchStrategy-000,KRAKEN-001,T-fad3c735f524c25a-124069,MARKET,SELL,0.02078668,GTC,False,False,0.02078668,TAKER,87489.26000000001,0.0,['7.27 USD'],NO_TRIGGER,FILLED,NO_CONTINGENCY,,,,,,,,b4573c80-3706-461a-815c-c66c4ec1b08a,2025-04-21 16:45:00+00:00,2025-04-21 16:45:00+00:00
O-20250422-011000-BACKTEST-000-397,KRAKEN-BACKTEST,KrakenBTCUSDResearchStrategy-000,BTC/USD.KRAKEN,KRAKEN-1-397,BTC/USD.KRAKEN-KrakenBTCUSDResearchStrategy-000,KRAKEN-001,T-c26e124e165be23a-124462,MARKET,BUY,0.02069954,GTC,False,False,0.02069954,TAKER,87775.69,0.0,['7.27 USD'],NO_TRIGGER,FILLED,NO_CONTINGENCY,,,,,,,,f7456d51-6f06-46e8-a876-b06eea87c160,2025-04-22 01:10:00+00:00,2025-04-22 01:10:00+00:00
O-20250423-100500-BACKTEST-000-398,KRAKEN-BACKTEST,KrakenBTCUSDResearchStrategy-000,BTC/USD.KRAKEN,KRAKEN-1-398,BTC/USD.KRAKEN-KrakenBTCUSDResearchStrategy-000,KRAKEN-001,T-3aae02384df598ee-125998,MARKET,SELL,0.02069954,GTC,False,False,0.02069954,TAKER,93521.73000000001,0.0,['7.74 USD'],NO_TRIGGER,FILLED,NO_CONTINGENCY,,,,,,,,e6079a11-746b-4b5e-ae35-a2a262004b19,2025-04-23 10:05:00+00:00,2025-04-23 10:05:00+00:00
O-20250424-133000-BACKTEST-000-399,KRAKEN-BACKTEST,KrakenBTCUSDResearchStrategy-000,BTC/USD.KRAKEN,KRAKEN-1-399,BTC/USD.KRAKEN-KrakenBTCUSDResearchStrategy-000,KRAKEN-001,T-64d1da088c78bfe0-127278,MARKET,BUY,0.01988787,GTC,False,False,0.01988787,TAKER,92925.78,0.0,['7.39 USD'],NO_TRIGGER,FILLED,NO_CONTINGENCY,,,,,,,,376aa04d-e656-4397-9d31-8f85ac09fe25,2025-04-24 13:30:00+00:00,2025-04-24 13:30:00+00:00
O-20250424-134500-BACKTEST-000-400,KRAKEN-BACKTEST,KrakenBTCUSDResearchStrategy-000,BTC/USD.KRAKEN,KRAKEN-1-400,BTC/USD.KRAKEN-KrakenBTCUSDResearchStrategy-000,KRAKEN-001,T-665a20ac21609d96-127290,MARKET,SELL,0.01988787,GTC,False,False,0.01988787,TAKER,92636.49,0.0,['7.37 USD'],NO_TRIGGER,FILLED,NO_CONTINGENCY,,,,,,,,b89cf5e5-f128-4509-aa7f-64fd6b5af245,2025-04-24 13:45:00+00:00,2025-04-24 13:45:00+00:00
O-20250424-161000-BACKTEST-000-401,KRAKEN-BACKTEST,KrakenBTCUSDResearchStrategy-000,BTC/USD.KRAKEN,KRAKEN-1-401,BTC/USD.KRAKEN-KrakenBTCUSDResearchStrategy-000,KRAKEN-001,T-1c31c30c45695312-127405,MARKET,BUY,0.01970822,GTC,False,False,0.01970822,TAKER,93460.48,0.0,['7.37 USD'],NO_TRIGGER,FILLED,NO_CONTINGENCY,,,,,,,,ec637ee1-b799-4f99-bb41-93dead9e49e7,2025-04-24 16:10:00+00:00,2025-04-24 16:10:00+00:00
O-20250424-170500-BACKTEST-000-402,KRAKEN-BACKTEST,KrakenBTCUSDResearchStrategy-000,BTC/USD.KRAKEN,KRAKEN-1-402,BTC/USD.KRAKEN-KrakenBTCUSDResearchStrategy-000,KRAKEN-001,T-fdb30d1444247ec0-127449,MARKET,SELL,0.01970822,GTC,False,False,0.01970822,TAKER,93151.65000000001,0.0,['7.34 USD'],NO_TRIGGER,FILLED,NO_CONTINGENCY,,,,,,,,4665b8c3-4e34-4c38-864a-94d8ac161df7,2025-04-24 17:05:00+00:00,2025-04-24 17:05:00+00:00
O-20250424-195000-BACKTEST-000-403,KRAKEN-BACKTEST,KrakenBTCUSDResearchStrategy-000,BTC/USD.KRAKEN,KRAKEN-1-403,BTC/USD.KRAKEN-KrakenBTCUSDResearchStrategy-000,KRAKEN-001,T-102b835cb0536ff6-127581,MARKET,BUY,0.01960762,GTC,False,False,0.01960762,TAKER,93621.72,0.0,['7.34 USD'],NO_TRIGGER,FILLED,NO_CONTINGENCY,,,,,,,,daebe504-8daf-41cb-ae29-2d9f98bf1e82,2025-04-24 19:50:00+00:00,2025-04-24 19:50:00+00:00
O-20250424-201500-BACKTEST-000-404,KRAKEN-BACKTEST,KrakenBTCUSDResearchStrategy-000,BTC/USD.KRAKEN,KRAKEN-1-404,BTC/USD.KRAKEN-KrakenBTCUSDResearchStrategy-000,KRAKEN-001,T-b6dafb50f23a570b-127600,MARKET,SELL,0.01960762,GTC,False,False,0.01960762,TAKER,93383.17,0.0,['7.32 USD'],NO_TRIGGER,FILLED,NO_CONTINGENCY,,,,,,,,36acc581-6415-4cb9-b2d2-e5663b372c97,2025-04-24 20:15:00+00:00,2025-04-24 20:15:00+00:00
O-20250424-232500-BACKTEST-000-405,KRAKEN-BACKTEST,KrakenBTCUSDResearchStrategy-000,BTC/USD.KRAKEN,KRAKEN-1-405,BTC/USD.KRAKEN-KrakenBTCUSDResearchStrategy-000,KRAKEN-001,T-7be24355029ede47-127746,MARKET,BUY,0.01953282,GTC,False,False,0.01953282,TAKER,93683.23999999999,0.0,['7.32 USD'],NO_TRIGGER,FILLED,NO_CONTINGENCY,,,,,,,,5a9803ba-b106-4971-9136-edbf6d0e2e1a,2025-04-24 23:25:00+00:00,2025-04-24 23:25:00+00:00
O-20250425-021500-BACKTEST-000-406,KRAKEN-BACKTEST,KrakenBTCUSDResearchStrategy-000,BTC/USD.KRAKEN,KRAKEN-1-406,BTC/USD.KRAKEN-KrakenBTCUSDResearchStrategy-000,KRAKEN-001,T-3cad64a698885179-127880,MARKET,SELL,0.01953282,GTC,False,False,0.01953282,TAKER,93446.53,0.0,['7.30 USD'],NO_TRIGGER,FILLED,NO_CONTINGENCY,,,,,,,,e1d5e349-50a9-499a-a790-d5fe10cf2071,2025-04-25 02:15:00+00:00,2025-04-25 02:15:00+00:00
O-20250425-070000-BACKTEST-000-407,KRAKEN-BACKTEST,KrakenBTCUSDResearchStrategy-000,BTC/USD.KRAKEN,KRAKEN-1-407,BTC/USD.KRAKEN-KrakenBTCUSDResearchStrategy-000,KRAKEN-001,T-850922cbbe31cf61-128102,MARKET,BUY,0.01948219,GTC,False,False,0.01948219,TAKER,93630.26999999999,0.0,['7.30 USD'],NO_TRIGGER,FILLED,NO_CONTINGENCY,,,,,,,,6fed342e-ba7b-4140-b2a2-ff096ce038f8,2025-04-25 07:00:00+00:00,2025-04-25 07:00:00+00:00
O-20250425-174500-BACKTEST-000-408,KRAKEN-BACKTEST,KrakenBTCUSDResearchStrategy-000,BTC/USD.KRAKEN,KRAKEN-1-408,BTC/USD.KRAKEN-KrakenBTCUSDResearchStrategy-000,KRAKEN-001,T-5881d4b437ec5382-128607,MARKET,SELL,0.01948219,GTC,False,False,0.01948219,TAKER,94571.98000000001,0.0,['7.37 USD'],NO_TRIGGER,FILLED,NO_CONTINGENCY,,,,,,,,d33e3c07-d85f-4b6c-aac8-699487b9da6f,2025-04-25 17:45:00+00:00,2025-04-25 17:45:00+00:00
O-20250426-012000-BACKTEST-000-409,KRAKEN-BACKTEST,KrakenBTCUSDResearchStrategy-000,BTC/USD.KRAKEN,KRAKEN-1-409,BTC/USD.KRAKEN-KrakenBTCUSDResearchStrategy-000,KRAKEN-001,T-724bbb8f2fc48249-128959,MARKET,BUY,0.01920064,GTC,False,False,0.01920064,TAKER,95060.72,0.0,['7.30 USD'],NO_TRIGGER,FILLED,NO_CONTINGENCY,,,,,,,,a873d4c1-3de3-499a-b6a0-7224afd113ea,2025-04-26 01:20:00+00:00,2025-04-26 01:20:00+00:00
O-20250426-021000-BACKTEST-000-410,KRAKEN-BACKTEST,KrakenBTCUSDResearchStrategy-000,BTC/USD.KRAKEN,KRAKEN-1-410,BTC/USD.KRAKEN-KrakenBTCUSDResearchStrategy-000,KRAKEN-001,T-1099da0bbc1b6b18-128999,MARKET,SELL,0.01920064,GTC,False,False,0.01920064,TAKER,94772.64,0.0,['7.28 USD'],NO_TRIGGER,FILLED,NO_CONTINGENCY,,,,,,,,798e0744-f937-4da4-aecb-14a2c65e721b,2025-04-26 02:10:00+00:00,2025-04-26 02:10:00+00:00
O-20250426-220000-BACKTEST-000-411,KRAKEN-BACKTEST,KrakenBTCUSDResearchStrategy-000,BTC/USD.KRAKEN,KRAKEN-1-411,BTC/USD.KRAKEN-KrakenBTCUSDResearchStrategy-000,KRAKEN-001,T-a507d1217f5ddfff-129886,MARKET,BUY,0.01926132,GTC,False,False,0.01926132,TAKER,94448.01,0.0,['7.28 USD'],NO_TRIGGER,FILLED,NO_CONTINGENCY,,,,,,,,226fc1ad-9692-4cfb-a3b5-db1863ee8b08,2025-04-26 22:00:00+00:00,2025-04-26 22:00:00+00:00
O-20250427-013000-BACKTEST-000-412,KRAKEN-BACKTEST,KrakenBTCUSDResearchStrategy-000,BTC/USD.KRAKEN,KRAKEN-1-412,BTC/USD.KRAKEN-KrakenBTCUSDResearchStrategy-000,KRAKEN-001,T-939f23d68399b48d-130048,MARKET,SELL,0.01926132,GTC,False,False,0.01926132,TAKER,94271.49,0.0,['7.26 USD'],NO_TRIGGER,FILLED,NO_CONTINGENCY,,,,,,,,93c68769-493d-4ee5-ba7f-87a7b2795dd0,2025-04-27 01:30:00+00:00,2025-04-27 01:30:00+00:00
O-20250427-183000-BACKTEST-000-413,KRAKEN-BACKTEST,KrakenBTCUSDResearchStrategy-000,BTC/USD.KRAKEN,KRAKEN-1-413,BTC/USD.KRAKEN-KrakenBTCUSDResearchStrategy-000,KRAKEN-001,T-c00bc7aa97118572-130819,MARKET,BUY,0.01924814,GTC,False,False,0.01924814,TAKER,94233.08,0.0,['7.26 USD'],NO_TRIGGER,FILLED,NO_CONTINGENCY,,,,,,,,f34fb558-e82e-468a-af3c-65719ad4a47c,2025-04-27 18:30:00+00:00,2025-04-27 18:30:00+00:00
O-20250427-220000-BACKTEST-000-414,KRAKEN-BACKTEST,KrakenBTCUSDResearchStrategy-000,BTC/USD.KRAKEN,KRAKEN-1-414,BTC/USD.KRAKEN-KrakenBTCUSDResearchStrategy-000,KRAKEN-001,T-de7585f920aa8069-130976,MARKET,SELL,0.01924814,GTC,False,False,0.01924814,TAKER,94095.23999999999,0.0,['7.24 USD'],NO_TRIGGER,FILLED,NO_CONTINGENCY,,,,,,,,4f863a96-021b-4593-a64b-a5fdd5e53837,2025-04-27 22:00:00+00:00,2025-04-27 22:00:00+00:00
O-20250428-041500-BACKTEST-000-415,KRAKEN-BACKTEST,KrakenBTCUSDResearchStrategy-000,BTC/USD.KRAKEN,KRAKEN-1-415,BTC/USD.KRAKEN-KrakenBTCUSDResearchStrategy-000,KRAKEN-001,T-29e05ed0af6cbe21-131271,MARKET,BUY,0.01923681,GTC,False,False,0.01923681,TAKER,94021.11,0.0,['7.23 USD'],NO_TRIGGER,FILLED,NO_CONTINGENCY,,,,,,,,8d7f8253-85fe-4ce6-b44b-014695a42a79,2025-04-28 04:15:00+00:00,2025-04-28 04:15:00+00:00
O-20250428-133000-BACKTEST-000-416,KRAKEN-BACKTEST,KrakenBTCUSDResearchStrategy-000,BTC/USD.KRAKEN,KRAKEN-1-416,BTC/USD.KRAKEN-KrakenBTCUSDResearchStrategy-000,KRAKEN-001,T-e244a18944719045-131706,MARKET,SELL,0.01923681,GTC,False,False,0.01923681,TAKER,94794.0,0.0,['7.29 USD'],NO_TRIGGER,FILLED,NO_CONTINGENCY,,,,,,,,480ccd19-3e22-4203-9d4f-21318e097d69,2025-04-28 13:30:00+00:00,2025-04-28 13:30:00+00:00
O-20250428-193500-BACKTEST-000-417,KRAKEN-BACKTEST,KrakenBTCUSDResearchStrategy-000,BTC/USD.KRAKEN,KRAKEN-1-417,BTC/USD.KRAKEN-KrakenBTCUSDResearchStrategy-000,KRAKEN-001,T-076485ea26df3993-131987,MARKET,BUY,0.01906692,GTC,False,False,0.01906692,TAKER,94864.22,0.0,['7.24 USD'],NO_TRIGGER,FILLED,NO_CONTINGENCY,,,,,,,,095865d6-7e53-4180-bf45-9da0e6e52919,2025-04-28 19:35:00+00:00,2025-04-28 19:35:00+00:00
O-20250428-201000-BACKTEST-000-418,KRAKEN-BACKTEST,KrakenBTCUSDResearchStrategy-000,BTC/USD.KRAKEN,KRAKEN-1-418,BTC/USD.KRAKEN-KrakenBTCUSDResearchStrategy-000,KRAKEN-001,T-a0bd833987298f91-132015,MARKET,SELL,0.01906692,GTC,False,False,0.01906692,TAKER,94565.22,0.0,['7.21 USD'],NO_TRIGGER,FILLED,NO_CONTINGENCY,,,,,,,,78ee6666-99f1-4305-b9f8-9d8f4d53eff8,2025-04-28 20:10:00+00:00,2025-04-28 20:10:00+00:00
O-20250428-230500-BACKTEST-000-419,KRAKEN-BACKTEST,KrakenBTCUSDResearchStrategy-000,BTC/USD.KRAKEN,KRAKEN-1-419,BTC/USD.KRAKEN-KrakenBTCUSDResearchStrategy-000,KRAKEN-001,T-58e7c66d9cc269f2-132148,MARKET,BUY,0.01897803,GTC,False,False,0.01897803,TAKER,94990.0,0.0,['7.21 USD'],NO_TRIGGER,FILLED,NO_CONTINGENCY,,,,,,,,8481d18e-1edc-4327-8086-8a8d75288dda,2025-04-28 23:05:00+00:00,2025-04-28 23:05:00+00:00
O-20250429-020000-BACKTEST-000-420,KRAKEN-BACKTEST,KrakenBTCUSDResearchStrategy-000,BTC/USD.KRAKEN,KRAKEN-1-420,BTC/USD.KRAKEN-KrakenBTCUSDResearchStrategy-000,KRAKEN-001,T-e1e0082bf054f2fd-132287,MARKET,SELL,0.01897803,GTC,False,False,0.01897803,TAKER,94730.88,0.0,['7.19 USD'],NO_TRIGGER,FILLED,NO_CONTINGENCY,,,,,,,,35fcc8d0-8675-4be1-9ed3-fff01a479b58,2025-04-29 02:00:00+00:00,2025-04-29 02:00:00+00:00
O-20250429-072500-BACKTEST-000-421,KRAKEN-BACKTEST,KrakenBTCUSDResearchStrategy-000,BTC/USD.KRAKEN,KRAKEN-1-421,BTC/USD.KRAKEN-KrakenBTCUSDResearchStrategy-000,KRAKEN-001,T-2c454ffafae6e24f-132542,MARKET,BUY,0.01893902,GTC,False,False,0.01893902,TAKER,94879.81,0.0,['7.19 USD'],NO_TRIGGER,FILLED,NO_CONTINGENCY,,,,,,,,fed75024-69bb-4d2e-a2d3-da1ed3637ad5,2025-04-29 07:25:00+00:00,2025-04-29 07:25:00+00:00
O-20250429-104500-BACKTEST-000-422,KRAKEN-BACKTEST,KrakenBTCUSDResearchStrategy-000,BTC/USD.KRAKEN,KRAKEN-1-422,BTC/USD.KRAKEN-KrakenBTCUSDResearchStrategy-000,KRAKEN-001,T-29825d2c80e2025b-132696,MARKET,SELL,0.01893902,GTC,False,False,0.01893902,TAKER,94781.18000000001,0.0,['7.18 USD'],NO_TRIGGER,FILLED,NO_CONTINGENCY,,,,,,,,d329b210-c6e0-4893-8057-4ac7e6403480,2025-04-29 10:45:00+00:00,2025-04-29 10:45:00+00:00
O-20250429-163000-BACKTEST-000-423,KRAKEN-BACKTEST,KrakenBTCUSDResearchStrategy-000,BTC/USD.KRAKEN,KRAKEN-1-423,BTC/USD.KRAKEN-KrakenBTCUSDResearchStrategy-000,KRAKEN-001,T-38546946e1662e80-132968,MARKET,BUY,0.01879139,GTC,False,False,0.01879139,TAKER,95365.95999999999,0.0,['7.17 USD'],NO_TRIGGER,FILLED,NO_CONTINGENCY,,,,,,,,aeebef0e-60e3-49c4-a3b8-63884d0dbc06,2025-04-29 16:30:00+00:00,2025-04-29 16:30:00+00:00
O-20250429-165500-BACKTEST-000-424,KRAKEN-BACKTEST,KrakenBTCUSDResearchStrategy-000,BTC/USD.KRAKEN,KRAKEN-1-424,BTC/USD.KRAKEN-KrakenBTCUSDResearchStrategy-000,KRAKEN-001,T-083831b2c6bcb358-132988,MARKET,SELL,0.01879139,GTC,False,False,0.01879139,TAKER,94954.73999999999,0.0,['7.14 USD'],NO_TRIGGER,FILLED,NO_CONTINGENCY,,,,,,,,013a1363-6145-405d-be16-43d0d6eff675,2025-04-29 16:55:00+00:00,2025-04-29 16:55:00+00:00
O-20250430-034500-BACKTEST-000-425,KRAKEN-BACKTEST,KrakenBTCUSDResearchStrategy-000,BTC/USD.KRAKEN,KRAKEN-1-425,BTC/USD.KRAKEN-KrakenBTCUSDResearchStrategy-000,KRAKEN-001,T-9609205ccae10a72-133489,MARKET,BUY,0.01879949,GTC,False,False,0.01879949,TAKER,94973.12,0.0,['7.14 USD'],NO_TRIGGER,FILLED,NO_CONTINGENCY,,,,,,,,2b58dd76-834a-43e2-b949-821c89ba6314,2025-04-30 03:45:00+00:00,2025-04-30 03:45:00+00:00
O-20250430-063500-BACKTEST-000-426,KRAKEN-BACKTEST,KrakenBTCUSDResearchStrategy-000,BTC/USD.KRAKEN,KRAKEN-1-426,BTC/USD.KRAKEN-KrakenBTCUSDResearchStrategy-000,KRAKEN-001,T-2e2d249611ca74ec-133619,MARKET,SELL,0.01879949,GTC,False,False,0.01879949,TAKER,94809.53,0.0,['7.13 USD'],NO_TRIGGER,FILLED,NO_CONTINGENCY,,,,,,,,96def488-77ea-43e9-9e97-959fc6173b8a,2025-04-30 06:35:00+00:00,2025-04-30 06:35:00+00:00
O-20250430-112500-BACKTEST-000-427,KRAKEN-BACKTEST,KrakenBTCUSDResearchStrategy-000,BTC/USD.KRAKEN,KRAKEN-1-427,BTC/USD.KRAKEN-KrakenBTCUSDResearchStrategy-000,KRAKEN-001,T-8cc47587eea1d84e-133846,MARKET,BUY,0.01871688,GTC,False,False,0.01871688,TAKER,95114.22,0.0,['7.12 USD'],NO_TRIGGER,FILLED,NO_CONTINGENCY,,,,,,,,07fdb9c6-d81b-474c-bffa-6db9cf51de87,2025-04-30 11:25:00+00:00,2025-04-30 11:25:00+00:00
O-20250430-122500-BACKTEST-000-428,KRAKEN-BACKTEST,KrakenBTCUSDResearchStrategy-000,BTC/USD.KRAKEN,KRAKEN-1-428,BTC/USD.KRAKEN-KrakenBTCUSDResearchStrategy-000,KRAKEN-001,T-8e338f831bb1fa9e-133895,MARKET,SELL,0.01871688,GTC,False,False,0.01871688,TAKER,94928.64,0.0,['7.11 USD'],NO_TRIGGER,FILLED,NO_CONTINGENCY,,,,,,,,fbb7f842-e2a0-4c5f-9848-873720a55600,2025-04-30 12:25:00+00:00,2025-04-30 12:25:00+00:00
O-20250430-202500-BACKTEST-000-429,KRAKEN-BACKTEST,KrakenBTCUSDResearchStrategy-000,BTC/USD.KRAKEN,KRAKEN-1-429,BTC/USD.KRAKEN-KrakenBTCUSDResearchStrategy-000,KRAKEN-001,T-1eb4eee9ab6bf2ef-134270,MARKET,BUY,0.01874123,GTC,False,False,0.01874123,TAKER,94707.33,0.0,['7.10 USD'],NO_TRIGGER,FILLED,NO_CONTINGENCY,,,,,,,,b811933a-8846-42da-8f35-904485ea3326,2025-04-30 20:25:00+00:00,2025-04-30 20:25:00+00:00
O-20250430-215000-BACKTEST-000-430,KRAKEN-BACKTEST,KrakenBTCUSDResearchStrategy-000,BTC/USD.KRAKEN,KRAKEN-1-430,BTC/USD.KRAKEN-KrakenBTCUSDResearchStrategy-000,KRAKEN-001,T-ce4ab5ef963556b5-134337,MARKET,SELL,0.01874123,GTC,False,False,0.01874123,TAKER,94421.35,0.0,['7.08 USD'],NO_TRIGGER,FILLED,NO_CONTINGENCY,,,,,,,,d0b97217-3602-4cb9-8238-d8934b7c0d22,2025-04-30 21:50:00+00:00,2025-04-30 21:50:00+00:00
O-20250501-020500-BACKTEST-000-431,KRAKEN-BACKTEST,KrakenBTCUSDResearchStrategy-000,BTC/USD.KRAKEN,KRAKEN-1-431,BTC/USD.KRAKEN-KrakenBTCUSDResearchStrategy-000,KRAKEN-001,T-1c50e19897790aa8-134536,MARKET,BUY,0.01866846,GTC,False,False,0.01866846,TAKER,94762.5,0.0,['7.08 USD'],NO_TRIGGER,FILLED,NO_CONTINGENCY,,,,,,,,6218f5e6-e74c-4c4e-a3e5-95f11b05faf0,2025-05-01 02:05:00+00:00,2025-05-01 02:05:00+00:00
O-20250501-191000-BACKTEST-000-432,KRAKEN-BACKTEST,KrakenBTCUSDResearchStrategy-000,BTC/USD.KRAKEN,KRAKEN-1-432,BTC/USD.KRAKEN-KrakenBTCUSDResearchStrategy-000,KRAKEN-001,T-cb44ed41d778cc5a-135329,MARKET,SELL,0.01866846,GTC,False,False,0.01866846,TAKER,96495.49,0.0,['7.21 USD'],NO_TRIGGER,FILLED,NO_CONTINGENCY,,,,,,,,daf82cf6-742b-45b8-a7d8-302c4b0d72bd,2025-05-01 19:10:00+00:00,2025-05-01 19:10:00+00:00
O-20250502-010000-BACKTEST-000-433,KRAKEN-BACKTEST,KrakenBTCUSDResearchStrategy-000,BTC/USD.KRAKEN,KRAKEN-1-433,BTC/USD.KRAKEN-KrakenBTCUSDResearchStrategy-000,KRAKEN-001,T-464bb54a43f85ed6-135597,MARKET,BUY,0.01827610,GTC,False,False,0.01827610,TAKER,97093.31,0.0,['7.10 USD'],NO_TRIGGER,FILLED,NO_CONTINGENCY,,,,,,,,b51e797e-c368-40ff-89a4-0f3d8efd7169,2025-05-02 01:00:00+00:00,2025-05-02 01:00:00+00:00
O-20250502-014000-BACKTEST-000-434,KRAKEN-BACKTEST,KrakenBTCUSDResearchStrategy-000,BTC/USD.KRAKEN,KRAKEN-1-434,BTC/USD.KRAKEN-KrakenBTCUSDResearchStrategy-000,KRAKEN-001,T-41cf03cb67398515-135628,MARKET,SELL,0.01827610,GTC,False,False,0.01827610,TAKER,96833.34,0.0,['7.08 USD'],NO_TRIGGER,FILLED,NO_CONTINGENCY,,,,,,,,6562cf2f-c1c2-4f4d-a3cf-4fe832f7a9c6,2025-05-02 01:40:00+00:00,2025-05-02 01:40:00+00:00
O-20250502-031000-BACKTEST-000-435,KRAKEN-BACKTEST,KrakenBTCUSDResearchStrategy-000,BTC/USD.KRAKEN,KRAKEN-1-435,BTC/USD.KRAKEN-KrakenBTCUSDResearchStrategy-000,KRAKEN-001,T-0d508a1b7db84cf5-135697,MARKET,BUY,0.01819974,GTC,False,False,0.01819974,TAKER,97188.68,0.0,['7.08 USD'],NO_TRIGGER,FILLED,NO_CONTINGENCY,,,,,,,,f1a1f2e7-2850-4e69-beac-fd1f6dad5ac3,2025-05-02 03:10:00+00:00,2025-05-02 03:10:00+00:00
O-20250502-043500-BACKTEST-000-436,KRAKEN-BACKTEST,KrakenBTCUSDResearchStrategy-000,BTC/USD.KRAKEN,KRAKEN-1-436,BTC/USD.KRAKEN-KrakenBTCUSDResearchStrategy-000,KRAKEN-001,T-aed5fcc647307c75-135761,MARKET,SELL,0.01819974,GTC,False,False,0.01819974,TAKER,96992.06,0.0,['7.06 USD'],NO_TRIGGER,FILLED,NO_CONTINGENCY,,,,,,,,992ef3a5-6007-4a30-8a4e-585211f32aa8,2025-05-02 04:35:00+00:00,2025-05-02 04:35:00+00:00
O-20250502-110000-BACKTEST-000-437,KRAKEN-BACKTEST,KrakenBTCUSDResearchStrategy-000,BTC/USD.KRAKEN,KRAKEN-1-437,BTC/USD.KRAKEN-KrakenBTCUSDResearchStrategy-000,KRAKEN-001,T-f04b4ec9ae9cb4d0-136052,MARKET,BUY,0.01818160,GTC,False,False,0.01818160,TAKER,96993.23,0.0,['7.05 USD'],NO_TRIGGER,FILLED,NO_CONTINGENCY,,,,,,,,c8b6933b-bd9a-4e76-b6d0-5202b6ecc22d,2025-05-02 11:00:00+00:00,2025-05-02 11:00:00+00:00
O-20250502-121000-BACKTEST-000-438,KRAKEN-BACKTEST,KrakenBTCUSDResearchStrategy-000,BTC/USD.KRAKEN,KRAKEN-1-438,BTC/USD.KRAKEN-KrakenBTCUSDResearchStrategy-000,KRAKEN-001,T-adf52d6fcdbbc474-136107,MARKET,SELL,0.01818160,GTC,False,False,0.01818160,TAKER,96792.46,0.0,['7.04 USD'],NO_TRIGGER,FILLED,NO_CONTINGENCY,,,,,,,,29c5fdec-ec68-48d6-a03c-e36ef76dc509,2025-05-02 12:10:00+00:00,2025-05-02 12:10:00+00:00
O-20250502-143500-BACKTEST-000-439,KRAKEN-BACKTEST,KrakenBTCUSDResearchStrategy-000,BTC/USD.KRAKEN,KRAKEN-1-439,BTC/USD.KRAKEN-KrakenBTCUSDResearchStrategy-000,KRAKEN-001,T-124f257a20dfb2e3-136224,MARKET,BUY,0.01801330,GTC,False,False,0.01801330,TAKER,97604.0,0.0,['7.03 USD'],NO_TRIGGER,FILLED,NO_CONTINGENCY,,,,,,,,c75981cd-d07f-4dd3-8d94-8524b0f118ad,2025-05-02 14:35:00+00:00,2025-05-02 14:35:00+00:00
O-20250502-152500-BACKTEST-000-440,KRAKEN-BACKTEST,KrakenBTCUSDResearchStrategy-000,BTC/USD.KRAKEN,KRAKEN-1-440,BTC/USD.KRAKEN-KrakenBTCUSDResearchStrategy-000,KRAKEN-001,T-f2c1ddafb4c7ff07-136265,MARKET,SELL,0.01801330,GTC,False,False,0.01801330,TAKER,97159.29,0.0,['7.00 USD'],NO_TRIGGER,FILLED,NO_CONTINGENCY,,,,,,,,e68f2e6a-c471-46c9-9ea4-b8ef1838bb79,2025-05-02 15:25:00+00:00,2025-05-02 15:25:00+00:00
O-20250503-150000-BACKTEST-000-441,KRAKEN-BACKTEST,KrakenBTCUSDResearchStrategy-000,BTC/USD.KRAKEN,KRAKEN-1-441,BTC/USD.KRAKEN-KrakenBTCUSDResearchStrategy-000,KRAKEN-001,T-fcc1b41fc2345c0e-137335,MARKET,BUY,0.01815341,GTC,False,False,0.01815341,TAKER,96486.49,0.0,['7.01 USD'],NO_TRIGGER,FILLED,NO_CONTINGENCY,,,,,,,,86e1d086-ae85-458f-ab2c-c03d6c246a7d,2025-05-03 15:00:00+00:00,2025-05-03 15:00:00+00:00
O-20250503-155000-BACKTEST-000-442,KRAKEN-BACKTEST,KrakenBTCUSDResearchStrategy-000,BTC/USD.KRAKEN,KRAKEN-1-442,BTC/USD.KRAKEN-KrakenBTCUSDResearchStrategy-000,KRAKEN-001,T-9cb28aa31e9f9e31-137369,MARKET,SELL,0.01815341,GTC,False,False,0.01815341,TAKER,96325.65000000001,0.0,['6.99 USD'],NO_TRIGGER,FILLED,NO_CONTINGENCY,,,,,,,,9a3cdab2-9e1a-4dc6-b6cd-68ae2d13a90a,2025-05-03 15:50:00+00:00,2025-05-03 15:50:00+00:00
O-20250503-212500-BACKTEST-000-443,KRAKEN-BACKTEST,KrakenBTCUSDResearchStrategy-000,BTC/USD.KRAKEN,KRAKEN-1-443,BTC/USD.KRAKEN-KrakenBTCUSDResearchStrategy-000,KRAKEN-001,T-152133030cf9ebe9-137617,MARKET,BUY,0.01811522,GTC,False,False,0.01811522,TAKER,96409.66,0.0,['6.99 USD'],NO_TRIGGER,FILLED,NO_CONTINGENCY,,,,,,,,09c6d72b-dac1-462c-9ba1-25db040f6c41,2025-05-03 21:25:00+00:00,2025-05-03 21:25:00+00:00
O-20250503-213500-BACKTEST-000-444,KRAKEN-BACKTEST,KrakenBTCUSDResearchStrategy-000,BTC/USD.KRAKEN,KRAKEN-1-444,BTC/USD.KRAKEN-KrakenBTCUSDResearchStrategy-000,KRAKEN-001,T-dd8d7c490fef91b4-137625,MARKET,SELL,0.01811522,GTC,False,False,0.01811522,TAKER,96280.72,0.0,['6.98 USD'],NO_TRIGGER,FILLED,NO_CONTINGENCY,,,,,,,,87974829-f5f4-4138-8ba2-34e0f452bfdf,2025-05-03 21:35:00+00:00,2025-05-03 21:35:00+00:00
O-20250504-200000-BACKTEST-000-445,KRAKEN-BACKTEST,KrakenBTCUSDResearchStrategy-000,BTC/USD.KRAKEN,KRAKEN-1-445,BTC/USD.KRAKEN-KrakenBTCUSDResearchStrategy-000,KRAKEN-001,T-a35bd9a1e0833e4a-138643,MARKET,BUY,0.01820657,GTC,False,False,0.01820657,TAKER,95657.36,0.0,['6.97 USD'],NO_TRIGGER,FILLED,NO_CONTINGENCY,,,,,,,,8cf1f611-b29f-44af-9560-94162cf60757,2025-05-04 20:00:00+00:00,2025-05-04 20:00:00+00:00
O-20250504-220000-BACKTEST-000-446,KRAKEN-BACKTEST,KrakenBTCUSDResearchStrategy-000,BTC/USD.KRAKEN,KRAKEN-1-446,BTC/USD.KRAKEN-KrakenBTCUSDResearchStrategy-000,KRAKEN-001,T-9df87da74c91cfeb-138733,MARKET,SELL,0.01820657,GTC,False,False,0.01820657,TAKER,95172.28000000001,0.0,['6.93 USD'],NO_TRIGGER,FILLED,NO_CONTINGENCY,,,,,,,,df646584-3501-4584-9f7b-c13e7210ecbb,2025-05-04 22:00:00+00:00,2025-05-04 22:00:00+00:00
O-20250505-173500-BACKTEST-000-447,KRAKEN-BACKTEST,KrakenBTCUSDResearchStrategy-000,BTC/USD.KRAKEN,KRAKEN-1-447,BTC/USD.KRAKEN-KrakenBTCUSDResearchStrategy-000,KRAKEN-001,T-3a4e8e0bfa70cdb1-139645,MARKET,BUY,0.01834264,GTC,False,False,0.01834264,TAKER,94576.0,0.0,['6.94 USD'],NO_TRIGGER,FILLED,NO_CONTINGENCY,,,,,,,,1292d6f2-a25e-4f42-851d-f13536070146,2025-05-05 17:35:00+00:00,2025-05-05 17:35:00+00:00
O-20250505-195500-BACKTEST-000-448,KRAKEN-BACKTEST,KrakenBTCUSDResearchStrategy-000,BTC/USD.KRAKEN,KRAKEN-1-448,BTC/USD.KRAKEN-KrakenBTCUSDResearchStrategy-000,KRAKEN-001,T-3a5a40a0c62ddd19-139753,MARKET,SELL,0.01834264,GTC,False,False,0.01834264,TAKER,94347.17,0.0,['6.92 USD'],NO_TRIGGER,FILLED,NO_CONTINGENCY,,,,,,,,583e1a73-4b03-449e-ba46-07412dfa4e71,2025-05-05 19:55:00+00:00,2025-05-05 19:55:00+00:00
O-20250505-221500-BACKTEST-000-449,KRAKEN-BACKTEST,KrakenBTCUSDResearchStrategy-000,BTC/USD.KRAKEN,KRAKEN-1-449,BTC/USD.KRAKEN-KrakenBTCUSDResearchStrategy-000,KRAKEN-001,T-252c36f6a01b7cbb-139859,MARKET,BUY,0.01821032,GTC,False,False,0.01821032,TAKER,94965.84,0.0,['6.92 USD'],NO_TRIGGER,FILLED,NO_CONTINGENCY,,,,,,,,2a37cfde-041a-49c2-b0af-8ae6bc639bb7,2025-05-05 22:15:00+00:00,2025-05-05 22:15:00+00:00
O-20250505-235000-BACKTEST-000-450,KRAKEN-BACKTEST,KrakenBTCUSDResearchStrategy-000,BTC/USD.KRAKEN,KRAKEN-1-450,BTC/USD.KRAKEN-KrakenBTCUSDResearchStrategy-000,KRAKEN-001,T-5efa2e8115238aed-139928,MARKET,SELL,0.01821032,GTC,False,False,0.01821032,TAKER,94732.44,0.0,['6.90 USD'],NO_TRIGGER,FILLED,NO_CONTINGENCY,,,,,,,,fe391dc1-b54c-47a0-bd32-cd609875d6ab,2025-05-05 23:50:00+00:00,2025-05-05 23:50:00+00:00
O-20250506-153500-BACKTEST-000-451,KRAKEN-BACKTEST,KrakenBTCUSDResearchStrategy-000,BTC/USD.KRAKEN,KRAKEN-1-451,BTC/USD.KRAKEN-KrakenBTCUSDResearchStrategy-000,KRAKEN-001,T-c8e0f207e44510d3-140654,MARKET,BUY,0.01820082,GTC,False,False,0.01820082,TAKER,94717.54999999999,0.0,['6.90 USD'],NO_TRIGGER,FILLED,NO_CONTINGENCY,,,,,,,,49df94e5-40a2-4de0-bc41-928a87be3418,2025-05-06 15:35:00+00:00,2025-05-06 15:35:00+00:00
O-20250506-160500-BACKTEST-000-452,KRAKEN-BACKTEST,KrakenBTCUSDResearchStrategy-000,BTC/USD.KRAKEN,KRAKEN-1-452,BTC/USD.KRAKEN-KrakenBTCUSDResearchStrategy-000,KRAKEN-001,T-8e59cb19759a09e9-140678,MARKET,SELL,0.01820082,GTC,False,False,0.01820082,TAKER,94388.03,0.0,['6.87 USD'],NO_TRIGGER,FILLED,NO_CONTINGENCY,,,,,,,,05462bd0-f143-45a6-970b-4b47fb064533,2025-05-06 16:05:00+00:00,2025-05-06 16:05:00+00:00
O-20250506-182500-BACKTEST-000-453,KRAKEN-BACKTEST,KrakenBTCUSDResearchStrategy-000,BTC/USD.KRAKEN,KRAKEN-1-453,BTC/USD.KRAKEN-KrakenBTCUSDResearchStrategy-000,KRAKEN-001,T-64cfe34079117369-140790,MARKET,BUY,0.01809981,GTC,False,False,0.01809981,TAKER,94918.5,0.0,['6.87 USD'],NO_TRIGGER,FILLED,NO_CONTINGENCY,,,,,,,,019189f9-51b8-4809-b042-bd1e83f9e6aa,2025-05-06 18:25:00+00:00,2025-05-06 18:25:00+00:00
O-20250506-203000-BACKTEST-000-454,KRAKEN-BACKTEST,KrakenBTCUSDResearchStrategy-000,BTC/USD.KRAKEN,KRAKEN-1-454,BTC/USD.KRAKEN-KrakenBTCUSDResearchStrategy-000,KRAKEN-001,T-7b9cb8a3c15010d9-140883,MARKET,SELL,0.01809981,GTC,False,False,0.01809981,TAKER,94721.42,0.0,['6.86 USD'],NO_TRIGGER,FILLED,NO_CONTINGENCY,,,,,,,,94c646c8-1f4a-4515-a184-72e71b0df09f,2025-05-06 20:30:00+00:00,2025-05-06 20:30:00+00:00
O-20250506-220000-BACKTEST-000-455,KRAKEN-BACKTEST,KrakenBTCUSDResearchStrategy-000,BTC/USD.KRAKEN,KRAKEN-1-455,BTC/USD.KRAKEN-KrakenBTCUSDResearchStrategy-000,KRAKEN-001,T-f2764ebc1c4473b1-140955,MARKET,BUY,0.01798044,GTC,False,False,0.01798044,TAKER,95260.01,0.0,['6.85 USD'],NO_TRIGGER,FILLED,NO_CONTINGENCY,,,,,,,,6aa47c63-95dc-4033-8c5e-cbbf6ee13906,2025-05-06 22:00:00+00:00,2025-05-06 22:00:00+00:00
O-20250507-053500-BACKTEST-000-456,KRAKEN-BACKTEST,KrakenBTCUSDResearchStrategy-000,BTC/USD.KRAKEN,KRAKEN-1-456,BTC/USD.KRAKEN-KrakenBTCUSDResearchStrategy-000,KRAKEN-001,T-bfeddc91019b3f93-141312,MARKET,SELL,0.01798044,GTC,False,False,0.01798044,TAKER,96334.98999999999,0.0,['6.93 USD'],NO_TRIGGER,FILLED,NO_CONTINGENCY,,,,,,,,d91c0caa-d927-42f8-bfd5-daf1b66a086c,2025-05-07 05:35:00+00:00,2025-05-07 05:35:00+00:00
O-20250507-072500-BACKTEST-000-457,KRAKEN-BACKTEST,KrakenBTCUSDResearchStrategy-000,BTC/USD.KRAKEN,KRAKEN-1-457,BTC/USD.KRAKEN-KrakenBTCUSDResearchStrategy-000,KRAKEN-001,T-553a193ba6715031-141400,MARKET,BUY,0.01771377,GTC,False,False,0.01771377,TAKER,96788.05,0.0,['6.86 USD'],NO_TRIGGER,FILLED,NO_CONTINGENCY,,,,,,,,77fcd5d8-b87c-4b31-9344-42abd4aa89e1,2025-05-07 07:25:00+00:00,2025-05-07 07:25:00+00:00
O-20250507-131500-BACKTEST-000-458,KRAKEN-BACKTEST,KrakenBTCUSDResearchStrategy-000,BTC/USD.KRAKEN,KRAKEN-1-458,BTC/USD.KRAKEN-KrakenBTCUSDResearchStrategy-000,KRAKEN-001,T-365b0a0503d1506d-141665,MARKET,SELL,0.01771377,GTC,False,False,0.01771377,TAKER,96783.3,0.0,['6.86 USD'],NO_TRIGGER,FILLED,NO_CONTINGENCY,,,,,,,,0b99cd9e-3771-4534-8f56-c91e0aa47dca,2025-05-07 13:15:00+00:00,2025-05-07 13:15:00+00:00
O-20250507-142500-BACKTEST-000-459,KRAKEN-BACKTEST,KrakenBTCUSDResearchStrategy-000,BTC/USD.KRAKEN,KRAKEN-1-459,BTC/USD.KRAKEN-KrakenBTCUSDResearchStrategy-000,KRAKEN-001,T-f01a5cfadb9628ca-141719,MARKET,BUY,0.01755145,GTC,False,False,0.01755145,TAKER,97447.29,0.0,['6.84 USD'],NO_TRIGGER,FILLED,NO_CONTINGENCY,,,,,,,,9a457f90-83fd-4682-9a8e-e2e0d1ef785b,2025-05-07 14:25:00+00:00,2025-05-07 14:25:00+00:00
O-20250507-145000-BACKTEST-000-460,KRAKEN-BACKTEST,KrakenBTCUSDResearchStrategy-000,BTC/USD.KRAKEN,KRAKEN-1-460,BTC/USD.KRAKEN-KrakenBTCUSDResearchStrategy-000,KRAKEN-001,T-f3b09f66f671adf5-141738,MARKET,SELL,0.01755145,GTC,False,False,0.01755145,TAKER,96879.23999999999,0.0,['6.80 USD'],NO_TRIGGER,FILLED,NO_CONTINGENCY,,,,,,,,341181b2-c084-4877-85f9-862fb735e205,2025-05-07 14:50:00+00:00,2025-05-07 14:50:00+00:00
O-20250507-214500-BACKTEST-000-461,KRAKEN-BACKTEST,KrakenBTCUSDResearchStrategy-000,BTC/USD.KRAKEN,KRAKEN-1-461,BTC/USD.KRAKEN-KrakenBTCUSDResearchStrategy-000,KRAKEN-001,T-0f099f245cfaa783-142059,MARKET,BUY,0.01750410,GTC,False,False,0.01750410,TAKER,97306.28,0.0,['6.81 USD'],NO_TRIGGER,FILLED,NO_CONTINGENCY,,,,,,,,96865e03-90b0-4d9c-ae6b-5daa6e49c805,2025-05-07 21:45:00+00:00,2025-05-07 21:45:00+00:00
O-20250507-233500-BACKTEST-000-462,KRAKEN-BACKTEST,KrakenBTCUSDResearchStrategy-000,BTC/USD.KRAKEN,KRAKEN-1-462,BTC/USD.KRAKEN-KrakenBTCUSDResearchStrategy-000,KRAKEN-001,T-2e41433cc0d3f759-142146,MARKET,SELL,0.01750410,GTC,False,False,0.01750410,TAKER,97089.99,0.0,['6.80 USD'],NO_TRIGGER,FILLED,NO_CONTINGENCY,,,,,,,,ecfe2856-d2dd-46c9-9707-cade5b121a05,2025-05-07 23:35:00+00:00,2025-05-07 23:35:00+00:00
O-20250508-005500-BACKTEST-000-463,KRAKEN-BACKTEST,KrakenBTCUSDResearchStrategy-000,BTC/USD.KRAKEN,KRAKEN-1-463,BTC/USD.KRAKEN-KrakenBTCUSDResearchStrategy-000,KRAKEN-001,T-08343fadeb54125d-142209,MARKET,BUY,0.01736768,GTC,False,False,0.01736768,TAKER,97770.01,0.0,['6.79 USD'],NO_TRIGGER,FILLED,NO_CONTINGENCY,,,,,,,,d1089ba3-fc70-4428-b262-7eefe3dc9b27,2025-05-08 00:55:00+00:00,2025-05-08 00:55:00+00:00
O-20250508-134500-BACKTEST-000-464,KRAKEN-BACKTEST,KrakenBTCUSDResearchStrategy-000,BTC/USD.KRAKEN,KRAKEN-1-464,BTC/USD.KRAKEN-KrakenBTCUSDResearchStrategy-000,KRAKEN-001,T-0f598f0c4cc1a5c9-142808,MARKET,SELL,0.01736768,GTC,False,False,0.01736768,TAKER,99118.86,0.0,['6.89 USD'],NO_TRIGGER,FILLED,NO_CONTINGENCY,,,,,,,,59d2ed29-bc46-4d74-a871-3d836ad69a32,2025-05-08 13:45:00+00:00,2025-05-08 13:45:00+00:00
O-20250508-152000-BACKTEST-000-465,KRAKEN-BACKTEST,KrakenBTCUSDResearchStrategy-000,BTC/USD.KRAKEN,KRAKEN-1-465,BTC/USD.KRAKEN-KrakenBTCUSDResearchStrategy-000,KRAKEN-001,T-af099e4f02b384ac-142884,MARKET,BUY,0.01692993,GTC,False,False,0.01692993,TAKER,100470.59,0.0,['6.80 USD'],NO_TRIGGER,FILLED,NO_CONTINGENCY,,,,,,,,ce1124a0-b82e-475f-a324-0fefa784c4be,2025-05-08 15:20:00+00:00,2025-05-08 15:20:00+00:00
O-20250509-034000-BACKTEST-000-466,KRAKEN-BACKTEST,KrakenBTCUSDResearchStrategy-000,BTC/USD.KRAKEN,KRAKEN-1-466,BTC/USD.KRAKEN-KrakenBTCUSDResearchStrategy-000,KRAKEN-001,T-618cd1a0011ff1cc-143465,MARKET,SELL,0.01692993,GTC,False,False,0.01692993,TAKER,102366.49,0.0,['6.93 USD'],NO_TRIGGER,FILLED,NO_CONTINGENCY,,,,,,,,95810797-ad03-4681-a0d2-ab3c782a492a,2025-05-09 03:40:00+00:00,2025-05-09 03:40:00+00:00
O-20250509-062500-BACKTEST-000-467,KRAKEN-BACKTEST,KrakenBTCUSDResearchStrategy-000,BTC/USD.KRAKEN,KRAKEN-1-467,BTC/USD.KRAKEN-KrakenBTCUSDResearchStrategy-000,KRAKEN-001,T-3a219a00b95ffcec-143593,MARKET,BUY,0.01654657,GTC,False,False,0.01654657,TAKER,103131.45999999999,0.0,['6.83 USD'],NO_TRIGGER,FILLED,NO_CONTINGENCY,,,,,,,,4317f58f-56e8-4de3-9ba6-67eb4cbfb9cd,2025-05-09 06:25:00+00:00,2025-05-09 06:25:00+00:00
O-20250509-084000-BACKTEST-000-468,KRAKEN-BACKTEST,KrakenBTCUSDResearchStrategy-000,BTC/USD.KRAKEN,KRAKEN-1-468,BTC/USD.KRAKEN-KrakenBTCUSDResearchStrategy-000,KRAKEN-001,T-33fe244b52561ba0-143701,MARKET,SELL,0.01654657,GTC,False,False,0.01654657,TAKER,102752.3,0.0,['6.80 USD'],NO_TRIGGER,FILLED,NO_CONTINGENCY,,,,,,,,c0f7b258-2aec-4e73-82eb-3bc64ef9eadc,2025-05-09 08:40:00+00:00,2025-05-09 08:40:00+00:00
O-20250509-134500-BACKTEST-000-469,KRAKEN-BACKTEST,KrakenBTCUSDResearchStrategy-000,BTC/USD.KRAKEN,KRAKEN-1-469,BTC/USD.KRAKEN-KrakenBTCUSDResearchStrategy-000,KRAKEN-001,T-2d06b8f0509dfb74-143944,MARKET,BUY,0.01639670,GTC,False,False,0.01639670,TAKER,103710.0,0.0,['6.80 USD'],NO_TRIGGER,FILLED,NO_CONTINGENCY,,,,,,,,0c5de608-8da5-4fc2-9784-8ff13402b13f,2025-05-09 13:45:00+00:00,2025-05-09 13:45:00+00:00
O-20250509-142000-BACKTEST-000-470,KRAKEN-BACKTEST,KrakenBTCUSDResearchStrategy-000,BTC/USD.KRAKEN,KRAKEN-1-470,BTC/USD.KRAKEN-KrakenBTCUSDResearchStrategy-000,KRAKEN-001,T-63c96bfc45ba1cba-143972,MARKET,SELL,0.01639670,GTC,False,False,0.01639670,TAKER,102998.53,0.0,['6.76 USD'],NO_TRIGGER,FILLED,NO_CONTINGENCY,,,,,,,,b6af5712-adde-4ce9-ba85-e16e3d7ffb98,2025-05-09 14:20:00+00:00,2025-05-09 14:20:00+00:00
O-20250509-200500-BACKTEST-000-471,KRAKEN-BACKTEST,KrakenBTCUSDResearchStrategy-000,BTC/USD.KRAKEN,KRAKEN-1-471,BTC/USD.KRAKEN-KrakenBTCUSDResearchStrategy-000,KRAKEN-001,T-37fea5ab4c7eb03f-144245,MARKET,BUY,0.01637659,GTC,False,False,0.01637659,TAKER,103375.31,0.0,['6.77 USD'],NO_TRIGGER,FILLED,NO_CONTINGENCY,,,,,,,,53517730-8bda-4672-b9da-546cfb5dc531,2025-05-09 20:05:00+00:00,2025-05-09 20:05:00+00:00
O-20250509-205000-BACKTEST-000-472,KRAKEN-BACKTEST,KrakenBTCUSDResearchStrategy-000,BTC/USD.KRAKEN,KRAKEN-1-472,BTC/USD.KRAKEN-KrakenBTCUSDResearchStrategy-000,KRAKEN-001,T-baf8dbf0657a0ce6-144281,MARKET,SELL,0.01637659,GTC,False,False,0.01637659,TAKER,103179.54,0.0,['6.76 USD'],NO_TRIGGER,FILLED,NO_CONTINGENCY,,,,,,,,02610675-176f-4316-a5a1-f53417f6097a,2025-05-09 20:50:00+00:00,2025-05-09 20:50:00+00:00
O-20250510-023500-BACKTEST-000-473,KRAKEN-BACKTEST,KrakenBTCUSDResearchStrategy-000,BTC/USD.KRAKEN,KRAKEN-1-473,BTC/USD.KRAKEN-KrakenBTCUSDResearchStrategy-000,KRAKEN-001,T-895fbb4d7f510826-144545,MARKET,BUY,0.01635575,GTC,False,False,0.01635575,TAKER,103200.0,0.0,['6.75 USD'],NO_TRIGGER,FILLED,NO_CONTINGENCY,,,,,,,,97f0c8f0-d774-42c7-a97c-2f813038760b,2025-05-10 02:35:00+00:00,2025-05-10 02:35:00+00:00
O-20250510-031500-BACKTEST-000-474,KRAKEN-BACKTEST,KrakenBTCUSDResearchStrategy-000,BTC/USD.KRAKEN,KRAKEN-1-474,BTC/USD.KRAKEN-KrakenBTCUSDResearchStrategy-000,KRAKEN-001,T-4a558bd23279efcf-144574,MARKET,SELL,0.01635575,GTC,False,False,0.01635575,TAKER,103033.25,0.0,['6.74 USD'],NO_TRIGGER,FILLED,NO_CONTINGENCY,,,,,,,,d85ad067-ac92-432a-95db-455f143732cd,2025-05-10 03:15:00+00:00,2025-05-10 03:15:00+00:00
O-20250510-055500-BACKTEST-000-475,KRAKEN-BACKTEST,KrakenBTCUSDResearchStrategy-000,BTC/USD.KRAKEN,KRAKEN-1-475,BTC/USD.KRAKEN-KrakenBTCUSDResearchStrategy-000,KRAKEN-001,T-2ab54483a619dbd6-144699,MARKET,BUY,0.01628323,GTC,False,False,0.01628323,TAKER,103361.0,0.0,['6.73 USD'],NO_TRIGGER,FILLED,NO_CONTINGENCY,,,,,,,,47cbf609-07d9-48a1-b95e-0f495210cf20,2025-05-10 05:55:00+00:00,2025-05-10 05:55:00+00:00
O-20250510-090000-BACKTEST-000-476,KRAKEN-BACKTEST,KrakenBTCUSDResearchStrategy-000,BTC/USD.KRAKEN,KRAKEN-1-476,BTC/USD.KRAKEN-KrakenBTCUSDResearchStrategy-000,KRAKEN-001,T-36d09b6fd6c415f3-144845,MARKET,SELL,0.01628323,GTC,False,False,0.01628323,TAKER,103432.51,0.0,['6.74 USD'],NO_TRIGGER,FILLED,NO_CONTINGENCY,,,,,,,,dd32f75d-d808-4291-9559-9450940377e8,2025-05-10 09:00:00+00:00,2025-05-10 09:00:00+00:00
O-20250510-231000-BACKTEST-000-477,KRAKEN-BACKTEST,KrakenBTCUSDResearchStrategy-000,BTC/USD.KRAKEN,KRAKEN-1-477,BTC/USD.KRAKEN-KrakenBTCUSDResearchStrategy-000,KRAKEN-001,T-12e076b70eca25ac-145498,MARKET,BUY,0.01614941,GTC,False,False,0.01614941,TAKER,103988.98999999999,0.0,['6.72 USD'],NO_TRIGGER,FILLED,NO_CONTINGENCY,,,,,,,,a335c454-8bea-4f43-a599-58cbf1a6b8a1,2025-05-10 23:10:00+00:00,2025-05-10 23:10:00+00:00
O-20250511-025000-BACKTEST-000-478,KRAKEN-BACKTEST,KrakenBTCUSDResearchStrategy-000,BTC/USD.KRAKEN,KRAKEN-1-478,BTC/USD.KRAKEN-KrakenBTCUSDResearchStrategy-000,KRAKEN-001,T-765c08f419ee918a-145668,MARKET,SELL,0.01614941,GTC,False,False,0.01614941,TAKER,103576.46,0.0,['6.69 USD'],NO_TRIGGER,FILLED,NO_CONTINGENCY,,,,,,,,e88751a4-d13d-44c6-8dd7-1e52f1fb2254,2025-05-11 02:50:00+00:00,2025-05-11 02:50:00+00:00
O-20250511-094500-BACKTEST-000-479,KRAKEN-BACKTEST,KrakenBTCUSDResearchStrategy-000,BTC/USD.KRAKEN,KRAKEN-1-479,BTC/USD.KRAKEN-KrakenBTCUSDResearchStrategy-000,KRAKEN-001,T-5cce878b7312f533-145990,MARKET,BUY,0.01604046,GTC,False,False,0.01604046,TAKER,104319.90000000001,0.0,['6.69 USD'],NO_TRIGGER,FILLED,NO_CONTINGENCY,,,,,,,,6090948e-9c98-4769-a7c7-6d62271684f9,2025-05-11 09:45:00+00:00,2025-05-11 09:45:00+00:00
O-20250511-134500-BACKTEST-000-480,KRAKEN-BACKTEST,KrakenBTCUSDResearchStrategy-000,BTC/USD.KRAKEN,KRAKEN-1-480,BTC/USD.KRAKEN-KrakenBTCUSDResearchStrategy-000,KRAKEN-001,T-2ec82f45607c220e-146170,MARKET,SELL,0.01604046,GTC,False,False,0.01604046,TAKER,104269.84999999999,0.0,['6.69 USD'],NO_TRIGGER,FILLED,NO_CONTINGENCY,,,,,,,,338625f3-3f1f-4472-bb39-af4c7cb4fb21,2025-05-11 13:45:00+00:00,2025-05-11 13:45:00+00:00
O-20250512-010000-BACKTEST-000-481,KRAKEN-BACKTEST,KrakenBTCUSDResearchStrategy-000,BTC/USD.KRAKEN,KRAKEN-1-481,BTC/USD.KRAKEN-KrakenBTCUSDResearchStrategy-000,KRAKEN-001,T-02341e26d666cccc-146692,MARKET,BUY,0.01594729,GTC,False,False,0.01594729,TAKER,104662.67,0.0,['6.68 USD'],NO_TRIGGER,FILLED,NO_CONTINGENCY,,,,,,,,3fadfd13-ca44-4ff8-b989-15df830649ed,2025-05-12 01:00:00+00:00,2025-05-12 01:00:00+00:00
O-20250512-012500-BACKTEST-000-482,KRAKEN-BACKTEST,KrakenBTCUSDResearchStrategy-000,BTC/USD.KRAKEN,KRAKEN-1-482,BTC/USD.KRAKEN-KrakenBTCUSDResearchStrategy-000,KRAKEN-001,T-b3eca7f7216f026c-146713,MARKET,SELL,0.01594729,GTC,False,False,0.01594729,TAKER,104280.01,0.0,['6.65 USD'],NO_TRIGGER,FILLED,NO_CONTINGENCY,,,,,,,,d606b8fe-d195-488c-9f4f-56b22d9839bd,2025-05-12 01:25:00+00:00,2025-05-12 01:25:00+00:00
O-20250512-070000-BACKTEST-000-483,KRAKEN-BACKTEST,KrakenBTCUSDResearchStrategy-000,BTC/USD.KRAKEN,KRAKEN-1-483,BTC/USD.KRAKEN-KrakenBTCUSDResearchStrategy-000,KRAKEN-001,T-e1f75ac6ef230173-146976,MARKET,BUY,0.01574454,GTC,False,False,0.01574454,TAKER,105639.99,0.0,['6.65 USD'],NO_TRIGGER,FILLED,NO_CONTINGENCY,,,,,,,,5a899f0d-01d5-4956-b598-9dc63f9afa58,2025-05-12 07:00:00+00:00,2025-05-12 07:00:00+00:00
O-20250512-070500-BACKTEST-000-484,KRAKEN-BACKTEST,KrakenBTCUSDResearchStrategy-000,BTC/USD.KRAKEN,KRAKEN-1-484,BTC/USD.KRAKEN-KrakenBTCUSDResearchStrategy-000,KRAKEN-001,T-84c77d9be348ea8e-146981,MARKET,SELL,0.01574454,GTC,False,False,0.01574454,TAKER,105300.0,0.0,['6.63 USD'],NO_TRIGGER,FILLED,NO_CONTINGENCY,,,,,,,,f58b7891-48fc-4363-8109-cf27eab0df24,2025-05-12 07:05:00+00:00,2025-05-12 07:05:00+00:00
O-20250512-230000-BACKTEST-000-485,KRAKEN-BACKTEST,KrakenBTCUSDResearchStrategy-000,BTC/USD.KRAKEN,KRAKEN-1-485,BTC/USD.KRAKEN-KrakenBTCUSDResearchStrategy-000,KRAKEN-001,T-66e5528336716096-147731,MARKET,BUY,0.01609885,GTC,False,False,0.01609885,TAKER,102967.87999999999,0.0,['6.63 USD'],NO_TRIGGER,FILLED,NO_CONTINGENCY,,,,,,,,a3c80ec4-1c70-421b-9a09-c6356c451909,2025-05-12 23:00:00+00:00,2025-05-12 23:00:00+00:00
O-20250513-000000-BACKTEST-000-486,KRAKEN-BACKTEST,KrakenBTCUSDResearchStrategy-000,BTC/USD.KRAKEN,KRAKEN-1-486,BTC/USD.KRAKEN-KrakenBTCUSDResearchStrategy-000,KRAKEN-001,T-4ceaad9321155f4e-147776,MARKET,SELL,0.01609885,GTC,False,False,0.01609885,TAKER,102608.56999999999,0.0,['6.61 USD'],NO_TRIGGER,FILLED,NO_CONTINGENCY,,,,,,,,6f6bdc1b-d84c-4629-93be-35d35ead08f1,2025-05-13 00:00:00+00:00,2025-05-13 00:00:00+00:00
O-20250513-071500-BACKTEST-000-487,KRAKEN-BACKTEST,KrakenBTCUSDResearchStrategy-000,BTC/USD.KRAKEN,KRAKEN-1-487,BTC/USD.KRAKEN-KrakenBTCUSDResearchStrategy-000,KRAKEN-001,T-1f4cd2ff98aa17a8-148112,MARKET,BUY,0.01605157,GTC,False,False,0.01605157,TAKER,102915.71999999999,0.0,['6.61 USD'],NO_TRIGGER,FILLED,NO_CONTINGENCY,,,,,,,,2877f00a-e1c9-48bf-adc5-60961af0af60,2025-05-13 07:15:00+00:00,2025-05-13 07:15:00+00:00
O-20250513-074000-BACKTEST-000-488,KRAKEN-BACKTEST,KrakenBTCUSDResearchStrategy-000,BTC/USD.KRAKEN,KRAKEN-1-488,BTC/USD.KRAKEN-KrakenBTCUSDResearchStrategy-000,KRAKEN-001,T-b1065e06eaa49eee-148131,MARKET,SELL,0.01605157,GTC,False,False,0.01605157,TAKER,102665.34,0.0,['6.59 USD'],NO_TRIGGER,FILLED,NO_CONTINGENCY,,,,,,,,bee35a81-6e6d-4009-8797-123eb9d03526,2025-05-13 07:40:00+00:00,2025-05-13 07:40:00+00:00
O-20250513-090500-BACKTEST-000-489,KRAKEN-BACKTEST,KrakenBTCUSDResearchStrategy-000,BTC/USD.KRAKEN,KRAKEN-1-489,BTC/USD.KRAKEN-KrakenBTCUSDResearchStrategy-000,KRAKEN-001,T-a766fda13a8538e9-148198,MARKET,BUY,0.01599295,GTC,False,False,0.01599295,TAKER,102969.92,0.0,['6.59 USD'],NO_TRIGGER,FILLED,NO_CONTINGENCY,,,,,,,,7907683c-f335-42e7-828a-f05e50c2f122,2025-05-13 09:05:00+00:00,2025-05-13 09:05:00+00:00
O-20250513-141000-BACKTEST-000-490,KRAKEN-BACKTEST,KrakenBTCUSDResearchStrategy-000,BTC/USD.KRAKEN,KRAKEN-1-490,BTC/USD.KRAKEN-KrakenBTCUSDResearchStrategy-000,KRAKEN-001,T-36092144b0c135b2-148439,MARKET,SELL,0.01599295,GTC,False,False,0.01599295,TAKER,103082.14,0.0,['6.59 USD'],NO_TRIGGER,FILLED,NO_CONTINGENCY,,,,,,,,a0ad25f0-3bfe-4d94-99a8-892f751c31e2,2025-05-13 14:10:00+00:00,2025-05-13 14:10:00+00:00
O-20250513-161000-BACKTEST-000-491,KRAKEN-BACKTEST,KrakenBTCUSDResearchStrategy-000,BTC/USD.KRAKEN,KRAKEN-1-491,BTC/USD.KRAKEN-KrakenBTCUSDResearchStrategy-000,KRAKEN-001,T-e14c079965586684-148534,MARKET,BUY,0.01575408,GTC,False,False,0.01575408,TAKER,104314.43999999999,0.0,['6.57 USD'],NO_TRIGGER,FILLED,NO_CONTINGENCY,,,,,,,,5f167bbe-0f15-4040-999f-4cc2c3d76e2c,2025-05-13 16:10:00+00:00,2025-05-13 16:10:00+00:00
O-20250513-165000-BACKTEST-000-492,KRAKEN-BACKTEST,KrakenBTCUSDResearchStrategy-000,BTC/USD.KRAKEN,KRAKEN-1-492,BTC/USD.KRAKEN-KrakenBTCUSDResearchStrategy-000,KRAKEN-001,T-44e03c43fa68c8d4-148565,MARKET,SELL,0.01575408,GTC,False,False,0.01575408,TAKER,103854.11,0.0,['6.54 USD'],NO_TRIGGER,FILLED,NO_CONTINGENCY,,,,,,,,5c3e0282-9dfc-493a-bee1-f81b57610bb8,2025-05-13 16:50:00+00:00,2025-05-13 16:50:00+00:00
O-20250513-181000-BACKTEST-000-493,KRAKEN-BACKTEST,KrakenBTCUSDResearchStrategy-000,BTC/USD.KRAKEN,KRAKEN-1-493,BTC/USD.KRAKEN-KrakenBTCUSDResearchStrategy-000,KRAKEN-001,T-3c7301f96240ca86-148630,MARKET,BUY,0.01567862,GTC,False,False,0.01567862,TAKER,104426.96,0.0,['6.55 USD'],NO_TRIGGER,FILLED,NO_CONTINGENCY,,,,,,,,73011a62-2eed-4ce8-955c-47b6d8181e08,2025-05-13 18:10:00+00:00,2025-05-13 18:10:00+00:00
O-20250513-225000-BACKTEST-000-494,KRAKEN-BACKTEST,KrakenBTCUSDResearchStrategy-000,BTC/USD.KRAKEN,KRAKEN-1-494,BTC/USD.KRAKEN-KrakenBTCUSDResearchStrategy-000,KRAKEN-001,T-97c877a9df3aab89-148849,MARKET,SELL,0.01567862,GTC,False,False,0.01567862,TAKER,104140.79000000001,0.0,['6.53 USD'],NO_TRIGGER,FILLED,NO_CONTINGENCY,,,,,,,,3bee83c1-2c86-465e-ac82-1b0693632746,2025-05-13 22:50:00+00:00,2025-05-13 22:50:00+00:00
O-20250514-111000-BACKTEST-000-495,KRAKEN-BACKTEST,KrakenBTCUSDResearchStrategy-000,BTC/USD.KRAKEN,KRAKEN-1-495,BTC/USD.KRAKEN-KrakenBTCUSDResearchStrategy-000,KRAKEN-001,T-e4c02f78fcd5151e-149423,MARKET,BUY,0.01569949,GTC,False,False,0.01569949,TAKER,103952.39,0.0,['6.53 USD'],NO_TRIGGER,FILLED,NO_CONTINGENCY,,,,,,,,20da0316-bc66-4a95-96a9-45a6a890ff16,2025-05-14 11:10:00+00:00,2025-05-14 11:10:00+00:00
O-20250514-134000-BACKTEST-000-496,KRAKEN-BACKTEST,KrakenBTCUSDResearchStrategy-000,BTC/USD.KRAKEN,KRAKEN-1-496,BTC/USD.KRAKEN-KrakenBTCUSDResearchStrategy-000,KRAKEN-001,T-c1859c9d168bcef1-149540,MARKET,SELL,0.01569949,GTC,False,False,0.01569949,TAKER,103712.79000000001,0.0,['6.51 USD'],NO_TRIGGER,FILLED,NO_CONTINGENCY,,,,,,,,4560c697-61cc-49a1-ae79-6e3d98288ce6,2025-05-14 13:40:00+00:00,2025-05-14 13:40:00+00:00
O-20250515-001000-BACKTEST-000-497,KRAKEN-BACKTEST,KrakenBTCUSDResearchStrategy-000,BTC/USD.KRAKEN,KRAKEN-1-497,BTC/USD.KRAKEN-KrakenBTCUSDResearchStrategy-000,KRAKEN-001,T-dbbbcb6d9e2a124d-150025,MARKET,BUY,0.01568834,GTC,False,False,0.01568834,TAKER,103704.98999999999,0.0,['6.51 USD'],NO_TRIGGER,FILLED,NO_CONTINGENCY,,,,,,,,e3676bb5-fe87-4316-86c6-ae1bc8a93730,2025-05-15 00:10:00+00:00,2025-05-15 00:10:00+00:00
O-20250515-012000-BACKTEST-000-498,KRAKEN-BACKTEST,KrakenBTCUSDResearchStrategy-000,BTC/USD.KRAKEN,KRAKEN-1-498,BTC/USD.KRAKEN-KrakenBTCUSDResearchStrategy-000,KRAKEN-001,T-5239a9dbee6d9a98-150078,MARKET,SELL,0.01568834,GTC,False,False,0.01568834,TAKER,103496.67,0.0,['6.49 USD'],NO_TRIGGER,FILLED,NO_CONTINGENCY,,,,,,,,09ba304f-c8b3-42f7-a594-a31af03586f5,2025-05-15 01:20:00+00:00,2025-05-15 01:20:00+00:00
O-20250515-154500-BACKTEST-000-499,KRAKEN-BACKTEST,KrakenBTCUSDResearchStrategy-000,BTC/USD.KRAKEN,KRAKEN-1-499,BTC/USD.KRAKEN-KrakenBTCUSDResearchStrategy-000,KRAKEN-001,T-f2f4c4cdc5de3d57-150741,MARKET,BUY,0.01573217,GTC,False,False,0.01573217,TAKER,103105.84999999999,0.0,['6.49 USD'],NO_TRIGGER,FILLED,NO_CONTINGENCY,,,,,,,,81fe3ab2-9ddd-4f82-aed4-cd938d4fa543,2025-05-15 15:45:00+00:00,2025-05-15 15:45:00+00:00
O-20250515-185500-BACKTEST-000-500,KRAKEN-BACKTEST,KrakenBTCUSDResearchStrategy-000,BTC/USD.KRAKEN,KRAKEN-1-500,BTC/USD.KRAKEN-KrakenBTCUSDResearchStrategy-000,KRAKEN-001,T-b096041c10656887-150887,MARKET,SELL,0.01573217,GTC,False,False,0.01573217,TAKER,102697.31,0.0,['6.46 USD'],NO_TRIGGER,FILLED,NO_CONTINGENCY,,,,,,,,462f2f14-1c34-4f79-90c4-0a92e1278ee7,2025-05-15 18:55:00+00:00,2025-05-15 18:55:00+00:00
O-20250516-013500-BACKTEST-000-501,KRAKEN-BACKTEST,KrakenBTCUSDResearchStrategy-000,BTC/USD.KRAKEN,KRAKEN-1-501,BTC/USD.KRAKEN-KrakenBTCUSDResearchStrategy-000,KRAKEN-001,T-7214ac0408631e01-151203,MARKET,BUY,0.01553018,GTC,False,False,0.01553018,TAKER,104072.51999999999,0.0,['6.47 USD'],NO_TRIGGER,FILLED,NO_CONTINGENCY,,,,,,,,f1818665-cceb-412f-9371-9bf8426c3d5a,2025-05-16 01:35:00+00:00,2025-05-16 01:35:00+00:00
O-20250516-044000-BACKTEST-000-502,KRAKEN-BACKTEST,KrakenBTCUSDResearchStrategy-000,BTC/USD.KRAKEN,KRAKEN-1-502,BTC/USD.KRAKEN-KrakenBTCUSDResearchStrategy-000,KRAKEN-001,T-607dc0c4908f319e-151348,MARKET,SELL,0.01553018,GTC,False,False,0.01553018,TAKER,103830.51,0.0,['6.45 USD'],NO_TRIGGER,FILLED,NO_CONTINGENCY,,,,,,,,9c566981-7cbf-4dbc-b9d3-f31489f24b2f,2025-05-16 04:40:00+00:00,2025-05-16 04:40:00+00:00
O-20250516-151000-BACKTEST-000-503,KRAKEN-BACKTEST,KrakenBTCUSDResearchStrategy-000,BTC/USD.KRAKEN,KRAKEN-1-503,BTC/USD.KRAKEN-KrakenBTCUSDResearchStrategy-000,KRAKEN-001,T-bce65f2a4acc1a63-151836,MARKET,BUY,0.01547805,GTC,False,False,0.01547805,TAKER,104099.89,0.0,['6.45 USD'],NO_TRIGGER,FILLED,NO_CONTINGENCY,,,,,,,,8b8465e1-9016-4e66-bc19-14c43a9e4ac3,2025-05-16 15:10:00+00:00,2025-05-16 15:10:00+00:00
O-20250516-175000-BACKTEST-000-504,KRAKEN-BACKTEST,KrakenBTCUSDResearchStrategy-000,BTC/USD.KRAKEN,KRAKEN-1-504,BTC/USD.KRAKEN-KrakenBTCUSDResearchStrategy-000,KRAKEN-001,T-f9363771795edd50-151962,MARKET,SELL,0.01547805,GTC,False,False,0.01547805,TAKER,103796.95,0.0,['6.43 USD'],NO_TRIGGER,FILLED,NO_CONTINGENCY,,,,,,,,9bf55d93-b9ba-438a-adfe-3c54ac08e4de,2025-05-16 17:50:00+00:00,2025-05-16 17:50:00+00:00
O-20250517-050000-BACKTEST-000-505,KRAKEN-BACKTEST,KrakenBTCUSDResearchStrategy-000,BTC/USD.KRAKEN,KRAKEN-1-505,BTC/USD.KRAKEN-KrakenBTCUSDResearchStrategy-000,KRAKEN-001,T-1c1d285ab825eda4-152476,MARKET,BUY,0.01549137,GTC,False,False,0.01549137,TAKER,103670.11,0.0,['6.42 USD'],NO_TRIGGER,FILLED,NO_CONTINGENCY,,,,,,,,11c363e2-b884-4a9a-a373-b5089f42c097,2025-05-17 05:00:00+00:00,2025-05-17 05:00:00+00:00
O-20250517-053000-BACKTEST-000-506,KRAKEN-BACKTEST,KrakenBTCUSDResearchStrategy-000,BTC/USD.KRAKEN,KRAKEN-1-506,BTC/USD.KRAKEN-KrakenBTCUSDResearchStrategy-000,KRAKEN-001,T-e61234e83e0ab744-152498,MARKET,SELL,0.01549137,GTC,False,False,0.01549137,TAKER,103514.59999999999,0.0,['6.41 USD'],NO_TRIGGER,FILLED,NO_CONTINGENCY,,,,,,,,71fa2929-edac-44af-a41d-a5f602f5d485,2025-05-17 05:30:00+00:00,2025-05-17 05:30:00+00:00
O-20250517-205000-BACKTEST-000-507,KRAKEN-BACKTEST,KrakenBTCUSDResearchStrategy-000,BTC/USD.KRAKEN,KRAKEN-1-507,BTC/USD.KRAKEN-KrakenBTCUSDResearchStrategy-000,KRAKEN-001,T-4d01b92a8b699135-153209,MARKET,BUY,0.01548661,GTC,False,False,0.01548661,TAKER,103406.75,0.0,['6.41 USD'],NO_TRIGGER,FILLED,NO_CONTINGENCY,,,,,,,,dfa92c81-e001-4fcb-8e08-c4d2aae8841b,2025-05-17 20:50:00+00:00,2025-05-17 20:50:00+00:00
O-20250517-212500-BACKTEST-000-508,KRAKEN-BACKTEST,KrakenBTCUSDResearchStrategy-000,BTC/USD.KRAKEN,KRAKEN-1-508,BTC/USD.KRAKEN-KrakenBTCUSDResearchStrategy-000,KRAKEN-001,T-fab71f440e86c5f5-153236,MARKET,SELL,0.01548661,GTC,False,False,0.01548661,TAKER,103199.91,0.0,['6.39 USD'],NO_TRIGGER,FILLED,NO_CONTINGENCY,,,,,,,,02fa8af3-c570-478a-9bdd-faaf40ec5321,2025-05-17 21:25:00+00:00,2025-05-17 21:25:00+00:00
O-20250518-043500-BACKTEST-000-509,KRAKEN-BACKTEST,KrakenBTCUSDResearchStrategy-000,BTC/USD.KRAKEN,KRAKEN-1-509,BTC/USD.KRAKEN-KrakenBTCUSDResearchStrategy-000,KRAKEN-001,T-4e21c2031738c3d6-153563,MARKET,BUY,0.01543694,GTC,False,False,0.01543694,TAKER,103428.56999999999,0.0,['6.39 USD'],NO_TRIGGER,FILLED,NO_CONTINGENCY,,,,,,,,659df50d-142e-4121-b8b7-05525644907b,2025-05-18 04:35:00+00:00,2025-05-18 04:35:00+00:00
O-20250518-045000-BACKTEST-000-510,KRAKEN-BACKTEST,KrakenBTCUSDResearchStrategy-000,BTC/USD.KRAKEN,KRAKEN-1-510,BTC/USD.KRAKEN-KrakenBTCUSDResearchStrategy-000,KRAKEN-001,T-c17f57ceeb69a0b5-153575,MARKET,SELL,0.01543694,GTC,False,False,0.01543694,TAKER,103328.51999999999,0.0,['6.38 USD'],NO_TRIGGER,FILLED,NO_CONTINGENCY,,,,,,,,ec168241-4315-43e2-8537-812f74e7cf17,2025-05-18 04:50:00+00:00,2025-05-18 04:50:00+00:00
O-20250518-054500-BACKTEST-000-511,KRAKEN-BACKTEST,KrakenBTCUSDResearchStrategy-000,BTC/USD.KRAKEN,KRAKEN-1-511,BTC/USD.KRAKEN-KrakenBTCUSDResearchStrategy-000,KRAKEN-001,T-28b9bd66056c5e78-153617,MARKET,BUY,0.01536865,GTC,False,False,0.01536865,TAKER,103608.81,0.0,['6.37 USD'],NO_TRIGGER,FILLED,NO_CONTINGENCY,,,,,,,,68943238-f2ed-4cf1-b5e2-9928473cc91f,2025-05-18 05:45:00+00:00,2025-05-18 05:45:00+00:00
O-20250518-062500-BACKTEST-000-512,KRAKEN-BACKTEST,KrakenBTCUSDResearchStrategy-000,BTC/USD.KRAKEN,KRAKEN-1-512,BTC/USD.KRAKEN-KrakenBTCUSDResearchStrategy-000,KRAKEN-001,T-f11e95bd59a749de-153647,MARKET,SELL,0.01536865,GTC,False,False,0.01536865,TAKER,103509.99,0.0,['6.36 USD'],NO_TRIGGER,FILLED,NO_CONTINGENCY,,,,,,,,f090b50d-42ad-4662-8d17-fccb3db50930,2025-05-18 06:25:00+00:00,2025-05-18 06:25:00+00:00
O-20250518-075000-BACKTEST-000-513,KRAKEN-BACKTEST,KrakenBTCUSDResearchStrategy-000,BTC/USD.KRAKEN,KRAKEN-1-513,BTC/USD.KRAKEN-KrakenBTCUSDResearchStrategy-000,KRAKEN-001,T-43f57d3875fbc13e-153716,MARKET,BUY,0.01529326,GTC,False,False,0.01529326,TAKER,103840.04,0.0,['6.35 USD'],NO_TRIGGER,FILLED,NO_CONTINGENCY,,,,,,,,0b37004f-5c41-4890-a018-738042923046,2025-05-18 07:50:00+00:00,2025-05-18 07:50:00+00:00
O-20250518-120500-BACKTEST-000-514,KRAKEN-BACKTEST,KrakenBTCUSDResearchStrategy-000,BTC/USD.KRAKEN,KRAKEN-1-514,BTC/USD.KRAKEN-KrakenBTCUSDResearchStrategy-000,KRAKEN-001,T-2adddc875be59fe4-153904,MARKET,SELL,0.01529326,GTC,False,False,0.01529326,TAKER,103722.81999999999,0.0,['6.35 USD'],NO_TRIGGER,FILLED,NO_CONTINGENCY,,,,,,,,8a13e892-0aa4-42f7-a834-9ba8c2e1e3aa,2025-05-18 12:05:00+00:00,2025-05-18 12:05:00+00:00
O-20250518-133500-BACKTEST-000-515,KRAKEN-BACKTEST,KrakenBTCUSDResearchStrategy-000,BTC/USD.KRAKEN,KRAKEN-1-515,BTC/USD.KRAKEN-KrakenBTCUSDResearchStrategy-000,KRAKEN-001,T-0306778e6f3b95c8-153969,MARKET,BUY,0.01518137,GTC,False,False,0.01518137,TAKER,104319.0,0.0,['6.33 USD'],NO_TRIGGER,FILLED,NO_CONTINGENCY,,,,,,,,872ef1d1-a182-47a6-bb25-aeb1ec7199a7,2025-05-18 13:35:00+00:00,2025-05-18 13:35:00+00:00
O-20250518-180000-BACKTEST-000-516,KRAKEN-BACKTEST,KrakenBTCUSDResearchStrategy-000,BTC/USD.KRAKEN,KRAKEN-1-516,BTC/USD.KRAKEN-KrakenBTCUSDResearchStrategy-000,KRAKEN-001,T-fe8c5e482dcd8f78-154178,MARKET,SELL,0.01518137,GTC,False,False,0.01518137,TAKER,104351.03,0.0,['6.34 USD'],NO_TRIGGER,FILLED,NO_CONTINGENCY,,,,,,,,1f95e92a-1766-4092-b3f7-d446d1a64d86,2025-05-18 18:00:00+00:00,2025-05-18 18:00:00+00:00
O-20250518-224500-BACKTEST-000-517,KRAKEN-BACKTEST,KrakenBTCUSDResearchStrategy-000,BTC/USD.KRAKEN,KRAKEN-1-517,BTC/USD.KRAKEN-KrakenBTCUSDResearchStrategy-000,KRAKEN-001,T-f7ca89aea66e247d-154404,MARKET,BUY,0.01498813,GTC,False,False,0.01498813,TAKER,105420.0,0.0,['6.32 USD'],NO_TRIGGER,FILLED,NO_CONTINGENCY,,,,,,,,36aca094-6395-475d-b2d4-7b95297c8905,2025-05-18 22:45:00+00:00,2025-05-18 22:45:00+00:00
O-20250519-010500-BACKTEST-000-518,KRAKEN-BACKTEST,KrakenBTCUSDResearchStrategy-000,BTC/USD.KRAKEN,KRAKEN-1-518,BTC/USD.KRAKEN-KrakenBTCUSDResearchStrategy-000,KRAKEN-001,T-9c1142b587119a00-154513,MARKET,SELL,0.01498813,GTC,False,False,0.01498813,TAKER,104978.62000000001,0.0,['6.29 USD'],NO_TRIGGER,FILLED,NO_CONTINGENCY,,,,,,,,8292eebb-f0f7-4d00-8ace-059aed071226,2025-05-19 01:05:00+00:00,2025-05-19 01:05:00+00:00
O-20250519-144500-BACKTEST-000-519,KRAKEN-BACKTEST,KrakenBTCUSDResearchStrategy-000,BTC/USD.KRAKEN,KRAKEN-1-519,BTC/USD.KRAKEN-KrakenBTCUSDResearchStrategy-000,KRAKEN-001,T-62ee338076988137-155143,MARKET,BUY,0.01514256,GTC,False,False,0.01514256,TAKER,103963.87999999999,0.0,['6.30 USD'],NO_TRIGGER,FILLED,NO_CONTINGENCY,,,,,,,,8e0c9874-4e91-4571-b388-76e165e5e495,2025-05-19 14:45:00+00:00,2025-05-19 14:45:00+00:00
O-20250520-034500-BACKTEST-000-520,KRAKEN-BACKTEST,KrakenBTCUSDResearchStrategy-000,BTC/USD.KRAKEN,KRAKEN-1-520,BTC/USD.KRAKEN-KrakenBTCUSDResearchStrategy-000,KRAKEN-001,T-a02132c3a11514da-155750,MARKET,SELL,0.01514256,GTC,False,False,0.01514256,TAKER,105553.31999999999,0.0,['6.39 USD'],NO_TRIGGER,FILLED,NO_CONTINGENCY,,,,,,,,ee432b59-64c5-427e-b851-f029a1270926,2025-05-20 03:45:00+00:00,2025-05-20 03:45:00+00:00
O-20250520-170500-BACKTEST-000-521,KRAKEN-BACKTEST,KrakenBTCUSDResearchStrategy-000,BTC/USD.KRAKEN,KRAKEN-1-521,BTC/USD.KRAKEN-KrakenBTCUSDResearchStrategy-000,KRAKEN-001,T-2a6913b3c704b07c-156367,MARKET,BUY,0.01491973,GTC,False,False,0.01491973,TAKER,105745.41,0.0,['6.31 USD'],NO_TRIGGER,FILLED,NO_CONTINGENCY,,,,,,,,29441f87-6c41-4d18-a9f5-6f506ccf9006,2025-05-20 17:05:00+00:00,2025-05-20 17:05:00+00:00
O-20250520-184500-BACKTEST-000-522,KRAKEN-BACKTEST,KrakenBTCUSDResearchStrategy-000,BTC/USD.KRAKEN,KRAKEN-1-522,BTC/USD.KRAKEN-KrakenBTCUSDResearchStrategy-000,KRAKEN-001,T-6e29ad6fc9553bca-156445,MARKET,SELL,0.01491973,GTC,False,False,0.01491973,TAKER,105400.0,0.0,['6.29 USD'],NO_TRIGGER,FILLED,NO_CONTINGENCY,,,,,,,,1c8d09cc-aa8b-4b74-be97-4b341c4aac40,2025-05-20 18:45:00+00:00,2025-05-20 18:45:00+00:00
O-20250520-195500-BACKTEST-000-523,KRAKEN-BACKTEST,KrakenBTCUSDResearchStrategy-000,BTC/USD.KRAKEN,KRAKEN-1-523,BTC/USD.KRAKEN-KrakenBTCUSDResearchStrategy-000,KRAKEN-001,T-3e530a224f663bbe-156501,MARKET,BUY,0.01469140,GTC,False,False,0.01469140,TAKER,107026.47,0.0,['6.29 USD'],NO_TRIGGER,FILLED,NO_CONTINGENCY,,,,,,,,bfa1f8b7-dc48-47f6-b17a-5e3a909ed6ff,2025-05-20 19:55:00+00:00,2025-05-20 19:55:00+00:00
O-20250520-211000-BACKTEST-000-524,KRAKEN-BACKTEST,KrakenBTCUSDResearchStrategy-000,BTC/USD.KRAKEN,KRAKEN-1-524,BTC/USD.KRAKEN-KrakenBTCUSDResearchStrategy-000,KRAKEN-001,T-b122d0cf5f71d752-156561,MARKET,SELL,0.01469140,GTC,False,False,0.01469140,TAKER,106472.47,0.0,['6.26 USD'],NO_TRIGGER,FILLED,NO_CONTINGENCY,,,,,,,,d895991c-702e-4b21-9a25-22b98b89e796,2025-05-20 21:10:00+00:00,2025-05-20 21:10:00+00:00
O-20250521-043500-BACKTEST-000-525,KRAKEN-BACKTEST,KrakenBTCUSDResearchStrategy-000,BTC/USD.KRAKEN,KRAKEN-1-525,BTC/USD.KRAKEN-KrakenBTCUSDResearchStrategy-000,KRAKEN-001,T-2d12ed18abe4a2f2-156909,MARKET,BUY,0.01456516,GTC,False,False,0.01456516,TAKER,107527.92,0.0,['6.26 USD'],NO_TRIGGER,FILLED,NO_CONTINGENCY,,,,,,,,5b15e014-cd87-45d6-afa7-15324253de8f,2025-05-21 04:35:00+00:00,2025-05-21 04:35:00+00:00
O-20250521-072000-BACKTEST-000-526,KRAKEN-BACKTEST,KrakenBTCUSDResearchStrategy-000,BTC/USD.KRAKEN,KRAKEN-1-526,BTC/USD.KRAKEN-KrakenBTCUSDResearchStrategy-000,KRAKEN-001,T-12dcc799532ecf7c-157038,MARKET,SELL,0.01456516,GTC,False,False,0.01456516,TAKER,106836.24,0.0,['6.22 USD'],NO_TRIGGER,FILLED,NO_CONTINGENCY,,,,,,,,76224b98-0d80-451f-acfa-faee159e10cb,2025-05-21 07:20:00+00:00,2025-05-21 07:20:00+00:00
O-20250521-135000-BACKTEST-000-527,KRAKEN-BACKTEST,KrakenBTCUSDResearchStrategy-000,BTC/USD.KRAKEN,KRAKEN-1-527,BTC/USD.KRAKEN-KrakenBTCUSDResearchStrategy-000,KRAKEN-001,T-bb244f97c8820c27-157333,MARKET,BUY,0.01452682,GTC,False,False,0.01452682,TAKER,107346.0,0.0,['6.24 USD'],NO_TRIGGER,FILLED,NO_CONTINGENCY,,,,,,,,d40fc1e2-f971-4276-b9a5-1745a1be1c59,2025-05-21 13:50:00+00:00,2025-05-21 13:50:00+00:00
O-20250521-172500-BACKTEST-000-528,KRAKEN-BACKTEST,KrakenBTCUSDResearchStrategy-000,BTC/USD.KRAKEN,KRAKEN-1-528,BTC/USD.KRAKEN-KrakenBTCUSDResearchStrategy-000,KRAKEN-001,T-cd96253e43589c46-157504,MARKET,SELL,0.01452682,GTC,False,False,0.01452682,TAKER,106975.90000000001,0.0,['6.22 USD'],NO_TRIGGER,FILLED,NO_CONTINGENCY,,,,,,,,ad049b58-a8c7-4daa-847f-b67169706fe8,2025-05-21 17:25:00+00:00,2025-05-21 17:25:00+00:00
O-20250521-223000-BACKTEST-000-529,KRAKEN-BACKTEST,KrakenBTCUSDResearchStrategy-000,BTC/USD.KRAKEN,KRAKEN-1-529,BTC/USD.KRAKEN-KrakenBTCUSDResearchStrategy-000,KRAKEN-001,T-ea6163b67997e517-157744,MARKET,BUY,0.01427038,GTC,False,False,0.01427038,TAKER,108899.99,0.0,['6.22 USD'],NO_TRIGGER,FILLED,NO_CONTINGENCY,,,,,,,,269def34-d57a-4703-85e9-6e3281129a59,2025-05-21 22:30:00+00:00,2025-05-21 22:30:00+00:00
O-20250522-083000-BACKTEST-000-530,KRAKEN-BACKTEST,KrakenBTCUSDResearchStrategy-000,BTC/USD.KRAKEN,KRAKEN-1-530,BTC/USD.KRAKEN-KrakenBTCUSDResearchStrategy-000,KRAKEN-001,T-b85b3fc034d29819-158216,MARKET,SELL,0.01427038,GTC,False,False,0.01427038,TAKER,110445.99,0.0,['6.30 USD'],NO_TRIGGER,FILLED,NO_CONTINGENCY,,,,,,,,0174d64f-87f4-4688-87cc-e051744d578e,2025-05-22 08:30:00+00:00,2025-05-22 08:30:00+00:00
O-20250522-125500-BACKTEST-000-531,KRAKEN-BACKTEST,KrakenBTCUSDResearchStrategy-000,BTC/USD.KRAKEN,KRAKEN-1-531,BTC/USD.KRAKEN-KrakenBTCUSDResearchStrategy-000,KRAKEN-001,T-221fa29a0b54fd81-158426,MARKET,BUY,0.01394972,GTC,False,False,0.01394972,TAKER,111608.69,0.0,['6.23 USD'],NO_TRIGGER,FILLED,NO_CONTINGENCY,,,,,,,,36a14a96-6985-432d-890c-5213eac9b69a,2025-05-22 12:55:00+00:00,2025-05-22 12:55:00+00:00
O-20250522-131500-BACKTEST-000-532,KRAKEN-BACKTEST,KrakenBTCUSDResearchStrategy-000,BTC/USD.KRAKEN,KRAKEN-1-532,BTC/USD.KRAKEN-KrakenBTCUSDResearchStrategy-000,KRAKEN-001,T-47f41ada134d6580-158443,MARKET,SELL,0.01394972,GTC,False,False,0.01394972,TAKER,111154.24,0.0,['6.20 USD'],NO_TRIGGER,FILLED,NO_CONTINGENCY,,,,,,,,8289b6fd-e60c-4165-9d21-b3af2bd11da8,2025-05-22 13:15:00+00:00,2025-05-22 13:15:00+00:00
O-20250522-172000-BACKTEST-000-533,KRAKEN-BACKTEST,KrakenBTCUSDResearchStrategy-000,BTC/USD.KRAKEN,KRAKEN-1-533,BTC/USD.KRAKEN-KrakenBTCUSDResearchStrategy-000,KRAKEN-001,T-5953c1ebea4a982a-158639,MARKET,BUY,0.01386159,GTC,False,False,0.01386159,TAKER,111912.01999999999,0.0,['6.21 USD'],NO_TRIGGER,FILLED,NO_CONTINGENCY,,,,,,,,d6d82664-4af1-4111-bc1b-417d3ec4923d,2025-05-22 17:20:00+00:00,2025-05-22 17:20:00+00:00
O-20250522-174500-BACKTEST-000-534,KRAKEN-BACKTEST,KrakenBTCUSDResearchStrategy-000,BTC/USD.KRAKEN,KRAKEN-1-534,BTC/USD.KRAKEN-KrakenBTCUSDResearchStrategy-000,KRAKEN-001,T-925ac192a99ee531-158660,MARKET,SELL,0.01386159,GTC,False,False,0.01386159,TAKER,111518.5,0.0,['6.18 USD'],NO_TRIGGER,FILLED,NO_CONTINGENCY,,,,,,,,6a3f5578-22f5-4e71-af1d-8438f8480660,2025-05-22 17:45:00+00:00,2025-05-22 17:45:00+00:00
O-20250523-001000-BACKTEST-000-535,KRAKEN-BACKTEST,KrakenBTCUSDResearchStrategy-000,BTC/USD.KRAKEN,KRAKEN-1-535,BTC/USD.KRAKEN-KrakenBTCUSDResearchStrategy-000,KRAKEN-001,T-97d227848f0c2c9b-158959,MARKET,BUY,0.01382964,GTC,False,False,0.01382964,TAKER,111783.37,0.0,['6.18 USD'],NO_TRIGGER,FILLED,NO_CONTINGENCY,,,,,,,,d4102d4c-cd05-4232-8536-ec4d74bbeaba,2025-05-23 00:10:00+00:00,2025-05-23 00:10:00+00:00
O-20250523-002500-BACKTEST-000-536,KRAKEN-BACKTEST,KrakenBTCUSDResearchStrategy-000,BTC/USD.KRAKEN,KRAKEN-1-536,BTC/USD.KRAKEN-KrakenBTCUSDResearchStrategy-000,KRAKEN-001,T-94c513aad80f009f-158972,MARKET,SELL,0.01382964,GTC,False,False,0.01382964,TAKER,111478.26,0.0,['6.17 USD'],NO_TRIGGER,FILLED,NO_CONTINGENCY,,,,,,,,19c1d14b-ffca-4b08-b72b-d92c4ffd07e2,2025-05-23 00:25:00+00:00,2025-05-23 00:25:00+00:00
O-20250523-094500-BACKTEST-000-537,KRAKEN-BACKTEST,KrakenBTCUSDResearchStrategy-000,BTC/USD.KRAKEN,KRAKEN-1-537,BTC/USD.KRAKEN-KrakenBTCUSDResearchStrategy-000,KRAKEN-001,T-7bbabb5566d4bbe7-159407,MARKET,BUY,0.01384238,GTC,False,False,0.01384238,TAKER,111321.35,0.0,['6.16 USD'],NO_TRIGGER,FILLED,NO_CONTINGENCY,,,,,,,,450123f0-8355-42c5-a573-f3cfaf86ca6d,2025-05-23 09:45:00+00:00,2025-05-23 09:45:00+00:00
O-20250523-101000-BACKTEST-000-538,KRAKEN-BACKTEST,KrakenBTCUSDResearchStrategy-000,BTC/USD.KRAKEN,KRAKEN-1-538,BTC/USD.KRAKEN-KrakenBTCUSDResearchStrategy-000,KRAKEN-001,T-ae3eeb2d6998b7d8-159425,MARKET,SELL,0.01384238,GTC,False,False,0.01384238,TAKER,110941.03,0.0,['6.14 USD'],NO_TRIGGER,FILLED,NO_CONTINGENCY,,,,,,,,c070f048-73f4-4951-aaed-416f42687fb6,2025-05-23 10:10:00+00:00,2025-05-23 10:10:00+00:00
O-20250524-041500-BACKTEST-000-539,KRAKEN-BACKTEST,KrakenBTCUSDResearchStrategy-000,BTC/USD.KRAKEN,KRAKEN-1-539,BTC/USD.KRAKEN-KrakenBTCUSDResearchStrategy-000,KRAKEN-001,T-c0c02d89333481b9-160261,MARKET,BUY,0.01415763,GTC,False,False,0.01415763,TAKER,108470.42,0.0,['6.14 USD'],NO_TRIGGER,FILLED,NO_CONTINGENCY,,,,,,,,52c5ff50-db45-415d-8b6c-d842d3228bb3,2025-05-24 04:15:00+00:00,2025-05-24 04:15:00+00:00
O-20250524-054000-BACKTEST-000-540,KRAKEN-BACKTEST,KrakenBTCUSDResearchStrategy-000,BTC/USD.KRAKEN,KRAKEN-1-540,BTC/USD.KRAKEN-KrakenBTCUSDResearchStrategy-000,KRAKEN-001,T-bee7901d408ea32b-160322,MARKET,SELL,0.01415763,GTC,False,False,0.01415763,TAKER,108222.46,0.0,['6.13 USD'],NO_TRIGGER,FILLED,NO_CONTINGENCY,,,,,,,,8eb371f7-247f-4b7b-8bc9-a1302cd04ee1,2025-05-24 05:40:00+00:00,2025-05-24 05:40:00+00:00
O-20250524-103000-BACKTEST-000-541,KRAKEN-BACKTEST,KrakenBTCUSDResearchStrategy-000,BTC/USD.KRAKEN,KRAKEN-1-541,BTC/USD.KRAKEN-KrakenBTCUSDResearchStrategy-000,KRAKEN-001,T-73d7a544b5b11426-160550,MARKET,BUY,0.01410112,GTC,False,False,0.01410112,TAKER,108569.41,0.0,['6.12 USD'],NO_TRIGGER,FILLED,NO_CONTINGENCY,,,,,,,,d561b27c-c83a-4cf6-895c-9237ce5772d4,2025-05-24 10:30:00+00:00,2025-05-24 10:30:00+00:00
O-20250524-184500-BACKTEST-000-542,KRAKEN-BACKTEST,KrakenBTCUSDResearchStrategy-000,BTC/USD.KRAKEN,KRAKEN-1-542,BTC/USD.KRAKEN-KrakenBTCUSDResearchStrategy-000,KRAKEN-001,T-9cb5a3326926734c-160928,MARKET,SELL,0.01410112,GTC,False,False,0.01410112,TAKER,108808.2,0.0,['6.14 USD'],NO_TRIGGER,FILLED,NO_CONTINGENCY,,,,,,,,36bef37d-66c0-49e0-9a53-e8322798f432,2025-05-24 18:45:00+00:00,2025-05-24 18:45:00+00:00
O-20250525-192500-BACKTEST-000-543,KRAKEN-BACKTEST,KrakenBTCUSDResearchStrategy-000,BTC/USD.KRAKEN,KRAKEN-1-543,BTC/USD.KRAKEN-KrakenBTCUSDResearchStrategy-000,KRAKEN-001,T-7cedbaaa6d1736bf-162065,MARKET,BUY,0.01420035,GTC,False,False,0.01420035,TAKER,107622.97,0.0,['6.11 USD'],NO_TRIGGER,FILLED,NO_CONTINGENCY,,,,,,,,0f92b091-76a5-4cc0-bf82-c9792137be9a,2025-05-25 19:25:00+00:00,2025-05-25 19:25:00+00:00
O-20250525-212500-BACKTEST-000-544,KRAKEN-BACKTEST,KrakenBTCUSDResearchStrategy-000,BTC/USD.KRAKEN,KRAKEN-1-544,BTC/USD.KRAKEN-KrakenBTCUSDResearchStrategy-000,KRAKEN-001,T-e47016c908d09d1c-162159,MARKET,SELL,0.01420035,GTC,False,False,0.01420035,TAKER,107460.0,0.0,['6.10 USD'],NO_TRIGGER,FILLED,NO_CONTINGENCY,,,,,,,,511f331d-27bc-4733-ae0d-dc4e180369e5,2025-05-25 21:25:00+00:00,2025-05-25 21:25:00+00:00
O-20250525-225000-BACKTEST-000-545,KRAKEN-BACKTEST,KrakenBTCUSDResearchStrategy-000,BTC/USD.KRAKEN,KRAKEN-1-545,BTC/USD.KRAKEN-KrakenBTCUSDResearchStrategy-000,KRAKEN-001,T-222c3acfd4157964-162226,MARKET,BUY,0.01398767,GTC,False,False,0.01398767,TAKER,108947.94,0.0,['6.10 USD'],NO_TRIGGER,FILLED,NO_CONTINGENCY,,,,,,,,f3fc87fb-e795-4b55-895c-9f71c0400c65,2025-05-25 22:50:00+00:00,2025-05-25 22:50:00+00:00
O-20250526-105000-BACKTEST-000-546,KRAKEN-BACKTEST,KrakenBTCUSDResearchStrategy-000,BTC/USD.KRAKEN,KRAKEN-1-546,BTC/USD.KRAKEN-KrakenBTCUSDResearchStrategy-000,KRAKEN-001,T-83f20bf017e13d44-162787,MARKET,SELL,0.01398767,GTC,False,False,0.01398767,TAKER,109571.43000000001,0.0,['6.13 USD'],NO_TRIGGER,FILLED,NO_CONTINGENCY,,,,,,,,54dc8f54-d54c-4643-921e-69283e0e475a,2025-05-26 10:50:00+00:00,2025-05-26 10:50:00+00:00
O-20250526-125000-BACKTEST-000-547,KRAKEN-BACKTEST,KrakenBTCUSDResearchStrategy-000,BTC/USD.KRAKEN,KRAKEN-1-547,BTC/USD.KRAKEN-KrakenBTCUSDResearchStrategy-000,KRAKEN-001,T-2855267127fda9b0-162883,MARKET,BUY,0.01384300,GTC,False,False,0.01384300,TAKER,110010.42,0.0,['6.09 USD'],NO_TRIGGER,FILLED,NO_CONTINGENCY,,,,,,,,847ae74a-3a3e-4454-bc25-80ef2560f646,2025-05-26 12:50:00+00:00,2025-05-26 12:50:00+00:00
O-20250526-130500-BACKTEST-000-548,KRAKEN-BACKTEST,KrakenBTCUSDResearchStrategy-000,BTC/USD.KRAKEN,KRAKEN-1-548,BTC/USD.KRAKEN-KrakenBTCUSDResearchStrategy-000,KRAKEN-001,T-287fa68b7d9de473-162896,MARKET,SELL,0.01384300,GTC,False,False,0.01384300,TAKER,109746.55,0.0,['6.08 USD'],NO_TRIGGER,FILLED,NO_CONTINGENCY,,,,,,,,4d896a76-5212-4dc9-a352-5c1c5528c063,2025-05-26 13:05:00+00:00,2025-05-26 13:05:00+00:00
O-20250526-153000-BACKTEST-000-549,KRAKEN-BACKTEST,KrakenBTCUSDResearchStrategy-000,BTC/USD.KRAKEN,KRAKEN-1-549,BTC/USD.KRAKEN-KrakenBTCUSDResearchStrategy-000,KRAKEN-001,T-953eca1d92bf93eb-163011,MARKET,BUY,0.01378408,GTC,False,False,0.01378408,TAKER,110136.36,0.0,['6.07 USD'],NO_TRIGGER,FILLED,NO_CONTINGENCY,,,,,,,,362d1796-4f5c-4d55-8c95-f68eb8a8dc22,2025-05-26 15:30:00+00:00,2025-05-26 15:30:00+00:00
O-20250526-161500-BACKTEST-000-550,KRAKEN-BACKTEST,KrakenBTCUSDResearchStrategy-000,BTC/USD.KRAKEN,KRAKEN-1-550,BTC/USD.KRAKEN-KrakenBTCUSDResearchStrategy-000,KRAKEN-001,T-f3bf1b0e37c115e4-163046,MARKET,SELL,0.01378408,GTC,False,False,0.01378408,TAKER,109700.01,0.0,['6.05 USD'],NO_TRIGGER,FILLED,NO_CONTINGENCY,,,,,,,,9894af06-4e4d-4702-a23e-b792f8fd105b,2025-05-26 16:15:00+00:00,2025-05-26 16:15:00+00:00
O-20250527-073500-BACKTEST-000-551,KRAKEN-BACKTEST,KrakenBTCUSDResearchStrategy-000,BTC/USD.KRAKEN,KRAKEN-1-551,BTC/USD.KRAKEN-KrakenBTCUSDResearchStrategy-000,KRAKEN-001,T-87054f9f8d11638a-163759,MARKET,BUY,0.01382217,GTC,False,False,0.01382217,TAKER,109439.13,0.0,['6.05 USD'],NO_TRIGGER,FILLED,NO_CONTINGENCY,,,,,,,,303a3610-2428-461b-98ec-c1c91c383524,2025-05-27 07:35:00+00:00,2025-05-27 07:35:00+00:00
O-20250527-142500-BACKTEST-000-552,KRAKEN-BACKTEST,KrakenBTCUSDResearchStrategy-000,BTC/USD.KRAKEN,KRAKEN-1-552,BTC/USD.KRAKEN-KrakenBTCUSDResearchStrategy-000,KRAKEN-001,T-bdd0d2ec7024bf45-164075,MARKET,SELL,0.01382217,GTC,False,False,0.01382217,TAKER,109535.20999999999,0.0,['6.06 USD'],NO_TRIGGER,FILLED,NO_CONTINGENCY,,,,,,,,786a13f7-0a76-475c-b761-25b9adae99cf,2025-05-27 14:25:00+00:00,2025-05-27 14:25:00+00:00
O-20250529-005500-BACKTEST-000-553,KRAKEN-BACKTEST,KrakenBTCUSDResearchStrategy-000,BTC/USD.KRAKEN,KRAKEN-1-553,BTC/USD.KRAKEN-KrakenBTCUSDResearchStrategy-000,KRAKEN-001,T-a78664d6ecfc40f8-165674,MARKET,BUY,0.01393956,GTC,False,False,0.01393956,TAKER,108285.31999999999,0.0,['6.04 USD'],NO_TRIGGER,FILLED,NO_CONTINGENCY,,,,,,,,66ddf998-8189-4681-8cb8-6fe01eef66be,2025-05-29 00:55:00+00:00,2025-05-29 00:55:00+00:00
O-20250529-012000-BACKTEST-000-554,KRAKEN-BACKTEST,KrakenBTCUSDResearchStrategy-000,BTC/USD.KRAKEN,KRAKEN-1-554,BTC/USD.KRAKEN-KrakenBTCUSDResearchStrategy-000,KRAKEN-001,T-f49bf74e54d44515-165694,MARKET,SELL,0.01393956,GTC,False,False,0.01393956,TAKER,107913.31,0.0,['6.02 USD'],NO_TRIGGER,FILLED,NO_CONTINGENCY,,,,,,,,74094469-4ec4-4cf0-a48b-0b12a5c16f3c,2025-05-29 01:20:00+00:00,2025-05-29 01:20:00+00:00
O-20250529-025000-BACKTEST-000-555,KRAKEN-BACKTEST,KrakenBTCUSDResearchStrategy-000,BTC/USD.KRAKEN,KRAKEN-1-555,BTC/USD.KRAKEN-KrakenBTCUSDResearchStrategy-000,KRAKEN-001,T-e2de6bcd18e2f989-165767,MARKET,BUY,0.01387262,GTC,False,False,0.01387262,TAKER,108434.79000000001,0.0,['6.02 USD'],NO_TRIGGER,FILLED,NO_CONTINGENCY,,,,,,,,35a0d482-3bb7-4d0a-b6cb-7a5f461182f7,2025-05-29 02:50:00+00:00,2025-05-29 02:50:00+00:00
O-20250529-033000-BACKTEST-000-556,KRAKEN-BACKTEST,KrakenBTCUSDResearchStrategy-000,BTC/USD.KRAKEN,KRAKEN-1-556,BTC/USD.KRAKEN-KrakenBTCUSDResearchStrategy-000,KRAKEN-001,T-295f32631ec486db-165800,MARKET,SELL,0.01387262,GTC,False,False,0.01387262,TAKER,108141.67,0.0,['6.00 USD'],NO_TRIGGER,FILLED,NO_CONTINGENCY,,,,,,,,386c3146-234d-46bb-9bc5-b6ceca44ad0e,2025-05-29 03:30:00+00:00,2025-05-29 03:30:00+00:00
O-20250529-082000-BACKTEST-000-557,KRAKEN-BACKTEST,KrakenBTCUSDResearchStrategy-000,BTC/USD.KRAKEN,KRAKEN-1-557,BTC/USD.KRAKEN-KrakenBTCUSDResearchStrategy-000,KRAKEN-001,T-1e1dab0bd31a04b0-166023,MARKET,BUY,0.01385724,GTC,False,False,0.01385724,TAKER,108207.03,0.0,['6.00 USD'],NO_TRIGGER,FILLED,NO_CONTINGENCY,,,,,,,,792df01c-1c6e-41da-86c1-91ad204189b9,2025-05-29 08:20:00+00:00,2025-05-29 08:20:00+00:00
O-20250529-131500-BACKTEST-000-558,KRAKEN-BACKTEST,KrakenBTCUSDResearchStrategy-000,BTC/USD.KRAKEN,KRAKEN-1-558,BTC/USD.KRAKEN-KrakenBTCUSDResearchStrategy-000,KRAKEN-001,T-ae4a6145b1284b41-166250,MARKET,SELL,0.01385724,GTC,False,False,0.01385724,TAKER,108277.89,0.0,['6.00 USD'],NO_TRIGGER,FILLED,NO_CONTINGENCY,,,,,,,,e458023a-686a-4f50-b77a-5f4862505293,2025-05-29 13:15:00+00:00,2025-05-29 13:15:00+00:00
O-20250530-053000-BACKTEST-000-559,KRAKEN-BACKTEST,KrakenBTCUSDResearchStrategy-000,BTC/USD.KRAKEN,KRAKEN-1-559,BTC/USD.KRAKEN-KrakenBTCUSDResearchStrategy-000,KRAKEN-001,T-0b29fcf3b518954d-167011,MARKET,BUY,0.01408473,GTC,False,False,0.01408473,TAKER,106224.56,0.0,['5.98 USD'],NO_TRIGGER,FILLED,NO_CONTINGENCY,,,,,,,,dd687e59-9159-446c-a371-399f2f173198,2025-05-30 05:30:00+00:00,2025-05-30 05:30:00+00:00
O-20250530-054500-BACKTEST-000-560,KRAKEN-BACKTEST,KrakenBTCUSDResearchStrategy-000,BTC/USD.KRAKEN,KRAKEN-1-560,BTC/USD.KRAKEN-KrakenBTCUSDResearchStrategy-000,KRAKEN-001,T-4a7a76eea1fb9f87-167024,MARKET,SELL,0.01408473,GTC,False,False,0.01408473,TAKER,106076.26999999999,0.0,['5.98 USD'],NO_TRIGGER,FILLED,NO_CONTINGENCY,,,,,,,,76922594-d7bd-40cf-9bdc-7dc3a8efe156,2025-05-30 05:45:00+00:00,2025-05-30 05:45:00+00:00
O-20250531-125500-BACKTEST-000-561,KRAKEN-BACKTEST,KrakenBTCUSDResearchStrategy-000,BTC/USD.KRAKEN,KRAKEN-1-561,BTC/USD.KRAKEN-KrakenBTCUSDResearchStrategy-000,KRAKEN-001,T-5a46757a98f4375b-168461,MARKET,BUY,0.01434082,GTC,False,False,0.01434082,TAKER,104033.95999999999,0.0,['5.97 USD'],NO_TRIGGER,FILLED,NO_CONTINGENCY,,,,,,,,4836cac9-b788-43a9-a30a-f56a519f834e,2025-05-31 12:55:00+00:00,2025-05-31 12:55:00+00:00
O-20250531-230000-BACKTEST-000-562,KRAKEN-BACKTEST,KrakenBTCUSDResearchStrategy-000,BTC/USD.KRAKEN,KRAKEN-1-562,BTC/USD.KRAKEN-KrakenBTCUSDResearchStrategy-000,KRAKEN-001,T-7acd38000149bc56-168933,MARKET,SELL,0.01434082,GTC,False,False,0.01434082,TAKER,104517.74,0.0,['6.00 USD'],NO_TRIGGER,FILLED,NO_CONTINGENCY,,,,,,,,d1836d80-c837-498b-ac03-5f2c0ce20edd,2025-05-31 23:00:00+00:00,2025-05-31 23:00:00+00:00
O-20250601-140500-BACKTEST-000-563,KRAKEN-BACKTEST,KrakenBTCUSDResearchStrategy-000,BTC/USD.KRAKEN,KRAKEN-1-563,BTC/USD.KRAKEN-KrakenBTCUSDResearchStrategy-000,KRAKEN-001,T-bf3ae673f0a10c68-169626,MARKET,BUY,0.01425800,GTC,False,False,0.01425800,TAKER,104532.47,0.0,['5.96 USD'],NO_TRIGGER,FILLED,NO_CONTINGENCY,,,,,,,,450a381f-fdd8-49cf-baaa-bf6f2d1b0831,2025-06-01 14:05:00+00:00,2025-06-01 14:05:00+00:00
O-20250601-183000-BACKTEST-000-564,KRAKEN-BACKTEST,KrakenBTCUSDResearchStrategy-000,BTC/USD.KRAKEN,KRAKEN-1-564,BTC/USD.KRAKEN-KrakenBTCUSDResearchStrategy-000,KRAKEN-001,T-3486a7141409f954-169835,MARKET,SELL,0.01425800,GTC,False,False,0.01425800,TAKER,104597.90000000001,0.0,['5.97 USD'],NO_TRIGGER,FILLED,NO_CONTINGENCY,,,,,,,,725baba7-b2d5-4c99-9aa7-7c94476eafce,2025-06-01 18:30:00+00:00,2025-06-01 18:30:00+00:00
O-20250601-215500-BACKTEST-000-565,KRAKEN-BACKTEST,KrakenBTCUSDResearchStrategy-000,BTC/USD.KRAKEN,KRAKEN-1-565,BTC/USD.KRAKEN-KrakenBTCUSDResearchStrategy-000,KRAKEN-001,T-d30e65d230b2e5eb-169997,MARKET,BUY,0.01409645,GTC,False,False,0.01409645,TAKER,105496.54000000001,0.0,['5.95 USD'],NO_TRIGGER,FILLED,NO_CONTINGENCY,,,,,,,,51042be9-3357-41a3-84f3-ce65736a08a4,2025-06-01 21:55:00+00:00,2025-06-01 21:55:00+00:00
O-20250602-020000-BACKTEST-000-566,KRAKEN-BACKTEST,KrakenBTCUSDResearchStrategy-000,BTC/USD.KRAKEN,KRAKEN-1-566,BTC/USD.KRAKEN-KrakenBTCUSDResearchStrategy-000,KRAKEN-001,T-e87a20709f17bae3-170190,MARKET,SELL,0.01409645,GTC,False,False,0.01409645,TAKER,105285.37,0.0,['5.94 USD'],NO_TRIGGER,FILLED,NO_CONTINGENCY,,,,,,,,da1ab3a8-1e3c-47af-8b4c-63028482d14d,2025-06-02 02:00:00+00:00,2025-06-02 02:00:00+00:00
O-20250602-074000-BACKTEST-000-567,KRAKEN-BACKTEST,KrakenBTCUSDResearchStrategy-000,BTC/USD.KRAKEN,KRAKEN-1-567,BTC/USD.KRAKEN-KrakenBTCUSDResearchStrategy-000,KRAKEN-001,T-64f0a897d326236b-170452,MARKET,BUY,0.01406250,GTC,False,False,0.01406250,TAKER,105433.97,0.0,['5.93 USD'],NO_TRIGGER,FILLED,NO_CONTINGENCY,,,,,,,,3d5dbbe9-194a-4202-a77c-149b1ad563d3,2025-06-02 07:40:00+00:00,2025-06-02 07:40:00+00:00
O-20250602-090500-BACKTEST-000-568,KRAKEN-BACKTEST,KrakenBTCUSDResearchStrategy-000,BTC/USD.KRAKEN,KRAKEN-1-568,BTC/USD.KRAKEN-KrakenBTCUSDResearchStrategy-000,KRAKEN-001,T-14608ac6413f2e23-170520,MARKET,SELL,0.01406250,GTC,False,False,0.01406250,TAKER,104949.47,0.0,['5.90 USD'],NO_TRIGGER,FILLED,NO_CONTINGENCY,,,,,,,,b848651c-904c-4056-941d-142a177bc74a,2025-06-02 09:05:00+00:00,2025-06-02 09:05:00+00:00
O-20250602-201000-BACKTEST-000-569,KRAKEN-BACKTEST,KrakenBTCUSDResearchStrategy-000,BTC/USD.KRAKEN,KRAKEN-1-569,BTC/USD.KRAKEN-KrakenBTCUSDResearchStrategy-000,KRAKEN-001,T-97bfa17f60de6f9d-171039,MARKET,BUY,0.01408141,GTC,False,False,0.01408141,TAKER,104895.1,0.0,['5.91 USD'],NO_TRIGGER,FILLED,NO_CONTINGENCY,,,,,,,,bea76b17-6cc4-428a-b4cb-d272862aafe4,2025-06-02 20:10:00+00:00,2025-06-02 20:10:00+00:00
O-20250602-213000-BACKTEST-000-570,KRAKEN-BACKTEST,KrakenBTCUSDResearchStrategy-000,BTC/USD.KRAKEN,KRAKEN-1-570,BTC/USD.KRAKEN-KrakenBTCUSDResearchStrategy-000,KRAKEN-001,T-f0def7c952e498c2-171099,MARKET,SELL,0.01408141,GTC,False,False,0.01408141,TAKER,104617.02,0.0,['5.89 USD'],NO_TRIGGER,FILLED,NO_CONTINGENCY,,,,,,,,a614a453-d551-48f1-8e8c-90058c0a7670,2025-06-02 21:30:00+00:00,2025-06-02 21:30:00+00:00
O-20250602-232000-BACKTEST-000-571,KRAKEN-BACKTEST,KrakenBTCUSDResearchStrategy-000,BTC/USD.KRAKEN,KRAKEN-1-571,BTC/USD.KRAKEN-KrakenBTCUSDResearchStrategy-000,KRAKEN-001,T-9a29730371c2d4fd-171187,MARKET,BUY,0.01390210,GTC,False,False,0.01390210,TAKER,105908.98999999999,0.0,['5.89 USD'],NO_TRIGGER,FILLED,NO_CONTINGENCY,,,,,,,,7950b176-ec30-4f4e-8310-2b0bf134ff4e,2025-06-02 23:20:00+00:00,2025-06-02 23:20:00+00:00
O-20250603-024500-BACKTEST-000-572,KRAKEN-BACKTEST,KrakenBTCUSDResearchStrategy-000,BTC/USD.KRAKEN,KRAKEN-1-572,BTC/USD.KRAKEN-KrakenBTCUSDResearchStrategy-000,KRAKEN-001,T-27e835b09944f93e-171347,MARKET,SELL,0.01390210,GTC,False,False,0.01390210,TAKER,105666.66,0.0,['5.88 USD'],NO_TRIGGER,FILLED,NO_CONTINGENCY,,,,,,,,b58d7407-c2f5-4cd2-b8f7-fc2bb2b0876b,2025-06-03 02:45:00+00:00,2025-06-03 02:45:00+00:00
O-20250603-134000-BACKTEST-000-573,KRAKEN-BACKTEST,KrakenBTCUSDResearchStrategy-000,BTC/USD.KRAKEN,KRAKEN-1-573,BTC/USD.KRAKEN-KrakenBTCUSDResearchStrategy-000,KRAKEN-001,T-877e6c5fd2b624ff-171837,MARKET,BUY,0.01390241,GTC,False,False,0.01390241,TAKER,105579.94,0.0,['5.87 USD'],NO_TRIGGER,FILLED,NO_CONTINGENCY,,,,,,,,268f921a-b1b0-45d4-a9e5-ee9752907ea5,2025-06-03 13:40:00+00:00,2025-06-03 13:40:00+00:00
O-20250603-140500-BACKTEST-000-574,KRAKEN-BACKTEST,KrakenBTCUSDResearchStrategy-000,BTC/USD.KRAKEN,KRAKEN-1-574,BTC/USD.KRAKEN-KrakenBTCUSDResearchStrategy-000,KRAKEN-001,T-4afb2883b818a3cd-171857,MARKET,SELL,0.01390241,GTC,False,False,0.01390241,TAKER,105278.8,0.0,['5.85 USD'],NO_TRIGGER,FILLED,NO_CONTINGENCY,,,,,,,,95f20b3b-40c3-4564-a10b-5ab6d0b6104d,2025-06-03 14:05:00+00:00,2025-06-03 14:05:00+00:00
O-20250603-145000-BACKTEST-000-575,KRAKEN-BACKTEST,KrakenBTCUSDResearchStrategy-000,BTC/USD.KRAKEN,KRAKEN-1-575,BTC/USD.KRAKEN-KrakenBTCUSDResearchStrategy-000,KRAKEN-001,T-12696966ec326be9-171894,MARKET,BUY,0.01373308,GTC,False,False,0.01373308,TAKER,106534.18,0.0,['5.85 USD'],NO_TRIGGER,FILLED,NO_CONTINGENCY,,,,,,,,552b039c-05d0-4b27-942c-a4f615d93a31,2025-06-03 14:50:00+00:00,2025-06-03 14:50:00+00:00
O-20250603-164000-BACKTEST-000-576,KRAKEN-BACKTEST,KrakenBTCUSDResearchStrategy-000,BTC/USD.KRAKEN,KRAKEN-1-576,BTC/USD.KRAKEN-KrakenBTCUSDResearchStrategy-000,KRAKEN-001,T-430e2ae660fbbd5f-171982,MARKET,SELL,0.01373308,GTC,False,False,0.01373308,TAKER,106169.52,0.0,['5.83 USD'],NO_TRIGGER,FILLED,NO_CONTINGENCY,,,,,,,,848f99c6-2ebb-437c-a00b-0bbeb8c187c5,2025-06-03 16:40:00+00:00,2025-06-03 16:40:00+00:00
O-20250604-101000-BACKTEST-000-577,KRAKEN-BACKTEST,KrakenBTCUSDResearchStrategy-000,BTC/USD.KRAKEN,KRAKEN-1-577,BTC/USD.KRAKEN-KrakenBTCUSDResearchStrategy-000,KRAKEN-001,T-bdf240baba6d0cd8-172782,MARKET,BUY,0.01376115,GTC,False,False,0.01376115,TAKER,105953.05,0.0,['5.83 USD'],NO_TRIGGER,FILLED,NO_CONTINGENCY,,,,,,,,b8ebfcc2-7cf3-4293-88e0-706c58eea0a3,2025-06-04 10:10:00+00:00,2025-06-04 10:10:00+00:00
O-20250604-102500-BACKTEST-000-578,KRAKEN-BACKTEST,KrakenBTCUSDResearchStrategy-000,BTC/USD.KRAKEN,KRAKEN-1-578,BTC/USD.KRAKEN-KrakenBTCUSDResearchStrategy-000,KRAKEN-001,T-e594ac426a64d4a5-172793,MARKET,SELL,0.01376115,GTC,False,False,0.01376115,TAKER,105734.34,0.0,['5.82 USD'],NO_TRIGGER,FILLED,NO_CONTINGENCY,,,,,,,,edf514e8-4291-43e3-8d52-f7bdf9478bfb,2025-06-04 10:25:00+00:00,2025-06-04 10:25:00+00:00
O-20250605-120500-BACKTEST-000-579,KRAKEN-BACKTEST,KrakenBTCUSDResearchStrategy-000,BTC/USD.KRAKEN,KRAKEN-1-579,BTC/USD.KRAKEN-KrakenBTCUSDResearchStrategy-000,KRAKEN-001,T-ef542084171b3ce5-173967,MARKET,BUY,0.01385025,GTC,False,False,0.01385025,TAKER,104953.90000000001,0.0,['5.81 USD'],NO_TRIGGER,FILLED,NO_CONTINGENCY,,,,,,,,ed7884b2-3c3e-4b9e-9ac2-06ab6eae15f5,2025-06-05 12:05:00+00:00,2025-06-05 12:05:00+00:00
O-20250605-134500-BACKTEST-000-580,KRAKEN-BACKTEST,KrakenBTCUSDResearchStrategy-000,BTC/USD.KRAKEN,KRAKEN-1-580,BTC/USD.KRAKEN-KrakenBTCUSDResearchStrategy-000,KRAKEN-001,T-de783bdfbc053521-174046,MARKET,SELL,0.01385025,GTC,False,False,0.01385025,TAKER,104940.01,0.0,['5.81 USD'],NO_TRIGGER,FILLED,NO_CONTINGENCY,,,,,,,,8f1d5e43-6a68-4b55-84a3-d82c89686dce,2025-06-05 13:45:00+00:00,2025-06-05 13:45:00+00:00
O-20250606-034500-BACKTEST-000-581,KRAKEN-BACKTEST,KrakenBTCUSDResearchStrategy-000,BTC/USD.KRAKEN,KRAKEN-1-581,BTC/USD.KRAKEN-KrakenBTCUSDResearchStrategy-000,KRAKEN-001,T-bf60a35b1f256299-174700,MARKET,BUY,0.01414566,GTC,False,False,0.01414566,TAKER,102511.62,0.0,['5.80 USD'],NO_TRIGGER,FILLED,NO_CONTINGENCY,,,,,,,,f9b46bf4-412e-4bec-96c5-ac3421c1d7b0,2025-06-06 03:45:00+00:00,2025-06-06 03:45:00+00:00
O-20250606-192000-BACKTEST-000-582,KRAKEN-BACKTEST,KrakenBTCUSDResearchStrategy-000,BTC/USD.KRAKEN,KRAKEN-1-582,BTC/USD.KRAKEN-KrakenBTCUSDResearchStrategy-000,KRAKEN-001,T-4708e02f97e6b48a-175424,MARKET,SELL,0.01414566,GTC,False,False,0.01414566,TAKER,104372.09,0.0,['5.91 USD'],NO_TRIGGER,FILLED,NO_CONTINGENCY,,,,,,,,240354eb-3f17-4cd0-b779-921921517146,2025-06-06 19:20:00+00:00,2025-06-06 19:20:00+00:00
O-20250607-025000-BACKTEST-000-583,KRAKEN-BACKTEST,KrakenBTCUSDResearchStrategy-000,BTC/USD.KRAKEN,KRAKEN-1-583,BTC/USD.KRAKEN-KrakenBTCUSDResearchStrategy-000,KRAKEN-001,T-5576b6cff94bcf85-175769,MARKET,BUY,0.01390621,GTC,False,False,0.01390621,TAKER,104591.93,0.0,['5.82 USD'],NO_TRIGGER,FILLED,NO_CONTINGENCY,,,,,,,,e376cf49-84b9-4c2d-952b-8b2396bb7b59,2025-06-07 02:50:00+00:00,2025-06-07 02:50:00+00:00
O-20250607-085000-BACKTEST-000-584,KRAKEN-BACKTEST,KrakenBTCUSDResearchStrategy-000,BTC/USD.KRAKEN,KRAKEN-1-584,BTC/USD.KRAKEN-KrakenBTCUSDResearchStrategy-000,KRAKEN-001,T-da558c123183f720-176037,MARKET,SELL,0.01390621,GTC,False,False,0.01390621,TAKER,104737.31999999999,0.0,['5.83 USD'],NO_TRIGGER,FILLED,NO_CONTINGENCY,,,,,,,,eda95260-9b43-421a-941f-1a4f2679ec62,2025-06-07 08:50:00+00:00,2025-06-07 08:50:00+00:00
O-20250607-121000-BACKTEST-000-585,KRAKEN-BACKTEST,KrakenBTCUSDResearchStrategy-000,BTC/USD.KRAKEN,KRAKEN-1-585,BTC/USD.KRAKEN-KrakenBTCUSDResearchStrategy-000,KRAKEN-001,T-c31e0e2bc9f123d7-176188,MARKET,BUY,0.01378806,GTC,False,False,0.01378806,TAKER,105278.68000000001,0.0,['5.81 USD'],NO_TRIGGER,FILLED,NO_CONTINGENCY,,,,,,,,0b27bc1c-20cf-4f4f-8784-0067c844e381,2025-06-07 12:10:00+00:00,2025-06-07 12:10:00+00:00
O-20250607-232000-BACKTEST-000-586,KRAKEN-BACKTEST,KrakenBTCUSDResearchStrategy-000,BTC/USD.KRAKEN,KRAKEN-1-586,BTC/USD.KRAKEN-KrakenBTCUSDResearchStrategy-000,KRAKEN-001,T-b64313d56efd5bd5-176698,MARKET,SELL,0.01378806,GTC,False,False,0.01378806,TAKER,105651.26000000001,0.0,['5.83 USD'],NO_TRIGGER,FILLED,NO_CONTINGENCY,,,,,,,,60414170-b9d6-4287-8c8a-bac0626b92b8,2025-06-07 23:20:00+00:00,2025-06-07 23:20:00+00:00
O-20250608-121000-BACKTEST-000-587,KRAKEN-BACKTEST,KrakenBTCUSDResearchStrategy-000,BTC/USD.KRAKEN,KRAKEN-1-587,BTC/USD.KRAKEN-KrakenBTCUSDResearchStrategy-000,KRAKEN-001,T-b680f2cead2e6dfc-177276,MARKET,BUY,0.01370616,GTC,False,False,0.01370616,TAKER,105765.48,0.0,['5.80 USD'],NO_TRIGGER,FILLED,NO_CONTINGENCY,,,,,,,,9b4b97ae-21bd-4c8a-b52d-24caf25f8b49,2025-06-08 12:10:00+00:00,2025-06-08 12:10:00+00:00
O-20250608-123500-BACKTEST-000-588,KRAKEN-BACKTEST,KrakenBTCUSDResearchStrategy-000,BTC/USD.KRAKEN,KRAKEN-1-588,BTC/USD.KRAKEN-KrakenBTCUSDResearchStrategy-000,KRAKEN-001,T-645106ae14708f5b-177295,MARKET,SELL,0.01370616,GTC,False,False,0.01370616,TAKER,105563.18000000001,0.0,['5.79 USD'],NO_TRIGGER,FILLED,NO_CONTINGENCY,,,,,,,,ff157c5d-efd6-43a4-8317-42b767ded5ce,2025-06-08 12:35:00+00:00,2025-06-08 12:35:00+00:00
O-20250608-133000-BACKTEST-000-589,KRAKEN-BACKTEST,KrakenBTCUSDResearchStrategy-000,BTC/USD.KRAKEN,KRAKEN-1-589,BTC/USD.KRAKEN-KrakenBTCUSDResearchStrategy-000,KRAKEN-001,T-d6a5cb70098a574c-177339,MARKET,BUY,0.01365477,GTC,False,False,0.01365477,TAKER,105847.99,0.0,['5.78 USD'],NO_TRIGGER,FILLED,NO_CONTINGENCY,,,,,,,,90ca7203-e48f-4025-ba6e-12868aed4a16,2025-06-08 13:30:00+00:00,2025-06-08 13:30:00+00:00
O-20250608-135500-BACKTEST-000-590,KRAKEN-BACKTEST,KrakenBTCUSDResearchStrategy-000,BTC/USD.KRAKEN,KRAKEN-1-590,BTC/USD.KRAKEN-KrakenBTCUSDResearchStrategy-000,KRAKEN-001,T-6555b6e493116a8b-177359,MARKET,SELL,0.01365477,GTC,False,False,0.01365477,TAKER,105627.90000000001,0.0,['5.77 USD'],NO_TRIGGER,FILLED,NO_CONTINGENCY,,,,,,,,da459677-1031-4ff7-8f1b-a165e38f99ea,2025-06-08 13:55:00+00:00,2025-06-08 13:55:00+00:00
O-20250608-215000-BACKTEST-000-591,KRAKEN-BACKTEST,KrakenBTCUSDResearchStrategy-000,BTC/USD.KRAKEN,KRAKEN-1-591,BTC/USD.KRAKEN-KrakenBTCUSDResearchStrategy-000,KRAKEN-001,T-3b2786ce84eefb45-177712,MARKET,BUY,0.01353890,GTC,False,False,0.01353890,TAKER,106431.32,0.0,['5.76 USD'],NO_TRIGGER,FILLED,NO_CONTINGENCY,,,,,,,,6d6dc767-10e1-4aeb-8a34-eeb7cdfc4f7e,2025-06-08 21:50:00+00:00,2025-06-08 21:50:00+00:00
O-20250608-215500-BACKTEST-000-592,KRAKEN-BACKTEST,KrakenBTCUSDResearchStrategy-000,BTC/USD.KRAKEN,KRAKEN-1-592,BTC/USD.KRAKEN-KrakenBTCUSDResearchStrategy-000,KRAKEN-001,T-f78a1e5b896211eb-177717,MARKET,SELL,0.01353890,GTC,False,False,0.01353890,TAKER,106331.92,0.0,['5.76 USD'],NO_TRIGGER,FILLED,NO_CONTINGENCY,,,,,,,,d75a4107-1856-47bc-82d1-76f9ef42ab8c,2025-06-08 21:55:00+00:00,2025-06-08 21:55:00+00:00
O-20250609-085500-BACKTEST-000-593,KRAKEN-BACKTEST,KrakenBTCUSDResearchStrategy-000,BTC/USD.KRAKEN,KRAKEN-1-593,BTC/USD.KRAKEN-KrakenBTCUSDResearchStrategy-000,KRAKEN-001,T-daa310458d1d8491-178216,MARKET,BUY,0.01356701,GTC,False,False,0.01356701,TAKER,105926.39,0.0,['5.75 USD'],NO_TRIGGER,FILLED,NO_CONTINGENCY,,,,,,,,858f4298-73e5-4f32-9c2f-71c7b306fdbf,2025-06-09 08:55:00+00:00,2025-06-09 08:55:00+00:00
O-20250610-020500-BACKTEST-000-594,KRAKEN-BACKTEST,KrakenBTCUSDResearchStrategy-000,BTC/USD.KRAKEN,KRAKEN-1-594,BTC/USD.KRAKEN-KrakenBTCUSDResearchStrategy-000,KRAKEN-001,T-f508ed9dc658195e-179020,MARKET,SELL,0.01356701,GTC,False,False,0.01356701,TAKER,109395.51,0.0,['5.94 USD'],NO_TRIGGER,FILLED,NO_CONTINGENCY,,,,,,,,6b6aab6e-cfad-4270-9420-ede8bba758e3,2025-06-10 02:05:00+00:00,2025-06-10 02:05:00+00:00
O-20250610-112500-BACKTEST-000-595,KRAKEN-BACKTEST,KrakenBTCUSDResearchStrategy-000,BTC/USD.KRAKEN,KRAKEN-1-595,BTC/USD.KRAKEN-KrakenBTCUSDResearchStrategy-000,KRAKEN-001,T-ba50a96adc095044-179445,MARKET,BUY,0.01319162,GTC,False,False,0.01319162,TAKER,109745.28,0.0,['5.79 USD'],NO_TRIGGER,FILLED,NO_CONTINGENCY,,,,,,,,2103f05b-84a2-4d40-b874-1d50b7e39cdc,2025-06-10 11:25:00+00:00,2025-06-10 11:25:00+00:00
O-20250610-120500-BACKTEST-000-596,KRAKEN-BACKTEST,KrakenBTCUSDResearchStrategy-000,BTC/USD.KRAKEN,KRAKEN-1-596,BTC/USD.KRAKEN-KrakenBTCUSDResearchStrategy-000,KRAKEN-001,T-80212e5fdcdbb92e-179477,MARKET,SELL,0.01319162,GTC,False,False,0.01319162,TAKER,109492.13,0.0,['5.78 USD'],NO_TRIGGER,FILLED,NO_CONTINGENCY,,,,,,,,6f40c667-43ec-49f6-afd5-b51861b1970e,2025-06-10 12:05:00+00:00,2025-06-10 12:05:00+00:00
O-20250610-131500-BACKTEST-000-597,KRAKEN-BACKTEST,KrakenBTCUSDResearchStrategy-000,BTC/USD.KRAKEN,KRAKEN-1-597,BTC/USD.KRAKEN-KrakenBTCUSDResearchStrategy-000,KRAKEN-001,T-6b635a5b00b6a7f6-179533,MARKET,BUY,0.01313235,GTC,False,False,0.01313235,TAKER,109900.0,0.0,['5.77 USD'],NO_TRIGGER,FILLED,NO_CONTINGENCY,,,,,,,,a3b7ccf4-5743-48b2-be2a-1bef6cda2ae9,2025-06-10 13:15:00+00:00,2025-06-10 13:15:00+00:00
O-20250610-133000-BACKTEST-000-598,KRAKEN-BACKTEST,KrakenBTCUSDResearchStrategy-000,BTC/USD.KRAKEN,KRAKEN-1-598,BTC/USD.KRAKEN-KrakenBTCUSDResearchStrategy-000,KRAKEN-001,T-d7835290d39c27d1-179546,MARKET,SELL,0.01313235,GTC,False,False,0.01313235,TAKER,109428.59,0.0,['5.75 USD'],NO_TRIGGER,FILLED,NO_CONTINGENCY,,,,,,,,f1e1451a-4449-48a5-8d02-f499c66e3e73,2025-06-10 13:30:00+00:00,2025-06-10 13:30:00+00:00
O-20250610-191500-BACKTEST-000-599,KRAKEN-BACKTEST,KrakenBTCUSDResearchStrategy-000,BTC/USD.KRAKEN,KRAKEN-1-599,BTC/USD.KRAKEN-KrakenBTCUSDResearchStrategy-000,KRAKEN-001,T-3a8ba0c303041151-179817,MARKET,BUY,0.01312321,GTC,False,False,0.01312321,TAKER,109571.47,0.0,['5.75 USD'],NO_TRIGGER,FILLED,NO_CONTINGENCY,,,,,,,,9a459d09-f88e-443a-ba66-91a8f80da1f1,2025-06-10 19:15:00+00:00,2025-06-10 19:15:00+00:00
O-20250611-010500-BACKTEST-000-600,KRAKEN-BACKTEST,KrakenBTCUSDResearchStrategy-000,BTC/USD.KRAKEN,KRAKEN-1-600,BTC/USD.KRAKEN-KrakenBTCUSDResearchStrategy-000,KRAKEN-001,T-1700f890456d0086-180087,MARKET,SELL,0.01312321,GTC,False,False,0.01312321,TAKER,109666.28,0.0,['5.76 USD'],NO_TRIGGER,FILLED,NO_CONTINGENCY,,,,,,,,3351beeb-b312-4914-b51b-c9db6d4dce0f,2025-06-11 01:05:00+00:00,2025-06-11 01:05:00+00:00
O-20250611-141000-BACKTEST-000-601,KRAKEN-BACKTEST,KrakenBTCUSDResearchStrategy-000,BTC/USD.KRAKEN,KRAKEN-1-601,BTC/USD.KRAKEN-KrakenBTCUSDResearchStrategy-000,KRAKEN-001,T-f18657815bd1b1fd-180688,MARKET,BUY,0.01304526,GTC,False,False,0.01304526,TAKER,109990.0,0.0,['5.74 USD'],NO_TRIGGER,FILLED,NO_CONTINGENCY,,,,,,,,050149a3-27b6-4ab5-a74b-15f59b6d09f1,2025-06-11 14:10:00+00:00,2025-06-11 14:10:00+00:00
O-20250611-160500-BACKTEST-000-602,KRAKEN-BACKTEST,KrakenBTCUSDResearchStrategy-000,BTC/USD.KRAKEN,KRAKEN-1-602,BTC/USD.KRAKEN-KrakenBTCUSDResearchStrategy-000,KRAKEN-001,T-4f295266881c8b9c-180778,MARKET,SELL,0.01304526,GTC,False,False,0.01304526,TAKER,109507.98000000001,0.0,['5.71 USD'],NO_TRIGGER,FILLED,NO_CONTINGENCY,,,,,,,,6005e93e-5ce6-4128-8208-9f5efe143e4c,2025-06-11 16:05:00+00:00,2025-06-11 16:05:00+00:00
O-20250612-170500-BACKTEST-000-603,KRAKEN-BACKTEST,KrakenBTCUSDResearchStrategy-000,BTC/USD.KRAKEN,KRAKEN-1-603,BTC/USD.KRAKEN-KrakenBTCUSDResearchStrategy-000,KRAKEN-001,T-0baf053cc8271db2-181932,MARKET,BUY,0.01325354,GTC,False,False,0.01325354,TAKER,107860.0,0.0,['5.72 USD'],NO_TRIGGER,FILLED,NO_CONTINGENCY,,,,,,,,ac206c0d-e51c-4d81-a437-b7fc08edf7d1,2025-06-12 17:05:00+00:00,2025-06-12 17:05:00+00:00
O-20250612-184000-BACKTEST-000-604,KRAKEN-BACKTEST,KrakenBTCUSDResearchStrategy-000,BTC/USD.KRAKEN,KRAKEN-1-604,BTC/USD.KRAKEN-KrakenBTCUSDResearchStrategy-000,KRAKEN-001,T-f746dd4f5bec3e19-182006,MARKET,SELL,0.01325354,GTC,False,False,0.01325354,TAKER,107581.22,0.0,['5.70 USD'],NO_TRIGGER,FILLED,NO_CONTINGENCY,,,,,,,,b675ff40-8ecb-44f6-80e3-e2fda3916eb8,2025-06-12 18:40:00+00:00,2025-06-12 18:40:00+00:00
O-20250613-080500-BACKTEST-000-605,KRAKEN-BACKTEST,KrakenBTCUSDResearchStrategy-000,BTC/USD.KRAKEN,KRAKEN-1-605,BTC/USD.KRAKEN-KrakenBTCUSDResearchStrategy-000,KRAKEN-001,T-e01b1c7a760fa838-182633,MARKET,BUY,0.01356004,GTC,False,False,0.01356004,TAKER,105087.5,0.0,['5.70 USD'],NO_TRIGGER,FILLED,NO_CONTINGENCY,,,,,,,,27033386-13b6-46cb-aef0-a1990a5e8af5,2025-06-13 08:05:00+00:00,2025-06-13 08:05:00+00:00
O-20250613-090000-BACKTEST-000-606,KRAKEN-BACKTEST,KrakenBTCUSDResearchStrategy-000,BTC/USD.KRAKEN,KRAKEN-1-606,BTC/USD.KRAKEN-KrakenBTCUSDResearchStrategy-000,KRAKEN-001,T-48df0045fae00c23-182678,MARKET,SELL,0.01356004,GTC,False,False,0.01356004,TAKER,104673.70999999999,0.0,['5.68 USD'],NO_TRIGGER,FILLED,NO_CONTINGENCY,,,,,,,,9a05ae89-8697-4da0-96d4-a3ceb3ade8bc,2025-06-13 09:00:00+00:00,2025-06-13 09:00:00+00:00
O-20250613-151000-BACKTEST-000-607,KRAKEN-BACKTEST,KrakenBTCUSDResearchStrategy-000,BTC/USD.KRAKEN,KRAKEN-1-607,BTC/USD.KRAKEN-KrakenBTCUSDResearchStrategy-000,KRAKEN-001,T-2c5e7ad6afcbfbb0-182970,MARKET,BUY,0.01346152,GTC,False,False,0.01346152,TAKER,105477.95999999999,0.0,['5.68 USD'],NO_TRIGGER,FILLED,NO_CONTINGENCY,,,,,,,,33aff1a2-658a-4cfd-ba0d-39eada3c0b7d,2025-06-13 15:10:00+00:00,2025-06-13 15:10:00+00:00
O-20250613-172500-BACKTEST-000-608,KRAKEN-BACKTEST,KrakenBTCUSDResearchStrategy-000,BTC/USD.KRAKEN,KRAKEN-1-608,BTC/USD.KRAKEN-KrakenBTCUSDResearchStrategy-000,KRAKEN-001,T-be6056ad9e34bff7-183073,MARKET,SELL,0.01346152,GTC,False,False,0.01346152,TAKER,105063.2,0.0,['5.66 USD'],NO_TRIGGER,FILLED,NO_CONTINGENCY,,,,,,,,5076e09f-d438-4b1a-aa10-522452e0ad78,2025-06-13 17:25:00+00:00,2025-06-13 17:25:00+00:00
O-20250613-214500-BACKTEST-000-609,KRAKEN-BACKTEST,KrakenBTCUSDResearchStrategy-000,BTC/USD.KRAKEN,KRAKEN-1-609,BTC/USD.KRAKEN-KrakenBTCUSDResearchStrategy-000,KRAKEN-001,T-cf92e2c1315da577-183274,MARKET,BUY,0.01338998,GTC,False,False,0.01338998,TAKER,105662.4,0.0,['5.66 USD'],NO_TRIGGER,FILLED,NO_CONTINGENCY,,,,,,,,a9872208-7275-403c-9dee-f420eb12fef9,2025-06-13 21:45:00+00:00,2025-06-13 21:45:00+00:00
O-20250614-011000-BACKTEST-000-610,KRAKEN-BACKTEST,KrakenBTCUSDResearchStrategy-000,BTC/USD.KRAKEN,KRAKEN-1-610,BTC/USD.KRAKEN-KrakenBTCUSDResearchStrategy-000,KRAKEN-001,T-826833a54916ce8d-183430,MARKET,SELL,0.01338998,GTC,False,False,0.01338998,TAKER,105460.01,0.0,['5.65 USD'],NO_TRIGGER,FILLED,NO_CONTINGENCY,,,,,,,,3061ca05-b3dd-4cfb-bbc9-68aff4bc57ff,2025-06-14 01:10:00+00:00,2025-06-14 01:10:00+00:00
O-20250614-214500-BACKTEST-000-611,KRAKEN-BACKTEST,KrakenBTCUSDResearchStrategy-000,BTC/USD.KRAKEN,KRAKEN-1-611,BTC/USD.KRAKEN-KrakenBTCUSDResearchStrategy-000,KRAKEN-001,T-889eae982c5e26ab-184364,MARKET,BUY,0.01340351,GTC,False,False,0.01340351,TAKER,105241.92,0.0,['5.64 USD'],NO_TRIGGER,FILLED,NO_CONTINGENCY,,,,,,,,eecfc3ca-b87a-44f6-b6e1-556d389dee54,2025-06-14 21:45:00+00:00,2025-06-14 21:45:00+00:00
O-20250615-063000-BACKTEST-000-612,KRAKEN-BACKTEST,KrakenBTCUSDResearchStrategy-000,BTC/USD.KRAKEN,KRAKEN-1-612,BTC/USD.KRAKEN-KrakenBTCUSDResearchStrategy-000,KRAKEN-001,T-f4423f61c90304d0-184745,MARKET,SELL,0.01340351,GTC,False,False,0.01340351,TAKER,105426.33,0.0,['5.65 USD'],NO_TRIGGER,FILLED,NO_CONTINGENCY,,,,,,,,613871d9-692b-4055-aa76-63d2fc922f8d,2025-06-15 06:30:00+00:00,2025-06-15 06:30:00+00:00
O-20250615-144500-BACKTEST-000-613,KRAKEN-BACKTEST,KrakenBTCUSDResearchStrategy-000,BTC/USD.KRAKEN,KRAKEN-1-613,BTC/USD.KRAKEN-KrakenBTCUSDResearchStrategy-000,KRAKEN-001,T-f41c935f0751de3d-185118,MARKET,BUY,0.01332317,GTC,False,False,0.01332317,TAKER,105677.99,0.0,['5.63 USD'],NO_TRIGGER,FILLED,NO_CONTINGENCY,,,,,,,,966f0665-a42a-4595-a115-69871bda8297,2025-06-15 14:45:00+00:00,2025-06-15 14:45:00+00:00
O-20250615-161500-BACKTEST-000-614,KRAKEN-BACKTEST,KrakenBTCUSDResearchStrategy-000,BTC/USD.KRAKEN,KRAKEN-1-614,BTC/USD.KRAKEN-KrakenBTCUSDResearchStrategy-000,KRAKEN-001,T-d60b5b7cfb0ca3ad-185188,MARKET,SELL,0.01332317,GTC,False,False,0.01332317,TAKER,105441.18000000001,0.0,['5.62 USD'],NO_TRIGGER,FILLED,NO_CONTINGENCY,,,,,,,,418b2ce2-cae0-4cb5-a18c-e5e922006e27,2025-06-15 16:15:00+00:00,2025-06-15 16:15:00+00:00
O-20250615-234000-BACKTEST-000-615,KRAKEN-BACKTEST,KrakenBTCUSDResearchStrategy-000,BTC/USD.KRAKEN,KRAKEN-1-615,BTC/USD.KRAKEN-KrakenBTCUSDResearchStrategy-000,KRAKEN-001,T-56e0d3ec46beef94-185531,MARKET,BUY,0.01329111,GTC,False,False,0.01329111,TAKER,105607.59,0.0,['5.61 USD'],NO_TRIGGER,FILLED,NO_CONTINGENCY,,,,,,,,de38f86d-8ebb-466c-9536-399f48075809,2025-06-15 23:40:00+00:00,2025-06-15 23:40:00+00:00
O-20250616-010500-BACKTEST-000-616,KRAKEN-BACKTEST,KrakenBTCUSDResearchStrategy-000,BTC/USD.KRAKEN,KRAKEN-1-616,BTC/USD.KRAKEN-KrakenBTCUSDResearchStrategy-000,KRAKEN-001,T-35b411ec00e22e59-185599,MARKET,SELL,0.01329111,GTC,False,False,0.01329111,TAKER,105207.01000000001,0.0,['5.59 USD'],NO_TRIGGER,FILLED,NO_CONTINGENCY,,,,,,,,03e596bc-a921-4687-b064-556d49f58bc5,2025-06-16 01:05:00+00:00,2025-06-16 01:05:00+00:00
O-20250616-041000-BACKTEST-000-617,KRAKEN-BACKTEST,KrakenBTCUSDResearchStrategy-000,BTC/USD.KRAKEN,KRAKEN-1-617,BTC/USD.KRAKEN-KrakenBTCUSDResearchStrategy-000,KRAKEN-001,T-d67dd1f6c59f12fd-185741,MARKET,BUY,0.01319208,GTC,False,False,0.01319208,TAKER,106024.73,0.0,['5.59 USD'],NO_TRIGGER,FILLED,NO_CONTINGENCY,,,,,,,,2faca45c-80ae-41d1-979d-5fed078e5497,2025-06-16 04:10:00+00:00,2025-06-16 04:10:00+00:00
O-20250616-112000-BACKTEST-000-618,KRAKEN-BACKTEST,KrakenBTCUSDResearchStrategy-000,BTC/USD.KRAKEN,KRAKEN-1-618,BTC/USD.KRAKEN-KrakenBTCUSDResearchStrategy-000,KRAKEN-001,T-5b681c207463da87-186076,MARKET,SELL,0.01319208,GTC,False,False,0.01319208,TAKER,106588.72,0.0,['5.62 USD'],NO_TRIGGER,FILLED,NO_CONTINGENCY,,,,,,,,1025778f-28b1-48e6-b76c-fc7a657570f5,2025-06-16 11:20:00+00:00,2025-06-16 11:20:00+00:00
O-20250616-143000-BACKTEST-000-619,KRAKEN-BACKTEST,KrakenBTCUSDResearchStrategy-000,BTC/USD.KRAKEN,KRAKEN-1-619,BTC/USD.KRAKEN-KrakenBTCUSDResearchStrategy-000,KRAKEN-001,T-8d65509135bd4c37-186225,MARKET,BUY,0.01296998,GTC,False,False,0.01296998,TAKER,107753.11,0.0,['5.59 USD'],NO_TRIGGER,FILLED,NO_CONTINGENCY,,,,,,,,6298f6a1-01c8-418b-9575-c53e728eca7a,2025-06-16 14:30:00+00:00,2025-06-16 14:30:00+00:00
O-20250616-223500-BACKTEST-000-620,KRAKEN-BACKTEST,KrakenBTCUSDResearchStrategy-000,BTC/USD.KRAKEN,KRAKEN-1-620,BTC/USD.KRAKEN-KrakenBTCUSDResearchStrategy-000,KRAKEN-001,T-dc6602c1df02c985-186602,MARKET,SELL,0.01296998,GTC,False,False,0.01296998,TAKER,107992.7,0.0,['5.60 USD'],NO_TRIGGER,FILLED,NO_CONTINGENCY,,,,,,,,56db2a08-7941-4527-8d37-165470f6a76d,2025-06-16 22:35:00+00:00,2025-06-16 22:35:00+00:00
O-20250618-010500-BACKTEST-000-621,KRAKEN-BACKTEST,KrakenBTCUSDResearchStrategy-000,BTC/USD.KRAKEN,KRAKEN-1-621,BTC/USD.KRAKEN-KrakenBTCUSDResearchStrategy-000,KRAKEN-001,T-940425d4dde21ed0-187825,MARKET,BUY,0.01328239,GTC,False,False,0.01328239,TAKER,105035.98000000001,0.0,['5.58 USD'],NO_TRIGGER,FILLED,NO_CONTINGENCY,,,,,,,,545354fe-6d7d-49fe-9d10-ca9c38873201,2025-06-18 01:05:00+00:00,2025-06-18 01:05:00+00:00
O-20250618-014500-BACKTEST-000-622,KRAKEN-BACKTEST,KrakenBTCUSDResearchStrategy-000,BTC/USD.KRAKEN,KRAKEN-1-622,BTC/USD.KRAKEN-KrakenBTCUSDResearchStrategy-000,KRAKEN-001,T-599cde6de9af9c0f-187853,MARKET,SELL,0.01328239,GTC,False,False,0.01328239,TAKER,104756.0,0.0,['5.57 USD'],NO_TRIGGER,FILLED,NO_CONTINGENCY,,,,,,,,d07e4886-748b-4754-aec4-fb63566a436e,2025-06-18 01:45:00+00:00,2025-06-18 01:45:00+00:00
O-20250618-034000-BACKTEST-000-623,KRAKEN-BACKTEST,KrakenBTCUSDResearchStrategy-000,BTC/USD.KRAKEN,KRAKEN-1-623,BTC/USD.KRAKEN-KrakenBTCUSDResearchStrategy-000,KRAKEN-001,T-308cc934a6742131-187943,MARKET,BUY,0.01321791,GTC,False,False,0.01321791,TAKER,105210.85,0.0,['5.56 USD'],NO_TRIGGER,FILLED,NO_CONTINGENCY,,,,,,,,d2d06fdf-bc5f-4b1c-b7f6-f526c5c5e7be,2025-06-18 03:40:00+00:00,2025-06-18 03:40:00+00:00
O-20250618-064500-BACKTEST-000-624,KRAKEN-BACKTEST,KrakenBTCUSDResearchStrategy-000,BTC/USD.KRAKEN,KRAKEN-1-624,BTC/USD.KRAKEN-KrakenBTCUSDResearchStrategy-000,KRAKEN-001,T-b36d716fe54bc089-188083,MARKET,SELL,0.01321791,GTC,False,False,0.01321791,TAKER,105008.79000000001,0.0,['5.55 USD'],NO_TRIGGER,FILLED,NO_CONTINGENCY,,,,,,,,0adc73c4-f65a-4b2c-af8f-a516c2df4a4f,2025-06-18 06:45:00+00:00,2025-06-18 06:45:00+00:00
O-20250618-215000-BACKTEST-000-625,KRAKEN-BACKTEST,KrakenBTCUSDResearchStrategy-000,BTC/USD.KRAKEN,KRAKEN-1-625,BTC/USD.KRAKEN-KrakenBTCUSDResearchStrategy-000,KRAKEN-001,T-c030c350548a3e69-188787,MARKET,BUY,0.01319933,GTC,False,False,0.01319933,TAKER,105045.77,0.0,['5.55 USD'],NO_TRIGGER,FILLED,NO_CONTINGENCY,,,,,,,,83581836-c867-475a-aef8-462c21fc10cf,2025-06-18 21:50:00+00:00,2025-06-18 21:50:00+00:00
O-20250618-232500-BACKTEST-000-626,KRAKEN-BACKTEST,KrakenBTCUSDResearchStrategy-000,BTC/USD.KRAKEN,KRAKEN-1-626,BTC/USD.KRAKEN-KrakenBTCUSDResearchStrategy-000,KRAKEN-001,T-f7082db9f2a1b21e-188857,MARKET,SELL,0.01319933,GTC,False,False,0.01319933,TAKER,104817.81,0.0,['5.53 USD'],NO_TRIGGER,FILLED,NO_CONTINGENCY,,,,,,,,808573d1-65b8-49f6-bde0-41b2c832b145,2025-06-18 23:25:00+00:00,2025-06-18 23:25:00+00:00
O-20250619-004500-BACKTEST-000-627,KRAKEN-BACKTEST,KrakenBTCUSDResearchStrategy-000,BTC/USD.KRAKEN,KRAKEN-1-627,BTC/USD.KRAKEN-KrakenBTCUSDResearchStrategy-000,KRAKEN-001,T-8ca2962e9df94110-188918,MARKET,BUY,0.01314138,GTC,False,False,0.01314138,TAKER,105187.35,0.0,['5.53 USD'],NO_TRIGGER,FILLED,NO_CONTINGENCY,,,,,,,,1b844382-b3cf-4ace-a8f9-aa29389937e0,2025-06-19 00:45:00+00:00,2025-06-19 00:45:00+00:00
O-20250619-010000-BACKTEST-000-628,KRAKEN-BACKTEST,KrakenBTCUSDResearchStrategy-000,BTC/USD.KRAKEN,KRAKEN-1-628,BTC/USD.KRAKEN-KrakenBTCUSDResearchStrategy-000,KRAKEN-001,T-da5ccb883f2dc825-188930,MARKET,SELL,0.01314138,GTC,False,False,0.01314138,TAKER,104583.92,0.0,['5.50 USD'],NO_TRIGGER,FILLED,NO_CONTINGENCY,,,,,,,,11cec093-55ab-43f3-aaaa-d61352ca56fb,2025-06-19 01:00:00+00:00,2025-06-19 01:00:00+00:00
O-20250619-102500-BACKTEST-000-629,KRAKEN-BACKTEST,KrakenBTCUSDResearchStrategy-000,BTC/USD.KRAKEN,KRAKEN-1-629,BTC/USD.KRAKEN-KrakenBTCUSDResearchStrategy-000,KRAKEN-001,T-b6e624639ef75b51-189355,MARKET,BUY,0.01310504,GTC,False,False,0.01310504,TAKER,105044.98999999999,0.0,['5.51 USD'],NO_TRIGGER,FILLED,NO_CONTINGENCY,,,,,,,,f5d188ad-3e44-4fc4-8587-fb225103988b,2025-06-19 10:25:00+00:00,2025-06-19 10:25:00+00:00
O-20250619-104500-BACKTEST-000-630,KRAKEN-BACKTEST,KrakenBTCUSDResearchStrategy-000,BTC/USD.KRAKEN,KRAKEN-1-630,BTC/USD.KRAKEN-KrakenBTCUSDResearchStrategy-000,KRAKEN-001,T-3d6936995bda11f1-189371,MARKET,SELL,0.01310504,GTC,False,False,0.01310504,TAKER,104843.70999999999,0.0,['5.50 USD'],NO_TRIGGER,FILLED,NO_CONTINGENCY,,,,,,,,d4c9073e-e8ef-40f9-9622-4d8b87a307d9,2025-06-19 10:45:00+00:00,2025-06-19 10:45:00+00:00
O-20250619-231500-BACKTEST-000-631,KRAKEN-BACKTEST,KrakenBTCUSDResearchStrategy-000,BTC/USD.KRAKEN,KRAKEN-1-631,BTC/USD.KRAKEN-KrakenBTCUSDResearchStrategy-000,KRAKEN-001,T-07e06bce0bce69be-189940,MARKET,BUY,0.01309436,GTC,False,False,0.01309436,TAKER,104817.90000000001,0.0,['5.49 USD'],NO_TRIGGER,FILLED,NO_CONTINGENCY,,,,,,,,02871bfc-e2e2-4072-a57f-3ad2fb6ddca8,2025-06-19 23:15:00+00:00,2025-06-19 23:15:00+00:00
O-20250620-000000-BACKTEST-000-632,KRAKEN-BACKTEST,KrakenBTCUSDResearchStrategy-000,BTC/USD.KRAKEN,KRAKEN-1-632,BTC/USD.KRAKEN-KrakenBTCUSDResearchStrategy-000,KRAKEN-001,T-f1db92287a505299-189976,MARKET,SELL,0.01309436,GTC,False,False,0.01309436,TAKER,104603.69,0.0,['5.48 USD'],NO_TRIGGER,FILLED,NO_CONTINGENCY,,,,,,,,74a7d989-932d-4736-bd4d-ff3d6b888a92,2025-06-20 00:00:00+00:00,2025-06-20 00:00:00+00:00
O-20250620-071500-BACKTEST-000-633,KRAKEN-BACKTEST,KrakenBTCUSDResearchStrategy-000,BTC/USD.KRAKEN,KRAKEN-1-633,BTC/USD.KRAKEN-KrakenBTCUSDResearchStrategy-000,KRAKEN-001,T-fa56ca0e3a107aa1-190303,MARKET,BUY,0.01303231,GTC,False,False,0.01303231,TAKER,104999.99,0.0,['5.47 USD'],NO_TRIGGER,FILLED,NO_CONTINGENCY,,,,,,,,933b9655-847c-4895-b473-344d21a0f746,2025-06-20 07:15:00+00:00,2025-06-20 07:15:00+00:00
O-20250620-134500-BACKTEST-000-634,KRAKEN-BACKTEST,KrakenBTCUSDResearchStrategy-000,BTC/USD.KRAKEN,KRAKEN-1-634,BTC/USD.KRAKEN-KrakenBTCUSDResearchStrategy-000,KRAKEN-001,T-768cf7e4d28098ff-190607,MARKET,SELL,0.01303231,GTC,False,False,0.01303231,TAKER,105576.61,0.0,['5.50 USD'],NO_TRIGGER,FILLED,NO_CONTINGENCY,,,,,,,,9c02927c-87b7-477d-8c6e-43bdb8f31fa5,2025-06-20 13:45:00+00:00,2025-06-20 13:45:00+00:00
O-20250621-033000-BACKTEST-000-635,KRAKEN-BACKTEST,KrakenBTCUSDResearchStrategy-000,BTC/USD.KRAKEN,KRAKEN-1-635,BTC/USD.KRAKEN-KrakenBTCUSDResearchStrategy-000,KRAKEN-001,T-94f04a04e2f6df92-191241,MARKET,BUY,0.01318994,GTC,False,False,0.01318994,TAKER,103666.73,0.0,['5.47 USD'],NO_TRIGGER,FILLED,NO_CONTINGENCY,,,,,,,,ac300b93-97b6-446a-9001-663d6fb1c6cd,2025-06-21 03:30:00+00:00,2025-06-21 03:30:00+00:00
O-20250621-035000-BACKTEST-000-636,KRAKEN-BACKTEST,KrakenBTCUSDResearchStrategy-000,BTC/USD.KRAKEN,KRAKEN-1-636,BTC/USD.KRAKEN-KrakenBTCUSDResearchStrategy-000,KRAKEN-001,T-c8b8997dcec3d3f3-191254,MARKET,SELL,0.01318994,GTC,False,False,0.01318994,TAKER,103563.96,0.0,['5.46 USD'],NO_TRIGGER,FILLED,NO_CONTINGENCY,,,,,,,,1c1b24d3-4378-4f14-98ec-792597aeb8ef,2025-06-21 03:50:00+00:00,2025-06-21 03:50:00+00:00
O-20250621-084000-BACKTEST-000-637,KRAKEN-BACKTEST,KrakenBTCUSDResearchStrategy-000,BTC/USD.KRAKEN,KRAKEN-1-637,BTC/USD.KRAKEN-KrakenBTCUSDResearchStrategy-000,KRAKEN-001,T-4406ed8674baa026-191464,MARKET,BUY,0.01316031,GTC,False,False,0.01316031,TAKER,103619.94,0.0,['5.45 USD'],NO_TRIGGER,FILLED,NO_CONTINGENCY,,,,,,,,9c9c6e1e-77b2-42d3-8b8c-c69d4e32d6d7,2025-06-21 08:40:00+00:00,2025-06-21 08:40:00+00:00
O-20250621-134000-BACKTEST-000-638,KRAKEN-BACKTEST,KrakenBTCUSDResearchStrategy-000,BTC/USD.KRAKEN,KRAKEN-1-638,BTC/USD.KRAKEN-KrakenBTCUSDResearchStrategy-000,KRAKEN-001,T-7d9f87ee160809cd-191690,MARKET,SELL,0.01316031,GTC,False,False,0.01316031,TAKER,103713.49,0.0,['5.46 USD'],NO_TRIGGER,FILLED,NO_CONTINGENCY,,,,,,,,bd55b43f-cea6-4d2c-858f-62b3f56917dc,2025-06-21 13:40:00+00:00,2025-06-21 13:40:00+00:00
O-20250622-224000-BACKTEST-000-639,KRAKEN-BACKTEST,KrakenBTCUSDResearchStrategy-000,BTC/USD.KRAKEN,KRAKEN-1-639,BTC/USD.KRAKEN-KrakenBTCUSDResearchStrategy-000,KRAKEN-001,T-bf2a04348a63aef6-193209,MARKET,BUY,0.01348469,GTC,False,False,0.01348469,TAKER,100911.98000000001,0.0,['5.44 USD'],NO_TRIGGER,FILLED,NO_CONTINGENCY,,,,,,,,96359fc3-1da7-46c0-b501-c2b190d76467,2025-06-22 22:40:00+00:00,2025-06-22 22:40:00+00:00
O-20250623-100500-BACKTEST-000-640,KRAKEN-BACKTEST,KrakenBTCUSDResearchStrategy-000,BTC/USD.KRAKEN,KRAKEN-1-640,BTC/USD.KRAKEN-KrakenBTCUSDResearchStrategy-000,KRAKEN-001,T-737cc6e504930f59-193740,MARKET,SELL,0.01348469,GTC,False,False,0.01348469,TAKER,101431.2,0.0,['5.47 USD'],NO_TRIGGER,FILLED,NO_CONTINGENCY,,,,,,,,41512f60-24ec-4418-bfcc-4a69cbe0753e,2025-06-23 10:05:00+00:00,2025-06-23 10:05:00+00:00
O-20250623-135500-BACKTEST-000-641,KRAKEN-BACKTEST,KrakenBTCUSDResearchStrategy-000,BTC/USD.KRAKEN,KRAKEN-1-641,BTC/USD.KRAKEN-KrakenBTCUSDResearchStrategy-000,KRAKEN-001,T-a37d69824407f95f-193918,MARKET,BUY,0.01328323,GTC,False,False,0.01328323,TAKER,102354.14,0.0,['5.44 USD'],NO_TRIGGER,FILLED,NO_CONTINGENCY,,,,,,,,187a6a6c-8b4b-4cf8-b179-ae1bc49b1103,2025-06-23 13:55:00+00:00,2025-06-23 13:55:00+00:00
O-20250623-143500-BACKTEST-000-642,KRAKEN-BACKTEST,KrakenBTCUSDResearchStrategy-000,BTC/USD.KRAKEN,KRAKEN-1-642,BTC/USD.KRAKEN-KrakenBTCUSDResearchStrategy-000,KRAKEN-001,T-3924efe88e11d736-193950,MARKET,SELL,0.01328323,GTC,False,False,0.01328323,TAKER,101567.56,0.0,['5.40 USD'],NO_TRIGGER,FILLED,NO_CONTINGENCY,,,,,,,,f15ef15b-1d3b-4e8e-9069-30288db4edac,2025-06-23 14:35:00+00:00,2025-06-23 14:35:00+00:00
O-20250623-180500-BACKTEST-000-643,KRAKEN-BACKTEST,KrakenBTCUSDResearchStrategy-000,BTC/USD.KRAKEN,KRAKEN-1-643,BTC/USD.KRAKEN-KrakenBTCUSDResearchStrategy-000,KRAKEN-001,T-436f535d6ecd26cf-194114,MARKET,BUY,0.01294370,GTC,False,False,0.01294370,TAKER,102868.0,0.0,['5.33 USD'],NO_TRIGGER,FILLED,NO_CONTINGENCY,,,,,,,,f077484e-46a6-4cfe-b0df-7c5af09ac588,2025-06-23 18:05:00+00:00,2025-06-23 18:05:00+00:00
O-20250624-075500-BACKTEST-000-644,KRAKEN-BACKTEST,KrakenBTCUSDResearchStrategy-000,BTC/USD.KRAKEN,KRAKEN-1-644,BTC/USD.KRAKEN-KrakenBTCUSDResearchStrategy-000,KRAKEN-001,T-b63a579f43862ad4-194768,MARKET,SELL,0.01294370,GTC,False,False,0.01294370,TAKER,104933.74,0.0,['5.43 USD'],NO_TRIGGER,FILLED,NO_CONTINGENCY,,,,,,,,0c01d974-d857-430f-b0c5-3468ba5a6818,2025-06-24 07:55:00+00:00,2025-06-24 07:55:00+00:00
O-20250624-141500-BACKTEST-000-645,KRAKEN-BACKTEST,KrakenBTCUSDResearchStrategy-000,BTC/USD.KRAKEN,KRAKEN-1-645,BTC/USD.KRAKEN-KrakenBTCUSDResearchStrategy-000,KRAKEN-001,T-e1ed40eecb570486-195070,MARKET,BUY,0.01287573,GTC,False,False,0.01287573,TAKER,105470.01999999999,0.0,['5.43 USD'],NO_TRIGGER,FILLED,NO_CONTINGENCY,,,,,,,,d8c67f84-ad92-4b84-b971-d9bc8ec353ac,2025-06-24 14:15:00+00:00,2025-06-24 14:15:00+00:00
O-20250624-160500-BACKTEST-000-646,KRAKEN-BACKTEST,KrakenBTCUSDResearchStrategy-000,BTC/USD.KRAKEN,KRAKEN-1-646,BTC/USD.KRAKEN-KrakenBTCUSDResearchStrategy-000,KRAKEN-001,T-972015d02d1185d1-195158,MARKET,SELL,0.01287573,GTC,False,False,0.01287573,TAKER,105236.21,0.0,['5.42 USD'],NO_TRIGGER,FILLED,NO_CONTINGENCY,,,,,,,,1956d14e-a31a-41ca-8c58-68c3e683b5cb,2025-06-24 16:05:00+00:00,2025-06-24 16:05:00+00:00
O-20250625-000500-BACKTEST-000-647,KRAKEN-BACKTEST,KrakenBTCUSDResearchStrategy-000,BTC/USD.KRAKEN,KRAKEN-1-647,BTC/USD.KRAKEN-KrakenBTCUSDResearchStrategy-000,KRAKEN-001,T-454e8e87dad015d7-195530,MARKET,BUY,0.01274591,GTC,False,False,0.01274591,TAKER,106217.99,0.0,['5.42 USD'],NO_TRIGGER,FILLED,NO_CONTINGENCY,,,,,,,,773a21e0-ba28-4095-ba5c-15dc56acaf9f,2025-06-25 00:05:00+00:00,2025-06-25 00:05:00+00:00
O-20250625-003000-BACKTEST-000-648,KRAKEN-BACKTEST,KrakenBTCUSDResearchStrategy-000,BTC/USD.KRAKEN,KRAKEN-1-648,BTC/USD.KRAKEN-KrakenBTCUSDResearchStrategy-000,KRAKEN-001,T-a898ab472cb76917-195551,MARKET,SELL,0.01274591,GTC,False,False,0.01274591,TAKER,105925.59,0.0,['5.40 USD'],NO_TRIGGER,FILLED,NO_CONTINGENCY,,,,,,,,933341cc-1625-4325-a02a-2754db5c0642,2025-06-25 00:30:00+00:00,2025-06-25 00:30:00+00:00
O-20250625-021000-BACKTEST-000-649,KRAKEN-BACKTEST,KrakenBTCUSDResearchStrategy-000,BTC/USD.KRAKEN,KRAKEN-1-649,BTC/USD.KRAKEN-KrakenBTCUSDResearchStrategy-000,KRAKEN-001,T-90805afa65f57578-195631,MARKET,BUY,0.01264443,GTC,False,False,0.01264443,TAKER,106725.57,0.0,['5.40 USD'],NO_TRIGGER,FILLED,NO_CONTINGENCY,,,,,,,,d7548efe-4447-4637-88be-99e58ce7a113,2025-06-25 02:10:00+00:00,2025-06-25 02:10:00+00:00
O-20250625-033500-BACKTEST-000-650,KRAKEN-BACKTEST,KrakenBTCUSDResearchStrategy-000,BTC/USD.KRAKEN,KRAKEN-1-650,BTC/USD.KRAKEN-KrakenBTCUSDResearchStrategy-000,KRAKEN-001,T-23315519be86efb7-195698,MARKET,SELL,0.01264443,GTC,False,False,0.01264443,TAKER,106400.0,0.0,['5.38 USD'],NO_TRIGGER,FILLED,NO_CONTINGENCY,,,,,,,,0071d6e2-9318-4de0-b92d-64f0316efcc1,2025-06-25 03:35:00+00:00,2025-06-25 03:35:00+00:00
O-20250625-074000-BACKTEST-000-651,KRAKEN-BACKTEST,KrakenBTCUSDResearchStrategy-000,BTC/USD.KRAKEN,KRAKEN-1-651,BTC/USD.KRAKEN-KrakenBTCUSDResearchStrategy-000,KRAKEN-001,T-8d144238f62a4254-195885,MARKET,BUY,0.01260890,GTC,False,False,0.01260890,TAKER,106672.03,0.0,['5.38 USD'],NO_TRIGGER,FILLED,NO_CONTINGENCY,,,,,,,,6669ce6a-2c20-4183-a806-5d34e7414564,2025-06-25 07:40:00+00:00,2025-06-25 07:40:00+00:00
O-20250625-082000-BACKTEST-000-652,KRAKEN-BACKTEST,KrakenBTCUSDResearchStrategy-000,BTC/USD.KRAKEN,KRAKEN-1-652,BTC/USD.KRAKEN-KrakenBTCUSDResearchStrategy-000,KRAKEN-001,T-5e77cfcc17af0cff-195917,MARKET,SELL,0.01260890,GTC,False,False,0.01260890,TAKER,106471.65000000001,0.0,['5.37 USD'],NO_TRIGGER,FILLED,NO_CONTINGENCY,,,,,,,,30a06533-5ced-4357-866e-4148c449871e,2025-06-25 08:20:00+00:00,2025-06-25 08:20:00+00:00
O-20250625-090500-BACKTEST-000-653,KRAKEN-BACKTEST,KrakenBTCUSDResearchStrategy-000,BTC/USD.KRAKEN,KRAKEN-1-653,BTC/USD.KRAKEN-KrakenBTCUSDResearchStrategy-000,KRAKEN-001,T-f4a5d9d97ec68013-195954,MARKET,BUY,0.01255266,GTC,False,False,0.01255266,TAKER,106832.53,0.0,['5.36 USD'],NO_TRIGGER,FILLED,NO_CONTINGENCY,,,,,,,,ff34d1bf-2088-4483-b212-b857f391cfb2,2025-06-25 09:05:00+00:00,2025-06-25 09:05:00+00:00
O-20250625-094000-BACKTEST-000-654,KRAKEN-BACKTEST,KrakenBTCUSDResearchStrategy-000,BTC/USD.KRAKEN,KRAKEN-1-654,BTC/USD.KRAKEN-KrakenBTCUSDResearchStrategy-000,KRAKEN-001,T-7b0e91b2a1503e82-195983,MARKET,SELL,0.01255266,GTC,False,False,0.01255266,TAKER,106506.68000000001,0.0,['5.35 USD'],NO_TRIGGER,FILLED,NO_CONTINGENCY,,,,,,,,ed47dfe7-41bd-41f4-b477-76ec7fbd103e,2025-06-25 09:40:00+00:00,2025-06-25 09:40:00+00:00
O-20250625-102500-BACKTEST-000-655,KRAKEN-BACKTEST,KrakenBTCUSDResearchStrategy-000,BTC/USD.KRAKEN,KRAKEN-1-655,BTC/USD.KRAKEN-KrakenBTCUSDResearchStrategy-000,KRAKEN-001,T-d47e6d905bfdab61-196020,MARKET,BUY,0.01247885,GTC,False,False,0.01247885,TAKER,107108.63,0.0,['5.35 USD'],NO_TRIGGER,FILLED,NO_CONTINGENCY,,,,,,,,e5007ca2-dd7e-4baf-92b2-8e1b6954e60e,2025-06-25 10:25:00+00:00,2025-06-25 10:25:00+00:00
O-20250625-151500-BACKTEST-000-656,KRAKEN-BACKTEST,KrakenBTCUSDResearchStrategy-000,BTC/USD.KRAKEN,KRAKEN-1-656,BTC/USD.KRAKEN-KrakenBTCUSDResearchStrategy-000,KRAKEN-001,T-ddaa6f76fc81dfa2-196248,MARKET,SELL,0.01247885,GTC,False,False,0.01247885,TAKER,107052.81,0.0,['5.34 USD'],NO_TRIGGER,FILLED,NO_CONTINGENCY,,,,,,,,08a53457-4845-42cc-bc60-66acb1a2a990,2025-06-25 15:15:00+00:00,2025-06-25 15:15:00+00:00
O-20250626-025000-BACKTEST-000-657,KRAKEN-BACKTEST,KrakenBTCUSDResearchStrategy-000,BTC/USD.KRAKEN,KRAKEN-1-657,BTC/USD.KRAKEN-KrakenBTCUSDResearchStrategy-000,KRAKEN-001,T-b18f42940d15ae9b-196780,MARKET,BUY,0.01234790,GTC,False,False,0.01234790,TAKER,107968.0,0.0,['5.33 USD'],NO_TRIGGER,FILLED,NO_CONTINGENCY,,,,,,,,e7708cef-0716-45be-8428-d99f21f59f6d,2025-06-26 02:50:00+00:00,2025-06-26 02:50:00+00:00
O-20250626-044500-BACKTEST-000-658,KRAKEN-BACKTEST,KrakenBTCUSDResearchStrategy-000,BTC/USD.KRAKEN,KRAKEN-1-658,BTC/USD.KRAKEN-KrakenBTCUSDResearchStrategy-000,KRAKEN-001,T-9eff2cbc12b8e7f9-196869,MARKET,SELL,0.01234790,GTC,False,False,0.01234790,TAKER,107705.04,0.0,['5.32 USD'],NO_TRIGGER,FILLED,NO_CONTINGENCY,,,,,,,,d7ece0cb-9d1a-43b8-82a4-ae90027f8792,2025-06-26 04:45:00+00:00,2025-06-26 04:45:00+00:00
O-20250626-193500-BACKTEST-000-659,KRAKEN-BACKTEST,KrakenBTCUSDResearchStrategy-000,BTC/USD.KRAKEN,KRAKEN-1-659,BTC/USD.KRAKEN-KrakenBTCUSDResearchStrategy-000,KRAKEN-001,T-58d71aded539d24c-197561,MARKET,BUY,0.01235263,GTC,False,False,0.01235263,TAKER,107589.08,0.0,['5.32 USD'],NO_TRIGGER,FILLED,NO_CONTINGENCY,,,,,,,,8d5d012c-1754-4f8e-a2ea-6ecfe9c5ed19,2025-06-26 19:35:00+00:00,2025-06-26 19:35:00+00:00
O-20250626-211000-BACKTEST-000-660,KRAKEN-BACKTEST,KrakenBTCUSDResearchStrategy-000,BTC/USD.KRAKEN,KRAKEN-1-660,BTC/USD.KRAKEN-KrakenBTCUSDResearchStrategy-000,KRAKEN-001,T-ab90e69b7144ead2-197637,MARKET,SELL,0.01235263,GTC,False,False,0.01235263,TAKER,107406.71,0.0,['5.31 USD'],NO_TRIGGER,FILLED,NO_CONTINGENCY,,,,,,,,e96eff2b-da7f-456c-af5a-871b4f54f901,2025-06-26 21:10:00+00:00,2025-06-26 21:10:00+00:00
O-20250627-030000-BACKTEST-000-661,KRAKEN-BACKTEST,KrakenBTCUSDResearchStrategy-000,BTC/USD.KRAKEN,KRAKEN-1-661,BTC/USD.KRAKEN-KrakenBTCUSDResearchStrategy-000,KRAKEN-001,T-c3235e5da2feed1f-197905,MARKET,BUY,0.01234822,GTC,False,False,0.01234822,TAKER,107314.63,0.0,['5.30 USD'],NO_TRIGGER,FILLED,NO_CONTINGENCY,,,,,,,,ec4f2537-a68e-4528-810f-0f4167a6327b,2025-06-27 03:00:00+00:00,2025-06-27 03:00:00+00:00
O-20250627-031000-BACKTEST-000-662,KRAKEN-BACKTEST,KrakenBTCUSDResearchStrategy-000,BTC/USD.KRAKEN,KRAKEN-1-662,BTC/USD.KRAKEN-KrakenBTCUSDResearchStrategy-000,KRAKEN-001,T-769245cf5048fb1b-197912,MARKET,SELL,0.01234822,GTC,False,False,0.01234822,TAKER,107168.79000000001,0.0,['5.29 USD'],NO_TRIGGER,FILLED,NO_CONTINGENCY,,,,,,,,edbc88fa-1027-4e0d-b6a3-f98d43a8c041,2025-06-27 03:10:00+00:00,2025-06-27 03:10:00+00:00
O-20250627-044500-BACKTEST-000-663,KRAKEN-BACKTEST,KrakenBTCUSDResearchStrategy-000,BTC/USD.KRAKEN,KRAKEN-1-663,BTC/USD.KRAKEN-KrakenBTCUSDResearchStrategy-000,KRAKEN-001,T-ae60079ba208c7cd-197988,MARKET,BUY,0.01228616,GTC,False,False,0.01228616,TAKER,107554.11,0.0,['5.29 USD'],NO_TRIGGER,FILLED,NO_CONTINGENCY,,,,,,,,b5588299-d33f-4bf9-88a1-7166973eb274,2025-06-27 04:45:00+00:00,2025-06-27 04:45:00+00:00
O-20250627-051500-BACKTEST-000-664,KRAKEN-BACKTEST,KrakenBTCUSDResearchStrategy-000,BTC/USD.KRAKEN,KRAKEN-1-664,BTC/USD.KRAKEN-KrakenBTCUSDResearchStrategy-000,KRAKEN-001,T-b302d6b728a86c99-198010,MARKET,SELL,0.01228616,GTC,False,False,0.01228616,TAKER,107440.01,0.0,['5.28 USD'],NO_TRIGGER,FILLED,NO_CONTINGENCY,,,,,,,,c8785e87-8277-4077-aec9-3a4bd9b45264,2025-06-27 05:15:00+00:00,2025-06-27 05:15:00+00:00
O-20250627-071500-BACKTEST-000-665,KRAKEN-BACKTEST,KrakenBTCUSDResearchStrategy-000,BTC/USD.KRAKEN,KRAKEN-1-665,BTC/USD.KRAKEN-KrakenBTCUSDResearchStrategy-000,KRAKEN-001,T-bdb9695b109a923d-198100,MARKET,BUY,0.01224594,GTC,False,False,0.01224594,TAKER,107614.13,0.0,['5.27 USD'],NO_TRIGGER,FILLED,NO_CONTINGENCY,,,,,,,,32075dc8-5065-46a6-9ae9-41297ca5ea6a,2025-06-27 07:15:00+00:00,2025-06-27 07:15:00+00:00
O-20250627-072500-BACKTEST-000-666,KRAKEN-BACKTEST,KrakenBTCUSDResearchStrategy-000,BTC/USD.KRAKEN,KRAKEN-1-666,BTC/USD.KRAKEN-KrakenBTCUSDResearchStrategy-000,KRAKEN-001,T-66de3c63b4631802-198108,MARKET,SELL,0.01224594,GTC,False,False,0.01224594,TAKER,107344.0,0.0,['5.26 USD'],NO_TRIGGER,FILLED,NO_CONTINGENCY,,,,,,,,926745fd-7127-465e-bc6e-4e48dda8e4f4,2025-06-27 07:25:00+00:00,2025-06-27 07:25:00+00:00
O-20250627-163000-BACKTEST-000-667,KRAKEN-BACKTEST,KrakenBTCUSDResearchStrategy-000,BTC/USD.KRAKEN,KRAKEN-1-667,BTC/USD.KRAKEN-KrakenBTCUSDResearchStrategy-000,KRAKEN-001,T-722ac29b9768b37b-198530,MARKET,BUY,0.01221641,GTC,False,False,0.01221641,TAKER,107534.43999999999,0.0,['5.25 USD'],NO_TRIGGER,FILLED,NO_CONTINGENCY,,,,,,,,d0e47eff-2233-4580-b346-f99bb0d5407c,2025-06-27 16:30:00+00:00,2025-06-27 16:30:00+00:00
O-20250627-171000-BACKTEST-000-668,KRAKEN-BACKTEST,KrakenBTCUSDResearchStrategy-000,BTC/USD.KRAKEN,KRAKEN-1-668,BTC/USD.KRAKEN-KrakenBTCUSDResearchStrategy-000,KRAKEN-001,T-ab8e81b9e93e729a-198563,MARKET,SELL,0.01221641,GTC,False,False,0.01221641,TAKER,107208.51999999999,0.0,['5.24 USD'],NO_TRIGGER,FILLED,NO_CONTINGENCY,,,,,,,,a443579a-1b87-4137-8cac-97ba8270fee9,2025-06-27 17:10:00+00:00,2025-06-27 17:10:00+00:00
O-20250628-023000-BACKTEST-000-669,KRAKEN-BACKTEST,KrakenBTCUSDResearchStrategy-000,BTC/USD.KRAKEN,KRAKEN-1-669,BTC/USD.KRAKEN-KrakenBTCUSDResearchStrategy-000,KRAKEN-001,T-be5b5cb8863c404e-198991,MARKET,BUY,0.01221444,GTC,False,False,0.01221444,TAKER,107196.39,0.0,['5.24 USD'],NO_TRIGGER,FILLED,NO_CONTINGENCY,,,,,,,,1f22472f-3a8b-4a2b-87fd-babcb18e272c,2025-06-28 02:30:00+00:00,2025-06-28 02:30:00+00:00
O-20250628-030000-BACKTEST-000-670,KRAKEN-BACKTEST,KrakenBTCUSDResearchStrategy-000,BTC/USD.KRAKEN,KRAKEN-1-670,BTC/USD.KRAKEN-KrakenBTCUSDResearchStrategy-000,KRAKEN-001,T-b7673c7459ef21d5-199010,MARKET,SELL,0.01221444,GTC,False,False,0.01221444,TAKER,107097.66,0.0,['5.23 USD'],NO_TRIGGER,FILLED,NO_CONTINGENCY,,,,,,,,94ddcb46-2d54-46c0-b49a-f88fc9d48e25,2025-06-28 03:00:00+00:00,2025-06-28 03:00:00+00:00
O-20250628-035000-BACKTEST-000-671,KRAKEN-BACKTEST,KrakenBTCUSDResearchStrategy-000,BTC/USD.KRAKEN,KRAKEN-1-671,BTC/USD.KRAKEN-KrakenBTCUSDResearchStrategy-000,KRAKEN-001,T-8a7698b1320b1e16-199049,MARKET,BUY,0.01217246,GTC,False,False,0.01217246,TAKER,107278.42,0.0,['5.22 USD'],NO_TRIGGER,FILLED,NO_CONTINGENCY,,,,,,,,118e1444-54f0-4faf-a13f-bfd8d0d57578,2025-06-28 03:50:00+00:00,2025-06-28 03:50:00+00:00
O-20250628-041500-BACKTEST-000-672,KRAKEN-BACKTEST,KrakenBTCUSDResearchStrategy-000,BTC/USD.KRAKEN,KRAKEN-1-672,BTC/USD.KRAKEN-KrakenBTCUSDResearchStrategy-000,KRAKEN-001,T-009c7da327491bff-199068,MARKET,SELL,0.01217246,GTC,False,False,0.01217246,TAKER,107198.46,0.0,['5.22 USD'],NO_TRIGGER,FILLED,NO_CONTINGENCY,,,,,,,,ae58180f-2669-454a-a8a2-48ec6d9525a8,2025-06-28 04:15:00+00:00,2025-06-28 04:15:00+00:00
O-20250628-060500-BACKTEST-000-673,KRAKEN-BACKTEST,KrakenBTCUSDResearchStrategy-000,BTC/USD.KRAKEN,KRAKEN-1-673,BTC/USD.KRAKEN-KrakenBTCUSDResearchStrategy-000,KRAKEN-001,T-90d1664b14aeb74f-199149,MARKET,BUY,0.01213117,GTC,False,False,0.01213117,TAKER,107361.44,0.0,['5.21 USD'],NO_TRIGGER,FILLED,NO_CONTINGENCY,,,,,,,,9ced10e6-72c5-4ec8-8a00-29ec2f82ebc5,2025-06-28 06:05:00+00:00,2025-06-28 06:05:00+00:00
O-20250628-090500-BACKTEST-000-674,KRAKEN-BACKTEST,KrakenBTCUSDResearchStrategy-000,BTC/USD.KRAKEN,KRAKEN-1-674,BTC/USD.KRAKEN-KrakenBTCUSDResearchStrategy-000,KRAKEN-001,T-9f6dfe730c4722e9-199280,MARKET,SELL,0.01213117,GTC,False,False,0.01213117,TAKER,107309.19,0.0,['5.21 USD'],NO_TRIGGER,FILLED,NO_CONTINGENCY,,,,,,,,70abc5bd-59d8-4751-8810-c604b3cc7c85,2025-06-28 09:05:00+00:00,2025-06-28 09:05:00+00:00
O-20250629-002500-BACKTEST-000-675,KRAKEN-BACKTEST,KrakenBTCUSDResearchStrategy-000,BTC/USD.KRAKEN,KRAKEN-1-675,BTC/USD.KRAKEN-KrakenBTCUSDResearchStrategy-000,KRAKEN-001,T-fc8de79cb7890537-199923,MARKET,BUY,0.01209240,GTC,False,False,0.01209240,TAKER,107431.48000000001,0.0,['5.20 USD'],NO_TRIGGER,FILLED,NO_CONTINGENCY,,,,,,,,474f789d-f8bd-4473-94f0-4c30c10fd0af,2025-06-29 00:25:00+00:00,2025-06-29 00:25:00+00:00
O-20250629-014000-BACKTEST-000-676,KRAKEN-BACKTEST,KrakenBTCUSDResearchStrategy-000,BTC/USD.KRAKEN,KRAKEN-1-676,BTC/USD.KRAKEN-KrakenBTCUSDResearchStrategy-000,KRAKEN-001,T-78230bc4f8ff280f-199978,MARKET,SELL,0.01209240,GTC,False,False,0.01209240,TAKER,107360.01,0.0,['5.19 USD'],NO_TRIGGER,FILLED,NO_CONTINGENCY,,,,,,,,201189a8-c96e-4a89-accc-d4b39382682d,2025-06-29 01:40:00+00:00,2025-06-29 01:40:00+00:00
O-20250629-065500-BACKTEST-000-677,KRAKEN-BACKTEST,KrakenBTCUSDResearchStrategy-000,BTC/USD.KRAKEN,KRAKEN-1-677,BTC/USD.KRAKEN-KrakenBTCUSDResearchStrategy-000,KRAKEN-001,T-4352b20253d79acc-200196,MARKET,BUY,0.01206711,GTC,False,False,0.01206711,TAKER,107376.95,0.0,['5.18 USD'],NO_TRIGGER,FILLED,NO_CONTINGENCY,,,,,,,,343304a2-5c35-4099-8551-b0ee151214a4,2025-06-29 06:55:00+00:00,2025-06-29 06:55:00+00:00
O-20250629-070000-BACKTEST-000-678,KRAKEN-BACKTEST,KrakenBTCUSDResearchStrategy-000,BTC/USD.KRAKEN,KRAKEN-1-678,BTC/USD.KRAKEN-KrakenBTCUSDResearchStrategy-000,KRAKEN-001,T-a94977bedd2e3e12-200200,MARKET,SELL,0.01206711,GTC,False,False,0.01206711,TAKER,107347.64,0.0,['5.18 USD'],NO_TRIGGER,FILLED,NO_CONTINGENCY,,,,,,,,cdd2fce9-49d5-4ec2-a5c8-d9a3fe8fdf8b,2025-06-29 07:00:00+00:00,2025-06-29 07:00:00+00:00
O-20250629-083000-BACKTEST-000-679,KRAKEN-BACKTEST,KrakenBTCUSDResearchStrategy-000,BTC/USD.KRAKEN,KRAKEN-1-679,BTC/USD.KRAKEN-KrakenBTCUSDResearchStrategy-000,KRAKEN-001,T-6438cf12aa699024-200261,MARKET,BUY,0.01200914,GTC,False,False,0.01200914,TAKER,107627.71999999999,0.0,['5.17 USD'],NO_TRIGGER,FILLED,NO_CONTINGENCY,,,,,,,,2074218c-e16f-4da6-924a-c0023ac1c0a6,2025-06-29 08:30:00+00:00,2025-06-29 08:30:00+00:00
O-20250629-143500-BACKTEST-000-680,KRAKEN-BACKTEST,KrakenBTCUSDResearchStrategy-000,BTC/USD.KRAKEN,KRAKEN-1-680,BTC/USD.KRAKEN-KrakenBTCUSDResearchStrategy-000,KRAKEN-001,T-207db01454fb3e31-200541,MARKET,SELL,0.01200914,GTC,False,False,0.01200914,TAKER,107868.47,0.0,['5.18 USD'],NO_TRIGGER,FILLED,NO_CONTINGENCY,,,,,,,,e69b85ed-96c1-40e3-a433-4099318c46f5,2025-06-29 14:35:00+00:00,2025-06-29 14:35:00+00:00
O-20250629-222000-BACKTEST-000-681,KRAKEN-BACKTEST,KrakenBTCUSDResearchStrategy-000,BTC/USD.KRAKEN,KRAKEN-1-681,BTC/USD.KRAKEN-KrakenBTCUSDResearchStrategy-000,KRAKEN-001,T-89daaf0f62e94799-200886,MARKET,BUY,0.01194990,GTC,False,False,0.01194990,TAKER,107973.95999999999,0.0,['5.16 USD'],NO_TRIGGER,FILLED,NO_CONTINGENCY,,,,,,,,8a8196f8-2ec2-43d6-9e69-ee762e095509,2025-06-29 22:20:00+00:00,2025-06-29 22:20:00+00:00
O-20250630-052500-BACKTEST-000-682,KRAKEN-BACKTEST,KrakenBTCUSDResearchStrategy-000,BTC/USD.KRAKEN,KRAKEN-1-682,BTC/USD.KRAKEN-KrakenBTCUSDResearchStrategy-000,KRAKEN-001,T-3c824a531b703f4f-201210,MARKET,SELL,0.01194990,GTC,False,False,0.01194990,TAKER,108306.73,0.0,['5.18 USD'],NO_TRIGGER,FILLED,NO_CONTINGENCY,,,,,,,,46109425-d511-4d1c-b7f2-1a7253cfd919,2025-06-30 05:25:00+00:00,2025-06-30 05:25:00+00:00
O-20250702-032000-BACKTEST-000-683,KRAKEN-BACKTEST,KrakenBTCUSDResearchStrategy-000,BTC/USD.KRAKEN,KRAKEN-1-683,BTC/USD.KRAKEN-KrakenBTCUSDResearchStrategy-000,KRAKEN-001,T-6e0d9a959727dbdc-203306,MARKET,BUY,0.01213627,GTC,False,False,0.01213627,TAKER,106158.42,0.0,['5.15 USD'],NO_TRIGGER,FILLED,NO_CONTINGENCY,,,,,,,,a071929e-0553-4731-8ca6-e8f53fe18fe0,2025-07-02 03:20:00+00:00,2025-07-02 03:20:00+00:00
O-20250702-232000-BACKTEST-000-684,KRAKEN-BACKTEST,KrakenBTCUSDResearchStrategy-000,BTC/USD.KRAKEN,KRAKEN-1-684,BTC/USD.KRAKEN-KrakenBTCUSDResearchStrategy-000,KRAKEN-001,T-7b9dbd4454c46707-204231,MARKET,SELL,0.01213627,GTC,False,False,0.01213627,TAKER,108991.99,0.0,['5.29 USD'],NO_TRIGGER,FILLED,NO_CONTINGENCY,,,,,,,,3fce0174-d768-4a0c-bbae-2c5ce825e2d0,2025-07-02 23:20:00+00:00,2025-07-02 23:20:00+00:00
O-20250703-053000-BACKTEST-000-685,KRAKEN-BACKTEST,KrakenBTCUSDResearchStrategy-000,BTC/USD.KRAKEN,KRAKEN-1-685,BTC/USD.KRAKEN-KrakenBTCUSDResearchStrategy-000,KRAKEN-001,T-300e8753b34a86c8-204518,MARKET,BUY,0.01186022,GTC,False,False,0.01186022,TAKER,109235.1,0.0,['5.18 USD'],NO_TRIGGER,FILLED,NO_CONTINGENCY,,,,,,,,048bbb49-a4a9-4a9d-8aff-5535a08806ab,2025-07-03 05:30:00+00:00,2025-07-03 05:30:00+00:00
O-20250703-123000-BACKTEST-000-686,KRAKEN-BACKTEST,KrakenBTCUSDResearchStrategy-000,BTC/USD.KRAKEN,KRAKEN-1-686,BTC/USD.KRAKEN-KrakenBTCUSDResearchStrategy-000,KRAKEN-001,T-56664b13ce660560-204836,MARKET,SELL,0.01186022,GTC,False,False,0.01186022,TAKER,109297.0,0.0,['5.19 USD'],NO_TRIGGER,FILLED,NO_CONTINGENCY,,,,,,,,a12ea276-364a-49c5-8c72-40dc92f804bd,2025-07-03 12:30:00+00:00,2025-07-03 12:30:00+00:00
O-20250703-134500-BACKTEST-000-687,KRAKEN-BACKTEST,KrakenBTCUSDResearchStrategy-000,BTC/USD.KRAKEN,KRAKEN-1-687,BTC/USD.KRAKEN-KrakenBTCUSDResearchStrategy-000,KRAKEN-001,T-c7747243deafe941-204896,MARKET,BUY,0.01171851,GTC,False,False,0.01171851,TAKER,110309.57,0.0,['5.17 USD'],NO_TRIGGER,FILLED,NO_CONTINGENCY,,,,,,,,192679fd-f37d-40dc-b8d5-06a8319e354c,2025-07-03 13:45:00+00:00,2025-07-03 13:45:00+00:00
O-20250703-144500-BACKTEST-000-688,KRAKEN-BACKTEST,KrakenBTCUSDResearchStrategy-000,BTC/USD.KRAKEN,KRAKEN-1-688,BTC/USD.KRAKEN-KrakenBTCUSDResearchStrategy-000,KRAKEN-001,T-bb92d5910eb3d3cc-204945,MARKET,SELL,0.01171851,GTC,False,False,0.01171851,TAKER,109755.81,0.0,['5.14 USD'],NO_TRIGGER,FILLED,NO_CONTINGENCY,,,,,,,,1019b650-3786-4d38-abf6-4f070ba6dfe6,2025-07-03 14:45:00+00:00,2025-07-03 14:45:00+00:00
O-20250703-192500-BACKTEST-000-689,KRAKEN-BACKTEST,KrakenBTCUSDResearchStrategy-000,BTC/USD.KRAKEN,KRAKEN-1-689,BTC/USD.KRAKEN-KrakenBTCUSDResearchStrategy-000,KRAKEN-001,T-6bf133d131a6404e-205164,MARKET,BUY,0.01171867,GTC,False,False,0.01171867,TAKER,109877.99,0.0,['5.15 USD'],NO_TRIGGER,FILLED,NO_CONTINGENCY,,,,,,,,0ddb7272-26ae-431e-8c3a-743a8c12e334,2025-07-03 19:25:00+00:00,2025-07-03 19:25:00+00:00
O-20250703-213500-BACKTEST-000-690,KRAKEN-BACKTEST,KrakenBTCUSDResearchStrategy-000,BTC/USD.KRAKEN,KRAKEN-1-690,BTC/USD.KRAKEN-KrakenBTCUSDResearchStrategy-000,KRAKEN-001,T-a0c92631083d3462-205264,MARKET,SELL,0.01171867,GTC,False,False,0.01171867,TAKER,109705.72,0.0,['5.14 USD'],NO_TRIGGER,FILLED,NO_CONTINGENCY,,,,,,,,ab44a9ee-feeb-4be2-8909-cb8eac55776f,2025-07-03 21:35:00+00:00,2025-07-03 21:35:00+00:00
O-20250704-223000-BACKTEST-000-691,KRAKEN-BACKTEST,KrakenBTCUSDResearchStrategy-000,BTC/USD.KRAKEN,KRAKEN-1-691,BTC/USD.KRAKEN-KrakenBTCUSDResearchStrategy-000,KRAKEN-001,T-32005cda59550125-206396,MARKET,BUY,0.01186140,GTC,False,False,0.01186140,TAKER,108244.66,0.0,['5.14 USD'],NO_TRIGGER,FILLED,NO_CONTINGENCY,,,,,,,,71af9190-23b2-43d2-ad52-d879db5d43c3,2025-07-04 22:30:00+00:00,2025-07-04 22:30:00+00:00
O-20250704-231500-BACKTEST-000-692,KRAKEN-BACKTEST,KrakenBTCUSDResearchStrategy-000,BTC/USD.KRAKEN,KRAKEN-1-692,BTC/USD.KRAKEN-KrakenBTCUSDResearchStrategy-000,KRAKEN-001,T-40eb27e98ac77c1b-206428,MARKET,SELL,0.01186140,GTC,False,False,0.01186140,TAKER,108057.36,0.0,['5.13 USD'],NO_TRIGGER,FILLED,NO_CONTINGENCY,,,,,,,,f27c96b5-fbab-4532-a131-ba65b04493b9,2025-07-04 23:15:00+00:00,2025-07-04 23:15:00+00:00
O-20250705-033000-BACKTEST-000-693,KRAKEN-BACKTEST,KrakenBTCUSDResearchStrategy-000,BTC/USD.KRAKEN,KRAKEN-1-693,BTC/USD.KRAKEN-KrakenBTCUSDResearchStrategy-000,KRAKEN-001,T-df3bf339a0e68e17-206616,MARKET,BUY,0.01182532,GTC,False,False,0.01182532,TAKER,108258.09,0.0,['5.12 USD'],NO_TRIGGER,FILLED,NO_CONTINGENCY,,,,,,,,000c39d7-5ebf-4891-b7b1-64c545377998,2025-07-05 03:30:00+00:00,2025-07-05 03:30:00+00:00
O-20250705-034000-BACKTEST-000-694,KRAKEN-BACKTEST,KrakenBTCUSDResearchStrategy-000,BTC/USD.KRAKEN,KRAKEN-1-694,BTC/USD.KRAKEN-KrakenBTCUSDResearchStrategy-000,KRAKEN-001,T-0061943457f6717f-206625,MARKET,SELL,0.01182532,GTC,False,False,0.01182532,TAKER,108122.41,0.0,['5.11 USD'],NO_TRIGGER,FILLED,NO_CONTINGENCY,,,,,,,,2c00bbdb-8e9e-4561-92c5-44f58d638b25,2025-07-05 03:40:00+00:00,2025-07-05 03:40:00+00:00
O-20250705-224000-BACKTEST-000-695,KRAKEN-BACKTEST,KrakenBTCUSDResearchStrategy-000,BTC/USD.KRAKEN,KRAKEN-1-695,BTC/USD.KRAKEN-KrakenBTCUSDResearchStrategy-000,KRAKEN-001,T-7d078f3dc5c7ae21-207458,MARKET,BUY,0.01180124,GTC,False,False,0.01180124,TAKER,108178.01,0.0,['5.11 USD'],NO_TRIGGER,FILLED,NO_CONTINGENCY,,,,,,,,8e9f450d-b4fd-4d83-95f2-35cbfda62a9d,2025-07-05 22:40:00+00:00,2025-07-05 22:40:00+00:00
O-20250706-012500-BACKTEST-000-696,KRAKEN-BACKTEST,KrakenBTCUSDResearchStrategy-000,BTC/USD.KRAKEN,KRAKEN-1-696,BTC/USD.KRAKEN-KrakenBTCUSDResearchStrategy-000,KRAKEN-001,T-2f75f54734500ca1-207575,MARKET,SELL,0.01180124,GTC,False,False,0.01180124,TAKER,108096.0,0.0,['5.10 USD'],NO_TRIGGER,FILLED,NO_CONTINGENCY,,,,,,,,82b07110-d263-43b5-9493-db152759817d,2025-07-06 01:25:00+00:00,2025-07-06 01:25:00+00:00
O-20250706-123500-BACKTEST-000-697,KRAKEN-BACKTEST,KrakenBTCUSDResearchStrategy-000,BTC/USD.KRAKEN,KRAKEN-1-697,BTC/USD.KRAKEN-KrakenBTCUSDResearchStrategy-000,KRAKEN-001,T-2a6c9375e3feb566-208053,MARKET,BUY,0.01177684,GTC,False,False,0.01177684,TAKER,108117.56000000001,0.0,['5.09 USD'],NO_TRIGGER,FILLED,NO_CONTINGENCY,,,,,,,,7dc1923e-8cfc-4b06-b931-8d02816d574d,2025-07-06 12:35:00+00:00,2025-07-06 12:35:00+00:00
O-20250706-182500-BACKTEST-000-698,KRAKEN-BACKTEST,KrakenBTCUSDResearchStrategy-000,BTC/USD.KRAKEN,KRAKEN-1-698,BTC/USD.KRAKEN-KrakenBTCUSDResearchStrategy-000,KRAKEN-001,T-42cbcae37bcda96b-208321,MARKET,SELL,0.01177684,GTC,False,False,0.01177684,TAKER,108554.78,0.0,['5.11 USD'],NO_TRIGGER,FILLED,NO_CONTINGENCY,,,,,,,,ab10a8d4-2391-4c72-8584-30ac7ec4b68d,2025-07-06 18:25:00+00:00,2025-07-06 18:25:00+00:00
O-20250706-212000-BACKTEST-000-699,KRAKEN-BACKTEST,KrakenBTCUSDResearchStrategy-000,BTC/USD.KRAKEN,KRAKEN-1-699,BTC/USD.KRAKEN-KrakenBTCUSDResearchStrategy-000,KRAKEN-001,T-d48af2fa9c1f771f-208455,MARKET,BUY,0.01166664,GTC,False,False,0.01166664,TAKER,109009.02,0.0,['5.09 USD'],NO_TRIGGER,FILLED,NO_CONTINGENCY,,,,,,,,545364ae-8b42-44db-8250-b05b1b72c153,2025-07-06 21:20:00+00:00,2025-07-06 21:20:00+00:00
O-20250707-004000-BACKTEST-000-700,KRAKEN-BACKTEST,KrakenBTCUSDResearchStrategy-000,BTC/USD.KRAKEN,KRAKEN-1-700,BTC/USD.KRAKEN-KrakenBTCUSDResearchStrategy-000,KRAKEN-001,T-e2dfdc7a7729a600-208610,MARKET,SELL,0.01166664,GTC,False,False,0.01166664,TAKER,108847.16,0.0,['5.08 USD'],NO_TRIGGER,FILLED,NO_CONTINGENCY,,,,,,,,68c7fd19-f181-4a1b-beff-ebecb16f0348,2025-07-07 00:40:00+00:00,2025-07-07 00:40:00+00:00
O-20250707-032500-BACKTEST-000-701,KRAKEN-BACKTEST,KrakenBTCUSDResearchStrategy-000,BTC/USD.KRAKEN,KRAKEN-1-701,BTC/USD.KRAKEN-KrakenBTCUSDResearchStrategy-000,KRAKEN-001,T-a5de599550c0291c-208734,MARKET,BUY,0.01156903,GTC,False,False,0.01156903,TAKER,109615.99,0.0,['5.07 USD'],NO_TRIGGER,FILLED,NO_CONTINGENCY,,,,,,,,62e4258f-aeca-4670-b9ad-7aeabf4e01bf,2025-07-07 03:25:00+00:00,2025-07-07 03:25:00+00:00
O-20250707-034500-BACKTEST-000-702,KRAKEN-BACKTEST,KrakenBTCUSDResearchStrategy-000,BTC/USD.KRAKEN,KRAKEN-1-702,BTC/USD.KRAKEN-KrakenBTCUSDResearchStrategy-000,KRAKEN-001,T-829187de81e5ff65-208749,MARKET,SELL,0.01156903,GTC,False,False,0.01156903,TAKER,109450.01,0.0,['5.06 USD'],NO_TRIGGER,FILLED,NO_CONTINGENCY,,,,,,,,c714fc41-99bb-4324-b01e-691fc7ea8c9a,2025-07-07 03:45:00+00:00,2025-07-07 03:45:00+00:00
O-20250708-002500-BACKTEST-000-703,KRAKEN-BACKTEST,KrakenBTCUSDResearchStrategy-000,BTC/USD.KRAKEN,KRAKEN-1-703,BTC/USD.KRAKEN-KrakenBTCUSDResearchStrategy-000,KRAKEN-001,T-9bf5e29e9f4bb41b-209686,MARKET,BUY,0.01166276,GTC,False,False,0.01166276,TAKER,108425.06,0.0,['5.06 USD'],NO_TRIGGER,FILLED,NO_CONTINGENCY,,,,,,,,155119ac-b5aa-4ad0-af89-0d63d5594d7a,2025-07-08 00:25:00+00:00,2025-07-08 00:25:00+00:00
O-20250708-010000-BACKTEST-000-704,KRAKEN-BACKTEST,KrakenBTCUSDResearchStrategy-000,BTC/USD.KRAKEN,KRAKEN-1-704,BTC/USD.KRAKEN-KrakenBTCUSDResearchStrategy-000,KRAKEN-001,T-782582419bd35577-209714,MARKET,SELL,0.01166276,GTC,False,False,0.01166276,TAKER,108236.73999999999,0.0,['5.05 USD'],NO_TRIGGER,FILLED,NO_CONTINGENCY,,,,,,,,d71ebe29-26d1-4210-b6e6-30f7b9ddbafb,2025-07-08 01:00:00+00:00,2025-07-08 01:00:00+00:00
O-20250708-055000-BACKTEST-000-705,KRAKEN-BACKTEST,KrakenBTCUSDResearchStrategy-000,BTC/USD.KRAKEN,KRAKEN-1-705,BTC/USD.KRAKEN-KrakenBTCUSDResearchStrategy-000,KRAKEN-001,T-006dcbafeafa1a98-209937,MARKET,BUY,0.01165310,GTC,False,False,0.01165310,TAKER,108197.99,0.0,['5.04 USD'],NO_TRIGGER,FILLED,NO_CONTINGENCY,,,,,,,,1d6369c7-f6e3-40b3-a123-82d4b86b8c3e,2025-07-08 05:50:00+00:00,2025-07-08 05:50:00+00:00
O-20250708-141500-BACKTEST-000-706,KRAKEN-BACKTEST,KrakenBTCUSDResearchStrategy-000,BTC/USD.KRAKEN,KRAKEN-1-706,BTC/USD.KRAKEN-KrakenBTCUSDResearchStrategy-000,KRAKEN-001,T-cd8c6cc515ae79be-210326,MARKET,SELL,0.01165310,GTC,False,False,0.01165310,TAKER,108587.0,0.0,['5.06 USD'],NO_TRIGGER,FILLED,NO_CONTINGENCY,,,,,,,,8e2db110-9d4d-49d1-8e84-0ae6a77ef53a,2025-07-08 14:15:00+00:00,2025-07-08 14:15:00+00:00
O-20250708-185500-BACKTEST-000-707,KRAKEN-BACKTEST,KrakenBTCUSDResearchStrategy-000,BTC/USD.KRAKEN,KRAKEN-1-707,BTC/USD.KRAKEN-KrakenBTCUSDResearchStrategy-000,KRAKEN-001,T-c1be98bb349b767e-210546,MARKET,BUY,0.01153644,GTC,False,False,0.01153644,TAKER,109147.56,0.0,['5.04 USD'],NO_TRIGGER,FILLED,NO_CONTINGENCY,,,,,,,,ebbb4dc7-1214-4c2a-94db-9b756ed8ba39,2025-07-08 18:55:00+00:00,2025-07-08 18:55:00+00:00
O-20250708-192500-BACKTEST-000-708,KRAKEN-BACKTEST,KrakenBTCUSDResearchStrategy-000,BTC/USD.KRAKEN,KRAKEN-1-708,BTC/USD.KRAKEN-KrakenBTCUSDResearchStrategy-000,KRAKEN-001,T-86dd8a92a7629c7e-210566,MARKET,SELL,0.01153644,GTC,False,False,0.01153644,TAKER,108950.0,0.0,['5.03 USD'],NO_TRIGGER,FILLED,NO_CONTINGENCY,,,,,,,,e74ec7cf-d6f9-4a30-91fe-7aa948822ad3,2025-07-08 19:25:00+00:00,2025-07-08 19:25:00+00:00
O-20250709-010000-BACKTEST-000-709,KRAKEN-BACKTEST,KrakenBTCUSDResearchStrategy-000,BTC/USD.KRAKEN,KRAKEN-1-709,BTC/USD.KRAKEN-KrakenBTCUSDResearchStrategy-000,KRAKEN-001,T-3dd272d32ac1f86d-210815,MARKET,BUY,0.01151655,GTC,False,False,0.01151655,TAKER,109014.63,0.0,['5.02 USD'],NO_TRIGGER,FILLED,NO_CONTINGENCY,,,,,,,,44c5e824-fcd1-474d-96b0-04ed6e0b0fa3,2025-07-09 01:00:00+00:00,2025-07-09 01:00:00+00:00
O-20250709-012000-BACKTEST-000-710,KRAKEN-BACKTEST,KrakenBTCUSDResearchStrategy-000,BTC/USD.KRAKEN,KRAKEN-1-710,BTC/USD.KRAKEN-KrakenBTCUSDResearchStrategy-000,KRAKEN-001,T-5af335455013a5c7-210830,MARKET,SELL,0.01151655,GTC,False,False,0.01151655,TAKER,108861.1,0.0,['5.01 USD'],NO_TRIGGER,FILLED,NO_CONTINGENCY,,,,,,,,b724ba88-2c33-49ef-8287-e4588bb9dd23,2025-07-09 01:20:00+00:00,2025-07-09 01:20:00+00:00
O-20250709-104000-BACKTEST-000-711,KRAKEN-BACKTEST,KrakenBTCUSDResearchStrategy-000,BTC/USD.KRAKEN,KRAKEN-1-711,BTC/USD.KRAKEN-KrakenBTCUSDResearchStrategy-000,KRAKEN-001,T-22bee553fb04a2f1-211239,MARKET,BUY,0.01149807,GTC,False,False,0.01149807,TAKER,108881.93,0.0,['5.01 USD'],NO_TRIGGER,FILLED,NO_CONTINGENCY,,,,,,,,4ee68c02-9ef8-4243-b774-f88f258ffdb0,2025-07-09 10:40:00+00:00,2025-07-09 10:40:00+00:00
O-20250709-142500-BACKTEST-000-712,KRAKEN-BACKTEST,KrakenBTCUSDResearchStrategy-000,BTC/USD.KRAKEN,KRAKEN-1-712,BTC/USD.KRAKEN-KrakenBTCUSDResearchStrategy-000,KRAKEN-001,T-4e7b0713caad7bbc-211417,MARKET,SELL,0.01149807,GTC,False,False,0.01149807,TAKER,108908.94,0.0,['5.01 USD'],NO_TRIGGER,FILLED,NO_CONTINGENCY,,,,,,,,bd6d9392-d8ce-4ef3-afe6-e08748dc3487,2025-07-09 14:25:00+00:00,2025-07-09 14:25:00+00:00
O-20250709-191000-BACKTEST-000-713,KRAKEN-BACKTEST,KrakenBTCUSDResearchStrategy-000,BTC/USD.KRAKEN,KRAKEN-1-713,BTC/USD.KRAKEN-KrakenBTCUSDResearchStrategy-000,KRAKEN-001,T-535a302d6676ff30-211638,MARKET,BUY,0.01139028,GTC,False,False,0.01139028,TAKER,109656.59,0.0,['5.00 USD'],NO_TRIGGER,FILLED,NO_CONTINGENCY,,,,,,,,25d73640-347a-4618-8f35-7077cb4dd31d,2025-07-09 19:10:00+00:00,2025-07-09 19:10:00+00:00
O-20250710-052000-BACKTEST-000-714,KRAKEN-BACKTEST,KrakenBTCUSDResearchStrategy-000,BTC/USD.KRAKEN,KRAKEN-1-714,BTC/USD.KRAKEN-KrakenBTCUSDResearchStrategy-000,KRAKEN-001,T-661ac06a9371747f-212098,MARKET,SELL,0.01139028,GTC,False,False,0.01139028,TAKER,110940.26,0.0,['5.05 USD'],NO_TRIGGER,FILLED,NO_CONTINGENCY,,,,,,,,47d76691-fc6b-4d6a-ad20-aba12469a52d,2025-07-10 05:20:00+00:00,2025-07-10 05:20:00+00:00
O-20250710-155500-BACKTEST-000-715,KRAKEN-BACKTEST,KrakenBTCUSDResearchStrategy-000,BTC/USD.KRAKEN,KRAKEN-1-715,BTC/USD.KRAKEN-KrakenBTCUSDResearchStrategy-000,KRAKEN-001,T-bc6a4e05e467c0fc-212577,MARKET,BUY,0.01122348,GTC,False,False,0.01122348,TAKER,111408.4,0.0,['5.00 USD'],NO_TRIGGER,FILLED,NO_CONTINGENCY,,,,,,,,1a7b7fb6-2c9f-4de6-ba1c-185ee4e6dbba,2025-07-10 15:55:00+00:00,2025-07-10 15:55:00+00:00
O-20250711-133000-BACKTEST-000-716,KRAKEN-BACKTEST,KrakenBTCUSDResearchStrategy-000,BTC/USD.KRAKEN,KRAKEN-1-716,BTC/USD.KRAKEN-KrakenBTCUSDResearchStrategy-000,KRAKEN-001,T-c48437b1e8ac28ea-213581,MARKET,SELL,0.01122348,GTC,False,False,0.01122348,TAKER,117396.0,0.0,['5.27 USD'],NO_TRIGGER,FILLED,NO_CONTINGENCY,,,,,,,,f1cab9d1-0347-431b-855c-cb9a87d42bd7,2025-07-11 13:30:00+00:00,2025-07-11 13:30:00+00:00
O-20250711-192000-BACKTEST-000-717,KRAKEN-BACKTEST,KrakenBTCUSDResearchStrategy-000,BTC/USD.KRAKEN,KRAKEN-1-717,BTC/USD.KRAKEN-KrakenBTCUSDResearchStrategy-000,KRAKEN-001,T-5323b88820d4820a-213857,MARKET,BUY,0.01073428,GTC,False,False,0.01073428,TAKER,118076.78,0.0,['5.07 USD'],NO_TRIGGER,FILLED,NO_CONTINGENCY,,,,,,,,e9f453ae-0bc8-418d-88bc-58e09a49184a,2025-07-11 19:20:00+00:00,2025-07-11 19:20:00+00:00
O-20250711-205500-BACKTEST-000-718,KRAKEN-BACKTEST,KrakenBTCUSDResearchStrategy-000,BTC/USD.KRAKEN,KRAKEN-1-718,BTC/USD.KRAKEN-KrakenBTCUSDResearchStrategy-000,KRAKEN-001,T-e6cf3b84213901bf-213929,MARKET,SELL,0.01073428,GTC,False,False,0.01073428,TAKER,117664.46,0.0,['5.05 USD'],NO_TRIGGER,FILLED,NO_CONTINGENCY,,,,,,,,28e86ac1-4b67-4db0-b4d3-63ba8b07d293,2025-07-11 20:55:00+00:00,2025-07-11 20:55:00+00:00
O-20250712-031500-BACKTEST-000-719,KRAKEN-BACKTEST,KrakenBTCUSDResearchStrategy-000,BTC/USD.KRAKEN,KRAKEN-1-719,BTC/USD.KRAKEN-KrakenBTCUSDResearchStrategy-000,KRAKEN-001,T-b411ba054c09c6d2-214221,MARKET,BUY,0.01072063,GTC,False,False,0.01072063,TAKER,117820.0,0.0,['5.05 USD'],NO_TRIGGER,FILLED,NO_CONTINGENCY,,,,,,,,b1ce7d90-fa99-45e2-8b66-341006edd12a,2025-07-12 03:15:00+00:00,2025-07-12 03:15:00+00:00
O-20250712-034500-BACKTEST-000-720,KRAKEN-BACKTEST,KrakenBTCUSDResearchStrategy-000,BTC/USD.KRAKEN,KRAKEN-1-720,BTC/USD.KRAKEN-KrakenBTCUSDResearchStrategy-000,KRAKEN-001,T-0bb6bfb1e3bf7420-214245,MARKET,SELL,0.01072063,GTC,False,False,0.01072063,TAKER,117675.99,0.0,['5.05 USD'],NO_TRIGGER,FILLED,NO_CONTINGENCY,,,,,,,,67d658c5-05ff-46c3-948c-c7694e24ced8,2025-07-12 03:45:00+00:00,2025-07-12 03:45:00+00:00
O-20250712-062500-BACKTEST-000-721,KRAKEN-BACKTEST,KrakenBTCUSDResearchStrategy-000,BTC/USD.KRAKEN,KRAKEN-1-721,BTC/USD.KRAKEN-KrakenBTCUSDResearchStrategy-000,KRAKEN-001,T-dd5ff062b697b81d-214365,MARKET,BUY,0.01068283,GTC,False,False,0.01068283,TAKER,117910.0,0.0,['5.04 USD'],NO_TRIGGER,FILLED,NO_CONTINGENCY,,,,,,,,ea889e7b-67dd-4c93-9047-828237e3b90e,2025-07-12 06:25:00+00:00,2025-07-12 06:25:00+00:00
O-20250712-074000-BACKTEST-000-722,KRAKEN-BACKTEST,KrakenBTCUSDResearchStrategy-000,BTC/USD.KRAKEN,KRAKEN-1-722,BTC/USD.KRAKEN-KrakenBTCUSDResearchStrategy-000,KRAKEN-001,T-655bb0d9e1f51475-214422,MARKET,SELL,0.01068283,GTC,False,False,0.01068283,TAKER,117733.48,0.0,['5.03 USD'],NO_TRIGGER,FILLED,NO_CONTINGENCY,,,,,,,,a3a5dc11-6654-41c8-8110-03c596172c35,2025-07-12 07:40:00+00:00,2025-07-12 07:40:00+00:00
O-20250712-094500-BACKTEST-000-723,KRAKEN-BACKTEST,KrakenBTCUSDResearchStrategy-000,BTC/USD.KRAKEN,KRAKEN-1-723,BTC/USD.KRAKEN-KrakenBTCUSDResearchStrategy-000,KRAKEN-001,T-7c8cc73e77570b0f-214514,MARKET,BUY,0.01063889,GTC,False,False,0.01063889,TAKER,118060.0,0.0,['5.02 USD'],NO_TRIGGER,FILLED,NO_CONTINGENCY,,,,,,,,48dc36bf-ebab-49e0-b91d-67f1a68ac8d5,2025-07-12 09:45:00+00:00,2025-07-12 09:45:00+00:00
O-20250712-114000-BACKTEST-000-724,KRAKEN-BACKTEST,KrakenBTCUSDResearchStrategy-000,BTC/USD.KRAKEN,KRAKEN-1-724,BTC/USD.KRAKEN-KrakenBTCUSDResearchStrategy-000,KRAKEN-001,T-bbe14538c9f2d052-214602,MARKET,SELL,0.01063889,GTC,False,False,0.01063889,TAKER,117676.3,0.0,['5.01 USD'],NO_TRIGGER,FILLED,NO_CONTINGENCY,,,,,,,,58f2308e-ac30-4edc-afd6-56683f8f7206,2025-07-12 11:40:00+00:00,2025-07-12 11:40:00+00:00
O-20250713-025000-BACKTEST-000-725,KRAKEN-BACKTEST,KrakenBTCUSDResearchStrategy-000,BTC/USD.KRAKEN,KRAKEN-1-725,BTC/USD.KRAKEN-KrakenBTCUSDResearchStrategy-000,KRAKEN-001,T-6182f30a85112dfb-215278,MARKET,BUY,0.01064027,GTC,False,False,0.01064027,TAKER,117646.85,0.0,['5.01 USD'],NO_TRIGGER,FILLED,NO_CONTINGENCY,,,,,,,,46cdd522-3146-4a2b-97be-4d0b144bd370,2025-07-13 02:50:00+00:00,2025-07-13 02:50:00+00:00
O-20250713-093500-BACKTEST-000-726,KRAKEN-BACKTEST,KrakenBTCUSDResearchStrategy-000,BTC/USD.KRAKEN,KRAKEN-1-726,BTC/USD.KRAKEN-KrakenBTCUSDResearchStrategy-000,KRAKEN-001,T-88982200494dad7b-215568,MARKET,SELL,0.01064027,GTC,False,False,0.01064027,TAKER,117700.0,0.0,['5.01 USD'],NO_TRIGGER,FILLED,NO_CONTINGENCY,,,,,,,,d68528db-96b1-4ed5-ac30-3ab37e746e9e,2025-07-13 09:35:00+00:00,2025-07-13 09:35:00+00:00
O-20250713-112500-BACKTEST-000-727,KRAKEN-BACKTEST,KrakenBTCUSDResearchStrategy-000,BTC/USD.KRAKEN,KRAKEN-1-727,BTC/USD.KRAKEN-KrakenBTCUSDResearchStrategy-000,KRAKEN-001,T-c9cd59ce86fe9e82-215649,MARKET,BUY,0.01057904,GTC,False,False,0.01057904,TAKER,118059.85,0.0,['5.00 USD'],NO_TRIGGER,FILLED,NO_CONTINGENCY,,,,,,,,a028772a-1781-4a37-9b0b-d77c5e08bf71,2025-07-13 11:25:00+00:00,2025-07-13 11:25:00+00:00
O-20250713-113000-BACKTEST-000-728,KRAKEN-BACKTEST,KrakenBTCUSDResearchStrategy-000,BTC/USD.KRAKEN,KRAKEN-1-728,BTC/USD.KRAKEN-KrakenBTCUSDResearchStrategy-000,KRAKEN-001,T-bbba4a767b7fd4f2-215653,MARKET,SELL,0.01057904,GTC,False,False,0.01057904,TAKER,117955.25,0.0,['4.99 USD'],NO_TRIGGER,FILLED,NO_CONTINGENCY,,,,,,,,489bef0a-9357-41a1-a50a-15a5541927df,2025-07-13 11:30:00+00:00,2025-07-13 11:30:00+00:00
O-20250713-125000-BACKTEST-000-729,KRAKEN-BACKTEST,KrakenBTCUSDResearchStrategy-000,BTC/USD.KRAKEN,KRAKEN-1-729,BTC/USD.KRAKEN-KrakenBTCUSDResearchStrategy-000,KRAKEN-001,T-04106da1aa1d520b-215714,MARKET,BUY,0.01051063,GTC,False,False,0.01051063,TAKER,118511.34999999999,0.0,['4.98 USD'],NO_TRIGGER,FILLED,NO_CONTINGENCY,,,,,,,,eeeeb146-2ac5-49ba-918f-db1b71fcfeb8,2025-07-13 12:50:00+00:00,2025-07-13 12:50:00+00:00
O-20250713-131000-BACKTEST-000-730,KRAKEN-BACKTEST,KrakenBTCUSDResearchStrategy-000,BTC/USD.KRAKEN,KRAKEN-1-730,BTC/USD.KRAKEN-KrakenBTCUSDResearchStrategy-000,KRAKEN-001,T-69710268dd83a4fc-215731,MARKET,SELL,0.01051063,GTC,False,False,0.01051063,TAKER,118175.01,0.0,['4.97 USD'],NO_TRIGGER,FILLED,NO_CONTINGENCY,,,,,,,,57638c52-5272-41a7-a751-b807187d0852,2025-07-13 13:10:00+00:00,2025-07-13 13:10:00+00:00
O-20250713-141500-BACKTEST-000-731,KRAKEN-BACKTEST,KrakenBTCUSDResearchStrategy-000,BTC/USD.KRAKEN,KRAKEN-1-731,BTC/USD.KRAKEN-KrakenBTCUSDResearchStrategy-000,KRAKEN-001,T-b2f6fef572ca23e9-215784,MARKET,BUY,0.01041021,GTC,False,False,0.01041021,TAKER,119265.87,0.0,['4.97 USD'],NO_TRIGGER,FILLED,NO_CONTINGENCY,,,,,,,,04410ac2-3206-4b8f-83d8-5870b7868192,2025-07-13 14:15:00+00:00,2025-07-13 14:15:00+00:00
O-20250713-144000-BACKTEST-000-732,KRAKEN-BACKTEST,KrakenBTCUSDResearchStrategy-000,BTC/USD.KRAKEN,KRAKEN-1-732,BTC/USD.KRAKEN-KrakenBTCUSDResearchStrategy-000,KRAKEN-001,T-3962aeb775640776-215803,MARKET,SELL,0.01041021,GTC,False,False,0.01041021,TAKER,118735.07,0.0,['4.94 USD'],NO_TRIGGER,FILLED,NO_CONTINGENCY,,,,,,,,10807f9e-93d0-4d21-8ece-1814f23986e5,2025-07-13 14:40:00+00:00,2025-07-13 14:40:00+00:00
O-20250713-192000-BACKTEST-000-733,KRAKEN-BACKTEST,KrakenBTCUSDResearchStrategy-000,BTC/USD.KRAKEN,KRAKEN-1-733,BTC/USD.KRAKEN-KrakenBTCUSDResearchStrategy-000,KRAKEN-001,T-8d5911e493d5c249-216020,MARKET,BUY,0.01037876,GTC,False,False,0.01037876,TAKER,119181.28,0.0,['4.95 USD'],NO_TRIGGER,FILLED,NO_CONTINGENCY,,,,,,,,cb9bdb9c-4edf-49f9-9f88-e51504533c64,2025-07-13 19:20:00+00:00,2025-07-13 19:20:00+00:00
O-20250713-200000-BACKTEST-000-734,KRAKEN-BACKTEST,KrakenBTCUSDResearchStrategy-000,BTC/USD.KRAKEN,KRAKEN-1-734,BTC/USD.KRAKEN-KrakenBTCUSDResearchStrategy-000,KRAKEN-001,T-b40c20aefa3d39cd-216051,MARKET,SELL,0.01037876,GTC,False,False,0.01037876,TAKER,118836.0,0.0,['4.93 USD'],NO_TRIGGER,FILLED,NO_CONTINGENCY,,,,,,,,1ee99bf0-efd9-419d-88d4-ca026e0c8cae,2025-07-13 20:00:00+00:00,2025-07-13 20:00:00+00:00
O-20250714-022000-BACKTEST-000-735,KRAKEN-BACKTEST,KrakenBTCUSDResearchStrategy-000,BTC/USD.KRAKEN,KRAKEN-1-735,BTC/USD.KRAKEN-KrakenBTCUSDResearchStrategy-000,KRAKEN-001,T-865dd9a6adb2ebdd-216341,MARKET,BUY,0.01030782,GTC,False,False,0.01030782,TAKER,119609.77000000002,0.0,['4.93 USD'],NO_TRIGGER,FILLED,NO_CONTINGENCY,,,,,,,,3013be81-c617-49a7-ab9d-3c2995eb1399,2025-07-14 02:20:00+00:00,2025-07-14 02:20:00+00:00
O-20250714-112000-BACKTEST-000-736,KRAKEN-BACKTEST,KrakenBTCUSDResearchStrategy-000,BTC/USD.KRAKEN,KRAKEN-1-736,BTC/USD.KRAKEN-KrakenBTCUSDResearchStrategy-000,KRAKEN-001,T-8d9529b4776f67a1-216761,MARKET,SELL,0.01030782,GTC,False,False,0.01030782,TAKER,121388.23999999999,0.0,['5.01 USD'],NO_TRIGGER,FILLED,NO_CONTINGENCY,,,,,,,,8eb410ce-6db2-4bcb-8a09-8a177c97b20d,2025-07-14 11:20:00+00:00,2025-07-14 11:20:00+00:00
O-20250715-134000-BACKTEST-000-737,KRAKEN-BACKTEST,KrakenBTCUSDResearchStrategy-000,BTC/USD.KRAKEN,KRAKEN-1-737,BTC/USD.KRAKEN-KrakenBTCUSDResearchStrategy-000,KRAKEN-001,T-9a5dd4e91966e321-217975,MARKET,BUY,0.01044472,GTC,False,False,0.01044472,TAKER,118282.95999999999,0.0,['4.94 USD'],NO_TRIGGER,FILLED,NO_CONTINGENCY,,,,,,,,f4cb791d-bd33-4218-9333-540fd723a2bf,2025-07-15 13:40:00+00:00,2025-07-15 13:40:00+00:00
O-20250715-143000-BACKTEST-000-738,KRAKEN-BACKTEST,KrakenBTCUSDResearchStrategy-000,BTC/USD.KRAKEN,KRAKEN-1-738,BTC/USD.KRAKEN-KrakenBTCUSDResearchStrategy-000,KRAKEN-001,T-f1341b3185159a10-218016,MARKET,SELL,0.01044472,GTC,False,False,0.01044472,TAKER,117301.95999999999,0.0,['4.90 USD'],NO_TRIGGER,FILLED,NO_CONTINGENCY,,,,,,,,98cfabd7-0067-42bf-8aa8-69f2c0706eff,2025-07-15 14:30:00+00:00,2025-07-15 14:30:00+00:00
O-20250715-224000-BACKTEST-000-739,KRAKEN-BACKTEST,KrakenBTCUSDResearchStrategy-000,BTC/USD.KRAKEN,KRAKEN-1-739,BTC/USD.KRAKEN-KrakenBTCUSDResearchStrategy-000,KRAKEN-001,T-e78d18539e9789b6-218399,MARKET,BUY,0.01044267,GTC,False,False,0.01044267,TAKER,117729.27,0.0,['4.92 USD'],NO_TRIGGER,FILLED,NO_CONTINGENCY,,,,,,,,b1bc4ae9-2caa-499d-b0d1-f747ae19f7c1,2025-07-15 22:40:00+00:00,2025-07-15 22:40:00+00:00
O-20250716-020000-BACKTEST-000-740,KRAKEN-BACKTEST,KrakenBTCUSDResearchStrategy-000,BTC/USD.KRAKEN,KRAKEN-1-740,BTC/USD.KRAKEN-KrakenBTCUSDResearchStrategy-000,KRAKEN-001,T-48752071ffeb855c-218557,MARKET,SELL,0.01044267,GTC,False,False,0.01044267,TAKER,117436.56,0.0,['4.91 USD'],NO_TRIGGER,FILLED,NO_CONTINGENCY,,,,,,,,39a005d6-59eb-4c90-baff-a247ab8d99df,2025-07-16 02:00:00+00:00,2025-07-16 02:00:00+00:00
O-20250716-062000-BACKTEST-000-741,KRAKEN-BACKTEST,KrakenBTCUSDResearchStrategy-000,BTC/USD.KRAKEN,KRAKEN-1-741,BTC/USD.KRAKEN-KrakenBTCUSDResearchStrategy-000,KRAKEN-001,T-e92335cf900dd38b-218757,MARKET,BUY,0.01037920,GTC,False,False,0.01037920,TAKER,118076.65000000001,0.0,['4.90 USD'],NO_TRIGGER,FILLED,NO_CONTINGENCY,,,,,,,,0e7d7b7d-8153-4e46-81e2-9eae5e60802a,2025-07-16 06:20:00+00:00,2025-07-16 06:20:00+00:00
O-20250716-130000-BACKTEST-000-742,KRAKEN-BACKTEST,KrakenBTCUSDResearchStrategy-000,BTC/USD.KRAKEN,KRAKEN-1-742,BTC/USD.KRAKEN-KrakenBTCUSDResearchStrategy-000,KRAKEN-001,T-4369b043037264d7-219064,MARKET,SELL,0.01037920,GTC,False,False,0.01037920,TAKER,118488.97000000002,0.0,['4.92 USD'],NO_TRIGGER,FILLED,NO_CONTINGENCY,,,,,,,,2efc21ab-0b81-4602-aa1a-3622410fbd97,2025-07-16 13:00:00+00:00,2025-07-16 13:00:00+00:00
O-20250716-150000-BACKTEST-000-743,KRAKEN-BACKTEST,KrakenBTCUSDResearchStrategy-000,BTC/USD.KRAKEN,KRAKEN-1-743,BTC/USD.KRAKEN-KrakenBTCUSDResearchStrategy-000,KRAKEN-001,T-f2a7c1e8d2f02b0e-219158,MARKET,BUY,0.01025790,GTC,False,False,0.01025790,TAKER,119310.91,0.0,['4.90 USD'],NO_TRIGGER,FILLED,NO_CONTINGENCY,,,,,,,,7165e8a9-f9ce-48db-9196-d798d745e52c,2025-07-16 15:00:00+00:00,2025-07-16 15:00:00+00:00
O-20250716-160500-BACKTEST-000-744,KRAKEN-BACKTEST,KrakenBTCUSDResearchStrategy-000,BTC/USD.KRAKEN,KRAKEN-1-744,BTC/USD.KRAKEN-KrakenBTCUSDResearchStrategy-000,KRAKEN-001,T-8498264ec8267a46-219209,MARKET,SELL,0.01025790,GTC,False,False,0.01025790,TAKER,118613.53,0.0,['4.87 USD'],NO_TRIGGER,FILLED,NO_CONTINGENCY,,,,,,,,e8f0a7d2-c0c7-4b31-ac8e-1871f37f09bb,2025-07-16 16:05:00+00:00,2025-07-16 16:05:00+00:00
O-20250716-184500-BACKTEST-000-745,KRAKEN-BACKTEST,KrakenBTCUSDResearchStrategy-000,BTC/USD.KRAKEN,KRAKEN-1-745,BTC/USD.KRAKEN-KrakenBTCUSDResearchStrategy-000,KRAKEN-001,T-fd75e409a8f87d61-219335,MARKET,BUY,0.01017213,GTC,False,False,0.01017213,TAKER,119817.86000000002,0.0,['4.88 USD'],NO_TRIGGER,FILLED,NO_CONTINGENCY,,,,,,,,c8983677-daa0-45cc-bc68-04bb3e2c9332,2025-07-16 18:45:00+00:00,2025-07-16 18:45:00+00:00
O-20250716-191000-BACKTEST-000-746,KRAKEN-BACKTEST,KrakenBTCUSDResearchStrategy-000,BTC/USD.KRAKEN,KRAKEN-1-746,BTC/USD.KRAKEN-KrakenBTCUSDResearchStrategy-000,KRAKEN-001,T-cfa800858ff8bda4-219353,MARKET,SELL,0.01017213,GTC,False,False,0.01017213,TAKER,119213.77000000002,0.0,['4.85 USD'],NO_TRIGGER,FILLED,NO_CONTINGENCY,,,,,,,,45d2be0c-22b6-4d73-9bdd-8206bca30b0d,2025-07-16 19:10:00+00:00,2025-07-16 19:10:00+00:00
O-20250716-204000-BACKTEST-000-747,KRAKEN-BACKTEST,KrakenBTCUSDResearchStrategy-000,BTC/USD.KRAKEN,KRAKEN-1-747,BTC/USD.KRAKEN-KrakenBTCUSDResearchStrategy-000,KRAKEN-001,T-7acf410adcd5b720-219425,MARKET,BUY,0.01012371,GTC,False,False,0.01012371,TAKER,119920.71,0.0,['4.86 USD'],NO_TRIGGER,FILLED,NO_CONTINGENCY,,,,,,,,edd63180-6680-4874-9964-89cf41135736,2025-07-16 20:40:00+00:00,2025-07-16 20:40:00+00:00
O-20250716-214000-BACKTEST-000-748,KRAKEN-BACKTEST,KrakenBTCUSDResearchStrategy-000,BTC/USD.KRAKEN,KRAKEN-1-748,BTC/USD.KRAKEN-KrakenBTCUSDResearchStrategy-000,KRAKEN-001,T-86ae21ab39e4ad61-219472,MARKET,SELL,0.01012371,GTC,False,False,0.01012371,TAKER,119391.02999999998,0.0,['4.83 USD'],NO_TRIGGER,FILLED,NO_CONTINGENCY,,,,,,,,f88e60c6-430c-4860-af54-f75834dd9c44,2025-07-16 21:40:00+00:00,2025-07-16 21:40:00+00:00
O-20250717-154000-BACKTEST-000-749,KRAKEN-BACKTEST,KrakenBTCUSDResearchStrategy-000,BTC/USD.KRAKEN,KRAKEN-1-749,BTC/USD.KRAKEN-KrakenBTCUSDResearchStrategy-000,KRAKEN-001,T-61917420123582b6-220301,MARKET,BUY,0.01015783,GTC,False,False,0.01015783,TAKER,119073.45000000001,0.0,['4.84 USD'],NO_TRIGGER,FILLED,NO_CONTINGENCY,,,,,,,,2b9a7e76-35ea-43b1-a5f8-b2e3513fa71c,2025-07-17 15:40:00+00:00,2025-07-17 15:40:00+00:00
O-20250717-161000-BACKTEST-000-750,KRAKEN-BACKTEST,KrakenBTCUSDResearchStrategy-000,BTC/USD.KRAKEN,KRAKEN-1-750,BTC/USD.KRAKEN-KrakenBTCUSDResearchStrategy-000,KRAKEN-001,T-27634a9e987e8e62-220326,MARKET,SELL,0.01015783,GTC,False,False,0.01015783,TAKER,118658.84999999999,0.0,['4.82 USD'],NO_TRIGGER,FILLED,NO_CONTINGENCY,,,,,,,,a97128b3-63c1-4119-b7b3-00d69fcad865,2025-07-17 16:10:00+00:00,2025-07-17 16:10:00+00:00
O-20250717-175500-BACKTEST-000-751,KRAKEN-BACKTEST,KrakenBTCUSDResearchStrategy-000,BTC/USD.KRAKEN,KRAKEN-1-751,BTC/USD.KRAKEN-KrakenBTCUSDResearchStrategy-000,KRAKEN-001,T-520f88f3ffa4041b-220410,MARKET,BUY,0.01010692,GTC,False,False,0.01010692,TAKER,119261.49999999999,0.0,['4.82 USD'],NO_TRIGGER,FILLED,NO_CONTINGENCY,,,,,,,,1ac4e213-3daa-4b90-94b6-994eaa7acf8c,2025-07-17 17:55:00+00:00,2025-07-17 17:55:00+00:00
O-20250717-200000-BACKTEST-000-752,KRAKEN-BACKTEST,KrakenBTCUSDResearchStrategy-000,BTC/USD.KRAKEN,KRAKEN-1-752,BTC/USD.KRAKEN-KrakenBTCUSDResearchStrategy-000,KRAKEN-001,T-8e6151a137193cfb-220508,MARKET,SELL,0.01010692,GTC,False,False,0.01010692,TAKER,118747.91999999998,0.0,['4.80 USD'],NO_TRIGGER,FILLED,NO_CONTINGENCY,,,,,,,,ee10bd54-1cef-477e-88ec-c2e0f88ccaef,2025-07-17 20:00:00+00:00,2025-07-17 20:00:00+00:00
O-20250717-211000-BACKTEST-000-753,KRAKEN-BACKTEST,KrakenBTCUSDResearchStrategy-000,BTC/USD.KRAKEN,KRAKEN-1-753,BTC/USD.KRAKEN-KrakenBTCUSDResearchStrategy-000,KRAKEN-001,T-eed51e2f3d153f8b-220563,MARKET,BUY,0.01000219,GTC,False,False,0.01000219,TAKER,120065.99,0.0,['4.80 USD'],NO_TRIGGER,FILLED,NO_CONTINGENCY,,,,,,,,f9fc35f7-e641-45f8-8f4f-9700f375d93a,2025-07-17 21:10:00+00:00,2025-07-17 21:10:00+00:00
O-20250717-231500-BACKTEST-000-754,KRAKEN-BACKTEST,KrakenBTCUSDResearchStrategy-000,BTC/USD.KRAKEN,KRAKEN-1-754,BTC/USD.KRAKEN-KrakenBTCUSDResearchStrategy-000,KRAKEN-001,T-b678fa5b61d7549f-220660,MARKET,SELL,0.01000219,GTC,False,False,0.01000219,TAKER,119486.70999999999,0.0,['4.78 USD'],NO_TRIGGER,FILLED,NO_CONTINGENCY,,,,,,,,e7016a5e-443e-4d6f-84f7-7ac544c2dc46,2025-07-17 23:15:00+00:00,2025-07-17 23:15:00+00:00
O-20250719-014000-BACKTEST-000-755,KRAKEN-BACKTEST,KrakenBTCUSDResearchStrategy-000,BTC/USD.KRAKEN,KRAKEN-1-755,BTC/USD.KRAKEN-KrakenBTCUSDResearchStrategy-000,KRAKEN-001,T-c28369eb6c574092-221896,MARKET,BUY,0.01013568,GTC,False,False,0.01013568,TAKER,118029.79999999999,0.0,['4.79 USD'],NO_TRIGGER,FILLED,NO_CONTINGENCY,,,,,,,,e47ff529-e796-4202-b8e2-4adfee09a767,2025-07-19 01:40:00+00:00,2025-07-19 01:40:00+00:00
O-20250719-062500-BACKTEST-000-756,KRAKEN-BACKTEST,KrakenBTCUSDResearchStrategy-000,BTC/USD.KRAKEN,KRAKEN-1-756,BTC/USD.KRAKEN-KrakenBTCUSDResearchStrategy-000,KRAKEN-001,T-f9f90ddf0cb80e8a-222111,MARKET,SELL,0.01013568,GTC,False,False,0.01013568,TAKER,118065.79999999999,0.0,['4.79 USD'],NO_TRIGGER,FILLED,NO_CONTINGENCY,,,,,,,,e5a68ce0-78c7-42a6-82ba-94f10fc98caf,2025-07-19 06:25:00+00:00,2025-07-19 06:25:00+00:00
O-20250719-094500-BACKTEST-000-757,KRAKEN-BACKTEST,KrakenBTCUSDResearchStrategy-000,BTC/USD.KRAKEN,KRAKEN-1-757,BTC/USD.KRAKEN-KrakenBTCUSDResearchStrategy-000,KRAKEN-001,T-9617a5ca6a9ebb3b-222265,MARKET,BUY,0.01008679,GTC,False,False,0.01008679,TAKER,118327.98999999999,0.0,['4.77 USD'],NO_TRIGGER,FILLED,NO_CONTINGENCY,,,,,,,,3b6437c0-27f4-4446-8ba3-ad826524d90b,2025-07-19 09:45:00+00:00,2025-07-19 09:45:00+00:00
O-20250719-100500-BACKTEST-000-758,KRAKEN-BACKTEST,KrakenBTCUSDResearchStrategy-000,BTC/USD.KRAKEN,KRAKEN-1-758,BTC/USD.KRAKEN-KrakenBTCUSDResearchStrategy-000,KRAKEN-001,T-789d79402cf0939d-222281,MARKET,SELL,0.01008679,GTC,False,False,0.01008679,TAKER,118185.24999999999,0.0,['4.77 USD'],NO_TRIGGER,FILLED,NO_CONTINGENCY,,,,,,,,79266983-7d6e-4b50-90aa-8da01548d299,2025-07-19 10:05:00+00:00,2025-07-19 10:05:00+00:00
O-20250720-012000-BACKTEST-000-759,KRAKEN-BACKTEST,KrakenBTCUSDResearchStrategy-000,BTC/USD.KRAKEN,KRAKEN-1-759,BTC/USD.KRAKEN-KrakenBTCUSDResearchStrategy-000,KRAKEN-001,T-e401dbf702c52d5e-222967,MARKET,BUY,0.01007776,GTC,False,False,0.01007776,TAKER,118107.15,0.0,['4.76 USD'],NO_TRIGGER,FILLED,NO_CONTINGENCY,,,,,,,,a608e8f1-4c98-47cb-89c4-d79875072b4f,2025-07-20 01:20:00+00:00,2025-07-20 01:20:00+00:00
O-20250720-020000-BACKTEST-000-760,KRAKEN-BACKTEST,KrakenBTCUSDResearchStrategy-000,BTC/USD.KRAKEN,KRAKEN-1-760,BTC/USD.KRAKEN-KrakenBTCUSDResearchStrategy-000,KRAKEN-001,T-0262253e9ad2cb25-222997,MARKET,SELL,0.01007776,GTC,False,False,0.01007776,TAKER,117900.0,0.0,['4.75 USD'],NO_TRIGGER,FILLED,NO_CONTINGENCY,,,,,,,,8944a407-d99f-43b8-a81a-8d0b5a8ee6d3,2025-07-20 02:00:00+00:00,2025-07-20 02:00:00+00:00
O-20250720-074000-BACKTEST-000-761,KRAKEN-BACKTEST,KrakenBTCUSDResearchStrategy-000,BTC/USD.KRAKEN,KRAKEN-1-761,BTC/USD.KRAKEN-KrakenBTCUSDResearchStrategy-000,KRAKEN-001,T-345d0a6c59a8f82f-223249,MARKET,BUY,0.01003910,GTC,False,False,0.01003910,TAKER,118215.3,0.0,['4.75 USD'],NO_TRIGGER,FILLED,NO_CONTINGENCY,,,,,,,,bd91830c-fc82-4855-9171-e0706055e8cc,2025-07-20 07:40:00+00:00,2025-07-20 07:40:00+00:00
O-20250720-075000-BACKTEST-000-762,KRAKEN-BACKTEST,KrakenBTCUSDResearchStrategy-000,BTC/USD.KRAKEN,KRAKEN-1-762,BTC/USD.KRAKEN-KrakenBTCUSDResearchStrategy-000,KRAKEN-001,T-24b885b25d249aac-223257,MARKET,SELL,0.01003910,GTC,False,False,0.01003910,TAKER,118036.01,0.0,['4.74 USD'],NO_TRIGGER,FILLED,NO_CONTINGENCY,,,,,,,,6f589e33-237a-4c00-a6ce-3f9286f3e7b4,2025-07-20 07:50:00+00:00,2025-07-20 07:50:00+00:00
O-20250720-135000-BACKTEST-000-763,KRAKEN-BACKTEST,KrakenBTCUSDResearchStrategy-000,BTC/USD.KRAKEN,KRAKEN-1-763,BTC/USD.KRAKEN-KrakenBTCUSDResearchStrategy-000,KRAKEN-001,T-767eb514d6e1bfac-223525,MARKET,BUY,0.00999984,GTC,False,False,0.00999984,TAKER,118340.71,0.0,['4.73 USD'],NO_TRIGGER,FILLED,NO_CONTINGENCY,,,,,,,,05866836-dbe9-4b79-9889-0fa5c07706b0,2025-07-20 13:50:00+00:00,2025-07-20 13:50:00+00:00
O-20250720-174000-BACKTEST-000-764,KRAKEN-BACKTEST,KrakenBTCUSDResearchStrategy-000,BTC/USD.KRAKEN,KRAKEN-1-764,BTC/USD.KRAKEN-KrakenBTCUSDResearchStrategy-000,KRAKEN-001,T-1cbb378402fbe054-223703,MARKET,SELL,0.00999984,GTC,False,False,0.00999984,TAKER,118216.36,0.0,['4.73 USD'],NO_TRIGGER,FILLED,NO_CONTINGENCY,,,,,,,,d8fd9c28-3e1e-428e-bb0f-d0f1e36c33c0,2025-07-20 17:40:00+00:00,2025-07-20 17:40:00+00:00
O-20250721-030000-BACKTEST-000-765,KRAKEN-BACKTEST,KrakenBTCUSDResearchStrategy-000,BTC/USD.KRAKEN,KRAKEN-1-765,BTC/USD.KRAKEN-KrakenBTCUSDResearchStrategy-000,KRAKEN-001,T-79bfb33eca1c3551-224131,MARKET,BUY,0.00997107,GTC,False,False,0.00997107,TAKER,118359.98000000001,0.0,['4.72 USD'],NO_TRIGGER,FILLED,NO_CONTINGENCY,,,,,,,,67882712-b90b-49e2-a133-35fd6a2f4841,2025-07-21 03:00:00+00:00,2025-07-21 03:00:00+00:00
O-20250721-094000-BACKTEST-000-766,KRAKEN-BACKTEST,KrakenBTCUSDResearchStrategy-000,BTC/USD.KRAKEN,KRAKEN-1-766,BTC/USD.KRAKEN-KrakenBTCUSDResearchStrategy-000,KRAKEN-001,T-dc0a207895e5a4a9-224440,MARKET,SELL,0.00997107,GTC,False,False,0.00997107,TAKER,118617.0,0.0,['4.73 USD'],NO_TRIGGER,FILLED,NO_CONTINGENCY,,,,,,,,4cad4f79-23c5-4ca2-ab73-d9d5cf4e0312,2025-07-21 09:40:00+00:00,2025-07-21 09:40:00+00:00
O-20250722-065500-BACKTEST-000-767,KRAKEN-BACKTEST,KrakenBTCUSDResearchStrategy-000,BTC/USD.KRAKEN,KRAKEN-1-767,BTC/USD.KRAKEN-KrakenBTCUSDResearchStrategy-000,KRAKEN-001,T-3c8cd1993a690d24-225421,MARKET,BUY,0.00999691,GTC,False,False,0.00999691,TAKER,117847.26000000001,0.0,['4.71 USD'],NO_TRIGGER,FILLED,NO_CONTINGENCY,,,,,,,,8d4a2970-7834-4119-8871-ea6f980e7112,2025-07-22 06:55:00+00:00,2025-07-22 06:55:00+00:00
O-20250722-135000-BACKTEST-000-768,KRAKEN-BACKTEST,KrakenBTCUSDResearchStrategy-000,BTC/USD.KRAKEN,KRAKEN-1-768,BTC/USD.KRAKEN-KrakenBTCUSDResearchStrategy-000,KRAKEN-001,T-73623c96b2722332-225745,MARKET,SELL,0.00999691,GTC,False,False,0.00999691,TAKER,118300.01000000001,0.0,['4.73 USD'],NO_TRIGGER,FILLED,NO_CONTINGENCY,,,,,,,,83530d94-00c4-46b8-94b1-9d5c682c9252,2025-07-22 13:50:00+00:00,2025-07-22 13:50:00+00:00
O-20250722-185000-BACKTEST-000-769,KRAKEN-BACKTEST,KrakenBTCUSDResearchStrategy-000,BTC/USD.KRAKEN,KRAKEN-1-769,BTC/USD.KRAKEN-KrakenBTCUSDResearchStrategy-000,KRAKEN-001,T-73a019498a58d05e-225977,MARKET,BUY,0.00980641,GTC,False,False,0.00980641,TAKER,119985.99,0.0,['4.71 USD'],NO_TRIGGER,FILLED,NO_CONTINGENCY,,,,,,,,a529e7a5-5750-4734-8a3b-e029d503ab7d,2025-07-22 18:50:00+00:00,2025-07-22 18:50:00+00:00
O-20250722-192000-BACKTEST-000-770,KRAKEN-BACKTEST,KrakenBTCUSDResearchStrategy-000,BTC/USD.KRAKEN,KRAKEN-1-770,BTC/USD.KRAKEN-KrakenBTCUSDResearchStrategy-000,KRAKEN-001,T-5063ac30eecb7939-226002,MARKET,SELL,0.00980641,GTC,False,False,0.00980641,TAKER,119496.41,0.0,['4.69 USD'],NO_TRIGGER,FILLED,NO_CONTINGENCY,,,,,,,,98b30db9-4d97-407a-8524-8b78339acdda,2025-07-22 19:20:00+00:00,2025-07-22 19:20:00+00:00
O-20250722-231000-BACKTEST-000-771,KRAKEN-BACKTEST,KrakenBTCUSDResearchStrategy-000,BTC/USD.KRAKEN,KRAKEN-1-771,BTC/USD.KRAKEN-KrakenBTCUSDResearchStrategy-000,KRAKEN-001,T-1f8f46628386eb1a-226179,MARKET,BUY,0.00975351,GTC,False,False,0.00975351,TAKER,120199.98999999999,0.0,['4.69 USD'],NO_TRIGGER,FILLED,NO_CONTINGENCY,,,,,,,,cae7ef6f-8ba6-4899-ba84-b351567a1049,2025-07-22 23:10:00+00:00,2025-07-22 23:10:00+00:00
O-20250722-235000-BACKTEST-000-772,KRAKEN-BACKTEST,KrakenBTCUSDResearchStrategy-000,BTC/USD.KRAKEN,KRAKEN-1-772,BTC/USD.KRAKEN-KrakenBTCUSDResearchStrategy-000,KRAKEN-001,T-ed69c89b94e764de-226208,MARKET,SELL,0.00975351,GTC,False,False,0.00975351,TAKER,119860.0,0.0,['4.68 USD'],NO_TRIGGER,FILLED,NO_CONTINGENCY,,,,,,,,b137ab2e-4bb5-4e4e-a900-2af61a133724,2025-07-22 23:50:00+00:00,2025-07-22 23:50:00+00:00
O-20250723-230000-BACKTEST-000-773,KRAKEN-BACKTEST,KrakenBTCUSDResearchStrategy-000,BTC/USD.KRAKEN,KRAKEN-1-773,BTC/USD.KRAKEN-KrakenBTCUSDResearchStrategy-000,KRAKEN-001,T-af932890b6156eae-227266,MARKET,BUY,0.00984605,GTC,False,False,0.00984605,TAKER,118684.04,0.0,['4.67 USD'],NO_TRIGGER,FILLED,NO_CONTINGENCY,,,,,,,,7ccac6e2-cc06-48ea-a0e4-3118d3bc1190,2025-07-23 23:00:00+00:00,2025-07-23 23:00:00+00:00
O-20250724-034500-BACKTEST-000-774,KRAKEN-BACKTEST,KrakenBTCUSDResearchStrategy-000,BTC/USD.KRAKEN,KRAKEN-1-774,BTC/USD.KRAKEN-KrakenBTCUSDResearchStrategy-000,KRAKEN-001,T-6808afc235485e47-227484,MARKET,SELL,0.00984605,GTC,False,False,0.00984605,TAKER,118680.98,0.0,['4.67 USD'],NO_TRIGGER,FILLED,NO_CONTINGENCY,,,,,,,,39a55848-5bc4-4b30-b813-a58b96f0286e,2025-07-24 03:45:00+00:00,2025-07-24 03:45:00+00:00
O-20250724-090000-BACKTEST-000-775,KRAKEN-BACKTEST,KrakenBTCUSDResearchStrategy-000,BTC/USD.KRAKEN,KRAKEN-1-775,BTC/USD.KRAKEN-KrakenBTCUSDResearchStrategy-000,KRAKEN-001,T-d5d90909293377ea-227722,MARKET,BUY,0.00981158,GTC,False,False,0.00981158,TAKER,118814.45999999999,0.0,['4.66 USD'],NO_TRIGGER,FILLED,NO_CONTINGENCY,,,,,,,,828d048f-3633-471d-a0b7-8739c7720b52,2025-07-24 09:00:00+00:00,2025-07-24 09:00:00+00:00
O-20250724-093500-BACKTEST-000-776,KRAKEN-BACKTEST,KrakenBTCUSDResearchStrategy-000,BTC/USD.KRAKEN,KRAKEN-1-776,BTC/USD.KRAKEN-KrakenBTCUSDResearchStrategy-000,KRAKEN-001,T-ba8f71dae95c401a-227751,MARKET,SELL,0.00981158,GTC,False,False,0.00981158,TAKER,118430.43000000001,0.0,['4.65 USD'],NO_TRIGGER,FILLED,NO_CONTINGENCY,,,,,,,,86c48f81-4669-4b02-92af-f4e9dbdd6ec9,2025-07-24 09:35:00+00:00,2025-07-24 09:35:00+00:00
O-20250724-145000-BACKTEST-000-777,KRAKEN-BACKTEST,KrakenBTCUSDResearchStrategy-000,BTC/USD.KRAKEN,KRAKEN-1-777,BTC/USD.KRAKEN-KrakenBTCUSDResearchStrategy-000,KRAKEN-001,T-6f51c423c9abab22-227998,MARKET,BUY,0.00977362,GTC,False,False,0.00977362,TAKER,118874.38,0.0,['4.65 USD'],NO_TRIGGER,FILLED,NO_CONTINGENCY,,,,,,,,bde416ac-e959-47e6-a119-c46e0c7478d0,2025-07-24 14:50:00+00:00,2025-07-24 14:50:00+00:00
O-20250724-163500-BACKTEST-000-778,KRAKEN-BACKTEST,KrakenBTCUSDResearchStrategy-000,BTC/USD.KRAKEN,KRAKEN-1-778,BTC/USD.KRAKEN-KrakenBTCUSDResearchStrategy-000,KRAKEN-001,T-07082a4956ebdbe0-228077,MARKET,SELL,0.00977362,GTC,False,False,0.00977362,TAKER,118473.31999999999,0.0,['4.63 USD'],NO_TRIGGER,FILLED,NO_CONTINGENCY,,,,,,,,179c0e4b-6489-4421-8df0-34617656947c,2025-07-24 16:35:00+00:00,2025-07-24 16:35:00+00:00
O-20250725-110500-BACKTEST-000-779,KRAKEN-BACKTEST,KrakenBTCUSDResearchStrategy-000,BTC/USD.KRAKEN,KRAKEN-1-779,BTC/USD.KRAKEN-KrakenBTCUSDResearchStrategy-000,KRAKEN-001,T-5cd26eba97bdf487-228919,MARKET,BUY,0.00992771,GTC,False,False,0.00992771,TAKER,116630.43999999999,0.0,['4.63 USD'],NO_TRIGGER,FILLED,NO_CONTINGENCY,,,,,,,,a163602e-fbc8-48cb-b609-d59b23180beb,2025-07-25 11:05:00+00:00,2025-07-25 11:05:00+00:00
O-20250725-122000-BACKTEST-000-780,KRAKEN-BACKTEST,KrakenBTCUSDResearchStrategy-000,BTC/USD.KRAKEN,KRAKEN-1-780,BTC/USD.KRAKEN-KrakenBTCUSDResearchStrategy-000,KRAKEN-001,T-73c2b95c8079f2ee-228976,MARKET,SELL,0.00992771,GTC,False,False,0.00992771,TAKER,116263.94,0.0,['4.62 USD'],NO_TRIGGER,FILLED,NO_CONTINGENCY,,,,,,,,75bf9190-0ee1-4661-b470-f248f3eac25e,2025-07-25 12:20:00+00:00,2025-07-25 12:20:00+00:00
O-20250725-184000-BACKTEST-000-781,KRAKEN-BACKTEST,KrakenBTCUSDResearchStrategy-000,BTC/USD.KRAKEN,KRAKEN-1-781,BTC/USD.KRAKEN-KrakenBTCUSDResearchStrategy-000,KRAKEN-001,T-8f22a806f9c62f5f-229272,MARKET,BUY,0.00990577,GTC,False,False,0.00990577,TAKER,116498.34999999999,0.0,['4.62 USD'],NO_TRIGGER,FILLED,NO_CONTINGENCY,,,,,,,,943cd410-6cf6-4a7b-a0b9-6873dc5bd19f,2025-07-25 18:40:00+00:00,2025-07-25 18:40:00+00:00
O-20250726-062000-BACKTEST-000-782,KRAKEN-BACKTEST,KrakenBTCUSDResearchStrategy-000,BTC/USD.KRAKEN,KRAKEN-1-782,BTC/USD.KRAKEN-KrakenBTCUSDResearchStrategy-000,KRAKEN-001,T-642ce2e6baf1fbb9-229795,MARKET,SELL,0.00990577,GTC,False,False,0.00990577,TAKER,117327.44,0.0,['4.65 USD'],NO_TRIGGER,FILLED,NO_CONTINGENCY,,,,,,,,a1ad7072-8fc8-45ac-a280-09191a2bd6ac,2025-07-26 06:20:00+00:00,2025-07-26 06:20:00+00:00
O-20250726-084500-BACKTEST-000-783,KRAKEN-BACKTEST,KrakenBTCUSDResearchStrategy-000,BTC/USD.KRAKEN,KRAKEN-1-783,BTC/USD.KRAKEN-KrakenBTCUSDResearchStrategy-000,KRAKEN-001,T-1dee6e414d040a92-229902,MARKET,BUY,0.00981339,GTC,False,False,0.00981339,TAKER,117562.71,0.0,['4.61 USD'],NO_TRIGGER,FILLED,NO_CONTINGENCY,,,,,,,,c9c2ba5c-3b83-4691-a72f-128935674b74,2025-07-26 08:45:00+00:00,2025-07-26 08:45:00+00:00
O-20250726-092500-BACKTEST-000-784,KRAKEN-BACKTEST,KrakenBTCUSDResearchStrategy-000,BTC/USD.KRAKEN,KRAKEN-1-784,BTC/USD.KRAKEN-KrakenBTCUSDResearchStrategy-000,KRAKEN-001,T-4cb243f454cac06e-229932,MARKET,SELL,0.00981339,GTC,False,False,0.00981339,TAKER,117478.5,0.0,['4.61 USD'],NO_TRIGGER,FILLED,NO_CONTINGENCY,,,,,,,,4751ae6d-4449-415c-a138-a1bb88ffd816,2025-07-26 09:25:00+00:00,2025-07-26 09:25:00+00:00
O-20250726-101000-BACKTEST-000-785,KRAKEN-BACKTEST,KrakenBTCUSDResearchStrategy-000,BTC/USD.KRAKEN,KRAKEN-1-785,BTC/USD.KRAKEN-KrakenBTCUSDResearchStrategy-000,KRAKEN-001,T-df9e984222b527fc-229967,MARKET,BUY,0.00978283,GTC,False,False,0.00978283,TAKER,117621.78,0.0,['4.60 USD'],NO_TRIGGER,FILLED,NO_CONTINGENCY,,,,,,,,da5c8d2d-1813-4ce9-9b62-bc237c654386,2025-07-26 10:10:00+00:00,2025-07-26 10:10:00+00:00
O-20250726-202500-BACKTEST-000-786,KRAKEN-BACKTEST,KrakenBTCUSDResearchStrategy-000,BTC/USD.KRAKEN,KRAKEN-1-786,BTC/USD.KRAKEN-KrakenBTCUSDResearchStrategy-000,KRAKEN-001,T-ef881ce5334a29cd-230423,MARKET,SELL,0.00978283,GTC,False,False,0.00978283,TAKER,117940.76000000001,0.0,['4.62 USD'],NO_TRIGGER,FILLED,NO_CONTINGENCY,,,,,,,,dd0b28d5-3426-4abc-a3c8-c66a86ce829a,2025-07-26 20:25:00+00:00,2025-07-26 20:25:00+00:00
O-20250727-025000-BACKTEST-000-787,KRAKEN-BACKTEST,KrakenBTCUSDResearchStrategy-000,BTC/USD.KRAKEN,KRAKEN-1-787,BTC/USD.KRAKEN-KrakenBTCUSDResearchStrategy-000,KRAKEN-001,T-3726fabbf1821f73-230705,MARKET,BUY,0.00971045,GTC,False,False,0.00971045,TAKER,118310.01,0.0,['4.60 USD'],NO_TRIGGER,FILLED,NO_CONTINGENCY,,,,,,,,8c3deb80-18d0-4cce-aa01-10bccdd4b3f4,2025-07-27 02:50:00+00:00,2025-07-27 02:50:00+00:00
O-20250727-030500-BACKTEST-000-788,KRAKEN-BACKTEST,KrakenBTCUSDResearchStrategy-000,BTC/USD.KRAKEN,KRAKEN-1-788,BTC/USD.KRAKEN-KrakenBTCUSDResearchStrategy-000,KRAKEN-001,T-a66e00d3f96a841f-230716,MARKET,SELL,0.00971045,GTC,False,False,0.00971045,TAKER,118091.45,0.0,['4.59 USD'],NO_TRIGGER,FILLED,NO_CONTINGENCY,,,,,,,,f0884125-2a49-4fca-9630-ffb408588d3d,2025-07-27 03:05:00+00:00,2025-07-27 03:05:00+00:00
O-20250727-141000-BACKTEST-000-789,KRAKEN-BACKTEST,KrakenBTCUSDResearchStrategy-000,BTC/USD.KRAKEN,KRAKEN-1-789,BTC/USD.KRAKEN-KrakenBTCUSDResearchStrategy-000,KRAKEN-001,T-3c423e51ebcae543-231205,MARKET,BUY,0.00968298,GTC,False,False,0.00968298,TAKER,118295.23999999999,0.0,['4.58 USD'],NO_TRIGGER,FILLED,NO_CONTINGENCY,,,,,,,,5ee3a44b-c333-449c-bc06-9f484adc719a,2025-07-27 14:10:00+00:00,2025-07-27 14:10:00+00:00
O-20250727-205000-BACKTEST-000-790,KRAKEN-BACKTEST,KrakenBTCUSDResearchStrategy-000,BTC/USD.KRAKEN,KRAKEN-1-790,BTC/USD.KRAKEN-KrakenBTCUSDResearchStrategy-000,KRAKEN-001,T-363e8aef3d99e9ee-231514,MARKET,SELL,0.00968298,GTC,False,False,0.00968298,TAKER,118770.43999999999,0.0,['4.60 USD'],NO_TRIGGER,FILLED,NO_CONTINGENCY,,,,,,,,4f2cdeaf-6080-4afb-8535-2b60ded868e8,2025-07-27 20:50:00+00:00,2025-07-27 20:50:00+00:00
O-20250727-220000-BACKTEST-000-791,KRAKEN-BACKTEST,KrakenBTCUSDResearchStrategy-000,BTC/USD.KRAKEN,KRAKEN-1-791,BTC/USD.KRAKEN-KrakenBTCUSDResearchStrategy-000,KRAKEN-001,T-d9a431120392664a-231570,MARKET,BUY,0.00957194,GTC,False,False,0.00957194,TAKER,119524.0,0.0,['4.58 USD'],NO_TRIGGER,FILLED,NO_CONTINGENCY,,,,,,,,60563d2c-d13a-4965-ad09-387cb336e081,2025-07-27 22:00:00+00:00,2025-07-27 22:00:00+00:00
O-20250727-231000-BACKTEST-000-792,KRAKEN-BACKTEST,KrakenBTCUSDResearchStrategy-000,BTC/USD.KRAKEN,KRAKEN-1-792,BTC/USD.KRAKEN-KrakenBTCUSDResearchStrategy-000,KRAKEN-001,T-9764efec43f6f441-231625,MARKET,SELL,0.00957194,GTC,False,False,0.00957194,TAKER,119227.98999999999,0.0,['4.56 USD'],NO_TRIGGER,FILLED,NO_CONTINGENCY,,,,,,,,f99a19e5-9bb2-4878-bbef-13ffdc63481d,2025-07-27 23:10:00+00:00,2025-07-27 23:10:00+00:00
O-20250729-034000-BACKTEST-000-793,KRAKEN-BACKTEST,KrakenBTCUSDResearchStrategy-000,BTC/USD.KRAKEN,KRAKEN-1-793,BTC/USD.KRAKEN-KrakenBTCUSDResearchStrategy-000,KRAKEN-001,T-dc8caaafe4000ec7-232928,MARKET,BUY,0.00962464,GTC,False,False,0.00962464,TAKER,118496.1,0.0,['4.56 USD'],NO_TRIGGER,FILLED,NO_CONTINGENCY,,,,,,,,340b2466-b371-4185-add6-5aad8db996bc,2025-07-29 03:40:00+00:00,2025-07-29 03:40:00+00:00
O-20250729-100500-BACKTEST-000-794,KRAKEN-BACKTEST,KrakenBTCUSDResearchStrategy-000,BTC/USD.KRAKEN,KRAKEN-1-794,BTC/USD.KRAKEN-KrakenBTCUSDResearchStrategy-000,KRAKEN-001,T-f1b7c0aa656dd253-233222,MARKET,SELL,0.00962464,GTC,False,False,0.00962464,TAKER,118568.46999999999,0.0,['4.56 USD'],NO_TRIGGER,FILLED,NO_CONTINGENCY,,,,,,,,a8dab7dc-3525-439a-b94c-6eebccb07bd2,2025-07-29 10:05:00+00:00,2025-07-29 10:05:00+00:00
O-20250730-021000-BACKTEST-000-795,KRAKEN-BACKTEST,KrakenBTCUSDResearchStrategy-000,BTC/USD.KRAKEN,KRAKEN-1-795,BTC/USD.KRAKEN-KrakenBTCUSDResearchStrategy-000,KRAKEN-001,T-eb272d8842828367-233972,MARKET,BUY,0.00963572,GTC,False,False,0.00963572,TAKER,118097.73,0.0,['4.55 USD'],NO_TRIGGER,FILLED,NO_CONTINGENCY,,,,,,,,9198431a-8796-4ca5-9312-a7fc3fd67c59,2025-07-30 02:10:00+00:00,2025-07-30 02:10:00+00:00
O-20250730-050500-BACKTEST-000-796,KRAKEN-BACKTEST,KrakenBTCUSDResearchStrategy-000,BTC/USD.KRAKEN,KRAKEN-1-796,BTC/USD.KRAKEN-KrakenBTCUSDResearchStrategy-000,KRAKEN-001,T-8c707d53cb7646cb-234109,MARKET,SELL,0.00963572,GTC,False,False,0.00963572,TAKER,117911.19,0.0,['4.54 USD'],NO_TRIGGER,FILLED,NO_CONTINGENCY,,,,,,,,67187f16-2b12-41a5-9a89-b13f34b3b15b,2025-07-30 05:05:00+00:00,2025-07-30 05:05:00+00:00
O-20250730-064000-BACKTEST-000-797,KRAKEN-BACKTEST,KrakenBTCUSDResearchStrategy-000,BTC/USD.KRAKEN,KRAKEN-1-797,BTC/USD.KRAKEN-KrakenBTCUSDResearchStrategy-000,KRAKEN-001,T-a06f11336c8a4d25-234186,MARKET,BUY,0.00959163,GTC,False,False,0.00959163,TAKER,118299.98999999999,0.0,['4.54 USD'],NO_TRIGGER,FILLED,NO_CONTINGENCY,,,,,,,,bf674148-08f4-40a0-9679-0a5ca5c78ae8,2025-07-30 06:40:00+00:00,2025-07-30 06:40:00+00:00
O-20250730-075500-BACKTEST-000-798,KRAKEN-BACKTEST,KrakenBTCUSDResearchStrategy-000,BTC/USD.KRAKEN,KRAKEN-1-798,BTC/USD.KRAKEN-KrakenBTCUSDResearchStrategy-000,KRAKEN-001,T-4832e5c65ba5aa3d-234245,MARKET,SELL,0.00959163,GTC,False,False,0.00959163,TAKER,118123.01,0.0,['4.53 USD'],NO_TRIGGER,FILLED,NO_CONTINGENCY,,,,,,,,b21df230-6313-4531-8d4b-49de3bf3784c,2025-07-30 07:55:00+00:00,2025-07-30 07:55:00+00:00
O-20250730-233000-BACKTEST-000-799,KRAKEN-BACKTEST,KrakenBTCUSDResearchStrategy-000,BTC/USD.KRAKEN,KRAKEN-1-799,BTC/USD.KRAKEN-KrakenBTCUSDResearchStrategy-000,KRAKEN-001,T-2c0e5feb66f36b80-234976,MARKET,BUY,0.00961508,GTC,False,False,0.00961508,TAKER,117675.45999999999,0.0,['4.53 USD'],NO_TRIGGER,FILLED,NO_CONTINGENCY,,,,,,,,8b29efc3-6e82-4ddf-9ea4-dcbcaeb130db,2025-07-30 23:30:00+00:00,2025-07-30 23:30:00+00:00
O-20250731-112500-BACKTEST-000-800,KRAKEN-BACKTEST,KrakenBTCUSDResearchStrategy-000,BTC/USD.KRAKEN,KRAKEN-1-800,BTC/USD.KRAKEN-KrakenBTCUSDResearchStrategy-000,KRAKEN-001,T-ffe1c3bf2454157f-235520,MARKET,SELL,0.00961508,GTC,False,False,0.00961508,TAKER,118420.0,0.0,['4.55 USD'],NO_TRIGGER,FILLED,NO_CONTINGENCY,,,,,,,,f1d1ea7a-e0c4-44cf-8598-74705fb64a45,2025-07-31 11:25:00+00:00,2025-07-31 11:25:00+00:00
O-20250801-124000-BACKTEST-000-801,KRAKEN-BACKTEST,KrakenBTCUSDResearchStrategy-000,BTC/USD.KRAKEN,KRAKEN-1-801,BTC/USD.KRAKEN-KrakenBTCUSDResearchStrategy-000,KRAKEN-001,T-2d67d51d725d0fbd-236688,MARKET,BUY,0.00975890,GTC,False,False,0.00975890,TAKER,115882.18,0.0,['4.52 USD'],NO_TRIGGER,FILLED,NO_CONTINGENCY,,,,,,,,6826ada2-56b4-4f4d-bb5f-5235b2f49d6b,2025-08-01 12:40:00+00:00,2025-08-01 12:40:00+00:00
O-20250801-133000-BACKTEST-000-802,KRAKEN-BACKTEST,KrakenBTCUSDResearchStrategy-000,BTC/USD.KRAKEN,KRAKEN-1-802,BTC/USD.KRAKEN-KrakenBTCUSDResearchStrategy-000,KRAKEN-001,T-aad0f531306afac0-236727,MARKET,SELL,0.00975890,GTC,False,False,0.00975890,TAKER,115409.94,0.0,['4.51 USD'],NO_TRIGGER,FILLED,NO_CONTINGENCY,,,,,,,,4f72cb5a-e478-4c76-8960-e15831671cff,2025-08-01 13:30:00+00:00,2025-08-01 13:30:00+00:00
O-20250802-042500-BACKTEST-000-803,KRAKEN-BACKTEST,KrakenBTCUSDResearchStrategy-000,BTC/USD.KRAKEN,KRAKEN-1-803,BTC/USD.KRAKEN-KrakenBTCUSDResearchStrategy-000,KRAKEN-001,T-325cd69e31825afc-237421,MARKET,BUY,0.00988468,GTC,False,False,0.00988468,TAKER,113993.56000000001,0.0,['4.51 USD'],NO_TRIGGER,FILLED,NO_CONTINGENCY,,,,,,,,fa587b79-62c7-43f3-8f3e-28e1c0c92047,2025-08-02 04:25:00+00:00,2025-08-02 04:25:00+00:00
O-20250802-051000-BACKTEST-000-804,KRAKEN-BACKTEST,KrakenBTCUSDResearchStrategy-000,BTC/USD.KRAKEN,KRAKEN-1-804,BTC/USD.KRAKEN-KrakenBTCUSDResearchStrategy-000,KRAKEN-001,T-1836b9b3554e41f7-237455,MARKET,SELL,0.00988468,GTC,False,False,0.00988468,TAKER,113886.37000000001,0.0,['4.50 USD'],NO_TRIGGER,FILLED,NO_CONTINGENCY,,,,,,,,a425be1c-709a-4ebe-b8b6-b6d723555f36,2025-08-02 05:10:00+00:00,2025-08-02 05:10:00+00:00
O-20250803-012500-BACKTEST-000-805,KRAKEN-BACKTEST,KrakenBTCUSDResearchStrategy-000,BTC/USD.KRAKEN,KRAKEN-1-805,BTC/USD.KRAKEN-KrakenBTCUSDResearchStrategy-000,KRAKEN-001,T-4782efb7dfeb787b-238390,MARKET,BUY,0.00992720,GTC,False,False,0.00992720,TAKER,113201.01000000001,0.0,['4.50 USD'],NO_TRIGGER,FILLED,NO_CONTINGENCY,,,,,,,,2cc61f7e-9fbc-4e54-bd42-9c11f2a12542,2025-08-03 01:25:00+00:00,2025-08-03 01:25:00+00:00
O-20250803-142000-BACKTEST-000-806,KRAKEN-BACKTEST,KrakenBTCUSDResearchStrategy-000,BTC/USD.KRAKEN,KRAKEN-1-806,BTC/USD.KRAKEN-KrakenBTCUSDResearchStrategy-000,KRAKEN-001,T-88b427a77341d869-238982,MARKET,SELL,0.00992720,GTC,False,False,0.00992720,TAKER,113719.99,0.0,['4.52 USD'],NO_TRIGGER,FILLED,NO_CONTINGENCY,,,,,,,,f3eaa43a-8077-4e11-a227-7ee6c16e15cc,2025-08-03 14:20:00+00:00,2025-08-03 14:20:00+00:00
O-20250803-171000-BACKTEST-000-807,KRAKEN-BACKTEST,KrakenBTCUSDResearchStrategy-000,BTC/USD.KRAKEN,KRAKEN-1-807,BTC/USD.KRAKEN-KrakenBTCUSDResearchStrategy-000,KRAKEN-001,T-4f1bbf655388b8af-239114,MARKET,BUY,0.00983637,GTC,False,False,0.00983637,TAKER,114128.26999999999,0.0,['4.49 USD'],NO_TRIGGER,FILLED,NO_CONTINGENCY,,,,,,,,df8d2b27-c7cc-43d9-8945-a6e406d56bdf,2025-08-03 17:10:00+00:00,2025-08-03 17:10:00+00:00
O-20250803-174000-BACKTEST-000-808,KRAKEN-BACKTEST,KrakenBTCUSDResearchStrategy-000,BTC/USD.KRAKEN,KRAKEN-1-808,BTC/USD.KRAKEN-KrakenBTCUSDResearchStrategy-000,KRAKEN-001,T-3f8a1eb74ffd6ea0-239138,MARKET,SELL,0.00983637,GTC,False,False,0.00983637,TAKER,113955.69,0.0,['4.48 USD'],NO_TRIGGER,FILLED,NO_CONTINGENCY,,,,,,,,c74ce801-0bca-4061-874b-6d350fbaf579,2025-08-03 17:40:00+00:00,2025-08-03 17:40:00+00:00
O-20250803-182500-BACKTEST-000-809,KRAKEN-BACKTEST,KrakenBTCUSDResearchStrategy-000,BTC/USD.KRAKEN,KRAKEN-1-809,BTC/USD.KRAKEN-KrakenBTCUSDResearchStrategy-000,KRAKEN-001,T-d78b6dc04adfa6e1-239174,MARKET,BUY,0.00979339,GTC,False,False,0.00979339,TAKER,114302.3,0.0,['4.48 USD'],NO_TRIGGER,FILLED,NO_CONTINGENCY,,,,,,,,ab22dafc-cce7-4d25-a151-42258f0223cd,2025-08-03 18:25:00+00:00,2025-08-03 18:25:00+00:00
O-20250803-222000-BACKTEST-000-810,KRAKEN-BACKTEST,KrakenBTCUSDResearchStrategy-000,BTC/USD.KRAKEN,KRAKEN-1-810,BTC/USD.KRAKEN-KrakenBTCUSDResearchStrategy-000,KRAKEN-001,T-400054987d7849e4-239352,MARKET,SELL,0.00979339,GTC,False,False,0.00979339,TAKER,114095.93,0.0,['4.47 USD'],NO_TRIGGER,FILLED,NO_CONTINGENCY,,,,,,,,0f30b2cc-bfd9-4286-853e-928bf6ceb1b7,2025-08-03 22:20:00+00:00,2025-08-03 22:20:00+00:00
O-20250804-004500-BACKTEST-000-811,KRAKEN-BACKTEST,KrakenBTCUSDResearchStrategy-000,BTC/USD.KRAKEN,KRAKEN-1-811,BTC/USD.KRAKEN-KrakenBTCUSDResearchStrategy-000,KRAKEN-001,T-dfb0cc270a02d964-239464,MARKET,BUY,0.00972188,GTC,False,False,0.00972188,TAKER,114804.62000000001,0.0,['4.46 USD'],NO_TRIGGER,FILLED,NO_CONTINGENCY,,,,,,,,3564ac12-42fb-4010-a224-8f6892d678ed,2025-08-04 00:45:00+00:00,2025-08-04 00:45:00+00:00
O-20250804-020500-BACKTEST-000-812,KRAKEN-BACKTEST,KrakenBTCUSDResearchStrategy-000,BTC/USD.KRAKEN,KRAKEN-1-812,BTC/USD.KRAKEN-KrakenBTCUSDResearchStrategy-000,KRAKEN-001,T-6743b8beb055e4ea-239525,MARKET,SELL,0.00972188,GTC,False,False,0.00972188,TAKER,114434.65,0.0,['4.45 USD'],NO_TRIGGER,FILLED,NO_CONTINGENCY,,,,,,,,e62f980c-571f-4b26-9f8b-e788f401e74c,2025-08-04 02:05:00+00:00,2025-08-04 02:05:00+00:00
O-20250804-074500-BACKTEST-000-813,KRAKEN-BACKTEST,KrakenBTCUSDResearchStrategy-000,BTC/USD.KRAKEN,KRAKEN-1-813,BTC/USD.KRAKEN-KrakenBTCUSDResearchStrategy-000,KRAKEN-001,T-88c8f2d88880a91d-239781,MARKET,BUY,0.00969139,GTC,False,False,0.00969139,TAKER,114778.5,0.0,['4.45 USD'],NO_TRIGGER,FILLED,NO_CONTINGENCY,,,,,,,,884e336b-1b94-47ad-877b-3a9c9f0fed99,2025-08-04 07:45:00+00:00,2025-08-04 07:45:00+00:00
O-20250804-082500-BACKTEST-000-814,KRAKEN-BACKTEST,KrakenBTCUSDResearchStrategy-000,BTC/USD.KRAKEN,KRAKEN-1-814,BTC/USD.KRAKEN-KrakenBTCUSDResearchStrategy-000,KRAKEN-001,T-1361a69185b8ad49-239811,MARKET,SELL,0.00969139,GTC,False,False,0.00969139,TAKER,114459.93,0.0,['4.44 USD'],NO_TRIGGER,FILLED,NO_CONTINGENCY,,,,,,,,9e099b3f-7b0a-4713-a1ea-7b5e9239486b,2025-08-04 08:25:00+00:00,2025-08-04 08:25:00+00:00
O-20250804-135500-BACKTEST-000-815,KRAKEN-BACKTEST,KrakenBTCUSDResearchStrategy-000,BTC/USD.KRAKEN,KRAKEN-1-815,BTC/USD.KRAKEN-KrakenBTCUSDResearchStrategy-000,KRAKEN-001,T-e4b992a418e1656d-240066,MARKET,BUY,0.00964872,GTC,False,False,0.00964872,TAKER,114913.88,0.0,['4.44 USD'],NO_TRIGGER,FILLED,NO_CONTINGENCY,,,,,,,,5d892b76-d41e-45f2-8b43-898e4a4bf273,2025-08-04 13:55:00+00:00,2025-08-04 13:55:00+00:00
O-20250804-190000-BACKTEST-000-816,KRAKEN-BACKTEST,KrakenBTCUSDResearchStrategy-000,BTC/USD.KRAKEN,KRAKEN-1-816,BTC/USD.KRAKEN-KrakenBTCUSDResearchStrategy-000,KRAKEN-001,T-6b4aa5605b810f29-240299,MARKET,SELL,0.00964872,GTC,False,False,0.00964872,TAKER,114913.89,0.0,['4.44 USD'],NO_TRIGGER,FILLED,NO_CONTINGENCY,,,,,,,,4efd07b6-39a1-49f4-95dc-5550878d5b6e,2025-08-04 19:00:00+00:00,2025-08-04 19:00:00+00:00
O-20250804-225500-BACKTEST-000-817,KRAKEN-BACKTEST,KrakenBTCUSDResearchStrategy-000,BTC/USD.KRAKEN,KRAKEN-1-817,BTC/USD.KRAKEN-KrakenBTCUSDResearchStrategy-000,KRAKEN-001,T-787900fa2a4cb4dc-240483,MARKET,BUY,0.00959116,GTC,False,False,0.00959116,TAKER,115325.88,0.0,['4.42 USD'],NO_TRIGGER,FILLED,NO_CONTINGENCY,,,,,,,,9cca6366-6da8-4508-b6ac-bab059835899,2025-08-04 22:55:00+00:00,2025-08-04 22:55:00+00:00
O-20250804-234500-BACKTEST-000-818,KRAKEN-BACKTEST,KrakenBTCUSDResearchStrategy-000,BTC/USD.KRAKEN,KRAKEN-1-818,BTC/USD.KRAKEN-KrakenBTCUSDResearchStrategy-000,KRAKEN-001,T-d016f5f10c787094-240517,MARKET,SELL,0.00959116,GTC,False,False,0.00959116,TAKER,115105.95,0.0,['4.42 USD'],NO_TRIGGER,FILLED,NO_CONTINGENCY,,,,,,,,309dc489-a466-4131-979f-c90590fad385,2025-08-04 23:45:00+00:00,2025-08-04 23:45:00+00:00
O-20250805-102500-BACKTEST-000-819,KRAKEN-BACKTEST,KrakenBTCUSDResearchStrategy-000,BTC/USD.KRAKEN,KRAKEN-1-819,BTC/USD.KRAKEN-KrakenBTCUSDResearchStrategy-000,KRAKEN-001,T-3c723e8114a0f414-241005,MARKET,BUY,0.00959310,GTC,False,False,0.00959310,TAKER,114960.03,0.0,['4.41 USD'],NO_TRIGGER,FILLED,NO_CONTINGENCY,,,,,,,,85847b75-f7a9-45bf-b84b-a0cc7c101608,2025-08-05 10:25:00+00:00,2025-08-05 10:25:00+00:00
O-20250805-121500-BACKTEST-000-820,KRAKEN-BACKTEST,KrakenBTCUSDResearchStrategy-000,BTC/USD.KRAKEN,KRAKEN-1-820,BTC/USD.KRAKEN-KrakenBTCUSDResearchStrategy-000,KRAKEN-001,T-b126217b5f7da3fd-241090,MARKET,SELL,0.00959310,GTC,False,False,0.00959310,TAKER,114725.74,0.0,['4.40 USD'],NO_TRIGGER,FILLED,NO_CONTINGENCY,,,,,,,,c46e964f-ee10-4c9c-8bdb-4df9c8f3035b,2025-08-05 12:15:00+00:00,2025-08-05 12:15:00+00:00
O-20250805-202500-BACKTEST-000-821,KRAKEN-BACKTEST,KrakenBTCUSDResearchStrategy-000,BTC/USD.KRAKEN,KRAKEN-1-821,BTC/USD.KRAKEN-KrakenBTCUSDResearchStrategy-000,KRAKEN-001,T-977d1682e69ad17f-241469,MARKET,BUY,0.00964566,GTC,False,False,0.00964566,TAKER,113989.91,0.0,['4.40 USD'],NO_TRIGGER,FILLED,NO_CONTINGENCY,,,,,,,,5c511800-31c5-45d2-8c89-a93368352276,2025-08-05 20:25:00+00:00,2025-08-05 20:25:00+00:00
O-20250805-203500-BACKTEST-000-822,KRAKEN-BACKTEST,KrakenBTCUSDResearchStrategy-000,BTC/USD.KRAKEN,KRAKEN-1-822,BTC/USD.KRAKEN-KrakenBTCUSDResearchStrategy-000,KRAKEN-001,T-8ce26df191f3f27e-241476,MARKET,SELL,0.00964566,GTC,False,False,0.00964566,TAKER,113650.14,0.0,['4.38 USD'],NO_TRIGGER,FILLED,NO_CONTINGENCY,,,,,,,,ab1e435c-2157-40e8-ba60-17e9cd4f02d4,2025-08-05 20:35:00+00:00,2025-08-05 20:35:00+00:00
O-20250805-230000-BACKTEST-000-823,KRAKEN-BACKTEST,KrakenBTCUSDResearchStrategy-000,BTC/USD.KRAKEN,KRAKEN-1-823,BTC/USD.KRAKEN-KrakenBTCUSDResearchStrategy-000,KRAKEN-001,T-ab05b66dff464877-241587,MARKET,BUY,0.00960701,GTC,False,False,0.00960701,TAKER,114071.99,0.0,['4.38 USD'],NO_TRIGGER,FILLED,NO_CONTINGENCY,,,,,,,,467b767c-b024-42c8-96c6-36915665de2b,2025-08-05 23:00:00+00:00,2025-08-05 23:00:00+00:00
O-20250806-003000-BACKTEST-000-824,KRAKEN-BACKTEST,KrakenBTCUSDResearchStrategy-000,BTC/USD.KRAKEN,KRAKEN-1-824,BTC/USD.KRAKEN-KrakenBTCUSDResearchStrategy-000,KRAKEN-001,T-a6a1ea06730a24f6-241659,MARKET,SELL,0.00960701,GTC,False,False,0.00960701,TAKER,113882.86,0.0,['4.38 USD'],NO_TRIGGER,FILLED,NO_CONTINGENCY,,,,,,,,6d8e165e-2e32-45eb-8fb1-1353db163ada,2025-08-06 00:30:00+00:00,2025-08-06 00:30:00+00:00
O-20250806-145500-BACKTEST-000-825,KRAKEN-BACKTEST,KrakenBTCUSDResearchStrategy-000,BTC/USD.KRAKEN,KRAKEN-1-825,BTC/USD.KRAKEN-KrakenBTCUSDResearchStrategy-000,KRAKEN-001,T-f5b32b031f266b81-242313,MARKET,BUY,0.00948638,GTC,False,False,0.00948638,TAKER,115187.96,0.0,['4.37 USD'],NO_TRIGGER,FILLED,NO_CONTINGENCY,,,,,,,,5f97ffb7-2932-48a3-a919-286af72df8eb,2025-08-06 14:55:00+00:00,2025-08-06 14:55:00+00:00
O-20250806-203500-BACKTEST-000-826,KRAKEN-BACKTEST,KrakenBTCUSDResearchStrategy-000,BTC/USD.KRAKEN,KRAKEN-1-826,BTC/USD.KRAKEN-KrakenBTCUSDResearchStrategy-000,KRAKEN-001,T-d97441bb1e98fff3-242573,MARKET,SELL,0.00948638,GTC,False,False,0.00948638,TAKER,115007.48000000001,0.0,['4.36 USD'],NO_TRIGGER,FILLED,NO_CONTINGENCY,,,,,,,,736d5af1-f4fc-4c64-8dc8-72a4c3b2fac7,2025-08-06 20:35:00+00:00,2025-08-06 20:35:00+00:00
O-20250807-080000-BACKTEST-000-827,KRAKEN-BACKTEST,KrakenBTCUSDResearchStrategy-000,BTC/USD.KRAKEN,KRAKEN-1-827,BTC/USD.KRAKEN-KrakenBTCUSDResearchStrategy-000,KRAKEN-001,T-0ef8a2279cea2a93-243070,MARKET,BUY,0.00947557,GTC,False,False,0.00947557,TAKER,114988.54000000001,0.0,['4.36 USD'],NO_TRIGGER,FILLED,NO_CONTINGENCY,,,,,,,,a28f4e02-fd12-416d-af24-079932e11846,2025-08-07 08:00:00+00:00,2025-08-07 08:00:00+00:00
O-20250807-164000-BACKTEST-000-828,KRAKEN-BACKTEST,KrakenBTCUSDResearchStrategy-000,BTC/USD.KRAKEN,KRAKEN-1-828,BTC/USD.KRAKEN-KrakenBTCUSDResearchStrategy-000,KRAKEN-001,T-5e66db77ad1c10ac-243471,MARKET,SELL,0.00947557,GTC,False,False,0.00947557,TAKER,116100.01,0.0,['4.40 USD'],NO_TRIGGER,FILLED,NO_CONTINGENCY,,,,,,,,dd2fd5dc-2362-4506-8743-795916216931,2025-08-07 16:40:00+00:00,2025-08-07 16:40:00+00:00
O-20250807-193500-BACKTEST-000-829,KRAKEN-BACKTEST,KrakenBTCUSDResearchStrategy-000,BTC/USD.KRAKEN,KRAKEN-1-829,BTC/USD.KRAKEN-KrakenBTCUSDResearchStrategy-000,KRAKEN-001,T-9913151e8bfcf181-243609,MARKET,BUY,0.00932549,GTC,False,False,0.00932549,TAKER,116896.0,0.0,['4.36 USD'],NO_TRIGGER,FILLED,NO_CONTINGENCY,,,,,,,,b8ac341f-fdc3-46e3-96bf-07208a47fa11,2025-08-07 19:35:00+00:00,2025-08-07 19:35:00+00:00
O-20250808-001500-BACKTEST-000-830,KRAKEN-BACKTEST,KrakenBTCUSDResearchStrategy-000,BTC/USD.KRAKEN,KRAKEN-1-830,BTC/USD.KRAKEN-KrakenBTCUSDResearchStrategy-000,KRAKEN-001,T-76f6967da3f8b0f6-243821,MARKET,SELL,0.00932549,GTC,False,False,0.00932549,TAKER,116878.05,0.0,['4.36 USD'],NO_TRIGGER,FILLED,NO_CONTINGENCY,,,,,,,,bbc98dab-e041-4e06-84be-eb952940c87f,2025-08-08 00:15:00+00:00,2025-08-08 00:15:00+00:00
O-20250808-140000-BACKTEST-000-831,KRAKEN-BACKTEST,KrakenBTCUSDResearchStrategy-000,BTC/USD.KRAKEN,KRAKEN-1-831,BTC/USD.KRAKEN-KrakenBTCUSDResearchStrategy-000,KRAKEN-001,T-a4c7d933cf3e55e4-244434,MARKET,BUY,0.00928451,GTC,False,False,0.00928451,TAKER,117125.0,0.0,['4.35 USD'],NO_TRIGGER,FILLED,NO_CONTINGENCY,,,,,,,,26f3bffd-bf01-43d0-a2a3-1432bc071329,2025-08-08 14:00:00+00:00,2025-08-08 14:00:00+00:00
O-20250808-141000-BACKTEST-000-832,KRAKEN-BACKTEST,KrakenBTCUSDResearchStrategy-000,BTC/USD.KRAKEN,KRAKEN-1-832,BTC/USD.KRAKEN-KrakenBTCUSDResearchStrategy-000,KRAKEN-001,T-9c70a06c19272a34-244443,MARKET,SELL,0.00928451,GTC,False,False,0.00928451,TAKER,116763.59,0.0,['4.34 USD'],NO_TRIGGER,FILLED,NO_CONTINGENCY,,,,,,,,0c3a7b6b-9f45-42b5-9985-2e7cfbfce6bb,2025-08-08 14:10:00+00:00,2025-08-08 14:10:00+00:00
O-20250808-214000-BACKTEST-000-833,KRAKEN-BACKTEST,KrakenBTCUSDResearchStrategy-000,BTC/USD.KRAKEN,KRAKEN-1-833,BTC/USD.KRAKEN-KrakenBTCUSDResearchStrategy-000,KRAKEN-001,T-fe92e8937945d145-244789,MARKET,BUY,0.00926591,GTC,False,False,0.00926591,TAKER,116970.0,0.0,['4.34 USD'],NO_TRIGGER,FILLED,NO_CONTINGENCY,,,,,,,,c4448c10-dd9d-48c7-803c-e6638112591c,2025-08-08 21:40:00+00:00,2025-08-08 21:40:00+00:00
O-20250808-231500-BACKTEST-000-834,KRAKEN-BACKTEST,KrakenBTCUSDResearchStrategy-000,BTC/USD.KRAKEN,KRAKEN-1-834,BTC/USD.KRAKEN-KrakenBTCUSDResearchStrategy-000,KRAKEN-001,T-653847b236e8ba77-244858,MARKET,SELL,0.00926591,GTC,False,False,0.00926591,TAKER,116858.64,0.0,['4.33 USD'],NO_TRIGGER,FILLED,NO_CONTINGENCY,,,,,,,,15171b09-7ad1-4701-a939-e87c6f69792c,2025-08-08 23:15:00+00:00,2025-08-08 23:15:00+00:00
O-20250809-084000-BACKTEST-000-835,KRAKEN-BACKTEST,KrakenBTCUSDResearchStrategy-000,BTC/USD.KRAKEN,KRAKEN-1-835,BTC/USD.KRAKEN-KrakenBTCUSDResearchStrategy-000,KRAKEN-001,T-55bd48be9cc7825d-245268,MARKET,BUY,0.00922639,GTC,False,False,0.00922639,TAKER,117155.65000000001,0.0,['4.32 USD'],NO_TRIGGER,FILLED,NO_CONTINGENCY,,,,,,,,cf1fb5e5-d839-4c7a-aba2-c903bee1b930,2025-08-09 08:40:00+00:00,2025-08-09 08:40:00+00:00
O-20250809-084500-BACKTEST-000-836,KRAKEN-BACKTEST,KrakenBTCUSDResearchStrategy-000,BTC/USD.KRAKEN,KRAKEN-1-836,BTC/USD.KRAKEN-KrakenBTCUSDResearchStrategy-000,KRAKEN-001,T-91c5976f32b8f96d-245272,MARKET,SELL,0.00922639,GTC,False,False,0.00922639,TAKER,116982.12,0.0,['4.32 USD'],NO_TRIGGER,FILLED,NO_CONTINGENCY,,,,,,,,27b4cc30-8dc4-4299-b958-6013222ea022,2025-08-09 08:45:00+00:00,2025-08-09 08:45:00+00:00
O-20250809-095500-BACKTEST-000-837,KRAKEN-BACKTEST,KrakenBTCUSDResearchStrategy-000,BTC/USD.KRAKEN,KRAKEN-1-837,BTC/USD.KRAKEN-KrakenBTCUSDResearchStrategy-000,KRAKEN-001,T-f9fbb816fb61ae71-245326,MARKET,BUY,0.00917235,GTC,False,False,0.00917235,TAKER,117510.87,0.0,['4.31 USD'],NO_TRIGGER,FILLED,NO_CONTINGENCY,,,,,,,,e3906968-795e-4d35-9e9f-435e99bd940d,2025-08-09 09:55:00+00:00,2025-08-09 09:55:00+00:00
O-20250809-111000-BACKTEST-000-838,KRAKEN-BACKTEST,KrakenBTCUSDResearchStrategy-000,BTC/USD.KRAKEN,KRAKEN-1-838,BTC/USD.KRAKEN-KrakenBTCUSDResearchStrategy-000,KRAKEN-001,T-faaff83df9769cb2-245384,MARKET,SELL,0.00917235,GTC,False,False,0.00917235,TAKER,117233.11,0.0,['4.30 USD'],NO_TRIGGER,FILLED,NO_CONTINGENCY,,,,,,,,4ad5de84-4041-4a29-be9a-4b6fb05bf9a0,2025-08-09 11:10:00+00:00,2025-08-09 11:10:00+00:00
O-20250810-023000-BACKTEST-000-839,KRAKEN-BACKTEST,KrakenBTCUSDResearchStrategy-000,BTC/USD.KRAKEN,KRAKEN-1-839,BTC/USD.KRAKEN-KrakenBTCUSDResearchStrategy-000,KRAKEN-001,T-3a16874d3cc5a56b-246072,MARKET,BUY,0.00918894,GTC,False,False,0.00918894,TAKER,116934.37000000001,0.0,['4.30 USD'],NO_TRIGGER,FILLED,NO_CONTINGENCY,,,,,,,,c0c99190-c748-4cfe-8b51-162dab35dd41,2025-08-10 02:30:00+00:00,2025-08-10 02:30:00+00:00
O-20250810-074000-BACKTEST-000-840,KRAKEN-BACKTEST,KrakenBTCUSDResearchStrategy-000,BTC/USD.KRAKEN,KRAKEN-1-840,BTC/USD.KRAKEN-KrakenBTCUSDResearchStrategy-000,KRAKEN-001,T-5bcef4ec9cedd41c-246309,MARKET,SELL,0.00918894,GTC,False,False,0.00918894,TAKER,117638.95,0.0,['4.32 USD'],NO_TRIGGER,FILLED,NO_CONTINGENCY,,,,,,,,a162d092-a766-4d6f-a6f4-f18331f25744,2025-08-10 07:40:00+00:00,2025-08-10 07:40:00+00:00
O-20250810-114500-BACKTEST-000-841,KRAKEN-BACKTEST,KrakenBTCUSDResearchStrategy-000,BTC/USD.KRAKEN,KRAKEN-1-841,BTC/USD.KRAKEN-KrakenBTCUSDResearchStrategy-000,KRAKEN-001,T-9d25c0f585ba6d5e-246496,MARKET,BUY,0.00906518,GTC,False,False,0.00906518,TAKER,118460.0,0.0,['4.30 USD'],NO_TRIGGER,FILLED,NO_CONTINGENCY,,,,,,,,d5e691ee-c878-49f9-bafa-16219c147e7a,2025-08-10 11:45:00+00:00,2025-08-10 11:45:00+00:00
O-20250810-172000-BACKTEST-000-842,KRAKEN-BACKTEST,KrakenBTCUSDResearchStrategy-000,BTC/USD.KRAKEN,KRAKEN-1-842,BTC/USD.KRAKEN-KrakenBTCUSDResearchStrategy-000,KRAKEN-001,T-e2b3214f15f543df-246755,MARKET,SELL,0.00906518,GTC,False,False,0.00906518,TAKER,118465.31000000001,0.0,['4.30 USD'],NO_TRIGGER,FILLED,NO_CONTINGENCY,,,,,,,,06693639-f2e1-4452-b320-038f9b2f8e09,2025-08-10 17:20:00+00:00,2025-08-10 17:20:00+00:00
O-20250810-225000-BACKTEST-000-843,KRAKEN-BACKTEST,KrakenBTCUSDResearchStrategy-000,BTC/USD.KRAKEN,KRAKEN-1-843,BTC/USD.KRAKEN-KrakenBTCUSDResearchStrategy-000,KRAKEN-001,T-75f722b9faf8bb36-247005,MARKET,BUY,0.00900322,GTC,False,False,0.00900322,TAKER,118990.36,0.0,['4.29 USD'],NO_TRIGGER,FILLED,NO_CONTINGENCY,,,,,,,,b7053177-10fe-4c3b-a3f5-ec95f8977c9d,2025-08-10 22:50:00+00:00,2025-08-10 22:50:00+00:00
O-20250811-092500-BACKTEST-000-844,KRAKEN-BACKTEST,KrakenBTCUSDResearchStrategy-000,BTC/USD.KRAKEN,KRAKEN-1-844,BTC/USD.KRAKEN-KrakenBTCUSDResearchStrategy-000,KRAKEN-001,T-2e532b7c3bcebaff-247500,MARKET,SELL,0.00900322,GTC,False,False,0.00900322,TAKER,121294.79000000001,0.0,['4.37 USD'],NO_TRIGGER,FILLED,NO_CONTINGENCY,,,,,,,,fe4b394b-7a6c-45bb-b9c8-a46819d982e5,2025-08-11 09:25:00+00:00,2025-08-11 09:25:00+00:00
O-20250812-133000-BACKTEST-000-845,KRAKEN-BACKTEST,KrakenBTCUSDResearchStrategy-000,BTC/USD.KRAKEN,KRAKEN-1-845,BTC/USD.KRAKEN-KrakenBTCUSDResearchStrategy-000,KRAKEN-001,T-4e81c6ec53231e9e-248787,MARKET,BUY,0.00899395,GTC,False,False,0.00899395,TAKER,119515.98999999999,0.0,['4.30 USD'],NO_TRIGGER,FILLED,NO_CONTINGENCY,,,,,,,,a424df91-e2a6-4db6-b792-c9ce0b27a03f,2025-08-12 13:30:00+00:00,2025-08-12 13:30:00+00:00
O-20250812-134000-BACKTEST-000-846,KRAKEN-BACKTEST,KrakenBTCUSDResearchStrategy-000,BTC/USD.KRAKEN,KRAKEN-1-846,BTC/USD.KRAKEN-KrakenBTCUSDResearchStrategy-000,KRAKEN-001,T-258fda9acd56b0c8-248795,MARKET,SELL,0.00899395,GTC,False,False,0.00899395,TAKER,118742.52,0.0,['4.27 USD'],NO_TRIGGER,FILLED,NO_CONTINGENCY,,,,,,,,f7ce5305-43e1-49ab-9aa1-23f6cab1d9d9,2025-08-12 13:40:00+00:00,2025-08-12 13:40:00+00:00
O-20250812-152500-BACKTEST-000-847,KRAKEN-BACKTEST,KrakenBTCUSDResearchStrategy-000,BTC/USD.KRAKEN,KRAKEN-1-847,BTC/USD.KRAKEN-KrakenBTCUSDResearchStrategy-000,KRAKEN-001,T-e9ab5df35915a377-248880,MARKET,BUY,0.00893604,GTC,False,False,0.00893604,TAKER,119769.05,0.0,['4.28 USD'],NO_TRIGGER,FILLED,NO_CONTINGENCY,,,,,,,,34eec7c4-d9b0-4c40-8ac2-cceee48ac6cf,2025-08-12 15:25:00+00:00,2025-08-12 15:25:00+00:00
O-20250812-172500-BACKTEST-000-848,KRAKEN-BACKTEST,KrakenBTCUSDResearchStrategy-000,BTC/USD.KRAKEN,KRAKEN-1-848,BTC/USD.KRAKEN-KrakenBTCUSDResearchStrategy-000,KRAKEN-001,T-d2e871ec968b5b29-248974,MARKET,SELL,0.00893604,GTC,False,False,0.00893604,TAKER,119412.45,0.0,['4.27 USD'],NO_TRIGGER,FILLED,NO_CONTINGENCY,,,,,,,,ed3a0b4d-0e39-481b-bae9-6fa8b3f4632f,2025-08-12 17:25:00+00:00,2025-08-12 17:25:00+00:00
O-20250812-204500-BACKTEST-000-849,KRAKEN-BACKTEST,KrakenBTCUSDResearchStrategy-000,BTC/USD.KRAKEN,KRAKEN-1-849,BTC/USD.KRAKEN-KrakenBTCUSDResearchStrategy-000,KRAKEN-001,T-0b80dd88e3d1e35a-249127,MARKET,BUY,0.00887101,GTC,False,False,0.00887101,TAKER,120249.99,0.0,['4.27 USD'],NO_TRIGGER,FILLED,NO_CONTINGENCY,,,,,,,,92f5a897-cee0-4596-b937-f28ea43bc5b6,2025-08-12 20:45:00+00:00,2025-08-12 20:45:00+00:00
O-20250812-213000-BACKTEST-000-850,KRAKEN-BACKTEST,KrakenBTCUSDResearchStrategy-000,BTC/USD.KRAKEN,KRAKEN-1-850,BTC/USD.KRAKEN-KrakenBTCUSDResearchStrategy-000,KRAKEN-001,T-c66a3284cf158561-249162,MARKET,SELL,0.00887101,GTC,False,False,0.00887101,TAKER,119852.03000000001,0.0,['4.25 USD'],NO_TRIGGER,FILLED,NO_CONTINGENCY,,,,,,,,1a0e1827-b987-4acd-bec4-f65d22577d9e,2025-08-12 21:30:00+00:00,2025-08-12 21:30:00+00:00
O-20250813-083000-BACKTEST-000-851,KRAKEN-BACKTEST,KrakenBTCUSDResearchStrategy-000,BTC/USD.KRAKEN,KRAKEN-1-851,BTC/USD.KRAKEN-KrakenBTCUSDResearchStrategy-000,KRAKEN-001,T-5b423579927269ac-249672,MARKET,BUY,0.00886765,GTC,False,False,0.00886765,TAKER,119887.98999999999,0.0,['4.25 USD'],NO_TRIGGER,FILLED,NO_CONTINGENCY,,,,,,,,11ac78a2-1fd0-4829-98aa-060ac770d402,2025-08-13 08:30:00+00:00,2025-08-13 08:30:00+00:00
O-20250813-151500-BACKTEST-000-852,KRAKEN-BACKTEST,KrakenBTCUSDResearchStrategy-000,BTC/USD.KRAKEN,KRAKEN-1-852,BTC/USD.KRAKEN-KrakenBTCUSDResearchStrategy-000,KRAKEN-001,T-9fedfc4792273ba7-249990,MARKET,SELL,0.00886765,GTC,False,False,0.00886765,TAKER,120475.14000000001,0.0,['4.27 USD'],NO_TRIGGER,FILLED,NO_CONTINGENCY,,,,,,,,2087c882-31ac-4ce2-b8be-e75c22971792,2025-08-13 15:15:00+00:00,2025-08-13 15:15:00+00:00
O-20250813-191500-BACKTEST-000-853,KRAKEN-BACKTEST,KrakenBTCUSDResearchStrategy-000,BTC/USD.KRAKEN,KRAKEN-1-853,BTC/USD.KRAKEN-KrakenBTCUSDResearchStrategy-000,KRAKEN-001,T-ae2a2def57ba366b-250178,MARKET,BUY,0.00870206,GTC,False,False,0.00870206,TAKER,122055.17,0.0,['4.25 USD'],NO_TRIGGER,FILLED,NO_CONTINGENCY,,,,,,,,ded693ba-15f4-4b4d-8343-cf16f82f5247,2025-08-13 19:15:00+00:00,2025-08-13 19:15:00+00:00
O-20250814-041000-BACKTEST-000-854,KRAKEN-BACKTEST,KrakenBTCUSDResearchStrategy-000,BTC/USD.KRAKEN,KRAKEN-1-854,BTC/USD.KRAKEN-KrakenBTCUSDResearchStrategy-000,KRAKEN-001,T-2fb10e396fd8f848-250594,MARKET,SELL,0.00870206,GTC,False,False,0.00870206,TAKER,123126.38,0.0,['4.29 USD'],NO_TRIGGER,FILLED,NO_CONTINGENCY,,,,,,,,c2fea286-e03f-4275-a22d-b2651b7a3d2e,2025-08-14 04:10:00+00:00,2025-08-14 04:10:00+00:00
O-20250815-015000-BACKTEST-000-855,KRAKEN-BACKTEST,KrakenBTCUSDResearchStrategy-000,BTC/USD.KRAKEN,KRAKEN-1-855,BTC/USD.KRAKEN-KrakenBTCUSDResearchStrategy-000,KRAKEN-001,T-3f68a468ef99fd73-251592,MARKET,BUY,0.00894773,GTC,False,False,0.00894773,TAKER,118730.11000000002,0.0,['4.25 USD'],NO_TRIGGER,FILLED,NO_CONTINGENCY,,,,,,,,8630924a-587c-45ae-bb92-36a59aa304f1,2025-08-15 01:50:00+00:00,2025-08-15 01:50:00+00:00
O-20250815-055000-BACKTEST-000-856,KRAKEN-BACKTEST,KrakenBTCUSDResearchStrategy-000,BTC/USD.KRAKEN,KRAKEN-1-856,BTC/USD.KRAKEN-KrakenBTCUSDResearchStrategy-000,KRAKEN-001,T-39459749d1e8ffab-251778,MARKET,SELL,0.00894773,GTC,False,False,0.00894773,TAKER,118665.58999999998,0.0,['4.25 USD'],NO_TRIGGER,FILLED,NO_CONTINGENCY,,,,,,,,baf0bec5-7873-4b60-ba90-ccb229a96111,2025-08-15 05:50:00+00:00,2025-08-15 05:50:00+00:00
O-20250816-014500-BACKTEST-000-857,KRAKEN-BACKTEST,KrakenBTCUSDResearchStrategy-000,BTC/USD.KRAKEN,KRAKEN-1-857,BTC/USD.KRAKEN-KrakenBTCUSDResearchStrategy-000,KRAKEN-001,T-30e6dffce5757e7c-252690,MARKET,BUY,0.00898997,GTC,False,False,0.00898997,TAKER,117869.6,0.0,['4.24 USD'],NO_TRIGGER,FILLED,NO_CONTINGENCY,,,,,,,,d89f46e0-683b-4d3f-927a-42e0828421fe,2025-08-16 01:45:00+00:00,2025-08-16 01:45:00+00:00
O-20250816-020000-BACKTEST-000-858,KRAKEN-BACKTEST,KrakenBTCUSDResearchStrategy-000,BTC/USD.KRAKEN,KRAKEN-1-858,BTC/USD.KRAKEN-KrakenBTCUSDResearchStrategy-000,KRAKEN-001,T-52942103c49d717e-252701,MARKET,SELL,0.00898997,GTC,False,False,0.00898997,TAKER,117645.93,0.0,['4.23 USD'],NO_TRIGGER,FILLED,NO_CONTINGENCY,,,,,,,,4a3f4739-3d84-4fe2-a4fa-7380cf8ae540,2025-08-16 02:00:00+00:00,2025-08-16 02:00:00+00:00
O-20250816-125500-BACKTEST-000-859,KRAKEN-BACKTEST,KrakenBTCUSDResearchStrategy-000,BTC/USD.KRAKEN,KRAKEN-1-859,BTC/USD.KRAKEN-KrakenBTCUSDResearchStrategy-000,KRAKEN-001,T-b06375b889a54624-253190,MARKET,BUY,0.00897260,GTC,False,False,0.00897260,TAKER,117747.36,0.0,['4.23 USD'],NO_TRIGGER,FILLED,NO_CONTINGENCY,,,,,,,,b2228611-f61a-431b-b87e-daaae290364a,2025-08-16 12:55:00+00:00,2025-08-16 12:55:00+00:00
O-20250816-140500-BACKTEST-000-860,KRAKEN-BACKTEST,KrakenBTCUSDResearchStrategy-000,BTC/USD.KRAKEN,KRAKEN-1-860,BTC/USD.KRAKEN-KrakenBTCUSDResearchStrategy-000,KRAKEN-001,T-5f59ab35f3051a8b-253241,MARKET,SELL,0.00897260,GTC,False,False,0.00897260,TAKER,117588.43,0.0,['4.22 USD'],NO_TRIGGER,FILLED,NO_CONTINGENCY,,,,,,,,d4d8fd95-8594-4b44-a437-0d18901d8a34,2025-08-16 14:05:00+00:00,2025-08-16 14:05:00+00:00
O-20250817-033500-BACKTEST-000-861,KRAKEN-BACKTEST,KrakenBTCUSDResearchStrategy-000,BTC/USD.KRAKEN,KRAKEN-1-861,BTC/USD.KRAKEN-KrakenBTCUSDResearchStrategy-000,KRAKEN-001,T-bcfeb1c3f3c2bb12-253831,MARKET,BUY,0.00895412,GTC,False,False,0.00895412,TAKER,117659.41,0.0,['4.21 USD'],NO_TRIGGER,FILLED,NO_CONTINGENCY,,,,,,,,9b0f0af3-1a31-4e98-acbc-364726eb5cb2,2025-08-17 03:35:00+00:00,2025-08-17 03:35:00+00:00
O-20250817-130500-BACKTEST-000-862,KRAKEN-BACKTEST,KrakenBTCUSDResearchStrategy-000,BTC/USD.KRAKEN,KRAKEN-1-862,BTC/USD.KRAKEN-KrakenBTCUSDResearchStrategy-000,KRAKEN-001,T-0b5a16872c6a675d-254259,MARKET,SELL,0.00895412,GTC,False,False,0.00895412,TAKER,118109.74999999999,0.0,['4.23 USD'],NO_TRIGGER,FILLED,NO_CONTINGENCY,,,,,,,,22a53a7c-a84e-4fec-93bc-02ab2e720821,2025-08-17 13:05:00+00:00,2025-08-17 13:05:00+00:00
O-20250818-153500-BACKTEST-000-863,KRAKEN-BACKTEST,KrakenBTCUSDResearchStrategy-000,BTC/USD.KRAKEN,KRAKEN-1-863,BTC/USD.KRAKEN-KrakenBTCUSDResearchStrategy-000,KRAKEN-001,T-a577be4aceef4886-255472,MARKET,BUY,0.00908490,GTC,False,False,0.00908490,TAKER,115820.01,0.0,['4.21 USD'],NO_TRIGGER,FILLED,NO_CONTINGENCY,,,,,,,,758acbbf-9189-41a1-be03-c5de33313ed9,2025-08-18 15:35:00+00:00,2025-08-18 15:35:00+00:00
O-20250818-232500-BACKTEST-000-864,KRAKEN-BACKTEST,KrakenBTCUSDResearchStrategy-000,BTC/USD.KRAKEN,KRAKEN-1-864,BTC/USD.KRAKEN-KrakenBTCUSDResearchStrategy-000,KRAKEN-001,T-dd4053ad730f5f5d-255831,MARKET,SELL,0.00908490,GTC,False,False,0.00908490,TAKER,116285.74,0.0,['4.23 USD'],NO_TRIGGER,FILLED,NO_CONTINGENCY,,,,,,,,b5628a00-00e8-40eb-8a2c-eef7b0b23ff7,2025-08-18 23:25:00+00:00,2025-08-18 23:25:00+00:00
O-20250819-111000-BACKTEST-000-865,KRAKEN-BACKTEST,KrakenBTCUSDResearchStrategy-000,BTC/USD.KRAKEN,KRAKEN-1-865,BTC/USD.KRAKEN-KrakenBTCUSDResearchStrategy-000,KRAKEN-001,T-699e9052214646d9-256373,MARKET,BUY,0.00909146,GTC,False,False,0.00909146,TAKER,115597.53,0.0,['4.20 USD'],NO_TRIGGER,FILLED,NO_CONTINGENCY,,,,,,,,138ef8a6-5c2b-4944-b762-0509b9dc3c33,2025-08-19 11:10:00+00:00,2025-08-19 11:10:00+00:00
O-20250819-123000-BACKTEST-000-866,KRAKEN-BACKTEST,KrakenBTCUSDResearchStrategy-000,BTC/USD.KRAKEN,KRAKEN-1-866,BTC/USD.KRAKEN-KrakenBTCUSDResearchStrategy-000,KRAKEN-001,T-281878c397bd5015-256434,MARKET,SELL,0.00909146,GTC,False,False,0.00909146,TAKER,115410.69,0.0,['4.20 USD'],NO_TRIGGER,FILLED,NO_CONTINGENCY,,,,,,,,dc4bb14d-1710-400f-aa00-87b2d335f401,2025-08-19 12:30:00+00:00,2025-08-19 12:30:00+00:00
O-20250820-032500-BACKTEST-000-867,KRAKEN-BACKTEST,KrakenBTCUSDResearchStrategy-000,BTC/USD.KRAKEN,KRAKEN-1-867,BTC/USD.KRAKEN-KrakenBTCUSDResearchStrategy-000,KRAKEN-001,T-2ea25297d87c938b-257133,MARKET,BUY,0.00922386,GTC,False,False,0.00922386,TAKER,113609.70999999999,0.0,['4.19 USD'],NO_TRIGGER,FILLED,NO_CONTINGENCY,,,,,,,,6c080bc5-92d6-408c-bc88-69e71c9bc8df,2025-08-20 03:25:00+00:00,2025-08-20 03:25:00+00:00
O-20250820-075500-BACKTEST-000-868,KRAKEN-BACKTEST,KrakenBTCUSDResearchStrategy-000,BTC/USD.KRAKEN,KRAKEN-1-868,BTC/USD.KRAKEN-KrakenBTCUSDResearchStrategy-000,KRAKEN-001,T-e995f36d685e39b9-257339,MARKET,SELL,0.00922386,GTC,False,False,0.00922386,TAKER,113490.13,0.0,['4.19 USD'],NO_TRIGGER,FILLED,NO_CONTINGENCY,,,,,,,,e1d6cbf9-145b-4950-9ea1-44e3234edde7,2025-08-20 07:55:00+00:00,2025-08-20 07:55:00+00:00
O-20250820-224000-BACKTEST-000-869,KRAKEN-BACKTEST,KrakenBTCUSDResearchStrategy-000,BTC/USD.KRAKEN,KRAKEN-1-869,BTC/USD.KRAKEN-KrakenBTCUSDResearchStrategy-000,KRAKEN-001,T-f1b0254783e607cd-258021,MARKET,BUY,0.00912574,GTC,False,False,0.00912574,TAKER,114519.61,0.0,['4.18 USD'],NO_TRIGGER,FILLED,NO_CONTINGENCY,,,,,,,,dae5c09d-a974-4031-af0d-d6550c2f9df9,2025-08-20 22:40:00+00:00,2025-08-20 22:40:00+00:00
O-20250820-231500-BACKTEST-000-870,KRAKEN-BACKTEST,KrakenBTCUSDResearchStrategy-000,BTC/USD.KRAKEN,KRAKEN-1-870,BTC/USD.KRAKEN-KrakenBTCUSDResearchStrategy-000,KRAKEN-001,T-e2a2056631eafc6b-258045,MARKET,SELL,0.00912574,GTC,False,False,0.00912574,TAKER,114244.87,0.0,['4.17 USD'],NO_TRIGGER,FILLED,NO_CONTINGENCY,,,,,,,,3ba4f060-a227-44aa-89f0-db3239f69a82,2025-08-20 23:15:00+00:00,2025-08-20 23:15:00+00:00
O-20250821-015500-BACKTEST-000-871,KRAKEN-BACKTEST,KrakenBTCUSDResearchStrategy-000,BTC/USD.KRAKEN,KRAKEN-1-871,BTC/USD.KRAKEN-KrakenBTCUSDResearchStrategy-000,KRAKEN-001,T-951723ccbe528332-258168,MARKET,BUY,0.00908062,GTC,False,False,0.00908062,TAKER,114729.94,0.0,['4.17 USD'],NO_TRIGGER,FILLED,NO_CONTINGENCY,,,,,,,,1d64c437-727b-4773-8a55-8f572c19466f,2025-08-21 01:55:00+00:00,2025-08-21 01:55:00+00:00
O-20250821-020500-BACKTEST-000-872,KRAKEN-BACKTEST,KrakenBTCUSDResearchStrategy-000,BTC/USD.KRAKEN,KRAKEN-1-872,BTC/USD.KRAKEN-KrakenBTCUSDResearchStrategy-000,KRAKEN-001,T-7d622a04e3d2cf1a-258177,MARKET,SELL,0.00908062,GTC,False,False,0.00908062,TAKER,114445.11,0.0,['4.16 USD'],NO_TRIGGER,FILLED,NO_CONTINGENCY,,,,,,,,329e29dc-f0d0-42f4-adc3-fa99642b06ae,2025-08-21 02:05:00+00:00,2025-08-21 02:05:00+00:00
O-20250822-014000-BACKTEST-000-873,KRAKEN-BACKTEST,KrakenBTCUSDResearchStrategy-000,BTC/USD.KRAKEN,KRAKEN-1-873,BTC/USD.KRAKEN-KrakenBTCUSDResearchStrategy-000,KRAKEN-001,T-8bf9dc94c6af6632-259252,MARKET,BUY,0.00919784,GTC,False,False,0.00919784,TAKER,112911.52,0.0,['4.15 USD'],NO_TRIGGER,FILLED,NO_CONTINGENCY,,,,,,,,a5f3a62e-d983-4d31-b322-9187f02c0dc8,2025-08-22 01:40:00+00:00,2025-08-22 01:40:00+00:00
O-20250822-045000-BACKTEST-000-874,KRAKEN-BACKTEST,KrakenBTCUSDResearchStrategy-000,BTC/USD.KRAKEN,KRAKEN-1-874,BTC/USD.KRAKEN-KrakenBTCUSDResearchStrategy-000,KRAKEN-001,T-f94297b4e759e36f-259394,MARKET,SELL,0.00919784,GTC,False,False,0.00919784,TAKER,112827.62,0.0,['4.15 USD'],NO_TRIGGER,FILLED,NO_CONTINGENCY,,,,,,,,92bacc81-07f8-40d2-848a-f7f20a928763,2025-08-22 04:50:00+00:00,2025-08-22 04:50:00+00:00
O-20250822-141000-BACKTEST-000-875,KRAKEN-BACKTEST,KrakenBTCUSDResearchStrategy-000,BTC/USD.KRAKEN,KRAKEN-1-875,BTC/USD.KRAKEN-KrakenBTCUSDResearchStrategy-000,KRAKEN-001,T-5882ab62dcaf55a7-259821,MARKET,BUY,0.00899151,GTC,False,False,0.00899151,TAKER,115200.0,0.0,['4.14 USD'],NO_TRIGGER,FILLED,NO_CONTINGENCY,,,,,,,,6a94cb3b-9c0e-4f42-92e2-eb7b8b9257ce,2025-08-22 14:10:00+00:00,2025-08-22 14:10:00+00:00
O-20250823-013000-BACKTEST-000-876,KRAKEN-BACKTEST,KrakenBTCUSDResearchStrategy-000,BTC/USD.KRAKEN,KRAKEN-1-876,BTC/USD.KRAKEN-KrakenBTCUSDResearchStrategy-000,KRAKEN-001,T-8a453cb5c95f1b17-260344,MARKET,SELL,0.00899151,GTC,False,False,0.00899151,TAKER,116532.01,0.0,['4.19 USD'],NO_TRIGGER,FILLED,NO_CONTINGENCY,,,,,,,,aeb1f5af-bec3-4ae3-98a3-aadc1abd7322,2025-08-23 01:30:00+00:00,2025-08-23 01:30:00+00:00
O-20250823-205500-BACKTEST-000-877,KRAKEN-BACKTEST,KrakenBTCUSDResearchStrategy-000,BTC/USD.KRAKEN,KRAKEN-1-877,BTC/USD.KRAKEN-KrakenBTCUSDResearchStrategy-000,KRAKEN-001,T-0056a9abacc5cc8a-261210,MARKET,BUY,0.00899119,GTC,False,False,0.00899119,TAKER,115325.81,0.0,['4.15 USD'],NO_TRIGGER,FILLED,NO_CONTINGENCY,,,,,,,,70d3a507-0d92-4f12-90d2-eee5989eca9b,2025-08-23 20:55:00+00:00,2025-08-23 20:55:00+00:00
O-20250823-210500-BACKTEST-000-878,KRAKEN-BACKTEST,KrakenBTCUSDResearchStrategy-000,BTC/USD.KRAKEN,KRAKEN-1-878,BTC/USD.KRAKEN-KrakenBTCUSDResearchStrategy-000,KRAKEN-001,T-3813114b46a33c3b-261218,MARKET,SELL,0.00899119,GTC,False,False,0.00899119,TAKER,115129.90000000001,0.0,['4.14 USD'],NO_TRIGGER,FILLED,NO_CONTINGENCY,,,,,,,,3e65acc7-3363-4c43-b2fa-58c5d89d993f,2025-08-23 21:05:00+00:00,2025-08-23 21:05:00+00:00
O-20250823-234500-BACKTEST-000-879,KRAKEN-BACKTEST,KrakenBTCUSDResearchStrategy-000,BTC/USD.KRAKEN,KRAKEN-1-879,BTC/USD.KRAKEN-KrakenBTCUSDResearchStrategy-000,KRAKEN-001,T-bacd00552e39fa8c-261328,MARKET,BUY,0.00896362,GTC,False,False,0.00896362,TAKER,115343.90000000001,0.0,['4.14 USD'],NO_TRIGGER,FILLED,NO_CONTINGENCY,,,,,,,,cc35e69f-5f31-4e52-9227-be9d09346d0e,2025-08-23 23:45:00+00:00,2025-08-23 23:45:00+00:00
O-20250824-023500-BACKTEST-000-880,KRAKEN-BACKTEST,KrakenBTCUSDResearchStrategy-000,BTC/USD.KRAKEN,KRAKEN-1-880,BTC/USD.KRAKEN-KrakenBTCUSDResearchStrategy-000,KRAKEN-001,T-8a5616988d4c0fbf-261458,MARKET,SELL,0.00896362,GTC,False,False,0.00896362,TAKER,115239.64,0.0,['4.13 USD'],NO_TRIGGER,FILLED,NO_CONTINGENCY,,,,,,,,e38297a6-390c-4066-9e6b-939e064ee8fe,2025-08-24 02:35:00+00:00,2025-08-24 02:35:00+00:00
O-20250825-144500-BACKTEST-000-881,KRAKEN-BACKTEST,KrakenBTCUSDResearchStrategy-000,BTC/USD.KRAKEN,KRAKEN-1-881,BTC/USD.KRAKEN-KrakenBTCUSDResearchStrategy-000,KRAKEN-001,T-b0196f8f63b1d5b1-263119,MARKET,BUY,0.00918340,GTC,False,False,0.00918340,TAKER,112282.56999999999,0.0,['4.12 USD'],NO_TRIGGER,FILLED,NO_CONTINGENCY,,,,,,,,cab6711d-89ca-45ac-b37d-880b07e959c3,2025-08-25 14:45:00+00:00,2025-08-25 14:45:00+00:00
O-20250825-190000-BACKTEST-000-882,KRAKEN-BACKTEST,KrakenBTCUSDResearchStrategy-000,BTC/USD.KRAKEN,KRAKEN-1-882,BTC/USD.KRAKEN-KrakenBTCUSDResearchStrategy-000,KRAKEN-001,T-64c2fab84feaf29e-263315,MARKET,SELL,0.00918340,GTC,False,False,0.00918340,TAKER,112187.84,0.0,['4.12 USD'],NO_TRIGGER,FILLED,NO_CONTINGENCY,,,,,,,,ddd81c0b-3958-46a6-a878-ea0fbe44304d,2025-08-25 19:00:00+00:00,2025-08-25 19:00:00+00:00
O-20250826-183500-BACKTEST-000-883,KRAKEN-BACKTEST,KrakenBTCUSDResearchStrategy-000,BTC/USD.KRAKEN,KRAKEN-1-883,BTC/USD.KRAKEN-KrakenBTCUSDResearchStrategy-000,KRAKEN-001,T-0950bc0741def5f5-264414,MARKET,BUY,0.00929537,GTC,False,False,0.00929537,TAKER,110635.99,0.0,['4.11 USD'],NO_TRIGGER,FILLED,NO_CONTINGENCY,,,,,,,,ff72e05f-851e-4b2d-a7a9-92ba09113bd5,2025-08-26 18:35:00+00:00,2025-08-26 18:35:00+00:00
O-20250827-013500-BACKTEST-000-884,KRAKEN-BACKTEST,KrakenBTCUSDResearchStrategy-000,BTC/USD.KRAKEN,KRAKEN-1-884,BTC/USD.KRAKEN-KrakenBTCUSDResearchStrategy-000,KRAKEN-001,T-69f265e41c1c4184-264737,MARKET,SELL,0.00929537,GTC,False,False,0.00929537,TAKER,111168.0,0.0,['4.13 USD'],NO_TRIGGER,FILLED,NO_CONTINGENCY,,,,,,,,50b41480-16d8-432f-bcc3-7e965d6f9b9f,2025-08-27 01:35:00+00:00,2025-08-27 01:35:00+00:00
O-20250827-114500-BACKTEST-000-885,KRAKEN-BACKTEST,KrakenBTCUSDResearchStrategy-000,BTC/USD.KRAKEN,KRAKEN-1-885,BTC/USD.KRAKEN-KrakenBTCUSDResearchStrategy-000,KRAKEN-001,T-59e00d77f5a18bd2-265206,MARKET,BUY,0.00922877,GTC,False,False,0.00922877,TAKER,111327.51,0.0,['4.11 USD'],NO_TRIGGER,FILLED,NO_CONTINGENCY,,,,,,,,b2e978c6-f58f-4447-8e31-150894fdc7f5,2025-08-27 11:45:00+00:00,2025-08-27 11:45:00+00:00
O-20250827-124000-BACKTEST-000-886,KRAKEN-BACKTEST,KrakenBTCUSDResearchStrategy-000,BTC/USD.KRAKEN,KRAKEN-1-886,BTC/USD.KRAKEN-KrakenBTCUSDResearchStrategy-000,KRAKEN-001,T-ed6c1ddb16c00b60-265251,MARKET,SELL,0.00922877,GTC,False,False,0.00922877,TAKER,111067.75,0.0,['4.10 USD'],NO_TRIGGER,FILLED,NO_CONTINGENCY,,,,,,,,0b56deda-eece-4897-8454-41c7901a52e4,2025-08-27 12:40:00+00:00,2025-08-27 12:40:00+00:00
O-20250827-134000-BACKTEST-000-887,KRAKEN-BACKTEST,KrakenBTCUSDResearchStrategy-000,BTC/USD.KRAKEN,KRAKEN-1-887,BTC/USD.KRAKEN-KrakenBTCUSDResearchStrategy-000,KRAKEN-001,T-3abb8d9ad1f78f77-265298,MARKET,BUY,0.00918019,GTC,False,False,0.00918019,TAKER,111569.86,0.0,['4.10 USD'],NO_TRIGGER,FILLED,NO_CONTINGENCY,,,,,,,,555fef90-435c-4eee-8828-57ef30489315,2025-08-27 13:40:00+00:00,2025-08-27 13:40:00+00:00
O-20250827-191000-BACKTEST-000-888,KRAKEN-BACKTEST,KrakenBTCUSDResearchStrategy-000,BTC/USD.KRAKEN,KRAKEN-1-888,BTC/USD.KRAKEN-KrakenBTCUSDResearchStrategy-000,KRAKEN-001,T-b0d1047357d51827-265550,MARKET,SELL,0.00918019,GTC,False,False,0.00918019,TAKER,111677.02,0.0,['4.10 USD'],NO_TRIGGER,FILLED,NO_CONTINGENCY,,,,,,,,ed34efba-e7a4-45a7-afc5-914f4831f46b,2025-08-27 19:10:00+00:00,2025-08-27 19:10:00+00:00
O-20250828-040500-BACKTEST-000-889,KRAKEN-BACKTEST,KrakenBTCUSDResearchStrategy-000,BTC/USD.KRAKEN,KRAKEN-1-889,BTC/USD.KRAKEN-KrakenBTCUSDResearchStrategy-000,KRAKEN-001,T-8e6979867bfd22ee-265964,MARKET,BUY,0.00911831,GTC,False,False,0.00911831,TAKER,112089.78,0.0,['4.09 USD'],NO_TRIGGER,FILLED,NO_CONTINGENCY,,,,,,,,82a52bfe-7a9c-4faf-8102-589e2fe15d4b,2025-08-28 04:05:00+00:00,2025-08-28 04:05:00+00:00
O-20250828-134500-BACKTEST-000-890,KRAKEN-BACKTEST,KrakenBTCUSDResearchStrategy-000,BTC/USD.KRAKEN,KRAKEN-1-890,BTC/USD.KRAKEN-KrakenBTCUSDResearchStrategy-000,KRAKEN-001,T-a6c414edd642f3bf-266403,MARKET,SELL,0.00911831,GTC,False,False,0.00911831,TAKER,112740.01,0.0,['4.11 USD'],NO_TRIGGER,FILLED,NO_CONTINGENCY,,,,,,,,a41dded1-3a8b-45ca-9ce1-1b310ba6b39d,2025-08-28 13:45:00+00:00,2025-08-28 13:45:00+00:00
O-20250828-235000-BACKTEST-000-891,KRAKEN-BACKTEST,KrakenBTCUSDResearchStrategy-000,BTC/USD.KRAKEN,KRAKEN-1-891,BTC/USD.KRAKEN-KrakenBTCUSDResearchStrategy-000,KRAKEN-001,T-bb3eafda955d9f38-266869,MARKET,BUY,0.00907457,GTC,False,False,0.00907457,TAKER,112554.98999999999,0.0,['4.09 USD'],NO_TRIGGER,FILLED,NO_CONTINGENCY,,,,,,,,6e5f9a38-c986-48e0-abbc-705ad679a346,2025-08-28 23:50:00+00:00,2025-08-28 23:50:00+00:00
O-20250829-000500-BACKTEST-000-892,KRAKEN-BACKTEST,KrakenBTCUSDResearchStrategy-000,BTC/USD.KRAKEN,KRAKEN-1-892,BTC/USD.KRAKEN-KrakenBTCUSDResearchStrategy-000,KRAKEN-001,T-7241a80967001754-266882,MARKET,SELL,0.00907457,GTC,False,False,0.00907457,TAKER,112352.3,0.0,['4.08 USD'],NO_TRIGGER,FILLED,NO_CONTINGENCY,,,,,,,,0837110b-7fe6-4927-8579-d0aeba5a1a91,2025-08-29 00:05:00+00:00,2025-08-29 00:05:00+00:00
O-20250830-042000-BACKTEST-000-893,KRAKEN-BACKTEST,KrakenBTCUSDResearchStrategy-000,BTC/USD.KRAKEN,KRAKEN-1-893,BTC/USD.KRAKEN-KrakenBTCUSDResearchStrategy-000,KRAKEN-001,T-3fa4b5a3150331d2-268180,MARKET,BUY,0.00937825,GTC,False,False,0.00937825,TAKER,108590.12,0.0,['4.07 USD'],NO_TRIGGER,FILLED,NO_CONTINGENCY,,,,,,,,dc59236b-69f7-4b51-8f36-5e358cc8195d,2025-08-30 04:20:00+00:00,2025-08-30 04:20:00+00:00
O-20250830-050000-BACKTEST-000-894,KRAKEN-BACKTEST,KrakenBTCUSDResearchStrategy-000,BTC/USD.KRAKEN,KRAKEN-1-894,BTC/USD.KRAKEN-KrakenBTCUSDResearchStrategy-000,KRAKEN-001,T-f1f53de750e2aa4a-268213,MARKET,SELL,0.00937825,GTC,False,False,0.00937825,TAKER,108391.99,0.0,['4.07 USD'],NO_TRIGGER,FILLED,NO_CONTINGENCY,,,,,,,,e54199ff-86e8-4333-a30a-991020e8a256,2025-08-30 05:00:00+00:00,2025-08-30 05:00:00+00:00
O-20250830-082500-BACKTEST-000-895,KRAKEN-BACKTEST,KrakenBTCUSDResearchStrategy-000,BTC/USD.KRAKEN,KRAKEN-1-895,BTC/USD.KRAKEN-KrakenBTCUSDResearchStrategy-000,KRAKEN-001,T-4e3d2392ba8955e5-268373,MARKET,BUY,0.00933883,GTC,False,False,0.00933883,TAKER,108727.25,0.0,['4.06 USD'],NO_TRIGGER,FILLED,NO_CONTINGENCY,,,,,,,,8d5c801d-5c4d-4a46-bdf7-5c1e7b159229,2025-08-30 08:25:00+00:00,2025-08-30 08:25:00+00:00
O-20250830-084500-BACKTEST-000-896,KRAKEN-BACKTEST,KrakenBTCUSDResearchStrategy-000,BTC/USD.KRAKEN,KRAKEN-1-896,BTC/USD.KRAKEN-KrakenBTCUSDResearchStrategy-000,KRAKEN-001,T-68adec4bc6db3691-268388,MARKET,SELL,0.00933883,GTC,False,False,0.00933883,TAKER,108575.49,0.0,['4.06 USD'],NO_TRIGGER,FILLED,NO_CONTINGENCY,,,,,,,,dba02648-b122-401c-a4c2-654165a1f308,2025-08-30 08:45:00+00:00,2025-08-30 08:45:00+00:00
O-20250830-152000-BACKTEST-000-897,KRAKEN-BACKTEST,KrakenBTCUSDResearchStrategy-000,BTC/USD.KRAKEN,KRAKEN-1-897,BTC/USD.KRAKEN-KrakenBTCUSDResearchStrategy-000,KRAKEN-001,T-6a8db64e2e82382b-268682,MARKET,BUY,0.00930899,GTC,False,False,0.00930899,TAKER,108768.34,0.0,['4.05 USD'],NO_TRIGGER,FILLED,NO_CONTINGENCY,,,,,,,,263d4b94-8ab6-4d7e-b9bd-073401a43f04,2025-08-30 15:20:00+00:00,2025-08-30 15:20:00+00:00
O-20250830-183000-BACKTEST-000-898,KRAKEN-BACKTEST,KrakenBTCUSDResearchStrategy-000,BTC/USD.KRAKEN,KRAKEN-1-898,BTC/USD.KRAKEN-KrakenBTCUSDResearchStrategy-000,KRAKEN-001,T-3993b8ca8394164c-268825,MARKET,SELL,0.00930899,GTC,False,False,0.00930899,TAKER,108642.51,0.0,['4.05 USD'],NO_TRIGGER,FILLED,NO_CONTINGENCY,,,,,,,,920c9698-3e50-47f1-a85a-65e9905fb708,2025-08-30 18:30:00+00:00,2025-08-30 18:30:00+00:00
O-20250831-002500-BACKTEST-000-899,KRAKEN-BACKTEST,KrakenBTCUSDResearchStrategy-000,BTC/USD.KRAKEN,KRAKEN-1-899,BTC/USD.KRAKEN-KrakenBTCUSDResearchStrategy-000,KRAKEN-001,T-959b214db8462a74-269096,MARKET,BUY,0.00927383,GTC,False,False,0.00927383,TAKER,108880.89,0.0,['4.04 USD'],NO_TRIGGER,FILLED,NO_CONTINGENCY,,,,,,,,49f5ce67-2294-431c-b4ba-3f9cd581855b,2025-08-31 00:25:00+00:00,2025-08-31 00:25:00+00:00
O-20250831-041000-BACKTEST-000-900,KRAKEN-BACKTEST,KrakenBTCUSDResearchStrategy-000,BTC/USD.KRAKEN,KRAKEN-1-900,BTC/USD.KRAKEN-KrakenBTCUSDResearchStrategy-000,KRAKEN-001,T-83cd61893079af36-269267,MARKET,SELL,0.00927383,GTC,False,False,0.00927383,TAKER,109015.05,0.0,['4.04 USD'],NO_TRIGGER,FILLED,NO_CONTINGENCY,,,,,,,,53d85432-482a-4512-b465-83e312c4d797,2025-08-31 04:10:00+00:00,2025-08-31 04:10:00+00:00
O-20250831-090500-BACKTEST-000-901,KRAKEN-BACKTEST,KrakenBTCUSDResearchStrategy-000,BTC/USD.KRAKEN,KRAKEN-1-901,BTC/USD.KRAKEN-KrakenBTCUSDResearchStrategy-000,KRAKEN-001,T-e30bbd10919a8862-269484,MARKET,BUY,0.00923642,GTC,False,False,0.00923642,TAKER,109099.99,0.0,['4.03 USD'],NO_TRIGGER,FILLED,NO_CONTINGENCY,,,,,,,,2a29e3bc-ff40-4798-b093-6fae0623d1bb,2025-08-31 09:05:00+00:00,2025-08-31 09:05:00+00:00
O-20250831-092500-BACKTEST-000-902,KRAKEN-BACKTEST,KrakenBTCUSDResearchStrategy-000,BTC/USD.KRAKEN,KRAKEN-1-902,BTC/USD.KRAKEN-KrakenBTCUSDResearchStrategy-000,KRAKEN-001,T-87608c7927764e86-269500,MARKET,SELL,0.00923642,GTC,False,False,0.00923642,TAKER,108900.0,0.0,['4.02 USD'],NO_TRIGGER,FILLED,NO_CONTINGENCY,,,,,,,,306a9e7c-2195-4846-b9e8-df67ea106878,2025-08-31 09:25:00+00:00,2025-08-31 09:25:00+00:00
O-20250831-164000-BACKTEST-000-903,KRAKEN-BACKTEST,KrakenBTCUSDResearchStrategy-000,BTC/USD.KRAKEN,KRAKEN-1-903,BTC/USD.KRAKEN-KrakenBTCUSDResearchStrategy-000,KRAKEN-001,T-9b3f55aea920126f-269837,MARKET,BUY,0.00922845,GTC,False,False,0.00922845,TAKER,108872.71,0.0,['4.02 USD'],NO_TRIGGER,FILLED,NO_CONTINGENCY,,,,,,,,abcaef8d-4e6d-450b-b8e7-4c10ce110264,2025-08-31 16:40:00+00:00,2025-08-31 16:40:00+00:00
O-20250831-223500-BACKTEST-000-904,KRAKEN-BACKTEST,KrakenBTCUSDResearchStrategy-000,BTC/USD.KRAKEN,KRAKEN-1-904,BTC/USD.KRAKEN-KrakenBTCUSDResearchStrategy-000,KRAKEN-001,T-a405483b4dad8b3c-270104,MARKET,SELL,0.00922845,GTC,False,False,0.00922845,TAKER,108912.51,0.0,['4.02 USD'],NO_TRIGGER,FILLED,NO_CONTINGENCY,,,,,,,,9f3e01f5-4e4f-4719-80ad-322a4266af3d,2025-08-31 22:35:00+00:00,2025-08-31 22:35:00+00:00
O-20250901-072500-BACKTEST-000-905,KRAKEN-BACKTEST,KrakenBTCUSDResearchStrategy-000,BTC/USD.KRAKEN,KRAKEN-1-905,BTC/USD.KRAKEN-KrakenBTCUSDResearchStrategy-000,KRAKEN-001,T-114481e03300f77e-270514,MARKET,BUY,0.00924436,GTC,False,False,0.00924436,TAKER,108436.12000000001,0.0,['4.01 USD'],NO_TRIGGER,FILLED,NO_CONTINGENCY,,,,,,,,6ea9b3c5-05eb-4fd8-9071-f9216e21df2d,2025-09-01 07:25:00+00:00,2025-09-01 07:25:00+00:00
O-20250901-103000-BACKTEST-000-906,KRAKEN-BACKTEST,KrakenBTCUSDResearchStrategy-000,BTC/USD.KRAKEN,KRAKEN-1-906,BTC/USD.KRAKEN-KrakenBTCUSDResearchStrategy-000,KRAKEN-001,T-81765fc436429a74-270662,MARKET,SELL,0.00924436,GTC,False,False,0.00924436,TAKER,108545.74,0.0,['4.01 USD'],NO_TRIGGER,FILLED,NO_CONTINGENCY,,,,,,,,22694ef2-6a35-4e4e-80b9-38e97d7c19fe,2025-09-01 10:30:00+00:00,2025-09-01 10:30:00+00:00
O-20250902-014000-BACKTEST-000-907,KRAKEN-BACKTEST,KrakenBTCUSDResearchStrategy-000,BTC/USD.KRAKEN,KRAKEN-1-907,BTC/USD.KRAKEN-KrakenBTCUSDResearchStrategy-000,KRAKEN-001,T-9454471a8aa19bac-271366,MARKET,BUY,0.00913662,GTC,False,False,0.00913662,TAKER,109484.94,0.0,['4.00 USD'],NO_TRIGGER,FILLED,NO_CONTINGENCY,,,,,,,,10367d3b-ec6f-4db4-849e-b50d07a8c845,2025-09-02 01:40:00+00:00,2025-09-02 01:40:00+00:00
O-20250902-111000-BACKTEST-000-908,KRAKEN-BACKTEST,KrakenBTCUSDResearchStrategy-000,BTC/USD.KRAKEN,KRAKEN-1-908,BTC/USD.KRAKEN-KrakenBTCUSDResearchStrategy-000,KRAKEN-001,T-6187cf4315df74a1-271806,MARKET,SELL,0.00913662,GTC,False,False,0.00913662,TAKER,110080.01,0.0,['4.02 USD'],NO_TRIGGER,FILLED,NO_CONTINGENCY,,,,,,,,c5517546-26f9-4135-9417-ef3fabdcf134,2025-09-02 11:10:00+00:00,2025-09-02 11:10:00+00:00
O-20250902-143000-BACKTEST-000-909,KRAKEN-BACKTEST,KrakenBTCUSDResearchStrategy-000,BTC/USD.KRAKEN,KRAKEN-1-909,BTC/USD.KRAKEN-KrakenBTCUSDResearchStrategy-000,KRAKEN-001,T-b6770d781f3705ad-271964,MARKET,BUY,0.00895365,GTC,False,False,0.00895365,TAKER,111635.89,0.0,['4.00 USD'],NO_TRIGGER,FILLED,NO_CONTINGENCY,,,,,,,,9f1c0eb0-45e1-45b5-a71b-418798e20249,2025-09-02 14:30:00+00:00,2025-09-02 14:30:00+00:00
O-20250902-153500-BACKTEST-000-910,KRAKEN-BACKTEST,KrakenBTCUSDResearchStrategy-000,BTC/USD.KRAKEN,KRAKEN-1-910,BTC/USD.KRAKEN-KrakenBTCUSDResearchStrategy-000,KRAKEN-001,T-2a3fe2a284471a6a-272016,MARKET,SELL,0.00895365,GTC,False,False,0.00895365,TAKER,110953.62,0.0,['3.97 USD'],NO_TRIGGER,FILLED,NO_CONTINGENCY,,,,,,,,d2cb1bc6-1a5c-4b50-90a5-c7117a214f50,2025-09-02 15:35:00+00:00,2025-09-02 15:35:00+00:00
O-20250902-201500-BACKTEST-000-911,KRAKEN-BACKTEST,KrakenBTCUSDResearchStrategy-000,BTC/USD.KRAKEN,KRAKEN-1-911,BTC/USD.KRAKEN-KrakenBTCUSDResearchStrategy-000,KRAKEN-001,T-2f013c2ccfbaecd6-272235,MARKET,BUY,0.00894497,GTC,False,False,0.00894497,TAKER,111272.0,0.0,['3.98 USD'],NO_TRIGGER,FILLED,NO_CONTINGENCY,,,,,,,,c9170ab4-03aa-47d0-8eef-05ee837780ef,2025-09-02 20:15:00+00:00,2025-09-02 20:15:00+00:00
O-20250902-220000-BACKTEST-000-912,KRAKEN-BACKTEST,KrakenBTCUSDResearchStrategy-000,BTC/USD.KRAKEN,KRAKEN-1-912,BTC/USD.KRAKEN-KrakenBTCUSDResearchStrategy-000,KRAKEN-001,T-97ebe78a2b446b15-272313,MARKET,SELL,0.00894497,GTC,False,False,0.00894497,TAKER,110974.56,0.0,['3.97 USD'],NO_TRIGGER,FILLED,NO_CONTINGENCY,,,,,,,,34dbf5fb-2e74-46b2-aeb9-d1884223a132,2025-09-02 22:00:00+00:00,2025-09-02 22:00:00+00:00
O-20250903-001500-BACKTEST-000-913,KRAKEN-BACKTEST,KrakenBTCUSDResearchStrategy-000,BTC/USD.KRAKEN,KRAKEN-1-913,BTC/USD.KRAKEN-KrakenBTCUSDResearchStrategy-000,KRAKEN-001,T-08256d153079bf88-272417,MARKET,BUY,0.00889347,GTC,False,False,0.00889347,TAKER,111558.45000000001,0.0,['3.97 USD'],NO_TRIGGER,FILLED,NO_CONTINGENCY,,,,,,,,88d4e47f-33a3-4f91-86c5-bfb1d2eaad25,2025-09-03 00:15:00+00:00,2025-09-03 00:15:00+00:00
O-20250903-005000-BACKTEST-000-914,KRAKEN-BACKTEST,KrakenBTCUSDResearchStrategy-000,BTC/USD.KRAKEN,KRAKEN-1-914,BTC/USD.KRAKEN-KrakenBTCUSDResearchStrategy-000,KRAKEN-001,T-6afa5614b09e9325-272446,MARKET,SELL,0.00889347,GTC,False,False,0.00889347,TAKER,111305.66,0.0,['3.96 USD'],NO_TRIGGER,FILLED,NO_CONTINGENCY,,,,,,,,69481a29-cb9e-4cc0-9a4c-79ccd419a597,2025-09-03 00:50:00+00:00,2025-09-03 00:50:00+00:00
O-20250903-095500-BACKTEST-000-915,KRAKEN-BACKTEST,KrakenBTCUSDResearchStrategy-000,BTC/USD.KRAKEN,KRAKEN-1-915,BTC/USD.KRAKEN-KrakenBTCUSDResearchStrategy-000,KRAKEN-001,T-a14b2ac52dc2eb54-272863,MARKET,BUY,0.00888570,GTC,False,False,0.00888570,TAKER,111312.28000000001,0.0,['3.96 USD'],NO_TRIGGER,FILLED,NO_CONTINGENCY,,,,,,,,fe156090-d55a-419e-9f55-ccfb4e21583f,2025-09-03 09:55:00+00:00,2025-09-03 09:55:00+00:00
O-20250903-124500-BACKTEST-000-916,KRAKEN-BACKTEST,KrakenBTCUSDResearchStrategy-000,BTC/USD.KRAKEN,KRAKEN-1-916,BTC/USD.KRAKEN-KrakenBTCUSDResearchStrategy-000,KRAKEN-001,T-65c3977841537b08-272996,MARKET,SELL,0.00888570,GTC,False,False,0.00888570,TAKER,111169.27,0.0,['3.95 USD'],NO_TRIGGER,FILLED,NO_CONTINGENCY,,,,,,,,4287d162-2408-4039-be66-e1e5fdaf9c49,2025-09-03 12:45:00+00:00,2025-09-03 12:45:00+00:00
O-20250903-143500-BACKTEST-000-917,KRAKEN-BACKTEST,KrakenBTCUSDResearchStrategy-000,BTC/USD.KRAKEN,KRAKEN-1-917,BTC/USD.KRAKEN-KrakenBTCUSDResearchStrategy-000,KRAKEN-001,T-ad2045c5d565fa19-273085,MARKET,BUY,0.00880767,GTC,False,False,0.00880767,TAKER,111985.72,0.0,['3.95 USD'],NO_TRIGGER,FILLED,NO_CONTINGENCY,,,,,,,,4df05112-4dae-4a19-8f72-4d55003a3a13,2025-09-03 14:35:00+00:00,2025-09-03 14:35:00+00:00
O-20250903-184500-BACKTEST-000-918,KRAKEN-BACKTEST,KrakenBTCUSDResearchStrategy-000,BTC/USD.KRAKEN,KRAKEN-1-918,BTC/USD.KRAKEN-KrakenBTCUSDResearchStrategy-000,KRAKEN-001,T-33e030d42b394585-273280,MARKET,SELL,0.00880767,GTC,False,False,0.00880767,TAKER,111824.01,0.0,['3.94 USD'],NO_TRIGGER,FILLED,NO_CONTINGENCY,,,,,,,,1fecd304-9010-4c5d-8d94-a9468ddc7a5b,2025-09-03 18:45:00+00:00,2025-09-03 18:45:00+00:00
O-20250904-210000-BACKTEST-000-919,KRAKEN-BACKTEST,KrakenBTCUSDResearchStrategy-000,BTC/USD.KRAKEN,KRAKEN-1-919,BTC/USD.KRAKEN-KrakenBTCUSDResearchStrategy-000,KRAKEN-001,T-324cce83e0d4de35-274492,MARKET,BUY,0.00890574,GTC,False,False,0.00890574,TAKER,110438.96,0.0,['3.93 USD'],NO_TRIGGER,FILLED,NO_CONTINGENCY,,,,,,,,85cc22d9-cd36-49b0-832e-c803ee5c14ac,2025-09-04 21:00:00+00:00,2025-09-04 21:00:00+00:00
O-20250905-005500-BACKTEST-000-920,KRAKEN-BACKTEST,KrakenBTCUSDResearchStrategy-000,BTC/USD.KRAKEN,KRAKEN-1-920,BTC/USD.KRAKEN-KrakenBTCUSDResearchStrategy-000,KRAKEN-001,T-a1ebbdf2830edae6-274669,MARKET,SELL,0.00890574,GTC,False,False,0.00890574,TAKER,110451.62,0.0,['3.93 USD'],NO_TRIGGER,FILLED,NO_CONTINGENCY,,,,,,,,09a8f1c8-1896-45ff-bb37-b833d0daf618,2025-09-05 00:55:00+00:00,2025-09-05 00:55:00+00:00
O-20250905-050500-BACKTEST-000-921,KRAKEN-BACKTEST,KrakenBTCUSDResearchStrategy-000,BTC/USD.KRAKEN,KRAKEN-1-921,BTC/USD.KRAKEN-KrakenBTCUSDResearchStrategy-000,KRAKEN-001,T-e7e6b68c919d6056-274867,MARKET,BUY,0.00880007,GTC,False,False,0.00880007,TAKER,111500.9,0.0,['3.92 USD'],NO_TRIGGER,FILLED,NO_CONTINGENCY,,,,,,,,ca8bb891-e9aa-4bcb-8c08-83811e2385d8,2025-09-05 05:05:00+00:00,2025-09-05 05:05:00+00:00
O-20250905-141000-BACKTEST-000-922,KRAKEN-BACKTEST,KrakenBTCUSDResearchStrategy-000,BTC/USD.KRAKEN,KRAKEN-1-922,BTC/USD.KRAKEN-KrakenBTCUSDResearchStrategy-000,KRAKEN-001,T-da4916abf3fcb107-275292,MARKET,SELL,0.00880007,GTC,False,False,0.00880007,TAKER,112235.56,0.0,['3.95 USD'],NO_TRIGGER,FILLED,NO_CONTINGENCY,,,,,,,,5d4ef805-8be4-479f-814d-95fe9d0b2097,2025-09-05 14:10:00+00:00,2025-09-05 14:10:00+00:00
O-20250906-032500-BACKTEST-000-923,KRAKEN-BACKTEST,KrakenBTCUSDResearchStrategy-000,BTC/USD.KRAKEN,KRAKEN-1-923,BTC/USD.KRAKEN-KrakenBTCUSDResearchStrategy-000,KRAKEN-001,T-eab981d42c0a3428-275900,MARKET,BUY,0.00881611,GTC,False,False,0.00881611,TAKER,111250.01,0.0,['3.92 USD'],NO_TRIGGER,FILLED,NO_CONTINGENCY,,,,,,,,fe79b10f-f07e-4c88-85d1-24e40a317a6a,2025-09-06 03:25:00+00:00,2025-09-06 03:25:00+00:00
O-20250906-033000-BACKTEST-000-924,KRAKEN-BACKTEST,KrakenBTCUSDResearchStrategy-000,BTC/USD.KRAKEN,KRAKEN-1-924,BTC/USD.KRAKEN-KrakenBTCUSDResearchStrategy-000,KRAKEN-001,T-d4e4c6fad93269ec-275904,MARKET,SELL,0.00881611,GTC,False,False,0.00881611,TAKER,111080.67,0.0,['3.92 USD'],NO_TRIGGER,FILLED,NO_CONTINGENCY,,,,,,,,3ac4d5c1-1495-40e7-9b5a-d040e89ccc46,2025-09-06 03:30:00+00:00,2025-09-06 03:30:00+00:00
O-20250906-135500-BACKTEST-000-925,KRAKEN-BACKTEST,KrakenBTCUSDResearchStrategy-000,BTC/USD.KRAKEN,KRAKEN-1-925,BTC/USD.KRAKEN-KrakenBTCUSDResearchStrategy-000,KRAKEN-001,T-890385960bcfdd7b-276352,MARKET,BUY,0.00881577,GTC,False,False,0.00881577,TAKER,110936.81999999999,0.0,['3.91 USD'],NO_TRIGGER,FILLED,NO_CONTINGENCY,,,,,,,,b57f8607-6f79-48ef-940e-a95870d0dcba,2025-09-06 13:55:00+00:00,2025-09-06 13:55:00+00:00
O-20250906-143500-BACKTEST-000-926,KRAKEN-BACKTEST,KrakenBTCUSDResearchStrategy-000,BTC/USD.KRAKEN,KRAKEN-1-926,BTC/USD.KRAKEN-KrakenBTCUSDResearchStrategy-000,KRAKEN-001,T-2d3378344844a587-276384,MARKET,SELL,0.00881577,GTC,False,False,0.00881577,TAKER,110852.25,0.0,['3.91 USD'],NO_TRIGGER,FILLED,NO_CONTINGENCY,,,,,,,,d79ce2f9-feab-4232-84e4-4f26e4779659,2025-09-06 14:35:00+00:00,2025-09-06 14:35:00+00:00
O-20250907-012500-BACKTEST-000-927,KRAKEN-BACKTEST,KrakenBTCUSDResearchStrategy-000,BTC/USD.KRAKEN,KRAKEN-1-927,BTC/USD.KRAKEN-KrakenBTCUSDResearchStrategy-000,KRAKEN-001,T-2102c07deae1cbd7-276862,MARKET,BUY,0.00882748,GTC,False,False,0.00882748,TAKER,110498.79000000001,0.0,['3.90 USD'],NO_TRIGGER,FILLED,NO_CONTINGENCY,,,,,,,,7e93371f-a736-49ff-afd0-34afb2fceec9,2025-09-07 01:25:00+00:00,2025-09-07 01:25:00+00:00
O-20250907-065500-BACKTEST-000-928,KRAKEN-BACKTEST,KrakenBTCUSDResearchStrategy-000,BTC/USD.KRAKEN,KRAKEN-1-928,BTC/USD.KRAKEN-KrakenBTCUSDResearchStrategy-000,KRAKEN-001,T-5f0cf09453d301d4-277093,MARKET,SELL,0.00882748,GTC,False,False,0.00882748,TAKER,110504.15000000001,0.0,['3.90 USD'],NO_TRIGGER,FILLED,NO_CONTINGENCY,,,,,,,,4100c7ca-bbd3-4704-81f4-3b0122a37e48,2025-09-07 06:55:00+00:00,2025-09-07 06:55:00+00:00
O-20250907-081500-BACKTEST-000-929,KRAKEN-BACKTEST,KrakenBTCUSDResearchStrategy-000,BTC/USD.KRAKEN,KRAKEN-1-929,BTC/USD.KRAKEN-KrakenBTCUSDResearchStrategy-000,KRAKEN-001,T-3ed594406b0efea0-277156,MARKET,BUY,0.00877038,GTC,False,False,0.00877038,TAKER,110952.77,0.0,['3.89 USD'],NO_TRIGGER,FILLED,NO_CONTINGENCY,,,,,,,,0d1feb6c-393c-448c-bc3f-b516b8c84595,2025-09-07 08:15:00+00:00,2025-09-07 08:15:00+00:00
O-20250907-170500-BACKTEST-000-930,KRAKEN-BACKTEST,KrakenBTCUSDResearchStrategy-000,BTC/USD.KRAKEN,KRAKEN-1-930,BTC/USD.KRAKEN-KrakenBTCUSDResearchStrategy-000,KRAKEN-001,T-f79d40155478f0f4-277549,MARKET,SELL,0.00877038,GTC,False,False,0.00877038,TAKER,111121.33,0.0,['3.90 USD'],NO_TRIGGER,FILLED,NO_CONTINGENCY,,,,,,,,8748cbb4-c2c0-4b4f-965c-6e3a5ba05418,2025-09-07 17:05:00+00:00,2025-09-07 17:05:00+00:00
O-20250907-231500-BACKTEST-000-931,KRAKEN-BACKTEST,KrakenBTCUSDResearchStrategy-000,BTC/USD.KRAKEN,KRAKEN-1-931,BTC/USD.KRAKEN-KrakenBTCUSDResearchStrategy-000,KRAKEN-001,T-8381a91e9ace5bcc-277817,MARKET,BUY,0.00871792,GTC,False,False,0.00871792,TAKER,111403.20999999999,0.0,['3.88 USD'],NO_TRIGGER,FILLED,NO_CONTINGENCY,,,,,,,,18dcca94-a1e2-4e9a-a06b-d26e399b8557,2025-09-07 23:15:00+00:00,2025-09-07 23:15:00+00:00
O-20250907-235000-BACKTEST-000-932,KRAKEN-BACKTEST,KrakenBTCUSDResearchStrategy-000,BTC/USD.KRAKEN,KRAKEN-1-932,BTC/USD.KRAKEN-KrakenBTCUSDResearchStrategy-000,KRAKEN-001,T-912ff2040e4f4591-277846,MARKET,SELL,0.00871792,GTC,False,False,0.00871792,TAKER,111123.81,0.0,['3.88 USD'],NO_TRIGGER,FILLED,NO_CONTINGENCY,,,,,,,,5c45b8eb-2c03-4683-a2de-be0aa168d6fc,2025-09-07 23:50:00+00:00,2025-09-07 23:50:00+00:00
O-20250908-071500-BACKTEST-000-933,KRAKEN-BACKTEST,KrakenBTCUSDResearchStrategy-000,BTC/USD.KRAKEN,KRAKEN-1-933,BTC/USD.KRAKEN-KrakenBTCUSDResearchStrategy-000,KRAKEN-001,T-6883e794c1e58edc-278185,MARKET,BUY,0.00869267,GTC,False,False,0.00869267,TAKER,111375.19,0.0,['3.87 USD'],NO_TRIGGER,FILLED,NO_CONTINGENCY,,,,,,,,4345f464-c635-469d-bf55-3d46de4dc2a3,2025-09-08 07:15:00+00:00,2025-09-08 07:15:00+00:00
O-20250908-175000-BACKTEST-000-934,KRAKEN-BACKTEST,KrakenBTCUSDResearchStrategy-000,BTC/USD.KRAKEN,KRAKEN-1-934,BTC/USD.KRAKEN-KrakenBTCUSDResearchStrategy-000,KRAKEN-001,T-7a56bee01342c089-278682,MARKET,SELL,0.00869267,GTC,False,False,0.00869267,TAKER,112173.91,0.0,['3.90 USD'],NO_TRIGGER,FILLED,NO_CONTINGENCY,,,,,,,,4c7463ac-ef7a-44b7-be07-7b206dcae66d,2025-09-08 17:50:00+00:00,2025-09-08 17:50:00+00:00
O-20250909-055500-BACKTEST-000-935,KRAKEN-BACKTEST,KrakenBTCUSDResearchStrategy-000,BTC/USD.KRAKEN,KRAKEN-1-935,BTC/USD.KRAKEN-KrakenBTCUSDResearchStrategy-000,KRAKEN-001,T-a7e715ee0db98d6a-279233,MARKET,BUY,0.00862655,GTC,False,False,0.00862655,TAKER,112200.0,0.0,['3.87 USD'],NO_TRIGGER,FILLED,NO_CONTINGENCY,,,,,,,,2c94c3b0-a969-45fb-bf12-81594fcab472,2025-09-09 05:55:00+00:00,2025-09-09 05:55:00+00:00
O-20250909-113500-BACKTEST-000-936,KRAKEN-BACKTEST,KrakenBTCUSDResearchStrategy-000,BTC/USD.KRAKEN,KRAKEN-1-936,BTC/USD.KRAKEN-KrakenBTCUSDResearchStrategy-000,KRAKEN-001,T-a725f6c3a4f34c68-279488,MARKET,SELL,0.00862655,GTC,False,False,0.00862655,TAKER,112593.22,0.0,['3.89 USD'],NO_TRIGGER,FILLED,NO_CONTINGENCY,,,,,,,,552f046a-0fa9-4556-8e1f-0b4ad0b553f7,2025-09-09 11:35:00+00:00,2025-09-09 11:35:00+00:00
O-20250910-042500-BACKTEST-000-937,KRAKEN-BACKTEST,KrakenBTCUSDResearchStrategy-000,BTC/USD.KRAKEN,KRAKEN-1-937,BTC/USD.KRAKEN-KrakenBTCUSDResearchStrategy-000,KRAKEN-001,T-7dd0474c17e75a69-280267,MARKET,BUY,0.00866174,GTC,False,False,0.00866174,TAKER,111592.81,0.0,['3.87 USD'],NO_TRIGGER,FILLED,NO_CONTINGENCY,,,,,,,,088b2f5e-3869-4ca7-93f6-2e7e0bc13b1b,2025-09-10 04:25:00+00:00,2025-09-10 04:25:00+00:00
O-20250910-050000-BACKTEST-000-938,KRAKEN-BACKTEST,KrakenBTCUSDResearchStrategy-000,BTC/USD.KRAKEN,KRAKEN-1-938,BTC/USD.KRAKEN-KrakenBTCUSDResearchStrategy-000,KRAKEN-001,T-3c126f1e05d4fcad-280294,MARKET,SELL,0.00866174,GTC,False,False,0.00866174,TAKER,111404.4,0.0,['3.86 USD'],NO_TRIGGER,FILLED,NO_CONTINGENCY,,,,,,,,f8ab43c8-3cba-4eef-9d57-0f183d842e49,2025-09-10 05:00:00+00:00,2025-09-10 05:00:00+00:00
O-20250910-054000-BACKTEST-000-939,KRAKEN-BACKTEST,KrakenBTCUSDResearchStrategy-000,BTC/USD.KRAKEN,KRAKEN-1-939,BTC/USD.KRAKEN-KrakenBTCUSDResearchStrategy-000,KRAKEN-001,T-2a08f517975c4166-280327,MARKET,BUY,0.00863192,GTC,False,False,0.00863192,TAKER,111652.98,0.0,['3.86 USD'],NO_TRIGGER,FILLED,NO_CONTINGENCY,,,,,,,,0321f8a4-2d8c-4cbc-a793-e61f599930ad,2025-09-10 05:40:00+00:00,2025-09-10 05:40:00+00:00
O-20250910-055000-BACKTEST-000-940,KRAKEN-BACKTEST,KrakenBTCUSDResearchStrategy-000,BTC/USD.KRAKEN,KRAKEN-1-940,BTC/USD.KRAKEN-KrakenBTCUSDResearchStrategy-000,KRAKEN-001,T-c4f31c48e444eff9-280336,MARKET,SELL,0.00863192,GTC,False,False,0.00863192,TAKER,111407.19,0.0,['3.85 USD'],NO_TRIGGER,FILLED,NO_CONTINGENCY,,,,,,,,e10c46d1-3267-4de1-931b-559e1c350cb0,2025-09-10 05:50:00+00:00,2025-09-10 05:50:00+00:00
O-20250910-072000-BACKTEST-000-941,KRAKEN-BACKTEST,KrakenBTCUSDResearchStrategy-000,BTC/USD.KRAKEN,KRAKEN-1-941,BTC/USD.KRAKEN-KrakenBTCUSDResearchStrategy-000,KRAKEN-001,T-5a1aef340a3f4035-280409,MARKET,BUY,0.00857803,GTC,False,False,0.00857803,TAKER,112010.56999999999,0.0,['3.84 USD'],NO_TRIGGER,FILLED,NO_CONTINGENCY,,,,,,,,846fca97-794a-4a5e-9b37-ccec0c6f25f8,2025-09-10 07:20:00+00:00,2025-09-10 07:20:00+00:00
O-20250910-191000-BACKTEST-000-942,KRAKEN-BACKTEST,KrakenBTCUSDResearchStrategy-000,BTC/USD.KRAKEN,KRAKEN-1-942,BTC/USD.KRAKEN-KrakenBTCUSDResearchStrategy-000,KRAKEN-001,T-863bf892fd516a30-280961,MARKET,SELL,0.00857803,GTC,False,False,0.00857803,TAKER,113356.68,0.0,['3.89 USD'],NO_TRIGGER,FILLED,NO_CONTINGENCY,,,,,,,,adab64fd-554d-4416-8aef-c6b5299f43b8,2025-09-10 19:10:00+00:00,2025-09-10 19:10:00+00:00
O-20250910-220000-BACKTEST-000-943,KRAKEN-BACKTEST,KrakenBTCUSDResearchStrategy-000,BTC/USD.KRAKEN,KRAKEN-1-943,BTC/USD.KRAKEN-KrakenBTCUSDResearchStrategy-000,KRAKEN-001,T-117df87ea89c847e-281091,MARKET,BUY,0.00844194,GTC,False,False,0.00844194,TAKER,113952.01999999999,0.0,['3.85 USD'],NO_TRIGGER,FILLED,NO_CONTINGENCY,,,,,,,,a2cc9beb-167f-40c9-be1b-90aacb353d35,2025-09-10 22:00:00+00:00,2025-09-10 22:00:00+00:00
O-20250910-224000-BACKTEST-000-944,KRAKEN-BACKTEST,KrakenBTCUSDResearchStrategy-000,BTC/USD.KRAKEN,KRAKEN-1-944,BTC/USD.KRAKEN-KrakenBTCUSDResearchStrategy-000,KRAKEN-001,T-66f36fcf4c8951f3-281120,MARKET,SELL,0.00844194,GTC,False,False,0.00844194,TAKER,113761.11,0.0,['3.84 USD'],NO_TRIGGER,FILLED,NO_CONTINGENCY,,,,,,,,6bfc9d82-d5d2-4bcf-866c-7c7012e90be4,2025-09-10 22:40:00+00:00,2025-09-10 22:40:00+00:00
O-20250911-011000-BACKTEST-000-945,KRAKEN-BACKTEST,KrakenBTCUSDResearchStrategy-000,BTC/USD.KRAKEN,KRAKEN-1-945,BTC/USD.KRAKEN-KrakenBTCUSDResearchStrategy-000,KRAKEN-001,T-16c88e63f2cea3c7-281233,MARKET,BUY,0.00840962,GTC,False,False,0.00840962,TAKER,114057.84999999999,0.0,['3.84 USD'],NO_TRIGGER,FILLED,NO_CONTINGENCY,,,,,,,,9f05cb35-30f2-4c88-8e7f-ddb2c80a7fb1,2025-09-11 01:10:00+00:00,2025-09-11 01:10:00+00:00
O-20250911-013500-BACKTEST-000-946,KRAKEN-BACKTEST,KrakenBTCUSDResearchStrategy-000,BTC/USD.KRAKEN,KRAKEN-1-946,BTC/USD.KRAKEN-KrakenBTCUSDResearchStrategy-000,KRAKEN-001,T-17cb0759f391ea1d-281254,MARKET,SELL,0.00840962,GTC,False,False,0.00840962,TAKER,113843.02,0.0,['3.83 USD'],NO_TRIGGER,FILLED,NO_CONTINGENCY,,,,,,,,bf7ca04e-4208-4465-b89c-0a6ef307ce24,2025-09-11 01:35:00+00:00,2025-09-11 01:35:00+00:00
O-20250911-034000-BACKTEST-000-947,KRAKEN-BACKTEST,KrakenBTCUSDResearchStrategy-000,BTC/USD.KRAKEN,KRAKEN-1-947,BTC/USD.KRAKEN-KrakenBTCUSDResearchStrategy-000,KRAKEN-001,T-4d6945c203b1b0b7-281350,MARKET,BUY,0.00837428,GTC,False,False,0.00837428,TAKER,114200.0,0.0,['3.83 USD'],NO_TRIGGER,FILLED,NO_CONTINGENCY,,,,,,,,104770da-cb15-463d-9c25-5bcb5a7fcf97,2025-09-11 03:40:00+00:00,2025-09-11 03:40:00+00:00
O-20250911-052000-BACKTEST-000-948,KRAKEN-BACKTEST,KrakenBTCUSDResearchStrategy-000,BTC/USD.KRAKEN,KRAKEN-1-948,BTC/USD.KRAKEN-KrakenBTCUSDResearchStrategy-000,KRAKEN-001,T-072b1d1708c11468-281425,MARKET,SELL,0.00837428,GTC,False,False,0.00837428,TAKER,113992.01,0.0,['3.82 USD'],NO_TRIGGER,FILLED,NO_CONTINGENCY,,,,,,,,2771f986-0e2b-4f33-8bd7-9f8160c72c44,2025-09-11 05:20:00+00:00,2025-09-11 05:20:00+00:00
O-20250911-221500-BACKTEST-000-949,KRAKEN-BACKTEST,KrakenBTCUSDResearchStrategy-000,BTC/USD.KRAKEN,KRAKEN-1-949,BTC/USD.KRAKEN-KrakenBTCUSDResearchStrategy-000,KRAKEN-001,T-a1057c82a4b4e034-282206,MARKET,BUY,0.00831785,GTC,False,False,0.00831785,TAKER,114636.05,0.0,['3.81 USD'],NO_TRIGGER,FILLED,NO_CONTINGENCY,,,,,,,,d66b77f3-955f-4247-887c-9281339cb94b,2025-09-11 22:15:00+00:00,2025-09-11 22:15:00+00:00
O-20250912-033000-BACKTEST-000-950,KRAKEN-BACKTEST,KrakenBTCUSDResearchStrategy-000,BTC/USD.KRAKEN,KRAKEN-1-950,BTC/USD.KRAKEN-KrakenBTCUSDResearchStrategy-000,KRAKEN-001,T-3774ba71c12c33d5-282450,MARKET,SELL,0.00831785,GTC,False,False,0.00831785,TAKER,115160.63,0.0,['3.83 USD'],NO_TRIGGER,FILLED,NO_CONTINGENCY,,,,,,,,ddf654be-c2eb-4a7a-bcfb-0d4868aa94b3,2025-09-12 03:30:00+00:00,2025-09-12 03:30:00+00:00
O-20250912-170500-BACKTEST-000-951,KRAKEN-BACKTEST,KrakenBTCUSDResearchStrategy-000,BTC/USD.KRAKEN,KRAKEN-1-951,BTC/USD.KRAKEN-KrakenBTCUSDResearchStrategy-000,KRAKEN-001,T-497b5480de2a5c2b-283064,MARKET,BUY,0.00824465,GTC,False,False,0.00824465,TAKER,115534.53,0.0,['3.81 USD'],NO_TRIGGER,FILLED,NO_CONTINGENCY,,,,,,,,702952e6-dc53-48e1-a48e-a64360254740,2025-09-12 17:05:00+00:00,2025-09-12 17:05:00+00:00
O-20250912-214500-BACKTEST-000-952,KRAKEN-BACKTEST,KrakenBTCUSDResearchStrategy-000,BTC/USD.KRAKEN,KRAKEN-1-952,BTC/USD.KRAKEN-KrakenBTCUSDResearchStrategy-000,KRAKEN-001,T-d1f99c51b0dfd5a6-283280,MARKET,SELL,0.00824465,GTC,False,False,0.00824465,TAKER,115771.83,0.0,['3.82 USD'],NO_TRIGGER,FILLED,NO_CONTINGENCY,,,,,,,,14537160-c232-452f-9dba-6c94e010c5f0,2025-09-12 21:45:00+00:00,2025-09-12 21:45:00+00:00
O-20250913-100500-BACKTEST-000-953,KRAKEN-BACKTEST,KrakenBTCUSDResearchStrategy-000,BTC/USD.KRAKEN,KRAKEN-1-953,BTC/USD.KRAKEN-KrakenBTCUSDResearchStrategy-000,KRAKEN-001,T-642332f6b0b1fb70-283826,MARKET,BUY,0.00819119,GTC,False,False,0.00819119,TAKER,116080.9,0.0,['3.80 USD'],NO_TRIGGER,FILLED,NO_CONTINGENCY,,,,,,,,b4ebaae3-45e4-450c-8230-eb31bd3fcb81,2025-09-13 10:05:00+00:00,2025-09-13 10:05:00+00:00
O-20250913-103000-BACKTEST-000-954,KRAKEN-BACKTEST,KrakenBTCUSDResearchStrategy-000,BTC/USD.KRAKEN,KRAKEN-1-954,BTC/USD.KRAKEN-KrakenBTCUSDResearchStrategy-000,KRAKEN-001,T-67ddaaf05df33c43-283844,MARKET,SELL,0.00819119,GTC,False,False,0.00819119,TAKER,115960.77,0.0,['3.80 USD'],NO_TRIGGER,FILLED,NO_CONTINGENCY,,,,,,,,cecd7236-fc1c-4c7f-b3ee-63896d7bb290,2025-09-13 10:30:00+00:00,2025-09-13 10:30:00+00:00
O-20250914-020500-BACKTEST-000-955,KRAKEN-BACKTEST,KrakenBTCUSDResearchStrategy-000,BTC/USD.KRAKEN,KRAKEN-1-955,BTC/USD.KRAKEN-KrakenBTCUSDResearchStrategy-000,KRAKEN-001,T-4d4a2bf45ab15916-284531,MARKET,BUY,0.00817295,GTC,False,False,0.00817295,TAKER,116025.0,0.0,['3.79 USD'],NO_TRIGGER,FILLED,NO_CONTINGENCY,,,,,,,,f071f9d5-620f-4090-9ad9-5022f08e8cb3,2025-09-14 02:05:00+00:00,2025-09-14 02:05:00+00:00
O-20250914-023500-BACKTEST-000-956,KRAKEN-BACKTEST,KrakenBTCUSDResearchStrategy-000,BTC/USD.KRAKEN,KRAKEN-1-956,BTC/USD.KRAKEN-KrakenBTCUSDResearchStrategy-000,KRAKEN-001,T-43753bc303d8039a-284553,MARKET,SELL,0.00817295,GTC,False,False,0.00817295,TAKER,115838.01,0.0,['3.79 USD'],NO_TRIGGER,FILLED,NO_CONTINGENCY,,,,,,,,bbd202d9-a5b2-4355-94f0-a8ea9fc8f03f,2025-09-14 02:35:00+00:00,2025-09-14 02:35:00+00:00
O-20250914-083500-BACKTEST-000-957,KRAKEN-BACKTEST,KrakenBTCUSDResearchStrategy-000,BTC/USD.KRAKEN,KRAKEN-1-957,BTC/USD.KRAKEN-KrakenBTCUSDResearchStrategy-000,KRAKEN-001,T-183b91e2e2d37f69-284813,MARKET,BUY,0.00815564,GTC,False,False,0.00815564,TAKER,115936.16,0.0,['3.78 USD'],NO_TRIGGER,FILLED,NO_CONTINGENCY,,,,,,,,47d5abcf-c992-4054-ab2a-9f3ffbc475b2,2025-09-14 08:35:00+00:00,2025-09-14 08:35:00+00:00
O-20250914-112500-BACKTEST-000-958,KRAKEN-BACKTEST,KrakenBTCUSDResearchStrategy-000,BTC/USD.KRAKEN,KRAKEN-1-958,BTC/USD.KRAKEN-KrakenBTCUSDResearchStrategy-000,KRAKEN-001,T-69ead1e89a82a21f-284941,MARKET,SELL,0.00815564,GTC,False,False,0.00815564,TAKER,115863.33,0.0,['3.78 USD'],NO_TRIGGER,FILLED,NO_CONTINGENCY,,,,,,,,6e75d342-6e1c-4611-a78b-bddcfa936cbb,2025-09-14 11:25:00+00:00,2025-09-14 11:25:00+00:00
O-20250914-201000-BACKTEST-000-959,KRAKEN-BACKTEST,KrakenBTCUSDResearchStrategy-000,BTC/USD.KRAKEN,KRAKEN-1-959,BTC/USD.KRAKEN-KrakenBTCUSDResearchStrategy-000,KRAKEN-001,T-fb1f55ce06061815-285334,MARKET,BUY,0.00814700,GTC,False,False,0.00814700,TAKER,115758.93000000001,0.0,['3.77 USD'],NO_TRIGGER,FILLED,NO_CONTINGENCY,,,,,,,,1d3728ef-5ac8-4d33-b866-a07a07aef632,2025-09-14 20:10:00+00:00,2025-09-14 20:10:00+00:00
O-20250914-202000-BACKTEST-000-960,KRAKEN-BACKTEST,KrakenBTCUSDResearchStrategy-000,BTC/USD.KRAKEN,KRAKEN-1-960,BTC/USD.KRAKEN-KrakenBTCUSDResearchStrategy-000,KRAKEN-001,T-c348b41fb1a348e6-285341,MARKET,SELL,0.00814700,GTC,False,False,0.00814700,TAKER,115684.25,0.0,['3.77 USD'],NO_TRIGGER,FILLED,NO_CONTINGENCY,,,,,,,,11887830-be6a-4c0c-b333-b167ed0cf451,2025-09-14 20:20:00+00:00,2025-09-14 20:20:00+00:00
O-20250914-212000-BACKTEST-000-961,KRAKEN-BACKTEST,KrakenBTCUSDResearchStrategy-000,BTC/USD.KRAKEN,KRAKEN-1-961,BTC/USD.KRAKEN-KrakenBTCUSDResearchStrategy-000,KRAKEN-001,T-e32423814c907c87-285389,MARKET,BUY,0.00811599,GTC,False,False,0.00811599,TAKER,115899.99,0.0,['3.76 USD'],NO_TRIGGER,FILLED,NO_CONTINGENCY,,,,,,,,4bf3a744-79a1-44ab-9291-a5617d40554a,2025-09-14 21:20:00+00:00,2025-09-14 21:20:00+00:00
O-20250914-231000-BACKTEST-000-962,KRAKEN-BACKTEST,KrakenBTCUSDResearchStrategy-000,BTC/USD.KRAKEN,KRAKEN-1-962,BTC/USD.KRAKEN-KrakenBTCUSDResearchStrategy-000,KRAKEN-001,T-9dfd154be3715f99-285467,MARKET,SELL,0.00811599,GTC,False,False,0.00811599,TAKER,115594.72,0.0,['3.75 USD'],NO_TRIGGER,FILLED,NO_CONTINGENCY,,,,,,,,7e1e08e0-7e48-4485-9b0d-eb0a2ca4413f,2025-09-14 23:10:00+00:00,2025-09-14 23:10:00+00:00
O-20250915-042000-BACKTEST-000-963,KRAKEN-BACKTEST,KrakenBTCUSDResearchStrategy-000,BTC/USD.KRAKEN,KRAKEN-1-963,BTC/USD.KRAKEN-KrakenBTCUSDResearchStrategy-000,KRAKEN-001,T-48866ff3ac03723c-285698,MARKET,BUY,0.00808802,GTC,False,False,0.00808802,TAKER,115930.59,0.0,['3.75 USD'],NO_TRIGGER,FILLED,NO_CONTINGENCY,,,,,,,,6df9b5a5-9f97-433a-99fb-4c6f466ed50e,2025-09-15 04:20:00+00:00,2025-09-15 04:20:00+00:00
O-20250915-073500-BACKTEST-000-964,KRAKEN-BACKTEST,KrakenBTCUSDResearchStrategy-000,BTC/USD.KRAKEN,KRAKEN-1-964,BTC/USD.KRAKEN-KrakenBTCUSDResearchStrategy-000,KRAKEN-001,T-b2cb3fecf75e85e9-285848,MARKET,SELL,0.00808802,GTC,False,False,0.00808802,TAKER,115871.93,0.0,['3.75 USD'],NO_TRIGGER,FILLED,NO_CONTINGENCY,,,,,,,,b0431f0b-5542-42f5-afba-731019766a32,2025-09-15 07:35:00+00:00,2025-09-15 07:35:00+00:00
O-20250915-185000-BACKTEST-000-965,KRAKEN-BACKTEST,KrakenBTCUSDResearchStrategy-000,BTC/USD.KRAKEN,KRAKEN-1-965,BTC/USD.KRAKEN-KrakenBTCUSDResearchStrategy-000,KRAKEN-001,T-759b17c45495036f-286363,MARKET,BUY,0.00811379,GTC,False,False,0.00811379,TAKER,115267.43000000001,0.0,['3.74 USD'],NO_TRIGGER,FILLED,NO_CONTINGENCY,,,,,,,,1d9cca86-2f77-4af8-902d-8bad1a9078b5,2025-09-15 18:50:00+00:00,2025-09-15 18:50:00+00:00
O-20250916-001000-BACKTEST-000-966,KRAKEN-BACKTEST,KrakenBTCUSDResearchStrategy-000,BTC/USD.KRAKEN,KRAKEN-1-966,BTC/USD.KRAKEN-KrakenBTCUSDResearchStrategy-000,KRAKEN-001,T-614799b9dda16fa3-286606,MARKET,SELL,0.00811379,GTC,False,False,0.00811379,TAKER,115209.24,0.0,['3.74 USD'],NO_TRIGGER,FILLED,NO_CONTINGENCY,,,,,,,,7d1735ac-c59e-4af4-be49-19adf995cad4,2025-09-16 00:10:00+00:00,2025-09-16 00:10:00+00:00
O-20250916-050500-BACKTEST-000-967,KRAKEN-BACKTEST,KrakenBTCUSDResearchStrategy-000,BTC/USD.KRAKEN,KRAKEN-1-967,BTC/USD.KRAKEN-KrakenBTCUSDResearchStrategy-000,KRAKEN-001,T-368e416cc7a04482-286831,MARKET,BUY,0.00805933,GTC,False,False,0.00805933,TAKER,115750.0,0.0,['3.73 USD'],NO_TRIGGER,FILLED,NO_CONTINGENCY,,,,,,,,2fb0f9a8-5e1e-49bf-ae8f-67c9b856a8a5,2025-09-16 05:05:00+00:00,2025-09-16 05:05:00+00:00
O-20250916-092500-BACKTEST-000-968,KRAKEN-BACKTEST,KrakenBTCUSDResearchStrategy-000,BTC/USD.KRAKEN,KRAKEN-1-968,BTC/USD.KRAKEN-KrakenBTCUSDResearchStrategy-000,KRAKEN-001,T-1f065be21e4af861-287030,MARKET,SELL,0.00805933,GTC,False,False,0.00805933,TAKER,115600.0,0.0,['3.73 USD'],NO_TRIGGER,FILLED,NO_CONTINGENCY,,,,,,,,d0f41078-ddf1-4a47-adf8-884263e09934,2025-09-16 09:25:00+00:00,2025-09-16 09:25:00+00:00
O-20250916-165500-BACKTEST-000-969,KRAKEN-BACKTEST,KrakenBTCUSDResearchStrategy-000,BTC/USD.KRAKEN,KRAKEN-1-969,BTC/USD.KRAKEN-KrakenBTCUSDResearchStrategy-000,KRAKEN-001,T-e711c8bd544a5eba-287377,MARKET,BUY,0.00801484,GTC,False,False,0.00801484,TAKER,116068.06,0.0,['3.72 USD'],NO_TRIGGER,FILLED,NO_CONTINGENCY,,,,,,,,b80a200b-e812-4b18-9f60-5aa80a6089e8,2025-09-16 16:55:00+00:00,2025-09-16 16:55:00+00:00
O-20250917-032500-BACKTEST-000-970,KRAKEN-BACKTEST,KrakenBTCUSDResearchStrategy-000,BTC/USD.KRAKEN,KRAKEN-1-970,BTC/USD.KRAKEN-KrakenBTCUSDResearchStrategy-000,KRAKEN-001,T-6018474fe223363a-287852,MARKET,SELL,0.00801484,GTC,False,False,0.00801484,TAKER,116516.71,0.0,['3.74 USD'],NO_TRIGGER,FILLED,NO_CONTINGENCY,,,,,,,,5eeb9f7b-afb4-4f42-a32e-2cf075f3d717,2025-09-17 03:25:00+00:00,2025-09-17 03:25:00+00:00
O-20250917-055500-BACKTEST-000-971,KRAKEN-BACKTEST,KrakenBTCUSDResearchStrategy-000,BTC/USD.KRAKEN,KRAKEN-1-971,BTC/USD.KRAKEN-KrakenBTCUSDResearchStrategy-000,KRAKEN-001,T-d4b44c1f6872de97-287965,MARKET,BUY,0.00793373,GTC,False,False,0.00793373,TAKER,117108.3,0.0,['3.72 USD'],NO_TRIGGER,FILLED,NO_CONTINGENCY,,,,,,,,430b6157-bd27-4d7f-b165-7ac746e99b1c,2025-09-17 05:55:00+00:00,2025-09-17 05:55:00+00:00
O-20250917-082500-BACKTEST-000-972,KRAKEN-BACKTEST,KrakenBTCUSDResearchStrategy-000,BTC/USD.KRAKEN,KRAKEN-1-972,BTC/USD.KRAKEN-KrakenBTCUSDResearchStrategy-000,KRAKEN-001,T-80412cae1b3e2f08-288081,MARKET,SELL,0.00793373,GTC,False,False,0.00793373,TAKER,116905.54,0.0,['3.71 USD'],NO_TRIGGER,FILLED,NO_CONTINGENCY,,,,,,,,fbb65a8f-e0cb-47df-a15f-f3d606f3ba8e,2025-09-17 08:25:00+00:00,2025-09-17 08:25:00+00:00
O-20250917-223500-BACKTEST-000-973,KRAKEN-BACKTEST,KrakenBTCUSDResearchStrategy-000,BTC/USD.KRAKEN,KRAKEN-1-973,BTC/USD.KRAKEN-KrakenBTCUSDResearchStrategy-000,KRAKEN-001,T-f4c01cf760a83e5e-288731,MARKET,BUY,0.00796239,GTC,False,False,0.00796239,TAKER,116346.15000000001,0.0,['3.71 USD'],NO_TRIGGER,FILLED,NO_CONTINGENCY,,,,,,,,d0cd9dbf-151d-4c6c-96fc-24fcfb6b394b,2025-09-17 22:35:00+00:00,2025-09-17 22:35:00+00:00
O-20250918-104000-BACKTEST-000-974,KRAKEN-BACKTEST,KrakenBTCUSDResearchStrategy-000,BTC/USD.KRAKEN,KRAKEN-1-974,BTC/USD.KRAKEN-KrakenBTCUSDResearchStrategy-000,KRAKEN-001,T-1c36448bb649a670-289283,MARKET,SELL,0.00796239,GTC,False,False,0.00796239,TAKER,117096.0,0.0,['3.73 USD'],NO_TRIGGER,FILLED,NO_CONTINGENCY,,,,,,,,bc384c15-1d83-43c4-a0eb-56c78bac9ca1,2025-09-18 10:40:00+00:00,2025-09-18 10:40:00+00:00
O-20250918-131000-BACKTEST-000-975,KRAKEN-BACKTEST,KrakenBTCUSDResearchStrategy-000,BTC/USD.KRAKEN,KRAKEN-1-975,BTC/USD.KRAKEN-KrakenBTCUSDResearchStrategy-000,KRAKEN-001,T-49687bc349213efc-289397,MARKET,BUY,0.00788804,GTC,False,False,0.00788804,TAKER,117386.85,0.0,['3.70 USD'],NO_TRIGGER,FILLED,NO_CONTINGENCY,,,,,,,,b9c7c777-96e1-42c2-859e-e0e2da3f9c43,2025-09-18 13:10:00+00:00,2025-09-18 13:10:00+00:00
O-20250918-134000-BACKTEST-000-976,KRAKEN-BACKTEST,KrakenBTCUSDResearchStrategy-000,BTC/USD.KRAKEN,KRAKEN-1-976,BTC/USD.KRAKEN-KrakenBTCUSDResearchStrategy-000,KRAKEN-001,T-ccf2734ec375d402-289422,MARKET,SELL,0.00788804,GTC,False,False,0.00788804,TAKER,117171.06999999999,0.0,['3.70 USD'],NO_TRIGGER,FILLED,NO_CONTINGENCY,,,,,,,,79e6d778-e858-47b1-9342-d34b1df5235b,2025-09-18 13:40:00+00:00,2025-09-18 13:40:00+00:00
O-20250918-142000-BACKTEST-000-977,KRAKEN-BACKTEST,KrakenBTCUSDResearchStrategy-000,BTC/USD.KRAKEN,KRAKEN-1-977,BTC/USD.KRAKEN-KrakenBTCUSDResearchStrategy-000,KRAKEN-001,T-6fdf899b4c52fa18-289455,MARKET,BUY,0.00783853,GTC,False,False,0.00783853,TAKER,117780.01,0.0,['3.69 USD'],NO_TRIGGER,FILLED,NO_CONTINGENCY,,,,,,,,1f1e74fc-f095-4a22-9697-26821043c557,2025-09-18 14:20:00+00:00,2025-09-18 14:20:00+00:00
O-20250918-151000-BACKTEST-000-978,KRAKEN-BACKTEST,KrakenBTCUSDResearchStrategy-000,BTC/USD.KRAKEN,KRAKEN-1-978,BTC/USD.KRAKEN-KrakenBTCUSDResearchStrategy-000,KRAKEN-001,T-bcb9e267c2c916d6-289495,MARKET,SELL,0.00783853,GTC,False,False,0.00783853,TAKER,117410.47,0.0,['3.68 USD'],NO_TRIGGER,FILLED,NO_CONTINGENCY,,,,,,,,41a09ef6-150b-4d6c-8fbd-379914e219b2,2025-09-18 15:10:00+00:00,2025-09-18 15:10:00+00:00
O-20250920-065000-BACKTEST-000-979,KRAKEN-BACKTEST,KrakenBTCUSDResearchStrategy-000,BTC/USD.KRAKEN,KRAKEN-1-979,BTC/USD.KRAKEN-KrakenBTCUSDResearchStrategy-000,KRAKEN-001,T-978a2c7b945962dd-291270,MARKET,BUY,0.00795118,GTC,False,False,0.00795118,TAKER,115724.33,0.0,['3.68 USD'],NO_TRIGGER,FILLED,NO_CONTINGENCY,,,,,,,,49f1d91a-7345-462e-a22a-087667fc26f8,2025-09-20 06:50:00+00:00,2025-09-20 06:50:00+00:00
O-20250920-093500-BACKTEST-000-980,KRAKEN-BACKTEST,KrakenBTCUSDResearchStrategy-000,BTC/USD.KRAKEN,KRAKEN-1-980,BTC/USD.KRAKEN-KrakenBTCUSDResearchStrategy-000,KRAKEN-001,T-8585a178bbca3d6f-291388,MARKET,SELL,0.00795118,GTC,False,False,0.00795118,TAKER,115690.0,0.0,['3.68 USD'],NO_TRIGGER,FILLED,NO_CONTINGENCY,,,,,,,,0332ff31-756d-4636-bcde-185bd21d0f2a,2025-09-20 09:35:00+00:00,2025-09-20 09:35:00+00:00
O-20250920-144500-BACKTEST-000-981,KRAKEN-BACKTEST,KrakenBTCUSDResearchStrategy-000,BTC/USD.KRAKEN,KRAKEN-1-981,BTC/USD.KRAKEN-KrakenBTCUSDResearchStrategy-000,KRAKEN-001,T-58780a6432ca7264-291615,MARKET,BUY,0.00791190,GTC,False,False,0.00791190,TAKER,116009.5,0.0,['3.67 USD'],NO_TRIGGER,FILLED,NO_CONTINGENCY,,,,,,,,b516aa39-c0d9-4691-b645-5a83bf33d51f,2025-09-20 14:45:00+00:00,2025-09-20 14:45:00+00:00
O-20250920-161500-BACKTEST-000-982,KRAKEN-BACKTEST,KrakenBTCUSDResearchStrategy-000,BTC/USD.KRAKEN,KRAKEN-1-982,BTC/USD.KRAKEN-KrakenBTCUSDResearchStrategy-000,KRAKEN-001,T-f4b711be0739eeb1-291685,MARKET,SELL,0.00791190,GTC,False,False,0.00791190,TAKER,115882.81999999999,0.0,['3.67 USD'],NO_TRIGGER,FILLED,NO_CONTINGENCY,,,,,,,,4aac8982-63dc-4908-bd02-dba6653788e1,2025-09-20 16:15:00+00:00,2025-09-20 16:15:00+00:00
O-20250921-075000-BACKTEST-000-983,KRAKEN-BACKTEST,KrakenBTCUSDResearchStrategy-000,BTC/USD.KRAKEN,KRAKEN-1-983,BTC/USD.KRAKEN-KrakenBTCUSDResearchStrategy-000,KRAKEN-001,T-4732100539fd2efa-292332,MARKET,BUY,0.00790393,GTC,False,False,0.00790393,TAKER,115809.5,0.0,['3.66 USD'],NO_TRIGGER,FILLED,NO_CONTINGENCY,,,,,,,,f2eeb94d-5055-42b5-aec6-2c2100de1a1c,2025-09-21 07:50:00+00:00,2025-09-21 07:50:00+00:00
O-20250921-080500-BACKTEST-000-984,KRAKEN-BACKTEST,KrakenBTCUSDResearchStrategy-000,BTC/USD.KRAKEN,KRAKEN-1-984,BTC/USD.KRAKEN-KrakenBTCUSDResearchStrategy-000,KRAKEN-001,T-fc021082ede66de5-292344,MARKET,SELL,0.00790393,GTC,False,False,0.00790393,TAKER,115715.6,0.0,['3.66 USD'],NO_TRIGGER,FILLED,NO_CONTINGENCY,,,,,,,,462d7a5f-8a2c-45b2-8c6e-316485688d1e,2025-09-21 08:05:00+00:00,2025-09-21 08:05:00+00:00
O-20250923-053000-BACKTEST-000-985,KRAKEN-BACKTEST,KrakenBTCUSDResearchStrategy-000,BTC/USD.KRAKEN,KRAKEN-1-985,BTC/USD.KRAKEN-KrakenBTCUSDResearchStrategy-000,KRAKEN-001,T-15ace49418aa6f64-294398,MARKET,BUY,0.00809396,GTC,False,False,0.00809396,TAKER,112791.87999999999,0.0,['3.65 USD'],NO_TRIGGER,FILLED,NO_CONTINGENCY,,,,,,,,f4a2b904-4d0b-4ec3-8de3-436618b83aef,2025-09-23 05:30:00+00:00,2025-09-23 05:30:00+00:00
O-20250923-110500-BACKTEST-000-986,KRAKEN-BACKTEST,KrakenBTCUSDResearchStrategy-000,BTC/USD.KRAKEN,KRAKEN-1-986,BTC/USD.KRAKEN-KrakenBTCUSDResearchStrategy-000,KRAKEN-001,T-40296e65995597e3-294652,MARKET,SELL,0.00809396,GTC,False,False,0.00809396,TAKER,112738.43,0.0,['3.65 USD'],NO_TRIGGER,FILLED,NO_CONTINGENCY,,,,,,,,d83a8025-d0f6-4295-bfe2-2d955e3e0fe3,2025-09-23 11:05:00+00:00,2025-09-23 11:05:00+00:00
O-20250923-140500-BACKTEST-000-987,KRAKEN-BACKTEST,KrakenBTCUSDResearchStrategy-000,BTC/USD.KRAKEN,KRAKEN-1-987,BTC/USD.KRAKEN-KrakenBTCUSDResearchStrategy-000,KRAKEN-001,T-e3cb2b86a4bb34fb-294790,MARKET,BUY,0.00804478,GTC,False,False,0.00804478,TAKER,113193.03,0.0,['3.64 USD'],NO_TRIGGER,FILLED,NO_CONTINGENCY,,,,,,,,8a8a2dd1-5c64-4d01-a1d4-1dbcb6ec4108,2025-09-23 14:05:00+00:00,2025-09-23 14:05:00+00:00
O-20250923-142000-BACKTEST-000-988,KRAKEN-BACKTEST,KrakenBTCUSDResearchStrategy-000,BTC/USD.KRAKEN,KRAKEN-1-988,BTC/USD.KRAKEN-KrakenBTCUSDResearchStrategy-000,KRAKEN-001,T-3da3465aae800e3c-294802,MARKET,SELL,0.00804478,GTC,False,False,0.00804478,TAKER,112826.49,0.0,['3.63 USD'],NO_TRIGGER,FILLED,NO_CONTINGENCY,,,,,,,,50bc4d56-fcfd-4077-8196-70e45a76e2fb,2025-09-23 14:20:00+00:00,2025-09-23 14:20:00+00:00
O-20250924-011500-BACKTEST-000-989,KRAKEN-BACKTEST,KrakenBTCUSDResearchStrategy-000,BTC/USD.KRAKEN,KRAKEN-1-989,BTC/USD.KRAKEN-KrakenBTCUSDResearchStrategy-000,KRAKEN-001,T-6027db32af46427d-295297,MARKET,BUY,0.00807518,GTC,False,False,0.00807518,TAKER,112387.20999999999,0.0,['3.63 USD'],NO_TRIGGER,FILLED,NO_CONTINGENCY,,,,,,,,7234ea17-b83c-4444-a964-35ccfe11c485,2025-09-24 01:15:00+00:00,2025-09-24 01:15:00+00:00
O-20250924-021000-BACKTEST-000-990,KRAKEN-BACKTEST,KrakenBTCUSDResearchStrategy-000,BTC/USD.KRAKEN,KRAKEN-1-990,BTC/USD.KRAKEN-KrakenBTCUSDResearchStrategy-000,KRAKEN-001,T-959663bcd58d81b3-295340,MARKET,SELL,0.00807518,GTC,False,False,0.00807518,TAKER,112171.7,0.0,['3.62 USD'],NO_TRIGGER,FILLED,NO_CONTINGENCY,,,,,,,,00f44498-5262-4fb2-92e9-46743c366975,2025-09-24 02:10:00+00:00,2025-09-24 02:10:00+00:00
O-20250924-054500-BACKTEST-000-991,KRAKEN-BACKTEST,KrakenBTCUSDResearchStrategy-000,BTC/USD.KRAKEN,KRAKEN-1-991,BTC/USD.KRAKEN-KrakenBTCUSDResearchStrategy-000,KRAKEN-001,T-c62379861b82335e-295508,MARKET,BUY,0.00803808,GTC,False,False,0.00803808,TAKER,112570.52,0.0,['3.62 USD'],NO_TRIGGER,FILLED,NO_CONTINGENCY,,,,,,,,504bb795-7c4c-435b-85ad-de9f1e8ef0ed,2025-09-24 05:45:00+00:00,2025-09-24 05:45:00+00:00
O-20250924-193500-BACKTEST-000-992,KRAKEN-BACKTEST,KrakenBTCUSDResearchStrategy-000,BTC/USD.KRAKEN,KRAKEN-1-992,BTC/USD.KRAKEN-KrakenBTCUSDResearchStrategy-000,KRAKEN-001,T-d4da6be23b4e13d4-296151,MARKET,SELL,0.00803808,GTC,False,False,0.00803808,TAKER,113316.89,0.0,['3.64 USD'],NO_TRIGGER,FILLED,NO_CONTINGENCY,,,,,,,,95616cb2-71e3-4a49-8034-82cbcbde5625,2025-09-24 19:35:00+00:00,2025-09-24 19:35:00+00:00
O-20250926-091000-BACKTEST-000-993,KRAKEN-BACKTEST,KrakenBTCUSDResearchStrategy-000,BTC/USD.KRAKEN,KRAKEN-1-993,BTC/USD.KRAKEN-KrakenBTCUSDResearchStrategy-000,KRAKEN-001,T-6ef7034a22539b50-297888,MARKET,BUY,0.00824765,GTC,False,False,0.00824765,TAKER,109664.29000000001,0.0,['3.62 USD'],NO_TRIGGER,FILLED,NO_CONTINGENCY,,,,,,,,80f94ad1-6ff9-458f-95d6-81fb1f3f3cd5,2025-09-26 09:10:00+00:00,2025-09-26 09:10:00+00:00
O-20250926-094000-BACKTEST-000-994,KRAKEN-BACKTEST,KrakenBTCUSDResearchStrategy-000,BTC/USD.KRAKEN,KRAKEN-1-994,BTC/USD.KRAKEN-KrakenBTCUSDResearchStrategy-000,KRAKEN-001,T-5ec3f452dec6d374-297911,MARKET,SELL,0.00824765,GTC,False,False,0.00824765,TAKER,109415.6,0.0,['3.61 USD'],NO_TRIGGER,FILLED,NO_CONTINGENCY,,,,,,,,de4f47e9-39c6-4634-bd79-49d53c122ca4,2025-09-26 09:40:00+00:00,2025-09-26 09:40:00+00:00
O-20250926-172500-BACKTEST-000-995,KRAKEN-BACKTEST,KrakenBTCUSDResearchStrategy-000,BTC/USD.KRAKEN,KRAKEN-1-995,BTC/USD.KRAKEN-KrakenBTCUSDResearchStrategy-000,KRAKEN-001,T-ff731267c7c9bcf3-298271,MARKET,BUY,0.00820372,GTC,False,False,0.00820372,TAKER,109912.14,0.0,['3.61 USD'],NO_TRIGGER,FILLED,NO_CONTINGENCY,,,,,,,,5d8af943-60c9-4999-86cc-744de04848b2,2025-09-26 17:25:00+00:00,2025-09-26 17:25:00+00:00
O-20250926-190000-BACKTEST-000-996,KRAKEN-BACKTEST,KrakenBTCUSDResearchStrategy-000,BTC/USD.KRAKEN,KRAKEN-1-996,BTC/USD.KRAKEN-KrakenBTCUSDResearchStrategy-000,KRAKEN-001,T-ce206ad6128c17c6-298345,MARKET,SELL,0.00820372,GTC,False,False,0.00820372,TAKER,109535.91,0.0,['3.59 USD'],NO_TRIGGER,FILLED,NO_CONTINGENCY,,,,,,,,eb0d69ad-89a8-44a0-bb4a-912920c53531,2025-09-26 19:00:00+00:00,2025-09-26 19:00:00+00:00
O-20250927-185500-BACKTEST-000-997,KRAKEN-BACKTEST,KrakenBTCUSDResearchStrategy-000,BTC/USD.KRAKEN,KRAKEN-1-997,BTC/USD.KRAKEN-KrakenBTCUSDResearchStrategy-000,KRAKEN-001,T-56ac663c0bed2b91-299407,MARKET,BUY,0.00821128,GTC,False,False,0.00821128,TAKER,109434.96,0.0,['3.59 USD'],NO_TRIGGER,FILLED,NO_CONTINGENCY,,,,,,,,e920a5b4-b798-455c-b461-2e1e2eefbfd1,2025-09-27 18:55:00+00:00,2025-09-27 18:55:00+00:00
O-20250927-193500-BACKTEST-000-998,KRAKEN-BACKTEST,KrakenBTCUSDResearchStrategy-000,BTC/USD.KRAKEN,KRAKEN-1-998,BTC/USD.KRAKEN-KrakenBTCUSDResearchStrategy-000,KRAKEN-001,T-a68d6db070d3c173-299437,MARKET,SELL,0.00821128,GTC,False,False,0.00821128,TAKER,109388.12000000001,0.0,['3.59 USD'],NO_TRIGGER,FILLED,NO_CONTINGENCY,,,,,,,,09686ca3-42a2-4018-a127-0f791e1705fc,2025-09-27 19:35:00+00:00,2025-09-27 19:35:00+00:00
O-20250927-213500-BACKTEST-000-999,KRAKEN-BACKTEST,KrakenBTCUSDResearchStrategy-000,BTC/USD.KRAKEN,KRAKEN-1-999,BTC/USD.KRAKEN-KrakenBTCUSDResearchStrategy-000,KRAKEN-001,T-a226c3f8de3c4e4d-299523,MARKET,BUY,0.00818873,GTC,False,False,0.00818873,TAKER,109459.45,0.0,['3.59 USD'],NO_TRIGGER,FILLED,NO_CONTINGENCY,,,,,,,,4a274bb1-f304-4fef-aae6-7afb09fb133f,2025-09-27 21:35:00+00:00,2025-09-27 21:35:00+00:00
O-20250928-010500-BACKTEST-000-1000,KRAKEN-BACKTEST,KrakenBTCUSDResearchStrategy-000,BTC/USD.KRAKEN,KRAKEN-1-1000,BTC/USD.KRAKEN-KrakenBTCUSDResearchStrategy-000,KRAKEN-001,T-73ef779c2ad0f730-299688,MARKET,SELL,0.00818873,GTC,False,False,0.00818873,TAKER,109497.14,0.0,['3.59 USD'],NO_TRIGGER,FILLED,NO_CONTINGENCY,,,,,,,,b848c6ff-28db-4b17-bbc1-4346be08b86f,2025-09-28 01:05:00+00:00,2025-09-28 01:05:00+00:00
O-20250928-135500-BACKTEST-000-1001,KRAKEN-BACKTEST,KrakenBTCUSDResearchStrategy-000,BTC/USD.KRAKEN,KRAKEN-1-1001,BTC/USD.KRAKEN-KrakenBTCUSDResearchStrategy-000,KRAKEN-001,T-6f040317351f7176-300249,MARKET,BUY,0.00815652,GTC,False,False,0.00815652,TAKER,109639.0,0.0,['3.58 USD'],NO_TRIGGER,FILLED,NO_CONTINGENCY,,,,,,,,4cd234a4-0934-4845-860b-41dd64d618d1,2025-09-28 13:55:00+00:00,2025-09-28 13:55:00+00:00
O-20250929-052000-BACKTEST-000-1002,KRAKEN-BACKTEST,KrakenBTCUSDResearchStrategy-000,BTC/USD.KRAKEN,KRAKEN-1-1002,BTC/USD.KRAKEN-KrakenBTCUSDResearchStrategy-000,KRAKEN-001,T-52b1abd261897050-300960,MARKET,SELL,0.00815652,GTC,False,False,0.00815652,TAKER,111575.37999999999,0.0,['3.64 USD'],NO_TRIGGER,FILLED,NO_CONTINGENCY,,,,,,,,b0cb1385-0844-4d6a-842f-4cd736dcfd2e,2025-09-29 05:20:00+00:00,2025-09-29 05:20:00+00:00
O-20250929-080000-BACKTEST-000-1003,KRAKEN-BACKTEST,KrakenBTCUSDResearchStrategy-000,BTC/USD.KRAKEN,KRAKEN-1-1003,BTC/USD.KRAKEN-KrakenBTCUSDResearchStrategy-000,KRAKEN-001,T-1704be14a5f749f3-301085,MARKET,BUY,0.00800713,GTC,False,False,0.00800713,TAKER,112006.04000000001,0.0,['3.59 USD'],NO_TRIGGER,FILLED,NO_CONTINGENCY,,,,,,,,522eb5f3-93e3-4c6e-9e12-f423f26a8706,2025-09-29 08:00:00+00:00,2025-09-29 08:00:00+00:00
O-20250930-042500-BACKTEST-000-1004,KRAKEN-BACKTEST,KrakenBTCUSDResearchStrategy-000,BTC/USD.KRAKEN,KRAKEN-1-1004,BTC/USD.KRAKEN-KrakenBTCUSDResearchStrategy-000,KRAKEN-001,T-7a70733f76e52ebb-302020,MARKET,SELL,0.00800713,GTC,False,False,0.00800713,TAKER,114185.31999999999,0.0,['3.66 USD'],NO_TRIGGER,FILLED,NO_CONTINGENCY,,,,,,,,317fbf9d-1cf0-44ad-9797-7a2a193dc00e,2025-09-30 04:25:00+00:00,2025-09-30 04:25:00+00:00
O-20250930-185500-BACKTEST-000-1005,KRAKEN-BACKTEST,KrakenBTCUSDResearchStrategy-000,BTC/USD.KRAKEN,KRAKEN-1-1005,BTC/USD.KRAKEN-KrakenBTCUSDResearchStrategy-000,KRAKEN-001,T-d6f0288bd49ce9fe-302686,MARKET,BUY,0.00791373,GTC,False,False,0.00791373,TAKER,113714.56,0.0,['3.60 USD'],NO_TRIGGER,FILLED,NO_CONTINGENCY,,,,,,,,01168f8e-67a0-420e-a6bc-e964d4f1b76a,2025-09-30 18:55:00+00:00,2025-09-30 18:55:00+00:00
O-20250930-230000-BACKTEST-000-1006,KRAKEN-BACKTEST,KrakenBTCUSDResearchStrategy-000,BTC/USD.KRAKEN,KRAKEN-1-1006,BTC/USD.KRAKEN-KrakenBTCUSDResearchStrategy-000,KRAKEN-001,T-50124d1b99db95a9-302876,MARKET,SELL,0.00791373,GTC,False,False,0.00791373,TAKER,113813.20999999999,0.0,['3.60 USD'],NO_TRIGGER,FILLED,NO_CONTINGENCY,,,,,,,,7f0e79e7-cd21-4fab-91bf-4ee214374e94,2025-09-30 23:00:00+00:00,2025-09-30 23:00:00+00:00
O-20251001-015500-BACKTEST-000-1007,KRAKEN-BACKTEST,KrakenBTCUSDResearchStrategy-000,BTC/USD.KRAKEN,KRAKEN-1-1007,BTC/USD.KRAKEN-KrakenBTCUSDResearchStrategy-000,KRAKEN-001,T-e4eeeb82de1a3888-303011,MARKET,BUY,0.00783920,GTC,False,False,0.00783920,TAKER,114549.99,0.0,['3.59 USD'],NO_TRIGGER,FILLED,NO_CONTINGENCY,,,,,,,,95021545-f265-4c10-824a-4fe6dc6c8a39,2025-10-01 01:55:00+00:00,2025-10-01 01:55:00+00:00
O-20251001-024000-BACKTEST-000-1008,KRAKEN-BACKTEST,KrakenBTCUSDResearchStrategy-000,BTC/USD.KRAKEN,KRAKEN-1-1008,BTC/USD.KRAKEN-KrakenBTCUSDResearchStrategy-000,KRAKEN-001,T-37eb4e5098bf0370-303045,MARKET,SELL,0.00783920,GTC,False,False,0.00783920,TAKER,114324.66,0.0,['3.58 USD'],NO_TRIGGER,FILLED,NO_CONTINGENCY,,,,,,,,57fb7a7a-7590-4ffb-9fc1-8bc7d2a303d3,2025-10-01 02:40:00+00:00,2025-10-01 02:40:00+00:00
O-20251001-042500-BACKTEST-000-1009,KRAKEN-BACKTEST,KrakenBTCUSDResearchStrategy-000,BTC/USD.KRAKEN,KRAKEN-1-1009,BTC/USD.KRAKEN-KrakenBTCUSDResearchStrategy-000,KRAKEN-001,T-bb85c2382671c8af-303126,MARKET,BUY,0.00781323,GTC,False,False,0.00781323,TAKER,114587.5,0.0,['3.58 USD'],NO_TRIGGER,FILLED,NO_CONTINGENCY,,,,,,,,b202bdb7-295d-4805-aefb-6241fd391213,2025-10-01 04:25:00+00:00,2025-10-01 04:25:00+00:00
O-20251001-045500-BACKTEST-000-1010,KRAKEN-BACKTEST,KrakenBTCUSDResearchStrategy-000,BTC/USD.KRAKEN,KRAKEN-1-1010,BTC/USD.KRAKEN-KrakenBTCUSDResearchStrategy-000,KRAKEN-001,T-bba54759f0cc7d7c-303151,MARKET,SELL,0.00781323,GTC,False,False,0.00781323,TAKER,114289.01000000001,0.0,['3.57 USD'],NO_TRIGGER,FILLED,NO_CONTINGENCY,,,,,,,,4d632684-bca0-410a-a53c-8483e6fc8dee,2025-10-01 04:55:00+00:00,2025-10-01 04:55:00+00:00
O-20251001-082500-BACKTEST-000-1011,KRAKEN-BACKTEST,KrakenBTCUSDResearchStrategy-000,BTC/USD.KRAKEN,KRAKEN-1-1011,BTC/USD.KRAKEN-KrakenBTCUSDResearchStrategy-000,KRAKEN-001,T-9ecfae355fc2a04c-303315,MARKET,BUY,0.00775442,GTC,False,False,0.00775442,TAKER,115089.82,0.0,['3.57 USD'],NO_TRIGGER,FILLED,NO_CONTINGENCY,,,,,,,,247db362-0ae2-4dcc-8936-dacebc00c78a,2025-10-01 08:25:00+00:00,2025-10-01 08:25:00+00:00
O-20251001-175500-BACKTEST-000-1012,KRAKEN-BACKTEST,KrakenBTCUSDResearchStrategy-000,BTC/USD.KRAKEN,KRAKEN-1-1012,BTC/USD.KRAKEN-KrakenBTCUSDResearchStrategy-000,KRAKEN-001,T-e8ed2ac95262bff1-303761,MARKET,SELL,0.00775442,GTC,False,False,0.00775442,TAKER,116768.07,0.0,['3.62 USD'],NO_TRIGGER,FILLED,NO_CONTINGENCY,,,,,,,,fde6dc04-ecd4-4ba5-b57a-1d43ac6854a3,2025-10-01 17:55:00+00:00,2025-10-01 17:55:00+00:00
O-20251001-220000-BACKTEST-000-1013,KRAKEN-BACKTEST,KrakenBTCUSDResearchStrategy-000,BTC/USD.KRAKEN,KRAKEN-1-1013,BTC/USD.KRAKEN-KrakenBTCUSDResearchStrategy-000,KRAKEN-001,T-7e45144d7e923475-303947,MARKET,BUY,0.00759464,GTC,False,False,0.00759464,TAKER,117741.34,0.0,['3.58 USD'],NO_TRIGGER,FILLED,NO_CONTINGENCY,,,,,,,,674b4d32-cb7a-4234-a460-3f425159a41a,2025-10-01 22:00:00+00:00,2025-10-01 22:00:00+00:00
O-20251002-054500-BACKTEST-000-1014,KRAKEN-BACKTEST,KrakenBTCUSDResearchStrategy-000,BTC/USD.KRAKEN,KRAKEN-1-1014,BTC/USD.KRAKEN-KrakenBTCUSDResearchStrategy-000,KRAKEN-001,T-4e7acd2c88756a3c-304309,MARKET,SELL,0.00759464,GTC,False,False,0.00759464,TAKER,118382.68999999999,0.0,['3.60 USD'],NO_TRIGGER,FILLED,NO_CONTINGENCY,,,,,,,,400e1e88-0ec3-4a6f-9b9a-e1f5f2617a02,2025-10-02 05:45:00+00:00,2025-10-02 05:45:00+00:00
O-20251002-092500-BACKTEST-000-1015,KRAKEN-BACKTEST,KrakenBTCUSDResearchStrategy-000,BTC/USD.KRAKEN,KRAKEN-1-1015,BTC/USD.KRAKEN-KrakenBTCUSDResearchStrategy-000,KRAKEN-001,T-b57e168c3d0eab17-304479,MARKET,BUY,0.00752867,GTC,False,False,0.00752867,TAKER,118681.0,0.0,['3.57 USD'],NO_TRIGGER,FILLED,NO_CONTINGENCY,,,,,,,,f84a0bf5-f7d7-4db6-b748-81f0bf675579,2025-10-02 09:25:00+00:00,2025-10-02 09:25:00+00:00
O-20251002-145000-BACKTEST-000-1016,KRAKEN-BACKTEST,KrakenBTCUSDResearchStrategy-000,BTC/USD.KRAKEN,KRAKEN-1-1016,BTC/USD.KRAKEN-KrakenBTCUSDResearchStrategy-000,KRAKEN-001,T-8809172596243ff5-304733,MARKET,SELL,0.00752867,GTC,False,False,0.00752867,TAKER,118845.48,0.0,['3.58 USD'],NO_TRIGGER,FILLED,NO_CONTINGENCY,,,,,,,,368a7109-7528-49ab-8e4b-01c0cb9fa207,2025-10-02 14:50:00+00:00,2025-10-02 14:50:00+00:00
O-20251002-161000-BACKTEST-000-1017,KRAKEN-BACKTEST,KrakenBTCUSDResearchStrategy-000,BTC/USD.KRAKEN,KRAKEN-1-1017,BTC/USD.KRAKEN-KrakenBTCUSDResearchStrategy-000,KRAKEN-001,T-1f23c689e2b71ede-304797,MARKET,BUY,0.00742289,GTC,False,False,0.00742289,TAKER,120133.43,0.0,['3.57 USD'],NO_TRIGGER,FILLED,NO_CONTINGENCY,,,,,,,,6aeb08fe-2f7f-4f67-8445-68aba99655ef,2025-10-02 16:10:00+00:00,2025-10-02 16:10:00+00:00
O-20251002-170000-BACKTEST-000-1018,KRAKEN-BACKTEST,KrakenBTCUSDResearchStrategy-000,BTC/USD.KRAKEN,KRAKEN-1-1018,BTC/USD.KRAKEN-KrakenBTCUSDResearchStrategy-000,KRAKEN-001,T-6708c8272bf25f54-304837,MARKET,SELL,0.00742289,GTC,False,False,0.00742289,TAKER,119563.12000000001,0.0,['3.55 USD'],NO_TRIGGER,FILLED,NO_CONTINGENCY,,,,,,,,8e0f35a6-1995-40db-9afa-78c97727d9bd,2025-10-02 17:00:00+00:00,2025-10-02 17:00:00+00:00
O-20251002-185000-BACKTEST-000-1019,KRAKEN-BACKTEST,KrakenBTCUSDResearchStrategy-000,BTC/USD.KRAKEN,KRAKEN-1-1019,BTC/USD.KRAKEN-KrakenBTCUSDResearchStrategy-000,KRAKEN-001,T-b445eeeb7ca814e7-304923,MARKET,BUY,0.00737857,GTC,False,False,0.00737857,TAKER,120393.09,0.0,['3.55 USD'],NO_TRIGGER,FILLED,NO_CONTINGENCY,,,,,,,,5f942b7c-dee2-4cad-8295-4e2a59ffd405,2025-10-02 18:50:00+00:00,2025-10-02 18:50:00+00:00
O-20251002-225000-BACKTEST-000-1020,KRAKEN-BACKTEST,KrakenBTCUSDResearchStrategy-000,BTC/USD.KRAKEN,KRAKEN-1-1020,BTC/USD.KRAKEN-KrakenBTCUSDResearchStrategy-000,KRAKEN-001,T-6e4c608f3a1319c3-305104,MARKET,SELL,0.00737857,GTC,False,False,0.00737857,TAKER,120085.90999999999,0.0,['3.54 USD'],NO_TRIGGER,FILLED,NO_CONTINGENCY,,,,,,,,3afdb20f-9cd8-4ca0-9f5f-74137815ac70,2025-10-02 22:50:00+00:00,2025-10-02 22:50:00+00:00
O-20251003-101500-BACKTEST-000-1021,KRAKEN-BACKTEST,KrakenBTCUSDResearchStrategy-000,BTC/USD.KRAKEN,KRAKEN-1-1021,BTC/USD.KRAKEN-KrakenBTCUSDResearchStrategy-000,KRAKEN-001,T-7457fc62732cc816-305624,MARKET,BUY,0.00735052,GTC,False,False,0.00735052,TAKER,120470.58,0.0,['3.54 USD'],NO_TRIGGER,FILLED,NO_CONTINGENCY,,,,,,,,b3dc904a-ff0f-4470-893f-be147884f21f,2025-10-03 10:15:00+00:00,2025-10-03 10:15:00+00:00
O-20251003-111000-BACKTEST-000-1022,KRAKEN-BACKTEST,KrakenBTCUSDResearchStrategy-000,BTC/USD.KRAKEN,KRAKEN-1-1022,BTC/USD.KRAKEN-KrakenBTCUSDResearchStrategy-000,KRAKEN-001,T-86c34f57b77be4ea-305666,MARKET,SELL,0.00735052,GTC,False,False,0.00735052,TAKER,120289.0,0.0,['3.54 USD'],NO_TRIGGER,FILLED,NO_CONTINGENCY,,,,,,,,bf2d2a32-0385-4f9f-9dbc-3d9454c6a1d9,2025-10-03 11:10:00+00:00,2025-10-03 11:10:00+00:00
O-20251003-132500-BACKTEST-000-1023,KRAKEN-BACKTEST,KrakenBTCUSDResearchStrategy-000,BTC/USD.KRAKEN,KRAKEN-1-1023,BTC/USD.KRAKEN-KrakenBTCUSDResearchStrategy-000,KRAKEN-001,T-fbae40748d41bd5d-305772,MARKET,BUY,0.00732598,GTC,False,False,0.00732598,TAKER,120529.70000000001,0.0,['3.53 USD'],NO_TRIGGER,FILLED,NO_CONTINGENCY,,,,,,,,837b5059-edf9-4915-aa1d-d4015b36d800,2025-10-03 13:25:00+00:00,2025-10-03 13:25:00+00:00
O-20251003-141000-BACKTEST-000-1024,KRAKEN-BACKTEST,KrakenBTCUSDResearchStrategy-000,BTC/USD.KRAKEN,KRAKEN-1-1024,BTC/USD.KRAKEN-KrakenBTCUSDResearchStrategy-000,KRAKEN-001,T-5accc656314c9585-305809,MARKET,SELL,0.00732598,GTC,False,False,0.00732598,TAKER,120160.73,0.0,['3.52 USD'],NO_TRIGGER,FILLED,NO_CONTINGENCY,,,,,,,,965e35cd-4a3a-432a-a8c5-b14bb9e6ce6c,2025-10-03 14:10:00+00:00,2025-10-03 14:10:00+00:00
O-20251003-144500-BACKTEST-000-1025,KRAKEN-BACKTEST,KrakenBTCUSDResearchStrategy-000,BTC/USD.KRAKEN,KRAKEN-1-1025,BTC/USD.KRAKEN-KrakenBTCUSDResearchStrategy-000,KRAKEN-001,T-b5a26e1007fe02fc-305838,MARKET,BUY,0.00728323,GTC,False,False,0.00728323,TAKER,120835.66,0.0,['3.52 USD'],NO_TRIGGER,FILLED,NO_CONTINGENCY,,,,,,,,6314d800-1a44-4717-a44f-213464dfaf1f,2025-10-03 14:45:00+00:00,2025-10-03 14:45:00+00:00
O-20251004-000000-BACKTEST-000-1026,KRAKEN-BACKTEST,KrakenBTCUSDResearchStrategy-000,BTC/USD.KRAKEN,KRAKEN-1-1026,BTC/USD.KRAKEN-KrakenBTCUSDResearchStrategy-000,KRAKEN-001,T-11f6124d94be12fa-306263,MARKET,SELL,0.00728323,GTC,False,False,0.00728323,TAKER,122121.37,0.0,['3.56 USD'],NO_TRIGGER,FILLED,NO_CONTINGENCY,,,,,,,,e116de3b-d2b8-40bd-a99f-2f4531ef3838,2025-10-04 00:00:00+00:00,2025-10-04 00:00:00+00:00
O-20251004-042000-BACKTEST-000-1027,KRAKEN-BACKTEST,KrakenBTCUSDResearchStrategy-000,BTC/USD.KRAKEN,KRAKEN-1-1027,BTC/USD.KRAKEN-KrakenBTCUSDResearchStrategy-000,KRAKEN-001,T-2e93984caf834d23-306467,MARKET,BUY,0.00719710,GTC,False,False,0.00719710,TAKER,122377.10999999999,0.0,['3.52 USD'],NO_TRIGGER,FILLED,NO_CONTINGENCY,,,,,,,,2dafb412-0f66-477e-9c3b-015c97ba9af5,2025-10-04 04:20:00+00:00,2025-10-04 04:20:00+00:00
O-20251004-074500-BACKTEST-000-1028,KRAKEN-BACKTEST,KrakenBTCUSDResearchStrategy-000,BTC/USD.KRAKEN,KRAKEN-1-1028,BTC/USD.KRAKEN-KrakenBTCUSDResearchStrategy-000,KRAKEN-001,T-de19125773ae66f8-306621,MARKET,SELL,0.00719710,GTC,False,False,0.00719710,TAKER,122267.77,0.0,['3.52 USD'],NO_TRIGGER,FILLED,NO_CONTINGENCY,,,,,,,,2a016b39-5e87-4764-a4b4-225a3fda9a11,2025-10-04 07:45:00+00:00,2025-10-04 07:45:00+00:00
O-20251004-211000-BACKTEST-000-1029,KRAKEN-BACKTEST,KrakenBTCUSDResearchStrategy-000,BTC/USD.KRAKEN,KRAKEN-1-1029,BTC/USD.KRAKEN-KrakenBTCUSDResearchStrategy-000,KRAKEN-001,T-df967b94a915d247-307226,MARKET,BUY,0.00719171,GTC,False,False,0.00719171,TAKER,122142.20999999999,0.0,['3.51 USD'],NO_TRIGGER,FILLED,NO_CONTINGENCY,,,,,,,,23a17cac-ca4a-4149-92c7-397d347c0b03,2025-10-04 21:10:00+00:00,2025-10-04 21:10:00+00:00
O-20251005-092500-BACKTEST-000-1030,KRAKEN-BACKTEST,KrakenBTCUSDResearchStrategy-000,BTC/USD.KRAKEN,KRAKEN-1-1030,BTC/USD.KRAKEN-KrakenBTCUSDResearchStrategy-000,KRAKEN-001,T-8b42debc13039428-307782,MARKET,SELL,0.00719171,GTC,False,False,0.00719171,TAKER,124013.40000000001,0.0,['3.57 USD'],NO_TRIGGER,FILLED,NO_CONTINGENCY,,,,,,,,18c1fe3b-7e8f-4148-9056-d82dc4cbeada,2025-10-05 09:25:00+00:00,2025-10-05 09:25:00+00:00
O-20251005-230000-BACKTEST-000-1031,KRAKEN-BACKTEST,KrakenBTCUSDResearchStrategy-000,BTC/USD.KRAKEN,KRAKEN-1-1031,BTC/USD.KRAKEN-KrakenBTCUSDResearchStrategy-000,KRAKEN-001,T-97e9bf9897feaa7c-308407,MARKET,BUY,0.00713808,GTC,False,False,0.00713808,TAKER,123328.07999999999,0.0,['3.52 USD'],NO_TRIGGER,FILLED,NO_CONTINGENCY,,,,,,,,571c2ff1-619b-4d29-b368-7e45003d6c16,2025-10-05 23:00:00+00:00,2025-10-05 23:00:00+00:00
O-20251006-005000-BACKTEST-000-1032,KRAKEN-BACKTEST,KrakenBTCUSDResearchStrategy-000,BTC/USD.KRAKEN,KRAKEN-1-1032,BTC/USD.KRAKEN-KrakenBTCUSDResearchStrategy-000,KRAKEN-001,T-18cc034b90c5f044-308493,MARKET,SELL,0.00713808,GTC,False,False,0.00713808,TAKER,123171.98999999999,0.0,['3.52 USD'],NO_TRIGGER,FILLED,NO_CONTINGENCY,,,,,,,,7c845b9c-bca9-4894-a0db-729393a5303d,2025-10-06 00:50:00+00:00,2025-10-06 00:50:00+00:00
O-20251006-112500-BACKTEST-000-1033,KRAKEN-BACKTEST,KrakenBTCUSDResearchStrategy-000,BTC/USD.KRAKEN,KRAKEN-1-1033,BTC/USD.KRAKEN-KrakenBTCUSDResearchStrategy-000,KRAKEN-001,T-214ea807bd693ebf-308987,MARKET,BUY,0.00705883,GTC,False,False,0.00705883,TAKER,124365.90999999999,0.0,['3.51 USD'],NO_TRIGGER,FILLED,NO_CONTINGENCY,,,,,,,,340c8965-e5df-4576-a27e-6972b93b2481,2025-10-06 11:25:00+00:00,2025-10-06 11:25:00+00:00
O-20251006-211000-BACKTEST-000-1034,KRAKEN-BACKTEST,KrakenBTCUSDResearchStrategy-000,BTC/USD.KRAKEN,KRAKEN-1-1034,BTC/USD.KRAKEN-KrakenBTCUSDResearchStrategy-000,KRAKEN-001,T-cbc4f8ffd1349e00-309438,MARKET,SELL,0.00705883,GTC,False,False,0.00705883,TAKER,125057.20000000001,0.0,['3.53 USD'],NO_TRIGGER,FILLED,NO_CONTINGENCY,,,,,,,,63213e19-dbd5-411a-aded-d2fe4d6927af,2025-10-06 21:10:00+00:00,2025-10-06 21:10:00+00:00
O-20251007-113000-BACKTEST-000-1035,KRAKEN-BACKTEST,KrakenBTCUSDResearchStrategy-000,BTC/USD.KRAKEN,KRAKEN-1-1035,BTC/USD.KRAKEN-KrakenBTCUSDResearchStrategy-000,KRAKEN-001,T-93a1c5f10e899be4-310089,MARKET,BUY,0.00704854,GTC,False,False,0.00704854,TAKER,124455.46,0.0,['3.51 USD'],NO_TRIGGER,FILLED,NO_CONTINGENCY,,,,,,,,ab77412e-6c71-4f46-952a-826f9ca0ebde,2025-10-07 11:30:00+00:00,2025-10-07 11:30:00+00:00
O-20251007-133500-BACKTEST-000-1036,KRAKEN-BACKTEST,KrakenBTCUSDResearchStrategy-000,BTC/USD.KRAKEN,KRAKEN-1-1036,BTC/USD.KRAKEN-KrakenBTCUSDResearchStrategy-000,KRAKEN-001,T-44dce63b99d78889-310187,MARKET,SELL,0.00704854,GTC,False,False,0.00704854,TAKER,124309.49999999999,0.0,['3.50 USD'],NO_TRIGGER,FILLED,NO_CONTINGENCY,,,,,,,,eb03c30a-8837-472f-abe3-f43da20d8126,2025-10-07 13:35:00+00:00,2025-10-07 13:35:00+00:00
O-20251008-083500-BACKTEST-000-1037,KRAKEN-BACKTEST,KrakenBTCUSDResearchStrategy-000,BTC/USD.KRAKEN,KRAKEN-1-1037,BTC/USD.KRAKEN-KrakenBTCUSDResearchStrategy-000,KRAKEN-001,T-9f05b807af583e1c-311070,MARKET,BUY,0.00714102,GTC,False,False,0.00714102,TAKER,122505.99,0.0,['3.50 USD'],NO_TRIGGER,FILLED,NO_CONTINGENCY,,,,,,,,f53c6acf-710e-4bf9-adaf-959604cd8077,2025-10-08 08:35:00+00:00,2025-10-08 08:35:00+00:00
O-20251008-133500-BACKTEST-000-1038,KRAKEN-BACKTEST,KrakenBTCUSDResearchStrategy-000,BTC/USD.KRAKEN,KRAKEN-1-1038,BTC/USD.KRAKEN-KrakenBTCUSDResearchStrategy-000,KRAKEN-001,T-85f944762fe0bdb3-311305,MARKET,SELL,0.00714102,GTC,False,False,0.00714102,TAKER,122391.73999999999,0.0,['3.50 USD'],NO_TRIGGER,FILLED,NO_CONTINGENCY,,,,,,,,7ece3b72-fa88-400b-b744-a788d64a3708,2025-10-08 13:35:00+00:00,2025-10-08 13:35:00+00:00
O-20251008-171000-BACKTEST-000-1039,KRAKEN-BACKTEST,KrakenBTCUSDResearchStrategy-000,BTC/USD.KRAKEN,KRAKEN-1-1039,BTC/USD.KRAKEN-KrakenBTCUSDResearchStrategy-000,KRAKEN-001,T-36728c2bd83df501-311474,MARKET,BUY,0.00705484,GTC,False,False,0.00705484,TAKER,123669.93000000001,0.0,['3.49 USD'],NO_TRIGGER,FILLED,NO_CONTINGENCY,,,,,,,,6f443c02-a72b-48e1-ae43-ed7db6f6f16f,2025-10-08 17:10:00+00:00,2025-10-08 17:10:00+00:00
O-20251008-204500-BACKTEST-000-1040,KRAKEN-BACKTEST,KrakenBTCUSDResearchStrategy-000,BTC/USD.KRAKEN,KRAKEN-1-1040,BTC/USD.KRAKEN-KrakenBTCUSDResearchStrategy-000,KRAKEN-001,T-3c441a3df643bd80-311645,MARKET,SELL,0.00705484,GTC,False,False,0.00705484,TAKER,123263.2,0.0,['3.48 USD'],NO_TRIGGER,FILLED,NO_CONTINGENCY,,,,,,,,b92ab04a-fa95-4224-b1a6-2ac7451a075b,2025-10-08 20:45:00+00:00,2025-10-08 20:45:00+00:00
O-20251009-111500-BACKTEST-000-1041,KRAKEN-BACKTEST,KrakenBTCUSDResearchStrategy-000,BTC/USD.KRAKEN,KRAKEN-1-1041,BTC/USD.KRAKEN-KrakenBTCUSDResearchStrategy-000,KRAKEN-001,T-25e6ca3964c3ef08-312320,MARKET,BUY,0.00709722,GTC,False,False,0.00709722,TAKER,122515.44000000002,0.0,['3.48 USD'],NO_TRIGGER,FILLED,NO_CONTINGENCY,,,,,,,,d97c28ff-6b7d-4660-bedc-f6d77a4f4244,2025-10-09 11:15:00+00:00,2025-10-09 11:15:00+00:00
O-20251009-135500-BACKTEST-000-1042,KRAKEN-BACKTEST,KrakenBTCUSDResearchStrategy-000,BTC/USD.KRAKEN,KRAKEN-1-1042,BTC/USD.KRAKEN-KrakenBTCUSDResearchStrategy-000,KRAKEN-001,T-c6d61dfb96f62eb2-312445,MARKET,SELL,0.00709722,GTC,False,False,0.00709722,TAKER,122415.73999999999,0.0,['3.48 USD'],NO_TRIGGER,FILLED,NO_CONTINGENCY,,,,,,,,5c974e47-b0ce-4c55-97c8-75068adc998b,2025-10-09 13:55:00+00:00,2025-10-09 13:55:00+00:00
O-20251009-220500-BACKTEST-000-1043,KRAKEN-BACKTEST,KrakenBTCUSDResearchStrategy-000,BTC/USD.KRAKEN,KRAKEN-1-1043,BTC/USD.KRAKEN-KrakenBTCUSDResearchStrategy-000,KRAKEN-001,T-69d453398a1077f2-312829,MARKET,BUY,0.00713593,GTC,False,False,0.00713593,TAKER,121528.45,0.0,['3.47 USD'],NO_TRIGGER,FILLED,NO_CONTINGENCY,,,,,,,,ddca3518-6704-4f7d-905c-71eea4d7616d,2025-10-09 22:05:00+00:00,2025-10-09 22:05:00+00:00
O-20251010-020000-BACKTEST-000-1044,KRAKEN-BACKTEST,KrakenBTCUSDResearchStrategy-000,BTC/USD.KRAKEN,KRAKEN-1-1044,BTC/USD.KRAKEN-KrakenBTCUSDResearchStrategy-000,KRAKEN-001,T-8616ec184dfac6df-313010,MARKET,SELL,0.00713593,GTC,False,False,0.00713593,TAKER,121438.91,0.0,['3.47 USD'],NO_TRIGGER,FILLED,NO_CONTINGENCY,,,,,,,,db44fafb-9d29-4bd1-83c0-55b5d6d17405,2025-10-10 02:00:00+00:00,2025-10-10 02:00:00+00:00
O-20251010-130000-BACKTEST-000-1045,KRAKEN-BACKTEST,KrakenBTCUSDResearchStrategy-000,BTC/USD.KRAKEN,KRAKEN-1-1045,BTC/USD.KRAKEN-KrakenBTCUSDResearchStrategy-000,KRAKEN-001,T-209f0b8f728c7b45-313522,MARKET,BUY,0.00709616,GTC,False,False,0.00709616,TAKER,121889.09,0.0,['3.46 USD'],NO_TRIGGER,FILLED,NO_CONTINGENCY,,,,,,,,a50a3eb7-2f77-45a4-9d5c-43355bc8c6e1,2025-10-10 13:00:00+00:00,2025-10-10 13:00:00+00:00
O-20251010-135000-BACKTEST-000-1046,KRAKEN-BACKTEST,KrakenBTCUSDResearchStrategy-000,BTC/USD.KRAKEN,KRAKEN-1-1046,BTC/USD.KRAKEN-KrakenBTCUSDResearchStrategy-000,KRAKEN-001,T-25406aa83044c9d1-313562,MARKET,SELL,0.00709616,GTC,False,False,0.00709616,TAKER,121428.01000000001,0.0,['3.45 USD'],NO_TRIGGER,FILLED,NO_CONTINGENCY,,,,,,,,c7a9551f-0c1e-4204-972b-e263f4c0ad01,2025-10-10 13:50:00+00:00,2025-10-10 13:50:00+00:00
O-20251011-122000-BACKTEST-000-1047,KRAKEN-BACKTEST,KrakenBTCUSDResearchStrategy-000,BTC/USD.KRAKEN,KRAKEN-1-1047,BTC/USD.KRAKEN-KrakenBTCUSDResearchStrategy-000,KRAKEN-001,T-2fcfd72df10e65dd-314623,MARKET,BUY,0.00766972,GTC,False,False,0.00766972,TAKER,112375.71999999999,0.0,['3.45 USD'],NO_TRIGGER,FILLED,NO_CONTINGENCY,,,,,,,,31a1e1a6-d8d1-4dcf-ad37-4ace758ec8cf,2025-10-11 12:20:00+00:00,2025-10-11 12:20:00+00:00
O-20251011-133000-BACKTEST-000-1048,KRAKEN-BACKTEST,KrakenBTCUSDResearchStrategy-000,BTC/USD.KRAKEN,KRAKEN-1-1048,BTC/USD.KRAKEN-KrakenBTCUSDResearchStrategy-000,KRAKEN-001,T-51e0fe77bfbfd02f-314676,MARKET,SELL,0.00766972,GTC,False,False,0.00766972,TAKER,112020.41,0.0,['3.44 USD'],NO_TRIGGER,FILLED,NO_CONTINGENCY,,,,,,,,a85d7156-cca6-4660-8752-f13cc3cd0268,2025-10-11 13:30:00+00:00,2025-10-11 13:30:00+00:00
O-20251012-044000-BACKTEST-000-1049,KRAKEN-BACKTEST,KrakenBTCUSDResearchStrategy-000,BTC/USD.KRAKEN,KRAKEN-1-1049,BTC/USD.KRAKEN-KrakenBTCUSDResearchStrategy-000,KRAKEN-001,T-506b5879cb4e5259-315387,MARKET,BUY,0.00770406,GTC,False,False,0.00770406,TAKER,111500.59,0.0,['3.44 USD'],NO_TRIGGER,FILLED,NO_CONTINGENCY,,,,,,,,5a8a76e7-0828-4dd2-bcc4-4db104e09976,2025-10-12 04:40:00+00:00,2025-10-12 04:40:00+00:00
O-20251012-090000-BACKTEST-000-1050,KRAKEN-BACKTEST,KrakenBTCUSDResearchStrategy-000,BTC/USD.KRAKEN,KRAKEN-1-1050,BTC/USD.KRAKEN-KrakenBTCUSDResearchStrategy-000,KRAKEN-001,T-607fd75615c21a38-315589,MARKET,SELL,0.00770406,GTC,False,False,0.00770406,TAKER,111205.53,0.0,['3.43 USD'],NO_TRIGGER,FILLED,NO_CONTINGENCY,,,,,,,,73617917-01ea-4f45-a3b2-591894dd0a7e,2025-10-12 09:00:00+00:00,2025-10-12 09:00:00+00:00
O-20251012-151500-BACKTEST-000-1051,KRAKEN-BACKTEST,KrakenBTCUSDResearchStrategy-000,BTC/USD.KRAKEN,KRAKEN-1-1051,BTC/USD.KRAKEN-KrakenBTCUSDResearchStrategy-000,KRAKEN-001,T-ab5f831317d7fdd4-315883,MARKET,BUY,0.00753314,GTC,False,False,0.00753314,TAKER,113666.01,0.0,['3.43 USD'],NO_TRIGGER,FILLED,NO_CONTINGENCY,,,,,,,,0a30fc17-ccf1-48b7-a9ba-690cfc2724b6,2025-10-12 15:15:00+00:00,2025-10-12 15:15:00+00:00
O-20251012-153000-BACKTEST-000-1052,KRAKEN-BACKTEST,KrakenBTCUSDResearchStrategy-000,BTC/USD.KRAKEN,KRAKEN-1-1052,BTC/USD.KRAKEN-KrakenBTCUSDResearchStrategy-000,KRAKEN-001,T-e4f5c9c2500ce035-315895,MARKET,SELL,0.00753314,GTC,False,False,0.00753314,TAKER,112686.93000000001,0.0,['3.40 USD'],NO_TRIGGER,FILLED,NO_CONTINGENCY,,,,,,,,929b461f-da88-4faf-9b5a-310a419d26af,2025-10-12 15:30:00+00:00,2025-10-12 15:30:00+00:00
O-20251012-202000-BACKTEST-000-1053,KRAKEN-BACKTEST,KrakenBTCUSDResearchStrategy-000,BTC/USD.KRAKEN,KRAKEN-1-1053,BTC/USD.KRAKEN-KrakenBTCUSDResearchStrategy-000,KRAKEN-001,T-12b663425eae23a6-316123,MARKET,BUY,0.00741986,GTC,False,False,0.00741986,TAKER,114827.3,0.0,['3.41 USD'],NO_TRIGGER,FILLED,NO_CONTINGENCY,,,,,,,,aa15fdff-7b5b-4ff0-9c2e-ae75e817bc89,2025-10-12 20:20:00+00:00,2025-10-12 20:20:00+00:00
O-20251013-033000-BACKTEST-000-1054,KRAKEN-BACKTEST,KrakenBTCUSDResearchStrategy-000,BTC/USD.KRAKEN,KRAKEN-1-1054,BTC/USD.KRAKEN-KrakenBTCUSDResearchStrategy-000,KRAKEN-001,T-240c9396dc7e1edd-316461,MARKET,SELL,0.00741986,GTC,False,False,0.00741986,TAKER,114906.45000000001,0.0,['3.41 USD'],NO_TRIGGER,FILLED,NO_CONTINGENCY,,,,,,,,733eb9ca-840d-4b65-8960-b75899bc4f4c,2025-10-13 03:30:00+00:00,2025-10-13 03:30:00+00:00
O-20251013-191500-BACKTEST-000-1055,KRAKEN-BACKTEST,KrakenBTCUSDResearchStrategy-000,BTC/USD.KRAKEN,KRAKEN-1-1055,BTC/USD.KRAKEN-KrakenBTCUSDResearchStrategy-000,KRAKEN-001,T-cb7c8d2569eba448-317206,MARKET,BUY,0.00736344,GTC,False,False,0.00736344,TAKER,115453.27,0.0,['3.40 USD'],NO_TRIGGER,FILLED,NO_CONTINGENCY,,,,,,,,1942113e-79a4-4b28-902f-890c7d8a50f1,2025-10-13 19:15:00+00:00,2025-10-13 19:15:00+00:00
O-20251013-234000-BACKTEST-000-1056,KRAKEN-BACKTEST,KrakenBTCUSDResearchStrategy-000,BTC/USD.KRAKEN,KRAKEN-1-1056,BTC/USD.KRAKEN-KrakenBTCUSDResearchStrategy-000,KRAKEN-001,T-de2e1964163533b3-317410,MARKET,SELL,0.00736344,GTC,False,False,0.00736344,TAKER,115185.68,0.0,['3.39 USD'],NO_TRIGGER,FILLED,NO_CONTINGENCY,,,,,,,,19bbbbfc-ca3c-4e60-aacc-042344b2551f,2025-10-13 23:40:00+00:00,2025-10-13 23:40:00+00:00
O-20251014-155500-BACKTEST-000-1057,KRAKEN-BACKTEST,KrakenBTCUSDResearchStrategy-000,BTC/USD.KRAKEN,KRAKEN-1-1057,BTC/USD.KRAKEN-KrakenBTCUSDResearchStrategy-000,KRAKEN-001,T-b296c1072f2be05a-318178,MARKET,BUY,0.00750666,GTC,False,False,0.00750666,TAKER,112900.43,0.0,['3.39 USD'],NO_TRIGGER,FILLED,NO_CONTINGENCY,,,,,,,,5e2ca5d3-d6a7-4de6-a917-a4785d509766,2025-10-14 15:55:00+00:00,2025-10-14 15:55:00+00:00
O-20251014-194000-BACKTEST-000-1058,KRAKEN-BACKTEST,KrakenBTCUSDResearchStrategy-000,BTC/USD.KRAKEN,KRAKEN-1-1058,BTC/USD.KRAKEN-KrakenBTCUSDResearchStrategy-000,KRAKEN-001,T-900f38cdc0db43a4-318357,MARKET,SELL,0.00750666,GTC,False,False,0.00750666,TAKER,112104.75,0.0,['3.37 USD'],NO_TRIGGER,FILLED,NO_CONTINGENCY,,,,,,,,eee93f6e-8579-4c10-b26c-fbcc279ce90a,2025-10-14 19:40:00+00:00,2025-10-14 19:40:00+00:00
O-20251015-083000-BACKTEST-000-1059,KRAKEN-BACKTEST,KrakenBTCUSDResearchStrategy-000,BTC/USD.KRAKEN,KRAKEN-1-1059,BTC/USD.KRAKEN-KrakenBTCUSDResearchStrategy-000,KRAKEN-001,T-d306912a466d4ac9-318962,MARKET,BUY,0.00744683,GTC,False,False,0.00744683,TAKER,113294.26999999999,0.0,['3.37 USD'],NO_TRIGGER,FILLED,NO_CONTINGENCY,,,,,,,,7c673331-9345-4c1a-802f-6481121c153e,2025-10-15 08:30:00+00:00,2025-10-15 08:30:00+00:00
O-20251015-091500-BACKTEST-000-1060,KRAKEN-BACKTEST,KrakenBTCUSDResearchStrategy-000,BTC/USD.KRAKEN,KRAKEN-1-1060,BTC/USD.KRAKEN-KrakenBTCUSDResearchStrategy-000,KRAKEN-001,T-f20d793b735bfaaa-318998,MARKET,SELL,0.00744683,GTC,False,False,0.00744683,TAKER,112736.22,0.0,['3.36 USD'],NO_TRIGGER,FILLED,NO_CONTINGENCY,,,,,,,,6d7064db-63f3-45a9-b034-f454a7618c95,2025-10-15 09:15:00+00:00,2025-10-15 09:15:00+00:00
O-20251016-032000-BACKTEST-000-1061,KRAKEN-BACKTEST,KrakenBTCUSDResearchStrategy-000,BTC/USD.KRAKEN,KRAKEN-1-1061,BTC/USD.KRAKEN-KrakenBTCUSDResearchStrategy-000,KRAKEN-001,T-83b7b61a5870871d-319848,MARKET,BUY,0.00752383,GTC,False,False,0.00752383,TAKER,111701.06999999999,0.0,['3.36 USD'],NO_TRIGGER,FILLED,NO_CONTINGENCY,,,,,,,,0559c840-be50-4540-8231-f2a0f97ca47b,2025-10-16 03:20:00+00:00,2025-10-16 03:20:00+00:00
O-20251016-035500-BACKTEST-000-1062,KRAKEN-BACKTEST,KrakenBTCUSDResearchStrategy-000,BTC/USD.KRAKEN,KRAKEN-1-1062,BTC/USD.KRAKEN-KrakenBTCUSDResearchStrategy-000,KRAKEN-001,T-f4dcc085da0916bb-319876,MARKET,SELL,0.00752383,GTC,False,False,0.00752383,TAKER,111329.48,0.0,['3.35 USD'],NO_TRIGGER,FILLED,NO_CONTINGENCY,,,,,,,,65b201d0-d85b-4f23-bb82-59739e4058af,2025-10-16 03:55:00+00:00,2025-10-16 03:55:00+00:00
O-20251016-120000-BACKTEST-000-1063,KRAKEN-BACKTEST,KrakenBTCUSDResearchStrategy-000,BTC/USD.KRAKEN,KRAKEN-1-1063,BTC/USD.KRAKEN-KrakenBTCUSDResearchStrategy-000,KRAKEN-001,T-620e971a0ab78e1f-320253,MARKET,BUY,0.00748884,GTC,False,False,0.00748884,TAKER,111842.01,0.0,['3.35 USD'],NO_TRIGGER,FILLED,NO_CONTINGENCY,,,,,,,,712f3291-f9c6-4698-a8dc-a974b16b8563,2025-10-16 12:00:00+00:00,2025-10-16 12:00:00+00:00
O-20251016-122500-BACKTEST-000-1064,KRAKEN-BACKTEST,KrakenBTCUSDResearchStrategy-000,BTC/USD.KRAKEN,KRAKEN-1-1064,BTC/USD.KRAKEN-KrakenBTCUSDResearchStrategy-000,KRAKEN-001,T-80ff84b41cb537c7-320272,MARKET,SELL,0.00748884,GTC,False,False,0.00748884,TAKER,111419.94,0.0,['3.34 USD'],NO_TRIGGER,FILLED,NO_CONTINGENCY,,,,,,,,c4e94358-5f3f-4eb1-8911-f1dbe84b231e,2025-10-16 12:25:00+00:00,2025-10-16 12:25:00+00:00
O-20251017-035500-BACKTEST-000-1065,KRAKEN-BACKTEST,KrakenBTCUSDResearchStrategy-000,BTC/USD.KRAKEN,KRAKEN-1-1065,BTC/USD.KRAKEN-KrakenBTCUSDResearchStrategy-000,KRAKEN-001,T-18503d2b2a015cee-321005,MARKET,BUY,0.00764459,GTC,False,False,0.00764459,TAKER,109176.73999999999,0.0,['3.34 USD'],NO_TRIGGER,FILLED,NO_CONTINGENCY,,,,,,,,0f4b540b-4799-4732-abfa-a2f0a9a90878,2025-10-17 03:55:00+00:00,2025-10-17 03:55:00+00:00
O-20251017-044000-BACKTEST-000-1066,KRAKEN-BACKTEST,KrakenBTCUSDResearchStrategy-000,BTC/USD.KRAKEN,KRAKEN-1-1066,BTC/USD.KRAKEN-KrakenBTCUSDResearchStrategy-000,KRAKEN-001,T-ae5c421e9b166e9a-321040,MARKET,SELL,0.00764459,GTC,False,False,0.00764459,TAKER,108910.46,0.0,['3.33 USD'],NO_TRIGGER,FILLED,NO_CONTINGENCY,,,,,,,,e09d78d1-8076-4a7e-ae77-fc175230bf8f,2025-10-17 04:40:00+00:00,2025-10-17 04:40:00+00:00
O-20251017-160000-BACKTEST-000-1067,KRAKEN-BACKTEST,KrakenBTCUSDResearchStrategy-000,BTC/USD.KRAKEN,KRAKEN-1-1067,BTC/USD.KRAKEN-KrakenBTCUSDResearchStrategy-000,KRAKEN-001,T-03b2e53a37090cf8-321577,MARKET,BUY,0.00775228,GTC,False,False,0.00775228,TAKER,107323.4,0.0,['3.33 USD'],NO_TRIGGER,FILLED,NO_CONTINGENCY,,,,,,,,49db598e-5e40-47eb-9501-bc2303cb8f88,2025-10-17 16:00:00+00:00,2025-10-17 16:00:00+00:00
O-20251017-163000-BACKTEST-000-1068,KRAKEN-BACKTEST,KrakenBTCUSDResearchStrategy-000,BTC/USD.KRAKEN,KRAKEN-1-1068,BTC/USD.KRAKEN-KrakenBTCUSDResearchStrategy-000,KRAKEN-001,T-3f7304abb73c78c7-321600,MARKET,SELL,0.00775228,GTC,False,False,0.00775228,TAKER,106514.84000000001,0.0,['3.30 USD'],NO_TRIGGER,FILLED,NO_CONTINGENCY,,,,,,,,10ddac9b-acd0-4b1c-a212-ff7abf91cce0,2025-10-17 16:30:00+00:00,2025-10-17 16:30:00+00:00
O-20251017-210500-BACKTEST-000-1069,KRAKEN-BACKTEST,KrakenBTCUSDResearchStrategy-000,BTC/USD.KRAKEN,KRAKEN-1-1069,BTC/USD.KRAKEN-KrakenBTCUSDResearchStrategy-000,KRAKEN-001,T-e11d43c13785ca64-321817,MARKET,BUY,0.00772065,GTC,False,False,0.00772065,TAKER,107261.82,0.0,['3.31 USD'],NO_TRIGGER,FILLED,NO_CONTINGENCY,,,,,,,,04fbd7b3-4f3c-4915-a56c-8af02b03672e,2025-10-17 21:05:00+00:00,2025-10-17 21:05:00+00:00
O-20251017-223500-BACKTEST-000-1070,KRAKEN-BACKTEST,KrakenBTCUSDResearchStrategy-000,BTC/USD.KRAKEN,KRAKEN-1-1070,BTC/USD.KRAKEN-KrakenBTCUSDResearchStrategy-000,KRAKEN-001,T-50589817af2d7bde-321885,MARKET,SELL,0.00772065,GTC,False,False,0.00772065,TAKER,106899.13,0.0,['3.30 USD'],NO_TRIGGER,FILLED,NO_CONTINGENCY,,,,,,,,d4003a05-fbd2-4f19-9508-af1c75a1a973,2025-10-17 22:35:00+00:00,2025-10-17 22:35:00+00:00
O-20251018-070500-BACKTEST-000-1071,KRAKEN-BACKTEST,KrakenBTCUSDResearchStrategy-000,BTC/USD.KRAKEN,KRAKEN-1-1071,BTC/USD.KRAKEN-KrakenBTCUSDResearchStrategy-000,KRAKEN-001,T-bb0d4d6cec6d8648-322282,MARKET,BUY,0.00768790,GTC,False,False,0.00768790,TAKER,107351.56,0.0,['3.30 USD'],NO_TRIGGER,FILLED,NO_CONTINGENCY,,,,,,,,ed8987f6-0f4b-44d3-b220-98a100a6c376,2025-10-18 07:05:00+00:00,2025-10-18 07:05:00+00:00
O-20251018-072000-BACKTEST-000-1072,KRAKEN-BACKTEST,KrakenBTCUSDResearchStrategy-000,BTC/USD.KRAKEN,KRAKEN-1-1072,BTC/USD.KRAKEN-KrakenBTCUSDResearchStrategy-000,KRAKEN-001,T-33393a051176c5cd-322294,MARKET,SELL,0.00768790,GTC,False,False,0.00768790,TAKER,107065.15999999999,0.0,['3.29 USD'],NO_TRIGGER,FILLED,NO_CONTINGENCY,,,,,,,,2a340ef1-92b9-4164-8525-caa3426cfa25,2025-10-18 07:20:00+00:00,2025-10-18 07:20:00+00:00
O-20251018-200500-BACKTEST-000-1073,KRAKEN-BACKTEST,KrakenBTCUSDResearchStrategy-000,BTC/USD.KRAKEN,KRAKEN-1-1073,BTC/USD.KRAKEN-KrakenBTCUSDResearchStrategy-000,KRAKEN-001,T-4d67a6029a03f4a9-322880,MARKET,BUY,0.00767373,GTC,False,False,0.00767373,TAKER,107206.14,0.0,['3.29 USD'],NO_TRIGGER,FILLED,NO_CONTINGENCY,,,,,,,,90f52d6e-8622-4b0d-892c-b72707027039,2025-10-18 20:05:00+00:00,2025-10-18 20:05:00+00:00
O-20251018-201000-BACKTEST-000-1074,KRAKEN-BACKTEST,KrakenBTCUSDResearchStrategy-000,BTC/USD.KRAKEN,KRAKEN-1-1074,BTC/USD.KRAKEN-KrakenBTCUSDResearchStrategy-000,KRAKEN-001,T-5a066dba27d68190-322884,MARKET,SELL,0.00767373,GTC,False,False,0.00767373,TAKER,107040.3,0.0,['3.29 USD'],NO_TRIGGER,FILLED,NO_CONTINGENCY,,,,,,,,e72b5aa4-9972-4728-971e-d6eb322e9dff,2025-10-18 20:10:00+00:00,2025-10-18 20:10:00+00:00
O-20251019-034500-BACKTEST-000-1075,KRAKEN-BACKTEST,KrakenBTCUSDResearchStrategy-000,BTC/USD.KRAKEN,KRAKEN-1-1075,BTC/USD.KRAKEN-KrakenBTCUSDResearchStrategy-000,KRAKEN-001,T-2c992e1aaf2019ae-323232,MARKET,BUY,0.00764161,GTC,False,False,0.00764161,TAKER,107348.67,0.0,['3.28 USD'],NO_TRIGGER,FILLED,NO_CONTINGENCY,,,,,,,,406c899a-bb89-412f-ae73-f92dec8b0dcf,2025-10-19 03:45:00+00:00,2025-10-19 03:45:00+00:00
O-20251019-040500-BACKTEST-000-1076,KRAKEN-BACKTEST,KrakenBTCUSDResearchStrategy-000,BTC/USD.KRAKEN,KRAKEN-1-1076,BTC/USD.KRAKEN-KrakenBTCUSDResearchStrategy-000,KRAKEN-001,T-5586fba960b56403-323249,MARKET,SELL,0.00764161,GTC,False,False,0.00764161,TAKER,107074.77,0.0,['3.27 USD'],NO_TRIGGER,FILLED,NO_CONTINGENCY,,,,,,,,b9f6b629-5894-4486-8e76-f3e3f6bcb4c6,2025-10-19 04:05:00+00:00,2025-10-19 04:05:00+00:00
O-20251019-141500-BACKTEST-000-1077,KRAKEN-BACKTEST,KrakenBTCUSDResearchStrategy-000,BTC/USD.KRAKEN,KRAKEN-1-1077,BTC/USD.KRAKEN-KrakenBTCUSDResearchStrategy-000,KRAKEN-001,T-554e804205730f60-323728,MARKET,BUY,0.00754286,GTC,False,False,0.00754286,TAKER,108409.99,0.0,['3.27 USD'],NO_TRIGGER,FILLED,NO_CONTINGENCY,,,,,,,,8b31bd4a-399e-44a5-a0d1-82acb3da63c7,2025-10-19 14:15:00+00:00,2025-10-19 14:15:00+00:00
O-20251019-233500-BACKTEST-000-1078,KRAKEN-BACKTEST,KrakenBTCUSDResearchStrategy-000,BTC/USD.KRAKEN,KRAKEN-1-1078,BTC/USD.KRAKEN-KrakenBTCUSDResearchStrategy-000,KRAKEN-001,T-a664d211e6c3fe1f-324158,MARKET,SELL,0.00754286,GTC,False,False,0.00754286,TAKER,108695.71999999999,0.0,['3.28 USD'],NO_TRIGGER,FILLED,NO_CONTINGENCY,,,,,,,,061b360c-4a8d-4b6c-bc2c-3d10b0f3f58d,2025-10-19 23:35:00+00:00,2025-10-19 23:35:00+00:00
O-20251020-034500-BACKTEST-000-1079,KRAKEN-BACKTEST,KrakenBTCUSDResearchStrategy-000,BTC/USD.KRAKEN,KRAKEN-1-1079,BTC/USD.KRAKEN-KrakenBTCUSDResearchStrategy-000,KRAKEN-001,T-75f553720c7dcba7-324354,MARKET,BUY,0.00746840,GTC,False,False,0.00746840,TAKER,109314.48,0.0,['3.27 USD'],NO_TRIGGER,FILLED,NO_CONTINGENCY,,,,,,,,a010e554-6dea-4fbf-8bc0-f592e02a8f98,2025-10-20 03:45:00+00:00,2025-10-20 03:45:00+00:00
O-20251020-131000-BACKTEST-000-1080,KRAKEN-BACKTEST,KrakenBTCUSDResearchStrategy-000,BTC/USD.KRAKEN,KRAKEN-1-1080,BTC/USD.KRAKEN-KrakenBTCUSDResearchStrategy-000,KRAKEN-001,T-901d3e34a77eceeb-324801,MARKET,SELL,0.00746840,GTC,False,False,0.00746840,TAKER,110612.98999999999,0.0,['3.30 USD'],NO_TRIGGER,FILLED,NO_CONTINGENCY,,,,,,,,31b22b7a-ea5a-4c00-b782-38523292fa01,2025-10-20 13:10:00+00:00,2025-10-20 13:10:00+00:00
O-20251020-142500-BACKTEST-000-1081,KRAKEN-BACKTEST,KrakenBTCUSDResearchStrategy-000,BTC/USD.KRAKEN,KRAKEN-1-1081,BTC/USD.KRAKEN-KrakenBTCUSDResearchStrategy-000,KRAKEN-001,T-add1a6d0e403a7bb-324861,MARKET,BUY,0.00734525,GTC,False,False,0.00734525,TAKER,111275.05,0.0,['3.27 USD'],NO_TRIGGER,FILLED,NO_CONTINGENCY,,,,,,,,af0bae24-0f73-4fcd-a791-05c870c7ec9e,2025-10-20 14:25:00+00:00,2025-10-20 14:25:00+00:00
O-20251020-160000-BACKTEST-000-1082,KRAKEN-BACKTEST,KrakenBTCUSDResearchStrategy-000,BTC/USD.KRAKEN,KRAKEN-1-1082,BTC/USD.KRAKEN-KrakenBTCUSDResearchStrategy-000,KRAKEN-001,T-f5481db8bb6713c1-324936,MARKET,SELL,0.00734525,GTC,False,False,0.00734525,TAKER,110853.09000000001,0.0,['3.26 USD'],NO_TRIGGER,FILLED,NO_CONTINGENCY,,,,,,,,2d800ec1-d73a-45ac-817e-826fa5d07109,2025-10-20 16:00:00+00:00,2025-10-20 16:00:00+00:00
O-20251021-122000-BACKTEST-000-1083,KRAKEN-BACKTEST,KrakenBTCUSDResearchStrategy-000,BTC/USD.KRAKEN,KRAKEN-1-1083,BTC/USD.KRAKEN-KrakenBTCUSDResearchStrategy-000,KRAKEN-001,T-6fd96e8745e0a443-325881,MARKET,BUY,0.00744727,GTC,False,False,0.00744727,TAKER,109362.75,0.0,['3.26 USD'],NO_TRIGGER,FILLED,NO_CONTINGENCY,,,,,,,,b8c1fe24-1df7-4c4d-98ab-dccd3606e2ab,2025-10-21 12:20:00+00:00,2025-10-21 12:20:00+00:00
O-20251021-123000-BACKTEST-000-1084,KRAKEN-BACKTEST,KrakenBTCUSDResearchStrategy-000,BTC/USD.KRAKEN,KRAKEN-1-1084,BTC/USD.KRAKEN-KrakenBTCUSDResearchStrategy-000,KRAKEN-001,T-3c2473c3fd650132-325889,MARKET,SELL,0.00744727,GTC,False,False,0.00744727,TAKER,108910.03,0.0,['3.24 USD'],NO_TRIGGER,FILLED,NO_CONTINGENCY,,,,,,,,563c13eb-1fa8-44f8-8b41-b3c358826830,2025-10-21 12:30:00+00:00,2025-10-21 12:30:00+00:00
O-20251021-141000-BACKTEST-000-1085,KRAKEN-BACKTEST,KrakenBTCUSDResearchStrategy-000,BTC/USD.KRAKEN,KRAKEN-1-1085,BTC/USD.KRAKEN-KrakenBTCUSDResearchStrategy-000,KRAKEN-001,T-56905f09e17eecd3-325969,MARKET,BUY,0.00739436,GTC,False,False,0.00739436,TAKER,109744.9,0.0,['3.25 USD'],NO_TRIGGER,FILLED,NO_CONTINGENCY,,,,,,,,d4a6749d-afa4-40dd-9356-ff2d93b37168,2025-10-21 14:10:00+00:00,2025-10-21 14:10:00+00:00
O-20251021-201500-BACKTEST-000-1086,KRAKEN-BACKTEST,KrakenBTCUSDResearchStrategy-000,BTC/USD.KRAKEN,KRAKEN-1-1086,BTC/USD.KRAKEN-KrakenBTCUSDResearchStrategy-000,KRAKEN-001,T-0d821d5f79550034-326258,MARKET,SELL,0.00739436,GTC,False,False,0.00739436,TAKER,110819.93,0.0,['3.28 USD'],NO_TRIGGER,FILLED,NO_CONTINGENCY,,,,,,,,0b0c29b7-9d1a-468f-ac27-62f878185e2c,2025-10-21 20:15:00+00:00,2025-10-21 20:15:00+00:00
O-20251023-011000-BACKTEST-000-1087,KRAKEN-BACKTEST,KrakenBTCUSDResearchStrategy-000,BTC/USD.KRAKEN,KRAKEN-1-1087,BTC/USD.KRAKEN-KrakenBTCUSDResearchStrategy-000,KRAKEN-001,T-1c5f0e72967954fc-327606,MARKET,BUY,0.00749616,GTC,False,False,0.00749616,TAKER,108311.35,0.0,['3.25 USD'],NO_TRIGGER,FILLED,NO_CONTINGENCY,,,,,,,,44309789-7260-4035-940e-6fe59b0d576e,2025-10-23 01:10:00+00:00,2025-10-23 01:10:00+00:00
O-20251023-115000-BACKTEST-000-1088,KRAKEN-BACKTEST,KrakenBTCUSDResearchStrategy-000,BTC/USD.KRAKEN,KRAKEN-1-1088,BTC/USD.KRAKEN-KrakenBTCUSDResearchStrategy-000,KRAKEN-001,T-2f40185cff456d5d-328100,MARKET,SELL,0.00749616,GTC,False,False,0.00749616,TAKER,109194.0,0.0,['3.27 USD'],NO_TRIGGER,FILLED,NO_CONTINGENCY,,,,,,,,d2926a6b-6de0-46ab-8f39-910f4fe6e8d0,2025-10-23 11:50:00+00:00,2025-10-23 11:50:00+00:00
O-20251023-150500-BACKTEST-000-1089,KRAKEN-BACKTEST,KrakenBTCUSDResearchStrategy-000,BTC/USD.KRAKEN,KRAKEN-1-1089,BTC/USD.KRAKEN-KrakenBTCUSDResearchStrategy-000,KRAKEN-001,T-11dba8c17409b6a6-328253,MARKET,BUY,0.00738639,GTC,False,False,0.00738639,TAKER,109925.06,0.0,['3.25 USD'],NO_TRIGGER,FILLED,NO_CONTINGENCY,,,,,,,,ff403122-c0f7-4e19-aa8a-d71eee91e7cb,2025-10-23 15:05:00+00:00,2025-10-23 15:05:00+00:00
O-20251023-200000-BACKTEST-000-1090,KRAKEN-BACKTEST,KrakenBTCUSDResearchStrategy-000,BTC/USD.KRAKEN,KRAKEN-1-1090,BTC/USD.KRAKEN-KrakenBTCUSDResearchStrategy-000,KRAKEN-001,T-cd2d8cf7ff9cdf10-328481,MARKET,SELL,0.00738639,GTC,False,False,0.00738639,TAKER,109989.36,0.0,['3.25 USD'],NO_TRIGGER,FILLED,NO_CONTINGENCY,,,,,,,,f9ca5935-a7ba-480f-a434-97875af6bb29,2025-10-23 20:00:00+00:00,2025-10-23 20:00:00+00:00
O-20251024-005000-BACKTEST-000-1091,KRAKEN-BACKTEST,KrakenBTCUSDResearchStrategy-000,BTC/USD.KRAKEN,KRAKEN-1-1091,BTC/USD.KRAKEN-KrakenBTCUSDResearchStrategy-000,KRAKEN-001,T-30f668144eb622da-328701,MARKET,BUY,0.00732720,GTC,False,False,0.00732720,TAKER,110566.18,0.0,['3.24 USD'],NO_TRIGGER,FILLED,NO_CONTINGENCY,,,,,,,,72df6db1-4a37-49a6-a42c-c663fa1e3641,2025-10-24 00:50:00+00:00,2025-10-24 00:50:00+00:00
O-20251024-012500-BACKTEST-000-1092,KRAKEN-BACKTEST,KrakenBTCUSDResearchStrategy-000,BTC/USD.KRAKEN,KRAKEN-1-1092,BTC/USD.KRAKEN-KrakenBTCUSDResearchStrategy-000,KRAKEN-001,T-9c834c7137cb869b-328730,MARKET,SELL,0.00732720,GTC,False,False,0.00732720,TAKER,110242.36,0.0,['3.23 USD'],NO_TRIGGER,FILLED,NO_CONTINGENCY,,,,,,,,4e0ee47f-8933-43d4-b545-5b39dd49185f,2025-10-24 01:25:00+00:00,2025-10-24 01:25:00+00:00
O-20251024-025000-BACKTEST-000-1093,KRAKEN-BACKTEST,KrakenBTCUSDResearchStrategy-000,BTC/USD.KRAKEN,KRAKEN-1-1093,BTC/USD.KRAKEN-KrakenBTCUSDResearchStrategy-000,KRAKEN-001,T-38dc4dc7197e225f-328798,MARKET,BUY,0.00729197,GTC,False,False,0.00729197,TAKER,110736.71,0.0,['3.23 USD'],NO_TRIGGER,FILLED,NO_CONTINGENCY,,,,,,,,658df223-7b73-42a0-ac2f-3edc5b942d8e,2025-10-24 02:50:00+00:00,2025-10-24 02:50:00+00:00
O-20251024-030000-BACKTEST-000-1094,KRAKEN-BACKTEST,KrakenBTCUSDResearchStrategy-000,BTC/USD.KRAKEN,KRAKEN-1-1094,BTC/USD.KRAKEN-KrakenBTCUSDResearchStrategy-000,KRAKEN-001,T-5b79e14a1976922f-328806,MARKET,SELL,0.00729197,GTC,False,False,0.00729197,TAKER,110473.04,0.0,['3.22 USD'],NO_TRIGGER,FILLED,NO_CONTINGENCY,,,,,,,,cbad1be8-b546-434e-a1c1-be9901f5471d,2025-10-24 03:00:00+00:00,2025-10-24 03:00:00+00:00
O-20251024-042500-BACKTEST-000-1095,KRAKEN-BACKTEST,KrakenBTCUSDResearchStrategy-000,BTC/USD.KRAKEN,KRAKEN-1-1095,BTC/USD.KRAKEN-KrakenBTCUSDResearchStrategy-000,KRAKEN-001,T-66aa7b4a7693148b-328871,MARKET,BUY,0.00725452,GTC,False,False,0.00725452,TAKER,110962.21,0.0,['3.22 USD'],NO_TRIGGER,FILLED,NO_CONTINGENCY,,,,,,,,4d568b44-a75a-4ff4-bd63-08e2e6fc19cc,2025-10-24 04:25:00+00:00,2025-10-24 04:25:00+00:00
O-20251024-082500-BACKTEST-000-1096,KRAKEN-BACKTEST,KrakenBTCUSDResearchStrategy-000,BTC/USD.KRAKEN,KRAKEN-1-1096,BTC/USD.KRAKEN-KrakenBTCUSDResearchStrategy-000,KRAKEN-001,T-999a64b2083fa74c-329054,MARKET,SELL,0.00725452,GTC,False,False,0.00725452,TAKER,110812.0,0.0,['3.22 USD'],NO_TRIGGER,FILLED,NO_CONTINGENCY,,,,,,,,8cb377b8-64b9-468b-962c-5bbfa6ff1f76,2025-10-24 08:25:00+00:00,2025-10-24 08:25:00+00:00
O-20251024-123000-BACKTEST-000-1097,KRAKEN-BACKTEST,KrakenBTCUSDResearchStrategy-000,BTC/USD.KRAKEN,KRAKEN-1-1097,BTC/USD.KRAKEN-KrakenBTCUSDResearchStrategy-000,KRAKEN-001,T-2e8cffc570c37d7a-329241,MARKET,BUY,0.00719562,GTC,False,False,0.00719562,TAKER,111556.51,0.0,['3.21 USD'],NO_TRIGGER,FILLED,NO_CONTINGENCY,,,,,,,,e67f129f-d6ab-4c96-a4ab-d866a93c427b,2025-10-24 12:30:00+00:00,2025-10-24 12:30:00+00:00
O-20251024-133500-BACKTEST-000-1098,KRAKEN-BACKTEST,KrakenBTCUSDResearchStrategy-000,BTC/USD.KRAKEN,KRAKEN-1-1098,BTC/USD.KRAKEN-KrakenBTCUSDResearchStrategy-000,KRAKEN-001,T-394f154f28523445-329292,MARKET,SELL,0.00719562,GTC,False,False,0.00719562,TAKER,110744.23,0.0,['3.19 USD'],NO_TRIGGER,FILLED,NO_CONTINGENCY,,,,,,,,47ed201b-8d80-4d25-bde5-975a3dc5fb3b,2025-10-24 13:35:00+00:00,2025-10-24 13:35:00+00:00
O-20251024-192500-BACKTEST-000-1099,KRAKEN-BACKTEST,KrakenBTCUSDResearchStrategy-000,BTC/USD.KRAKEN,KRAKEN-1-1099,BTC/USD.KRAKEN-KrakenBTCUSDResearchStrategy-000,KRAKEN-001,T-406408789c5226d5-329568,MARKET,BUY,0.00720237,GTC,False,False,0.00720237,TAKER,110941.72,0.0,['3.20 USD'],NO_TRIGGER,FILLED,NO_CONTINGENCY,,,,,,,,bf013972-79a0-4f25-b69a-a15282b9d5fb,2025-10-24 19:25:00+00:00,2025-10-24 19:25:00+00:00
O-20251024-193500-BACKTEST-000-1100,KRAKEN-BACKTEST,KrakenBTCUSDResearchStrategy-000,BTC/USD.KRAKEN,KRAKEN-1-1100,BTC/USD.KRAKEN-KrakenBTCUSDResearchStrategy-000,KRAKEN-001,T-74da83c4769a631c-329577,MARKET,SELL,0.00720237,GTC,False,False,0.00720237,TAKER,110689.75,0.0,['3.19 USD'],NO_TRIGGER,FILLED,NO_CONTINGENCY,,,,,,,,e3da5df9-ff1b-4750-8323-931e1b7e9810,2025-10-24 19:35:00+00:00,2025-10-24 19:35:00+00:00
O-20251024-214500-BACKTEST-000-1101,KRAKEN-BACKTEST,KrakenBTCUSDResearchStrategy-000,BTC/USD.KRAKEN,KRAKEN-1-1101,BTC/USD.KRAKEN-KrakenBTCUSDResearchStrategy-000,KRAKEN-001,T-5f48f26f63680458-329677,MARKET,BUY,0.00717163,GTC,False,False,0.00717163,TAKER,111074.20000000001,0.0,['3.19 USD'],NO_TRIGGER,FILLED,NO_CONTINGENCY,,,,,,,,120798eb-1639-4e11-a2f2-aebfcd296c5b,2025-10-24 21:45:00+00:00,2025-10-24 21:45:00+00:00
O-20251025-000500-BACKTEST-000-1102,KRAKEN-BACKTEST,KrakenBTCUSDResearchStrategy-000,BTC/USD.KRAKEN,KRAKEN-1-1102,BTC/USD.KRAKEN-KrakenBTCUSDResearchStrategy-000,KRAKEN-001,T-f08af6a788e10fb3-329786,MARKET,SELL,0.00717163,GTC,False,False,0.00717163,TAKER,110923.20999999999,0.0,['3.18 USD'],NO_TRIGGER,FILLED,NO_CONTINGENCY,,,,,,,,e9cf7bec-98f8-4e27-8f4e-500b39ac1d9c,2025-10-25 00:05:00+00:00,2025-10-25 00:05:00+00:00
O-20251025-041500-BACKTEST-000-1103,KRAKEN-BACKTEST,KrakenBTCUSDResearchStrategy-000,BTC/USD.KRAKEN,KRAKEN-1-1103,BTC/USD.KRAKEN-KrakenBTCUSDResearchStrategy-000,KRAKEN-001,T-1d50d2d0dbddcb60-329976,MARKET,BUY,0.00712921,GTC,False,False,0.00712921,TAKER,111421.74,0.0,['3.18 USD'],NO_TRIGGER,FILLED,NO_CONTINGENCY,,,,,,,,ac69de08-711e-4fba-92f4-70704b7d2b13,2025-10-25 04:15:00+00:00,2025-10-25 04:15:00+00:00
O-20251025-045500-BACKTEST-000-1104,KRAKEN-BACKTEST,KrakenBTCUSDResearchStrategy-000,BTC/USD.KRAKEN,KRAKEN-1-1104,BTC/USD.KRAKEN-KrakenBTCUSDResearchStrategy-000,KRAKEN-001,T-62ba6b7279d2bac4-330006,MARKET,SELL,0.00712921,GTC,False,False,0.00712921,TAKER,111228.0,0.0,['3.17 USD'],NO_TRIGGER,FILLED,NO_CONTINGENCY,,,,,,,,aac87871-434c-45c6-86f4-33a5a2d81712,2025-10-25 04:55:00+00:00,2025-10-25 04:55:00+00:00
O-20251025-071500-BACKTEST-000-1105,KRAKEN-BACKTEST,KrakenBTCUSDResearchStrategy-000,BTC/USD.KRAKEN,KRAKEN-1-1105,BTC/USD.KRAKEN-KrakenBTCUSDResearchStrategy-000,KRAKEN-001,T-a67227b3e37c900b-330112,MARKET,BUY,0.00710006,GTC,False,False,0.00710006,TAKER,111552.43,0.0,['3.17 USD'],NO_TRIGGER,FILLED,NO_CONTINGENCY,,,,,,,,8e0447ff-345a-4a88-a85f-5eedbb571c67,2025-10-25 07:15:00+00:00,2025-10-25 07:15:00+00:00
O-20251025-143000-BACKTEST-000-1106,KRAKEN-BACKTEST,KrakenBTCUSDResearchStrategy-000,BTC/USD.KRAKEN,KRAKEN-1-1106,BTC/USD.KRAKEN-KrakenBTCUSDResearchStrategy-000,KRAKEN-001,T-3d10aee0266c0c0e-330438,MARKET,SELL,0.00710006,GTC,False,False,0.00710006,TAKER,111535.71999999999,0.0,['3.17 USD'],NO_TRIGGER,FILLED,NO_CONTINGENCY,,,,,,,,4fa58741-93d7-42e9-924b-47086177887d,2025-10-25 14:30:00+00:00,2025-10-25 14:30:00+00:00
O-20251026-002500-BACKTEST-000-1107,KRAKEN-BACKTEST,KrakenBTCUSDResearchStrategy-000,BTC/USD.KRAKEN,KRAKEN-1-1107,BTC/USD.KRAKEN-KrakenBTCUSDResearchStrategy-000,KRAKEN-001,T-9b4a1d01c078c29b-330880,MARKET,BUY,0.00707066,GTC,False,False,0.00707066,TAKER,111742.26,0.0,['3.16 USD'],NO_TRIGGER,FILLED,NO_CONTINGENCY,,,,,,,,5b5ec8eb-26c6-49ff-85ae-522fb0ac0893,2025-10-26 00:25:00+00:00,2025-10-26 00:25:00+00:00
O-20251026-020000-BACKTEST-000-1108,KRAKEN-BACKTEST,KrakenBTCUSDResearchStrategy-000,BTC/USD.KRAKEN,KRAKEN-1-1108,BTC/USD.KRAKEN-KrakenBTCUSDResearchStrategy-000,KRAKEN-001,T-e507b6859ee64985-330957,MARKET,SELL,0.00707066,GTC,False,False,0.00707066,TAKER,111495.39,0.0,['3.15 USD'],NO_TRIGGER,FILLED,NO_CONTINGENCY,,,,,,,,0f63f96c-a0b2-48f4-bfcd-c9e65bf583bc,2025-10-26 02:00:00+00:00,2025-10-26 02:00:00+00:00
O-20251026-070500-BACKTEST-000-1109,KRAKEN-BACKTEST,KrakenBTCUSDResearchStrategy-000,BTC/USD.KRAKEN,KRAKEN-1-1109,BTC/USD.KRAKEN-KrakenBTCUSDResearchStrategy-000,KRAKEN-001,T-1baf16f74bd920ec-331186,MARKET,BUY,0.00705161,GTC,False,False,0.00705161,TAKER,111701.65000000001,0.0,['3.15 USD'],NO_TRIGGER,FILLED,NO_CONTINGENCY,,,,,,,,796ce461-9464-405f-9715-2f824b7bf430,2025-10-26 07:05:00+00:00,2025-10-26 07:05:00+00:00
O-20251026-202500-BACKTEST-000-1110,KRAKEN-BACKTEST,KrakenBTCUSDResearchStrategy-000,BTC/USD.KRAKEN,KRAKEN-1-1110,BTC/USD.KRAKEN-KrakenBTCUSDResearchStrategy-000,KRAKEN-001,T-a71a37da73253fc4-331803,MARKET,SELL,0.00705161,GTC,False,False,0.00705161,TAKER,113372.23,0.0,['3.20 USD'],NO_TRIGGER,FILLED,NO_CONTINGENCY,,,,,,,,d12f1f82-298d-4ebd-9c80-4c7f2461c953,2025-10-26 20:25:00+00:00,2025-10-26 20:25:00+00:00
O-20251026-220000-BACKTEST-000-1111,KRAKEN-BACKTEST,KrakenBTCUSDResearchStrategy-000,BTC/USD.KRAKEN,KRAKEN-1-1111,BTC/USD.KRAKEN-KrakenBTCUSDResearchStrategy-000,KRAKEN-001,T-868fe47fb20aade3-331874,MARKET,BUY,0.00687701,GTC,False,False,0.00687701,TAKER,114774.49,0.0,['3.16 USD'],NO_TRIGGER,FILLED,NO_CONTINGENCY,,,,,,,,98902d0f-4e32-40c2-9e30-f2651df977ce,2025-10-26 22:00:00+00:00,2025-10-26 22:00:00+00:00
O-20251027-082500-BACKTEST-000-1112,KRAKEN-BACKTEST,KrakenBTCUSDResearchStrategy-000,BTC/USD.KRAKEN,KRAKEN-1-1112,BTC/USD.KRAKEN-KrakenBTCUSDResearchStrategy-000,KRAKEN-001,T-bcc0d99caaef8072-332361,MARKET,SELL,0.00687701,GTC,False,False,0.00687701,TAKER,115136.47,0.0,['3.17 USD'],NO_TRIGGER,FILLED,NO_CONTINGENCY,,,,,,,,dc665dce-123d-4649-8178-877b0cefc496,2025-10-27 08:25:00+00:00,2025-10-27 08:25:00+00:00
O-20251027-163500-BACKTEST-000-1113,KRAKEN-BACKTEST,KrakenBTCUSDResearchStrategy-000,BTC/USD.KRAKEN,KRAKEN-1-1113,BTC/USD.KRAKEN-KrakenBTCUSDResearchStrategy-000,KRAKEN-001,T-9b3ee7809d576f59-332744,MARKET,BUY,0.00682405,GTC,False,False,0.00682405,TAKER,115496.06,0.0,['3.15 USD'],NO_TRIGGER,FILLED,NO_CONTINGENCY,,,,,,,,0bcdfb90-e0dc-4d32-9f4d-fd7f8441505c,2025-10-27 16:35:00+00:00,2025-10-27 16:35:00+00:00
O-20251027-190000-BACKTEST-000-1114,KRAKEN-BACKTEST,KrakenBTCUSDResearchStrategy-000,BTC/USD.KRAKEN,KRAKEN-1-1114,BTC/USD.KRAKEN-KrakenBTCUSDResearchStrategy-000,KRAKEN-001,T-6311f88ab58da868-332856,MARKET,SELL,0.00682405,GTC,False,False,0.00682405,TAKER,115041.94,0.0,['3.14 USD'],NO_TRIGGER,FILLED,NO_CONTINGENCY,,,,,,,,9d11b85e-e413-4021-81a4-0a441a879d38,2025-10-27 19:00:00+00:00,2025-10-27 19:00:00+00:00
O-20251028-082500-BACKTEST-000-1115,KRAKEN-BACKTEST,KrakenBTCUSDResearchStrategy-000,BTC/USD.KRAKEN,KRAKEN-1-1115,BTC/USD.KRAKEN-KrakenBTCUSDResearchStrategy-000,KRAKEN-001,T-bf56e56f705138a5-333468,MARKET,BUY,0.00686650,GTC,False,False,0.00686650,TAKER,114371.73000000001,0.0,['3.14 USD'],NO_TRIGGER,FILLED,NO_CONTINGENCY,,,,,,,,7abe5064-cb2c-47da-9127-e8abbf17abd5,2025-10-28 08:25:00+00:00,2025-10-28 08:25:00+00:00
O-20251028-115000-BACKTEST-000-1116,KRAKEN-BACKTEST,KrakenBTCUSDResearchStrategy-000,BTC/USD.KRAKEN,KRAKEN-1-1116,BTC/USD.KRAKEN-KrakenBTCUSDResearchStrategy-000,KRAKEN-001,T-b241b6a51ff2d157-333626,MARKET,SELL,0.00686650,GTC,False,False,0.00686650,TAKER,114315.49,0.0,['3.14 USD'],NO_TRIGGER,FILLED,NO_CONTINGENCY,,,,,,,,bf682194-1445-4a45-a839-29812db5b27d,2025-10-28 11:50:00+00:00,2025-10-28 11:50:00+00:00
O-20251028-130500-BACKTEST-000-1117,KRAKEN-BACKTEST,KrakenBTCUSDResearchStrategy-000,BTC/USD.KRAKEN,KRAKEN-1-1117,BTC/USD.KRAKEN-KrakenBTCUSDResearchStrategy-000,KRAKEN-001,T-dd46681d51625c96-333683,MARKET,BUY,0.00682252,GTC,False,False,0.00682252,TAKER,114816.12000000001,0.0,['3.13 USD'],NO_TRIGGER,FILLED,NO_CONTINGENCY,,,,,,,,0baec931-d609-43f5-adde-7637cb600a58,2025-10-28 13:05:00+00:00,2025-10-28 13:05:00+00:00
O-20251028-154000-BACKTEST-000-1118,KRAKEN-BACKTEST,KrakenBTCUSDResearchStrategy-000,BTC/USD.KRAKEN,KRAKEN-1-1118,BTC/USD.KRAKEN-KrakenBTCUSDResearchStrategy-000,KRAKEN-001,T-ca5f9cc2be118cbf-333806,MARKET,SELL,0.00682252,GTC,False,False,0.00682252,TAKER,114543.75,0.0,['3.13 USD'],NO_TRIGGER,FILLED,NO_CONTINGENCY,,,,,,,,34816bfa-2a0a-4262-bc1c-886bfde6a881,2025-10-28 15:40:00+00:00,2025-10-28 15:40:00+00:00
O-20251029-072000-BACKTEST-000-1119,KRAKEN-BACKTEST,KrakenBTCUSDResearchStrategy-000,BTC/USD.KRAKEN,KRAKEN-1-1119,BTC/USD.KRAKEN-KrakenBTCUSDResearchStrategy-000,KRAKEN-001,T-d0b8617b8e15128e-334527,MARKET,BUY,0.00688479,GTC,False,False,0.00688479,TAKER,113423.82,0.0,['3.12 USD'],NO_TRIGGER,FILLED,NO_CONTINGENCY,,,,,,,,452c257a-4720-40d2-bed1-efe6e22271ad,2025-10-29 07:20:00+00:00,2025-10-29 07:20:00+00:00
O-20251029-083500-BACKTEST-000-1120,KRAKEN-BACKTEST,KrakenBTCUSDResearchStrategy-000,BTC/USD.KRAKEN,KRAKEN-1-1120,BTC/USD.KRAKEN-KrakenBTCUSDResearchStrategy-000,KRAKEN-001,T-623546c3cca44854-334585,MARKET,SELL,0.00688479,GTC,False,False,0.00688479,TAKER,113057.51,0.0,['3.11 USD'],NO_TRIGGER,FILLED,NO_CONTINGENCY,,,,,,,,b46b4a9d-7a03-4a51-9064-105e7fe7fca3,2025-10-29 08:35:00+00:00,2025-10-29 08:35:00+00:00
O-20251029-131000-BACKTEST-000-1121,KRAKEN-BACKTEST,KrakenBTCUSDResearchStrategy-000,BTC/USD.KRAKEN,KRAKEN-1-1121,BTC/USD.KRAKEN-KrakenBTCUSDResearchStrategy-000,KRAKEN-001,T-471ec60251049ac8-334796,MARKET,BUY,0.00686569,GTC,False,False,0.00686569,TAKER,113357.04,0.0,['3.11 USD'],NO_TRIGGER,FILLED,NO_CONTINGENCY,,,,,,,,6c328134-c966-4b3d-aa99-991fe5bbff1b,2025-10-29 13:10:00+00:00,2025-10-29 13:10:00+00:00
O-20251029-133500-BACKTEST-000-1122,KRAKEN-BACKTEST,KrakenBTCUSDResearchStrategy-000,BTC/USD.KRAKEN,KRAKEN-1-1122,BTC/USD.KRAKEN-KrakenBTCUSDResearchStrategy-000,KRAKEN-001,T-a41eaa90f4064a54-334817,MARKET,SELL,0.00686569,GTC,False,False,0.00686569,TAKER,112997.17,0.0,['3.10 USD'],NO_TRIGGER,FILLED,NO_CONTINGENCY,,,,,,,,896ee2a3-76a4-420a-8eb0-44c47772c0ce,2025-10-29 13:35:00+00:00,2025-10-29 13:35:00+00:00
O-20251030-071500-BACKTEST-000-1123,KRAKEN-BACKTEST,KrakenBTCUSDResearchStrategy-000,BTC/USD.KRAKEN,KRAKEN-1-1123,BTC/USD.KRAKEN-KrakenBTCUSDResearchStrategy-000,KRAKEN-001,T-fd5931c932540338-335633,MARKET,BUY,0.00695532,GTC,False,False,0.00695532,TAKER,111521.84,0.0,['3.10 USD'],NO_TRIGGER,FILLED,NO_CONTINGENCY,,,,,,,,255a5d09-f03d-4daa-bacc-da58e2d76fda,2025-10-30 07:15:00+00:00,2025-10-30 07:15:00+00:00
O-20251030-081000-BACKTEST-000-1124,KRAKEN-BACKTEST,KrakenBTCUSDResearchStrategy-000,BTC/USD.KRAKEN,KRAKEN-1-1124,BTC/USD.KRAKEN-KrakenBTCUSDResearchStrategy-000,KRAKEN-001,T-f9af49f2d1f51243-335678,MARKET,SELL,0.00695532,GTC,False,False,0.00695532,TAKER,110851.05,0.0,['3.08 USD'],NO_TRIGGER,FILLED,NO_CONTINGENCY,,,,,,,,198287e0-f8b6-49fd-b56a-89a23301f525,2025-10-30 08:10:00+00:00,2025-10-30 08:10:00+00:00
O-20251030-235500-BACKTEST-000-1125,KRAKEN-BACKTEST,KrakenBTCUSDResearchStrategy-000,BTC/USD.KRAKEN,KRAKEN-1-1125,BTC/USD.KRAKEN-KrakenBTCUSDResearchStrategy-000,KRAKEN-001,T-8b176168ea0cc941-336410,MARKET,BUY,0.00713068,GTC,False,False,0.00713068,TAKER,108322.88,0.0,['3.09 USD'],NO_TRIGGER,FILLED,NO_CONTINGENCY,,,,,,,,3d2248cf-9de3-4a3c-b784-2163c38b7dae,2025-10-30 23:55:00+00:00,2025-10-30 23:55:00+00:00
O-20251031-081000-BACKTEST-000-1126,KRAKEN-BACKTEST,KrakenBTCUSDResearchStrategy-000,BTC/USD.KRAKEN,KRAKEN-1-1126,BTC/USD.KRAKEN-KrakenBTCUSDResearchStrategy-000,KRAKEN-001,T-9a1fd27a52d84b30-336795,MARKET,SELL,0.00713068,GTC,False,False,0.00713068,TAKER,109222.46,0.0,['3.12 USD'],NO_TRIGGER,FILLED,NO_CONTINGENCY,,,,,,,,0a067f89-45e8-4735-bfd6-552c1e2b325f,2025-10-31 08:10:00+00:00,2025-10-31 08:10:00+00:00
O-20251031-120000-BACKTEST-000-1127,KRAKEN-BACKTEST,KrakenBTCUSDResearchStrategy-000,BTC/USD.KRAKEN,KRAKEN-1-1127,BTC/USD.KRAKEN-KrakenBTCUSDResearchStrategy-000,KRAKEN-001,T-38f96671ca86a54b-336977,MARKET,BUY,0.00698622,GTC,False,False,0.00698622,TAKER,110571.37,0.0,['3.09 USD'],NO_TRIGGER,FILLED,NO_CONTINGENCY,,,,,,,,25bea67e-41ec-4a4a-8580-5a1786a80465,2025-10-31 12:00:00+00:00,2025-10-31 12:00:00+00:00
O-20251031-123500-BACKTEST-000-1128,KRAKEN-BACKTEST,KrakenBTCUSDResearchStrategy-000,BTC/USD.KRAKEN,KRAKEN-1-1128,BTC/USD.KRAKEN-KrakenBTCUSDResearchStrategy-000,KRAKEN-001,T-70ee2a24f56079b8-337004,MARKET,SELL,0.00698622,GTC,False,False,0.00698622,TAKER,109856.09,0.0,['3.07 USD'],NO_TRIGGER,FILLED,NO_CONTINGENCY,,,,,,,,7dd87640-3378-4cf8-8b37-543e2963d33c,2025-10-31 12:35:00+00:00,2025-10-31 12:35:00+00:00
O-20251031-145500-BACKTEST-000-1129,KRAKEN-BACKTEST,KrakenBTCUSDResearchStrategy-000,BTC/USD.KRAKEN,KRAKEN-1-1129,BTC/USD.KRAKEN-KrakenBTCUSDResearchStrategy-000,KRAKEN-001,T-d9147b8aa3265a4f-337115,MARKET,BUY,0.00694220,GTC,False,False,0.00694220,TAKER,110790.14,0.0,['3.08 USD'],NO_TRIGGER,FILLED,NO_CONTINGENCY,,,,,,,,4c351cd3-250f-49a7-ba84-0435d6726464,2025-10-31 14:55:00+00:00,2025-10-31 14:55:00+00:00
O-20251031-160500-BACKTEST-000-1130,KRAKEN-BACKTEST,KrakenBTCUSDResearchStrategy-000,BTC/USD.KRAKEN,KRAKEN-1-1130,BTC/USD.KRAKEN-KrakenBTCUSDResearchStrategy-000,KRAKEN-001,T-6cd5586bb154c93d-337171,MARKET,SELL,0.00694220,GTC,False,False,0.00694220,TAKER,110000.0,0.0,['3.05 USD'],NO_TRIGGER,FILLED,NO_CONTINGENCY,,,,,,,,1b20723f-7a78-4ef6-9f26-86b45de78911,2025-10-31 16:05:00+00:00,2025-10-31 16:05:00+00:00
O-20251101-012500-BACKTEST-000-1131,KRAKEN-BACKTEST,KrakenBTCUSDResearchStrategy-000,BTC/USD.KRAKEN,KRAKEN-1-1131,BTC/USD.KRAKEN-KrakenBTCUSDResearchStrategy-000,KRAKEN-001,T-d771e1528d0a74d8-337608,MARKET,BUY,0.00696493,GTC,False,False,0.00696493,TAKER,109928.04,0.0,['3.06 USD'],NO_TRIGGER,FILLED,NO_CONTINGENCY,,,,,,,,3ea03f30-32e9-4df6-9f22-a911df6b6259,2025-11-01 01:25:00+00:00,2025-11-01 01:25:00+00:00
O-20251101-015500-BACKTEST-000-1132,KRAKEN-BACKTEST,KrakenBTCUSDResearchStrategy-000,BTC/USD.KRAKEN,KRAKEN-1-1132,BTC/USD.KRAKEN-KrakenBTCUSDResearchStrategy-000,KRAKEN-001,T-34cfa97b4362bb88-337633,MARKET,SELL,0.00696493,GTC,False,False,0.00696493,TAKER,109734.11,0.0,['3.06 USD'],NO_TRIGGER,FILLED,NO_CONTINGENCY,,,,,,,,bb5471dc-edfc-4b59-b39c-da25f47169e1,2025-11-01 01:55:00+00:00,2025-11-01 01:55:00+00:00
O-20251101-031500-BACKTEST-000-1133,KRAKEN-BACKTEST,KrakenBTCUSDResearchStrategy-000,BTC/USD.KRAKEN,KRAKEN-1-1133,BTC/USD.KRAKEN-KrakenBTCUSDResearchStrategy-000,KRAKEN-001,T-ae79c88b4366489c-337695,MARKET,BUY,0.00692942,GTC,False,False,0.00692942,TAKER,110168.0,0.0,['3.05 USD'],NO_TRIGGER,FILLED,NO_CONTINGENCY,,,,,,,,9c37a12a-5e30-46dd-89d5-4c4d9901c649,2025-11-01 03:15:00+00:00,2025-11-01 03:15:00+00:00
O-20251101-064000-BACKTEST-000-1134,KRAKEN-BACKTEST,KrakenBTCUSDResearchStrategy-000,BTC/USD.KRAKEN,KRAKEN-1-1134,BTC/USD.KRAKEN-KrakenBTCUSDResearchStrategy-000,KRAKEN-001,T-f9e88f357d778a03-337851,MARKET,SELL,0.00692942,GTC,False,False,0.00692942,TAKER,109967.09000000001,0.0,['3.05 USD'],NO_TRIGGER,FILLED,NO_CONTINGENCY,,,,,,,,f0934b04-cfb5-4256-be6f-6e36f23d8b77,2025-11-01 06:40:00+00:00,2025-11-01 06:40:00+00:00
O-20251101-160500-BACKTEST-000-1135,KRAKEN-BACKTEST,KrakenBTCUSDResearchStrategy-000,BTC/USD.KRAKEN,KRAKEN-1-1135,BTC/USD.KRAKEN-KrakenBTCUSDResearchStrategy-000,KRAKEN-001,T-6aa860df90efa9a2-338284,MARKET,BUY,0.00689631,GTC,False,False,0.00689631,TAKER,110371.14,0.0,['3.04 USD'],NO_TRIGGER,FILLED,NO_CONTINGENCY,,,,,,,,615ea817-08ba-425e-8adf-fac71a2b112c,2025-11-01 16:05:00+00:00,2025-11-01 16:05:00+00:00
O-20251101-190000-BACKTEST-000-1136,KRAKEN-BACKTEST,KrakenBTCUSDResearchStrategy-000,BTC/USD.KRAKEN,KRAKEN-1-1136,BTC/USD.KRAKEN-KrakenBTCUSDResearchStrategy-000,KRAKEN-001,T-9515d308ee0cd2cb-338419,MARKET,SELL,0.00689631,GTC,False,False,0.00689631,TAKER,110233.59,0.0,['3.04 USD'],NO_TRIGGER,FILLED,NO_CONTINGENCY,,,,,,,,af1f0b07-5863-49d8-88bf-284933e35308,2025-11-01 19:00:00+00:00,2025-11-01 19:00:00+00:00
O-20251102-045500-BACKTEST-000-1137,KRAKEN-BACKTEST,KrakenBTCUSDResearchStrategy-000,BTC/USD.KRAKEN,KRAKEN-1-1137,BTC/USD.KRAKEN-KrakenBTCUSDResearchStrategy-000,KRAKEN-001,T-a5a3ff6ad03d69dc-338858,MARKET,BUY,0.00685864,GTC,False,False,0.00685864,TAKER,110670.26999999999,0.0,['3.04 USD'],NO_TRIGGER,FILLED,NO_CONTINGENCY,,,,,,,,0e6b94f7-eaa8-4a63-b76b-df3b0c2f0b73,2025-11-02 04:55:00+00:00,2025-11-02 04:55:00+00:00
O-20251102-052000-BACKTEST-000-1138,KRAKEN-BACKTEST,KrakenBTCUSDResearchStrategy-000,BTC/USD.KRAKEN,KRAKEN-1-1138,BTC/USD.KRAKEN-KrakenBTCUSDResearchStrategy-000,KRAKEN-001,T-109507aa0b24a690-338878,MARKET,SELL,0.00685864,GTC,False,False,0.00685864,TAKER,110340.14,0.0,['3.03 USD'],NO_TRIGGER,FILLED,NO_CONTINGENCY,,,,,,,,7fe08369-8493-4f01-a4d8-75b8810dadc1,2025-11-02 05:20:00+00:00,2025-11-02 05:20:00+00:00
O-20251102-075000-BACKTEST-000-1139,KRAKEN-BACKTEST,KrakenBTCUSDResearchStrategy-000,BTC/USD.KRAKEN,KRAKEN-1-1139,BTC/USD.KRAKEN-KrakenBTCUSDResearchStrategy-000,KRAKEN-001,T-8fc6f353cd9c4b9f-338993,MARKET,BUY,0.00681370,GTC,False,False,0.00681370,TAKER,111033.0,0.0,['3.03 USD'],NO_TRIGGER,FILLED,NO_CONTINGENCY,,,,,,,,791bf3f9-df53-4662-ac1b-7c251db54a20,2025-11-02 07:50:00+00:00,2025-11-02 07:50:00+00:00
O-20251102-081000-BACKTEST-000-1140,KRAKEN-BACKTEST,KrakenBTCUSDResearchStrategy-000,BTC/USD.KRAKEN,KRAKEN-1-1140,BTC/USD.KRAKEN-KrakenBTCUSDResearchStrategy-000,KRAKEN-001,T-b746201ff197b1b9-339009,MARKET,SELL,0.00681370,GTC,False,False,0.00681370,TAKER,110798.9,0.0,['3.02 USD'],NO_TRIGGER,FILLED,NO_CONTINGENCY,,,,,,,,b3786422-0250-4f67-b38c-0f83d8f0a8ed,2025-11-02 08:10:00+00:00,2025-11-02 08:10:00+00:00
O-20251102-115000-BACKTEST-000-1141,KRAKEN-BACKTEST,KrakenBTCUSDResearchStrategy-000,BTC/USD.KRAKEN,KRAKEN-1-1141,BTC/USD.KRAKEN-KrakenBTCUSDResearchStrategy-000,KRAKEN-001,T-478e0d0813debb9d-339185,MARKET,BUY,0.00679107,GTC,False,False,0.00679107,TAKER,111064.96,0.0,['3.02 USD'],NO_TRIGGER,FILLED,NO_CONTINGENCY,,,,,,,,4b8cde36-ce67-44b7-829a-aa20b1921dda,2025-11-02 11:50:00+00:00,2025-11-02 11:50:00+00:00
O-20251102-123500-BACKTEST-000-1142,KRAKEN-BACKTEST,KrakenBTCUSDResearchStrategy-000,BTC/USD.KRAKEN,KRAKEN-1-1142,BTC/USD.KRAKEN-KrakenBTCUSDResearchStrategy-000,KRAKEN-001,T-5c9b96f6fe0f5dcc-339221,MARKET,SELL,0.00679107,GTC,False,False,0.00679107,TAKER,110816.7,0.0,['3.01 USD'],NO_TRIGGER,FILLED,NO_CONTINGENCY,,,,,,,,d02e7ee3-bd3b-4ced-af4c-939e03e3926a,2025-11-02 12:35:00+00:00,2025-11-02 12:35:00+00:00
O-20251102-235000-BACKTEST-000-1143,KRAKEN-BACKTEST,KrakenBTCUSDResearchStrategy-000,BTC/USD.KRAKEN,KRAKEN-1-1143,BTC/USD.KRAKEN-KrakenBTCUSDResearchStrategy-000,KRAKEN-001,T-ce3c09594fbb7289-339738,MARKET,BUY,0.00679623,GTC,False,False,0.00679623,TAKER,110640.0,0.0,['3.01 USD'],NO_TRIGGER,FILLED,NO_CONTINGENCY,,,,,,,,a85d715c-4f7f-4171-87e1-7ad224153f70,2025-11-02 23:50:00+00:00,2025-11-02 23:50:00+00:00
O-20251103-003000-BACKTEST-000-1144,KRAKEN-BACKTEST,KrakenBTCUSDResearchStrategy-000,BTC/USD.KRAKEN,KRAKEN-1-1144,BTC/USD.KRAKEN-KrakenBTCUSDResearchStrategy-000,KRAKEN-001,T-6984bb6493448f3e-339767,MARKET,SELL,0.00679623,GTC,False,False,0.00679623,TAKER,110288.22,0.0,['3.00 USD'],NO_TRIGGER,FILLED,NO_CONTINGENCY,,,,,,,,4a4eb04a-b7ed-42d1-aac7-e2963f54e3e3,2025-11-03 00:30:00+00:00,2025-11-03 00:30:00+00:00
O-20251105-032500-BACKTEST-000-1145,KRAKEN-BACKTEST,KrakenBTCUSDResearchStrategy-000,BTC/USD.KRAKEN,KRAKEN-1-1145,BTC/USD.KRAKEN-KrakenBTCUSDResearchStrategy-000,KRAKEN-001,T-b5fc49707d3469f9-342151,MARKET,BUY,0.00733954,GTC,False,False,0.00733954,TAKER,102106.47,0.0,['3.00 USD'],NO_TRIGGER,FILLED,NO_CONTINGENCY,,,,,,,,dc92cae4-a16e-4b8e-929b-a6f6b9bd5711,2025-11-05 03:25:00+00:00,2025-11-05 03:25:00+00:00
O-20251105-042500-BACKTEST-000-1146,KRAKEN-BACKTEST,KrakenBTCUSDResearchStrategy-000,BTC/USD.KRAKEN,KRAKEN-1-1146,BTC/USD.KRAKEN-KrakenBTCUSDResearchStrategy-000,KRAKEN-001,T-3b8385e281934661-342200,MARKET,SELL,0.00733954,GTC,False,False,0.00733954,TAKER,101566.32,0.0,['2.98 USD'],NO_TRIGGER,FILLED,NO_CONTINGENCY,,,,,,,,67874ef5-7e0b-4816-9b5e-d23df55723b2,2025-11-05 04:25:00+00:00,2025-11-05 04:25:00+00:00
O-20251105-122000-BACKTEST-000-1147,KRAKEN-BACKTEST,KrakenBTCUSDResearchStrategy-000,BTC/USD.KRAKEN,KRAKEN-1-1147,BTC/USD.KRAKEN-KrakenBTCUSDResearchStrategy-000,KRAKEN-001,T-410b4c6ecb55bf8f-342576,MARKET,BUY,0.00728722,GTC,False,False,0.00728722,TAKER,102430.31,0.0,['2.99 USD'],NO_TRIGGER,FILLED,NO_CONTINGENCY,,,,,,,,71085b19-31af-410a-9dfc-11a728235a49,2025-11-05 12:20:00+00:00,2025-11-05 12:20:00+00:00
O-20251105-220000-BACKTEST-000-1148,KRAKEN-BACKTEST,KrakenBTCUSDResearchStrategy-000,BTC/USD.KRAKEN,KRAKEN-1-1148,BTC/USD.KRAKEN-KrakenBTCUSDResearchStrategy-000,KRAKEN-001,T-c9ddb07640c4139e-343032,MARKET,SELL,0.00728722,GTC,False,False,0.00728722,TAKER,103451.33,0.0,['3.02 USD'],NO_TRIGGER,FILLED,NO_CONTINGENCY,,,,,,,,19f728be-7fbf-4a94-abf3-8a2c622651f4,2025-11-05 22:00:00+00:00,2025-11-05 22:00:00+00:00
O-20251106-044500-BACKTEST-000-1149,KRAKEN-BACKTEST,KrakenBTCUSDResearchStrategy-000,BTC/USD.KRAKEN,KRAKEN-1-1149,BTC/USD.KRAKEN-KrakenBTCUSDResearchStrategy-000,KRAKEN-001,T-191ce8768a6f4abd-343350,MARKET,BUY,0.00717573,GTC,False,False,0.00717573,TAKER,104081.61,0.0,['2.99 USD'],NO_TRIGGER,FILLED,NO_CONTINGENCY,,,,,,,,ed6352f0-ecde-4df0-8538-6ce5b29c637a,2025-11-06 04:45:00+00:00,2025-11-06 04:45:00+00:00
O-20251106-050500-BACKTEST-000-1150,KRAKEN-BACKTEST,KrakenBTCUSDResearchStrategy-000,BTC/USD.KRAKEN,KRAKEN-1-1150,BTC/USD.KRAKEN-KrakenBTCUSDResearchStrategy-000,KRAKEN-001,T-82c4c35eb0b149a1-343364,MARKET,SELL,0.00717573,GTC,False,False,0.00717573,TAKER,103668.64,0.0,['2.98 USD'],NO_TRIGGER,FILLED,NO_CONTINGENCY,,,,,,,,1bf48c92-3d15-49d0-94ad-9e05e0086a44,2025-11-06 05:05:00+00:00,2025-11-06 05:05:00+00:00
O-20251107-025500-BACKTEST-000-1151,KRAKEN-BACKTEST,KrakenBTCUSDResearchStrategy-000,BTC/USD.KRAKEN,KRAKEN-1-1151,BTC/USD.KRAKEN-KrakenBTCUSDResearchStrategy-000,KRAKEN-001,T-2e71ff0cc5f8a563-344391,MARKET,BUY,0.00730270,GTC,False,False,0.00730270,TAKER,101905.11,0.0,['2.98 USD'],NO_TRIGGER,FILLED,NO_CONTINGENCY,,,,,,,,fcec7e33-4861-454c-ae50-a3da64091476,2025-11-07 02:55:00+00:00,2025-11-07 02:55:00+00:00
O-20251107-040500-BACKTEST-000-1152,KRAKEN-BACKTEST,KrakenBTCUSDResearchStrategy-000,BTC/USD.KRAKEN,KRAKEN-1-1152,BTC/USD.KRAKEN-KrakenBTCUSDResearchStrategy-000,KRAKEN-001,T-2b163e31259bb9bb-344444,MARKET,SELL,0.00730270,GTC,False,False,0.00730270,TAKER,101612.37000000001,0.0,['2.97 USD'],NO_TRIGGER,FILLED,NO_CONTINGENCY,,,,,,,,e43dfa0b-1298-4590-9acb-b8c61e8e4be8,2025-11-07 04:05:00+00:00,2025-11-07 04:05:00+00:00
O-20251107-162500-BACKTEST-000-1153,KRAKEN-BACKTEST,KrakenBTCUSDResearchStrategy-000,BTC/USD.KRAKEN,KRAKEN-1-1153,BTC/USD.KRAKEN-KrakenBTCUSDResearchStrategy-000,KRAKEN-001,T-0e9805aa58e6a860-345017,MARKET,BUY,0.00730557,GTC,False,False,0.00730557,TAKER,101532.87,0.0,['2.97 USD'],NO_TRIGGER,FILLED,NO_CONTINGENCY,,,,,,,,4b1bfb99-0a16-4447-8c42-0f768a9fe3e1,2025-11-07 16:25:00+00:00,2025-11-07 16:25:00+00:00
O-20251108-003500-BACKTEST-000-1154,KRAKEN-BACKTEST,KrakenBTCUSDResearchStrategy-000,BTC/USD.KRAKEN,KRAKEN-1-1154,BTC/USD.KRAKEN-KrakenBTCUSDResearchStrategy-000,KRAKEN-001,T-c873dad3e077a015-345404,MARKET,SELL,0.00730557,GTC,False,False,0.00730557,TAKER,102732.76000000001,0.0,['3.00 USD'],NO_TRIGGER,FILLED,NO_CONTINGENCY,,,,,,,,58d0244f-c5fc-4637-b666-566942e84c52,2025-11-08 00:35:00+00:00,2025-11-08 00:35:00+00:00
O-20251108-213500-BACKTEST-000-1155,KRAKEN-BACKTEST,KrakenBTCUSDResearchStrategy-000,BTC/USD.KRAKEN,KRAKEN-1-1155,BTC/USD.KRAKEN-KrakenBTCUSDResearchStrategy-000,KRAKEN-001,T-7d7e218e062d3a7b-346382,MARKET,BUY,0.00726328,GTC,False,False,0.00726328,TAKER,102239.20999999999,0.0,['2.97 USD'],NO_TRIGGER,FILLED,NO_CONTINGENCY,,,,,,,,32f276f4-2984-4b9b-8993-d4b9d5b29516,2025-11-08 21:35:00+00:00,2025-11-08 21:35:00+00:00
O-20251109-001000-BACKTEST-000-1156,KRAKEN-BACKTEST,KrakenBTCUSDResearchStrategy-000,BTC/USD.KRAKEN,KRAKEN-1-1156,BTC/USD.KRAKEN-KrakenBTCUSDResearchStrategy-000,KRAKEN-001,T-507d4165aaade164-346500,MARKET,SELL,0.00726328,GTC,False,False,0.00726328,TAKER,102051.25,0.0,['2.96 USD'],NO_TRIGGER,FILLED,NO_CONTINGENCY,,,,,,,,df1c24fd-6d13-4751-8fb0-faf021e39d24,2025-11-09 00:10:00+00:00,2025-11-09 00:10:00+00:00
O-20251109-092000-BACKTEST-000-1157,KRAKEN-BACKTEST,KrakenBTCUSDResearchStrategy-000,BTC/USD.KRAKEN,KRAKEN-1-1157,BTC/USD.KRAKEN-KrakenBTCUSDResearchStrategy-000,KRAKEN-001,T-66a111c390366f61-346929,MARKET,BUY,0.00725083,GTC,False,False,0.00725083,TAKER,102113.27,0.0,['2.96 USD'],NO_TRIGGER,FILLED,NO_CONTINGENCY,,,,,,,,75afec11-bfbf-4328-a501-5e56ab0af393,2025-11-09 09:20:00+00:00,2025-11-09 09:20:00+00:00
O-20251109-094000-BACKTEST-000-1158,KRAKEN-BACKTEST,KrakenBTCUSDResearchStrategy-000,BTC/USD.KRAKEN,KRAKEN-1-1158,BTC/USD.KRAKEN-KrakenBTCUSDResearchStrategy-000,KRAKEN-001,T-74ede1e6d3f559fd-346946,MARKET,SELL,0.00725083,GTC,False,False,0.00725083,TAKER,101905.82,0.0,['2.96 USD'],NO_TRIGGER,FILLED,NO_CONTINGENCY,,,,,,,,8acbb900-b68a-4e4c-b4d0-f09f2bdc2267,2025-11-09 09:40:00+00:00,2025-11-09 09:40:00+00:00
O-20251109-121500-BACKTEST-000-1159,KRAKEN-BACKTEST,KrakenBTCUSDResearchStrategy-000,BTC/USD.KRAKEN,KRAKEN-1-1159,BTC/USD.KRAKEN-KrakenBTCUSDResearchStrategy-000,KRAKEN-001,T-04b95780cf9257e7-347067,MARKET,BUY,0.00720998,GTC,False,False,0.00720998,TAKER,102382.62000000001,0.0,['2.95 USD'],NO_TRIGGER,FILLED,NO_CONTINGENCY,,,,,,,,f9cfb3d7-09ca-49dc-bd2d-e3d5d110b0c9,2025-11-09 12:15:00+00:00,2025-11-09 12:15:00+00:00
O-20251109-123000-BACKTEST-000-1160,KRAKEN-BACKTEST,KrakenBTCUSDResearchStrategy-000,BTC/USD.KRAKEN,KRAKEN-1-1160,BTC/USD.KRAKEN-KrakenBTCUSDResearchStrategy-000,KRAKEN-001,T-ff17ab1ddf3147c6-347079,MARKET,SELL,0.00720998,GTC,False,False,0.00720998,TAKER,102105.79999999999,0.0,['2.94 USD'],NO_TRIGGER,FILLED,NO_CONTINGENCY,,,,,,,,e09b8871-1ab8-4c7c-a763-7881e8afbef7,2025-11-09 12:30:00+00:00,2025-11-09 12:30:00+00:00
O-20251109-132500-BACKTEST-000-1161,KRAKEN-BACKTEST,KrakenBTCUSDResearchStrategy-000,BTC/USD.KRAKEN,KRAKEN-1-1161,BTC/USD.KRAKEN-KrakenBTCUSDResearchStrategy-000,KRAKEN-001,T-e3e7ffeef92606e4-347122,MARKET,BUY,0.00717791,GTC,False,False,0.00717791,TAKER,102510.33,0.0,['2.94 USD'],NO_TRIGGER,FILLED,NO_CONTINGENCY,,,,,,,,eee97e12-4555-4c1a-8451-d505095fe241,2025-11-09 13:25:00+00:00,2025-11-09 13:25:00+00:00
O-20251110-083500-BACKTEST-000-1162,KRAKEN-BACKTEST,KrakenBTCUSDResearchStrategy-000,BTC/USD.KRAKEN,KRAKEN-1-1162,BTC/USD.KRAKEN-KrakenBTCUSDResearchStrategy-000,KRAKEN-001,T-a056defe3d85d68d-348021,MARKET,SELL,0.00717791,GTC,False,False,0.00717791,TAKER,105908.94,0.0,['3.04 USD'],NO_TRIGGER,FILLED,NO_CONTINGENCY,,,,,,,,31f5f14f-087e-4fe4-a100-53d3de2d0b31,2025-11-10 08:35:00+00:00,2025-11-10 08:35:00+00:00
O-20251110-094500-BACKTEST-000-1163,KRAKEN-BACKTEST,KrakenBTCUSDResearchStrategy-000,BTC/USD.KRAKEN,KRAKEN-1-1163,BTC/USD.KRAKEN-KrakenBTCUSDResearchStrategy-000,KRAKEN-001,T-6ae29a88fd20fdb6-348078,MARKET,BUY,0.00695668,GTC,False,False,0.00695668,TAKER,106564.12000000001,0.0,['2.97 USD'],NO_TRIGGER,FILLED,NO_CONTINGENCY,,,,,,,,e9ea00f7-d0e4-4a23-9d50-90e90b764ffe,2025-11-10 09:45:00+00:00,2025-11-10 09:45:00+00:00
O-20251110-101000-BACKTEST-000-1164,KRAKEN-BACKTEST,KrakenBTCUSDResearchStrategy-000,BTC/USD.KRAKEN,KRAKEN-1-1164,BTC/USD.KRAKEN-KrakenBTCUSDResearchStrategy-000,KRAKEN-001,T-fea637ef3b732921-348099,MARKET,SELL,0.00695668,GTC,False,False,0.00695668,TAKER,106272.96,0.0,['2.96 USD'],NO_TRIGGER,FILLED,NO_CONTINGENCY,,,,,,,,558abbe9-1bda-4c43-8741-ae9fceae61e2,2025-11-10 10:10:00+00:00,2025-11-10 10:10:00+00:00
O-20251110-201000-BACKTEST-000-1165,KRAKEN-BACKTEST,KrakenBTCUSDResearchStrategy-000,BTC/USD.KRAKEN,KRAKEN-1-1165,BTC/USD.KRAKEN-KrakenBTCUSDResearchStrategy-000,KRAKEN-001,T-7648bd382052a3ef-348574,MARKET,BUY,0.00695574,GTC,False,False,0.00695574,TAKER,106235.64,0.0,['2.96 USD'],NO_TRIGGER,FILLED,NO_CONTINGENCY,,,,,,,,5f3bb711-9444-47aa-b99e-d1801a6fe0d3,2025-11-10 20:10:00+00:00,2025-11-10 20:10:00+00:00
O-20251110-210000-BACKTEST-000-1166,KRAKEN-BACKTEST,KrakenBTCUSDResearchStrategy-000,BTC/USD.KRAKEN,KRAKEN-1-1166,BTC/USD.KRAKEN-KrakenBTCUSDResearchStrategy-000,KRAKEN-001,T-9926ee2c5cde3f52-348612,MARKET,SELL,0.00695574,GTC,False,False,0.00695574,TAKER,105733.06,0.0,['2.94 USD'],NO_TRIGGER,FILLED,NO_CONTINGENCY,,,,,,,,421ce410-f6fe-47a0-888b-13373e9f007a,2025-11-10 21:00:00+00:00,2025-11-10 21:00:00+00:00
O-20251111-011500-BACKTEST-000-1167,KRAKEN-BACKTEST,KrakenBTCUSDResearchStrategy-000,BTC/USD.KRAKEN,KRAKEN-1-1167,BTC/USD.KRAKEN-KrakenBTCUSDResearchStrategy-000,KRAKEN-001,T-dab324896bc81f65-348811,MARKET,BUY,0.00685676,GTC,False,False,0.00685676,TAKER,107357.87,0.0,['2.94 USD'],NO_TRIGGER,FILLED,NO_CONTINGENCY,,,,,,,,736d0bad-847e-453e-bdd1-57e9066ef0bb,2025-11-11 01:15:00+00:00,2025-11-11 01:15:00+00:00
O-20251111-012500-BACKTEST-000-1168,KRAKEN-BACKTEST,KrakenBTCUSDResearchStrategy-000,BTC/USD.KRAKEN,KRAKEN-1-1168,BTC/USD.KRAKEN-KrakenBTCUSDResearchStrategy-000,KRAKEN-001,T-1ce530257311b6e6-348820,MARKET,SELL,0.00685676,GTC,False,False,0.00685676,TAKER,106792.58,0.0,['2.93 USD'],NO_TRIGGER,FILLED,NO_CONTINGENCY,,,,,,,,96309f21-23ea-4d9b-8a8c-fcca6bfab1fb,2025-11-11 01:25:00+00:00,2025-11-11 01:25:00+00:00
O-20251112-060500-BACKTEST-000-1169,KRAKEN-BACKTEST,KrakenBTCUSDResearchStrategy-000,BTC/USD.KRAKEN,KRAKEN-1-1169,BTC/USD.KRAKEN-KrakenBTCUSDResearchStrategy-000,KRAKEN-001,T-af5825bb154979e4-350159,MARKET,BUY,0.00708305,GTC,False,False,0.00708305,TAKER,103515.05,0.0,['2.93 USD'],NO_TRIGGER,FILLED,NO_CONTINGENCY,,,,,,,,4317c72f-d106-4d3a-8c32-171c21371cd7,2025-11-12 06:05:00+00:00,2025-11-12 06:05:00+00:00
O-20251112-074500-BACKTEST-000-1170,KRAKEN-BACKTEST,KrakenBTCUSDResearchStrategy-000,BTC/USD.KRAKEN,KRAKEN-1-1170,BTC/USD.KRAKEN-KrakenBTCUSDResearchStrategy-000,KRAKEN-001,T-392e88ae6b74809e-350233,MARKET,SELL,0.00708305,GTC,False,False,0.00708305,TAKER,103302.49,0.0,['2.93 USD'],NO_TRIGGER,FILLED,NO_CONTINGENCY,,,,,,,,8e05c247-7715-4e27-a29a-2ebbf0fc8778,2025-11-12 07:45:00+00:00,2025-11-12 07:45:00+00:00
O-20251112-090000-BACKTEST-000-1171,KRAKEN-BACKTEST,KrakenBTCUSDResearchStrategy-000,BTC/USD.KRAKEN,KRAKEN-1-1171,BTC/USD.KRAKEN-KrakenBTCUSDResearchStrategy-000,KRAKEN-001,T-f330d07436beeda6-350294,MARKET,BUY,0.00701239,GTC,False,False,0.00701239,TAKER,104243.23999999999,0.0,['2.92 USD'],NO_TRIGGER,FILLED,NO_CONTINGENCY,,,,,,,,34c099b7-75d1-4ddf-89e3-41b20f151acb,2025-11-12 09:00:00+00:00,2025-11-12 09:00:00+00:00
O-20251112-144500-BACKTEST-000-1172,KRAKEN-BACKTEST,KrakenBTCUSDResearchStrategy-000,BTC/USD.KRAKEN,KRAKEN-1-1172,BTC/USD.KRAKEN-KrakenBTCUSDResearchStrategy-000,KRAKEN-001,T-584b12db0546297c-350564,MARKET,SELL,0.00701239,GTC,False,False,0.00701239,TAKER,103918.62000000001,0.0,['2.91 USD'],NO_TRIGGER,FILLED,NO_CONTINGENCY,,,,,,,,2d212303-781e-4df2-8a65-f2bf18154dbf,2025-11-12 14:45:00+00:00,2025-11-12 14:45:00+00:00
O-20251113-054500-BACKTEST-000-1173,KRAKEN-BACKTEST,KrakenBTCUSDResearchStrategy-000,BTC/USD.KRAKEN,KRAKEN-1-1173,BTC/USD.KRAKEN-KrakenBTCUSDResearchStrategy-000,KRAKEN-001,T-45c4ad3b7a0f386c-351264,MARKET,BUY,0.00708981,GTC,False,False,0.00708981,TAKER,102762.22,0.0,['2.91 USD'],NO_TRIGGER,FILLED,NO_CONTINGENCY,,,,,,,,fd31b4d1-fd15-4a0c-9356-010b1e086042,2025-11-13 05:45:00+00:00,2025-11-13 05:45:00+00:00
O-20251113-090500-BACKTEST-000-1174,KRAKEN-BACKTEST,KrakenBTCUSDResearchStrategy-000,BTC/USD.KRAKEN,KRAKEN-1-1174,BTC/USD.KRAKEN-KrakenBTCUSDResearchStrategy-000,KRAKEN-001,T-2b333dcb09d8bb4b-351423,MARKET,SELL,0.00708981,GTC,False,False,0.00708981,TAKER,102812.90999999999,0.0,['2.92 USD'],NO_TRIGGER,FILLED,NO_CONTINGENCY,,,,,,,,42efcad9-81d1-4a5c-9d19-4b358c9dd3af,2025-11-13 09:05:00+00:00,2025-11-13 09:05:00+00:00
O-20251115-022500-BACKTEST-000-1175,KRAKEN-BACKTEST,KrakenBTCUSDResearchStrategy-000,BTC/USD.KRAKEN,KRAKEN-1-1175,BTC/USD.KRAKEN-KrakenBTCUSDResearchStrategy-000,KRAKEN-001,T-ccef557c7e91f8ff-353362,MARKET,BUY,0.00758160,GTC,False,False,0.00758160,TAKER,95880.0,0.0,['2.91 USD'],NO_TRIGGER,FILLED,NO_CONTINGENCY,,,,,,,,676dfb7a-494d-492e-8d58-fd709cf1a708,2025-11-15 02:25:00+00:00,2025-11-15 02:25:00+00:00
O-20251115-082000-BACKTEST-000-1176,KRAKEN-BACKTEST,KrakenBTCUSDResearchStrategy-000,BTC/USD.KRAKEN,KRAKEN-1-1176,BTC/USD.KRAKEN-KrakenBTCUSDResearchStrategy-000,KRAKEN-001,T-c9761f4c1d5479c7-353636,MARKET,SELL,0.00758160,GTC,False,False,0.00758160,TAKER,95908.83,0.0,['2.91 USD'],NO_TRIGGER,FILLED,NO_CONTINGENCY,,,,,,,,2f4677b5-5c9b-4db7-99a8-c7243a6fec48,2025-11-15 08:20:00+00:00,2025-11-15 08:20:00+00:00
O-20251115-135000-BACKTEST-000-1177,KRAKEN-BACKTEST,KrakenBTCUSDResearchStrategy-000,BTC/USD.KRAKEN,KRAKEN-1-1177,BTC/USD.KRAKEN-KrakenBTCUSDResearchStrategy-000,KRAKEN-001,T-93039134b6fc35b3-353893,MARKET,BUY,0.00753560,GTC,False,False,0.00753560,TAKER,96242.33,0.0,['2.90 USD'],NO_TRIGGER,FILLED,NO_CONTINGENCY,,,,,,,,66404b65-3794-4468-b08b-66b8b4630ef9,2025-11-15 13:50:00+00:00,2025-11-15 13:50:00+00:00
O-20251115-160500-BACKTEST-000-1178,KRAKEN-BACKTEST,KrakenBTCUSDResearchStrategy-000,BTC/USD.KRAKEN,KRAKEN-1-1178,BTC/USD.KRAKEN-KrakenBTCUSDResearchStrategy-000,KRAKEN-001,T-e9a5b6b38069ace9-353995,MARKET,SELL,0.00753560,GTC,False,False,0.00753560,TAKER,95877.84,0.0,['2.89 USD'],NO_TRIGGER,FILLED,NO_CONTINGENCY,,,,,,,,d00b2b85-887d-4eef-8f83-2b1bbc420ea1,2025-11-15 16:05:00+00:00,2025-11-15 16:05:00+00:00
O-20251116-051000-BACKTEST-000-1179,KRAKEN-BACKTEST,KrakenBTCUSDResearchStrategy-000,BTC/USD.KRAKEN,KRAKEN-1-1179,BTC/USD.KRAKEN-KrakenBTCUSDResearchStrategy-000,KRAKEN-001,T-b7dad210e471b83c-354597,MARKET,BUY,0.00752483,GTC,False,False,0.00752483,TAKER,96040.0,0.0,['2.89 USD'],NO_TRIGGER,FILLED,NO_CONTINGENCY,,,,,,,,a3fe7fe3-c2c2-4853-9c1c-485c9300dbd3,2025-11-16 05:10:00+00:00,2025-11-16 05:10:00+00:00
O-20251116-065500-BACKTEST-000-1180,KRAKEN-BACKTEST,KrakenBTCUSDResearchStrategy-000,BTC/USD.KRAKEN,KRAKEN-1-1180,BTC/USD.KRAKEN-KrakenBTCUSDResearchStrategy-000,KRAKEN-001,T-0e95acf461b5eb75-354679,MARKET,SELL,0.00752483,GTC,False,False,0.00752483,TAKER,95813.53,0.0,['2.88 USD'],NO_TRIGGER,FILLED,NO_CONTINGENCY,,,,,,,,1186f0f6-6ccd-4062-b987-21697c3c13bf,2025-11-16 06:55:00+00:00,2025-11-16 06:55:00+00:00
O-20251116-095000-BACKTEST-000-1181,KRAKEN-BACKTEST,KrakenBTCUSDResearchStrategy-000,BTC/USD.KRAKEN,KRAKEN-1-1181,BTC/USD.KRAKEN-KrakenBTCUSDResearchStrategy-000,KRAKEN-001,T-a236d68957ba397f-354814,MARKET,BUY,0.00747271,GTC,False,False,0.00747271,TAKER,96410.0,0.0,['2.88 USD'],NO_TRIGGER,FILLED,NO_CONTINGENCY,,,,,,,,6b2ae799-0f5d-4450-9b7a-fa209b867bf6,2025-11-16 09:50:00+00:00,2025-11-16 09:50:00+00:00
O-20251116-111000-BACKTEST-000-1182,KRAKEN-BACKTEST,KrakenBTCUSDResearchStrategy-000,BTC/USD.KRAKEN,KRAKEN-1-1182,BTC/USD.KRAKEN-KrakenBTCUSDResearchStrategy-000,KRAKEN-001,T-a8a08559a9cd9fa5-354877,MARKET,SELL,0.00747271,GTC,False,False,0.00747271,TAKER,95931.39,0.0,['2.87 USD'],NO_TRIGGER,FILLED,NO_CONTINGENCY,,,,,,,,dd4a3821-41fd-4f26-abfd-d29d64bb6e2d,2025-11-16 11:10:00+00:00,2025-11-16 11:10:00+00:00
O-20251117-005000-BACKTEST-000-1183,KRAKEN-BACKTEST,KrakenBTCUSDResearchStrategy-000,BTC/USD.KRAKEN,KRAKEN-1-1183,BTC/USD.KRAKEN-KrakenBTCUSDResearchStrategy-000,KRAKEN-001,T-0e76a31d1a991349-355518,MARKET,BUY,0.00755033,GTC,False,False,0.00755033,TAKER,95048.54000000001,0.0,['2.87 USD'],NO_TRIGGER,FILLED,NO_CONTINGENCY,,,,,,,,e284ce1d-ceaa-4a3a-8dde-f3e4978dda5a,2025-11-17 00:50:00+00:00,2025-11-17 00:50:00+00:00
O-20251117-114500-BACKTEST-000-1184,KRAKEN-BACKTEST,KrakenBTCUSDResearchStrategy-000,BTC/USD.KRAKEN,KRAKEN-1-1184,BTC/USD.KRAKEN-KrakenBTCUSDResearchStrategy-000,KRAKEN-001,T-dae0a58073a9b452-356033,MARKET,SELL,0.00755033,GTC,False,False,0.00755033,TAKER,95420.0,0.0,['2.88 USD'],NO_TRIGGER,FILLED,NO_CONTINGENCY,,,,,,,,a3764469-1e3d-4501-be13-933971cd9b44,2025-11-17 11:45:00+00:00,2025-11-17 11:45:00+00:00
O-20251118-100000-BACKTEST-000-1185,KRAKEN-BACKTEST,KrakenBTCUSDResearchStrategy-000,BTC/USD.KRAKEN,KRAKEN-1-1185,BTC/USD.KRAKEN-KrakenBTCUSDResearchStrategy-000,KRAKEN-001,T-0d4ee82ba837e68f-357083,MARKET,BUY,0.00783075,GTC,False,False,0.00783075,TAKER,91531.74,0.0,['2.87 USD'],NO_TRIGGER,FILLED,NO_CONTINGENCY,,,,,,,,da779304-78fb-44cf-863d-285790b377f5,2025-11-18 10:00:00+00:00,2025-11-18 10:00:00+00:00
O-20251118-121000-BACKTEST-000-1186,KRAKEN-BACKTEST,KrakenBTCUSDResearchStrategy-000,BTC/USD.KRAKEN,KRAKEN-1-1186,BTC/USD.KRAKEN-KrakenBTCUSDResearchStrategy-000,KRAKEN-001,T-6ee75360c095ab5a-357186,MARKET,SELL,0.00783075,GTC,False,False,0.00783075,TAKER,91117.31,0.0,['2.85 USD'],NO_TRIGGER,FILLED,NO_CONTINGENCY,,,,,,,,1cf254ec-3086-4638-a319-82372db714d8,2025-11-18 12:10:00+00:00,2025-11-18 12:10:00+00:00
O-20251118-143000-BACKTEST-000-1187,KRAKEN-BACKTEST,KrakenBTCUSDResearchStrategy-000,BTC/USD.KRAKEN,KRAKEN-1-1187,BTC/USD.KRAKEN-KrakenBTCUSDResearchStrategy-000,KRAKEN-001,T-8aa94707f1c83690-357298,MARKET,BUY,0.00775561,GTC,False,False,0.00775561,TAKER,92071.98000000001,0.0,['2.86 USD'],NO_TRIGGER,FILLED,NO_CONTINGENCY,,,,,,,,41bc17d6-18a1-4852-b77f-b971559e12a0,2025-11-18 14:30:00+00:00,2025-11-18 14:30:00+00:00
O-20251118-144000-BACKTEST-000-1188,KRAKEN-BACKTEST,KrakenBTCUSDResearchStrategy-000,BTC/USD.KRAKEN,KRAKEN-1-1188,BTC/USD.KRAKEN-KrakenBTCUSDResearchStrategy-000,KRAKEN-001,T-770af42e43d25842-357307,MARKET,SELL,0.00775561,GTC,False,False,0.00775561,TAKER,91471.23999999999,0.0,['2.84 USD'],NO_TRIGGER,FILLED,NO_CONTINGENCY,,,,,,,,f62ba696-32f5-4afe-9597-711950b28c19,2025-11-18 14:40:00+00:00,2025-11-18 14:40:00+00:00
O-20251118-160500-BACKTEST-000-1189,KRAKEN-BACKTEST,KrakenBTCUSDResearchStrategy-000,BTC/USD.KRAKEN,KRAKEN-1-1189,BTC/USD.KRAKEN-KrakenBTCUSDResearchStrategy-000,KRAKEN-001,T-4450fe8465d6fa02-357375,MARKET,BUY,0.00630556,GTC,False,False,0.00630556,TAKER,93166.0,0.0,['2.35 USD'],NO_TRIGGER,FILLED,NO_CONTINGENCY,,,,,,,,24b62a79-bc66-4433-8e67-fa379e21e5f6,2025-11-18 16:05:00+00:00,2025-11-18 16:05:00+00:00
O-20251118-204500-BACKTEST-000-1190,KRAKEN-BACKTEST,KrakenBTCUSDResearchStrategy-000,BTC/USD.KRAKEN,KRAKEN-1-1190,BTC/USD.KRAKEN-KrakenBTCUSDResearchStrategy-000,KRAKEN-001,T-f1bf7e4f954351ff-357596,MARKET,SELL,0.00630556,GTC,False,False,0.00630556,TAKER,92681.66,0.0,['2.34 USD'],NO_TRIGGER,FILLED,NO_CONTINGENCY,,,,,,,,8aea95ec-00ed-4e71-947e-1877e03ff1ce,2025-11-18 20:45:00+00:00,2025-11-18 20:45:00+00:00
O-20251119-150500-BACKTEST-000-1191,KRAKEN-BACKTEST,KrakenBTCUSDResearchStrategy-000,BTC/USD.KRAKEN,KRAKEN-1-1191,BTC/USD.KRAKEN-KrakenBTCUSDResearchStrategy-000,KRAKEN-001,T-6cef21a355c80f33-358454,MARKET,BUY,0.00768442,GTC,False,False,0.00768442,TAKER,92218.8,0.0,['2.83 USD'],NO_TRIGGER,FILLED,NO_CONTINGENCY,,,,,,,,48cf1f32-2d8a-43e6-9f91-fb8d5811067b,2025-11-19 15:05:00+00:00,2025-11-19 15:05:00+00:00
O-20251119-152000-BACKTEST-000-1192,KRAKEN-BACKTEST,KrakenBTCUSDResearchStrategy-000,BTC/USD.KRAKEN,KRAKEN-1-1192,BTC/USD.KRAKEN-KrakenBTCUSDResearchStrategy-000,KRAKEN-001,T-17b0d288427fd9aa-358467,MARKET,SELL,0.00768442,GTC,False,False,0.00768442,TAKER,91480.0,0.0,['2.81 USD'],NO_TRIGGER,FILLED,NO_CONTINGENCY,,,,,,,,265f5956-1fed-4dba-b770-dd1916cf885a,2025-11-19 15:20:00+00:00,2025-11-19 15:20:00+00:00
O-20251119-230000-BACKTEST-000-1193,KRAKEN-BACKTEST,KrakenBTCUSDResearchStrategy-000,BTC/USD.KRAKEN,KRAKEN-1-1193,BTC/USD.KRAKEN-KrakenBTCUSDResearchStrategy-000,KRAKEN-001,T-e170420a317caf67-358828,MARKET,BUY,0.00776236,GTC,False,False,0.00776236,TAKER,90855.35,0.0,['2.82 USD'],NO_TRIGGER,FILLED,NO_CONTINGENCY,,,,,,,,4bba541e-8f19-4377-a778-c6be7f7a69f9,2025-11-19 23:00:00+00:00,2025-11-19 23:00:00+00:00
O-20251120-064000-BACKTEST-000-1194,KRAKEN-BACKTEST,KrakenBTCUSDResearchStrategy-000,BTC/USD.KRAKEN,KRAKEN-1-1194,BTC/USD.KRAKEN-KrakenBTCUSDResearchStrategy-000,KRAKEN-001,T-6596f58e2f8dc3ff-359189,MARKET,SELL,0.00776236,GTC,False,False,0.00776236,TAKER,91846.90999999999,0.0,['2.85 USD'],NO_TRIGGER,FILLED,NO_CONTINGENCY,,,,,,,,00046d5d-3292-4cc4-bb68-eefbd194de5b,2025-11-20 06:40:00+00:00,2025-11-20 06:40:00+00:00
O-20251121-145000-BACKTEST-000-1195,KRAKEN-BACKTEST,KrakenBTCUSDResearchStrategy-000,BTC/USD.KRAKEN,KRAKEN-1-1195,BTC/USD.KRAKEN-KrakenBTCUSDResearchStrategy-000,KRAKEN-001,T-8176a71f39f8794e-360707,MARKET,BUY,0.00655912,GTC,False,False,0.00655912,TAKER,85410.25,0.0,['2.24 USD'],NO_TRIGGER,FILLED,NO_CONTINGENCY,,,,,,,,9f2b1332-daec-40df-a162-bb3b9c41c98b,2025-11-21 14:50:00+00:00,2025-11-21 14:50:00+00:00
O-20251121-151000-BACKTEST-000-1196,KRAKEN-BACKTEST,KrakenBTCUSDResearchStrategy-000,BTC/USD.KRAKEN,KRAKEN-1-1196,BTC/USD.KRAKEN-KrakenBTCUSDResearchStrategy-000,KRAKEN-001,T-d9d0f731cddd47f7-360723,MARKET,SELL,0.00655912,GTC,False,False,0.00655912,TAKER,84173.05,0.0,['2.21 USD'],NO_TRIGGER,FILLED,NO_CONTINGENCY,,,,,,,,69bc5ad7-c00a-4f4a-991e-61bde3e1da14,2025-11-21 15:10:00+00:00,2025-11-21 15:10:00+00:00
O-20251122-001000-BACKTEST-000-1197,KRAKEN-BACKTEST,KrakenBTCUSDResearchStrategy-000,BTC/USD.KRAKEN,KRAKEN-1-1197,BTC/USD.KRAKEN-KrakenBTCUSDResearchStrategy-000,KRAKEN-001,T-a85294650a4f0810-361149,MARKET,BUY,0.00821007,GTC,False,False,0.00821007,TAKER,85515.70999999999,0.0,['2.81 USD'],NO_TRIGGER,FILLED,NO_CONTINGENCY,,,,,,,,233bf403-30d1-41f3-97df-d291b9142cc5,2025-11-22 00:10:00+00:00,2025-11-22 00:10:00+00:00
O-20251122-002500-BACKTEST-000-1198,KRAKEN-BACKTEST,KrakenBTCUSDResearchStrategy-000,BTC/USD.KRAKEN,KRAKEN-1-1198,BTC/USD.KRAKEN-KrakenBTCUSDResearchStrategy-000,KRAKEN-001,T-1dbb1df68ce3e7c1-361162,MARKET,SELL,0.00821007,GTC,False,False,0.00821007,TAKER,84895.97,0.0,['2.79 USD'],NO_TRIGGER,FILLED,NO_CONTINGENCY,,,,,,,,5f9a0fdd-6781-4c8a-979b-59d7f5562779,2025-11-22 00:25:00+00:00,2025-11-22 00:25:00+00:00
O-20251122-164000-BACKTEST-000-1199,KRAKEN-BACKTEST,KrakenBTCUSDResearchStrategy-000,BTC/USD.KRAKEN,KRAKEN-1-1199,BTC/USD.KRAKEN-KrakenBTCUSDResearchStrategy-000,KRAKEN-001,T-5553e2d2d1624967-361925,MARKET,BUY,0.00823882,GTC,False,False,0.00823882,TAKER,84828.0,0.0,['2.80 USD'],NO_TRIGGER,FILLED,NO_CONTINGENCY,,,,,,,,df87e0bc-6e3a-411c-b2b1-448418da3990,2025-11-22 16:40:00+00:00,2025-11-22 16:40:00+00:00
O-20251122-170000-BACKTEST-000-1200,KRAKEN-BACKTEST,KrakenBTCUSDResearchStrategy-000,BTC/USD.KRAKEN,KRAKEN-1-1200,BTC/USD.KRAKEN-KrakenBTCUSDResearchStrategy-000,KRAKEN-001,T-42180668f8e9616d-361942,MARKET,SELL,0.00823882,GTC,False,False,0.00823882,TAKER,84517.47,0.0,['2.79 USD'],NO_TRIGGER,FILLED,NO_CONTINGENCY,,,,,,,,c71c582b-b854-42fb-899f-0d7a16c1b2a5,2025-11-22 17:00:00+00:00,2025-11-22 17:00:00+00:00
O-20251122-225000-BACKTEST-000-1201,KRAKEN-BACKTEST,KrakenBTCUSDResearchStrategy-000,BTC/USD.KRAKEN,KRAKEN-1-1201,BTC/USD.KRAKEN-KrakenBTCUSDResearchStrategy-000,KRAKEN-001,T-661bc4349abb13ed-362213,MARKET,BUY,0.00817552,GTC,False,False,0.00817552,TAKER,85185.75,0.0,['2.79 USD'],NO_TRIGGER,FILLED,NO_CONTINGENCY,,,,,,,,2cfa1f1b-66d9-4305-8e97-8744b416bfe8,2025-11-22 22:50:00+00:00,2025-11-22 22:50:00+00:00
O-20251122-231500-BACKTEST-000-1202,KRAKEN-BACKTEST,KrakenBTCUSDResearchStrategy-000,BTC/USD.KRAKEN,KRAKEN-1-1202,BTC/USD.KRAKEN-KrakenBTCUSDResearchStrategy-000,KRAKEN-001,T-e9636abf1a027f16-362233,MARKET,SELL,0.00817552,GTC,False,False,0.00817552,TAKER,84822.97,0.0,['2.77 USD'],NO_TRIGGER,FILLED,NO_CONTINGENCY,,,,,,,,2e34ea08-3d46-4eed-8d7a-35571ecb2729,2025-11-22 23:15:00+00:00,2025-11-22 23:15:00+00:00
O-20251123-011000-BACKTEST-000-1203,KRAKEN-BACKTEST,KrakenBTCUSDResearchStrategy-000,BTC/USD.KRAKEN,KRAKEN-1-1203,BTC/USD.KRAKEN-KrakenBTCUSDResearchStrategy-000,KRAKEN-001,T-9a22ebbdcaa9b513-362325,MARKET,BUY,0.00813124,GTC,False,False,0.00813124,TAKER,85334.88,0.0,['2.78 USD'],NO_TRIGGER,FILLED,NO_CONTINGENCY,,,,,,,,eb8ba6d2-677d-4f60-9e97-c746c205b7ac,2025-11-23 01:10:00+00:00,2025-11-23 01:10:00+00:00
O-20251123-070000-BACKTEST-000-1204,KRAKEN-BACKTEST,KrakenBTCUSDResearchStrategy-000,BTC/USD.KRAKEN,KRAKEN-1-1204,BTC/USD.KRAKEN-KrakenBTCUSDResearchStrategy-000,KRAKEN-001,T-90de9ea4f7db6c7b-362602,MARKET,SELL,0.00813124,GTC,False,False,0.00813124,TAKER,85727.15,0.0,['2.79 USD'],NO_TRIGGER,FILLED,NO_CONTINGENCY,,,,,,,,3f2d9f9b-45e6-493a-bd71-91e6c2be603f,2025-11-23 07:00:00+00:00,2025-11-23 07:00:00+00:00
O-20251123-121000-BACKTEST-000-1205,KRAKEN-BACKTEST,KrakenBTCUSDResearchStrategy-000,BTC/USD.KRAKEN,KRAKEN-1-1205,BTC/USD.KRAKEN-KrakenBTCUSDResearchStrategy-000,KRAKEN-001,T-c85b2d84d132077d-362848,MARKET,BUY,0.00800445,GTC,False,False,0.00800445,TAKER,86597.45,0.0,['2.77 USD'],NO_TRIGGER,FILLED,NO_CONTINGENCY,,,,,,,,a1a0eeb0-51c0-46e6-8bb8-61b0a0a26450,2025-11-23 12:10:00+00:00,2025-11-23 12:10:00+00:00
O-20251123-231500-BACKTEST-000-1206,KRAKEN-BACKTEST,KrakenBTCUSDResearchStrategy-000,BTC/USD.KRAKEN,KRAKEN-1-1206,BTC/USD.KRAKEN-KrakenBTCUSDResearchStrategy-000,KRAKEN-001,T-2189000887c093bc-363371,MARKET,SELL,0.00800445,GTC,False,False,0.00800445,TAKER,87093.31,0.0,['2.79 USD'],NO_TRIGGER,FILLED,NO_CONTINGENCY,,,,,,,,7eff7853-a09d-431c-8f5b-bce52daa51e0,2025-11-23 23:15:00+00:00,2025-11-23 23:15:00+00:00
O-20251124-164000-BACKTEST-000-1207,KRAKEN-BACKTEST,KrakenBTCUSDResearchStrategy-000,BTC/USD.KRAKEN,KRAKEN-1-1207,BTC/USD.KRAKEN-KrakenBTCUSDResearchStrategy-000,KRAKEN-001,T-77e98b3736d94779-364184,MARKET,BUY,0.00791634,GTC,False,False,0.00791634,TAKER,87500.95,0.0,['2.77 USD'],NO_TRIGGER,FILLED,NO_CONTINGENCY,,,,,,,,e4bc8d7a-380b-4461-870f-bcabd64b3860,2025-11-24 16:40:00+00:00,2025-11-24 16:40:00+00:00
O-20251125-000000-BACKTEST-000-1208,KRAKEN-BACKTEST,KrakenBTCUSDResearchStrategy-000,BTC/USD.KRAKEN,KRAKEN-1-1208,BTC/USD.KRAKEN-KrakenBTCUSDResearchStrategy-000,KRAKEN-001,T-0c6300e1f439d03b-364528,MARKET,SELL,0.00791634,GTC,False,False,0.00791634,TAKER,88169.90000000001,0.0,['2.79 USD'],NO_TRIGGER,FILLED,NO_CONTINGENCY,,,,,,,,89f5112e-37d7-4688-a49f-1d7d80269fe8,2025-11-25 00:00:00+00:00,2025-11-25 00:00:00+00:00
O-20251125-173500-BACKTEST-000-1209,KRAKEN-BACKTEST,KrakenBTCUSDResearchStrategy-000,BTC/USD.KRAKEN,KRAKEN-1-1209,BTC/USD.KRAKEN-KrakenBTCUSDResearchStrategy-000,KRAKEN-001,T-d06393a81ae4dc35-365341,MARKET,BUY,0.00786849,GTC,False,False,0.00786849,TAKER,88022.79000000001,0.0,['2.77 USD'],NO_TRIGGER,FILLED,NO_CONTINGENCY,,,,,,,,eeb37a59-6290-438f-a7b7-fcb383a0c8eb,2025-11-25 17:35:00+00:00,2025-11-25 17:35:00+00:00
O-20251125-183500-BACKTEST-000-1210,KRAKEN-BACKTEST,KrakenBTCUSDResearchStrategy-000,BTC/USD.KRAKEN,KRAKEN-1-1210,BTC/USD.KRAKEN-KrakenBTCUSDResearchStrategy-000,KRAKEN-001,T-640722cea4cce09a-365386,MARKET,SELL,0.00786849,GTC,False,False,0.00786849,TAKER,87476.88,0.0,['2.75 USD'],NO_TRIGGER,FILLED,NO_CONTINGENCY,,,,,,,,fc602718-d066-48a4-a0bd-a03de3bbb9b5,2025-11-25 18:35:00+00:00,2025-11-25 18:35:00+00:00
O-20251125-230500-BACKTEST-000-1211,KRAKEN-BACKTEST,KrakenBTCUSDResearchStrategy-000,BTC/USD.KRAKEN,KRAKEN-1-1211,BTC/USD.KRAKEN-KrakenBTCUSDResearchStrategy-000,KRAKEN-001,T-afcfc07ba2f315e1-365598,MARKET,BUY,0.00786063,GTC,False,False,0.00786063,TAKER,87736.01999999999,0.0,['2.76 USD'],NO_TRIGGER,FILLED,NO_CONTINGENCY,,,,,,,,a349e2af-97d4-4b76-99a1-90c00bdde80e,2025-11-25 23:05:00+00:00,2025-11-25 23:05:00+00:00
O-20251126-010000-BACKTEST-000-1212,KRAKEN-BACKTEST,KrakenBTCUSDResearchStrategy-000,BTC/USD.KRAKEN,KRAKEN-1-1212,BTC/USD.KRAKEN-KrakenBTCUSDResearchStrategy-000,KRAKEN-001,T-6fbbe23ac142be95-365688,MARKET,SELL,0.00786063,GTC,False,False,0.00786063,TAKER,87402.11,0.0,['2.75 USD'],NO_TRIGGER,FILLED,NO_CONTINGENCY,,,,,,,,44d208f3-88f0-47aa-b5ef-23d913ea4ccf,2025-11-26 01:00:00+00:00,2025-11-26 01:00:00+00:00
O-20251126-075500-BACKTEST-000-1213,KRAKEN-BACKTEST,KrakenBTCUSDResearchStrategy-000,BTC/USD.KRAKEN,KRAKEN-1-1213,BTC/USD.KRAKEN-KrakenBTCUSDResearchStrategy-000,KRAKEN-001,T-00dcbd71d02013ae-366011,MARKET,BUY,0.00781510,GTC,False,False,0.00781510,TAKER,87935.05,0.0,['2.75 USD'],NO_TRIGGER,FILLED,NO_CONTINGENCY,,,,,,,,e8e09343-b3e3-414b-8e7f-4bca7ddcaa8c,2025-11-26 07:55:00+00:00,2025-11-26 07:55:00+00:00
O-20251126-080500-BACKTEST-000-1214,KRAKEN-BACKTEST,KrakenBTCUSDResearchStrategy-000,BTC/USD.KRAKEN,KRAKEN-1-1214,BTC/USD.KRAKEN-KrakenBTCUSDResearchStrategy-000,KRAKEN-001,T-a9713d7f1f303669-366020,MARKET,SELL,0.00781510,GTC,False,False,0.00781510,TAKER,87701.97,0.0,['2.74 USD'],NO_TRIGGER,FILLED,NO_CONTINGENCY,,,,,,,,16b84fca-d780-493c-9773-e034ad71ebac,2025-11-26 08:05:00+00:00,2025-11-26 08:05:00+00:00
O-20251126-172500-BACKTEST-000-1215,KRAKEN-BACKTEST,KrakenBTCUSDResearchStrategy-000,BTC/USD.KRAKEN,KRAKEN-1-1215,BTC/USD.KRAKEN-KrakenBTCUSDResearchStrategy-000,KRAKEN-001,T-7f0ddd314fd62ba6-366454,MARKET,BUY,0.00772619,GTC,False,False,0.00772619,TAKER,88663.14,0.0,['2.74 USD'],NO_TRIGGER,FILLED,NO_CONTINGENCY,,,,,,,,6a7626f9-cf4c-4a31-b53c-c50a582d96de,2025-11-26 17:25:00+00:00,2025-11-26 17:25:00+00:00
O-20251127-122500-BACKTEST-000-1216,KRAKEN-BACKTEST,KrakenBTCUSDResearchStrategy-000,BTC/USD.KRAKEN,KRAKEN-1-1216,BTC/USD.KRAKEN-KrakenBTCUSDResearchStrategy-000,KRAKEN-001,T-1488eb6e5c609085-367345,MARKET,SELL,0.00772619,GTC,False,False,0.00772619,TAKER,91277.31999999999,0.0,['2.82 USD'],NO_TRIGGER,FILLED,NO_CONTINGENCY,,,,,,,,69786760-7bab-4e7e-8b30-91ff2f5c4e26,2025-11-27 12:25:00+00:00,2025-11-27 12:25:00+00:00
O-20251127-183500-BACKTEST-000-1217,KRAKEN-BACKTEST,KrakenBTCUSDResearchStrategy-000,BTC/USD.KRAKEN,KRAKEN-1-1217,BTC/USD.KRAKEN-KrakenBTCUSDResearchStrategy-000,KRAKEN-001,T-68fa00223a3a8f08-367636,MARKET,BUY,0.00751923,GTC,False,False,0.00751923,TAKER,91687.61,0.0,['2.76 USD'],NO_TRIGGER,FILLED,NO_CONTINGENCY,,,,,,,,44cae7d3-30d6-4fc4-9997-a29b8ef2b3a7,2025-11-27 18:35:00+00:00,2025-11-27 18:35:00+00:00
O-20251127-202000-BACKTEST-000-1218,KRAKEN-BACKTEST,KrakenBTCUSDResearchStrategy-000,BTC/USD.KRAKEN,KRAKEN-1-1218,BTC/USD.KRAKEN-KrakenBTCUSDResearchStrategy-000,KRAKEN-001,T-fe3068297c4fc17e-367717,MARKET,SELL,0.00751923,GTC,False,False,0.00751923,TAKER,91432.62000000001,0.0,['2.75 USD'],NO_TRIGGER,FILLED,NO_CONTINGENCY,,,,,,,,c6d8fe59-96f3-45f5-85c7-ec7830c8ce15,2025-11-27 20:20:00+00:00,2025-11-27 20:20:00+00:00
O-20251128-051000-BACKTEST-000-1219,KRAKEN-BACKTEST,KrakenBTCUSDResearchStrategy-000,BTC/USD.KRAKEN,KRAKEN-1-1219,BTC/USD.KRAKEN-KrakenBTCUSDResearchStrategy-000,KRAKEN-001,T-1980d87ddad86f0f-368127,MARKET,BUY,0.00751018,GTC,False,False,0.00751018,TAKER,91501.40000000001,0.0,['2.75 USD'],NO_TRIGGER,FILLED,NO_CONTINGENCY,,,,,,,,4c783d4f-cf69-498c-bd71-145b4179c04c,2025-11-28 05:10:00+00:00,2025-11-28 05:10:00+00:00
O-20251128-062500-BACKTEST-000-1220,KRAKEN-BACKTEST,KrakenBTCUSDResearchStrategy-000,BTC/USD.KRAKEN,KRAKEN-1-1220,BTC/USD.KRAKEN-KrakenBTCUSDResearchStrategy-000,KRAKEN-001,T-499691879479be85-368185,MARKET,SELL,0.00751018,GTC,False,False,0.00751018,TAKER,91303.25,0.0,['2.74 USD'],NO_TRIGGER,FILLED,NO_CONTINGENCY,,,,,,,,641c557e-706e-4feb-966c-4b5b3146ebce,2025-11-28 06:25:00+00:00,2025-11-28 06:25:00+00:00
O-20251128-105000-BACKTEST-000-1221,KRAKEN-BACKTEST,KrakenBTCUSDResearchStrategy-000,BTC/USD.KRAKEN,KRAKEN-1-1221,BTC/USD.KRAKEN-KrakenBTCUSDResearchStrategy-000,KRAKEN-001,T-6992cc8209eaf190-368391,MARKET,BUY,0.00745805,GTC,False,False,0.00745805,TAKER,91860.14,0.0,['2.74 USD'],NO_TRIGGER,FILLED,NO_CONTINGENCY,,,,,,,,69b1b602-1111-431f-b0ec-bb0f1b93425c,2025-11-28 10:50:00+00:00,2025-11-28 10:50:00+00:00
O-20251128-110500-BACKTEST-000-1222,KRAKEN-BACKTEST,KrakenBTCUSDResearchStrategy-000,BTC/USD.KRAKEN,KRAKEN-1-1222,BTC/USD.KRAKEN-KrakenBTCUSDResearchStrategy-000,KRAKEN-001,T-8b378a23f97530c9-368403,MARKET,SELL,0.00745805,GTC,False,False,0.00745805,TAKER,91588.86,0.0,['2.73 USD'],NO_TRIGGER,FILLED,NO_CONTINGENCY,,,,,,,,cd41594b-e3e0-4f80-915f-975a83271beb,2025-11-28 11:05:00+00:00,2025-11-28 11:05:00+00:00
O-20251128-134500-BACKTEST-000-1223,KRAKEN-BACKTEST,KrakenBTCUSDResearchStrategy-000,BTC/USD.KRAKEN,KRAKEN-1-1223,BTC/USD.KRAKEN-KrakenBTCUSDResearchStrategy-000,KRAKEN-001,T-fa33542791aa571b-368531,MARKET,BUY,0.00739609,GTC,False,False,0.00739609,TAKER,92325.47,0.0,['2.73 USD'],NO_TRIGGER,FILLED,NO_CONTINGENCY,,,,,,,,a594ac8a-ac24-431f-8d49-1b8b2a37d55f,2025-11-28 13:45:00+00:00,2025-11-28 13:45:00+00:00
O-20251128-162000-BACKTEST-000-1224,KRAKEN-BACKTEST,KrakenBTCUSDResearchStrategy-000,BTC/USD.KRAKEN,KRAKEN-1-1224,BTC/USD.KRAKEN-KrakenBTCUSDResearchStrategy-000,KRAKEN-001,T-a64cd8d1009a58ad-368654,MARKET,SELL,0.00739609,GTC,False,False,0.00739609,TAKER,91385.24,0.0,['2.70 USD'],NO_TRIGGER,FILLED,NO_CONTINGENCY,,,,,,,,0dffb8a7-eec8-4b83-9e6c-cac4d4bfc315,2025-11-28 16:20:00+00:00,2025-11-28 16:20:00+00:00
O-20251129-151500-BACKTEST-000-1225,KRAKEN-BACKTEST,KrakenBTCUSDResearchStrategy-000,BTC/USD.KRAKEN,KRAKEN-1-1225,BTC/USD.KRAKEN-KrakenBTCUSDResearchStrategy-000,KRAKEN-001,T-9e4894899ba44b67-369716,MARKET,BUY,0.00746828,GTC,False,False,0.00746828,TAKER,90935.28,0.0,['2.72 USD'],NO_TRIGGER,FILLED,NO_CONTINGENCY,,,,,,,,af8b5d84-b052-4961-a7a5-762305def20d,2025-11-29 15:15:00+00:00,2025-11-29 15:15:00+00:00
O-20251129-171000-BACKTEST-000-1226,KRAKEN-BACKTEST,KrakenBTCUSDResearchStrategy-000,BTC/USD.KRAKEN,KRAKEN-1-1226,BTC/USD.KRAKEN-KrakenBTCUSDResearchStrategy-000,KRAKEN-001,T-b53ed7c452c28765-369801,MARKET,SELL,0.00746828,GTC,False,False,0.00746828,TAKER,90699.82,0.0,['2.71 USD'],NO_TRIGGER,FILLED,NO_CONTINGENCY,,,,,,,,9e8c07db-23ca-49d2-bcce-2d50501e18ed,2025-11-29 17:10:00+00:00,2025-11-29 17:10:00+00:00
O-20251130-074500-BACKTEST-000-1227,KRAKEN-BACKTEST,KrakenBTCUSDResearchStrategy-000,BTC/USD.KRAKEN,KRAKEN-1-1227,BTC/USD.KRAKEN-KrakenBTCUSDResearchStrategy-000,KRAKEN-001,T-fdc530267b2cdce1-370477,MARKET,BUY,0.00743654,GTC,False,False,0.00743654,TAKER,91033.42,0.0,['2.71 USD'],NO_TRIGGER,FILLED,NO_CONTINGENCY,,,,,,,,ce0c9c83-c548-4c4f-b859-091a7e036a14,2025-11-30 07:45:00+00:00,2025-11-30 07:45:00+00:00
O-20251130-075000-BACKTEST-000-1228,KRAKEN-BACKTEST,KrakenBTCUSDResearchStrategy-000,BTC/USD.KRAKEN,KRAKEN-1-1228,BTC/USD.KRAKEN-KrakenBTCUSDResearchStrategy-000,KRAKEN-001,T-c7dfa006c6a48a00-370482,MARKET,SELL,0.00743654,GTC,False,False,0.00743654,TAKER,90928.51,0.0,['2.70 USD'],NO_TRIGGER,FILLED,NO_CONTINGENCY,,,,,,,,c0864c98-cbed-4b7a-9b2d-5c8d76d3db2c,2025-11-30 07:50:00+00:00,2025-11-30 07:50:00+00:00
O-20251130-091000-BACKTEST-000-1229,KRAKEN-BACKTEST,KrakenBTCUSDResearchStrategy-000,BTC/USD.KRAKEN,KRAKEN-1-1229,BTC/USD.KRAKEN-KrakenBTCUSDResearchStrategy-000,KRAKEN-001,T-c39a393bbcced468-370547,MARKET,BUY,0.00737926,GTC,False,False,0.00737926,TAKER,91488.33,0.0,['2.70 USD'],NO_TRIGGER,FILLED,NO_CONTINGENCY,,,,,,,,b7b14f0c-b0eb-42b0-ba52-aadff116d259,2025-11-30 09:10:00+00:00,2025-11-30 09:10:00+00:00
O-20251130-103000-BACKTEST-000-1230,KRAKEN-BACKTEST,KrakenBTCUSDResearchStrategy-000,BTC/USD.KRAKEN,KRAKEN-1-1230,BTC/USD.KRAKEN-KrakenBTCUSDResearchStrategy-000,KRAKEN-001,T-7543e9c270790f31-370610,MARKET,SELL,0.00737926,GTC,False,False,0.00737926,TAKER,91244.0,0.0,['2.69 USD'],NO_TRIGGER,FILLED,NO_CONTINGENCY,,,,,,,,30518b67-26e4-4e1e-91c5-c9879b32094c,2025-11-30 10:30:00+00:00,2025-11-30 10:30:00+00:00
O-20251130-131500-BACKTEST-000-1231,KRAKEN-BACKTEST,KrakenBTCUSDResearchStrategy-000,BTC/USD.KRAKEN,KRAKEN-1-1231,BTC/USD.KRAKEN-KrakenBTCUSDResearchStrategy-000,KRAKEN-001,T-20496c7f1d9814e5-370736,MARKET,BUY,0.00733762,GTC,False,False,0.00733762,TAKER,91713.17,0.0,['2.69 USD'],NO_TRIGGER,FILLED,NO_CONTINGENCY,,,,,,,,3f0bb4e6-98fe-4024-983c-a465cdd27996,2025-11-30 13:15:00+00:00,2025-11-30 13:15:00+00:00
O-20251130-143500-BACKTEST-000-1232,KRAKEN-BACKTEST,KrakenBTCUSDResearchStrategy-000,BTC/USD.KRAKEN,KRAKEN-1-1232,BTC/USD.KRAKEN-KrakenBTCUSDResearchStrategy-000,KRAKEN-001,T-62e66da475c37612-370800,MARKET,SELL,0.00733762,GTC,False,False,0.00733762,TAKER,91299.0,0.0,['2.68 USD'],NO_TRIGGER,FILLED,NO_CONTINGENCY,,,,,,,,2d27e301-ead8-4e6a-8081-5bf638b34f1f,2025-11-30 14:35:00+00:00,2025-11-30 14:35:00+00:00
O-20251201-212000-BACKTEST-000-1233,KRAKEN-BACKTEST,KrakenBTCUSDResearchStrategy-000,BTC/USD.KRAKEN,KRAKEN-1-1233,BTC/USD.KRAKEN-KrakenBTCUSDResearchStrategy-000,KRAKEN-001,T-0ebed1763d576b49-372241,MARKET,BUY,0.00777876,GTC,False,False,0.00777876,TAKER,86187.74,0.0,['2.68 USD'],NO_TRIGGER,FILLED,NO_CONTINGENCY,,,,,,,,e333d8d6-d94b-4b9b-bb04-9e41b4e8c39f,2025-12-01 21:20:00+00:00,2025-12-01 21:20:00+00:00
O-20251202-033000-BACKTEST-000-1234,KRAKEN-BACKTEST,KrakenBTCUSDResearchStrategy-000,BTC/USD.KRAKEN,KRAKEN-1-1234,BTC/USD.KRAKEN-KrakenBTCUSDResearchStrategy-000,KRAKEN-001,T-03671d2334e21eb8-372532,MARKET,SELL,0.00777876,GTC,False,False,0.00777876,TAKER,86240.01,0.0,['2.68 USD'],NO_TRIGGER,FILLED,NO_CONTINGENCY,,,,,,,,50cc37a4-3982-40dc-a510-7ebf9d3a1fad,2025-12-02 03:30:00+00:00,2025-12-02 03:30:00+00:00
O-20251202-104500-BACKTEST-000-1235,KRAKEN-BACKTEST,KrakenBTCUSDResearchStrategy-000,BTC/USD.KRAKEN,KRAKEN-1-1235,BTC/USD.KRAKEN-KrakenBTCUSDResearchStrategy-000,KRAKEN-001,T-4a2fee90dea79c4e-372871,MARKET,BUY,0.00767209,GTC,False,False,0.00767209,TAKER,87192.46,0.0,['2.68 USD'],NO_TRIGGER,FILLED,NO_CONTINGENCY,,,,,,,,d968d172-253c-4847-baaa-fc48319715fb,2025-12-02 10:45:00+00:00,2025-12-02 10:45:00+00:00
O-20251203-003000-BACKTEST-000-1236,KRAKEN-BACKTEST,KrakenBTCUSDResearchStrategy-000,BTC/USD.KRAKEN,KRAKEN-1-1236,BTC/USD.KRAKEN-KrakenBTCUSDResearchStrategy-000,KRAKEN-001,T-e899fd6921cd32cb-373522,MARKET,SELL,0.00767209,GTC,False,False,0.00767209,TAKER,91054.0,0.0,['2.79 USD'],NO_TRIGGER,FILLED,NO_CONTINGENCY,,,,,,,,29a24b29-e030-40e4-be88-02558c2e9d79,2025-12-03 00:30:00+00:00,2025-12-03 00:30:00+00:00
O-20251203-014500-BACKTEST-000-1237,KRAKEN-BACKTEST,KrakenBTCUSDResearchStrategy-000,BTC/USD.KRAKEN,KRAKEN-1-1237,BTC/USD.KRAKEN-KrakenBTCUSDResearchStrategy-000,KRAKEN-001,T-994feb5a1c192785-373583,MARKET,BUY,0.00733129,GTC,False,False,0.00733129,TAKER,92233.88,0.0,['2.70 USD'],NO_TRIGGER,FILLED,NO_CONTINGENCY,,,,,,,,9dbd9dc8-3d00-4d4d-a0db-427db2e444ad,2025-12-03 01:45:00+00:00,2025-12-03 01:45:00+00:00
O-20251203-085000-BACKTEST-000-1238,KRAKEN-BACKTEST,KrakenBTCUSDResearchStrategy-000,BTC/USD.KRAKEN,KRAKEN-1-1238,BTC/USD.KRAKEN-KrakenBTCUSDResearchStrategy-000,KRAKEN-001,T-705e2de65dac1930-373917,MARKET,SELL,0.00733129,GTC,False,False,0.00733129,TAKER,92715.61,0.0,['2.72 USD'],NO_TRIGGER,FILLED,NO_CONTINGENCY,,,,,,,,77586a1b-e9c9-42c4-bc17-862c2f5d4756,2025-12-03 08:50:00+00:00,2025-12-03 08:50:00+00:00
O-20251203-215500-BACKTEST-000-1239,KRAKEN-BACKTEST,KrakenBTCUSDResearchStrategy-000,BTC/USD.KRAKEN,KRAKEN-1-1239,BTC/USD.KRAKEN-KrakenBTCUSDResearchStrategy-000,KRAKEN-001,T-245c8fc40a4b7dbb-374539,MARKET,BUY,0.00721056,GTC,False,False,0.00721056,TAKER,93700.0,0.0,['2.70 USD'],NO_TRIGGER,FILLED,NO_CONTINGENCY,,,,,,,,a040446e-9a0a-49af-9141-a0696e4b0d6e,2025-12-03 21:55:00+00:00,2025-12-03 21:55:00+00:00
O-20251203-223000-BACKTEST-000-1240,KRAKEN-BACKTEST,KrakenBTCUSDResearchStrategy-000,BTC/USD.KRAKEN,KRAKEN-1-1240,BTC/USD.KRAKEN-KrakenBTCUSDResearchStrategy-000,KRAKEN-001,T-344ccf4bd46d4545-374567,MARKET,SELL,0.00721056,GTC,False,False,0.00721056,TAKER,93331.70999999999,0.0,['2.69 USD'],NO_TRIGGER,FILLED,NO_CONTINGENCY,,,,,,,,c8cf885b-2dd9-4c3c-8b28-dd4842beb9a7,2025-12-03 22:30:00+00:00,2025-12-03 22:30:00+00:00
O-20251205-023500-BACKTEST-000-1241,KRAKEN-BACKTEST,KrakenBTCUSDResearchStrategy-000,BTC/USD.KRAKEN,KRAKEN-1-1241,BTC/USD.KRAKEN-KrakenBTCUSDResearchStrategy-000,KRAKEN-001,T-53a149f17e0994a0-375873,MARKET,BUY,0.00726558,GTC,False,False,0.00726558,TAKER,92658.0,0.0,['2.69 USD'],NO_TRIGGER,FILLED,NO_CONTINGENCY,,,,,,,,302bea50-d31d-4232-9db6-05e78c1450b5,2025-12-05 02:35:00+00:00,2025-12-05 02:35:00+00:00
O-20251205-032000-BACKTEST-000-1242,KRAKEN-BACKTEST,KrakenBTCUSDResearchStrategy-000,BTC/USD.KRAKEN,KRAKEN-1-1242,BTC/USD.KRAKEN-KrakenBTCUSDResearchStrategy-000,KRAKEN-001,T-6b3896bb58b08eda-375909,MARKET,SELL,0.00726558,GTC,False,False,0.00726558,TAKER,92370.55,0.0,['2.68 USD'],NO_TRIGGER,FILLED,NO_CONTINGENCY,,,,,,,,71a34ace-90f4-40b6-9cf6-061dedb50880,2025-12-05 03:20:00+00:00,2025-12-05 03:20:00+00:00
O-20251206-134000-BACKTEST-000-1243,KRAKEN-BACKTEST,KrakenBTCUSDResearchStrategy-000,BTC/USD.KRAKEN,KRAKEN-1-1243,BTC/USD.KRAKEN-KrakenBTCUSDResearchStrategy-000,KRAKEN-001,T-f4136234e50ce9c2-377489,MARKET,BUY,0.00747333,GTC,False,False,0.00747333,TAKER,89783.15,0.0,['2.68 USD'],NO_TRIGGER,FILLED,NO_CONTINGENCY,,,,,,,,fece2d2d-57d7-47d5-ba66-9166c4c6936d,2025-12-06 13:40:00+00:00,2025-12-06 13:40:00+00:00
O-20251206-135000-BACKTEST-000-1244,KRAKEN-BACKTEST,KrakenBTCUSDResearchStrategy-000,BTC/USD.KRAKEN,KRAKEN-1-1244,BTC/USD.KRAKEN-KrakenBTCUSDResearchStrategy-000,KRAKEN-001,T-3083fc53fa3a6e08-377498,MARKET,SELL,0.00747333,GTC,False,False,0.00747333,TAKER,89676.08,0.0,['2.68 USD'],NO_TRIGGER,FILLED,NO_CONTINGENCY,,,,,,,,b4046352-12cc-477c-a2b0-037ea67b0389,2025-12-06 13:50:00+00:00,2025-12-06 13:50:00+00:00
O-20251207-165500-BACKTEST-000-1245,KRAKEN-BACKTEST,KrakenBTCUSDResearchStrategy-000,BTC/USD.KRAKEN,KRAKEN-1-1245,BTC/USD.KRAKEN-KrakenBTCUSDResearchStrategy-000,KRAKEN-001,T-397e7a0909ea5510-378749,MARKET,BUY,0.00744361,GTC,False,False,0.00744361,TAKER,89893.37999999999,0.0,['2.68 USD'],NO_TRIGGER,FILLED,NO_CONTINGENCY,,,,,,,,bebe756f-0ddd-470b-850c-29e33c6f9842,2025-12-07 16:55:00+00:00,2025-12-07 16:55:00+00:00
O-20251207-214000-BACKTEST-000-1246,KRAKEN-BACKTEST,KrakenBTCUSDResearchStrategy-000,BTC/USD.KRAKEN,KRAKEN-1-1246,BTC/USD.KRAKEN-KrakenBTCUSDResearchStrategy-000,KRAKEN-001,T-946facd3a55ad2e9-378971,MARKET,SELL,0.00744361,GTC,False,False,0.00744361,TAKER,90529.93,0.0,['2.70 USD'],NO_TRIGGER,FILLED,NO_CONTINGENCY,,,,,,,,9bf2ad6f-6e63-4900-87fe-a694e4b1ded4,2025-12-07 21:40:00+00:00,2025-12-07 21:40:00+00:00
O-20251208-013500-BACKTEST-000-1247,KRAKEN-BACKTEST,KrakenBTCUSDResearchStrategy-000,BTC/USD.KRAKEN,KRAKEN-1-1247,BTC/USD.KRAKEN-KrakenBTCUSDResearchStrategy-000,KRAKEN-001,T-e94945279dd61a51-379155,MARKET,BUY,0.00730027,GTC,False,False,0.00730027,TAKER,91632.22,0.0,['2.68 USD'],NO_TRIGGER,FILLED,NO_CONTINGENCY,,,,,,,,9049e587-d9d3-4614-9ddd-51980e393a1a,2025-12-08 01:35:00+00:00,2025-12-08 01:35:00+00:00
O-20251208-014500-BACKTEST-000-1248,KRAKEN-BACKTEST,KrakenBTCUSDResearchStrategy-000,BTC/USD.KRAKEN,KRAKEN-1-1248,BTC/USD.KRAKEN-KrakenBTCUSDResearchStrategy-000,KRAKEN-001,T-ad2b4a691f886ebc-379164,MARKET,SELL,0.00730027,GTC,False,False,0.00730027,TAKER,91120.09999999999,0.0,['2.66 USD'],NO_TRIGGER,FILLED,NO_CONTINGENCY,,,,,,,,767c08d9-22a6-4d3d-98f4-a32f87d78d39,2025-12-08 01:45:00+00:00,2025-12-08 01:45:00+00:00
O-20251208-063000-BACKTEST-000-1249,KRAKEN-BACKTEST,KrakenBTCUSDResearchStrategy-000,BTC/USD.KRAKEN,KRAKEN-1-1249,BTC/USD.KRAKEN-KrakenBTCUSDResearchStrategy-000,KRAKEN-001,T-07b5502847102db1-379390,MARKET,BUY,0.00727689,GTC,False,False,0.00727689,TAKER,91552.24,0.0,['2.66 USD'],NO_TRIGGER,FILLED,NO_CONTINGENCY,,,,,,,,598b90ea-afe7-4036-8a2a-7c15a2a61c19,2025-12-08 06:30:00+00:00,2025-12-08 06:30:00+00:00
O-20251208-131500-BACKTEST-000-1250,KRAKEN-BACKTEST,KrakenBTCUSDResearchStrategy-000,BTC/USD.KRAKEN,KRAKEN-1-1250,BTC/USD.KRAKEN-KrakenBTCUSDResearchStrategy-000,KRAKEN-001,T-0fedd82dade08e9e-379704,MARKET,SELL,0.00727689,GTC,False,False,0.00727689,TAKER,91659.15,0.0,['2.67 USD'],NO_TRIGGER,FILLED,NO_CONTINGENCY,,,,,,,,876b48fc-b4c8-4b23-a9a1-3dd99625c548,2025-12-08 13:15:00+00:00,2025-12-08 13:15:00+00:00
O-20251208-212500-BACKTEST-000-1251,KRAKEN-BACKTEST,KrakenBTCUSDResearchStrategy-000,BTC/USD.KRAKEN,KRAKEN-1-1251,BTC/USD.KRAKEN-KrakenBTCUSDResearchStrategy-000,KRAKEN-001,T-68a5a4e219663c42-380090,MARKET,BUY,0.00730340,GTC,False,False,0.00730340,TAKER,91032.59,0.0,['2.66 USD'],NO_TRIGGER,FILLED,NO_CONTINGENCY,,,,,,,,a219b621-ce6f-4e16-b11c-f6fba36b2389,2025-12-08 21:25:00+00:00,2025-12-08 21:25:00+00:00
O-20251208-232000-BACKTEST-000-1252,KRAKEN-BACKTEST,KrakenBTCUSDResearchStrategy-000,BTC/USD.KRAKEN,KRAKEN-1-1252,BTC/USD.KRAKEN-KrakenBTCUSDResearchStrategy-000,KRAKEN-001,T-138634a2e35e4a94-380179,MARKET,SELL,0.00730340,GTC,False,False,0.00730340,TAKER,90662.0,0.0,['2.65 USD'],NO_TRIGGER,FILLED,NO_CONTINGENCY,,,,,,,,670a1c7e-21c6-434c-8ff9-c67f0d914e6d,2025-12-08 23:20:00+00:00,2025-12-08 23:20:00+00:00
O-20251209-081500-BACKTEST-000-1253,KRAKEN-BACKTEST,KrakenBTCUSDResearchStrategy-000,BTC/USD.KRAKEN,KRAKEN-1-1253,BTC/USD.KRAKEN-KrakenBTCUSDResearchStrategy-000,KRAKEN-001,T-77dc0c49986f9a42-380598,MARKET,BUY,0.00731260,GTC,False,False,0.00731260,TAKER,90589.06999999999,0.0,['2.65 USD'],NO_TRIGGER,FILLED,NO_CONTINGENCY,,,,,,,,45f7e0b0-fb90-4e9e-90a0-37895c2ec158,2025-12-09 08:15:00+00:00,2025-12-09 08:15:00+00:00
O-20251209-090000-BACKTEST-000-1254,KRAKEN-BACKTEST,KrakenBTCUSDResearchStrategy-000,BTC/USD.KRAKEN,KRAKEN-1-1254,BTC/USD.KRAKEN-KrakenBTCUSDResearchStrategy-000,KRAKEN-001,T-55d8d3d06f3a0f0d-380631,MARKET,SELL,0.00731260,GTC,False,False,0.00731260,TAKER,90386.26,0.0,['2.64 USD'],NO_TRIGGER,FILLED,NO_CONTINGENCY,,,,,,,,e2477053-d4fd-4bdd-b821-b75a61ba5e64,2025-12-09 09:00:00+00:00,2025-12-09 09:00:00+00:00
O-20251209-122000-BACKTEST-000-1255,KRAKEN-BACKTEST,KrakenBTCUSDResearchStrategy-000,BTC/USD.KRAKEN,KRAKEN-1-1255,BTC/USD.KRAKEN-KrakenBTCUSDResearchStrategy-000,KRAKEN-001,T-0ee76723863f57df-380790,MARKET,BUY,0.00728839,GTC,False,False,0.00728839,TAKER,90611.28,0.0,['2.64 USD'],NO_TRIGGER,FILLED,NO_CONTINGENCY,,,,,,,,a0cc1820-d1f4-48e1-9093-5bfae7907847,2025-12-09 12:20:00+00:00,2025-12-09 12:20:00+00:00
O-20251209-134000-BACKTEST-000-1256,KRAKEN-BACKTEST,KrakenBTCUSDResearchStrategy-000,BTC/USD.KRAKEN,KRAKEN-1-1256,BTC/USD.KRAKEN-KrakenBTCUSDResearchStrategy-000,KRAKEN-001,T-4fb9e0b5e99f6fa6-380853,MARKET,SELL,0.00728839,GTC,False,False,0.00728839,TAKER,90202.7,0.0,['2.63 USD'],NO_TRIGGER,FILLED,NO_CONTINGENCY,,,,,,,,64725b54-d25e-4111-aa9c-b9835b36096a,2025-12-09 13:40:00+00:00,2025-12-09 13:40:00+00:00
O-20251209-153500-BACKTEST-000-1257,KRAKEN-BACKTEST,KrakenBTCUSDResearchStrategy-000,BTC/USD.KRAKEN,KRAKEN-1-1257,BTC/USD.KRAKEN-KrakenBTCUSDResearchStrategy-000,KRAKEN-001,T-2f294be6ed22731f-380945,MARKET,BUY,0.00718286,GTC,False,False,0.00718286,TAKER,91597.99,0.0,['2.63 USD'],NO_TRIGGER,FILLED,NO_CONTINGENCY,,,,,,,,c2c6d58e-bf8f-4fb5-94a6-ca186ebcba82,2025-12-09 15:35:00+00:00,2025-12-09 15:35:00+00:00
O-20251209-214000-BACKTEST-000-1258,KRAKEN-BACKTEST,KrakenBTCUSDResearchStrategy-000,BTC/USD.KRAKEN,KRAKEN-1-1258,BTC/USD.KRAKEN-KrakenBTCUSDResearchStrategy-000,KRAKEN-001,T-145f1fed1961dfd6-381235,MARKET,SELL,0.00718286,GTC,False,False,0.00718286,TAKER,92679.70999999999,0.0,['2.66 USD'],NO_TRIGGER,FILLED,NO_CONTINGENCY,,,,,,,,57c94c70-3237-4b30-898c-87951f05f15b,2025-12-09 21:40:00+00:00,2025-12-09 21:40:00+00:00
O-20251210-075500-BACKTEST-000-1259,KRAKEN-BACKTEST,KrakenBTCUSDResearchStrategy-000,BTC/USD.KRAKEN,KRAKEN-1-1259,BTC/USD.KRAKEN-KrakenBTCUSDResearchStrategy-000,KRAKEN-001,T-0e1690123c51e132-381705,MARKET,BUY,0.00709915,GTC,False,False,0.00709915,TAKER,92782.90999999999,0.0,['2.63 USD'],NO_TRIGGER,FILLED,NO_CONTINGENCY,,,,,,,,4bfdee87-fa0f-409c-b774-36c2eac85bf5,2025-12-10 07:55:00+00:00,2025-12-10 07:55:00+00:00
O-20251210-083000-BACKTEST-000-1260,KRAKEN-BACKTEST,KrakenBTCUSDResearchStrategy-000,BTC/USD.KRAKEN,KRAKEN-1-1260,BTC/USD.KRAKEN-KrakenBTCUSDResearchStrategy-000,KRAKEN-001,T-bd787110f36d0bd4-381733,MARKET,SELL,0.00709915,GTC,False,False,0.00709915,TAKER,92550.8,0.0,['2.63 USD'],NO_TRIGGER,FILLED,NO_CONTINGENCY,,,,,,,,5fe6d22b-cb44-4a57-8aae-64e0cdb58878,2025-12-10 08:30:00+00:00,2025-12-10 08:30:00+00:00
O-20251210-094500-BACKTEST-000-1261,KRAKEN-BACKTEST,KrakenBTCUSDResearchStrategy-000,BTC/USD.KRAKEN,KRAKEN-1-1261,BTC/USD.KRAKEN-KrakenBTCUSDResearchStrategy-000,KRAKEN-001,T-27ab5951996dcdcf-381792,MARKET,BUY,0.00707370,GTC,False,False,0.00707370,TAKER,92823.57,0.0,['2.63 USD'],NO_TRIGGER,FILLED,NO_CONTINGENCY,,,,,,,,987455a5-2e0c-4342-b555-0d1fae660597,2025-12-10 09:45:00+00:00,2025-12-10 09:45:00+00:00
O-20251210-102500-BACKTEST-000-1262,KRAKEN-BACKTEST,KrakenBTCUSDResearchStrategy-000,BTC/USD.KRAKEN,KRAKEN-1-1262,BTC/USD.KRAKEN-KrakenBTCUSDResearchStrategy-000,KRAKEN-001,T-360d9aaf013f0c30-381824,MARKET,SELL,0.00707370,GTC,False,False,0.00707370,TAKER,92450.16,0.0,['2.62 USD'],NO_TRIGGER,FILLED,NO_CONTINGENCY,,,,,,,,747a5387-986d-483a-b29c-d44b42bf6632,2025-12-10 10:25:00+00:00,2025-12-10 10:25:00+00:00
O-20251210-183500-BACKTEST-000-1263,KRAKEN-BACKTEST,KrakenBTCUSDResearchStrategy-000,BTC/USD.KRAKEN,KRAKEN-1-1263,BTC/USD.KRAKEN-KrakenBTCUSDResearchStrategy-000,KRAKEN-001,T-c96e8ea19d656c0b-382209,MARKET,BUY,0.00703433,GTC,False,False,0.00703433,TAKER,93006.22,0.0,['2.62 USD'],NO_TRIGGER,FILLED,NO_CONTINGENCY,,,,,,,,8b85be25-85d7-4505-b9d9-ddcff85e0409,2025-12-10 18:35:00+00:00,2025-12-10 18:35:00+00:00
O-20251210-184000-BACKTEST-000-1264,KRAKEN-BACKTEST,KrakenBTCUSDResearchStrategy-000,BTC/USD.KRAKEN,KRAKEN-1-1264,BTC/USD.KRAKEN-KrakenBTCUSDResearchStrategy-000,KRAKEN-001,T-7a60f8cbbde87566-382214,MARKET,SELL,0.00703433,GTC,False,False,0.00703433,TAKER,92582.13,0.0,['2.61 USD'],NO_TRIGGER,FILLED,NO_CONTINGENCY,,,,,,,,3dc1ca32-67bb-4ed4-8828-baf7f33c5d43,2025-12-10 18:40:00+00:00,2025-12-10 18:40:00+00:00
O-20251210-200500-BACKTEST-000-1265,KRAKEN-BACKTEST,KrakenBTCUSDResearchStrategy-000,BTC/USD.KRAKEN,KRAKEN-1-1265,BTC/USD.KRAKEN-KrakenBTCUSDResearchStrategy-000,KRAKEN-001,T-f51afbfd319cf619-382282,MARKET,BUY,0.00536564,GTC,False,False,0.00536564,TAKER,93570.52,0.0,['2.01 USD'],NO_TRIGGER,FILLED,NO_CONTINGENCY,,,,,,,,77e8aecc-863d-4a4f-8cc8-c70f5e194211,2025-12-10 20:05:00+00:00,2025-12-10 20:05:00+00:00
O-20251210-205000-BACKTEST-000-1266,KRAKEN-BACKTEST,KrakenBTCUSDResearchStrategy-000,BTC/USD.KRAKEN,KRAKEN-1-1266,BTC/USD.KRAKEN-KrakenBTCUSDResearchStrategy-000,KRAKEN-001,T-6a6d18847b71c7d1-382318,MARKET,SELL,0.00536564,GTC,False,False,0.00536564,TAKER,92492.64,0.0,['1.99 USD'],NO_TRIGGER,FILLED,NO_CONTINGENCY,,,,,,,,7c66d65e-6060-432a-9dea-c8d361b419d6,2025-12-10 20:50:00+00:00,2025-12-10 20:50:00+00:00
O-20251211-184000-BACKTEST-000-1267,KRAKEN-BACKTEST,KrakenBTCUSDResearchStrategy-000,BTC/USD.KRAKEN,KRAKEN-1-1267,BTC/USD.KRAKEN-KrakenBTCUSDResearchStrategy-000,KRAKEN-001,T-4e8ae9da77f462e7-383340,MARKET,BUY,0.00711677,GTC,False,False,0.00711677,TAKER,91169.65000000001,0.0,['2.60 USD'],NO_TRIGGER,FILLED,NO_CONTINGENCY,,,,,,,,519b557c-76ec-4c09-b4a1-369f8332f202,2025-12-11 18:40:00+00:00,2025-12-11 18:40:00+00:00
O-20251211-185000-BACKTEST-000-1268,KRAKEN-BACKTEST,KrakenBTCUSDResearchStrategy-000,BTC/USD.KRAKEN,KRAKEN-1-1268,BTC/USD.KRAKEN-KrakenBTCUSDResearchStrategy-000,KRAKEN-001,T-888b8574f6a7c324-383349,MARKET,SELL,0.00711677,GTC,False,False,0.00711677,TAKER,90632.06,0.0,['2.58 USD'],NO_TRIGGER,FILLED,NO_CONTINGENCY,,,,,,,,e60e8d4b-7061-4cca-8e03-8e792f4b6eba,2025-12-11 18:50:00+00:00,2025-12-11 18:50:00+00:00
O-20251211-204000-BACKTEST-000-1269,KRAKEN-BACKTEST,KrakenBTCUSDResearchStrategy-000,BTC/USD.KRAKEN,KRAKEN-1-1269,BTC/USD.KRAKEN-KrakenBTCUSDResearchStrategy-000,KRAKEN-001,T-4aad47c8bace1c32-383437,MARKET,BUY,0.00705590,GTC,False,False,0.00705590,TAKER,91573.45999999999,0.0,['2.58 USD'],NO_TRIGGER,FILLED,NO_CONTINGENCY,,,,,,,,5bcf5bc8-3292-4607-8b93-2c0bf0897413,2025-12-11 20:40:00+00:00,2025-12-11 20:40:00+00:00
O-20251212-005500-BACKTEST-000-1270,KRAKEN-BACKTEST,KrakenBTCUSDResearchStrategy-000,BTC/USD.KRAKEN,KRAKEN-1-1270,BTC/USD.KRAKEN-KrakenBTCUSDResearchStrategy-000,KRAKEN-001,T-9c9c1cad261e1c8f-383640,MARKET,SELL,0.00705590,GTC,False,False,0.00705590,TAKER,91573.88,0.0,['2.58 USD'],NO_TRIGGER,FILLED,NO_CONTINGENCY,,,,,,,,07ddaaa1-f132-4cec-8cb2-5e736bbb2085,2025-12-12 00:55:00+00:00,2025-12-12 00:55:00+00:00
O-20251213-103500-BACKTEST-000-1271,KRAKEN-BACKTEST,KrakenBTCUSDResearchStrategy-000,BTC/USD.KRAKEN,KRAKEN-1-1271,BTC/USD.KRAKEN-KrakenBTCUSDResearchStrategy-000,KRAKEN-001,T-d470ff53726f05a4-385173,MARKET,BUY,0.00711397,GTC,False,False,0.00711397,TAKER,90608.87,0.0,['2.58 USD'],NO_TRIGGER,FILLED,NO_CONTINGENCY,,,,,,,,ebdfe70a-f500-462d-86c2-ee913072e1e6,2025-12-13 10:35:00+00:00,2025-12-13 10:35:00+00:00
O-20251213-111500-BACKTEST-000-1272,KRAKEN-BACKTEST,KrakenBTCUSDResearchStrategy-000,BTC/USD.KRAKEN,KRAKEN-1-1272,BTC/USD.KRAKEN-KrakenBTCUSDResearchStrategy-000,KRAKEN-001,T-20a991dd63f5fc05-385204,MARKET,SELL,0.00711397,GTC,False,False,0.00711397,TAKER,90505.42,0.0,['2.58 USD'],NO_TRIGGER,FILLED,NO_CONTINGENCY,,,,,,,,1354a8fe-ada7-41b2-8725-77dc4202f5ab,2025-12-13 11:15:00+00:00,2025-12-13 11:15:00+00:00
O-20251214-001500-BACKTEST-000-1273,KRAKEN-BACKTEST,KrakenBTCUSDResearchStrategy-000,BTC/USD.KRAKEN,KRAKEN-1-1273,BTC/USD.KRAKEN-KrakenBTCUSDResearchStrategy-000,KRAKEN-001,T-304330b6dbdc242f-385779,MARKET,BUY,0.00711799,GTC,False,False,0.00711799,TAKER,90309.0,0.0,['2.57 USD'],NO_TRIGGER,FILLED,NO_CONTINGENCY,,,,,,,,4d17574c-2a29-4da8-b192-ad5ccb54be42,2025-12-14 00:15:00+00:00,2025-12-14 00:15:00+00:00
O-20251214-034500-BACKTEST-000-1274,KRAKEN-BACKTEST,KrakenBTCUSDResearchStrategy-000,BTC/USD.KRAKEN,KRAKEN-1-1274,BTC/USD.KRAKEN-KrakenBTCUSDResearchStrategy-000,KRAKEN-001,T-09cbf583988975bb-385938,MARKET,SELL,0.00711799,GTC,False,False,0.00711799,TAKER,90250.0,0.0,['2.57 USD'],NO_TRIGGER,FILLED,NO_CONTINGENCY,,,,,,,,45754e3a-1af7-4d0c-8b27-401faeeb1138,2025-12-14 03:45:00+00:00,2025-12-14 03:45:00+00:00
O-20251215-020000-BACKTEST-000-1275,KRAKEN-BACKTEST,KrakenBTCUSDResearchStrategy-000,BTC/USD.KRAKEN,KRAKEN-1-1275,BTC/USD.KRAKEN-KrakenBTCUSDResearchStrategy-000,KRAKEN-001,T-74099d9cc43dd1b3-386965,MARKET,BUY,0.00716547,GTC,False,False,0.00716547,TAKER,89477.84,0.0,['2.56 USD'],NO_TRIGGER,FILLED,NO_CONTINGENCY,,,,,,,,41ddb312-793a-4c0f-8c04-30e05fd265cf,2025-12-15 02:00:00+00:00,2025-12-15 02:00:00+00:00
O-20251215-114000-BACKTEST-000-1276,KRAKEN-BACKTEST,KrakenBTCUSDResearchStrategy-000,BTC/USD.KRAKEN,KRAKEN-1-1276,BTC/USD.KRAKEN-KrakenBTCUSDResearchStrategy-000,KRAKEN-001,T-c87639422f28df7d-387411,MARKET,SELL,0.00716547,GTC,False,False,0.00716547,TAKER,89585.54999999999,0.0,['2.57 USD'],NO_TRIGGER,FILLED,NO_CONTINGENCY,,,,,,,,1b17e97a-e559-4356-93b4-4f5bbd702914,2025-12-15 11:40:00+00:00,2025-12-15 11:40:00+00:00
O-20251216-065000-BACKTEST-000-1277,KRAKEN-BACKTEST,KrakenBTCUSDResearchStrategy-000,BTC/USD.KRAKEN,KRAKEN-1-1277,BTC/USD.KRAKEN-KrakenBTCUSDResearchStrategy-000,KRAKEN-001,T-64756be70e057da7-388304,MARKET,BUY,0.00739190,GTC,False,False,0.00739190,TAKER,86559.93,0.0,['2.56 USD'],NO_TRIGGER,FILLED,NO_CONTINGENCY,,,,,,,,87acb5f3-2f6a-405e-b903-2410e2bd7a23,2025-12-16 06:50:00+00:00,2025-12-16 06:50:00+00:00
O-20251216-071000-BACKTEST-000-1278,KRAKEN-BACKTEST,KrakenBTCUSDResearchStrategy-000,BTC/USD.KRAKEN,KRAKEN-1-1278,BTC/USD.KRAKEN-KrakenBTCUSDResearchStrategy-000,KRAKEN-001,T-27cbf03c9a50bcb7-388320,MARKET,SELL,0.00739190,GTC,False,False,0.00739190,TAKER,86337.68,0.0,['2.55 USD'],NO_TRIGGER,FILLED,NO_CONTINGENCY,,,,,,,,1848a6d8-ed02-487f-bce6-9e4020bdb568,2025-12-16 07:10:00+00:00,2025-12-16 07:10:00+00:00
O-20251216-103500-BACKTEST-000-1279,KRAKEN-BACKTEST,KrakenBTCUSDResearchStrategy-000,BTC/USD.KRAKEN,KRAKEN-1-1279,BTC/USD.KRAKEN-KrakenBTCUSDResearchStrategy-000,KRAKEN-001,T-78a6d5da9c404806-388479,MARKET,BUY,0.00735136,GTC,False,False,0.00735136,TAKER,86761.87,0.0,['2.55 USD'],NO_TRIGGER,FILLED,NO_CONTINGENCY,,,,,,,,7dca9757-c2fb-4972-ae63-45136fbd84a0,2025-12-16 10:35:00+00:00,2025-12-16 10:35:00+00:00
O-20251216-135500-BACKTEST-000-1280,KRAKEN-BACKTEST,KrakenBTCUSDResearchStrategy-000,BTC/USD.KRAKEN,KRAKEN-1-1280,BTC/USD.KRAKEN-KrakenBTCUSDResearchStrategy-000,KRAKEN-001,T-f608516b70199499-388637,MARKET,SELL,0.00735136,GTC,False,False,0.00735136,TAKER,86443.02,0.0,['2.54 USD'],NO_TRIGGER,FILLED,NO_CONTINGENCY,,,,,,,,780cf82f-52cd-490f-a8e8-467948f38c67,2025-12-16 13:55:00+00:00,2025-12-16 13:55:00+00:00
O-20251216-155000-BACKTEST-000-1281,KRAKEN-BACKTEST,KrakenBTCUSDResearchStrategy-000,BTC/USD.KRAKEN,KRAKEN-1-1281,BTC/USD.KRAKEN-KrakenBTCUSDResearchStrategy-000,KRAKEN-001,T-c497621e9a3a34a2-388730,MARKET,BUY,0.00722737,GTC,False,False,0.00722737,TAKER,87941.51,0.0,['2.54 USD'],NO_TRIGGER,FILLED,NO_CONTINGENCY,,,,,,,,60f55750-5db4-400b-9289-49052e40a8c2,2025-12-16 15:50:00+00:00,2025-12-16 15:50:00+00:00
O-20251216-172500-BACKTEST-000-1282,KRAKEN-BACKTEST,KrakenBTCUSDResearchStrategy-000,BTC/USD.KRAKEN,KRAKEN-1-1282,BTC/USD.KRAKEN-KrakenBTCUSDResearchStrategy-000,KRAKEN-001,T-96b8ff38b2b1ecf2-388807,MARKET,SELL,0.00722737,GTC,False,False,0.00722737,TAKER,87343.42,0.0,['2.53 USD'],NO_TRIGGER,FILLED,NO_CONTINGENCY,,,,,,,,c83c5576-8cd1-4799-afde-2a3d03f4cdc1,2025-12-16 17:25:00+00:00,2025-12-16 17:25:00+00:00
O-20251217-134000-BACKTEST-000-1283,KRAKEN-BACKTEST,KrakenBTCUSDResearchStrategy-000,BTC/USD.KRAKEN,KRAKEN-1-1283,BTC/USD.KRAKEN-KrakenBTCUSDResearchStrategy-000,KRAKEN-001,T-8fc988dd3deb5e38-389752,MARKET,BUY,0.00724170,GTC,False,False,0.00724170,TAKER,87378.09999999999,0.0,['2.53 USD'],NO_TRIGGER,FILLED,NO_CONTINGENCY,,,,,,,,0a4bc82c-499e-4849-b7de-9a44cef35ab1,2025-12-17 13:40:00+00:00,2025-12-17 13:40:00+00:00
O-20251217-155500-BACKTEST-000-1284,KRAKEN-BACKTEST,KrakenBTCUSDResearchStrategy-000,BTC/USD.KRAKEN,KRAKEN-1-1284,BTC/USD.KRAKEN-KrakenBTCUSDResearchStrategy-000,KRAKEN-001,T-10d25f71361ea899-389860,MARKET,SELL,0.00724170,GTC,False,False,0.00724170,TAKER,87233.44,0.0,['2.53 USD'],NO_TRIGGER,FILLED,NO_CONTINGENCY,,,,,,,,7fac2ccb-0ca2-4669-8d60-fdc10c8aa43a,2025-12-17 15:55:00+00:00,2025-12-17 15:55:00+00:00
O-20251218-042000-BACKTEST-000-1285,KRAKEN-BACKTEST,KrakenBTCUSDResearchStrategy-000,BTC/USD.KRAKEN,KRAKEN-1-1285,BTC/USD.KRAKEN-KrakenBTCUSDResearchStrategy-000,KRAKEN-001,T-69d61c71bff1f323-390436,MARKET,BUY,0.00726086,GTC,False,False,0.00726086,TAKER,86895.02,0.0,['2.52 USD'],NO_TRIGGER,FILLED,NO_CONTINGENCY,,,,,,,,a255a8fb-0514-4903-b548-d784e6f7ab03,2025-12-18 04:20:00+00:00,2025-12-18 04:20:00+00:00
O-20251218-050500-BACKTEST-000-1286,KRAKEN-BACKTEST,KrakenBTCUSDResearchStrategy-000,BTC/USD.KRAKEN,KRAKEN-1-1286,BTC/USD.KRAKEN-KrakenBTCUSDResearchStrategy-000,KRAKEN-001,T-85d6bbd0ea14646b-390472,MARKET,SELL,0.00726086,GTC,False,False,0.00726086,TAKER,86691.49,0.0,['2.52 USD'],NO_TRIGGER,FILLED,NO_CONTINGENCY,,,,,,,,59cd5c5e-6d44-46c8-a39f-a52a534b8602,2025-12-18 05:05:00+00:00,2025-12-18 05:05:00+00:00
O-20251218-082000-BACKTEST-000-1287,KRAKEN-BACKTEST,KrakenBTCUSDResearchStrategy-000,BTC/USD.KRAKEN,KRAKEN-1-1287,BTC/USD.KRAKEN-KrakenBTCUSDResearchStrategy-000,KRAKEN-001,T-fe1a3a02366d53a0-390626,MARKET,BUY,0.00723231,GTC,False,False,0.00723231,TAKER,86967.61,0.0,['2.52 USD'],NO_TRIGGER,FILLED,NO_CONTINGENCY,,,,,,,,02e6e5f9-5ce9-41e9-a263-42f3d1a09fc8,2025-12-18 08:20:00+00:00,2025-12-18 08:20:00+00:00
O-20251218-170000-BACKTEST-000-1288,KRAKEN-BACKTEST,KrakenBTCUSDResearchStrategy-000,BTC/USD.KRAKEN,KRAKEN-1-1288,BTC/USD.KRAKEN-KrakenBTCUSDResearchStrategy-000,KRAKEN-001,T-4e14401306ab1b1b-391034,MARKET,SELL,0.00723231,GTC,False,False,0.00723231,TAKER,87599.99,0.0,['2.53 USD'],NO_TRIGGER,FILLED,NO_CONTINGENCY,,,,,,,,0e281d2c-1bf9-457a-8c59-9bae7803c4cc,2025-12-18 17:00:00+00:00,2025-12-18 17:00:00+00:00
O-20251219-032500-BACKTEST-000-1289,KRAKEN-BACKTEST,KrakenBTCUSDResearchStrategy-000,BTC/USD.KRAKEN,KRAKEN-1-1289,BTC/USD.KRAKEN-KrakenBTCUSDResearchStrategy-000,KRAKEN-001,T-b23f5209e3069961-391515,MARKET,BUY,0.00721585,GTC,False,False,0.00721585,TAKER,87146.04000000001,0.0,['2.52 USD'],NO_TRIGGER,FILLED,NO_CONTINGENCY,,,,,,,,dd7f335f-06f6-45aa-9702-2497e1f4d499,2025-12-19 03:25:00+00:00,2025-12-19 03:25:00+00:00
O-20251219-053000-BACKTEST-000-1290,KRAKEN-BACKTEST,KrakenBTCUSDResearchStrategy-000,BTC/USD.KRAKEN,KRAKEN-1-1290,BTC/USD.KRAKEN-KrakenBTCUSDResearchStrategy-000,KRAKEN-001,T-920765bd7d4a9a98-391616,MARKET,SELL,0.00721585,GTC,False,False,0.00721585,TAKER,86702.76,0.0,['2.50 USD'],NO_TRIGGER,FILLED,NO_CONTINGENCY,,,,,,,,395ccd91-3ae7-4812-9232-eb2de50d7a0b,2025-12-19 05:30:00+00:00,2025-12-19 05:30:00+00:00
O-20251219-070000-BACKTEST-000-1291,KRAKEN-BACKTEST,KrakenBTCUSDResearchStrategy-000,BTC/USD.KRAKEN,KRAKEN-1-1291,BTC/USD.KRAKEN-KrakenBTCUSDResearchStrategy-000,KRAKEN-001,T-a31f1aa6d83e1861-391686,MARKET,BUY,0.00713850,GTC,False,False,0.00713850,TAKER,87744.81,0.0,['2.51 USD'],NO_TRIGGER,FILLED,NO_CONTINGENCY,,,,,,,,92ad9a39-b16d-4daa-bcba-e8cefed5018d,2025-12-19 07:00:00+00:00,2025-12-19 07:00:00+00:00
O-20251219-143000-BACKTEST-000-1292,KRAKEN-BACKTEST,KrakenBTCUSDResearchStrategy-000,BTC/USD.KRAKEN,KRAKEN-1-1292,BTC/USD.KRAKEN-KrakenBTCUSDResearchStrategy-000,KRAKEN-001,T-a63899ade186d3dd-392043,MARKET,SELL,0.00713850,GTC,False,False,0.00713850,TAKER,87758.81,0.0,['2.51 USD'],NO_TRIGGER,FILLED,NO_CONTINGENCY,,,,,,,,6fcc13b5-cc2b-4f36-977e-810c996fecd8,2025-12-19 14:30:00+00:00,2025-12-19 14:30:00+00:00
O-20251220-050000-BACKTEST-000-1293,KRAKEN-BACKTEST,KrakenBTCUSDResearchStrategy-000,BTC/USD.KRAKEN,KRAKEN-1-1293,BTC/USD.KRAKEN-KrakenBTCUSDResearchStrategy-000,KRAKEN-001,T-692cf3e48b297559-392716,MARKET,BUY,0.00707370,GTC,False,False,0.00707370,TAKER,88340.0,0.0,['2.50 USD'],NO_TRIGGER,FILLED,NO_CONTINGENCY,,,,,,,,d7488b4d-b1d5-4077-9b34-10d06bf9ac4a,2025-12-20 05:00:00+00:00,2025-12-20 05:00:00+00:00
O-20251220-071500-BACKTEST-000-1294,KRAKEN-BACKTEST,KrakenBTCUSDResearchStrategy-000,BTC/USD.KRAKEN,KRAKEN-1-1294,BTC/USD.KRAKEN-KrakenBTCUSDResearchStrategy-000,KRAKEN-001,T-bd6ac224845b01d3-392817,MARKET,SELL,0.00707370,GTC,False,False,0.00707370,TAKER,88218.25,0.0,['2.50 USD'],NO_TRIGGER,FILLED,NO_CONTINGENCY,,,,,,,,1fc8e694-82c5-46d2-8071-a486184f7b6a,2025-12-20 07:15:00+00:00,2025-12-20 07:15:00+00:00
O-20251220-185500-BACKTEST-000-1295,KRAKEN-BACKTEST,KrakenBTCUSDResearchStrategy-000,BTC/USD.KRAKEN,KRAKEN-1-1295,BTC/USD.KRAKEN-KrakenBTCUSDResearchStrategy-000,KRAKEN-001,T-1d398f1cedfef5b3-393339,MARKET,BUY,0.00705594,GTC,False,False,0.00705594,TAKER,88313.20999999999,0.0,['2.49 USD'],NO_TRIGGER,FILLED,NO_CONTINGENCY,,,,,,,,b9fa6a6e-e89f-4171-bf48-c59ca9bf4a5c,2025-12-20 18:55:00+00:00,2025-12-20 18:55:00+00:00
O-20251220-190000-BACKTEST-000-1296,KRAKEN-BACKTEST,KrakenBTCUSDResearchStrategy-000,BTC/USD.KRAKEN,KRAKEN-1-1296,BTC/USD.KRAKEN-KrakenBTCUSDResearchStrategy-000,KRAKEN-001,T-a58ab38be1c3b676-393344,MARKET,SELL,0.00705594,GTC,False,False,0.00705594,TAKER,88237.11,0.0,['2.49 USD'],NO_TRIGGER,FILLED,NO_CONTINGENCY,,,,,,,,9a3a7aa0-c57e-496b-8f17-be9c0684ab82,2025-12-20 19:00:00+00:00,2025-12-20 19:00:00+00:00
O-20251221-082500-BACKTEST-000-1297,KRAKEN-BACKTEST,KrakenBTCUSDResearchStrategy-000,BTC/USD.KRAKEN,KRAKEN-1-1297,BTC/USD.KRAKEN-KrakenBTCUSDResearchStrategy-000,KRAKEN-001,T-4929035c1d30ab4d-393940,MARKET,BUY,0.00704154,GTC,False,False,0.00704154,TAKER,88259.0,0.0,['2.49 USD'],NO_TRIGGER,FILLED,NO_CONTINGENCY,,,,,,,,0dd76312-ba53-4057-aa2e-85ee0eb5d307,2025-12-21 08:25:00+00:00,2025-12-21 08:25:00+00:00
O-20251221-130000-BACKTEST-000-1298,KRAKEN-BACKTEST,KrakenBTCUSDResearchStrategy-000,BTC/USD.KRAKEN,KRAKEN-1-1298,BTC/USD.KRAKEN-KrakenBTCUSDResearchStrategy-000,KRAKEN-001,T-09fd1e54a230475c-394152,MARKET,SELL,0.00704154,GTC,False,False,0.00704154,TAKER,88346.96,0.0,['2.49 USD'],NO_TRIGGER,FILLED,NO_CONTINGENCY,,,,,,,,f965534e-72fb-40fd-9126-47159ac622aa,2025-12-21 13:00:00+00:00,2025-12-21 13:00:00+00:00
O-20251221-195000-BACKTEST-000-1299,KRAKEN-BACKTEST,KrakenBTCUSDResearchStrategy-000,BTC/USD.KRAKEN,KRAKEN-1-1299,BTC/USD.KRAKEN-KrakenBTCUSDResearchStrategy-000,KRAKEN-001,T-8e6ae1885a116729-394468,MARKET,BUY,0.00700397,GTC,False,False,0.00700397,TAKER,88545.72,0.0,['2.48 USD'],NO_TRIGGER,FILLED,NO_CONTINGENCY,,,,,,,,d7d9dfc7-655b-47c4-a1d2-4a34af6e18a7,2025-12-21 19:50:00+00:00,2025-12-21 19:50:00+00:00
O-20251221-201000-BACKTEST-000-1300,KRAKEN-BACKTEST,KrakenBTCUSDResearchStrategy-000,BTC/USD.KRAKEN,KRAKEN-1-1300,BTC/USD.KRAKEN-KrakenBTCUSDResearchStrategy-000,KRAKEN-001,T-a6b88909b0a5966d-394485,MARKET,SELL,0.00700397,GTC,False,False,0.00700397,TAKER,88312.32,0.0,['2.47 USD'],NO_TRIGGER,FILLED,NO_CONTINGENCY,,,,,,,,da0a8332-3672-4a4f-ad9d-9c0f7df0bcd9,2025-12-21 20:10:00+00:00,2025-12-21 20:10:00+00:00
O-20251221-230000-BACKTEST-000-1301,KRAKEN-BACKTEST,KrakenBTCUSDResearchStrategy-000,BTC/USD.KRAKEN,KRAKEN-1-1301,BTC/USD.KRAKEN-KrakenBTCUSDResearchStrategy-000,KRAKEN-001,T-a728b6249cd58b8f-394616,MARKET,BUY,0.00696903,GTC,False,False,0.00696903,TAKER,88706.42,0.0,['2.47 USD'],NO_TRIGGER,FILLED,NO_CONTINGENCY,,,,,,,,057a249b-56d8-4997-bf14-e9abe25bc350,2025-12-21 23:00:00+00:00,2025-12-21 23:00:00+00:00
O-20251221-232500-BACKTEST-000-1302,KRAKEN-BACKTEST,KrakenBTCUSDResearchStrategy-000,BTC/USD.KRAKEN,KRAKEN-1-1302,BTC/USD.KRAKEN-KrakenBTCUSDResearchStrategy-000,KRAKEN-001,T-a20c491bd0e8565b-394634,MARKET,SELL,0.00696903,GTC,False,False,0.00696903,TAKER,88450.0,0.0,['2.47 USD'],NO_TRIGGER,FILLED,NO_CONTINGENCY,,,,,,,,f538f149-ceac-4927-b55e-02bac98307ac,2025-12-21 23:25:00+00:00,2025-12-21 23:25:00+00:00
O-20251222-001000-BACKTEST-000-1303,KRAKEN-BACKTEST,KrakenBTCUSDResearchStrategy-000,BTC/USD.KRAKEN,KRAKEN-1-1303,BTC/USD.KRAKEN-KrakenBTCUSDResearchStrategy-000,KRAKEN-001,T-2556ee8f626b9725-394671,MARKET,BUY,0.00688622,GTC,False,False,0.00688622,TAKER,89480.0,0.0,['2.46 USD'],NO_TRIGGER,FILLED,NO_CONTINGENCY,,,,,,,,113789fb-2095-4586-9376-212ef975cc03,2025-12-22 00:10:00+00:00,2025-12-22 00:10:00+00:00
O-20251222-001500-BACKTEST-000-1304,KRAKEN-BACKTEST,KrakenBTCUSDResearchStrategy-000,BTC/USD.KRAKEN,KRAKEN-1-1304,BTC/USD.KRAKEN-KrakenBTCUSDResearchStrategy-000,KRAKEN-001,T-9697ec090fbfa7e2-394676,MARKET,SELL,0.00688622,GTC,False,False,0.00688622,TAKER,89154.0,0.0,['2.46 USD'],NO_TRIGGER,FILLED,NO_CONTINGENCY,,,,,,,,cebda0d7-ff4f-46ad-8369-df1a9255917f,2025-12-22 00:15:00+00:00,2025-12-22 00:15:00+00:00
O-20251222-070500-BACKTEST-000-1305,KRAKEN-BACKTEST,KrakenBTCUSDResearchStrategy-000,BTC/USD.KRAKEN,KRAKEN-1-1305,BTC/USD.KRAKEN-KrakenBTCUSDResearchStrategy-000,KRAKEN-001,T-67cd70f59a2324c5-394998,MARKET,BUY,0.00688657,GTC,False,False,0.00688657,TAKER,89163.05,0.0,['2.46 USD'],NO_TRIGGER,FILLED,NO_CONTINGENCY,,,,,,,,b46f4e65-b286-4742-933a-0216faeb214d,2025-12-22 07:05:00+00:00,2025-12-22 07:05:00+00:00
O-20251222-143500-BACKTEST-000-1306,KRAKEN-BACKTEST,KrakenBTCUSDResearchStrategy-000,BTC/USD.KRAKEN,KRAKEN-1-1306,BTC/USD.KRAKEN-KrakenBTCUSDResearchStrategy-000,KRAKEN-001,T-415dc2207fcf84d7-395349,MARKET,SELL,0.00688657,GTC,False,False,0.00688657,TAKER,89650.0,0.0,['2.47 USD'],NO_TRIGGER,FILLED,NO_CONTINGENCY,,,,,,,,d2c40ccb-0744-4685-8568-a8ab2fda4704,2025-12-22 14:35:00+00:00,2025-12-22 14:35:00+00:00
O-20251224-124000-BACKTEST-000-1307,KRAKEN-BACKTEST,KrakenBTCUSDResearchStrategy-000,BTC/USD.KRAKEN,KRAKEN-1-1307,BTC/USD.KRAKEN-KrakenBTCUSDResearchStrategy-000,KRAKEN-001,T-74d285dc1fb93c5f-397482,MARKET,BUY,0.00701928,GTC,False,False,0.00701928,TAKER,87409.81,0.0,['2.45 USD'],NO_TRIGGER,FILLED,NO_CONTINGENCY,,,,,,,,56d5dc2b-0247-4997-9c87-358c3dfac1e8,2025-12-24 12:40:00+00:00,2025-12-24 12:40:00+00:00
O-20251224-132500-BACKTEST-000-1308,KRAKEN-BACKTEST,KrakenBTCUSDResearchStrategy-000,BTC/USD.KRAKEN,KRAKEN-1-1308,BTC/USD.KRAKEN-KrakenBTCUSDResearchStrategy-000,KRAKEN-001,T-d3ad072ae3709f9a-397517,MARKET,SELL,0.00701928,GTC,False,False,0.00701928,TAKER,87269.99,0.0,['2.45 USD'],NO_TRIGGER,FILLED,NO_CONTINGENCY,,,,,,,,ca34b946-9d86-4c1c-8992-4947ba58f12b,2025-12-24 13:25:00+00:00,2025-12-24 13:25:00+00:00
O-20251224-212500-BACKTEST-000-1309,KRAKEN-BACKTEST,KrakenBTCUSDResearchStrategy-000,BTC/USD.KRAKEN,KRAKEN-1-1309,BTC/USD.KRAKEN-KrakenBTCUSDResearchStrategy-000,KRAKEN-001,T-4d681ba9e358297e-397893,MARKET,BUY,0.00697431,GTC,False,False,0.00697431,TAKER,87720.43,0.0,['2.45 USD'],NO_TRIGGER,FILLED,NO_CONTINGENCY,,,,,,,,9b1144e2-2e09-4e6c-9b85-ac128184e3b7,2025-12-24 21:25:00+00:00,2025-12-24 21:25:00+00:00
O-20251225-003500-BACKTEST-000-1310,KRAKEN-BACKTEST,KrakenBTCUSDResearchStrategy-000,BTC/USD.KRAKEN,KRAKEN-1-1310,BTC/USD.KRAKEN-KrakenBTCUSDResearchStrategy-000,KRAKEN-001,T-9493197ad769efba-398040,MARKET,SELL,0.00697431,GTC,False,False,0.00697431,TAKER,87542.18,0.0,['2.44 USD'],NO_TRIGGER,FILLED,NO_CONTINGENCY,,,,,,,,a5432246-6637-41cf-8a77-8b7ee31708e1,2025-12-25 00:35:00+00:00,2025-12-25 00:35:00+00:00
O-20251225-144500-BACKTEST-000-1311,KRAKEN-BACKTEST,KrakenBTCUSDResearchStrategy-000,BTC/USD.KRAKEN,KRAKEN-1-1311,BTC/USD.KRAKEN-KrakenBTCUSDResearchStrategy-000,KRAKEN-001,T-8f1c3774e3d20122-398683,MARKET,BUY,0.00695188,GTC,False,False,0.00695188,TAKER,87738.89,0.0,['2.44 USD'],NO_TRIGGER,FILLED,NO_CONTINGENCY,,,,,,,,da356d8d-5abc-430a-b9e6-2fa555a1c7cb,2025-12-25 14:45:00+00:00,2025-12-25 14:45:00+00:00
O-20251225-202500-BACKTEST-000-1312,KRAKEN-BACKTEST,KrakenBTCUSDResearchStrategy-000,BTC/USD.KRAKEN,KRAKEN-1-1312,BTC/USD.KRAKEN-KrakenBTCUSDResearchStrategy-000,KRAKEN-001,T-16269c71319b5fb7-398946,MARKET,SELL,0.00695188,GTC,False,False,0.00695188,TAKER,87770.45000000001,0.0,['2.44 USD'],NO_TRIGGER,FILLED,NO_CONTINGENCY,,,,,,,,7601cf95-14e1-4454-a9f6-508db8ed320b,2025-12-25 20:25:00+00:00,2025-12-25 20:25:00+00:00
O-20251226-071500-BACKTEST-000-1313,KRAKEN-BACKTEST,KrakenBTCUSDResearchStrategy-000,BTC/USD.KRAKEN,KRAKEN-1-1313,BTC/USD.KRAKEN-KrakenBTCUSDResearchStrategy-000,KRAKEN-001,T-c8d779c23675a898-399453,MARKET,BUY,0.00680858,GTC,False,False,0.00680858,TAKER,89380.29000000001,0.0,['2.43 USD'],NO_TRIGGER,FILLED,NO_CONTINGENCY,,,,,,,,c9c23b02-3769-4adb-8f16-4d8bff9006f0,2025-12-26 07:15:00+00:00,2025-12-26 07:15:00+00:00
O-20251226-073000-BACKTEST-000-1314,KRAKEN-BACKTEST,KrakenBTCUSDResearchStrategy-000,BTC/USD.KRAKEN,KRAKEN-1-1314,BTC/USD.KRAKEN-KrakenBTCUSDResearchStrategy-000,KRAKEN-001,T-889972830cbe8bae-399465,MARKET,SELL,0.00680858,GTC,False,False,0.00680858,TAKER,89171.20999999999,0.0,['2.43 USD'],NO_TRIGGER,FILLED,NO_CONTINGENCY,,,,,,,,d0f6b5d1-f7c3-41da-82b5-906ca594bfd2,2025-12-26 07:30:00+00:00,2025-12-26 07:30:00+00:00
O-20251226-133500-BACKTEST-000-1315,KRAKEN-BACKTEST,KrakenBTCUSDResearchStrategy-000,BTC/USD.KRAKEN,KRAKEN-1-1315,BTC/USD.KRAKEN-KrakenBTCUSDResearchStrategy-000,KRAKEN-001,T-acce93ff403b2d16-399745,MARKET,BUY,0.00682004,GTC,False,False,0.00682004,TAKER,88953.79,0.0,['2.43 USD'],NO_TRIGGER,FILLED,NO_CONTINGENCY,,,,,,,,ce4fde3b-e189-4b2a-bcde-72fafc4a2d48,2025-12-26 13:35:00+00:00,2025-12-26 13:35:00+00:00
O-20251226-143500-BACKTEST-000-1316,KRAKEN-BACKTEST,KrakenBTCUSDResearchStrategy-000,BTC/USD.KRAKEN,KRAKEN-1-1316,BTC/USD.KRAKEN-KrakenBTCUSDResearchStrategy-000,KRAKEN-001,T-f729fb7e5c8418b8-399793,MARKET,SELL,0.00682004,GTC,False,False,0.00682004,TAKER,88564.0,0.0,['2.42 USD'],NO_TRIGGER,FILLED,NO_CONTINGENCY,,,,,,,,cc7bdd4c-9afc-431e-8175-6d90f1917f9c,2025-12-26 14:35:00+00:00,2025-12-26 14:35:00+00:00
O-20251227-072000-BACKTEST-000-1317,KRAKEN-BACKTEST,KrakenBTCUSDResearchStrategy-000,BTC/USD.KRAKEN,KRAKEN-1-1317,BTC/USD.KRAKEN-KrakenBTCUSDResearchStrategy-000,KRAKEN-001,T-6bcd17bd0153ddd5-400565,MARKET,BUY,0.00689170,GTC,False,False,0.00689170,TAKER,87701.99,0.0,['2.42 USD'],NO_TRIGGER,FILLED,NO_CONTINGENCY,,,,,,,,252664e7-f677-4fd6-a22f-40996b733409,2025-12-27 07:20:00+00:00,2025-12-27 07:20:00+00:00
O-20251227-072500-BACKTEST-000-1318,KRAKEN-BACKTEST,KrakenBTCUSDResearchStrategy-000,BTC/USD.KRAKEN,KRAKEN-1-1318,BTC/USD.KRAKEN-KrakenBTCUSDResearchStrategy-000,KRAKEN-001,T-2836f4e4c28c7dc4-400568,MARKET,SELL,0.00689170,GTC,False,False,0.00689170,TAKER,87592.66,0.0,['2.41 USD'],NO_TRIGGER,FILLED,NO_CONTINGENCY,,,,,,,,48a9ee1d-8478-4e7c-a5ed-eef8e9beabb1,2025-12-27 07:25:00+00:00,2025-12-27 07:25:00+00:00
O-20251227-153000-BACKTEST-000-1319,KRAKEN-BACKTEST,KrakenBTCUSDResearchStrategy-000,BTC/USD.KRAKEN,KRAKEN-1-1319,BTC/USD.KRAKEN-KrakenBTCUSDResearchStrategy-000,KRAKEN-001,T-07912244e9cfd19e-400924,MARKET,BUY,0.00688325,GTC,False,False,0.00688325,TAKER,87566.0,0.0,['2.41 USD'],NO_TRIGGER,FILLED,NO_CONTINGENCY,,,,,,,,85f59564-6740-4259-85cf-59af8a3b9c31,2025-12-27 15:30:00+00:00,2025-12-27 15:30:00+00:00
O-20251227-161000-BACKTEST-000-1320,KRAKEN-BACKTEST,KrakenBTCUSDResearchStrategy-000,BTC/USD.KRAKEN,KRAKEN-1-1320,BTC/USD.KRAKEN-KrakenBTCUSDResearchStrategy-000,KRAKEN-001,T-a9f5256813415795-400955,MARKET,SELL,0.00688325,GTC,False,False,0.00688325,TAKER,87500.01,0.0,['2.41 USD'],NO_TRIGGER,FILLED,NO_CONTINGENCY,,,,,,,,2bebeccf-49cd-448d-8fe6-c2eb628a653c,2025-12-27 16:10:00+00:00,2025-12-27 16:10:00+00:00
O-20251227-200500-BACKTEST-000-1321,KRAKEN-BACKTEST,KrakenBTCUSDResearchStrategy-000,BTC/USD.KRAKEN,KRAKEN-1-1321,BTC/USD.KRAKEN-KrakenBTCUSDResearchStrategy-000,KRAKEN-001,T-2e766efa0c24136b-401120,MARKET,BUY,0.00686247,GTC,False,False,0.00686247,TAKER,87600.32,0.0,['2.40 USD'],NO_TRIGGER,FILLED,NO_CONTINGENCY,,,,,,,,cc7ac051-c83e-4a2f-bc3d-2e2b0f8132c6,2025-12-27 20:05:00+00:00,2025-12-27 20:05:00+00:00
O-20251227-202500-BACKTEST-000-1322,KRAKEN-BACKTEST,KrakenBTCUSDResearchStrategy-000,BTC/USD.KRAKEN,KRAKEN-1-1322,BTC/USD.KRAKEN-KrakenBTCUSDResearchStrategy-000,KRAKEN-001,T-b58611b67c7d80f4-401135,MARKET,SELL,0.00686247,GTC,False,False,0.00686247,TAKER,87544.2,0.0,['2.40 USD'],NO_TRIGGER,FILLED,NO_CONTINGENCY,,,,,,,,10dd5055-4247-4cd5-96e2-e4b0a867159d,2025-12-27 20:25:00+00:00,2025-12-27 20:25:00+00:00
O-20251227-213000-BACKTEST-000-1323,KRAKEN-BACKTEST,KrakenBTCUSDResearchStrategy-000,BTC/USD.KRAKEN,KRAKEN-1-1323,BTC/USD.KRAKEN-KrakenBTCUSDResearchStrategy-000,KRAKEN-001,T-72027717ddd4c1ec-401181,MARKET,BUY,0.00684043,GTC,False,False,0.00684043,TAKER,87655.39,0.0,['2.40 USD'],NO_TRIGGER,FILLED,NO_CONTINGENCY,,,,,,,,ea1c5112-0f3f-462d-9917-acb290b2d548,2025-12-27 21:30:00+00:00,2025-12-27 21:30:00+00:00
O-20251227-223500-BACKTEST-000-1324,KRAKEN-BACKTEST,KrakenBTCUSDResearchStrategy-000,BTC/USD.KRAKEN,KRAKEN-1-1324,BTC/USD.KRAKEN-KrakenBTCUSDResearchStrategy-000,KRAKEN-001,T-9018ad279cc8e780-401224,MARKET,SELL,0.00684043,GTC,False,False,0.00684043,TAKER,87526.76,0.0,['2.39 USD'],NO_TRIGGER,FILLED,NO_CONTINGENCY,,,,,,,,f336edb4-b76e-4457-98eb-548ff55aee35,2025-12-27 22:35:00+00:00,2025-12-27 22:35:00+00:00
O-20251228-083500-BACKTEST-000-1325,KRAKEN-BACKTEST,KrakenBTCUSDResearchStrategy-000,BTC/USD.KRAKEN,KRAKEN-1-1325,BTC/USD.KRAKEN-KrakenBTCUSDResearchStrategy-000,KRAKEN-001,T-6ab57ca0a43f3d11-401664,MARKET,BUY,0.00680433,GTC,False,False,0.00680433,TAKER,87870.46,0.0,['2.39 USD'],NO_TRIGGER,FILLED,NO_CONTINGENCY,,,,,,,,cb212801-79c5-4e17-836a-af7d27c58818,2025-12-28 08:35:00+00:00,2025-12-28 08:35:00+00:00
O-20251228-085500-BACKTEST-000-1326,KRAKEN-BACKTEST,KrakenBTCUSDResearchStrategy-000,BTC/USD.KRAKEN,KRAKEN-1-1326,BTC/USD.KRAKEN-KrakenBTCUSDResearchStrategy-000,KRAKEN-001,T-a096a30536927170-401679,MARKET,SELL,0.00680433,GTC,False,False,0.00680433,TAKER,87805.0,0.0,['2.39 USD'],NO_TRIGGER,FILLED,NO_CONTINGENCY,,,,,,,,1ee87754-c6b0-4f4e-af10-ee8db9381288,2025-12-28 08:55:00+00:00,2025-12-28 08:55:00+00:00
O-20251229-003000-BACKTEST-000-1327,KRAKEN-BACKTEST,KrakenBTCUSDResearchStrategy-000,BTC/USD.KRAKEN,KRAKEN-1-1327,BTC/USD.KRAKEN-KrakenBTCUSDResearchStrategy-000,KRAKEN-001,T-14e4d25b4f44069f-402378,MARKET,BUY,0.00676713,GTC,False,False,0.00676713,TAKER,88121.7,0.0,['2.39 USD'],NO_TRIGGER,FILLED,NO_CONTINGENCY,,,,,,,,fbaf7962-85fc-4bbd-b996-a1057c3a2276,2025-12-29 00:30:00+00:00,2025-12-29 00:30:00+00:00
O-20251229-092500-BACKTEST-000-1328,KRAKEN-BACKTEST,KrakenBTCUSDResearchStrategy-000,BTC/USD.KRAKEN,KRAKEN-1-1328,BTC/USD.KRAKEN-KrakenBTCUSDResearchStrategy-000,KRAKEN-001,T-d3e5814c31692ba2-402793,MARKET,SELL,0.00676713,GTC,False,False,0.00676713,TAKER,89326.0,0.0,['2.42 USD'],NO_TRIGGER,FILLED,NO_CONTINGENCY,,,,,,,,f8b06afb-fefb-4d52-a1ed-dcbd4f800a97,2025-12-29 09:25:00+00:00,2025-12-29 09:25:00+00:00
O-20251230-080000-BACKTEST-000-1329,KRAKEN-BACKTEST,KrakenBTCUSDResearchStrategy-000,BTC/USD.KRAKEN,KRAKEN-1-1329,BTC/USD.KRAKEN-KrakenBTCUSDResearchStrategy-000,KRAKEN-001,T-3d3efe6defb0b0c2-403839,MARKET,BUY,0.00680976,GTC,False,False,0.00680976,TAKER,87717.17,0.0,['2.39 USD'],NO_TRIGGER,FILLED,NO_CONTINGENCY,,,,,,,,991a25b1-1d51-48b7-aba4-0c4aea659743,2025-12-30 08:00:00+00:00,2025-12-30 08:00:00+00:00
O-20251230-174500-BACKTEST-000-1330,KRAKEN-BACKTEST,KrakenBTCUSDResearchStrategy-000,BTC/USD.KRAKEN,KRAKEN-1-1330,BTC/USD.KRAKEN-KrakenBTCUSDResearchStrategy-000,KRAKEN-001,T-d3810a4a42061cde-404292,MARKET,SELL,0.00680976,GTC,False,False,0.00680976,TAKER,88255.51,0.0,['2.40 USD'],NO_TRIGGER,FILLED,NO_CONTINGENCY,,,,,,,,add80e17-a77b-4751-837f-df36387ff100,2025-12-30 17:45:00+00:00,2025-12-30 17:45:00+00:00
O-20251230-231500-BACKTEST-000-1331,KRAKEN-BACKTEST,KrakenBTCUSDResearchStrategy-000,BTC/USD.KRAKEN,KRAKEN-1-1331,BTC/USD.KRAKEN-KrakenBTCUSDResearchStrategy-000,KRAKEN-001,T-c8cbcb5d31888a8f-404547,MARKET,BUY,0.00674267,GTC,False,False,0.00674267,TAKER,88540.08,0.0,['2.39 USD'],NO_TRIGGER,FILLED,NO_CONTINGENCY,,,,,,,,10ee1dfa-f4ec-4894-9db9-20a01588467e,2025-12-30 23:15:00+00:00,2025-12-30 23:15:00+00:00
O-20251231-001000-BACKTEST-000-1332,KRAKEN-BACKTEST,KrakenBTCUSDResearchStrategy-000,BTC/USD.KRAKEN,KRAKEN-1-1332,BTC/USD.KRAKEN-KrakenBTCUSDResearchStrategy-000,KRAKEN-001,T-5cf3207c8cb34690-404588,MARKET,SELL,0.00674267,GTC,False,False,0.00674267,TAKER,88383.76,0.0,['2.38 USD'],NO_TRIGGER,FILLED,NO_CONTINGENCY,,,,,,,,c1dd11b3-bd26-417a-9a97-adf9428dc7c6,2025-12-31 00:10:00+00:00,2025-12-31 00:10:00+00:00
O-20251231-011500-BACKTEST-000-1333,KRAKEN-BACKTEST,KrakenBTCUSDResearchStrategy-000,BTC/USD.KRAKEN,KRAKEN-1-1333,BTC/USD.KRAKEN-KrakenBTCUSDResearchStrategy-000,KRAKEN-001,T-d0f78f0df5d81a32-404639,MARKET,BUY,0.00671756,GTC,False,False,0.00671756,TAKER,88610.73,0.0,['2.38 USD'],NO_TRIGGER,FILLED,NO_CONTINGENCY,,,,,,,,f6acee50-8ddb-40b7-9327-5950ed5a21d9,2025-12-31 01:15:00+00:00,2025-12-31 01:15:00+00:00
O-20251231-033500-BACKTEST-000-1334,KRAKEN-BACKTEST,KrakenBTCUSDResearchStrategy-000,BTC/USD.KRAKEN,KRAKEN-1-1334,BTC/USD.KRAKEN-KrakenBTCUSDResearchStrategy-000,KRAKEN-001,T-5ba03fcf7ba6a0cc-404747,MARKET,SELL,0.00671756,GTC,False,False,0.00671756,TAKER,88390.08,0.0,['2.38 USD'],NO_TRIGGER,FILLED,NO_CONTINGENCY,,,,,,,,d0f3f607-e846-4fa7-8782-1ff8a2c63bdc,2025-12-31 03:35:00+00:00,2025-12-31 03:35:00+00:00
O-20251231-080000-BACKTEST-000-1335,KRAKEN-BACKTEST,KrakenBTCUSDResearchStrategy-000,BTC/USD.KRAKEN,KRAKEN-1-1335,BTC/USD.KRAKEN-KrakenBTCUSDResearchStrategy-000,KRAKEN-001,T-8bf85a83c6f526eb-404945,MARKET,BUY,0.00669103,GTC,False,False,0.00669103,TAKER,88682.26,0.0,['2.37 USD'],NO_TRIGGER,FILLED,NO_CONTINGENCY,,,,,,,,98c973ed-76f4-44a0-90b5-2a0ae5bf180e,2025-12-31 08:00:00+00:00,2025-12-31 08:00:00+00:00
O-20251231-083500-BACKTEST-000-1336,KRAKEN-BACKTEST,KrakenBTCUSDResearchStrategy-000,BTC/USD.KRAKEN,KRAKEN-1-1336,BTC/USD.KRAKEN-KrakenBTCUSDResearchStrategy-000,KRAKEN-001,T-182207db55b1e6ff-404970,MARKET,SELL,0.00669103,GTC,False,False,0.00669103,TAKER,88461.54999999999,0.0,['2.37 USD'],NO_TRIGGER,FILLED,NO_CONTINGENCY,,,,,,,,feadbe6e-fb00-48eb-be39-0908ebe98ae9,2025-12-31 08:35:00+00:00,2025-12-31 08:35:00+00:00
O-20251231-100500-BACKTEST-000-1337,KRAKEN-BACKTEST,KrakenBTCUSDResearchStrategy-000,BTC/USD.KRAKEN,KRAKEN-1-1337,BTC/USD.KRAKEN-KrakenBTCUSDResearchStrategy-000,KRAKEN-001,T-da6e60a8ed3cedef-405041,MARKET,BUY,0.00666610,GTC,False,False,0.00666610,TAKER,88733.98000000001,0.0,['2.37 USD'],NO_TRIGGER,FILLED,NO_CONTINGENCY,,,,,,,,39519621-834d-497a-ade4-24f235568d3b,2025-12-31 10:05:00+00:00,2025-12-31 10:05:00+00:00
O-20251231-143500-BACKTEST-000-1338,KRAKEN-BACKTEST,KrakenBTCUSDResearchStrategy-000,BTC/USD.KRAKEN,KRAKEN-1-1338,BTC/USD.KRAKEN-KrakenBTCUSDResearchStrategy-000,KRAKEN-001,T-1d8ea23a719ab8b5-405250,MARKET,SELL,0.00666610,GTC,False,False,0.00666610,TAKER,88637.89,0.0,['2.36 USD'],NO_TRIGGER,FILLED,NO_CONTINGENCY,,,,,,,,6c322d37-b450-4a0c-b35c-1d77af09f795,2025-12-31 14:35:00+00:00,2025-12-31 14:35:00+00:00
