position_id,trader_id,strategy_id,instrument_id,account_id,opening_order_id,closing_order_id,entry,side,quantity,peak_qty,ts_init,ts_opened,ts_last,ts_closed,duration_ns,avg_px_open,avg_px_close,commissions,realized_return,realized_pnl,is_snapshot
BTC/USD.KRAKEN-KrakenBTCUSDResearchStrategy-000-becbdd52-d615-4989-96ee-c12f28a3b1a9,KRAKEN-BACKTEST,KrakenBTCUSDResearchStrategy-000,BTC/USD.KRAKEN,KRAKEN-001,O-20250101-135500-BACKTEST-000-1,O-20250101-171000-BACKTEST-000-2,BUY,FLAT,0.00000000,0.03190411,1735739700000000000,2025-01-01 13:55:00+00:00,1735751400000000000,2025-01-01 17:10:00+00:00,11700000000000,94031.76,93863.12,['23.98 USD'],-0.00179,-29.36 USD,True
BTC/USD.KRAKEN-KrakenBTCUSDResearchStrategy-000-823a8362-b1aa-4fa9-802d-75f74c37fdc0,KRAKEN-BACKTEST,KrakenBTCUSDResearchStrategy-000,BTC/USD.KRAKEN,KRAKEN-001,O-20250101-194500-BACKTEST-000-3,O-20250102-000000-BACKTEST-000-4,BUY,FLAT,0.00000000,0.03157183,1735760700000000000,2025-01-01 19:45:00+00:00,1735776000000000000,2025-01-02 00:00:00+00:00,15300000000000,94742.42,94472.98,['23.89 USD'],-0.00284,-32.40 USD,True
BTC/USD.KRAKEN-KrakenBTCUSDResearchStrategy-000-fe581ff9-6fa6-42e4-91fb-bb7ab837f166,KRAKEN-BACKTEST,KrakenBTCUSDResearchStrategy-000,BTC/USD.KRAKEN,KRAKEN-001,O-20250102-043500-BACKTEST-000-5,O-20250102-062500-BACKTEST-000-6,BUY,FLAT,0.00000000,0.03114394,1735792500000000000,2025-01-02 04:35:00+00:00,1735799100000000000,2025-01-02 06:25:00+00:00,6600000000000,95732.0,95460.0,['23.82 USD'],-0.00284,-32.29 USD,True
BTC/USD.KRAKEN-KrakenBTCUSDResearchStrategy-000-fbec1850-ae6f-4129-b322-bcdc09e66255,KRAKEN-BACKTEST,KrakenBTCUSDResearchStrategy-000,BTC/USD.KRAKEN,KRAKEN-001,O-20250102-085000-BACKTEST-000-7,O-20250102-140000-BACKTEST-000-8,BUY,FLAT,0.00000000,0.03090780,1735807800000000000,2025-01-02 08:50:00+00:00,1735826400000000000,2025-01-02 14:00:00+00:00,18600000000000,96150.0,96000.0,['23.76 USD'],-0.00156,-28.40 USD,True
BTC/USD.KRAKEN-KrakenBTCUSDResearchStrategy-000-101b7122-94c0-404a-b244-212500ecda8c,KRAKEN-BACKTEST,KrakenBTCUSDResearchStrategy-000,BTC/USD.KRAKEN,KRAKEN-001,O-20250102-163000-BACKTEST-000-9,O-20250102-173000-BACKTEST-000-10,BUY,FLAT,0.00000000,0.03038204,1735835400000000000,2025-01-02 16:30:00+00:00,1735839000000000000,2025-01-02 17:30:00+00:00,3600000000000,97533.54,96806.43999999999,['23.61 USD'],-0.00745,-45.70 USD,True
BTC/USD.KRAKEN-KrakenBTCUSDResearchStrategy-000-271c079c-8074-481f-8ecf-1ad940536ede,KRAKEN-BACKTEST,KrakenBTCUSDResearchStrategy-000,BTC/USD.KRAKEN,KRAKEN-001,O-20250102-202000-BACKTEST-000-11,O-20250102-203500-BACKTEST-000-12,BUY,FLAT,0.00000000,0.03015052,1735849200000000000,2025-01-02 20:20:00+00:00,1735850100000000000,2025-01-02 20:35:00+00:00,900000000000,97827.75,97402.53,['23.55 USD'],-0.00435,-36.37 USD,True
BTC/USD.KRAKEN-KrakenBTCUSDResearchStrategy-000-ae17ccb0-9c22-45bb-a593-83a108b00e70,KRAKEN-BACKTEST,KrakenBTCUSDResearchStrategy-000,BTC/USD.KRAKEN,KRAKEN-001,O-20250103-120500-BACKTEST-000-13,O-20250103-130000-BACKTEST-000-14,BUY,FLAT,0.00000000,0.03034287,1735905900000000000,2025-01-03 12:05:00+00:00,1735909200000000000,2025-01-03 13:00:00+00:00,3300000000000,96848.0,96592.0,['23.47 USD'],-0.00264,-31.24 USD,True
BTC/USD.KRAKEN-KrakenBTCUSDResearchStrategy-000-5e7fa4b3-b05c-4f62-97cf-e33d2a92b9c5,KRAKEN-BACKTEST,KrakenBTCUSDResearchStrategy-000,BTC/USD.KRAKEN,KRAKEN-001,O-20250103-142000-BACKTEST-000-15,O-20250103-232500-BACKTEST-000-16,BUY,FLAT,0.00000000,0.03019568,1735914000000000000,2025-01-03 14:20:00+00:00,1735946700000000000,2025-01-03 23:25:00+00:00,32700000000000,97009.72,98101.01000000001,['23.57 USD'],0.01125,9.38 USD,True
BTC/USD.KRAKEN-KrakenBTCUSDResearchStrategy-000-2b1036a5-0e1f-4438-bcae-9cd69c4355de,KRAKEN-BACKTEST,KrakenBTCUSDResearchStrategy-000,BTC/USD.KRAKEN,KRAKEN-001,O-20250104-151500-BACKTEST-000-17,O-20250104-152500-BACKTEST-000-18,BUY,FLAT,0.00000000,0.02987311,1736003700000000000,2025-01-04 15:15:00+00:00,1736004300000000000,2025-01-04 15:25:00+00:00,600000000000,98151.52,97832.06,['23.42 USD'],-0.00325,-32.96 USD,True
BTC/USD.KRAKEN-KrakenBTCUSDResearchStrategy-000-9785b9a9-f57d-469a-9a2d-bfe3ca6b9fc4,KRAKEN-BACKTEST,KrakenBTCUSDResearchStrategy-000,BTC/USD.KRAKEN,KRAKEN-001,O-20250104-191500-BACKTEST-000-19,O-20250104-231000-BACKTEST-000-20,BUY,FLAT,0.00000000,0.02975929,1736018100000000000,2025-01-04 19:15:00+00:00,1736032200000000000,2025-01-04 23:10:00+00:00,14100000000000,98194.66,98174.98999999999,['23.38 USD'],-0.0002,-23.97 USD,True
BTC/USD.KRAKEN-KrakenBTCUSDResearchStrategy-000-7b11fdc4-c986-41f5-b460-39d8dd22d36f,KRAKEN-BACKTEST,KrakenBTCUSDResearchStrategy-000,BTC/USD.KRAKEN,KRAKEN-001,O-20250105-042500-BACKTEST-000-21,O-20250105-045500-BACKTEST-000-22,BUY,FLAT,0.00000000,0.02959792,1736051100000000000,2025-01-05 04:25:00+00:00,1736052900000000000,2025-01-05 04:55:00+00:00,1800000000000,98487.16,98357.45999999999,['23.30 USD'],-0.00132,-27.14 USD,True
BTC/USD.KRAKEN-KrakenBTCUSDResearchStrategy-000-cc518004-cabc-483b-9fe9-554278afb232,KRAKEN-BACKTEST,KrakenBTCUSDResearchStrategy-000,BTC/USD.KRAKEN,KRAKEN-001,O-20250105-201500-BACKTEST-000-23,O-20250105-203000-BACKTEST-000-24,BUY,FLAT,0.00000000,0.02949175,1736108100000000000,2025-01-05 20:15:00+00:00,1736109000000000000,2025-01-05 20:30:00+00:00,900000000000,98565.65000000001,98357.01000000001,['23.23 USD'],-0.00212,-29.38 USD,True
BTC/USD.KRAKEN-KrakenBTCUSDResearchStrategy-000-0074efac-7272-4168-a322-88000096c923,KRAKEN-BACKTEST,KrakenBTCUSDResearchStrategy-000,BTC/USD.KRAKEN,KRAKEN-001,O-20250105-223500-BACKTEST-000-25,O-20250105-225000-BACKTEST-000-26,BUY,FLAT,0.00000000,0.02935707,1736116500000000000,2025-01-05 22:35:00+00:00,1736117400000000000,2025-01-05 22:50:00+00:00,900000000000,98717.59,98516.28000000001,['23.16 USD'],-0.00204,-29.07 USD,True
BTC/USD.KRAKEN-KrakenBTCUSDResearchStrategy-000-384e26d1-8127-4704-bc9a-5f8d9219658e,KRAKEN-BACKTEST,KrakenBTCUSDResearchStrategy-000,BTC/USD.KRAKEN,KRAKEN-001,O-20250106-020000-BACKTEST-000-27,O-20250106-084000-BACKTEST-000-28,BUY,FLAT,0.00000000,0.02921900,1736128800000000000,2025-01-06 02:00:00+00:00,1736152800000000000,2025-01-06 08:40:00+00:00,24000000000000,98885.59,99046.63,['23.14 USD'],0.00163,-18.43 USD,True
BTC/USD.KRAKEN-KrakenBTCUSDResearchStrategy-000-414431e1-bc2b-4783-8695-eefa5c5579ba,KRAKEN-BACKTEST,KrakenBTCUSDResearchStrategy-000,BTC/USD.KRAKEN,KRAKEN-001,O-20250106-122000-BACKTEST-000-29,O-20250106-124500-BACKTEST-000-30,BUY,FLAT,0.00000000,0.02893161,1736166000000000000,2025-01-06 12:20:00+00:00,1736167500000000000,2025-01-06 12:45:00+00:00,1500000000000,99676.68,99360.0,['23.04 USD'],-0.00318,-32.20 USD,True
BTC/USD.KRAKEN-KrakenBTCUSDResearchStrategy-000-485b84fb-8a08-4b97-b93e-08846467ee24,KRAKEN-BACKTEST,KrakenBTCUSDResearchStrategy-000,BTC/USD.KRAKEN,KRAKEN-001,O-20250106-144500-BACKTEST-000-31,O-20250107-012500-BACKTEST-000-32,BUY,FLAT,0.00000000,0.02860129,1736174700000000000,2025-01-06 14:45:00+00:00,1736213100000000000,2025-01-07 01:25:00+00:00,38400000000000,100489.99,101685.27,['23.13 USD'],0.01189,11.06 USD,True
BTC/USD.KRAKEN-KrakenBTCUSDResearchStrategy-000-b218d9be-3b95-4133-8a3b-3762090f9f19,KRAKEN-BACKTEST,KrakenBTCUSDResearchStrategy-000,BTC/USD.KRAKEN,KRAKEN-001,O-20250107-070000-BACKTEST-000-33,O-20250107-071000-BACKTEST-000-34,BUY,FLAT,0.00000000,0.02820668,1736233200000000000,2025-01-07 07:00:00+00:00,1736233800000000000,2025-01-07 07:10:00+00:00,600000000000,102013.48,101868.0,['23.00 USD'],-0.00143,-27.10 USD,True
BTC/USD.KRAKEN-KrakenBTCUSDResearchStrategy-000-a5fba03c-d041-4ed0-8343-cf79a25d5ecb,KRAKEN-BACKTEST,KrakenBTCUSDResearchStrategy-000,BTC/USD.KRAKEN,KRAKEN-001,O-20250108-225500-BACKTEST-000-35,O-20250109-000000-BACKTEST-000-36,BUY,FLAT,0.00000000,0.03011128,1736376900000000000,2025-01-08 22:55:00+00:00,1736380800000000000,2025-01-09 00:00:00+00:00,3900000000000,95290.93000000001,94956.01999999999,['22.92 USD'],-0.00351,-33.00 USD,True
BTC/USD.KRAKEN-KrakenBTCUSDResearchStrategy-000-c88d263a-83ed-4477-8fb6-457c0a0ca7d3,KRAKEN-BACKTEST,KrakenBTCUSDResearchStrategy-000,BTC/USD.KRAKEN,KRAKEN-001,O-20250109-012000-BACKTEST-000-37,O-20250109-014500-BACKTEST-000-38,BUY,FLAT,0.00000000,0.02999065,1736385600000000000,2025-01-09 01:20:00+00:00,1736387100000000000,2025-01-09 01:45:00+00:00,1500000000000,95344.11,95036.07,['22.84 USD'],-0.00323,-32.08 USD,True
BTC/USD.KRAKEN-KrakenBTCUSDResearchStrategy-000-b3f76a18-9e8c-4a9c-b54c-cde4d5ed3c58,KRAKEN-BACKTEST,KrakenBTCUSDResearchStrategy-000,BTC/USD.KRAKEN,KRAKEN-001,O-20250109-160500-BACKTEST-000-39,O-20250109-171000-BACKTEST-000-40,BUY,FLAT,0.00000000,0.03012203,1736438700000000000,2025-01-09 16:05:00+00:00,1736442600000000000,2025-01-09 17:10:00+00:00,3900000000000,94608.75,94001.53,['22.73 USD'],-0.00642,-41.02 USD,True
BTC/USD.KRAKEN-KrakenBTCUSDResearchStrategy-000-c3c78e14-ca2f-4a11-85cf-7612a9d356f1,KRAKEN-BACKTEST,KrakenBTCUSDResearchStrategy-000,BTC/USD.KRAKEN,KRAKEN-001,O-20250110-014000-BACKTEST-000-41,O-20250110-133000-BACKTEST-000-42,BUY,FLAT,0.00000000,0.03047342,1736473200000000000,2025-01-10 01:40:00+00:00,1736515800000000000,2025-01-10 13:30:00+00:00,42600000000000,93113.97,93472.0,['22.74 USD'],0.00385,-11.83 USD,True
BTC/USD.KRAKEN-KrakenBTCUSDResearchStrategy-000-c142e1ef-6bc5-4e0c-bfa6-8cd9dc57a985,KRAKEN-BACKTEST,KrakenBTCUSDResearchStrategy-000,BTC/USD.KRAKEN,KRAKEN-001,O-20250110-175500-BACKTEST-000-43,O-20250110-182500-BACKTEST-000-44,BUY,FLAT,0.00000000,0.02958411,1736531700000000000,2025-01-10 17:55:00+00:00,1736533500000000000,2025-01-10 18:25:00+00:00,1800000000000,95793.05,94962.26999999999,['22.58 USD'],-0.00867,-47.16 USD,True
BTC/USD.KRAKEN-KrakenBTCUSDResearchStrategy-000-365e6015-839c-42b7-b7a2-bb7d87208847,KRAKEN-BACKTEST,KrakenBTCUSDResearchStrategy-000,BTC/USD.KRAKEN,KRAKEN-001,O-20250111-104500-BACKTEST-000-45,O-20250111-131500-BACKTEST-000-46,BUY,FLAT,0.00000000,0.02984007,1736592300000000000,2025-01-11 10:45:00+00:00,1736601300000000000,2025-01-11 13:15:00+00:00,9000000000000,94497.25,94429.11,['22.55 USD'],-0.00072,-24.58 USD,True
BTC/USD.KRAKEN-KrakenBTCUSDResearchStrategy-000-8371ada7-4343-4efd-9055-5debfe587d12,KRAKEN-BACKTEST,KrakenBTCUSDResearchStrategy-000,BTC/USD.KRAKEN,KRAKEN-001,O-20250111-211500-BACKTEST-000-47,O-20250111-225000-BACKTEST-000-48,BUY,FLAT,0.00000000,0.02966752,1736630100000000000,2025-01-11 21:15:00+00:00,1736635800000000000,2025-01-11 22:50:00+00:00,5700000000000,94798.3,94561.01000000001,['22.47 USD'],-0.0025,-29.51 USD,True
BTC/USD.KRAKEN-KrakenBTCUSDResearchStrategy-000-76c62197-8114-40b7-bbd8-fc0bdcd8ff9f,KRAKEN-BACKTEST,KrakenBTCUSDResearchStrategy-000,BTC/USD.KRAKEN,KRAKEN-001,O-20250112-132000-BACKTEST-000-49,O-20250112-192000-BACKTEST-000-50,BUY,FLAT,0.00000000,0.02961693,1736688000000000000,2025-01-12 13:20:00+00:00,1736709600000000000,2025-01-12 19:20:00+00:00,21600000000000,94661.31999999999,94827.71999999999,['22.44 USD'],0.00176,-17.51 USD,True
BTC/USD.KRAKEN-KrakenBTCUSDResearchStrategy-000-ed6dd4c4-871b-4114-8550-1e9249652757,KRAKEN-BACKTEST,KrakenBTCUSDResearchStrategy-000,BTC/USD.KRAKEN,KRAKEN-001,O-20250113-203500-BACKTEST-000-51,O-20250114-160000-BACKTEST-000-52,BUY,FLAT,0.00000000,0.03020960,1736800500000000000,2025-01-13 20:35:00+00:00,1736870400000000000,2025-01-14 16:00:00+00:00,69900000000000,92630.31,95748.26,['22.76 USD'],0.03366,71.43 USD,True
BTC/USD.KRAKEN-KrakenBTCUSDResearchStrategy-000-a56fb187-048c-40e8-9486-05627464ad34,KRAKEN-BACKTEST,KrakenBTCUSDResearchStrategy-000,BTC/USD.KRAKEN,KRAKEN-001,O-20250115-002000-BACKTEST-000-53,O-20250115-051000-BACKTEST-000-54,BUY,FLAT,0.00000000,0.02903225,1736900400000000000,2025-01-15 00:20:00+00:00,1736917800000000000,2025-01-15 05:10:00+00:00,17400000000000,97124.98999999999,96861.77,['22.53 USD'],-0.00271,-30.17 USD,True
BTC/USD.KRAKEN-KrakenBTCUSDResearchStrategy-000-16f200b6-51c9-479d-b1cd-a33e2fea3209,KRAKEN-BACKTEST,KrakenBTCUSDResearchStrategy-000,BTC/USD.KRAKEN,KRAKEN-001,O-20250115-134500-BACKTEST-000-55,O-20250116-023500-BACKTEST-000-56,BUY,FLAT,0.00000000,0.02840829,1736948700000000000,2025-01-15 13:45:00+00:00,1736994900000000000,2025-01-16 02:35:00+00:00,46200000000000,98939.61,99690.90999999999,['22.57 USD'],0.00759,-1.23 USD,True
BTC/USD.KRAKEN-KrakenBTCUSDResearchStrategy-000-4143a5d4-c792-4426-b906-2a5fddf41454,KRAKEN-BACKTEST,KrakenBTCUSDResearchStrategy-000,BTC/USD.KRAKEN,KRAKEN-001,O-20250116-173000-BACKTEST-000-57,O-20250116-181500-BACKTEST-000-58,BUY,FLAT,0.00000000,0.02807579,1737048600000000000,2025-01-16 17:30:00+00:00,1737051300000000000,2025-01-16 18:15:00+00:00,2700000000000,100098.21,99461.52,['22.41 USD'],-0.00636,-40.29 USD,True
BTC/USD.KRAKEN-KrakenBTCUSDResearchStrategy-000-44c0cd64-49ab-4693-8bc7-967d39b71a4a,KRAKEN-BACKTEST,KrakenBTCUSDResearchStrategy-000,BTC/USD.KRAKEN,KRAKEN-001,O-20250116-195500-BACKTEST-000-59,O-20250116-212000-BACKTEST-000-60,BUY,FLAT,0.00000000,0.02786624,1737057300000000000,2025-01-16 19:55:00+00:00,1737062400000000000,2025-01-16 21:20:00+00:00,5100000000000,100417.2,99782.0,['22.31 USD'],-0.00633,-40.01 USD,True
BTC/USD.KRAKEN-KrakenBTCUSDResearchStrategy-000-7212557a-4130-4f50-b37b-4349acd9d0c6,KRAKEN-BACKTEST,KrakenBTCUSDResearchStrategy-000,BTC/USD.KRAKEN,KRAKEN-001,O-20250117-013500-BACKTEST-000-61,O-20250117-221500-BACKTEST-000-62,BUY,FLAT,0.00000000,0.02754188,1737077700000000000,2025-01-17 01:35:00+00:00,1737152100000000000,2025-01-17 22:15:00+00:00,74400000000000,101164.0,104369.87,['22.65 USD'],0.03169,65.65 USD,True
BTC/USD.KRAKEN-KrakenBTCUSDResearchStrategy-000-f78a65e6-74c0-4039-9f73-c71042bbb7fc,KRAKEN-BACKTEST,KrakenBTCUSDResearchStrategy-000,BTC/USD.KRAKEN,KRAKEN-001,O-20250118-135500-BACKTEST-000-63,O-20250118-143000-BACKTEST-000-64,BUY,FLAT,0.00000000,0.02688561,1737208500000000000,2025-01-18 13:55:00+00:00,1737210600000000000,2025-01-18 14:30:00+00:00,2100000000000,104365.81,103912.05,['22.39 USD'],-0.00435,-34.59 USD,True
BTC/USD.KRAKEN-KrakenBTCUSDResearchStrategy-000-548c6208-87d3-4bbc-a29b-8d3df455befc,KRAKEN-BACKTEST,KrakenBTCUSDResearchStrategy-000,BTC/USD.KRAKEN,KRAKEN-001,O-20250118-153500-BACKTEST-000-65,O-20250118-161500-BACKTEST-000-66,BUY,FLAT,0.00000000,0.02670578,1737214500000000000,2025-01-18 15:35:00+00:00,1737216900000000000,2025-01-18 16:15:00+00:00,2400000000000,104680.0,103969.2,['22.29 USD'],-0.00679,-41.27 USD,True
BTC/USD.KRAKEN-KrakenBTCUSDResearchStrategy-000-de25d94d-b6b3-4981-9301-031322d4dc9a,KRAKEN-BACKTEST,KrakenBTCUSDResearchStrategy-000,BTC/USD.KRAKEN,KRAKEN-001,O-20250118-230500-BACKTEST-000-67,O-20250119-002500-BACKTEST-000-68,BUY,FLAT,0.00000000,0.02662412,1737241500000000000,2025-01-18 23:05:00+00:00,1737246300000000000,2025-01-19 00:25:00+00:00,4800000000000,104536.04,104267.94,['22.23 USD'],-0.00256,-29.37 USD,True
BTC/USD.KRAKEN-KrakenBTCUSDResearchStrategy-000-398de9cc-a34f-476d-b9cd-90b2fb14c889,KRAKEN-BACKTEST,KrakenBTCUSDResearchStrategy-000,BTC/USD.KRAKEN,KRAKEN-001,O-20250119-020500-BACKTEST-000-69,O-20250119-051000-BACKTEST-000-70,BUY,FLAT,0.00000000,0.02647422,1737252300000000000,2025-01-19 02:05:00+00:00,1737263400000000000,2025-01-19 05:10:00+00:00,11100000000000,104795.15,104482.43999999999,['22.16 USD'],-0.00298,-30.44 USD,True
BTC/USD.KRAKEN-KrakenBTCUSDResearchStrategy-000-5b663a68-5820-413f-b588-c8e287d9073e,KRAKEN-BACKTEST,KrakenBTCUSDResearchStrategy-000,BTC/USD.KRAKEN,KRAKEN-001,O-20250119-064000-BACKTEST-000-71,O-20250119-073000-BACKTEST-000-72,BUY,FLAT,0.00000000,0.02621878,1737268800000000000,2025-01-19 06:40:00+00:00,1737271800000000000,2025-01-19 07:30:00+00:00,3000000000000,105467.8,105147.03,['22.09 USD'],-0.00304,-30.50 USD,True
BTC/USD.KRAKEN-KrakenBTCUSDResearchStrategy-000-b8f4e3e5-c62d-4a2a-af8b-791cd4d2b8b0,KRAKEN-BACKTEST,KrakenBTCUSDResearchStrategy-000,BTC/USD.KRAKEN,KRAKEN-001,O-20250119-193000-BACKTEST-000-73,O-20250119-212500-BACKTEST-000-74,BUY,FLAT,0.00000000,0.02615631,1737315000000000000,2025-01-19 19:30:00+00:00,1737321900000000000,2025-01-19 21:25:00+00:00,6900000000000,105369.89,104389.99,['21.94 USD'],-0.0093,-47.57 USD,True
BTC/USD.KRAKEN-KrakenBTCUSDResearchStrategy-000-cb26200f-946e-4903-9bde-2251622a14fa,KRAKEN-BACKTEST,KrakenBTCUSDResearchStrategy-000,BTC/USD.KRAKEN,KRAKEN-001,O-20250120-063500-BACKTEST-000-75,O-20250120-121500-BACKTEST-000-76,BUY,FLAT,0.00000000,0.02649699,1737354900000000000,2025-01-20 06:35:00+00:00,1737375300000000000,2025-01-20 12:15:00+00:00,20400000000000,103476.53,106060.2,['22.21 USD'],0.02497,46.25 USD,True
BTC/USD.KRAKEN-KrakenBTCUSDResearchStrategy-000-729addc3-01f3-41ac-9b6a-a3872a59bf0d,KRAKEN-BACKTEST,KrakenBTCUSDResearchStrategy-000,BTC/USD.KRAKEN,KRAKEN-001,O-20250121-102500-BACKTEST-000-77,O-20250121-143500-BACKTEST-000-78,BUY,FLAT,0.00000000,0.02670693,1737455100000000000,2025-01-21 10:25:00+00:00,1737470100000000000,2025-01-21 14:35:00+00:00,15000000000000,103182.64,103487.68,['22.08 USD'],0.00296,-13.93 USD,True
BTC/USD.KRAKEN-KrakenBTCUSDResearchStrategy-000-d692d3af-e808-40c4-a4b9-f039d3f4f0fc,KRAKEN-BACKTEST,KrakenBTCUSDResearchStrategy-000,BTC/USD.KRAKEN,KRAKEN-001,O-20250121-161000-BACKTEST-000-79,O-20250121-230000-BACKTEST-000-80,BUY,FLAT,0.00000000,0.02034196,1737475800000000000,2025-01-21 16:10:00+00:00,1737500400000000000,2025-01-21 23:00:00+00:00,24600000000000,106043.45999999999,105482.56,['17.21 USD'],-0.00529,-28.62 USD,True
BTC/USD.KRAKEN-KrakenBTCUSDResearchStrategy-000-310a38ac-5390-4428-af11-9376aec5101c,KRAKEN-BACKTEST,KrakenBTCUSDResearchStrategy-000,BTC/USD.KRAKEN,KRAKEN-001,O-20250123-143500-BACKTEST-000-81,O-20250123-150500-BACKTEST-000-82,BUY,FLAT,0.00000000,0.02619696,1737642900000000000,2025-01-23 14:35:00+00:00,1737644700000000000,2025-01-23 15:05:00+00:00,1800000000000,104703.99,103482.77,['21.81 USD'],-0.01166,-53.80 USD,True
BTC/USD.KRAKEN-KrakenBTCUSDResearchStrategy-000-e394a173-987f-4258-a746-b68507f1bdd8,KRAKEN-BACKTEST,KrakenBTCUSDResearchStrategy-000,BTC/USD.KRAKEN,KRAKEN-001,O-20250123-161000-BACKTEST-000-83,O-20250123-165500-BACKTEST-000-84,BUY,FLAT,0.00000000,0.01296743,1737648600000000000,2025-01-23 16:10:00+00:00,1737651300000000000,2025-01-23 16:55:00+00:00,2700000000000,106500.0,105139.18000000001,['10.97 USD'],-0.01278,-28.62 USD,True
BTC/USD.KRAKEN-KrakenBTCUSDResearchStrategy-000-6fcecba8-9b06-4f21-873b-ec017997bb48,KRAKEN-BACKTEST,KrakenBTCUSDResearchStrategy-000,BTC/USD.KRAKEN,KRAKEN-001,O-20250124-044000-BACKTEST-000-85,O-20250124-134000-BACKTEST-000-86,BUY,FLAT,0.00000000,0.02603090,1737693600000000000,2025-01-24 04:40:00+00:00,1737726000000000000,2025-01-24 13:40:00+00:00,32400000000000,104421.95999999999,105064.81,['21.81 USD'],0.00616,-5.08 USD,True
BTC/USD.KRAKEN-KrakenBTCUSDResearchStrategy-000-5d5af010-7cc3-496d-adf0-351a46a5f075,KRAKEN-BACKTEST,KrakenBTCUSDResearchStrategy-000,BTC/USD.KRAKEN,KRAKEN-001,O-20250124-172500-BACKTEST-000-87,O-20250124-194000-BACKTEST-000-88,BUY,FLAT,0.00000000,0.02551389,1737739500000000000,2025-01-24 17:25:00+00:00,1737747600000000000,2025-01-24 19:40:00+00:00,8100000000000,106478.23,105910.48,['21.68 USD'],-0.00533,-36.17 USD,True
BTC/USD.KRAKEN-KrakenBTCUSDResearchStrategy-000-f5df5fc6-0056-4d30-beba-94f0d6fe7459,KRAKEN-BACKTEST,KrakenBTCUSDResearchStrategy-000,BTC/USD.KRAKEN,KRAKEN-001,O-20250125-125000-BACKTEST-000-89,O-20250125-141000-BACKTEST-000-90,BUY,FLAT,0.00000000,0.02582880,1737809400000000000,2025-01-25 12:50:00+00:00,1737814200000000000,2025-01-25 14:10:00+00:00,4800000000000,104760.0,104568.65,['21.62 USD'],-0.00183,-26.56 USD,True
BTC/USD.KRAKEN-KrakenBTCUSDResearchStrategy-000-4b1bb2e2-dcbb-4310-b8aa-48b7625de1b4,KRAKEN-BACKTEST,KrakenBTCUSDResearchStrategy-000,BTC/USD.KRAKEN,KRAKEN-001,O-20250125-152000-BACKTEST-000-91,O-20250125-154000-BACKTEST-000-92,BUY,FLAT,0.00000000,0.02567514,1737818400000000000,2025-01-25 15:20:00+00:00,1737819600000000000,2025-01-25 15:40:00+00:00,1200000000000,105076.51,104819.37999999999,['21.56 USD'],-0.00245,-28.16 USD,True
BTC/USD.KRAKEN-KrakenBTCUSDResearchStrategy-000-2c038be8-e732-4bfe-b565-fb1f3fef33d5,KRAKEN-BACKTEST,KrakenBTCUSDResearchStrategy-000,BTC/USD.KRAKEN,KRAKEN-001,O-20250125-183000-BACKTEST-000-93,O-20250125-203500-BACKTEST-000-94,BUY,FLAT,0.00000000,0.02557297,1737829800000000000,2025-01-25 18:30:00+00:00,1737837300000000000,2025-01-25 20:35:00+00:00,7500000000000,105165.98000000001,104990.01,['21.50 USD'],-0.00167,-26.00 USD,True
BTC/USD.KRAKEN-KrakenBTCUSDResearchStrategy-000-df9ff0ce-11a9-4a6f-b06d-25cff417a9a6,KRAKEN-BACKTEST,KrakenBTCUSDResearchStrategy-000,BTC/USD.KRAKEN,KRAKEN-001,O-20250126-042500-BACKTEST-000-95,O-20250126-045000-BACKTEST-000-96,BUY,FLAT,0.00000000,0.02544702,1737865500000000000,2025-01-26 04:25:00+00:00,1737867000000000000,2025-01-26 04:50:00+00:00,1500000000000,105380.0,105153.82,['21.43 USD'],-0.00215,-27.19 USD,True
BTC/USD.KRAKEN-KrakenBTCUSDResearchStrategy-000-9bb6cabb-a54b-46f7-9436-aac18c9b087f,KRAKEN-BACKTEST,KrakenBTCUSDResearchStrategy-000,BTC/USD.KRAKEN,KRAKEN-001,O-20250126-180500-BACKTEST-000-97,O-20250126-200000-BACKTEST-000-98,BUY,FLAT,0.00000000,0.02543381,1737914700000000000,2025-01-26 18:05:00+00:00,1737921600000000000,2025-01-26 20:00:00+00:00,6900000000000,105114.01,104982.56,['21.37 USD'],-0.00125,-24.71 USD,True
BTC/USD.KRAKEN-KrakenBTCUSDResearchStrategy-000-2ad6d5ad-11c4-484f-87fa-a33176b9f78c,KRAKEN-BACKTEST,KrakenBTCUSDResearchStrategy-000,BTC/USD.KRAKEN,KRAKEN-001,O-20250127-144500-BACKTEST-000-99,O-20250127-161500-BACKTEST-000-100,BUY,FLAT,0.00000000,0.02334355,1737989100000000000,2025-01-27 14:45:00+00:00,1737994500000000000,2025-01-27 16:15:00+00:00,5400000000000,101811.41,100907.99,['18.93 USD'],-0.00887,-40.02 USD,True
BTC/USD.KRAKEN-KrakenBTCUSDResearchStrategy-000-6136e479-3213-47ad-a95b-ac11034a4a6d,KRAKEN-BACKTEST,KrakenBTCUSDResearchStrategy-000,BTC/USD.KRAKEN,KRAKEN-001,O-20250127-205000-BACKTEST-000-101,O-20250128-092500-BACKTEST-000-102,BUY,FLAT,0.00000000,0.02615943,1738011000000000000,2025-01-27 20:50:00+00:00,1738056300000000000,2025-01-28 09:25:00+00:00,45300000000000,101455.97,102474.87,['21.34 USD'],0.01004,5.31 USD,True
BTC/USD.KRAKEN-KrakenBTCUSDResearchStrategy-000-15ca95fa-16fb-4caa-bf18-bc5aa412f7de,KRAKEN-BACKTEST,KrakenBTCUSDResearchStrategy-000,BTC/USD.KRAKEN,KRAKEN-001,O-20250128-153000-BACKTEST-000-103,O-20250128-160000-BACKTEST-000-104,BUY,FLAT,0.00000000,0.02564874,1738078200000000000,2025-01-28 15:30:00+00:00,1738080000000000000,2025-01-28 16:00:00+00:00,1800000000000,103538.17,102634.0,['21.15 USD'],-0.00873,-44.34 USD,True
BTC/USD.KRAKEN-KrakenBTCUSDResearchStrategy-000-86c84a8c-f3ed-48dc-bbe6-b6eca023c822,KRAKEN-BACKTEST,KrakenBTCUSDResearchStrategy-000,BTC/USD.KRAKEN,KRAKEN-001,O-20250129-061000-BACKTEST-000-105,O-20250129-095500-BACKTEST-000-106,BUY,FLAT,0.00000000,0.02579731,1738131000000000000,2025-01-29 06:10:00+00:00,1738144500000000000,2025-01-29 09:55:00+00:00,13500000000000,102426.23,102334.4,['21.13 USD'],-0.0009,-23.50 USD,True
BTC/USD.KRAKEN-KrakenBTCUSDResearchStrategy-000-d6ece99f-0421-480f-9cba-f2a1e04d30a7,KRAKEN-BACKTEST,KrakenBTCUSDResearchStrategy-000,BTC/USD.KRAKEN,KRAKEN-001,O-20250129-183000-BACKTEST-000-107,O-20250129-190000-BACKTEST-000-108,BUY,FLAT,0.00000000,0.02562871,1738175400000000000,2025-01-29 18:30:00+00:00,1738177200000000000,2025-01-29 19:00:00+00:00,1800000000000,102824.98999999999,102176.49,['21.01 USD'],-0.00631,-37.63 USD,True
BTC/USD.KRAKEN-KrakenBTCUSDResearchStrategy-000-4fb2d40f-75e2-4e51-b4ea-e6054ca61907,KRAKEN-BACKTEST,KrakenBTCUSDResearchStrategy-000,BTC/USD.KRAKEN,KRAKEN-001,O-20250129-194000-BACKTEST-000-109,O-20250130-122500-BACKTEST-000-110,BUY,FLAT,0.00000000,0.02536516,1738179600000000000,2025-01-29 19:40:00+00:00,1738239900000000000,2025-01-30 12:25:00+00:00,60300000000000,103448.29000000001,105036.08,['21.16 USD'],0.01535,19.11 USD,True
BTC/USD.KRAKEN-KrakenBTCUSDResearchStrategy-000-699a5055-0578-420c-8ee1-45711d522282,KRAKEN-BACKTEST,KrakenBTCUSDResearchStrategy-000,BTC/USD.KRAKEN,KRAKEN-001,O-20250130-145000-BACKTEST-000-111,O-20250130-170000-BACKTEST-000-112,BUY,FLAT,0.00000000,0.02480052,1738248600000000000,2025-01-30 14:50:00+00:00,1738256400000000000,2025-01-30 17:00:00+00:00,7800000000000,106034.83,105449.42,['20.98 USD'],-0.00552,-35.50 USD,True
BTC/USD.KRAKEN-KrakenBTCUSDResearchStrategy-000-0a86deb1-01ef-4bdb-9698-df40a22c5f4a,KRAKEN-BACKTEST,KrakenBTCUSDResearchStrategy-000,BTC/USD.KRAKEN,KRAKEN-001,O-20250131-112500-BACKTEST-000-113,O-20250131-143000-BACKTEST-000-114,BUY,FLAT,0.00000000,0.02498551,1738322700000000000,2025-01-31 11:25:00+00:00,1738333800000000000,2025-01-31 14:30:00+00:00,11100000000000,104823.5,104391.99,['20.91 USD'],-0.00412,-31.69 USD,True
BTC/USD.KRAKEN-KrakenBTCUSDResearchStrategy-000-729748c4-b44c-48a3-bbe5-a4c8cb2ae60c,KRAKEN-BACKTEST,KrakenBTCUSDResearchStrategy-000,BTC/USD.KRAKEN,KRAKEN-001,O-20250203-090000-BACKTEST-000-115,O-20250203-101500-BACKTEST-000-116,BUY,FLAT,0.00000000,0.02728240,1738573200000000000,2025-02-03 09:00:00+00:00,1738577700000000000,2025-02-03 10:15:00+00:00,4500000000000,95650.0,94856.38,['20.79 USD'],-0.0083,-42.44 USD,True
BTC/USD.KRAKEN-KrakenBTCUSDResearchStrategy-000-7a44dc18-df15-4937-b753-6b5c3b7bafa8,KRAKEN-BACKTEST,KrakenBTCUSDResearchStrategy-000,BTC/USD.KRAKEN,KRAKEN-001,O-20250203-145500-BACKTEST-000-117,O-20250204-032000-BACKTEST-000-118,BUY,FLAT,0.00000000,0.02090049,1738594500000000000,2025-02-03 14:55:00+00:00,1738639200000000000,2025-02-04 03:20:00+00:00,44700000000000,96589.5,100747.79,['16.50 USD'],0.04305,70.41 USD,True
BTC/USD.KRAKEN-KrakenBTCUSDResearchStrategy-000-ab2dac41-c44b-4b47-a1aa-ebcf79e59263,KRAKEN-BACKTEST,KrakenBTCUSDResearchStrategy-000,BTC/USD.KRAKEN,KRAKEN-001,O-20250204-191500-BACKTEST-000-119,O-20250204-194500-BACKTEST-000-120,BUY,FLAT,0.00000000,0.02605652,1738696500000000000,2025-02-04 19:15:00+00:00,1738698300000000000,2025-02-04 19:45:00+00:00,1800000000000,100472.07,99586.25,['20.85 USD'],-0.00882,-43.93 USD,True
BTC/USD.KRAKEN-KrakenBTCUSDResearchStrategy-000-628c3247-e2e5-4f09-aec1-1446df4f3398,KRAKEN-BACKTEST,KrakenBTCUSDResearchStrategy-000,BTC/USD.KRAKEN,KRAKEN-001,O-20250205-120000-BACKTEST-000-121,O-20250205-150000-BACKTEST-000-122,BUY,FLAT,0.00000000,0.02649174,1738756800000000000,2025-02-05 12:00:00+00:00,1738767600000000000,2025-02-05 15:00:00+00:00,10800000000000,98324.0,97914.24,['20.80 USD'],-0.00417,-31.66 USD,True
BTC/USD.KRAKEN-KrakenBTCUSDResearchStrategy-000-74e095e6-0426-441c-84cf-b7318521e79a,KRAKEN-BACKTEST,KrakenBTCUSDResearchStrategy-000,BTC/USD.KRAKEN,KRAKEN-001,O-20250206-034000-BACKTEST-000-123,O-20250206-130500-BACKTEST-000-124,BUY,FLAT,0.00000000,0.02662475,1738813200000000000,2025-02-06 03:40:00+00:00,1738847100000000000,2025-02-06 13:05:00+00:00,33900000000000,97476.16,98240.0,['20.84 USD'],0.00784,-0.50 USD,True
BTC/USD.KRAKEN-KrakenBTCUSDResearchStrategy-000-a214876f-a278-4bc9-81cf-33cac6beb507,KRAKEN-BACKTEST,KrakenBTCUSDResearchStrategy-000,BTC/USD.KRAKEN,KRAKEN-001,O-20250207-102000-BACKTEST-000-125,O-20250207-151500-BACKTEST-000-126,BUY,FLAT,0.00000000,0.02663703,1738923600000000000,2025-02-07 10:20:00+00:00,1738941300000000000,2025-02-07 15:15:00+00:00,17700000000000,97425.58,97957.22,['20.82 USD'],0.00546,-6.66 USD,True
BTC/USD.KRAKEN-KrakenBTCUSDResearchStrategy-000-02f7ce77-f534-4122-b35e-b40770361784,KRAKEN-BACKTEST,KrakenBTCUSDResearchStrategy-000,BTC/USD.KRAKEN,KRAKEN-001,O-20250208-192000-BACKTEST-000-127,O-20250208-201000-BACKTEST-000-128,BUY,FLAT,0.00000000,0.02683771,1739042400000000000,2025-02-08 19:20:00+00:00,1739045400000000000,2025-02-08 20:10:00+00:00,3000000000000,96622.64,96419.99,['20.72 USD'],-0.0021,-26.16 USD,True
BTC/USD.KRAKEN-KrakenBTCUSDResearchStrategy-000-10386148-a0a0-4f19-83c2-ea4021ce1904,KRAKEN-BACKTEST,KrakenBTCUSDResearchStrategy-000,BTC/USD.KRAKEN,KRAKEN-001,O-20250209-012000-BACKTEST-000-129,O-20250209-062000-BACKTEST-000-130,BUY,FLAT,0.00000000,0.02672126,1739064000000000000,2025-02-09 01:20:00+00:00,1739082000000000000,2025-02-09 06:20:00+00:00,18000000000000,96750.01,96826.43,['20.69 USD'],0.00079,-18.65 USD,True
BTC/USD.KRAKEN-KrakenBTCUSDResearchStrategy-000-d93b2dff-0cdd-47d7-a5e4-e4b020e9876a,KRAKEN-BACKTEST,KrakenBTCUSDResearchStrategy-000,BTC/USD.KRAKEN,KRAKEN-001,O-20250210-000000-BACKTEST-000-131,O-20250210-011500-BACKTEST-000-132,BUY,FLAT,0.00000000,0.02665052,1739145600000000000,2025-02-10 00:00:00+00:00,1739150100000000000,2025-02-10 01:15:00+00:00,4500000000000,96796.88,96271.48000000001,['20.58 USD'],-0.00543,-34.58 USD,True
BTC/USD.KRAKEN-KrakenBTCUSDResearchStrategy-000-c95c59d9-fabe-4c58-90fd-9f6f868b4ebd,KRAKEN-BACKTEST,KrakenBTCUSDResearchStrategy-000,BTC/USD.KRAKEN,KRAKEN-001,O-20250210-054500-BACKTEST-000-133,O-20250210-055500-BACKTEST-000-134,BUY,FLAT,0.00000000,0.02636708,1739166300000000000,2025-02-10 05:45:00+00:00,1739166900000000000,2025-02-10 05:55:00+00:00,600000000000,97444.0,97015.26000000001,['20.51 USD'],-0.0044,-31.81 USD,True
BTC/USD.KRAKEN-KrakenBTCUSDResearchStrategy-000-4d5b1dfb-1249-474c-88b1-0611760641c7,KRAKEN-BACKTEST,KrakenBTCUSDResearchStrategy-000,BTC/USD.KRAKEN,KRAKEN-001,O-20250210-080500-BACKTEST-000-135,O-20250210-123000-BACKTEST-000-136,BUY,FLAT,0.00000000,0.02617995,1739174700000000000,2025-02-10 08:05:00+00:00,1739190600000000000,2025-02-10 12:30:00+00:00,15900000000000,97775.99,97407.98000000001,['20.44 USD'],-0.00376,-30.07 USD,True
BTC/USD.KRAKEN-KrakenBTCUSDResearchStrategy-000-ae549ff9-2a10-436c-80c8-1d11248cbb89,KRAKEN-BACKTEST,KrakenBTCUSDResearchStrategy-000,BTC/USD.KRAKEN,KRAKEN-001,O-20250210-135500-BACKTEST-000-137,O-20250210-140500-BACKTEST-000-138,BUY,FLAT,0.00000000,0.02597089,1739195700000000000,2025-02-10 13:55:00+00:00,1739196300000000000,2025-02-10 14:05:00+00:00,600000000000,98215.71999999999,97815.97,['20.36 USD'],-0.00407,-30.74 USD,True
BTC/USD.KRAKEN-KrakenBTCUSDResearchStrategy-000-1ebc791d-e19e-4826-907f-72cb126ed38b,KRAKEN-BACKTEST,KrakenBTCUSDResearchStrategy-000,BTC/USD.KRAKEN,KRAKEN-001,O-20250211-001000-BACKTEST-000-139,O-20250211-023000-BACKTEST-000-140,BUY,FLAT,0.00000000,0.02600419,1739232600000000000,2025-02-11 00:10:00+00:00,1739241000000000000,2025-02-11 02:30:00+00:00,8400000000000,97735.32,97488.44,['20.31 USD'],-0.00253,-26.73 USD,True
BTC/USD.KRAKEN-KrakenBTCUSDResearchStrategy-000-66a1e030-5474-4aed-b3f7-c541268dbdd5,KRAKEN-BACKTEST,KrakenBTCUSDResearchStrategy-000,BTC/USD.KRAKEN,KRAKEN-001,O-20250211-050500-BACKTEST-000-141,O-20250211-082500-BACKTEST-000-142,BUY,FLAT,0.00000000,0.02578049,1739250300000000000,2025-02-11 05:05:00+00:00,1739262300000000000,2025-02-11 08:25:00+00:00,12000000000000,98272.31,98109.3,['20.25 USD'],-0.00166,-24.45 USD,True
BTC/USD.KRAKEN-KrakenBTCUSDResearchStrategy-000-fb7d84fb-9b2e-4463-965e-717644accc01,KRAKEN-BACKTEST,KrakenBTCUSDResearchStrategy-000,BTC/USD.KRAKEN,KRAKEN-001,O-20250212-072500-BACKTEST-000-143,O-20250212-104500-BACKTEST-000-144,BUY,FLAT,0.00000000,0.02629248,1739345100000000000,2025-02-12 07:25:00+00:00,1739357100000000000,2025-02-12 10:45:00+00:00,12000000000000,96079.68,96000.01,['20.20 USD'],-0.00083,-22.29 USD,True
BTC/USD.KRAKEN-KrakenBTCUSDResearchStrategy-000-4a6cfc25-0449-4a7a-a912-9bc33745a79f,KRAKEN-BACKTEST,KrakenBTCUSDResearchStrategy-000,BTC/USD.KRAKEN,KRAKEN-001,O-20250212-132000-BACKTEST-000-145,O-20250212-133000-BACKTEST-000-146,BUY,FLAT,0.00000000,0.02610867,1739366400000000000,2025-02-12 13:20:00+00:00,1739367000000000000,2025-02-12 13:30:00+00:00,600000000000,96499.99,94891.3,['19.99 USD'],-0.01667,-61.99 USD,True
BTC/USD.KRAKEN-KrakenBTCUSDResearchStrategy-000-5bdfffc5-ca9a-427e-8a58-275bb0b45526,KRAKEN-BACKTEST,KrakenBTCUSDResearchStrategy-000,BTC/USD.KRAKEN,KRAKEN-001,O-20250212-170000-BACKTEST-000-147,O-20250212-190500-BACKTEST-000-148,BUY,FLAT,0.00000000,0.02573408,1739379600000000000,2025-02-12 17:00:00+00:00,1739387100000000000,2025-02-12 19:05:00+00:00,7500000000000,97182.01999999999,96583.61,['19.94 USD'],-0.00616,-35.34 USD,True
BTC/USD.KRAKEN-KrakenBTCUSDResearchStrategy-000-dd1c5ff4-ef02-4dce-a63c-301e244b4936,KRAKEN-BACKTEST,KrakenBTCUSDResearchStrategy-000,BTC/USD.KRAKEN,KRAKEN-001,O-20250212-214000-BACKTEST-000-149,O-20250212-221000-BACKTEST-000-150,BUY,FLAT,0.00000000,0.02544656,1739396400000000000,2025-02-12 21:40:00+00:00,1739398200000000000,2025-02-12 22:10:00+00:00,1800000000000,97863.42,97466.67,['19.88 USD'],-0.00405,-29.98 USD,True
BTC/USD.KRAKEN-KrakenBTCUSDResearchStrategy-000-d7bc4d19-8adf-4303-beca-fb469ce726f3,KRAKEN-BACKTEST,KrakenBTCUSDResearchStrategy-000,BTC/USD.KRAKEN,KRAKEN-001,O-20250213-210000-BACKTEST-000-151,O-20250214-054500-BACKTEST-000-152,BUY,FLAT,0.00000000,0.02574597,1739480400000000000,2025-02-13 21:00:00+00:00,1739511900000000000,2025-02-14 05:45:00+00:00,31500000000000,96376.0,96583.67,['19.88 USD'],0.00215,-14.53 USD,True
BTC/USD.KRAKEN-KrakenBTCUSDResearchStrategy-000-84a25cd7-5441-496f-9ae6-52b2d149a9d6,KRAKEN-BACKTEST,KrakenBTCUSDResearchStrategy-000,BTC/USD.KRAKEN,KRAKEN-001,O-20250214-093500-BACKTEST-000-153,O-20250214-112500-BACKTEST-000-154,BUY,FLAT,0.00000000,0.02550547,1739525700000000000,2025-02-14 09:35:00+00:00,1739532300000000000,2025-02-14 11:25:00+00:00,6600000000000,97113.86,96844.58,['19.79 USD'],-0.00277,-26.66 USD,True
BTC/USD.KRAKEN-KrakenBTCUSDResearchStrategy-000-bd2dc12d-85ea-4911-8bd3-8d429b5af58e,KRAKEN-BACKTEST,KrakenBTCUSDResearchStrategy-000,BTC/USD.KRAKEN,KRAKEN-001,O-20250214-145000-BACKTEST-000-155,O-20250214-150000-BACKTEST-000-156,BUY,FLAT,0.00000000,0.02532791,1739544600000000000,2025-02-14 14:50:00+00:00,1739545200000000000,2025-02-14 15:00:00+00:00,600000000000,97479.01000000001,97035.16,['19.71 USD'],-0.00455,-30.95 USD,True
BTC/USD.KRAKEN-KrakenBTCUSDResearchStrategy-000-ea4309d5-e56c-4c37-9594-add934e3c1f4,KRAKEN-BACKTEST,KrakenBTCUSDResearchStrategy-000,BTC/USD.KRAKEN,KRAKEN-001,O-20250214-173500-BACKTEST-000-157,O-20250214-205000-BACKTEST-000-158,BUY,FLAT,0.00000000,0.02516718,1739554500000000000,2025-02-14 17:35:00+00:00,1739566200000000000,2025-02-14 20:50:00+00:00,11700000000000,97732.62000000001,97504.49,['19.66 USD'],-0.00233,-25.40 USD,True
BTC/USD.KRAKEN-KrakenBTCUSDResearchStrategy-000-7bca2991-b948-45d5-aeb5-f0653480e278,KRAKEN-BACKTEST,KrakenBTCUSDResearchStrategy-000,BTC/USD.KRAKEN,KRAKEN-001,O-20250215-015000-BACKTEST-000-159,O-20250215-023500-BACKTEST-000-160,BUY,FLAT,0.00000000,0.02506337,1739584200000000000,2025-02-15 01:50:00+00:00,1739586900000000000,2025-02-15 02:35:00+00:00,2700000000000,97833.41,97640.23,['19.60 USD'],-0.00197,-24.44 USD,True
BTC/USD.KRAKEN-KrakenBTCUSDResearchStrategy-000-c3c020ab-b074-4e00-bb61-ae51ac9055ac,KRAKEN-BACKTEST,KrakenBTCUSDResearchStrategy-000,BTC/USD.KRAKEN,KRAKEN-001,O-20250215-030500-BACKTEST-000-161,O-20250215-032500-BACKTEST-000-162,BUY,FLAT,0.00000000,0.02495490,1739588700000000000,2025-02-15 03:05:00+00:00,1739589900000000000,2025-02-15 03:25:00+00:00,1200000000000,97964.81999999999,97808.66,['19.54 USD'],-0.00159,-23.44 USD,True
BTC/USD.KRAKEN-KrakenBTCUSDResearchStrategy-000-4314895f-52cb-4cac-8a9d-427a7bf684f3,KRAKEN-BACKTEST,KrakenBTCUSDResearchStrategy-000,BTC/USD.KRAKEN,KRAKEN-001,O-20250215-105000-BACKTEST-000-163,O-20250215-111000-BACKTEST-000-164,BUY,FLAT,0.00000000,0.02495108,1739616600000000000,2025-02-15 10:50:00+00:00,1739617800000000000,2025-02-15 11:10:00+00:00,1200000000000,97698.12,97531.01000000001,['19.48 USD'],-0.00171,-23.65 USD,True
BTC/USD.KRAKEN-KrakenBTCUSDResearchStrategy-000-a18df456-ebe5-4abf-9379-4c9ac344f738,KRAKEN-BACKTEST,KrakenBTCUSDResearchStrategy-000,BTC/USD.KRAKEN,KRAKEN-001,O-20250215-123500-BACKTEST-000-165,O-20250215-141500-BACKTEST-000-166,BUY,FLAT,0.00000000,0.02486734,1739622900000000000,2025-02-15 12:35:00+00:00,1739628900000000000,2025-02-15 14:15:00+00:00,6000000000000,97741.78,97619.99,['19.43 USD'],-0.00125,-22.46 USD,True
BTC/USD.KRAKEN-KrakenBTCUSDResearchStrategy-000-69877670-d148-46fd-b080-34ddac27aedd,KRAKEN-BACKTEST,KrakenBTCUSDResearchStrategy-000,BTC/USD.KRAKEN,KRAKEN-001,O-20250215-212000-BACKTEST-000-167,O-20250215-222500-BACKTEST-000-168,BUY,FLAT,0.00000000,0.02481908,1739654400000000000,2025-02-15 21:20:00+00:00,1739658300000000000,2025-02-15 22:25:00+00:00,3900000000000,97660.38,97450.0,['19.37 USD'],-0.00215,-24.59 USD,True
BTC/USD.KRAKEN-KrakenBTCUSDResearchStrategy-000-4f688bfa-9da1-46a9-8105-84ba1b5d0ced,KRAKEN-BACKTEST,KrakenBTCUSDResearchStrategy-000,BTC/USD.KRAKEN,KRAKEN-001,O-20250217-125500-BACKTEST-000-169,O-20250217-153000-BACKTEST-000-170,BUY,FLAT,0.00000000,0.02505204,1739796900000000000,2025-02-17 12:55:00+00:00,1739806200000000000,2025-02-17 15:30:00+00:00,9300000000000,96457.76,96244.38,['19.31 USD'],-0.00221,-24.66 USD,True
BTC/USD.KRAKEN-KrakenBTCUSDResearchStrategy-000-3050aec5-7eca-4d61-b6d5-d1cbdbf4788a,KRAKEN-BACKTEST,KrakenBTCUSDResearchStrategy-000,BTC/USD.KRAKEN,KRAKEN-001,O-20250217-215500-BACKTEST-000-171,O-20250217-221000-BACKTEST-000-172,BUY,FLAT,0.00000000,0.02498792,1739829300000000000,2025-02-17 21:55:00+00:00,1739830200000000000,2025-02-17 22:10:00+00:00,900000000000,96409.33,96126.47,['19.25 USD'],-0.00293,-26.32 USD,True
BTC/USD.KRAKEN-KrakenBTCUSDResearchStrategy-000-3084c428-a253-45f5-9977-131ddcc8dd12,KRAKEN-BACKTEST,KrakenBTCUSDResearchStrategy-000,BTC/USD.KRAKEN,KRAKEN-001,O-20250218-121500-BACKTEST-000-173,O-20250218-144500-BACKTEST-000-174,BUY,FLAT,0.00000000,0.02504091,1739880900000000000,2025-02-18 12:15:00+00:00,1739889900000000000,2025-02-18 14:45:00+00:00,9000000000000,95890.0,95674.62000000001,['19.18 USD'],-0.00225,-24.57 USD,True
BTC/USD.KRAKEN-KrakenBTCUSDResearchStrategy-000-64bc5fdb-d7d1-4057-9608-f2a39dd8a3be,KRAKEN-BACKTEST,KrakenBTCUSDResearchStrategy-000,BTC/USD.KRAKEN,KRAKEN-001,O-20250218-222500-BACKTEST-000-175,O-20250219-011500-BACKTEST-000-176,BUY,FLAT,0.00000000,0.02509227,1739917500000000000,2025-02-18 22:25:00+00:00,1739927700000000000,2025-02-19 01:15:00+00:00,10200000000000,95399.95,95107.25,['19.13 USD'],-0.00307,-26.47 USD,True
BTC/USD.KRAKEN-KrakenBTCUSDResearchStrategy-000-3aff1006-d37d-44c7-b6e3-3088244cede4,KRAKEN-BACKTEST,KrakenBTCUSDResearchStrategy-000,BTC/USD.KRAKEN,KRAKEN-001,O-20250219-074500-BACKTEST-000-177,O-20250219-085000-BACKTEST-000-178,BUY,FLAT,0.00000000,0.02490015,1739951100000000000,2025-02-19 07:45:00+00:00,1739955000000000000,2025-02-19 08:50:00+00:00,3900000000000,95817.13,95663.92,['19.07 USD'],-0.0016,-22.88 USD,True
BTC/USD.KRAKEN-KrakenBTCUSDResearchStrategy-000-896d312d-7ba3-4549-a76d-9e64b2d16d0a,KRAKEN-BACKTEST,KrakenBTCUSDResearchStrategy-000,BTC/USD.KRAKEN,KRAKEN-001,O-20250219-100000-BACKTEST-000-179,O-20250219-103000-BACKTEST-000-180,BUY,FLAT,0.00000000,0.02466471,1739959200000000000,2025-02-19 10:00:00+00:00,1739961000000000000,2025-02-19 10:30:00+00:00,1800000000000,96453.45999999999,96208.4,['19.01 USD'],-0.00254,-25.05 USD,True
BTC/USD.KRAKEN-KrakenBTCUSDResearchStrategy-000-c95632a9-d405-4698-926d-62e80bfd3989,KRAKEN-BACKTEST,KrakenBTCUSDResearchStrategy-000,BTC/USD.KRAKEN,KRAKEN-001,O-20250219-120000-BACKTEST-000-181,O-20250219-121500-BACKTEST-000-182,BUY,FLAT,0.00000000,0.02457793,1739966400000000000,2025-02-19 12:00:00+00:00,1739967300000000000,2025-02-19 12:15:00+00:00,900000000000,96488.14,96330.0,['18.96 USD'],-0.00164,-22.85 USD,True
BTC/USD.KRAKEN-KrakenBTCUSDResearchStrategy-000-1a608eb6-c4d2-4fd8-a2a5-b930cfc4d60d,KRAKEN-BACKTEST,KrakenBTCUSDResearchStrategy-000,BTC/USD.KRAKEN,KRAKEN-001,O-20250219-143000-BACKTEST-000-183,O-20250219-144000-BACKTEST-000-184,BUY,FLAT,0.00000000,0.02446800,1739975400000000000,2025-02-19 14:30:00+00:00,1739976000000000000,2025-02-19 14:40:00+00:00,600000000000,96641.45999999999,96005.47,['18.86 USD'],-0.00658,-34.42 USD,True
BTC/USD.KRAKEN-KrakenBTCUSDResearchStrategy-000-c7e1e9e5-c9f3-4754-8224-9cbbd8394c73,KRAKEN-BACKTEST,KrakenBTCUSDResearchStrategy-000,BTC/USD.KRAKEN,KRAKEN-001,O-20250219-222000-BACKTEST-000-185,O-20250220-060500-BACKTEST-000-186,BUY,FLAT,0.00000000,0.02438571,1740003600000000000,2025-02-19 22:20:00+00:00,1740031500000000000,2025-02-20 06:05:00+00:00,27900000000000,96544.16,96834.01,['18.87 USD'],0.003,-11.80 USD,True
BTC/USD.KRAKEN-KrakenBTCUSDResearchStrategy-000-1352a064-fe32-422b-90e4-fac3d02ac37a,KRAKEN-BACKTEST,KrakenBTCUSDResearchStrategy-000,BTC/USD.KRAKEN,KRAKEN-001,O-20250220-094000-BACKTEST-000-187,O-20250220-100000-BACKTEST-000-188,BUY,FLAT,0.00000000,0.02416685,1740044400000000000,2025-02-20 09:40:00+00:00,1740045600000000000,2025-02-20 10:00:00+00:00,1200000000000,97271.99,97108.28000000001,['18.79 USD'],-0.00168,-22.75 USD,True
BTC/USD.KRAKEN-KrakenBTCUSDResearchStrategy-000-78321628-3d9c-4b3e-85c7-30797da8924e,KRAKEN-BACKTEST,KrakenBTCUSDResearchStrategy-000,BTC/USD.KRAKEN,KRAKEN-001,O-20250220-105000-BACKTEST-000-189,O-20250220-113500-BACKTEST-000-190,BUY,FLAT,0.00000000,0.02408975,1740048600000000000,2025-02-20 10:50:00+00:00,1740051300000000000,2025-02-20 11:35:00+00:00,2700000000000,97299.99,97170.55,['18.74 USD'],-0.00133,-21.86 USD,True
BTC/USD.KRAKEN-KrakenBTCUSDResearchStrategy-000-29a5e6fb-5590-49c8-9555-ac2ee04d6db6,KRAKEN-BACKTEST,KrakenBTCUSDResearchStrategy-000,BTC/USD.KRAKEN,KRAKEN-001,O-20250220-120500-BACKTEST-000-191,O-20250220-133500-BACKTEST-000-192,BUY,FLAT,0.00000000,0.02398445,1740053100000000000,2025-02-20 12:05:00+00:00,1740058500000000000,2025-02-20 13:35:00+00:00,5400000000000,97453.73000000001,97290.89,['18.68 USD'],-0.00167,-22.59 USD,True
BTC/USD.KRAKEN-KrakenBTCUSDResearchStrategy-000-759541ae-2800-4797-bf6b-46d410413086,KRAKEN-BACKTEST,KrakenBTCUSDResearchStrategy-000,BTC/USD.KRAKEN,KRAKEN-001,O-20250220-180000-BACKTEST-000-193,O-20250220-215000-BACKTEST-000-194,BUY,FLAT,0.00000000,0.02371269,1740074400000000000,2025-02-20 18:00:00+00:00,1740088200000000000,2025-02-20 21:50:00+00:00,13800000000000,98284.93000000001,98014.01,['18.62 USD'],-0.00276,-25.04 USD,True
BTC/USD.KRAKEN-KrakenBTCUSDResearchStrategy-000-1a15853a-7777-4b5f-8e11-3b0daf87460c,KRAKEN-BACKTEST,KrakenBTCUSDResearchStrategy-000,BTC/USD.KRAKEN,KRAKEN-001,O-20250221-070500-BACKTEST-000-195,O-20250221-073000-BACKTEST-000-196,BUY,FLAT,0.00000000,0.02359094,1740121500000000000,2025-02-21 07:05:00+00:00,1740123000000000000,2025-02-21 07:30:00+00:00,1500000000000,98473.74,98339.64,['18.57 USD'],-0.00136,-21.73 USD,True
BTC/USD.KRAKEN-KrakenBTCUSDResearchStrategy-000-37c0108d-45ac-4c91-810b-82f0b1b8b2fd,KRAKEN-BACKTEST,KrakenBTCUSDResearchStrategy-000,BTC/USD.KRAKEN,KRAKEN-001,O-20250221-091500-BACKTEST-000-197,O-20250221-092000-BACKTEST-000-198,BUY,FLAT,0.00000000,0.02342949,1740129300000000000,2025-02-21 09:15:00+00:00,1740129600000000000,2025-02-21 09:20:00+00:00,300000000000,98873.97,98672.64,['18.52 USD'],-0.00204,-23.24 USD,True
BTC/USD.KRAKEN-KrakenBTCUSDResearchStrategy-000-c900d4c2-7635-451e-ad89-f7e99f6371de,KRAKEN-BACKTEST,KrakenBTCUSDResearchStrategy-000,BTC/USD.KRAKEN,KRAKEN-001,O-20250221-125000-BACKTEST-000-199,O-20250221-143500-BACKTEST-000-200,BUY,FLAT,0.00000000,0.02334423,1740142200000000000,2025-02-21 12:50:00+00:00,1740148500000000000,2025-02-21 14:35:00+00:00,6300000000000,98936.43,98415.09000000001,['18.43 USD'],-0.00527,-30.60 USD,True
BTC/USD.KRAKEN-KrakenBTCUSDResearchStrategy-000-64909e4d-c46d-466a-a467-dfe5268cfd78,KRAKEN-BACKTEST,KrakenBTCUSDResearchStrategy-000,BTC/USD.KRAKEN,KRAKEN-001,O-20250222-052500-BACKTEST-000-201,O-20250222-063500-BACKTEST-000-202,BUY,FLAT,0.00000000,0.02384153,1740201900000000000,2025-02-22 05:25:00+00:00,1740206100000000000,2025-02-22 06:35:00+00:00,4200000000000,96487.71999999999,96363.42,['18.39 USD'],-0.00129,-21.35 USD,True
BTC/USD.KRAKEN-KrakenBTCUSDResearchStrategy-000-7a94d3ce-9cb1-4bea-a97a-9b4afdc8a7e7,KRAKEN-BACKTEST,KrakenBTCUSDResearchStrategy-000,BTC/USD.KRAKEN,KRAKEN-001,O-20250222-113500-BACKTEST-000-203,O-20250222-143000-BACKTEST-000-204,BUY,FLAT,0.00000000,0.02375040,1740224100000000000,2025-02-22 11:35:00+00:00,1740234600000000000,2025-02-22 14:30:00+00:00,10500000000000,96588.23,96544.25,['18.35 USD'],-0.00046,-19.39 USD,True
BTC/USD.KRAKEN-KrakenBTCUSDResearchStrategy-000-f76c95f9-4d1c-44ba-978a-af28320a1e07,KRAKEN-BACKTEST,KrakenBTCUSDResearchStrategy-000,BTC/USD.KRAKEN,KRAKEN-001,O-20250223-231000-BACKTEST-000-205,O-20250223-231500-BACKTEST-000-206,BUY,FLAT,0.00000000,0.02379524,1740352200000000000,2025-02-23 23:10:00+00:00,1740352500000000000,2025-02-23 23:15:00+00:00,300000000000,96161.62999999999,95959.79,['18.28 USD'],-0.0021,-23.08 USD,True
BTC/USD.KRAKEN-KrakenBTCUSDResearchStrategy-000-ee3de6d6-edad-40ef-8af7-364236a78941,KRAKEN-BACKTEST,KrakenBTCUSDResearchStrategy-000,BTC/USD.KRAKEN,KRAKEN-001,O-20250225-220000-BACKTEST-000-207,O-20250225-235500-BACKTEST-000-208,BUY,FLAT,0.00000000,0.02557354,1740520800000000000,2025-02-25 22:00:00+00:00,1740527700000000000,2025-02-25 23:55:00+00:00,6900000000000,89204.14,88680.4,['18.20 USD'],-0.00587,-31.59 USD,True
BTC/USD.KRAKEN-KrakenBTCUSDResearchStrategy-000-c0b2dd85-3c2c-47cc-bfdf-3eee4654bff5,KRAKEN-BACKTEST,KrakenBTCUSDResearchStrategy-000,BTC/USD.KRAKEN,KRAKEN-001,O-20250226-030500-BACKTEST-000-209,O-20250226-035500-BACKTEST-000-210,BUY,FLAT,0.00000000,0.02545359,1740539100000000000,2025-02-26 03:05:00+00:00,1740542100000000000,2025-02-26 03:55:00+00:00,3000000000000,89252.07,88900.0,['18.14 USD'],-0.00394,-27.10 USD,True
BTC/USD.KRAKEN-KrakenBTCUSDResearchStrategy-000-075bf3dc-db87-4134-8e5f-ef551d4b4857,KRAKEN-BACKTEST,KrakenBTCUSDResearchStrategy-000,BTC/USD.KRAKEN,KRAKEN-001,O-20250227-051000-BACKTEST-000-211,O-20250227-133000-BACKTEST-000-212,BUY,FLAT,0.00000000,0.02646204,1740633000000000000,2025-02-27 05:10:00+00:00,1740663000000000000,2025-02-27 13:30:00+00:00,30000000000000,85543.4,86160.01,['18.17 USD'],0.00721,-1.85 USD,True
BTC/USD.KRAKEN-KrakenBTCUSDResearchStrategy-000-14570040-a4a8-4c6a-bb12-17cb793cf70e,KRAKEN-BACKTEST,KrakenBTCUSDResearchStrategy-000,BTC/USD.KRAKEN,KRAKEN-001,O-20250228-130000-BACKTEST-000-213,O-20250301-005000-BACKTEST-000-214,BUY,FLAT,0.00000000,0.02794690,1740747600000000000,2025-02-28 13:00:00+00:00,1740790200000000000,2025-03-01 00:50:00+00:00,42600000000000,80978.47,83875.99,['18.43 USD'],0.03578,62.55 USD,True
BTC/USD.KRAKEN-KrakenBTCUSDResearchStrategy-000-718a67d6-c47f-4b62-a2bf-0a978c8853c4,KRAKEN-BACKTEST,KrakenBTCUSDResearchStrategy-000,BTC/USD.KRAKEN,KRAKEN-001,O-20250301-022500-BACKTEST-000-215,O-20250301-063000-BACKTEST-000-216,BUY,FLAT,0.00000000,0.02681753,1740795900000000000,2025-03-01 02:25:00+00:00,1740810600000000000,2025-03-01 06:30:00+00:00,14700000000000,85088.34999999999,84857.01000000001,['18.23 USD'],-0.00272,-24.43 USD,True
BTC/USD.KRAKEN-KrakenBTCUSDResearchStrategy-000-8c8cda5a-a177-4942-8aa2-20e9e0f5338d,KRAKEN-BACKTEST,KrakenBTCUSDResearchStrategy-000,BTC/USD.KRAKEN,KRAKEN-001,O-20250301-165500-BACKTEST-000-217,O-20250302-023000-BACKTEST-000-218,BUY,FLAT,0.00000000,0.02667294,1740848100000000000,2025-03-01 16:55:00+00:00,1740882600000000000,2025-03-02 02:30:00+00:00,34500000000000,85274.81999999999,85806.98999999999,['18.25 USD'],0.00624,-4.06 USD,True
BTC/USD.KRAKEN-KrakenBTCUSDResearchStrategy-000-b959ae1c-aa44-46b5-9c84-125947560809,KRAKEN-BACKTEST,KrakenBTCUSDResearchStrategy-000,BTC/USD.KRAKEN,KRAKEN-001,O-20250302-064500-BACKTEST-000-219,O-20250302-070000-BACKTEST-000-220,BUY,FLAT,0.00000000,0.02627676,1740897900000000000,2025-03-02 06:45:00+00:00,1740898800000000000,2025-03-02 07:00:00+00:00,900000000000,86514.18,86234.01,['18.15 USD'],-0.00324,-25.51 USD,True
BTC/USD.KRAKEN-KrakenBTCUSDResearchStrategy-000-2d7a881f-c9e9-4d75-b75e-a4d7137836ab,KRAKEN-BACKTEST,KrakenBTCUSDResearchStrategy-000,BTC/USD.KRAKEN,KRAKEN-001,O-20250302-161500-BACKTEST-000-221,O-20250303-013000-BACKTEST-000-222,BUY,FLAT,0.00000000,0.01676668,1740932100000000000,2025-03-02 16:15:00+00:00,1740965400000000000,2025-03-03 01:30:00+00:00,33300000000000,89370.23,92846.16,['12.22 USD'],0.03889,46.06 USD,True
BTC/USD.KRAKEN-KrakenBTCUSDResearchStrategy-000-5014faba-ca4a-4f3f-9b90-0e92284a16f9,KRAKEN-BACKTEST,KrakenBTCUSDResearchStrategy-000,BTC/USD.KRAKEN,KRAKEN-001,O-20250303-120000-BACKTEST-000-223,O-20250303-143500-BACKTEST-000-224,BUY,FLAT,0.00000000,0.02445791,1741003200000000000,2025-03-03 12:00:00+00:00,1741012500000000000,2025-03-03 14:35:00+00:00,9300000000000,93200.01,91651.52,['18.09 USD'],-0.01661,-55.96 USD,True
BTC/USD.KRAKEN-KrakenBTCUSDResearchStrategy-000-4b0918d2-511a-4e3d-a519-f228d8f77ef8,KRAKEN-BACKTEST,KrakenBTCUSDResearchStrategy-000,BTC/USD.KRAKEN,KRAKEN-001,O-20250304-173500-BACKTEST-000-225,O-20250305-003500-BACKTEST-000-226,BUY,FLAT,0.00000000,0.01942797,1741109700000000000,2025-03-04 17:35:00+00:00,1741134900000000000,2025-03-05 00:35:00+00:00,25200000000000,85222.88,86631.84999999999,['13.35 USD'],0.01653,14.02 USD,True
BTC/USD.KRAKEN-KrakenBTCUSDResearchStrategy-000-0be1444f-0c80-4b65-b709-d11b00386e26,KRAKEN-BACKTEST,KrakenBTCUSDResearchStrategy-000,BTC/USD.KRAKEN,KRAKEN-001,O-20250305-081500-BACKTEST-000-227,O-20250305-143500-BACKTEST-000-228,BUY,FLAT,0.00000000,0.02582470,1741162500000000000,2025-03-05 08:15:00+00:00,1741185300000000000,2025-03-05 14:35:00+00:00,22800000000000,87780.0,88722.38,['18.23 USD'],0.01074,6.11 USD,True
BTC/USD.KRAKEN-KrakenBTCUSDResearchStrategy-000-dd3f3888-fdf5-4566-a54f-d51cf8110b58,KRAKEN-BACKTEST,KrakenBTCUSDResearchStrategy-000,BTC/USD.KRAKEN,KRAKEN-001,O-20250305-205500-BACKTEST-000-229,O-20250305-222500-BACKTEST-000-230,BUY,FLAT,0.00000000,0.02506889,1741208100000000000,2025-03-05 20:55:00+00:00,1741213500000000000,2025-03-05 22:25:00+00:00,5400000000000,90499.64,90041.06,['18.10 USD'],-0.00507,-29.60 USD,True
BTC/USD.KRAKEN-KrakenBTCUSDResearchStrategy-000-9cb6c51f-bb14-4da0-9ef4-8726e8ce167e,KRAKEN-BACKTEST,KrakenBTCUSDResearchStrategy-000,BTC/USD.KRAKEN,KRAKEN-001,O-20250305-234000-BACKTEST-000-231,O-20250306-000500-BACKTEST-000-232,BUY,FLAT,0.00000000,0.02487131,1741218000000000000,2025-03-05 23:40:00+00:00,1741219500000000000,2025-03-06 00:05:00+00:00,1500000000000,90861.53,90504.01999999999,['18.04 USD'],-0.00393,-26.93 USD,True
BTC/USD.KRAKEN-KrakenBTCUSDResearchStrategy-000-d552d169-ac15-4c46-bf8b-55fc2b6d3834,KRAKEN-BACKTEST,KrakenBTCUSDResearchStrategy-000,BTC/USD.KRAKEN,KRAKEN-001,O-20250306-014500-BACKTEST-000-233,O-20250306-015000-BACKTEST-000-234,BUY,FLAT,0.00000000,0.02451636,1741225500000000000,2025-03-06 01:45:00+00:00,1741225800000000000,2025-03-06 01:50:00+00:00,300000000000,91847.37,91296.54000000001,['17.96 USD'],-0.006,-31.46 USD,True
BTC/USD.KRAKEN-KrakenBTCUSDResearchStrategy-000-f704e4a7-6750-497c-96ff-b5ce1b542f2b,KRAKEN-BACKTEST,KrakenBTCUSDResearchStrategy-000,BTC/USD.KRAKEN,KRAKEN-001,O-20250306-044000-BACKTEST-000-235,O-20250306-070500-BACKTEST-000-236,BUY,FLAT,0.00000000,0.02433969,1741236000000000000,2025-03-06 04:40:00+00:00,1741244700000000000,2025-03-06 07:05:00+00:00,8700000000000,92126.29000000001,91638.13,['17.89 USD'],-0.0053,-29.77 USD,True
BTC/USD.KRAKEN-KrakenBTCUSDResearchStrategy-000-f297d32f-8edc-4795-a84d-63224fe4a952,KRAKEN-BACKTEST,KrakenBTCUSDResearchStrategy-000,BTC/USD.KRAKEN,KRAKEN-001,O-20250307-091000-BACKTEST-000-237,O-20250307-124000-BACKTEST-000-238,BUY,FLAT,0.00000000,0.02519034,1741338600000000000,2025-03-07 09:10:00+00:00,1741351200000000000,2025-03-07 12:40:00+00:00,12600000000000,88660.62000000001,88455.99,['17.84 USD'],-0.00231,-22.99 USD,True
BTC/USD.KRAKEN-KrakenBTCUSDResearchStrategy-000-1649ab3e-589e-4f97-9dbe-1585bb5ca65a,KRAKEN-BACKTEST,KrakenBTCUSDResearchStrategy-000,BTC/USD.KRAKEN,KRAKEN-001,O-20250307-144500-BACKTEST-000-239,O-20250307-152500-BACKTEST-000-240,BUY,FLAT,0.00000000,0.01800829,1741358700000000000,2025-03-07 14:45:00+00:00,1741361100000000000,2025-03-07 15:25:00+00:00,2400000000000,90676.90999999999,89211.47,['12.96 USD'],-0.01616,-39.35 USD,True
BTC/USD.KRAKEN-KrakenBTCUSDResearchStrategy-000-23ad74d4-a55b-40fc-ae3f-80cb080ea857,KRAKEN-BACKTEST,KrakenBTCUSDResearchStrategy-000,BTC/USD.KRAKEN,KRAKEN-001,O-20250308-144000-BACKTEST-000-241,O-20250308-150000-BACKTEST-000-242,BUY,FLAT,0.00000000,0.02559215,1741444800000000000,2025-03-08 14:40:00+00:00,1741446000000000000,2025-03-08 15:00:00+00:00,1200000000000,86537.86,86254.01,['17.69 USD'],-0.00328,-24.95 USD,True
BTC/USD.KRAKEN-KrakenBTCUSDResearchStrategy-000-18320fb8-56d6-4df0-8b85-cf683262f1de,KRAKEN-BACKTEST,KrakenBTCUSDResearchStrategy-000,BTC/USD.KRAKEN,KRAKEN-001,O-20250311-041500-BACKTEST-000-243,O-20250311-130500-BACKTEST-000-244,BUY,FLAT,0.00000000,0.02757973,1741666500000000000,2025-03-11 04:15:00+00:00,1741698300000000000,2025-03-11 13:05:00+00:00,31800000000000,80029.97,80583.65000000001,['17.72 USD'],0.00692,-2.45 USD,True
BTC/USD.KRAKEN-KrakenBTCUSDResearchStrategy-000-c7f4a3d1-3e55-40e6-8afe-5dad5ada4946,KRAKEN-BACKTEST,KrakenBTCUSDResearchStrategy-000,BTC/USD.KRAKEN,KRAKEN-001,O-20250311-181000-BACKTEST-000-245,O-20250312-022500-BACKTEST-000-246,BUY,FLAT,0.00000000,0.02512207,1741716600000000000,2025-03-11 18:10:00+00:00,1741746300000000000,2025-03-12 02:25:00+00:00,29700000000000,82433.76,82705.70999999999,['16.59 USD'],0.0033,-9.76 USD,True
BTC/USD.KRAKEN-KrakenBTCUSDResearchStrategy-000-489da657-3bc3-44c7-aa5f-5c0d5acf1387,KRAKEN-BACKTEST,KrakenBTCUSDResearchStrategy-000,BTC/USD.KRAKEN,KRAKEN-001,O-20250312-090000-BACKTEST-000-247,O-20250312-092000-BACKTEST-000-248,BUY,FLAT,0.00000000,0.02658175,1741770000000000000,2025-03-12 09:00:00+00:00,1741771200000000000,2025-03-12 09:20:00+00:00,1200000000000,82896.89,82270.84000000001,['17.56 USD'],-0.00755,-34.20 USD,True
BTC/USD.KRAKEN-KrakenBTCUSDResearchStrategy-000-b3ba2c51-3ca3-481a-bce7-43779648f031,KRAKEN-BACKTEST,KrakenBTCUSDResearchStrategy-000,BTC/USD.KRAKEN,KRAKEN-001,O-20250312-115500-BACKTEST-000-249,O-20250312-135000-BACKTEST-000-250,BUY,FLAT,0.00000000,0.02642370,1741780500000000000,2025-03-12 11:55:00+00:00,1741787400000000000,2025-03-12 13:50:00+00:00,6900000000000,83004.45000000001,82717.79,['17.51 USD'],-0.00345,-25.08 USD,True
BTC/USD.KRAKEN-KrakenBTCUSDResearchStrategy-000-c47d2c52-ca45-4834-a301-6e668f05c31d,KRAKEN-BACKTEST,KrakenBTCUSDResearchStrategy-000,BTC/USD.KRAKEN,KRAKEN-001,O-20250312-191000-BACKTEST-000-251,O-20250313-041500-BACKTEST-000-252,BUY,FLAT,0.00000000,0.02636259,1741806600000000000,2025-03-12 19:10:00+00:00,1741839300000000000,2025-03-13 04:15:00+00:00,32700000000000,82911.45,83469.62,['17.54 USD'],0.00673,-2.83 USD,True
BTC/USD.KRAKEN-KrakenBTCUSDResearchStrategy-000-2db3a169-d19a-4e42-96b1-70bb332e6df2,KRAKEN-BACKTEST,KrakenBTCUSDResearchStrategy-000,BTC/USD.KRAKEN,KRAKEN-001,O-20250314-004000-BACKTEST-000-253,O-20250314-141500-BACKTEST-000-254,BUY,FLAT,0.00000000,0.02679648,1741912800000000000,2025-03-14 00:40:00+00:00,1741961700000000000,2025-03-14 14:15:00+00:00,48900000000000,81537.36,82847.99,['17.62 USD'],0.01607,17.50 USD,True
BTC/USD.KRAKEN-KrakenBTCUSDResearchStrategy-000-ed4949d2-fb93-45a9-ba93-f5e8744ac511,KRAKEN-BACKTEST,KrakenBTCUSDResearchStrategy-000,BTC/USD.KRAKEN,KRAKEN-001,O-20250314-152500-BACKTEST-000-255,O-20250314-163000-BACKTEST-000-256,BUY,FLAT,0.00000000,0.02143775,1741965900000000000,2025-03-14 15:25:00+00:00,1741969800000000000,2025-03-14 16:30:00+00:00,3900000000000,84942.85,84126.5,['14.49 USD'],-0.00961,-31.99 USD,True
BTC/USD.KRAKEN-KrakenBTCUSDResearchStrategy-000-7bb2921e-79fa-49f7-8e98-80c85b999af7,KRAKEN-BACKTEST,KrakenBTCUSDResearchStrategy-000,BTC/USD.KRAKEN,KRAKEN-001,O-20250315-031500-BACKTEST-000-257,O-20250315-040000-BACKTEST-000-258,BUY,FLAT,0.00000000,0.02575981,1742008500000000000,2025-03-15 03:15:00+00:00,1742011200000000000,2025-03-15 04:00:00+00:00,2700000000000,84650.0,84446.01,['17.42 USD'],-0.00241,-22.67 USD,True
BTC/USD.KRAKEN-KrakenBTCUSDResearchStrategy-000-c0b7dbad-4700-41f3-b782-62ce9380e49c,KRAKEN-BACKTEST,KrakenBTCUSDResearchStrategy-000,BTC/USD.KRAKEN,KRAKEN-001,O-20250315-124500-BACKTEST-000-259,O-20250315-143000-BACKTEST-000-260,BUY,FLAT,0.00000000,0.02579455,1742042700000000000,2025-03-15 12:45:00+00:00,1742049000000000000,2025-03-15 14:30:00+00:00,6300000000000,84272.19,84145.13,['17.38 USD'],-0.00151,-20.66 USD,True
BTC/USD.KRAKEN-KrakenBTCUSDResearchStrategy-000-57263078-3ea0-4f03-a254-8733cd67f5ac,KRAKEN-BACKTEST,KrakenBTCUSDResearchStrategy-000,BTC/USD.KRAKEN,KRAKEN-001,O-20250317-035000-BACKTEST-000-261,O-20250317-051000-BACKTEST-000-262,BUY,FLAT,0.00000000,0.02591388,1742183400000000000,2025-03-17 03:50:00+00:00,1742188200000000000,2025-03-17 05:10:00+00:00,4800000000000,83645.09000000001,83305.59,['17.31 USD'],-0.00406,-26.11 USD,True
BTC/USD.KRAKEN-KrakenBTCUSDResearchStrategy-000-ef8da699-04c4-41c3-8e70-350efbb564da,KRAKEN-BACKTEST,KrakenBTCUSDResearchStrategy-000,BTC/USD.KRAKEN,KRAKEN-001,O-20250317-172000-BACKTEST-000-263,O-20250317-232000-BACKTEST-000-264,BUY,FLAT,0.00000000,0.02573143,1742232000000000000,2025-03-17 17:20:00+00:00,1742253600000000000,2025-03-17 23:20:00+00:00,21600000000000,83933.77,83969.58,['17.28 USD'],0.00043,-16.36 USD,True
BTC/USD.KRAKEN-KrakenBTCUSDResearchStrategy-000-c80c86c1-d009-409c-8c1c-a68ae04363ed,KRAKEN-BACKTEST,KrakenBTCUSDResearchStrategy-000,BTC/USD.KRAKEN,KRAKEN-001,O-20250318-225000-BACKTEST-000-265,O-20250319-174000-BACKTEST-000-266,BUY,FLAT,0.00000000,0.02611884,1742338200000000000,2025-03-18 22:50:00+00:00,1742406000000000000,2025-03-19 17:40:00+00:00,67800000000000,82500.89,83983.5,['17.39 USD'],0.01797,21.33 USD,True
BTC/USD.KRAKEN-KrakenBTCUSDResearchStrategy-000-e91bf0f6-c136-4484-aa49-5292235fa0d8,KRAKEN-BACKTEST,KrakenBTCUSDResearchStrategy-000,BTC/USD.KRAKEN,KRAKEN-001,O-20250319-185000-BACKTEST-000-267,O-20250320-014000-BACKTEST-000-268,BUY,FLAT,0.00000000,0.02533279,1742410200000000000,2025-03-19 18:50:00+00:00,1742434800000000000,2025-03-20 01:40:00+00:00,24600000000000,85313.42,85759.7,['17.33 USD'],0.00523,-6.02 USD,True
BTC/USD.KRAKEN-KrakenBTCUSDResearchStrategy-000-54230d59-9e4b-4b04-8782-54e90b360b24,KRAKEN-BACKTEST,KrakenBTCUSDResearchStrategy-000,BTC/USD.KRAKEN,KRAKEN-001,O-20250320-084000-BACKTEST-000-269,O-20250320-095000-BACKTEST-000-270,BUY,FLAT,0.00000000,0.02509399,1742460000000000000,2025-03-20 08:40:00+00:00,1742464200000000000,2025-03-20 09:50:00+00:00,4200000000000,86053.17,85857.62,['17.26 USD'],-0.00227,-22.17 USD,True
BTC/USD.KRAKEN-KrakenBTCUSDResearchStrategy-000-785d9888-ca12-4cc1-a7ef-448c24c1babc,KRAKEN-BACKTEST,KrakenBTCUSDResearchStrategy-000,BTC/USD.KRAKEN,KRAKEN-001,O-20250321-014500-BACKTEST-000-271,O-20250321-030500-BACKTEST-000-272,BUY,FLAT,0.00000000,0.02541981,1742521500000000000,2025-03-21 01:45:00+00:00,1742526300000000000,2025-03-21 03:05:00+00:00,4800000000000,84688.54000000001,84479.37999999999,['17.20 USD'],-0.00247,-22.52 USD,True
BTC/USD.KRAKEN-KrakenBTCUSDResearchStrategy-000-712ea605-f093-4762-a93a-9ff28370b7c7,KRAKEN-BACKTEST,KrakenBTCUSDResearchStrategy-000,BTC/USD.KRAKEN,KRAKEN-001,O-20250321-183500-BACKTEST-000-273,O-20250321-185000-BACKTEST-000-274,BUY,FLAT,0.00000000,0.02542893,1742582100000000000,2025-03-21 18:35:00+00:00,1742583000000000000,2025-03-21 18:50:00+00:00,900000000000,84392.49,84108.69,['17.14 USD'],-0.00336,-24.36 USD,True
BTC/USD.KRAKEN-KrakenBTCUSDResearchStrategy-000-392d4cc5-8129-470c-b221-27da64884040,KRAKEN-BACKTEST,KrakenBTCUSDResearchStrategy-000,BTC/USD.KRAKEN,KRAKEN-001,O-20250321-213000-BACKTEST-000-275,O-20250321-215000-BACKTEST-000-276,BUY,FLAT,0.00000000,0.02530721,1742592600000000000,2025-03-21 21:30:00+00:00,1742593800000000000,2025-03-21 21:50:00+00:00,1200000000000,84509.6,84312.45000000001,['17.08 USD'],-0.00233,-22.07 USD,True
BTC/USD.KRAKEN-KrakenBTCUSDResearchStrategy-000-51f2a38e-c131-42c9-aabc-5367bc6b29c2,KRAKEN-BACKTEST,KrakenBTCUSDResearchStrategy-000,BTC/USD.KRAKEN,KRAKEN-001,O-20250322-045500-BACKTEST-000-277,O-20250322-062500-BACKTEST-000-278,BUY,FLAT,0.00000000,0.02527139,1742619300000000000,2025-03-22 04:55:00+00:00,1742624700000000000,2025-03-22 06:25:00+00:00,5400000000000,84367.4,84298.26,['17.05 USD'],-0.00082,-18.80 USD,True
BTC/USD.KRAKEN-KrakenBTCUSDResearchStrategy-000-75a32a4f-561b-47ff-8c15-39868aa4e74e,KRAKEN-BACKTEST,KrakenBTCUSDResearchStrategy-000,BTC/USD.KRAKEN,KRAKEN-001,O-20250322-093500-BACKTEST-000-279,O-20250322-110500-BACKTEST-000-280,BUY,FLAT,0.00000000,0.02517804,1742636100000000000,2025-03-22 09:35:00+00:00,1742641500000000000,2025-03-22 11:05:00+00:00,5400000000000,84456.2,84340.0,['17.00 USD'],-0.00138,-19.93 USD,True
BTC/USD.KRAKEN-KrakenBTCUSDResearchStrategy-000-22c81c75-5da6-4e8a-8ded-7ecbcd8bc8e1,KRAKEN-BACKTEST,KrakenBTCUSDResearchStrategy-000,BTC/USD.KRAKEN,KRAKEN-001,O-20250322-181500-BACKTEST-000-281,O-20250322-182500-BACKTEST-000-282,BUY,FLAT,0.00000000,0.02514936,1742667300000000000,2025-03-22 18:15:00+00:00,1742667900000000000,2025-03-22 18:25:00+00:00,600000000000,84314.9,84196.2,['16.95 USD'],-0.00141,-19.94 USD,True
BTC/USD.KRAKEN-KrakenBTCUSDResearchStrategy-000-87392100-0ec4-46aa-987b-abe5ca447882,KRAKEN-BACKTEST,KrakenBTCUSDResearchStrategy-000,BTC/USD.KRAKEN,KRAKEN-001,O-20250323-023500-BACKTEST-000-283,O-20250323-030000-BACKTEST-000-284,BUY,FLAT,0.00000000,0.02510132,1742697300000000000,2025-03-23 02:35:00+00:00,1742698800000000000,2025-03-23 03:00:00+00:00,1500000000000,84237.93,84150.5,['16.91 USD'],-0.00104,-19.10 USD,True
BTC/USD.KRAKEN-KrakenBTCUSDResearchStrategy-000-a958705f-ca5a-431c-8b2f-8b91c2463308,KRAKEN-BACKTEST,KrakenBTCUSDResearchStrategy-000,BTC/USD.KRAKEN,KRAKEN-001,O-20250323-064500-BACKTEST-000-285,O-20250323-070000-BACKTEST-000-286,BUY,FLAT,0.00000000,0.02502011,1742712300000000000,2025-03-23 06:45:00+00:00,1742713200000000000,2025-03-23 07:00:00+00:00,900000000000,84282.34999999999,84216.98,['16.87 USD'],-0.00078,-18.51 USD,True
BTC/USD.KRAKEN-KrakenBTCUSDResearchStrategy-000-b89d0edd-f19f-4c59-bd36-a245561f7be9,KRAKEN-BACKTEST,KrakenBTCUSDResearchStrategy-000,BTC/USD.KRAKEN,KRAKEN-001,O-20250323-090000-BACKTEST-000-287,O-20250323-095500-BACKTEST-000-288,BUY,FLAT,0.00000000,0.02492838,1742720400000000000,2025-03-23 09:00:00+00:00,1742723700000000000,2025-03-23 09:55:00+00:00,3300000000000,84369.83,84325.66,['16.82 USD'],-0.00052,-17.92 USD,True
BTC/USD.KRAKEN-KrakenBTCUSDResearchStrategy-000-2fed2a76-d209-4cda-80ed-baefbff14b91,KRAKEN-BACKTEST,KrakenBTCUSDResearchStrategy-000,BTC/USD.KRAKEN,KRAKEN-001,O-20250323-104000-BACKTEST-000-289,O-20250323-104500-BACKTEST-000-290,BUY,FLAT,0.00000000,0.02482636,1742726400000000000,2025-03-23 10:40:00+00:00,1742726700000000000,2025-03-23 10:45:00+00:00,300000000000,84499.99,84439.34,['16.78 USD'],-0.00072,-18.29 USD,True
BTC/USD.KRAKEN-KrakenBTCUSDResearchStrategy-000-ac341b87-9707-4801-9e4c-9577a6859c2b,KRAKEN-BACKTEST,KrakenBTCUSDResearchStrategy-000,BTC/USD.KRAKEN,KRAKEN-001,O-20250323-133000-BACKTEST-000-291,O-20250323-133500-BACKTEST-000-292,BUY,FLAT,0.00000000,0.02460396,1742736600000000000,2025-03-23 13:30:00+00:00,1742736900000000000,2025-03-23 13:35:00+00:00,300000000000,85040.81,84885.88,['16.72 USD'],-0.00182,-20.53 USD,True
BTC/USD.KRAKEN-KrakenBTCUSDResearchStrategy-000-98c25b81-1b49-4385-8c44-f668d9c008ce,KRAKEN-BACKTEST,KrakenBTCUSDResearchStrategy-000,BTC/USD.KRAKEN,KRAKEN-001,O-20250323-161000-BACKTEST-000-293,O-20250323-163000-BACKTEST-000-294,BUY,FLAT,0.00000000,0.02445484,1742746200000000000,2025-03-23 16:10:00+00:00,1742747400000000000,2025-03-23 16:30:00+00:00,1200000000000,85307.52,85039.96,['16.66 USD'],-0.00314,-23.20 USD,True
BTC/USD.KRAKEN-KrakenBTCUSDResearchStrategy-000-c5a51bbe-d78a-48b1-b09b-6696488c4f15,KRAKEN-BACKTEST,KrakenBTCUSDResearchStrategy-000,BTC/USD.KRAKEN,KRAKEN-001,O-20250323-220500-BACKTEST-000-295,O-20250324-204000-BACKTEST-000-296,BUY,FLAT,0.00000000,0.02435146,1742767500000000000,2025-03-23 22:05:00+00:00,1742848800000000000,2025-03-24 20:40:00+00:00,81300000000000,85383.84,87923.92,['16.88 USD'],0.02975,44.97 USD,True
BTC/USD.KRAKEN-KrakenBTCUSDResearchStrategy-000-379dedab-3190-4766-99fe-e9d2cd533394,KRAKEN-BACKTEST,KrakenBTCUSDResearchStrategy-000,BTC/USD.KRAKEN,KRAKEN-001,O-20250325-113000-BACKTEST-000-297,O-20250325-123500-BACKTEST-000-298,BUY,FLAT,0.00000000,0.02395015,1742902200000000000,2025-03-25 11:30:00+00:00,1742906100000000000,2025-03-25 12:35:00+00:00,3900000000000,87377.97,87078.93000000001,['16.71 USD'],-0.00342,-23.87 USD,True
BTC/USD.KRAKEN-KrakenBTCUSDResearchStrategy-000-ec75aebf-96c7-4693-b0c2-69f7dfe5a286,KRAKEN-BACKTEST,KrakenBTCUSDResearchStrategy-000,BTC/USD.KRAKEN,KRAKEN-001,O-20250325-144000-BACKTEST-000-299,O-20250325-163000-BACKTEST-000-300,BUY,FLAT,0.00000000,0.02365846,1742913600000000000,2025-03-25 14:40:00+00:00,1742920200000000000,2025-03-25 16:30:00+00:00,6600000000000,88152.47,87738.06,['16.64 USD'],-0.0047,-26.44 USD,True
BTC/USD.KRAKEN-KrakenBTCUSDResearchStrategy-000-5fe3d4f3-21b0-4556-8b8a-f11046d9b225,KRAKEN-BACKTEST,KrakenBTCUSDResearchStrategy-000,BTC/USD.KRAKEN,KRAKEN-001,O-20250325-200500-BACKTEST-000-301,O-20250325-203500-BACKTEST-000-302,BUY,FLAT,0.00000000,0.02348988,1742933100000000000,2025-03-25 20:05:00+00:00,1742934900000000000,2025-03-25 20:35:00+00:00,1800000000000,88447.45,88042.01,['16.58 USD'],-0.00458,-26.10 USD,True
BTC/USD.KRAKEN-KrakenBTCUSDResearchStrategy-000-f539f22f-7235-4c9e-ae8c-d61df14005b3,KRAKEN-BACKTEST,KrakenBTCUSDResearchStrategy-000,BTC/USD.KRAKEN,KRAKEN-001,O-20250326-065000-BACKTEST-000-303,O-20250326-120500-BACKTEST-000-304,BUY,FLAT,0.00000000,0.02356072,1742971800000000000,2025-03-26 06:50:00+00:00,1742990700000000000,2025-03-26 12:05:00+00:00,18900000000000,87849.15999999999,87871.39,['16.56 USD'],0.00025,-16.04 USD,True
BTC/USD.KRAKEN-KrakenBTCUSDResearchStrategy-000-2453b894-d6a9-407d-b721-9c5375042a70,KRAKEN-BACKTEST,KrakenBTCUSDResearchStrategy-000,BTC/USD.KRAKEN,KRAKEN-001,O-20250327-014500-BACKTEST-000-305,O-20250327-055000-BACKTEST-000-306,BUY,FLAT,0.00000000,0.02360684,1743039900000000000,2025-03-27 01:45:00+00:00,1743054600000000000,2025-03-27 05:50:00+00:00,14700000000000,87473.68,87278.47,['16.50 USD'],-0.00223,-21.11 USD,True
BTC/USD.KRAKEN-KrakenBTCUSDResearchStrategy-000-a1dc09a8-f86d-44c0-babc-29b389c5521b,KRAKEN-BACKTEST,KrakenBTCUSDResearchStrategy-000,BTC/USD.KRAKEN,KRAKEN-001,O-20250327-213000-BACKTEST-000-307,O-20250327-220500-BACKTEST-000-308,BUY,FLAT,0.00000000,0.02347488,1743111000000000000,2025-03-27 21:30:00+00:00,1743113100000000000,2025-03-27 22:05:00+00:00,2100000000000,87695.65000000001,87413.98000000001,['16.44 USD'],-0.00321,-23.05 USD,True
BTC/USD.KRAKEN-KrakenBTCUSDResearchStrategy-000-2f2e3159-e3b9-4d49-8c99-8d3eb905f45f,KRAKEN-BACKTEST,KrakenBTCUSDResearchStrategy-000,BTC/USD.KRAKEN,KRAKEN-001,O-20250328-230000-BACKTEST-000-309,O-20250328-231000-BACKTEST-000-310,BUY,FLAT,0.00000000,0.02427615,1743202800000000000,2025-03-28 23:00:00+00:00,1743203400000000000,2025-03-28 23:10:00+00:00,600000000000,84516.26999999999,84318.39,['16.40 USD'],-0.00234,-21.20 USD,True
BTC/USD.KRAKEN-KrakenBTCUSDResearchStrategy-000-a4ac90d1-0c03-426e-96ce-40fa7a682429,KRAKEN-BACKTEST,KrakenBTCUSDResearchStrategy-000,BTC/USD.KRAKEN,KRAKEN-001,O-20250330-004500-BACKTEST-000-311,O-20250330-055500-BACKTEST-000-312,BUY,FLAT,0.00000000,0.02470074,1743295500000000000,2025-03-30 00:45:00+00:00,1743314100000000000,2025-03-30 05:55:00+00:00,18600000000000,82806.0,82958.3,['16.38 USD'],0.00184,-12.62 USD,True
BTC/USD.KRAKEN-KrakenBTCUSDResearchStrategy-000-da802fd9-dc97-41de-a38a-e8b7d8540834,KRAKEN-BACKTEST,KrakenBTCUSDResearchStrategy-000,BTC/USD.KRAKEN,KRAKEN-001,O-20250330-085000-BACKTEST-000-313,O-20250330-102000-BACKTEST-000-314,BUY,FLAT,0.00000000,0.02448674,1743324600000000000,2025-03-30 08:50:00+00:00,1743330000000000000,2025-03-30 10:20:00+00:00,5400000000000,83375.05,83186.96,['16.32 USD'],-0.00226,-20.93 USD,True
BTC/USD.KRAKEN-KrakenBTCUSDResearchStrategy-000-3536aa59-777a-48bf-b310-d0282459e737,KRAKEN-BACKTEST,KrakenBTCUSDResearchStrategy-000,BTC/USD.KRAKEN,KRAKEN-001,O-20250331-124000-BACKTEST-000-315,O-20250331-133000-BACKTEST-000-316,BUY,FLAT,0.00000000,0.02467299,1743424800000000000,2025-03-31 12:40:00+00:00,1743427800000000000,2025-03-31 13:30:00+00:00,3000000000000,82491.32,81929.06999999999,['16.23 USD'],-0.00682,-30.10 USD,True
BTC/USD.KRAKEN-KrakenBTCUSDResearchStrategy-000-4efe3426-577b-496c-8ef2-5b11af99e829,KRAKEN-BACKTEST,KrakenBTCUSDResearchStrategy-000,BTC/USD.KRAKEN,KRAKEN-001,O-20250331-141000-BACKTEST-000-317,O-20250331-174000-BACKTEST-000-318,BUY,FLAT,0.00000000,0.02431383,1743430200000000000,2025-03-31 14:10:00+00:00,1743442800000000000,2025-03-31 17:40:00+00:00,12600000000000,83338.48,82807.31,['16.16 USD'],-0.00637,-29.07 USD,True
BTC/USD.KRAKEN-KrakenBTCUSDResearchStrategy-000-02b33993-b411-4003-8b8a-f4b5169ed149,KRAKEN-BACKTEST,KrakenBTCUSDResearchStrategy-000,BTC/USD.KRAKEN,KRAKEN-001,O-20250401-030000-BACKTEST-000-319,O-20250401-040500-BACKTEST-000-320,BUY,FLAT,0.00000000,0.02426308,1743476400000000000,2025-04-01 03:00:00+00:00,1743480300000000000,2025-04-01 04:05:00+00:00,3900000000000,83153.23,82908.24,['16.12 USD'],-0.00295,-22.06 USD,True
BTC/USD.KRAKEN-KrakenBTCUSDResearchStrategy-000-d89e14f2-6d7d-4d27-829e-a8af706aa5ad,KRAKEN-BACKTEST,KrakenBTCUSDResearchStrategy-000,BTC/USD.KRAKEN,KRAKEN-001,O-20250401-051500-BACKTEST-000-321,O-20250401-054500-BACKTEST-000-322,BUY,FLAT,0.00000000,0.02414072,1743484500000000000,2025-04-01 05:15:00+00:00,1743486300000000000,2025-04-01 05:45:00+00:00,1800000000000,83300.56999999999,83128.4,['16.07 USD'],-0.00207,-20.23 USD,True
BTC/USD.KRAKEN-KrakenBTCUSDResearchStrategy-000-df658960-406d-4488-9bbe-ead41d28217a,KRAKEN-BACKTEST,KrakenBTCUSDResearchStrategy-000,BTC/USD.KRAKEN,KRAKEN-001,O-20250401-064000-BACKTEST-000-323,O-20250401-124000-BACKTEST-000-324,BUY,FLAT,0.00000000,0.02405171,1743489600000000000,2025-04-01 06:40:00+00:00,1743511200000000000,2025-04-01 12:40:00+00:00,21600000000000,83356.5,83749.99,['16.08 USD'],0.00472,-6.62 USD,True
BTC/USD.KRAKEN-KrakenBTCUSDResearchStrategy-000-5fcc005a-06e2-41e2-8de9-656ad70b3e3c,KRAKEN-BACKTEST,KrakenBTCUSDResearchStrategy-000,BTC/USD.KRAKEN,KRAKEN-001,O-20250401-151000-BACKTEST-000-325,O-20250402-005000-BACKTEST-000-326,BUY,FLAT,0.00000000,0.02358939,1743520200000000000,2025-04-01 15:10:00+00:00,1743555000000000000,2025-04-02 00:50:00+00:00,34800000000000,84906.0,84970.61,['16.03 USD'],0.00076,-14.51 USD,True
BTC/USD.KRAKEN-KrakenBTCUSDResearchStrategy-000-2b59c7d5-66ea-47b1-967e-6615de410fb9,KRAKEN-BACKTEST,KrakenBTCUSDResearchStrategy-000,BTC/USD.KRAKEN,KRAKEN-001,O-20250402-091000-BACKTEST-000-327,O-20250402-092000-BACKTEST-000-328,BUY,FLAT,0.00000000,0.02342615,1743585000000000000,2025-04-02 09:10:00+00:00,1743585600000000000,2025-04-02 09:20:00+00:00,600000000000,85311.84,84969.70999999999,['15.95 USD'],-0.00401,-23.96 USD,True
BTC/USD.KRAKEN-KrakenBTCUSDResearchStrategy-000-5ac478e9-ea80-463a-9964-7353a92fa6b4,KRAKEN-BACKTEST,KrakenBTCUSDResearchStrategy-000,BTC/USD.KRAKEN,KRAKEN-001,O-20250402-134500-BACKTEST-000-329,O-20250402-135500-BACKTEST-000-330,BUY,FLAT,0.00000000,0.02312786,1743601500000000000,2025-04-02 13:45:00+00:00,1743602100000000000,2025-04-02 13:55:00+00:00,600000000000,86101.2,85215.82,['15.85 USD'],-0.01028,-36.33 USD,True
BTC/USD.KRAKEN-KrakenBTCUSDResearchStrategy-000-73bb6af0-b0ab-4c2d-8fc3-c12bdafe2fab,KRAKEN-BACKTEST,KrakenBTCUSDResearchStrategy-000,BTC/USD.KRAKEN,KRAKEN-001,O-20250402-150500-BACKTEST-000-331,O-20250402-202500-BACKTEST-000-332,BUY,FLAT,0.00000000,0.02291798,1743606300000000000,2025-04-02 15:05:00+00:00,1743625500000000000,2025-04-02 20:25:00+00:00,19200000000000,86414.13,85892.64,['15.79 USD'],-0.00603,-27.74 USD,True
BTC/USD.KRAKEN-KrakenBTCUSDResearchStrategy-000-50908c85-589a-4e52-86d3-12202bf0f6a9,KRAKEN-BACKTEST,KrakenBTCUSDResearchStrategy-000,BTC/USD.KRAKEN,KRAKEN-001,O-20250403-214500-BACKTEST-000-333,O-20250404-015500-BACKTEST-000-334,BUY,FLAT,0.00000000,0.02387867,1743716700000000000,2025-04-03 21:45:00+00:00,1743731700000000000,2025-04-04 01:55:00+00:00,15000000000000,82588.98999999999,82695.91,['15.79 USD'],0.00129,-13.24 USD,True
BTC/USD.KRAKEN-KrakenBTCUSDResearchStrategy-000-649a43c2-ab26-4104-a10a-24e0638a5788,KRAKEN-BACKTEST,KrakenBTCUSDResearchStrategy-000,BTC/USD.KRAKEN,KRAKEN-001,O-20250404-062500-BACKTEST-000-335,O-20250404-064000-BACKTEST-000-336,BUY,FLAT,0.00000000,0.02364018,1743747900000000000,2025-04-04 06:25:00+00:00,1743748800000000000,2025-04-04 06:40:00+00:00,900000000000,83254.18,83071.99,['15.73 USD'],-0.00219,-20.04 USD,True
BTC/USD.KRAKEN-KrakenBTCUSDResearchStrategy-000-78a5af84-3ade-44ef-aad4-b68930b1a7f2,KRAKEN-BACKTEST,KrakenBTCUSDResearchStrategy-000,BTC/USD.KRAKEN,KRAKEN-001,O-20250404-074000-BACKTEST-000-337,O-20250404-101500-BACKTEST-000-338,BUY,FLAT,0.00000000,0.02343687,1743752400000000000,2025-04-04 07:40:00+00:00,1743761700000000000,2025-04-04 10:15:00+00:00,9300000000000,83720.01,83602.41,['15.69 USD'],-0.0014,-18.45 USD,True
BTC/USD.KRAKEN-KrakenBTCUSDResearchStrategy-000-469cad2e-d220-4d8e-a182-349da74d127f,KRAKEN-BACKTEST,KrakenBTCUSDResearchStrategy-000,BTC/USD.KRAKEN,KRAKEN-001,O-20250404-173500-BACKTEST-000-339,O-20250404-201500-BACKTEST-000-340,BUY,FLAT,0.00000000,0.02324540,1743788100000000000,2025-04-04 17:35:00+00:00,1743797700000000000,2025-04-04 20:15:00+00:00,9600000000000,84171.62,83533.41,['15.60 USD'],-0.00758,-30.44 USD,True
BTC/USD.KRAKEN-KrakenBTCUSDResearchStrategy-000-52a480b9-2de0-4db8-86ff-dc89ff6cb1e1,KRAKEN-BACKTEST,KrakenBTCUSDResearchStrategy-000,BTC/USD.KRAKEN,KRAKEN-001,O-20250405-230500-BACKTEST-000-341,O-20250406-025000-BACKTEST-000-342,BUY,FLAT,0.00000000,0.02339534,1743894300000000000,2025-04-05 23:05:00+00:00,1743907800000000000,2025-04-06 02:50:00+00:00,13500000000000,83241.95,83281.08,['15.58 USD'],0.00047,-14.66 USD,True
BTC/USD.KRAKEN-KrakenBTCUSDResearchStrategy-000-ba36d9bf-ca7f-4ff8-9bca-0233f0174ae4,KRAKEN-BACKTEST,KrakenBTCUSDResearchStrategy-000,BTC/USD.KRAKEN,KRAKEN-001,O-20250407-135500-BACKTEST-000-343,O-20250407-165500-BACKTEST-000-344,BUY,FLAT,0.00000000,0.01695255,1744034100000000000,2025-04-07 13:55:00+00:00,1744044900000000000,2025-04-07 16:55:00+00:00,10800000000000,78365.47,77434.01,['10.56 USD'],-0.01189,-26.35 USD,True
BTC/USD.KRAKEN-KrakenBTCUSDResearchStrategy-000-fed8464e-5a7c-47bd-8205-c19bb4943ca3,KRAKEN-BACKTEST,KrakenBTCUSDResearchStrategy-000,BTC/USD.KRAKEN,KRAKEN-001,O-20250407-215000-BACKTEST-000-345,O-20250408-005500-BACKTEST-000-346,BUY,FLAT,0.00000000,0.02434512,1744062600000000000,2025-04-07 21:50:00+00:00,1744073700000000000,2025-04-08 00:55:00+00:00,11100000000000,79489.04,79020.04,['15.44 USD'],-0.0059,-26.86 USD,True
BTC/USD.KRAKEN-KrakenBTCUSDResearchStrategy-000-d6024761-5411-4a4e-8260-df702eacf66e,KRAKEN-BACKTEST,KrakenBTCUSDResearchStrategy-000,BTC/USD.KRAKEN,KRAKEN-001,O-20250408-115500-BACKTEST-000-347,O-20250408-142000-BACKTEST-000-348,BUY,FLAT,0.00000000,0.02409433,1744113300000000000,2025-04-08 11:55:00+00:00,1744122000000000000,2025-04-08 14:20:00+00:00,8700000000000,79982.0,79581.91,['15.38 USD'],-0.005,-25.02 USD,True
BTC/USD.KRAKEN-KrakenBTCUSDResearchStrategy-000-8d02771c-515a-47f9-86b9-449cab1b223c,KRAKEN-BACKTEST,KrakenBTCUSDResearchStrategy-000,BTC/USD.KRAKEN,KRAKEN-001,O-20250409-061000-BACKTEST-000-349,O-20250409-065500-BACKTEST-000-350,BUY,FLAT,0.00000000,0.02483816,1744179000000000000,2025-04-09 06:10:00+00:00,1744181700000000000,2025-04-09 06:55:00+00:00,2700000000000,77284.56,76829.02,['15.31 USD'],-0.00589,-26.62 USD,True
BTC/USD.KRAKEN-KrakenBTCUSDResearchStrategy-000-00f26408-bceb-4616-98e2-3b0027215824,KRAKEN-BACKTEST,KrakenBTCUSDResearchStrategy-000,BTC/USD.KRAKEN,KRAKEN-001,O-20250409-073000-BACKTEST-000-351,O-20250409-082500-BACKTEST-000-352,BUY,FLAT,0.00000000,0.02454897,1744183800000000000,2025-04-09 07:30:00+00:00,1744187100000000000,2025-04-09 08:25:00+00:00,3300000000000,77869.57,77312.90999999999,['15.24 USD'],-0.00715,-28.91 USD,True
BTC/USD.KRAKEN-KrakenBTCUSDResearchStrategy-000-bee8f619-f3b8-43ab-9190-0e0bfae44fe5,KRAKEN-BACKTEST,KrakenBTCUSDResearchStrategy-000,BTC/USD.KRAKEN,KRAKEN-001,O-20250409-140000-BACKTEST-000-353,O-20250409-145000-BACKTEST-000-354,BUY,FLAT,0.00000000,0.02206254,1744207200000000000,2025-04-09 14:00:00+00:00,1744210200000000000,2025-04-09 14:50:00+00:00,3000000000000,78097.84999999999,77215.4,['13.70 USD'],-0.0113,-33.17 USD,True
BTC/USD.KRAKEN-KrakenBTCUSDResearchStrategy-000-4d11b033-02b5-4991-87d3-330d5b07d8c7,KRAKEN-BACKTEST,KrakenBTCUSDResearchStrategy-000,BTC/USD.KRAKEN,KRAKEN-001,O-20250409-170000-BACKTEST-000-355,O-20250410-030500-BACKTEST-000-356,BUY,FLAT,0.00000000,0.02403973,1744218000000000000,2025-04-09 17:00:00+00:00,1744254300000000000,2025-04-10 03:05:00+00:00,36300000000000,78744.39,81980.0,['15.45 USD'],0.04109,62.33 USD,True
BTC/USD.KRAKEN-KrakenBTCUSDResearchStrategy-000-ccd58b7f-1304-4eb1-85d4-6707475d9488,KRAKEN-BACKTEST,KrakenBTCUSDResearchStrategy-000,BTC/USD.KRAKEN,KRAKEN-001,O-20250411-022000-BACKTEST-000-357,O-20250411-142000-BACKTEST-000-358,BUY,FLAT,0.00000000,0.02372623,1744338000000000000,2025-04-11 02:20:00+00:00,1744381200000000000,2025-04-11 14:20:00+00:00,43200000000000,80573.1,81754.16,['15.41 USD'],0.01466,12.61 USD,True
BTC/USD.KRAKEN-KrakenBTCUSDResearchStrategy-000-94b23f4a-9307-45fb-ba6b-0ecade99524a,KRAKEN-BACKTEST,KrakenBTCUSDResearchStrategy-000,BTC/USD.KRAKEN,KRAKEN-001,O-20250411-173500-BACKTEST-000-359,O-20250411-221500-BACKTEST-000-360,BUY,FLAT,0.00000000,0.02285774,1744392900000000000,2025-04-11 17:35:00+00:00,1744409700000000000,2025-04-11 22:15:00+00:00,16800000000000,83800.0,83467.99,['15.29 USD'],-0.00396,-22.88 USD,True
BTC/USD.KRAKEN-KrakenBTCUSDResearchStrategy-000-ea47230c-bc78-43ba-8dc7-5aa07e12c140,KRAKEN-BACKTEST,KrakenBTCUSDResearchStrategy-000,BTC/USD.KRAKEN,KRAKEN-001,O-20250412-060500-BACKTEST-000-361,O-20250412-092500-BACKTEST-000-362,BUY,FLAT,0.00000000,0.02285397,1744437900000000000,2025-04-12 06:05:00+00:00,1744449900000000000,2025-04-12 09:25:00+00:00,12000000000000,83513.49,83450.01,['15.26 USD'],-0.00076,-16.71 USD,True
BTC/USD.KRAKEN-KrakenBTCUSDResearchStrategy-000-1386baa4-7c50-45b2-b903-6c96d3963333,KRAKEN-BACKTEST,KrakenBTCUSDResearchStrategy-000,BTC/USD.KRAKEN,KRAKEN-001,O-20250412-130500-BACKTEST-000-363,O-20250412-132000-BACKTEST-000-364,BUY,FLAT,0.00000000,0.02265766,1744463100000000000,2025-04-12 13:05:00+00:00,1744464000000000000,2025-04-12 13:20:00+00:00,900000000000,84015.82,83669.82,['15.19 USD'],-0.00412,-23.03 USD,True
BTC/USD.KRAKEN-KrakenBTCUSDResearchStrategy-000-543a30ba-8de4-4c29-989e-435252527f6a,KRAKEN-BACKTEST,KrakenBTCUSDResearchStrategy-000,BTC/USD.KRAKEN,KRAKEN-001,O-20250412-142000-BACKTEST-000-365,O-20250412-170500-BACKTEST-000-366,BUY,FLAT,0.00000000,0.02234166,1744467600000000000,2025-04-12 14:20:00+00:00,1744477500000000000,2025-04-12 17:05:00+00:00,9900000000000,84894.9,84550.0,['15.15 USD'],-0.00406,-22.86 USD,True
BTC/USD.KRAKEN-KrakenBTCUSDResearchStrategy-000-c88fdf27-065f-4fd4-94f5-1d2b64f4081e,KRAKEN-BACKTEST,KrakenBTCUSDResearchStrategy-000,BTC/USD.KRAKEN,KRAKEN-001,O-20250412-203000-BACKTEST-000-367,O-20250412-231000-BACKTEST-000-368,BUY,FLAT,0.00000000,0.02210146,1744489800000000000,2025-04-12 20:30:00+00:00,1744499400000000000,2025-04-12 23:10:00+00:00,9600000000000,85507.36,85253.54,['15.10 USD'],-0.00297,-20.71 USD,True
BTC/USD.KRAKEN-KrakenBTCUSDResearchStrategy-000-96ab1c2c-a0c6-4a17-b1f0-9a4ac584942e,KRAKEN-BACKTEST,KrakenBTCUSDResearchStrategy-000,BTC/USD.KRAKEN,KRAKEN-001,O-20250414-023000-BACKTEST-000-369,O-20250414-031000-BACKTEST-000-370,BUY,FLAT,0.00000000,0.02208000,1744597800000000000,2025-04-14 02:30:00+00:00,1744600200000000000,2025-04-14 03:10:00+00:00,2400000000000,85309.06999999999,84777.42,['15.02 USD'],-0.00623,-26.76 USD,True
BTC/USD.KRAKEN-KrakenBTCUSDResearchStrategy-000-3202d7d8-1e34-4a06-ab0b-b6963c402a48,KRAKEN-BACKTEST,KrakenBTCUSDResearchStrategy-000,BTC/USD.KRAKEN,KRAKEN-001,O-20250414-123500-BACKTEST-000-371,O-20250414-133000-BACKTEST-000-372,BUY,FLAT,0.00000000,0.02202247,1744634100000000000,2025-04-14 12:35:00+00:00,1744637400000000000,2025-04-14 13:30:00+00:00,3300000000000,85167.52,84713.65000000001,['14.96 USD'],-0.00533,-24.96 USD,True
BTC/USD.KRAKEN-KrakenBTCUSDResearchStrategy-000-3df8f7c9-57bb-412f-adaa-9440cba9d945,KRAKEN-BACKTEST,KrakenBTCUSDResearchStrategy-000,BTC/USD.KRAKEN,KRAKEN-001,O-20250414-143500-BACKTEST-000-373,O-20250414-150000-BACKTEST-000-374,BUY,FLAT,0.00000000,0.02182565,1744641300000000000,2025-04-14 14:35:00+00:00,1744642800000000000,2025-04-14 15:00:00+00:00,1500000000000,85592.48,84801.88,['14.87 USD'],-0.00924,-32.13 USD,True
BTC/USD.KRAKEN-KrakenBTCUSDResearchStrategy-000-86ec8364-1a05-413a-84d7-82db027fcd34,KRAKEN-BACKTEST,KrakenBTCUSDResearchStrategy-000,BTC/USD.KRAKEN,KRAKEN-001,O-20250415-013000-BACKTEST-000-375,O-20250415-103500-BACKTEST-000-376,BUY,FLAT,0.00000000,0.02185671,1744680600000000000,2025-04-15 01:30:00+00:00,1744713300000000000,2025-04-15 10:35:00+00:00,32700000000000,85029.99,85533.64,['14.91 USD'],0.00592,-3.90 USD,True
BTC/USD.KRAKEN-KrakenBTCUSDResearchStrategy-000-3e9a59c5-ba1e-4e0d-bf4f-594bba2404f8,KRAKEN-BACKTEST,KrakenBTCUSDResearchStrategy-000,BTC/USD.KRAKEN,KRAKEN-001,O-20250415-133500-BACKTEST-000-377,O-20250415-135500-BACKTEST-000-378,BUY,FLAT,0.00000000,0.02157641,1744724100000000000,2025-04-15 13:35:00+00:00,1744725300000000000,2025-04-15 13:55:00+00:00,1200000000000,86080.23,85589.44,['14.82 USD'],-0.0057,-25.41 USD,True
BTC/USD.KRAKEN-KrakenBTCUSDResearchStrategy-000-2d038b51-d907-4801-837b-f5f33415c41c,KRAKEN-BACKTEST,KrakenBTCUSDResearchStrategy-000,BTC/USD.KRAKEN,KRAKEN-001,O-20250416-114500-BACKTEST-000-379,O-20250416-124500-BACKTEST-000-380,BUY,FLAT,0.00000000,0.02198899,1744803900000000000,2025-04-16 11:45:00+00:00,1744807500000000000,2025-04-16 12:45:00+00:00,3600000000000,84118.43999999999,83813.34,['14.77 USD'],-0.00363,-21.48 USD,True
BTC/USD.KRAKEN-KrakenBTCUSDResearchStrategy-000-a1c96589-f4c0-4a6a-ba44-9086b9c6c11c,KRAKEN-BACKTEST,KrakenBTCUSDResearchStrategy-000,BTC/USD.KRAKEN,KRAKEN-001,O-20250416-142000-BACKTEST-000-381,O-20250416-174000-BACKTEST-000-382,BUY,FLAT,0.00000000,0.02183526,1744813200000000000,2025-04-16 14:20:00+00:00,1744825200000000000,2025-04-16 17:40:00+00:00,12000000000000,84415.54999999999,84345.99,['14.74 USD'],-0.00082,-16.26 USD,True
BTC/USD.KRAKEN-KrakenBTCUSDResearchStrategy-000-ed489f85-bc4b-4e63-9f77-7ed84819df12,KRAKEN-BACKTEST,KrakenBTCUSDResearchStrategy-000,BTC/USD.KRAKEN,KRAKEN-001,O-20250417-062500-BACKTEST-000-383,O-20250417-090000-BACKTEST-000-384,BUY,FLAT,0.00000000,0.02172897,1744871100000000000,2025-04-17 06:25:00+00:00,1744880400000000000,2025-04-17 09:00:00+00:00,9300000000000,84604.0,84362.88,['14.68 USD'],-0.00285,-19.92 USD,True
BTC/USD.KRAKEN-KrakenBTCUSDResearchStrategy-000-337abb20-c458-42e2-bc81-f3d82b0ebe9d,KRAKEN-BACKTEST,KrakenBTCUSDResearchStrategy-000,BTC/USD.KRAKEN,KRAKEN-001,O-20250417-162000-BACKTEST-000-385,O-20250417-192500-BACKTEST-000-386,BUY,FLAT,0.00000000,0.02158129,1744906800000000000,2025-04-17 16:20:00+00:00,1744917900000000000,2025-04-17 19:25:00+00:00,11100000000000,84906.01999999999,84695.66,['14.64 USD'],-0.00248,-19.18 USD,True
BTC/USD.KRAKEN-KrakenBTCUSDResearchStrategy-000-fcf4c5ae-da9d-4628-8982-f9932d407284,KRAKEN-BACKTEST,KrakenBTCUSDResearchStrategy-000,BTC/USD.KRAKEN,KRAKEN-001,O-20250419-030000-BACKTEST-000-387,O-20250419-154500-BACKTEST-000-388,BUY,FLAT,0.00000000,0.02152902,1745031600000000000,2025-04-19 03:00:00+00:00,1745077500000000000,2025-04-19 15:45:00+00:00,45900000000000,84844.89,85170.51,['14.64 USD'],0.00384,-7.63 USD,True
BTC/USD.KRAKEN-KrakenBTCUSDResearchStrategy-000-4e39cc2d-7973-4b4a-9b77-f65ef2a14c4f,KRAKEN-BACKTEST,KrakenBTCUSDResearchStrategy-000,BTC/USD.KRAKEN,KRAKEN-001,O-20250419-211500-BACKTEST-000-389,O-20250419-222000-BACKTEST-000-390,BUY,FLAT,0.00000000,0.02137804,1745097300000000000,2025-04-19 21:15:00+00:00,1745101200000000000,2025-04-19 22:20:00+00:00,3900000000000,85337.05,85241.1,['14.59 USD'],-0.00112,-16.64 USD,True
BTC/USD.KRAKEN-KrakenBTCUSDResearchStrategy-000-72c3bf29-e7a8-4a49-92e6-715f9aea8857,KRAKEN-BACKTEST,KrakenBTCUSDResearchStrategy-000,BTC/USD.KRAKEN,KRAKEN-001,O-20250420-194500-BACKTEST-000-391,O-20250420-222000-BACKTEST-000-392,BUY,FLAT,0.00000000,0.02149571,1745178300000000000,2025-04-20 19:45:00+00:00,1745187600000000000,2025-04-20 22:20:00+00:00,9300000000000,84637.66,84677.15999999999,['14.56 USD'],0.00047,-13.71 USD,True
BTC/USD.KRAKEN-KrakenBTCUSDResearchStrategy-000-a12e8618-8291-4622-b277-08d4fc510a82,KRAKEN-BACKTEST,KrakenBTCUSDResearchStrategy-000,BTC/USD.KRAKEN,KRAKEN-001,O-20250421-001000-BACKTEST-000-393,O-20250421-111000-BACKTEST-000-394,BUY,FLAT,0.00000000,0.02127286,1745194200000000000,2025-04-21 00:10:00+00:00,1745233800000000000,2025-04-21 11:10:00+00:00,39600000000000,85330.97,87148.8,['14.68 USD'],0.0213,23.99 USD,True
BTC/USD.KRAKEN-KrakenBTCUSDResearchStrategy-000-a094cedd-7abf-47d3-aa7d-16eeacb31450,KRAKEN-BACKTEST,KrakenBTCUSDResearchStrategy-000,BTC/USD.KRAKEN,KRAKEN-001,O-20250421-141000-BACKTEST-000-395,O-20250421-164500-BACKTEST-000-396,BUY,FLAT,0.00000000,0.02078668,1745244600000000000,2025-04-21 14:10:00+00:00,1745253900000000000,2025-04-21 16:45:00+00:00,9300000000000,87673.01000000001,87489.26000000001,['14.56 USD'],-0.0021,-18.38 USD,True
BTC/USD.KRAKEN-KrakenBTCUSDResearchStrategy-000-70229ce8-145e-44da-a2ff-cf977df0f982,KRAKEN-BACKTEST,KrakenBTCUSDResearchStrategy-000,BTC/USD.KRAKEN,KRAKEN-001,O-20250422-011000-BACKTEST-000-397,O-20250423-100500-BACKTEST-000-398,BUY,FLAT,0.00000000,0.02069954,1745284200000000000,2025-04-22 01:10:00+00:00,1745402700000000000,2025-04-23 10:05:00+00:00,118500000000000,87775.69,93521.73000000001,['15.01 USD'],0.06546,103.93 USD,True
BTC/USD.KRAKEN-KrakenBTCUSDResearchStrategy-000-b9d064e7-9763-4d45-a7f0-678c54c904e7,KRAKEN-BACKTEST,KrakenBTCUSDResearchStrategy-000,BTC/USD.KRAKEN,KRAKEN-001,O-20250424-133000-BACKTEST-000-399,O-20250424-134500-BACKTEST-000-400,BUY,FLAT,0.00000000,0.01988787,1745501400000000000,2025-04-24 13:30:00+00:00,1745502300000000000,2025-04-24 13:45:00+00:00,900000000000,92925.78,92636.49,['14.76 USD'],-0.00311,-20.51 USD,True
BTC/USD.KRAKEN-KrakenBTCUSDResearchStrategy-000-12990b1e-96c6-468e-92f5-d9a8408158b3,KRAKEN-BACKTEST,KrakenBTCUSDResearchStrategy-000,BTC/USD.KRAKEN,KRAKEN-001,O-20250424-161000-BACKTEST-000-401,O-20250424-170500-BACKTEST-000-402,BUY,FLAT,0.00000000,0.01970822,1745511000000000000,2025-04-24 16:10:00+00:00,1745514300000000000,2025-04-24 17:05:00+00:00,3300000000000,93460.48,93151.65000000001,['14.71 USD'],-0.0033,-20.80 USD,True
BTC/USD.KRAKEN-KrakenBTCUSDResearchStrategy-000-4c221daa-0e12-4b8a-88aa-cc7d9bb9af97,KRAKEN-BACKTEST,KrakenBTCUSDResearchStrategy-000,BTC/USD.KRAKEN,KRAKEN-001,O-20250424-195000-BACKTEST-000-403,O-20250424-201500-BACKTEST-000-404,BUY,FLAT,0.00000000,0.01960762,1745524200000000000,2025-04-24 19:50:00+00:00,1745525700000000000,2025-04-24 20:15:00+00:00,1500000000000,93621.72,93383.17,['14.66 USD'],-0.00255,-19.34 USD,True
BTC/USD.KRAKEN-KrakenBTCUSDResearchStrategy-000-9b073679-e1e6-47f4-bb07-b91cc74fd933,KRAKEN-BACKTEST,KrakenBTCUSDResearchStrategy-000,BTC/USD.KRAKEN,KRAKEN-001,O-20250424-232500-BACKTEST-000-405,O-20250425-021500-BACKTEST-000-406,BUY,FLAT,0.00000000,0.01953282,1745537100000000000,2025-04-24 23:25:00+00:00,1745547300000000000,2025-04-25 02:15:00+00:00,10200000000000,93683.23999999999,93446.53,['14.62 USD'],-0.00253,-19.24 USD,True
BTC/USD.KRAKEN-KrakenBTCUSDResearchStrategy-000-5d31dbf9-4b3f-4c02-8475-43d6c7bb46e3,KRAKEN-BACKTEST,KrakenBTCUSDResearchStrategy-000,BTC/USD.KRAKEN,KRAKEN-001,O-20250425-070000-BACKTEST-000-407,O-20250425-174500-BACKTEST-000-408,BUY,FLAT,0.00000000,0.01948219,1745564400000000000,2025-04-25 07:00:00+00:00,1745603100000000000,2025-04-25 17:45:00+00:00,38700000000000,93630.26999999999,94571.98000000001,['14.67 USD'],0.01006,3.68 USD,True
BTC/USD.KRAKEN-KrakenBTCUSDResearchStrategy-000-31ca624c-8bee-4a2f-9bdd-4028d7c83959,KRAKEN-BACKTEST,KrakenBTCUSDResearchStrategy-000,BTC/USD.KRAKEN,KRAKEN-001,O-20250426-012000-BACKTEST-000-409,O-20250426-021000-BACKTEST-000-410,BUY,FLAT,0.00000000,0.01920064,1745630400000000000,2025-04-26 01:20:00+00:00,1745633400000000000,2025-04-26 02:10:00+00:00,3000000000000,95060.72,94772.64,['14.58 USD'],-0.00303,-20.11 USD,True
BTC/USD.KRAKEN-KrakenBTCUSDResearchStrategy-000-aca94395-78f9-4fd2-ae4b-d5dece6b518a,KRAKEN-BACKTEST,KrakenBTCUSDResearchStrategy-000,BTC/USD.KRAKEN,KRAKEN-001,O-20250426-220000-BACKTEST-000-411,O-20250427-013000-BACKTEST-000-412,BUY,FLAT,0.00000000,0.01926132,1745704800000000000,2025-04-26 22:00:00+00:00,1745717400000000000,2025-04-27 01:30:00+00:00,12600000000000,94448.01,94271.49,['14.54 USD'],-0.00187,-17.94 USD,True
BTC/USD.KRAKEN-KrakenBTCUSDResearchStrategy-000-af758fa1-34a3-48a6-ad9d-3d6962e9dd72,KRAKEN-BACKTEST,KrakenBTCUSDResearchStrategy-000,BTC/USD.KRAKEN,KRAKEN-001,O-20250427-183000-BACKTEST-000-413,O-20250427-220000-BACKTEST-000-414,BUY,FLAT,0.00000000,0.01924814,1745778600000000000,2025-04-27 18:30:00+00:00,1745791200000000000,2025-04-27 22:00:00+00:00,12600000000000,94233.08,94095.23999999999,['14.50 USD'],-0.00146,-17.15 USD,True
BTC/USD.KRAKEN-KrakenBTCUSDResearchStrategy-000-91956e93-e9f6-4219-b78a-5b369bad3e7c,KRAKEN-BACKTEST,KrakenBTCUSDResearchStrategy-000,BTC/USD.KRAKEN,KRAKEN-001,O-20250428-041500-BACKTEST-000-415,O-20250428-133000-BACKTEST-000-416,BUY,FLAT,0.00000000,0.01923681,1745813700000000000,2025-04-28 04:15:00+00:00,1745847000000000000,2025-04-28 13:30:00+00:00,33300000000000,94021.11,94794.0,['14.52 USD'],0.00822,0.35 USD,True
BTC/USD.KRAKEN-KrakenBTCUSDResearchStrategy-000-38fcf5fc-1d8b-4851-9320-47c685bd9aa0,KRAKEN-BACKTEST,KrakenBTCUSDResearchStrategy-000,BTC/USD.KRAKEN,KRAKEN-001,O-20250428-193500-BACKTEST-000-417,O-20250428-201000-BACKTEST-000-418,BUY,FLAT,0.00000000,0.01906692,1745868900000000000,2025-04-28 19:35:00+00:00,1745871000000000000,2025-04-28 20:10:00+00:00,2100000000000,94864.22,94565.22,['14.45 USD'],-0.00315,-20.15 USD,True
BTC/USD.KRAKEN-KrakenBTCUSDResearchStrategy-000-05500f2c-a09c-4b30-9ae1-07a5adcdf1ad,KRAKEN-BACKTEST,KrakenBTCUSDResearchStrategy-000,BTC/USD.KRAKEN,KRAKEN-001,O-20250428-230500-BACKTEST-000-419,O-20250429-020000-BACKTEST-000-420,BUY,FLAT,0.00000000,0.01897803,1745881500000000000,2025-04-28 23:05:00+00:00,1745892000000000000,2025-04-29 02:00:00+00:00,10500000000000,94990.0,94730.88,['14.40 USD'],-0.00273,-19.32 USD,True
BTC/USD.KRAKEN-KrakenBTCUSDResearchStrategy-000-6861f8c9-00eb-4ac1-8288-a83c49bc05a6,KRAKEN-BACKTEST,KrakenBTCUSDResearchStrategy-000,BTC/USD.KRAKEN,KRAKEN-001,O-20250429-072500-BACKTEST-000-421,O-20250429-104500-BACKTEST-000-422,BUY,FLAT,0.00000000,0.01893902,1745911500000000000,2025-04-29 07:25:00+00:00,1745923500000000000,2025-04-29 10:45:00+00:00,12000000000000,94879.81,94781.18000000001,['14.37 USD'],-0.00104,-16.24 USD,True
BTC/USD.KRAKEN-KrakenBTCUSDResearchStrategy-000-c6e72208-8f95-4377-8f62-713fe10d3137,KRAKEN-BACKTEST,KrakenBTCUSDResearchStrategy-000,BTC/USD.KRAKEN,KRAKEN-001,O-20250429-163000-BACKTEST-000-423,O-20250429-165500-BACKTEST-000-424,BUY,FLAT,0.00000000,0.01879139,1745944200000000000,2025-04-29 16:30:00+00:00,1745945700000000000,2025-04-29 16:55:00+00:00,1500000000000,95365.95999999999,94954.73999999999,['14.31 USD'],-0.00431,-22.04 USD,True
BTC/USD.KRAKEN-KrakenBTCUSDResearchStrategy-000-e4708631-3279-437f-aeae-a7513207575a,KRAKEN-BACKTEST,KrakenBTCUSDResearchStrategy-000,BTC/USD.KRAKEN,KRAKEN-001,O-20250430-034500-BACKTEST-000-425,O-20250430-063500-BACKTEST-000-426,BUY,FLAT,0.00000000,0.01879949,1745984700000000000,2025-04-30 03:45:00+00:00,1745994900000000000,2025-04-30 06:35:00+00:00,10200000000000,94973.12,94809.53,['14.27 USD'],-0.00172,-17.35 USD,True
BTC/USD.KRAKEN-KrakenBTCUSDResearchStrategy-000-2057b660-1dec-4a8d-af78-8e84c169c94b,KRAKEN-BACKTEST,KrakenBTCUSDResearchStrategy-000,BTC/USD.KRAKEN,KRAKEN-001,O-20250430-112500-BACKTEST-000-427,O-20250430-122500-BACKTEST-000-428,BUY,FLAT,0.00000000,0.01871688,1746012300000000000,2025-04-30 11:25:00+00:00,1746015900000000000,2025-04-30 12:25:00+00:00,3600000000000,95114.22,94928.64,['14.23 USD'],-0.00195,-17.70 USD,True
BTC/USD.KRAKEN-KrakenBTCUSDResearchStrategy-000-895cf8b3-b97f-4a7c-8606-2bff27b8cf1c,KRAKEN-BACKTEST,KrakenBTCUSDResearchStrategy-000,BTC/USD.KRAKEN,KRAKEN-001,O-20250430-202500-BACKTEST-000-429,O-20250430-215000-BACKTEST-000-430,BUY,FLAT,0.00000000,0.01874123,1746044700000000000,2025-04-30 20:25:00+00:00,1746049800000000000,2025-04-30 21:50:00+00:00,5100000000000,94707.33,94421.35,['14.18 USD'],-0.00302,-19.54 USD,True
BTC/USD.KRAKEN-KrakenBTCUSDResearchStrategy-000-ee7e05b9-0ad2-4378-b9a1-733f8ec0f25c,KRAKEN-BACKTEST,KrakenBTCUSDResearchStrategy-000,BTC/USD.KRAKEN,KRAKEN-001,O-20250501-020500-BACKTEST-000-431,O-20250501-191000-BACKTEST-000-432,BUY,FLAT,0.00000000,0.01866846,1746065100000000000,2025-05-01 02:05:00+00:00,1746126600000000000,2025-05-01 19:10:00+00:00,61500000000000,94762.5,96495.49,['14.29 USD'],0.01829,18.06 USD,True
BTC/USD.KRAKEN-KrakenBTCUSDResearchStrategy-000-21c20480-c5b8-4011-bde9-678f696a19c2,KRAKEN-BACKTEST,KrakenBTCUSDResearchStrategy-000,BTC/USD.KRAKEN,KRAKEN-001,O-20250502-010000-BACKTEST-000-433,O-20250502-014000-BACKTEST-000-434,BUY,FLAT,0.00000000,0.01827610,1746147600000000000,2025-05-02 01:00:00+00:00,1746150000000000000,2025-05-02 01:40:00+00:00,2400000000000,97093.31,96833.34,['14.18 USD'],-0.00268,-18.93 USD,True
BTC/USD.KRAKEN-KrakenBTCUSDResearchStrategy-000-352de774-52da-4b39-9e74-c303de19a76a,KRAKEN-BACKTEST,KrakenBTCUSDResearchStrategy-000,BTC/USD.KRAKEN,KRAKEN-001,O-20250502-031000-BACKTEST-000-435,O-20250502-043500-BACKTEST-000-436,BUY,FLAT,0.00000000,0.01819974,1746155400000000000,2025-05-02 03:10:00+00:00,1746160500000000000,2025-05-02 04:35:00+00:00,5100000000000,97188.68,96992.06,['14.14 USD'],-0.00202,-17.72 USD,True
BTC/USD.KRAKEN-KrakenBTCUSDResearchStrategy-000-1c118cd9-14a6-46b0-abd6-bf636c7a5df1,KRAKEN-BACKTEST,KrakenBTCUSDResearchStrategy-000,BTC/USD.KRAKEN,KRAKEN-001,O-20250502-110000-BACKTEST-000-437,O-20250502-121000-BACKTEST-000-438,BUY,FLAT,0.00000000,0.01818160,1746183600000000000,2025-05-02 11:00:00+00:00,1746187800000000000,2025-05-02 12:10:00+00:00,4200000000000,96993.23,96792.46,['14.09 USD'],-0.00207,-17.74 USD,True
BTC/USD.KRAKEN-KrakenBTCUSDResearchStrategy-000-3209bbda-9107-45ce-bfae-d28888a926cd,KRAKEN-BACKTEST,KrakenBTCUSDResearchStrategy-000,BTC/USD.KRAKEN,KRAKEN-001,O-20250502-143500-BACKTEST-000-439,O-20250502-152500-BACKTEST-000-440,BUY,FLAT,0.00000000,0.01801330,1746196500000000000,2025-05-02 14:35:00+00:00,1746199500000000000,2025-05-02 15:25:00+00:00,3000000000000,97604.0,97159.29,['14.03 USD'],-0.00456,-22.04 USD,True
BTC/USD.KRAKEN-KrakenBTCUSDResearchStrategy-000-c27dc3a5-477f-40f6-bc1b-a26b9d1daf7a,KRAKEN-BACKTEST,KrakenBTCUSDResearchStrategy-000,BTC/USD.KRAKEN,KRAKEN-001,O-20250503-150000-BACKTEST-000-441,O-20250503-155000-BACKTEST-000-442,BUY,FLAT,0.00000000,0.01815341,1746284400000000000,2025-05-03 15:00:00+00:00,1746287400000000000,2025-05-03 15:50:00+00:00,3000000000000,96486.49,96325.65000000001,['14.00 USD'],-0.00167,-16.92 USD,True
BTC/USD.KRAKEN-KrakenBTCUSDResearchStrategy-000-7d5083db-a1e6-4636-8caf-19207fead80a,KRAKEN-BACKTEST,KrakenBTCUSDResearchStrategy-000,BTC/USD.KRAKEN,KRAKEN-001,O-20250503-212500-BACKTEST-000-443,O-20250503-213500-BACKTEST-000-444,BUY,FLAT,0.00000000,0.01811522,1746307500000000000,2025-05-03 21:25:00+00:00,1746308100000000000,2025-05-03 21:35:00+00:00,600000000000,96409.66,96280.72,['13.97 USD'],-0.00134,-16.31 USD,True
BTC/USD.KRAKEN-KrakenBTCUSDResearchStrategy-000-f1e45297-b101-4af5-95e7-38174c4c3abf,KRAKEN-BACKTEST,KrakenBTCUSDResearchStrategy-000,BTC/USD.KRAKEN,KRAKEN-001,O-20250504-200000-BACKTEST-000-445,O-20250504-220000-BACKTEST-000-446,BUY,FLAT,0.00000000,0.01820657,1746388800000000000,2025-05-04 20:00:00+00:00,1746396000000000000,2025-05-04 22:00:00+00:00,7200000000000,95657.36,95172.28000000001,['13.90 USD'],-0.00507,-22.73 USD,True
BTC/USD.KRAKEN-KrakenBTCUSDResearchStrategy-000-a356eb65-4842-4fd6-aa31-34cde84597a3,KRAKEN-BACKTEST,KrakenBTCUSDResearchStrategy-000,BTC/USD.KRAKEN,KRAKEN-001,O-20250505-173500-BACKTEST-000-447,O-20250505-195500-BACKTEST-000-448,BUY,FLAT,0.00000000,0.01834264,1746466500000000000,2025-05-05 17:35:00+00:00,1746474900000000000,2025-05-05 19:55:00+00:00,8400000000000,94576.0,94347.17,['13.86 USD'],-0.00242,-18.06 USD,True
BTC/USD.KRAKEN-KrakenBTCUSDResearchStrategy-000-4f5fc31a-c171-47f0-a634-9ef0629fc839,KRAKEN-BACKTEST,KrakenBTCUSDResearchStrategy-000,BTC/USD.KRAKEN,KRAKEN-001,O-20250505-221500-BACKTEST-000-449,O-20250505-235000-BACKTEST-000-450,BUY,FLAT,0.00000000,0.01821032,1746483300000000000,2025-05-05 22:15:00+00:00,1746489000000000000,2025-05-05 23:50:00+00:00,5700000000000,94965.84,94732.44,['13.82 USD'],-0.00246,-18.07 USD,True
BTC/USD.KRAKEN-KrakenBTCUSDResearchStrategy-000-2dad0eb6-e821-4508-a548-860e94ad5297,KRAKEN-BACKTEST,KrakenBTCUSDResearchStrategy-000,BTC/USD.KRAKEN,KRAKEN-001,O-20250506-153500-BACKTEST-000-451,O-20250506-160500-BACKTEST-000-452,BUY,FLAT,0.00000000,0.01820082,1746545700000000000,2025-05-06 15:35:00+00:00,1746547500000000000,2025-05-06 16:05:00+00:00,1800000000000,94717.54999999999,94388.03,['13.77 USD'],-0.00348,-19.77 USD,True
BTC/USD.KRAKEN-KrakenBTCUSDResearchStrategy-000-dc3a17ab-addc-41de-a62a-d919ab4c9d8a,KRAKEN-BACKTEST,KrakenBTCUSDResearchStrategy-000,BTC/USD.KRAKEN,KRAKEN-001,O-20250506-182500-BACKTEST-000-453,O-20250506-203000-BACKTEST-000-454,BUY,FLAT,0.00000000,0.01809981,1746555900000000000,2025-05-06 18:25:00+00:00,1746563400000000000,2025-05-06 20:30:00+00:00,7500000000000,94918.5,94721.42,['13.73 USD'],-0.00208,-17.30 USD,True
BTC/USD.KRAKEN-KrakenBTCUSDResearchStrategy-000-c69d8517-cad9-46cf-a0ac-e1a8b91fad9a,KRAKEN-BACKTEST,KrakenBTCUSDResearchStrategy-000,BTC/USD.KRAKEN,KRAKEN-001,O-20250506-220000-BACKTEST-000-455,O-20250507-053500-BACKTEST-000-456,BUY,FLAT,0.00000000,0.01798044,1746568800000000000,2025-05-06 22:00:00+00:00,1746596100000000000,2025-05-07 05:35:00+00:00,27300000000000,95260.01,96334.98999999999,['13.78 USD'],0.01128,5.55 USD,True
BTC/USD.KRAKEN-KrakenBTCUSDResearchStrategy-000-32763071-f4a5-4713-9d2f-441f31a34940,KRAKEN-BACKTEST,KrakenBTCUSDResearchStrategy-000,BTC/USD.KRAKEN,KRAKEN-001,O-20250507-072500-BACKTEST-000-457,O-20250507-131500-BACKTEST-000-458,BUY,FLAT,0.00000000,0.01771377,1746602700000000000,2025-05-07 07:25:00+00:00,1746623700000000000,2025-05-07 13:15:00+00:00,21000000000000,96788.05,96783.3,['13.72 USD'],-5e-05,-13.80 USD,True
BTC/USD.KRAKEN-KrakenBTCUSDResearchStrategy-000-2b7cbbff-cdb7-41e2-86bf-d66e3e746838,KRAKEN-BACKTEST,KrakenBTCUSDResearchStrategy-000,BTC/USD.KRAKEN,KRAKEN-001,O-20250507-142500-BACKTEST-000-459,O-20250507-145000-BACKTEST-000-460,BUY,FLAT,0.00000000,0.01755145,1746627900000000000,2025-05-07 14:25:00+00:00,1746629400000000000,2025-05-07 14:50:00+00:00,1500000000000,97447.29,96879.23999999999,['13.64 USD'],-0.00583,-23.61 USD,True
BTC/USD.KRAKEN-KrakenBTCUSDResearchStrategy-000-50a4dbbc-cb02-46bd-a0b1-96fc39c8817f,KRAKEN-BACKTEST,KrakenBTCUSDResearchStrategy-000,BTC/USD.KRAKEN,KRAKEN-001,O-20250507-214500-BACKTEST-000-461,O-20250507-233500-BACKTEST-000-462,BUY,FLAT,0.00000000,0.01750410,1746654300000000000,2025-05-07 21:45:00+00:00,1746660900000000000,2025-05-07 23:35:00+00:00,6600000000000,97306.28,97089.99,['13.61 USD'],-0.00222,-17.40 USD,True
BTC/USD.KRAKEN-KrakenBTCUSDResearchStrategy-000-6b1279ef-b861-4c02-a43c-2d54e670e3e7,KRAKEN-BACKTEST,KrakenBTCUSDResearchStrategy-000,BTC/USD.KRAKEN,KRAKEN-001,O-20250508-005500-BACKTEST-000-463,O-20250508-134500-BACKTEST-000-464,BUY,FLAT,0.00000000,0.01736768,1746665700000000000,2025-05-08 00:55:00+00:00,1746711900000000000,2025-05-08 13:45:00+00:00,46200000000000,97770.01,99118.86,['13.68 USD'],0.0138,9.75 USD,True
BTC/USD.KRAKEN-KrakenBTCUSDResearchStrategy-000-8e66e9a5-8459-4d68-befd-18908395b1e9,KRAKEN-BACKTEST,KrakenBTCUSDResearchStrategy-000,BTC/USD.KRAKEN,KRAKEN-001,O-20250508-152000-BACKTEST-000-465,O-20250509-034000-BACKTEST-000-466,BUY,FLAT,0.00000000,0.01692993,1746717600000000000,2025-05-08 15:20:00+00:00,1746762000000000000,2025-05-09 03:40:00+00:00,44400000000000,100470.59,102366.49,['13.73 USD'],0.01887,18.37 USD,True
BTC/USD.KRAKEN-KrakenBTCUSDResearchStrategy-000-1409280b-2308-4759-9180-15f55407b68e,KRAKEN-BACKTEST,KrakenBTCUSDResearchStrategy-000,BTC/USD.KRAKEN,KRAKEN-001,O-20250509-062500-BACKTEST-000-467,O-20250509-084000-BACKTEST-000-468,BUY,FLAT,0.00000000,0.01654657,1746771900000000000,2025-05-09 06:25:00+00:00,1746780000000000000,2025-05-09 08:40:00+00:00,8100000000000,103131.45999999999,102752.3,['13.63 USD'],-0.00368,-19.90 USD,True
BTC/USD.KRAKEN-KrakenBTCUSDResearchStrategy-000-ce3386e9-488e-49bc-b944-623105d9d3d6,KRAKEN-BACKTEST,KrakenBTCUSDResearchStrategy-000,BTC/USD.KRAKEN,KRAKEN-001,O-20250509-134500-BACKTEST-000-469,O-20250509-142000-BACKTEST-000-470,BUY,FLAT,0.00000000,0.01639670,1746798300000000000,2025-05-09 13:45:00+00:00,1746800400000000000,2025-05-09 14:20:00+00:00,2100000000000,103710.0,102998.53,['13.56 USD'],-0.00686,-25.23 USD,True
BTC/USD.KRAKEN-KrakenBTCUSDResearchStrategy-000-e7b319c5-d91c-4956-8c2d-cd5d991dc620,KRAKEN-BACKTEST,KrakenBTCUSDResearchStrategy-000,BTC/USD.KRAKEN,KRAKEN-001,O-20250509-200500-BACKTEST-000-471,O-20250509-205000-BACKTEST-000-472,BUY,FLAT,0.00000000,0.01637659,1746821100000000000,2025-05-09 20:05:00+00:00,1746823800000000000,2025-05-09 20:50:00+00:00,2700000000000,103375.31,103179.54,['13.53 USD'],-0.00189,-16.74 USD,True
BTC/USD.KRAKEN-KrakenBTCUSDResearchStrategy-000-b09b7a9d-968c-4945-8176-4299fbcfb4c1,KRAKEN-BACKTEST,KrakenBTCUSDResearchStrategy-000,BTC/USD.KRAKEN,KRAKEN-001,O-20250510-023500-BACKTEST-000-473,O-20250510-031500-BACKTEST-000-474,BUY,FLAT,0.00000000,0.01635575,1746844500000000000,2025-05-10 02:35:00+00:00,1746846900000000000,2025-05-10 03:15:00+00:00,2400000000000,103200.0,103033.25,['13.49 USD'],-0.00162,-16.22 USD,True
BTC/USD.KRAKEN-KrakenBTCUSDResearchStrategy-000-15d38de9-a415-40ea-b1dd-857feac638fe,KRAKEN-BACKTEST,KrakenBTCUSDResearchStrategy-000,BTC/USD.KRAKEN,KRAKEN-001,O-20250510-055500-BACKTEST-000-475,O-20250510-090000-BACKTEST-000-476,BUY,FLAT,0.00000000,0.01628323,1746856500000000000,2025-05-10 05:55:00+00:00,1746867600000000000,2025-05-10 09:00:00+00:00,11100000000000,103361.0,103432.51,['13.47 USD'],0.00069,-12.31 USD,True
BTC/USD.KRAKEN-KrakenBTCUSDResearchStrategy-000-ab2de830-918e-46cb-b126-ea306fdda278,KRAKEN-BACKTEST,KrakenBTCUSDResearchStrategy-000,BTC/USD.KRAKEN,KRAKEN-001,O-20250510-231000-BACKTEST-000-477,O-20250511-025000-BACKTEST-000-478,BUY,FLAT,0.00000000,0.01614941,1746918600000000000,2025-05-10 23:10:00+00:00,1746931800000000000,2025-05-11 02:50:00+00:00,13200000000000,103988.98999999999,103576.46,['13.41 USD'],-0.00397,-20.07 USD,True
BTC/USD.KRAKEN-KrakenBTCUSDResearchStrategy-000-2e014ce8-5bb1-4c57-9717-6564528dc2c0,KRAKEN-BACKTEST,KrakenBTCUSDResearchStrategy-000,BTC/USD.KRAKEN,KRAKEN-001,O-20250511-094500-BACKTEST-000-479,O-20250511-134500-BACKTEST-000-480,BUY,FLAT,0.00000000,0.01604046,1746956700000000000,2025-05-11 09:45:00+00:00,1746971100000000000,2025-05-11 13:45:00+00:00,14400000000000,104319.90000000001,104269.84999999999,['13.38 USD'],-0.00048,-14.18 USD,True
BTC/USD.KRAKEN-KrakenBTCUSDResearchStrategy-000-8e640ea7-dcb3-4f3f-a723-5f58e1cba6ac,KRAKEN-BACKTEST,KrakenBTCUSDResearchStrategy-000,BTC/USD.KRAKEN,KRAKEN-001,O-20250512-010000-BACKTEST-000-481,O-20250512-012500-BACKTEST-000-482,BUY,FLAT,0.00000000,0.01594729,1747011600000000000,2025-05-12 01:00:00+00:00,1747013100000000000,2025-05-12 01:25:00+00:00,1500000000000,104662.67,104280.01,['13.33 USD'],-0.00366,-19.43 USD,True
BTC/USD.KRAKEN-KrakenBTCUSDResearchStrategy-000-a6735d52-cdc9-45ae-8132-40f246547134,KRAKEN-BACKTEST,KrakenBTCUSDResearchStrategy-000,BTC/USD.KRAKEN,KRAKEN-001,O-20250512-070000-BACKTEST-000-483,O-20250512-070500-BACKTEST-000-484,BUY,FLAT,0.00000000,0.01574454,1747033200000000000,2025-05-12 07:00:00+00:00,1747033500000000000,2025-05-12 07:05:00+00:00,300000000000,105639.99,105300.0,['13.28 USD'],-0.00322,-18.63 USD,True
BTC/USD.KRAKEN-KrakenBTCUSDResearchStrategy-000-94133e8a-0293-49f2-aefd-2d969ca5464a,KRAKEN-BACKTEST,KrakenBTCUSDResearchStrategy-000,BTC/USD.KRAKEN,KRAKEN-001,O-20250512-230000-BACKTEST-000-485,O-20250513-000000-BACKTEST-000-486,BUY,FLAT,0.00000000,0.01609885,1747090800000000000,2025-05-12 23:00:00+00:00,1747094400000000000,2025-05-13 00:00:00+00:00,3600000000000,102967.87999999999,102608.56999999999,['13.24 USD'],-0.00349,-19.02 USD,True
BTC/USD.KRAKEN-KrakenBTCUSDResearchStrategy-000-2a8ffa69-b13a-4e0c-ae32-d7670d6ee6b1,KRAKEN-BACKTEST,KrakenBTCUSDResearchStrategy-000,BTC/USD.KRAKEN,KRAKEN-001,O-20250513-071500-BACKTEST-000-487,O-20250513-074000-BACKTEST-000-488,BUY,FLAT,0.00000000,0.01605157,1747120500000000000,2025-05-13 07:15:00+00:00,1747122000000000000,2025-05-13 07:40:00+00:00,1500000000000,102915.71999999999,102665.34,['13.20 USD'],-0.00243,-17.22 USD,True
BTC/USD.KRAKEN-KrakenBTCUSDResearchStrategy-000-76d09f68-0d7e-47c5-9c07-e88085282e87,KRAKEN-BACKTEST,KrakenBTCUSDResearchStrategy-000,BTC/USD.KRAKEN,KRAKEN-001,O-20250513-090500-BACKTEST-000-489,O-20250513-141000-BACKTEST-000-490,BUY,FLAT,0.00000000,0.01599295,1747127100000000000,2025-05-13 09:05:00+00:00,1747145400000000000,2025-05-13 14:10:00+00:00,18300000000000,102969.92,103082.14,['13.18 USD'],0.00109,-11.39 USD,True
BTC/USD.KRAKEN-KrakenBTCUSDResearchStrategy-000-b54255d4-f882-4450-9292-e74306ae09c3,KRAKEN-BACKTEST,KrakenBTCUSDResearchStrategy-000,BTC/USD.KRAKEN,KRAKEN-001,O-20250513-161000-BACKTEST-000-491,O-20250513-165000-BACKTEST-000-492,BUY,FLAT,0.00000000,0.01575408,1747152600000000000,2025-05-13 16:10:00+00:00,1747155000000000000,2025-05-13 16:50:00+00:00,2400000000000,104314.43999999999,103854.11,['13.11 USD'],-0.00441,-20.36 USD,True
BTC/USD.KRAKEN-KrakenBTCUSDResearchStrategy-000-b771e130-303b-4d59-8a5b-13f484e44e39,KRAKEN-BACKTEST,KrakenBTCUSDResearchStrategy-000,BTC/USD.KRAKEN,KRAKEN-001,O-20250513-181000-BACKTEST-000-493,O-20250513-225000-BACKTEST-000-494,BUY,FLAT,0.00000000,0.01567862,1747159800000000000,2025-05-13 18:10:00+00:00,1747176600000000000,2025-05-13 22:50:00+00:00,16800000000000,104426.96,104140.79000000001,['13.08 USD'],-0.00274,-17.57 USD,True
BTC/USD.KRAKEN-KrakenBTCUSDResearchStrategy-000-0e3acda8-0745-42b7-b8f0-1353ca24f6dc,KRAKEN-BACKTEST,KrakenBTCUSDResearchStrategy-000,BTC/USD.KRAKEN,KRAKEN-001,O-20250514-111000-BACKTEST-000-495,O-20250514-134000-BACKTEST-000-496,BUY,FLAT,0.00000000,0.01569949,1747221000000000000,2025-05-14 11:10:00+00:00,1747230000000000000,2025-05-14 13:40:00+00:00,9000000000000,103952.39,103712.79000000001,['13.04 USD'],-0.0023,-16.80 USD,True
BTC/USD.KRAKEN-KrakenBTCUSDResearchStrategy-000-88ba235b-9b40-4eca-ab97-334ab500f519,KRAKEN-BACKTEST,KrakenBTCUSDResearchStrategy-000,BTC/USD.KRAKEN,KRAKEN-001,O-20250515-001000-BACKTEST-000-497,O-20250515-012000-BACKTEST-000-498,BUY,FLAT,0.00000000,0.01568834,1747267800000000000,2025-05-15 00:10:00+00:00,1747272000000000000,2025-05-15 01:20:00+00:00,4200000000000,103704.98999999999,103496.67,['13.00 USD'],-0.00201,-16.27 USD,True
BTC/USD.KRAKEN-KrakenBTCUSDResearchStrategy-000-f06ba093-5bca-4870-ae23-88a5e117be16,KRAKEN-BACKTEST,KrakenBTCUSDResearchStrategy-000,BTC/USD.KRAKEN,KRAKEN-001,O-20250515-154500-BACKTEST-000-499,O-20250515-185500-BACKTEST-000-500,BUY,FLAT,0.00000000,0.01573217,1747323900000000000,2025-05-15 15:45:00+00:00,1747335300000000000,2025-05-15 18:55:00+00:00,11400000000000,103105.84999999999,102697.31,['12.95 USD'],-0.00396,-19.38 USD,True
BTC/USD.KRAKEN-KrakenBTCUSDResearchStrategy-000-0c3dcf64-76ad-401a-a095-15edc5cf0e84,KRAKEN-BACKTEST,KrakenBTCUSDResearchStrategy-000,BTC/USD.KRAKEN,KRAKEN-001,O-20250516-013500-BACKTEST-000-501,O-20250516-044000-BACKTEST-000-502,BUY,FLAT,0.00000000,0.01553018,1747359300000000000,2025-05-16 01:35:00+00:00,1747370400000000000,2025-05-16 04:40:00+00:00,11100000000000,104072.51999999999,103830.51,['12.92 USD'],-0.00233,-16.68 USD,True
BTC/USD.KRAKEN-KrakenBTCUSDResearchStrategy-000-07514b69-4460-4313-ae04-1fe370f93b29,KRAKEN-BACKTEST,KrakenBTCUSDResearchStrategy-000,BTC/USD.KRAKEN,KRAKEN-001,O-20250516-151000-BACKTEST-000-503,O-20250516-175000-BACKTEST-000-504,BUY,FLAT,0.00000000,0.01547805,1747408200000000000,2025-05-16 15:10:00+00:00,1747417800000000000,2025-05-16 17:50:00+00:00,9600000000000,104099.89,103796.95,['12.88 USD'],-0.00291,-17.57 USD,True
BTC/USD.KRAKEN-KrakenBTCUSDResearchStrategy-000-a504a837-4658-4f87-9f87-7fbad1da48fd,KRAKEN-BACKTEST,KrakenBTCUSDResearchStrategy-000,BTC/USD.KRAKEN,KRAKEN-001,O-20250517-050000-BACKTEST-000-505,O-20250517-053000-BACKTEST-000-506,BUY,FLAT,0.00000000,0.01549137,1747458000000000000,2025-05-17 05:00:00+00:00,1747459800000000000,2025-05-17 05:30:00+00:00,1800000000000,103670.11,103514.59999999999,['12.83 USD'],-0.0015,-15.24 USD,True
BTC/USD.KRAKEN-KrakenBTCUSDResearchStrategy-000-c4079215-4ba7-41d8-9337-8d42867577cb,KRAKEN-BACKTEST,KrakenBTCUSDResearchStrategy-000,BTC/USD.KRAKEN,KRAKEN-001,O-20250517-205000-BACKTEST-000-507,O-20250517-212500-BACKTEST-000-508,BUY,FLAT,0.00000000,0.01548661,1747515000000000000,2025-05-17 20:50:00+00:00,1747517100000000000,2025-05-17 21:25:00+00:00,2100000000000,103406.75,103199.91,['12.80 USD'],-0.002,-16.00 USD,True
BTC/USD.KRAKEN-KrakenBTCUSDResearchStrategy-000-46447ea8-a15a-4a8a-a230-9776c07d91fe,KRAKEN-BACKTEST,KrakenBTCUSDResearchStrategy-000,BTC/USD.KRAKEN,KRAKEN-001,O-20250518-043500-BACKTEST-000-509,O-20250518-045000-BACKTEST-000-510,BUY,FLAT,0.00000000,0.01543694,1747542900000000000,2025-05-18 04:35:00+00:00,1747543800000000000,2025-05-18 04:50:00+00:00,900000000000,103428.56999999999,103328.51999999999,['12.77 USD'],-0.00097,-14.31 USD,True
BTC/USD.KRAKEN-KrakenBTCUSDResearchStrategy-000-b7ba4162-de22-4aad-88f8-c6b78e14e35a,KRAKEN-BACKTEST,KrakenBTCUSDResearchStrategy-000,BTC/USD.KRAKEN,KRAKEN-001,O-20250518-054500-BACKTEST-000-511,O-20250518-062500-BACKTEST-000-512,BUY,FLAT,0.00000000,0.01536865,1747547100000000000,2025-05-18 05:45:00+00:00,1747549500000000000,2025-05-18 06:25:00+00:00,2400000000000,103608.81,103509.99,['12.73 USD'],-0.00095,-14.25 USD,True
BTC/USD.KRAKEN-KrakenBTCUSDResearchStrategy-000-43a30b97-09d7-40f7-ad54-ea412c154b3f,KRAKEN-BACKTEST,KrakenBTCUSDResearchStrategy-000,BTC/USD.KRAKEN,KRAKEN-001,O-20250518-075000-BACKTEST-000-513,O-20250518-120500-BACKTEST-000-514,BUY,FLAT,0.00000000,0.01529326,1747554600000000000,2025-05-18 07:50:00+00:00,1747569900000000000,2025-05-18 12:05:00+00:00,15300000000000,103840.04,103722.81999999999,['12.70 USD'],-0.00113,-14.49 USD,True
BTC/USD.KRAKEN-KrakenBTCUSDResearchStrategy-000-9e8c04d1-7ff4-4bc0-b674-252fb055ac91,KRAKEN-BACKTEST,KrakenBTCUSDResearchStrategy-000,BTC/USD.KRAKEN,KRAKEN-001,O-20250518-133500-BACKTEST-000-515,O-20250518-180000-BACKTEST-000-516,BUY,FLAT,0.00000000,0.01518137,1747575300000000000,2025-05-18 13:35:00+00:00,1747591200000000000,2025-05-18 18:00:00+00:00,15900000000000,104319.0,104351.03,['12.67 USD'],0.00031,-12.18 USD,True
BTC/USD.KRAKEN-KrakenBTCUSDResearchStrategy-000-483dd912-7527-441f-9140-7d82113281ce,KRAKEN-BACKTEST,KrakenBTCUSDResearchStrategy-000,BTC/USD.KRAKEN,KRAKEN-001,O-20250518-224500-BACKTEST-000-517,O-20250519-010500-BACKTEST-000-518,BUY,FLAT,0.00000000,0.01498813,1747608300000000000,2025-05-18 22:45:00+00:00,1747616700000000000,2025-05-19 01:05:00+00:00,8400000000000,105420.0,104978.62000000001,['12.61 USD'],-0.00419,-19.23 USD,True
BTC/USD.KRAKEN-KrakenBTCUSDResearchStrategy-000-127d644c-552f-4b21-a805-04a381b48348,KRAKEN-BACKTEST,KrakenBTCUSDResearchStrategy-000,BTC/USD.KRAKEN,KRAKEN-001,O-20250519-144500-BACKTEST-000-519,O-20250520-034500-BACKTEST-000-520,BUY,FLAT,0.00000000,0.01514256,1747665900000000000,2025-05-19 14:45:00+00:00,1747712700000000000,2025-05-20 03:45:00+00:00,46800000000000,103963.87999999999,105553.31999999999,['12.69 USD'],0.01529,11.38 USD,True
BTC/USD.KRAKEN-KrakenBTCUSDResearchStrategy-000-e6fb33a4-6301-4a78-85cc-939acd9e6d6f,KRAKEN-BACKTEST,KrakenBTCUSDResearchStrategy-000,BTC/USD.KRAKEN,KRAKEN-001,O-20250520-170500-BACKTEST-000-521,O-20250520-184500-BACKTEST-000-522,BUY,FLAT,0.00000000,0.01491973,1747760700000000000,2025-05-20 17:05:00+00:00,1747766700000000000,2025-05-20 18:45:00+00:00,6000000000000,105745.41,105400.0,['12.60 USD'],-0.00327,-17.75 USD,True
BTC/USD.KRAKEN-KrakenBTCUSDResearchStrategy-000-ab1a1b96-bf09-4414-a05a-fab0ff650c95,KRAKEN-BACKTEST,KrakenBTCUSDResearchStrategy-000,BTC/USD.KRAKEN,KRAKEN-001,O-20250520-195500-BACKTEST-000-523,O-20250520-211000-BACKTEST-000-524,BUY,FLAT,0.00000000,0.01469140,1747770900000000000,2025-05-20 19:55:00+00:00,1747775400000000000,2025-05-20 21:10:00+00:00,4500000000000,107026.47,106472.47,['12.55 USD'],-0.00518,-20.69 USD,True
BTC/USD.KRAKEN-KrakenBTCUSDResearchStrategy-000-e534f981-eb06-419e-99d0-d173b7af871b,KRAKEN-BACKTEST,KrakenBTCUSDResearchStrategy-000,BTC/USD.KRAKEN,KRAKEN-001,O-20250521-043500-BACKTEST-000-525,O-20250521-072000-BACKTEST-000-526,BUY,FLAT,0.00000000,0.01456516,1747802100000000000,2025-05-21 04:35:00+00:00,1747812000000000000,2025-05-21 07:20:00+00:00,9900000000000,107527.92,106836.24,['12.48 USD'],-0.00643,-22.55 USD,True
BTC/USD.KRAKEN-KrakenBTCUSDResearchStrategy-000-65e7705f-89ea-48b1-a563-a6482808e564,KRAKEN-BACKTEST,KrakenBTCUSDResearchStrategy-000,BTC/USD.KRAKEN,KRAKEN-001,O-20250521-135000-BACKTEST-000-527,O-20250521-172500-BACKTEST-000-528,BUY,FLAT,0.00000000,0.01452682,1747835400000000000,2025-05-21 13:50:00+00:00,1747848300000000000,2025-05-21 17:25:00+00:00,12900000000000,107346.0,106975.90000000001,['12.46 USD'],-0.00345,-17.84 USD,True
BTC/USD.KRAKEN-KrakenBTCUSDResearchStrategy-000-82e65be8-92ee-4b56-8e1a-c91c6355436a,KRAKEN-BACKTEST,KrakenBTCUSDResearchStrategy-000,BTC/USD.KRAKEN,KRAKEN-001,O-20250521-223000-BACKTEST-000-529,O-20250522-083000-BACKTEST-000-530,BUY,FLAT,0.00000000,0.01427038,1747866600000000000,2025-05-21 22:30:00+00:00,1747902600000000000,2025-05-22 08:30:00+00:00,36000000000000,108899.99,110445.99,['12.52 USD'],0.0142,9.54 USD,True
BTC/USD.KRAKEN-KrakenBTCUSDResearchStrategy-000-74d1897c-8c55-4166-ba7c-3dbb15cfbcf3,KRAKEN-BACKTEST,KrakenBTCUSDResearchStrategy-000,BTC/USD.KRAKEN,KRAKEN-001,O-20250522-125500-BACKTEST-000-531,O-20250522-131500-BACKTEST-000-532,BUY,FLAT,0.00000000,0.01394972,1747918500000000000,2025-05-22 12:55:00+00:00,1747919700000000000,2025-05-22 13:15:00+00:00,1200000000000,111608.69,111154.24,['12.43 USD'],-0.00407,-18.77 USD,True
BTC/USD.KRAKEN-KrakenBTCUSDResearchStrategy-000-f70e361d-9f16-4dfd-a4c3-c2ec21b7a7b7,KRAKEN-BACKTEST,KrakenBTCUSDResearchStrategy-000,BTC/USD.KRAKEN,KRAKEN-001,O-20250522-172000-BACKTEST-000-533,O-20250522-174500-BACKTEST-000-534,BUY,FLAT,0.00000000,0.01386159,1747934400000000000,2025-05-22 17:20:00+00:00,1747935900000000000,2025-05-22 17:45:00+00:00,1500000000000,111912.01999999999,111518.5,['12.39 USD'],-0.00352,-17.84 USD,True
BTC/USD.KRAKEN-KrakenBTCUSDResearchStrategy-000-2d149993-d5f5-4b98-9d57-e3c5b94cbd9d,KRAKEN-BACKTEST,KrakenBTCUSDResearchStrategy-000,BTC/USD.KRAKEN,KRAKEN-001,O-20250523-001000-BACKTEST-000-535,O-20250523-002500-BACKTEST-000-536,BUY,FLAT,0.00000000,0.01382964,1747959000000000000,2025-05-23 00:10:00+00:00,1747959900000000000,2025-05-23 00:25:00+00:00,900000000000,111783.37,111478.26,['12.35 USD'],-0.00273,-16.57 USD,True
BTC/USD.KRAKEN-KrakenBTCUSDResearchStrategy-000-38412538-dfd7-4a2b-808a-601192a75ed1,KRAKEN-BACKTEST,KrakenBTCUSDResearchStrategy-000,BTC/USD.KRAKEN,KRAKEN-001,O-20250523-094500-BACKTEST-000-537,O-20250523-101000-BACKTEST-000-538,BUY,FLAT,0.00000000,0.01384238,1747993500000000000,2025-05-23 09:45:00+00:00,1747995000000000000,2025-05-23 10:10:00+00:00,1500000000000,111321.35,110941.03,['12.30 USD'],-0.00342,-17.56 USD,True
BTC/USD.KRAKEN-KrakenBTCUSDResearchStrategy-000-0915cc46-2923-4e23-bd75-638e97c08ae8,KRAKEN-BACKTEST,KrakenBTCUSDResearchStrategy-000,BTC/USD.KRAKEN,KRAKEN-001,O-20250524-041500-BACKTEST-000-539,O-20250524-054000-BACKTEST-000-540,BUY,FLAT,0.00000000,0.01415763,1748060100000000000,2025-05-24 04:15:00+00:00,1748065200000000000,2025-05-24 05:40:00+00:00,5100000000000,108470.42,108222.46,['12.27 USD'],-0.00229,-15.78 USD,True
BTC/USD.KRAKEN-KrakenBTCUSDResearchStrategy-000-b380d13f-2a08-4b1e-be1a-42527d00e313,KRAKEN-BACKTEST,KrakenBTCUSDResearchStrategy-000,BTC/USD.KRAKEN,KRAKEN-001,O-20250524-103000-BACKTEST-000-541,O-20250524-184500-BACKTEST-000-542,BUY,FLAT,0.00000000,0.01410112,1748082600000000000,2025-05-24 10:30:00+00:00,1748112300000000000,2025-05-24 18:45:00+00:00,29700000000000,108569.41,108808.2,['12.26 USD'],0.0022,-8.89 USD,True
BTC/USD.KRAKEN-KrakenBTCUSDResearchStrategy-000-5e1c52b5-ff60-48e0-b82e-09bc85a86adb,KRAKEN-BACKTEST,KrakenBTCUSDResearchStrategy-000,BTC/USD.KRAKEN,KRAKEN-001,O-20250525-192500-BACKTEST-000-543,O-20250525-212500-BACKTEST-000-544,BUY,FLAT,0.00000000,0.01420035,1748201100000000000,2025-05-25 19:25:00+00:00,1748208300000000000,2025-05-25 21:25:00+00:00,7200000000000,107622.97,107460.0,['12.21 USD'],-0.00151,-14.52 USD,True
BTC/USD.KRAKEN-KrakenBTCUSDResearchStrategy-000-ebebd4d2-5552-4902-b8b2-c649f6be6fe0,KRAKEN-BACKTEST,KrakenBTCUSDResearchStrategy-000,BTC/USD.KRAKEN,KRAKEN-001,O-20250525-225000-BACKTEST-000-545,O-20250526-105000-BACKTEST-000-546,BUY,FLAT,0.00000000,0.01398767,1748213400000000000,2025-05-25 22:50:00+00:00,1748256600000000000,2025-05-26 10:50:00+00:00,43200000000000,108947.94,109571.43000000001,['12.23 USD'],0.00572,-3.51 USD,True
BTC/USD.KRAKEN-KrakenBTCUSDResearchStrategy-000-cb840dfa-acc2-4202-ad47-a094784c5dd8,KRAKEN-BACKTEST,KrakenBTCUSDResearchStrategy-000,BTC/USD.KRAKEN,KRAKEN-001,O-20250526-125000-BACKTEST-000-547,O-20250526-130500-BACKTEST-000-548,BUY,FLAT,0.00000000,0.01384300,1748263800000000000,2025-05-26 12:50:00+00:00,1748264700000000000,2025-05-26 13:05:00+00:00,900000000000,110010.42,109746.55,['12.17 USD'],-0.0024,-15.82 USD,True
BTC/USD.KRAKEN-KrakenBTCUSDResearchStrategy-000-808e22f2-2950-454a-b7eb-631e2208c91c,KRAKEN-BACKTEST,KrakenBTCUSDResearchStrategy-000,BTC/USD.KRAKEN,KRAKEN-001,O-20250526-153000-BACKTEST-000-549,O-20250526-161500-BACKTEST-000-550,BUY,FLAT,0.00000000,0.01378408,1748273400000000000,2025-05-26 15:30:00+00:00,1748276100000000000,2025-05-26 16:15:00+00:00,2700000000000,110136.36,109700.01,['12.12 USD'],-0.00396,-18.13 USD,True
BTC/USD.KRAKEN-KrakenBTCUSDResearchStrategy-000-89c76128-7ea6-47d1-89bc-7cefc81d5a1a,KRAKEN-BACKTEST,KrakenBTCUSDResearchStrategy-000,BTC/USD.KRAKEN,KRAKEN-001,O-20250527-073500-BACKTEST-000-551,O-20250527-142500-BACKTEST-000-552,BUY,FLAT,0.00000000,0.01382217,1748331300000000000,2025-05-27 07:35:00+00:00,1748355900000000000,2025-05-27 14:25:00+00:00,24600000000000,109439.13,109535.20999999999,['12.11 USD'],0.00088,-10.78 USD,True
BTC/USD.KRAKEN-KrakenBTCUSDResearchStrategy-000-7d667b15-ff14-4fa4-9795-980ec26aca1a,KRAKEN-BACKTEST,KrakenBTCUSDResearchStrategy-000,BTC/USD.KRAKEN,KRAKEN-001,O-20250529-005500-BACKTEST-000-553,O-20250529-012000-BACKTEST-000-554,BUY,FLAT,0.00000000,0.01393956,1748480100000000000,2025-05-29 00:55:00+00:00,1748481600000000000,2025-05-29 01:20:00+00:00,1500000000000,108285.31999999999,107913.31,['12.06 USD'],-0.00344,-17.25 USD,True
BTC/USD.KRAKEN-KrakenBTCUSDResearchStrategy-000-d9711840-c8de-4298-9e6a-77f1841f86d7,KRAKEN-BACKTEST,KrakenBTCUSDResearchStrategy-000,BTC/USD.KRAKEN,KRAKEN-001,O-20250529-025000-BACKTEST-000-555,O-20250529-033000-BACKTEST-000-556,BUY,FLAT,0.00000000,0.01387262,1748487000000000000,2025-05-29 02:50:00+00:00,1748489400000000000,2025-05-29 03:30:00+00:00,2400000000000,108434.79000000001,108141.67,['12.02 USD'],-0.0027,-16.09 USD,True
BTC/USD.KRAKEN-KrakenBTCUSDResearchStrategy-000-4921a6f5-a0db-4145-86fd-c7477d7220d1,KRAKEN-BACKTEST,KrakenBTCUSDResearchStrategy-000,BTC/USD.KRAKEN,KRAKEN-001,O-20250529-082000-BACKTEST-000-557,O-20250529-131500-BACKTEST-000-558,BUY,FLAT,0.00000000,0.01385724,1748506800000000000,2025-05-29 08:20:00+00:00,1748524500000000000,2025-05-29 13:15:00+00:00,17700000000000,108207.03,108277.89,['12.00 USD'],0.00065,-11.02 USD,True
BTC/USD.KRAKEN-KrakenBTCUSDResearchStrategy-000-c7b15724-471d-4720-bce4-a379d0684f37,KRAKEN-BACKTEST,KrakenBTCUSDResearchStrategy-000,BTC/USD.KRAKEN,KRAKEN-001,O-20250530-053000-BACKTEST-000-559,O-20250530-054500-BACKTEST-000-560,BUY,FLAT,0.00000000,0.01408473,1748583000000000000,2025-05-30 05:30:00+00:00,1748583900000000000,2025-05-30 05:45:00+00:00,900000000000,106224.56,106076.26999999999,['11.96 USD'],-0.0014,-14.05 USD,True
BTC/USD.KRAKEN-KrakenBTCUSDResearchStrategy-000-25b039c0-0190-4440-b143-b687d406cd6b,KRAKEN-BACKTEST,KrakenBTCUSDResearchStrategy-000,BTC/USD.KRAKEN,KRAKEN-001,O-20250531-125500-BACKTEST-000-561,O-20250531-230000-BACKTEST-000-562,BUY,FLAT,0.00000000,0.01434082,1748696100000000000,2025-05-31 12:55:00+00:00,1748732400000000000,2025-05-31 23:00:00+00:00,36300000000000,104033.95999999999,104517.74,['11.97 USD'],0.00465,-5.03 USD,True
BTC/USD.KRAKEN-KrakenBTCUSDResearchStrategy-000-43c3501d-66a9-4aa7-aec7-e444c8dd7fdf,KRAKEN-BACKTEST,KrakenBTCUSDResearchStrategy-000,BTC/USD.KRAKEN,KRAKEN-001,O-20250601-140500-BACKTEST-000-563,O-20250601-183000-BACKTEST-000-564,BUY,FLAT,0.00000000,0.01425800,1748786700000000000,2025-06-01 14:05:00+00:00,1748802600000000000,2025-06-01 18:30:00+00:00,15900000000000,104532.47,104597.90000000001,['11.93 USD'],0.00063,-11.00 USD,True
BTC/USD.KRAKEN-KrakenBTCUSDResearchStrategy-000-35ad15bd-1eff-4c54-a27e-4a63a7ee2b15,KRAKEN-BACKTEST,KrakenBTCUSDResearchStrategy-000,BTC/USD.KRAKEN,KRAKEN-001,O-20250601-215500-BACKTEST-000-565,O-20250602-020000-BACKTEST-000-566,BUY,FLAT,0.00000000,0.01409645,1748814900000000000,2025-06-01 21:55:00+00:00,1748829600000000000,2025-06-02 02:00:00+00:00,14700000000000,105496.54000000001,105285.37,['11.89 USD'],-0.002,-14.87 USD,True
BTC/USD.KRAKEN-KrakenBTCUSDResearchStrategy-000-a06b6f05-ad2c-4995-b3f8-8ece7c9e1ecc,KRAKEN-BACKTEST,KrakenBTCUSDResearchStrategy-000,BTC/USD.KRAKEN,KRAKEN-001,O-20250602-074000-BACKTEST-000-567,O-20250602-090500-BACKTEST-000-568,BUY,FLAT,0.00000000,0.01406250,1748850000000000000,2025-06-02 07:40:00+00:00,1748855100000000000,2025-06-02 09:05:00+00:00,5100000000000,105433.97,104949.47,['11.83 USD'],-0.0046,-18.64 USD,True
BTC/USD.KRAKEN-KrakenBTCUSDResearchStrategy-000-8189bf38-2afc-4d1b-98d2-f0e875cf8bfb,KRAKEN-BACKTEST,KrakenBTCUSDResearchStrategy-000,BTC/USD.KRAKEN,KRAKEN-001,O-20250602-201000-BACKTEST-000-569,O-20250602-213000-BACKTEST-000-570,BUY,FLAT,0.00000000,0.01408141,1748895000000000000,2025-06-02 20:10:00+00:00,1748899800000000000,2025-06-02 21:30:00+00:00,4800000000000,104895.1,104617.02,['11.80 USD'],-0.00265,-15.72 USD,True
BTC/USD.KRAKEN-KrakenBTCUSDResearchStrategy-000-11386cd2-6978-4569-8641-f724f3451910,KRAKEN-BACKTEST,KrakenBTCUSDResearchStrategy-000,BTC/USD.KRAKEN,KRAKEN-001,O-20250602-232000-BACKTEST-000-571,O-20250603-024500-BACKTEST-000-572,BUY,FLAT,0.00000000,0.01390210,1748906400000000000,2025-06-02 23:20:00+00:00,1748918700000000000,2025-06-03 02:45:00+00:00,12300000000000,105908.98999999999,105666.66,['11.77 USD'],-0.00229,-15.14 USD,True
BTC/USD.KRAKEN-KrakenBTCUSDResearchStrategy-000-f7f13e20-fc3e-4a9b-927e-29755f2c74e5,KRAKEN-BACKTEST,KrakenBTCUSDResearchStrategy-000,BTC/USD.KRAKEN,KRAKEN-001,O-20250603-134000-BACKTEST-000-573,O-20250603-140500-BACKTEST-000-574,BUY,FLAT,0.00000000,0.01390241,1748958000000000000,2025-06-03 13:40:00+00:00,1748959500000000000,2025-06-03 14:05:00+00:00,1500000000000,105579.94,105278.8,['11.72 USD'],-0.00285,-15.91 USD,True
BTC/USD.KRAKEN-KrakenBTCUSDResearchStrategy-000-b81b0c66-b7f9-458e-b911-106a826e7a77,KRAKEN-BACKTEST,KrakenBTCUSDResearchStrategy-000,BTC/USD.KRAKEN,KRAKEN-001,O-20250603-145000-BACKTEST-000-575,O-20250603-164000-BACKTEST-000-576,BUY,FLAT,0.00000000,0.01373308,1748962200000000000,2025-06-03 14:50:00+00:00,1748968800000000000,2025-06-03 16:40:00+00:00,6600000000000,106534.18,106169.52,['11.68 USD'],-0.00342,-16.69 USD,True
BTC/USD.KRAKEN-KrakenBTCUSDResearchStrategy-000-c94bda77-bf7e-4e19-b78c-f8af4fda529b,KRAKEN-BACKTEST,KrakenBTCUSDResearchStrategy-000,BTC/USD.KRAKEN,KRAKEN-001,O-20250604-101000-BACKTEST-000-577,O-20250604-102500-BACKTEST-000-578,BUY,FLAT,0.00000000,0.01376115,1749031800000000000,2025-06-04 10:10:00+00:00,1749032700000000000,2025-06-04 10:25:00+00:00,900000000000,105953.05,105734.34,['11.65 USD'],-0.00206,-14.66 USD,True
BTC/USD.KRAKEN-KrakenBTCUSDResearchStrategy-000-60102a3b-413d-4bc0-be89-27e5d1cd417d,KRAKEN-BACKTEST,KrakenBTCUSDResearchStrategy-000,BTC/USD.KRAKEN,KRAKEN-001,O-20250605-120500-BACKTEST-000-579,O-20250605-134500-BACKTEST-000-580,BUY,FLAT,0.00000000,0.01385025,1749125100000000000,2025-06-05 12:05:00+00:00,1749131100000000000,2025-06-05 13:45:00+00:00,6000000000000,104953.90000000001,104940.01,['11.62 USD'],-0.00013,-11.81 USD,True
BTC/USD.KRAKEN-KrakenBTCUSDResearchStrategy-000-f4ce36b0-4104-4924-af29-5dc1c3c7a1a6,KRAKEN-BACKTEST,KrakenBTCUSDResearchStrategy-000,BTC/USD.KRAKEN,KRAKEN-001,O-20250606-034500-BACKTEST-000-581,O-20250606-192000-BACKTEST-000-582,BUY,FLAT,0.00000000,0.01414566,1749181500000000000,2025-06-06 03:45:00+00:00,1749237600000000000,2025-06-06 19:20:00+00:00,56100000000000,102511.62,104372.09,['11.71 USD'],0.01815,14.61 USD,True
BTC/USD.KRAKEN-KrakenBTCUSDResearchStrategy-000-9de320c1-5f9c-4a1b-b68e-090db6579b23,KRAKEN-BACKTEST,KrakenBTCUSDResearchStrategy-000,BTC/USD.KRAKEN,KRAKEN-001,O-20250607-025000-BACKTEST-000-583,O-20250607-085000-BACKTEST-000-584,BUY,FLAT,0.00000000,0.01390621,1749264600000000000,2025-06-07 02:50:00+00:00,1749286200000000000,2025-06-07 08:50:00+00:00,21600000000000,104591.93,104737.31999999999,['11.65 USD'],0.00139,-9.63 USD,True
BTC/USD.KRAKEN-KrakenBTCUSDResearchStrategy-000-2c46f609-2fb6-402c-b6ca-4f38b73e5253,KRAKEN-BACKTEST,KrakenBTCUSDResearchStrategy-000,BTC/USD.KRAKEN,KRAKEN-001,O-20250607-121000-BACKTEST-000-585,O-20250607-232000-BACKTEST-000-586,BUY,FLAT,0.00000000,0.01378806,1749298200000000000,2025-06-07 12:10:00+00:00,1749338400000000000,2025-06-07 23:20:00+00:00,40200000000000,105278.68000000001,105651.26000000001,['11.64 USD'],0.00354,-6.50 USD,True
BTC/USD.KRAKEN-KrakenBTCUSDResearchStrategy-000-6b79302d-d1ec-40d3-b0a0-2c22e3984bfa,KRAKEN-BACKTEST,KrakenBTCUSDResearchStrategy-000,BTC/USD.KRAKEN,KRAKEN-001,O-20250608-121000-BACKTEST-000-587,O-20250608-123500-BACKTEST-000-588,BUY,FLAT,0.00000000,0.01370616,1749384600000000000,2025-06-08 12:10:00+00:00,1749386100000000000,2025-06-08 12:35:00+00:00,1500000000000,105765.48,105563.18000000001,['11.59 USD'],-0.00191,-14.36 USD,True
BTC/USD.KRAKEN-KrakenBTCUSDResearchStrategy-000-c0329ea7-a45f-4ce0-8d6f-013000c80afd,KRAKEN-BACKTEST,KrakenBTCUSDResearchStrategy-000,BTC/USD.KRAKEN,KRAKEN-001,O-20250608-133000-BACKTEST-000-589,O-20250608-135500-BACKTEST-000-590,BUY,FLAT,0.00000000,0.01365477,1749389400000000000,2025-06-08 13:30:00+00:00,1749390900000000000,2025-06-08 13:55:00+00:00,1500000000000,105847.99,105627.90000000001,['11.55 USD'],-0.00208,-14.56 USD,True
BTC/USD.KRAKEN-KrakenBTCUSDResearchStrategy-000-9c21535b-4c48-4cde-a2eb-478b582017f7,KRAKEN-BACKTEST,KrakenBTCUSDResearchStrategy-000,BTC/USD.KRAKEN,KRAKEN-001,O-20250608-215000-BACKTEST-000-591,O-20250608-215500-BACKTEST-000-592,BUY,FLAT,0.00000000,0.01353890,1749419400000000000,2025-06-08 21:50:00+00:00,1749419700000000000,2025-06-08 21:55:00+00:00,300000000000,106431.32,106331.92,['11.52 USD'],-0.00093,-12.87 USD,True
BTC/USD.KRAKEN-KrakenBTCUSDResearchStrategy-000-bc59e329-1e9f-4310-9957-90192acec28a,KRAKEN-BACKTEST,KrakenBTCUSDResearchStrategy-000,BTC/USD.KRAKEN,KRAKEN-001,O-20250609-085500-BACKTEST-000-593,O-20250610-020500-BACKTEST-000-594,BUY,FLAT,0.00000000,0.01356701,1749459300000000000,2025-06-09 08:55:00+00:00,1749521100000000000,2025-06-10 02:05:00+00:00,61800000000000,105926.39,109395.51,['11.69 USD'],0.03275,35.38 USD,True
BTC/USD.KRAKEN-KrakenBTCUSDResearchStrategy-000-ad24e466-a8bb-486e-bf69-ed0851718b1d,KRAKEN-BACKTEST,KrakenBTCUSDResearchStrategy-000,BTC/USD.KRAKEN,KRAKEN-001,O-20250610-112500-BACKTEST-000-595,O-20250610-120500-BACKTEST-000-596,BUY,FLAT,0.00000000,0.01319162,1749554700000000000,2025-06-10 11:25:00+00:00,1749557100000000000,2025-06-10 12:05:00+00:00,2400000000000,109745.28,109492.13,['11.57 USD'],-0.00231,-14.91 USD,True
BTC/USD.KRAKEN-KrakenBTCUSDResearchStrategy-000-2b11184e-352a-46d5-92f9-0daa587ae048,KRAKEN-BACKTEST,KrakenBTCUSDResearchStrategy-000,BTC/USD.KRAKEN,KRAKEN-001,O-20250610-131500-BACKTEST-000-597,O-20250610-133000-BACKTEST-000-598,BUY,FLAT,0.00000000,0.01313235,1749561300000000000,2025-06-10 13:15:00+00:00,1749562200000000000,2025-06-10 13:30:00+00:00,900000000000,109900.0,109428.59,['11.52 USD'],-0.00429,-17.71 USD,True
BTC/USD.KRAKEN-KrakenBTCUSDResearchStrategy-000-59108294-16c7-4fb9-b86b-93e13bb2a828,KRAKEN-BACKTEST,KrakenBTCUSDResearchStrategy-000,BTC/USD.KRAKEN,KRAKEN-001,O-20250610-191500-BACKTEST-000-599,O-20250611-010500-BACKTEST-000-600,BUY,FLAT,0.00000000,0.01312321,1749582900000000000,2025-06-10 19:15:00+00:00,1749603900000000000,2025-06-11 01:05:00+00:00,21000000000000,109571.47,109666.28,['11.51 USD'],0.00087,-10.27 USD,True
BTC/USD.KRAKEN-KrakenBTCUSDResearchStrategy-000-16ff08b8-6611-4d40-bc10-cba7dbdb9114,KRAKEN-BACKTEST,KrakenBTCUSDResearchStrategy-000,BTC/USD.KRAKEN,KRAKEN-001,O-20250611-141000-BACKTEST-000-601,O-20250611-160500-BACKTEST-000-602,BUY,FLAT,0.00000000,0.01304526,1749651000000000000,2025-06-11 14:10:00+00:00,1749657900000000000,2025-06-11 16:05:00+00:00,6900000000000,109990.0,109507.98000000001,['11.45 USD'],-0.00438,-17.74 USD,True
BTC/USD.KRAKEN-KrakenBTCUSDResearchStrategy-000-1ab74453-99ae-45a4-863c-1e308fd6ecf7,KRAKEN-BACKTEST,KrakenBTCUSDResearchStrategy-000,BTC/USD.KRAKEN,KRAKEN-001,O-20250612-170500-BACKTEST-000-603,O-20250612-184000-BACKTEST-000-604,BUY,FLAT,0.00000000,0.01325354,1749747900000000000,2025-06-12 17:05:00+00:00,1749753600000000000,2025-06-12 18:40:00+00:00,5700000000000,107860.0,107581.22,['11.42 USD'],-0.00258,-15.11 USD,True
BTC/USD.KRAKEN-KrakenBTCUSDResearchStrategy-000-3b693485-fa80-4f64-a32a-62c23e9dafb9,KRAKEN-BACKTEST,KrakenBTCUSDResearchStrategy-000,BTC/USD.KRAKEN,KRAKEN-001,O-20250613-080500-BACKTEST-000-605,O-20250613-090000-BACKTEST-000-606,BUY,FLAT,0.00000000,0.01356004,1749801900000000000,2025-06-13 08:05:00+00:00,1749805200000000000,2025-06-13 09:00:00+00:00,3300000000000,105087.5,104673.70999999999,['11.38 USD'],-0.00394,-16.99 USD,True
BTC/USD.KRAKEN-KrakenBTCUSDResearchStrategy-000-45b99197-2f45-4f30-9955-a3a023600b76,KRAKEN-BACKTEST,KrakenBTCUSDResearchStrategy-000,BTC/USD.KRAKEN,KRAKEN-001,O-20250613-151000-BACKTEST-000-607,O-20250613-172500-BACKTEST-000-608,BUY,FLAT,0.00000000,0.01346152,1749827400000000000,2025-06-13 15:10:00+00:00,1749835500000000000,2025-06-13 17:25:00+00:00,8100000000000,105477.95999999999,105063.2,['11.34 USD'],-0.00393,-16.92 USD,True
BTC/USD.KRAKEN-KrakenBTCUSDResearchStrategy-000-9358984c-0029-41c1-ab9b-31dcb10fef43,KRAKEN-BACKTEST,KrakenBTCUSDResearchStrategy-000,BTC/USD.KRAKEN,KRAKEN-001,O-20250613-214500-BACKTEST-000-609,O-20250614-011000-BACKTEST-000-610,BUY,FLAT,0.00000000,0.01338998,1749851100000000000,2025-06-13 21:45:00+00:00,1749863400000000000,2025-06-14 01:10:00+00:00,12300000000000,105662.4,105460.01,['11.31 USD'],-0.00192,-14.02 USD,True
BTC/USD.KRAKEN-KrakenBTCUSDResearchStrategy-000-212c7a7d-8751-4742-9dca-8881e48b5cf0,KRAKEN-BACKTEST,KrakenBTCUSDResearchStrategy-000,BTC/USD.KRAKEN,KRAKEN-001,O-20250614-214500-BACKTEST-000-611,O-20250615-063000-BACKTEST-000-612,BUY,FLAT,0.00000000,0.01340351,1749937500000000000,2025-06-14 21:45:00+00:00,1749969000000000000,2025-06-15 06:30:00+00:00,31500000000000,105241.92,105426.33,['11.29 USD'],0.00175,-8.82 USD,True
BTC/USD.KRAKEN-KrakenBTCUSDResearchStrategy-000-101141af-c809-4e7e-84cb-db17c0721c58,KRAKEN-BACKTEST,KrakenBTCUSDResearchStrategy-000,BTC/USD.KRAKEN,KRAKEN-001,O-20250615-144500-BACKTEST-000-613,O-20250615-161500-BACKTEST-000-614,BUY,FLAT,0.00000000,0.01332317,1749998700000000000,2025-06-15 14:45:00+00:00,1750004100000000000,2025-06-15 16:15:00+00:00,5400000000000,105677.99,105441.18000000001,['11.25 USD'],-0.00224,-14.41 USD,True
BTC/USD.KRAKEN-KrakenBTCUSDResearchStrategy-000-62e1db55-40dd-4bcd-95e8-e07458a062b0,KRAKEN-BACKTEST,KrakenBTCUSDResearchStrategy-000,BTC/USD.KRAKEN,KRAKEN-001,O-20250615-234000-BACKTEST-000-615,O-20250616-010500-BACKTEST-000-616,BUY,FLAT,0.00000000,0.01329111,1750030800000000000,2025-06-15 23:40:00+00:00,1750035900000000000,2025-06-16 01:05:00+00:00,5100000000000,105607.59,105207.01000000001,['11.20 USD'],-0.00379,-16.52 USD,True
BTC/USD.KRAKEN-KrakenBTCUSDResearchStrategy-000-a90b1244-8e93-4ae4-b1e7-09d0f22e7d5a,KRAKEN-BACKTEST,KrakenBTCUSDResearchStrategy-000,BTC/USD.KRAKEN,KRAKEN-001,O-20250616-041000-BACKTEST-000-617,O-20250616-112000-BACKTEST-000-618,BUY,FLAT,0.00000000,0.01319208,1750047000000000000,2025-06-16 04:10:00+00:00,1750072800000000000,2025-06-16 11:20:00+00:00,25800000000000,106024.73,106588.72,['11.21 USD'],0.00532,-3.77 USD,True
BTC/USD.KRAKEN-KrakenBTCUSDResearchStrategy-000-fd38dc99-20a6-4916-810d-32626fd7d4a4,KRAKEN-BACKTEST,KrakenBTCUSDResearchStrategy-000,BTC/USD.KRAKEN,KRAKEN-001,O-20250616-143000-BACKTEST-000-619,O-20250616-223500-BACKTEST-000-620,BUY,FLAT,0.00000000,0.01296998,1750084200000000000,2025-06-16 14:30:00+00:00,1750113300000000000,2025-06-16 22:35:00+00:00,29100000000000,107753.11,107992.7,['11.19 USD'],0.00222,-8.08 USD,True
BTC/USD.KRAKEN-KrakenBTCUSDResearchStrategy-000-887f640b-165e-4104-b728-ff56e81364d8,KRAKEN-BACKTEST,KrakenBTCUSDResearchStrategy-000,BTC/USD.KRAKEN,KRAKEN-001,O-20250618-010500-BACKTEST-000-621,O-20250618-014500-BACKTEST-000-622,BUY,FLAT,0.00000000,0.01328239,1750208700000000000,2025-06-18 01:05:00+00:00,1750211100000000000,2025-06-18 01:45:00+00:00,2400000000000,105035.98000000001,104756.0,['11.15 USD'],-0.00267,-14.87 USD,True
BTC/USD.KRAKEN-KrakenBTCUSDResearchStrategy-000-eb2a71d6-e597-4268-9674-6f8390135f9a,KRAKEN-BACKTEST,KrakenBTCUSDResearchStrategy-000,BTC/USD.KRAKEN,KRAKEN-001,O-20250618-034000-BACKTEST-000-623,O-20250618-064500-BACKTEST-000-624,BUY,FLAT,0.00000000,0.01321791,1750218000000000000,2025-06-18 03:40:00+00:00,1750229100000000000,2025-06-18 06:45:00+00:00,11100000000000,105210.85,105008.79000000001,['11.11 USD'],-0.00192,-13.78 USD,True
BTC/USD.KRAKEN-KrakenBTCUSDResearchStrategy-000-92db6dab-d229-4887-9608-81d0b34a037c,KRAKEN-BACKTEST,KrakenBTCUSDResearchStrategy-000,BTC/USD.KRAKEN,KRAKEN-001,O-20250618-215000-BACKTEST-000-625,O-20250618-232500-BACKTEST-000-626,BUY,FLAT,0.00000000,0.01319933,1750283400000000000,2025-06-18 21:50:00+00:00,1750289100000000000,2025-06-18 23:25:00+00:00,5700000000000,105045.77,104817.81,['11.08 USD'],-0.00217,-14.09 USD,True
BTC/USD.KRAKEN-KrakenBTCUSDResearchStrategy-000-e431fc74-181d-4bcc-a0ce-43aa9fabc1ac,KRAKEN-BACKTEST,KrakenBTCUSDResearchStrategy-000,BTC/USD.KRAKEN,KRAKEN-001,O-20250619-004500-BACKTEST-000-627,O-20250619-010000-BACKTEST-000-628,BUY,FLAT,0.00000000,0.01314138,1750293900000000000,2025-06-19 00:45:00+00:00,1750294800000000000,2025-06-19 01:00:00+00:00,900000000000,105187.35,104583.92,['11.03 USD'],-0.00574,-18.96 USD,True
BTC/USD.KRAKEN-KrakenBTCUSDResearchStrategy-000-79056917-b4c9-4c8a-a735-924f6488fef0,KRAKEN-BACKTEST,KrakenBTCUSDResearchStrategy-000,BTC/USD.KRAKEN,KRAKEN-001,O-20250619-102500-BACKTEST-000-629,O-20250619-104500-BACKTEST-000-630,BUY,FLAT,0.00000000,0.01310504,1750328700000000000,2025-06-19 10:25:00+00:00,1750329900000000000,2025-06-19 10:45:00+00:00,1200000000000,105044.98999999999,104843.70999999999,['11.01 USD'],-0.00192,-13.65 USD,True
BTC/USD.KRAKEN-KrakenBTCUSDResearchStrategy-000-d471cf04-a684-4f73-869a-1860feacf0ce,KRAKEN-BACKTEST,KrakenBTCUSDResearchStrategy-000,BTC/USD.KRAKEN,KRAKEN-001,O-20250619-231500-BACKTEST-000-631,O-20250620-000000-BACKTEST-000-632,BUY,FLAT,0.00000000,0.01309436,1750374900000000000,2025-06-19 23:15:00+00:00,1750377600000000000,2025-06-20 00:00:00+00:00,2700000000000,104817.90000000001,104603.69,['10.97 USD'],-0.00204,-13.77 USD,True
BTC/USD.KRAKEN-KrakenBTCUSDResearchStrategy-000-c1a504f6-c607-44a7-a02e-c5bbe46ca8ee,KRAKEN-BACKTEST,KrakenBTCUSDResearchStrategy-000,BTC/USD.KRAKEN,KRAKEN-001,O-20250620-071500-BACKTEST-000-633,O-20250620-134500-BACKTEST-000-634,BUY,FLAT,0.00000000,0.01303231,1750403700000000000,2025-06-20 07:15:00+00:00,1750427100000000000,2025-06-20 13:45:00+00:00,23400000000000,104999.99,105576.61,['10.97 USD'],0.00549,-3.46 USD,True
BTC/USD.KRAKEN-KrakenBTCUSDResearchStrategy-000-f5e023b1-2617-4e2f-aade-29a17af0a642,KRAKEN-BACKTEST,KrakenBTCUSDResearchStrategy-000,BTC/USD.KRAKEN,KRAKEN-001,O-20250621-033000-BACKTEST-000-635,O-20250621-035000-BACKTEST-000-636,BUY,FLAT,0.00000000,0.01318994,1750476600000000000,2025-06-21 03:30:00+00:00,1750477800000000000,2025-06-21 03:50:00+00:00,1200000000000,103666.73,103563.96,['10.93 USD'],-0.00099,-12.29 USD,True
BTC/USD.KRAKEN-KrakenBTCUSDResearchStrategy-000-b40d96b1-90b7-4735-bb55-58d4bfcf01f1,KRAKEN-BACKTEST,KrakenBTCUSDResearchStrategy-000,BTC/USD.KRAKEN,KRAKEN-001,O-20250621-084000-BACKTEST-000-637,O-20250621-134000-BACKTEST-000-638,BUY,FLAT,0.00000000,0.01316031,1750495200000000000,2025-06-21 08:40:00+00:00,1750513200000000000,2025-06-21 13:40:00+00:00,18000000000000,103619.94,103713.49,['10.91 USD'],0.0009,-9.68 USD,True
BTC/USD.KRAKEN-KrakenBTCUSDResearchStrategy-000-d0cbf0ec-3f8c-41b1-81e3-5e9124dd1754,KRAKEN-BACKTEST,KrakenBTCUSDResearchStrategy-000,BTC/USD.KRAKEN,KRAKEN-001,O-20250622-224000-BACKTEST-000-639,O-20250623-100500-BACKTEST-000-640,BUY,FLAT,0.00000000,0.01348469,1750632000000000000,2025-06-22 22:40:00+00:00,1750673100000000000,2025-06-23 10:05:00+00:00,41100000000000,100911.98000000001,101431.2,['10.91 USD'],0.00515,-3.91 USD,True
BTC/USD.KRAKEN-KrakenBTCUSDResearchStrategy-000-a6ba7532-68fc-42e2-bc69-dbdd9d26ad57,KRAKEN-BACKTEST,KrakenBTCUSDResearchStrategy-000,BTC/USD.KRAKEN,KRAKEN-001,O-20250623-135500-BACKTEST-000-641,O-20250623-143500-BACKTEST-000-642,BUY,FLAT,0.00000000,0.01328323,1750686900000000000,2025-06-23 13:55:00+00:00,1750689300000000000,2025-06-23 14:35:00+00:00,2400000000000,102354.14,101567.56,['10.84 USD'],-0.00768,-21.29 USD,True
BTC/USD.KRAKEN-KrakenBTCUSDResearchStrategy-000-758de250-c13d-4d48-a917-3fb520be5346,KRAKEN-BACKTEST,KrakenBTCUSDResearchStrategy-000,BTC/USD.KRAKEN,KRAKEN-001,O-20250623-180500-BACKTEST-000-643,O-20250624-075500-BACKTEST-000-644,BUY,FLAT,0.00000000,0.01294370,1750701900000000000,2025-06-23 18:05:00+00:00,1750751700000000000,2025-06-24 07:55:00+00:00,49800000000000,102868.0,104933.74,['10.76 USD'],0.02008,15.98 USD,True
BTC/USD.KRAKEN-KrakenBTCUSDResearchStrategy-000-8e503100-5c11-4f48-8b4b-09b648dcb00e,KRAKEN-BACKTEST,KrakenBTCUSDResearchStrategy-000,BTC/USD.KRAKEN,KRAKEN-001,O-20250624-141500-BACKTEST-000-645,O-20250624-160500-BACKTEST-000-646,BUY,FLAT,0.00000000,0.01287573,1750774500000000000,2025-06-24 14:15:00+00:00,1750781100000000000,2025-06-24 16:05:00+00:00,6600000000000,105470.01999999999,105236.21,['10.85 USD'],-0.00222,-13.86 USD,True
BTC/USD.KRAKEN-KrakenBTCUSDResearchStrategy-000-2ed87b80-1024-420f-9f25-7c68d111551a,KRAKEN-BACKTEST,KrakenBTCUSDResearchStrategy-000,BTC/USD.KRAKEN,KRAKEN-001,O-20250625-000500-BACKTEST-000-647,O-20250625-003000-BACKTEST-000-648,BUY,FLAT,0.00000000,0.01274591,1750809900000000000,2025-06-25 00:05:00+00:00,1750811400000000000,2025-06-25 00:30:00+00:00,1500000000000,106217.99,105925.59,['10.82 USD'],-0.00275,-14.55 USD,True
BTC/USD.KRAKEN-KrakenBTCUSDResearchStrategy-000-0c21fd1e-f8dd-4d7c-bce4-9b501281dc13,KRAKEN-BACKTEST,KrakenBTCUSDResearchStrategy-000,BTC/USD.KRAKEN,KRAKEN-001,O-20250625-021000-BACKTEST-000-649,O-20250625-033500-BACKTEST-000-650,BUY,FLAT,0.00000000,0.01264443,1750817400000000000,2025-06-25 02:10:00+00:00,1750822500000000000,2025-06-25 03:35:00+00:00,5100000000000,106725.57,106400.0,['10.78 USD'],-0.00305,-14.90 USD,True
BTC/USD.KRAKEN-KrakenBTCUSDResearchStrategy-000-4118b218-ba48-428e-86b2-491a4c7c5f9c,KRAKEN-BACKTEST,KrakenBTCUSDResearchStrategy-000,BTC/USD.KRAKEN,KRAKEN-001,O-20250625-074000-BACKTEST-000-651,O-20250625-082000-BACKTEST-000-652,BUY,FLAT,0.00000000,0.01260890,1750837200000000000,2025-06-25 07:40:00+00:00,1750839600000000000,2025-06-25 08:20:00+00:00,2400000000000,106672.03,106471.65000000001,['10.75 USD'],-0.00188,-13.28 USD,True
BTC/USD.KRAKEN-KrakenBTCUSDResearchStrategy-000-6d34b585-b428-4fbc-ac9a-a3725d1d13ab,KRAKEN-BACKTEST,KrakenBTCUSDResearchStrategy-000,BTC/USD.KRAKEN,KRAKEN-001,O-20250625-090500-BACKTEST-000-653,O-20250625-094000-BACKTEST-000-654,BUY,FLAT,0.00000000,0.01255266,1750842300000000000,2025-06-25 09:05:00+00:00,1750844400000000000,2025-06-25 09:40:00+00:00,2100000000000,106832.53,106506.68000000001,['10.71 USD'],-0.00305,-14.80 USD,True
BTC/USD.KRAKEN-KrakenBTCUSDResearchStrategy-000-a8af1264-3743-4ca7-ab4b-2c628552eb92,KRAKEN-BACKTEST,KrakenBTCUSDResearchStrategy-000,BTC/USD.KRAKEN,KRAKEN-001,O-20250625-102500-BACKTEST-000-655,O-20250625-151500-BACKTEST-000-656,BUY,FLAT,0.00000000,0.01247885,1750847100000000000,2025-06-25 10:25:00+00:00,1750864500000000000,2025-06-25 15:15:00+00:00,17400000000000,107108.63,107052.81,['10.69 USD'],-0.00052,-11.39 USD,True
BTC/USD.KRAKEN-KrakenBTCUSDResearchStrategy-000-0b3eac0f-0e08-448f-aff5-c64bd50cb34f,KRAKEN-BACKTEST,KrakenBTCUSDResearchStrategy-000,BTC/USD.KRAKEN,KRAKEN-001,O-20250626-025000-BACKTEST-000-657,O-20250626-044500-BACKTEST-000-658,BUY,FLAT,0.00000000,0.01234790,1750906200000000000,2025-06-26 02:50:00+00:00,1750913100000000000,2025-06-26 04:45:00+00:00,6900000000000,107968.0,107705.04,['10.65 USD'],-0.00244,-13.90 USD,True
BTC/USD.KRAKEN-KrakenBTCUSDResearchStrategy-000-36ddc6e6-ecc6-49a5-9b87-e5353c6d0502,KRAKEN-BACKTEST,KrakenBTCUSDResearchStrategy-000,BTC/USD.KRAKEN,KRAKEN-001,O-20250626-193500-BACKTEST-000-659,O-20250626-211000-BACKTEST-000-660,BUY,FLAT,0.00000000,0.01235263,1750966500000000000,2025-06-26 19:35:00+00:00,1750972200000000000,2025-06-26 21:10:00+00:00,5700000000000,107589.08,107406.71,['10.63 USD'],-0.0017,-12.88 USD,True
BTC/USD.KRAKEN-KrakenBTCUSDResearchStrategy-000-b0ed4adf-ebf7-4dc6-a901-6c4f4d0ff605,KRAKEN-BACKTEST,KrakenBTCUSDResearchStrategy-000,BTC/USD.KRAKEN,KRAKEN-001,O-20250627-030000-BACKTEST-000-661,O-20250627-031000-BACKTEST-000-662,BUY,FLAT,0.00000000,0.01234822,1750993200000000000,2025-06-27 03:00:00+00:00,1750993800000000000,2025-06-27 03:10:00+00:00,600000000000,107314.63,107168.79000000001,['10.59 USD'],-0.00136,-12.39 USD,True
BTC/USD.KRAKEN-KrakenBTCUSDResearchStrategy-000-769bbeac-1dfc-4752-b4ef-57d0acc5965d,KRAKEN-BACKTEST,KrakenBTCUSDResearchStrategy-000,BTC/USD.KRAKEN,KRAKEN-001,O-20250627-044500-BACKTEST-000-663,O-20250627-051500-BACKTEST-000-664,BUY,FLAT,0.00000000,0.01228616,1750999500000000000,2025-06-27 04:45:00+00:00,1751001300000000000,2025-06-27 05:15:00+00:00,1800000000000,107554.11,107440.01,['10.57 USD'],-0.00106,-11.97 USD,True
BTC/USD.KRAKEN-KrakenBTCUSDResearchStrategy-000-9bab551d-f6f6-4198-bd92-2f680323e6fe,KRAKEN-BACKTEST,KrakenBTCUSDResearchStrategy-000,BTC/USD.KRAKEN,KRAKEN-001,O-20250627-071500-BACKTEST-000-665,O-20250627-072500-BACKTEST-000-666,BUY,FLAT,0.00000000,0.01224594,1751008500000000000,2025-06-27 07:15:00+00:00,1751009100000000000,2025-06-27 07:25:00+00:00,600000000000,107614.13,107344.0,['10.53 USD'],-0.00251,-13.84 USD,True
BTC/USD.KRAKEN-KrakenBTCUSDResearchStrategy-000-60b27c54-8596-49b0-9bd1-5db80848470e,KRAKEN-BACKTEST,KrakenBTCUSDResearchStrategy-000,BTC/USD.KRAKEN,KRAKEN-001,O-20250627-163000-BACKTEST-000-667,O-20250627-171000-BACKTEST-000-668,BUY,FLAT,0.00000000,0.01221641,1751041800000000000,2025-06-27 16:30:00+00:00,1751044200000000000,2025-06-27 17:10:00+00:00,2400000000000,107534.43999999999,107208.51999999999,['10.49 USD'],-0.00303,-14.47 USD,True
BTC/USD.KRAKEN-KrakenBTCUSDResearchStrategy-000-806f28c4-4cc9-4c0d-b9c3-1a20fcbbda1b,KRAKEN-BACKTEST,KrakenBTCUSDResearchStrategy-000,BTC/USD.KRAKEN,KRAKEN-001,O-20250628-023000-BACKTEST-000-669,O-20250628-030000-BACKTEST-000-670,BUY,FLAT,0.00000000,0.01221444,1751077800000000000,2025-06-28 02:30:00+00:00,1751079600000000000,2025-06-28 03:00:00+00:00,1800000000000,107196.39,107097.66,['10.47 USD'],-0.00092,-11.68 USD,True
BTC/USD.KRAKEN-KrakenBTCUSDResearchStrategy-000-f8e74201-271e-4dbb-91eb-f80dd1b5bd9f,KRAKEN-BACKTEST,KrakenBTCUSDResearchStrategy-000,BTC/USD.KRAKEN,KRAKEN-001,O-20250628-035000-BACKTEST-000-671,O-20250628-041500-BACKTEST-000-672,BUY,FLAT,0.00000000,0.01217246,1751082600000000000,2025-06-28 03:50:00+00:00,1751084100000000000,2025-06-28 04:15:00+00:00,1500000000000,107278.42,107198.46,['10.44 USD'],-0.00075,-11.41 USD,True
BTC/USD.KRAKEN-KrakenBTCUSDResearchStrategy-000-845fd922-6e9c-4702-878b-1edd5af25182,KRAKEN-BACKTEST,KrakenBTCUSDResearchStrategy-000,BTC/USD.KRAKEN,KRAKEN-001,O-20250628-060500-BACKTEST-000-673,O-20250628-090500-BACKTEST-000-674,BUY,FLAT,0.00000000,0.01213117,1751090700000000000,2025-06-28 06:05:00+00:00,1751101500000000000,2025-06-28 09:05:00+00:00,10800000000000,107361.44,107309.19,['10.42 USD'],-0.00049,-11.05 USD,True
BTC/USD.KRAKEN-KrakenBTCUSDResearchStrategy-000-7dc27f34-5d8c-460f-89fe-268cf4357503,KRAKEN-BACKTEST,KrakenBTCUSDResearchStrategy-000,BTC/USD.KRAKEN,KRAKEN-001,O-20250629-002500-BACKTEST-000-675,O-20250629-014000-BACKTEST-000-676,BUY,FLAT,0.00000000,0.01209240,1751156700000000000,2025-06-29 00:25:00+00:00,1751161200000000000,2025-06-29 01:40:00+00:00,4500000000000,107431.48000000001,107360.01,['10.39 USD'],-0.00067,-11.25 USD,True
BTC/USD.KRAKEN-KrakenBTCUSDResearchStrategy-000-696ae7b1-fe35-44a4-af07-dfb1c2d6531b,KRAKEN-BACKTEST,KrakenBTCUSDResearchStrategy-000,BTC/USD.KRAKEN,KRAKEN-001,O-20250629-065500-BACKTEST-000-677,O-20250629-070000-BACKTEST-000-678,BUY,FLAT,0.00000000,0.01206711,1751180100000000000,2025-06-29 06:55:00+00:00,1751180400000000000,2025-06-29 07:00:00+00:00,300000000000,107376.95,107347.64,['10.36 USD'],-0.00027,-10.71 USD,True
BTC/USD.KRAKEN-KrakenBTCUSDResearchStrategy-000-e1d828bc-1419-4897-8b07-55540930f644,KRAKEN-BACKTEST,KrakenBTCUSDResearchStrategy-000,BTC/USD.KRAKEN,KRAKEN-001,O-20250629-083000-BACKTEST-000-679,O-20250629-143500-BACKTEST-000-680,BUY,FLAT,0.00000000,0.01200914,1751185800000000000,2025-06-29 08:30:00+00:00,1751207700000000000,2025-06-29 14:35:00+00:00,21900000000000,107627.71999999999,107868.47,['10.35 USD'],0.00224,-7.46 USD,True
BTC/USD.KRAKEN-KrakenBTCUSDResearchStrategy-000-696b5423-f831-4ebf-86ba-97f61121a225,KRAKEN-BACKTEST,KrakenBTCUSDResearchStrategy-000,BTC/USD.KRAKEN,KRAKEN-001,O-20250629-222000-BACKTEST-000-681,O-20250630-052500-BACKTEST-000-682,BUY,FLAT,0.00000000,0.01194990,1751235600000000000,2025-06-29 22:20:00+00:00,1751261100000000000,2025-06-30 05:25:00+00:00,25500000000000,107973.95999999999,108306.73,['10.34 USD'],0.00308,-6.36 USD,True
BTC/USD.KRAKEN-KrakenBTCUSDResearchStrategy-000-cf65baa7-14a0-4f19-8c62-dd63371f97df,KRAKEN-BACKTEST,KrakenBTCUSDResearchStrategy-000,BTC/USD.KRAKEN,KRAKEN-001,O-20250702-032000-BACKTEST-000-683,O-20250702-232000-BACKTEST-000-684,BUY,FLAT,0.00000000,0.01213627,1751426400000000000,2025-07-02 03:20:00+00:00,1751498400000000000,2025-07-02 23:20:00+00:00,72000000000000,106158.42,108991.99,['10.44 USD'],0.02669,23.95 USD,True
BTC/USD.KRAKEN-KrakenBTCUSDResearchStrategy-000-9f4c5f56-bd9a-4ca8-8488-0bea8b31ebcd,KRAKEN-BACKTEST,KrakenBTCUSDResearchStrategy-000,BTC/USD.KRAKEN,KRAKEN-001,O-20250703-053000-BACKTEST-000-685,O-20250703-123000-BACKTEST-000-686,BUY,FLAT,0.00000000,0.01186022,1751520600000000000,2025-07-03 05:30:00+00:00,1751545800000000000,2025-07-03 12:30:00+00:00,25200000000000,109235.1,109297.0,['10.37 USD'],0.00057,-9.64 USD,True
BTC/USD.KRAKEN-KrakenBTCUSDResearchStrategy-000-cd78bdb4-16a6-478a-bdf1-295d4ca866e5,KRAKEN-BACKTEST,KrakenBTCUSDResearchStrategy-000,BTC/USD.KRAKEN,KRAKEN-001,O-20250703-134500-BACKTEST-000-687,O-20250703-144500-BACKTEST-000-688,BUY,FLAT,0.00000000,0.01171851,1751550300000000000,2025-07-03 13:45:00+00:00,1751553900000000000,2025-07-03 14:45:00+00:00,3600000000000,110309.57,109755.81,['10.31 USD'],-0.00502,-16.80 USD,True
BTC/USD.KRAKEN-KrakenBTCUSDResearchStrategy-000-bc6432e2-d58d-4d3b-94a9-6e291cf40b49,KRAKEN-BACKTEST,KrakenBTCUSDResearchStrategy-000,BTC/USD.KRAKEN,KRAKEN-001,O-20250703-192500-BACKTEST-000-689,O-20250703-213500-BACKTEST-000-690,BUY,FLAT,0.00000000,0.01171867,1751570700000000000,2025-07-03 19:25:00+00:00,1751578500000000000,2025-07-03 21:35:00+00:00,7800000000000,109877.99,109705.72,['10.29 USD'],-0.00157,-12.31 USD,True
BTC/USD.KRAKEN-KrakenBTCUSDResearchStrategy-000-2ed348cf-91e6-4fa3-9d24-03d2b4eec734,KRAKEN-BACKTEST,KrakenBTCUSDResearchStrategy-000,BTC/USD.KRAKEN,KRAKEN-001,O-20250704-223000-BACKTEST-000-691,O-20250704-231500-BACKTEST-000-692,BUY,FLAT,0.00000000,0.01186140,1751668200000000000,2025-07-04 22:30:00+00:00,1751670900000000000,2025-07-04 23:15:00+00:00,2700000000000,108244.66,108057.36,['10.27 USD'],-0.00173,-12.49 USD,True
BTC/USD.KRAKEN-KrakenBTCUSDResearchStrategy-000-b3113c11-cf32-4c2b-9017-89ac4be85423,KRAKEN-BACKTEST,KrakenBTCUSDResearchStrategy-000,BTC/USD.KRAKEN,KRAKEN-001,O-20250705-033000-BACKTEST-000-693,O-20250705-034000-BACKTEST-000-694,BUY,FLAT,0.00000000,0.01182532,1751686200000000000,2025-07-05 03:30:00+00:00,1751686800000000000,2025-07-05 03:40:00+00:00,600000000000,108258.09,108122.41,['10.23 USD'],-0.00125,-11.83 USD,True
BTC/USD.KRAKEN-KrakenBTCUSDResearchStrategy-000-ead90900-1727-452a-b13d-427b5fb2f6ef,KRAKEN-BACKTEST,KrakenBTCUSDResearchStrategy-000,BTC/USD.KRAKEN,KRAKEN-001,O-20250705-224000-BACKTEST-000-695,O-20250706-012500-BACKTEST-000-696,BUY,FLAT,0.00000000,0.01180124,1751755200000000000,2025-07-05 22:40:00+00:00,1751765100000000000,2025-07-06 01:25:00+00:00,9900000000000,108178.01,108096.0,['10.21 USD'],-0.00076,-11.18 USD,True
BTC/USD.KRAKEN-KrakenBTCUSDResearchStrategy-000-b7d7e14f-fabd-4fac-8e27-1cce2a03755c,KRAKEN-BACKTEST,KrakenBTCUSDResearchStrategy-000,BTC/USD.KRAKEN,KRAKEN-001,O-20250706-123500-BACKTEST-000-697,O-20250706-182500-BACKTEST-000-698,BUY,FLAT,0.00000000,0.01177684,1751805300000000000,2025-07-06 12:35:00+00:00,1751826300000000000,2025-07-06 18:25:00+00:00,21000000000000,108117.56000000001,108554.78,['10.20 USD'],0.00404,-5.05 USD,True
BTC/USD.KRAKEN-KrakenBTCUSDResearchStrategy-000-9a0cf7e7-5a10-4cc8-8735-98f66820c949,KRAKEN-BACKTEST,KrakenBTCUSDResearchStrategy-000,BTC/USD.KRAKEN,KRAKEN-001,O-20250706-212000-BACKTEST-000-699,O-20250707-004000-BACKTEST-000-700,BUY,FLAT,0.00000000,0.01166664,1751836800000000000,2025-07-06 21:20:00+00:00,1751848800000000000,2025-07-07 00:40:00+00:00,12000000000000,109009.02,108847.16,['10.17 USD'],-0.00148,-12.06 USD,True
BTC/USD.KRAKEN-KrakenBTCUSDResearchStrategy-000-1230a9b3-b40b-497d-8536-7cd41755a504,KRAKEN-BACKTEST,KrakenBTCUSDResearchStrategy-000,BTC/USD.KRAKEN,KRAKEN-001,O-20250707-032500-BACKTEST-000-701,O-20250707-034500-BACKTEST-000-702,BUY,FLAT,0.00000000,0.01156903,1751858700000000000,2025-07-07 03:25:00+00:00,1751859900000000000,2025-07-07 03:45:00+00:00,1200000000000,109615.99,109450.01,['10.13 USD'],-0.00151,-12.05 USD,True
BTC/USD.KRAKEN-KrakenBTCUSDResearchStrategy-000-31462eb4-1066-4a76-a93a-f980fddadd67,KRAKEN-BACKTEST,KrakenBTCUSDResearchStrategy-000,BTC/USD.KRAKEN,KRAKEN-001,O-20250708-002500-BACKTEST-000-703,O-20250708-010000-BACKTEST-000-704,BUY,FLAT,0.00000000,0.01166276,1751934300000000000,2025-07-08 00:25:00+00:00,1751936400000000000,2025-07-08 01:00:00+00:00,2100000000000,108425.06,108236.73999999999,['10.11 USD'],-0.00174,-12.31 USD,True
BTC/USD.KRAKEN-KrakenBTCUSDResearchStrategy-000-1c8c9de4-3382-4161-a584-ae526c411270,KRAKEN-BACKTEST,KrakenBTCUSDResearchStrategy-000,BTC/USD.KRAKEN,KRAKEN-001,O-20250708-055000-BACKTEST-000-705,O-20250708-141500-BACKTEST-000-706,BUY,FLAT,0.00000000,0.01165310,1751953800000000000,2025-07-08 05:50:00+00:00,1751984100000000000,2025-07-08 14:15:00+00:00,30300000000000,108197.99,108587.0,['10.10 USD'],0.0036,-5.57 USD,True
BTC/USD.KRAKEN-KrakenBTCUSDResearchStrategy-000-5ccdf6bf-8552-4037-af44-9241a8685b99,KRAKEN-BACKTEST,KrakenBTCUSDResearchStrategy-000,BTC/USD.KRAKEN,KRAKEN-001,O-20250708-185500-BACKTEST-000-707,O-20250708-192500-BACKTEST-000-708,BUY,FLAT,0.00000000,0.01153644,1752000900000000000,2025-07-08 18:55:00+00:00,1752002700000000000,2025-07-08 19:25:00+00:00,1800000000000,109147.56,108950.0,['10.07 USD'],-0.00181,-12.35 USD,True
BTC/USD.KRAKEN-KrakenBTCUSDResearchStrategy-000-7aa6f2fd-6575-4313-bce8-f3e82b0e7fa6,KRAKEN-BACKTEST,KrakenBTCUSDResearchStrategy-000,BTC/USD.KRAKEN,KRAKEN-001,O-20250709-010000-BACKTEST-000-709,O-20250709-012000-BACKTEST-000-710,BUY,FLAT,0.00000000,0.01151655,1752022800000000000,2025-07-09 01:00:00+00:00,1752024000000000000,2025-07-09 01:20:00+00:00,1200000000000,109014.63,108861.1,['10.03 USD'],-0.00141,-11.80 USD,True
BTC/USD.KRAKEN-KrakenBTCUSDResearchStrategy-000-33195449-d732-4b6e-8272-94162a499262,KRAKEN-BACKTEST,KrakenBTCUSDResearchStrategy-000,BTC/USD.KRAKEN,KRAKEN-001,O-20250709-104000-BACKTEST-000-711,O-20250709-142500-BACKTEST-000-712,BUY,FLAT,0.00000000,0.01149807,1752057600000000000,2025-07-09 10:40:00+00:00,1752071100000000000,2025-07-09 14:25:00+00:00,13500000000000,108881.93,108908.94,['10.02 USD'],0.00025,-9.71 USD,True
BTC/USD.KRAKEN-KrakenBTCUSDResearchStrategy-000-c7361ddf-0689-4af1-986e-a6aacb1e3f9c,KRAKEN-BACKTEST,KrakenBTCUSDResearchStrategy-000,BTC/USD.KRAKEN,KRAKEN-001,O-20250709-191000-BACKTEST-000-713,O-20250710-052000-BACKTEST-000-714,BUY,FLAT,0.00000000,0.01139028,1752088200000000000,2025-07-09 19:10:00+00:00,1752124800000000000,2025-07-10 05:20:00+00:00,36600000000000,109656.59,110940.26,['10.05 USD'],0.01171,4.57 USD,True
BTC/USD.KRAKEN-KrakenBTCUSDResearchStrategy-000-a38d9844-7aeb-4463-9b38-fdae1a4c5992,KRAKEN-BACKTEST,KrakenBTCUSDResearchStrategy-000,BTC/USD.KRAKEN,KRAKEN-001,O-20250710-155500-BACKTEST-000-715,O-20250711-133000-BACKTEST-000-716,BUY,FLAT,0.00000000,0.01122348,1752162900000000000,2025-07-10 15:55:00+00:00,1752240600000000000,2025-07-11 13:30:00+00:00,77700000000000,111408.4,117396.0,['10.27 USD'],0.05374,56.93 USD,True
BTC/USD.KRAKEN-KrakenBTCUSDResearchStrategy-000-d07e900e-0959-4854-a9c6-54e1682f7898,KRAKEN-BACKTEST,KrakenBTCUSDResearchStrategy-000,BTC/USD.KRAKEN,KRAKEN-001,O-20250711-192000-BACKTEST-000-717,O-20250711-205500-BACKTEST-000-718,BUY,FLAT,0.00000000,0.01073428,1752261600000000000,2025-07-11 19:20:00+00:00,1752267300000000000,2025-07-11 20:55:00+00:00,5700000000000,118076.78,117664.46,['10.12 USD'],-0.00349,-14.55 USD,True
BTC/USD.KRAKEN-KrakenBTCUSDResearchStrategy-000-66dd344f-e084-4e2a-9035-0e41a3ea60cd,KRAKEN-BACKTEST,KrakenBTCUSDResearchStrategy-000,BTC/USD.KRAKEN,KRAKEN-001,O-20250712-031500-BACKTEST-000-719,O-20250712-034500-BACKTEST-000-720,BUY,FLAT,0.00000000,0.01072063,1752290100000000000,2025-07-12 03:15:00+00:00,1752291900000000000,2025-07-12 03:45:00+00:00,1800000000000,117820.0,117675.99,['10.10 USD'],-0.00122,-11.64 USD,True
BTC/USD.KRAKEN-KrakenBTCUSDResearchStrategy-000-b98cb303-53bd-4c0d-88ef-ed0f15f0b28c,KRAKEN-BACKTEST,KrakenBTCUSDResearchStrategy-000,BTC/USD.KRAKEN,KRAKEN-001,O-20250712-062500-BACKTEST-000-721,O-20250712-074000-BACKTEST-000-722,BUY,FLAT,0.00000000,0.01068283,1752301500000000000,2025-07-12 06:25:00+00:00,1752306000000000000,2025-07-12 07:40:00+00:00,4500000000000,117910.0,117733.48,['10.07 USD'],-0.0015,-11.96 USD,True
BTC/USD.KRAKEN-KrakenBTCUSDResearchStrategy-000-2ae1f8bc-f423-4cb8-aebc-680f4d03cd5f,KRAKEN-BACKTEST,KrakenBTCUSDResearchStrategy-000,BTC/USD.KRAKEN,KRAKEN-001,O-20250712-094500-BACKTEST-000-723,O-20250712-114000-BACKTEST-000-724,BUY,FLAT,0.00000000,0.01063889,1752313500000000000,2025-07-12 09:45:00+00:00,1752320400000000000,2025-07-12 11:40:00+00:00,6900000000000,118060.0,117676.3,['10.03 USD'],-0.00325,-14.11 USD,True
BTC/USD.KRAKEN-KrakenBTCUSDResearchStrategy-000-401c9ce9-1008-40dc-b9fd-63fd0eaeb0a5,KRAKEN-BACKTEST,KrakenBTCUSDResearchStrategy-000,BTC/USD.KRAKEN,KRAKEN-001,O-20250713-025000-BACKTEST-000-725,O-20250713-093500-BACKTEST-000-726,BUY,FLAT,0.00000000,0.01064027,1752375000000000000,2025-07-13 02:50:00+00:00,1752399300000000000,2025-07-13 09:35:00+00:00,24300000000000,117646.85,117700.0,['10.02 USD'],0.00045,-9.45 USD,True
BTC/USD.KRAKEN-KrakenBTCUSDResearchStrategy-000-3cad84ad-2891-4313-899c-d74be3245899,KRAKEN-BACKTEST,KrakenBTCUSDResearchStrategy-000,BTC/USD.KRAKEN,KRAKEN-001,O-20250713-112500-BACKTEST-000-727,O-20250713-113000-BACKTEST-000-728,BUY,FLAT,0.00000000,0.01057904,1752405900000000000,2025-07-13 11:25:00+00:00,1752406200000000000,2025-07-13 11:30:00+00:00,300000000000,118059.85,117955.25,['9.99 USD'],-0.00089,-11.10 USD,True
BTC/USD.KRAKEN-KrakenBTCUSDResearchStrategy-000-307dfc84-e499-4cda-9235-823927114a83,KRAKEN-BACKTEST,KrakenBTCUSDResearchStrategy-000,BTC/USD.KRAKEN,KRAKEN-001,O-20250713-125000-BACKTEST-000-729,O-20250713-131000-BACKTEST-000-730,BUY,FLAT,0.00000000,0.01051063,1752411000000000000,2025-07-13 12:50:00+00:00,1752412200000000000,2025-07-13 13:10:00+00:00,1200000000000,118511.34999999999,118175.01,['9.95 USD'],-0.00284,-13.49 USD,True
BTC/USD.KRAKEN-KrakenBTCUSDResearchStrategy-000-20083ef2-0ec8-4084-bd3e-7c758741ad34,KRAKEN-BACKTEST,KrakenBTCUSDResearchStrategy-000,BTC/USD.KRAKEN,KRAKEN-001,O-20250713-141500-BACKTEST-000-731,O-20250713-144000-BACKTEST-000-732,BUY,FLAT,0.00000000,0.01041021,1752416100000000000,2025-07-13 14:15:00+00:00,1752417600000000000,2025-07-13 14:40:00+00:00,1500000000000,119265.87,118735.07,['9.91 USD'],-0.00445,-15.44 USD,True
BTC/USD.KRAKEN-KrakenBTCUSDResearchStrategy-000-6059645c-98ab-4d77-93fd-aabb18dfe573,KRAKEN-BACKTEST,KrakenBTCUSDResearchStrategy-000,BTC/USD.KRAKEN,KRAKEN-001,O-20250713-192000-BACKTEST-000-733,O-20250713-200000-BACKTEST-000-734,BUY,FLAT,0.00000000,0.01037876,1752434400000000000,2025-07-13 19:20:00+00:00,1752436800000000000,2025-07-13 20:00:00+00:00,2400000000000,119181.28,118836.0,['9.88 USD'],-0.0029,-13.46 USD,True
BTC/USD.KRAKEN-KrakenBTCUSDResearchStrategy-000-0077a4a9-203b-49c6-8e49-31f0cd200a6f,KRAKEN-BACKTEST,KrakenBTCUSDResearchStrategy-000,BTC/USD.KRAKEN,KRAKEN-001,O-20250714-022000-BACKTEST-000-735,O-20250714-112000-BACKTEST-000-736,BUY,FLAT,0.00000000,0.01030782,1752459600000000000,2025-07-14 02:20:00+00:00,1752492000000000000,2025-07-14 11:20:00+00:00,32400000000000,119609.77000000002,121388.23999999999,['9.94 USD'],0.01487,8.39 USD,True
BTC/USD.KRAKEN-KrakenBTCUSDResearchStrategy-000-4057a745-e4f7-4d28-ba72-34974f034c8a,KRAKEN-BACKTEST,KrakenBTCUSDResearchStrategy-000,BTC/USD.KRAKEN,KRAKEN-001,O-20250715-134000-BACKTEST-000-737,O-20250715-143000-BACKTEST-000-738,BUY,FLAT,0.00000000,0.01044472,1752586800000000000,2025-07-15 13:40:00+00:00,1752589800000000000,2025-07-15 14:30:00+00:00,3000000000000,118282.95999999999,117301.95999999999,['9.84 USD'],-0.00829,-20.09 USD,True
BTC/USD.KRAKEN-KrakenBTCUSDResearchStrategy-000-a8453737-7b37-4bb0-8f4e-90b68d6b83ae,KRAKEN-BACKTEST,KrakenBTCUSDResearchStrategy-000,BTC/USD.KRAKEN,KRAKEN-001,O-20250715-224000-BACKTEST-000-739,O-20250716-020000-BACKTEST-000-740,BUY,FLAT,0.00000000,0.01044267,1752619200000000000,2025-07-15 22:40:00+00:00,1752631200000000000,2025-07-16 02:00:00+00:00,12000000000000,117729.27,117436.56,['9.83 USD'],-0.00249,-12.89 USD,True
BTC/USD.KRAKEN-KrakenBTCUSDResearchStrategy-000-f815ad8c-e13c-43fb-b0cd-0210f8abd196,KRAKEN-BACKTEST,KrakenBTCUSDResearchStrategy-000,BTC/USD.KRAKEN,KRAKEN-001,O-20250716-062000-BACKTEST-000-741,O-20250716-130000-BACKTEST-000-742,BUY,FLAT,0.00000000,0.01037920,1752646800000000000,2025-07-16 06:20:00+00:00,1752670800000000000,2025-07-16 13:00:00+00:00,24000000000000,118076.65000000001,118488.97000000002,['9.82 USD'],0.00349,-5.54 USD,True
BTC/USD.KRAKEN-KrakenBTCUSDResearchStrategy-000-52366b0b-0ad2-4a92-9caa-f1bf690378b2,KRAKEN-BACKTEST,KrakenBTCUSDResearchStrategy-000,BTC/USD.KRAKEN,KRAKEN-001,O-20250716-150000-BACKTEST-000-743,O-20250716-160500-BACKTEST-000-744,BUY,FLAT,0.00000000,0.01025790,1752678000000000000,2025-07-16 15:00:00+00:00,1752681900000000000,2025-07-16 16:05:00+00:00,3900000000000,119310.91,118613.53,['9.77 USD'],-0.00585,-16.92 USD,True
BTC/USD.KRAKEN-KrakenBTCUSDResearchStrategy-000-b7037563-32c4-4c4c-a529-59a1ddc51528,KRAKEN-BACKTEST,KrakenBTCUSDResearchStrategy-000,BTC/USD.KRAKEN,KRAKEN-001,O-20250716-184500-BACKTEST-000-745,O-20250716-191000-BACKTEST-000-746,BUY,FLAT,0.00000000,0.01017213,1752691500000000000,2025-07-16 18:45:00+00:00,1752693000000000000,2025-07-16 19:10:00+00:00,1500000000000,119817.86000000002,119213.77000000002,['9.73 USD'],-0.00504,-15.87 USD,True
BTC/USD.KRAKEN-KrakenBTCUSDResearchStrategy-000-42a4adf2-01c8-40c8-811a-27f1fcbdaa72,KRAKEN-BACKTEST,KrakenBTCUSDResearchStrategy-000,BTC/USD.KRAKEN,KRAKEN-001,O-20250716-204000-BACKTEST-000-747,O-20250716-214000-BACKTEST-000-748,BUY,FLAT,0.00000000,0.01012371,1752698400000000000,2025-07-16 20:40:00+00:00,1752702000000000000,2025-07-16 21:40:00+00:00,3600000000000,119920.71,119391.02999999998,['9.69 USD'],-0.00442,-15.05 USD,True
BTC/USD.KRAKEN-KrakenBTCUSDResearchStrategy-000-a4c037c5-7e5b-449f-874b-d11a87b742d3,KRAKEN-BACKTEST,KrakenBTCUSDResearchStrategy-000,BTC/USD.KRAKEN,KRAKEN-001,O-20250717-154000-BACKTEST-000-749,O-20250717-161000-BACKTEST-000-750,BUY,FLAT,0.00000000,0.01015783,1752766800000000000,2025-07-17 15:40:00+00:00,1752768600000000000,2025-07-17 16:10:00+00:00,1800000000000,119073.45000000001,118658.84999999999,['9.66 USD'],-0.00348,-13.87 USD,True
BTC/USD.KRAKEN-KrakenBTCUSDResearchStrategy-000-f59cec5c-d0d2-4879-bb4e-8d5f86cb637f,KRAKEN-BACKTEST,KrakenBTCUSDResearchStrategy-000,BTC/USD.KRAKEN,KRAKEN-001,O-20250717-175500-BACKTEST-000-751,O-20250717-200000-BACKTEST-000-752,BUY,FLAT,0.00000000,0.01010692,1752774900000000000,2025-07-17 17:55:00+00:00,1752782400000000000,2025-07-17 20:00:00+00:00,7500000000000,119261.49999999999,118747.91999999998,['9.62 USD'],-0.00431,-14.81 USD,True
BTC/USD.KRAKEN-KrakenBTCUSDResearchStrategy-000-b73701cc-362d-4b6d-8b37-78c840115f34,KRAKEN-BACKTEST,KrakenBTCUSDResearchStrategy-000,BTC/USD.KRAKEN,KRAKEN-001,O-20250717-211000-BACKTEST-000-753,O-20250717-231500-BACKTEST-000-754,BUY,FLAT,0.00000000,0.01000219,1752786600000000000,2025-07-17 21:10:00+00:00,1752794100000000000,2025-07-17 23:15:00+00:00,7500000000000,120065.99,119486.70999999999,['9.58 USD'],-0.00482,-15.37 USD,True
BTC/USD.KRAKEN-KrakenBTCUSDResearchStrategy-000-11661a04-8a8e-4e9c-b9ea-58f3344a0a37,KRAKEN-BACKTEST,KrakenBTCUSDResearchStrategy-000,BTC/USD.KRAKEN,KRAKEN-001,O-20250719-014000-BACKTEST-000-755,O-20250719-062500-BACKTEST-000-756,BUY,FLAT,0.00000000,0.01013568,1752889200000000000,2025-07-19 01:40:00+00:00,1752906300000000000,2025-07-19 06:25:00+00:00,17100000000000,118029.79999999999,118065.79999999999,['9.58 USD'],0.00031,-9.22 USD,True
BTC/USD.KRAKEN-KrakenBTCUSDResearchStrategy-000-404bd26d-f150-488a-b50f-0461b8585784,KRAKEN-BACKTEST,KrakenBTCUSDResearchStrategy-000,BTC/USD.KRAKEN,KRAKEN-001,O-20250719-094500-BACKTEST-000-757,O-20250719-100500-BACKTEST-000-758,BUY,FLAT,0.00000000,0.01008679,1752918300000000000,2025-07-19 09:45:00+00:00,1752919500000000000,2025-07-19 10:05:00+00:00,1200000000000,118327.98999999999,118185.24999999999,['9.54 USD'],-0.00121,-10.98 USD,True
BTC/USD.KRAKEN-KrakenBTCUSDResearchStrategy-000-24f734be-d616-4144-8194-b9b007be1836,KRAKEN-BACKTEST,KrakenBTCUSDResearchStrategy-000,BTC/USD.KRAKEN,KRAKEN-001,O-20250720-012000-BACKTEST-000-759,O-20250720-020000-BACKTEST-000-760,BUY,FLAT,0.00000000,0.01007776,1752974400000000000,2025-07-20 01:20:00+00:00,1752976800000000000,2025-07-20 02:00:00+00:00,2400000000000,118107.15,117900.0,['9.51 USD'],-0.00175,-11.60 USD,True
BTC/USD.KRAKEN-KrakenBTCUSDResearchStrategy-000-a02fb139-50dc-42b4-9d6d-5bfc7dfb94a0,KRAKEN-BACKTEST,KrakenBTCUSDResearchStrategy-000,BTC/USD.KRAKEN,KRAKEN-001,O-20250720-074000-BACKTEST-000-761,O-20250720-075000-BACKTEST-000-762,BUY,FLAT,0.00000000,0.01003910,1752997200000000000,2025-07-20 07:40:00+00:00,1752997800000000000,2025-07-20 07:50:00+00:00,600000000000,118215.3,118036.01,['9.49 USD'],-0.00152,-11.29 USD,True
BTC/USD.KRAKEN-KrakenBTCUSDResearchStrategy-000-ad3f5fdb-c4d6-48e8-9a0a-b1c5bd23183f,KRAKEN-BACKTEST,KrakenBTCUSDResearchStrategy-000,BTC/USD.KRAKEN,KRAKEN-001,O-20250720-135000-BACKTEST-000-763,O-20250720-174000-BACKTEST-000-764,BUY,FLAT,0.00000000,0.00999984,1753019400000000000,2025-07-20 13:50:00+00:00,1753033200000000000,2025-07-20 17:40:00+00:00,13800000000000,118340.71,118216.36,['9.46 USD'],-0.00105,-10.70 USD,True
BTC/USD.KRAKEN-KrakenBTCUSDResearchStrategy-000-1edce9c8-7898-4d4b-af2a-08f719d34a78,KRAKEN-BACKTEST,KrakenBTCUSDResearchStrategy-000,BTC/USD.KRAKEN,KRAKEN-001,O-20250721-030000-BACKTEST-000-765,O-20250721-094000-BACKTEST-000-766,BUY,FLAT,0.00000000,0.00997107,1753066800000000000,2025-07-21 03:00:00+00:00,1753090800000000000,2025-07-21 09:40:00+00:00,24000000000000,118359.98000000001,118617.0,['9.45 USD'],0.00217,-6.89 USD,True
BTC/USD.KRAKEN-KrakenBTCUSDResearchStrategy-000-b47cface-4384-4adc-b200-0a9cda76a97c,KRAKEN-BACKTEST,KrakenBTCUSDResearchStrategy-000,BTC/USD.KRAKEN,KRAKEN-001,O-20250722-065500-BACKTEST-000-767,O-20250722-135000-BACKTEST-000-768,BUY,FLAT,0.00000000,0.00999691,1753167300000000000,2025-07-22 06:55:00+00:00,1753192200000000000,2025-07-22 13:50:00+00:00,24900000000000,117847.26000000001,118300.01000000001,['9.44 USD'],0.00384,-4.91 USD,True
BTC/USD.KRAKEN-KrakenBTCUSDResearchStrategy-000-a95e8174-be9b-447e-9aa5-17d0a72aaa75,KRAKEN-BACKTEST,KrakenBTCUSDResearchStrategy-000,BTC/USD.KRAKEN,KRAKEN-001,O-20250722-185000-BACKTEST-000-769,O-20250722-192000-BACKTEST-000-770,BUY,FLAT,0.00000000,0.00980641,1753210200000000000,2025-07-22 18:50:00+00:00,1753212000000000000,2025-07-22 19:20:00+00:00,1800000000000,119985.99,119496.41,['9.40 USD'],-0.00408,-14.20 USD,True
BTC/USD.KRAKEN-KrakenBTCUSDResearchStrategy-000-41779f8b-69e7-4180-ae42-a9001cf2c7af,KRAKEN-BACKTEST,KrakenBTCUSDResearchStrategy-000,BTC/USD.KRAKEN,KRAKEN-001,O-20250722-231000-BACKTEST-000-771,O-20250722-235000-BACKTEST-000-772,BUY,FLAT,0.00000000,0.00975351,1753225800000000000,2025-07-22 23:10:00+00:00,1753228200000000000,2025-07-22 23:50:00+00:00,2400000000000,120199.98999999999,119860.0,['9.37 USD'],-0.00283,-12.69 USD,True
BTC/USD.KRAKEN-KrakenBTCUSDResearchStrategy-000-a95460ff-f1c5-4ce5-9c06-355563056606,KRAKEN-BACKTEST,KrakenBTCUSDResearchStrategy-000,BTC/USD.KRAKEN,KRAKEN-001,O-20250723-230000-BACKTEST-000-773,O-20250724-034500-BACKTEST-000-774,BUY,FLAT,0.00000000,0.00984605,1753311600000000000,2025-07-23 23:00:00+00:00,1753328700000000000,2025-07-24 03:45:00+00:00,17100000000000,118684.04,118680.98,['9.34 USD'],-3e-05,-9.37 USD,True
BTC/USD.KRAKEN-KrakenBTCUSDResearchStrategy-000-645b4703-fd04-484f-979b-7999c91369cd,KRAKEN-BACKTEST,KrakenBTCUSDResearchStrategy-000,BTC/USD.KRAKEN,KRAKEN-001,O-20250724-090000-BACKTEST-000-775,O-20250724-093500-BACKTEST-000-776,BUY,FLAT,0.00000000,0.00981158,1753347600000000000,2025-07-24 09:00:00+00:00,1753349700000000000,2025-07-24 09:35:00+00:00,2100000000000,118814.45999999999,118430.43000000001,['9.31 USD'],-0.00323,-13.08 USD,True
BTC/USD.KRAKEN-KrakenBTCUSDResearchStrategy-000-a104a994-97f2-4edb-9ad6-0a39f802591c,KRAKEN-BACKTEST,KrakenBTCUSDResearchStrategy-000,BTC/USD.KRAKEN,KRAKEN-001,O-20250724-145000-BACKTEST-000-777,O-20250724-163500-BACKTEST-000-778,BUY,FLAT,0.00000000,0.00977362,1753368600000000000,2025-07-24 14:50:00+00:00,1753374900000000000,2025-07-24 16:35:00+00:00,6300000000000,118874.38,118473.31999999999,['9.28 USD'],-0.00337,-13.20 USD,True
BTC/USD.KRAKEN-KrakenBTCUSDResearchStrategy-000-9d7762ed-9bf5-4fa1-9ef0-cef04f63df05,KRAKEN-BACKTEST,KrakenBTCUSDResearchStrategy-000,BTC/USD.KRAKEN,KRAKEN-001,O-20250725-110500-BACKTEST-000-779,O-20250725-122000-BACKTEST-000-780,BUY,FLAT,0.00000000,0.00992771,1753441500000000000,2025-07-25 11:05:00+00:00,1753446000000000000,2025-07-25 12:20:00+00:00,4500000000000,116630.43999999999,116263.94,['9.25 USD'],-0.00314,-12.89 USD,True
BTC/USD.KRAKEN-KrakenBTCUSDResearchStrategy-000-1735aba0-0daf-4aaa-92e4-281156a8781c,KRAKEN-BACKTEST,KrakenBTCUSDResearchStrategy-000,BTC/USD.KRAKEN,KRAKEN-001,O-20250725-184000-BACKTEST-000-781,O-20250726-062000-BACKTEST-000-782,BUY,FLAT,0.00000000,0.00990577,1753468800000000000,2025-07-25 18:40:00+00:00,1753510800000000000,2025-07-26 06:20:00+00:00,42000000000000,116498.34999999999,117327.44,['9.27 USD'],0.00712,-1.06 USD,True
BTC/USD.KRAKEN-KrakenBTCUSDResearchStrategy-000-ef4f7926-c73d-4024-ba2e-93c7a7227472,KRAKEN-BACKTEST,KrakenBTCUSDResearchStrategy-000,BTC/USD.KRAKEN,KRAKEN-001,O-20250726-084500-BACKTEST-000-783,O-20250726-092500-BACKTEST-000-784,BUY,FLAT,0.00000000,0.00981339,1753519500000000000,2025-07-26 08:45:00+00:00,1753521900000000000,2025-07-26 09:25:00+00:00,2400000000000,117562.71,117478.5,['9.22 USD'],-0.00072,-10.05 USD,True
BTC/USD.KRAKEN-KrakenBTCUSDResearchStrategy-000-b9fe2dfe-3fbb-4bd2-b286-7ee9eb88643d,KRAKEN-BACKTEST,KrakenBTCUSDResearchStrategy-000,BTC/USD.KRAKEN,KRAKEN-001,O-20250726-101000-BACKTEST-000-785,O-20250726-202500-BACKTEST-000-786,BUY,FLAT,0.00000000,0.00978283,1753524600000000000,2025-07-26 10:10:00+00:00,1753561500000000000,2025-07-26 20:25:00+00:00,36900000000000,117621.78,117940.76000000001,['9.22 USD'],0.00271,-6.10 USD,True
BTC/USD.KRAKEN-KrakenBTCUSDResearchStrategy-000-79b33280-b332-4def-b1a2-a77306a1844d,KRAKEN-BACKTEST,KrakenBTCUSDResearchStrategy-000,BTC/USD.KRAKEN,KRAKEN-001,O-20250727-025000-BACKTEST-000-787,O-20250727-030500-BACKTEST-000-788,BUY,FLAT,0.00000000,0.00971045,1753584600000000000,2025-07-27 02:50:00+00:00,1753585500000000000,2025-07-27 03:05:00+00:00,900000000000,118310.01,118091.45,['9.19 USD'],-0.00185,-11.31 USD,True
BTC/USD.KRAKEN-KrakenBTCUSDResearchStrategy-000-dc7cd3ef-12ab-4e86-8aa9-2332fa1c183b,KRAKEN-BACKTEST,KrakenBTCUSDResearchStrategy-000,BTC/USD.KRAKEN,KRAKEN-001,O-20250727-141000-BACKTEST-000-789,O-20250727-205000-BACKTEST-000-790,BUY,FLAT,0.00000000,0.00968298,1753625400000000000,2025-07-27 14:10:00+00:00,1753649400000000000,2025-07-27 20:50:00+00:00,24000000000000,118295.23999999999,118770.43999999999,['9.18 USD'],0.00402,-4.58 USD,True
BTC/USD.KRAKEN-KrakenBTCUSDResearchStrategy-000-0730563a-eb53-4a62-a1af-ac5038b66009,KRAKEN-BACKTEST,KrakenBTCUSDResearchStrategy-000,BTC/USD.KRAKEN,KRAKEN-001,O-20250727-220000-BACKTEST-000-791,O-20250727-231000-BACKTEST-000-792,BUY,FLAT,0.00000000,0.00957194,1753653600000000000,2025-07-27 22:00:00+00:00,1753657800000000000,2025-07-27 23:10:00+00:00,4200000000000,119524.0,119227.98999999999,['9.14 USD'],-0.00248,-11.97 USD,True
BTC/USD.KRAKEN-KrakenBTCUSDResearchStrategy-000-b8c407d3-0160-471d-a77b-a8ea5998dedf,KRAKEN-BACKTEST,KrakenBTCUSDResearchStrategy-000,BTC/USD.KRAKEN,KRAKEN-001,O-20250729-034000-BACKTEST-000-793,O-20250729-100500-BACKTEST-000-794,BUY,FLAT,0.00000000,0.00962464,1753760400000000000,2025-07-29 03:40:00+00:00,1753783500000000000,2025-07-29 10:05:00+00:00,23100000000000,118496.1,118568.46999999999,['9.12 USD'],0.00061,-8.42 USD,True
BTC/USD.KRAKEN-KrakenBTCUSDResearchStrategy-000-e2909424-3ba5-45a1-948b-38acc486fe40,KRAKEN-BACKTEST,KrakenBTCUSDResearchStrategy-000,BTC/USD.KRAKEN,KRAKEN-001,O-20250730-021000-BACKTEST-000-795,O-20250730-050500-BACKTEST-000-796,BUY,FLAT,0.00000000,0.00963572,1753841400000000000,2025-07-30 02:10:00+00:00,1753851900000000000,2025-07-30 05:05:00+00:00,10500000000000,118097.73,117911.19,['9.09 USD'],-0.00158,-10.89 USD,True
BTC/USD.KRAKEN-KrakenBTCUSDResearchStrategy-000-1715e7d9-26ee-4856-89a3-7e1bf86a92a2,KRAKEN-BACKTEST,KrakenBTCUSDResearchStrategy-000,BTC/USD.KRAKEN,KRAKEN-001,O-20250730-064000-BACKTEST-000-797,O-20250730-075500-BACKTEST-000-798,BUY,FLAT,0.00000000,0.00959163,1753857600000000000,2025-07-30 06:40:00+00:00,1753862100000000000,2025-07-30 07:55:00+00:00,4500000000000,118299.98999999999,118123.01,['9.07 USD'],-0.0015,-10.77 USD,True
BTC/USD.KRAKEN-KrakenBTCUSDResearchStrategy-000-cd9b118f-2bf7-4b63-9b1b-f0ddc5f3ae33,KRAKEN-BACKTEST,KrakenBTCUSDResearchStrategy-000,BTC/USD.KRAKEN,KRAKEN-001,O-20250730-233000-BACKTEST-000-799,O-20250731-112500-BACKTEST-000-800,BUY,FLAT,0.00000000,0.00961508,1753918200000000000,2025-07-30 23:30:00+00:00,1753961100000000000,2025-07-31 11:25:00+00:00,42900000000000,117675.45999999999,118420.0,['9.08 USD'],0.00633,-1.92 USD,True
BTC/USD.KRAKEN-KrakenBTCUSDResearchStrategy-000-a13e771b-4e90-4d96-bd2f-90d52dfdcff0,KRAKEN-BACKTEST,KrakenBTCUSDResearchStrategy-000,BTC/USD.KRAKEN,KRAKEN-001,O-20250801-124000-BACKTEST-000-801,O-20250801-133000-BACKTEST-000-802,BUY,FLAT,0.00000000,0.00975890,1754052000000000000,2025-08-01 12:40:00+00:00,1754055000000000000,2025-08-01 13:30:00+00:00,3000000000000,115882.18,115409.94,['9.03 USD'],-0.00408,-13.64 USD,True
BTC/USD.KRAKEN-KrakenBTCUSDResearchStrategy-000-30412506-cf5b-41f4-b2bd-409c425e213d,KRAKEN-BACKTEST,KrakenBTCUSDResearchStrategy-000,BTC/USD.KRAKEN,KRAKEN-001,O-20250802-042500-BACKTEST-000-803,O-20250802-051000-BACKTEST-000-804,BUY,FLAT,0.00000000,0.00988468,1754108700000000000,2025-08-02 04:25:00+00:00,1754111400000000000,2025-08-02 05:10:00+00:00,2700000000000,113993.56000000001,113886.37000000001,['9.01 USD'],-0.00094,-10.07 USD,True
BTC/USD.KRAKEN-KrakenBTCUSDResearchStrategy-000-e90ebd70-ec12-49d7-922e-e248a3904001,KRAKEN-BACKTEST,KrakenBTCUSDResearchStrategy-000,BTC/USD.KRAKEN,KRAKEN-001,O-20250803-012500-BACKTEST-000-805,O-20250803-142000-BACKTEST-000-806,BUY,FLAT,0.00000000,0.00992720,1754184300000000000,2025-08-03 01:25:00+00:00,1754230800000000000,2025-08-03 14:20:00+00:00,46500000000000,113201.01000000001,113719.99,['9.02 USD'],0.00458,-3.87 USD,True
BTC/USD.KRAKEN-KrakenBTCUSDResearchStrategy-000-8b6abce2-b3eb-4a20-a177-bd8a0cc56401,KRAKEN-BACKTEST,KrakenBTCUSDResearchStrategy-000,BTC/USD.KRAKEN,KRAKEN-001,O-20250803-171000-BACKTEST-000-807,O-20250803-174000-BACKTEST-000-808,BUY,FLAT,0.00000000,0.00983637,1754241000000000000,2025-08-03 17:10:00+00:00,1754242800000000000,2025-08-03 17:40:00+00:00,1800000000000,114128.26999999999,113955.69,['8.97 USD'],-0.00151,-10.67 USD,True
BTC/USD.KRAKEN-KrakenBTCUSDResearchStrategy-000-446f784c-9c7a-4ae8-b012-4e1b22290dfb,KRAKEN-BACKTEST,KrakenBTCUSDResearchStrategy-000,BTC/USD.KRAKEN,KRAKEN-001,O-20250803-182500-BACKTEST-000-809,O-20250803-222000-BACKTEST-000-810,BUY,FLAT,0.00000000,0.00979339,1754245500000000000,2025-08-03 18:25:00+00:00,1754259600000000000,2025-08-03 22:20:00+00:00,14100000000000,114302.3,114095.93,['8.95 USD'],-0.00181,-10.97 USD,True
BTC/USD.KRAKEN-KrakenBTCUSDResearchStrategy-000-54b929cc-d9a4-430a-864c-7a92260283ea,KRAKEN-BACKTEST,KrakenBTCUSDResearchStrategy-000,BTC/USD.KRAKEN,KRAKEN-001,O-20250804-004500-BACKTEST-000-811,O-20250804-020500-BACKTEST-000-812,BUY,FLAT,0.00000000,0.00972188,1754268300000000000,2025-08-04 00:45:00+00:00,1754273100000000000,2025-08-04 02:05:00+00:00,4800000000000,114804.62000000001,114434.65,['8.91 USD'],-0.00322,-12.51 USD,True
BTC/USD.KRAKEN-KrakenBTCUSDResearchStrategy-000-1ebe3b35-03d5-4c54-9665-dead338a692a,KRAKEN-BACKTEST,KrakenBTCUSDResearchStrategy-000,BTC/USD.KRAKEN,KRAKEN-001,O-20250804-074500-BACKTEST-000-813,O-20250804-082500-BACKTEST-000-814,BUY,FLAT,0.00000000,0.00969139,1754293500000000000,2025-08-04 07:45:00+00:00,1754295900000000000,2025-08-04 08:25:00+00:00,2400000000000,114778.5,114459.93,['8.89 USD'],-0.00278,-11.98 USD,True
BTC/USD.KRAKEN-KrakenBTCUSDResearchStrategy-000-5bb8fe97-4b0c-44b9-88fd-2dc8db81841d,KRAKEN-BACKTEST,KrakenBTCUSDResearchStrategy-000,BTC/USD.KRAKEN,KRAKEN-001,O-20250804-135500-BACKTEST-000-815,O-20250804-190000-BACKTEST-000-816,BUY,FLAT,0.00000000,0.00964872,1754315700000000000,2025-08-04 13:55:00+00:00,1754334000000000000,2025-08-04 19:00:00+00:00,18300000000000,114913.88,114913.89,['8.88 USD'],0.0,-8.88 USD,True
BTC/USD.KRAKEN-KrakenBTCUSDResearchStrategy-000-dc00fdcd-e19a-4226-9ddd-75ff8fe28d09,KRAKEN-BACKTEST,KrakenBTCUSDResearchStrategy-000,BTC/USD.KRAKEN,KRAKEN-001,O-20250804-225500-BACKTEST-000-817,O-20250804-234500-BACKTEST-000-818,BUY,FLAT,0.00000000,0.00959116,1754348100000000000,2025-08-04 22:55:00+00:00,1754351100000000000,2025-08-04 23:45:00+00:00,3000000000000,115325.88,115105.95,['8.84 USD'],-0.00191,-10.95 USD,True
BTC/USD.KRAKEN-KrakenBTCUSDResearchStrategy-000-98c32028-f3ae-49e9-8d4b-27a7f57755c6,KRAKEN-BACKTEST,KrakenBTCUSDResearchStrategy-000,BTC/USD.KRAKEN,KRAKEN-001,O-20250805-102500-BACKTEST-000-819,O-20250805-121500-BACKTEST-000-820,BUY,FLAT,0.00000000,0.00959310,1754389500000000000,2025-08-05 10:25:00+00:00,1754396100000000000,2025-08-05 12:15:00+00:00,6600000000000,114960.03,114725.74,['8.81 USD'],-0.00204,-11.06 USD,True
BTC/USD.KRAKEN-KrakenBTCUSDResearchStrategy-000-f9b6a340-c2b8-43fd-be8a-fa9521b4905e,KRAKEN-BACKTEST,KrakenBTCUSDResearchStrategy-000,BTC/USD.KRAKEN,KRAKEN-001,O-20250805-202500-BACKTEST-000-821,O-20250805-203500-BACKTEST-000-822,BUY,FLAT,0.00000000,0.00964566,1754425500000000000,2025-08-05 20:25:00+00:00,1754426100000000000,2025-08-05 20:35:00+00:00,600000000000,113989.91,113650.14,['8.78 USD'],-0.00298,-12.06 USD,True
BTC/USD.KRAKEN-KrakenBTCUSDResearchStrategy-000-51cb9e87-a82e-4a6c-a3cf-0a830cadc88e,KRAKEN-BACKTEST,KrakenBTCUSDResearchStrategy-000,BTC/USD.KRAKEN,KRAKEN-001,O-20250805-230000-BACKTEST-000-823,O-20250806-003000-BACKTEST-000-824,BUY,FLAT,0.00000000,0.00960701,1754434800000000000,2025-08-05 23:00:00+00:00,1754440200000000000,2025-08-06 00:30:00+00:00,5400000000000,114071.99,113882.86,['8.76 USD'],-0.00166,-10.58 USD,True
BTC/USD.KRAKEN-KrakenBTCUSDResearchStrategy-000-769ecae0-a643-418e-a31c-d246471caaa6,KRAKEN-BACKTEST,KrakenBTCUSDResearchStrategy-000,BTC/USD.KRAKEN,KRAKEN-001,O-20250806-145500-BACKTEST-000-825,O-20250806-203500-BACKTEST-000-826,BUY,FLAT,0.00000000,0.00948638,1754492100000000000,2025-08-06 14:55:00+00:00,1754512500000000000,2025-08-06 20:35:00+00:00,20400000000000,115187.96,115007.48000000001,['8.73 USD'],-0.00157,-10.44 USD,True
BTC/USD.KRAKEN-KrakenBTCUSDResearchStrategy-000-0463cd43-fe28-4d74-ac14-a5507cfb230c,KRAKEN-BACKTEST,KrakenBTCUSDResearchStrategy-000,BTC/USD.KRAKEN,KRAKEN-001,O-20250807-080000-BACKTEST-000-827,O-20250807-164000-BACKTEST-000-828,BUY,FLAT,0.00000000,0.00947557,1754553600000000000,2025-08-07 08:00:00+00:00,1754584800000000000,2025-08-07 16:40:00+00:00,31200000000000,114988.54000000001,116100.01,['8.76 USD'],0.00967,1.77 USD,True
BTC/USD.KRAKEN-KrakenBTCUSDResearchStrategy-000-43cd49cd-aa4a-47dc-a070-5f7cdc8393f2,KRAKEN-BACKTEST,KrakenBTCUSDResearchStrategy-000,BTC/USD.KRAKEN,KRAKEN-001,O-20250807-193500-BACKTEST-000-829,O-20250808-001500-BACKTEST-000-830,BUY,FLAT,0.00000000,0.00932549,1754595300000000000,2025-08-07 19:35:00+00:00,1754612100000000000,2025-08-08 00:15:00+00:00,16800000000000,116896.0,116878.05,['8.72 USD'],-0.00015,-8.89 USD,True
BTC/USD.KRAKEN-KrakenBTCUSDResearchStrategy-000-8694d94c-1076-4b11-994c-de00b69ddccc,KRAKEN-BACKTEST,KrakenBTCUSDResearchStrategy-000,BTC/USD.KRAKEN,KRAKEN-001,O-20250808-140000-BACKTEST-000-831,O-20250808-141000-BACKTEST-000-832,BUY,FLAT,0.00000000,0.00928451,1754661600000000000,2025-08-08 14:00:00+00:00,1754662200000000000,2025-08-08 14:10:00+00:00,600000000000,117125.0,116763.59,['8.69 USD'],-0.00309,-12.05 USD,True
BTC/USD.KRAKEN-KrakenBTCUSDResearchStrategy-000-8ee08ebb-ff4e-404c-9974-7a4eebd72b7f,KRAKEN-BACKTEST,KrakenBTCUSDResearchStrategy-000,BTC/USD.KRAKEN,KRAKEN-001,O-20250808-214000-BACKTEST-000-833,O-20250808-231500-BACKTEST-000-834,BUY,FLAT,0.00000000,0.00926591,1754689200000000000,2025-08-08 21:40:00+00:00,1754694900000000000,2025-08-08 23:15:00+00:00,5700000000000,116970.0,116858.64,['8.67 USD'],-0.00095,-9.70 USD,True
BTC/USD.KRAKEN-KrakenBTCUSDResearchStrategy-000-d2fc2edc-250d-4210-a733-c33e6f974011,KRAKEN-BACKTEST,KrakenBTCUSDResearchStrategy-000,BTC/USD.KRAKEN,KRAKEN-001,O-20250809-084000-BACKTEST-000-835,O-20250809-084500-BACKTEST-000-836,BUY,FLAT,0.00000000,0.00922639,1754728800000000000,2025-08-09 08:40:00+00:00,1754729100000000000,2025-08-09 08:45:00+00:00,300000000000,117155.65000000001,116982.12,['8.64 USD'],-0.00148,-10.24 USD,True
BTC/USD.KRAKEN-KrakenBTCUSDResearchStrategy-000-d3f4b700-48ec-4407-a955-445fc1739abb,KRAKEN-BACKTEST,KrakenBTCUSDResearchStrategy-000,BTC/USD.KRAKEN,KRAKEN-001,O-20250809-095500-BACKTEST-000-837,O-20250809-111000-BACKTEST-000-838,BUY,FLAT,0.00000000,0.00917235,1754733300000000000,2025-08-09 09:55:00+00:00,1754737800000000000,2025-08-09 11:10:00+00:00,4500000000000,117510.87,117233.11,['8.61 USD'],-0.00236,-11.16 USD,True
BTC/USD.KRAKEN-KrakenBTCUSDResearchStrategy-000-b2493028-50ae-468b-b651-61e070bc18d7,KRAKEN-BACKTEST,KrakenBTCUSDResearchStrategy-000,BTC/USD.KRAKEN,KRAKEN-001,O-20250810-023000-BACKTEST-000-839,O-20250810-074000-BACKTEST-000-840,BUY,FLAT,0.00000000,0.00918894,1754793000000000000,2025-08-10 02:30:00+00:00,1754811600000000000,2025-08-10 07:40:00+00:00,18600000000000,116934.37000000001,117638.95,['8.62 USD'],0.00603,-2.15 USD,True
BTC/USD.KRAKEN-KrakenBTCUSDResearchStrategy-000-d0e34433-ec59-49dd-90ed-d9bce53263ab,KRAKEN-BACKTEST,KrakenBTCUSDResearchStrategy-000,BTC/USD.KRAKEN,KRAKEN-001,O-20250810-114500-BACKTEST-000-841,O-20250810-172000-BACKTEST-000-842,BUY,FLAT,0.00000000,0.00906518,1754826300000000000,2025-08-10 11:45:00+00:00,1754846400000000000,2025-08-10 17:20:00+00:00,20100000000000,118460.0,118465.31000000001,['8.60 USD'],4e-05,-8.55 USD,True
BTC/USD.KRAKEN-KrakenBTCUSDResearchStrategy-000-5d5e7ba7-da9f-4e09-965a-07e670d7a9b6,KRAKEN-BACKTEST,KrakenBTCUSDResearchStrategy-000,BTC/USD.KRAKEN,KRAKEN-001,O-20250810-225000-BACKTEST-000-843,O-20250811-092500-BACKTEST-000-844,BUY,FLAT,0.00000000,0.00900322,1754866200000000000,2025-08-10 22:50:00+00:00,1754904300000000000,2025-08-11 09:25:00+00:00,38100000000000,118990.36,121294.79000000001,['8.66 USD'],0.01937,12.09 USD,True
BTC/USD.KRAKEN-KrakenBTCUSDResearchStrategy-000-35e95a26-84f3-49aa-8c7c-40d7821bccb4,KRAKEN-BACKTEST,KrakenBTCUSDResearchStrategy-000,BTC/USD.KRAKEN,KRAKEN-001,O-20250812-133000-BACKTEST-000-845,O-20250812-134000-BACKTEST-000-846,BUY,FLAT,0.00000000,0.00899395,1755005400000000000,2025-08-12 13:30:00+00:00,1755006000000000000,2025-08-12 13:40:00+00:00,600000000000,119515.98999999999,118742.52,['8.57 USD'],-0.00647,-15.53 USD,True
BTC/USD.KRAKEN-KrakenBTCUSDResearchStrategy-000-417fe834-6822-44c0-ae12-fec3318cd5b7,KRAKEN-BACKTEST,KrakenBTCUSDResearchStrategy-000,BTC/USD.KRAKEN,KRAKEN-001,O-20250812-152500-BACKTEST-000-847,O-20250812-172500-BACKTEST-000-848,BUY,FLAT,0.00000000,0.00893604,1755012300000000000,2025-08-12 15:25:00+00:00,1755019500000000000,2025-08-12 17:25:00+00:00,7200000000000,119769.05,119412.45,['8.55 USD'],-0.00298,-11.74 USD,True
BTC/USD.KRAKEN-KrakenBTCUSDResearchStrategy-000-b9f3fb24-51ec-46d2-a1e9-5de70b171ac9,KRAKEN-BACKTEST,KrakenBTCUSDResearchStrategy-000,BTC/USD.KRAKEN,KRAKEN-001,O-20250812-204500-BACKTEST-000-849,O-20250812-213000-BACKTEST-000-850,BUY,FLAT,0.00000000,0.00887101,1755031500000000000,2025-08-12 20:45:00+00:00,1755034200000000000,2025-08-12 21:30:00+00:00,2700000000000,120249.99,119852.03000000001,['8.52 USD'],-0.00331,-12.05 USD,True
BTC/USD.KRAKEN-KrakenBTCUSDResearchStrategy-000-2228aec4-77f4-4660-ba95-2bb3766d7495,KRAKEN-BACKTEST,KrakenBTCUSDResearchStrategy-000,BTC/USD.KRAKEN,KRAKEN-001,O-20250813-083000-BACKTEST-000-851,O-20250813-151500-BACKTEST-000-852,BUY,FLAT,0.00000000,0.00886765,1755073800000000000,2025-08-13 08:30:00+00:00,1755098100000000000,2025-08-13 15:15:00+00:00,24300000000000,119887.98999999999,120475.14000000001,['8.52 USD'],0.0049,-3.31 USD,True
BTC/USD.KRAKEN-KrakenBTCUSDResearchStrategy-000-9910a31e-a59f-43eb-80a0-475dfa374faf,KRAKEN-BACKTEST,KrakenBTCUSDResearchStrategy-000,BTC/USD.KRAKEN,KRAKEN-001,O-20250813-191500-BACKTEST-000-853,O-20250814-041000-BACKTEST-000-854,BUY,FLAT,0.00000000,0.00870206,1755112500000000000,2025-08-13 19:15:00+00:00,1755144600000000000,2025-08-14 04:10:00+00:00,32100000000000,122055.17,123126.38,['8.54 USD'],0.00878,0.78 USD,True
BTC/USD.KRAKEN-KrakenBTCUSDResearchStrategy-000-a192a6bb-e7f5-46a8-85b4-54ad06f5b597,KRAKEN-BACKTEST,KrakenBTCUSDResearchStrategy-000,BTC/USD.KRAKEN,KRAKEN-001,O-20250815-015000-BACKTEST-000-855,O-20250815-055000-BACKTEST-000-856,BUY,FLAT,0.00000000,0.00894773,1755222600000000000,2025-08-15 01:50:00+00:00,1755237000000000000,2025-08-15 05:50:00+00:00,14400000000000,118730.11000000002,118665.58999999998,['8.50 USD'],-0.00054,-9.08 USD,True
BTC/USD.KRAKEN-KrakenBTCUSDResearchStrategy-000-f2681467-e14f-46f7-bddd-ba554c6b30ad,KRAKEN-BACKTEST,KrakenBTCUSDResearchStrategy-000,BTC/USD.KRAKEN,KRAKEN-001,O-20250816-014500-BACKTEST-000-857,O-20250816-020000-BACKTEST-000-858,BUY,FLAT,0.00000000,0.00898997,1755308700000000000,2025-08-16 01:45:00+00:00,1755309600000000000,2025-08-16 02:00:00+00:00,900000000000,117869.6,117645.93,['8.47 USD'],-0.0019,-10.48 USD,True
BTC/USD.KRAKEN-KrakenBTCUSDResearchStrategy-000-07a33566-1349-49d2-9abd-b908b666c07c,KRAKEN-BACKTEST,KrakenBTCUSDResearchStrategy-000,BTC/USD.KRAKEN,KRAKEN-001,O-20250816-125500-BACKTEST-000-859,O-20250816-140500-BACKTEST-000-860,BUY,FLAT,0.00000000,0.00897260,1755348900000000000,2025-08-16 12:55:00+00:00,1755353100000000000,2025-08-16 14:05:00+00:00,4200000000000,117747.36,117588.43,['8.45 USD'],-0.00135,-9.88 USD,True
BTC/USD.KRAKEN-KrakenBTCUSDResearchStrategy-000-3ccd03bf-3f6f-49a0-aa3e-aeed9866d69c,KRAKEN-BACKTEST,KrakenBTCUSDResearchStrategy-000,BTC/USD.KRAKEN,KRAKEN-001,O-20250817-033500-BACKTEST-000-861,O-20250817-130500-BACKTEST-000-862,BUY,FLAT,0.00000000,0.00895412,1755401700000000000,2025-08-17 03:35:00+00:00,1755435900000000000,2025-08-17 13:05:00+00:00,34200000000000,117659.41,118109.74999999999,['8.44 USD'],0.00383,-4.41 USD,True
BTC/USD.KRAKEN-KrakenBTCUSDResearchStrategy-000-8e2c1867-303d-4025-a848-714b201f96e6,KRAKEN-BACKTEST,KrakenBTCUSDResearchStrategy-000,BTC/USD.KRAKEN,KRAKEN-001,O-20250818-153500-BACKTEST-000-863,O-20250818-232500-BACKTEST-000-864,BUY,FLAT,0.00000000,0.00908490,1755531300000000000,2025-08-18 15:35:00+00:00,1755559500000000000,2025-08-18 23:25:00+00:00,28200000000000,115820.01,116285.74,['8.44 USD'],0.00402,-4.21 USD,True
BTC/USD.KRAKEN-KrakenBTCUSDResearchStrategy-000-6ad0ff97-6b9b-4dd3-baa5-242fac52564c,KRAKEN-BACKTEST,KrakenBTCUSDResearchStrategy-000,BTC/USD.KRAKEN,KRAKEN-001,O-20250819-111000-BACKTEST-000-865,O-20250819-123000-BACKTEST-000-866,BUY,FLAT,0.00000000,0.00909146,1755601800000000000,2025-08-19 11:10:00+00:00,1755606600000000000,2025-08-19 12:30:00+00:00,4800000000000,115597.53,115410.69,['8.40 USD'],-0.00162,-10.10 USD,True
BTC/USD.KRAKEN-KrakenBTCUSDResearchStrategy-000-c8db6546-7725-455f-bd5f-adb8fe0d0c92,KRAKEN-BACKTEST,KrakenBTCUSDResearchStrategy-000,BTC/USD.KRAKEN,KRAKEN-001,O-20250820-032500-BACKTEST-000-867,O-20250820-075500-BACKTEST-000-868,BUY,FLAT,0.00000000,0.00922386,1755660300000000000,2025-08-20 03:25:00+00:00,1755676500000000000,2025-08-20 07:55:00+00:00,16200000000000,113609.70999999999,113490.13,['8.38 USD'],-0.00105,-9.48 USD,True
BTC/USD.KRAKEN-KrakenBTCUSDResearchStrategy-000-59ae2765-c395-4f34-bd44-3a0fc18de304,KRAKEN-BACKTEST,KrakenBTCUSDResearchStrategy-000,BTC/USD.KRAKEN,KRAKEN-001,O-20250820-224000-BACKTEST-000-869,O-20250820-231500-BACKTEST-000-870,BUY,FLAT,0.00000000,0.00912574,1755729600000000000,2025-08-20 22:40:00+00:00,1755731700000000000,2025-08-20 23:15:00+00:00,2100000000000,114519.61,114244.87,['8.35 USD'],-0.0024,-10.86 USD,True
BTC/USD.KRAKEN-KrakenBTCUSDResearchStrategy-000-75d98dc4-c65b-41c6-86a0-66818c4162c1,KRAKEN-BACKTEST,KrakenBTCUSDResearchStrategy-000,BTC/USD.KRAKEN,KRAKEN-001,O-20250821-015500-BACKTEST-000-871,O-20250821-020500-BACKTEST-000-872,BUY,FLAT,0.00000000,0.00908062,1755741300000000000,2025-08-21 01:55:00+00:00,1755741900000000000,2025-08-21 02:05:00+00:00,600000000000,114729.94,114445.11,['8.33 USD'],-0.00248,-10.92 USD,True
BTC/USD.KRAKEN-KrakenBTCUSDResearchStrategy-000-95931fec-df72-49e1-83d2-401b39164d83,KRAKEN-BACKTEST,KrakenBTCUSDResearchStrategy-000,BTC/USD.KRAKEN,KRAKEN-001,O-20250822-014000-BACKTEST-000-873,O-20250822-045000-BACKTEST-000-874,BUY,FLAT,0.00000000,0.00919784,1755826800000000000,2025-08-22 01:40:00+00:00,1755838200000000000,2025-08-22 04:50:00+00:00,11400000000000,112911.52,112827.62,['8.30 USD'],-0.00074,-9.07 USD,True
BTC/USD.KRAKEN-KrakenBTCUSDResearchStrategy-000-6134ba1d-5eaf-49ad-8a62-7caced0dc39e,KRAKEN-BACKTEST,KrakenBTCUSDResearchStrategy-000,BTC/USD.KRAKEN,KRAKEN-001,O-20250822-141000-BACKTEST-000-875,O-20250823-013000-BACKTEST-000-876,BUY,FLAT,0.00000000,0.00899151,1755871800000000000,2025-08-22 14:10:00+00:00,1755912600000000000,2025-08-23 01:30:00+00:00,40800000000000,115200.0,116532.01,['8.33 USD'],0.01156,3.65 USD,True
BTC/USD.KRAKEN-KrakenBTCUSDResearchStrategy-000-a8c27170-f3dc-4120-ac3a-a0ac4339ff37,KRAKEN-BACKTEST,KrakenBTCUSDResearchStrategy-000,BTC/USD.KRAKEN,KRAKEN-001,O-20250823-205500-BACKTEST-000-877,O-20250823-210500-BACKTEST-000-878,BUY,FLAT,0.00000000,0.00899119,1755982500000000000,2025-08-23 20:55:00+00:00,1755983100000000000,2025-08-23 21:05:00+00:00,600000000000,115325.81,115129.90000000001,['8.29 USD'],-0.0017,-10.05 USD,True
BTC/USD.KRAKEN-KrakenBTCUSDResearchStrategy-000-8d269ab3-c07c-4c5f-a3af-3ebff0eea4f6,KRAKEN-BACKTEST,KrakenBTCUSDResearchStrategy-000,BTC/USD.KRAKEN,KRAKEN-001,O-20250823-234500-BACKTEST-000-879,O-20250824-023500-BACKTEST-000-880,BUY,FLAT,0.00000000,0.00896362,1755992700000000000,2025-08-23 23:45:00+00:00,1756002900000000000,2025-08-24 02:35:00+00:00,10200000000000,115343.90000000001,115239.64,['8.27 USD'],-0.0009,-9.20 USD,True
BTC/USD.KRAKEN-KrakenBTCUSDResearchStrategy-000-a6ba305b-79a2-49dc-ba93-c5bad37e2332,KRAKEN-BACKTEST,KrakenBTCUSDResearchStrategy-000,BTC/USD.KRAKEN,KRAKEN-001,O-20250825-144500-BACKTEST-000-881,O-20250825-190000-BACKTEST-000-882,BUY,FLAT,0.00000000,0.00918340,1756133100000000000,2025-08-25 14:45:00+00:00,1756148400000000000,2025-08-25 19:00:00+00:00,15300000000000,112282.56999999999,112187.84,['8.24 USD'],-0.00084,-9.11 USD,True
BTC/USD.KRAKEN-KrakenBTCUSDResearchStrategy-000-b602c89f-9570-47d9-a60b-65c85523bd5a,KRAKEN-BACKTEST,KrakenBTCUSDResearchStrategy-000,BTC/USD.KRAKEN,KRAKEN-001,O-20250826-183500-BACKTEST-000-883,O-20250827-013500-BACKTEST-000-884,BUY,FLAT,0.00000000,0.00929537,1756233300000000000,2025-08-26 18:35:00+00:00,1756258500000000000,2025-08-27 01:35:00+00:00,25200000000000,110635.99,111168.0,['8.24 USD'],0.00481,-3.29 USD,True
BTC/USD.KRAKEN-KrakenBTCUSDResearchStrategy-000-6fbf3137-41fb-4a11-9bf0-f4207a0d3545,KRAKEN-BACKTEST,KrakenBTCUSDResearchStrategy-000,BTC/USD.KRAKEN,KRAKEN-001,O-20250827-114500-BACKTEST-000-885,O-20250827-124000-BACKTEST-000-886,BUY,FLAT,0.00000000,0.00922877,1756295100000000000,2025-08-27 11:45:00+00:00,1756298400000000000,2025-08-27 12:40:00+00:00,3300000000000,111327.51,111067.75,['8.21 USD'],-0.00233,-10.61 USD,True
BTC/USD.KRAKEN-KrakenBTCUSDResearchStrategy-000-feeee284-d7e0-400d-aa76-95a310bf8b5d,KRAKEN-BACKTEST,KrakenBTCUSDResearchStrategy-000,BTC/USD.KRAKEN,KRAKEN-001,O-20250827-134000-BACKTEST-000-887,O-20250827-191000-BACKTEST-000-888,BUY,FLAT,0.00000000,0.00918019,1756302000000000000,2025-08-27 13:40:00+00:00,1756321800000000000,2025-08-27 19:10:00+00:00,19800000000000,111569.86,111677.02,['8.20 USD'],0.00096,-7.22 USD,True
BTC/USD.KRAKEN-KrakenBTCUSDResearchStrategy-000-6ae2fd7a-0557-4f26-a2ad-54559fbc969d,KRAKEN-BACKTEST,KrakenBTCUSDResearchStrategy-000,BTC/USD.KRAKEN,KRAKEN-001,O-20250828-040500-BACKTEST-000-889,O-20250828-134500-BACKTEST-000-890,BUY,FLAT,0.00000000,0.00911831,1756353900000000000,2025-08-28 04:05:00+00:00,1756388700000000000,2025-08-28 13:45:00+00:00,34800000000000,112089.78,112740.01,['8.20 USD'],0.0058,-2.27 USD,True
BTC/USD.KRAKEN-KrakenBTCUSDResearchStrategy-000-a6b799b7-cd2b-4e59-a9fe-b1314f36898d,KRAKEN-BACKTEST,KrakenBTCUSDResearchStrategy-000,BTC/USD.KRAKEN,KRAKEN-001,O-20250828-235000-BACKTEST-000-891,O-20250829-000500-BACKTEST-000-892,BUY,FLAT,0.00000000,0.00907457,1756425000000000000,2025-08-28 23:50:00+00:00,1756425900000000000,2025-08-29 00:05:00+00:00,900000000000,112554.98999999999,112352.3,['8.17 USD'],-0.0018,-10.01 USD,True
BTC/USD.KRAKEN-KrakenBTCUSDResearchStrategy-000-3691e022-d120-4b94-8867-688fc7662818,KRAKEN-BACKTEST,KrakenBTCUSDResearchStrategy-000,BTC/USD.KRAKEN,KRAKEN-001,O-20250830-042000-BACKTEST-000-893,O-20250830-050000-BACKTEST-000-894,BUY,FLAT,0.00000000,0.00937825,1756527600000000000,2025-08-30 04:20:00+00:00,1756530000000000000,2025-08-30 05:00:00+00:00,2400000000000,108590.12,108391.99,['8.14 USD'],-0.00182,-10.00 USD,True
BTC/USD.KRAKEN-KrakenBTCUSDResearchStrategy-000-d0893924-8e70-445e-956d-4a9a446c6134,KRAKEN-BACKTEST,KrakenBTCUSDResearchStrategy-000,BTC/USD.KRAKEN,KRAKEN-001,O-20250830-082500-BACKTEST-000-895,O-20250830-084500-BACKTEST-000-896,BUY,FLAT,0.00000000,0.00933883,1756542300000000000,2025-08-30 08:25:00+00:00,1756543500000000000,2025-08-30 08:45:00+00:00,1200000000000,108727.25,108575.49,['8.12 USD'],-0.0014,-9.54 USD,True
BTC/USD.KRAKEN-KrakenBTCUSDResearchStrategy-000-9d99c456-e3b0-4186-8dd0-003a6dbc1da3,KRAKEN-BACKTEST,KrakenBTCUSDResearchStrategy-000,BTC/USD.KRAKEN,KRAKEN-001,O-20250830-152000-BACKTEST-000-897,O-20250830-183000-BACKTEST-000-898,BUY,FLAT,0.00000000,0.00930899,1756567200000000000,2025-08-30 15:20:00+00:00,1756578600000000000,2025-08-30 18:30:00+00:00,11400000000000,108768.34,108642.51,['8.10 USD'],-0.00116,-9.27 USD,True
BTC/USD.KRAKEN-KrakenBTCUSDResearchStrategy-000-df31d39f-a2fe-46a6-a07d-7765f9398296,KRAKEN-BACKTEST,KrakenBTCUSDResearchStrategy-000,BTC/USD.KRAKEN,KRAKEN-001,O-20250831-002500-BACKTEST-000-899,O-20250831-041000-BACKTEST-000-900,BUY,FLAT,0.00000000,0.00927383,1756599900000000000,2025-08-31 00:25:00+00:00,1756613400000000000,2025-08-31 04:10:00+00:00,13500000000000,108880.89,109015.05,['8.08 USD'],0.00123,-6.84 USD,True
BTC/USD.KRAKEN-KrakenBTCUSDResearchStrategy-000-de687307-43e4-43f5-b21a-ff9d7891b946,KRAKEN-BACKTEST,KrakenBTCUSDResearchStrategy-000,BTC/USD.KRAKEN,KRAKEN-001,O-20250831-090500-BACKTEST-000-901,O-20250831-092500-BACKTEST-000-902,BUY,FLAT,0.00000000,0.00923642,1756631100000000000,2025-08-31 09:05:00+00:00,1756632300000000000,2025-08-31 09:25:00+00:00,1200000000000,109099.99,108900.0,['8.05 USD'],-0.00183,-9.90 USD,True
BTC/USD.KRAKEN-KrakenBTCUSDResearchStrategy-000-0900f188-80a1-4c94-9e2b-63e869b55b9d,KRAKEN-BACKTEST,KrakenBTCUSDResearchStrategy-000,BTC/USD.KRAKEN,KRAKEN-001,O-20250831-164000-BACKTEST-000-903,O-20250831-223500-BACKTEST-000-904,BUY,FLAT,0.00000000,0.00922845,1756658400000000000,2025-08-31 16:40:00+00:00,1756679700000000000,2025-08-31 22:35:00+00:00,21300000000000,108872.71,108912.51,['8.04 USD'],0.00037,-7.67 USD,True
BTC/USD.KRAKEN-KrakenBTCUSDResearchStrategy-000-88add73e-3a28-42d0-980b-55a00647bef3,KRAKEN-BACKTEST,KrakenBTCUSDResearchStrategy-000,BTC/USD.KRAKEN,KRAKEN-001,O-20250901-072500-BACKTEST-000-905,O-20250901-103000-BACKTEST-000-906,BUY,FLAT,0.00000000,0.00924436,1756711500000000000,2025-09-01 07:25:00+00:00,1756722600000000000,2025-09-01 10:30:00+00:00,11100000000000,108436.12000000001,108545.74,['8.02 USD'],0.00101,-7.01 USD,True
BTC/USD.KRAKEN-KrakenBTCUSDResearchStrategy-000-69eeac5b-1b91-47bf-b120-8d4012c3f111,KRAKEN-BACKTEST,KrakenBTCUSDResearchStrategy-000,BTC/USD.KRAKEN,KRAKEN-001,O-20250902-014000-BACKTEST-000-907,O-20250902-111000-BACKTEST-000-908,BUY,FLAT,0.00000000,0.00913662,1756777200000000000,2025-09-02 01:40:00+00:00,1756811400000000000,2025-09-02 11:10:00+00:00,34200000000000,109484.94,110080.01,['8.02 USD'],0.00544,-2.58 USD,True
BTC/USD.KRAKEN-KrakenBTCUSDResearchStrategy-000-b26d935c-9e5b-490e-b938-06b456989fc4,KRAKEN-BACKTEST,KrakenBTCUSDResearchStrategy-000,BTC/USD.KRAKEN,KRAKEN-001,O-20250902-143000-BACKTEST-000-909,O-20250902-153500-BACKTEST-000-910,BUY,FLAT,0.00000000,0.00895365,1756823400000000000,2025-09-02 14:30:00+00:00,1756827300000000000,2025-09-02 15:35:00+00:00,3900000000000,111635.89,110953.62,['7.97 USD'],-0.00611,-14.08 USD,True
BTC/USD.KRAKEN-KrakenBTCUSDResearchStrategy-000-506b171d-dd41-458b-bff4-bb3756a07b77,KRAKEN-BACKTEST,KrakenBTCUSDResearchStrategy-000,BTC/USD.KRAKEN,KRAKEN-001,O-20250902-201500-BACKTEST-000-911,O-20250902-220000-BACKTEST-000-912,BUY,FLAT,0.00000000,0.00894497,1756844100000000000,2025-09-02 20:15:00+00:00,1756850400000000000,2025-09-02 22:00:00+00:00,6300000000000,111272.0,110974.56,['7.95 USD'],-0.00267,-10.61 USD,True
BTC/USD.KRAKEN-KrakenBTCUSDResearchStrategy-000-3d7d3b72-73b8-4210-b275-62f801b48c28,KRAKEN-BACKTEST,KrakenBTCUSDResearchStrategy-000,BTC/USD.KRAKEN,KRAKEN-001,O-20250903-001500-BACKTEST-000-913,O-20250903-005000-BACKTEST-000-914,BUY,FLAT,0.00000000,0.00889347,1756858500000000000,2025-09-03 00:15:00+00:00,1756860600000000000,2025-09-03 00:50:00+00:00,2100000000000,111558.45000000001,111305.66,['7.93 USD'],-0.00227,-10.18 USD,True
BTC/USD.KRAKEN-KrakenBTCUSDResearchStrategy-000-4ad0161d-0173-457d-bdc1-c210b3464214,KRAKEN-BACKTEST,KrakenBTCUSDResearchStrategy-000,BTC/USD.KRAKEN,KRAKEN-001,O-20250903-095500-BACKTEST-000-915,O-20250903-124500-BACKTEST-000-916,BUY,FLAT,0.00000000,0.00888570,1756893300000000000,2025-09-03 09:55:00+00:00,1756903500000000000,2025-09-03 12:45:00+00:00,10200000000000,111312.28000000001,111169.27,['7.91 USD'],-0.00128,-9.18 USD,True
BTC/USD.KRAKEN-KrakenBTCUSDResearchStrategy-000-19302404-c654-49ec-85ac-2412edf99829,KRAKEN-BACKTEST,KrakenBTCUSDResearchStrategy-000,BTC/USD.KRAKEN,KRAKEN-001,O-20250903-143500-BACKTEST-000-917,O-20250903-184500-BACKTEST-000-918,BUY,FLAT,0.00000000,0.00880767,1756910100000000000,2025-09-03 14:35:00+00:00,1756925100000000000,2025-09-03 18:45:00+00:00,15000000000000,111985.72,111824.01,['7.89 USD'],-0.00144,-9.31 USD,True
BTC/USD.KRAKEN-KrakenBTCUSDResearchStrategy-000-6cc357f2-7f9e-40f9-9c80-4d7814f5e036,KRAKEN-BACKTEST,KrakenBTCUSDResearchStrategy-000,BTC/USD.KRAKEN,KRAKEN-001,O-20250904-210000-BACKTEST-000-919,O-20250905-005500-BACKTEST-000-920,BUY,FLAT,0.00000000,0.00890574,1757019600000000000,2025-09-04 21:00:00+00:00,1757033700000000000,2025-09-05 00:55:00+00:00,14100000000000,110438.96,110451.62,['7.86 USD'],0.00011,-7.75 USD,True
BTC/USD.KRAKEN-KrakenBTCUSDResearchStrategy-000-d8f8d9b9-4557-44db-88f4-bc3bd5524302,KRAKEN-BACKTEST,KrakenBTCUSDResearchStrategy-000,BTC/USD.KRAKEN,KRAKEN-001,O-20250905-050500-BACKTEST-000-921,O-20250905-141000-BACKTEST-000-922,BUY,FLAT,0.00000000,0.00880007,1757048700000000000,2025-09-05 05:05:00+00:00,1757081400000000000,2025-09-05 14:10:00+00:00,32700000000000,111500.9,112235.56,['7.87 USD'],0.00659,-1.40 USD,True
BTC/USD.KRAKEN-KrakenBTCUSDResearchStrategy-000-59c4c64e-a059-4259-bb3d-ba39890417fb,KRAKEN-BACKTEST,KrakenBTCUSDResearchStrategy-000,BTC/USD.KRAKEN,KRAKEN-001,O-20250906-032500-BACKTEST-000-923,O-20250906-033000-BACKTEST-000-924,BUY,FLAT,0.00000000,0.00881611,1757129100000000000,2025-09-06 03:25:00+00:00,1757129400000000000,2025-09-06 03:30:00+00:00,300000000000,111250.01,111080.67,['7.84 USD'],-0.00152,-9.33 USD,True
BTC/USD.KRAKEN-KrakenBTCUSDResearchStrategy-000-66894f33-53a5-4df7-81ba-066a36d33257,KRAKEN-BACKTEST,KrakenBTCUSDResearchStrategy-000,BTC/USD.KRAKEN,KRAKEN-001,O-20250906-135500-BACKTEST-000-925,O-20250906-143500-BACKTEST-000-926,BUY,FLAT,0.00000000,0.00881577,1757166900000000000,2025-09-06 13:55:00+00:00,1757169300000000000,2025-09-06 14:35:00+00:00,2400000000000,110936.81999999999,110852.25,['7.82 USD'],-0.00076,-8.57 USD,True
BTC/USD.KRAKEN-KrakenBTCUSDResearchStrategy-000-9e987378-6183-4a7d-ae9b-d4bff507600c,KRAKEN-BACKTEST,KrakenBTCUSDResearchStrategy-000,BTC/USD.KRAKEN,KRAKEN-001,O-20250907-012500-BACKTEST-000-927,O-20250907-065500-BACKTEST-000-928,BUY,FLAT,0.00000000,0.00882748,1757208300000000000,2025-09-07 01:25:00+00:00,1757228100000000000,2025-09-07 06:55:00+00:00,19800000000000,110498.79000000001,110504.15000000001,['7.80 USD'],5e-05,-7.75 USD,True
BTC/USD.KRAKEN-KrakenBTCUSDResearchStrategy-000-01270d5b-bdd0-4ee9-936a-7c6bfe078ccf,KRAKEN-BACKTEST,KrakenBTCUSDResearchStrategy-000,BTC/USD.KRAKEN,KRAKEN-001,O-20250907-081500-BACKTEST-000-929,O-20250907-170500-BACKTEST-000-930,BUY,FLAT,0.00000000,0.00877038,1757232900000000000,2025-09-07 08:15:00+00:00,1757264700000000000,2025-09-07 17:05:00+00:00,31800000000000,110952.77,111121.33,['7.79 USD'],0.00152,-6.31 USD,True
BTC/USD.KRAKEN-KrakenBTCUSDResearchStrategy-000-5319cd0a-7113-4aae-805a-ee30174d7025,KRAKEN-BACKTEST,KrakenBTCUSDResearchStrategy-000,BTC/USD.KRAKEN,KRAKEN-001,O-20250907-231500-BACKTEST-000-931,O-20250907-235000-BACKTEST-000-932,BUY,FLAT,0.00000000,0.00871792,1757286900000000000,2025-09-07 23:15:00+00:00,1757289000000000000,2025-09-07 23:50:00+00:00,2100000000000,111403.20999999999,111123.81,['7.76 USD'],-0.00251,-10.20 USD,True
BTC/USD.KRAKEN-KrakenBTCUSDResearchStrategy-000-0cc6ba12-bfb8-4ab9-aae0-8c85b372c794,KRAKEN-BACKTEST,KrakenBTCUSDResearchStrategy-000,BTC/USD.KRAKEN,KRAKEN-001,O-20250908-071500-BACKTEST-000-933,O-20250908-175000-BACKTEST-000-934,BUY,FLAT,0.00000000,0.00869267,1757315700000000000,2025-09-08 07:15:00+00:00,1757353800000000000,2025-09-08 17:50:00+00:00,38100000000000,111375.19,112173.91,['7.77 USD'],0.00717,-0.83 USD,True
BTC/USD.KRAKEN-KrakenBTCUSDResearchStrategy-000-cfde5a1c-82b3-419c-80e9-035291bbe2a3,KRAKEN-BACKTEST,KrakenBTCUSDResearchStrategy-000,BTC/USD.KRAKEN,KRAKEN-001,O-20250909-055500-BACKTEST-000-935,O-20250909-113500-BACKTEST-000-936,BUY,FLAT,0.00000000,0.00862655,1757397300000000000,2025-09-09 05:55:00+00:00,1757417700000000000,2025-09-09 11:35:00+00:00,20400000000000,112200.0,112593.22,['7.76 USD'],0.0035,-4.37 USD,True
BTC/USD.KRAKEN-KrakenBTCUSDResearchStrategy-000-5bbddad5-1369-4289-8c2a-3c0b215aeff9,KRAKEN-BACKTEST,KrakenBTCUSDResearchStrategy-000,BTC/USD.KRAKEN,KRAKEN-001,O-20250910-042500-BACKTEST-000-937,O-20250910-050000-BACKTEST-000-938,BUY,FLAT,0.00000000,0.00866174,1757478300000000000,2025-09-10 04:25:00+00:00,1757480400000000000,2025-09-10 05:00:00+00:00,2100000000000,111592.81,111404.4,['7.73 USD'],-0.00169,-9.36 USD,True
BTC/USD.KRAKEN-KrakenBTCUSDResearchStrategy-000-e0b91a5c-3542-40bb-b775-59d96f9e80f5,KRAKEN-BACKTEST,KrakenBTCUSDResearchStrategy-000,BTC/USD.KRAKEN,KRAKEN-001,O-20250910-054000-BACKTEST-000-939,O-20250910-055000-BACKTEST-000-940,BUY,FLAT,0.00000000,0.00863192,1757482800000000000,2025-09-10 05:40:00+00:00,1757483400000000000,2025-09-10 05:50:00+00:00,600000000000,111652.98,111407.19,['7.71 USD'],-0.0022,-9.83 USD,True
BTC/USD.KRAKEN-KrakenBTCUSDResearchStrategy-000-0b3cb325-e844-424f-ae17-88100330aa18,KRAKEN-BACKTEST,KrakenBTCUSDResearchStrategy-000,BTC/USD.KRAKEN,KRAKEN-001,O-20250910-072000-BACKTEST-000-941,O-20250910-191000-BACKTEST-000-942,BUY,FLAT,0.00000000,0.00857803,1757488800000000000,2025-09-10 07:20:00+00:00,1757531400000000000,2025-09-10 19:10:00+00:00,42600000000000,112010.56999999999,113356.68,['7.73 USD'],0.01202,3.82 USD,True
BTC/USD.KRAKEN-KrakenBTCUSDResearchStrategy-000-5322db08-00bb-4bc0-9ab3-85aa0fc4ff7d,KRAKEN-BACKTEST,KrakenBTCUSDResearchStrategy-000,BTC/USD.KRAKEN,KRAKEN-001,O-20250910-220000-BACKTEST-000-943,O-20250910-224000-BACKTEST-000-944,BUY,FLAT,0.00000000,0.00844194,1757541600000000000,2025-09-10 22:00:00+00:00,1757544000000000000,2025-09-10 22:40:00+00:00,2400000000000,113952.01999999999,113761.11,['7.69 USD'],-0.00168,-9.30 USD,True
BTC/USD.KRAKEN-KrakenBTCUSDResearchStrategy-000-b2f7e85d-aa0f-4804-9ec8-f667f8d98e2d,KRAKEN-BACKTEST,KrakenBTCUSDResearchStrategy-000,BTC/USD.KRAKEN,KRAKEN-001,O-20250911-011000-BACKTEST-000-945,O-20250911-013500-BACKTEST-000-946,BUY,FLAT,0.00000000,0.00840962,1757553000000000000,2025-09-11 01:10:00+00:00,1757554500000000000,2025-09-11 01:35:00+00:00,1500000000000,114057.84999999999,113843.02,['7.67 USD'],-0.00188,-9.48 USD,True
BTC/USD.KRAKEN-KrakenBTCUSDResearchStrategy-000-b06e644a-d0f7-47be-95d9-48e7aa77931f,KRAKEN-BACKTEST,KrakenBTCUSDResearchStrategy-000,BTC/USD.KRAKEN,KRAKEN-001,O-20250911-034000-BACKTEST-000-947,O-20250911-052000-BACKTEST-000-948,BUY,FLAT,0.00000000,0.00837428,1757562000000000000,2025-09-11 03:40:00+00:00,1757568000000000000,2025-09-11 05:20:00+00:00,6000000000000,114200.0,113992.01,['7.65 USD'],-0.00182,-9.39 USD,True
BTC/USD.KRAKEN-KrakenBTCUSDResearchStrategy-000-deadde91-2843-4848-a7d1-ff167702633c,KRAKEN-BACKTEST,KrakenBTCUSDResearchStrategy-000,BTC/USD.KRAKEN,KRAKEN-001,O-20250911-221500-BACKTEST-000-949,O-20250912-033000-BACKTEST-000-950,BUY,FLAT,0.00000000,0.00831785,1757628900000000000,2025-09-11 22:15:00+00:00,1757647800000000000,2025-09-12 03:30:00+00:00,18900000000000,114636.05,115160.63,['7.64 USD'],0.00458,-3.28 USD,True
BTC/USD.KRAKEN-KrakenBTCUSDResearchStrategy-000-a14f1467-1b74-4174-b125-0abc72286635,KRAKEN-BACKTEST,KrakenBTCUSDResearchStrategy-000,BTC/USD.KRAKEN,KRAKEN-001,O-20250912-170500-BACKTEST-000-951,O-20250912-214500-BACKTEST-000-952,BUY,FLAT,0.00000000,0.00824465,1757696700000000000,2025-09-12 17:05:00+00:00,1757713500000000000,2025-09-12 21:45:00+00:00,16800000000000,115534.53,115771.83,['7.63 USD'],0.00205,-5.67 USD,True
BTC/USD.KRAKEN-KrakenBTCUSDResearchStrategy-000-d3ff6622-964d-47aa-b905-8c2732591eb7,KRAKEN-BACKTEST,KrakenBTCUSDResearchStrategy-000,BTC/USD.KRAKEN,KRAKEN-001,O-20250913-100500-BACKTEST-000-953,O-20250913-103000-BACKTEST-000-954,BUY,FLAT,0.00000000,0.00819119,1757757900000000000,2025-09-13 10:05:00+00:00,1757759400000000000,2025-09-13 10:30:00+00:00,1500000000000,116080.9,115960.77,['7.60 USD'],-0.00103,-8.58 USD,True
BTC/USD.KRAKEN-KrakenBTCUSDResearchStrategy-000-a328987a-6ecf-4029-9afb-e325adacd7d6,KRAKEN-BACKTEST,KrakenBTCUSDResearchStrategy-000,BTC/USD.KRAKEN,KRAKEN-001,O-20250914-020500-BACKTEST-000-955,O-20250914-023500-BACKTEST-000-956,BUY,FLAT,0.00000000,0.00817295,1757815500000000000,2025-09-14 02:05:00+00:00,1757817300000000000,2025-09-14 02:35:00+00:00,1800000000000,116025.0,115838.01,['7.58 USD'],-0.00161,-9.11 USD,True
BTC/USD.KRAKEN-KrakenBTCUSDResearchStrategy-000-d7c586a5-ca02-47f1-81f9-52fdee2c5b09,KRAKEN-BACKTEST,KrakenBTCUSDResearchStrategy-000,BTC/USD.KRAKEN,KRAKEN-001,O-20250914-083500-BACKTEST-000-957,O-20250914-112500-BACKTEST-000-958,BUY,FLAT,0.00000000,0.00815564,1757838900000000000,2025-09-14 08:35:00+00:00,1757849100000000000,2025-09-14 11:25:00+00:00,10200000000000,115936.16,115863.33,['7.56 USD'],-0.00063,-8.15 USD,True
BTC/USD.KRAKEN-KrakenBTCUSDResearchStrategy-000-44713516-9f1e-45e4-99af-b172af82721e,KRAKEN-BACKTEST,KrakenBTCUSDResearchStrategy-000,BTC/USD.KRAKEN,KRAKEN-001,O-20250914-201000-BACKTEST-000-959,O-20250914-202000-BACKTEST-000-960,BUY,FLAT,0.00000000,0.00814700,1757880600000000000,2025-09-14 20:10:00+00:00,1757881200000000000,2025-09-14 20:20:00+00:00,600000000000,115758.93000000001,115684.25,['7.54 USD'],-0.00065,-8.15 USD,True
BTC/USD.KRAKEN-KrakenBTCUSDResearchStrategy-000-aa57e78f-a0d2-42a4-bb2b-ff2e9596d85a,KRAKEN-BACKTEST,KrakenBTCUSDResearchStrategy-000,BTC/USD.KRAKEN,KRAKEN-001,O-20250914-212000-BACKTEST-000-961,O-20250914-231000-BACKTEST-000-962,BUY,FLAT,0.00000000,0.00811599,1757884800000000000,2025-09-14 21:20:00+00:00,1757891400000000000,2025-09-14 23:10:00+00:00,6600000000000,115899.99,115594.72,['7.51 USD'],-0.00263,-9.99 USD,True
BTC/USD.KRAKEN-KrakenBTCUSDResearchStrategy-000-ff0d8264-7079-4699-ac01-6368db3c9b16,KRAKEN-BACKTEST,KrakenBTCUSDResearchStrategy-000,BTC/USD.KRAKEN,KRAKEN-001,O-20250915-042000-BACKTEST-000-963,O-20250915-073500-BACKTEST-000-964,BUY,FLAT,0.00000000,0.00808802,1757910000000000000,2025-09-15 04:20:00+00:00,1757921700000000000,2025-09-15 07:35:00+00:00,11700000000000,115930.59,115871.93,['7.50 USD'],-0.00051,-7.97 USD,True
BTC/USD.KRAKEN-KrakenBTCUSDResearchStrategy-000-dad6d6b5-99c4-46d3-b5a2-c975d51a7a3a,KRAKEN-BACKTEST,KrakenBTCUSDResearchStrategy-000,BTC/USD.KRAKEN,KRAKEN-001,O-20250915-185000-BACKTEST-000-965,O-20250916-001000-BACKTEST-000-966,BUY,FLAT,0.00000000,0.00811379,1757962200000000000,2025-09-15 18:50:00+00:00,1757981400000000000,2025-09-16 00:10:00+00:00,19200000000000,115267.43000000001,115209.24,['7.48 USD'],-0.0005,-7.95 USD,True
BTC/USD.KRAKEN-KrakenBTCUSDResearchStrategy-000-9ec91d27-0164-459b-9799-0af33b4d56df,KRAKEN-BACKTEST,KrakenBTCUSDResearchStrategy-000,BTC/USD.KRAKEN,KRAKEN-001,O-20250916-050500-BACKTEST-000-967,O-20250916-092500-BACKTEST-000-968,BUY,FLAT,0.00000000,0.00805933,1757999100000000000,2025-09-16 05:05:00+00:00,1758014700000000000,2025-09-16 09:25:00+00:00,15600000000000,115750.0,115600.0,['7.46 USD'],-0.0013,-8.67 USD,True
BTC/USD.KRAKEN-KrakenBTCUSDResearchStrategy-000-4f19a7cb-0081-4c9c-89ed-3a5c855d933a,KRAKEN-BACKTEST,KrakenBTCUSDResearchStrategy-000,BTC/USD.KRAKEN,KRAKEN-001,O-20250916-165500-BACKTEST-000-969,O-20250917-032500-BACKTEST-000-970,BUY,FLAT,0.00000000,0.00801484,1758041700000000000,2025-09-16 16:55:00+00:00,1758079500000000000,2025-09-17 03:25:00+00:00,37800000000000,116068.06,116516.71,['7.46 USD'],0.00387,-3.86 USD,True
BTC/USD.KRAKEN-KrakenBTCUSDResearchStrategy-000-424d006c-4981-4277-beba-ab6d3d4dcb24,KRAKEN-BACKTEST,KrakenBTCUSDResearchStrategy-000,BTC/USD.KRAKEN,KRAKEN-001,O-20250917-055500-BACKTEST-000-971,O-20250917-082500-BACKTEST-000-972,BUY,FLAT,0.00000000,0.00793373,1758088500000000000,2025-09-17 05:55:00+00:00,1758097500000000000,2025-09-17 08:25:00+00:00,9000000000000,117108.3,116905.54,['7.43 USD'],-0.00173,-9.04 USD,True
BTC/USD.KRAKEN-KrakenBTCUSDResearchStrategy-000-29f3fa09-2dc6-4cbc-85a1-a0329f102b5b,KRAKEN-BACKTEST,KrakenBTCUSDResearchStrategy-000,BTC/USD.KRAKEN,KRAKEN-001,O-20250917-223500-BACKTEST-000-973,O-20250918-104000-BACKTEST-000-974,BUY,FLAT,0.00000000,0.00796239,1758148500000000000,2025-09-17 22:35:00+00:00,1758192000000000000,2025-09-18 10:40:00+00:00,43500000000000,116346.15000000001,117096.0,['7.44 USD'],0.00644,-1.47 USD,True
BTC/USD.KRAKEN-KrakenBTCUSDResearchStrategy-000-a48c876a-ea76-4024-86f9-bb82169b285f,KRAKEN-BACKTEST,KrakenBTCUSDResearchStrategy-000,BTC/USD.KRAKEN,KRAKEN-001,O-20250918-131000-BACKTEST-000-975,O-20250918-134000-BACKTEST-000-976,BUY,FLAT,0.00000000,0.00788804,1758201000000000000,2025-09-18 13:10:00+00:00,1758202800000000000,2025-09-18 13:40:00+00:00,1800000000000,117386.85,117171.06999999999,['7.40 USD'],-0.00184,-9.10 USD,True
BTC/USD.KRAKEN-KrakenBTCUSDResearchStrategy-000-280ee62e-1e6c-48e2-9619-b0e9725a0332,KRAKEN-BACKTEST,KrakenBTCUSDResearchStrategy-000,BTC/USD.KRAKEN,KRAKEN-001,O-20250918-142000-BACKTEST-000-977,O-20250918-151000-BACKTEST-000-978,BUY,FLAT,0.00000000,0.00783853,1758205200000000000,2025-09-18 14:20:00+00:00,1758208200000000000,2025-09-18 15:10:00+00:00,3000000000000,117780.01,117410.47,['7.37 USD'],-0.00314,-10.27 USD,True
BTC/USD.KRAKEN-KrakenBTCUSDResearchStrategy-000-e2396111-b959-4667-a363-0609d57f4dce,KRAKEN-BACKTEST,KrakenBTCUSDResearchStrategy-000,BTC/USD.KRAKEN,KRAKEN-001,O-20250920-065000-BACKTEST-000-979,O-20250920-093500-BACKTEST-000-980,BUY,FLAT,0.00000000,0.00795118,1758351000000000000,2025-09-20 06:50:00+00:00,1758360900000000000,2025-09-20 09:35:00+00:00,9900000000000,115724.33,115690.0,['7.36 USD'],-0.0003,-7.63 USD,True
BTC/USD.KRAKEN-KrakenBTCUSDResearchStrategy-000-d12a2f04-58a7-488e-b616-a59fea06a241,KRAKEN-BACKTEST,KrakenBTCUSDResearchStrategy-000,BTC/USD.KRAKEN,KRAKEN-001,O-20250920-144500-BACKTEST-000-981,O-20250920-161500-BACKTEST-000-982,BUY,FLAT,0.00000000,0.00791190,1758379500000000000,2025-09-20 14:45:00+00:00,1758384900000000000,2025-09-20 16:15:00+00:00,5400000000000,116009.5,115882.81999999999,['7.34 USD'],-0.00109,-8.34 USD,True
BTC/USD.KRAKEN-KrakenBTCUSDResearchStrategy-000-5f30229f-21ba-4d5e-bf99-a287e99db723,KRAKEN-BACKTEST,KrakenBTCUSDResearchStrategy-000,BTC/USD.KRAKEN,KRAKEN-001,O-20250921-075000-BACKTEST-000-983,O-20250921-080500-BACKTEST-000-984,BUY,FLAT,0.00000000,0.00790393,1758441000000000000,2025-09-21 07:50:00+00:00,1758441900000000000,2025-09-21 08:05:00+00:00,900000000000,115809.5,115715.6,['7.32 USD'],-0.00081,-8.06 USD,True
BTC/USD.KRAKEN-KrakenBTCUSDResearchStrategy-000-fdeb8419-29d1-43bf-bc31-c13cd871c455,KRAKEN-BACKTEST,KrakenBTCUSDResearchStrategy-000,BTC/USD.KRAKEN,KRAKEN-001,O-20250923-053000-BACKTEST-000-985,O-20250923-110500-BACKTEST-000-986,BUY,FLAT,0.00000000,0.00809396,1758605400000000000,2025-09-23 05:30:00+00:00,1758625500000000000,2025-09-23 11:05:00+00:00,20100000000000,112791.87999999999,112738.43,['7.30 USD'],-0.00047,-7.73 USD,True
BTC/USD.KRAKEN-KrakenBTCUSDResearchStrategy-000-6f467c1d-7f7c-43ce-ad4c-d5215d8fae9a,KRAKEN-BACKTEST,KrakenBTCUSDResearchStrategy-000,BTC/USD.KRAKEN,KRAKEN-001,O-20250923-140500-BACKTEST-000-987,O-20250923-142000-BACKTEST-000-988,BUY,FLAT,0.00000000,0.00804478,1758636300000000000,2025-09-23 14:05:00+00:00,1758637200000000000,2025-09-23 14:20:00+00:00,900000000000,113193.03,112826.49,['7.27 USD'],-0.00324,-10.22 USD,True
BTC/USD.KRAKEN-KrakenBTCUSDResearchStrategy-000-73a2d5e3-d7ce-4514-aac3-ba608864c1cf,KRAKEN-BACKTEST,KrakenBTCUSDResearchStrategy-000,BTC/USD.KRAKEN,KRAKEN-001,O-20250924-011500-BACKTEST-000-989,O-20250924-021000-BACKTEST-000-990,BUY,FLAT,0.00000000,0.00807518,1758676500000000000,2025-09-24 01:15:00+00:00,1758679800000000000,2025-09-24 02:10:00+00:00,3300000000000,112387.20999999999,112171.7,['7.25 USD'],-0.00192,-8.99 USD,True
BTC/USD.KRAKEN-KrakenBTCUSDResearchStrategy-000-1cc633c5-63d1-4cf5-8cf6-7d4483072f68,KRAKEN-BACKTEST,KrakenBTCUSDResearchStrategy-000,BTC/USD.KRAKEN,KRAKEN-001,O-20250924-054500-BACKTEST-000-991,O-20250924-193500-BACKTEST-000-992,BUY,FLAT,0.00000000,0.00803808,1758692700000000000,2025-09-24 05:45:00+00:00,1758742500000000000,2025-09-24 19:35:00+00:00,49800000000000,112570.52,113316.89,['7.26 USD'],0.00663,-1.26 USD,True
BTC/USD.KRAKEN-KrakenBTCUSDResearchStrategy-000-e7bb7c5e-5def-45d4-a38e-bedb434a3ebf,KRAKEN-BACKTEST,KrakenBTCUSDResearchStrategy-000,BTC/USD.KRAKEN,KRAKEN-001,O-20250926-091000-BACKTEST-000-993,O-20250926-094000-BACKTEST-000-994,BUY,FLAT,0.00000000,0.00824765,1758877800000000000,2025-09-26 09:10:00+00:00,1758879600000000000,2025-09-26 09:40:00+00:00,1800000000000,109664.29000000001,109415.6,['7.23 USD'],-0.00227,-9.28 USD,True
BTC/USD.KRAKEN-KrakenBTCUSDResearchStrategy-000-a3827c88-554f-49fb-b66c-db73ea6024a6,KRAKEN-BACKTEST,KrakenBTCUSDResearchStrategy-000,BTC/USD.KRAKEN,KRAKEN-001,O-20250926-172500-BACKTEST-000-995,O-20250926-190000-BACKTEST-000-996,BUY,FLAT,0.00000000,0.00820372,1758907500000000000,2025-09-26 17:25:00+00:00,1758913200000000000,2025-09-26 19:00:00+00:00,5700000000000,109912.14,109535.91,['7.20 USD'],-0.00342,-10.29 USD,True
BTC/USD.KRAKEN-KrakenBTCUSDResearchStrategy-000-fc9fbf39-8f5e-46cc-a2f3-e8e870bbfdc3,KRAKEN-BACKTEST,KrakenBTCUSDResearchStrategy-000,BTC/USD.KRAKEN,KRAKEN-001,O-20250927-185500-BACKTEST-000-997,O-20250927-193500-BACKTEST-000-998,BUY,FLAT,0.00000000,0.00821128,1758999300000000000,2025-09-27 18:55:00+00:00,1759001700000000000,2025-09-27 19:35:00+00:00,2400000000000,109434.96,109388.12000000001,['7.18 USD'],-0.00043,-7.56 USD,True
BTC/USD.KRAKEN-KrakenBTCUSDResearchStrategy-000-fba4424b-4e06-4dad-8d8e-a87d081772bc,KRAKEN-BACKTEST,KrakenBTCUSDResearchStrategy-000,BTC/USD.KRAKEN,KRAKEN-001,O-20250927-213500-BACKTEST-000-999,O-20250928-010500-BACKTEST-000-1000,BUY,FLAT,0.00000000,0.00818873,1759008900000000000,2025-09-27 21:35:00+00:00,1759021500000000000,2025-09-28 01:05:00+00:00,12600000000000,109459.45,109497.14,['7.18 USD'],0.00034,-6.87 USD,True
BTC/USD.KRAKEN-KrakenBTCUSDResearchStrategy-000-d34af21d-a653-4479-8694-b2c82709871e,KRAKEN-BACKTEST,KrakenBTCUSDResearchStrategy-000,BTC/USD.KRAKEN,KRAKEN-001,O-20250928-135500-BACKTEST-000-1001,O-20250929-052000-BACKTEST-000-1002,BUY,FLAT,0.00000000,0.00815652,1759067700000000000,2025-09-28 13:55:00+00:00,1759123200000000000,2025-09-29 05:20:00+00:00,55500000000000,109639.0,111575.37999999999,['7.22 USD'],0.01766,8.57 USD,True
BTC/USD.KRAKEN-KrakenBTCUSDResearchStrategy-000-e00315ab-77f0-4a02-a185-88d4034469e5,KRAKEN-BACKTEST,KrakenBTCUSDResearchStrategy-000,BTC/USD.KRAKEN,KRAKEN-001,O-20250929-080000-BACKTEST-000-1003,O-20250930-042500-BACKTEST-000-1004,BUY,FLAT,0.00000000,0.00800713,1759132800000000000,2025-09-29 08:00:00+00:00,1759206300000000000,2025-09-30 04:25:00+00:00,73500000000000,112006.04000000001,114185.31999999999,['7.25 USD'],0.01946,10.20 USD,True
BTC/USD.KRAKEN-KrakenBTCUSDResearchStrategy-000-23277271-6c28-4ebf-8d41-a65bfe42bd6c,KRAKEN-BACKTEST,KrakenBTCUSDResearchStrategy-000,BTC/USD.KRAKEN,KRAKEN-001,O-20250930-185500-BACKTEST-000-1005,O-20250930-230000-BACKTEST-000-1006,BUY,FLAT,0.00000000,0.00791373,1759258500000000000,2025-09-30 18:55:00+00:00,1759273200000000000,2025-09-30 23:00:00+00:00,14700000000000,113714.56,113813.20999999999,['7.20 USD'],0.00087,-6.42 USD,True
BTC/USD.KRAKEN-KrakenBTCUSDResearchStrategy-000-946cebda-295e-4640-afef-7d513a1267c0,KRAKEN-BACKTEST,KrakenBTCUSDResearchStrategy-000,BTC/USD.KRAKEN,KRAKEN-001,O-20251001-015500-BACKTEST-000-1007,O-20251001-024000-BACKTEST-000-1008,BUY,FLAT,0.00000000,0.00783920,1759283700000000000,2025-10-01 01:55:00+00:00,1759286400000000000,2025-10-01 02:40:00+00:00,2700000000000,114549.99,114324.66,['7.17 USD'],-0.00197,-8.94 USD,True
BTC/USD.KRAKEN-KrakenBTCUSDResearchStrategy-000-191f071e-7c48-4d06-9989-90b41dc19a50,KRAKEN-BACKTEST,KrakenBTCUSDResearchStrategy-000,BTC/USD.KRAKEN,KRAKEN-001,O-20251001-042500-BACKTEST-000-1009,O-20251001-045500-BACKTEST-000-1010,BUY,FLAT,0.00000000,0.00781323,1759292700000000000,2025-10-01 04:25:00+00:00,1759294500000000000,2025-10-01 04:55:00+00:00,1800000000000,114587.5,114289.01000000001,['7.15 USD'],-0.0026,-9.48 USD,True
BTC/USD.KRAKEN-KrakenBTCUSDResearchStrategy-000-273ddc55-f583-4eb0-bb04-6ac0e586e20d,KRAKEN-BACKTEST,KrakenBTCUSDResearchStrategy-000,BTC/USD.KRAKEN,KRAKEN-001,O-20251001-082500-BACKTEST-000-1011,O-20251001-175500-BACKTEST-000-1012,BUY,FLAT,0.00000000,0.00775442,1759307100000000000,2025-10-01 08:25:00+00:00,1759341300000000000,2025-10-01 17:55:00+00:00,34200000000000,115089.82,116768.07,['7.19 USD'],0.01458,5.82 USD,True
BTC/USD.KRAKEN-KrakenBTCUSDResearchStrategy-000-ae08c6df-6d49-4042-bf20-b11ed1a178c2,KRAKEN-BACKTEST,KrakenBTCUSDResearchStrategy-000,BTC/USD.KRAKEN,KRAKEN-001,O-20251001-220000-BACKTEST-000-1013,O-20251002-054500-BACKTEST-000-1014,BUY,FLAT,0.00000000,0.00759464,1759356000000000000,2025-10-01 22:00:00+00:00,1759383900000000000,2025-10-02 05:45:00+00:00,27900000000000,117741.34,118382.68999999999,['7.18 USD'],0.00545,-2.31 USD,True
BTC/USD.KRAKEN-KrakenBTCUSDResearchStrategy-000-a6c1a285-b8b0-445e-bd34-e82adaebedd7,KRAKEN-BACKTEST,KrakenBTCUSDResearchStrategy-000,BTC/USD.KRAKEN,KRAKEN-001,O-20251002-092500-BACKTEST-000-1015,O-20251002-145000-BACKTEST-000-1016,BUY,FLAT,0.00000000,0.00752867,1759397100000000000,2025-10-02 09:25:00+00:00,1759416600000000000,2025-10-02 14:50:00+00:00,19500000000000,118681.0,118845.48,['7.15 USD'],0.00139,-5.91 USD,True
BTC/USD.KRAKEN-KrakenBTCUSDResearchStrategy-000-291e716b-addf-444a-92fa-fa6cccb1dcde,KRAKEN-BACKTEST,KrakenBTCUSDResearchStrategy-000,BTC/USD.KRAKEN,KRAKEN-001,O-20251002-161000-BACKTEST-000-1017,O-20251002-170000-BACKTEST-000-1018,BUY,FLAT,0.00000000,0.00742289,1759421400000000000,2025-10-02 16:10:00+00:00,1759424400000000000,2025-10-02 17:00:00+00:00,3000000000000,120133.43,119563.12000000001,['7.12 USD'],-0.00475,-11.35 USD,True
BTC/USD.KRAKEN-KrakenBTCUSDResearchStrategy-000-f8e302eb-9410-4c4c-92bc-8c0de29b4944,KRAKEN-BACKTEST,KrakenBTCUSDResearchStrategy-000,BTC/USD.KRAKEN,KRAKEN-001,O-20251002-185000-BACKTEST-000-1019,O-20251002-225000-BACKTEST-000-1020,BUY,FLAT,0.00000000,0.00737857,1759431000000000000,2025-10-02 18:50:00+00:00,1759445400000000000,2025-10-02 22:50:00+00:00,14400000000000,120393.09,120085.90999999999,['7.09 USD'],-0.00255,-9.36 USD,True
BTC/USD.KRAKEN-KrakenBTCUSDResearchStrategy-000-6890bc78-6f3e-4f58-9034-e21e6704c950,KRAKEN-BACKTEST,KrakenBTCUSDResearchStrategy-000,BTC/USD.KRAKEN,KRAKEN-001,O-20251003-101500-BACKTEST-000-1021,O-20251003-111000-BACKTEST-000-1022,BUY,FLAT,0.00000000,0.00735052,1759486500000000000,2025-10-03 10:15:00+00:00,1759489800000000000,2025-10-03 11:10:00+00:00,3300000000000,120470.58,120289.0,['7.08 USD'],-0.00151,-8.41 USD,True
BTC/USD.KRAKEN-KrakenBTCUSDResearchStrategy-000-16d433e8-ff4f-447f-a7d5-86bea94130d4,KRAKEN-BACKTEST,KrakenBTCUSDResearchStrategy-000,BTC/USD.KRAKEN,KRAKEN-001,O-20251003-132500-BACKTEST-000-1023,O-20251003-141000-BACKTEST-000-1024,BUY,FLAT,0.00000000,0.00732598,1759497900000000000,2025-10-03 13:25:00+00:00,1759500600000000000,2025-10-03 14:10:00+00:00,2700000000000,120529.70000000001,120160.73,['7.05 USD'],-0.00306,-9.75 USD,True
BTC/USD.KRAKEN-KrakenBTCUSDResearchStrategy-000-f530edc0-1856-4cb1-848b-e026e30d4e78,KRAKEN-BACKTEST,KrakenBTCUSDResearchStrategy-000,BTC/USD.KRAKEN,KRAKEN-001,O-20251003-144500-BACKTEST-000-1025,O-20251004-000000-BACKTEST-000-1026,BUY,FLAT,0.00000000,0.00728323,1759502700000000000,2025-10-03 14:45:00+00:00,1759536000000000000,2025-10-04 00:00:00+00:00,33300000000000,120835.66,122121.37,['7.08 USD'],0.01064,2.28 USD,True
BTC/USD.KRAKEN-KrakenBTCUSDResearchStrategy-000-4f27b5d5-139f-4ed8-a8b9-a690e779b1db,KRAKEN-BACKTEST,KrakenBTCUSDResearchStrategy-000,BTC/USD.KRAKEN,KRAKEN-001,O-20251004-042000-BACKTEST-000-1027,O-20251004-074500-BACKTEST-000-1028,BUY,FLAT,0.00000000,0.00719710,1759551600000000000,2025-10-04 04:20:00+00:00,1759563900000000000,2025-10-04 07:45:00+00:00,12300000000000,122377.10999999999,122267.77,['7.04 USD'],-0.00089,-7.83 USD,True
BTC/USD.KRAKEN-KrakenBTCUSDResearchStrategy-000-c41ad053-d843-47b6-ab59-cde0c405d53a,KRAKEN-BACKTEST,KrakenBTCUSDResearchStrategy-000,BTC/USD.KRAKEN,KRAKEN-001,O-20251004-211000-BACKTEST-000-1029,O-20251005-092500-BACKTEST-000-1030,BUY,FLAT,0.00000000,0.00719171,1759612200000000000,2025-10-04 21:10:00+00:00,1759656300000000000,2025-10-05 09:25:00+00:00,44100000000000,122142.20999999999,124013.40000000001,['7.08 USD'],0.01532,6.38 USD,True
BTC/USD.KRAKEN-KrakenBTCUSDResearchStrategy-000-3d643905-8f15-4c24-926a-9ecfea83b9f4,KRAKEN-BACKTEST,KrakenBTCUSDResearchStrategy-000,BTC/USD.KRAKEN,KRAKEN-001,O-20251005-230000-BACKTEST-000-1031,O-20251006-005000-BACKTEST-000-1032,BUY,FLAT,0.00000000,0.00713808,1759705200000000000,2025-10-05 23:00:00+00:00,1759711800000000000,2025-10-06 00:50:00+00:00,6600000000000,123328.07999999999,123171.98999999999,['7.04 USD'],-0.00127,-8.15 USD,True
BTC/USD.KRAKEN-KrakenBTCUSDResearchStrategy-000-bbfbd55f-4ff7-4e9a-9efc-cfaa765d80b6,KRAKEN-BACKTEST,KrakenBTCUSDResearchStrategy-000,BTC/USD.KRAKEN,KRAKEN-001,O-20251006-112500-BACKTEST-000-1033,O-20251006-211000-BACKTEST-000-1034,BUY,FLAT,0.00000000,0.00705883,1759749900000000000,2025-10-06 11:25:00+00:00,1759785000000000000,2025-10-06 21:10:00+00:00,35100000000000,124365.90999999999,125057.20000000001,['7.04 USD'],0.00556,-2.16 USD,True
BTC/USD.KRAKEN-KrakenBTCUSDResearchStrategy-000-422534fa-3896-4e30-ba6e-4447453e1c59,KRAKEN-BACKTEST,KrakenBTCUSDResearchStrategy-000,BTC/USD.KRAKEN,KRAKEN-001,O-20251007-113000-BACKTEST-000-1035,O-20251007-133500-BACKTEST-000-1036,BUY,FLAT,0.00000000,0.00704854,1759836600000000000,2025-10-07 11:30:00+00:00,1759844100000000000,2025-10-07 13:35:00+00:00,7500000000000,124455.46,124309.49999999999,['7.01 USD'],-0.00117,-8.04 USD,True
BTC/USD.KRAKEN-KrakenBTCUSDResearchStrategy-000-280646f6-e1c0-4adb-a81a-d7e6fcf32d56,KRAKEN-BACKTEST,KrakenBTCUSDResearchStrategy-000,BTC/USD.KRAKEN,KRAKEN-001,O-20251008-083500-BACKTEST-000-1037,O-20251008-133500-BACKTEST-000-1038,BUY,FLAT,0.00000000,0.00714102,1759912500000000000,2025-10-08 08:35:00+00:00,1759930500000000000,2025-10-08 13:35:00+00:00,18000000000000,122505.99,122391.73999999999,['7.00 USD'],-0.00093,-7.82 USD,True
BTC/USD.KRAKEN-KrakenBTCUSDResearchStrategy-000-706de17b-a487-4e05-8833-66e6aa0a13f1,KRAKEN-BACKTEST,KrakenBTCUSDResearchStrategy-000,BTC/USD.KRAKEN,KRAKEN-001,O-20251008-171000-BACKTEST-000-1039,O-20251008-204500-BACKTEST-000-1040,BUY,FLAT,0.00000000,0.00705484,1759943400000000000,2025-10-08 17:10:00+00:00,1759956300000000000,2025-10-08 20:45:00+00:00,12900000000000,123669.93000000001,123263.2,['6.97 USD'],-0.00329,-9.84 USD,True
BTC/USD.KRAKEN-KrakenBTCUSDResearchStrategy-000-3877a37b-4470-4c5f-a7ae-56774f1c1cae,KRAKEN-BACKTEST,KrakenBTCUSDResearchStrategy-000,BTC/USD.KRAKEN,KRAKEN-001,O-20251009-111500-BACKTEST-000-1041,O-20251009-135500-BACKTEST-000-1042,BUY,FLAT,0.00000000,0.00709722,1760008500000000000,2025-10-09 11:15:00+00:00,1760018100000000000,2025-10-09 13:55:00+00:00,9600000000000,122515.44000000002,122415.73999999999,['6.96 USD'],-0.00081,-7.67 USD,True
BTC/USD.KRAKEN-KrakenBTCUSDResearchStrategy-000-bd41b934-32bb-42e6-bc47-badbb5434161,KRAKEN-BACKTEST,KrakenBTCUSDResearchStrategy-000,BTC/USD.KRAKEN,KRAKEN-001,O-20251009-220500-BACKTEST-000-1043,O-20251010-020000-BACKTEST-000-1044,BUY,FLAT,0.00000000,0.00713593,1760047500000000000,2025-10-09 22:05:00+00:00,1760061600000000000,2025-10-10 02:00:00+00:00,14100000000000,121528.45,121438.91,['6.94 USD'],-0.00074,-7.58 USD,True
BTC/USD.KRAKEN-KrakenBTCUSDResearchStrategy-000-53877902-cf53-434e-bbdb-c7ab0f2bde8a,KRAKEN-BACKTEST,KrakenBTCUSDResearchStrategy-000,BTC/USD.KRAKEN,KRAKEN-001,O-20251010-130000-BACKTEST-000-1045,O-20251010-135000-BACKTEST-000-1046,BUY,FLAT,0.00000000,0.00709616,1760101200000000000,2025-10-10 13:00:00+00:00,1760104200000000000,2025-10-10 13:50:00+00:00,3000000000000,121889.09,121428.01000000001,['6.91 USD'],-0.00378,-10.18 USD,True
BTC/USD.KRAKEN-KrakenBTCUSDResearchStrategy-000-1700b843-eae6-492e-a8c7-c61441795525,KRAKEN-BACKTEST,KrakenBTCUSDResearchStrategy-000,BTC/USD.KRAKEN,KRAKEN-001,O-20251011-122000-BACKTEST-000-1047,O-20251011-133000-BACKTEST-000-1048,BUY,FLAT,0.00000000,0.00766972,1760185200000000000,2025-10-11 12:20:00+00:00,1760189400000000000,2025-10-11 13:30:00+00:00,4200000000000,112375.71999999999,112020.41,['6.89 USD'],-0.00316,-9.62 USD,True
BTC/USD.KRAKEN-KrakenBTCUSDResearchStrategy-000-e9f7e517-0813-4c76-b5a5-c36a89472a4e,KRAKEN-BACKTEST,KrakenBTCUSDResearchStrategy-000,BTC/USD.KRAKEN,KRAKEN-001,O-20251012-044000-BACKTEST-000-1049,O-20251012-090000-BACKTEST-000-1050,BUY,FLAT,0.00000000,0.00770406,1760244000000000000,2025-10-12 04:40:00+00:00,1760259600000000000,2025-10-12 09:00:00+00:00,15600000000000,111500.59,111205.53,['6.87 USD'],-0.00265,-9.14 USD,True
BTC/USD.KRAKEN-KrakenBTCUSDResearchStrategy-000-4ec40b7b-dac9-4b11-8d65-33804ba99567,KRAKEN-BACKTEST,KrakenBTCUSDResearchStrategy-000,BTC/USD.KRAKEN,KRAKEN-001,O-20251012-151500-BACKTEST-000-1051,O-20251012-153000-BACKTEST-000-1052,BUY,FLAT,0.00000000,0.00753314,1760282100000000000,2025-10-12 15:15:00+00:00,1760283000000000000,2025-10-12 15:30:00+00:00,900000000000,113666.01,112686.93000000001,['6.83 USD'],-0.00861,-14.21 USD,True
BTC/USD.KRAKEN-KrakenBTCUSDResearchStrategy-000-4e695ca5-4de5-43d7-8cf8-71d53572fb36,KRAKEN-BACKTEST,KrakenBTCUSDResearchStrategy-000,BTC/USD.KRAKEN,KRAKEN-001,O-20251012-202000-BACKTEST-000-1053,O-20251013-033000-BACKTEST-000-1054,BUY,FLAT,0.00000000,0.00741986,1760300400000000000,2025-10-12 20:20:00+00:00,1760326200000000000,2025-10-13 03:30:00+00:00,25800000000000,114827.3,114906.45000000001,['6.82 USD'],0.00069,-6.23 USD,True
BTC/USD.KRAKEN-KrakenBTCUSDResearchStrategy-000-dd1018fc-7971-459f-8030-47d5420cbc3d,KRAKEN-BACKTEST,KrakenBTCUSDResearchStrategy-000,BTC/USD.KRAKEN,KRAKEN-001,O-20251013-191500-BACKTEST-000-1055,O-20251013-234000-BACKTEST-000-1056,BUY,FLAT,0.00000000,0.00736344,1760382900000000000,2025-10-13 19:15:00+00:00,1760398800000000000,2025-10-13 23:40:00+00:00,15900000000000,115453.27,115185.68,['6.79 USD'],-0.00232,-8.76 USD,True
BTC/USD.KRAKEN-KrakenBTCUSDResearchStrategy-000-6ba23d42-4489-4fc8-8b30-c6a932ae23a0,KRAKEN-BACKTEST,KrakenBTCUSDResearchStrategy-000,BTC/USD.KRAKEN,KRAKEN-001,O-20251014-155500-BACKTEST-000-1057,O-20251014-194000-BACKTEST-000-1058,BUY,FLAT,0.00000000,0.00750666,1760457300000000000,2025-10-14 15:55:00+00:00,1760470800000000000,2025-10-14 19:40:00+00:00,13500000000000,112900.43,112104.75,['6.76 USD'],-0.00705,-12.73 USD,True
BTC/USD.KRAKEN-KrakenBTCUSDResearchStrategy-000-0f66083b-f417-4acd-901a-e796dbd7e445,KRAKEN-BACKTEST,KrakenBTCUSDResearchStrategy-000,BTC/USD.KRAKEN,KRAKEN-001,O-20251015-083000-BACKTEST-000-1059,O-20251015-091500-BACKTEST-000-1060,BUY,FLAT,0.00000000,0.00744683,1760517000000000000,2025-10-15 08:30:00+00:00,1760519700000000000,2025-10-15 09:15:00+00:00,2700000000000,113294.26999999999,112736.22,['6.73 USD'],-0.00493,-10.89 USD,True
BTC/USD.KRAKEN-KrakenBTCUSDResearchStrategy-000-197bed35-b028-4e61-8048-d7cb71e194b4,KRAKEN-BACKTEST,KrakenBTCUSDResearchStrategy-000,BTC/USD.KRAKEN,KRAKEN-001,O-20251016-032000-BACKTEST-000-1061,O-20251016-035500-BACKTEST-000-1062,BUY,FLAT,0.00000000,0.00752383,1760584800000000000,2025-10-16 03:20:00+00:00,1760586900000000000,2025-10-16 03:55:00+00:00,2100000000000,111701.06999999999,111329.48,['6.71 USD'],-0.00333,-9.51 USD,True
BTC/USD.KRAKEN-KrakenBTCUSDResearchStrategy-000-a193ed9d-daa4-4211-8028-c643bf88b499,KRAKEN-BACKTEST,KrakenBTCUSDResearchStrategy-000,BTC/USD.KRAKEN,KRAKEN-001,O-20251016-120000-BACKTEST-000-1063,O-20251016-122500-BACKTEST-000-1064,BUY,FLAT,0.00000000,0.00748884,1760616000000000000,2025-10-16 12:00:00+00:00,1760617500000000000,2025-10-16 12:25:00+00:00,1500000000000,111842.01,111419.94,['6.69 USD'],-0.00377,-9.85 USD,True
BTC/USD.KRAKEN-KrakenBTCUSDResearchStrategy-000-c24cc51d-e325-49cb-8be6-b69c04192282,KRAKEN-BACKTEST,KrakenBTCUSDResearchStrategy-000,BTC/USD.KRAKEN,KRAKEN-001,O-20251017-035500-BACKTEST-000-1065,O-20251017-044000-BACKTEST-000-1066,BUY,FLAT,0.00000000,0.00764459,1760673300000000000,2025-10-17 03:55:00+00:00,1760676000000000000,2025-10-17 04:40:00+00:00,2700000000000,109176.73999999999,108910.46,['6.67 USD'],-0.00244,-8.71 USD,True
BTC/USD.KRAKEN-KrakenBTCUSDResearchStrategy-000-f0c4ebc2-3679-494c-bd23-0d77669adc74,KRAKEN-BACKTEST,KrakenBTCUSDResearchStrategy-000,BTC/USD.KRAKEN,KRAKEN-001,O-20251017-160000-BACKTEST-000-1067,O-20251017-163000-BACKTEST-000-1068,BUY,FLAT,0.00000000,0.00775228,1760716800000000000,2025-10-17 16:00:00+00:00,1760718600000000000,2025-10-17 16:30:00+00:00,1800000000000,107323.4,106514.84000000001,['6.63 USD'],-0.00753,-12.90 USD,True
BTC/USD.KRAKEN-KrakenBTCUSDResearchStrategy-000-6d249784-8beb-44b9-80a6-f9854fcdcf5a,KRAKEN-BACKTEST,KrakenBTCUSDResearchStrategy-000,BTC/USD.KRAKEN,KRAKEN-001,O-20251017-210500-BACKTEST-000-1069,O-20251017-223500-BACKTEST-000-1070,BUY,FLAT,0.00000000,0.00772065,1760735100000000000,2025-10-17 21:05:00+00:00,1760740500000000000,2025-10-17 22:35:00+00:00,5400000000000,107261.82,106899.13,['6.61 USD'],-0.00338,-9.41 USD,True
BTC/USD.KRAKEN-KrakenBTCUSDResearchStrategy-000-4a568e12-2391-402e-be00-c7ce47eaff73,KRAKEN-BACKTEST,KrakenBTCUSDResearchStrategy-000,BTC/USD.KRAKEN,KRAKEN-001,O-20251018-070500-BACKTEST-000-1071,O-20251018-072000-BACKTEST-000-1072,BUY,FLAT,0.00000000,0.00768790,1760771100000000000,2025-10-18 07:05:00+00:00,1760772000000000000,2025-10-18 07:20:00+00:00,900000000000,107351.56,107065.15999999999,['6.59 USD'],-0.00267,-8.79 USD,True
BTC/USD.KRAKEN-KrakenBTCUSDResearchStrategy-000-ee378ce7-ab78-4e99-85ce-098697dd7422,KRAKEN-BACKTEST,KrakenBTCUSDResearchStrategy-000,BTC/USD.KRAKEN,KRAKEN-001,O-20251018-200500-BACKTEST-000-1073,O-20251018-201000-BACKTEST-000-1074,BUY,FLAT,0.00000000,0.00767373,1760817900000000000,2025-10-18 20:05:00+00:00,1760818200000000000,2025-10-18 20:10:00+00:00,300000000000,107206.14,107040.3,['6.58 USD'],-0.00155,-7.85 USD,True
BTC/USD.KRAKEN-KrakenBTCUSDResearchStrategy-000-78c42ed8-c407-43e7-b026-9ef4443398c0,KRAKEN-BACKTEST,KrakenBTCUSDResearchStrategy-000,BTC/USD.KRAKEN,KRAKEN-001,O-20251019-034500-BACKTEST-000-1075,O-20251019-040500-BACKTEST-000-1076,BUY,FLAT,0.00000000,0.00764161,1760845500000000000,2025-10-19 03:45:00+00:00,1760846700000000000,2025-10-19 04:05:00+00:00,1200000000000,107348.67,107074.77,['6.55 USD'],-0.00255,-8.64 USD,True
BTC/USD.KRAKEN-KrakenBTCUSDResearchStrategy-000-e9059560-d4ec-4a57-9148-43f06118a0d8,KRAKEN-BACKTEST,KrakenBTCUSDResearchStrategy-000,BTC/USD.KRAKEN,KRAKEN-001,O-20251019-141500-BACKTEST-000-1077,O-20251019-233500-BACKTEST-000-1078,BUY,FLAT,0.00000000,0.00754286,1760883300000000000,2025-10-19 14:15:00+00:00,1760916900000000000,2025-10-19 23:35:00+00:00,33600000000000,108409.99,108695.71999999999,['6.55 USD'],0.00264,-4.39 USD,True
BTC/USD.KRAKEN-KrakenBTCUSDResearchStrategy-000-543eeb5f-93ad-4384-bc4b-48ad66a70b27,KRAKEN-BACKTEST,KrakenBTCUSDResearchStrategy-000,BTC/USD.KRAKEN,KRAKEN-001,O-20251020-034500-BACKTEST-000-1079,O-20251020-131000-BACKTEST-000-1080,BUY,FLAT,0.00000000,0.00746840,1760931900000000000,2025-10-20 03:45:00+00:00,1760965800000000000,2025-10-20 13:10:00+00:00,33900000000000,109314.48,110612.98999999999,['6.57 USD'],0.01188,3.13 USD,True
BTC/USD.KRAKEN-KrakenBTCUSDResearchStrategy-000-375d4414-0ff2-4526-a028-f309e683fdc4,KRAKEN-BACKTEST,KrakenBTCUSDResearchStrategy-000,BTC/USD.KRAKEN,KRAKEN-001,O-20251020-142500-BACKTEST-000-1081,O-20251020-160000-BACKTEST-000-1082,BUY,FLAT,0.00000000,0.00734525,1760970300000000000,2025-10-20 14:25:00+00:00,1760976000000000000,2025-10-20 16:00:00+00:00,5700000000000,111275.05,110853.09000000001,['6.53 USD'],-0.00379,-9.63 USD,True
BTC/USD.KRAKEN-KrakenBTCUSDResearchStrategy-000-5acf0fd7-1985-4334-b936-963c4ee74e09,KRAKEN-BACKTEST,KrakenBTCUSDResearchStrategy-000,BTC/USD.KRAKEN,KRAKEN-001,O-20251021-122000-BACKTEST-000-1083,O-20251021-123000-BACKTEST-000-1084,BUY,FLAT,0.00000000,0.00744727,1761049200000000000,2025-10-21 12:20:00+00:00,1761049800000000000,2025-10-21 12:30:00+00:00,600000000000,109362.75,108910.03,['6.50 USD'],-0.00414,-9.87 USD,True
BTC/USD.KRAKEN-KrakenBTCUSDResearchStrategy-000-dd47bf29-105d-4570-b258-0169a7118c41,KRAKEN-BACKTEST,KrakenBTCUSDResearchStrategy-000,BTC/USD.KRAKEN,KRAKEN-001,O-20251021-141000-BACKTEST-000-1085,O-20251021-201500-BACKTEST-000-1086,BUY,FLAT,0.00000000,0.00739436,1761055800000000000,2025-10-21 14:10:00+00:00,1761077700000000000,2025-10-21 20:15:00+00:00,21900000000000,109744.9,110819.93,['6.53 USD'],0.0098,1.42 USD,True
BTC/USD.KRAKEN-KrakenBTCUSDResearchStrategy-000-050111d5-72e4-45f0-8ed4-ab4b851be69c,KRAKEN-BACKTEST,KrakenBTCUSDResearchStrategy-000,BTC/USD.KRAKEN,KRAKEN-001,O-20251023-011000-BACKTEST-000-1087,O-20251023-115000-BACKTEST-000-1088,BUY,FLAT,0.00000000,0.00749616,1761181800000000000,2025-10-23 01:10:00+00:00,1761220200000000000,2025-10-23 11:50:00+00:00,38400000000000,108311.35,109194.0,['6.52 USD'],0.00815,0.10 USD,True
BTC/USD.KRAKEN-KrakenBTCUSDResearchStrategy-000-6f92cb5a-8364-4c69-a157-ca2387c61c00,KRAKEN-BACKTEST,KrakenBTCUSDResearchStrategy-000,BTC/USD.KRAKEN,KRAKEN-001,O-20251023-150500-BACKTEST-000-1089,O-20251023-200000-BACKTEST-000-1090,BUY,FLAT,0.00000000,0.00738639,1761231900000000000,2025-10-23 15:05:00+00:00,1761249600000000000,2025-10-23 20:00:00+00:00,17700000000000,109925.06,109989.36,['6.50 USD'],0.00058,-6.03 USD,True
BTC/USD.KRAKEN-KrakenBTCUSDResearchStrategy-000-861ebfb7-d0bf-4dcd-8daf-275598444806,KRAKEN-BACKTEST,KrakenBTCUSDResearchStrategy-000,BTC/USD.KRAKEN,KRAKEN-001,O-20251024-005000-BACKTEST-000-1091,O-20251024-012500-BACKTEST-000-1092,BUY,FLAT,0.00000000,0.00732720,1761267000000000000,2025-10-24 00:50:00+00:00,1761269100000000000,2025-10-24 01:25:00+00:00,2100000000000,110566.18,110242.36,['6.47 USD'],-0.00293,-8.84 USD,True
BTC/USD.KRAKEN-KrakenBTCUSDResearchStrategy-000-17bee07d-35df-4adc-b415-c156dd3d5639,KRAKEN-BACKTEST,KrakenBTCUSDResearchStrategy-000,BTC/USD.KRAKEN,KRAKEN-001,O-20251024-025000-BACKTEST-000-1093,O-20251024-030000-BACKTEST-000-1094,BUY,FLAT,0.00000000,0.00729197,1761274200000000000,2025-10-24 02:50:00+00:00,1761274800000000000,2025-10-24 03:00:00+00:00,600000000000,110736.71,110473.04,['6.45 USD'],-0.00238,-8.37 USD,True
BTC/USD.KRAKEN-KrakenBTCUSDResearchStrategy-000-01e29302-c54b-4747-aa5b-9f286c854055,KRAKEN-BACKTEST,KrakenBTCUSDResearchStrategy-000,BTC/USD.KRAKEN,KRAKEN-001,O-20251024-042500-BACKTEST-000-1095,O-20251024-082500-BACKTEST-000-1096,BUY,FLAT,0.00000000,0.00725452,1761279900000000000,2025-10-24 04:25:00+00:00,1761294300000000000,2025-10-24 08:25:00+00:00,14400000000000,110962.21,110812.0,['6.44 USD'],-0.00135,-7.53 USD,True
BTC/USD.KRAKEN-KrakenBTCUSDResearchStrategy-000-42abb9a3-9961-4a48-afbf-4fc041c4cd1b,KRAKEN-BACKTEST,KrakenBTCUSDResearchStrategy-000,BTC/USD.KRAKEN,KRAKEN-001,O-20251024-123000-BACKTEST-000-1097,O-20251024-133500-BACKTEST-000-1098,BUY,FLAT,0.00000000,0.00719562,1761309000000000000,2025-10-24 12:30:00+00:00,1761312900000000000,2025-10-24 13:35:00+00:00,3900000000000,111556.51,110744.23,['6.40 USD'],-0.00728,-12.24 USD,True
BTC/USD.KRAKEN-KrakenBTCUSDResearchStrategy-000-a8cedac7-d482-4b22-91d7-cfe825eb4b42,KRAKEN-BACKTEST,KrakenBTCUSDResearchStrategy-000,BTC/USD.KRAKEN,KRAKEN-001,O-20251024-192500-BACKTEST-000-1099,O-20251024-193500-BACKTEST-000-1100,BUY,FLAT,0.00000000,0.00720237,1761333900000000000,2025-10-24 19:25:00+00:00,1761334500000000000,2025-10-24 19:35:00+00:00,600000000000,110941.72,110689.75,['6.39 USD'],-0.00227,-8.20 USD,True
BTC/USD.KRAKEN-KrakenBTCUSDResearchStrategy-000-2bbb210b-3481-4d05-becc-0ac416e54f7a,KRAKEN-BACKTEST,KrakenBTCUSDResearchStrategy-000,BTC/USD.KRAKEN,KRAKEN-001,O-20251024-214500-BACKTEST-000-1101,O-20251025-000500-BACKTEST-000-1102,BUY,FLAT,0.00000000,0.00717163,1761342300000000000,2025-10-24 21:45:00+00:00,1761350700000000000,2025-10-25 00:05:00+00:00,8400000000000,111074.20000000001,110923.20999999999,['6.37 USD'],-0.00136,-7.45 USD,True
BTC/USD.KRAKEN-KrakenBTCUSDResearchStrategy-000-b330c728-8f66-4a92-ab9e-cf4353436899,KRAKEN-BACKTEST,KrakenBTCUSDResearchStrategy-000,BTC/USD.KRAKEN,KRAKEN-001,O-20251025-041500-BACKTEST-000-1103,O-20251025-045500-BACKTEST-000-1104,BUY,FLAT,0.00000000,0.00712921,1761365700000000000,2025-10-25 04:15:00+00:00,1761368100000000000,2025-10-25 04:55:00+00:00,2400000000000,111421.74,111228.0,['6.35 USD'],-0.00174,-7.73 USD,True
BTC/USD.KRAKEN-KrakenBTCUSDResearchStrategy-000-ac1f6cc8-411f-46e1-a94b-d9a41b028530,KRAKEN-BACKTEST,KrakenBTCUSDResearchStrategy-000,BTC/USD.KRAKEN,KRAKEN-001,O-20251025-071500-BACKTEST-000-1105,O-20251025-143000-BACKTEST-000-1106,BUY,FLAT,0.00000000,0.00710006,1761376500000000000,2025-10-25 07:15:00+00:00,1761402600000000000,2025-10-25 14:30:00+00:00,26100000000000,111552.43,111535.71999999999,['6.34 USD'],-0.00015,-6.46 USD,True
BTC/USD.KRAKEN-KrakenBTCUSDResearchStrategy-000-31a22cc9-6408-40aa-8052-14a6d5cd005c,KRAKEN-BACKTEST,KrakenBTCUSDResearchStrategy-000,BTC/USD.KRAKEN,KRAKEN-001,O-20251026-002500-BACKTEST-000-1107,O-20251026-020000-BACKTEST-000-1108,BUY,FLAT,0.00000000,0.00707066,1761438300000000000,2025-10-26 00:25:00+00:00,1761444000000000000,2025-10-26 02:00:00+00:00,5700000000000,111742.26,111495.39,['6.31 USD'],-0.00221,-8.06 USD,True
BTC/USD.KRAKEN-KrakenBTCUSDResearchStrategy-000-3af9f7ef-24cd-433e-bf38-c2d695f81122,KRAKEN-BACKTEST,KrakenBTCUSDResearchStrategy-000,BTC/USD.KRAKEN,KRAKEN-001,O-20251026-070500-BACKTEST-000-1109,O-20251026-202500-BACKTEST-000-1110,BUY,FLAT,0.00000000,0.00705161,1761462300000000000,2025-10-26 07:05:00+00:00,1761510300000000000,2025-10-26 20:25:00+00:00,48000000000000,111701.65000000001,113372.23,['6.35 USD'],0.01496,5.43 USD,True
BTC/USD.KRAKEN-KrakenBTCUSDResearchStrategy-000-de53a1c2-0c37-4b8d-8a06-6921d89549c3,KRAKEN-BACKTEST,KrakenBTCUSDResearchStrategy-000,BTC/USD.KRAKEN,KRAKEN-001,O-20251026-220000-BACKTEST-000-1111,O-20251027-082500-BACKTEST-000-1112,BUY,FLAT,0.00000000,0.00687701,1761516000000000000,2025-10-26 22:00:00+00:00,1761553500000000000,2025-10-27 08:25:00+00:00,37500000000000,114774.49,115136.47,['6.33 USD'],0.00315,-3.84 USD,True
BTC/USD.KRAKEN-KrakenBTCUSDResearchStrategy-000-c4b661c4-e601-4484-9a5c-94a9df086ac9,KRAKEN-BACKTEST,KrakenBTCUSDResearchStrategy-000,BTC/USD.KRAKEN,KRAKEN-001,O-20251027-163500-BACKTEST-000-1113,O-20251027-190000-BACKTEST-000-1114,BUY,FLAT,0.00000000,0.00682405,1761582900000000000,2025-10-27 16:35:00+00:00,1761591600000000000,2025-10-27 19:00:00+00:00,8700000000000,115496.06,115041.94,['6.29 USD'],-0.00393,-9.39 USD,True
BTC/USD.KRAKEN-KrakenBTCUSDResearchStrategy-000-a47ea519-65cc-441d-b3d4-1d9d74fe249e,KRAKEN-BACKTEST,KrakenBTCUSDResearchStrategy-000,BTC/USD.KRAKEN,KRAKEN-001,O-20251028-082500-BACKTEST-000-1115,O-20251028-115000-BACKTEST-000-1116,BUY,FLAT,0.00000000,0.00686650,1761639900000000000,2025-10-28 08:25:00+00:00,1761652200000000000,2025-10-28 11:50:00+00:00,12300000000000,114371.73000000001,114315.49,['6.28 USD'],-0.00049,-6.67 USD,True
BTC/USD.KRAKEN-KrakenBTCUSDResearchStrategy-000-1c98ac1a-9dbe-4192-88cd-39ed7c6d2879,KRAKEN-BACKTEST,KrakenBTCUSDResearchStrategy-000,BTC/USD.KRAKEN,KRAKEN-001,O-20251028-130500-BACKTEST-000-1117,O-20251028-154000-BACKTEST-000-1118,BUY,FLAT,0.00000000,0.00682252,1761656700000000000,2025-10-28 13:05:00+00:00,1761666000000000000,2025-10-28 15:40:00+00:00,9300000000000,114816.12000000001,114543.75,['6.26 USD'],-0.00237,-8.12 USD,True
BTC/USD.KRAKEN-KrakenBTCUSDResearchStrategy-000-49955936-837f-4624-bcea-17e399691d9b,KRAKEN-BACKTEST,KrakenBTCUSDResearchStrategy-000,BTC/USD.KRAKEN,KRAKEN-001,O-20251029-072000-BACKTEST-000-1119,O-20251029-083500-BACKTEST-000-1120,BUY,FLAT,0.00000000,0.00688479,1761722400000000000,2025-10-29 07:20:00+00:00,1761726900000000000,2025-10-29 08:35:00+00:00,4500000000000,113423.82,113057.51,['6.23 USD'],-0.00323,-8.75 USD,True
BTC/USD.KRAKEN-KrakenBTCUSDResearchStrategy-000-9a412f56-b78e-4a91-a112-51e2162cdbec,KRAKEN-BACKTEST,KrakenBTCUSDResearchStrategy-000,BTC/USD.KRAKEN,KRAKEN-001,O-20251029-131000-BACKTEST-000-1121,O-20251029-133500-BACKTEST-000-1122,BUY,FLAT,0.00000000,0.00686569,1761743400000000000,2025-10-29 13:10:00+00:00,1761744900000000000,2025-10-29 13:35:00+00:00,1500000000000,113357.04,112997.17,['6.21 USD'],-0.00317,-8.68 USD,True
BTC/USD.KRAKEN-KrakenBTCUSDResearchStrategy-000-b7552b1d-7ccc-482d-ae9e-ee33df34e55b,KRAKEN-BACKTEST,KrakenBTCUSDResearchStrategy-000,BTC/USD.KRAKEN,KRAKEN-001,O-20251030-071500-BACKTEST-000-1123,O-20251030-081000-BACKTEST-000-1124,BUY,FLAT,0.00000000,0.00695532,1761808500000000000,2025-10-30 07:15:00+00:00,1761811800000000000,2025-10-30 08:10:00+00:00,3300000000000,111521.84,110851.05,['6.18 USD'],-0.00601,-10.85 USD,True
BTC/USD.KRAKEN-KrakenBTCUSDResearchStrategy-000-274748bf-db9a-44f2-9453-efcbb393a8cb,KRAKEN-BACKTEST,KrakenBTCUSDResearchStrategy-000,BTC/USD.KRAKEN,KRAKEN-001,O-20251030-235500-BACKTEST-000-1125,O-20251031-081000-BACKTEST-000-1126,BUY,FLAT,0.00000000,0.00713068,1761868500000000000,2025-10-30 23:55:00+00:00,1761898200000000000,2025-10-31 08:10:00+00:00,29700000000000,108322.88,109222.46,['6.21 USD'],0.0083,0.20 USD,True
BTC/USD.KRAKEN-KrakenBTCUSDResearchStrategy-000-1bd930d6-0a21-4af4-86f0-40053ea3af10,KRAKEN-BACKTEST,KrakenBTCUSDResearchStrategy-000,BTC/USD.KRAKEN,KRAKEN-001,O-20251031-120000-BACKTEST-000-1127,O-20251031-123500-BACKTEST-000-1128,BUY,FLAT,0.00000000,0.00698622,1761912000000000000,2025-10-31 12:00:00+00:00,1761914100000000000,2025-10-31 12:35:00+00:00,2100000000000,110571.37,109856.09,['6.16 USD'],-0.00647,-11.16 USD,True
BTC/USD.KRAKEN-KrakenBTCUSDResearchStrategy-000-d4c79186-d0ff-49a7-8ecf-fccc7b295fe9,KRAKEN-BACKTEST,KrakenBTCUSDResearchStrategy-000,BTC/USD.KRAKEN,KRAKEN-001,O-20251031-145500-BACKTEST-000-1129,O-20251031-160500-BACKTEST-000-1130,BUY,FLAT,0.00000000,0.00694220,1761922500000000000,2025-10-31 14:55:00+00:00,1761926700000000000,2025-10-31 16:05:00+00:00,4200000000000,110790.14,110000.0,['6.13 USD'],-0.00713,-11.62 USD,True
BTC/USD.KRAKEN-KrakenBTCUSDResearchStrategy-000-5af403e8-b1c9-4990-8972-99e25a80ae77,KRAKEN-BACKTEST,KrakenBTCUSDResearchStrategy-000,BTC/USD.KRAKEN,KRAKEN-001,O-20251101-012500-BACKTEST-000-1131,O-20251101-015500-BACKTEST-000-1132,BUY,FLAT,0.00000000,0.00696493,1761960300000000000,2025-11-01 01:25:00+00:00,1761962100000000000,2025-11-01 01:55:00+00:00,1800000000000,109928.04,109734.11,['6.12 USD'],-0.00176,-7.47 USD,True
BTC/USD.KRAKEN-KrakenBTCUSDResearchStrategy-000-63d03fef-e492-404c-95a0-c61459298bf8,KRAKEN-BACKTEST,KrakenBTCUSDResearchStrategy-000,BTC/USD.KRAKEN,KRAKEN-001,O-20251101-031500-BACKTEST-000-1133,O-20251101-064000-BACKTEST-000-1134,BUY,FLAT,0.00000000,0.00692942,1761966900000000000,2025-11-01 03:15:00+00:00,1761979200000000000,2025-11-01 06:40:00+00:00,12300000000000,110168.0,109967.09000000001,['6.10 USD'],-0.00182,-7.49 USD,True
BTC/USD.KRAKEN-KrakenBTCUSDResearchStrategy-000-26f54298-ca15-49ef-a162-81bd219dc47b,KRAKEN-BACKTEST,KrakenBTCUSDResearchStrategy-000,BTC/USD.KRAKEN,KRAKEN-001,O-20251101-160500-BACKTEST-000-1135,O-20251101-190000-BACKTEST-000-1136,BUY,FLAT,0.00000000,0.00689631,1762013100000000000,2025-11-01 16:05:00+00:00,1762023600000000000,2025-11-01 19:00:00+00:00,10500000000000,110371.14,110233.59,['6.08 USD'],-0.00125,-7.03 USD,True
BTC/USD.KRAKEN-KrakenBTCUSDResearchStrategy-000-5670ed84-3861-4f86-addb-86b9ca54b8fc,KRAKEN-BACKTEST,KrakenBTCUSDResearchStrategy-000,BTC/USD.KRAKEN,KRAKEN-001,O-20251102-045500-BACKTEST-000-1137,O-20251102-052000-BACKTEST-000-1138,BUY,FLAT,0.00000000,0.00685864,1762059300000000000,2025-11-02 04:55:00+00:00,1762060800000000000,2025-11-02 05:20:00+00:00,1500000000000,110670.26999999999,110340.14,['6.07 USD'],-0.00298,-8.33 USD,True
BTC/USD.KRAKEN-KrakenBTCUSDResearchStrategy-000-718c85ff-e903-4ee6-bfcc-3447e75deab3,KRAKEN-BACKTEST,KrakenBTCUSDResearchStrategy-000,BTC/USD.KRAKEN,KRAKEN-001,O-20251102-075000-BACKTEST-000-1139,O-20251102-081000-BACKTEST-000-1140,BUY,FLAT,0.00000000,0.00681370,1762069800000000000,2025-11-02 07:50:00+00:00,1762071000000000000,2025-11-02 08:10:00+00:00,1200000000000,111033.0,110798.9,['6.05 USD'],-0.00211,-7.65 USD,True
BTC/USD.KRAKEN-KrakenBTCUSDResearchStrategy-000-f291da38-6fad-4022-a554-0d7465e5ef10,KRAKEN-BACKTEST,KrakenBTCUSDResearchStrategy-000,BTC/USD.KRAKEN,KRAKEN-001,O-20251102-115000-BACKTEST-000-1141,O-20251102-123500-BACKTEST-000-1142,BUY,FLAT,0.00000000,0.00679107,1762084200000000000,2025-11-02 11:50:00+00:00,1762086900000000000,2025-11-02 12:35:00+00:00,2700000000000,111064.96,110816.7,['6.03 USD'],-0.00224,-7.72 USD,True
BTC/USD.KRAKEN-KrakenBTCUSDResearchStrategy-000-35a1e378-4be0-401f-befc-830807ddea6c,KRAKEN-BACKTEST,KrakenBTCUSDResearchStrategy-000,BTC/USD.KRAKEN,KRAKEN-001,O-20251102-235000-BACKTEST-000-1143,O-20251103-003000-BACKTEST-000-1144,BUY,FLAT,0.00000000,0.00679623,1762127400000000000,2025-11-02 23:50:00+00:00,1762129800000000000,2025-11-03 00:30:00+00:00,2400000000000,110640.0,110288.22,['6.01 USD'],-0.00318,-8.40 USD,True
BTC/USD.KRAKEN-KrakenBTCUSDResearchStrategy-000-b5166259-a40b-45a4-a58c-941f67cba21f,KRAKEN-BACKTEST,KrakenBTCUSDResearchStrategy-000,BTC/USD.KRAKEN,KRAKEN-001,O-20251105-032500-BACKTEST-000-1145,O-20251105-042500-BACKTEST-000-1146,BUY,FLAT,0.00000000,0.00733954,1762313100000000000,2025-11-05 03:25:00+00:00,1762316700000000000,2025-11-05 04:25:00+00:00,3600000000000,102106.47,101566.32,['5.98 USD'],-0.00529,-9.94 USD,True
BTC/USD.KRAKEN-KrakenBTCUSDResearchStrategy-000-e32db0bc-5363-4828-af12-94fe11c41384,KRAKEN-BACKTEST,KrakenBTCUSDResearchStrategy-000,BTC/USD.KRAKEN,KRAKEN-001,O-20251105-122000-BACKTEST-000-1147,O-20251105-220000-BACKTEST-000-1148,BUY,FLAT,0.00000000,0.00728722,1762345200000000000,2025-11-05 12:20:00+00:00,1762380000000000000,2025-11-05 22:00:00+00:00,34800000000000,102430.31,103451.33,['6.01 USD'],0.00997,1.43 USD,True
BTC/USD.KRAKEN-KrakenBTCUSDResearchStrategy-000-16b3ecf6-5f84-4890-b4aa-f9c3dd8a0e0c,KRAKEN-BACKTEST,KrakenBTCUSDResearchStrategy-000,BTC/USD.KRAKEN,KRAKEN-001,O-20251106-044500-BACKTEST-000-1149,O-20251106-050500-BACKTEST-000-1150,BUY,FLAT,0.00000000,0.00717573,1762404300000000000,2025-11-06 04:45:00+00:00,1762405500000000000,2025-11-06 05:05:00+00:00,1200000000000,104081.61,103668.64,['5.97 USD'],-0.00397,-8.93 USD,True
BTC/USD.KRAKEN-KrakenBTCUSDResearchStrategy-000-a953507a-6ba9-48f0-a6ac-ab0b2b6fee4d,KRAKEN-BACKTEST,KrakenBTCUSDResearchStrategy-000,BTC/USD.KRAKEN,KRAKEN-001,O-20251107-025500-BACKTEST-000-1151,O-20251107-040500-BACKTEST-000-1152,BUY,FLAT,0.00000000,0.00730270,1762484100000000000,2025-11-07 02:55:00+00:00,1762488300000000000,2025-11-07 04:05:00+00:00,4200000000000,101905.11,101612.37000000001,['5.95 USD'],-0.00287,-8.09 USD,True
BTC/USD.KRAKEN-KrakenBTCUSDResearchStrategy-000-f54d53f7-0530-455c-91ee-ec1d0268560d,KRAKEN-BACKTEST,KrakenBTCUSDResearchStrategy-000,BTC/USD.KRAKEN,KRAKEN-001,O-20251107-162500-BACKTEST-000-1153,O-20251108-003500-BACKTEST-000-1154,BUY,FLAT,0.00000000,0.00730557,1762532700000000000,2025-11-07 16:25:00+00:00,1762562100000000000,2025-11-08 00:35:00+00:00,29400000000000,101532.87,102732.76000000001,['5.97 USD'],0.01182,2.80 USD,True
BTC/USD.KRAKEN-KrakenBTCUSDResearchStrategy-000-54958549-aca3-4407-ad53-254a4c328ce8,KRAKEN-BACKTEST,KrakenBTCUSDResearchStrategy-000,BTC/USD.KRAKEN,KRAKEN-001,O-20251108-213500-BACKTEST-000-1155,O-20251109-001000-BACKTEST-000-1156,BUY,FLAT,0.00000000,0.00726328,1762637700000000000,2025-11-08 21:35:00+00:00,1762647000000000000,2025-11-09 00:10:00+00:00,9300000000000,102239.20999999999,102051.25,['5.93 USD'],-0.00184,-7.30 USD,True
BTC/USD.KRAKEN-KrakenBTCUSDResearchStrategy-000-f4f3c9e4-f53c-43d3-a3c8-8c380a4df783,KRAKEN-BACKTEST,KrakenBTCUSDResearchStrategy-000,BTC/USD.KRAKEN,KRAKEN-001,O-20251109-092000-BACKTEST-000-1157,O-20251109-094000-BACKTEST-000-1158,BUY,FLAT,0.00000000,0.00725083,1762680000000000000,2025-11-09 09:20:00+00:00,1762681200000000000,2025-11-09 09:40:00+00:00,1200000000000,102113.27,101905.82,['5.92 USD'],-0.00203,-7.42 USD,True
BTC/USD.KRAKEN-KrakenBTCUSDResearchStrategy-000-954561ae-5c9b-4834-95b7-f0a49a21de9f,KRAKEN-BACKTEST,KrakenBTCUSDResearchStrategy-000,BTC/USD.KRAKEN,KRAKEN-001,O-20251109-121500-BACKTEST-000-1159,O-20251109-123000-BACKTEST-000-1160,BUY,FLAT,0.00000000,0.00720998,1762690500000000000,2025-11-09 12:15:00+00:00,1762691400000000000,2025-11-09 12:30:00+00:00,900000000000,102382.62000000001,102105.79999999999,['5.89 USD'],-0.0027,-7.89 USD,True
BTC/USD.KRAKEN-KrakenBTCUSDResearchStrategy-000-2a50a63c-1a89-49bb-b1ca-face54e2b33d,KRAKEN-BACKTEST,KrakenBTCUSDResearchStrategy-000,BTC/USD.KRAKEN,KRAKEN-001,O-20251109-132500-BACKTEST-000-1161,O-20251110-083500-BACKTEST-000-1162,BUY,FLAT,0.00000000,0.00717791,1762694700000000000,2025-11-09 13:25:00+00:00,1762763700000000000,2025-11-10 08:35:00+00:00,69000000000000,102510.33,105908.94,['5.98 USD'],0.03315,18.41 USD,True
BTC/USD.KRAKEN-KrakenBTCUSDResearchStrategy-000-7024aeb8-57a3-4daf-8201-283f74b1e96f,KRAKEN-BACKTEST,KrakenBTCUSDResearchStrategy-000,BTC/USD.KRAKEN,KRAKEN-001,O-20251110-094500-BACKTEST-000-1163,O-20251110-101000-BACKTEST-000-1164,BUY,FLAT,0.00000000,0.00695668,1762767900000000000,2025-11-10 09:45:00+00:00,1762769400000000000,2025-11-10 10:10:00+00:00,1500000000000,106564.12000000001,106272.96,['5.93 USD'],-0.00273,-7.96 USD,True
BTC/USD.KRAKEN-KrakenBTCUSDResearchStrategy-000-dc7a1300-f803-4c3a-8802-8ca1af486af7,KRAKEN-BACKTEST,KrakenBTCUSDResearchStrategy-000,BTC/USD.KRAKEN,KRAKEN-001,O-20251110-201000-BACKTEST-000-1165,O-20251110-210000-BACKTEST-000-1166,BUY,FLAT,0.00000000,0.00695574,1762805400000000000,2025-11-10 20:10:00+00:00,1762808400000000000,2025-11-10 21:00:00+00:00,3000000000000,106235.64,105733.06,['5.90 USD'],-0.00473,-9.40 USD,True
BTC/USD.KRAKEN-KrakenBTCUSDResearchStrategy-000-6b83a5ea-7a5c-4756-97d8-d3bbb3ed7aab,KRAKEN-BACKTEST,KrakenBTCUSDResearchStrategy-000,BTC/USD.KRAKEN,KRAKEN-001,O-20251111-011500-BACKTEST-000-1167,O-20251111-012500-BACKTEST-000-1168,BUY,FLAT,0.00000000,0.00685676,1762823700000000000,2025-11-11 01:15:00+00:00,1762824300000000000,2025-11-11 01:25:00+00:00,600000000000,107357.87,106792.58,['5.87 USD'],-0.00527,-9.75 USD,True
BTC/USD.KRAKEN-KrakenBTCUSDResearchStrategy-000-17839d8e-28c4-459c-927d-dc6622cead78,KRAKEN-BACKTEST,KrakenBTCUSDResearchStrategy-000,BTC/USD.KRAKEN,KRAKEN-001,O-20251112-060500-BACKTEST-000-1169,O-20251112-074500-BACKTEST-000-1170,BUY,FLAT,0.00000000,0.00708305,1762927500000000000,2025-11-12 06:05:00+00:00,1762933500000000000,2025-11-12 07:45:00+00:00,6000000000000,103515.05,103302.49,['5.86 USD'],-0.00205,-7.37 USD,True
BTC/USD.KRAKEN-KrakenBTCUSDResearchStrategy-000-655513c9-fb28-4073-83fb-b101de325fab,KRAKEN-BACKTEST,KrakenBTCUSDResearchStrategy-000,BTC/USD.KRAKEN,KRAKEN-001,O-20251112-090000-BACKTEST-000-1171,O-20251112-144500-BACKTEST-000-1172,BUY,FLAT,0.00000000,0.00701239,1762938000000000000,2025-11-12 09:00:00+00:00,1762958700000000000,2025-11-12 14:45:00+00:00,20700000000000,104243.23999999999,103918.62000000001,['5.83 USD'],-0.00311,-8.11 USD,True
BTC/USD.KRAKEN-KrakenBTCUSDResearchStrategy-000-ace71c7c-5b0c-4dd5-bb0f-0d087ddceec6,KRAKEN-BACKTEST,KrakenBTCUSDResearchStrategy-000,BTC/USD.KRAKEN,KRAKEN-001,O-20251113-054500-BACKTEST-000-1173,O-20251113-090500-BACKTEST-000-1174,BUY,FLAT,0.00000000,0.00708981,1763012700000000000,2025-11-13 05:45:00+00:00,1763024700000000000,2025-11-13 09:05:00+00:00,12000000000000,102762.22,102812.90999999999,['5.83 USD'],0.00049,-5.47 USD,True
BTC/USD.KRAKEN-KrakenBTCUSDResearchStrategy-000-91e859ac-7850-4c9b-ad7f-8e4c5dc73d25,KRAKEN-BACKTEST,KrakenBTCUSDResearchStrategy-000,BTC/USD.KRAKEN,KRAKEN-001,O-20251115-022500-BACKTEST-000-1175,O-20251115-082000-BACKTEST-000-1176,BUY,FLAT,0.00000000,0.00758160,1763173500000000000,2025-11-15 02:25:00+00:00,1763194800000000000,2025-11-15 08:20:00+00:00,21300000000000,95880.0,95908.83,['5.82 USD'],0.0003,-5.60 USD,True
BTC/USD.KRAKEN-KrakenBTCUSDResearchStrategy-000-3181a553-2945-4931-b327-ec82605e5bd6,KRAKEN-BACKTEST,KrakenBTCUSDResearchStrategy-000,BTC/USD.KRAKEN,KRAKEN-001,O-20251115-135000-BACKTEST-000-1177,O-20251115-160500-BACKTEST-000-1178,BUY,FLAT,0.00000000,0.00753560,1763214600000000000,2025-11-15 13:50:00+00:00,1763222700000000000,2025-11-15 16:05:00+00:00,8100000000000,96242.33,95877.84,['5.79 USD'],-0.00379,-8.54 USD,True
BTC/USD.KRAKEN-KrakenBTCUSDResearchStrategy-000-f1429113-65c4-4b7f-9e4b-fbfd3a96d7a2,KRAKEN-BACKTEST,KrakenBTCUSDResearchStrategy-000,BTC/USD.KRAKEN,KRAKEN-001,O-20251116-051000-BACKTEST-000-1179,O-20251116-065500-BACKTEST-000-1180,BUY,FLAT,0.00000000,0.00752483,1763269800000000000,2025-11-16 05:10:00+00:00,1763276100000000000,2025-11-16 06:55:00+00:00,6300000000000,96040.0,95813.53,['5.77 USD'],-0.00236,-7.47 USD,True
BTC/USD.KRAKEN-KrakenBTCUSDResearchStrategy-000-80530ce0-8a1d-41cc-bcf4-852b0f48b0f0,KRAKEN-BACKTEST,KrakenBTCUSDResearchStrategy-000,BTC/USD.KRAKEN,KRAKEN-001,O-20251116-095000-BACKTEST-000-1181,O-20251116-111000-BACKTEST-000-1182,BUY,FLAT,0.00000000,0.00747271,1763286600000000000,2025-11-16 09:50:00+00:00,1763291400000000000,2025-11-16 11:10:00+00:00,4800000000000,96410.0,95931.39,['5.75 USD'],-0.00496,-9.33 USD,True
BTC/USD.KRAKEN-KrakenBTCUSDResearchStrategy-000-5e1689c6-6c75-4dd5-8b40-5453f330313c,KRAKEN-BACKTEST,KrakenBTCUSDResearchStrategy-000,BTC/USD.KRAKEN,KRAKEN-001,O-20251117-005000-BACKTEST-000-1183,O-20251117-114500-BACKTEST-000-1184,BUY,FLAT,0.00000000,0.00755033,1763340600000000000,2025-11-17 00:50:00+00:00,1763379900000000000,2025-11-17 11:45:00+00:00,39300000000000,95048.54000000001,95420.0,['5.75 USD'],0.00391,-2.95 USD,True
BTC/USD.KRAKEN-KrakenBTCUSDResearchStrategy-000-779ba77d-2dfe-4c0d-860c-805d620cfa6d,KRAKEN-BACKTEST,KrakenBTCUSDResearchStrategy-000,BTC/USD.KRAKEN,KRAKEN-001,O-20251118-100000-BACKTEST-000-1185,O-20251118-121000-BACKTEST-000-1186,BUY,FLAT,0.00000000,0.00783075,1763460000000000000,2025-11-18 10:00:00+00:00,1763467800000000000,2025-11-18 12:10:00+00:00,7800000000000,91531.74,91117.31,['5.72 USD'],-0.00453,-8.97 USD,True
BTC/USD.KRAKEN-KrakenBTCUSDResearchStrategy-000-040c98ce-4eb1-4db7-ba9f-7a5a073c671a,KRAKEN-BACKTEST,KrakenBTCUSDResearchStrategy-000,BTC/USD.KRAKEN,KRAKEN-001,O-20251118-143000-BACKTEST-000-1187,O-20251118-144000-BACKTEST-000-1188,BUY,FLAT,0.00000000,0.00775561,1763476200000000000,2025-11-18 14:30:00+00:00,1763476800000000000,2025-11-18 14:40:00+00:00,600000000000,92071.98000000001,91471.23999999999,['5.70 USD'],-0.00652,-10.36 USD,True
BTC/USD.KRAKEN-KrakenBTCUSDResearchStrategy-000-0ad4dc26-96db-4d75-a01d-09c7baee94a4,KRAKEN-BACKTEST,KrakenBTCUSDResearchStrategy-000,BTC/USD.KRAKEN,KRAKEN-001,O-20251118-160500-BACKTEST-000-1189,O-20251118-204500-BACKTEST-000-1190,BUY,FLAT,0.00000000,0.00630556,1763481900000000000,2025-11-18 16:05:00+00:00,1763498700000000000,2025-11-18 20:45:00+00:00,16800000000000,93166.0,92681.66,['4.69 USD'],-0.0052,-7.74 USD,True
BTC/USD.KRAKEN-KrakenBTCUSDResearchStrategy-000-1fd83b20-0264-460a-9ab4-5a4c24f5ef6e,KRAKEN-BACKTEST,KrakenBTCUSDResearchStrategy-000,BTC/USD.KRAKEN,KRAKEN-001,O-20251119-150500-BACKTEST-000-1191,O-20251119-152000-BACKTEST-000-1192,BUY,FLAT,0.00000000,0.00768442,1763564700000000000,2025-11-19 15:05:00+00:00,1763565600000000000,2025-11-19 15:20:00+00:00,900000000000,92218.8,91480.0,['5.64 USD'],-0.00801,-11.32 USD,True
BTC/USD.KRAKEN-KrakenBTCUSDResearchStrategy-000-55193dc3-01a7-44fa-928b-c94daa18f8a6,KRAKEN-BACKTEST,KrakenBTCUSDResearchStrategy-000,BTC/USD.KRAKEN,KRAKEN-001,O-20251119-230000-BACKTEST-000-1193,O-20251120-064000-BACKTEST-000-1194,BUY,FLAT,0.00000000,0.00776236,1763593200000000000,2025-11-19 23:00:00+00:00,1763620800000000000,2025-11-20 06:40:00+00:00,27600000000000,90855.35,91846.90999999999,['5.67 USD'],0.01091,2.03 USD,True
BTC/USD.KRAKEN-KrakenBTCUSDResearchStrategy-000-c5dd62e8-db74-4155-8e2f-20bac498b652,KRAKEN-BACKTEST,KrakenBTCUSDResearchStrategy-000,BTC/USD.KRAKEN,KRAKEN-001,O-20251121-145000-BACKTEST-000-1195,O-20251121-151000-BACKTEST-000-1196,BUY,FLAT,0.00000000,0.00655912,1763736600000000000,2025-11-21 14:50:00+00:00,1763737800000000000,2025-11-21 15:10:00+00:00,1200000000000,85410.25,84173.05,['4.45 USD'],-0.01449,-12.56 USD,True
BTC/USD.KRAKEN-KrakenBTCUSDResearchStrategy-000-f921bafd-9ec7-458d-9725-6ddfa16a5619,KRAKEN-BACKTEST,KrakenBTCUSDResearchStrategy-000,BTC/USD.KRAKEN,KRAKEN-001,O-20251122-001000-BACKTEST-000-1197,O-20251122-002500-BACKTEST-000-1198,BUY,FLAT,0.00000000,0.00821007,1763770200000000000,2025-11-22 00:10:00+00:00,1763771100000000000,2025-11-22 00:25:00+00:00,900000000000,85515.70999999999,84895.97,['5.60 USD'],-0.00725,-10.69 USD,True
BTC/USD.KRAKEN-KrakenBTCUSDResearchStrategy-000-699aa8f0-b449-4c17-b20c-872d23764bda,KRAKEN-BACKTEST,KrakenBTCUSDResearchStrategy-000,BTC/USD.KRAKEN,KRAKEN-001,O-20251122-164000-BACKTEST-000-1199,O-20251122-170000-BACKTEST-000-1200,BUY,FLAT,0.00000000,0.00823882,1763829600000000000,2025-11-22 16:40:00+00:00,1763830800000000000,2025-11-22 17:00:00+00:00,1200000000000,84828.0,84517.47,['5.59 USD'],-0.00366,-8.15 USD,True
BTC/USD.KRAKEN-KrakenBTCUSDResearchStrategy-000-1a45dfeb-16f1-4ce9-b312-5c2fe4612677,KRAKEN-BACKTEST,KrakenBTCUSDResearchStrategy-000,BTC/USD.KRAKEN,KRAKEN-001,O-20251122-225000-BACKTEST-000-1201,O-20251122-231500-BACKTEST-000-1202,BUY,FLAT,0.00000000,0.00817552,1763851800000000000,2025-11-22 22:50:00+00:00,1763853300000000000,2025-11-22 23:15:00+00:00,1500000000000,85185.75,84822.97,['5.56 USD'],-0.00426,-8.53 USD,True
BTC/USD.KRAKEN-KrakenBTCUSDResearchStrategy-000-b64d2413-28d0-4afe-be9d-497322486115,KRAKEN-BACKTEST,KrakenBTCUSDResearchStrategy-000,BTC/USD.KRAKEN,KRAKEN-001,O-20251123-011000-BACKTEST-000-1203,O-20251123-070000-BACKTEST-000-1204,BUY,FLAT,0.00000000,0.00813124,1763860200000000000,2025-11-23 01:10:00+00:00,1763881200000000000,2025-11-23 07:00:00+00:00,21000000000000,85334.88,85727.15,['5.57 USD'],0.0046,-2.38 USD,True
BTC/USD.KRAKEN-KrakenBTCUSDResearchStrategy-000-90297904-7fec-4562-baad-b39cb6032ad1,KRAKEN-BACKTEST,KrakenBTCUSDResearchStrategy-000,BTC/USD.KRAKEN,KRAKEN-001,O-20251123-121000-BACKTEST-000-1205,O-20251123-231500-BACKTEST-000-1206,BUY,FLAT,0.00000000,0.00800445,1763899800000000000,2025-11-23 12:10:00+00:00,1763939700000000000,2025-11-23 23:15:00+00:00,39900000000000,86597.45,87093.31,['5.56 USD'],0.00573,-1.59 USD,True
BTC/USD.KRAKEN-KrakenBTCUSDResearchStrategy-000-2a45d787-cef2-42d6-91c2-68e9a7b90a02,KRAKEN-BACKTEST,KrakenBTCUSDResearchStrategy-000,BTC/USD.KRAKEN,KRAKEN-001,O-20251124-164000-BACKTEST-000-1207,O-20251125-000000-BACKTEST-000-1208,BUY,FLAT,0.00000000,0.00791634,1764002400000000000,2025-11-24 16:40:00+00:00,1764028800000000000,2025-11-25 00:00:00+00:00,26400000000000,87500.95,88169.90000000001,['5.56 USD'],0.00765,-0.26 USD,True
BTC/USD.KRAKEN-KrakenBTCUSDResearchStrategy-000-b537a0a6-a611-4d45-8110-c6652aef0c38,KRAKEN-BACKTEST,KrakenBTCUSDResearchStrategy-000,BTC/USD.KRAKEN,KRAKEN-001,O-20251125-173500-BACKTEST-000-1209,O-20251125-183500-BACKTEST-000-1210,BUY,FLAT,0.00000000,0.00786849,1764092100000000000,2025-11-25 17:35:00+00:00,1764095700000000000,2025-11-25 18:35:00+00:00,3600000000000,88022.79000000001,87476.88,['5.52 USD'],-0.0062,-9.82 USD,True
BTC/USD.KRAKEN-KrakenBTCUSDResearchStrategy-000-ebabe94e-044c-442a-9103-8feb0282079d,KRAKEN-BACKTEST,KrakenBTCUSDResearchStrategy-000,BTC/USD.KRAKEN,KRAKEN-001,O-20251125-230500-BACKTEST-000-1211,O-20251126-010000-BACKTEST-000-1212,BUY,FLAT,0.00000000,0.00786063,1764111900000000000,2025-11-25 23:05:00+00:00,1764118800000000000,2025-11-26 01:00:00+00:00,6900000000000,87736.01999999999,87402.11,['5.51 USD'],-0.00381,-8.13 USD,True
BTC/USD.KRAKEN-KrakenBTCUSDResearchStrategy-000-32b1c4dd-2e18-4731-8530-0efe8db639ea,KRAKEN-BACKTEST,KrakenBTCUSDResearchStrategy-000,BTC/USD.KRAKEN,KRAKEN-001,O-20251126-075500-BACKTEST-000-1213,O-20251126-080500-BACKTEST-000-1214,BUY,FLAT,0.00000000,0.00781510,1764143700000000000,2025-11-26 07:55:00+00:00,1764144300000000000,2025-11-26 08:05:00+00:00,600000000000,87935.05,87701.97,['5.49 USD'],-0.00265,-7.31 USD,True
BTC/USD.KRAKEN-KrakenBTCUSDResearchStrategy-000-56babce6-694e-4d12-b71a-ba7c9cdd45ef,KRAKEN-BACKTEST,KrakenBTCUSDResearchStrategy-000,BTC/USD.KRAKEN,KRAKEN-001,O-20251126-172500-BACKTEST-000-1215,O-20251127-122500-BACKTEST-000-1216,BUY,FLAT,0.00000000,0.00772619,1764177900000000000,2025-11-26 17:25:00+00:00,1764246300000000000,2025-11-27 12:25:00+00:00,68400000000000,88663.14,91277.31999999999,['5.56 USD'],0.02948,14.64 USD,True
BTC/USD.KRAKEN-KrakenBTCUSDResearchStrategy-000-d88888c6-a079-44ca-9a8d-68b9525db749,KRAKEN-BACKTEST,KrakenBTCUSDResearchStrategy-000,BTC/USD.KRAKEN,KRAKEN-001,O-20251127-183500-BACKTEST-000-1217,O-20251127-202000-BACKTEST-000-1218,BUY,FLAT,0.00000000,0.00751923,1764268500000000000,2025-11-27 18:35:00+00:00,1764274800000000000,2025-11-27 20:20:00+00:00,6300000000000,91687.61,91432.62000000001,['5.51 USD'],-0.00278,-7.43 USD,True
BTC/USD.KRAKEN-KrakenBTCUSDResearchStrategy-000-825cb205-e782-43b4-a780-edaecf72d546,KRAKEN-BACKTEST,KrakenBTCUSDResearchStrategy-000,BTC/USD.KRAKEN,KRAKEN-001,O-20251128-051000-BACKTEST-000-1219,O-20251128-062500-BACKTEST-000-1220,BUY,FLAT,0.00000000,0.00751018,1764306600000000000,2025-11-28 05:10:00+00:00,1764311100000000000,2025-11-28 06:25:00+00:00,4500000000000,91501.40000000001,91303.25,['5.49 USD'],-0.00217,-6.98 USD,True
BTC/USD.KRAKEN-KrakenBTCUSDResearchStrategy-000-b1c5621b-f489-4ec2-85ca-e58c18279ac2,KRAKEN-BACKTEST,KrakenBTCUSDResearchStrategy-000,BTC/USD.KRAKEN,KRAKEN-001,O-20251128-105000-BACKTEST-000-1221,O-20251128-110500-BACKTEST-000-1222,BUY,FLAT,0.00000000,0.00745805,1764327000000000000,2025-11-28 10:50:00+00:00,1764327900000000000,2025-11-28 11:05:00+00:00,900000000000,91860.14,91588.86,['5.47 USD'],-0.00295,-7.49 USD,True
BTC/USD.KRAKEN-KrakenBTCUSDResearchStrategy-000-429a174a-4f25-44f1-aa24-b817d5645053,KRAKEN-BACKTEST,KrakenBTCUSDResearchStrategy-000,BTC/USD.KRAKEN,KRAKEN-001,O-20251128-134500-BACKTEST-000-1223,O-20251128-162000-BACKTEST-000-1224,BUY,FLAT,0.00000000,0.00739609,1764337500000000000,2025-11-28 13:45:00+00:00,1764346800000000000,2025-11-28 16:20:00+00:00,9300000000000,92325.47,91385.24,['5.43 USD'],-0.01018,-12.38 USD,True
BTC/USD.KRAKEN-KrakenBTCUSDResearchStrategy-000-a9314efc-fc84-4dcf-b670-ae99295b37e1,KRAKEN-BACKTEST,KrakenBTCUSDResearchStrategy-000,BTC/USD.KRAKEN,KRAKEN-001,O-20251129-151500-BACKTEST-000-1225,O-20251129-171000-BACKTEST-000-1226,BUY,FLAT,0.00000000,0.00746828,1764429300000000000,2025-11-29 15:15:00+00:00,1764436200000000000,2025-11-29 17:10:00+00:00,6900000000000,90935.28,90699.82,['5.43 USD'],-0.00259,-7.19 USD,True
BTC/USD.KRAKEN-KrakenBTCUSDResearchStrategy-000-f3445fd3-e18e-499d-bb5d-af20aea9ff8f,KRAKEN-BACKTEST,KrakenBTCUSDResearchStrategy-000,BTC/USD.KRAKEN,KRAKEN-001,O-20251130-074500-BACKTEST-000-1227,O-20251130-075000-BACKTEST-000-1228,BUY,FLAT,0.00000000,0.00743654,1764488700000000000,2025-11-30 07:45:00+00:00,1764489000000000000,2025-11-30 07:50:00+00:00,300000000000,91033.42,90928.51,['5.41 USD'],-0.00115,-6.19 USD,True
BTC/USD.KRAKEN-KrakenBTCUSDResearchStrategy-000-27b64369-2da5-4f71-a1ff-e6fbd4234ca4,KRAKEN-BACKTEST,KrakenBTCUSDResearchStrategy-000,BTC/USD.KRAKEN,KRAKEN-001,O-20251130-091000-BACKTEST-000-1229,O-20251130-103000-BACKTEST-000-1230,BUY,FLAT,0.00000000,0.00737926,1764493800000000000,2025-11-30 09:10:00+00:00,1764498600000000000,2025-11-30 10:30:00+00:00,4800000000000,91488.33,91244.0,['5.39 USD'],-0.00267,-7.19 USD,True
BTC/USD.KRAKEN-KrakenBTCUSDResearchStrategy-000-6b395221-a2bb-4ab7-b88f-a5e7d540ce65,KRAKEN-BACKTEST,KrakenBTCUSDResearchStrategy-000,BTC/USD.KRAKEN,KRAKEN-001,O-20251130-131500-BACKTEST-000-1231,O-20251130-143500-BACKTEST-000-1232,BUY,FLAT,0.00000000,0.00733762,1764508500000000000,2025-11-30 13:15:00+00:00,1764513300000000000,2025-11-30 14:35:00+00:00,4800000000000,91713.17,91299.0,['5.37 USD'],-0.00452,-8.41 USD,True
BTC/USD.KRAKEN-KrakenBTCUSDResearchStrategy-000-efa5a541-e156-46dc-9b03-1651e65db577,KRAKEN-BACKTEST,KrakenBTCUSDResearchStrategy-000,BTC/USD.KRAKEN,KRAKEN-001,O-20251201-212000-BACKTEST-000-1233,O-20251202-033000-BACKTEST-000-1234,BUY,FLAT,0.00000000,0.00777876,1764624000000000000,2025-12-01 21:20:00+00:00,1764646200000000000,2025-12-02 03:30:00+00:00,22200000000000,86187.74,86240.01,['5.36 USD'],0.00061,-4.95 USD,True
BTC/USD.KRAKEN-KrakenBTCUSDResearchStrategy-000-b600c518-f374-4e26-a86e-ed940b55085d,KRAKEN-BACKTEST,KrakenBTCUSDResearchStrategy-000,BTC/USD.KRAKEN,KRAKEN-001,O-20251202-104500-BACKTEST-000-1235,O-20251203-003000-BACKTEST-000-1236,BUY,FLAT,0.00000000,0.00767209,1764672300000000000,2025-12-02 10:45:00+00:00,1764721800000000000,2025-12-03 00:30:00+00:00,49500000000000,87192.46,91054.0,['5.47 USD'],0.04429,24.16 USD,True
BTC/USD.KRAKEN-KrakenBTCUSDResearchStrategy-000-7131ecfe-b9fe-4d31-b127-e77cc3b33118,KRAKEN-BACKTEST,KrakenBTCUSDResearchStrategy-000,BTC/USD.KRAKEN,KRAKEN-001,O-20251203-014500-BACKTEST-000-1237,O-20251203-085000-BACKTEST-000-1238,BUY,FLAT,0.00000000,0.00733129,1764726300000000000,2025-12-03 01:45:00+00:00,1764751800000000000,2025-12-03 08:50:00+00:00,25500000000000,92233.88,92715.61,['5.42 USD'],0.00522,-1.89 USD,True
BTC/USD.KRAKEN-KrakenBTCUSDResearchStrategy-000-f9c647e6-f24a-4458-a185-1046c0ffe1df,KRAKEN-BACKTEST,KrakenBTCUSDResearchStrategy-000,BTC/USD.KRAKEN,KRAKEN-001,O-20251203-215500-BACKTEST-000-1239,O-20251203-223000-BACKTEST-000-1240,BUY,FLAT,0.00000000,0.00721056,1764798900000000000,2025-12-03 21:55:00+00:00,1764801000000000000,2025-12-03 22:30:00+00:00,2100000000000,93700.0,93331.70999999999,['5.39 USD'],-0.00393,-8.05 USD,True
BTC/USD.KRAKEN-KrakenBTCUSDResearchStrategy-000-38b5bedd-d193-4f2f-bd5f-c32f65e7d32c,KRAKEN-BACKTEST,KrakenBTCUSDResearchStrategy-000,BTC/USD.KRAKEN,KRAKEN-001,O-20251205-023500-BACKTEST-000-1241,O-20251205-032000-BACKTEST-000-1242,BUY,FLAT,0.00000000,0.00726558,1764902100000000000,2025-12-05 02:35:00+00:00,1764904800000000000,2025-12-05 03:20:00+00:00,2700000000000,92658.0,92370.55,['5.37 USD'],-0.0031,-7.46 USD,True
BTC/USD.KRAKEN-KrakenBTCUSDResearchStrategy-000-669abd06-fd4d-409a-9648-e7f2ad5753a1,KRAKEN-BACKTEST,KrakenBTCUSDResearchStrategy-000,BTC/USD.KRAKEN,KRAKEN-001,O-20251206-134000-BACKTEST-000-1243,O-20251206-135000-BACKTEST-000-1244,BUY,FLAT,0.00000000,0.00747333,1765028400000000000,2025-12-06 13:40:00+00:00,1765029000000000000,2025-12-06 13:50:00+00:00,600000000000,89783.15,89676.08,['5.36 USD'],-0.00119,-6.16 USD,True
BTC/USD.KRAKEN-KrakenBTCUSDResearchStrategy-000-b31a229e-348e-4a21-96e3-0643fb14b7ec,KRAKEN-BACKTEST,KrakenBTCUSDResearchStrategy-000,BTC/USD.KRAKEN,KRAKEN-001,O-20251207-165500-BACKTEST-000-1245,O-20251207-214000-BACKTEST-000-1246,BUY,FLAT,0.00000000,0.00744361,1765126500000000000,2025-12-07 16:55:00+00:00,1765143600000000000,2025-12-07 21:40:00+00:00,17100000000000,89893.37999999999,90529.93,['5.38 USD'],0.00708,-0.64 USD,True
BTC/USD.KRAKEN-KrakenBTCUSDResearchStrategy-000-14cd6400-e97b-4257-a6c6-9c3f259b022d,KRAKEN-BACKTEST,KrakenBTCUSDResearchStrategy-000,BTC/USD.KRAKEN,KRAKEN-001,O-20251208-013500-BACKTEST-000-1247,O-20251208-014500-BACKTEST-000-1248,BUY,FLAT,0.00000000,0.00730027,1765157700000000000,2025-12-08 01:35:00+00:00,1765158300000000000,2025-12-08 01:45:00+00:00,600000000000,91632.22,91120.09999999999,['5.34 USD'],-0.00559,-9.08 USD,True
BTC/USD.KRAKEN-KrakenBTCUSDResearchStrategy-000-2f9e81b1-ae66-4bf6-a069-00c766e883e1,KRAKEN-BACKTEST,KrakenBTCUSDResearchStrategy-000,BTC/USD.KRAKEN,KRAKEN-001,O-20251208-063000-BACKTEST-000-1249,O-20251208-131500-BACKTEST-000-1250,BUY,FLAT,0.00000000,0.00727689,1765175400000000000,2025-12-08 06:30:00+00:00,1765199700000000000,2025-12-08 13:15:00+00:00,24300000000000,91552.24,91659.15,['5.33 USD'],0.00117,-4.55 USD,True
BTC/USD.KRAKEN-KrakenBTCUSDResearchStrategy-000-d4627744-cb28-4961-b238-8fd84ea96cd5,KRAKEN-BACKTEST,KrakenBTCUSDResearchStrategy-000,BTC/USD.KRAKEN,KRAKEN-001,O-20251208-212500-BACKTEST-000-1251,O-20251208-232000-BACKTEST-000-1252,BUY,FLAT,0.00000000,0.00730340,1765229100000000000,2025-12-08 21:25:00+00:00,1765236000000000000,2025-12-08 23:20:00+00:00,6900000000000,91032.59,90662.0,['5.31 USD'],-0.00407,-8.02 USD,True
BTC/USD.KRAKEN-KrakenBTCUSDResearchStrategy-000-63485244-035e-45ee-9055-dc5a7c20b890,KRAKEN-BACKTEST,KrakenBTCUSDResearchStrategy-000,BTC/USD.KRAKEN,KRAKEN-001,O-20251209-081500-BACKTEST-000-1253,O-20251209-090000-BACKTEST-000-1254,BUY,FLAT,0.00000000,0.00731260,1765268100000000000,2025-12-09 08:15:00+00:00,1765270800000000000,2025-12-09 09:00:00+00:00,2700000000000,90589.06999999999,90386.26,['5.29 USD'],-0.00224,-6.77 USD,True
BTC/USD.KRAKEN-KrakenBTCUSDResearchStrategy-000-0f3524f4-eac3-4eb9-a163-d4a878d3cca3,KRAKEN-BACKTEST,KrakenBTCUSDResearchStrategy-000,BTC/USD.KRAKEN,KRAKEN-001,O-20251209-122000-BACKTEST-000-1255,O-20251209-134000-BACKTEST-000-1256,BUY,FLAT,0.00000000,0.00728839,1765282800000000000,2025-12-09 12:20:00+00:00,1765287600000000000,2025-12-09 13:40:00+00:00,4800000000000,90611.28,90202.7,['5.27 USD'],-0.00451,-8.25 USD,True
BTC/USD.KRAKEN-KrakenBTCUSDResearchStrategy-000-ddf8399b-7f13-42fc-8e3c-867afc4f3eaf,KRAKEN-BACKTEST,KrakenBTCUSDResearchStrategy-000,BTC/USD.KRAKEN,KRAKEN-001,O-20251209-153500-BACKTEST-000-1257,O-20251209-214000-BACKTEST-000-1258,BUY,FLAT,0.00000000,0.00718286,1765294500000000000,2025-12-09 15:35:00+00:00,1765316400000000000,2025-12-09 21:40:00+00:00,21900000000000,91597.99,92679.70999999999,['5.29 USD'],0.01181,2.48 USD,True
BTC/USD.KRAKEN-KrakenBTCUSDResearchStrategy-000-c7ba9569-e792-4fc1-aed7-a2398533dd65,KRAKEN-BACKTEST,KrakenBTCUSDResearchStrategy-000,BTC/USD.KRAKEN,KRAKEN-001,O-20251210-075500-BACKTEST-000-1259,O-20251210-083000-BACKTEST-000-1260,BUY,FLAT,0.00000000,0.00709915,1765353300000000000,2025-12-10 07:55:00+00:00,1765355400000000000,2025-12-10 08:30:00+00:00,2100000000000,92782.90999999999,92550.8,['5.26 USD'],-0.0025,-6.91 USD,True
BTC/USD.KRAKEN-KrakenBTCUSDResearchStrategy-000-15127e1d-dd5f-4ed3-8463-446c74324881,KRAKEN-BACKTEST,KrakenBTCUSDResearchStrategy-000,BTC/USD.KRAKEN,KRAKEN-001,O-20251210-094500-BACKTEST-000-1261,O-20251210-102500-BACKTEST-000-1262,BUY,FLAT,0.00000000,0.00707370,1765359900000000000,2025-12-10 09:45:00+00:00,1765362300000000000,2025-12-10 10:25:00+00:00,2400000000000,92823.57,92450.16,['5.25 USD'],-0.00402,-7.89 USD,True
BTC/USD.KRAKEN-KrakenBTCUSDResearchStrategy-000-5c4b3872-7d1e-4ddd-8dc9-b360a73f82d9,KRAKEN-BACKTEST,KrakenBTCUSDResearchStrategy-000,BTC/USD.KRAKEN,KRAKEN-001,O-20251210-183500-BACKTEST-000-1263,O-20251210-184000-BACKTEST-000-1264,BUY,FLAT,0.00000000,0.00703433,1765391700000000000,2025-12-10 18:35:00+00:00,1765392000000000000,2025-12-10 18:40:00+00:00,300000000000,93006.22,92582.13,['5.23 USD'],-0.00456,-8.21 USD,True
BTC/USD.KRAKEN-KrakenBTCUSDResearchStrategy-000-fe7fc8ed-628d-4a83-88c9-64c64f2620e4,KRAKEN-BACKTEST,KrakenBTCUSDResearchStrategy-000,BTC/USD.KRAKEN,KRAKEN-001,O-20251210-200500-BACKTEST-000-1265,O-20251210-205000-BACKTEST-000-1266,BUY,FLAT,0.00000000,0.00536564,1765397100000000000,2025-12-10 20:05:00+00:00,1765399800000000000,2025-12-10 20:50:00+00:00,2700000000000,93570.52,92492.64,['4.00 USD'],-0.01152,-9.78 USD,True
BTC/USD.KRAKEN-KrakenBTCUSDResearchStrategy-000-b36b6430-8253-4faf-bf08-b5f499249bcd,KRAKEN-BACKTEST,KrakenBTCUSDResearchStrategy-000,BTC/USD.KRAKEN,KRAKEN-001,O-20251211-184000-BACKTEST-000-1267,O-20251211-185000-BACKTEST-000-1268,BUY,FLAT,0.00000000,0.00711677,1765478400000000000,2025-12-11 18:40:00+00:00,1765479000000000000,2025-12-11 18:50:00+00:00,600000000000,91169.65000000001,90632.06,['5.18 USD'],-0.0059,-9.01 USD,True
BTC/USD.KRAKEN-KrakenBTCUSDResearchStrategy-000-06c02814-c10c-4fa4-ae9c-a045f8848911,KRAKEN-BACKTEST,KrakenBTCUSDResearchStrategy-000,BTC/USD.KRAKEN,KRAKEN-001,O-20251211-204000-BACKTEST-000-1269,O-20251212-005500-BACKTEST-000-1270,BUY,FLAT,0.00000000,0.00705590,1765485600000000000,2025-12-11 20:40:00+00:00,1765500900000000000,2025-12-12 00:55:00+00:00,15300000000000,91573.45999999999,91573.88,['5.16 USD'],0.0,-5.16 USD,True
BTC/USD.KRAKEN-KrakenBTCUSDResearchStrategy-000-9d059b04-2b0a-4cbd-a052-05699c673703,KRAKEN-BACKTEST,KrakenBTCUSDResearchStrategy-000,BTC/USD.KRAKEN,KRAKEN-001,O-20251213-103500-BACKTEST-000-1271,O-20251213-111500-BACKTEST-000-1272,BUY,FLAT,0.00000000,0.00711397,1765622100000000000,2025-12-13 10:35:00+00:00,1765624500000000000,2025-12-13 11:15:00+00:00,2400000000000,90608.87,90505.42,['5.16 USD'],-0.00114,-5.90 USD,True
BTC/USD.KRAKEN-KrakenBTCUSDResearchStrategy-000-81741156-410a-4065-99ae-fd899ec41994,KRAKEN-BACKTEST,KrakenBTCUSDResearchStrategy-000,BTC/USD.KRAKEN,KRAKEN-001,O-20251214-001500-BACKTEST-000-1273,O-20251214-034500-BACKTEST-000-1274,BUY,FLAT,0.00000000,0.00711799,1765671300000000000,2025-12-14 00:15:00+00:00,1765683900000000000,2025-12-14 03:45:00+00:00,12600000000000,90309.0,90250.0,['5.14 USD'],-0.00065,-5.56 USD,True
BTC/USD.KRAKEN-KrakenBTCUSDResearchStrategy-000-87f70917-d108-4761-8710-5c414beec7b5,KRAKEN-BACKTEST,KrakenBTCUSDResearchStrategy-000,BTC/USD.KRAKEN,KRAKEN-001,O-20251215-020000-BACKTEST-000-1275,O-20251215-114000-BACKTEST-000-1276,BUY,FLAT,0.00000000,0.00716547,1765764000000000000,2025-12-15 02:00:00+00:00,1765798800000000000,2025-12-15 11:40:00+00:00,34800000000000,89477.84,89585.54999999999,['5.13 USD'],0.0012,-4.36 USD,True
BTC/USD.KRAKEN-KrakenBTCUSDResearchStrategy-000-405d84f8-2490-4240-a62a-5c063f7866b7,KRAKEN-BACKTEST,KrakenBTCUSDResearchStrategy-000,BTC/USD.KRAKEN,KRAKEN-001,O-20251216-065000-BACKTEST-000-1277,O-20251216-071000-BACKTEST-000-1278,BUY,FLAT,0.00000000,0.00739190,1765867800000000000,2025-12-16 06:50:00+00:00,1765869000000000000,2025-12-16 07:10:00+00:00,1200000000000,86559.93,86337.68,['5.11 USD'],-0.00257,-6.75 USD,True
BTC/USD.KRAKEN-KrakenBTCUSDResearchStrategy-000-ded36449-cb5e-4639-90d5-fda20798d64c,KRAKEN-BACKTEST,KrakenBTCUSDResearchStrategy-000,BTC/USD.KRAKEN,KRAKEN-001,O-20251216-103500-BACKTEST-000-1279,O-20251216-135500-BACKTEST-000-1280,BUY,FLAT,0.00000000,0.00735136,1765881300000000000,2025-12-16 10:35:00+00:00,1765893300000000000,2025-12-16 13:55:00+00:00,12000000000000,86761.87,86443.02,['5.09 USD'],-0.00368,-7.43 USD,True
BTC/USD.KRAKEN-KrakenBTCUSDResearchStrategy-000-11e3b113-355c-412f-8a09-6e201e374f08,KRAKEN-BACKTEST,KrakenBTCUSDResearchStrategy-000,BTC/USD.KRAKEN,KRAKEN-001,O-20251216-155000-BACKTEST-000-1281,O-20251216-172500-BACKTEST-000-1282,BUY,FLAT,0.00000000,0.00722737,1765900200000000000,2025-12-16 15:50:00+00:00,1765905900000000000,2025-12-16 17:25:00+00:00,5700000000000,87941.51,87343.42,['5.07 USD'],-0.0068,-9.39 USD,True
BTC/USD.KRAKEN-KrakenBTCUSDResearchStrategy-000-e1b881ee-f007-4017-b754-0c4eccd520ac,KRAKEN-BACKTEST,KrakenBTCUSDResearchStrategy-000,BTC/USD.KRAKEN,KRAKEN-001,O-20251217-134000-BACKTEST-000-1283,O-20251217-155500-BACKTEST-000-1284,BUY,FLAT,0.00000000,0.00724170,1765978800000000000,2025-12-17 13:40:00+00:00,1765986900000000000,2025-12-17 15:55:00+00:00,8100000000000,87378.09999999999,87233.44,['5.06 USD'],-0.00166,-6.11 USD,True
BTC/USD.KRAKEN-KrakenBTCUSDResearchStrategy-000-daa97776-392f-44c8-baac-f4bef5a79184,KRAKEN-BACKTEST,KrakenBTCUSDResearchStrategy-000,BTC/USD.KRAKEN,KRAKEN-001,O-20251218-042000-BACKTEST-000-1285,O-20251218-050500-BACKTEST-000-1286,BUY,FLAT,0.00000000,0.00726086,1766031600000000000,2025-12-18 04:20:00+00:00,1766034300000000000,2025-12-18 05:05:00+00:00,2700000000000,86895.02,86691.49,['5.04 USD'],-0.00234,-6.52 USD,True
BTC/USD.KRAKEN-KrakenBTCUSDResearchStrategy-000-d74aee9d-79f8-4abf-bdfd-6efa166db3c8,KRAKEN-BACKTEST,KrakenBTCUSDResearchStrategy-000,BTC/USD.KRAKEN,KRAKEN-001,O-20251218-082000-BACKTEST-000-1287,O-20251218-170000-BACKTEST-000-1288,BUY,FLAT,0.00000000,0.00723231,1766046000000000000,2025-12-18 08:20:00+00:00,1766077200000000000,2025-12-18 17:00:00+00:00,31200000000000,86967.61,87599.99,['5.05 USD'],0.00727,-0.48 USD,True
BTC/USD.KRAKEN-KrakenBTCUSDResearchStrategy-000-3969b205-ba37-4f24-8804-ee2df780fac5,KRAKEN-BACKTEST,KrakenBTCUSDResearchStrategy-000,BTC/USD.KRAKEN,KRAKEN-001,O-20251219-032500-BACKTEST-000-1289,O-20251219-053000-BACKTEST-000-1290,BUY,FLAT,0.00000000,0.00721585,1766114700000000000,2025-12-19 03:25:00+00:00,1766122200000000000,2025-12-19 05:30:00+00:00,7500000000000,87146.04000000001,86702.76,['5.02 USD'],-0.00509,-8.22 USD,True
BTC/USD.KRAKEN-KrakenBTCUSDResearchStrategy-000-2b59f2ef-d670-4010-af5f-a3159235318a,KRAKEN-BACKTEST,KrakenBTCUSDResearchStrategy-000,BTC/USD.KRAKEN,KRAKEN-001,O-20251219-070000-BACKTEST-000-1291,O-20251219-143000-BACKTEST-000-1292,BUY,FLAT,0.00000000,0.00713850,1766127600000000000,2025-12-19 07:00:00+00:00,1766154600000000000,2025-12-19 14:30:00+00:00,27000000000000,87744.81,87758.81,['5.02 USD'],0.00016,-4.92 USD,True
BTC/USD.KRAKEN-KrakenBTCUSDResearchStrategy-000-13028f46-4417-4562-8ee1-62b833f07659,KRAKEN-BACKTEST,KrakenBTCUSDResearchStrategy-000,BTC/USD.KRAKEN,KRAKEN-001,O-20251220-050000-BACKTEST-000-1293,O-20251220-071500-BACKTEST-000-1294,BUY,FLAT,0.00000000,0.00707370,1766206800000000000,2025-12-20 05:00:00+00:00,1766214900000000000,2025-12-20 07:15:00+00:00,8100000000000,88340.0,88218.25,['5.00 USD'],-0.00138,-5.86 USD,True
BTC/USD.KRAKEN-KrakenBTCUSDResearchStrategy-000-42c5cdd2-ef83-4349-b00a-226348bbe6c0,KRAKEN-BACKTEST,KrakenBTCUSDResearchStrategy-000,BTC/USD.KRAKEN,KRAKEN-001,O-20251220-185500-BACKTEST-000-1295,O-20251220-190000-BACKTEST-000-1296,BUY,FLAT,0.00000000,0.00705594,1766256900000000000,2025-12-20 18:55:00+00:00,1766257200000000000,2025-12-20 19:00:00+00:00,300000000000,88313.20999999999,88237.11,['4.98 USD'],-0.00086,-5.52 USD,True
BTC/USD.KRAKEN-KrakenBTCUSDResearchStrategy-000-a596423f-f49b-4674-870b-4bac7dfce019,KRAKEN-BACKTEST,KrakenBTCUSDResearchStrategy-000,BTC/USD.KRAKEN,KRAKEN-001,O-20251221-082500-BACKTEST-000-1297,O-20251221-130000-BACKTEST-000-1298,BUY,FLAT,0.00000000,0.00704154,1766305500000000000,2025-12-21 08:25:00+00:00,1766322000000000000,2025-12-21 13:00:00+00:00,16500000000000,88259.0,88346.96,['4.98 USD'],0.001,-4.36 USD,True
BTC/USD.KRAKEN-KrakenBTCUSDResearchStrategy-000-8a15907e-55ad-4821-812f-bd3b76ed941f,KRAKEN-BACKTEST,KrakenBTCUSDResearchStrategy-000,BTC/USD.KRAKEN,KRAKEN-001,O-20251221-195000-BACKTEST-000-1299,O-20251221-201000-BACKTEST-000-1300,BUY,FLAT,0.00000000,0.00700397,1766346600000000000,2025-12-21 19:50:00+00:00,1766347800000000000,2025-12-21 20:10:00+00:00,1200000000000,88545.72,88312.32,['4.95 USD'],-0.00264,-6.58 USD,True
BTC/USD.KRAKEN-KrakenBTCUSDResearchStrategy-000-c0330742-3927-4bf7-b15b-48c74235daa9,KRAKEN-BACKTEST,KrakenBTCUSDResearchStrategy-000,BTC/USD.KRAKEN,KRAKEN-001,O-20251221-230000-BACKTEST-000-1301,O-20251221-232500-BACKTEST-000-1302,BUY,FLAT,0.00000000,0.00696903,1766358000000000000,2025-12-21 23:00:00+00:00,1766359500000000000,2025-12-21 23:25:00+00:00,1500000000000,88706.42,88450.0,['4.94 USD'],-0.00289,-6.73 USD,True
BTC/USD.KRAKEN-KrakenBTCUSDResearchStrategy-000-ec64d758-4b48-4be8-ab92-ee4e23f6c73f,KRAKEN-BACKTEST,KrakenBTCUSDResearchStrategy-000,BTC/USD.KRAKEN,KRAKEN-001,O-20251222-001000-BACKTEST-000-1303,O-20251222-001500-BACKTEST-000-1304,BUY,FLAT,0.00000000,0.00688622,1766362200000000000,2025-12-22 00:10:00+00:00,1766362500000000000,2025-12-22 00:15:00+00:00,300000000000,89480.0,89154.0,['4.92 USD'],-0.00364,-7.16 USD,True
BTC/USD.KRAKEN-KrakenBTCUSDResearchStrategy-000-0526acab-c60b-4e25-9320-ef25543750bf,KRAKEN-BACKTEST,KrakenBTCUSDResearchStrategy-000,BTC/USD.KRAKEN,KRAKEN-001,O-20251222-070500-BACKTEST-000-1305,O-20251222-143500-BACKTEST-000-1306,BUY,FLAT,0.00000000,0.00688657,1766387100000000000,2025-12-22 07:05:00+00:00,1766414100000000000,2025-12-22 14:35:00+00:00,27000000000000,89163.05,89650.0,['4.93 USD'],0.00546,-1.58 USD,True
BTC/USD.KRAKEN-KrakenBTCUSDResearchStrategy-000-364c73bb-69f4-4816-aad3-744b38fb09f6,KRAKEN-BACKTEST,KrakenBTCUSDResearchStrategy-000,BTC/USD.KRAKEN,KRAKEN-001,O-20251224-124000-BACKTEST-000-1307,O-20251224-132500-BACKTEST-000-1308,BUY,FLAT,0.00000000,0.00701928,1766580000000000000,2025-12-24 12:40:00+00:00,1766582700000000000,2025-12-24 13:25:00+00:00,2700000000000,87409.81,87269.99,['4.90 USD'],-0.0016,-5.88 USD,True
BTC/USD.KRAKEN-KrakenBTCUSDResearchStrategy-000-5d968f7d-df2b-4406-9ddf-3aed7b7f5679,KRAKEN-BACKTEST,KrakenBTCUSDResearchStrategy-000,BTC/USD.KRAKEN,KRAKEN-001,O-20251224-212500-BACKTEST-000-1309,O-20251225-003500-BACKTEST-000-1310,BUY,FLAT,0.00000000,0.00697431,1766611500000000000,2025-12-24 21:25:00+00:00,1766622900000000000,2025-12-25 00:35:00+00:00,11400000000000,87720.43,87542.18,['4.89 USD'],-0.00203,-6.13 USD,True
BTC/USD.KRAKEN-KrakenBTCUSDResearchStrategy-000-ccb50982-e580-4de4-a781-96086ad9d584,KRAKEN-BACKTEST,KrakenBTCUSDResearchStrategy-000,BTC/USD.KRAKEN,KRAKEN-001,O-20251225-144500-BACKTEST-000-1311,O-20251225-202500-BACKTEST-000-1312,BUY,FLAT,0.00000000,0.00695188,1766673900000000000,2025-12-25 14:45:00+00:00,1766694300000000000,2025-12-25 20:25:00+00:00,20400000000000,87738.89,87770.45000000001,['4.88 USD'],0.00036,-4.66 USD,True
BTC/USD.KRAKEN-KrakenBTCUSDResearchStrategy-000-0b5e18db-6ff4-40d1-b451-5af6e706d647,KRAKEN-BACKTEST,KrakenBTCUSDResearchStrategy-000,BTC/USD.KRAKEN,KRAKEN-001,O-20251226-071500-BACKTEST-000-1313,O-20251226-073000-BACKTEST-000-1314,BUY,FLAT,0.00000000,0.00680858,1766733300000000000,2025-12-26 07:15:00+00:00,1766734200000000000,2025-12-26 07:30:00+00:00,900000000000,89380.29000000001,89171.20999999999,['4.86 USD'],-0.00234,-6.28 USD,True
BTC/USD.KRAKEN-KrakenBTCUSDResearchStrategy-000-a5b268cd-bb73-4664-bb71-917b96b20e9e,KRAKEN-BACKTEST,KrakenBTCUSDResearchStrategy-000,BTC/USD.KRAKEN,KRAKEN-001,O-20251226-133500-BACKTEST-000-1315,O-20251226-143500-BACKTEST-000-1316,BUY,FLAT,0.00000000,0.00682004,1766756100000000000,2025-12-26 13:35:00+00:00,1766759700000000000,2025-12-26 14:35:00+00:00,3600000000000,88953.79,88564.0,['4.85 USD'],-0.00438,-7.51 USD,True
BTC/USD.KRAKEN-KrakenBTCUSDResearchStrategy-000-44bfb3eb-eadf-4bce-8cac-26c4b4fac5f5,KRAKEN-BACKTEST,KrakenBTCUSDResearchStrategy-000,BTC/USD.KRAKEN,KRAKEN-001,O-20251227-072000-BACKTEST-000-1317,O-20251227-072500-BACKTEST-000-1318,BUY,FLAT,0.00000000,0.00689170,1766820000000000000,2025-12-27 07:20:00+00:00,1766820300000000000,2025-12-27 07:25:00+00:00,300000000000,87701.99,87592.66,['4.83 USD'],-0.00125,-5.58 USD,True
BTC/USD.KRAKEN-KrakenBTCUSDResearchStrategy-000-cce739b0-3875-4c3d-87bb-8578880bc769,KRAKEN-BACKTEST,KrakenBTCUSDResearchStrategy-000,BTC/USD.KRAKEN,KRAKEN-001,O-20251227-153000-BACKTEST-000-1319,O-20251227-161000-BACKTEST-000-1320,BUY,FLAT,0.00000000,0.00688325,1766849400000000000,2025-12-27 15:30:00+00:00,1766851800000000000,2025-12-27 16:10:00+00:00,2400000000000,87566.0,87500.01,['4.82 USD'],-0.00075,-5.27 USD,True
BTC/USD.KRAKEN-KrakenBTCUSDResearchStrategy-000-16d434c7-986e-4154-beee-b99c6428110c,KRAKEN-BACKTEST,KrakenBTCUSDResearchStrategy-000,BTC/USD.KRAKEN,KRAKEN-001,O-20251227-200500-BACKTEST-000-1321,O-20251227-202500-BACKTEST-000-1322,BUY,FLAT,0.00000000,0.00686247,1766865900000000000,2025-12-27 20:05:00+00:00,1766867100000000000,2025-12-27 20:25:00+00:00,1200000000000,87600.32,87544.2,['4.80 USD'],-0.00064,-5.19 USD,True
BTC/USD.KRAKEN-KrakenBTCUSDResearchStrategy-000-c5a08169-9f45-4496-8c31-4b627bfe43e2,KRAKEN-BACKTEST,KrakenBTCUSDResearchStrategy-000,BTC/USD.KRAKEN,KRAKEN-001,O-20251227-213000-BACKTEST-000-1323,O-20251227-223500-BACKTEST-000-1324,BUY,FLAT,0.00000000,0.00684043,1766871000000000000,2025-12-27 21:30:00+00:00,1766874900000000000,2025-12-27 22:35:00+00:00,3900000000000,87655.39,87526.76,['4.79 USD'],-0.00147,-5.67 USD,True
BTC/USD.KRAKEN-KrakenBTCUSDResearchStrategy-000-422604e6-3db4-4529-815e-e2ab6797e362,KRAKEN-BACKTEST,KrakenBTCUSDResearchStrategy-000,BTC/USD.KRAKEN,KRAKEN-001,O-20251228-083500-BACKTEST-000-1325,O-20251228-085500-BACKTEST-000-1326,BUY,FLAT,0.00000000,0.00680433,1766910900000000000,2025-12-28 08:35:00+00:00,1766912100000000000,2025-12-28 08:55:00+00:00,1200000000000,87870.46,87805.0,['4.78 USD'],-0.00074,-5.23 USD,True
BTC/USD.KRAKEN-KrakenBTCUSDResearchStrategy-000-7e41cdd7-49b9-421f-95d1-ee7e19fef08e,KRAKEN-BACKTEST,KrakenBTCUSDResearchStrategy-000,BTC/USD.KRAKEN,KRAKEN-001,O-20251229-003000-BACKTEST-000-1327,O-20251229-092500-BACKTEST-000-1328,BUY,FLAT,0.00000000,0.00676713,1766968200000000000,2025-12-29 00:30:00+00:00,1767000300000000000,2025-12-29 09:25:00+00:00,32100000000000,88121.7,89326.0,['4.81 USD'],0.01367,3.34 USD,True
BTC/USD.KRAKEN-KrakenBTCUSDResearchStrategy-000-40f8adf2-ae4b-4afe-a47d-22b07220ab6b,KRAKEN-BACKTEST,KrakenBTCUSDResearchStrategy-000,BTC/USD.KRAKEN,KRAKEN-001,O-20251230-080000-BACKTEST-000-1329,O-20251230-174500-BACKTEST-000-1330,BUY,FLAT,0.00000000,0.00680976,1767081600000000000,2025-12-30 08:00:00+00:00,1767116700000000000,2025-12-30 17:45:00+00:00,35100000000000,87717.17,88255.51,['4.79 USD'],0.00614,-1.12 USD,True
BTC/USD.KRAKEN-KrakenBTCUSDResearchStrategy-000-6b849f5c-e126-4968-9570-a84742aa063c,KRAKEN-BACKTEST,KrakenBTCUSDResearchStrategy-000,BTC/USD.KRAKEN,KRAKEN-001,O-20251230-231500-BACKTEST-000-1331,O-20251231-001000-BACKTEST-000-1332,BUY,FLAT,0.00000000,0.00674267,1767136500000000000,2025-12-30 23:15:00+00:00,1767139800000000000,2025-12-31 00:10:00+00:00,3300000000000,88540.08,88383.76,['4.77 USD'],-0.00177,-5.82 USD,True
BTC/USD.KRAKEN-KrakenBTCUSDResearchStrategy-000-55d8d06f-4914-4ae3-a414-17c7b2e31335,KRAKEN-BACKTEST,KrakenBTCUSDResearchStrategy-000,BTC/USD.KRAKEN,KRAKEN-001,O-20251231-011500-BACKTEST-000-1333,O-20251231-033500-BACKTEST-000-1334,BUY,FLAT,0.00000000,0.00671756,1767143700000000000,2025-12-31 01:15:00+00:00,1767152100000000000,2025-12-31 03:35:00+00:00,8400000000000,88610.73,88390.08,['4.76 USD'],-0.00249,-6.24 USD,True
BTC/USD.KRAKEN-KrakenBTCUSDResearchStrategy-000-60efa608-a602-4724-a385-6cd0a663e03a,KRAKEN-BACKTEST,KrakenBTCUSDResearchStrategy-000,BTC/USD.KRAKEN,KRAKEN-001,O-20251231-080000-BACKTEST-000-1335,O-20251231-083500-BACKTEST-000-1336,BUY,FLAT,0.00000000,0.00669103,1767168000000000000,2025-12-31 08:00:00+00:00,1767170100000000000,2025-12-31 08:35:00+00:00,2100000000000,88682.26,88461.54999999999,['4.74 USD'],-0.00249,-6.22 USD,True
BTC/USD.KRAKEN-KrakenBTCUSDResearchStrategy-000,KRAKEN-BACKTEST,KrakenBTCUSDResearchStrategy-000,BTC/USD.KRAKEN,KRAKEN-001,O-20251231-100500-BACKTEST-000-1337,O-20251231-143500-BACKTEST-000-1338,BUY,FLAT,0.00000000,0.00666610,1767175500000000000,2025-12-31 10:05:00+00:00,1767191700000000000,2025-12-31 14:35:00+00:00,16200000000000,88733.98000000001,88637.89,['4.73 USD'],-0.00108,-5.37 USD,False
