address,total_fills,unique_coins,frozen_coins,non_frozen_coins,total_gross_turnover,net_delta_ratio,pairability_rate,burst_score,concentration_score,close_fill_count,nonzero_closedPnl_ratio,close_like_cluster_score,large_close_ratio,side_B,side_A
0xbfc79c444c41a74516bf31237ebf586a231480b4,4069,18,6,12,2057341.978822,0.9818301880169654,0.08699926271811256,0.9130007372818875,0.1297616121897272,3886,0.9977881543376751,0.9764069796018677,0.8933398869501106,3892,177
0x010461c14e146ac35fe42271bdc1134ee31c703a,117111,180,33,147,46488974.984991,0.05112345374537322,0.9450862856606126,0.054913714339387416,0.026974408894126084,52505,0.4506408450102894,0.4494880924934464,0.3547830690541452,55340,61771
0x31ca8395cf837de08b24da3f660e77761dfb974b,124684,180,33,147,46278342.743712,0.019087228979089155,0.9172467999101729,0.08275320008982709,0.02710051008950627,66281,0.5339979468095345,0.5327949055211575,0.414728433479837,57183,67501
0xb81015ed7e1619905757bfffc226a1891263561e,8768,150,31,119,3131445.959207,0.09713314493986241,0.9140054744525548,0.08599452554744526,0.06740419708029197,5109,0.6161040145985401,0.5993955291970803,0.3845802919708029,4761,4007
0x1c1c270b573d55b68b3d14722b5d5d401511bed0,33001,33,18,15,32496024.7282919,0.0029679797406951813,0.8965182873246266,0.10348171267537347,0.14511681464198053,10731,0.5561649646980394,0.44066846459198206,0.03281718735795885,14793,18208
0xf9109ada2f73c62e9889b45453065f0d99260a2d,41994,59,22,37,329070068.0919962,0.1912791736317745,0.9114635424108206,0.08853645758917941,0.12761346859075107,19658,0.5742487021955518,0.5211815973710531,0.2003619564699719,19138,22856
0x6a0b567be46b51ad02db4ebdf90d057ecb02f864,2499,8,4,4,1026341.504721,0.2004912132058199,0.9187675070028011,0.08123249299719888,0.4169667867146859,1123,0.4657863145258103,0.4575830332132853,0.26850740296118447,1351,1148
0xcb525be5530b95a1f3b2056f380ad3be61a648ea,12344,6,2,4,14745343.117851,0.0020750201514102996,0.9178548282566429,0.0821451717433571,0.2931788723266364,5859,0.6012637718729748,0.537953661697991,0.023088139987038236,5665,6679
0x6d95abc473b98bb06986ed858c3ae4c5d9d7e05b,5761,105,19,86,748829.806035,0.03134734191643921,0.936990105884395,0.06300989411560493,0.29352542961291445,3057,0.5448706821732339,0.5377538621767055,0.4658913383093213,3062,2699
0xc6d7fdfbcb55d6cad6570c5838de394d2aa24015,9793,2,1,1,2273813.3068,0.03568168002947497,0.9594608393750638,0.04053916062493618,0.9917287858674564,53,0.5228224241805371,0.26411722659042175,0.005412029000306341,4698,5095
0x9266865bb6afb4c4f618544dd3b8c970f17aa664,31537,38,12,26,40530269.28791322,0.007371563257415081,0.9465706947395123,0.05342930526048768,0.10838063227320291,7007,0.5123822811301012,0.3672828740844088,0.06110283159463487,14926,16611
0x47930c76790c865217472f2ddb4d14c640ee450a,2691,8,3,5,1502362.925222,0.2905296718231398,0.2147900408769974,0.7852099591230026,0.45076179858788556,248,0.1073950204384987,0.09977703455964326,0.03753251579338536,2402,289
0xfab134fc24fe340e9e997e89147bdc0d944958f8,37612,34,16,18,37043303.962274,0.008099719989598391,0.9383707327448687,0.06162926725513134,0.1536743592470488,20396,0.5822875677975115,0.5622806551100712,0.01651068807827289,17647,19965
0xdbfa2a585b5ed6115950a3eaead82df47918304d,2866,105,29,76,1903328.350119,0.02923203799256255,0.933705512909979,0.06629448709002093,0.0799023028611305,1410,0.5436147941381717,0.5177948360083741,0.32763433356594557,1338,1528
0xe056eebc2c7acfc782d47ebe18ad71735480f72a,12753,33,18,15,15041897.79943,0.060761995100288096,0.9669881596487101,0.033011840351289894,0.18615227789539715,6142,0.5056065239551478,0.493609346820356,0.09887869520897044,6587,6166
0x953996a8b3e3c9b2ecc13664950910d013c060a5,2884,97,30,67,3225355.345589,0.020421213692648772,0.8515950069348127,0.14840499306518723,0.11095700416088766,1331,0.4944521497919556,0.47798196948682387,0.27981969486823854,1228,1656
0x59891acadc0f8b2bcab10c043ac5fc63628b1716,1960,75,25,50,3333901.809158,0.06833228483520809,0.8163265306122449,0.1836734693877551,0.11734693877551021,871,0.46938775510204084,0.4568877551020408,0.288265306122449,800,1160
0x32051a0c36af1449e0eee08146a808115ccc40bb,7075,4,2,2,36830232.556911,0.020810670915657237,0.7578798586572438,0.2421201413427562,0.44890459363957597,3704,0.5253710247349823,0.524452296819788,0.26996466431095406,2681,4394
0xa289ee1e56c0d5d041db762e6123e78af0f7d9ad,70040,49,16,33,104666382.828644,0.05750667529833446,0.9398058252427185,0.06019417475728155,0.17254426042261564,39035,0.5648629354654483,0.561093660765277,0.13679326099371789,32912,37128
0xecb63caa47c7c4e77f60f1ce858cf28dc2b82b00,99555,71,26,45,432261499.77091753,0.19211331318994973,0.8646476821857265,0.1353523178142735,0.09148711767364773,39683,0.5033699964843554,0.4509868916679223,0.3725679272763799,56515,43040
0x80196a7475464e06de641df6c66e6e278cd364d5,5113,3,1,2,18260817.78888,0.04167892572387802,0.7396831605710933,0.2603168394289067,0.6154899276354391,1172,0.6289849403481322,0.4291022882847643,0.04244083708194798,1891,3222
0x162cc7c861ebd0c06b3d72319201150482518185,115694,24,4,20,553601194.0239518,0.0018968569516219593,0.8979722371082338,0.10202776289176621,0.1655314882362093,24866,0.5394921084930938,0.3772105727176863,0.043736062371428075,51945,63749
0x9d097697e5b82a52f6b82c16c148a753bbf5c8ae,3084,10,7,3,234139.545743,0.014606793278543155,0.47535667963683526,0.5246433203631647,0.2191958495460441,7,0.002269779507133593,0.002269779507133593,0.002269779507133593,733,2351
0x03b9a189e2480d1e4c3007080b29f362282130fa,56137,161,32,129,39093265.591764,0.005748136390512785,0.9345707821935622,0.06542921780643782,0.03291946488056006,29394,0.5399291020182767,0.5317704900511249,0.02851951475853715,26232,29905
0x26cacbc6efd678054c98cd32d9c2969580aef351,1349,90,18,72,247803.15146,0.013623873353139962,0.938472942920682,0.061527057079318014,0.18977020014825796,680,0.5596738324684952,0.5318754633061527,0.3291326908821349,716,633
0x21ff1b48bd358698bfdf853e71cafb761b5d2b7d,6489,136,29,107,1396034.642325,0.008210750198798796,0.812760055478502,0.18723994452149792,0.38156880875327476,3758,0.6000924641701341,0.5896131915549392,0.4449067652951148,3852,2637
0x9252345e5fb94c8ce2595c51c2c850b35f4572a9,3628,6,0,6,2157272.270694,0.00024246757681251218,0.856670341786108,0.14332965821389196,0.3743109151047409,1483,0.6471885336273429,0.5279768467475192,0.07662624035281147,1554,2074
0xbf1935fe7ab6d0aa3ee8d3da47c2f80e215b2a1c,36046,3,3,0,699920.86116,0.006591822584561183,0.996171558564057,0.003828441435942962,0.3503578760472729,17918,0.49941741108583476,0.4982522332575043,0.031015924096987182,18092,17954
0x744cf47e88d9d0847544f0ac2fa7575cf5925f79,3951,6,0,6,2142713.1386,0.0037761702844117707,0.8818020754239433,0.1181979245760567,0.3619336876740066,1729,0.6524930397367755,0.5450518855985826,0.08782586686914705,1742,2209
0xf0480a7892bc260658e82359f3c9374bc0a75444,74875,1,1,0,958281.62317,0.05915969339207797,0.9431986644407345,0.05680133555926544,1.0,39564,0.5284006677796327,0.5284006677796327,0.502584307178631,39564,35311
0xc6ac58a7a63339898aeda32499a8238a46d88e84,27538,1,1,0,1037990297.19576,0.02767908922809665,0.8713051056721621,0.1286948943278379,1.0,15689,0.570266540780013,0.5699941898467572,0.018301982714794104,11997,15541
0xd02928c445d780ea954fe0b6f0be0f6cb9727678,101963,42,10,32,173589160.364928,0.014107416303378672,0.939517275874582,0.060482724125418046,0.2353500779694595,57211,0.567813814815178,0.5644547531947863,0.18841148259662818,47898,54065
0x75faaf11458b7fef61a445fb82ef213817c9774f,4456,3,0,3,7553825.75758,0.015261175330172303,0.7526929982046678,0.24730700179533213,0.7392280071813285,0,0.623653500897666,0.311826750448833,0.0,1677,2779
0xae89ff81bb4e03937eb046291f0450a6bab37d35,2195,1,1,0,1896562.9074,0.006138223812443628,0.99498861047836,0.005011389521640091,1.0,824,0.532118451025057,0.45375854214123007,0.007289293849658315,1103,1092
0x90a5ecd614f3d1388e8ff6833d5dcb18055ab35a,5187,8,3,5,2835879.48019,0.0146149136419659,0.9334875650665124,0.06651243493348756,0.26701368806631964,2228,0.4349334875650665,0.43223443223443225,0.25448235974551764,2766,2421
0x97683533fc52065024c3fdc336f0c72e3c592589,9513,13,0,13,3734430.62466044,0.7403477835176313,0.373173551981499,0.626826448018501,0.6982024597918638,0,0.1865867759907495,0.09329338799537475,0.0,7738,1775
0x7717a7a245d9f950e586822b8c9b46863ed7bd7e,31109,146,33,113,42874727.041739,0.17557901242819593,0.8684946478511042,0.1315053521488958,0.09064900832556495,18014,0.5800572181683757,0.5795589700729693,0.5259249734803433,17600,13509
0x57dd78cd36e76e2011e8f6dc25cabbaba994494b,22003,98,22,76,131690116.347079,0.11940066001907795,0.729082397854838,0.27091760214516203,0.08671544789346908,13769,0.6680452665545608,0.6469117847566241,0.4072626460028178,8021,13982
0x4d969e59b312970cc07af266938a4433ccae0b4c,12452,3,3,0,71174849.39027,0.0013806818491622131,0.9373594603276582,0.06264053967234179,0.353115965306778,5789,0.5465788628332798,0.5057420494699647,0.0023289431416639896,5836,6616
0xcd83c4691a97f965d590a83daa5216e514cc5b2d,5825,11,0,11,1729238.58362211,0.1724128521775935,0.8377682403433476,0.16223175965665235,0.4255793991416309,0,0.4188841201716738,0.2094420600858369,0.0,3385,2440
0x1ec15e24896f4feb55dd70d22dc3620ae3cc990c,1600,1,1,0,30914708.62176,0.024033711258628083,0.87875,0.12125,1.0,704,0.461875,0.4509375,0.005625,703,897
0x3ac9b030594c1ef23a3e8fed9f62356b7bf98bf6,2592,1,1,0,39099174.59135,0.002160245497578512,0.8973765432098766,0.10262345679012345,1.0,1204,0.5547839506172839,0.5096450617283951,0.0,1163,1429
0x7943e3cda58f6b3f46a4af7c81c5850d9ae2e646,6069,131,29,102,1090699.618537,0.16721732083819643,0.9513923216345361,0.048607678365463834,0.4709177788762564,3054,0.5193606854506508,0.5112868676882518,0.4109408469270061,3182,2887
0x21a2b0fcdea50c75092cb69539940ea17942a192,3307,124,30,94,577523.44512,0.11871584626621366,0.8980949501058361,0.1019050498941639,0.41578469912307225,1739,0.5563955246446931,0.5411248866041729,0.4457211974599335,1822,1485
0x2afe745dfd735e24aae8ac39969140dd0511496b,8125,8,1,7,8207716.1941905,0.0018771969410937448,0.9570461538461539,0.042953846153846155,0.44,8,0.5212307692307693,0.2611076923076923,0.00024615384615384614,3888,4237
0x4cf1aa03b2ee27f922c2b089dc9f7d3a2551e717,8936,4,4,0,12767139.71599,0.017014952634843566,0.9825425246195165,0.017457475380483437,0.34534467323187107,4286,0.49720232766338407,0.48841763652641,0.015890778871978515,4390,4546
0xef5fdcefdb38803a654ee9f3539bed8058443d99,10523,36,20,16,4535645.560412,0.07945175081874473,0.9599923976052457,0.04000760239475435,0.11831226836453483,5489,0.5217143400171054,0.5216668250498907,0.46137033165447117,5472,5051
0xd47587702a91731dc1089b5db0932cf820151a91,7209,7,2,5,12780010.25705,0.9582325195767711,0.1489804411152726,0.8510195588847275,0.6243584408378415,6672,0.9255097794423637,0.9255097794423637,0.9255097794423637,6672,537
0xfb8cffce52cd694ee1ae8749f174b9840bb80cbd,1970,5,0,5,1180601.077245,0.10341826140792393,0.9431472081218274,0.05685279187817259,0.46802030456852795,922,0.47106598984771575,0.46954314720812185,0.3629441624365482,1041,929
0x399965e15d4e61ec3529cc98b7f7ebb93b733336,15301,10,0,10,24137847.85757895,0.0006276719172713199,0.8451735180707143,0.15482648192928566,0.22769753610875107,0,0.5774132409646429,0.28870662048232143,0.0,6466,8835
0x1873202043c99bba71e6157008a551cb79c3b1b9,4378,139,27,112,1413370.589662,0.22450417288354813,0.7478300593878483,0.25216994061215164,0.08565555047967108,2305,0.5461397898583829,0.5363179534033806,0.46162631338510735,2741,1637
0xc17c35c4ded6c31ed1cbca5df606709a09e36a5a,1446,4,2,2,3381669.72636,0.032825226950676765,0.8575380359612724,0.14246196403872752,0.39764868603042874,620,0.4287690179806362,0.4287690179806362,0.4287690179806362,826,620
0x51f63885534cb494f4592a0311551f369bff2b39,8159,65,29,36,5663526.187653,0.030669646905787797,0.8912856967765658,0.10871430322343424,0.17710503738203212,2900,0.3605834048290232,0.3580095599950974,0.293295747027822,3636,4523
0xf9f26df6979e3e9fb3f2e295c30051f7df571090,1849,4,4,0,34979.94912,0.004638091366097447,0.9767441860465116,0.023255813953488372,0.7582477014602488,938,0.5110870740941049,0.5091941590048674,0.0670632774472688,903,946
0x451333eb2f8230cda918db136623da9c26acea0b,10254,156,31,125,3057334.970085,0.06077153509281138,0.7692607762824264,0.23073922371757363,0.07080163838502047,6223,0.6272674078408426,0.6170762629217865,0.47444899551394576,6310,3944
0xee162a5a60829bd346f0c1ac3514b21fe5f4b290,86205,47,19,28,196876721.730876,0.007952032694216044,0.9300156603445275,0.06998433965547242,0.08472826402180848,46853,0.5501769038918857,0.5468418305202715,0.0909692013224291,40086,46119
0x418aa6bf98a2b2bc93779f810330d88cde488888,6031,2,1,1,367393.553,1.0,0.0,1.0,0.8522633062510363,6031,1.0,1.0,0.93566572707677,6031,0
0xa33a4a057334c7811ad5f45f3c4f0dfa3d081ff8,13198,3,2,1,45205684.92212,0.0006908317959080142,0.8842248825579633,0.11577511744203667,0.8526291862403395,8311,0.6312320048492196,0.630474314290044,0.28504318836187303,5835,7363
0x1dd4af3383fce2ee4a40d9fb6766cbfcce2ddbce,37747,36,9,27,44198862.125956,0.09969741216596284,0.9984369618777651,0.0015630381222348797,0.12801017299388032,20435,0.5532625109280208,0.5473150184120592,0.17108644395581105,18903,18844
0xbb828515677729c4db2f790a52cf14b1c659e19f,51873,27,10,17,140861502.266204,0.001202779590280212,0.906560252925414,0.09343974707458601,0.1256723150772078,23012,0.4661191756790623,0.45487054922599424,0.07179071964220307,23513,28360
0xdcac85ecae7148886029c20e661d848a4de99ce2,21511,61,20,41,7202579.986499,0.023550947019118335,0.9993026823485659,0.0006973176514341499,0.06006229371019478,10958,0.5162010134349867,0.5128074008646739,0.2922225837943378,10763,10748
0xfc8c156428a8e48cb8d0356db16e59bec4c0ecea,4184,55,17,38,9915241.060439,0.12357967082474024,0.6897705544933078,0.3102294455066922,0.07743785850860421,3083,0.7390057361376673,0.7379302103250478,0.1505736137667304,1443,2741
0x348e5365acfa48a26ada7da840ca611e29c950ef,45408,42,9,33,138139997.328174,0.058958249276966725,0.9338442565186751,0.06615574348132487,0.12947057787174066,24729,0.5543296335447498,0.5494626497533475,0.20110993657505286,21202,24206
0x2b4a05e0065fc549a6cdd82307733df8982304cd,2351,2,1,1,3193288.71117,0.009889263391542684,0.9153551680136113,0.08464483198638877,0.6405784772437261,1267,0.5801786473840919,0.5595491280306253,0.011909825606125054,1076,1275
0x25c2af0a3b330abe23f1cb8ed702c204509e0cf1,2857,29,18,11,1254983.149031,0.2289038159873364,0.6678333916695834,0.3321666083304165,0.13650682534126707,839,0.2975148757437872,0.29558977948897447,0.25971298564928247,954,1903
0xaa42ef689517296623a8ff40a21eefd921db51ef,4700,137,25,112,1527113.109001,0.2100711624398674,0.7612765957446809,0.23872340425531915,0.07914893617021276,2550,0.5585106382978723,0.550531914893617,0.4723404255319149,2911,1789
0xac7476e14f768e3e67c195e79c2490dd20c70127,30249,50,24,26,40928447.252989,0.06028444667372056,0.9739164931072102,0.026083506892789845,0.1199047902409997,15400,0.5123475156203511,0.5107276273595822,0.26992627855466295,15519,14730
0x1c1083932ea9a1289ad332573c1af99bb6679ff4,2805,139,27,112,908353.114377,0.14000649794020253,0.9532976827094474,0.04670231729055258,0.12941176470588237,1286,0.4834224598930481,0.47094474153297683,0.3664884135472371,1468,1337
0x6da22bdd4ed69704c4912ced8ba988e93e6b0a83,9595,155,31,124,3000572.382636,0.051508634490671154,0.8531526836894215,0.14684731631057843,0.06701406982803544,5633,0.6126107347576863,0.599843668577384,0.4286607608129234,5502,4093
0x644f7170fae9d4d173d9217f03b7a77e22ed98f1,27882,161,32,129,14561529.388644,0.01409812584096409,0.959185137364608,0.04081486263539201,0.03747937737608493,14689,0.5398464959472061,0.5333369198766229,0.05430026540420343,13372,14510
0x6f90d048a511626ba5a6425db17f377826df336a,12106,6,5,1,51475024.110179,2.8554469830920274e-05,0.8668428878242194,0.1331571121757806,0.6576077977862217,6816,0.6082108045597224,0.5856187014703453,0.007599537419461424,5247,6859
0x2ad7672c2990107b8fd8130d896d5bdd2aa4a6b9,6498,10,8,2,7204298.185742,0.0006151623905255595,0.935672514619883,0.06432748538011696,0.47645429362880887,3313,0.5383194829178208,0.5240843336411203,0.055863342566943676,3040,3458
0x40807775adde2aaf026722bd40c05728eb8f0b1c,3214,11,4,7,6351169.519868,0.3825692225532817,0.4897324206596142,0.5102675793403858,0.44492843808338517,2452,0.7650902302426882,0.7640012445550715,0.5205351586807716,787,2427
0xb6bf1eab724da50cc99e9489f4523de277d815b7,3649,132,29,103,1445814.363962,0.09398324669125459,0.842422581529186,0.1575774184708139,0.09317621266100301,2029,0.5864620443957248,0.5712523979172376,0.46588106330501505,2112,1537
0xc08e45a5476582835c7c59a8239c932e5639490c,3409,126,28,98,1412878.179987,0.210389547158082,0.824288647697272,0.17571135230272808,0.12555001466705779,1898,0.5834555588149017,0.5701085362276328,0.43502493399823994,2004,1405
0x98daeaed62a12b1a882f515416d358254f166de1,20387,161,32,129,13625889.976896,0.021844747457722104,0.9190170206504145,0.08098297934958552,0.054838867906018544,13001,0.6615490263403149,0.6496296659636043,0.04610781380291362,9368,11019
0x091144e651b334341eabdbbbfed644ad0100023e,6478,21,3,18,2539425.974706,0.8580921861241807,0.16733559740660697,0.832664402593393,0.3338993516517444,5905,0.9147885149737573,0.9131676443346712,0.8746526705773386,5936,542
0x55f389689b39fdd29d063f8b1aa776666a2dd788,4709,2,2,0,89836.02894,0.0006630475623514353,0.991293268209811,0.008706731790189,0.6453599490337651,2276,0.5160331280526651,0.49968146103206623,0.0033977489912932683,2334,2375
0x6fde95f9f7f7e5402bdaba710baf31bbc150107e,1457,7,6,1,1058757.99289,0.22736750753862825,0.790665751544269,0.20933424845573095,0.2594371997254633,601,0.4124914207275223,0.4124914207275223,0.32944406314344543,881,576
0x8e403d0bea9dbf78fa62d2d980b3322d91250151,1433,9,3,6,587341.481112,0.42802708070275214,0.6182833217027216,0.38171667829727846,0.2212142358688067,1026,0.7159804605722261,0.7159804605722261,0.7006280530355897,990,443
0x056ba834114908fc6093a9206c0c3453ad73d2df,1550,6,3,3,4232483.842471,0.2864961133855311,0.3161290322580645,0.6838709677419355,0.4735483870967742,245,0.15806451612903225,0.15806451612903225,0.15096774193548387,1305,245
0x6a072733f7249e6b794cae88c6d3cc7eb756a93c,3065,1,0,1,2790759.55476,0.015483261087935605,0.7849918433931484,0.21500815660685155,1.0,0,0.6075040783034258,0.3037520391517129,0.0,1203,1862
0xc2c006c07c0d3562ad587a7ee44af2b8d074500d,2578,8,7,1,6680033.946348,0.01936991908981824,0.8952676493405741,0.10473235065942592,0.3064391000775795,1061,0.42746314972847166,0.419511249030256,0.009697439875872769,1424,1154
0xb4321b142b2a03ce20fcab2007ff6990b9acba93,93838,39,7,32,77183621.570579,0.014279362166067537,0.9803917389543682,0.019608261045631833,0.46552569321596793,49408,0.5319593341716575,0.5292418849506597,0.130075236045099,47839,45999
0xb1c517a30cb7cea401a538f6ac8160e75bba65dd,8259,163,31,132,8973843.904169,0.04009582098612619,0.8114783872139484,0.1885216127860516,0.11962707349558058,5831,0.7172781208378738,0.7116478992614117,0.08511926383339387,3351,4908
0x24a126962fe500e557f1019eac2e9bdf92a22f5f,3346,26,11,15,25047717.455443,0.20387680903216587,0.5325762104004782,0.4674237895995218,0.2384937238493724,1689,0.5047818290496114,0.5047818290496114,0.3517632994620442,2455,891
0x8def9f50456c6c4e37fa5d3d57f108ed23992dae,3662,1,0,1,61401.25565,1.0,0.0,1.0,1.0,3662,1.0,1.0,1.0,0,3662
0x727956612a8700627451204a3ae26268bd1a1525,10277,17,5,12,12278218.515746,0.0019087611159505466,0.9024034251240635,0.09759657487593655,0.18176510654860367,5587,0.6218740877688042,0.5827576140897149,0.02267198598812883,4637,5640
0x848b6b4307ed911b52b67e9d5c6aa311431de388,3568,29,18,11,1755629.548096,0.14264460049080133,0.8637892376681614,0.13621076233183857,0.16507847533632286,2270,0.663396860986547,0.6498038116591929,0.3780829596412556,1541,2027
0x37dc4d2c58c63a296f720e6ebf1419e83d74a4b3,2237,1,1,0,1027883.63593,0.007580813895290631,0.8278945015645954,0.17210549843540457,1.0,1219,0.5932051855163165,0.5690657130084935,0.022798390701832812,926,1311
0x3408125b89876b5fb0df73fa659b47503e3037bd,7061,151,31,120,2493420.998882,0.17852403978693926,0.9998583770004249,0.000141622999575131,0.07548505877354482,3957,0.5962328282113015,0.5783175187650474,0.35519048293442856,3531,3530
0x0a06ec6754b628be489b2c40bba20c8580392a7b,15207,4,1,3,110605951.539163,0.016493857938368273,0.962451502597488,0.037548497402512,0.43019661997764186,8655,0.570132175971592,0.5696389820477412,0.20260406391793254,7318,7889
0x95ec5e928c0a71815ec6ec148991a5a607b9b88a,1775,1,0,1,511590.20609082,0.20529766223979445,0.8270422535211268,0.17295774647887324,1.0,0,0.4135211267605634,0.2067605633802817,0.0,1041,734
0xee772e29e31b9972e1b683b04944bd9937ac0304,10088,155,31,124,3125824.750721,0.058260292561505354,0.8887787470261697,0.11122125297383029,0.06958762886597938,5901,0.6083465503568596,0.5966494845360825,0.4300158604282316,5605,4483
0xf2f5890897988c4f3c46e9b2b313936674d32b2e,2274,6,2,4,903585.206686,0.18530044625241893,0.7924362357080035,0.2075637642919965,0.31882145998240985,1511,0.6649076517150396,0.6646877748460862,0.5712401055408971,901,1373
0xabfae5ef417fec83a63dcdbff5a13f71d09045c5,7629,2,2,0,83321051.84366,0.0016556460321557594,0.9605452877179185,0.03945471228208153,0.6181675186787259,3580,0.538602700222834,0.5039323633503736,0.0005243151133831433,3664,3965
0x7cc0b0049faddc405da8494ac67737975c757480,7273,9,1,8,4548144.472123,0.3909778022066555,0.5326550254365461,0.46734497456345386,0.612264540079747,1937,0.387735459920253,0.32703148631926304,0.25257802832393783,1937,5336
0x29eb62882a8bd104a64400a2971d0d6881777043,1843,15,5,10,2520398.799027,0.9309005352528997,0.16060770482908301,0.839392295170917,0.3423765599565925,1785,0.9685295713510581,0.9685295713510581,0.9685295713510581,1695,148
0xa1e03bcb1a36da135ca61b86dd1d6da9a9357489,1624,13,7,6,1283722.153758,0.09633872710380441,0.9014778325123153,0.09852216748768473,0.34051724137931033,996,0.6133004926108374,0.6133004926108374,0.5763546798029556,732,892
0xe1502e7ddc88d30ecf94ffaa9c9e779e8e08ae8d,26867,61,27,34,8875335.576791,0.00462593691852772,0.9880522574161611,0.01194774258383891,0.10905571891167604,11352,0.6178955596084416,0.520210667361447,0.04842371682733465,13273,13594
0x7a6d5fc57f6906f337c48fe2763c3a501304f79c,1722,4,1,3,1883905.73138,0.2816483908307478,0.4355400696864111,0.5644599303135889,0.5452961672473867,375,0.21777003484320556,0.21777003484320556,0.20847851335656215,375,1347
0x5fb096e3fe7da58aebb47d73cafaf039a1800661,2215,134,26,108,785077.714939,0.18417759137671463,0.8966139954853273,0.10338600451467268,0.11151241534988714,1043,0.5006772009029345,0.4857787810383747,0.41128668171557564,1222,993
0xfd33c784acd820bb892e6157583d7f704fdaf2f7,6832,141,29,112,2108750.04719,0.17375921390316665,0.8041569086651054,0.1958430913348946,0.07728337236533958,3698,0.5535714285714286,0.547423887587822,0.45140515222482436,4085,2747
0x2db6f50126cf628c138de573a13ca3fcd2e22ed4,6567,144,27,117,2146525.774037,0.26709999986942495,0.7035175879396985,0.2964824120603015,0.06974265265722553,3602,0.559616263133851,0.5540581696360591,0.5058626465661642,4257,2310
0x9217a5ae00415f38a71fc4361624d7422b53b895,1654,15,3,12,154473.981623,0.03245756898554284,0.9685610640870617,0.03143893591293833,0.2551390568319226,871,0.526602176541717,0.526602176541717,0.35066505441354295,801,853
0xb4d6fe0f1504a55c65a986ef55b9148a6f0dae7a,2071,1,1,0,1999605.6137,3.18392284777571e-05,0.9425398358281024,0.057460164171897636,1.0,794,0.5712216320618059,0.47730564944471265,0.0,976,1095
0xc5ed4501500fcbfb2b88fb7f0aa52f834ed44346,9255,9,2,7,8906265.61814,0.0009811279389873955,0.9028633171258779,0.0971366828741221,0.6142625607779578,3840,0.5480280929227445,0.4814694759589411,0.00864397622906537,4178,5077
0xe13c095580cf6fcb9c087308668062b76b4939e2,12217,6,2,4,13797905.751758,0.0006140970085203269,0.9332896783170991,0.06671032168290088,0.29778177948759926,5937,0.6062863223377262,0.5461242530899566,0.022673324056642383,5701,6516
0x7fe8cfe481ec2f702692a9152e3f002f3e417ac6,7071,2,2,0,208976292.25203,0.019215763795287607,0.6044406731721115,0.3955593268278886,0.8410408711639089,2137,0.30222033658605574,0.30222033658605574,0.22599349455522558,4934,2137
0x4a1b3580f7ac72bc54175f05b76092eeb7a266aa,9272,3,3,0,100682595.40022,0.0030502745543976007,0.973037100949094,0.026962899050905955,0.548748921484038,4942,0.5767903364969802,0.5548964624676445,0.0010785159620362382,4511,4761
0x223537ac9a856c31f4043e86ced86bb29f06653e,12321,14,4,10,9798262.726738,0.00446155464587686,0.8885642399155913,0.11143576008440874,0.14000486973459947,6488,0.6225144062981901,0.5745475204934665,0.04707410112815518,5474,6847
0xa880d6cc607a05ea617307ab3b0d335e8d8424ee,4224,3,3,0,56684694.68309,0.015462401925426075,0.9379734848484849,0.06202651515151515,0.46898674242424243,2379,0.6060606060606061,0.5846354166666667,0.006865530303030303,1981,2243
0xb2b1d1a7a034d9209a627e754ebb8d24988ca23a,5695,51,14,37,13601977.131506,0.15773854652337926,0.7452151009657595,0.25478489903424056,0.15013169446883232,3446,0.6384547848990343,0.6217734855136084,0.2626865671641791,2122,3573
0x440888714a6afed60ff44e9975a96e6a36f7fac4,3086,3,2,1,4099073.156147,0.15627618029953194,0.9630589760207389,0.03694102397926118,0.4695398574206092,1486,0.48152948801036943,0.48152948801036943,0.28353856124432925,1600,1486
0x492322b1fca1ab301a103b716a243b20cb3001aa,3112,3,3,0,875423.38413,0.0009241667342528496,0.8746786632390745,0.12532133676092544,0.5880462724935732,1268,0.4158097686375321,0.4116323907455013,0.0009640102827763496,1751,1361
0x38f96bba487a628d2a84afc3fe5c7d77eb07cb04,3862,3,1,2,16605665.45087,0.038120818301613735,0.9010875194199897,0.09891248058001036,0.8130502330398757,1816,0.47307094769549457,0.4716468151216986,0.20429829104091143,1740,2122
0xc462100b6907393884947a29c7b32778dc465d75,7985,149,32,117,3040727.031398,0.0897732855331302,0.9219787100814026,0.07802128991859737,0.08465873512836569,4729,0.6252974326862868,0.6087664370695054,0.4161552911709455,4304,3681
0x0fd468a73084daa6ea77a9261e40fdec3e67e0c7,14949,1,1,0,401649119.04509,0.021854367990097812,0.9624724061810155,0.037527593818984545,1.0,8279,0.5605057194461168,0.5571610141146566,0.0089638102883136,7755,7194
0x52fef6c616763f52c1acbe4e85ff9d994cc310b3,1364,13,8,5,1029457.822668,0.0352468749986875,0.9882697947214076,0.011730205278592375,0.2221407624633431,709,0.5197947214076246,0.5197947214076246,0.39296187683284456,690,674
0xe9d199fd55a2560e3193f330e017192316ecd2d3,7641,2,1,1,49572347.90254,0.043821594199872325,0.7289621777254286,0.2710378222745714,0.7090694935217904,4365,0.572569035466562,0.5719146708546001,0.30283994241591417,2785,4856
0x7dd6f02fef939cea86f0243358255f6b57a6cf0d,3689,1,1,0,69420783.4257,0.0012652892126175871,0.9086473298997018,0.09135267010029818,1.0,1834,0.5692599620493358,0.5332068311195446,0.0005421523448088912,1676,2013
0x362c5006ed0a405c35df4a138cb38d891f1a1a20,3173,1,1,0,76835019.41912,0.002604419157473441,0.8465174913331233,0.15348250866687677,1.0,1507,0.5540497951465491,0.5144973211471794,0.0018909549322407816,1343,1830
0x4f235c15474f984504b0f188755021ae45c2fa65,2705,2,1,1,23710562.55007,0.006957487152893931,0.855452865064695,0.144547134935305,0.999630314232902,1157,0.4277264325323475,0.4277264325323475,0.18410351201478742,1157,1548
0xd4c1f7e8d876c4749228d515473d36f919583d1d,9048,17,11,6,9904268.232161,0.6460680118679345,0.5415561450044208,0.45844385499557916,0.2463527851458886,6284,0.695844385499558,0.6951812555260831,0.6655614500442086,6598,2450
0xae7a0f9f663bb54bfe95378c7e3de7dd6e28d6bc,9061,19,7,12,5298477.200243,0.15151725600106034,0.9508884229113784,0.049111577088621565,0.38461538461538464,4504,0.5003862708310342,0.49873082441231653,0.31972188500165544,4753,4308
0x8836307bc17178e02b9a36250d01d657e26745b3,6190,149,32,117,2251824.275695,0.019638525996150933,0.8846526655896607,0.11534733441033926,0.0901453957996769,3507,0.6064620355411955,0.5865105008077545,0.41696284329563815,3452,2738
0x48ea62a2cc8391fbbe210e8ee89db573a8ec145f,6094,5,4,1,9768533.32463,0.001725678103333747,0.9232031506399737,0.07679684936002626,0.2727272727272727,3313,0.5991138825073843,0.5713816869051527,0.03363964555300295,2813,3281
0x5cf5f12f38f21e12fec16b81ca7ae990911bb6e4,5982,97,17,80,732721.239483,0.007409058583903591,0.9963223002340355,0.0036776997659645604,0.33316616516215314,2986,0.5093614175860917,0.5042627883650953,0.4446673353393514,3002,2980
0xb690c9aa2438723baf60f892fdd81797764e2d1b,1622,24,11,13,537422.573124,0.00477200716950211,0.9161528976572133,0.08384710234278668,0.2281134401972873,550,0.3526510480887793,0.34586929716399506,0.21516646115906288,879,743
0xab83abe96a71d235a90b8788940dbd1d3707b03b,3834,148,29,119,1074795.238727,0.04671850519032133,0.8591549295774648,0.14084507042253522,0.10432968179447052,2041,0.5868544600938967,0.5595983307250914,0.23604590505998957,1647,2187
0x20f0f2c500472bba87d9d270aa7f0b1fe281d80f,7087,149,32,117,2456708.642007,0.0847043581997572,0.8562156060392268,0.14378439396077325,0.08353322985748554,3971,0.5936221250176379,0.5769719204176662,0.3945251869620432,4053,3034
0xb3a38662575bdf1541013ce987934dba919851ea,9365,3,2,1,62365886.075975,0.014803710209204566,0.9321943406300054,0.06780565936999466,0.5822744260544581,5276,0.5692471970101441,0.5663107314468767,0.07143619861185264,4365,5000
0x3674dfce1c83ef21ee451d1c17d724796785ede7,3152,24,19,5,2367722.633538,0.08391312568107497,0.991751269035533,0.008248730964467006,0.10215736040609137,1478,0.541243654822335,0.5050761421319797,0.1557741116751269,1589,1563
0x4ef1c5ae65ab5b37629b7aa523e7e95e7da528e3,1762,4,4,0,4540897.48547,0.0021683759700602146,0.9954597048808173,0.004540295119182747,0.4733257661748014,865,0.6435868331441543,0.5672531214528944,0.00510783200908059,885,877
0x6ba2ad09aa6629a423b59b71f3564d84ce66c001,4182,3,3,0,28763950.95528,0.003874739998454259,0.9335246293639407,0.06647537063605931,0.9375896700143472,1711,0.42276422764227645,0.41594930655188905,0.027977044476327116,1952,2230
0xb8eb97eaed8367079894d2f1bed69bd220ec1dd5,5963,1,1,0,284784275.22732,0.030532222533071446,0.5812510481301358,0.41874895186986416,1.0,3848,0.6486667784672145,0.6469897702498743,0.017105483816870704,1733,4230
0x80f80b9cbad775b4fb9d699d34f5c5acc4615bdb,1913,13,8,5,1270466.056652,0.018438503403807663,0.9357030841610037,0.06429691583899634,0.19968635650810246,1216,0.63617354939885,0.6359121798222687,0.5802404600104548,1018,895
0x549237f733b669f83e2ad3db9abfccbf3b18b3ac,1575,13,7,6,1298650.604165,0.1002165879579911,0.8838095238095238,0.11619047619047619,0.2596825396825397,961,0.6101587301587301,0.6101587301587301,0.5161904761904762,696,879
0x5483dd0f8b7d2544a6ac14ba8659988178fd9f4a,3096,2,2,0,32496535.6986,0.012794477738681304,0.9935400516795866,0.006459948320413436,0.5148578811369509,1395,0.4738372093023256,0.46220930232558144,0.05071059431524548,1558,1538
0xd20dcbbfb5c17761abddf36d51bb288ce4e89365,2623,3,0,3,945937.37515,0.0005919588597619437,0.9531071292413267,0.04689287075867327,0.5009531071292413,0,0.5234464353793367,0.26172321768966833,0.0,1250,1373
0x68d017f8c75d22af6a48aa6f2f697c658ec15599,1676,13,6,7,1177863.487207,0.01670025746501729,0.9701670644391408,0.029832935560859187,0.18914081145584727,1018,0.6079952267303103,0.6076968973747017,0.5507159904534606,863,813
0xf1d4d6e6990c4e848a607b9d5239da7f8780bc5a,1489,12,5,7,1131383.697785,0.04216648860541192,0.984553391537945,0.01544660846205507,0.2800537273337811,938,0.6306245802552048,0.6302887844190732,0.5782404298186703,756,733
0x8f8ce8014e0e41aab563627beede5b6861869fa2,1621,13,8,5,1336799.778628,0.04307580779606353,0.7847008019740901,0.21529919802590994,0.2523133867982727,965,0.5959284392350401,0.595619987661937,0.5083281924737816,985,636
0xe4d933fb1e35c6e6a489ccc65561094e39efcb76,1462,9,5,4,708007.993005,0.2663787626415513,0.9986320109439124,0.0013679890560875513,0.2270861833105335,903,0.6183310533515732,0.6179890560875514,0.5772913816689467,730,732
0x950931d24bfc8a4f80d1270dd337f438df38f488,2694,5,2,3,871738.61488,0.46131715089317005,0.512249443207127,0.48775055679287305,0.37193763919821826,2113,0.7847067557535263,0.784521158129176,0.7253155159613957,690,2004
0xffffffffffffffffffffffffffffffffffffffff,3795,59,0,59,1398630.89251556,0.2630830806920607,0.7520421607378129,0.2479578392621871,0.261133069828722,0,0.37602108036890647,0.18801054018445323,0.0,2368,1427
0x856c35038594767646266bc7fd68dc26480e910d,2848,11,6,5,3836387.12904,0.2880401274561982,0.8209269662921348,0.17907303370786518,0.3922050561797753,1295,0.4550561797752809,0.4548806179775281,0.44978932584269665,1169,1679
0xc412df12cf2d384fb38ba8af7ebd046a58f35d45,1462,14,7,7,958563.781243,0.11305303572650646,0.8303693570451436,0.16963064295485636,0.21477428180574556,776,0.5314637482900136,0.5311217510259918,0.48632010943912446,855,607
0x7fa6cb4cb0d8cfe1eeb3af714dfd46bc1ffab074,1405,11,5,6,1080259.047064,0.21858212622773873,0.8839857651245552,0.11601423487544484,0.25622775800711745,839,0.598576512455516,0.5978647686832741,0.49466192170818507,621,784
0x6beffb9bec3364ae579fa7cb864effefa7bf2695,16009,31,20,11,3807383.451027,0.13115993130093023,0.8921231807108502,0.10787681928914986,0.10737710038103566,7280,0.4559935036541945,0.4553688550190518,0.3925292023236929,7141,8868
0x2a3fe860cc726e7d0f2c3215608ff338486344f4,2175,10,5,5,957719.140637,0.08490047797616157,0.9498850574712644,0.050114942528735634,0.6855172413793104,1090,0.5011494252873563,0.5011494252873563,0.4335632183908046,1142,1033
0xedb8145c53544f67b6decb6146c02de08c380af8,5478,97,14,83,717371.667185,0.08280303525519839,0.9580138736765242,0.041986126323475724,0.3176341730558598,2807,0.5339539978094195,0.5231836436655715,0.4505293902884264,2854,2624
0x49ba9baa20d355ba042af2be9772d2b2cd892f44,9846,4,4,0,216283052.96888,0.008989373774651449,0.7666057282145033,0.23339427178549665,0.5142189721714402,5958,0.628377005890717,0.6167479179362177,0.013203331302051594,3774,6072
0x7fdafde5cfb5465924316eced2d3715494c517d1,5235,8,4,4,6560876.06823,0.19975892959727454,0.9081184336198663,0.09188156638013371,0.4110792741165234,1875,0.35816618911174786,0.35816618911174786,0.35721107927411655,2377,2858
0x72cb918356c4f6d3f1b2e532928110ba6995f139,6203,3,1,2,100337191.81043,0.015730318404086854,0.9073029179429308,0.09269708205706916,0.9424472029663066,2744,0.47863936804771884,0.4605029824278575,0.04239883927132033,2814,3389
0x4b39663c302dc3fd42d1328a87f5903901168015,2282,137,28,109,724602.74602,0.10842655372414428,0.9588080631025416,0.04119193689745837,0.10517090271691498,982,0.46231375985977213,0.44631901840490795,0.37072743207712533,1188,1094
0x2ba553d9f990a3b66b03b2dc0d030dfc1c061036,11835,6,3,3,205630531.06188,0.11999752904345976,0.9723700887198986,0.027629911280101394,0.26666666666666666,7201,0.7082382762991128,0.6583438952260245,0.5286016054076891,5754,6081
0x29bf1706478b99aabee227b33853cac98c8f44db,8487,152,31,121,2800040.956586,0.0326193634050848,0.8382231648403441,0.16177683515965594,0.07234594085071286,4975,0.6114056792741841,0.5987981618946625,0.4488040532579239,4930,3557
0x7839e2f2c375dd2935193f2736167514efff9916,8598,5,5,0,97869047.13451,0.002618993655039056,0.9399860432658758,0.06001395673412421,0.3126308443824145,3493,0.43533379855780413,0.4207955338450803,0.019539427773900907,4041,4557
0x6841d054382a35308004089646cc0dc078fc40b5,6312,5,4,1,10964157.871895,0.0010500338568191544,0.9001901140684411,0.09980988593155894,0.4326679340937896,3416,0.5990177439797212,0.5701045627376427,0.012991128010139416,2841,3471
0x762609396e425be0c3a5dba96a4a4d457b2a22ce,2374,21,15,6,1329340.605524,0.1258859687566948,0.9292333614153327,0.07076663858466722,0.07708508845829823,1191,0.6145745577085089,0.5581297388374052,0.37110362257792756,1271,1103
0x339030695894d065719b8ee501459a467ef1388a,9053,1,1,0,105392622.48622,0.002873385098654275,0.837070584336684,0.16292941566331604,1.0,2003,0.2404727714569756,0.23086269744835966,0.0,3789,5264
0x0b1ace05eb9ef1c3a1951b763700ecad24f27741,2762,1,1,0,49569345.89676,9.343312719207626e-06,0.835626357711803,0.16437364228819695,1.0,1199,0.5253439536567704,0.47972483707458363,0.0003620564808110065,1154,1608
0x29998ebd5be758fdaa06f0ef48d6c890978b65de,1657,6,3,3,2100836.961141,0.2596117578799561,0.1351840675920338,0.8648159324079662,0.42788171394085694,110,0.0675920337960169,0.06698853349426676,0.060350030175015085,1545,112
0x54e3f54df4b10ff63f7284733ed735e8e1507c20,3396,1,1,0,64784092.32119,0.0027557241352535893,0.9352179034157833,0.06478209658421673,1.0,1785,0.591283863368669,0.5584511189634864,0.0,1588,1808
0x1a2e6afa298b1cc50939b4b2b0b430e3c1ef3459,3042,1,1,0,48953475.51357,0.0005528463788540994,0.8593030900723209,0.14069690992767916,1.0,1505,0.5756081525312294,0.5351742274819198,0.0006574621959237344,1307,1735
0xd47c1e51b759cb3754bb045ae57bc05aadcf58c2,4881,1,1,0,68568214.32859,0.0031851553030590794,0.8141774226592912,0.18582257734070887,1.0,1743,0.38803523868059825,0.3725670969063717,0.0,1987,2894
0xbb475febf78b528f4f0d4ae1a12541406565199c,2963,1,1,0,96068975.68498,0.07515419851019413,0.9922375970300371,0.0077624029699628755,1.0,1767,0.605804927438407,0.6010799865001688,0.03476206547418157,1493,1470
0x1e3001537d0c6799e59245597c541127bac57120,2384,1,1,0,2988889.27842,0.0005531726825538392,0.9630872483221476,0.03691275167785235,1.0,926,0.5834731543624161,0.4859479865771812,0.0012583892617449664,1236,1148
0xf16074940f3df4cce3898c90990619df2db9b4ab,1549,9,2,7,622158.753643,0.16189401625424396,0.6662362814719174,0.3337637185280826,0.1659134925758554,940,0.6068431245965139,0.6068431245965139,0.579728857327308,1033,516
0x4129c62faf652fea61375dcd9ca8ce24b2bb8b95,11505,1,1,0,533905594.07729,0.04906052334285546,0.8822251195132551,0.11777488048674489,1.0,6570,0.5723598435462842,0.5717079530638853,0.0033029117774880487,5075,6430
0x8e80c4b533dd977cf716b5c24fd9223129272804,8005,18,13,5,88353256.31982,0.026097108518712914,0.9743910056214866,0.02560899437851343,0.2730793254216115,4135,0.5241723922548407,0.5203622735790131,0.09731417863835103,3900,4105
0xd598516dcc699ced64ee441b20f41cb2eff9c098,1787,10,1,9,119722.492437,0.16843928836188968,0.8617795187465025,0.13822048125349748,0.16116396194739788,878,0.5019585898153329,0.49664241745942916,0.35366536094012313,1017,770
0xaf9f722a676230cc44045efe26fe9a85801ca4fa,2446,35,12,23,64075602.849418,0.12873037228950426,0.8822567457072772,0.11774325429272281,0.13368765331152901,1344,0.5838103025347506,0.5666394112837285,0.2714636140637776,1079,1367
0x7b7f72a28fe109fa703eeed7984f2a8a68fedee2,28222,5,5,0,721368193.10367,0.043499170277723126,0.8613138686131386,0.1386861313868613,0.24774998228332507,17446,0.618949755509886,0.618559988661328,0.23364750903550421,12154,16068
0xd6a2e94695f882109fade161bb4c4e79e48c4069,5981,157,31,126,1751540.339792,0.18240897116074475,0.9520147132586524,0.0479852867413476,0.09279384718274536,2964,0.5243270356127738,0.5099481692024745,0.3317171041631834,3134,2847
0xff4cd3826ecee12acd4329aada4a2d3419fc463c,2810,2,2,0,5909509.48185,0.0023564019167358467,0.999288256227758,0.0007117437722419929,0.5512455516014235,1437,0.6334519572953736,0.5724199288256228,0.003202846975088968,1404,1406
0xa7d1af5afed57829182b637d78fedff2def2bcc8,1582,11,6,5,594100.070278,0.11207623770325899,0.9405815423514539,0.05941845764854614,0.6700379266750948,710,0.556890012642225,0.5028445006321113,0.11820480404551201,838,744
0x05d9f6c39a75bd6f040d65eb75a4ea6e9e20b60b,1681,9,3,6,529769.372282,0.4226917603473704,0.9839381320642475,0.016061867935752528,0.16775728732897086,1245,0.7406305770374777,0.7406305770374777,0.7198096371207614,827,854
0x6ac569a098a850a6a3c37547bc5d1d85cba80f33,3837,8,3,5,2825924.8972,0.004768217968337025,0.9554339327599687,0.044566067240031274,0.6241855616366954,2010,0.5290591608027104,0.5264529580401356,0.3961428199113891,2004,1833
0x7a146ee9d212816c31a0a93531e23d4359aade10,2107,10,6,4,153172.201631,0.14846458863197276,0.8647365923113431,0.13526340768865686,0.11675367821547224,1048,0.5068818224964404,0.5021357380161366,0.2562885619364025,1196,911
0x67cd5c1c4548c7ec1a20fadefca19ad42e6230da,3356,1,1,0,6144658.3293,0.0009491627731666594,0.8861740166865316,0.11382598331346841,1.0,1438,0.570321811680572,0.4994040524433849,0.0,1487,1869
0x0291639ea7178930475da17b579e1ac2de8faed8,1905,17,11,6,21369938.215662,0.032008359514801264,0.7958005249343832,0.2041994750656168,0.6766404199475066,683,0.37270341207349084,0.36561679790026247,0.013123359580052493,758,1147
0x2cb562384765bea1612ceb60007e315f904fbe86,2730,1,1,0,45760441.73235,0.002985159931125186,0.8256410256410256,0.17435897435897435,1.0,1064,0.4582417582417582,0.423992673992674,0.0,1127,1603
0xb736d8bb9ced549f24bfb40aed325f2f211d4143,1581,3,3,0,554124.15462,0.01924766843508945,0.9778621125869703,0.022137887413029727,0.6344086021505376,804,0.512966476913346,0.510752688172043,0.13282732447817835,808,773
0x422b7928003324f0e5f5577c5e3fbc5b744167aa,2191,19,10,9,18964047.39359,0.12412324202277779,0.7932450935645824,0.2067549064354176,0.5066179826563213,1071,0.48881789137380194,0.48881789137380194,0.34230944774075767,1322,869
0xd3fcada4c18d60333abf066a11b3360d81f1eca5,5249,154,32,122,1934857.550762,0.25888501147835385,0.890455324823776,0.10954467517622404,0.10421032577633835,2360,0.48980758239664696,0.46970851590779195,0.3556867974852353,2912,2337
0x21b5eb0ca859383f7d8b6906cddb115e92e80913,1764,3,3,0,28219296.72071,0.0004156671679699067,0.8900226757369615,0.10997732426303855,0.34750566893424034,727,0.6241496598639455,0.518140589569161,0.013038548752834467,785,979
0x5c9c9ab381c841530464ef9ee402568f84c3b676,5474,5,4,1,69323343.213706,0.003621411391312774,0.9002557544757033,0.09974424552429667,0.22141030325173547,2837,0.612897332846182,0.5655827548410668,0.005480453050785532,2464,3010
0x027717f112baa657c224eadadbb02602b463508b,2098,10,4,6,925798.340822,0.0782212708241647,0.9113441372735939,0.0886558627264061,0.7235462345090562,1075,0.5123927550047664,0.5123927550047664,0.42183031458531933,1142,956
0xfdc7c22506e166206858df11d22acaa5bd195ba6,1756,1,1,0,16540771.92556,0.004560989426582994,0.8895216400911162,0.11047835990888383,1.0,696,0.5074031890660592,0.451879271070615,0.0017084282460136675,781,975
0x3e0ad8a4452c1db81704fea7d23a066ee6e5e165,13853,32,15,17,8921471.018608,0.0012597380576094227,0.7957843066483794,0.2042156933516206,0.23258499963906734,5980,0.5896195769869342,0.5106475131740418,0.03667075723669963,5512,8341
0xefd3ab65915e35105caa462442c9ecc1346728df,10540,23,3,20,16860062.33141773,0.31007120470319594,0.9404174573055029,0.059582542694497156,0.4110056925996205,2976,0.5809297912713473,0.4316413662239089,0.27893738140417457,5584,4956
0xcf0a36dec06e90263288100c11cf69828338e826,16751,32,4,28,6758568.96162641,0.021978986147242502,0.9827472986687362,0.017252701331263807,0.38499194077965493,5050,0.5255208644260044,0.41349770162975347,0.1042922810578473,8231,8520
0xf6fb1452dffd2535ad6b506bb9d763864e048fb0,1759,3,3,0,30461883.02288,0.004950484502443034,0.8516202387720295,0.14837976122797045,0.3706651506537806,769,0.6355884025014212,0.5363843092666287,0.013644115974985787,749,1010
0x4b25eee404202497f35d2a42f8d560f3c8a8fc91,5911,1,0,1,349338.70988,0.1430009695666424,0.8543393672813399,0.14566063271866012,1.0,0,0.42716968364066993,0.21358484182033496,0.0,3386,2525
0x0e438d1dd918ff8abe2614fddf6039b6c8c072d2,2988,3,0,3,340110.589608,0.174335805304797,0.9350736278447122,0.06492637215528782,0.5896921017402945,0,0.5324631860776439,0.26623159303882193,0.0,1397,1591
0xac0168b4fd7427bfd616e3a47fc05dd8175d5b64,2917,3,1,2,212132.795134,0.5844933670330318,0.022625985601645526,0.9773740143983545,0.5011998628728145,33,0.011312992800822763,0.011312992800822763,0.011312992800822763,2884,33
0xf060e33cfa0727a224a184622606213e8f4e6a6f,3921,1,1,0,16074383.036,0.0028345840146993496,0.7508288701861769,0.249171129813823,1.0,1108,0.32236674317776076,0.3024738587095129,0.0,1472,2449
0x26e8db3dec31bf0c685b6e310828a4f41fe28c54,5355,134,33,101,3980165.133979,0.03185996982548037,0.8343604108309991,0.16563958916900093,0.3247432306255836,2642,0.511297852474323,0.5023342670401494,0.21176470588235294,2234,3121
0x5d510582063ed6c342d27d7746f551631ef68432,2538,10,5,5,1096028.059138,0.21382433270031115,0.7501970055161544,0.24980299448384555,0.5614657210401891,1366,0.5386130811662726,0.5384160756501182,0.4672970843183609,1586,952
0xf8cd40e5eeb83954541bf8850179ae9834a106fd,2036,10,5,5,1020515.674495,0.034951331149960456,0.9990176817288802,0.0009823182711198428,0.7156188605108055,1048,0.5147347740667977,0.5147347740667977,0.45039292730844793,1019,1017
0x9d52093725ebe3f61f985e7af23403ea90b4d8a3,2295,10,5,5,1118817.584525,0.1053538123062689,0.9185185185185185,0.08148148148148149,0.6827886710239651,1178,0.5132897603485839,0.5132897603485839,0.43790849673202614,1241,1054
0x9a46b996559cf7f007fdbea7dd7505aefe7cd81b,1628,2,0,2,3164613.523411,0.02209866885028711,0.8759213759213759,0.12407862407862408,0.9895577395577395,4,0.5565110565110565,0.27948402948402945,0.002457002457002457,713,915
0x2025137a136bea7446deba681cbfc7cf1970840e,23039,47,14,33,77007488.63748267,0.17895543956260018,0.6554103910760015,0.3445896089239984,0.1864230218325448,15961,0.7004210252181085,0.6966014149919701,0.5059247363166804,7550,15489
0x8342b064d963c5ab6425c7edee4de0a31838b58a,1469,8,3,5,589235.17728,0.3130136035180333,0.628999319264806,0.371000680735194,0.17903335602450646,975,0.6637168141592921,0.6637168141592921,0.6446562287270252,1007,462
0x2f55331b4fa24efa8fbfeafb896669c0733f827a,2385,9,5,4,1086117.150668,0.12245338813239542,0.8972746331236897,0.10272536687631027,0.5849056603773585,1276,0.5354297693920336,0.5352201257861635,0.46876310272536686,1315,1070
0x43b29051e7b4ce9fcbc893aa6bd07c32df7399f9,3273,28,8,20,1513724.879125,0.006075630673597818,0.9306446684998473,0.06935533150015276,0.12923923006416133,1470,0.45646196150320806,0.45279560036663613,0.38344026886648336,1523,1750
0xf94d29a246d909f386b3ecb631b3670dc01a0efb,2645,116,23,93,1152318.631423,0.041869763018080625,0.9686200378071833,0.031379962192816635,0.09338374291115312,1500,0.5973534971644613,0.5822306238185255,0.477882797731569,1281,1364
0x38c01e5e7bd6c819b793e78806ff797a2caa065c,3502,3,2,1,6320405.490248,0.006302198533220541,0.9029126213592233,0.0970873786407767,0.44003426613363794,2017,0.6359223300970874,0.6059394631639063,0.02998286693318104,1581,1921
0x89a289b2e7436ddb73d00812f9d904d761243ab6,1767,35,10,25,1250582.477774,0.13431134881481552,0.801358234295416,0.19864176570458403,0.17883418222976796,1197,0.6983588002263724,0.687889077532541,0.488398415393322,708,1059
0xa312114b5795dff9b8db50474dd57701aa78ad1e,4542,11,3,8,7245178.503518,0.9595411459806455,0.05548216644649934,0.9445178335535006,0.3240863055922501,4310,0.9493615147512109,0.9491413474240422,0.9489211800968737,4416,126
0x6c2e4912a03c663eaa74a0bd0bbc3bc4c7c3d43d,3683,30,5,25,1771942.831311,0.004704592995718873,0.8867770838989953,0.11322291610100461,0.18870486016834104,1923,0.5297311973934292,0.5259299484116209,0.4466467553624762,1633,2050
0xf05359fe3426248c3eb48ca9474160dc4510b99d,9672,1,1,0,36011567.49523,0.004999539360063896,0.8691066997518611,0.13089330024813894,1.0,3250,0.3497725392886683,0.3428970223325062,0.0017576509511993384,4203,5469
0xe3b6e3443c8f2080704e7421bad9340f13950acb,19730,1,1,0,700435506.17948,0.022291117648452263,0.9137354282818043,0.08626457171819564,1.0,10716,0.5431322858590978,0.5431322858590978,0.3641662442980233,9014,10716
0x5c9b5f1f13aa845d46a16a4036f1ba7eff7de431,2844,31,11,20,197315.61161,0.9947210360523383,0.006329113924050633,0.9936708860759493,0.6751054852320675,2844,1.0,1.0,0.9971870604781997,2835,9
0x6c48fc6a1fb77121c7ccc818fa333f9c435f66ad,4270,1,1,0,47502191.2348,0.00293775737144871,0.88384074941452,0.1161592505854801,1.0,2060,0.5606557377049181,0.5215456674473068,0.000234192037470726,1887,2383
0x5661e424b3b482231b8fc2a59c96dbe157fd70fc,1780,5,0,5,1147240.561404,0.055707109227194004,0.9764044943820225,0.02359550561797753,0.3921348314606742,809,0.45786516853932585,0.45617977528089887,0.3842696629213483,911,869
0x25bdd0a95d95319033360a2989219c697fc8a7d9,2857,11,0,11,1473472.7464967,0.005963230696998629,0.9373468673433671,0.06265313265663283,0.23626181309065453,61,0.4679733986699335,0.24466223311165558,0.001400070003500175,1518,1339
0x0191ee7b28282188e1b333a31bd82eba26848d2b,1645,1,1,0,14799350.68872,0.005334014178079291,0.9106382978723404,0.08936170212765958,1.0,705,0.5343465045592705,0.4814589665653495,0.004863221884498481,749,896
0xc6ef411a92428ec7f9fc0bc8e84ee3515bfeea7e,2567,1,1,0,26110755.78889,0.0033892002569934805,0.8827425009738995,0.11725749902610051,1.0,841,0.3478768991040125,0.33774834437086093,0.0,1133,1434
0xb756c89e73c8711a881c009e10f79b1566f80cdb,1621,1,1,0,32262227.5982,0.006973015747138038,0.8673658235657001,0.1326341764342998,1.0,635,0.41579272054287475,0.4037631091918569,0.006785934608266502,703,918
0x543356c584e7931233afe07ecd982cda5f0f3f3b,3179,4,3,1,34819444.746758,0.015426218806950154,0.9776659326832338,0.02233406731676628,0.5162000629128657,1651,0.5879207297892419,0.5536332179930796,0.028939918213274615,1554,1625
0x654086857e1fad6dcf05cf6695cce51ea3984268,4342,1,1,0,43347849.2119,0.0013208801253346042,0.8839244587747582,0.11607554122524183,1.0,1849,0.48618148318747123,0.45601105481345006,0.00023030861354214648,1919,2423
0x5fffee2555a15899ad656c1a80f1b35cd0b2c0c1,3543,12,1,11,7458935.2888745,0.05864404885822302,0.8975444538526672,0.10245554614733277,0.22043465989274627,359,0.44933672029353655,0.2753316398532317,0.09455263900649168,1590,1953
0x0d58586a54a1b2070677f898acebb8317e24e1c2,1910,146,28,118,1147103.601658,0.006529839140225457,0.9361256544502617,0.06387434554973823,0.059162303664921465,978,0.6109947643979058,0.5615183246073299,0.256020942408377,1016,894
0xb6fdc698a0ddab08c7c03d83352bf4204ba0886b,2029,107,28,79,2517579.005654,0.06704744912350863,0.9157220305569246,0.0842779694430754,0.23804829965500246,968,0.50418925579103,0.4906357811729916,0.33415475603745687,1100,929
0x9db9cd2b0e40c139b487752ee13586956fbe626a,8138,36,17,19,73805921.186877,0.1776793717800068,0.7446547063160481,0.2553452936839518,0.16220201523715902,6919,0.8502088965347752,0.8502088965347752,0.19157041042025066,3030,5108
0xc1fd39727cd10fe97ccac228888f025309560a93,2125,127,27,100,944234.403501,0.3605040752686782,0.9251764705882353,0.0748235294117647,0.12988235294117648,851,0.4315294117647059,0.41600000000000004,0.3402352941176471,1142,983
0x407fb09d5764328355ec2f67c0d8e6e75319d455,2897,2,1,1,3812314.11216,0.0039936515806599454,0.9768726268553676,0.02312737314463238,0.9623748705557473,36,0.47566448049706594,0.24404556437694166,0.012426648256817397,1482,1415
0x880ac484a1743862989a441d6d867238c7aa311c,5108,19,12,7,13273628.505135,0.3157390485712087,0.6769772905246672,0.3230227094753328,0.29678935003915424,3278,0.6436961628817541,0.6427173061863743,0.6417384494909946,3379,1729
0x1070f53b35f8850f4dbb96e388e63f33d14443f3,1368,11,4,7,572303.130415,0.18039296389683718,0.804093567251462,0.195906432748538,0.1834795321637427,901,0.658625730994152,0.658625730994152,0.6293859649122807,818,550
0xd25953ab6c622e20d45a21ebb5803b7e843662ac,6281,157,31,126,1815240.449672,0.09168986384369865,0.9686355675847795,0.03136443241522051,0.08915777742397707,3282,0.5529374303454864,0.5377328450883617,0.3504219073395956,3239,3042
0xd283996b5c11511ec1514efe722d097f65a88430,4330,116,28,88,1337043.682067,0.14845964831016883,0.8323325635103926,0.16766743648960739,0.10323325635103926,2321,0.5591224018475751,0.5475750577367207,0.39861431870669745,2528,1802
0x32215fe8a5e3bc9633181e3bef3b4b707c24f082,5165,25,12,13,18167855.913128,0.4931560005610705,0.9866408518877057,0.013359148112294288,0.15508228460793805,2548,0.49332042594385284,0.49332042594385284,0.3219748305905131,2617,2548
0x0a8817c801b0801c2f2acfc8778a7cd807161e07,1856,1,1,0,23956189.81276,0.0009903765734633975,0.9245689655172413,0.07543103448275862,1.0,820,0.4644396551724138,0.453125,0.04310344827586207,858,998
0xc899791e75eb20b9796449c216776cd5e9ec5936,1755,6,0,6,9285866.9800957,0.0004296078812512654,0.7418803418803419,0.25811965811965815,0.40911680911680914,0,0.629059829059829,0.3145299145299145,0.0,651,1104
0xc3f43a41a396e5049d6f96c7d444fc6c315b738a,4856,49,24,25,1358618.479242,0.4646344116828095,0.20469522240527183,0.7953047775947282,0.48702635914332787,4223,0.8702635914332785,0.8699546952224053,0.7195222405271828,4359,497
0x9e5c7a2fed36727acf6306e3e5ae12bce86856c7,2249,26,14,12,1367335.86379,0.1318534716717481,0.9204090706980881,0.07959092930191196,0.08270342374388617,1062,0.4797687861271676,0.47598932859048465,0.444642063139173,1035,1214
0x219cb4b982511d0a37ac589fc2d5108aa36fa36f,2033,9,5,4,994070.443088,0.16983907314006536,0.8952287260206592,0.10477127397934087,0.7004426955238564,966,0.4751598622725037,0.4751598622725037,0.40826364977865226,1123,910
0xaca2d79168f9e9072c089e5f7d6eb0daefc13915,9682,1,1,0,24747580.64551,0.000127616295719517,0.7595538111960338,0.24044618880396612,1.0,1564,0.18240033051022517,0.1719686015286098,0.0003098533360875852,3677,6005
0x793660578d2628b0ec7e0e2b5c75a4847ae80706,10139,1,1,0,54570628.85515,0.002978662234614507,0.7850872867146661,0.21491271328533387,1.0,1731,0.18729657757175264,0.17901173685767827,0.0008876615050793964,3980,6159
0x97991003fd631e2923f40cab2a4fdc35e60dc807,2761,2,2,0,28298498.0735,0.011574126706276132,0.8938790293371967,0.10612097066280334,0.5722564288301341,1045,0.4154291923216226,0.3969576240492575,0.03259688518652662,1234,1527
0x351126a070c9cadef8064ddd7b2d289fc33163aa,3446,2,2,0,38362023.71977,0.010449365328540164,0.8485200232153222,0.1514799767846779,0.506094022054556,1378,0.4408009286128845,0.4203424260011608,0.023215322112594312,1462,1984
0xcaa1aa01a516bf4ee4d30f6258ae285c787a904d,1664,1,1,0,16523186.26497,0.00666166772345587,0.9423076923076923,0.057692307692307696,1.0,697,0.5498798076923077,0.484375,0.003605769230769231,784,880
0xa801bb18551016ab0721555f59a27d2b31a8ffbb,1954,1,1,0,16996363.58594,0.0037445965225555086,0.8976458546571137,0.1023541453428864,1.0,687,0.46827021494370524,0.40992835209825995,0.0020470829068577278,877,1077
0x20faffd0045455e86b36b827d68f8f99f9c929b4,2701,123,29,94,1297459.096243,0.4394944865099646,0.7863754165124028,0.2136245834875972,0.1340244353942984,1102,0.4346538319141059,0.42132543502406516,0.3583857830433173,1639,1062
0xef0b65c3db0310e2dd19d0af531b81a164e25c8a,1651,1,1,0,13844855.8481,0.0033546606919980216,0.9606299212598425,0.03937007874015748,1.0,840,0.6099333737129012,0.559357964869776,0.0018170805572380376,793,858
0xf36c562be0598b8ce109998b6aa2d53ffcd8316b,4736,50,15,35,10542404.338203,0.2547391491767395,0.8673986486486487,0.13260135135135134,0.11106418918918919,2929,0.6404138513513513,0.6294341216216216,0.33847128378378377,2054,2682
0x6991342b28fee2bd54b37168c4daaf0a0af01524,1640,1,1,0,15855445.00494,8.516675499043238e-06,0.9548780487804878,0.045121951219512194,1.0,640,0.5176829268292683,0.45396341463414636,0.001829268292682927,783,857
0x4edd48ecffa32d4fdbf0ca76433095d4dee6b7fc,3032,142,33,109,2793851.111104,0.09370485151034046,0.9848284960422163,0.015171503957783642,0.07948548812664907,1561,0.5656332453825857,0.5402374670184696,0.3858839050131926,1493,1539
0xfa58f82875ee97464a8feef085e597b06590dd13,3010,107,30,77,4552780.659989,0.04128056321418614,0.958139534883721,0.04186046511627907,0.05681063122923588,1524,0.5385382059800664,0.5224252491694352,0.3830564784053156,1442,1568
0xcb2046851d0f44a48331ba9e35cb40c2f7bb7e1b,1950,97,25,72,2554456.044422,0.08407653301961444,0.9876923076923076,0.012307692307692308,0.21487179487179486,933,0.5102564102564102,0.49435897435897436,0.37743589743589745,987,963
0x19951dbda49ea27130a2bdcfa8b4eb788ebdcf5f,1894,1,1,0,18546768.3059,0.011624492663307574,0.9588173178458289,0.04118268215417107,1.0,787,0.45406546990496305,0.43479408658922913,0.01689545934530095,908,986
0xba5f4f92f396e6de20d3dae5eefa65f4ecca806a,3386,2,2,0,53842097.34068,0.004297990687393928,0.8984051978735972,0.10159480212640283,0.5351447135262847,1422,0.4559952746603662,0.4379799173065564,0.018015357353809804,1521,1865
0x5a209e55c592687bb3f105f2f645c09238612d1b,7081,4,0,4,27146998.018243,0.11760327526894736,0.5905945487925435,0.4094054512074566,0.3201525208303912,3883,0.7874593983900579,0.6679141364214094,0.4674481005507697,2091,4990
0x6b035d49e2fce2b55de68fe784b4a9801e6dcfe7,2926,2,0,2,9579755.14928,0.013378513419482598,0.8147641831852358,0.18523581681476417,0.5539986329460014,0,0.592617908407382,0.296308954203691,0.0,1192,1734
0xdbe22a43d15c724c0d07d7e630d2d01e546facf0,1411,97,31,66,2371604.044848,0.15653340628865098,0.9170800850460666,0.08291991495393337,0.09922041105598867,743,0.5761871013465627,0.5513819985825655,0.4294826364280652,764,647
0x5887de8d37c9c2550a4d0b86127c43b2e1904545,2885,120,29,91,3874964.583895,0.08084012366382139,0.9809358752166378,0.019064124783362217,0.1365684575389948,1476,0.5417677642980936,0.5266897746967071,0.4065857885615251,1415,1470
0x42885bfee595c7bf079609433fa3f2bc24e72096,1952,3,3,0,30236678.51618,0.007478950728632134,0.9129098360655737,0.08709016393442623,0.3447745901639344,839,0.6316598360655737,0.5307377049180327,0.016905737704918034,891,1061
0x39475d17bcd20adc540e647dae6781b153fbf3b1,4110,35,16,19,132715348.335405,0.0971541635434585,0.7888077858880779,0.21119221411192213,0.18686131386861313,2551,0.6321167883211679,0.6263990267639903,0.262287104622871,1621,2489
0xa54e0ec5f263ba19cb4ca301874ff866f05bf96e,2037,153,31,122,846615.206658,0.043697002441091724,0.9916543937162494,0.008345606283750613,0.11487481590574374,1070,0.6057928325969563,0.5655375552282769,0.3024054982817869,1027,1010
0xbbfb6566ad064c233af6314aeb1eee4c26a5f921,1922,6,2,4,10249299.385135,0.14923476194005755,0.7939646201873048,0.2060353798126951,0.7950052029136316,1183,0.6155046826222684,0.6155046826222684,0.5671175858480749,763,1159
0xaa2a3ce68de7e1e7125c63a8beb7dede89a4759d,2358,3,0,3,315608.975193,0.006220699496265608,0.6819338422391857,0.31806615776081426,0.3524173027989822,1554,0.6590330788804071,0.6590330788804071,0.6590330788804071,804,1554
0x65087b28344be6356fdf102ff53f5c39bd68fb25,1508,3,0,3,10639066.151065,0.5039823274308957,0.25596816976127323,0.7440318302387268,0.6114058355437666,834,0.593501326259947,0.5732758620689655,0.553050397877984,1315,193
0xd87617659957f4d9cea85e9db85b2f1de677646a,4597,14,6,8,23770528.9255194,0.8032481550167859,0.15662388514248424,0.8433761148575157,0.36175766804437676,736,0.19490972373286927,0.1775070698281488,0.15031542310202306,4237,360
0xf517639a8872e756ac98d3c65507d2ebc25cc032,2226,9,4,5,94980242.811204,0.20144738709441354,0.7088948787061995,0.29110512129380056,0.6410601976639713,1138,0.5116801437556154,0.511455525606469,0.275381850853549,1437,789
0x15508acd3565b136ebfc98365436576ba7986e52,2255,29,18,11,1052520.993328,0.36956291843081873,0.4762749445676275,0.5237250554323725,0.1556541019955654,455,0.20443458980044346,0.20310421286031044,0.18669623059866963,537,1718
0x3112bb1cc9135df076c31ad4eab75d6da1e5a2b6,1596,121,27,94,444589.746097,0.4437779937595626,0.9035087719298246,0.09649122807017543,0.17606516290726817,714,0.4793233082706767,0.46334586466165417,0.38533834586466165,875,721
0xd911e53d53b663972254e086450fd6198a25961e,5943,2,1,1,315555121.93846,0.04454996299017959,0.7336362106680128,0.26636378933198723,0.9298334174659263,3376,0.6195524146054181,0.5938078411576644,0.004206629648325761,2180,3763
0x5a7581618829f377a16be2338eabdd03fece0eaf,2677,1,1,0,1358206.08205,0.0023458573423489554,0.9929025028016436,0.007097497198356369,1.0,1325,0.6006723944714233,0.5478147179678745,0.0,1329,1348
0x92c7d53dc3bac14722b281e74a3feba8f7ba040e,2222,1,1,0,1174379.46596,0.00664316116394505,0.9684968496849685,0.0315031503150315,1.0,1051,0.5004500450045004,0.4867236723672367,0.0013501350135013501,1076,1146
0x4499d449f7703b5af8a9ee963e60f7de2c9c088d,1602,111,30,81,583486.26477,0.30335702411396454,0.7403245942571786,0.2596754057428215,0.08801498127340825,1035,0.6504369538077404,0.6482521847690388,0.6061173533083646,1009,593
0x4c226d5a21ae3b9883f98cbda1a3be63e565f308,1413,13,0,13,1347009.300147,0.023971233136605832,0.7600849256900213,0.23991507430997877,0.6744515215852795,0,0.6199575371549894,0.3099787685774947,0.0,537,876
0x1334f35fbc2e5117777c3debefa75446338766b7,2045,1,1,0,15684550.768,0.0004665256345708556,0.9290953545232273,0.07090464547677261,1.0,968,0.5765281173594132,0.5249388753056234,0.0,950,1095
0x09bc1cf4d9f0b59e1425a8fde4d4b1f7d3c9410d,5917,1,1,0,356576989.7781,0.06602289788673824,0.7615345614331587,0.2384654385668413,1.0,3142,0.5377725198580362,0.5343924285955721,0.026026702720973467,2253,3664
0x67fcc46ed2a63971697dad2fc7bb0091fe89e51d,2377,31,13,18,2487197.117811,0.16886385510877522,0.7639882204459403,0.23601177955405975,0.13462347496844762,826,0.3487589398401346,0.34812789230122,0.26714345814051327,908,1469
0xd3f1af8e88d8de4701feb4834cce1e04d6cb0bbe,2044,1,1,0,16145755.5309,0.0017236215825725896,0.9050880626223092,0.0949119373776908,1.0,932,0.5469667318982387,0.5014677103718199,0.011252446183953033,925,1119
0x335f45392f8d87745aaae68f5c192849afd9b60e,3149,1,1,0,103544913.96505,0.06324603902650833,0.9336297237218164,0.06637027627818355,1.0,1828,0.5884407748491585,0.5844712607176882,0.03080342966020959,1679,1470
0x31dea2516beee92135b96f464eeec3cf292a13f2,4938,7,5,2,73123462.48321,0.4424916219017861,0.9153503442689348,0.08464965573106521,0.26387201296071283,2344,0.548602673147023,0.5116443904414743,0.2128392061563386,2260,2678
0x73d299d25b6b38d81594ae8988396e0d3f30202a,2207,12,8,4,399893.921738,1.0,0.0,1.0,0.2736746714997734,1058,0.47938377888536476,0.47938377888536476,0.4775713638423199,2207,0
0x5bc864ca460b2c2d664402665a547a803939ba6a,2117,4,3,1,239022.36033,0.34855854437624867,0.5885687293339632,0.41143127066603685,0.5668398677373642,993,0.4690599905526689,0.4690599905526689,0.42654700047236654,1494,623
0x7ca165f354e3260e2f8d5a7508cc9dd2fa009235,7089,2,1,1,242123149.25581,0.046987421357675085,0.9152207645648187,0.08477923543518126,0.8637325433770631,3226,0.5535336436732966,0.5043024404006207,0.005783608407391734,3244,3845
0xf8905f26dff17d11859b89954a437bb85787d9a3,2107,1,1,0,17226873.2789,0.006408664028150878,0.9226388229710489,0.07736117702895111,1.0,977,0.5538680588514475,0.5087802562885619,0.0,972,1135
0xc62bccc764cd32ddc036e4a54d6d5ca1630b8d77,1549,1,1,0,24703.97054,0.012608259044661247,0.8353776630083926,0.1646223369916075,1.0,368,0.23821820529373788,0.23789541639767592,0.007746933505487412,647,902
0x4cb482c9eb4f29f6bfdac18039dff264c6954617,1835,3,3,0,3641560.89993,0.14025755590681405,0.4021798365122616,0.5978201634877384,0.9956403269754769,584,0.3182561307901907,0.3182561307901907,0.09100817438692098,369,1466
0x4fb31d5ffaa08be2128cb14485584d76eebef173,12920,6,2,4,14697626.951276,0.0032588170334423784,0.9181114551083591,0.08188854489164087,0.29876160990712075,6293,0.6057275541795666,0.5464009287925696,0.025619195046439627,5931,6989
0x99bfe8e92dcd439ec785c8d809ee2b4c929734c3,1529,3,3,0,2952242.80064,0.5644793818647752,0.7272727272727273,0.2727272727272727,0.8083714846304775,586,0.3839110529758012,0.3835840418574231,0.3708306082406802,556,973
0x7e0dfa222d18639220e40ab4d2e98ebdefa44dab,5071,5,2,3,934965.502194,0.07227493426380845,0.8085190297771643,0.19148097022283572,0.5269177676986787,4287,0.8455925852888977,0.8454939854072175,0.8418457897850523,3021,2050
0x023a3d058020fb76cca98f01b3c48c8938a22355,46085,141,33,108,355748373.4187014,0.038346549596962584,0.9820982966258002,0.01790170337419985,0.1512639687533905,22245,0.5099490072691765,0.49632201367039164,0.39092980362373875,22630,23455
0xcb364ba897f37fe13ad8df0c6b9ac7625e9f3757,1388,1,1,0,13272108.1831,0.0025983470225108673,0.9755043227665706,0.024495677233429394,1.0,712,0.5576368876080692,0.5353025936599424,0.0007204610951008645,677,711
0x0eecd62efb05009e2b72964b4bcdbcf653afd4c5,1976,1,1,0,26319568.618,0.005354595870679175,0.8856275303643725,0.11437246963562753,1.0,801,0.43623481781376516,0.4207995951417004,0.03441295546558704,875,1101
0x25ad068ba92b61ce2217c41270a9a69c247679af,3181,1,1,0,26827201.02688,0.010235078370079722,0.9713926438226973,0.028607356177302735,1.0,1224,0.4005029864822383,0.39264382269726505,0.009116629990569003,1545,1636
0xaf2825f73a90cf08baf2577818826b79e3faca9b,3201,1,1,0,35887060.97574,0.0012989929370787307,0.8997188378631678,0.10028116213683223,1.0,1519,0.5438925335832552,0.5092158700406123,0.00031240237425804435,1440,1761
0xaf2ac71f62f341e5823d6985492409e92c940447,2599,1,1,0,24864842.0388,0.0058669061163696135,0.9434397845325125,0.0565602154674875,1.0,1161,0.5194305502116199,0.4830704116968065,0.0007695267410542517,1226,1373
0x407afe1e87bf741293d47e562b107a633e678562,3433,6,2,4,8808029.675482,0.04351647127767256,0.6507427905621905,0.3492572094378095,0.6944363530439849,2434,0.7090008738712497,0.7090008738712497,0.29857267695892803,1117,2316
0x9e74a6a1df3c2545ec4e8e54a1502967c7ad15e1,7431,1,1,0,58535976.10572,0.002845102904566172,0.9748351500471,0.025164849952900012,1.0,4316,0.5835015475709864,0.5821558336697619,0.009554568698694657,3809,3622
0x13558be785661958932ceac35ba20de187275a42,2518,1,1,0,23701410.91911,0.0029140580037921855,0.9285146942017474,0.07148530579825259,1.0,1099,0.5202541699761716,0.47835583796664016,0.008737092930897538,1169,1349
0x1f793d9f0368c1da329cb112212d81d521e7a9b8,4431,9,5,4,12027812.821833,0.5825736205810976,0.8485669149176258,0.15143308508237419,0.375535996389077,1841,0.4154818325434439,0.4154818325434439,0.4154818325434439,2551,1880
0x839fb7089af2091b9bd9487a977c41daf56394c0,1516,1,1,0,14219613.85298,0.006927364264491364,0.9709762532981531,0.029023746701846966,1.0,577,0.48812664907651715,0.43436675461741425,0.0006596306068601583,736,780
0xf5d889840ff183c72b0b57aac895303eee76f226,1551,2,2,0,14843992.70033,0.015090095002877512,0.915538362346873,0.08446163765312702,0.6660219213410703,912,0.6034816247582205,0.5957446808510638,0.049000644745325596,710,841
0x7c73322e0ced3366d39a1cbea6272351e8aba53d,1354,4,1,3,108293.91639,0.048660564191088815,0.9763663220088626,0.023633677991137372,0.4261447562776957,666,0.4963072378138848,0.4940915805022157,0.43943870014771047,693,661
0x3f9a0ee7bba80568a211b7b894dfda46e902fca1,1815,6,3,3,84164.8793,0.17091892009640178,0.4584022038567493,0.5415977961432507,0.343801652892562,14,0.008815426997245178,0.008264462809917356,0.0022038567493112946,1399,416
0xcc44634f35d0be9c530b062d88e2504877e70799,6230,149,32,117,2338424.834192,0.24706045156744363,0.9402889245585875,0.05971107544141252,0.09807383627608347,2883,0.4940609951845907,0.4784109149277689,0.3540930979133226,3301,2929
0x33ad48ed92e3e91a98278f0f7456eae6eafa516e,5078,50,13,37,18944518.303552,0.105244047900979,0.7766837337534462,0.22331626624655376,0.14552973611658132,3273,0.6742812130760142,0.6594131547853486,0.26526191413942496,1972,3106
0xfb22906e051b252edbfa18102fea82fecfbae4b9,1834,1,1,0,1085828.8498,0.03717780916157787,0.9923664122137404,0.007633587786259542,1.0,910,0.4961832061068702,0.4961832061068702,0.1613958560523446,924,910
0x8fdbd50e88ab3624263ff888861f202e0dd0b9c2,3976,4,3,1,30723497.01377,0.24068422130058237,0.1750503018108652,0.8249496981891348,0.8015593561368209,3592,0.9124748490945674,0.9079476861167002,0.903420523138833,348,3628
0x7a9051722e9224d074c20ace04768f43aa52a615,6287,155,32,123,2475030.524972,0.2808987666387933,0.8811833943057102,0.1188166056942898,0.1010020677588675,2928,0.5027835215524097,0.48425322093208206,0.32877365993319546,3517,2770
0xdf6a4dba3ef113f030f95511e70721548dc7f3e2,1671,91,27,64,420630.812915,0.9705395676647585,0.016756433273488927,0.983243566726511,0.045481747456612806,1657,0.9916217833632556,0.9916217833632556,0.9730700179533214,1657,14
0xd76440071f604b9b99286d8fb9bebe6d3e2213c3,2797,3,0,3,2932835.57435543,0.0005573608281089055,0.9259921344297461,0.07400786557025385,0.7994279585269932,0,0.5370039327851269,0.26850196639256346,0.0,1295,1502
0xdfa3adddb199213b67cc22496ce81b73cb65218a,1630,84,18,66,117970.733622,0.19409058691934766,0.8233128834355828,0.17668711656441718,0.11226993865030675,621,0.38650306748466257,0.38374233128834356,0.3202453987730061,959,671
0x21a21c11877569378cb95507e921203f5bb9d084,1579,10,3,7,592643.679258,0.30620709778800925,0.7207093096896771,0.279290690310323,0.1779607346421786,982,0.6219126029132362,0.6219126029132362,0.6073464217859404,1010,569
0x6ba889db7f923622d3548f621ecc2054b80c1817,2604,26,18,8,4388215.439331,0.020019691595723744,0.8248847926267281,0.17511520737327188,0.15668202764976957,1567,0.6551459293394777,0.6284562211981566,0.2814900153609831,1074,1530
0xca163b98cbc2ad5b08b01ae7bcb4bef68b9161ad,1684,152,29,123,736947.825164,0.00013360239441386398,0.997624703087886,0.0023752969121140144,0.07185273159144893,844,0.6045130641330166,0.5528503562945368,0.30522565320665085,840,844
0x4537e1a5b7bcadd39f6d6211cb757ce431798732,1946,1,1,0,32891135.7509,0.02953621058444044,0.8561151079136691,0.14388489208633093,1.0,833,0.42805755395683454,0.42805755395683454,0.11664953751284686,833,1113
0xc799df4baa69044f59a3711f180a31e352829ba3,1866,153,31,122,815347.832108,0.036699963357523714,0.9421221864951769,0.05787781350482315,0.08145766345123258,955,0.6034297963558414,0.557609860664523,0.2877813504823151,987,879
0x493364de7f4a39ed24f9c68ece229973f324d369,4295,9,4,5,3714034.128315,0.0025309411002274866,0.5150174621653085,0.48498253783469153,0.2919674039580908,3170,0.7417927823050058,0.7399301513387659,0.22328288707799768,1106,3189
0x6a9e7566877b52b13b28230b5543cbccf3685870,3267,1,1,0,34767216.60514,0.00018389775726408784,0.9109274563820018,0.08907254361799816,1.0,1615,0.5671870217324763,0.5307621671258035,0.004897459442913988,1488,1779
0xc926ddba8b7617dbc65712f20cf8e1b58b8598d3,6566,50,20,30,31154473.245508,0.1851639719768896,0.6561072190070057,0.3438927809929942,0.25449284191288457,2998,0.6798659762412428,0.568230277185501,0.1880901614377094,2154,4412
0xe3b3482482899b4890ec5a2093cba2a558d0c14f,3728,1,1,0,17079490.7468,0.0034483383066345043,0.8052575107296137,0.19474248927038626,1.0,1399,0.4179184549356223,0.39659334763948495,0.0024141630901287556,1501,2227
0xe2f86feccb1207710a442bc4e27a0701a290275a,3132,5,2,3,1856204.043133,0.8434632597849694,0.3652618135376756,0.6347381864623244,0.4281609195402299,1822,0.7646871008939975,0.6732120051085568,0.5817369093231162,2560,572
0x500a8d2934da6f7831e3996df1c8c5a5a74c2274,1880,1,1,0,20026397.5749,0.014571956908803014,0.8893617021276595,0.11063829787234042,1.0,757,0.44468085106382976,0.4236702127659574,0.015957446808510637,836,1044
0x5233199fc1fdd34439650c4450671b5f8806832c,2128,10,7,3,385944.275428,0.14182493788591352,0.8825187969924813,0.1174812030075188,0.15272556390977443,994,0.47885338345864664,0.4729793233082707,0.18937969924812031,1189,939
0xce8d2983e85a0b0435bf3d157f7d3a3888ca7eeb,2436,6,4,2,52050.073997,0.9721283845997296,0.047619047619047616,0.9523809523809523,0.2582101806239737,1441,0.5915435139573071,0.5915435139573071,0.5915435139573071,2378,58
0x621c5551678189b9a6c94d929924c225ff1d63ab,4133,39,22,17,93267348.723649,0.1012499222121722,0.8245826276312606,0.17541737236873942,0.12944592305831115,2430,0.6126300508105492,0.6002903459956448,0.31405758528913624,1704,2429
0xa4a6e0fd7528a6f5c6ccbb3240ba8a2f825446cf,2130,13,7,6,6554616.926614,0.17985435710504394,0.5793427230046948,0.42065727699530514,0.21455399061032865,1604,0.7568075117370892,0.7549295774647887,0.5915492957746479,617,1513
0x887299cf58a3f0ba1f6ee59122e19a65eefe2bb0,3054,9,4,5,11655712.886914,0.06816056526185962,0.6208251473477406,0.3791748526522593,0.47085789129011135,2079,0.6895874263261297,0.6851669941060904,0.4446627373935822,948,2106
0xc3141e868ed2d97f6e345e22e63dbeb2a8f89e85,2065,1,1,0,15904432.3949,0.0003342968153773859,0.9675544794188862,0.0324455205811138,1.0,957,0.5598062953995158,0.5116222760290556,0.00387409200968523,999,1066
0xeaa123246b396028fc8fea0175f013c13e097157,1883,36,11,25,1020860.195411,0.1874403363292679,0.7679235262878386,0.23207647371216145,0.1821561338289963,1142,0.6255974508762613,0.6160382368560807,0.5613382899628253,1160,723
0x25d2ccf8e2c0e136fff41d3b35bf6f393218b16f,3468,2,0,2,6975751.7317041,0.023526183819762896,0.8598615916955017,0.14013840830449828,0.9933679354094579,7,0.5674740484429066,0.2847462514417532,0.002018454440599769,1491,1977
0x4d0976dabd56385d1b54867724c64159aef12bc4,1833,146,31,115,1167804.176159,0.02003863348217198,0.9372613202400436,0.06273867975995635,0.088379705400982,954,0.6110201854882706,0.5657392253136935,0.2907801418439716,974,859
0x37c1e493c8a452ab3f5a6d01fda87795b91e7851,2213,1,1,0,8604387.646,0.021661847521089708,0.7437867148666968,0.2562132851333032,1.0,750,0.3836421147763217,0.36127428829643016,0.0031631269769543608,823,1390
0xfeee942a06d2f8012823ccde7bf7bcbcaa29a09f,1527,1,1,0,26488937.21675,0.022447558859175498,0.8238375900458416,0.1761624099541585,1.0,598,0.412573673870334,0.4020956123117223,0.010478061558611657,629,898
0x0dd5db9c3748486e747c6a123727f472668cf6ee,5793,1,1,0,40549418.45215,0.0010047962137380467,0.8675988261695149,0.13240117383048508,1.0,1526,0.2924218884861039,0.27792162955290867,0.0,2513,3280
0x33b84e11ee5d632d5ba65f52a8594be7d3b06e9a,2786,13,2,11,718393.1924625,0.0009838380220131247,0.9971284996410624,0.002871500358937545,0.4206748025843503,667,0.5348169418521177,0.38711414213926776,0.12885857860732233,1389,1397
0xa86290d695158a6e2fe31daef34738dfc57c587f,1472,4,2,2,518510.22103,0.1276860928575011,0.6779891304347826,0.3220108695652174,0.748641304347826,972,0.6610054347826086,0.6606657608695652,0.21263586956521738,499,973
0x9959bb97b783e57e001f8cb43695556151d33704,2141,1,1,0,17251358.8341,0.009821557485957854,0.9602989257356376,0.039701074264362445,1.0,962,0.5333956095282578,0.491359177954227,0.0,1028,1113
0x208db9f389989c5c387cc3a2620cc5251eace716,1418,34,10,24,694228.886202,0.16134769068570243,0.6798307475317349,0.32016925246826516,0.14386459802538787,925,0.6932299012693935,0.6727785613540198,0.6205923836389281,936,482
0xee126cd566febeebee9a715812df601e1e69512c,1491,91,24,67,1584660.105929,0.17389286527879966,0.914822266934943,0.085177733065057,0.10731052984574112,798,0.5667337357478203,0.5509725016767271,0.4473507712944333,809,682
0x03b3d7811f5c520fa7d6fb487ca8f6a47df03d85,5587,27,5,22,2723070.915811,0.01826747519213435,0.8444603543941293,0.15553964560587077,0.5586182208698764,3318,0.6096294970467155,0.6017540719527474,0.27349203508143904,3228,2359
0xc897e2a9cf140a9035e2aebaa834ae98196c152a,3794,4,0,4,1105281.634349,0.0046304687203225225,0.8465998945703743,0.15340010542962573,0.39351607801792304,824,0.503426462836057,0.360305745914602,0.12361623616236163,1606,2188
0x0873ca7cb967af8c35642d903a950d256c1701df,2999,2,2,0,31621515.02617,0.010228303933012864,0.8549516505501834,0.1450483494498166,0.531510503501167,1251,0.4561520506835612,0.43664554851617204,0.02100700233411137,1282,1717
0x1918fbc5ab2205e7bc391d250fcfff4e830ce053,2139,144,31,113,964839.213175,0.0756699923303778,0.9733520336605891,0.02664796633941094,0.16549789621318373,1062,0.5741000467508182,0.5352968676951847,0.2711547452080411,1098,1041
0x82b409e6c2e617929cf22bd7e4b08564c207abc1,2232,1,1,0,17681298.65149,0.0008290774155757317,0.9829749103942652,0.017025089605734768,1.0,968,0.5201612903225806,0.476926523297491,0.01568100358422939,1097,1135
0xda949f94ca319ed6ccb4048af840acf0bab8feb8,1558,9,2,7,595480.227458,0.12212305073240937,0.7086007702182285,0.2913992297817715,0.17073170731707318,1027,0.6591784338896021,0.6591784338896021,0.6206675224646984,1006,552
0xcd873972d192d25972fc1d8e5b5cecab4c1429da,1451,10,4,6,593592.094002,0.08088732175371295,0.7787732598208132,0.22122674017918678,0.1943487250172295,893,0.6154376292212267,0.6154376292212267,0.5796002756719504,886,565
0xcdf99cc8fe5535a8c543cd38887c494597502158,1764,148,29,119,787384.560094,0.03613380203264771,0.9773242630385488,0.022675736961451247,0.09807256235827665,879,0.5918367346938775,0.5450680272108843,0.2987528344671202,902,862
0x07fd993f0fa3a185f7207adccd29f7a87404689d,2473,58,21,37,1879137.765001,0.8165909490793419,0.22644561261625556,0.7735543873837445,0.0440760210270926,1690,0.6833805095026284,0.6833805095026284,0.6510311362717347,2193,280
0x34fb5ec7d4e939161946340ea2a1f29254b893de,4214,35,16,19,115648117.271311,0.06355684383609402,0.7660180351210252,0.23398196487897485,0.19387755102040816,2806,0.6960132890365448,0.6809444708115804,0.2330327479829141,1614,2600
0x72dc2d52cfcf058136891fa5c40375a4c7b4a55d,2693,5,2,3,9605501.320391,0.13613761788497367,0.5362049758633495,0.4637950241366506,0.7393241737838842,1971,0.7318975120683253,0.7318975120683253,0.7318975120683253,722,1971
0xe2990ce029db870c805e90a1a8a1d8a1c52255d6,1459,18,12,6,4725246.834998,0.031773259676087066,0.7553118574366005,0.2446881425633996,0.15558601782042494,894,0.6333104866346813,0.623029472241261,0.04592186429061001,551,908
0x0898b54fbba3296d7c4ac58db87d09fa4cda0896,2307,145,31,114,1229143.497704,0.029321728490874083,0.9648894668400521,0.035110533159947985,0.1022973558734287,1315,0.64716081491114,0.6085825747724317,0.3081924577373212,1194,1113
0xf4e62d9d431a07b9b1efb5dd548e3ad9aadd07ba,2024,157,31,126,1334451.842945,0.08001081748245642,0.9752964426877471,0.024703557312252964,0.09090909090909091,1102,0.6225296442687747,0.583498023715415,0.31521739130434784,1037,987
0xdf80a25cf31f2ef1265a91c53120285a3ad7d21b,1377,3,2,1,462000.600243,0.007034283230997252,0.9803921568627451,0.0196078431372549,0.5054466230936819,673,0.49455337690631807,0.4916485112563544,0.16339869281045752,675,702
0xe29d84a6f37858d7f8017be454ee35726511e525,3311,1,1,0,62154919.96592,0.0039636351206804015,0.7272727272727273,0.2727272727272727,1.0,1237,0.43310178193899124,0.4033524614919964,0.0,1204,2107
0x31b1ac74a39fa92604c3bccac20453f2e3eebfaa,1687,33,14,19,1049274.661869,0.33827227249990877,0.5892116182572614,0.4107883817427386,0.11677534084173088,1195,0.7184350918790753,0.7133965619442798,0.6603438055720213,1190,497
0xae9ee667c9170f3b148a404c64579e1ed2c76e10,2179,8,0,8,22867576.396832,0.46075374218693627,0.5874254245066545,0.4125745754933456,0.37127122533272144,1869,0.8577329050022946,0.8577329050022946,0.31206975676916016,640,1539
0x1700acdd94010de35087b45b601d0e1b90c2697f,1367,3,3,0,4895414.60894,0.40738366864738895,0.6320409656181419,0.36795903438185806,0.43233357717629844,451,0.33138258961228967,0.3306510607168983,0.2852962692026335,432,935
0x7a9d45682babd8a2d79181623c75a7f615990b27,1953,150,31,119,1387797.264227,0.0067821239338172225,0.9032258064516129,0.0967741935483871,0.11827956989247312,1004,0.6072708653353814,0.5606758832565284,0.28417818740399386,1071,882
0x230633a6e555acac1a865d09db2197c864e58927,1620,5,0,5,285018.667827,0.02086200364464943,0.8123456790123457,0.18765432098765433,0.6401234567901235,879,0.5475308641975308,0.5450617283950617,0.2851851851851852,658,962
0x4334ff1dd9fa46667b718a6f8a489c3d0079b44b,2648,102,26,76,963332.648701,0.6840864118699063,0.45770392749244715,0.5422960725075529,0.14312688821752265,1290,0.5052870090634441,0.4962235649546828,0.4622356495468278,2042,606
0x427872156f097f906bb8e49afdf54683581c30e8,3099,2,1,1,2551782.47265,0.0025068663879318854,0.813810906744111,0.186189093255889,0.5830913197805744,626,0.4140045175863182,0.3080025814778961,0.01903839948370442,1261,1838
0xfad17af4900f3d3afa663103f58b41607ee45d70,2112,152,30,122,1243862.365456,0.006453232919429414,0.9791666666666666,0.020833333333333332,0.1425189393939394,1113,0.615530303030303,0.5712594696969697,0.3058712121212121,1078,1034
0x6be2564feecd30ed141696dd4cbbb27f2abf570c,3072,1,1,0,27031523.68164,0.002341284074304179,0.8932291666666666,0.10677083333333333,1.0,1474,0.5436197916666666,0.51171875,0.0016276041666666667,1372,1700
0xfe96dd504543165efeb7ab545d161d0ba112f84e,1982,142,28,114,793489.122325,0.017489649471610354,0.9868819374369324,0.013118062563067608,0.08577194752774975,1085,0.627648839556004,0.5875378405650857,0.3113017154389506,1004,978
0x810db68a173f92660b1d18720cab9cf7f820269d,1376,5,4,1,7936925.33018,0.0013116385838247398,0.809593023255814,0.19040697674418605,0.5661337209302325,800,0.595203488372093,0.5882994186046512,0.0690406976744186,557,819
0xc592244161c68b0336db2f01a2b0df8da973cb48,6284,4,0,4,2732886.038752,0.024923990571339427,0.8981540420114577,0.10184595798854233,0.4759707192870783,0,0.4490770210057288,0.2245385105028644,0.0,3462,2822
0x558afca8d68f6a7335837b06ce218a234978225b,2111,7,6,1,27171299.576795,0.03613740583625115,0.8147797252486974,0.1852202747513027,0.3311226906679299,1251,0.5926101373756514,0.5926101373756514,0.10942681193747039,860,1251
0x597077efeb1bca71deaf556bac4d8e28a4595bef,1841,154,29,125,882148.329932,0.0256661827560738,0.9592612710483432,0.04073872895165671,0.07115697990222705,935,0.596958174904943,0.5524171645844649,0.3009234111895709,958,883
0xaeadec409b7b31b32063dcc280e8efbb86441eb1,1891,145,29,116,1044015.623969,0.0775411023325871,0.9539925965097832,0.046007403490216814,0.13114754098360656,968,0.5928080380750925,0.5523532522474881,0.2913802221047065,989,902
0x4264b5a132e4f263d6de2e0d01512a99ea21ec6e,2249,141,29,112,3514590.211263,0.04403664168670797,0.9808803912850156,0.019119608714984436,0.18363717207647842,1200,0.6047132058692752,0.5691418408181415,0.2810137839039573,1103,1146
0x3f3e7878cbde6da00629f6f6115f367f8ef316d2,1855,147,30,117,820989.025354,0.0805985390626484,0.8862533692722372,0.11374663072776281,0.0522911051212938,978,0.6172506738544474,0.5722371967654987,0.27978436657681943,1033,822
0xcd8bded162b7f8bdce0da82f133bd75bbef76835,1891,3,1,2,9591810.962172,0.00039849058525799787,0.9042834479111581,0.09571655208884189,0.4008461131676362,935,0.4944473823373876,0.4944473823373876,0.16763617133791645,855,1036
0x8a265d24c0c4e611119ba4c8fcab93fd987d343a,3346,6,1,5,882844.810887,0.00191358625226856,0.9701135684399282,0.029886431560071727,0.39539748953974896,800,0.539151225343694,0.3891213389121339,0.21488344291691572,1623,1723
0xe86b057f5eb764c9738d6b0d38170befd0723664,4354,66,29,37,32410102.466863,0.230902038859223,0.7083141938447405,0.2916858061552595,0.09623334864492421,2590,0.5969223702342673,0.5958888378502527,0.571198897565457,2812,1542
0xc1914d36f97dc5557e4df26cbdab98e9c988ef37,6082,61,16,45,35428128.038344,0.11901603928060915,0.6826701742847747,0.3173298257152253,0.15011509371917134,4495,0.7589608681354818,0.749013482407103,0.30549161460046037,2076,4006
0x2201d0ec741faaea8e1983af7c59d6f7762ebd26,7018,1,0,1,1685447.77937,0.08644253894621333,0.9524080934739242,0.047591906526075804,1.0,0,0.4762040467369621,0.23810202336848105,0.0,3676,3342
0x03488d119ff425c17521e1fb0fafaf97c69902f3,1952,145,30,115,1451900.29148,0.0366115947974739,0.9497950819672131,0.050204918032786885,0.10553278688524591,985,0.5988729508196722,0.5517418032786885,0.26639344262295084,927,1025
0xcbc61255c3fc15bfed07ba794e3119e7c8ffbad7,1411,7,5,2,4152994.100596,0.9317520603943732,0.13040396881644223,0.8695960311835578,0.5478384124734231,1319,0.9347980155917789,0.9347980155917789,0.8731396172927002,92,1319
0xe2d2dbae54981833479038c70425e1e3ce6680ec,1978,151,31,120,770762.300914,0.01327176960765933,0.9959555106167847,0.004044489383215369,0.07381193124368049,1047,0.6142568250758341,0.5717896865520729,0.3134479271991911,993,985
0x27c9fa86c91b84ddfa15de58c482ff662498d65d,3022,69,26,43,7345076.156966,0.4287339962142447,0.9410986101919259,0.05890138980807412,0.40072799470549303,1410,0.47187293183322304,0.4692256783587029,0.45499669093315687,1422,1600
0x21e2d23d84f868eedfc625ff23801430b41141d7,1431,1,1,0,7772399.92134,0.017852870303163345,0.883298392732355,0.116701607267645,1.0,705,0.49825296995108315,0.4954577218728162,0.10971348707197764,799,632
0xcd82f03d5df801a69af899a7f13263388e1f6274,1724,1,1,0,18785370.48926,0.008139866251103333,0.9593967517401392,0.04060324825986079,1.0,564,0.3538283062645012,0.34048723897911837,0.0034802784222737818,827,897
0x979ddbf4ef2240b316c73c5b7cdab0a453b101aa,2577,12,8,4,24956548.845768,0.11539271231720574,0.9460613116026387,0.053938688397361274,0.27629025999223905,1304,0.5071788901823826,0.5065968180054327,0.12689173457508732,1219,1358
0x8587051491522599dfcc23de01ae59b622b498b3,2202,143,31,112,1632002.173712,0.016558876003537087,0.9954586739327884,0.004541326067211626,0.15622161671207993,1183,0.6198910081743869,0.5785649409627611,0.25658492279745687,1106,1096
0x503c3dbb6f21f231a33da05822229026e8a88acd,2922,6,4,2,8044551.78687,0.08861176489577362,0.9425051334702259,0.057494866529774126,0.49657768651608486,1490,0.5184804928131417,0.5142026009582478,0.4106776180698152,1377,1545
0x9b422e571eb2cb9837efdc4f9087194d65fb070a,2194,10,4,6,13945634.4644,0.8030024243778142,0.022789425706472195,0.9772105742935278,0.7046490428441203,2120,0.9886052871467639,0.9774384685505926,0.9662716499544212,25,2169
0x6e00947f2e02a295332721b9cbc0a2a7dcffbdb9,1670,1,1,0,14030885.21287,0.0015860780608187982,0.9544910179640719,0.045508982035928146,1.0,629,0.4946107784431138,0.4356287425149701,0.011377245508982036,797,873
0x8d6f5ee2e45dc2fe594682d17201b93c30578cf7,1961,1,1,0,78843.6592,0.01649397064006385,0.9821519632840388,0.017848036715961243,1.0,996,0.5216726160122387,0.5147883732789393,0.01631820499745028,998,963
0xae822bb60e9b636a79e692c0ee13e9a2ded7e5c9,1732,1,1,0,15661327.25743,0.0016705536535920214,0.9630484988452656,0.03695150115473441,1.0,720,0.5184757505773672,0.46709006928406466,0.0040415704387990765,834,898
0x9fccb762f817e136f65c25bdd6d9c5121b20db7a,2453,1,0,1,30771.35801,0.18309931034467206,0.811251528740318,0.18874847125968203,1.0,0,0.405625764370159,0.2028128821850795,0.0,1458,995
0x1367df28c0681431b8a8f3d887576a1cad85560e,3457,8,2,6,80210383.759328,0.31577214750231736,0.4501012438530518,0.5498987561469483,0.544113393115418,2867,0.8293317905698583,0.8293317905698583,0.6514318773503037,778,2679
0x524f7d39d1a1a24aa315f101b3a8b9a82daf932f,5220,6,2,4,3583341.9502899,0.06678254025277709,0.8777777777777778,0.12222222222222222,0.8480842911877394,2735,0.5434865900383141,0.5337164750957855,0.03409961685823755,2291,2929
0x9d9cbc11c85848a3ebf181940f2bec9f5fc75396,1626,1,0,1,29474.443,0.04040561512901194,0.955719557195572,0.04428044280442804,1.0,849,0.522140221402214,0.522140221402214,0.3936039360393604,777,849
0xcd3042a6ee602fc79c504e64d1d96b3f8c9d04ad,4552,6,0,6,245723.823671,0.02596937420908737,0.9389279437609842,0.06107205623901582,0.5753514938488576,0,0.530536028119508,0.265268014059754,0.0,2137,2415
0xd47776750bf095ae3f0461e06ce312c2e6026e7e,1449,2,0,2,1092524.58784,0.012547448938519992,0.989648033126294,0.010351966873706004,0.5196687370600414,716,0.4968944099378882,0.49551414768806074,0.4140786749482402,717,732
0x89b61dba1332032926967cc935d17e4d61b88ce5,1523,2,0,2,1094730.9071,0.002088610639537867,0.9481286933683519,0.051871306631648066,0.5082074852265266,755,0.4983585029546947,0.4970453053184504,0.3952724885095207,722,801
0xc1fce740d83a60de67d039aa927a678ff78c202f,2589,151,31,120,1435232.120292,0.010315309518705539,0.9517188103514871,0.04828118964851294,0.24333719582850522,1149,0.5152568559289301,0.4795287755890305,0.23947470065662418,1232,1357
0x72952e155659818d9e0c5c0518ea1aab8344aee7,1997,3,2,1,3422323.703826,0.05231271842749753,0.614922383575363,0.38507761642463695,0.9023535302954432,612,0.30645968953430147,0.30645968953430147,0.09914872308462694,1383,614
0xd34521cf9842e627ce643e2bf2ffb4a3e9e13fc8,2775,3,2,1,15678190.03761,0.34959243886200053,0.44828828828828826,0.5517117117117117,0.8068468468468468,2153,0.7758558558558558,0.7758558558558558,0.7758558558558558,622,2153
0xace0a4c087f7f199328fb1e38d8d27bd237b03fd,1365,1,1,0,1541469.3276,1.0,0.0,1.0,1.0,1365,1.0,1.0,1.0,1365,0
0xfee6cf78bba26a5808ca659d7bcd10491e75e3c2,3448,4,2,2,77363522.599818,0.10360085588316859,0.845707656612529,0.154292343387471,0.5179814385150812,1457,0.4228538283062645,0.42270881670533644,0.3187354988399072,1990,1458
0x373753d4a354b34a23d04882a6ee64042f47a189,1470,13,10,3,2484383.15155,0.15827067826662744,0.5115646258503401,0.4884353741496599,0.1782312925170068,1224,0.8326530612244898,0.8326530612244898,0.7122448979591837,376,1094
0x6d910bea79aaf318e7170c6fb8318d9c466b2164,1484,2,1,1,70539810.31629,1.0,0.0,1.0,0.9993261455525606,1483,1.0,0.9996630727762803,0.9993261455525606,0,1484
0x126220f27cddaba57d903c51a94caf002b2ed355,6434,27,10,17,7211637.536967,0.003430264287714603,0.9002175940317065,0.09978240596829344,0.1990985390115014,2978,0.46409698476841776,0.46347528753497047,0.2253652471246503,2896,3538
0x8fa518fad6242806397c80139d61b8d9da7fb269,1913,28,10,18,60506.308565,0.0025464055014112062,0.9911134343962362,0.008886565603763722,0.2493465760585468,904,0.48614741244119186,0.47935180345007844,0.24098274960794563,948,965
0x6cd520c1a07c9b53b33d62d04d3c2a3175161968,2376,8,1,7,6811563.753511,0.06365475001911391,0.9335016835016835,0.0664983164983165,0.25715488215488214,1008,0.46675084175084175,0.445496632996633,0.28535353535353536,1267,1109
0x2300ed8421a5cbf44273a80697f868cd058b46c2,2010,4,4,0,5634265.30049,0.09313346042195858,0.5373134328358209,0.4626865671641791,0.6074626865671642,1524,0.7597014925373134,0.758955223880597,0.7283582089552239,1470,540
0xe5e096ff9413971c6b2377e7811af53e82ca4d70,1462,10,4,6,828317.83313,0.2648867428109141,0.12585499316005472,0.8741450068399452,0.4316005471956224,95,0.06497948016415869,0.06497948016415869,0.012995896032831737,1370,92
0x8c6f0a348a174be5c9f6470f474d32c1e3ab796e,1571,12,6,6,23847662.670224,0.3748141850129601,0.3437301082113304,0.6562698917886697,0.3443666454487588,432,0.3494589433481859,0.3122215149586251,0.2628898790579249,1301,270
0x42fa34caf53e79fcef0d147da7e1c31123fede21,2488,18,0,18,522895.1767957,0.004159220404264178,0.8954983922829582,0.1045016077170418,0.1997588424437299,0,0.5462218649517685,0.27311093247588425,0.0,1114,1374
0xf27ebb91ea420f73b59b205ac7e0b77a90ec8f3c,2505,118,26,92,5893734.81561477,0.1633629395808368,0.5700598802395209,0.429940119760479,0.1664670658682635,1543,0.6594810379241517,0.6377245508982036,0.437125748502994,714,1791
0x9e00ed4da9af5bfd0c254a4978a9bb9c547a86b0,5572,4,3,1,28355790.5404,0.03179172458392984,0.988872936109117,0.011127063890882987,0.7001076812634601,2900,0.5204594400574301,0.5204594400574301,0.14034458004307251,2817,2755
0xbfa0e690bc003accbf92adfb926a739ae05273ba,1929,1,1,0,6283562.1912,0.09189086114380145,0.35666148263348885,0.6433385173665112,1.0,1585,0.8216692586832556,0.8216692586832556,0.8216692586832556,344,1585
0xc874875bd108aae0ea91888becd03dc0537231c2,1557,7,1,6,4824012.887238,0.005589832447450015,0.9543994861913937,0.045600513808606295,0.5170199100834939,725,0.4682080924855491,0.46692357096981374,0.1708413615928067,814,743
0xf2803696e90e10148af1b590c60a052d65d21ac4,1741,1,1,0,50375501.52561,0.00816054757729823,0.9086731763354394,0.0913268236645606,1.0,848,0.4870763928776565,0.4870763928776565,0.0005743825387708214,791,950
0x020ca66c30bec2c4fe3861a94e4db4a498a35872,11327,5,2,3,154151006.94383,0.8907975700805256,0.05385362408404697,0.9461463759159531,0.6928577734616403,10985,0.9730731879579765,0.9714399223095259,0.9698066566610754,305,11022
0x3d87201a276b1183fe0eecc96ac9c622e7db3f4d,2013,1,1,0,4570637.31341,0.2920717553837225,0.8276204669647292,0.17237953303527073,1.0,1527,0.7595628415300546,0.7590660705414803,0.5211127670144063,833,1180
0xa6e2dc44418f5ad213c86db4dbb203a59d13c49f,1834,15,6,9,11694142.474255,0.5641444658876783,0.826608505997819,0.173391494002181,0.2197382769901854,1527,0.8326063249727372,0.8326063249727372,0.8326063249727372,758,1076
0x258a4b8a8447c61aabf1bef9bb14ee4d69efff03,4313,48,17,31,977031.729995,0.746501257021338,0.11129144447020635,0.8887085555297937,0.5188963598423372,4073,0.9443542777648968,0.9443542777648968,0.9162995594713657,4073,240
0xab8178614b22bdabe2b4fc727f562a02496d892f,1652,3,2,1,21512763.157647,0.8141037555401872,0.22033898305084745,0.7796610169491526,0.5332929782082324,182,0.11016949152542373,0.11016949152542373,0.0,1470,182
0xa07843ae68977ca35ecdb540b5be32bc8a7d13bd,1472,1,1,0,924526.3901,0.011038169433861355,0.9959239130434783,0.004076086956521739,1.0,916,0.6351902173913043,0.6287364130434783,0.04008152173913043,739,733
0x1776fb9202f1d591e6f317c7d4dbb9ffd9db9216,1504,15,6,9,12663615.653937,0.5295840421126511,0.8856382978723404,0.11436170212765957,0.3224734042553192,977,0.6496010638297872,0.6496010638297872,0.5897606382978723,838,666
0xadc9cf23f55c6221a05a8150e5768d7c3289562f,1984,1,1,0,37032611.04741,0.01216121761043089,0.6149193548387096,0.3850806451612903,1.0,605,0.3059475806451613,0.30544354838709675,0.014616935483870967,610,1374
0x8bff50aad8b4e06c5e148eaeb9d7aef69e26cdc3,2930,2,2,0,38409439.29811,0.007619417939912512,0.3023890784982935,0.6976109215017064,0.884641638225256,537,0.18327645051194538,0.18327645051194538,0.10955631399317406,443,2487
0xec4a6f59960fb55a7fa49262e2628687b322cf62,2593,3,3,0,92154599.25025,0.37473555715426016,0.12032394909371384,0.8796760509062862,0.5715387581951408,2437,0.9398380254531431,0.9398380254531431,0.8052448900887004,156,2437
0x7e70ff1e17cf415e33dd5df299495e66732f9c4f,10458,9,6,3,330601466.560173,0.10751886111282954,0.7951807228915663,0.20481927710843373,0.3112449799196787,4158,0.39759036144578314,0.39759036144578314,0.22910690380569898,6300,4158
0x98054753cc4b5ad006f124801f6213dbc41752e7,1908,4,4,0,6606268.81172,0.694249672478267,0.0859538784067086,0.9140461215932913,0.2976939203354298,1826,0.9570230607966457,0.9570230607966457,0.9570230607966457,82,1826
0xb3021e6939755ab0d932536aeea9040356c4fe4d,1853,1,1,0,97150.99571,1.0,0.0,1.0,1.0,0,0.0,0.0,0.0,1853,0
0x8607a7d180de23645db594d90621d837749408d5,4933,7,4,3,14264280.218423,0.6860682979561467,0.05676059193188729,0.9432394080681127,0.40300020271639975,4509,0.9144536793026555,0.9142509629028988,0.9026961281167647,4793,140
0x1ceb3102445048f2f8c18f8f95cb661560e39c2b,2787,3,1,2,615018.292451,0.8484110362368972,0.14280588446358092,0.8571941155364191,0.8937926085396484,2589,0.9321851453175457,0.9305705059203444,0.8815931108719053,199,2588
0x45ff79e6154b77f2f5b18804967d522e161b8486,3164,11,5,6,28731532.435614,0.2557335357823903,0.8040455120101138,0.1959544879898862,0.5265486725663717,1196,0.4020227560050569,0.3900126422250316,0.17414664981036662,1892,1272
0x9897376e0b0c3d8d6f27137f93b33e36ae6f0f45,1749,5,3,2,13044124.57032,0.36697298311852666,0.5534591194968553,0.44654088050314467,0.6420811892510006,1265,0.7232704402515723,0.7232704402515723,0.5706117781589479,484,1265
0xa84c6fd42d4e5c2e9ffbdf452041a3485b170885,2643,3,1,2,2806495.7698083,0.5981226114110124,0.24063564131668558,0.7593643586833144,0.7427166099129777,1,0.12031782065834279,0.06034808929247067,0.00037835792659856227,2325,318
0x06cd60ae3be5e43a444ee0352cb28ce961209b3b,1421,7,7,0,108946.97941,0.9092902649204343,0.47853624208304013,0.5214637579169599,0.21674876847290642,445,0.31456720619282197,0.31386347642505275,0.30893736805066857,1081,340
0xe5764e03ee1e19b4c651907cea6a5b6961577b1d,1397,1,0,1,5505002.4974,0.033615896975051573,0.9692197566213314,0.030780243378668574,1.0,677,0.4846098783106657,0.4846098783106657,0.25125268432355047,677,720
0x9c68cd0568eb47bad36ecd8090e6c1d1396a7783,1374,4,3,1,50395393.13121,0.013253772051960634,0.8151382823871907,0.1848617176128093,0.5014556040756915,610,0.44541484716157204,0.44468704512372637,0.34497816593886466,560,814
0x24fb6523036ebcb3cc51deff138066dccf6bed0f,1624,9,6,3,12139530.39535,0.6165259457925033,0.21674876847290642,0.7832512315270936,0.5566502463054187,262,0.16133004926108374,0.16133004926108374,0.13054187192118227,1448,176
0x0fecee5bdf2db78d6d1499c3391494b3d888ba3b,3101,2,1,1,202882739.31811,0.35504141321173593,0.90744920993228,0.09255079006772009,0.9393743953563367,1506,0.54627539503386,0.5159625927120284,0.48564979039019673,1407,1694
0xab53c0b16aa09fa7f2bb00cb0a0ab9e1ca62ce8b,1411,1,1,0,1887270.52601,0.09104897736801168,0.5854004252303331,0.4145995747696669,1.0,815,0.5776045357902198,0.5776045357902198,0.17221828490432317,413,998
0x741a58844ac349d6195d0b8ccf7fa07501eba5c2,8198,12,5,7,6093979.608633,0.3225899119560691,0.7353012929982923,0.2646987070017077,0.2982434740180532,4861,0.5931934618199561,0.5930714808489876,0.5287875091485729,5184,3014
0xf1e79e5cf063073deec9a0d86c178f7cde84d479,1493,4,4,0,421325.07632,0.049828913112341666,0.75284661754856,0.24715338245144006,0.7548559946416611,698,0.478231748158071,0.47287340924313465,0.2531815137307435,931,562
0x414da2bed1986613e92301dc5241942919729236,1592,3,1,2,19057595.31535,0.03522224884003799,0.8806532663316583,0.11934673366834171,0.6312814070351759,891,0.5596733668341709,0.5596733668341709,0.4949748743718593,701,891
0xbf732ea04197942783e34730ed6e0f6099575d58,2011,3,2,1,30999068.07516,0.12432791694174528,0.8533068125310791,0.14669318746892093,0.7642963699651915,1135,0.564395822973645,0.564395822973645,0.5430134261561412,858,1153
0x88b6addc407b2b809443aea0cf54221c6149b5c0,9891,5,3,2,178599064.671321,0.5875436501250119,0.2509351936103528,0.7490648063896471,0.4132039227580629,1965,0.19876655545445354,0.19871600444848853,0.05055100596501871,8650,1241
0x525232cb6ed5030d2b052b36bfc0baec96986ee3,1554,4,2,2,58658994.13503,0.2722602491990691,0.9922779922779923,0.007722007722007722,0.47104247104247104,771,0.49613899613899615,0.49613899613899615,0.46846846846846846,783,771
0xf037b3b0cb56d733bc1e588c309b32683891974c,2433,6,3,3,302214.137706,0.9799340161713433,0.0008220304151253596,0.9991779695848746,0.2655158240854912,20,0.008220304151253596,0.008220304151253596,0.007398273736128237,2432,1
0x19541333a3cd5cadea5ab371fdce84dc428142a2,3736,8,5,3,44775969.28243,0.028511554306674673,0.9421841541755889,0.057815845824411134,0.5093683083511777,1967,0.5289079229122056,0.5277034261241971,0.21547109207708778,1760,1976
0xba74c7d47a39dafbe83e9b4c12fc6fae44db9db0,2437,5,2,3,14602693.5139,0.18556517842277823,0.3036520311858843,0.6963479688141158,0.784160853508412,370,0.15182601559294215,0.15182601559294215,0.05949938448912597,2067,370
0x939f95036d2e7b6d7419ec072bf9d967352204d2,3326,5,4,1,56682328.78057,0.23376361018554387,0.8436560432952496,0.15634395670475046,0.2946482260974143,1648,0.4957907396271798,0.49564040889957905,0.37221888153938665,1403,1923
0x5647249079e257329ecb6f46ed41821d3c69e7de,1425,10,4,6,640531.882185,0.32404726075298035,0.7129824561403508,0.2870175438596491,0.26666666666666666,668,0.4687719298245614,0.4687719298245614,0.27228070175438596,917,508
0x5b5d51203a0f9079f8aeb098a6523a13f298c060,3045,4,2,2,18428723.65038,0.9350515246510129,0.01839080459770115,0.9816091954022989,0.4975369458128079,3017,0.9908045977011494,0.9908045977011494,0.9908045977011494,3017,28
0xa9a0c8295a7d76e6f9cd04927cafd5ef1e6f8b7b,1869,5,5,0,11364929.79987,0.07121211483763477,0.6944890315676833,0.30551096843231673,0.5013376136971642,649,0.34563937934724454,0.3464419475655431,0.026217228464419477,1220,649
0x0884051c662892bfcd8a132d1404ab8a3a409cea,2293,3,2,1,109323934.45016,0.18236635811208513,0.6759703445268208,0.32402965547317925,0.9372001744439599,1434,0.6620148277365896,0.6436982119494112,0.6253815961622329,775,1518
0x1aa780bb10425b86bcf05ecbb7953f9a93729ed9,5834,5,1,4,8606883.55219,0.14074974824095976,0.7466575248543024,0.25334247514569763,0.825677065478231,3067,0.6249571477545424,0.5753342475145697,0.10627356873500171,2178,3656
0xb83de012dba672c76a7dbbbf3e459cb59d7d6e36,7723,5,2,3,31457300.31914,0.7899862408923777,0.004661401009970219,0.9953385989900297,0.6136216496180241,7705,1.0,0.9988346497475075,0.9717726272174025,7705,18
0xb9dc5f9b3d1ed1e4c9cf0724a94fcaa8a2f5f92d,4344,3,2,1,23240344.665562,0.5207897456235646,0.3287292817679558,0.6712707182320442,0.7453959484346224,3658,0.8423112338858195,0.8421961325966851,0.8080110497237569,714,3630
0x6ae827976e8e8ad41a5c43f90cc9e0cad521202c,3898,6,2,4,9258311.655655,1.0,0.0,1.0,0.237044638276039,3898,1.0,1.0,1.0,0,3898
0x9c89f595f5515609ad61f6fda94beff85ae6600e,1458,3,2,1,38654429.510896,0.15093942865128468,0.18518518518518517,0.8148148148148148,0.7078189300411523,1323,0.9074074074074074,0.9074074074074074,0.9074074074074074,135,1323
0x34365f472a3af2ff8167970a519931437e2c2094,3425,7,4,3,109840848.654523,0.49761683639697807,0.34686131386861313,0.6531386861313868,0.4207299270072993,2619,0.7743065693430657,0.7694890510948905,0.7480291970802919,594,2831
0x58c6d652e07f7ffdd1e834ef16163a8d0c710895,1653,3,2,1,3352300.70783,0.26566896853549327,0.8711433756805808,0.12885662431941924,0.8638838475499092,717,0.4355716878402904,0.43466424682395643,0.23774954627949182,933,720
0xf905049d614ddd21e4745417b3f05eb05e52c4fb,1567,2,0,2,1087046.7452,0.09283431779323634,0.7887683471601787,0.21123165283982132,0.547543075941289,949,0.6056158264199106,0.6056158264199106,0.6056158264199106,618,949
0xfe1fadc7705762029efc2db65a2765626881f011,1817,1,1,0,3797733.73509,1.0,0.0,1.0,1.0,1817,1.0,1.0,1.0,0,1817
0x2e3d94f0562703b25c83308a05046ddaf9a8dd14,6046,8,2,6,24065636.369794,0.3668617531310922,0.09923916639100232,0.9007608336089977,0.9187892821700298,5746,0.9503804168044988,0.9503804168044988,0.9379755210056235,300,5746
0x0facac3bd128fe6d799898a059d3634b877c7a0a,1660,22,10,12,2489113.401056,0.651849920921902,0.9385542168674699,0.06144578313253012,0.3933734939759036,80,0.04939759036144578,0.04879518072289157,0.0391566265060241,779,881
0x48b1a8f92e403bc9dc7500b9cbcc4cadf35c7ac0,2774,7,1,6,3686343.118476,0.05211751612948799,0.9149242970439798,0.08507570295602018,0.4008651766402307,1295,0.5418168709444845,0.5043258832011536,0.28803172314347514,1269,1505
0x5f7e1de048ba1f23f60b1455849eebfce4a6b441,1689,3,3,0,34053824.2831,0.00052855773408488,0.9638839550029603,0.036116044997039666,0.5891059798697454,875,0.5180580224985198,0.5180580224985198,0.0,814,875
0x26dcbba2cfc204577a17227e0be494ace6db81ad,1976,4,2,2,2938721.32996,0.9787402955622028,0.043522267206477734,0.9564777327935222,0.430668016194332,1620,0.8203441295546559,0.8200910931174089,0.8076923076923077,1933,43
0x5e9bfa224fcac0ca76e42d927bbec30317a26488,4274,2,2,0,26566516.85621,0.0012519228158517724,0.6607393542349087,0.33926064576509124,0.9181094992980814,2788,0.6525503041647169,0.6524333177351427,0.0,1412,2862
0xca230e816bdb34a46960c2f978a30a563d1ae9e0,1407,1,1,0,2952062.60707,1.0,0.0,1.0,1.0,0,0.0,0.0,0.0,1407,0
0x33f9109a340ef486d4998a875aa180d5600636c0,2956,2,2,0,45946465.07676,0.0019059384767402708,0.9350473612990527,0.06495263870094722,0.5815290933694182,1382,0.4675236806495264,0.4675236806495264,0.3027740189445196,1574,1382
0x53babe76166eae33c861aeddf9ce89af20311cd0,12635,5,4,1,560009869.95391,0.07413176348014497,0.9503759398496241,0.04962406015037594,0.821210922041947,6631,0.524812030075188,0.524812030075188,0.05318559556786703,6004,6631
0x57f4fb3bd619f50d0fe74aaacff723494cfde132,5271,1,0,1,18999852.05369,1.0,0.0,1.0,1.0,0,0.0,0.0,0.0,5271,0
0x2b6972120f2156b7832c10e4eecc62f20860b93a,2404,4,2,2,9132063.11619,0.09626612885443722,0.37104825291181365,0.6289517470881864,0.8897670549084858,455,0.19093178036605657,0.19009983361064892,0.1252079866888519,1958,446
0x81c32dca33d44385e58837d1747a37f3ed9a498f,1688,4,1,3,555470.920247,0.0003374640510733602,0.9135071090047393,0.08649289099526067,0.4377962085308057,0,0.0,0.0,0.0,771,917
0xcf90cfecf74e631feea816d02e757c0c8e895c0e,1557,1,0,1,4615383.2156,0.8511032367849304,0.10404624277456648,0.8959537572254336,1.0,81,0.05202312138728324,0.05202312138728324,0.0,1476,81
0xb356e5977ae1be0e47f7f44557acf0170e8d0512,3490,5,3,2,61289178.708788,0.04905301463334705,0.8997134670487106,0.10028653295128939,0.3793696275071633,1605,0.4636103151862464,0.4617478510028653,0.05329512893982808,1570,1920
0x8d0e342e0524392d035fb37461c6f5813ff59244,2657,5,3,2,15011070.890971,0.15813707382588005,0.6089574708317651,0.39104252916823484,0.4964245389537072,1815,0.6955212645841174,0.6893112532931878,0.186676703048551,809,1848
0xd3dc3e6800f584a562565f8caf2ef4e47863eabc,6468,4,3,1,90598982.389513,0.0772266729254442,0.7535559678416821,0.24644403215831787,0.6114718614718615,2437,0.37677798392084105,0.37677798392084105,0.08611626468769326,4031,2437
0xb159e1697e5031811d788e4a2ac1a9b38d688202,1749,1,0,1,329546.15217,1.0,0.0,1.0,1.0,0,1.0,0.5,0.0,0,1749
0x6f1d35664eab0efa5a796091c28d14f1472d3162,2201,3,2,1,16242673.8973,0.0007562322754039794,0.8677873693775556,0.13221263062244434,0.5592912312585189,1077,0.4893230349840981,0.4893230349840981,0.2080872330758746,1246,955
0xffbd3e51ae0e2c4407434e157965c064f2a11628,2378,2,1,1,18977655.39467,1.0,0.0,1.0,0.9482758620689655,11,0.005046257359125316,0.004835996635828427,0.004625735912531539,2378,0
0x9a37179a2b2bacd9ff229e8c31f9b7bb34e36a9c,4081,1,1,0,7996981.59355,0.37747183143758806,0.4729233031119824,0.5270766968880176,1.0,965,0.2364616515559912,0.2364616515559912,0.0,3116,965
0x469e9a7f624b04c24f0e64edf8d8a277e6bf58a5,1393,5,4,1,44652162.8624,0.4023096076030584,0.7982770997846375,0.20172290021536252,0.5312275664034458,582,0.4178033022254128,0.4178033022254128,0.4178033022254128,837,556
0xb8e0d1698c5eea6f2aa7b88eb64d78d824f81915,1393,2,1,1,21229637.6528,0.08513938884875925,0.9605168700646087,0.03948312993539124,0.7544867193108399,659,0.47307968413496054,0.47307968413496054,0.2641780330222541,669,724
0xc50aa1e77492ab1090de92866ae91303e9981d98,1821,1,1,0,48008595.88283,0.04482754567041376,0.9752883031301482,0.02471169686985173,1.0,1027,0.5650741350906096,0.5645249862712796,0.28775398132894014,933,888
0x15df49f74171cd2157c89084f63e15fbd12c6ca1,5263,4,3,1,79937489.47407,0.20132581500111257,0.6768003040091203,0.3231996959908797,0.47938438153144597,2538,0.482234467034011,0.482234467034011,0.2910887326619799,3482,1781
0x06a3481efd4c3e14611fb4679ba101e337db05f9,2055,3,2,1,15090133.74602,0.06088103941307389,0.9401459854014599,0.059854014598540145,0.6369829683698297,1069,0.5201946472019465,0.5201946472019465,0.31046228710462287,966,1089
0x549e6dd8453ed87fccdcf4f8b37162b10edc0533,6793,7,0,7,26617306.5205193,0.2103334099146285,0.6091564846165171,0.390843515383483,0.5555719122626233,1522,0.3036949801266009,0.26387457677020465,0.22405417341380834,4724,2069
0x3e02519a47cef3d4464944c4815fad9e5837e767,1663,5,0,5,235349.25708,0.4962560315212702,0.67708959711365,0.32291040288635,0.5538184004810583,0,0.0,0.0,0.0,1100,563
0x43e43c8c5ff17cf796c7db44468697984ed19deb,2750,1,1,0,119750.29717,0.00022754406998520853,0.9825454545454545,0.017454545454545455,1.0,1399,0.49636363636363634,0.5025454545454545,0.0,1351,1399
0x4322fd98f95a219d2aae2bba6664e3574b4c3708,6712,2,0,2,13939990.933834,0.4695842267069261,0.33820023837902263,0.6617997616209773,0.8313468414779499,3,0.16910011918951132,0.0847735399284863,0.0,5577,1135
0x9b5a536ca04bb1a54d732e497e75b3c592a4de46,1626,3,2,1,116666.99844,1.0,0.0,1.0,0.506150061500615,1222,0.7527675276752768,0.7521525215252153,0.6820418204182042,0,1626
0x77eeda199553e33b246e4b4666849b9ad0972902,1517,10,7,3,12835638.06981,0.022268075849090293,0.979564930784443,0.02043506921555702,0.17534607778510217,864,0.5748187211601846,0.5721819380355966,0.3256427158866183,774,743
0x8e096995c3e4a3f0bc5b3ea1cba94de2aa4d70c9,1632,8,5,3,26596323.97098,0.9463190376249807,0.15931372549019607,0.8406862745098039,0.5159313725490197,1502,0.9203431372549019,0.9203431372549019,0.8982843137254902,1502,130
0xec0bb262ef7de43027437af9fdfbba8e0188c05b,2393,6,2,4,837063.699364,0.0004516829917332103,0.8257417467613873,0.17425825323861263,0.3343083994985374,119,0.08190555787714167,0.06581696615127455,0.04972837442540744,988,1405
0xe5abbf19d40031a00eed4714979a2eff4cbb303f,1719,2,1,1,3299807.383343,0.020215988754294485,0.83304246655032,0.16695753344968003,0.8702734147760326,1003,0.58347876672484,0.58347876672484,0.58347876672484,716,1003
0xca0736756a24f8c8d2b1840b3b46e4133966f5bb,1456,21,16,5,12920564.450431,0.0322464592864673,0.9107142857142857,0.08928571428571429,0.13736263736263737,663,0.45535714285714285,0.45535714285714285,0.45535714285714285,793,663
0xb317d2bc2d3d2df5fa441b5bae0ab9d8b07283ae,1920,1,1,0,113770183.76499,1.0,0.0,1.0,1.0,0,0.0,0.0,0.0,0,1920
0x1d52fe9bde2694f6172192381111a91e24304397,5985,15,5,10,119307592.586819,1.0,0.0,1.0,0.2309106098579783,5985,1.0,1.0,0.9959899749373433,0,5985
