address,total_fills,close_fill_count,open_fill_count,nonzero_closedPnl_count,nonzero_closedPnl_ratio,close_like_cluster_score,large_close_ratio,dir_distribution
0xbfc79c444c41a74516bf31237ebf586a231480b4,4069,3886,3,4060,0.9977881543376751,0.9764069796018677,0.8933398869501106,"{'Close Short': 3886, 'Sell': 174, 'Buy': 6, 'Open Short': 3}"
0x010461c14e146ac35fe42271bdc1134ee31c703a,117111,52505,64260,52775,0.4506408450102894,0.4494880924934464,0.3547830690541452,"{'Open Short': 47083, 'Close Short': 37995, 'Open Long': 17177, 'Close Long': 14510, 'Short > Long': 127, 'Long > Short': 116, 'Net Child Vaults': 103}"
0x31ca8395cf837de08b24da3f660e77761dfb974b,124684,66281,58053,66581,0.5339979468095345,0.5327949055211575,0.414728433479837,"{'Close Long': 48611, 'Open Long': 39324, 'Close Short': 17670, 'Open Short': 18729, 'Short > Long': 127, 'Long > Short': 120, 'Net Child Vaults': 103}"
0xb81015ed7e1619905757bfffc226a1891263561e,8768,5109,3362,5402,0.6161040145985401,0.5993955291970803,0.3845802919708029,"{'Close Short': 2428, 'Open Long': 2186, 'Close Long': 2681, 'Short > Long': 147, 'Long > Short': 150, 'Open Short': 1176}"
0x1c1c270b573d55b68b3d14722b5d5d401511bed0,33001,10731,10294,18354,0.5561649646980394,0.44066846459198206,0.03281718735795885,"{'Close Short': 7130, 'Buy': 4329, 'Close Long': 3601, 'Long > Short': 467, 'Sell': 6707, 'Short > Long': 473, 'Open Long': 2861, 'Open Short': 7433}"
0xf9109ada2f73c62e9889b45453065f0d99260a2d,41994,19658,14560,24115,0.5742487021955518,0.5211815973710531,0.2003619564699719,"{'Open Long': 12763, 'Buy': 3313, 'Close Short': 2975, 'Close Long': 16683, 'Open Short': 1797, 'Sell': 4300, 'Short > Long': 87, 'Long > Short': 76}"
0x6a0b567be46b51ad02db4ebdf90d057ecb02f864,2499,1123,1331,1164,0.4657863145258103,0.4575830332132853,0.26850740296118447,"{'Open Long': 1068, 'Close Short': 261, 'Short > Long': 22, 'Close Long': 862, 'Long > Short': 23, 'Open Short': 263}"
0xcb525be5530b95a1f3b2056f380ad3be61a648ea,12344,5859,4880,7422,0.6012637718729748,0.537953661697991,0.023088139987038236,"{'Open Short': 2720, 'Short > Long': 802, 'Open Long': 2160, 'Close Short': 2703, 'Long > Short': 803, 'Close Long': 3156}"
0x6d95abc473b98bb06986ed858c3ae4c5d9d7e05b,5761,3057,2621,3139,0.5448706821732339,0.5377538621767055,0.4658913383093213,"{'Open Short': 2478, 'Close Short': 2878, 'Short > Long': 41, 'Open Long': 143, 'Close Long': 179, 'Long > Short': 42}"
0xc6d7fdfbcb55d6cad6570c5838de394d2aa24015,9793,53,28,5120,0.5228224241805371,0.26411722659042175,0.005412029000306341,"{'Buy': 4645, 'Open Short': 28, 'Sell': 5067, 'Close Short': 53}"
0x9266865bb6afb4c4f618544dd3b8c970f17aa664,31537,7007,7313,16159,0.5123822811301012,0.3672828740844088,0.06110283159463487,"{'Buy': 8059, 'Open Short': 5434, 'Open Long': 1879, 'Close Short': 4880, 'Close Long': 2127, 'Sell': 8946, 'Long > Short': 104, 'Short > Long': 108}"
0x47930c76790c865217472f2ddb4d14c640ee450a,2691,248,1796,289,0.1073950204384987,0.09977703455964326,0.03753251579338536,"{'Close Long': 248, 'Open Long': 1796, 'Sell': 41, 'Buy': 606}"
0xfab134fc24fe340e9e997e89147bdc0d944958f8,37612,20396,15606,21901,0.5822875677975115,0.5622806551100712,0.01651068807827289,"{'Close Short': 9733, 'Open Short': 8501, 'Close Long': 10663, 'Short > Long': 809, 'Open Long': 7105, 'Long > Short': 801}"
0xdbfa2a585b5ed6115950a3eaead82df47918304d,2866,1410,1307,1558,0.5436147941381717,0.5177948360083741,0.32763433356594557,"{'Close Short': 813, 'Open Short': 852, 'Long > Short': 79, 'Close Long': 597, 'Open Long': 455, 'Short > Long': 70}"
0xe056eebc2c7acfc782d47ebe18ad71735480f72a,12753,6142,6295,6448,0.5056065239551478,0.493609346820356,0.09887869520897044,"{'Open Long': 5386, 'Close Long': 5102, 'Close Short': 1040, 'Long > Short': 155, 'Open Short': 909, 'Short > Long': 161}"
0x953996a8b3e3c9b2ecc13664950910d013c060a5,2884,1331,1458,1426,0.4944521497919556,0.47798196948682387,0.27981969486823854,"{'Close Short': 741, 'Open Short': 1014, 'Long > Short': 52, 'Open Long': 444, 'Short > Long': 43, 'Close Long': 590}"
0x59891acadc0f8b2bcab10c043ac5fc63628b1716,1960,871,1040,920,0.46938775510204084,0.4568877551020408,0.288265306122449,"{'Close Short': 454, 'Open Long': 326, 'Open Short': 714, 'Long > Short': 29, 'Close Long': 417, 'Short > Long': 20}"
0x32051a0c36af1449e0eee08146a808115ccc40bb,7075,3704,3357,3717,0.5253710247349823,0.524452296819788,0.26996466431095406,"{'Close Short': 2284, 'Open Short': 2968, 'Short > Long': 8, 'Open Long': 389, 'Close Long': 1420, 'Long > Short': 6}"
0xa289ee1e56c0d5d041db762e6123e78af0f7d9ad,70040,39035,30437,39563,0.5648629354654483,0.561093660765277,0.13679326099371789,"{'Open Long': 19971, 'Close Short': 12651, 'Open Short': 10466, 'Close Long': 26384, 'Long > Short': 278, 'Short > Long': 290}"
0xecb63caa47c7c4e77f60f1ce858cf28dc2b82b00,99555,39683,36443,50113,0.5033699964843554,0.4509868916679223,0.3725679272763799,"{'Buy': 12998, 'Open Long': 15217, 'Close Short': 28283, 'Open Short': 21226, 'Sell': 10404, 'Close Long': 11400, 'Short > Long': 17, 'Long > Short': 10}"
0x80196a7475464e06de641df6c66e6e278cd364d5,5113,1172,773,3216,0.6289849403481322,0.4291022882847643,0.04244083708194798,"{'Buy': 1121, 'Sell': 2026, 'Close Short': 227, 'Open Short': 241, 'Short > Long': 11, 'Long > Short': 10, 'Open Long': 532, 'Close Long': 945}"
0x162cc7c861ebd0c06b3d72319201150482518185,115694,24866,22343,62416,0.5394921084930938,0.3772105727176863,0.043736062371428075,"{'Buy': 30931, 'Open Short': 9534, 'Sell': 37409, 'Close Long': 16734, 'Open Long': 12809, 'Close Short': 8132, 'Short > Long': 73, 'Long > Short': 72}"
0x9d097697e5b82a52f6b82c16c148a753bbf5c8ae,3084,7,3077,7,0.002269779507133593,0.002269779507133593,0.002269779507133593,"{'Open Long': 733, 'Close Long': 7, 'Open Short': 2344}"
0x03b9a189e2480d1e4c3007080b29f362282130fa,56137,29394,25591,30310,0.5399291020182767,0.5317704900511249,0.02851951475853715,"{'Close Short': 13671, 'Open Long': 11984, 'Close Long': 15723, 'Open Short': 13607, 'Long > Short': 575, 'Short > Long': 577}"
0x26cacbc6efd678054c98cd32d9c2969580aef351,1349,680,589,755,0.5596738324684952,0.5318754633061527,0.3291326908821349,"{'Open Short': 504, 'Close Short': 590, 'Long > Short': 39, 'Short > Long': 41, 'Open Long': 85, 'Close Long': 90}"
0x21ff1b48bd358698bfdf853e71cafb761b5d2b7d,6489,3758,2593,3894,0.6000924641701341,0.5896131915549392,0.4449067652951148,"{'Close Short': 3441, 'Open Short': 2241, 'Long > Short': 79, 'Short > Long': 59, 'Open Long': 352, 'Close Long': 317}"
0x9252345e5fb94c8ce2595c51c2c850b35f4572a9,3628,1483,1261,2348,0.6471885336273429,0.5279768467475192,0.07662624035281147,"{'Open Short': 743, 'Short > Long': 444, 'Close Long': 891, 'Open Long': 518, 'Long > Short': 440, 'Close Short': 592}"
0xbf1935fe7ab6d0aa3ee8d3da47c2f80e215b2a1c,36046,17918,18040,18002,0.49941741108583476,0.4982522332575043,0.031015924096987182,"{'Open Long': 17174, 'Close Long': 17044, 'Open Short': 866, 'Close Short': 874, 'Long > Short': 44, 'Short > Long': 44}"
0x744cf47e88d9d0847544f0ac2fa7575cf5925f79,3951,1729,1354,2578,0.6524930397367755,0.5450518855985826,0.08782586686914705,"{'Close Short': 688, 'Short > Long': 436, 'Open Short': 736, 'Long > Short': 432, 'Close Long': 1041, 'Open Long': 618}"
0xf0480a7892bc260658e82359f3c9374bc0a75444,74875,39564,35311,39564,0.5284006677796327,0.5284006677796327,0.502584307178631,"{'Close Short': 39564, 'Open Short': 35311}"
0xc6ac58a7a63339898aeda32499a8238a46d88e84,27538,15689,11815,15704,0.570266540780013,0.5699941898467572,0.018301982714794104,"{'Close Long': 11414, 'Open Long': 7705, 'Long > Short': 17, 'Open Short': 4110, 'Close Short': 4275, 'Short > Long': 17}"
0xd02928c445d780ea954fe0b6f0be0f6cb9727678,101963,57211,44022,57896,0.567813814815178,0.5644547531947863,0.18841148259662818,"{'Open Long': 25032, 'Close Short': 22500, 'Close Long': 34711, 'Open Short': 18990, 'Short > Long': 366, 'Long > Short': 364}"
0x75faaf11458b7fef61a445fb82ef213817c9774f,4456,0,0,2779,0.623653500897666,0.311826750448833,0.0,"{'Sell': 2779, 'Buy': 1677}"
0xae89ff81bb4e03937eb046291f0450a6bab37d35,2195,824,1017,1168,0.532118451025057,0.45375854214123007,0.007289293849658315,"{'Close Short': 362, 'Short > Long': 182, 'Open Long': 559, 'Close Long': 462, 'Long > Short': 172, 'Open Short': 458}"
0x90a5ecd614f3d1388e8ff6833d5dcb18055ab35a,5187,2228,2931,2256,0.4349334875650665,0.43223443223443225,0.25448235974551764,"{'Close Long': 1667, 'Open Short': 741, 'Open Long': 2190, 'Long > Short': 13, 'Close Short': 561, 'Short > Long': 15}"
0x97683533fc52065024c3fdc336f0c72e3c592589,9513,0,0,1775,0.1865867759907495,0.09329338799537475,0.0,"{'Sell': 1775, 'Buy': 7738}"
0x7717a7a245d9f950e586822b8c9b46863ed7bd7e,31109,18014,13061,18045,0.5800572181683757,0.5795589700729693,0.5259249734803433,"{'Open Short': 8300, 'Close Short': 12821, 'Open Long': 4761, 'Close Long': 5193, 'Short > Long': 18, 'Long > Short': 16}"
0x57dd78cd36e76e2011e8f6dc25cabbaba994494b,22003,13769,6487,14699,0.6680452665545608,0.6469117847566241,0.4072626460028178,"{'Close Long': 11423, 'Open Long': 4796, 'Open Short': 1691, 'Close Short': 2346, 'Sell': 820, 'Buy': 817, 'Long > Short': 48, 'Short > Long': 62}"
0x4d969e59b312970cc07af266938a4433ccae0b4c,12452,5789,5633,6806,0.5465788628332798,0.5057420494699647,0.0023289431416639896,"{'Open Long': 2350, 'Close Long': 2818, 'Long > Short': 515, 'Open Short': 3283, 'Close Short': 2971, 'Short > Long': 515}"
0xcd83c4691a97f965d590a83daa5216e514cc5b2d,5825,0,0,2440,0.4188841201716738,0.2094420600858369,0.0,"{'Sell': 2440, 'Buy': 3385}"
0x1ec15e24896f4feb55dd70d22dc3620ae3cc990c,1600,704,861,739,0.461875,0.4509375,0.005625,"{'Open Short': 480, 'Close Short': 304, 'Short > Long': 18, 'Open Long': 381, 'Close Long': 400, 'Long > Short': 17}"
0x3ac9b030594c1ef23a3e8fed9f62356b7bf98bf6,2592,1204,1146,1438,0.5547839506172839,0.5096450617283951,0.0,"{'Close Long': 613, 'Open Long': 457, 'Open Short': 689, 'Close Short': 591, 'Long > Short': 127, 'Short > Long': 115}"
0x7943e3cda58f6b3f46a4af7c81c5850d9ae2e646,6069,3054,2916,3152,0.5193606854506508,0.5112868676882518,0.4109408469270061,"{'Open Short': 2591, 'Close Short': 2805, 'Long > Short': 47, 'Open Long': 325, 'Close Long': 249, 'Short > Long': 52}"
0x21a2b0fcdea50c75092cb69539940ea17942a192,3307,1739,1466,1840,0.5563955246446931,0.5411248866041729,0.4457211974599335,"{'Open Short': 1294, 'Close Short': 1603, 'Long > Short': 55, 'Open Long': 172, 'Close Long': 136, 'Short > Long': 47}"
0x2afe745dfd735e24aae8ac39969140dd0511496b,8125,8,10,4235,0.5212307692307693,0.2611076923076923,0.00024615384615384614,"{'Buy': 3880, 'Sell': 4227, 'Open Short': 10, 'Close Short': 8}"
0x4cf1aa03b2ee27f922c2b089dc9f7d3a2551e717,8936,4286,4492,4443,0.49720232766338407,0.48841763652641,0.015890778871978515,"{'Open Long': 3043, 'Close Short': 1268, 'Short > Long': 79, 'Close Long': 3018, 'Long > Short': 79, 'Open Short': 1449}"
0xef5fdcefdb38803a654ee9f3539bed8058443d99,10523,5489,5033,5490,0.5217143400171054,0.5216668250498907,0.46137033165447117,"{'Open Long': 1424, 'Close Long': 1441, 'Open Short': 3609, 'Close Short': 4048, 'Long > Short': 1}"
0xd47587702a91731dc1089b5db0932cf820151a91,7209,6672,537,6672,0.9255097794423637,0.9255097794423637,0.9255097794423637,"{'Close Short': 6672, 'Open Short': 537}"
0xfb8cffce52cd694ee1ae8749f174b9840bb80cbd,1970,922,1042,928,0.47106598984771575,0.46954314720812185,0.3629441624365482,"{'Open Long': 388, 'Long > Short': 4, 'Open Short': 654, 'Close Short': 651, 'Close Long': 271, 'Short > Long': 2}"
0x399965e15d4e61ec3529cc98b7f7ebb93b733336,15301,0,0,8835,0.5774132409646429,0.28870662048232143,0.0,"{'Sell': 8835, 'Buy': 6466}"
0x1873202043c99bba71e6157008a551cb79c3b1b9,4378,2305,1987,2391,0.5461397898583829,0.5363179534033806,0.46162631338510735,"{'Open Long': 1273, 'Close Long': 881, 'Open Short': 714, 'Short > Long': 44, 'Close Short': 1424, 'Long > Short': 42}"
0xc17c35c4ded6c31ed1cbca5df606709a09e36a5a,1446,620,826,620,0.4287690179806362,0.4287690179806362,0.4287690179806362,"{'Close Long': 620, 'Open Long': 826}"
0x51f63885534cb494f4592a0311551f369bff2b39,8159,2900,5217,2942,0.3605834048290232,0.3580095599950974,0.293295747027822,"{'Open Short': 3628, 'Open Long': 1589, 'Close Long': 876, 'Close Short': 2024, 'Long > Short': 19, 'Short > Long': 23}"
0xf9f26df6979e3e9fb3f2e295c30051f7df571090,1849,938,904,945,0.5110870740941049,0.5091941590048674,0.0670632774472688,"{'Open Long': 660, 'Close Long': 700, 'Close Short': 238, 'Open Short': 244, 'Short > Long': 5, 'Long > Short': 2}"
0x451333eb2f8230cda918db136623da9c26acea0b,10254,6223,3821,6432,0.6272674078408426,0.6170762629217865,0.47444899551394576,"{'Open Long': 2333, 'Close Short': 3871, 'Long > Short': 104, 'Short > Long': 106, 'Open Short': 1488, 'Close Long': 2352}"
0xee162a5a60829bd346f0c1ac3514b21fe5f4b290,86205,46853,38715,47428,0.5501769038918857,0.5468418305202715,0.0909692013224291,"{'Close Short': 13569, 'Open Short': 12521, 'Open Long': 26194, 'Close Long': 33284, 'Long > Short': 314, 'Short > Long': 323}"
0x418aa6bf98a2b2bc93779f810330d88cde488888,6031,6031,0,6031,1.0,1.0,0.93566572707677,{'Close Short': 6031}
0xa33a4a057334c7811ad5f45f3c4f0dfa3d081ff8,13198,8311,4865,8331,0.6312320048492196,0.630474314290044,0.28504318836187303,"{'Close Long': 4781, 'Open Short': 2571, 'Close Short': 3530, 'Open Long': 2294, 'Long > Short': 11, 'Short > Long': 11}"
0x1dd4af3383fce2ee4a40d9fb6766cbfcce2ddbce,37747,20435,16805,20884,0.5532625109280208,0.5473150184120592,0.17108644395581105,"{'Open Long': 9128, 'Close Short': 9518, 'Close Long': 10917, 'Open Short': 7677, 'Long > Short': 250, 'Short > Long': 257}"
0xbb828515677729c4db2f790a52cf14b1c659e19f,51873,23012,27635,24179,0.4661191756790623,0.45487054922599424,0.07179071964220307,"{'Open Short': 15286, 'Long > Short': 610, 'Close Short': 10548, 'Open Long': 12349, 'Short > Long': 616, 'Close Long': 12464}"
0xdcac85ecae7148886029c20e661d848a4de99ce2,21511,10958,10401,11104,0.5162010134349867,0.5128074008646739,0.2922225837943378,"{'Close Short': 9186, 'Open Short': 8901, 'Open Long': 1500, 'Short > Long': 77, 'Close Long': 1772, 'Long > Short': 75}"
0xfc8c156428a8e48cb8d0356db16e59bec4c0ecea,4184,3083,1078,3092,0.7390057361376673,0.7379302103250478,0.1505736137667304,"{'Close Long': 2519, 'Open Long': 871, 'Long > Short': 15, 'Open Short': 207, 'Close Short': 564, 'Short > Long': 8}"
0x348e5365acfa48a26ada7da840ca611e29c950ef,45408,24729,20211,25171,0.5543296335447498,0.5494626497533475,0.20110993657505286,"{'Open Short': 6321, 'Close Long': 17660, 'Close Short': 7069, 'Long > Short': 225, 'Open Long': 13890, 'Short > Long': 243}"
0x2b4a05e0065fc549a6cdd82307733df8982304cd,2351,1267,984,1364,0.5801786473840919,0.5595491280306253,0.011909825606125054,"{'Close Long': 761, 'Close Short': 506, 'Open Long': 519, 'Open Short': 465, 'Short > Long': 51, 'Long > Short': 49}"
0x25c2af0a3b330abe23f1cb8ed702c204509e0cf1,2857,839,2007,850,0.2975148757437872,0.29558977948897447,0.25971298564928247,"{'Open Short': 1775, 'Long > Short': 8, 'Close Short': 719, 'Close Long': 120, 'Open Long': 232, 'Short > Long': 3}"
0xaa42ef689517296623a8ff40a21eefd921db51ef,4700,2550,2075,2625,0.5585106382978723,0.550531914893617,0.4723404255319149,"{'Open Long': 1316, 'Open Short': 759, 'Close Long': 988, 'Close Short': 1562, 'Long > Short': 42, 'Short > Long': 33}"
0xac7476e14f768e3e67c195e79c2490dd20c70127,30249,15400,14747,15498,0.5123475156203511,0.5107276273595822,0.26992627855466295,"{'Close Short': 6008, 'Open Short': 5293, 'Open Long': 9454, 'Close Long': 9392, 'Short > Long': 57, 'Long > Short': 45}"
0x1c1083932ea9a1289ad332573c1af99bb6679ff4,2805,1286,1448,1356,0.4834224598930481,0.47094474153297683,0.3664884135472371,"{'Open Long': 749, 'Open Short': 699, 'Short > Long': 34, 'Long > Short': 37, 'Close Short': 685, 'Close Long': 601}"
0x6da22bdd4ed69704c4912ced8ba988e93e6b0a83,9595,5633,3714,5878,0.6126107347576863,0.599843668577384,0.4286607608129234,"{'Open Long': 2141, 'Close Long': 2397, 'Close Short': 3236, 'Short > Long': 125, 'Open Short': 1573, 'Long > Short': 123}"
0x644f7170fae9d4d173d9217f03b7a77e22ed98f1,27882,14689,12729,15052,0.5398464959472061,0.5333369198766229,0.05430026540420343,"{'Close Short': 6997, 'Open Long': 6157, 'Close Long': 7692, 'Open Short': 6572, 'Long > Short': 246, 'Short > Long': 218}"
0x6f90d048a511626ba5a6425db17f377826df336a,12106,6816,4727,7363,0.6082108045597224,0.5856187014703453,0.007599537419461424,"{'Close Short': 2492, 'Open Short': 2255, 'Open Long': 2472, 'Close Long': 4324, 'Long > Short': 280, 'Short > Long': 283}"
0x2ad7672c2990107b8fd8130d896d5bdd2aa4a6b9,6498,3313,2999,3498,0.5383194829178208,0.5240843336411203,0.055863342566943676,"{'Open Short': 950, 'Close Long': 2417, 'Open Long': 2049, 'Close Short': 896, 'Short > Long': 95, 'Long > Short': 91}"
0x40807775adde2aaf026722bd40c05728eb8f0b1c,3214,2452,755,2459,0.7650902302426882,0.7640012445550715,0.5205351586807716,"{'Close Long': 1945, 'Close Short': 507, 'Open Short': 481, 'Open Long': 274, 'Short > Long': 6, 'Long > Short': 1}"
0xb6bf1eab724da50cc99e9489f4523de277d815b7,3649,2029,1508,2140,0.5864620443957248,0.5712523979172376,0.46588106330501505,"{'Close Short': 1037, 'Close Long': 992, 'Open Long': 1019, 'Open Short': 489, 'Long > Short': 56, 'Short > Long': 56}"
0xc08e45a5476582835c7c59a8239c932e5639490c,3409,1898,1419,1989,0.5834555588149017,0.5701085362276328,0.43502493399823994,"{'Close Short': 858, 'Close Long': 1040, 'Open Long': 1105, 'Open Short': 314, 'Long > Short': 51, 'Short > Long': 41}"
0x98daeaed62a12b1a882f515416d358254f166de1,20387,13001,6798,13487,0.6615490263403149,0.6496296659636043,0.04610781380291362,"{'Close Long': 7577, 'Close Short': 5424, 'Short > Long': 268, 'Open Short': 3122, 'Open Long': 3676, 'Long > Short': 320}"
0x091144e651b334341eabdbbbfed644ad0100023e,6478,5905,526,5926,0.9147885149737573,0.9131676443346712,0.8746526705773386,"{'Close Short': 5890, 'Open Short': 510, 'Short > Long': 4, 'Long > Short': 3, 'Close Long': 15, 'Open Long': 16, 'Buy': 26, 'Sell': 14}"
0x55f389689b39fdd29d063f8b1aa776666a2dd788,4709,2276,2279,2430,0.5160331280526651,0.49968146103206623,0.0033977489912932683,"{'Open Long': 1266, 'Close Long': 1285, 'Long > Short': 77, 'Open Short': 1013, 'Close Short': 991, 'Short > Long': 77}"
0x6fde95f9f7f7e5402bdaba710baf31bbc150107e,1457,601,830,601,0.4124914207275223,0.4124914207275223,0.32944406314344543,"{'Open Long': 727, 'Close Short': 128, 'Close Long': 473, 'Open Short': 103, 'Buy': 26}"
0x8e403d0bea9dbf78fa62d2d980b3322d91250151,1433,1026,407,1026,0.7159804605722261,0.7159804605722261,0.7006280530355897,"{'Close Short': 806, 'Open Short': 223, 'Close Long': 220, 'Open Long': 184}"
0x056ba834114908fc6093a9206c0c3453ad73d2df,1550,245,1305,245,0.15806451612903225,0.15806451612903225,0.15096774193548387,"{'Open Long': 1305, 'Close Long': 245}"
0x6a072733f7249e6b794cae88c6d3cc7eb756a93c,3065,0,0,1862,0.6075040783034258,0.3037520391517129,0.0,"{'Sell': 1862, 'Buy': 1203}"
0xc2c006c07c0d3562ad587a7ee44af2b8d074500d,2578,1061,1473,1102,0.42746314972847166,0.419511249030256,0.009697439875872769,"{'Open Long': 1237, 'Close Long': 896, 'Long > Short': 22, 'Open Short': 236, 'Close Short': 165, 'Short > Long': 22}"
0xb4321b142b2a03ce20fcab2007ff6990b9acba93,93838,49408,43860,49918,0.5319593341716575,0.5292418849506597,0.130075236045099,"{'Open Long': 18197, 'Close Short': 29355, 'Close Long': 20053, 'Open Short': 25663, 'Long > Short': 283, 'Short > Long': 287}"
0xb1c517a30cb7cea401a538f6ac8160e75bba65dd,8259,5831,2305,5924,0.7172781208378738,0.7116478992614117,0.08511926383339387,"{'Close Long': 4085, 'Close Short': 1746, 'Open Short': 744, 'Open Long': 1561, 'Long > Short': 79, 'Short > Long': 44}"
0x24a126962fe500e557f1019eac2e9bdf92a22f5f,3346,1689,1657,1689,0.5047818290496114,0.5047818290496114,0.3517632994620442,"{'Open Long': 1657, 'Close Long': 891, 'Close Short': 798}"
0x8def9f50456c6c4e37fa5d3d57f108ed23992dae,3662,3662,0,3662,1.0,1.0,1.0,{'Close Long': 3662}
0x727956612a8700627451204a3ae26268bd1a1525,10277,5587,3877,6391,0.6218740877688042,0.5827576140897149,0.02267198598812883,"{'Close Long': 3670, 'Open Short': 1562, 'Long > Short': 408, 'Short > Long': 405, 'Open Long': 2315, 'Close Short': 1917}"
0x848b6b4307ed911b52b67e9d5c6aa311431de388,3568,2270,1199,2367,0.663396860986547,0.6498038116591929,0.3780829596412556,"{'Close Short': 859, 'Close Long': 1411, 'Open Short': 567, 'Open Long': 632, 'Short > Long': 50, 'Long > Short': 49}"
0x37dc4d2c58c63a296f720e6ebf1419e83d74a4b3,2237,1219,907,1327,0.5932051855163165,0.5690657130084935,0.022798390701832812,"{'Open Short': 444, 'Close Short': 407, 'Short > Long': 56, 'Open Long': 463, 'Long > Short': 55, 'Close Long': 812}"
0x3408125b89876b5fb0df73fa659b47503e3037bd,7061,3957,2848,4210,0.5962328282113015,0.5783175187650474,0.35519048293442856,"{'Close Short': 1687, 'Open Long': 1723, 'Short > Long': 121, 'Open Short': 1125, 'Close Long': 2270, 'Long > Short': 135}"
0x0a06ec6754b628be489b2c40bba20c8580392a7b,15207,8655,6535,8670,0.570132175971592,0.5696389820477412,0.20260406391793254,"{'Close Long': 3966, 'Open Short': 3915, 'Open Long': 2620, 'Close Short': 4689, 'Short > Long': 9, 'Long > Short': 8}"
0x95ec5e928c0a71815ec6ec148991a5a607b9b88a,1775,0,0,734,0.4135211267605634,0.2067605633802817,0.0,"{'Buy': 1041, 'Sell': 734}"
0xee772e29e31b9972e1b683b04944bd9937ac0304,10088,5901,3949,6137,0.6083465503568596,0.5966494845360825,0.4300158604282316,"{'Open Long': 2298, 'Close Long': 2717, 'Close Short': 3184, 'Short > Long': 123, 'Open Short': 1651, 'Long > Short': 115}"
0xf2f5890897988c4f3c46e9b2b313936674d32b2e,2274,1511,762,1512,0.6649076517150396,0.6646877748460862,0.5712401055408971,"{'Open Long': 596, 'Close Long': 1207, 'Close Short': 304, 'Open Short': 166, 'Short > Long': 1}"
0xabfae5ef417fec83a63dcdbff5a13f71d09045c5,7629,3580,3494,4109,0.538602700222834,0.5039323633503736,0.0005243151133831433,"{'Open Short': 1804, 'Close Short': 1696, 'Short > Long': 278, 'Open Long': 1690, 'Long > Short': 277, 'Close Long': 1884}"
0x7cc0b0049faddc405da8494ac67737975c757480,7273,1937,4453,2820,0.387735459920253,0.32703148631926304,0.25257802832393783,"{'Close Short': 1936, 'Sell': 882, 'Short > Long': 1, 'Close Long': 1, 'Open Short': 4453}"
0x29eb62882a8bd104a64400a2971d0d6881777043,1843,1785,58,1785,0.9685295713510581,0.9685295713510581,0.9685295713510581,"{'Close Short': 1637, 'Open Long': 58, 'Close Long': 148}"
0xa1e03bcb1a36da135ca61b86dd1d6da9a9357489,1624,996,628,996,0.6133004926108374,0.6133004926108374,0.5763546798029556,"{'Open Short': 140, 'Close Long': 752, 'Open Long': 488, 'Close Short': 244}"
0xe1502e7ddc88d30ecf94ffaa9c9e779e8e08ae8d,26867,11352,10211,16601,0.6178955596084416,0.520210667361447,0.04842371682733465,"{'Short > Long': 2658, 'Open Long': 4739, 'Close Short': 5876, 'Open Short': 5472, 'Close Long': 5476, 'Long > Short': 2646}"
0x7a6d5fc57f6906f337c48fe2763c3a501304f79c,1722,375,1347,375,0.21777003484320556,0.21777003484320556,0.20847851335656215,"{'Open Short': 1347, 'Close Short': 375}"
0x5fb096e3fe7da58aebb47d73cafaf039a1800661,2215,1043,1105,1109,0.5006772009029345,0.4857787810383747,0.41128668171557564,"{'Close Long': 525, 'Open Long': 670, 'Open Short': 435, 'Close Short': 518, 'Short > Long': 34, 'Long > Short': 33}"
0xfd33c784acd820bb892e6157583d7f704fdaf2f7,6832,3698,3048,3782,0.5535714285714286,0.547423887587822,0.45140515222482436,"{'Close Long': 1880, 'Open Short': 830, 'Close Short': 1818, 'Long > Short': 37, 'Short > Long': 49, 'Open Long': 2218}"
0x2db6f50126cf628c138de573a13ca3fcd2e22ed4,6567,3602,2889,3675,0.559616263133851,0.5540581696360591,0.5058626465661642,"{'Close Long': 1452, 'Short > Long': 37, 'Close Short': 2150, 'Open Long': 2070, 'Open Short': 819, 'Long > Short': 39}"
0x9217a5ae00415f38a71fc4361624d7422b53b895,1654,871,783,871,0.526602176541717,0.526602176541717,0.35066505441354295,"{'Open Short': 465, 'Close Long': 388, 'Close Short': 483, 'Open Long': 318}"
0xb4d6fe0f1504a55c65a986ef55b9148a6f0dae7a,2071,794,868,1183,0.5712216320618059,0.47730564944471265,0.0,"{'Open Long': 370, 'Close Long': 395, 'Long > Short': 202, 'Open Short': 498, 'Close Short': 399, 'Short > Long': 207}"
0xc5ed4501500fcbfb2b88fb7f0aa52f834ed44346,9255,3840,3428,5072,0.5480280929227445,0.4814694759589411,0.00864397622906537,"{'Open Short': 2670, 'Sell': 837, 'Close Short': 2469, 'Buy': 749, 'Short > Long': 202, 'Long > Short': 199, 'Open Long': 758, 'Close Long': 1371}"
0xe13c095580cf6fcb9c087308668062b76b4939e2,12217,5937,4762,7407,0.6062863223377262,0.5461242530899566,0.022673324056642383,"{'Close Long': 3178, 'Close Short': 2759, 'Long > Short': 758, 'Open Short': 2580, 'Short > Long': 760, 'Open Long': 2182}"
0x7fe8cfe481ec2f702692a9152e3f002f3e417ac6,7071,2137,4934,2137,0.30222033658605574,0.30222033658605574,0.22599349455522558,"{'Open Long': 4934, 'Close Long': 2137}"
0x4a1b3580f7ac72bc54175f05b76092eeb7a266aa,9272,4942,3910,5348,0.5767903364969802,0.5548964624676445,0.0010785159620362382,"{'Close Long': 2846, 'Open Long': 2204, 'Close Short': 2096, 'Short > Long': 211, 'Long > Short': 209, 'Open Short': 1706}"
0x223537ac9a856c31f4043e86ced86bb29f06653e,12321,6488,4632,7670,0.6225144062981901,0.5745475204934665,0.04707410112815518,"{'Close Long': 4146, 'Open Long': 2531, 'Open Short': 2101, 'Short > Long': 601, 'Close Short': 2342, 'Long > Short': 600}"
0xa880d6cc607a05ea617307ab3b0d335e8d8424ee,4224,2379,1660,2560,0.6060606060606061,0.5846354166666667,0.006865530303030303,"{'Open Short': 975, 'Close Long': 1175, 'Open Long': 685, 'Close Short': 1204, 'Short > Long': 92, 'Long > Short': 93}"
0xb2b1d1a7a034d9209a627e754ebb8d24988ca23a,5695,3446,2058,3636,0.6384547848990343,0.6217734855136084,0.2626865671641791,"{'Close Short': 924, 'Open Short': 961, 'Open Long': 1097, 'Short > Long': 101, 'Close Long': 2522, 'Long > Short': 90}"
0x440888714a6afed60ff44e9975a96e6a36f7fac4,3086,1486,1600,1486,0.48152948801036943,0.48152948801036943,0.28353856124432925,"{'Open Long': 1600, 'Close Long': 1486}"
0x492322b1fca1ab301a103b716a243b20cb3001aa,3112,1268,1801,1294,0.4158097686375321,0.4116323907455013,0.0009640102827763496,"{'Open Long': 1135, 'Close Long': 672, 'Open Short': 666, 'Close Short': 596, 'Long > Short': 23, 'Short > Long': 20}"
0x38f96bba487a628d2a84afc3fe5c7d77eb07cb04,3862,1816,2035,1827,0.47307094769549457,0.4716468151216986,0.20429829104091143,"{'Open Short': 2015, 'Close Short': 1714, 'Short > Long': 6, 'Open Long': 20, 'Close Long': 102, 'Long > Short': 5}"
0xc462100b6907393884947a29c7b32778dc465d75,7985,4729,2991,4993,0.6252974326862868,0.6087664370695054,0.4161552911709455,"{'Short > Long': 124, 'Close Short': 2152, 'Open Long': 2028, 'Long > Short': 141, 'Open Short': 963, 'Close Long': 2577}"
0x0fd468a73084daa6ea77a9261e40fdec3e67e0c7,14949,8279,6557,8379,0.5605057194461168,0.5571610141146566,0.0089638102883136,"{'Open Short': 4196, 'Close Short': 5337, 'Short > Long': 57, 'Open Long': 2361, 'Close Long': 2942, 'Long > Short': 56}"
0x52fef6c616763f52c1acbe4e85ff9d994cc310b3,1364,709,655,709,0.5197947214076246,0.5197947214076246,0.39296187683284456,"{'Close Long': 544, 'Open Short': 130, 'Open Long': 525, 'Close Short': 165}"
0xe9d199fd55a2560e3193f330e017192316ecd2d3,7641,4365,3266,4375,0.572569035466562,0.5719146708546001,0.30283994241591417,"{'Close Long': 3284, 'Open Long': 1699, 'Close Short': 1081, 'Open Short': 1567, 'Long > Short': 5, 'Short > Long': 5}"
0x7dd6f02fef939cea86f0243358255f6b57a6cf0d,3689,1834,1577,2100,0.5692599620493358,0.5332068311195446,0.0005421523448088912,"{'Close Long': 1051, 'Long > Short': 145, 'Short > Long': 133, 'Open Short': 817, 'Close Short': 783, 'Open Long': 760}"
0x362c5006ed0a405c35df4a138cb38d891f1a1a20,3173,1507,1408,1758,0.5540497951465491,0.5144973211471794,0.0018909549322407816,"{'Close Long': 875, 'Open Long': 586, 'Long > Short': 133, 'Close Short': 632, 'Short > Long': 125, 'Open Short': 822}"
0x4f235c15474f984504b0f188755021ae45c2fa65,2705,1157,1548,1157,0.4277264325323475,0.4277264325323475,0.18410351201478742,"{'Open Short': 1548, 'Close Short': 1157}"
0xd4c1f7e8d876c4749228d515473d36f919583d1d,9048,6284,2752,6296,0.695844385499558,0.6951812555260831,0.6655614500442086,"{'Open Short': 2293, 'Close Short': 6137, 'Open Long': 459, 'Sell': 10, 'Short > Long': 2, 'Close Long': 147}"
0xae7a0f9f663bb54bfe95378c7e3de7dd6e28d6bc,9061,4504,4527,4534,0.5003862708310342,0.49873082441231653,0.31972188500165544,"{'Close Short': 826, 'Open Long': 3911, 'Close Long': 3678, 'Long > Short': 14, 'Short > Long': 16, 'Open Short': 616}"
0x8836307bc17178e02b9a36250d01d657e26745b3,6190,3507,2435,3754,0.6064620355411955,0.5865105008077545,0.41696284329563815,"{'Close Short': 1603, 'Close Long': 1904, 'Open Short': 706, 'Open Long': 1729, 'Short > Long': 120, 'Long > Short': 128}"
0x48ea62a2cc8391fbbe210e8ee89db573a8ec145f,6094,3313,2415,3651,0.5991138825073843,0.5713816869051527,0.03363964555300295,"{'Close Long': 1769, 'Open Short': 1331, 'Open Long': 1084, 'Close Short': 1544, 'Long > Short': 181, 'Short > Long': 185}"
0x5cf5f12f38f21e12fec16b81ca7ae990911bb6e4,5982,2986,2934,3047,0.5093614175860917,0.5042627883650953,0.4446673353393514,"{'Open Short': 2846, 'Close Short': 2884, 'Close Long': 102, 'Short > Long': 30, 'Open Long': 88, 'Long > Short': 32}"
0xb690c9aa2438723baf60f892fdd81797764e2d1b,1622,550,1050,572,0.3526510480887793,0.34586929716399506,0.21516646115906288,"{'Open Short': 533, 'Open Long': 517, 'Close Short': 350, 'Close Long': 200, 'Short > Long': 12, 'Long > Short': 10}"
0xab83abe96a71d235a90b8788940dbd1d3707b03b,3834,2041,1582,2250,0.5868544600938967,0.5595983307250914,0.23604590505998957,"{'Short > Long': 103, 'Long > Short': 108, 'Open Short': 893, 'Close Short': 855, 'Open Long': 689, 'Close Long': 1186}"
0x20f0f2c500472bba87d9d270aa7f0b1fe281d80f,7087,3971,2876,4207,0.5936221250176379,0.5769719204176662,0.3945251869620432,"{'Short > Long': 119, 'Close Short': 1962, 'Close Long': 2009, 'Open Long': 1972, 'Open Short': 904, 'Long > Short': 121}"
0xb3a38662575bdf1541013ce987934dba919851ea,9365,5276,4032,5331,0.5692471970101441,0.5663107314468767,0.07143619861185264,"{'Close Long': 4509, 'Open Long': 3569, 'Close Short': 767, 'Open Short': 463, 'Short > Long': 29, 'Long > Short': 28}"
0x3674dfce1c83ef21ee451d1c17d724796785ede7,3152,1478,1445,1706,0.541243654822335,0.5050761421319797,0.1557741116751269,"{'Close Short': 391, 'Open Long': 1078, 'Close Long': 1087, 'Long > Short': 109, 'Open Short': 367, 'Short > Long': 120}"
0x4ef1c5ae65ab5b37629b7aa523e7e95e7da528e3,1762,865,623,1134,0.6435868331441543,0.5672531214528944,0.00510783200908059,"{'Long > Short': 138, 'Close Short': 426, 'Short > Long': 136, 'Close Long': 439, 'Open Long': 323, 'Open Short': 300}"
0x6ba2ad09aa6629a423b59b71f3564d84ce66c001,4182,1711,2414,1768,0.42276422764227645,0.41594930655188905,0.027977044476327116,"{'Close Long': 755, 'Open Long': 967, 'Close Short': 956, 'Open Short': 1447, 'Long > Short': 28, 'Short > Long': 29}"
0xb8eb97eaed8367079894d2f1bed69bd220ec1dd5,5963,3848,2095,3868,0.6486667784672145,0.6469897702498743,0.017105483816870704,"{'Close Long': 3379, 'Open Long': 1254, 'Long > Short': 10, 'Close Short': 469, 'Open Short': 841, 'Short > Long': 10}"
0x80f80b9cbad775b4fb9d699d34f5c5acc4615bdb,1913,1216,696,1217,0.63617354939885,0.6359121798222687,0.5802404600104548,"{'Close Long': 747, 'Open Long': 548, 'Open Short': 148, 'Close Short': 469, 'Short > Long': 1}"
0x549237f733b669f83e2ad3db9abfccbf3b18b3ac,1575,961,614,961,0.6101587301587301,0.6101587301587301,0.5161904761904762,"{'Close Long': 748, 'Open Long': 483, 'Close Short': 213, 'Open Short': 131}"
0x5483dd0f8b7d2544a6ac14ba8659988178fd9f4a,3096,1395,1628,1467,0.4738372093023256,0.46220930232558144,0.05071059431524548,"{'Close Long': 572, 'Long > Short': 37, 'Open Short': 929, 'Open Long': 699, 'Close Short': 823, 'Short > Long': 36}"
0xd20dcbbfb5c17761abddf36d51bb288ce4e89365,2623,0,0,1373,0.5234464353793367,0.26172321768966833,0.0,"{'Buy': 1250, 'Sell': 1373}"
0x68d017f8c75d22af6a48aa6f2f697c658ec15599,1676,1018,657,1019,0.6079952267303103,0.6076968973747017,0.5507159904534606,"{'Close Long': 693, 'Open Long': 537, 'Open Short': 120, 'Close Short': 325, 'Short > Long': 1}"
0xf1d4d6e6990c4e848a607b9d5239da7f8780bc5a,1489,938,550,939,0.6306245802552048,0.6302887844190732,0.5782404298186703,"{'Close Long': 509, 'Open Short': 224, 'Open Long': 326, 'Close Short': 429, 'Short > Long': 1}"
0x8f8ce8014e0e41aab563627beede5b6861869fa2,1621,965,655,966,0.5959284392350401,0.595619987661937,0.5083281924737816,"{'Close Long': 520, 'Open Long': 539, 'Close Short': 445, 'Open Short': 116, 'Short > Long': 1}"
0xe4d933fb1e35c6e6a489ccc65561094e39efcb76,1462,903,558,904,0.6183310533515732,0.6179890560875514,0.5772913816689467,"{'Close Short': 365, 'Open Long': 364, 'Close Long': 538, 'Open Short': 194, 'Short > Long': 1}"
0x950931d24bfc8a4f80d1270dd337f438df38f488,2694,2113,580,2114,0.7847067557535263,0.784521158129176,0.7253155159613957,"{'Close Long': 1854, 'Open Long': 430, 'Close Short': 259, 'Open Short': 150, 'Short > Long': 1}"
0xffffffffffffffffffffffffffffffffffffffff,3795,0,0,1427,0.37602108036890647,0.18801054018445323,0.0,"{'Sell': 1427, 'Buy': 2368}"
0x856c35038594767646266bc7fd68dc26480e910d,2848,1295,1552,1296,0.4550561797752809,0.4548806179775281,0.44978932584269665,"{'Open Short': 1534, 'Close Short': 1151, 'Close Long': 144, 'Open Long': 18, 'Long > Short': 1}"
0xc412df12cf2d384fb38ba8af7ebd046a58f35d45,1462,776,685,777,0.5314637482900136,0.5311217510259918,0.48632010943912446,"{'Close Long': 460, 'Open Short': 147, 'Open Long': 538, 'Close Short': 316, 'Short > Long': 1}"
0x7fa6cb4cb0d8cfe1eeb3af714dfd46bc1ffab074,1405,839,564,841,0.598576512455516,0.5978647686832741,0.49466192170818507,"{'Close Long': 708, 'Close Short': 131, 'Open Long': 489, 'Open Short': 75, 'Long > Short': 1, 'Short > Long': 1}"
0x6beffb9bec3364ae579fa7cb864effefa7bf2695,16009,7280,8709,7300,0.4559935036541945,0.4553688550190518,0.3925292023236929,"{'Open Long': 4796, 'Open Short': 3913, 'Close Long': 4945, 'Long > Short': 10, 'Close Short': 2335, 'Short > Long': 10}"
0x2a3fe860cc726e7d0f2c3215608ff338486344f4,2175,1090,1085,1090,0.5011494252873563,0.5011494252873563,0.4335632183908046,"{'Open Short': 896, 'Close Short': 953, 'Open Long': 189, 'Close Long': 137}"
0xedb8145c53544f67b6decb6146c02de08c380af8,5478,2807,2546,2925,0.5339539978094195,0.5231836436655715,0.4505293902884264,"{'Open Short': 2401, 'Close Short': 2646, 'Open Long': 145, 'Close Long': 161, 'Long > Short': 62, 'Short > Long': 63}"
0x49ba9baa20d355ba042af2be9772d2b2cd892f44,9846,5958,3657,6187,0.628377005890717,0.6167479179362177,0.013203331302051594,"{'Close Long': 4295, 'Open Long': 1996, 'Long > Short': 116, 'Open Short': 1661, 'Short > Long': 115, 'Close Short': 1663}"
0x7fdafde5cfb5465924316eced2d3715494c517d1,5235,1875,2852,1875,0.35816618911174786,0.35816618911174786,0.35721107927411655,"{'Open Short': 2820, 'Close Short': 1837, 'Close Long': 38, 'Open Long': 32, 'Buy': 508}"
0x72cb918356c4f6d3f1b2e532928110ba6995f139,6203,2744,3142,2969,0.47863936804771884,0.4605029824278575,0.04239883927132033,"{'Open Long': 9, 'Sell': 225, 'Close Short': 2713, 'Open Short': 3133, 'Close Long': 31, 'Buy': 92}"
0x4b39663c302dc3fd42d1328a87f5903901168015,2282,982,1227,1055,0.46231375985977213,0.44631901840490795,0.37072743207712533,"{'Open Long': 658, 'Close Long': 485, 'Open Short': 569, 'Long > Short': 40, 'Close Short': 497, 'Short > Long': 33}"
0x2ba553d9f990a3b66b03b2dc0d030dfc1c061036,11835,7201,3453,8382,0.7082382762991128,0.6583438952260245,0.5286016054076891,"{'Close Long': 4823, 'Open Long': 3376, 'Close Short': 2378, 'Sell': 1179, 'Long > Short': 2, 'Open Short': 77}"
0x29bf1706478b99aabee227b33853cac98c8f44db,8487,4975,3295,5189,0.6114056792741841,0.5987981618946625,0.4488040532579239,"{'Close Short': 2776, 'Open Short': 1251, 'Open Long': 2044, 'Long > Short': 107, 'Close Long': 2199, 'Short > Long': 110}"
0x7839e2f2c375dd2935193f2736167514efff9916,8598,3493,4851,3743,0.43533379855780413,0.4207955338450803,0.019539427773900907,"{'Close Short': 1512, 'Open Long': 2403, 'Close Long': 1981, 'Open Short': 2448, 'Short > Long': 126, 'Long > Short': 128}"
0x6841d054382a35308004089646cc0dc078fc40b5,6312,3416,2518,3781,0.5990177439797212,0.5701045627376427,0.012991128010139416,"{'Close Short': 1504, 'Short > Long': 189, 'Open Long': 1148, 'Long > Short': 189, 'Open Short': 1370, 'Close Long': 1912}"
0x762609396e425be0c3a5dba96a4a4d457b2a22ce,2374,1191,906,1459,0.6145745577085089,0.5581297388374052,0.37110362257792756,"{'Open Short': 814, 'Close Short': 1037, 'Short > Long': 142, 'Long > Short': 135, 'Open Long': 92, 'Close Long': 154}"
0x339030695894d065719b8ee501459a467ef1388a,9053,2003,6875,2177,0.2404727714569756,0.23086269744835966,0.0,"{'Open Long': 2712, 'Close Long': 1011, 'Long > Short': 90, 'Open Short': 4163, 'Close Short': 992, 'Short > Long': 85}"
0x0b1ace05eb9ef1c3a1951b763700ecad24f27741,2762,1199,1300,1451,0.5253439536567704,0.47972483707458363,0.0003620564808110065,"{'Close Short': 533, 'Short > Long': 127, 'Open Long': 494, 'Close Long': 666, 'Long > Short': 136, 'Open Short': 806}"
0x29998ebd5be758fdaa06f0ef48d6c890978b65de,1657,110,1545,112,0.0675920337960169,0.06698853349426676,0.060350030175015085,"{'Close Long': 110, 'Open Long': 1545, 'Sell': 2}"
0x54e3f54df4b10ff63f7284733ed735e8e1507c20,3396,1785,1388,2008,0.591283863368669,0.5584511189634864,0.0,"{'Open Long': 655, 'Close Long': 961, 'Open Short': 733, 'Close Short': 824, 'Short > Long': 109, 'Long > Short': 114}"
0x1a2e6afa298b1cc50939b4b2b0b430e3c1ef3459,3042,1505,1286,1751,0.5756081525312294,0.5351742274819198,0.0006574621959237344,"{'Short > Long': 123, 'Open Long': 536, 'Close Long': 857, 'Long > Short': 128, 'Open Short': 750, 'Close Short': 648}"
0xd47c1e51b759cb3754bb045ae57bc05aadcf58c2,4881,1743,2983,1894,0.38803523868059825,0.3725670969063717,0.0,"{'Close Short': 874, 'Short > Long': 81, 'Open Long': 1032, 'Close Long': 869, 'Long > Short': 74, 'Open Short': 1951}"
0xbb475febf78b528f4f0d4ae1a12541406565199c,2963,1767,1168,1795,0.605804927438407,0.6010799865001688,0.03476206547418157,"{'Open Long': 492, 'Close Long': 780, 'Long > Short': 14, 'Open Short': 676, 'Close Short': 987, 'Short > Long': 14}"
0x1e3001537d0c6799e59245597c541127bac57120,2384,926,977,1391,0.5834731543624161,0.4859479865771812,0.0012583892617449664,"{'Open Long': 585, 'Long > Short': 239, 'Open Short': 392, 'Close Short': 409, 'Short > Long': 242, 'Close Long': 517}"
0xf16074940f3df4cce3898c90990619df2db9b4ab,1549,940,609,940,0.6068431245965139,0.6068431245965139,0.579728857327308,"{'Open Long': 491, 'Close Long': 398, 'Close Short': 542, 'Open Short': 118}"
0x4129c62faf652fea61375dcd9ca8ce24b2bb8b95,11505,6570,4919,6585,0.5723598435462842,0.5717079530638853,0.0033029117774880487,"{'Open Long': 2837, 'Close Long': 4340, 'Long > Short': 8, 'Close Short': 2230, 'Open Short': 2082, 'Short > Long': 8}"
0x8e80c4b533dd977cf716b5c24fd9223129272804,8005,4135,3808,4196,0.5241723922548407,0.5203622735790131,0.09731417863835103,"{'Open Long': 3193, 'Close Short': 674, 'Close Long': 3461, 'Long > Short': 29, 'Short > Long': 33, 'Open Short': 615}"
0xd598516dcc699ced64ee441b20f41cb2eff9c098,1787,878,890,897,0.5019585898153329,0.49664241745942916,0.35366536094012313,"{'Close Short': 533, 'Open Short': 418, 'Open Long': 472, 'Short > Long': 12, 'Close Long': 345, 'Long > Short': 7}"
0xaf9f722a676230cc44045efe26fe9a85801ca4fa,2446,1344,1017,1428,0.5838103025347506,0.5666394112837285,0.2714636140637776,"{'Close Short': 343, 'Close Long': 1001, 'Open Short': 332, 'Open Long': 685, 'Short > Long': 51, 'Long > Short': 34}"
0x7b7f72a28fe109fa703eeed7984f2a8a68fedee2,28222,17446,10754,17468,0.618949755509886,0.618559988661328,0.23364750903550421,"{'Close Long': 12794, 'Open Long': 7492, 'Long > Short': 12, 'Open Short': 3262, 'Close Short': 4652, 'Short > Long': 10}"
0xd6a2e94695f882109fade161bb4c4e79e48c4069,5981,2964,2843,3136,0.5243270356127738,0.5099481692024745,0.3317171041631834,"{'Close Short': 1592, 'Open Long': 1456, 'Long > Short': 88, 'Open Short': 1387, 'Close Long': 1372, 'Short > Long': 86}"
0xff4cd3826ecee12acd4329aada4a2d3419fc463c,2810,1437,1021,1780,0.6334519572953736,0.5724199288256228,0.003202846975088968,"{'Open Long': 491, 'Close Long': 700, 'Long > Short': 176, 'Short > Long': 176, 'Open Short': 530, 'Close Short': 737}"
0xa7d1af5afed57829182b637d78fedff2def2bcc8,1582,710,700,881,0.556890012642225,0.5028445006321113,0.11820480404551201,"{'Open Long': 427, 'Close Long': 386, 'Long > Short': 85, 'Open Short': 273, 'Close Short': 324, 'Short > Long': 87}"
0x05d9f6c39a75bd6f040d65eb75a4ea6e9e20b60b,1681,1245,436,1245,0.7406305770374777,0.7406305770374777,0.7198096371207614,"{'Open Long': 264, 'Close Long': 682, 'Close Short': 563, 'Open Short': 172}"
0x6ac569a098a850a6a3c37547bc5d1d85cba80f33,3837,2010,1807,2030,0.5290591608027104,0.5264529580401356,0.3961428199113891,"{'Open Long': 1160, 'Close Long': 1176, 'Long > Short': 10, 'Open Short': 647, 'Close Short': 834, 'Short > Long': 10}"
0x7a146ee9d212816c31a0a93531e23d4359aade10,2107,1048,1038,1068,0.5068818224964404,0.5021357380161366,0.2562885619364025,"{'Short > Long': 13, 'Open Long': 686, 'Close Short': 497, 'Close Long': 551, 'Open Short': 352, 'Long > Short': 8}"
0x67cd5c1c4548c7ec1a20fadefca19ad42e6230da,3356,1438,1440,1914,0.570321811680572,0.4994040524433849,0.0,"{'Close Short': 622, 'Short > Long': 237, 'Long > Short': 241, 'Open Short': 812, 'Open Long': 628, 'Close Long': 816}"
0x0291639ea7178930475da17b579e1ac2de8faed8,1905,683,1191,710,0.37270341207349084,0.36561679790026247,0.013123359580052493,"{'Close Short': 252, 'Open Long': 490, 'Close Long': 431, 'Short > Long': 16, 'Long > Short': 15, 'Open Short': 701}"
0x2cb562384765bea1612ceb60007e315f904fbe86,2730,1064,1477,1251,0.4582417582417582,0.423992673992674,0.0,"{'Close Short': 432, 'Short > Long': 95, 'Open Long': 600, 'Close Long': 632, 'Long > Short': 94, 'Open Short': 877}"
0xb736d8bb9ced549f24bfb40aed325f2f211d4143,1581,804,770,811,0.512966476913346,0.510752688172043,0.13282732447817835,"{'Close Short': 790, 'Open Short': 756, 'Short > Long': 4, 'Long > Short': 3, 'Close Long': 14, 'Open Long': 14}"
0x422b7928003324f0e5f5577c5e3fbc5b744167aa,2191,1071,1120,1071,0.48881789137380194,0.48881789137380194,0.34230944774075767,"{'Open Long': 1029, 'Open Short': 91, 'Close Short': 293, 'Close Long': 778}"
0xd3fcada4c18d60333abf066a11b3360d81f1eca5,5249,2360,2678,2571,0.48980758239664696,0.46970851590779195,0.3556867974852353,"{'Close Short': 1368, 'Open Long': 1447, 'Short > Long': 97, 'Long > Short': 114, 'Open Short': 1231, 'Close Long': 992}"
0x21b5eb0ca859383f7d8b6906cddb115e92e80913,1764,727,657,1101,0.6241496598639455,0.518140589569161,0.013038548752834467,"{'Close Long': 396, 'Long > Short': 190, 'Open Short': 393, 'Close Short': 331, 'Short > Long': 190, 'Open Long': 264}"
0x5c9c9ab381c841530464ef9ee402568f84c3b676,5474,2837,2095,3355,0.612897332846182,0.5655827548410668,0.005480453050785532,"{'Open Short': 1227, 'Close Short': 1323, 'Open Long': 868, 'Close Long': 1514, 'Long > Short': 269, 'Short > Long': 273}"
0x027717f112baa657c224eadadbb02602b463508b,2098,1075,1023,1075,0.5123927550047664,0.5123927550047664,0.42183031458531933,"{'Open Short': 844, 'Close Short': 963, 'Open Long': 179, 'Close Long': 112}"
0xfdc7c22506e166206858df11d22acaa5bd195ba6,1756,696,859,891,0.5074031890660592,0.451879271070615,0.0017084282460136675,"{'Close Long': 375, 'Open Long': 360, 'Long > Short': 101, 'Short > Long': 100, 'Open Short': 499, 'Close Short': 321}"
0x3e0ad8a4452c1db81704fea7d23a066ee6e5e165,13853,5980,5659,8168,0.5896195769869342,0.5106475131740418,0.03667075723669963,"{'Open Long': 2338, 'Close Short': 2072, 'Open Short': 3321, 'Short > Long': 1102, 'Close Long': 3908, 'Long > Short': 1111, 'Sell': 1}"
0xefd3ab65915e35105caa462442c9ecc1346728df,10540,2976,1827,6123,0.5809297912713473,0.4316413662239089,0.27893738140417457,"{'Buy': 2590, 'Sell': 3145, 'Close Short': 2957, 'Open Short': 1791, 'Close Long': 19, 'Open Long': 36, 'Short > Long': 1, 'Long > Short': 1}"
0xcf0a36dec06e90263288100c11cf69828338e826,16751,5050,4473,8803,0.5255208644260044,0.41349770162975347,0.1042922810578473,"{'Sell': 3796, 'Close Short': 4169, 'Close Long': 881, 'Open Long': 635, 'Buy': 3422, 'Open Short': 3838, 'Long > Short': 5, 'Short > Long': 5}"
0xf6fb1452dffd2535ad6b506bb9d763864e048fb0,1759,769,636,1118,0.6355884025014212,0.5363843092666287,0.013644115974985787,"{'Close Short': 318, 'Short > Long': 177, 'Open Long': 254, 'Close Long': 451, 'Long > Short': 177, 'Open Short': 382}"
0x4b25eee404202497f35d2a42f8d560f3c8a8fc91,5911,0,0,2525,0.42716968364066993,0.21358484182033496,0.0,"{'Buy': 3386, 'Sell': 2525}"
0x0e438d1dd918ff8abe2614fddf6039b6c8c072d2,2988,0,0,1591,0.5324631860776439,0.26623159303882193,0.0,"{'Sell': 1591, 'Buy': 1397}"
0xac0168b4fd7427bfd616e3a47fc05dd8175d5b64,2917,33,2884,33,0.011312992800822763,0.011312992800822763,0.011312992800822763,"{'Open Long': 2884, 'Close Long': 33}"
0xf060e33cfa0727a224a184622606213e8f4e6a6f,3921,1108,2655,1264,0.32236674317776076,0.3024738587095129,0.0,"{'Open Long': 808, 'Close Long': 523, 'Long > Short': 79, 'Close Short': 585, 'Short > Long': 79, 'Open Short': 1847}"
0x26e8db3dec31bf0c685b6e310828a4f41fe28c54,5355,2642,2617,2738,0.511297852474323,0.5023342670401494,0.21176470588235294,"{'Close Short': 1025, 'Open Long': 1163, 'Open Short': 1454, 'Close Long': 1617, 'Long > Short': 50, 'Short > Long': 46}"
0x5d510582063ed6c342d27d7746f551631ef68432,2538,1366,1171,1367,0.5386130811662726,0.5384160756501182,0.4672970843183609,"{'Close Short': 1198, 'Close Long': 168, 'Open Long': 387, 'Open Short': 784, 'Short > Long': 1}"
0xf8cd40e5eeb83954541bf8850179ae9834a106fd,2036,1048,988,1048,0.5147347740667977,0.5147347740667977,0.45039292730844793,"{'Close Short': 834, 'Open Long': 185, 'Close Long': 214, 'Open Short': 803}"
0x9d52093725ebe3f61f985e7af23403ea90b4d8a3,2295,1178,1117,1178,0.5132897603485839,0.5132897603485839,0.43790849673202614,"{'Close Short': 1036, 'Open Long': 205, 'Open Short': 912, 'Close Long': 142}"
0x9a46b996559cf7f007fdbea7dd7505aefe7cd81b,1628,4,13,906,0.5565110565110565,0.27948402948402945,0.002457002457002457,"{'Sell': 902, 'Buy': 709, 'Open Short': 13, 'Close Short': 4}"
0x2025137a136bea7446deba681cbfc7cf1970840e,23039,15961,6762,16137,0.7004210252181085,0.6966014149919701,0.5059247363166804,"{'Open Short': 1884, 'Close Long': 13450, 'Close Short': 2511, 'Open Long': 4878, 'Short > Long': 25, 'Long > Short': 13, 'Buy': 136, 'Sell': 142}"
0x8342b064d963c5ab6425c7edee4de0a31838b58a,1469,975,494,975,0.6637168141592921,0.6637168141592921,0.6446562287270252,"{'Close Long': 319, 'Close Short': 656, 'Open Short': 143, 'Open Long': 351}"
0x2f55331b4fa24efa8fbfeafb896669c0733f827a,2385,1276,1108,1277,0.5354297693920336,0.5352201257861635,0.46876310272536686,"{'Close Long': 299, 'Close Short': 977, 'Open Long': 337, 'Open Short': 771, 'Short > Long': 1}"
0x43b29051e7b4ce9fcbc893aa6bd07c32df7399f9,3273,1470,1779,1494,0.45646196150320806,0.45279560036663613,0.38344026886648336,"{'Open Short': 1609, 'Close Short': 1341, 'Short > Long': 12, 'Long > Short': 12, 'Open Long': 170, 'Close Long': 129}"
0xf94d29a246d909f386b3ecb631b3670dc01a0efb,2645,1500,1065,1580,0.5973534971644613,0.5822306238185255,0.477882797731569,"{'Close Long': 1155, 'Open Short': 169, 'Close Short': 345, 'Open Long': 896, 'Long > Short': 40, 'Short > Long': 40}"
0x38c01e5e7bd6c819b793e78806ff797a2caa065c,3502,2017,1255,2227,0.6359223300970874,0.6059394631639063,0.02998286693318104,"{'Long > Short': 114, 'Open Short': 709, 'Short > Long': 116, 'Close Short': 919, 'Open Long': 546, 'Close Long': 1098}"
0x89a289b2e7436ddb73d00812f9d904d761243ab6,1767,1197,533,1234,0.6983588002263724,0.687889077532541,0.488398415393322,"{'Close Long': 933, 'Close Short': 264, 'Open Long': 420, 'Open Short': 113, 'Short > Long': 24, 'Long > Short': 13}"
0xa312114b5795dff9b8db50474dd57701aa78ad1e,4542,4310,230,4312,0.9493615147512109,0.9491413474240422,0.9489211800968737,"{'Open Short': 125, 'Close Short': 4309, 'Short > Long': 2, 'Open Long': 105, 'Close Long': 1}"
0x6c2e4912a03c663eaa74a0bd0bbc3bc4c7c3d43d,3683,1923,1732,1951,0.5297311973934292,0.5259299484116209,0.4466467553624762,"{'Close Long': 1097, 'Open Long': 793, 'Close Short': 826, 'Open Short': 939, 'Short > Long': 14, 'Long > Short': 14}"
0xf05359fe3426248c3eb48ca9474160dc4510b99d,9672,3250,6286,3383,0.3497725392886683,0.3428970223325062,0.0017576509511993384,"{'Close Long': 1518, 'Open Long': 2402, 'Long > Short': 67, 'Open Short': 3884, 'Close Short': 1732, 'Short > Long': 69}"
0xe3b6e3443c8f2080704e7421bad9340f13950acb,19730,10716,9014,10716,0.5431322858590978,0.5431322858590978,0.3641662442980233,"{'Open Long': 9014, 'Close Long': 10716}"
0x5c9b5f1f13aa845d46a16a4036f1ba7eff7de431,2844,2844,0,2844,1.0,1.0,0.9971870604781997,"{'Close Short': 2835, 'Close Long': 9}"
0x6c48fc6a1fb77121c7ccc818fa333f9c435f66ad,4270,2060,1869,2394,0.5606557377049181,0.5215456674473068,0.000234192037470726,"{'Close Long': 1109, 'Open Long': 765, 'Long > Short': 170, 'Close Short': 951, 'Short > Long': 171, 'Open Short': 1104}"
0x5661e424b3b482231b8fc2a59c96dbe157fd70fc,1780,809,965,815,0.45786516853932585,0.45617977528089887,0.3842696629213483,"{'Close Short': 474, 'Open Long': 434, 'Open Short': 531, 'Short > Long': 3, 'Close Long': 335, 'Long > Short': 3}"
0x25bdd0a95d95319033360a2989219c697fc8a7d9,2857,61,29,1337,0.4679733986699335,0.24466223311165558,0.001400070003500175,"{'Sell': 1276, 'Buy': 1491, 'Open Long': 25, 'Close Long': 59, 'Open Short': 4, 'Close Short': 2}"
0x0191ee7b28282188e1b333a31bd82eba26848d2b,1645,705,763,879,0.5343465045592705,0.4814589665653495,0.004863221884498481,"{'Close Long': 437, 'Long > Short': 89, 'Open Short': 370, 'Close Short': 268, 'Short > Long': 88, 'Open Long': 393}"
0xc6ef411a92428ec7f9fc0bc8e84ee3515bfeea7e,2567,841,1674,893,0.3478768991040125,0.33774834437086093,0.0,"{'Open Long': 666, 'Close Long': 400, 'Long > Short': 26, 'Open Short': 1008, 'Close Short': 441, 'Short > Long': 26}"
0xb756c89e73c8711a881c009e10f79b1566f80cdb,1621,635,947,674,0.41579272054287475,0.4037631091918569,0.006785934608266502,"{'Open Long': 430, 'Close Long': 381, 'Long > Short': 20, 'Open Short': 517, 'Close Short': 254, 'Short > Long': 19}"
0x543356c584e7931233afe07ecd982cda5f0f3f3b,3179,1651,1307,1869,0.5879207297892419,0.5536332179930796,0.028939918213274615,"{'Close Short': 719, 'Open Long': 725, 'Close Long': 932, 'Open Short': 582, 'Long > Short': 111, 'Short > Long': 110}"
0x654086857e1fad6dcf05cf6695cce51ea3984268,4342,1849,2229,2111,0.48618148318747123,0.45601105481345006,0.00023030861354214648,"{'Open Long': 870, 'Close Long': 932, 'Long > Short': 132, 'Open Short': 1359, 'Close Short': 917, 'Short > Long': 132}"
0x5fffee2555a15899ad656c1a80f1b35cd0b2c0c1,3543,359,720,1592,0.44933672029353655,0.2753316398532317,0.09455263900649168,"{'Sell': 1233, 'Open Short': 720, 'Buy': 1231, 'Close Short': 359}"
0x0d58586a54a1b2070677f898acebb8317e24e1c2,1910,978,743,1167,0.6109947643979058,0.5615183246073299,0.256020942408377,"{'Close Long': 383, 'Open Long': 330, 'Short > Long': 91, 'Close Short': 595, 'Open Short': 413, 'Long > Short': 98}"
0xb6fdc698a0ddab08c7c03d83352bf4204ba0886b,2029,968,1006,1023,0.50418925579103,0.4906357811729916,0.33415475603745687,"{'Open Short': 592, 'Close Short': 659, 'Close Long': 309, 'Open Long': 414, 'Short > Long': 27, 'Long > Short': 28}"
0x9db9cd2b0e40c139b487752ee13586956fbe626a,8138,6919,1205,6919,0.8502088965347752,0.8502088965347752,0.19157041042025066,"{'Close Long': 4768, 'Close Short': 2151, 'Open Long': 872, 'Open Short': 333, 'Long > Short': 7, 'Short > Long': 7}"
0xc1fd39727cd10fe97ccac228888f025309560a93,2125,851,1206,917,0.4315294117647059,0.41600000000000004,0.3402352941176471,"{'Open Long': 661, 'Open Short': 545, 'Long > Short': 37, 'Close Short': 450, 'Close Long': 401, 'Short > Long': 31}"
0x407fb09d5764328355ec2f67c0d8e6e75319d455,2897,36,73,1378,0.47566448049706594,0.24404556437694166,0.012426648256817397,"{'Buy': 1446, 'Sell': 1342, 'Open Short': 73, 'Close Short': 36}"
0x880ac484a1743862989a441d6d867238c7aa311c,5108,3278,1722,3288,0.6436961628817541,0.6427173061863743,0.6417384494909946,"{'Close Short': 3273, 'Open Short': 1714, 'Buy': 98, 'Sell': 10, 'Close Long': 5, 'Open Long': 8}"
0x1070f53b35f8850f4dbb96e388e63f33d14443f3,1368,901,467,901,0.658625730994152,0.658625730994152,0.6293859649122807,"{'Close Long': 339, 'Close Short': 562, 'Open Short': 211, 'Open Long': 256}"
0xd25953ab6c622e20d45a21ebb5803b7e843662ac,6281,3282,2808,3473,0.5529374303454864,0.5377328450883617,0.3504219073395956,"{'Close Long': 1482, 'Open Short': 1460, 'Close Short': 1800, 'Open Long': 1348, 'Short > Long': 91, 'Long > Short': 100}"
0xd283996b5c11511ec1514efe722d097f65a88430,4330,2321,1906,2421,0.5591224018475751,0.5475750577367207,0.39861431870669745,"{'Close Short': 1218, 'Open Long': 1261, 'Long > Short': 54, 'Open Short': 645, 'Close Long': 1103, 'Short > Long': 49}"
0x32215fe8a5e3bc9633181e3bef3b4b707c24f082,5165,2548,2617,2548,0.49332042594385284,0.49332042594385284,0.3219748305905131,"{'Open Long': 2617, 'Close Long': 2548}"
0x0a8817c801b0801c2f2acfc8778a7cd807161e07,1856,820,994,862,0.4644396551724138,0.453125,0.04310344827586207,"{'Open Long': 522, 'Close Long': 505, 'Long > Short': 21, 'Open Short': 472, 'Close Short': 315, 'Short > Long': 21}"
0xc899791e75eb20b9796449c216776cd5e9ec5936,1755,0,0,1104,0.629059829059829,0.3145299145299145,0.0,"{'Sell': 1104, 'Buy': 651}"
0xc3f43a41a396e5049d6f96c7d444fc6c315b738a,4856,4223,629,4226,0.8702635914332785,0.8699546952224053,0.7195222405271828,"{'Close Short': 4073, 'Open Short': 345, 'Open Long': 284, 'Close Long': 150, 'Long > Short': 2, 'Short > Long': 2}"
0x9e5c7a2fed36727acf6306e3e5ae12bce86856c7,2249,1062,1170,1079,0.4797687861271676,0.47598932859048465,0.444642063139173,"{'Close Short': 763, 'Open Short': 907, 'Close Long': 299, 'Short > Long': 9, 'Open Long': 263, 'Long > Short': 8}"
0x219cb4b982511d0a37ac589fc2d5108aa36fa36f,2033,966,1067,966,0.4751598622725037,0.4751598622725037,0.40826364977865226,"{'Open Short': 796, 'Close Short': 852, 'Open Long': 271, 'Close Long': 114}"
0xaca2d79168f9e9072c089e5f7d6eb0daefc13915,9682,1564,7913,1766,0.18240033051022517,0.1719686015286098,0.0003098533360875852,"{'Open Long': 2796, 'Close Long': 785, 'Long > Short': 103, 'Close Short': 779, 'Short > Long': 102, 'Open Short': 5117}"
0x793660578d2628b0ec7e0e2b5c75a4847ae80706,10139,1731,8234,1899,0.18729657757175264,0.17901173685767827,0.0008876615050793964,"{'Open Long': 2983, 'Close Long': 825, 'Open Short': 5251, 'Close Short': 906, 'Short > Long': 91, 'Long > Short': 83}"
0x97991003fd631e2923f40cab2a4fdc35e60dc807,2761,1045,1612,1147,0.4154291923216226,0.3969576240492575,0.03259688518652662,"{'Open Long': 735, 'Close Long': 598, 'Long > Short': 52, 'Open Short': 877, 'Close Short': 447, 'Short > Long': 52}"
0x351126a070c9cadef8064ddd7b2d289fc33163aa,3446,1378,1922,1519,0.4408009286128845,0.4203424260011608,0.023215322112594312,"{'Open Long': 752, 'Close Short': 637, 'Short > Long': 73, 'Close Long': 741, 'Long > Short': 73, 'Open Short': 1170}"
0xcaa1aa01a516bf4ee4d30f6258ae285c787a904d,1664,697,746,915,0.5498798076923077,0.484375,0.003605769230769231,"{'Close Short': 340, 'Open Short': 413, 'Short > Long': 111, 'Open Long': 333, 'Close Long': 357, 'Long > Short': 110}"
0xa801bb18551016ab0721555f59a27d2b31a8ffbb,1954,687,1033,915,0.46827021494370524,0.40992835209825995,0.0020470829068577278,"{'Short > Long': 118, 'Close Long': 303, 'Long > Short': 116, 'Open Short': 658, 'Close Short': 384, 'Open Long': 375}"
0x20faffd0045455e86b36b827d68f8f99f9c929b4,2701,1102,1527,1174,0.4346538319141059,0.42132543502406516,0.3583857830433173,"{'Open Long': 964, 'Open Short': 563, 'Long > Short': 35, 'Close Short': 638, 'Close Long': 464, 'Short > Long': 37}"
0xef0b65c3db0310e2dd19d0af531b81a164e25c8a,1651,840,641,1007,0.6099333737129012,0.559357964869776,0.0018170805572380376,"{'Close Long': 416, 'Open Long': 284, 'Long > Short': 85, 'Open Short': 357, 'Close Short': 424, 'Short > Long': 85}"
0xf36c562be0598b8ce109998b6aa2d53ffcd8316b,4736,2929,1702,3033,0.6404138513513513,0.6294341216216216,0.33847128378378377,"{'Open Short': 908, 'Open Long': 794, 'Close Long': 1730, 'Close Short': 1199, 'Long > Short': 44, 'Short > Long': 61}"
0x6991342b28fee2bd54b37168c4daaf0a0af01524,1640,640,788,849,0.5176829268292683,0.45396341463414636,0.001829268292682927,"{'Open Long': 368, 'Close Long': 330, 'Long > Short': 107, 'Open Short': 420, 'Close Short': 310, 'Short > Long': 105}"
0x4edd48ecffa32d4fdbf0ca76433095d4dee6b7fc,3032,1561,1317,1715,0.5656332453825857,0.5402374670184696,0.3858839050131926,"{'Open Long': 441, 'Close Short': 976, 'Open Short': 876, 'Long > Short': 78, 'Close Long': 585, 'Short > Long': 76}"
0xfa58f82875ee97464a8feef085e597b06590dd13,3010,1524,1387,1621,0.5385382059800664,0.5224252491694352,0.3830564784053156,"{'Close Short': 936, 'Open Short': 929, 'Long > Short': 51, 'Open Long': 458, 'Short > Long': 48, 'Close Long': 588}"
0xcb2046851d0f44a48331ba9e35cb40c2f7bb7e1b,1950,933,954,995,0.5102564102564102,0.49435897435897436,0.37743589743589745,"{'Open Short': 608, 'Close Short': 607, 'Close Long': 326, 'Open Long': 346, 'Short > Long': 34, 'Long > Short': 29}"
0x19951dbda49ea27130a2bdcfa8b4eb788ebdcf5f,1894,787,1029,860,0.45406546990496305,0.43479408658922913,0.01689545934530095,"{'Open Long': 462, 'Close Long': 380, 'Long > Short': 39, 'Open Short': 567, 'Close Short': 407, 'Short > Long': 39}"
0xba5f4f92f396e6de20d3dae5eefa65f4ecca806a,3386,1422,1842,1544,0.4559952746603662,0.4379799173065564,0.018015357353809804,"{'Open Long': 764, 'Close Long': 726, 'Long > Short': 61, 'Open Short': 1078, 'Close Short': 696, 'Short > Long': 61}"
0x5a209e55c592687bb3f105f2f645c09238612d1b,7081,3883,1022,5576,0.7874593983900579,0.6679141364214094,0.4674481005507697,"{'Buy': 483, 'Sell': 1690, 'Close Short': 1277, 'Close Long': 2606, 'Open Long': 329, 'Open Short': 693, 'Long > Short': 1, 'Short > Long': 2}"
0x6b035d49e2fce2b55de68fe784b4a9801e6dcfe7,2926,0,0,1734,0.592617908407382,0.296308954203691,0.0,"{'Buy': 1192, 'Sell': 1734}"
0xdbe22a43d15c724c0d07d7e630d2d01e546facf0,1411,743,598,813,0.5761871013465627,0.5513819985825655,0.4294826364280652,"{'Close Short': 406, 'Close Long': 337, 'Open Long': 324, 'Long > Short': 36, 'Open Short': 274, 'Short > Long': 34}"
0x5887de8d37c9c2550a4d0b86127c43b2e1904545,2885,1476,1322,1563,0.5417677642980936,0.5266897746967071,0.4065857885615251,"{'Close Short': 908, 'Open Short': 855, 'Close Long': 568, 'Long > Short': 47, 'Open Long': 467, 'Short > Long': 40}"
0x42885bfee595c7bf079609433fa3f2bc24e72096,1952,839,705,1233,0.6316598360655737,0.5307377049180327,0.016905737704918034,"{'Long > Short': 204, 'Close Long': 491, 'Open Short': 366, 'Short > Long': 204, 'Close Short': 348, 'Open Long': 339}"
0x39475d17bcd20adc540e647dae6781b153fbf3b1,4110,2551,1464,2598,0.6321167883211679,0.6263990267639903,0.262287104622871,"{'Close Long': 2186, 'Short > Long': 54, 'Long > Short': 41, 'Open Long': 1202, 'Open Short': 262, 'Close Short': 365}"
0xa54e0ec5f263ba19cb4ca301874ff866f05bf96e,2037,1070,803,1234,0.6057928325969563,0.5655375552282769,0.3024054982817869,"{'Close Short': 536, 'Short > Long': 87, 'Close Long': 534, 'Open Short': 399, 'Open Long': 404, 'Long > Short': 77}"
0xbbfb6566ad064c233af6314aeb1eee4c26a5f921,1922,1183,739,1183,0.6155046826222684,0.6155046826222684,0.5671175858480749,"{'Open Long': 724, 'Close Long': 1144, 'Close Short': 39, 'Open Short': 15}"
0xaa2a3ce68de7e1e7125c63a8beb7dede89a4759d,2358,1554,804,1554,0.6590330788804071,0.6590330788804071,0.6590330788804071,"{'Close Long': 1554, 'Open Long': 804}"
0x65087b28344be6356fdf102ff53f5c39bd68fb25,1508,834,88,895,0.593501326259947,0.5732758620689655,0.553050397877984,"{'Open Short': 88, 'Sell': 105, 'Close Short': 834, 'Buy': 481}"
0xd87617659957f4d9cea85e9db85b2f1de677646a,4597,736,3701,896,0.19490972373286927,0.1775070698281488,0.15031542310202306,"{'Open Long': 3701, 'Sell': 160, 'Close Long': 200, 'Close Short': 536}"
0xf517639a8872e756ac98d3c65507d2ebc25cc032,2226,1138,1052,1139,0.5116801437556154,0.511455525606469,0.275381850853549,"{'Open Long': 1052, 'Close Short': 349, 'Short > Long': 1, 'Close Long': 789, 'Buy': 35}"
0x15508acd3565b136ebfc98365436576ba7986e52,2255,455,1794,461,0.20443458980044346,0.20310421286031044,0.18669623059866963,"{'Open Long': 157, 'Open Short': 1637, 'Long > Short': 4, 'Close Short': 378, 'Close Long': 77, 'Short > Long': 2}"
0x3112bb1cc9135df076c31ad4eab75d6da1e5a2b6,1596,714,831,765,0.4793233082706767,0.46334586466165417,0.38533834586466165,"{'Short > Long': 22, 'Open Long': 443, 'Open Short': 388, 'Long > Short': 29, 'Close Long': 304, 'Close Short': 410}"
0xd911e53d53b663972254e086450fd6198a25961e,5943,3376,2132,3682,0.6195524146054181,0.5938078411576644,0.004206629648325761,"{'Open Long': 1659, 'Close Long': 2991, 'Sell': 290, 'Buy': 127, 'Long > Short': 9, 'Open Short': 473, 'Close Short': 385, 'Short > Long': 9}"
0x5a7581618829f377a16be2338eabdd03fece0eaf,2677,1325,1064,1608,0.6006723944714233,0.5478147179678745,0.0,"{'Open Long': 487, 'Close Long': 627, 'Long > Short': 144, 'Short > Long': 144, 'Open Short': 577, 'Close Short': 698}"
0x92c7d53dc3bac14722b281e74a3feba8f7ba040e,2222,1051,1108,1112,0.5004500450045004,0.4867236723672367,0.0013501350135013501,"{'Short > Long': 32, 'Long > Short': 31, 'Open Short': 965, 'Close Short': 901, 'Open Long': 143, 'Close Long': 150}"
0x4499d449f7703b5af8a9ee963e60f7de2c9c088d,1602,1035,560,1042,0.6504369538077404,0.6482521847690388,0.6061173533083646,"{'Close Long': 268, 'Close Short': 767, 'Open Short': 323, 'Short > Long': 5, 'Open Long': 237, 'Long > Short': 2}"
0x4c226d5a21ae3b9883f98cbda1a3be63e565f308,1413,0,0,876,0.6199575371549894,0.3099787685774947,0.0,"{'Buy': 537, 'Sell': 876}"
0x1334f35fbc2e5117777c3debefa75446338766b7,2045,968,861,1179,0.5765281173594132,0.5249388753056234,0.0,"{'Short > Long': 108, 'Open Long': 341, 'Close Long': 467, 'Long > Short': 108, 'Open Short': 520, 'Close Short': 501}"
0x09bc1cf4d9f0b59e1425a8fde4d4b1f7d3c9410d,5917,3142,2730,3182,0.5377725198580362,0.5343924285955721,0.026026702720973467,"{'Open Short': 1729, 'Close Short': 1229, 'Short > Long': 23, 'Open Long': 1001, 'Close Long': 1913, 'Long > Short': 22}"
0x67fcc46ed2a63971697dad2fc7bb0091fe89e51d,2377,826,1548,829,0.3487589398401346,0.34812789230122,0.26714345814051327,"{'Close Short': 754, 'Open Short': 1396, 'Short > Long': 2, 'Open Long': 152, 'Close Long': 72, 'Long > Short': 1}"
0xd3f1af8e88d8de4701feb4834cce1e04d6cb0bbe,2044,932,914,1118,0.5469667318982387,0.5014677103718199,0.011252446183953033,"{'Close Long': 521, 'Long > Short': 99, 'Open Short': 499, 'Close Short': 411, 'Short > Long': 99, 'Open Long': 415}"
0x335f45392f8d87745aaae68f5c192849afd9b60e,3149,1828,1296,1853,0.5884407748491585,0.5844712607176882,0.03080342966020959,"{'Close Short': 1076, 'Open Short': 706, 'Short > Long': 13, 'Close Long': 752, 'Open Long': 590, 'Long > Short': 12}"
0x31dea2516beee92135b96f464eeec3cf292a13f2,4938,2344,1706,2709,0.548602673147023,0.5116443904414743,0.2128392061563386,"{'Open Short': 461, 'Open Long': 1245, 'Close Short': 487, 'Close Long': 1857, 'Sell': 358, 'Buy': 523, 'Short > Long': 5, 'Long > Short': 2}"
0x73d299d25b6b38d81594ae8988396e0d3f30202a,2207,1058,1149,1058,0.47938377888536476,0.47938377888536476,0.4775713638423199,"{'Open Long': 1149, 'Close Short': 1058}"
0x5bc864ca460b2c2d664402665a547a803939ba6a,2117,993,1124,993,0.4690599905526689,0.4690599905526689,0.42654700047236654,"{'Close Short': 905, 'Open Short': 535, 'Close Long': 88, 'Open Long': 589}"
0x7ca165f354e3260e2f8d5a7508cc9dd2fa009235,7089,3226,2860,3924,0.5535336436732966,0.5043024404006207,0.005783608407391734,"{'Buy': 305, 'Sell': 661, 'Short > Long': 19, 'Open Long': 940, 'Close Long': 1246, 'Long > Short': 18, 'Open Short': 1920, 'Close Short': 1980}"
0xf8905f26dff17d11859b89954a437bb85787d9a3,2107,977,929,1167,0.5538680588514475,0.5087802562885619,0.0,"{'Close Long': 478, 'Long > Short': 101, 'Open Short': 556, 'Close Short': 499, 'Short > Long': 100, 'Open Long': 373}"
0xc62bccc764cd32ddc036e4a54d6d5ca1630b8d77,1549,368,1180,369,0.23821820529373788,0.23789541639767592,0.007746933505487412,"{'Open Short': 732, 'Close Short': 198, 'Open Long': 448, 'Close Long': 170, 'Short > Long': 1}"
0x4cb482c9eb4f29f6bfdac18039dff264c6954617,1835,584,1251,584,0.3182561307901907,0.3182561307901907,0.09100817438692098,"{'Open Long': 112, 'Close Long': 327, 'Open Short': 1139, 'Close Short': 257}"
0x4fb31d5ffaa08be2128cb14485584d76eebef173,12920,6293,5041,7826,0.6057275541795666,0.5464009287925696,0.025619195046439627,"{'Close Short': 2901, 'Open Long': 2233, 'Short > Long': 797, 'Close Long': 3392, 'Long > Short': 789, 'Open Short': 2808}"
0x99bfe8e92dcd439ec785c8d809ee2b4c929734c3,1529,586,942,587,0.3839110529758012,0.3835840418574231,0.3708306082406802,"{'Open Short': 942, 'Close Long': 30, 'Long > Short': 1, 'Close Short': 556}"
0x7e0dfa222d18639220e40ab4d2e98ebdefa44dab,5071,4287,783,4288,0.8455925852888977,0.8454939854072175,0.8418457897850523,"{'Open Long': 783, 'Close Short': 2237, 'Close Long': 2050, 'Short > Long': 1}"
0x023a3d058020fb76cca98f01b3c48c8938a22355,46085,22245,20578,23501,0.5099490072691765,0.49632201367039164,0.39092980362373875,"{'Open Long': 7044, 'Open Short': 13534, 'Close Short': 13543, 'Close Long': 8702, 'Sell': 1188, 'Buy': 2005, 'Short > Long': 38, 'Long > Short': 31}"
0xcb364ba897f37fe13ad8df0c6b9ac7625e9f3757,1388,712,612,774,0.5576368876080692,0.5353025936599424,0.0007204610951008645,"{'Open Long': 365, 'Close Long': 431, 'Long > Short': 33, 'Close Short': 281, 'Short > Long': 31, 'Open Short': 247}"
0x0eecd62efb05009e2b72964b4bcdbcf653afd4c5,1976,801,1111,862,0.43623481781376516,0.4207995951417004,0.03441295546558704,"{'Close Long': 435, 'Open Long': 477, 'Long > Short': 32, 'Open Short': 634, 'Close Short': 366, 'Short > Long': 32}"
0x25ad068ba92b61ce2217c41270a9a69c247679af,3181,1224,1907,1274,0.4005029864822383,0.39264382269726505,0.009116629990569003,"{'Close Long': 694, 'Open Long': 990, 'Long > Short': 25, 'Open Short': 917, 'Close Short': 530, 'Short > Long': 25}"
0xaf2825f73a90cf08baf2577818826b79e3faca9b,3201,1519,1452,1741,0.5438925335832552,0.5092158700406123,0.00031240237425804435,"{'Close Long': 789, 'Open Long': 596, 'Long > Short': 116, 'Open Short': 856, 'Close Short': 730, 'Short > Long': 114}"
0xaf2ac71f62f341e5823d6985492409e92c940447,2599,1161,1243,1350,0.5194305502116199,0.4830704116968065,0.0007695267410542517,"{'Close Long': 592, 'Long > Short': 99, 'Open Short': 682, 'Close Short': 569, 'Short > Long': 96, 'Open Long': 561}"
0x407afe1e87bf741293d47e562b107a633e678562,3433,2434,999,2434,0.7090008738712497,0.7090008738712497,0.29857267695892803,"{'Close Short': 118, 'Open Long': 999, 'Close Long': 2316}"
0x9e74a6a1df3c2545ec4e8e54a1502967c7ad15e1,7431,4316,3095,4336,0.5835015475709864,0.5821558336697619,0.009554568698694657,"{'Close Short': 3321, 'Open Short': 2617, 'Short > Long': 10, 'Open Long': 478, 'Close Long': 995, 'Long > Short': 10}"
0x13558be785661958932ceac35ba20de187275a42,2518,1099,1206,1310,0.5202541699761716,0.47835583796664016,0.008737092930897538,"{'Close Long': 573, 'Long > Short': 112, 'Open Short': 664, 'Close Short': 526, 'Short > Long': 101, 'Open Long': 542}"
0x1f793d9f0368c1da329cb112212d81d521e7a9b8,4431,1841,2590,1841,0.4154818325434439,0.4154818325434439,0.4154818325434439,"{'Close Long': 1623, 'Close Short': 218, 'Open Long': 2333, 'Open Short': 257}"
0x839fb7089af2091b9bd9487a977c41daf56394c0,1516,577,774,740,0.48812664907651715,0.43436675461741425,0.0006596306068601583,"{'Short > Long': 84, 'Open Long': 371, 'Close Long': 296, 'Long > Short': 81, 'Open Short': 403, 'Close Short': 281}"
0xf5d889840ff183c72b0b57aac895303eee76f226,1551,912,615,936,0.6034816247582205,0.5957446808510638,0.049000644745325596,"{'Open Long': 269, 'Close Long': 483, 'Long > Short': 12, 'Open Short': 346, 'Close Short': 429, 'Short > Long': 12}"
0x7c73322e0ced3366d39a1cbea6272351e8aba53d,1354,666,682,672,0.4963072378138848,0.4940915805022157,0.43943870014771047,"{'Open Long': 321, 'Close Short': 369, 'Short > Long': 3, 'Close Long': 297, 'Open Short': 361, 'Long > Short': 3}"
0x3f9a0ee7bba80568a211b7b894dfda46e902fca1,1815,14,1207,16,0.008815426997245178,0.008264462809917356,0.0022038567493112946,"{'Open Long': 797, 'Open Short': 410, 'Close Short': 10, 'Close Long': 4, 'Sell': 2, 'Buy': 592}"
0xcc44634f35d0be9c530b062d88e2504877e70799,6230,2883,3151,3078,0.4940609951845907,0.4784109149277689,0.3540930979133226,"{'Open Long': 1650, 'Open Short': 1501, 'Close Short': 1555, 'Close Long': 1328, 'Long > Short': 100, 'Short > Long': 96}"
0x33ad48ed92e3e91a98278f0f7456eae6eafa516e,5078,3273,1654,3424,0.6742812130760142,0.6594131547853486,0.26526191413942496,"{'Open Short': 794, 'Close Short': 1028, 'Open Long': 860, 'Close Long': 2245, 'Short > Long': 84, 'Long > Short': 67}"
0xfb22906e051b252edbfa18102fea82fecfbae4b9,1834,910,924,910,0.4961832061068702,0.4961832061068702,0.1613958560523446,"{'Close Long': 910, 'Open Long': 924}"
0x8fdbd50e88ab3624263ff888861f202e0dd0b9c2,3976,3592,184,3628,0.9124748490945674,0.9079476861167002,0.903420523138833,"{'Open Long': 184, 'Close Long': 3592, 'Sell': 36, 'Buy': 164}"
0x7a9051722e9224d074c20ace04768f43aa52a615,6287,2928,3124,3161,0.5027835215524097,0.48425322093208206,0.32877365993319546,"{'Open Long': 1776, 'Long > Short': 119, 'Open Short': 1348, 'Close Long': 1303, 'Close Short': 1625, 'Short > Long': 116}"
0xdf6a4dba3ef113f030f95511e70721548dc7f3e2,1671,1657,14,1657,0.9916217833632556,0.9916217833632556,0.9730700179533214,"{'Close Short': 1657, 'Open Short': 14}"
0xd76440071f604b9b99286d8fb9bebe6d3e2213c3,2797,0,0,1502,0.5370039327851269,0.26850196639256346,0.0,"{'Buy': 1295, 'Sell': 1502}"
0xdfa3adddb199213b67cc22496ce81b73cb65218a,1630,621,1000,630,0.38650306748466257,0.38374233128834356,0.3202453987730061,"{'Close Short': 301, 'Open Short': 346, 'Close Long': 320, 'Open Long': 654, 'Short > Long': 4, 'Long > Short': 5}"
0x21a21c11877569378cb95507e921203f5bb9d084,1579,982,597,982,0.6219126029132362,0.6219126029132362,0.6073464217859404,"{'Close Short': 538, 'Open Long': 472, 'Close Long': 444, 'Open Short': 125}"
0x6ba889db7f923622d3548f621ecc2054b80c1817,2604,1567,896,1706,0.6551459293394777,0.6284562211981566,0.2814900153609831,"{'Close Long': 1067, 'Close Short': 500, 'Short > Long': 72, 'Open Long': 502, 'Open Short': 394, 'Long > Short': 69}"
0xca163b98cbc2ad5b08b01ae7bcb4bef68b9161ad,1684,844,662,1018,0.6045130641330166,0.5528503562945368,0.30522565320665085,"{'Open Long': 388, 'Close Long': 483, 'Short > Long': 91, 'Close Short': 361, 'Long > Short': 87, 'Open Short': 274}"
0x4537e1a5b7bcadd39f6d6211cb757ce431798732,1946,833,1113,833,0.42805755395683454,0.42805755395683454,0.11664953751284686,"{'Open Short': 1113, 'Close Short': 833}"
0xc799df4baa69044f59a3711f180a31e352829ba3,1866,955,737,1126,0.6034297963558414,0.557609860664523,0.2877813504823151,"{'Close Short': 492, 'Open Long': 403, 'Close Long': 463, 'Short > Long': 92, 'Open Short': 334, 'Long > Short': 82}"
0x493364de7f4a39ed24f9c68ece229973f324d369,4295,3170,1101,3186,0.7417927823050058,0.7399301513387659,0.22328288707799768,"{'Open Long': 1101, 'Close Long': 3170, 'Sell': 19, 'Buy': 5}"
0x6a9e7566877b52b13b28230b5543cbccf3685870,3267,1615,1405,1853,0.5671870217324763,0.5307621671258035,0.004897459442913988,"{'Close Long': 849, 'Long > Short': 126, 'Close Short': 766, 'Short > Long': 121, 'Open Long': 601, 'Open Short': 804}"
0xc926ddba8b7617dbc65712f20cf8e1b58b8598d3,6566,2998,1713,4464,0.6798659762412428,0.568230277185501,0.1880901614377094,"{'Long > Short': 23, 'Open Short': 533, 'Open Long': 1180, 'Close Long': 2442, 'Buy': 387, 'Close Short': 556, 'Sell': 1414, 'Short > Long': 31}"
0xe3b3482482899b4890ec5a2093cba2a558d0c14f,3728,1399,2168,1558,0.4179184549356223,0.39659334763948495,0.0024141630901287556,"{'Close Long': 687, 'Open Long': 708, 'Long > Short': 80, 'Open Short': 1460, 'Short > Long': 81, 'Close Short': 712}"
0xe2f86feccb1207710a442bc4e27a0701a290275a,3132,1822,633,2395,0.7646871008939975,0.6732120051085568,0.5817369093231162,"{'Close Short': 1822, 'Sell': 572, 'Buy': 104, 'Short > Long': 1, 'Open Long': 633}"
0x500a8d2934da6f7831e3996df1c8c5a5a74c2274,1880,757,1043,836,0.44468085106382976,0.4236702127659574,0.015957446808510637,"{'Close Long': 312, 'Long > Short': 40, 'Open Short': 692, 'Close Short': 445, 'Short > Long': 40, 'Open Long': 351}"
0x5233199fc1fdd34439650c4450671b5f8806832c,2128,994,1109,1019,0.47885338345864664,0.4729793233082707,0.18937969924812031,"{'Open Long': 896, 'Close Short': 279, 'Open Short': 213, 'Close Long': 715, 'Short > Long': 14, 'Long > Short': 11}"
0xce8d2983e85a0b0435bf3d157f7d3a3888ca7eeb,2436,1441,995,1441,0.5915435139573071,0.5915435139573071,0.5915435139573071,"{'Open Short': 58, 'Open Long': 937, 'Close Short': 1441}"
0x621c5551678189b9a6c94d929924c225ff1d63ab,4133,2430,1601,2532,0.6126300508105492,0.6002903459956448,0.31405758528913624,"{'Open Short': 476, 'Close Long': 1912, 'Short > Long': 61, 'Open Long': 1125, 'Long > Short': 41, 'Close Short': 518}"
0xa4a6e0fd7528a6f5c6ccbb3240ba8a2f825446cf,2130,1604,517,1612,0.7568075117370892,0.7549295774647887,0.5915492957746479,"{'Open Long': 375, 'Close Short': 237, 'Short > Long': 5, 'Close Long': 1367, 'Open Short': 142, 'Long > Short': 4}"
0x887299cf58a3f0ba1f6ee59122e19a65eefe2bb0,3054,2079,948,2106,0.6895874263261297,0.6851669941060904,0.4446627373935822,"{'Open Long': 948, 'Close Long': 2079, 'Sell': 27}"
0xc3141e868ed2d97f6e345e22e63dbeb2a8f89e85,2065,957,906,1156,0.5598062953995158,0.5116222760290556,0.00387409200968523,"{'Close Long': 456, 'Long > Short': 101, 'Open Short': 509, 'Close Short': 501, 'Short > Long': 101, 'Open Long': 397}"
0xeaa123246b396028fc8fea0175f013c13e097157,1883,1142,705,1178,0.6255974508762613,0.6160382368560807,0.5613382899628253,"{'Close Short': 1045, 'Short > Long': 19, 'Open Long': 96, 'Open Short': 609, 'Close Long': 97, 'Long > Short': 17}"
0x25d2ccf8e2c0e136fff41d3b35bf6f393218b16f,3468,7,16,1968,0.5674740484429066,0.2847462514417532,0.002018454440599769,"{'Buy': 1484, 'Sell': 1961, 'Open Short': 16, 'Close Short': 7}"
0x4d0976dabd56385d1b54867724c64159aef12bc4,1833,954,712,1120,0.6110201854882706,0.5657392253136935,0.2907801418439716,"{'Close Short': 475, 'Open Short': 302, 'Open Long': 410, 'Close Long': 479, 'Long > Short': 78, 'Short > Long': 89}"
0x37c1e493c8a452ab3f5a6d01fda87795b91e7851,2213,750,1362,849,0.3836421147763217,0.36127428829643016,0.0031631269769543608,"{'Close Long': 356, 'Open Short': 984, 'Close Short': 394, 'Short > Long': 51, 'Open Long': 378, 'Long > Short': 50}"
0xfeee942a06d2f8012823ccde7bf7bcbcaa29a09f,1527,598,896,630,0.412573673870334,0.4020956123117223,0.010478061558611657,"{'Close Long': 282, 'Open Long': 297, 'Long > Short': 17, 'Open Short': 599, 'Close Short': 316, 'Short > Long': 16}"
0x0dd5db9c3748486e747c6a123727f472668cf6ee,5793,1526,4096,1694,0.2924218884861039,0.27792162955290867,0.0,"{'Close Long': 728, 'Open Long': 1629, 'Long > Short': 85, 'Open Short': 2467, 'Close Short': 798, 'Short > Long': 86}"
0x33b84e11ee5d632d5ba65f52a8594be7d3b06e9a,2786,667,574,1490,0.5348169418521177,0.38711414213926776,0.12885857860732233,"{'Close Short': 667, 'Open Short': 574, 'Sell': 823, 'Buy': 722}"
0xa86290d695158a6e2fe31daef34738dfc57c587f,1472,972,499,973,0.6610054347826086,0.6606657608695652,0.21263586956521738,"{'Open Long': 498, 'Close Long': 972, 'Open Short': 1, 'Short > Long': 1}"
0x9959bb97b783e57e001f8cb43695556151d33704,2141,962,993,1142,0.5333956095282578,0.491359177954227,0.0,"{'Close Long': 501, 'Long > Short': 93, 'Open Short': 519, 'Close Short': 461, 'Short > Long': 93, 'Open Long': 474}"
0x208db9f389989c5c387cc3a2620cc5251eace716,1418,925,424,983,0.6932299012693935,0.6727785613540198,0.6205923836389281,"{'Open Short': 424, 'Close Short': 923, 'Sell': 54, 'Close Long': 2, 'Short > Long': 2, 'Long > Short': 2, 'Buy': 11}"
0xee126cd566febeebee9a715812df601e1e69512c,1491,798,646,845,0.5667337357478203,0.5509725016767271,0.4473507712944333,"{'Close Short': 514, 'Long > Short': 20, 'Open Short': 378, 'Open Long': 268, 'Close Long': 284, 'Short > Long': 27}"
0x03b3d7811f5c520fa7d6fb487ca8f6a47df03d85,5587,3318,2181,3406,0.6096294970467155,0.6017540719527474,0.27349203508143904,"{'Open Short': 1421, 'Short > Long': 45, 'Close Short': 2423, 'Close Long': 895, 'Long > Short': 43, 'Open Long': 760}"
0xc897e2a9cf140a9035e2aebaa834ae98196c152a,3794,824,1088,1910,0.503426462836057,0.360305745914602,0.12361623616236163,"{'Open Short': 1083, 'Sell': 1077, 'Close Short': 800, 'Buy': 796, 'Short > Long': 5, 'Open Long': 5, 'Close Long': 24, 'Long > Short': 4}"
0x0873ca7cb967af8c35642d903a950d256c1701df,2999,1251,1627,1368,0.4561520506835612,0.43664554851617204,0.02100700233411137,"{'Close Long': 756, 'Long > Short': 61, 'Short > Long': 60, 'Open Long': 727, 'Open Short': 900, 'Close Short': 495}"
0x1918fbc5ab2205e7bc391d250fcfff4e830ce053,2139,1062,908,1228,0.5741000467508182,0.5352968676951847,0.2711547452080411,"{'Short > Long': 87, 'Close Short': 545, 'Open Long': 466, 'Close Long': 517, 'Open Short': 442, 'Long > Short': 82}"
0x82b409e6c2e617929cf22bd7e4b08564c207abc1,2232,968,1066,1161,0.5201612903225806,0.476926523297491,0.01568100358422939,"{'Close Long': 492, 'Open Long': 528, 'Long > Short': 105, 'Open Short': 538, 'Close Short': 476, 'Short > Long': 93}"
0xda949f94ca319ed6ccb4048af840acf0bab8feb8,1558,1027,531,1027,0.6591784338896021,0.6591784338896021,0.6206675224646984,"{'Close Long': 451, 'Open Long': 430, 'Close Short': 576, 'Open Short': 101}"
0xcd873972d192d25972fc1d8e5b5cecab4c1429da,1451,893,558,893,0.6154376292212267,0.6154376292212267,0.5796002756719504,"{'Close Long': 420, 'Open Long': 413, 'Close Short': 473, 'Open Short': 145}"
0xcdf99cc8fe5535a8c543cd38887c494597502158,1764,879,720,1044,0.5918367346938775,0.5450680272108843,0.2987528344671202,"{'Open Long': 398, 'Close Short': 424, 'Open Short': 322, 'Short > Long': 80, 'Close Long': 455, 'Long > Short': 85}"
0x07fd993f0fa3a185f7207adccd29f7a87404689d,2473,1690,783,1690,0.6833805095026284,0.6833805095026284,0.6510311362717347,"{'Open Long': 570, 'Close Short': 1623, 'Close Long': 67, 'Open Short': 213}"
0x34fb5ec7d4e939161946340ea2a1f29254b893de,4214,2806,1268,2933,0.6960132890365448,0.6809444708115804,0.2330327479829141,"{'Open Long': 986, 'Close Long': 2258, 'Short > Long': 80, 'Close Short': 548, 'Open Short': 282, 'Long > Short': 60}"
0x72dc2d52cfcf058136891fa5c40375a4c7b4a55d,2693,1971,722,1971,0.7318975120683253,0.7318975120683253,0.7318975120683253,"{'Open Long': 722, 'Close Long': 1971}"
0xe2990ce029db870c805e90a1a8a1d8a1c52255d6,1459,894,532,924,0.6333104866346813,0.623029472241261,0.04592186429061001,"{'Open Long': 417, 'Close Long': 781, 'Open Short': 115, 'Close Short': 113, 'Short > Long': 21, 'Long > Short': 12}"
0x0898b54fbba3296d7c4ac58db87d09fa4cda0896,2307,1315,810,1493,0.64716081491114,0.6085825747724317,0.3081924577373212,"{'Close Long': 654, 'Open Long': 445, 'Close Short': 661, 'Open Short': 365, 'Short > Long': 88, 'Long > Short': 94}"
0xf4e62d9d431a07b9b1efb5dd548e3ad9aadd07ba,2024,1102,758,1260,0.6225296442687747,0.583498023715415,0.31521739130434784,"{'Open Long': 388, 'Open Short': 370, 'Close Long': 535, 'Short > Long': 82, 'Close Short': 567, 'Long > Short': 82}"
0xdf80a25cf31f2ef1265a91c53120285a3ad7d21b,1377,673,696,681,0.49455337690631807,0.4916485112563544,0.16339869281045752,"{'Close Long': 281, 'Open Short': 417, 'Close Short': 392, 'Open Long': 279, 'Short > Long': 4, 'Long > Short': 4}"
0xe29d84a6f37858d7f8017be454ee35726511e525,3311,1237,1875,1434,0.43310178193899124,0.4033524614919964,0.0,"{'Close Long': 684, 'Long > Short': 100, 'Open Short': 1323, 'Close Short': 553, 'Short > Long': 99, 'Open Long': 552}"
0x31b1ac74a39fa92604c3bccac20453f2e3eebfaa,1687,1195,475,1212,0.7184350918790753,0.7133965619442798,0.6603438055720213,"{'Close Short': 1175, 'Open Short': 470, 'Open Long': 5, 'Close Long': 20, 'Long > Short': 7, 'Short > Long': 10}"
0xae9ee667c9170f3b148a404c64579e1ed2c76e10,2179,1869,307,1869,0.8577329050022946,0.8577329050022946,0.31206975676916016,"{'Open Long': 286, 'Close Long': 1517, 'Short > Long': 2, 'Open Short': 21, 'Close Short': 352, 'Long > Short': 1}"
0x1700acdd94010de35087b45b601d0e1b90c2697f,1367,451,914,453,0.33138258961228967,0.3306510607168983,0.2852962692026335,"{'Open Short': 903, 'Close Short': 420, 'Short > Long': 1, 'Open Long': 11, 'Close Long': 31, 'Long > Short': 1}"
0x7a9d45682babd8a2d79181623c75a7f615990b27,1953,1004,767,1186,0.6072708653353814,0.5606758832565284,0.28417818740399386,"{'Open Short': 417, 'Short > Long': 91, 'Open Long': 350, 'Close Short': 630, 'Close Long': 374, 'Long > Short': 91}"
0x230633a6e555acac1a865d09db2197c864e58927,1620,879,733,887,0.5475308641975308,0.5450617283950617,0.2851851851851852,"{'Close Long': 695, 'Open Long': 470, 'Long > Short': 4, 'Open Short': 263, 'Close Short': 184, 'Short > Long': 4}"
0x4334ff1dd9fa46667b718a6f8a489c3d0079b44b,2648,1290,1308,1338,0.5052870090634441,0.4962235649546828,0.4622356495468278,"{'Open Long': 1070, 'Open Short': 238, 'Close Long': 340, 'Close Short': 950, 'Short > Long': 22, 'Long > Short': 28}"
0x427872156f097f906bb8e49afdf54683581c30e8,3099,626,1181,1283,0.4140045175863182,0.3080025814778961,0.01903839948370442,"{'Open Short': 1181, 'Buy': 635, 'Sell': 657, 'Close Short': 626}"
0xfad17af4900f3d3afa663103f58b41607ee45d70,2112,1113,811,1300,0.615530303030303,0.5712594696969697,0.3058712121212121,"{'Close Short': 537, 'Open Long': 445, 'Open Short': 366, 'Close Long': 576, 'Short > Long': 96, 'Long > Short': 92}"
0x6be2564feecd30ed141696dd4cbbb27f2abf570c,3072,1474,1387,1670,0.5436197916666666,0.51171875,0.0016276041666666667,"{'Close Long': 768, 'Long > Short': 107, 'Open Short': 825, 'Close Short': 706, 'Short > Long': 104, 'Open Long': 562}"
0xfe96dd504543165efeb7ab545d161d0ba112f84e,1982,1085,738,1244,0.627648839556004,0.5875378405650857,0.3113017154389506,"{'Close Long': 511, 'Open Short': 380, 'Close Short': 574, 'Open Long': 358, 'Short > Long': 72, 'Long > Short': 87}"
0x810db68a173f92660b1d18720cab9cf7f820269d,1376,800,554,819,0.595203488372093,0.5882994186046512,0.0690406976744186,"{'Open Long': 554, 'Close Long': 800, 'Buy': 3, 'Sell': 19}"
0xc592244161c68b0336db2f01a2b0df8da973cb48,6284,0,0,2822,0.4490770210057288,0.2245385105028644,0.0,"{'Buy': 3462, 'Sell': 2822}"
0x558afca8d68f6a7335837b06ce218a234978225b,2111,1251,860,1251,0.5926101373756514,0.5926101373756514,0.10942681193747039,"{'Close Long': 1251, 'Open Long': 860}"
0x597077efeb1bca71deaf556bac4d8e28a4595bef,1841,935,738,1099,0.596958174904943,0.5524171645844649,0.3009234111895709,"{'Close Short': 472, 'Open Long': 403, 'Close Long': 463, 'Short > Long': 83, 'Long > Short': 85, 'Open Short': 335}"
0xaeadec409b7b31b32063dcc280e8efbb86441eb1,1891,968,766,1121,0.5928080380750925,0.5523532522474881,0.2913802221047065,"{'Open Short': 354, 'Open Long': 412, 'Long > Short': 81, 'Short > Long': 76, 'Close Short': 501, 'Close Long': 467}"
0x4264b5a132e4f263d6de2e0d01512a99ea21ec6e,2249,1200,888,1360,0.6047132058692752,0.5691418408181415,0.2810137839039573,"{'Close Short': 549, 'Open Long': 470, 'Short > Long': 84, 'Close Long': 651, 'Open Short': 418, 'Long > Short': 77}"
0x3f3e7878cbde6da00629f6f6115f367f8ef316d2,1855,978,710,1145,0.6172506738544474,0.5722371967654987,0.27978436657681943,"{'Short > Long': 91, 'Open Long': 363, 'Close Short': 579, 'Long > Short': 76, 'Open Short': 347, 'Close Long': 399}"
0xcd8bded162b7f8bdce0da82f133bd75bbef76835,1891,935,956,935,0.4944473823373876,0.4944473823373876,0.16763617133791645,"{'Open Short': 693, 'Close Short': 592, 'Open Long': 263, 'Close Long': 343}"
0x8a265d24c0c4e611119ba4c8fcab93fd987d343a,3346,800,720,1804,0.539151225343694,0.3891213389121339,0.21488344291691572,"{'Buy': 822, 'Close Short': 799, 'Sell': 1003, 'Open Short': 719, 'Short > Long': 1, 'Close Long': 1, 'Open Long': 1}"
0xe86b057f5eb764c9738d6b0d38170befd0723664,4354,2590,1755,2599,0.5969223702342673,0.5958888378502527,0.571198897565457,"{'Close Short': 1887, 'Short > Long': 5, 'Open Long': 920, 'Open Short': 835, 'Close Long': 703, 'Long > Short': 4}"
0xc1914d36f97dc5557e4df26cbdab98e9c988ef37,6082,4495,1466,4616,0.7589608681354818,0.749013482407103,0.30549161460046037,"{'Close Short': 678, 'Close Long': 3817, 'Open Long': 1329, 'Open Short': 137, 'Short > Long': 69, 'Long > Short': 52}"
0x2201d0ec741faaea8e1983af7c59d6f7762ebd26,7018,0,0,3342,0.4762040467369621,0.23810202336848105,0.0,"{'Buy': 3676, 'Sell': 3342}"
0x03488d119ff425c17521e1fb0fafaf97c69902f3,1952,985,781,1169,0.5988729508196722,0.5517418032786885,0.26639344262295084,"{'Open Long': 397, 'Short > Long': 91, 'Close Short': 439, 'Long > Short': 95, 'Close Long': 546, 'Open Short': 384}"
0xcbc61255c3fc15bfed07ba794e3119e7c8ffbad7,1411,1319,92,1319,0.9347980155917789,0.9347980155917789,0.8731396172927002,"{'Close Long': 1319, 'Open Long': 92}"
0xe2d2dbae54981833479038c70425e1e3ce6680ec,1978,1047,763,1215,0.6142568250758341,0.5717896865520729,0.3134479271991911,"{'Close Short': 537, 'Open Long': 370, 'Open Short': 393, 'Close Long': 510, 'Long > Short': 82, 'Short > Long': 86}"
0x27c9fa86c91b84ddfa15de58c482ff662498d65d,3022,1410,1590,1426,0.47187293183322304,0.4692256783587029,0.45499669093315687,"{'Sell': 4, 'Close Short': 1081, 'Close Long': 329, 'Open Short': 1262, 'Short > Long': 7, 'Open Long': 328, 'Buy': 6, 'Long > Short': 5}"
0x21e2d23d84f868eedfc625ff23801430b41141d7,1431,705,718,713,0.49825296995108315,0.4954577218728162,0.10971348707197764,"{'Open Long': 416, 'Close Long': 326, 'Long > Short': 4, 'Open Short': 302, 'Close Short': 379, 'Short > Long': 4}"
0xcd82f03d5df801a69af899a7f13263388e1f6274,1724,564,1114,610,0.3538283062645012,0.34048723897911837,0.0034802784222737818,"{'Open Long': 478, 'Close Long': 238, 'Long > Short': 23, 'Open Short': 636, 'Close Short': 326, 'Short > Long': 23}"
0x979ddbf4ef2240b316c73c5b7cdab0a453b101aa,2577,1304,1270,1307,0.5071788901823826,0.5065968180054327,0.12689173457508732,"{'Open Short': 742, 'Close Long': 614, 'Open Long': 528, 'Close Short': 690, 'Short > Long': 1, 'Long > Short': 2}"
0x8587051491522599dfcc23de01ae59b622b498b3,2202,1183,834,1365,0.6198910081743869,0.5785649409627611,0.25658492279745687,"{'Open Long': 454, 'Open Short': 380, 'Long > Short': 96, 'Short > Long': 89, 'Close Short': 563, 'Close Long': 620}"
0x503c3dbb6f21f231a33da05822229026e8a88acd,2922,1490,1407,1515,0.5184804928131417,0.5142026009582478,0.4106776180698152,"{'Close Long': 330, 'Open Long': 205, 'Long > Short': 13, 'Open Short': 1202, 'Close Short': 1160, 'Short > Long': 12}"
0x9b422e571eb2cb9837efdc4f9087194d65fb070a,2194,2120,25,2169,0.9886052871467639,0.9774384685505926,0.9662716499544212,"{'Open Long': 25, 'Close Long': 2120, 'Sell': 49}"
0x6e00947f2e02a295332721b9cbc0a2a7dcffbdb9,1670,629,839,826,0.4946107784431138,0.4356287425149701,0.011377245508982036,"{'Close Long': 386, 'Long > Short': 101, 'Open Short': 386, 'Close Short': 243, 'Short > Long': 101, 'Open Long': 453}"
0x8d6f5ee2e45dc2fe594682d17201b93c30578cf7,1961,996,938,1023,0.5216726160122387,0.5147883732789393,0.01631820499745028,"{'Open Short': 362, 'Close Short': 408, 'Short > Long': 14, 'Open Long': 576, 'Close Long': 588, 'Long > Short': 13}"
0xae822bb60e9b636a79e692c0ee13e9a2ded7e5c9,1732,720,834,898,0.5184757505773672,0.46709006928406466,0.0040415704387990765,"{'Long > Short': 89, 'Short > Long': 89, 'Open Long': 444, 'Close Long': 419, 'Open Short': 390, 'Close Short': 301}"
0x9fccb762f817e136f65c25bdd6d9c5121b20db7a,2453,0,0,995,0.405625764370159,0.2028128821850795,0.0,"{'Buy': 1458, 'Sell': 995}"
0x1367df28c0681431b8a8f3d887576a1cad85560e,3457,2867,590,2867,0.8293317905698583,0.8293317905698583,0.6514318773503037,"{'Close Long': 2679, 'Open Long': 590, 'Close Short': 188}"
0x524f7d39d1a1a24aa315f101b3a8b9a82daf932f,5220,2735,2135,2837,0.5434865900383141,0.5337164750957855,0.03409961685823755,"{'Close Long': 2727, 'Open Long': 2036, 'Buy': 247, 'Sell': 103, 'Open Short': 99, 'Close Short': 8}"
0x9d9cbc11c85848a3ebf181940f2bec9f5fc75396,1626,849,777,849,0.522140221402214,0.522140221402214,0.3936039360393604,"{'Close Long': 849, 'Open Long': 777}"
0xcd3042a6ee602fc79c504e64d1d96b3f8c9d04ad,4552,0,0,2415,0.530536028119508,0.265268014059754,0.0,"{'Buy': 2137, 'Sell': 2415}"
0xd47776750bf095ae3f0461e06ce312c2e6026e7e,1449,716,729,720,0.4968944099378882,0.49551414768806074,0.4140786749482402,"{'Open Short': 433, 'Close Short': 419, 'Short > Long': 2, 'Open Long': 296, 'Close Long': 297, 'Long > Short': 2}"
0x89b61dba1332032926967cc935d17e4d61b88ce5,1523,755,764,759,0.4983585029546947,0.4970453053184504,0.3952724885095207,"{'Open Short': 494, 'Close Short': 450, 'Short > Long': 2, 'Open Long': 270, 'Close Long': 305, 'Long > Short': 2}"
0xc1fce740d83a60de67d039aa927a678ff78c202f,2589,1149,1250,1334,0.5152568559289301,0.4795287755890305,0.23947470065662418,"{'Close Short': 597, 'Short > Long': 101, 'Open Long': 534, 'Open Short': 716, 'Close Long': 552, 'Long > Short': 89}"
0x72952e155659818d9e0c5c0518ea1aab8344aee7,1997,612,1383,612,0.30645968953430147,0.30645968953430147,0.09914872308462694,"{'Close Long': 612, 'Open Long': 1383, 'Sell': 2}"
0xd34521cf9842e627ce643e2bf2ffb4a3e9e13fc8,2775,2153,622,2153,0.7758558558558558,0.7758558558558558,0.7758558558558558,"{'Close Long': 2153, 'Open Long': 622}"
0xace0a4c087f7f199328fb1e38d8d27bd237b03fd,1365,1365,0,1365,1.0,1.0,1.0,{'Close Short': 1365}
0xfee6cf78bba26a5808ca659d7bcd10491e75e3c2,3448,1457,1990,1458,0.4228538283062645,0.42270881670533644,0.3187354988399072,"{'Close Long': 1457, 'Liquidated Isolated Long': 1, 'Open Long': 1990}"
0x373753d4a354b34a23d04882a6ee64042f47a189,1470,1224,246,1224,0.8326530612244898,0.8326530612244898,0.7122448979591837,"{'Close Long': 1094, 'Close Short': 130, 'Open Long': 246}"
0x6d910bea79aaf318e7170c6fb8318d9c466b2164,1484,1483,0,1484,1.0,0.9996630727762803,0.9993261455525606,"{'Sell': 1, 'Close Long': 1483}"
0x126220f27cddaba57d903c51a94caf002b2ed355,6434,2978,3447,2986,0.46409698476841776,0.46347528753497047,0.2253652471246503,"{'Open Long': 1527, 'Open Short': 1920, 'Close Long': 1612, 'Close Short': 1366, 'Long > Short': 6, 'Short > Long': 3}"
0x8fa518fad6242806397c80139d61b8d9da7fb269,1913,904,983,930,0.48614741244119186,0.47935180345007844,0.24098274960794563,"{'Open Long': 496, 'Close Short': 442, 'Open Short': 487, 'Short > Long': 10, 'Close Long': 462, 'Long > Short': 16}"
0x6cd520c1a07c9b53b33d62d04d3c2a3175161968,2376,1008,1185,1109,0.46675084175084175,0.445496632996633,0.28535353535353536,"{'Close Long': 1008, 'Open Long': 1185, 'Sell': 101, 'Buy': 82}"
0x2300ed8421a5cbf44273a80697f868cd058b46c2,2010,1524,483,1527,0.7597014925373134,0.758955223880597,0.7283582089552239,"{'Open Long': 64, 'Open Short': 419, 'Close Long': 119, 'Long > Short': 2, 'Close Short': 1405, 'Short > Long': 1}"
0xe5e096ff9413971c6b2377e7811af53e82ca4d70,1462,95,1306,95,0.06497948016415869,0.06497948016415869,0.012995896032831737,"{'Open Long': 1298, 'Close Long': 84, 'Buy': 61, 'Open Short': 8, 'Close Short': 11}"
0x8c6f0a348a174be5c9f6470f474d32c1e3ab796e,1571,432,1022,549,0.3494589433481859,0.3122215149586251,0.2628898790579249,"{'Sell': 117, 'Open Long': 1022, 'Close Long': 153, 'Close Short': 279}"
0x42fa34caf53e79fcef0d147da7e1c31123fede21,2488,0,0,1359,0.5462218649517685,0.27311093247588425,0.0,"{'Sell': 1374, 'Buy': 1114}"
0xf27ebb91ea420f73b59b205ac7e0b77a90ec8f3c,2505,1543,806,1652,0.6594810379241517,0.6377245508982036,0.437125748502994,"{'Buy': 47, 'Sell': 86, 'Open Short': 680, 'Open Long': 126, 'Close Long': 1019, 'Close Short': 524, 'Short > Long': 17, 'Long > Short': 6}"
0x9e00ed4da9af5bfd0c254a4978a9bb9c547a86b0,5572,2900,2672,2900,0.5204594400574301,0.5204594400574301,0.14034458004307251,"{'Close Long': 2678, 'Open Short': 77, 'Close Short': 222, 'Open Long': 2595}"
0xbfa0e690bc003accbf92adfb926a739ae05273ba,1929,1585,344,1585,0.8216692586832556,0.8216692586832556,0.8216692586832556,"{'Close Long': 1585, 'Open Long': 344}"
0xc874875bd108aae0ea91888becd03dc0537231c2,1557,725,828,729,0.4682080924855491,0.46692357096981374,0.1708413615928067,"{'Open Short': 578, 'Close Short': 564, 'Open Long': 250, 'Close Long': 161, 'Sell': 4}"
0xf2803696e90e10148af1b590c60a052d65d21ac4,1741,848,893,848,0.4870763928776565,0.4870763928776565,0.0005743825387708214,"{'Close Long': 350, 'Open Short': 600, 'Close Short': 498, 'Open Long': 293}"
0x020ca66c30bec2c4fe3861a94e4db4a498a35872,11327,10985,305,11022,0.9730731879579765,0.9714399223095259,0.9698066566610754,"{'Close Long': 10985, 'Open Long': 305, 'Sell': 37}"
0x3d87201a276b1183fe0eecc96ac9c622e7db3f4d,2013,1527,484,1529,0.7595628415300546,0.7590660705414803,0.5211127670144063,"{'Close Long': 945, 'Long > Short': 2, 'Open Short': 233, 'Close Short': 582, 'Open Long': 251}"
0xa6e2dc44418f5ad213c86db4dbb203a59d13c49f,1834,1527,307,1527,0.8326063249727372,0.8326063249727372,0.8326063249727372,"{'Open Short': 68, 'Close Short': 519, 'Close Long': 1008, 'Open Long': 239}"
0x258a4b8a8447c61aabf1bef9bb14ee4d69efff03,4313,4073,240,4073,0.9443542777648968,0.9443542777648968,0.9162995594713657,"{'Close Short': 4073, 'Open Short': 240}"
0xab8178614b22bdabe2b4fc727f562a02496d892f,1652,182,1470,182,0.11016949152542373,0.11016949152542373,0.0,"{'Open Long': 1470, 'Close Long': 182}"
0xa07843ae68977ca35ecdb540b5be32bc8a7d13bd,1472,916,537,935,0.6351902173913043,0.6287364130434783,0.04008152173913043,"{'Close Long': 451, 'Open Long': 265, 'Long > Short': 10, 'Open Short': 272, 'Close Short': 465, 'Short > Long': 9}"
0x1776fb9202f1d591e6f317c7d4dbb9ffd9db9216,1504,977,527,977,0.6496010638297872,0.6496010638297872,0.5897606382978723,"{'Open Short': 118, 'Close Short': 429, 'Close Long': 548, 'Open Long': 409}"
0xadc9cf23f55c6221a05a8150e5768d7c3289562f,1984,605,1377,607,0.3059475806451613,0.30544354838709675,0.014616935483870967,"{'Close Short': 602, 'Open Short': 1370, 'Short > Long': 1, 'Open Long': 7, 'Close Long': 3, 'Long > Short': 1}"
0x8bff50aad8b4e06c5e148eaeb9d7aef69e26cdc3,2930,537,2393,537,0.18327645051194538,0.18327645051194538,0.10955631399317406,"{'Close Short': 321, 'Open Short': 2271, 'Open Long': 122, 'Close Long': 216}"
0xec4a6f59960fb55a7fa49262e2628687b322cf62,2593,2437,156,2437,0.9398380254531431,0.9398380254531431,0.8052448900887004,"{'Open Long': 156, 'Close Long': 2437}"
0x7e70ff1e17cf415e33dd5df299495e66732f9c4f,10458,4158,6300,4158,0.39759036144578314,0.39759036144578314,0.22910690380569898,"{'Open Long': 6300, 'Close Long': 4158}"
0x98054753cc4b5ad006f124801f6213dbc41752e7,1908,1826,82,1826,0.9570230607966457,0.9570230607966457,0.9570230607966457,"{'Open Long': 82, 'Close Long': 1826}"
0xb3021e6939755ab0d932536aeea9040356c4fe4d,1853,0,1853,0,0.0,0.0,0.0,{'Open Long': 1853}
0x8607a7d180de23645db594d90621d837749408d5,4933,4509,422,4511,0.9144536793026555,0.9142509629028988,0.9026961281167647,"{'Close Short': 4369, 'Short > Long': 2, 'Open Long': 422, 'Close Long': 140}"
0x1ceb3102445048f2f8c18f8f95cb661560e39c2b,2787,2589,189,2598,0.9321851453175457,0.9305705059203444,0.8815931108719053,"{'Close Short': 5, 'Close Long': 2584, 'Open Long': 189, 'Short > Long': 5, 'Long > Short': 4}"
0x45ff79e6154b77f2f5b18804967d522e161b8486,3164,1196,1892,1272,0.4020227560050569,0.3900126422250316,0.17414664981036662,"{'Close Long': 1196, 'Open Long': 1892, 'Sell': 76}"
0x9897376e0b0c3d8d6f27137f93b33e36ae6f0f45,1749,1265,484,1265,0.7232704402515723,0.7232704402515723,0.5706117781589479,"{'Open Long': 484, 'Close Long': 1265}"
0xa84c6fd42d4e5c2e9ffbdf452041a3485b170885,2643,1,2325,318,0.12031782065834279,0.06034808929247067,0.00037835792659856227,"{'Close Long': 1, 'Open Long': 2325, 'Sell': 317}"
0x06cd60ae3be5e43a444ee0352cb28ce961209b3b,1421,445,974,447,0.31456720619282197,0.31386347642505275,0.30893736805066857,"{'Close Short': 105, 'Open Long': 974, 'Short > Long': 2, 'Close Long': 340}"
0xe5764e03ee1e19b4c651907cea6a5b6961577b1d,1397,677,720,677,0.4846098783106657,0.4846098783106657,0.25125268432355047,"{'Open Short': 720, 'Close Short': 677}"
0x9c68cd0568eb47bad36ecd8090e6c1d1396a7783,1374,610,762,612,0.44541484716157204,0.44468704512372637,0.34497816593886466,"{'Open Long': 154, 'Close Short': 405, 'Long > Short': 1, 'Open Short': 608, 'Close Long': 205, 'Short > Long': 1}"
0x24fb6523036ebcb3cc51deff138066dccf6bed0f,1624,262,1362,262,0.16133004926108374,0.16133004926108374,0.13054187192118227,"{'Close Short': 86, 'Close Long': 176, 'Open Long': 1362}"
0x0fecee5bdf2db78d6d1499c3391494b3d888ba3b,3101,1506,1407,1694,0.54627539503386,0.5159625927120284,0.48564979039019673,"{'Sell': 188, 'Open Long': 1407, 'Close Long': 1506}"
0xab53c0b16aa09fa7f2bb00cb0a0ab9e1ca62ce8b,1411,815,596,815,0.5776045357902198,0.5776045357902198,0.17221828490432317,"{'Close Long': 463, 'Open Short': 535, 'Close Short': 352, 'Open Long': 61}"
0x741a58844ac349d6195d0b8ccf7fa07501eba5c2,8198,4861,3335,4863,0.5931934618199561,0.5930714808489876,0.5287875091485729,"{'Close Short': 2672, 'Close Long': 2189, 'Open Long': 2511, 'Open Short': 824, 'Long > Short': 1, 'Short > Long': 1}"
0xf1e79e5cf063073deec9a0d86c178f7cde84d479,1493,698,779,714,0.478231748158071,0.47287340924313465,0.2531815137307435,"{'Open Short': 324, 'Close Short': 468, 'Short > Long': 8, 'Open Long': 455, 'Close Long': 230, 'Long > Short': 8}"
0x414da2bed1986613e92301dc5241942919729236,1592,891,701,891,0.5596733668341709,0.5596733668341709,0.4949748743718593,"{'Close Long': 891, 'Open Long': 701}"
0xbf732ea04197942783e34730ed6e0f6099575d58,2011,1135,876,1135,0.564395822973645,0.564395822973645,0.5430134261561412,"{'Close Long': 1113, 'Open Long': 836, 'Open Short': 40, 'Close Short': 22}"
0x88b6addc407b2b809443aea0cf54221c6149b5c0,9891,1965,5802,1966,0.19876655545445354,0.19871600444848853,0.05055100596501871,"{'Close Short': 724, 'Buy': 2123, 'Short > Long': 1, 'Open Long': 5802, 'Close Long': 1241}"
0x525232cb6ed5030d2b052b36bfc0baec96986ee3,1554,771,442,771,0.49613899613899615,0.49613899613899615,0.46846846846846846,"{'Open Long': 442, 'Buy': 341, 'Close Long': 771}"
0xf037b3b0cb56d733bc1e588c309b32683891974c,2433,20,2413,20,0.008220304151253596,0.008220304151253596,0.007398273736128237,"{'Open Long': 2413, 'Close Long': 1, 'Close Short': 19}"
0x19541333a3cd5cadea5ab371fdce84dc428142a2,3736,1967,1760,1976,0.5289079229122056,0.5277034261241971,0.21547109207708778,"{'Close Long': 1967, 'Open Long': 1760, 'Sell': 9}"
0xba74c7d47a39dafbe83e9b4c12fc6fae44db9db0,2437,370,2067,370,0.15182601559294215,0.15182601559294215,0.05949938448912597,"{'Open Long': 2067, 'Close Long': 370}"
0x939f95036d2e7b6d7419ec072bf9d967352204d2,3326,1648,1677,1649,0.4957907396271798,0.49564040889957905,0.37221888153938665,"{'Close Short': 1238, 'Open Short': 1513, 'Short > Long': 1, 'Open Long': 164, 'Close Long': 410}"
0x5647249079e257329ecb6f46ed41821d3c69e7de,1425,668,757,668,0.4687719298245614,0.4687719298245614,0.27228070175438596,"{'Open Long': 249, 'Open Short': 508, 'Close Short': 668}"
0x5b5d51203a0f9079f8aeb098a6523a13f298c060,3045,3017,28,3017,0.9908045977011494,0.9908045977011494,0.9908045977011494,"{'Close Short': 3017, 'Open Short': 28}"
0xa9a0c8295a7d76e6f9cd04927cafd5ef1e6f8b7b,1869,649,1220,646,0.34563937934724454,0.3464419475655431,0.026217228464419477,"{'Open Long': 1220, 'Close Long': 649}"
0x0884051c662892bfcd8a132d1404ab8a3a409cea,2293,1434,775,1518,0.6620148277365896,0.6436982119494112,0.6253815961622329,"{'Close Long': 1434, 'Sell': 84, 'Open Long': 775}"
0x1aa780bb10425b86bcf05ecbb7953f9a93729ed9,5834,3067,2187,3646,0.6249571477545424,0.5753342475145697,0.10627356873500171,"{'Close Long': 2977, 'Open Long': 2088, 'Sell': 580, 'Open Short': 99, 'Close Short': 90}"
0xb83de012dba672c76a7dbbbf3e459cb59d7d6e36,7723,7705,0,7723,1.0,0.9988346497475075,0.9717726272174025,"{'Close Short': 7705, 'Sell': 18}"
0xb9dc5f9b3d1ed1e4c9cf0724a94fcaa8a2f5f92d,4344,3658,685,3659,0.8423112338858195,0.8421961325966851,0.8080110497237569,"{'Close Long': 3629, 'Long > Short': 1, 'Close Short': 29, 'Open Long': 685}"
0x6ae827976e8e8ad41a5c43f90cc9e0cad521202c,3898,3898,0,3898,1.0,1.0,1.0,{'Close Long': 3898}
0x9c89f595f5515609ad61f6fda94beff85ae6600e,1458,1323,135,1323,0.9074074074074074,0.9074074074074074,0.9074074074074074,"{'Close Long': 1323, 'Open Long': 135}"
0x34365f472a3af2ff8167970a519931437e2c2094,3425,2619,773,2652,0.7743065693430657,0.7694890510948905,0.7480291970802919,"{'Close Long': 2619, 'Open Long': 594, 'Sell': 33, 'Open Short': 179}"
0x58c6d652e07f7ffdd1e834ef16163a8d0c710895,1653,717,933,720,0.4355716878402904,0.43466424682395643,0.23774954627949182,"{'Close Long': 717, 'Open Long': 933, 'Sell': 3}"
0xf905049d614ddd21e4745417b3f05eb05e52c4fb,1567,949,618,949,0.6056158264199106,0.6056158264199106,0.6056158264199106,"{'Open Long': 618, 'Close Long': 949}"
0xfe1fadc7705762029efc2db65a2765626881f011,1817,1817,0,1817,1.0,1.0,1.0,{'Close Long': 1817}
0x2e3d94f0562703b25c83308a05046ddaf9a8dd14,6046,5746,0,5746,0.9503804168044988,0.9503804168044988,0.9379755210056235,"{'Liquidated Isolated Long': 229, 'Liquidated Cross Long': 71, 'Close Long': 5746}"
0x0facac3bd128fe6d799898a059d3634b877c7a0a,1660,80,1578,82,0.04939759036144578,0.04879518072289157,0.0391566265060241,"{'Close Long': 7, 'Close Short': 73, 'Open Short': 873, 'Short > Long': 1, 'Open Long': 705, 'Sell': 1}"
0x48b1a8f92e403bc9dc7500b9cbcc4cadf35c7ac0,2774,1295,1269,1503,0.5418168709444845,0.5043258832011536,0.28803172314347514,"{'Open Long': 1269, 'Close Long': 1295, 'Sell': 210}"
0x5f7e1de048ba1f23f60b1455849eebfce4a6b441,1689,875,814,875,0.5180580224985198,0.5180580224985198,0.0,"{'Open Long': 814, 'Close Long': 875}"
0x26dcbba2cfc204577a17227e0be494ace6db81ad,1976,1620,355,1621,0.8203441295546559,0.8200910931174089,0.8076923076923077,"{'Close Short': 1578, 'Short > Long': 1, 'Open Long': 354, 'Close Long': 42, 'Open Short': 1}"
0x5e9bfa224fcac0ca76e42d927bbec30317a26488,4274,2788,1485,2789,0.6525503041647169,0.6524333177351427,0.0,"{'Open Long': 1179, 'Close Long': 2555, 'Long > Short': 1, 'Open Short': 306, 'Close Short': 233}"
0xca230e816bdb34a46960c2f978a30a563d1ae9e0,1407,0,1407,0,0.0,0.0,0.0,{'Open Long': 1407}
0x33f9109a340ef486d4998a875aa180d5600636c0,2956,1382,1574,1382,0.4675236806495264,0.4675236806495264,0.3027740189445196,"{'Open Long': 1574, 'Close Long': 1382}"
0x53babe76166eae33c861aeddf9ce89af20311cd0,12635,6631,6004,6631,0.524812030075188,0.524812030075188,0.05318559556786703,"{'Open Long': 6004, 'Close Long': 6631}"
0x57f4fb3bd619f50d0fe74aaacff723494cfde132,5271,0,0,0,0.0,0.0,0.0,{'Buy': 5271}
0x2b6972120f2156b7832c10e4eecc62f20860b93a,2404,455,1945,459,0.19093178036605657,0.19009983361064892,0.1252079866888519,"{'Open Long': 1940, 'Close Long': 438, 'Open Short': 5, 'Close Short': 17, 'Short > Long': 1, 'Sell': 3}"
0x81c32dca33d44385e58837d1747a37f3ed9a498f,1688,0,917,0,0.0,0.0,0.0,"{'Buy': 771, 'Open Short': 917}"
0xcf90cfecf74e631feea816d02e757c0c8e895c0e,1557,81,1476,81,0.05202312138728324,0.05202312138728324,0.0,"{'Open Long': 1476, 'Close Long': 81}"
0xb356e5977ae1be0e47f7f44557acf0170e8d0512,3490,1605,1872,1618,0.4636103151862464,0.4617478510028653,0.05329512893982808,"{'Open Short': 1454, 'Sell': 12, 'Close Short': 1152, 'Open Long': 418, 'Close Long': 453, 'Liquidated Isolated Long': 1}"
0x8d0e342e0524392d035fb37461c6f5813ff59244,2657,1815,632,1848,0.6955212645841174,0.6893112532931878,0.186676703048551,"{'Close Long': 1815, 'Open Long': 632, 'Sell': 33, 'Buy': 177}"
0xd3dc3e6800f584a562565f8caf2ef4e47863eabc,6468,2437,4031,2437,0.37677798392084105,0.37677798392084105,0.08611626468769326,"{'Open Long': 4031, 'Close Long': 2437}"
0xb159e1697e5031811d788e4a2ac1a9b38d688202,1749,0,0,1749,1.0,0.5,0.0,{'Sell': 1749}
0x6f1d35664eab0efa5a796091c28d14f1472d3162,2201,1077,1124,1077,0.4893230349840981,0.4893230349840981,0.2080872330758746,"{'Open Long': 700, 'Close Long': 531, 'Open Short': 424, 'Close Short': 546}"
0xffbd3e51ae0e2c4407434e157965c064f2a11628,2378,11,2366,12,0.005046257359125316,0.004835996635828427,0.004625735912531539,"{'Close Short': 11, 'Short > Long': 1, 'Open Long': 2366}"
0x9a37179a2b2bacd9ff229e8c31f9b7bb34e36a9c,4081,965,3116,965,0.2364616515559912,0.2364616515559912,0.0,"{'Open Long': 3116, 'Close Long': 965}"
0x469e9a7f624b04c24f0e64edf8d8a277e6bf58a5,1393,582,811,582,0.4178033022254128,0.4178033022254128,0.4178033022254128,"{'Close Short': 582, 'Open Long': 255, 'Open Short': 556}"
0xb8e0d1698c5eea6f2aa7b88eb64d78d824f81915,1393,659,734,659,0.47307968413496054,0.47307968413496054,0.2641780330222541,"{'Open Long': 301, 'Close Long': 291, 'Open Short': 433, 'Close Short': 368}"
0xc50aa1e77492ab1090de92866ae91303e9981d98,1821,1027,792,1029,0.5650741350906096,0.5645249862712796,0.28775398132894014,"{'Close Short': 511, 'Short > Long': 1, 'Open Long': 421, 'Close Long': 516, 'Long > Short': 1, 'Open Short': 371}"
0x15df49f74171cd2157c89084f63e15fbd12c6ca1,5263,2538,2725,2538,0.482234467034011,0.482234467034011,0.2910887326619799,"{'Close Short': 757, 'Open Long': 2725, 'Close Long': 1781}"
0x06a3481efd4c3e14611fb4679ba101e337db05f9,2055,1069,986,1069,0.5201946472019465,0.5201946472019465,0.31046228710462287,"{'Close Long': 982, 'Open Long': 879, 'Open Short': 107, 'Close Short': 87}"
0x549e6dd8453ed87fccdcf4f8b37162b10edc0533,6793,1522,3532,2063,0.3036949801266009,0.26387457677020465,0.22405417341380834,"{'Sell': 547, 'Buy': 1192, 'Open Long': 3532, 'Close Long': 1522}"
0x3e02519a47cef3d4464944c4815fad9e5837e767,1663,0,1663,0,0.0,0.0,0.0,"{'Open Short': 563, 'Open Long': 1100}"
0x43e43c8c5ff17cf796c7db44468697984ed19deb,2750,1399,1351,1365,0.49636363636363634,0.5025454545454545,0.0,"{'Open Long': 1350, 'Close Long': 1398, 'Open Short': 1, 'Close Short': 1}"
0x4322fd98f95a219d2aae2bba6664e3574b4c3708,6712,3,5577,1135,0.16910011918951132,0.0847735399284863,0.0,"{'Sell': 1132, 'Open Long': 5577, 'Close Long': 3}"
0x9b5a536ca04bb1a54d732e497e75b3c592a4de46,1626,1222,402,1224,0.7527675276752768,0.7521525215252153,0.6820418204182042,"{'Close Long': 1222, 'Long > Short': 2, 'Open Short': 402}"
0x77eeda199553e33b246e4b4666849b9ad0972902,1517,864,645,872,0.5748187211601846,0.5721819380355966,0.3256427158866183,"{'Open Short': 569, 'Close Long': 170, 'Long > Short': 4, 'Close Short': 694, 'Short > Long': 4, 'Open Long': 76}"
0x8e096995c3e4a3f0bc5b3ea1cba94de2aa4d70c9,1632,1502,130,1502,0.9203431372549019,0.9203431372549019,0.8982843137254902,"{'Open Short': 130, 'Close Short': 1502}"
0xec0bb262ef7de43027437af9fdfbba8e0188c05b,2393,119,1328,196,0.08190555787714167,0.06581696615127455,0.04972837442540744,"{'Sell': 77, 'Close Short': 119, 'Buy': 869, 'Open Short': 1328}"
0xe5abbf19d40031a00eed4714979a2eff4cbb303f,1719,1003,716,1003,0.58347876672484,0.58347876672484,0.58347876672484,"{'Open Long': 716, 'Close Long': 1003}"
0xca0736756a24f8c8d2b1840b3b46e4133966f5bb,1456,663,793,663,0.45535714285714285,0.45535714285714285,0.45535714285714285,"{'Open Long': 793, 'Close Long': 663}"
0xb317d2bc2d3d2df5fa441b5bae0ab9d8b07283ae,1920,0,1920,0,0.0,0.0,0.0,{'Open Short': 1920}
0x1d52fe9bde2694f6172192381111a91e24304397,5985,5985,0,5985,1.0,1.0,0.9959899749373433,{'Close Long': 5985}
