client_order_id,trader_id,strategy_id,instrument_id,venue_order_id,position_id,account_id,last_trade_id,type,side,quantity,time_in_force,is_reduce_only,is_quote_quantity,filled_qty,liquidity_side,avg_px,slippage,commissions,emulation_trigger,status,contingency_type,order_list_id,linked_order_ids,parent_order_id,exec_algorithm_id,exec_algorithm_params,exec_spawn_id,tags,init_id,ts_init,ts_last
O-20240601-124500-BACKTEST-000-1,KRAKEN-BACKTEST,KrakenBTCUSDResearchStrategy-000,BTC/USD.KRAKEN,KRAKEN-1-001,BTC/USD.KRAKEN-KrakenBTCUSDResearchStrategy-000,KRAKEN-001,T-f46362bcc80a8780-575,MARKET,BUY,0.04424517,GTC,False,False,0.04424517,TAKER,67804.0,0.0,['12.00 USD'],NO_TRIGGER,FILLED,NO_CONTINGENCY,,,,,,,,f229a819-a68a-460d-ae81-07c68444c459,2024-06-01 12:45:00+00:00,2024-06-01 12:45:00+00:00
O-20240601-125500-BACKTEST-000-2,KRAKEN-BACKTEST,KrakenBTCUSDResearchStrategy-000,BTC/USD.KRAKEN,KRAKEN-1-002,BTC/USD.KRAKEN-KrakenBTCUSDResearchStrategy-000,KRAKEN-001,T-fe3b0e6b9c884936-583,MARKET,SELL,0.04424517,GTC,False,False,0.04424517,TAKER,67717.76,0.0,['11.98 USD'],NO_TRIGGER,FILLED,NO_CONTINGENCY,,,,,,,,0ed9718d-1986-4cd2-a7d3-01bf1f406d4b,2024-06-01 12:55:00+00:00,2024-06-01 12:55:00+00:00
O-20240602-142500-BACKTEST-000-3,KRAKEN-BACKTEST,KrakenBTCUSDResearchStrategy-000,BTC/USD.KRAKEN,KRAKEN-1-003,BTC/USD.KRAKEN-KrakenBTCUSDResearchStrategy-000,KRAKEN-001,T-60368aef8dc421fb-1728,MARKET,BUY,0.04377248,GTC,False,False,0.04377248,TAKER,68345.67,0.0,['11.97 USD'],NO_TRIGGER,FILLED,NO_CONTINGENCY,,,,,,,,389adacf-d094-4716-b00d-efba260425fc,2024-06-02 14:25:00+00:00,2024-06-02 14:25:00+00:00
O-20240602-144500-BACKTEST-000-4,KRAKEN-BACKTEST,KrakenBTCUSDResearchStrategy-000,BTC/USD.KRAKEN,KRAKEN-1-004,BTC/USD.KRAKEN-KrakenBTCUSDResearchStrategy-000,KRAKEN-001,T-818d692a3634e021-1741,MARKET,SELL,0.04377248,GTC,False,False,0.04377248,TAKER,68123.01000000001,0.0,['11.93 USD'],NO_TRIGGER,FILLED,NO_CONTINGENCY,,,,,,,,b50bfc48-28f3-4187-9a32-231e481d870a,2024-06-02 14:45:00+00:00,2024-06-02 14:45:00+00:00
O-20240602-223000-BACKTEST-000-5,KRAKEN-BACKTEST,KrakenBTCUSDResearchStrategy-000,BTC/USD.KRAKEN,KRAKEN-1-005,BTC/USD.KRAKEN-KrakenBTCUSDResearchStrategy-000,KRAKEN-001,T-2eb7ab7fdbb0069a-2100,MARKET,BUY,0.04386524,GTC,False,False,0.04386524,TAKER,67971.01000000001,0.0,['11.93 USD'],NO_TRIGGER,FILLED,NO_CONTINGENCY,,,,,,,,e2318183-3d4b-4826-9dc9-ad7285556797,2024-06-02 22:30:00+00:00,2024-06-02 22:30:00+00:00
O-20240602-233000-BACKTEST-000-6,KRAKEN-BACKTEST,KrakenBTCUSDResearchStrategy-000,BTC/USD.KRAKEN,KRAKEN-1-006,BTC/USD.KRAKEN-KrakenBTCUSDResearchStrategy-000,KRAKEN-001,T-831163edbfc47ebc-2144,MARKET,SELL,0.04386524,GTC,False,False,0.04386524,TAKER,67862.69,0.0,['11.91 USD'],NO_TRIGGER,FILLED,NO_CONTINGENCY,,,,,,,,5dfe3e25-b09c-4e29-b7c1-9663b26e56d9,2024-06-02 23:30:00+00:00,2024-06-02 23:30:00+00:00
O-20240603-015000-BACKTEST-000-7,KRAKEN-BACKTEST,KrakenBTCUSDResearchStrategy-000,BTC/USD.KRAKEN,KRAKEN-1-007,BTC/USD.KRAKEN-KrakenBTCUSDResearchStrategy-000,KRAKEN-001,T-5c6b21dc4ad2bf51-2254,MARKET,BUY,0.04341903,GTC,False,False,0.04341903,TAKER,68471.99,0.0,['11.89 USD'],NO_TRIGGER,FILLED,NO_CONTINGENCY,,,,,,,,61e7897b-34d1-42cb-943f-89b5f5a7cc0f,2024-06-03 01:50:00+00:00,2024-06-03 01:50:00+00:00
O-20240603-143500-BACKTEST-000-8,KRAKEN-BACKTEST,KrakenBTCUSDResearchStrategy-000,BTC/USD.KRAKEN,KRAKEN-1-008,BTC/USD.KRAKEN-KrakenBTCUSDResearchStrategy-000,KRAKEN-001,T-5c34679953ccf1c5-2855,MARKET,SELL,0.04341903,GTC,False,False,0.04341903,TAKER,69180.01999999999,0.0,['12.01 USD'],NO_TRIGGER,FILLED,NO_CONTINGENCY,,,,,,,,27a364ea-a9aa-4f55-92f6-fac12515e0df,2024-06-03 14:35:00+00:00,2024-06-03 14:35:00+00:00
O-20240604-021000-BACKTEST-000-9,KRAKEN-BACKTEST,KrakenBTCUSDResearchStrategy-000,BTC/USD.KRAKEN,KRAKEN-1-009,BTC/USD.KRAKEN-KrakenBTCUSDResearchStrategy-000,KRAKEN-001,T-08e33d0959e8c938-3393,MARKET,BUY,0.04295045,GTC,False,False,0.04295045,TAKER,69266.79000000001,0.0,['11.90 USD'],NO_TRIGGER,FILLED,NO_CONTINGENCY,,,,,,,,abb3b4cc-0152-4f3d-8af7-177120d5eb42,2024-06-04 02:10:00+00:00,2024-06-04 02:10:00+00:00
O-20240604-024500-BACKTEST-000-10,KRAKEN-BACKTEST,KrakenBTCUSDResearchStrategy-000,BTC/USD.KRAKEN,KRAKEN-1-010,BTC/USD.KRAKEN-KrakenBTCUSDResearchStrategy-000,KRAKEN-001,T-bbb2839fe91424c2-3419,MARKET,SELL,0.04295045,GTC,False,False,0.04295045,TAKER,69100.0,0.0,['11.87 USD'],NO_TRIGGER,FILLED,NO_CONTINGENCY,,,,,,,,4da81888-f296-4777-a695-2bb6e625e092,2024-06-04 02:45:00+00:00,2024-06-04 02:45:00+00:00
O-20240604-131000-BACKTEST-000-11,KRAKEN-BACKTEST,KrakenBTCUSDResearchStrategy-000,BTC/USD.KRAKEN,KRAKEN-1-011,BTC/USD.KRAKEN-KrakenBTCUSDResearchStrategy-000,KRAKEN-001,T-c0ced3b231ed4fcf-3900,MARKET,BUY,0.04283875,GTC,False,False,0.04283875,TAKER,69230.79000000001,0.0,['11.86 USD'],NO_TRIGGER,FILLED,NO_CONTINGENCY,,,,,,,,c447b8e3-2d56-49fa-9e36-b518cea708e2,2024-06-04 13:10:00+00:00,2024-06-04 13:10:00+00:00
O-20240605-085000-BACKTEST-000-12,KRAKEN-BACKTEST,KrakenBTCUSDResearchStrategy-000,BTC/USD.KRAKEN,KRAKEN-1-012,BTC/USD.KRAKEN-KrakenBTCUSDResearchStrategy-000,KRAKEN-001,T-7c9ebed59356ff71-4811,MARKET,SELL,0.04283875,GTC,False,False,0.04283875,TAKER,70906.67,0.0,['12.15 USD'],NO_TRIGGER,FILLED,NO_CONTINGENCY,,,,,,,,69a32ad0-4cf7-4110-a470-7d3919d04db6,2024-06-05 08:50:00+00:00,2024-06-05 08:50:00+00:00
O-20240605-132000-BACKTEST-000-13,KRAKEN-BACKTEST,KrakenBTCUSDResearchStrategy-000,BTC/USD.KRAKEN,KRAKEN-1-013,BTC/USD.KRAKEN-KrakenBTCUSDResearchStrategy-000,KRAKEN-001,T-4d8dda474eb9b514-5023,MARKET,BUY,0.04189056,GTC,False,False,0.04189056,TAKER,71140.01,0.0,['11.92 USD'],NO_TRIGGER,FILLED,NO_CONTINGENCY,,,,,,,,21c914a0-17d9-49f3-b9f1-9a25c7b707eb,2024-06-05 13:20:00+00:00,2024-06-05 13:20:00+00:00
O-20240605-133500-BACKTEST-000-14,KRAKEN-BACKTEST,KrakenBTCUSDResearchStrategy-000,BTC/USD.KRAKEN,KRAKEN-1-014,BTC/USD.KRAKEN-KrakenBTCUSDResearchStrategy-000,KRAKEN-001,T-852eea94f59cd5e6-5036,MARKET,SELL,0.04189056,GTC,False,False,0.04189056,TAKER,70770.01999999999,0.0,['11.86 USD'],NO_TRIGGER,FILLED,NO_CONTINGENCY,,,,,,,,39f64400-9ec8-48b1-bac9-1f58bea9b2a2,2024-06-05 13:35:00+00:00,2024-06-05 13:35:00+00:00
O-20240605-152500-BACKTEST-000-15,KRAKEN-BACKTEST,KrakenBTCUSDResearchStrategy-000,BTC/USD.KRAKEN,KRAKEN-1-015,BTC/USD.KRAKEN-KrakenBTCUSDResearchStrategy-000,KRAKEN-001,T-d0205c6b2a27b827-5122,MARKET,BUY,0.04148959,GTC,False,False,0.04148959,TAKER,71543.57,0.0,['11.87 USD'],NO_TRIGGER,FILLED,NO_CONTINGENCY,,,,,,,,670ffa2c-c6a6-4ce6-bda8-0b975b1b2b02,2024-06-05 15:25:00+00:00,2024-06-05 15:25:00+00:00
O-20240605-182000-BACKTEST-000-16,KRAKEN-BACKTEST,KrakenBTCUSDResearchStrategy-000,BTC/USD.KRAKEN,KRAKEN-1-016,BTC/USD.KRAKEN-KrakenBTCUSDResearchStrategy-000,KRAKEN-001,T-bf597708c36aff66-5261,MARKET,SELL,0.04148959,GTC,False,False,0.04148959,TAKER,71160.39,0.0,['11.81 USD'],NO_TRIGGER,FILLED,NO_CONTINGENCY,,,,,,,,dbafde8c-fda0-46f3-a602-381315a77f30,2024-06-05 18:20:00+00:00,2024-06-05 18:20:00+00:00
O-20240606-115500-BACKTEST-000-17,KRAKEN-BACKTEST,KrakenBTCUSDResearchStrategy-000,BTC/USD.KRAKEN,KRAKEN-1-017,BTC/USD.KRAKEN-KrakenBTCUSDResearchStrategy-000,KRAKEN-001,T-ff10c1de328f441d-6064,MARKET,BUY,0.04154057,GTC,False,False,0.04154057,TAKER,71170.01,0.0,['11.83 USD'],NO_TRIGGER,FILLED,NO_CONTINGENCY,,,,,,,,203e3166-5f6c-45aa-8fa6-97a210876026,2024-06-06 11:55:00+00:00,2024-06-06 11:55:00+00:00
O-20240606-141500-BACKTEST-000-18,KRAKEN-BACKTEST,KrakenBTCUSDResearchStrategy-000,BTC/USD.KRAKEN,KRAKEN-1-018,BTC/USD.KRAKEN-KrakenBTCUSDResearchStrategy-000,KRAKEN-001,T-0235095313c3a479-6175,MARKET,SELL,0.04154057,GTC,False,False,0.04154057,TAKER,71061.0,0.0,['11.81 USD'],NO_TRIGGER,FILLED,NO_CONTINGENCY,,,,,,,,e9626a90-6327-492d-b976-834640631bec,2024-06-06 14:15:00+00:00,2024-06-06 14:15:00+00:00
O-20240606-152500-BACKTEST-000-19,KRAKEN-BACKTEST,KrakenBTCUSDResearchStrategy-000,BTC/USD.KRAKEN,KRAKEN-1-019,BTC/USD.KRAKEN-KrakenBTCUSDResearchStrategy-000,KRAKEN-001,T-6a84f1d3ff3f0b0e-6230,MARKET,BUY,0.04117493,GTC,False,False,0.04117493,TAKER,71596.76000000001,0.0,['11.79 USD'],NO_TRIGGER,FILLED,NO_CONTINGENCY,,,,,,,,393548e0-0aa5-41a1-9672-bd5cb94bf155,2024-06-06 15:25:00+00:00,2024-06-06 15:25:00+00:00
O-20240606-154500-BACKTEST-000-20,KRAKEN-BACKTEST,KrakenBTCUSDResearchStrategy-000,BTC/USD.KRAKEN,KRAKEN-1-020,BTC/USD.KRAKEN-KrakenBTCUSDResearchStrategy-000,KRAKEN-001,T-5362bbdde26b4d71-6246,MARKET,SELL,0.04117493,GTC,False,False,0.04117493,TAKER,71348.98999999999,0.0,['11.75 USD'],NO_TRIGGER,FILLED,NO_CONTINGENCY,,,,,,,,f8efa50c-0e5b-45ed-85bf-ac24d6d302f9,2024-06-06 15:45:00+00:00,2024-06-06 15:45:00+00:00
O-20240607-040000-BACKTEST-000-21,KRAKEN-BACKTEST,KrakenBTCUSDResearchStrategy-000,BTC/USD.KRAKEN,KRAKEN-1-021,BTC/USD.KRAKEN-KrakenBTCUSDResearchStrategy-000,KRAKEN-001,T-ea22811414800704-6810,MARKET,BUY,0.04130283,GTC,False,False,0.04130283,TAKER,71129.99,0.0,['11.75 USD'],NO_TRIGGER,FILLED,NO_CONTINGENCY,,,,,,,,c6491281-bfca-477f-b404-55a09f978931,2024-06-07 04:00:00+00:00,2024-06-07 04:00:00+00:00
O-20240607-075000-BACKTEST-000-22,KRAKEN-BACKTEST,KrakenBTCUSDResearchStrategy-000,BTC/USD.KRAKEN,KRAKEN-1-022,BTC/USD.KRAKEN-KrakenBTCUSDResearchStrategy-000,KRAKEN-001,T-76c9df5d0522def7-6985,MARKET,SELL,0.04130283,GTC,False,False,0.04130283,TAKER,71070.08,0.0,['11.74 USD'],NO_TRIGGER,FILLED,NO_CONTINGENCY,,,,,,,,853c5d59-12a8-4faf-8663-a67976fe8c6a,2024-06-07 07:50:00+00:00,2024-06-07 07:50:00+00:00
O-20240607-105000-BACKTEST-000-23,KRAKEN-BACKTEST,KrakenBTCUSDResearchStrategy-000,BTC/USD.KRAKEN,KRAKEN-1-023,BTC/USD.KRAKEN-KrakenBTCUSDResearchStrategy-000,KRAKEN-001,T-bf39ce25889a48b6-7126,MARKET,BUY,0.04103956,GTC,False,False,0.04103956,TAKER,71396.51,0.0,['11.72 USD'],NO_TRIGGER,FILLED,NO_CONTINGENCY,,,,,,,,0fac3c61-bbf2-40bf-996c-7f164090e5d9,2024-06-07 10:50:00+00:00,2024-06-07 10:50:00+00:00
O-20240607-123000-BACKTEST-000-24,KRAKEN-BACKTEST,KrakenBTCUSDResearchStrategy-000,BTC/USD.KRAKEN,KRAKEN-1-024,BTC/USD.KRAKEN-KrakenBTCUSDResearchStrategy-000,KRAKEN-001,T-acbc7927afb49c06-7205,MARKET,SELL,0.04103956,GTC,False,False,0.04103956,TAKER,70937.98000000001,0.0,['11.65 USD'],NO_TRIGGER,FILLED,NO_CONTINGENCY,,,,,,,,dceb3a30-4a80-4702-abad-f0d059536148,2024-06-07 12:30:00+00:00,2024-06-07 12:30:00+00:00
O-20240608-075500-BACKTEST-000-25,KRAKEN-BACKTEST,KrakenBTCUSDResearchStrategy-000,BTC/USD.KRAKEN,KRAKEN-1-025,BTC/USD.KRAKEN-KrakenBTCUSDResearchStrategy-000,KRAKEN-001,T-b098fcc8248b1b74-8101,MARKET,BUY,0.04192774,GTC,False,False,0.04192774,TAKER,69582.20000000001,0.0,['11.67 USD'],NO_TRIGGER,FILLED,NO_CONTINGENCY,,,,,,,,c0758ccf-b48f-4c0f-95ea-c37f25c535a2,2024-06-08 07:55:00+00:00,2024-06-08 07:55:00+00:00
O-20240608-080500-BACKTEST-000-26,KRAKEN-BACKTEST,KrakenBTCUSDResearchStrategy-000,BTC/USD.KRAKEN,KRAKEN-1-026,BTC/USD.KRAKEN-KrakenBTCUSDResearchStrategy-000,KRAKEN-001,T-88dd3f9b07c5685a-8108,MARKET,SELL,0.04192774,GTC,False,False,0.04192774,TAKER,69464.11,0.0,['11.65 USD'],NO_TRIGGER,FILLED,NO_CONTINGENCY,,,,,,,,dd5af70f-4b72-4448-bbb4-2141ee0a2ec2,2024-06-08 08:05:00+00:00,2024-06-08 08:05:00+00:00
O-20240609-061500-BACKTEST-000-27,KRAKEN-BACKTEST,KrakenBTCUSDResearchStrategy-000,BTC/USD.KRAKEN,KRAKEN-1-027,BTC/USD.KRAKEN-KrakenBTCUSDResearchStrategy-000,KRAKEN-001,T-009548a379761b1c-9082,MARKET,BUY,0.04193817,GTC,False,False,0.04193817,TAKER,69362.68000000001,0.0,['11.64 USD'],NO_TRIGGER,FILLED,NO_CONTINGENCY,,,,,,,,6f77398d-1cf3-4456-8617-f118e6c48697,2024-06-09 06:15:00+00:00,2024-06-09 06:15:00+00:00
O-20240609-074500-BACKTEST-000-28,KRAKEN-BACKTEST,KrakenBTCUSDResearchStrategy-000,BTC/USD.KRAKEN,KRAKEN-1-028,BTC/USD.KRAKEN-KrakenBTCUSDResearchStrategy-000,KRAKEN-001,T-e71c9d36e7e25ca8-9148,MARKET,SELL,0.04193817,GTC,False,False,0.04193817,TAKER,69302.59,0.0,['11.63 USD'],NO_TRIGGER,FILLED,NO_CONTINGENCY,,,,,,,,a9971d59-fae3-42cd-9748-acb9d4a7d3ea,2024-06-09 07:45:00+00:00,2024-06-09 07:45:00+00:00
O-20240609-123000-BACKTEST-000-29,KRAKEN-BACKTEST,KrakenBTCUSDResearchStrategy-000,BTC/USD.KRAKEN,KRAKEN-1-029,BTC/USD.KRAKEN-KrakenBTCUSDResearchStrategy-000,KRAKEN-001,T-0e146d449cd54a31-9350,MARKET,BUY,0.04175657,GTC,False,False,0.04175657,TAKER,69479.04,0.0,['11.60 USD'],NO_TRIGGER,FILLED,NO_CONTINGENCY,,,,,,,,0888083f-cbe4-4b7b-af82-92a5029830c2,2024-06-09 12:30:00+00:00,2024-06-09 12:30:00+00:00
O-20240609-133000-BACKTEST-000-30,KRAKEN-BACKTEST,KrakenBTCUSDResearchStrategy-000,BTC/USD.KRAKEN,KRAKEN-1-030,BTC/USD.KRAKEN-KrakenBTCUSDResearchStrategy-000,KRAKEN-001,T-4e96532ee470f347-9396,MARKET,SELL,0.04175657,GTC,False,False,0.04175657,TAKER,69331.45999999999,0.0,['11.58 USD'],NO_TRIGGER,FILLED,NO_CONTINGENCY,,,,,,,,e3a65f0b-3d8c-49ad-b81c-8e436e8dc273,2024-06-09 13:30:00+00:00,2024-06-09 13:30:00+00:00
O-20240609-180500-BACKTEST-000-31,KRAKEN-BACKTEST,KrakenBTCUSDResearchStrategy-000,BTC/USD.KRAKEN,KRAKEN-1-031,BTC/USD.KRAKEN-KrakenBTCUSDResearchStrategy-000,KRAKEN-001,T-4be3a43bbcb7f278-9611,MARKET,BUY,0.04149582,GTC,False,False,0.04149582,TAKER,69703.44,0.0,['11.57 USD'],NO_TRIGGER,FILLED,NO_CONTINGENCY,,,,,,,,03cf5147-1c30-46b8-9d25-6d8f5c2774c3,2024-06-09 18:05:00+00:00,2024-06-09 18:05:00+00:00
O-20240609-213500-BACKTEST-000-32,KRAKEN-BACKTEST,KrakenBTCUSDResearchStrategy-000,BTC/USD.KRAKEN,KRAKEN-1-032,BTC/USD.KRAKEN-KrakenBTCUSDResearchStrategy-000,KRAKEN-001,T-6734fb5fe467dbf7-9773,MARKET,SELL,0.04149582,GTC,False,False,0.04149582,TAKER,69610.01,0.0,['11.55 USD'],NO_TRIGGER,FILLED,NO_CONTINGENCY,,,,,,,,57d32f78-7553-4658-9fe7-303934813125,2024-06-09 21:35:00+00:00,2024-06-09 21:35:00+00:00
O-20240610-145500-BACKTEST-000-33,KRAKEN-BACKTEST,KrakenBTCUSDResearchStrategy-000,BTC/USD.KRAKEN,KRAKEN-1-033,BTC/USD.KRAKEN-KrakenBTCUSDResearchStrategy-000,KRAKEN-001,T-c577df314b6ee372-10546,MARKET,BUY,0.04140418,GTC,False,False,0.04140418,TAKER,69662.09,0.0,['11.54 USD'],NO_TRIGGER,FILLED,NO_CONTINGENCY,,,,,,,,8e3f7b96-a52c-4f65-a02f-d64ceabf5ce1,2024-06-10 14:55:00+00:00,2024-06-10 14:55:00+00:00
O-20240610-190500-BACKTEST-000-34,KRAKEN-BACKTEST,KrakenBTCUSDResearchStrategy-000,BTC/USD.KRAKEN,KRAKEN-1-034,BTC/USD.KRAKEN-KrakenBTCUSDResearchStrategy-000,KRAKEN-001,T-1cf4e1474320a0b6-10741,MARKET,SELL,0.04140418,GTC,False,False,0.04140418,TAKER,69599.45,0.0,['11.53 USD'],NO_TRIGGER,FILLED,NO_CONTINGENCY,,,,,,,,df433f0f-0c1c-46fb-9f92-744f356211d7,2024-06-10 19:05:00+00:00,2024-06-10 19:05:00+00:00
O-20240611-191000-BACKTEST-000-35,KRAKEN-BACKTEST,KrakenBTCUSDResearchStrategy-000,BTC/USD.KRAKEN,KRAKEN-1-035,BTC/USD.KRAKEN-KrakenBTCUSDResearchStrategy-000,KRAKEN-001,T-cd76c93a63119dc4-11846,MARKET,BUY,0.04276332,GTC,False,False,0.04276332,TAKER,67268.01,0.0,['11.51 USD'],NO_TRIGGER,FILLED,NO_CONTINGENCY,,,,,,,,1cbf7a43-00fc-4c11-b878-92cf07473aa6,2024-06-11 19:10:00+00:00,2024-06-11 19:10:00+00:00
O-20240612-002500-BACKTEST-000-36,KRAKEN-BACKTEST,KrakenBTCUSDResearchStrategy-000,BTC/USD.KRAKEN,KRAKEN-1-036,BTC/USD.KRAKEN-KrakenBTCUSDResearchStrategy-000,KRAKEN-001,T-8a4935a74b93244b-12085,MARKET,SELL,0.04276332,GTC,False,False,0.04276332,TAKER,67232.0,0.0,['11.50 USD'],NO_TRIGGER,FILLED,NO_CONTINGENCY,,,,,,,,75dfdca2-7012-4301-ae1b-933f00d9a375,2024-06-12 00:25:00+00:00,2024-06-12 00:25:00+00:00
O-20240612-043500-BACKTEST-000-37,KRAKEN-BACKTEST,KrakenBTCUSDResearchStrategy-000,BTC/USD.KRAKEN,KRAKEN-1-037,BTC/USD.KRAKEN-KrakenBTCUSDResearchStrategy-000,KRAKEN-001,T-47743ee7d985a317-12274,MARKET,BUY,0.04244020,GTC,False,False,0.04244020,TAKER,67606.62000000001,0.0,['11.48 USD'],NO_TRIGGER,FILLED,NO_CONTINGENCY,,,,,,,,03416105-231e-4157-a0ba-aba29df75c6d,2024-06-12 04:35:00+00:00,2024-06-12 04:35:00+00:00
O-20240612-050000-BACKTEST-000-38,KRAKEN-BACKTEST,KrakenBTCUSDResearchStrategy-000,BTC/USD.KRAKEN,KRAKEN-1-038,BTC/USD.KRAKEN-KrakenBTCUSDResearchStrategy-000,KRAKEN-001,T-f0156ecde5c59ff9-12295,MARKET,SELL,0.04244020,GTC,False,False,0.04244020,TAKER,67430.95,0.0,['11.45 USD'],NO_TRIGGER,FILLED,NO_CONTINGENCY,,,,,,,,99cd9df0-0d31-41b7-a905-59664822b974,2024-06-12 05:00:00+00:00,2024-06-12 05:00:00+00:00
O-20240612-094500-BACKTEST-000-39,KRAKEN-BACKTEST,KrakenBTCUSDResearchStrategy-000,BTC/USD.KRAKEN,KRAKEN-1-039,BTC/USD.KRAKEN-KrakenBTCUSDResearchStrategy-000,KRAKEN-001,T-37f7d0491edecd41-12515,MARKET,BUY,0.04234197,GTC,False,False,0.04234197,TAKER,67548.15000000001,0.0,['11.44 USD'],NO_TRIGGER,FILLED,NO_CONTINGENCY,,,,,,,,3a78ff98-5d8f-4877-b782-ab33e5766873,2024-06-12 09:45:00+00:00,2024-06-12 09:45:00+00:00
O-20240612-183000-BACKTEST-000-40,KRAKEN-BACKTEST,KrakenBTCUSDResearchStrategy-000,BTC/USD.KRAKEN,KRAKEN-1-040,BTC/USD.KRAKEN-KrakenBTCUSDResearchStrategy-000,KRAKEN-001,T-fa5f210b489e7fc3-12920,MARKET,SELL,0.04234197,GTC,False,False,0.04234197,TAKER,69091.28,0.0,['11.70 USD'],NO_TRIGGER,FILLED,NO_CONTINGENCY,,,,,,,,fe56c233-a87e-4eaa-ad0d-c3f914adeb8b,2024-06-12 18:30:00+00:00,2024-06-12 18:30:00+00:00
O-20240613-123000-BACKTEST-000-41,KRAKEN-BACKTEST,KrakenBTCUSDResearchStrategy-000,BTC/USD.KRAKEN,KRAKEN-1-041,BTC/USD.KRAKEN-KrakenBTCUSDResearchStrategy-000,KRAKEN-001,T-befc80a60910f659-13760,MARKET,BUY,0.04217920,GTC,False,False,0.04217920,TAKER,68108.97,0.0,['11.49 USD'],NO_TRIGGER,FILLED,NO_CONTINGENCY,,,,,,,,e8ff4346-2d4e-4a7f-8fdd-ca1adfeae0f8,2024-06-13 12:30:00+00:00,2024-06-13 12:30:00+00:00
O-20240613-123500-BACKTEST-000-42,KRAKEN-BACKTEST,KrakenBTCUSDResearchStrategy-000,BTC/USD.KRAKEN,KRAKEN-1-042,BTC/USD.KRAKEN-KrakenBTCUSDResearchStrategy-000,KRAKEN-001,T-fc2a26b0a71f9fd3-13765,MARKET,SELL,0.04217920,GTC,False,False,0.04217920,TAKER,67774.07,0.0,['11.43 USD'],NO_TRIGGER,FILLED,NO_CONTINGENCY,,,,,,,,365068c3-da55-4433-b283-a673e0ef9608,2024-06-13 12:35:00+00:00,2024-06-13 12:35:00+00:00
O-20240614-132500-BACKTEST-000-43,KRAKEN-BACKTEST,KrakenBTCUSDResearchStrategy-000,BTC/USD.KRAKEN,KRAKEN-1-043,BTC/USD.KRAKEN-KrakenBTCUSDResearchStrategy-000,KRAKEN-001,T-84703e8c849bdb12-14929,MARKET,BUY,0.04250140,GTC,False,False,0.04250140,TAKER,67331.18000000001,0.0,['11.45 USD'],NO_TRIGGER,FILLED,NO_CONTINGENCY,,,,,,,,e48f6577-1af9-4545-a117-bc9b58dfed51,2024-06-14 13:25:00+00:00,2024-06-14 13:25:00+00:00
O-20240614-135500-BACKTEST-000-44,KRAKEN-BACKTEST,KrakenBTCUSDResearchStrategy-000,BTC/USD.KRAKEN,KRAKEN-1-044,BTC/USD.KRAKEN-KrakenBTCUSDResearchStrategy-000,KRAKEN-001,T-41d66937dca3e711-14954,MARKET,SELL,0.04250140,GTC,False,False,0.04250140,TAKER,67070.5,0.0,['11.40 USD'],NO_TRIGGER,FILLED,NO_CONTINGENCY,,,,,,,,4800cf6c-b67c-4a61-ae53-12751f476409,2024-06-14 13:55:00+00:00,2024-06-14 13:55:00+00:00
O-20240615-041000-BACKTEST-000-45,KRAKEN-BACKTEST,KrakenBTCUSDResearchStrategy-000,BTC/USD.KRAKEN,KRAKEN-1-045,BTC/USD.KRAKEN-KrakenBTCUSDResearchStrategy-000,KRAKEN-001,T-b75fef9557ab5067-15625,MARKET,BUY,0.04299440,GTC,False,False,0.04299440,TAKER,66322.37000000001,0.0,['11.41 USD'],NO_TRIGGER,FILLED,NO_CONTINGENCY,,,,,,,,fab393c2-e22e-46ff-ac0c-5c3911369353,2024-06-15 04:10:00+00:00,2024-06-15 04:10:00+00:00
O-20240615-042500-BACKTEST-000-46,KRAKEN-BACKTEST,KrakenBTCUSDResearchStrategy-000,BTC/USD.KRAKEN,KRAKEN-1-046,BTC/USD.KRAKEN-KrakenBTCUSDResearchStrategy-000,KRAKEN-001,T-591edd972a17380e-15637,MARKET,SELL,0.04299440,GTC,False,False,0.04299440,TAKER,66220.0,0.0,['11.39 USD'],NO_TRIGGER,FILLED,NO_CONTINGENCY,,,,,,,,f6a1dfa4-bc42-4997-beea-5b35ec7b36bd,2024-06-15 04:25:00+00:00,2024-06-15 04:25:00+00:00
O-20240615-151500-BACKTEST-000-47,KRAKEN-BACKTEST,KrakenBTCUSDResearchStrategy-000,BTC/USD.KRAKEN,KRAKEN-1-047,BTC/USD.KRAKEN-KrakenBTCUSDResearchStrategy-000,KRAKEN-001,T-631bd8f6f5c48f92-16138,MARKET,BUY,0.04279461,GTC,False,False,0.04279461,TAKER,66441.31999999999,0.0,['11.37 USD'],NO_TRIGGER,FILLED,NO_CONTINGENCY,,,,,,,,5e40b014-a31e-4c0e-9280-0d12cee33355,2024-06-15 15:15:00+00:00,2024-06-15 15:15:00+00:00
O-20240615-152500-BACKTEST-000-48,KRAKEN-BACKTEST,KrakenBTCUSDResearchStrategy-000,BTC/USD.KRAKEN,KRAKEN-1-048,BTC/USD.KRAKEN-KrakenBTCUSDResearchStrategy-000,KRAKEN-001,T-f998ce136145c8c4-16146,MARKET,SELL,0.04279461,GTC,False,False,0.04279461,TAKER,66324.0,0.0,['11.35 USD'],NO_TRIGGER,FILLED,NO_CONTINGENCY,,,,,,,,369fce19-1da8-497f-a2c4-45ebfa5f119e,2024-06-15 15:25:00+00:00,2024-06-15 15:25:00+00:00
O-20240615-233000-BACKTEST-000-49,KRAKEN-BACKTEST,KrakenBTCUSDResearchStrategy-000,BTC/USD.KRAKEN,KRAKEN-1-049,BTC/USD.KRAKEN-KrakenBTCUSDResearchStrategy-000,KRAKEN-001,T-5e6d3a1dd7aa6b37-16518,MARKET,BUY,0.04277644,GTC,False,False,0.04277644,TAKER,66275.0,0.0,['11.34 USD'],NO_TRIGGER,FILLED,NO_CONTINGENCY,,,,,,,,19e98e05-af63-4101-8928-9b3f32ec075f,2024-06-15 23:30:00+00:00,2024-06-15 23:30:00+00:00
O-20240615-234500-BACKTEST-000-50,KRAKEN-BACKTEST,KrakenBTCUSDResearchStrategy-000,BTC/USD.KRAKEN,KRAKEN-1-050,BTC/USD.KRAKEN-KrakenBTCUSDResearchStrategy-000,KRAKEN-001,T-6667e60215d9b9a2-16529,MARKET,SELL,0.04277644,GTC,False,False,0.04277644,TAKER,66216.09,0.0,['11.33 USD'],NO_TRIGGER,FILLED,NO_CONTINGENCY,,,,,,,,9cbef287-f898-41a3-b754-0e48708a7d13,2024-06-15 23:45:00+00:00,2024-06-15 23:45:00+00:00
O-20240616-053000-BACKTEST-000-51,KRAKEN-BACKTEST,KrakenBTCUSDResearchStrategy-000,BTC/USD.KRAKEN,KRAKEN-1-051,BTC/USD.KRAKEN-KrakenBTCUSDResearchStrategy-000,KRAKEN-001,T-7d9fe56868cbbcb2-16791,MARKET,BUY,0.04268811,GTC,False,False,0.04268811,TAKER,66235.11,0.0,['11.31 USD'],NO_TRIGGER,FILLED,NO_CONTINGENCY,,,,,,,,98ed1626-9fab-450f-81ed-f7d9b9e68a0e,2024-06-16 05:30:00+00:00,2024-06-16 05:30:00+00:00
O-20240616-063500-BACKTEST-000-52,KRAKEN-BACKTEST,KrakenBTCUSDResearchStrategy-000,BTC/USD.KRAKEN,KRAKEN-1-052,BTC/USD.KRAKEN-KrakenBTCUSDResearchStrategy-000,KRAKEN-001,T-08a989e8b41d9b09-16839,MARKET,SELL,0.04268811,GTC,False,False,0.04268811,TAKER,66184.34,0.0,['11.30 USD'],NO_TRIGGER,FILLED,NO_CONTINGENCY,,,,,,,,53b7b43b-04e6-46ad-a6ca-e2154e703874,2024-06-16 06:35:00+00:00,2024-06-16 06:35:00+00:00
O-20240616-092500-BACKTEST-000-53,KRAKEN-BACKTEST,KrakenBTCUSDResearchStrategy-000,BTC/USD.KRAKEN,KRAKEN-1-053,BTC/USD.KRAKEN-KrakenBTCUSDResearchStrategy-000,KRAKEN-001,T-b4a7562d0f99711f-16969,MARKET,BUY,0.04248006,GTC,False,False,0.04248006,TAKER,66384.51,0.0,['11.28 USD'],NO_TRIGGER,FILLED,NO_CONTINGENCY,,,,,,,,31535db4-bc42-4df6-9c51-59681a680747,2024-06-16 09:25:00+00:00,2024-06-16 09:25:00+00:00
O-20240616-174500-BACKTEST-000-54,KRAKEN-BACKTEST,KrakenBTCUSDResearchStrategy-000,BTC/USD.KRAKEN,KRAKEN-1-054,BTC/USD.KRAKEN-KrakenBTCUSDResearchStrategy-000,KRAKEN-001,T-ee58ea7a237c9349-17357,MARKET,SELL,0.04248006,GTC,False,False,0.04248006,TAKER,66544.26,0.0,['11.31 USD'],NO_TRIGGER,FILLED,NO_CONTINGENCY,,,,,,,,eba374ca-45d5-4df0-8c10-f4309248f2e8,2024-06-16 17:45:00+00:00,2024-06-16 17:45:00+00:00
O-20240617-173000-BACKTEST-000-55,KRAKEN-BACKTEST,KrakenBTCUSDResearchStrategy-000,BTC/USD.KRAKEN,KRAKEN-1-055,BTC/USD.KRAKEN-KrakenBTCUSDResearchStrategy-000,KRAKEN-001,T-fb3c06f1a621387e-18457,MARKET,BUY,0.04252295,GTC,False,False,0.04252295,TAKER,66206.01,0.0,['11.26 USD'],NO_TRIGGER,FILLED,NO_CONTINGENCY,,,,,,,,e649ea90-7377-4c58-86ce-025cf5585c55,2024-06-17 17:30:00+00:00,2024-06-17 17:30:00+00:00
O-20240617-200500-BACKTEST-000-56,KRAKEN-BACKTEST,KrakenBTCUSDResearchStrategy-000,BTC/USD.KRAKEN,KRAKEN-1-056,BTC/USD.KRAKEN-KrakenBTCUSDResearchStrategy-000,KRAKEN-001,T-2aabb9028988aeea-18577,MARKET,SELL,0.04252295,GTC,False,False,0.04252295,TAKER,66206.81999999999,0.0,['11.26 USD'],NO_TRIGGER,FILLED,NO_CONTINGENCY,,,,,,,,c4f162ff-00e4-4fcd-860f-4d62ec9b214e,2024-06-17 20:05:00+00:00,2024-06-17 20:05:00+00:00
O-20240619-010000-BACKTEST-000-57,KRAKEN-BACKTEST,KrakenBTCUSDResearchStrategy-000,BTC/USD.KRAKEN,KRAKEN-1-057,BTC/USD.KRAKEN-KrakenBTCUSDResearchStrategy-000,KRAKEN-001,T-495877b1ba6c2e59-19942,MARKET,BUY,0.04297814,GTC,False,False,0.04297814,TAKER,65347.89000000001,0.0,['11.23 USD'],NO_TRIGGER,FILLED,NO_CONTINGENCY,,,,,,,,2b19e8cf-1b3e-45c0-8f23-d0f8fcf60c20,2024-06-19 01:00:00+00:00,2024-06-19 01:00:00+00:00
O-20240619-013500-BACKTEST-000-58,KRAKEN-BACKTEST,KrakenBTCUSDResearchStrategy-000,BTC/USD.KRAKEN,KRAKEN-1-058,BTC/USD.KRAKEN-KrakenBTCUSDResearchStrategy-000,KRAKEN-001,T-794c57cb84426988-19971,MARKET,SELL,0.04297814,GTC,False,False,0.04297814,TAKER,65074.34,0.0,['11.19 USD'],NO_TRIGGER,FILLED,NO_CONTINGENCY,,,,,,,,e62755b9-91f1-48c3-a8b3-23fb7dafb2c4,2024-06-19 01:35:00+00:00,2024-06-19 01:35:00+00:00
O-20240619-041000-BACKTEST-000-59,KRAKEN-BACKTEST,KrakenBTCUSDResearchStrategy-000,BTC/USD.KRAKEN,KRAKEN-1-059,BTC/USD.KRAKEN-KrakenBTCUSDResearchStrategy-000,KRAKEN-001,T-f9da370fc8876bcb-20095,MARKET,BUY,0.04264625,GTC,False,False,0.04264625,TAKER,65616.01,0.0,['11.19 USD'],NO_TRIGGER,FILLED,NO_CONTINGENCY,,,,,,,,d1f1d20d-edf6-4b71-ac70-364bfee4e833,2024-06-19 04:10:00+00:00,2024-06-19 04:10:00+00:00
O-20240619-051500-BACKTEST-000-60,KRAKEN-BACKTEST,KrakenBTCUSDResearchStrategy-000,BTC/USD.KRAKEN,KRAKEN-1-060,BTC/USD.KRAKEN-KrakenBTCUSDResearchStrategy-000,KRAKEN-001,T-6de75aa0bb5bd23a-20147,MARKET,SELL,0.04264625,GTC,False,False,0.04264625,TAKER,65410.0,0.0,['11.16 USD'],NO_TRIGGER,FILLED,NO_CONTINGENCY,,,,,,,,50c921c8-fe2b-4b99-bf58-2f259daa3de4,2024-06-19 05:15:00+00:00,2024-06-19 05:15:00+00:00
O-20240620-011000-BACKTEST-000-61,KRAKEN-BACKTEST,KrakenBTCUSDResearchStrategy-000,BTC/USD.KRAKEN,KRAKEN-1-061,BTC/USD.KRAKEN-KrakenBTCUSDResearchStrategy-000,KRAKEN-001,T-7ae8078ec21ac533-21073,MARKET,BUY,0.04279738,GTC,False,False,0.04279738,TAKER,65166.009999999995,0.0,['11.16 USD'],NO_TRIGGER,FILLED,NO_CONTINGENCY,,,,,,,,4a2d6fe3-0b22-4b6d-a50e-f1fe8cb84264,2024-06-20 01:10:00+00:00,2024-06-20 01:10:00+00:00
O-20240620-020000-BACKTEST-000-62,KRAKEN-BACKTEST,KrakenBTCUSDResearchStrategy-000,BTC/USD.KRAKEN,KRAKEN-1-062,BTC/USD.KRAKEN-KrakenBTCUSDResearchStrategy-000,KRAKEN-001,T-83f1a13a382febbd-21113,MARKET,SELL,0.04279738,GTC,False,False,0.04279738,TAKER,64973.40000000001,0.0,['11.12 USD'],NO_TRIGGER,FILLED,NO_CONTINGENCY,,,,,,,,d37cce13-5c3d-4b92-af52-7acff86ea10b,2024-06-20 02:00:00+00:00,2024-06-20 02:00:00+00:00
O-20240620-053500-BACKTEST-000-63,KRAKEN-BACKTEST,KrakenBTCUSDResearchStrategy-000,BTC/USD.KRAKEN,KRAKEN-1-063,BTC/USD.KRAKEN-KrakenBTCUSDResearchStrategy-000,KRAKEN-001,T-cc159569b0e05d8f-21276,MARKET,BUY,0.04249450,GTC,False,False,0.04249450,TAKER,65415.020000000004,0.0,['11.12 USD'],NO_TRIGGER,FILLED,NO_CONTINGENCY,,,,,,,,9ee86c1f-b5e8-4e76-bf0e-08cc705c197e,2024-06-20 05:35:00+00:00,2024-06-20 05:35:00+00:00
O-20240620-131000-BACKTEST-000-64,KRAKEN-BACKTEST,KrakenBTCUSDResearchStrategy-000,BTC/USD.KRAKEN,KRAKEN-1-064,BTC/USD.KRAKEN-KrakenBTCUSDResearchStrategy-000,KRAKEN-001,T-c26acbbc4301ae99-21634,MARKET,SELL,0.04249450,GTC,False,False,0.04249450,TAKER,65778.01,0.0,['11.18 USD'],NO_TRIGGER,FILLED,NO_CONTINGENCY,,,,,,,,43d75c39-9b9d-4175-b56e-1e67265d6193,2024-06-20 13:10:00+00:00,2024-06-20 13:10:00+00:00
O-20240621-195000-BACKTEST-000-65,KRAKEN-BACKTEST,KrakenBTCUSDResearchStrategy-000,BTC/USD.KRAKEN,KRAKEN-1-065,BTC/USD.KRAKEN-KrakenBTCUSDResearchStrategy-000,KRAKEN-001,T-363bee16bec49ffe-23057,MARKET,BUY,0.04325310,GTC,False,False,0.04325310,TAKER,64220.009999999995,0.0,['11.11 USD'],NO_TRIGGER,FILLED,NO_CONTINGENCY,,,,,,,,edae524c-625e-4cf4-ab99-e2355ea014e4,2024-06-21 19:50:00+00:00,2024-06-21 19:50:00+00:00
O-20240621-211500-BACKTEST-000-66,KRAKEN-BACKTEST,KrakenBTCUSDResearchStrategy-000,BTC/USD.KRAKEN,KRAKEN-1-066,BTC/USD.KRAKEN-KrakenBTCUSDResearchStrategy-000,KRAKEN-001,T-206783a55f29fcfc-23123,MARKET,SELL,0.04325310,GTC,False,False,0.04325310,TAKER,64009.85,0.0,['11.07 USD'],NO_TRIGGER,FILLED,NO_CONTINGENCY,,,,,,,,016eb4d9-7f2b-4e08-8c1c-628ca5a4355d,2024-06-21 21:15:00+00:00,2024-06-21 21:15:00+00:00
O-20240622-020500-BACKTEST-000-67,KRAKEN-BACKTEST,KrakenBTCUSDResearchStrategy-000,BTC/USD.KRAKEN,KRAKEN-1-067,BTC/USD.KRAKEN-KrakenBTCUSDResearchStrategy-000,KRAKEN-001,T-af592b59960cb527-23346,MARKET,BUY,0.04303868,GTC,False,False,0.04303868,TAKER,64322.0,0.0,['11.07 USD'],NO_TRIGGER,FILLED,NO_CONTINGENCY,,,,,,,,092096ba-0621-4800-a607-4d9a3a7549c1,2024-06-22 02:05:00+00:00,2024-06-22 02:05:00+00:00
O-20240622-085000-BACKTEST-000-68,KRAKEN-BACKTEST,KrakenBTCUSDResearchStrategy-000,BTC/USD.KRAKEN,KRAKEN-1-068,BTC/USD.KRAKEN-KrakenBTCUSDResearchStrategy-000,KRAKEN-001,T-dc8174a4e231d805-23656,MARKET,SELL,0.04303868,GTC,False,False,0.04303868,TAKER,64299.990000000005,0.0,['11.07 USD'],NO_TRIGGER,FILLED,NO_CONTINGENCY,,,,,,,,e8607c37-3019-4a8f-b5a2-0034ccc28857,2024-06-22 08:50:00+00:00,2024-06-22 08:50:00+00:00
O-20240623-001000-BACKTEST-000-69,KRAKEN-BACKTEST,KrakenBTCUSDResearchStrategy-000,BTC/USD.KRAKEN,KRAKEN-1-069,BTC/USD.KRAKEN-KrakenBTCUSDResearchStrategy-000,KRAKEN-001,T-02b44b1ebbcf4167-24300,MARKET,BUY,0.04290934,GTC,False,False,0.04290934,TAKER,64354.509999999995,0.0,['11.05 USD'],NO_TRIGGER,FILLED,NO_CONTINGENCY,,,,,,,,9042081e-2eb8-4eaf-8bb0-f4193314ad22,2024-06-23 00:10:00+00:00,2024-06-23 00:10:00+00:00
O-20240623-042500-BACKTEST-000-70,KRAKEN-BACKTEST,KrakenBTCUSDResearchStrategy-000,BTC/USD.KRAKEN,KRAKEN-1-070,BTC/USD.KRAKEN-KrakenBTCUSDResearchStrategy-000,KRAKEN-001,T-c00c9b0247e56319-24482,MARKET,SELL,0.04290934,GTC,False,False,0.04290934,TAKER,64386.189999999995,0.0,['11.05 USD'],NO_TRIGGER,FILLED,NO_CONTINGENCY,,,,,,,,c6b5f821-aec4-4b19-a2a0-1585dda7d6f4,2024-06-23 04:25:00+00:00,2024-06-23 04:25:00+00:00
O-20240623-091000-BACKTEST-000-71,KRAKEN-BACKTEST,KrakenBTCUSDResearchStrategy-000,BTC/USD.KRAKEN,KRAKEN-1-071,BTC/USD.KRAKEN-KrakenBTCUSDResearchStrategy-000,KRAKEN-001,T-610a548c78ebb798-24661,MARKET,BUY,0.04275767,GTC,False,False,0.04275767,TAKER,64437.270000000004,0.0,['11.02 USD'],NO_TRIGGER,FILLED,NO_CONTINGENCY,,,,,,,,ded8c9f5-862b-4869-8b61-6d29376259c6,2024-06-23 09:10:00+00:00,2024-06-23 09:10:00+00:00
O-20240623-093000-BACKTEST-000-72,KRAKEN-BACKTEST,KrakenBTCUSDResearchStrategy-000,BTC/USD.KRAKEN,KRAKEN-1-072,BTC/USD.KRAKEN-KrakenBTCUSDResearchStrategy-000,KRAKEN-001,T-6bbe2e046f916479-24675,MARKET,SELL,0.04275767,GTC,False,False,0.04275767,TAKER,64413.58,0.0,['11.02 USD'],NO_TRIGGER,FILLED,NO_CONTINGENCY,,,,,,,,d9e86834-00ae-49ef-817d-7b58b335f7b2,2024-06-23 09:30:00+00:00,2024-06-23 09:30:00+00:00
O-20240625-005000-BACKTEST-000-73,KRAKEN-BACKTEST,KrakenBTCUSDResearchStrategy-000,BTC/USD.KRAKEN,KRAKEN-1-073,BTC/USD.KRAKEN-KrakenBTCUSDResearchStrategy-000,KRAKEN-001,T-5d5786a8e080dee5-26467,MARKET,BUY,0.04531360,GTC,False,False,0.04531360,TAKER,60650.0,0.0,['10.99 USD'],NO_TRIGGER,FILLED,NO_CONTINGENCY,,,,,,,,6f8db0ab-8f2c-4a26-9590-86bc073f4801,2024-06-25 00:50:00+00:00,2024-06-25 00:50:00+00:00
O-20240625-005500-BACKTEST-000-74,KRAKEN-BACKTEST,KrakenBTCUSDResearchStrategy-000,BTC/USD.KRAKEN,KRAKEN-1-074,BTC/USD.KRAKEN-KrakenBTCUSDResearchStrategy-000,KRAKEN-001,T-9da44676a5bae58a-26472,MARKET,SELL,0.04531360,GTC,False,False,0.04531360,TAKER,60409.11,0.0,['10.95 USD'],NO_TRIGGER,FILLED,NO_CONTINGENCY,,,,,,,,e5147a22-b652-4d4c-87c4-9319b04a6319,2024-06-25 00:55:00+00:00,2024-06-25 00:55:00+00:00
O-20240625-030000-BACKTEST-000-75,KRAKEN-BACKTEST,KrakenBTCUSDResearchStrategy-000,BTC/USD.KRAKEN,KRAKEN-1-075,BTC/USD.KRAKEN-KrakenBTCUSDResearchStrategy-000,KRAKEN-001,T-f12b0c16fa1aa41b-26571,MARKET,BUY,0.04501004,GTC,False,False,0.04501004,TAKER,60840.02,0.0,['10.95 USD'],NO_TRIGGER,FILLED,NO_CONTINGENCY,,,,,,,,7ec962bb-a217-41ee-b7ff-d11fc115d22e,2024-06-25 03:00:00+00:00,2024-06-25 03:00:00+00:00
O-20240625-072500-BACKTEST-000-76,KRAKEN-BACKTEST,KrakenBTCUSDResearchStrategy-000,BTC/USD.KRAKEN,KRAKEN-1-076,BTC/USD.KRAKEN-KrakenBTCUSDResearchStrategy-000,KRAKEN-001,T-39866b7da78b244f-26782,MARKET,SELL,0.04501004,GTC,False,False,0.04501004,TAKER,60831.990000000005,0.0,['10.95 USD'],NO_TRIGGER,FILLED,NO_CONTINGENCY,,,,,,,,4e0e0730-a976-4e6a-85a8-c58b11554812,2024-06-25 07:25:00+00:00,2024-06-25 07:25:00+00:00
O-20240625-095000-BACKTEST-000-77,KRAKEN-BACKTEST,KrakenBTCUSDResearchStrategy-000,BTC/USD.KRAKEN,KRAKEN-1-077,BTC/USD.KRAKEN-KrakenBTCUSDResearchStrategy-000,KRAKEN-001,T-efd81ecf7c74638d-26896,MARKET,BUY,0.04440687,GTC,False,False,0.04440687,TAKER,61516.009999999995,0.0,['10.93 USD'],NO_TRIGGER,FILLED,NO_CONTINGENCY,,,,,,,,06266468-b000-4057-a76e-a9d21dec073e,2024-06-25 09:50:00+00:00,2024-06-25 09:50:00+00:00
O-20240625-100500-BACKTEST-000-78,KRAKEN-BACKTEST,KrakenBTCUSDResearchStrategy-000,BTC/USD.KRAKEN,KRAKEN-1-078,BTC/USD.KRAKEN-KrakenBTCUSDResearchStrategy-000,KRAKEN-001,T-e26b5c5bb8b136bb-26908,MARKET,SELL,0.04440687,GTC,False,False,0.04440687,TAKER,61293.159999999996,0.0,['10.89 USD'],NO_TRIGGER,FILLED,NO_CONTINGENCY,,,,,,,,f1cd6ee9-312c-460b-afd3-19ec0a547d0d,2024-06-25 10:05:00+00:00,2024-06-25 10:05:00+00:00
O-20240625-142000-BACKTEST-000-79,KRAKEN-BACKTEST,KrakenBTCUSDResearchStrategy-000,BTC/USD.KRAKEN,KRAKEN-1-079,BTC/USD.KRAKEN-KrakenBTCUSDResearchStrategy-000,KRAKEN-001,T-c63d95da7b3018a1-27108,MARKET,BUY,0.04417294,GTC,False,False,0.04417294,TAKER,61626.42999999999,0.0,['10.89 USD'],NO_TRIGGER,FILLED,NO_CONTINGENCY,,,,,,,,b4b1d67b-6031-457a-b5d5-460b4679c804,2024-06-25 14:20:00+00:00,2024-06-25 14:20:00+00:00
O-20240625-175500-BACKTEST-000-80,KRAKEN-BACKTEST,KrakenBTCUSDResearchStrategy-000,BTC/USD.KRAKEN,KRAKEN-1-080,BTC/USD.KRAKEN-KrakenBTCUSDResearchStrategy-000,KRAKEN-001,T-0c8e8e8cd406fbe9-27280,MARKET,SELL,0.04417294,GTC,False,False,0.04417294,TAKER,61381.44,0.0,['10.85 USD'],NO_TRIGGER,FILLED,NO_CONTINGENCY,,,,,,,,ac124504-3615-4683-a00f-f031af0b3305,2024-06-25 17:55:00+00:00,2024-06-25 17:55:00+00:00
O-20240626-020500-BACKTEST-000-81,KRAKEN-BACKTEST,KrakenBTCUSDResearchStrategy-000,BTC/USD.KRAKEN,KRAKEN-1-081,BTC/USD.KRAKEN-KrakenBTCUSDResearchStrategy-000,KRAKEN-001,T-6f0708fd099a9533-27663,MARKET,BUY,0.04354379,GTC,False,False,0.04354379,TAKER,62292.52,0.0,['10.85 USD'],NO_TRIGGER,FILLED,NO_CONTINGENCY,,,,,,,,37320a8f-4166-4e76-8d4a-a79a4e411cf3,2024-06-26 02:05:00+00:00,2024-06-26 02:05:00+00:00
O-20240626-024500-BACKTEST-000-82,KRAKEN-BACKTEST,KrakenBTCUSDResearchStrategy-000,BTC/USD.KRAKEN,KRAKEN-1-082,BTC/USD.KRAKEN-KrakenBTCUSDResearchStrategy-000,KRAKEN-001,T-6c9d86c6e225d139-27694,MARKET,SELL,0.04354379,GTC,False,False,0.04354379,TAKER,62070.009999999995,0.0,['10.81 USD'],NO_TRIGGER,FILLED,NO_CONTINGENCY,,,,,,,,feaac040-63b8-443c-bc0e-35776d1f8f5e,2024-06-26 02:45:00+00:00,2024-06-26 02:45:00+00:00
O-20240626-140000-BACKTEST-000-83,KRAKEN-BACKTEST,KrakenBTCUSDResearchStrategy-000,BTC/USD.KRAKEN,KRAKEN-1-083,BTC/USD.KRAKEN-KrakenBTCUSDResearchStrategy-000,KRAKEN-001,T-738f3d67d2939a86-28215,MARKET,BUY,0.04368491,GTC,False,False,0.04368491,TAKER,61876.009999999995,0.0,['10.81 USD'],NO_TRIGGER,FILLED,NO_CONTINGENCY,,,,,,,,a28c67f8-c710-4d6c-8705-0fe3fd2f0276,2024-06-26 14:00:00+00:00,2024-06-26 14:00:00+00:00
O-20240626-143500-BACKTEST-000-84,KRAKEN-BACKTEST,KrakenBTCUSDResearchStrategy-000,BTC/USD.KRAKEN,KRAKEN-1-084,BTC/USD.KRAKEN-KrakenBTCUSDResearchStrategy-000,KRAKEN-001,T-8c1bb5e4fc901335-28243,MARKET,SELL,0.04368491,GTC,False,False,0.04368491,TAKER,61570.0,0.0,['10.76 USD'],NO_TRIGGER,FILLED,NO_CONTINGENCY,,,,,,,,74a207f6-ae11-46ef-b4c0-fb3097a5f9bb,2024-06-26 14:35:00+00:00,2024-06-26 14:35:00+00:00
O-20240627-094500-BACKTEST-000-85,KRAKEN-BACKTEST,KrakenBTCUSDResearchStrategy-000,BTC/USD.KRAKEN,KRAKEN-1-085,BTC/USD.KRAKEN-KrakenBTCUSDResearchStrategy-000,KRAKEN-001,T-70a0a7b1ddb7c7de-29131,MARKET,BUY,0.04403647,GTC,False,False,0.04403647,TAKER,61144.0,0.0,['10.77 USD'],NO_TRIGGER,FILLED,NO_CONTINGENCY,,,,,,,,6a1e2f0c-004e-48de-8be7-f3dbaf39c381,2024-06-27 09:45:00+00:00,2024-06-27 09:45:00+00:00
O-20240627-190500-BACKTEST-000-86,KRAKEN-BACKTEST,KrakenBTCUSDResearchStrategy-000,BTC/USD.KRAKEN,KRAKEN-1-086,BTC/USD.KRAKEN-KrakenBTCUSDResearchStrategy-000,KRAKEN-001,T-66d0a5de9a8f1767-29572,MARKET,SELL,0.04403647,GTC,False,False,0.04403647,TAKER,61617.11,0.0,['10.85 USD'],NO_TRIGGER,FILLED,NO_CONTINGENCY,,,,,,,,c0b4d922-d9dc-4e0f-a590-87d4167ef229,2024-06-27 19:05:00+00:00,2024-06-27 19:05:00+00:00
O-20240628-012000-BACKTEST-000-87,KRAKEN-BACKTEST,KrakenBTCUSDResearchStrategy-000,BTC/USD.KRAKEN,KRAKEN-1-087,BTC/USD.KRAKEN-KrakenBTCUSDResearchStrategy-000,KRAKEN-001,T-8c92ff0ffcc24834-29860,MARKET,BUY,0.04339384,GTC,False,False,0.04339384,TAKER,62044.02999999999,0.0,['10.77 USD'],NO_TRIGGER,FILLED,NO_CONTINGENCY,,,,,,,,2b8f330a-bb15-4751-8667-5855e0e5b7dc,2024-06-28 01:20:00+00:00,2024-06-28 01:20:00+00:00
O-20240628-022500-BACKTEST-000-88,KRAKEN-BACKTEST,KrakenBTCUSDResearchStrategy-000,BTC/USD.KRAKEN,KRAKEN-1-088,BTC/USD.KRAKEN-KrakenBTCUSDResearchStrategy-000,KRAKEN-001,T-6c76c2eb0f83198d-29910,MARKET,SELL,0.04339384,GTC,False,False,0.04339384,TAKER,61764.009999999995,0.0,['10.72 USD'],NO_TRIGGER,FILLED,NO_CONTINGENCY,,,,,,,,20ccff78-a555-46cb-bb31-ece1117ec205,2024-06-28 02:25:00+00:00,2024-06-28 02:25:00+00:00
O-20240629-011000-BACKTEST-000-89,KRAKEN-BACKTEST,KrakenBTCUSDResearchStrategy-000,BTC/USD.KRAKEN,KRAKEN-1-089,BTC/USD.KRAKEN-KrakenBTCUSDResearchStrategy-000,KRAKEN-001,T-a25024393f7979aa-30971,MARKET,BUY,0.04401822,GTC,False,False,0.04401822,TAKER,60934.69,0.0,['10.73 USD'],NO_TRIGGER,FILLED,NO_CONTINGENCY,,,,,,,,00e1a46b-7377-444e-a3ba-6f05235c38d3,2024-06-29 01:10:00+00:00,2024-06-29 01:10:00+00:00
O-20240629-025000-BACKTEST-000-90,KRAKEN-BACKTEST,KrakenBTCUSDResearchStrategy-000,BTC/USD.KRAKEN,KRAKEN-1-090,BTC/USD.KRAKEN-KrakenBTCUSDResearchStrategy-000,KRAKEN-001,T-919d62927d85d254-31050,MARKET,SELL,0.04401822,GTC,False,False,0.04401822,TAKER,60714.0,0.0,['10.69 USD'],NO_TRIGGER,FILLED,NO_CONTINGENCY,,,,,,,,3d5dc46b-ca69-4589-a3d3-026ad5493777,2024-06-29 02:50:00+00:00,2024-06-29 02:50:00+00:00
O-20240629-071000-BACKTEST-000-91,KRAKEN-BACKTEST,KrakenBTCUSDResearchStrategy-000,BTC/USD.KRAKEN,KRAKEN-1-091,BTC/USD.KRAKEN-KrakenBTCUSDResearchStrategy-000,KRAKEN-001,T-a3f4914addcfd358-31247,MARKET,BUY,0.04385245,GTC,False,False,0.04385245,TAKER,60952.009999999995,0.0,['10.69 USD'],NO_TRIGGER,FILLED,NO_CONTINGENCY,,,,,,,,66117646-18f4-4710-ac5b-45e52908012e,2024-06-29 07:10:00+00:00,2024-06-29 07:10:00+00:00
O-20240629-143000-BACKTEST-000-92,KRAKEN-BACKTEST,KrakenBTCUSDResearchStrategy-000,BTC/USD.KRAKEN,KRAKEN-1-092,BTC/USD.KRAKEN-KrakenBTCUSDResearchStrategy-000,KRAKEN-001,T-13d478feccaddecf-31586,MARKET,SELL,0.04385245,GTC,False,False,0.04385245,TAKER,60984.009999999995,0.0,['10.70 USD'],NO_TRIGGER,FILLED,NO_CONTINGENCY,,,,,,,,a51e6556-e939-4f1d-9a8e-2ee5755400df,2024-06-29 14:30:00+00:00,2024-06-29 14:30:00+00:00
O-20240630-070500-BACKTEST-000-93,KRAKEN-BACKTEST,KrakenBTCUSDResearchStrategy-000,BTC/USD.KRAKEN,KRAKEN-1-093,BTC/USD.KRAKEN-KrakenBTCUSDResearchStrategy-000,KRAKEN-001,T-935d19e52232f72b-32332,MARKET,BUY,0.04334876,GTC,False,False,0.04334876,TAKER,61521.95999999999,0.0,['10.67 USD'],NO_TRIGGER,FILLED,NO_CONTINGENCY,,,,,,,,7f719d09-042e-4384-a225-4a135f641bff,2024-06-30 07:05:00+00:00,2024-06-30 07:05:00+00:00
O-20240630-123500-BACKTEST-000-94,KRAKEN-BACKTEST,KrakenBTCUSDResearchStrategy-000,BTC/USD.KRAKEN,KRAKEN-1-094,BTC/USD.KRAKEN-KrakenBTCUSDResearchStrategy-000,KRAKEN-001,T-bfffbf752c4baa06-32589,MARKET,SELL,0.04334876,GTC,False,False,0.04334876,TAKER,61356.009999999995,0.0,['10.64 USD'],NO_TRIGGER,FILLED,NO_CONTINGENCY,,,,,,,,165ddc42-116b-49a6-9dc7-7d28b5dce22e,2024-06-30 12:35:00+00:00,2024-06-30 12:35:00+00:00
O-20240630-184500-BACKTEST-000-95,KRAKEN-BACKTEST,KrakenBTCUSDResearchStrategy-000,BTC/USD.KRAKEN,KRAKEN-1-095,BTC/USD.KRAKEN-KrakenBTCUSDResearchStrategy-000,KRAKEN-001,T-28e4d0ca919bb0ef-32879,MARKET,BUY,0.04290610,GTC,False,False,0.04290610,TAKER,61957.40000000001,0.0,['10.63 USD'],NO_TRIGGER,FILLED,NO_CONTINGENCY,,,,,,,,de8b5db1-ae23-42a7-933d-0f6ed032c7aa,2024-06-30 18:45:00+00:00,2024-06-30 18:45:00+00:00
O-20240701-082000-BACKTEST-000-96,KRAKEN-BACKTEST,KrakenBTCUSDResearchStrategy-000,BTC/USD.KRAKEN,KRAKEN-1-096,BTC/USD.KRAKEN-KrakenBTCUSDResearchStrategy-000,KRAKEN-001,T-f65d59734c133f36-33514,MARKET,SELL,0.04290610,GTC,False,False,0.04290610,TAKER,63114.36000000001,0.0,['10.83 USD'],NO_TRIGGER,FILLED,NO_CONTINGENCY,,,,,,,,ade85224-c045-4352-9fed-02270ea696b0,2024-07-01 08:20:00+00:00,2024-07-01 08:20:00+00:00
O-20240701-155500-BACKTEST-000-97,KRAKEN-BACKTEST,KrakenBTCUSDResearchStrategy-000,BTC/USD.KRAKEN,KRAKEN-1-097,BTC/USD.KRAKEN-KrakenBTCUSDResearchStrategy-000,KRAKEN-001,T-74899358523cfc86-33867,MARKET,BUY,0.04224112,GTC,False,False,0.04224112,TAKER,63132.899999999994,0.0,['10.67 USD'],NO_TRIGGER,FILLED,NO_CONTINGENCY,,,,,,,,6ea0d739-6b34-46d9-bbb2-4f5941ba89f2,2024-07-01 15:55:00+00:00,2024-07-01 15:55:00+00:00
O-20240701-194000-BACKTEST-000-98,KRAKEN-BACKTEST,KrakenBTCUSDResearchStrategy-000,BTC/USD.KRAKEN,KRAKEN-1-098,BTC/USD.KRAKEN-KrakenBTCUSDResearchStrategy-000,KRAKEN-001,T-0e51ea679fe46a1d-34044,MARKET,SELL,0.04224112,GTC,False,False,0.04224112,TAKER,63210.009999999995,0.0,['10.68 USD'],NO_TRIGGER,FILLED,NO_CONTINGENCY,,,,,,,,663e0557-5eb3-4eaf-bcaa-15fc51e54860,2024-07-01 19:40:00+00:00,2024-07-01 19:40:00+00:00
O-20240702-033500-BACKTEST-000-99,KRAKEN-BACKTEST,KrakenBTCUSDResearchStrategy-000,BTC/USD.KRAKEN,KRAKEN-1-099,BTC/USD.KRAKEN-KrakenBTCUSDResearchStrategy-000,KRAKEN-001,T-47185ce5fc1e0e1b-34406,MARKET,BUY,0.04207712,GTC,False,False,0.04207712,TAKER,63250.0,0.0,['10.65 USD'],NO_TRIGGER,FILLED,NO_CONTINGENCY,,,,,,,,086f1c32-ba7a-4001-965c-416307544235,2024-07-02 03:35:00+00:00,2024-07-02 03:35:00+00:00
O-20240702-035000-BACKTEST-000-100,KRAKEN-BACKTEST,KrakenBTCUSDResearchStrategy-000,BTC/USD.KRAKEN,KRAKEN-1-100,BTC/USD.KRAKEN-KrakenBTCUSDResearchStrategy-000,KRAKEN-001,T-af98ab018d7a1fc5-34417,MARKET,SELL,0.04207712,GTC,False,False,0.04207712,TAKER,63128.009999999995,0.0,['10.62 USD'],NO_TRIGGER,FILLED,NO_CONTINGENCY,,,,,,,,58e2a606-6ec9-445b-9b38-836f08b13e06,2024-07-02 03:50:00+00:00,2024-07-02 03:50:00+00:00
O-20240703-003000-BACKTEST-000-101,KRAKEN-BACKTEST,KrakenBTCUSDResearchStrategy-000,BTC/USD.KRAKEN,KRAKEN-1-101,BTC/USD.KRAKEN-KrakenBTCUSDResearchStrategy-000,KRAKEN-001,T-7feadb891b0b1f00-35368,MARKET,BUY,0.04260118,GTC,False,False,0.04260118,TAKER,62285.939999999995,0.0,['10.61 USD'],NO_TRIGGER,FILLED,NO_CONTINGENCY,,,,,,,,9408a8ac-9e30-4a92-ae0a-0cda983d7aed,2024-07-03 00:30:00+00:00,2024-07-03 00:30:00+00:00
O-20240703-005000-BACKTEST-000-102,KRAKEN-BACKTEST,KrakenBTCUSDResearchStrategy-000,BTC/USD.KRAKEN,KRAKEN-1-102,BTC/USD.KRAKEN-KrakenBTCUSDResearchStrategy-000,KRAKEN-001,T-1f14ba5c0f33aa2b-35383,MARKET,SELL,0.04260118,GTC,False,False,0.04260118,TAKER,62157.41,0.0,['10.59 USD'],NO_TRIGGER,FILLED,NO_CONTINGENCY,,,,,,,,c708b38a-c9dd-47ca-966c-915986345940,2024-07-03 00:50:00+00:00,2024-07-03 00:50:00+00:00
O-20240704-001500-BACKTEST-000-103,KRAKEN-BACKTEST,KrakenBTCUSDResearchStrategy-000,BTC/USD.KRAKEN,KRAKEN-1-103,BTC/USD.KRAKEN-KrakenBTCUSDResearchStrategy-000,KRAKEN-001,T-459d70e2240fa9e9-36465,MARKET,BUY,0.04379890,GTC,False,False,0.04379890,TAKER,60400.009999999995,0.0,['10.58 USD'],NO_TRIGGER,FILLED,NO_CONTINGENCY,,,,,,,,304ba406-2a5e-49c1-89a5-bc5d469813be,2024-07-04 00:15:00+00:00,2024-07-04 00:15:00+00:00
O-20240704-010500-BACKTEST-000-104,KRAKEN-BACKTEST,KrakenBTCUSDResearchStrategy-000,BTC/USD.KRAKEN,KRAKEN-1-104,BTC/USD.KRAKEN-KrakenBTCUSDResearchStrategy-000,KRAKEN-001,T-d528fd00c5068094-36506,MARKET,SELL,0.04379890,GTC,False,False,0.04379890,TAKER,60270.0,0.0,['10.56 USD'],NO_TRIGGER,FILLED,NO_CONTINGENCY,,,,,,,,942b9fe1-766f-4839-b246-c4dcb938fd80,2024-07-04 01:05:00+00:00,2024-07-04 01:05:00+00:00
O-20240704-192000-BACKTEST-000-105,KRAKEN-BACKTEST,KrakenBTCUSDResearchStrategy-000,BTC/USD.KRAKEN,KRAKEN-1-105,BTC/USD.KRAKEN-KrakenBTCUSDResearchStrategy-000,KRAKEN-001,T-9cd3b18135ff843d-37364,MARKET,BUY,0.04510710,GTC,False,False,0.04510710,TAKER,58469.83,0.0,['10.55 USD'],NO_TRIGGER,FILLED,NO_CONTINGENCY,,,,,,,,b44c2345-b174-4095-97f6-d4ace637d63a,2024-07-04 19:20:00+00:00,2024-07-04 19:20:00+00:00
O-20240704-200000-BACKTEST-000-106,KRAKEN-BACKTEST,KrakenBTCUSDResearchStrategy-000,BTC/USD.KRAKEN,KRAKEN-1-106,BTC/USD.KRAKEN-KrakenBTCUSDResearchStrategy-000,KRAKEN-001,T-402a83d4a815ef76-37396,MARKET,SELL,0.04510710,GTC,False,False,0.04510710,TAKER,58194.17,0.0,['10.50 USD'],NO_TRIGGER,FILLED,NO_CONTINGENCY,,,,,,,,22904670-8765-4014-8eef-180d1e084241,2024-07-04 20:00:00+00:00,2024-07-04 20:00:00+00:00
O-20240705-114000-BACKTEST-000-107,KRAKEN-BACKTEST,KrakenBTCUSDResearchStrategy-000,BTC/USD.KRAKEN,KRAKEN-1-107,BTC/USD.KRAKEN-KrakenBTCUSDResearchStrategy-000,KRAKEN-001,T-54e73fb31e46a757-38136,MARKET,BUY,0.04733437,GTC,False,False,0.04733437,TAKER,55506.409999999996,0.0,['10.51 USD'],NO_TRIGGER,FILLED,NO_CONTINGENCY,,,,,,,,0bb517ea-a663-4979-8305-a98fc85a430f,2024-07-05 11:40:00+00:00,2024-07-05 11:40:00+00:00
O-20240705-125500-BACKTEST-000-108,KRAKEN-BACKTEST,KrakenBTCUSDResearchStrategy-000,BTC/USD.KRAKEN,KRAKEN-1-108,BTC/USD.KRAKEN-KrakenBTCUSDResearchStrategy-000,KRAKEN-001,T-a6a99e93ad0fc923-38196,MARKET,SELL,0.04733437,GTC,False,False,0.04733437,TAKER,55052.81,0.0,['10.42 USD'],NO_TRIGGER,FILLED,NO_CONTINGENCY,,,,,,,,655521f7-9fb1-4233-b38e-1d3b8c9939be,2024-07-05 12:55:00+00:00,2024-07-05 12:55:00+00:00
O-20240705-150000-BACKTEST-000-109,KRAKEN-BACKTEST,KrakenBTCUSDResearchStrategy-000,BTC/USD.KRAKEN,KRAKEN-1-109,BTC/USD.KRAKEN-KrakenBTCUSDResearchStrategy-000,KRAKEN-001,T-0f78cf9aa3c847cf-38295,MARKET,BUY,0.04665834,GTC,False,False,0.04665834,TAKER,56038.009999999995,0.0,['10.46 USD'],NO_TRIGGER,FILLED,NO_CONTINGENCY,,,,,,,,f73f4a2f-fe23-4683-af64-b65abe15a55a,2024-07-05 15:00:00+00:00,2024-07-05 15:00:00+00:00
O-20240706-002500-BACKTEST-000-110,KRAKEN-BACKTEST,KrakenBTCUSDResearchStrategy-000,BTC/USD.KRAKEN,KRAKEN-1-110,BTC/USD.KRAKEN-KrakenBTCUSDResearchStrategy-000,KRAKEN-001,T-046060c383a6b2c1-38742,MARKET,SELL,0.04665834,GTC,False,False,0.04665834,TAKER,56391.09,0.0,['10.52 USD'],NO_TRIGGER,FILLED,NO_CONTINGENCY,,,,,,,,cd523477-c0aa-4f59-b8f1-dcb4f85ed059,2024-07-06 00:25:00+00:00,2024-07-06 00:25:00+00:00
O-20240706-070500-BACKTEST-000-111,KRAKEN-BACKTEST,KrakenBTCUSDResearchStrategy-000,BTC/USD.KRAKEN,KRAKEN-1-111,BTC/USD.KRAKEN-KrakenBTCUSDResearchStrategy-000,KRAKEN-001,T-c5320b975ca0e9f6-39054,MARKET,BUY,0.04612952,GTC,False,False,0.04612952,TAKER,56651.09,0.0,['10.45 USD'],NO_TRIGGER,FILLED,NO_CONTINGENCY,,,,,,,,5a8a3dfd-6df6-479d-b256-d82b2f593d74,2024-07-06 07:05:00+00:00,2024-07-06 07:05:00+00:00
O-20240706-084500-BACKTEST-000-112,KRAKEN-BACKTEST,KrakenBTCUSDResearchStrategy-000,BTC/USD.KRAKEN,KRAKEN-1-112,BTC/USD.KRAKEN-KrakenBTCUSDResearchStrategy-000,KRAKEN-001,T-a69da4677321f093-39133,MARKET,SELL,0.04612952,GTC,False,False,0.04612952,TAKER,56522.0,0.0,['10.43 USD'],NO_TRIGGER,FILLED,NO_CONTINGENCY,,,,,,,,853b1658-35e5-434a-a988-ea11c52e3c57,2024-07-06 08:45:00+00:00,2024-07-06 08:45:00+00:00
O-20240706-095500-BACKTEST-000-113,KRAKEN-BACKTEST,KrakenBTCUSDResearchStrategy-000,BTC/USD.KRAKEN,KRAKEN-1-113,BTC/USD.KRAKEN-KrakenBTCUSDResearchStrategy-000,KRAKEN-001,T-ec8710681ce2dac2-39189,MARKET,BUY,0.04589430,GTC,False,False,0.04589430,TAKER,56766.0,0.0,['10.42 USD'],NO_TRIGGER,FILLED,NO_CONTINGENCY,,,,,,,,ca878fa4-0efa-4eb2-9d71-a7929d206646,2024-07-06 09:55:00+00:00,2024-07-06 09:55:00+00:00
O-20240706-124000-BACKTEST-000-114,KRAKEN-BACKTEST,KrakenBTCUSDResearchStrategy-000,BTC/USD.KRAKEN,KRAKEN-1-114,BTC/USD.KRAKEN-KrakenBTCUSDResearchStrategy-000,KRAKEN-001,T-210b01c1145863be-39319,MARKET,SELL,0.04589430,GTC,False,False,0.04589430,TAKER,56614.270000000004,0.0,['10.39 USD'],NO_TRIGGER,FILLED,NO_CONTINGENCY,,,,,,,,3ea75252-7817-4e26-b571-e07cb69131de,2024-07-06 12:40:00+00:00,2024-07-06 12:40:00+00:00
O-20240706-153000-BACKTEST-000-115,KRAKEN-BACKTEST,KrakenBTCUSDResearchStrategy-000,BTC/USD.KRAKEN,KRAKEN-1-115,BTC/USD.KRAKEN-KrakenBTCUSDResearchStrategy-000,KRAKEN-001,T-dbf4ee3ea19eb586-39453,MARKET,BUY,0.04528322,GTC,False,False,0.04528322,TAKER,57347.990000000005,0.0,['10.39 USD'],NO_TRIGGER,FILLED,NO_CONTINGENCY,,,,,,,,7382e837-7431-4224-8e7c-65d9c040d502,2024-07-06 15:30:00+00:00,2024-07-06 15:30:00+00:00
O-20240707-012000-BACKTEST-000-116,KRAKEN-BACKTEST,KrakenBTCUSDResearchStrategy-000,BTC/USD.KRAKEN,KRAKEN-1-116,BTC/USD.KRAKEN-KrakenBTCUSDResearchStrategy-000,KRAKEN-001,T-d8064c0e85448f77-39919,MARKET,SELL,0.04528322,GTC,False,False,0.04528322,TAKER,57863.990000000005,0.0,['10.48 USD'],NO_TRIGGER,FILLED,NO_CONTINGENCY,,,,,,,,3566e7a5-a443-4a0a-9461-36d5e5be6685,2024-07-07 01:20:00+00:00,2024-07-07 01:20:00+00:00
O-20240708-080000-BACKTEST-000-117,KRAKEN-BACKTEST,KrakenBTCUSDResearchStrategy-000,BTC/USD.KRAKEN,KRAKEN-1-117,BTC/USD.KRAKEN-KrakenBTCUSDResearchStrategy-000,KRAKEN-001,T-b61acabf97fa4a1c-41357,MARKET,BUY,0.04640984,GTC,False,False,0.04640984,TAKER,55972.0,0.0,['10.39 USD'],NO_TRIGGER,FILLED,NO_CONTINGENCY,,,,,,,,a476ddf3-5a71-4d33-b364-0b5ad89a0181,2024-07-08 08:00:00+00:00,2024-07-08 08:00:00+00:00
O-20240708-142000-BACKTEST-000-118,KRAKEN-BACKTEST,KrakenBTCUSDResearchStrategy-000,BTC/USD.KRAKEN,KRAKEN-1-118,BTC/USD.KRAKEN-KrakenBTCUSDResearchStrategy-000,KRAKEN-001,T-f2af5a3844506222-41657,MARKET,SELL,0.04640984,GTC,False,False,0.04640984,TAKER,56842.009999999995,0.0,['10.55 USD'],NO_TRIGGER,FILLED,NO_CONTINGENCY,,,,,,,,cb9e5ed7-e74e-4e94-baf0-cedbf38bb644,2024-07-08 14:20:00+00:00,2024-07-08 14:20:00+00:00
O-20240708-222000-BACKTEST-000-119,KRAKEN-BACKTEST,KrakenBTCUSDResearchStrategy-000,BTC/USD.KRAKEN,KRAKEN-1-119,BTC/USD.KRAKEN-KrakenBTCUSDResearchStrategy-000,KRAKEN-001,T-caad4e5346634820-42038,MARKET,BUY,0.04579058,GTC,False,False,0.04579058,TAKER,56856.32,0.0,['10.41 USD'],NO_TRIGGER,FILLED,NO_CONTINGENCY,,,,,,,,58db63e0-f8d6-445d-8495-7144308b0569,2024-07-08 22:20:00+00:00,2024-07-08 22:20:00+00:00
O-20240709-000000-BACKTEST-000-120,KRAKEN-BACKTEST,KrakenBTCUSDResearchStrategy-000,BTC/USD.KRAKEN,KRAKEN-1-120,BTC/USD.KRAKEN-KrakenBTCUSDResearchStrategy-000,KRAKEN-001,T-c3064f4176ed1352-42117,MARKET,SELL,0.04579058,GTC,False,False,0.04579058,TAKER,56656.0,0.0,['10.38 USD'],NO_TRIGGER,FILLED,NO_CONTINGENCY,,,,,,,,5e823ec7-838f-4901-9531-11b08a351259,2024-07-09 00:00:00+00:00,2024-07-09 00:00:00+00:00
O-20240709-011000-BACKTEST-000-121,KRAKEN-BACKTEST,KrakenBTCUSDResearchStrategy-000,BTC/USD.KRAKEN,KRAKEN-1-121,BTC/USD.KRAKEN-KrakenBTCUSDResearchStrategy-000,KRAKEN-001,T-c9ba03690f72f577-42172,MARKET,BUY,0.04545405,GTC,False,False,0.04545405,TAKER,57079.53,0.0,['10.38 USD'],NO_TRIGGER,FILLED,NO_CONTINGENCY,,,,,,,,2d7c0bfe-4840-43bd-a5dc-eb0c62758700,2024-07-09 01:10:00+00:00,2024-07-09 01:10:00+00:00
O-20240709-013000-BACKTEST-000-122,KRAKEN-BACKTEST,KrakenBTCUSDResearchStrategy-000,BTC/USD.KRAKEN,KRAKEN-1-122,BTC/USD.KRAKEN-KrakenBTCUSDResearchStrategy-000,KRAKEN-001,T-0382325d1bf32ed8-42189,MARKET,SELL,0.04545405,GTC,False,False,0.04545405,TAKER,56595.52,0.0,['10.29 USD'],NO_TRIGGER,FILLED,NO_CONTINGENCY,,,,,,,,d9ded224-5a25-4c63-9bce-072eccb3857a,2024-07-09 01:30:00+00:00,2024-07-09 01:30:00+00:00
O-20240709-062000-BACKTEST-000-123,KRAKEN-BACKTEST,KrakenBTCUSDResearchStrategy-000,BTC/USD.KRAKEN,KRAKEN-1-123,BTC/USD.KRAKEN-KrakenBTCUSDResearchStrategy-000,KRAKEN-001,T-824339569007ce11-42419,MARKET,BUY,0.04490060,GTC,False,False,0.04490060,TAKER,57498.0,0.0,['10.33 USD'],NO_TRIGGER,FILLED,NO_CONTINGENCY,,,,,,,,37fd5d86-b002-47f1-b83a-09c2cb0f9178,2024-07-09 06:20:00+00:00,2024-07-09 06:20:00+00:00
O-20240709-071500-BACKTEST-000-124,KRAKEN-BACKTEST,KrakenBTCUSDResearchStrategy-000,BTC/USD.KRAKEN,KRAKEN-1-124,BTC/USD.KRAKEN-KrakenBTCUSDResearchStrategy-000,KRAKEN-001,T-0de64993bd57f5c6-42462,MARKET,SELL,0.04490060,GTC,False,False,0.04490060,TAKER,57223.61,0.0,['10.28 USD'],NO_TRIGGER,FILLED,NO_CONTINGENCY,,,,,,,,b2bc0d31-ac91-4e2c-bb32-9a2f8d33a92c,2024-07-09 07:15:00+00:00,2024-07-09 07:15:00+00:00
O-20240709-084000-BACKTEST-000-125,KRAKEN-BACKTEST,KrakenBTCUSDResearchStrategy-000,BTC/USD.KRAKEN,KRAKEN-1-125,BTC/USD.KRAKEN-KrakenBTCUSDResearchStrategy-000,KRAKEN-001,T-400a8a62a2c508f9-42531,MARKET,BUY,0.04446430,GTC,False,False,0.04446430,TAKER,57840.009999999995,0.0,['10.29 USD'],NO_TRIGGER,FILLED,NO_CONTINGENCY,,,,,,,,9b3d2772-2303-4110-b62b-446e6e6a74c3,2024-07-09 08:40:00+00:00,2024-07-09 08:40:00+00:00
O-20240709-091000-BACKTEST-000-126,KRAKEN-BACKTEST,KrakenBTCUSDResearchStrategy-000,BTC/USD.KRAKEN,KRAKEN-1-126,BTC/USD.KRAKEN-KrakenBTCUSDResearchStrategy-000,KRAKEN-001,T-0bd6321130f8c12e-42554,MARKET,SELL,0.04446430,GTC,False,False,0.04446430,TAKER,57551.219999999994,0.0,['10.24 USD'],NO_TRIGGER,FILLED,NO_CONTINGENCY,,,,,,,,c4c39c61-1ef3-46df-87e5-85705cbf06ef,2024-07-09 09:10:00+00:00,2024-07-09 09:10:00+00:00
O-20240710-040000-BACKTEST-000-127,KRAKEN-BACKTEST,KrakenBTCUSDResearchStrategy-000,BTC/USD.KRAKEN,KRAKEN-1-127,BTC/USD.KRAKEN-KrakenBTCUSDResearchStrategy-000,KRAKEN-001,T-1f72e314c59d21f7-43437,MARKET,BUY,0.04393518,GTC,False,False,0.04393518,TAKER,58308.659999999996,0.0,['10.25 USD'],NO_TRIGGER,FILLED,NO_CONTINGENCY,,,,,,,,62da5da2-9108-4faa-81ba-1d49a30bc036,2024-07-10 04:00:00+00:00,2024-07-10 04:00:00+00:00
O-20240710-092000-BACKTEST-000-128,KRAKEN-BACKTEST,KrakenBTCUSDResearchStrategy-000,BTC/USD.KRAKEN,KRAKEN-1-128,BTC/USD.KRAKEN-KrakenBTCUSDResearchStrategy-000,KRAKEN-001,T-510b78b9855fa923-43692,MARKET,SELL,0.04393518,GTC,False,False,0.04393518,TAKER,58588.23,0.0,['10.30 USD'],NO_TRIGGER,FILLED,NO_CONTINGENCY,,,,,,,,0292c83c-86ff-4878-8321-93e0947e8c09,2024-07-10 09:20:00+00:00,2024-07-10 09:20:00+00:00
O-20240711-071500-BACKTEST-000-129,KRAKEN-BACKTEST,KrakenBTCUSDResearchStrategy-000,BTC/USD.KRAKEN,KRAKEN-1-129,BTC/USD.KRAKEN-KrakenBTCUSDResearchStrategy-000,KRAKEN-001,T-fa7de530d00c9933-44717,MARKET,BUY,0.04399877,GTC,False,False,0.04399877,TAKER,58168.009999999995,0.0,['10.24 USD'],NO_TRIGGER,FILLED,NO_CONTINGENCY,,,,,,,,0364fcd1-abb9-495e-88ff-ec1150fef7c5,2024-07-11 07:15:00+00:00,2024-07-11 07:15:00+00:00
O-20240711-141000-BACKTEST-000-130,KRAKEN-BACKTEST,KrakenBTCUSDResearchStrategy-000,BTC/USD.KRAKEN,KRAKEN-1-130,BTC/USD.KRAKEN-KrakenBTCUSDResearchStrategy-000,KRAKEN-001,T-0783df65ae87b73f-45043,MARKET,SELL,0.04399877,GTC,False,False,0.04399877,TAKER,58288.009999999995,0.0,['10.26 USD'],NO_TRIGGER,FILLED,NO_CONTINGENCY,,,,,,,,5b2ec4ce-3e98-4ed8-9175-cd8753708673,2024-07-11 14:10:00+00:00,2024-07-11 14:10:00+00:00
O-20240712-131000-BACKTEST-000-131,KRAKEN-BACKTEST,KrakenBTCUSDResearchStrategy-000,BTC/USD.KRAKEN,KRAKEN-1-131,BTC/USD.KRAKEN-KrakenBTCUSDResearchStrategy-000,KRAKEN-001,T-7ee476be8f29d962-46117,MARKET,BUY,0.04442930,GTC,False,False,0.04442930,TAKER,57501.57,0.0,['10.22 USD'],NO_TRIGGER,FILLED,NO_CONTINGENCY,,,,,,,,a1eaab23-02bb-4f2c-8cbe-0200e6002fa5,2024-07-12 13:10:00+00:00,2024-07-12 13:10:00+00:00
O-20240712-193000-BACKTEST-000-132,KRAKEN-BACKTEST,KrakenBTCUSDResearchStrategy-000,BTC/USD.KRAKEN,KRAKEN-1-132,BTC/USD.KRAKEN-KrakenBTCUSDResearchStrategy-000,KRAKEN-001,T-f1f2fb2339a8e36c-46420,MARKET,SELL,0.04442930,GTC,False,False,0.04442930,TAKER,57810.380000000005,0.0,['10.27 USD'],NO_TRIGGER,FILLED,NO_CONTINGENCY,,,,,,,,0856d6ca-6b43-4449-b9fc-1d5cff04e5f0,2024-07-12 19:30:00+00:00,2024-07-12 19:30:00+00:00
O-20240713-011000-BACKTEST-000-133,KRAKEN-BACKTEST,KrakenBTCUSDResearchStrategy-000,BTC/USD.KRAKEN,KRAKEN-1-133,BTC/USD.KRAKEN-KrakenBTCUSDResearchStrategy-000,KRAKEN-001,T-51fc241022aad576-46683,MARKET,BUY,0.04406694,GTC,False,False,0.04406694,TAKER,57928.32,0.0,['10.21 USD'],NO_TRIGGER,FILLED,NO_CONTINGENCY,,,,,,,,22a0fdca-8af5-4c67-934d-466498aac182,2024-07-13 01:10:00+00:00,2024-07-13 01:10:00+00:00
O-20240713-021000-BACKTEST-000-134,KRAKEN-BACKTEST,KrakenBTCUSDResearchStrategy-000,BTC/USD.KRAKEN,KRAKEN-1-134,BTC/USD.KRAKEN-KrakenBTCUSDResearchStrategy-000,KRAKEN-001,T-9e3085433612cd06-46732,MARKET,SELL,0.04406694,GTC,False,False,0.04406694,TAKER,57815.310000000005,0.0,['10.19 USD'],NO_TRIGGER,FILLED,NO_CONTINGENCY,,,,,,,,b18f6240-8572-44d7-9c32-979cc6d3d957,2024-07-13 02:10:00+00:00,2024-07-13 02:10:00+00:00
O-20240713-055000-BACKTEST-000-135,KRAKEN-BACKTEST,KrakenBTCUSDResearchStrategy-000,BTC/USD.KRAKEN,KRAKEN-1-135,BTC/USD.KRAKEN-KrakenBTCUSDResearchStrategy-000,KRAKEN-001,T-7b35d01f30bcb914-46903,MARKET,BUY,0.04384433,GTC,False,False,0.04384433,TAKER,58048.77,0.0,['10.18 USD'],NO_TRIGGER,FILLED,NO_CONTINGENCY,,,,,,,,1d29a148-4a51-42da-a961-c94895aeb189,2024-07-13 05:50:00+00:00,2024-07-13 05:50:00+00:00
O-20240713-085500-BACKTEST-000-136,KRAKEN-BACKTEST,KrakenBTCUSDResearchStrategy-000,BTC/USD.KRAKEN,KRAKEN-1-136,BTC/USD.KRAKEN-KrakenBTCUSDResearchStrategy-000,KRAKEN-001,T-ab57c26ca9c61c10-47045,MARKET,SELL,0.04384433,GTC,False,False,0.04384433,TAKER,57949.93,0.0,['10.16 USD'],NO_TRIGGER,FILLED,NO_CONTINGENCY,,,,,,,,85b3b2d7-5f29-45ae-aa04-4d4626f6d022,2024-07-13 08:55:00+00:00,2024-07-13 08:55:00+00:00
O-20240713-125000-BACKTEST-000-137,KRAKEN-BACKTEST,KrakenBTCUSDResearchStrategy-000,BTC/USD.KRAKEN,KRAKEN-1-137,BTC/USD.KRAKEN-KrakenBTCUSDResearchStrategy-000,KRAKEN-001,T-0ff47408a0ba4867-47229,MARKET,BUY,0.04310015,GTC,False,False,0.04310015,TAKER,58879.35,0.0,['10.15 USD'],NO_TRIGGER,FILLED,NO_CONTINGENCY,,,,,,,,12ec4725-a4f7-4c18-b40b-378a5f2052ce,2024-07-13 12:50:00+00:00,2024-07-13 12:50:00+00:00
O-20240713-131000-BACKTEST-000-138,KRAKEN-BACKTEST,KrakenBTCUSDResearchStrategy-000,BTC/USD.KRAKEN,KRAKEN-1-138,BTC/USD.KRAKEN-KrakenBTCUSDResearchStrategy-000,KRAKEN-001,T-c809e5ba7d80a79f-47244,MARKET,SELL,0.04310015,GTC,False,False,0.04310015,TAKER,58694.009999999995,0.0,['10.12 USD'],NO_TRIGGER,FILLED,NO_CONTINGENCY,,,,,,,,ae274883-472f-4f86-9b93-14429300a5d0,2024-07-13 13:10:00+00:00,2024-07-13 13:10:00+00:00
O-20240713-225000-BACKTEST-000-139,KRAKEN-BACKTEST,KrakenBTCUSDResearchStrategy-000,BTC/USD.KRAKEN,KRAKEN-1-139,BTC/USD.KRAKEN-KrakenBTCUSDResearchStrategy-000,KRAKEN-001,T-c980c84ceb70d9a4-47700,MARKET,BUY,0.04270443,GTC,False,False,0.04270443,TAKER,59226.42,0.0,['10.12 USD'],NO_TRIGGER,FILLED,NO_CONTINGENCY,,,,,,,,cf953ef5-116d-4a50-95ec-a10e8a340833,2024-07-13 22:50:00+00:00,2024-07-13 22:50:00+00:00
O-20240714-105500-BACKTEST-000-140,KRAKEN-BACKTEST,KrakenBTCUSDResearchStrategy-000,BTC/USD.KRAKEN,KRAKEN-1-140,BTC/USD.KRAKEN-KrakenBTCUSDResearchStrategy-000,KRAKEN-001,T-978c0efbd8b55519-48272,MARKET,SELL,0.04270443,GTC,False,False,0.04270443,TAKER,59920.509999999995,0.0,['10.24 USD'],NO_TRIGGER,FILLED,NO_CONTINGENCY,,,,,,,,7bbd88de-64b2-488d-bae8-1b95f33cae22,2024-07-14 10:55:00+00:00,2024-07-14 10:55:00+00:00
O-20240714-203500-BACKTEST-000-141,KRAKEN-BACKTEST,KrakenBTCUSDResearchStrategy-000,BTC/USD.KRAKEN,KRAKEN-1-141,BTC/USD.KRAKEN-KrakenBTCUSDResearchStrategy-000,KRAKEN-001,T-cefccfe781c903ca-48724,MARKET,BUY,0.04204361,GTC,False,False,0.04204361,TAKER,60223.53,0.0,['10.13 USD'],NO_TRIGGER,FILLED,NO_CONTINGENCY,,,,,,,,b8896b4f-8bc8-4ea8-8e5c-d20955e60b99,2024-07-14 20:35:00+00:00,2024-07-14 20:35:00+00:00
O-20240714-205500-BACKTEST-000-142,KRAKEN-BACKTEST,KrakenBTCUSDResearchStrategy-000,BTC/USD.KRAKEN,KRAKEN-1-142,BTC/USD.KRAKEN-KrakenBTCUSDResearchStrategy-000,KRAKEN-001,T-ae3cadb991e842b5-48741,MARKET,SELL,0.04204361,GTC,False,False,0.04204361,TAKER,60084.0,0.0,['10.10 USD'],NO_TRIGGER,FILLED,NO_CONTINGENCY,,,,,,,,22ea7f13-a228-4b99-b29e-e7748fd473c9,2024-07-14 20:55:00+00:00,2024-07-14 20:55:00+00:00
O-20240714-214500-BACKTEST-000-143,KRAKEN-BACKTEST,KrakenBTCUSDResearchStrategy-000,BTC/USD.KRAKEN,KRAKEN-1-143,BTC/USD.KRAKEN-KrakenBTCUSDResearchStrategy-000,KRAKEN-001,T-39102afc34475542-48782,MARKET,BUY,0.04133047,GTC,False,False,0.04133047,TAKER,61073.29,0.0,['10.10 USD'],NO_TRIGGER,FILLED,NO_CONTINGENCY,,,,,,,,40a1a4da-b4e3-49c2-be7c-712366492c9f,2024-07-14 21:45:00+00:00,2024-07-14 21:45:00+00:00
O-20240714-235500-BACKTEST-000-144,KRAKEN-BACKTEST,KrakenBTCUSDResearchStrategy-000,BTC/USD.KRAKEN,KRAKEN-1-144,BTC/USD.KRAKEN-KrakenBTCUSDResearchStrategy-000,KRAKEN-001,T-1fc0a07424b94a1e-48883,MARKET,SELL,0.04133047,GTC,False,False,0.04133047,TAKER,60797.91,0.0,['10.05 USD'],NO_TRIGGER,FILLED,NO_CONTINGENCY,,,,,,,,873ca99d-596c-4667-b77b-d6244cfea618,2024-07-14 23:55:00+00:00,2024-07-14 23:55:00+00:00
O-20240715-011000-BACKTEST-000-145,KRAKEN-BACKTEST,KrakenBTCUSDResearchStrategy-000,BTC/USD.KRAKEN,KRAKEN-1-145,BTC/USD.KRAKEN-KrakenBTCUSDResearchStrategy-000,KRAKEN-001,T-0733a1fc8ec50e96-48943,MARKET,BUY,0.04090719,GTC,False,False,0.04090719,TAKER,61474.0,0.0,['10.06 USD'],NO_TRIGGER,FILLED,NO_CONTINGENCY,,,,,,,,a796c08a-cede-4910-b7dd-47d3c42fa902,2024-07-15 01:10:00+00:00,2024-07-15 01:10:00+00:00
O-20240715-111000-BACKTEST-000-146,KRAKEN-BACKTEST,KrakenBTCUSDResearchStrategy-000,BTC/USD.KRAKEN,KRAKEN-1-146,BTC/USD.KRAKEN-KrakenBTCUSDResearchStrategy-000,KRAKEN-001,T-2f783d5e53a1e744-49415,MARKET,SELL,0.04090719,GTC,False,False,0.04090719,TAKER,62474.89,0.0,['10.22 USD'],NO_TRIGGER,FILLED,NO_CONTINGENCY,,,,,,,,2ba5d453-7a5f-459d-99b1-2e77f3f061c9,2024-07-15 11:10:00+00:00,2024-07-15 11:10:00+00:00
O-20240715-140000-BACKTEST-000-147,KRAKEN-BACKTEST,KrakenBTCUSDResearchStrategy-000,BTC/USD.KRAKEN,KRAKEN-1-147,BTC/USD.KRAKEN-KrakenBTCUSDResearchStrategy-000,KRAKEN-001,T-babe3591edb61240-49552,MARKET,BUY,0.04000836,GTC,False,False,0.04000836,TAKER,63010.0,0.0,['10.08 USD'],NO_TRIGGER,FILLED,NO_CONTINGENCY,,,,,,,,9e951178-81bf-4496-ba85-0105aa93e60a,2024-07-15 14:00:00+00:00,2024-07-15 14:00:00+00:00
O-20240716-051000-BACKTEST-000-148,KRAKEN-BACKTEST,KrakenBTCUSDResearchStrategy-000,BTC/USD.KRAKEN,KRAKEN-1-148,BTC/USD.KRAKEN-KrakenBTCUSDResearchStrategy-000,KRAKEN-001,T-f38346d0f3ee8d84-50271,MARKET,SELL,0.04000836,GTC,False,False,0.04000836,TAKER,64372.99999999999,0.0,['10.30 USD'],NO_TRIGGER,FILLED,NO_CONTINGENCY,,,,,,,,09938252-08a7-4197-b13b-cd4bd2f1e176,2024-07-16 05:10:00+00:00,2024-07-16 05:10:00+00:00
O-20240716-122000-BACKTEST-000-149,KRAKEN-BACKTEST,KrakenBTCUSDResearchStrategy-000,BTC/USD.KRAKEN,KRAKEN-1-149,BTC/USD.KRAKEN-KrakenBTCUSDResearchStrategy-000,KRAKEN-001,T-9eaa4395058db23c-50616,MARKET,BUY,0.03959162,GTC,False,False,0.03959162,TAKER,63932.0,0.0,['10.12 USD'],NO_TRIGGER,FILLED,NO_CONTINGENCY,,,,,,,,c659b4c0-2d2d-434b-89dc-7f0f609c6159,2024-07-16 12:20:00+00:00,2024-07-16 12:20:00+00:00
O-20240716-135500-BACKTEST-000-150,KRAKEN-BACKTEST,KrakenBTCUSDResearchStrategy-000,BTC/USD.KRAKEN,KRAKEN-1-150,BTC/USD.KRAKEN-KrakenBTCUSDResearchStrategy-000,KRAKEN-001,T-1f9ed021482a1244-50693,MARKET,SELL,0.03959162,GTC,False,False,0.03959162,TAKER,63419.990000000005,0.0,['10.04 USD'],NO_TRIGGER,FILLED,NO_CONTINGENCY,,,,,,,,9554031e-bec1-42f9-9b7e-6206942d0a34,2024-07-16 13:55:00+00:00,2024-07-16 13:55:00+00:00
O-20240716-151500-BACKTEST-000-151,KRAKEN-BACKTEST,KrakenBTCUSDResearchStrategy-000,BTC/USD.KRAKEN,KRAKEN-1-151,BTC/USD.KRAKEN-KrakenBTCUSDResearchStrategy-000,KRAKEN-001,T-f1df136c2d1cb097-50758,MARKET,BUY,0.03905697,GTC,False,False,0.03905697,TAKER,64496.62,0.0,['10.08 USD'],NO_TRIGGER,FILLED,NO_CONTINGENCY,,,,,,,,a95090a7-643d-4543-9e34-4656a746b8c4,2024-07-16 15:15:00+00:00,2024-07-16 15:15:00+00:00
O-20240716-215500-BACKTEST-000-152,KRAKEN-BACKTEST,KrakenBTCUSDResearchStrategy-000,BTC/USD.KRAKEN,KRAKEN-1-152,BTC/USD.KRAKEN-KrakenBTCUSDResearchStrategy-000,KRAKEN-001,T-c39cdefa6e6356f2-51073,MARKET,SELL,0.03905697,GTC,False,False,0.03905697,TAKER,64500.009999999995,0.0,['10.08 USD'],NO_TRIGGER,FILLED,NO_CONTINGENCY,,,,,,,,f8fd2f41-7eae-4d63-baaa-803478ea2e8d,2024-07-16 21:55:00+00:00,2024-07-16 21:55:00+00:00
O-20240716-232500-BACKTEST-000-153,KRAKEN-BACKTEST,KrakenBTCUSDResearchStrategy-000,BTC/USD.KRAKEN,KRAKEN-1-153,BTC/USD.KRAKEN-KrakenBTCUSDResearchStrategy-000,KRAKEN-001,T-c9f739a6105992fb-51145,MARKET,BUY,0.03852698,GTC,False,False,0.03852698,TAKER,65227.9,0.0,['10.05 USD'],NO_TRIGGER,FILLED,NO_CONTINGENCY,,,,,,,,01d35547-885e-4936-bb23-f7ca1848b6e8,2024-07-16 23:25:00+00:00,2024-07-16 23:25:00+00:00
O-20240717-070000-BACKTEST-000-154,KRAKEN-BACKTEST,KrakenBTCUSDResearchStrategy-000,BTC/USD.KRAKEN,KRAKEN-1-154,BTC/USD.KRAKEN-KrakenBTCUSDResearchStrategy-000,KRAKEN-001,T-dde3ac2ffaf341c0-51508,MARKET,SELL,0.03852698,GTC,False,False,0.03852698,TAKER,65478.64,0.0,['10.09 USD'],NO_TRIGGER,FILLED,NO_CONTINGENCY,,,,,,,,c1d19886-4773-4e99-8085-102576aa1f9c,2024-07-17 07:00:00+00:00,2024-07-17 07:00:00+00:00
O-20240718-015500-BACKTEST-000-155,KRAKEN-BACKTEST,KrakenBTCUSDResearchStrategy-000,BTC/USD.KRAKEN,KRAKEN-1-155,BTC/USD.KRAKEN-KrakenBTCUSDResearchStrategy-000,KRAKEN-001,T-0f4229729e8672c2-52398,MARKET,BUY,0.03880533,GTC,False,False,0.03880533,TAKER,64678.99,0.0,['10.04 USD'],NO_TRIGGER,FILLED,NO_CONTINGENCY,,,,,,,,5964b23a-5497-4b1c-bf73-85389bd7ea4e,2024-07-18 01:55:00+00:00,2024-07-18 01:55:00+00:00
O-20240718-021500-BACKTEST-000-156,KRAKEN-BACKTEST,KrakenBTCUSDResearchStrategy-000,BTC/USD.KRAKEN,KRAKEN-1-156,BTC/USD.KRAKEN-KrakenBTCUSDResearchStrategy-000,KRAKEN-001,T-1861eeb9b9e2b1bd-52415,MARKET,SELL,0.03880533,GTC,False,False,0.03880533,TAKER,64406.0,0.0,['10.00 USD'],NO_TRIGGER,FILLED,NO_CONTINGENCY,,,,,,,,6a50b8d8-fb65-4d7b-b742-80b75515cd80,2024-07-18 02:15:00+00:00,2024-07-18 02:15:00+00:00
O-20240718-064500-BACKTEST-000-157,KRAKEN-BACKTEST,KrakenBTCUSDResearchStrategy-000,BTC/USD.KRAKEN,KRAKEN-1-157,BTC/USD.KRAKEN-KrakenBTCUSDResearchStrategy-000,KRAKEN-001,T-9643a08915d7b446-52628,MARKET,BUY,0.03845156,GTC,False,False,0.03845156,TAKER,65035.090000000004,0.0,['10.00 USD'],NO_TRIGGER,FILLED,NO_CONTINGENCY,,,,,,,,ecac135e-cd5f-4882-bc03-db4620aed850,2024-07-18 06:45:00+00:00,2024-07-18 06:45:00+00:00
O-20240718-071500-BACKTEST-000-158,KRAKEN-BACKTEST,KrakenBTCUSDResearchStrategy-000,BTC/USD.KRAKEN,KRAKEN-1-158,BTC/USD.KRAKEN-KrakenBTCUSDResearchStrategy-000,KRAKEN-001,T-0c8058ad82517cc2-52651,MARKET,SELL,0.03845156,GTC,False,False,0.03845156,TAKER,64844.18,0.0,['9.97 USD'],NO_TRIGGER,FILLED,NO_CONTINGENCY,,,,,,,,3c5d3622-7734-4e95-9f14-5604f2b61649,2024-07-18 07:15:00+00:00,2024-07-18 07:15:00+00:00
O-20240718-224000-BACKTEST-000-159,KRAKEN-BACKTEST,KrakenBTCUSDResearchStrategy-000,BTC/USD.KRAKEN,KRAKEN-1-159,BTC/USD.KRAKEN-KrakenBTCUSDResearchStrategy-000,KRAKEN-001,T-5d8eecdd19a3bc42-53374,MARKET,BUY,0.03887591,GTC,False,False,0.03887591,TAKER,64114.450000000004,0.0,['9.97 USD'],NO_TRIGGER,FILLED,NO_CONTINGENCY,,,,,,,,b94823b5-9d5a-46ef-baf4-277a895766f9,2024-07-18 22:40:00+00:00,2024-07-18 22:40:00+00:00
O-20240719-000000-BACKTEST-000-160,KRAKEN-BACKTEST,KrakenBTCUSDResearchStrategy-000,BTC/USD.KRAKEN,KRAKEN-1-160,BTC/USD.KRAKEN-KrakenBTCUSDResearchStrategy-000,KRAKEN-001,T-759f01071d073c18-53439,MARKET,SELL,0.03887591,GTC,False,False,0.03887591,TAKER,63915.23999999999,0.0,['9.94 USD'],NO_TRIGGER,FILLED,NO_CONTINGENCY,,,,,,,,a58a8946-5368-4446-8605-b573aca32477,2024-07-19 00:00:00+00:00,2024-07-19 00:00:00+00:00
O-20240719-034000-BACKTEST-000-161,KRAKEN-BACKTEST,KrakenBTCUSDResearchStrategy-000,BTC/USD.KRAKEN,KRAKEN-1-161,BTC/USD.KRAKEN-KrakenBTCUSDResearchStrategy-000,KRAKEN-001,T-57e5f6c7cf74e351-53611,MARKET,BUY,0.03860226,GTC,False,False,0.03860226,TAKER,64353.990000000005,0.0,['9.94 USD'],NO_TRIGGER,FILLED,NO_CONTINGENCY,,,,,,,,04ac421d-7a48-429a-b8d9-c8102e426d91,2024-07-19 03:40:00+00:00,2024-07-19 03:40:00+00:00
O-20240719-045000-BACKTEST-000-162,KRAKEN-BACKTEST,KrakenBTCUSDResearchStrategy-000,BTC/USD.KRAKEN,KRAKEN-1-162,BTC/USD.KRAKEN-KrakenBTCUSDResearchStrategy-000,KRAKEN-001,T-e628968bf1e7ee4d-53668,MARKET,SELL,0.03860226,GTC,False,False,0.03860226,TAKER,64168.009999999995,0.0,['9.91 USD'],NO_TRIGGER,FILLED,NO_CONTINGENCY,,,,,,,,603a0e16-831e-4e0a-bc3c-b2fc489139c7,2024-07-19 04:50:00+00:00,2024-07-19 04:50:00+00:00
O-20240719-060500-BACKTEST-000-163,KRAKEN-BACKTEST,KrakenBTCUSDResearchStrategy-000,BTC/USD.KRAKEN,KRAKEN-1-163,BTC/USD.KRAKEN-KrakenBTCUSDResearchStrategy-000,KRAKEN-001,T-3c6c17821f4f06ae-53728,MARKET,BUY,0.03841221,GTC,False,False,0.03841221,TAKER,64461.29,0.0,['9.90 USD'],NO_TRIGGER,FILLED,NO_CONTINGENCY,,,,,,,,feca99d4-1811-4f8c-ae3e-7dd8808c3034,2024-07-19 06:05:00+00:00,2024-07-19 06:05:00+00:00
O-20240719-062000-BACKTEST-000-164,KRAKEN-BACKTEST,KrakenBTCUSDResearchStrategy-000,BTC/USD.KRAKEN,KRAKEN-1-164,BTC/USD.KRAKEN-KrakenBTCUSDResearchStrategy-000,KRAKEN-001,T-d986c1670ae850b1-53739,MARKET,SELL,0.03841221,GTC,False,False,0.03841221,TAKER,64300.42,0.0,['9.88 USD'],NO_TRIGGER,FILLED,NO_CONTINGENCY,,,,,,,,23f8c7ec-3c31-44e4-be59-03467cbc4f71,2024-07-19 06:20:00+00:00,2024-07-19 06:20:00+00:00
O-20240719-124000-BACKTEST-000-165,KRAKEN-BACKTEST,KrakenBTCUSDResearchStrategy-000,BTC/USD.KRAKEN,KRAKEN-1-165,BTC/USD.KRAKEN-KrakenBTCUSDResearchStrategy-000,KRAKEN-001,T-31f4d384ca65404e-54037,MARKET,BUY,0.03841234,GTC,False,False,0.03841234,TAKER,64258.32,0.0,['9.87 USD'],NO_TRIGGER,FILLED,NO_CONTINGENCY,,,,,,,,840a9d0d-c5ee-4c6a-8c60-21a7bd68e182,2024-07-19 12:40:00+00:00,2024-07-19 12:40:00+00:00
O-20240720-002500-BACKTEST-000-166,KRAKEN-BACKTEST,KrakenBTCUSDResearchStrategy-000,BTC/USD.KRAKEN,KRAKEN-1-166,BTC/USD.KRAKEN-KrakenBTCUSDResearchStrategy-000,KRAKEN-001,T-0cfe32bb898780e8-54593,MARKET,SELL,0.03841234,GTC,False,False,0.03841234,TAKER,66442.0,0.0,['10.21 USD'],NO_TRIGGER,FILLED,NO_CONTINGENCY,,,,,,,,0c07f24f-78e6-4187-bf10-0d67f7983ea1,2024-07-20 00:25:00+00:00,2024-07-20 00:25:00+00:00
O-20240720-144000-BACKTEST-000-167,KRAKEN-BACKTEST,KrakenBTCUSDResearchStrategy-000,BTC/USD.KRAKEN,KRAKEN-1-167,BTC/USD.KRAKEN-KrakenBTCUSDResearchStrategy-000,KRAKEN-001,T-6925159e018ac165-55249,MARKET,BUY,0.03729729,GTC,False,False,0.03729729,TAKER,66692.59,0.0,['9.95 USD'],NO_TRIGGER,FILLED,NO_CONTINGENCY,,,,,,,,44cc0075-0cbc-4c57-b9eb-a29e60d557bc,2024-07-20 14:40:00+00:00,2024-07-20 14:40:00+00:00
O-20240720-210000-BACKTEST-000-168,KRAKEN-BACKTEST,KrakenBTCUSDResearchStrategy-000,BTC/USD.KRAKEN,KRAKEN-1-168,BTC/USD.KRAKEN-KrakenBTCUSDResearchStrategy-000,KRAKEN-001,T-54974625e7f91f0d-55543,MARKET,SELL,0.03729729,GTC,False,False,0.03729729,TAKER,66976.18,0.0,['9.99 USD'],NO_TRIGGER,FILLED,NO_CONTINGENCY,,,,,,,,aa384413-676e-4d49-93b5-9bb8a2e603ce,2024-07-20 21:00:00+00:00,2024-07-20 21:00:00+00:00
O-20240721-014500-BACKTEST-000-169,KRAKEN-BACKTEST,KrakenBTCUSDResearchStrategy-000,BTC/USD.KRAKEN,KRAKEN-1-169,BTC/USD.KRAKEN-KrakenBTCUSDResearchStrategy-000,KRAKEN-001,T-425d4c6bbfad293a-55762,MARKET,BUY,0.03687730,GTC,False,False,0.03687730,TAKER,67376.0,0.0,['9.94 USD'],NO_TRIGGER,FILLED,NO_CONTINGENCY,,,,,,,,671cf09a-af47-4e90-a020-b13d867f2926,2024-07-21 01:45:00+00:00,2024-07-21 01:45:00+00:00
O-20240721-032500-BACKTEST-000-170,KRAKEN-BACKTEST,KrakenBTCUSDResearchStrategy-000,BTC/USD.KRAKEN,KRAKEN-1-170,BTC/USD.KRAKEN-KrakenBTCUSDResearchStrategy-000,KRAKEN-001,T-0eabfcaed2ed6ba8-55837,MARKET,SELL,0.03687730,GTC,False,False,0.03687730,TAKER,67244.0,0.0,['9.92 USD'],NO_TRIGGER,FILLED,NO_CONTINGENCY,,,,,,,,8612ea72-a2f2-484a-a4d3-5fe27d8cb96a,2024-07-21 03:25:00+00:00,2024-07-21 03:25:00+00:00
O-20240721-143500-BACKTEST-000-171,KRAKEN-BACKTEST,KrakenBTCUSDResearchStrategy-000,BTC/USD.KRAKEN,KRAKEN-1-171,BTC/USD.KRAKEN-KrakenBTCUSDResearchStrategy-000,KRAKEN-001,T-f5e99efd1144ae3e-56349,MARKET,BUY,0.03682735,GTC,False,False,0.03682735,TAKER,67266.0,0.0,['9.91 USD'],NO_TRIGGER,FILLED,NO_CONTINGENCY,,,,,,,,9216565d-499b-4a38-8e8e-eb7ce3b550fb,2024-07-21 14:35:00+00:00,2024-07-21 14:35:00+00:00
O-20240721-163000-BACKTEST-000-172,KRAKEN-BACKTEST,KrakenBTCUSDResearchStrategy-000,BTC/USD.KRAKEN,KRAKEN-1-172,BTC/USD.KRAKEN-KrakenBTCUSDResearchStrategy-000,KRAKEN-001,T-9efabbb166a1fd83-56442,MARKET,SELL,0.03682735,GTC,False,False,0.03682735,TAKER,66973.02,0.0,['9.87 USD'],NO_TRIGGER,FILLED,NO_CONTINGENCY,,,,,,,,3b603e6a-2e22-4e53-9f91-b972b8139bd7,2024-07-21 16:30:00+00:00,2024-07-21 16:30:00+00:00
O-20240721-201500-BACKTEST-000-173,KRAKEN-BACKTEST,KrakenBTCUSDResearchStrategy-000,BTC/USD.KRAKEN,KRAKEN-1-173,BTC/USD.KRAKEN-KrakenBTCUSDResearchStrategy-000,KRAKEN-001,T-a944b1dc23a5cec8-56618,MARKET,BUY,0.03644073,GTC,False,False,0.03644073,TAKER,67728.0,0.0,['9.87 USD'],NO_TRIGGER,FILLED,NO_CONTINGENCY,,,,,,,,ae341cff-5f17-49a9-8f5c-2c2644dd84c1,2024-07-21 20:15:00+00:00,2024-07-21 20:15:00+00:00
O-20240722-035000-BACKTEST-000-174,KRAKEN-BACKTEST,KrakenBTCUSDResearchStrategy-000,BTC/USD.KRAKEN,KRAKEN-1-174,BTC/USD.KRAKEN-KrakenBTCUSDResearchStrategy-000,KRAKEN-001,T-2127239300c7da3e-56977,MARKET,SELL,0.03644073,GTC,False,False,0.03644073,TAKER,67857.99,0.0,['9.89 USD'],NO_TRIGGER,FILLED,NO_CONTINGENCY,,,,,,,,c92ddccf-a012-49a8-9544-cc891cb56a25,2024-07-22 03:50:00+00:00,2024-07-22 03:50:00+00:00
O-20240722-125500-BACKTEST-000-175,KRAKEN-BACKTEST,KrakenBTCUSDResearchStrategy-000,BTC/USD.KRAKEN,KRAKEN-1-175,BTC/USD.KRAKEN-KrakenBTCUSDResearchStrategy-000,KRAKEN-001,T-0ea486d7358610f9-57401,MARKET,BUY,0.03639075,GTC,False,False,0.03639075,TAKER,67697.11,0.0,['9.85 USD'],NO_TRIGGER,FILLED,NO_CONTINGENCY,,,,,,,,caeffb5c-6b31-4013-96eb-55b60ac2a32b,2024-07-22 12:55:00+00:00,2024-07-22 12:55:00+00:00
O-20240722-134000-BACKTEST-000-176,KRAKEN-BACKTEST,KrakenBTCUSDResearchStrategy-000,BTC/USD.KRAKEN,KRAKEN-1-176,BTC/USD.KRAKEN-KrakenBTCUSDResearchStrategy-000,KRAKEN-001,T-2d19b1510ad6c824-57438,MARKET,SELL,0.03639075,GTC,False,False,0.03639075,TAKER,67424.01,0.0,['9.81 USD'],NO_TRIGGER,FILLED,NO_CONTINGENCY,,,,,,,,5b6dc279-26a1-4cad-87ed-09d5e73380a2,2024-07-22 13:40:00+00:00,2024-07-22 13:40:00+00:00
O-20240722-191000-BACKTEST-000-177,KRAKEN-BACKTEST,KrakenBTCUSDResearchStrategy-000,BTC/USD.KRAKEN,KRAKEN-1-177,BTC/USD.KRAKEN-KrakenBTCUSDResearchStrategy-000,KRAKEN-001,T-c701462a7dc6b0f8-57697,MARKET,BUY,0.03626339,GTC,False,False,0.03626339,TAKER,67689.99,0.0,['9.82 USD'],NO_TRIGGER,FILLED,NO_CONTINGENCY,,,,,,,,65b43d2f-800d-4246-b596-832697a5b469,2024-07-22 19:10:00+00:00,2024-07-22 19:10:00+00:00
O-20240722-221500-BACKTEST-000-178,KRAKEN-BACKTEST,KrakenBTCUSDResearchStrategy-000,BTC/USD.KRAKEN,KRAKEN-1-178,BTC/USD.KRAKEN-KrakenBTCUSDResearchStrategy-000,KRAKEN-001,T-c01ac74bba6cbcbc-57844,MARKET,SELL,0.03626339,GTC,False,False,0.03626339,TAKER,67554.9,0.0,['9.80 USD'],NO_TRIGGER,FILLED,NO_CONTINGENCY,,,,,,,,7880cb82-0854-4f2a-89e4-6b95ee6e1996,2024-07-22 22:15:00+00:00,2024-07-22 22:15:00+00:00
O-20240724-080500-BACKTEST-000-179,KRAKEN-BACKTEST,KrakenBTCUSDResearchStrategy-000,BTC/USD.KRAKEN,KRAKEN-1-179,BTC/USD.KRAKEN-KrakenBTCUSDResearchStrategy-000,KRAKEN-001,T-3d75a6aab7a14b48-59447,MARKET,BUY,0.03690941,GTC,False,False,0.03690941,TAKER,66305.93,0.0,['9.79 USD'],NO_TRIGGER,FILLED,NO_CONTINGENCY,,,,,,,,e2d2b4b4-0fcd-4085-acf8-d57e52c54237,2024-07-24 08:05:00+00:00,2024-07-24 08:05:00+00:00
O-20240724-125000-BACKTEST-000-180,KRAKEN-BACKTEST,KrakenBTCUSDResearchStrategy-000,BTC/USD.KRAKEN,KRAKEN-1-180,BTC/USD.KRAKEN-KrakenBTCUSDResearchStrategy-000,KRAKEN-001,T-000f0d5b6f20cfbd-59670,MARKET,SELL,0.03690941,GTC,False,False,0.03690941,TAKER,66212.0,0.0,['9.78 USD'],NO_TRIGGER,FILLED,NO_CONTINGENCY,,,,,,,,7ffdaefd-924c-45bf-8509-5f77717fa23e,2024-07-24 12:50:00+00:00,2024-07-24 12:50:00+00:00
O-20240724-143000-BACKTEST-000-181,KRAKEN-BACKTEST,KrakenBTCUSDResearchStrategy-000,BTC/USD.KRAKEN,KRAKEN-1-181,BTC/USD.KRAKEN-KrakenBTCUSDResearchStrategy-000,KRAKEN-001,T-1146c39a677f4d22-59751,MARKET,BUY,0.03642055,GTC,False,False,0.03642055,TAKER,67006.23,0.0,['9.76 USD'],NO_TRIGGER,FILLED,NO_CONTINGENCY,,,,,,,,e8d4c329-51bb-4541-ae7d-32b00b5e28f1,2024-07-24 14:30:00+00:00,2024-07-24 14:30:00+00:00
O-20240724-150500-BACKTEST-000-182,KRAKEN-BACKTEST,KrakenBTCUSDResearchStrategy-000,BTC/USD.KRAKEN,KRAKEN-1-182,BTC/USD.KRAKEN-KrakenBTCUSDResearchStrategy-000,KRAKEN-001,T-9f9f8e49d2c2daeb-59780,MARKET,SELL,0.03642055,GTC,False,False,0.03642055,TAKER,66597.84,0.0,['9.70 USD'],NO_TRIGGER,FILLED,NO_CONTINGENCY,,,,,,,,f1740324-4571-42f5-b183-007d2243321d,2024-07-24 15:05:00+00:00,2024-07-24 15:05:00+00:00
O-20240725-151000-BACKTEST-000-183,KRAKEN-BACKTEST,KrakenBTCUSDResearchStrategy-000,BTC/USD.KRAKEN,KRAKEN-1-183,BTC/USD.KRAKEN-KrakenBTCUSDResearchStrategy-000,KRAKEN-001,T-cef3037208896238-60924,MARKET,BUY,0.03744960,GTC,False,False,0.03744960,TAKER,64890.009999999995,0.0,['9.72 USD'],NO_TRIGGER,FILLED,NO_CONTINGENCY,,,,,,,,ddab135c-844d-4e36-8dbd-1f68701e7eef,2024-07-25 15:10:00+00:00,2024-07-25 15:10:00+00:00
O-20240725-184500-BACKTEST-000-184,KRAKEN-BACKTEST,KrakenBTCUSDResearchStrategy-000,BTC/USD.KRAKEN,KRAKEN-1-184,BTC/USD.KRAKEN-KrakenBTCUSDResearchStrategy-000,KRAKEN-001,T-6c080ec3ae05c15d-61095,MARKET,SELL,0.03744960,GTC,False,False,0.03744960,TAKER,64623.04,0.0,['9.68 USD'],NO_TRIGGER,FILLED,NO_CONTINGENCY,,,,,,,,e74483f2-b783-4343-89f2-8419ffb79c39,2024-07-25 18:45:00+00:00,2024-07-25 18:45:00+00:00
O-20240725-205500-BACKTEST-000-185,KRAKEN-BACKTEST,KrakenBTCUSDResearchStrategy-000,BTC/USD.KRAKEN,KRAKEN-1-185,BTC/USD.KRAKEN-KrakenBTCUSDResearchStrategy-000,KRAKEN-001,T-287b6fa26ef3c2dd-61199,MARKET,BUY,0.03708057,GTC,False,False,0.03708057,TAKER,65298.009999999995,0.0,['9.69 USD'],NO_TRIGGER,FILLED,NO_CONTINGENCY,,,,,,,,eab9b40f-34cc-416b-802f-dd590f4c65a8,2024-07-25 20:55:00+00:00,2024-07-25 20:55:00+00:00
O-20240726-143000-BACKTEST-000-186,KRAKEN-BACKTEST,KrakenBTCUSDResearchStrategy-000,BTC/USD.KRAKEN,KRAKEN-1-186,BTC/USD.KRAKEN-KrakenBTCUSDResearchStrategy-000,KRAKEN-001,T-4243559f63c67cf6-62026,MARKET,SELL,0.03708057,GTC,False,False,0.03708057,TAKER,67070.0,0.0,['9.95 USD'],NO_TRIGGER,FILLED,NO_CONTINGENCY,,,,,,,,446db2ba-8749-452f-8837-0d1bfdc7341d,2024-07-26 14:30:00+00:00,2024-07-26 14:30:00+00:00
O-20240726-192000-BACKTEST-000-187,KRAKEN-BACKTEST,KrakenBTCUSDResearchStrategy-000,BTC/USD.KRAKEN,KRAKEN-1-187,BTC/USD.KRAKEN-KrakenBTCUSDResearchStrategy-000,KRAKEN-001,T-7c8fe14287c09c95-62256,MARKET,BUY,0.03589166,GTC,False,False,0.03589166,TAKER,67846.01,0.0,['9.74 USD'],NO_TRIGGER,FILLED,NO_CONTINGENCY,,,,,,,,d18caa0d-5809-4980-9762-d1042956b733,2024-07-26 19:20:00+00:00,2024-07-26 19:20:00+00:00
O-20240726-204000-BACKTEST-000-188,KRAKEN-BACKTEST,KrakenBTCUSDResearchStrategy-000,BTC/USD.KRAKEN,KRAKEN-1-188,BTC/USD.KRAKEN-KrakenBTCUSDResearchStrategy-000,KRAKEN-001,T-c543bec2303fb131-62320,MARKET,SELL,0.03589166,GTC,False,False,0.03589166,TAKER,67437.99,0.0,['9.68 USD'],NO_TRIGGER,FILLED,NO_CONTINGENCY,,,,,,,,28c3c2ee-d4c2-4ff2-9085-c3cf6679d824,2024-07-26 20:40:00+00:00,2024-07-26 20:40:00+00:00
O-20240727-065500-BACKTEST-000-189,KRAKEN-BACKTEST,KrakenBTCUSDResearchStrategy-000,BTC/USD.KRAKEN,KRAKEN-1-189,BTC/USD.KRAKEN-KrakenBTCUSDResearchStrategy-000,KRAKEN-001,T-17521c4261ac233e-62806,MARKET,BUY,0.03561142,GTC,False,False,0.03561142,TAKER,68092.89,0.0,['9.70 USD'],NO_TRIGGER,FILLED,NO_CONTINGENCY,,,,,,,,d9b4c796-5e34-4d7e-8b2d-379ff996cf9a,2024-07-27 06:55:00+00:00,2024-07-27 06:55:00+00:00
O-20240727-083500-BACKTEST-000-190,KRAKEN-BACKTEST,KrakenBTCUSDResearchStrategy-000,BTC/USD.KRAKEN,KRAKEN-1-190,BTC/USD.KRAKEN-KrakenBTCUSDResearchStrategy-000,KRAKEN-001,T-a832bb2b13fe749e-62883,MARKET,SELL,0.03561142,GTC,False,False,0.03561142,TAKER,67912.0,0.0,['9.67 USD'],NO_TRIGGER,FILLED,NO_CONTINGENCY,,,,,,,,ac260fb7-7b20-40f6-97b1-f9549fb1d9c4,2024-07-27 08:35:00+00:00,2024-07-27 08:35:00+00:00
O-20240727-120000-BACKTEST-000-191,KRAKEN-BACKTEST,KrakenBTCUSDResearchStrategy-000,BTC/USD.KRAKEN,KRAKEN-1-191,BTC/USD.KRAKEN-KrakenBTCUSDResearchStrategy-000,KRAKEN-001,T-7281d0c9208a9a60-63045,MARKET,BUY,0.03534246,GTC,False,False,0.03534246,TAKER,68392.01,0.0,['9.67 USD'],NO_TRIGGER,FILLED,NO_CONTINGENCY,,,,,,,,dc2257d2-dc4c-4a54-8d59-6984952e888f,2024-07-27 12:00:00+00:00,2024-07-27 12:00:00+00:00
O-20240727-171500-BACKTEST-000-192,KRAKEN-BACKTEST,KrakenBTCUSDResearchStrategy-000,BTC/USD.KRAKEN,KRAKEN-1-192,BTC/USD.KRAKEN-KrakenBTCUSDResearchStrategy-000,KRAKEN-001,T-ff5e7139372083f6-63294,MARKET,SELL,0.03534246,GTC,False,False,0.03534246,TAKER,68484.34,0.0,['9.68 USD'],NO_TRIGGER,FILLED,NO_CONTINGENCY,,,,,,,,5fabd147-d4ed-44a0-9401-48f1fbc01e48,2024-07-27 17:15:00+00:00,2024-07-27 17:15:00+00:00
O-20240728-114000-BACKTEST-000-193,KRAKEN-BACKTEST,KrakenBTCUSDResearchStrategy-000,BTC/USD.KRAKEN,KRAKEN-1-193,BTC/USD.KRAKEN-KrakenBTCUSDResearchStrategy-000,KRAKEN-001,T-306129ab62c58289-64156,MARKET,BUY,0.03551704,GTC,False,False,0.03551704,TAKER,67920.01,0.0,['9.65 USD'],NO_TRIGGER,FILLED,NO_CONTINGENCY,,,,,,,,f2af31e7-5f6c-41fa-8385-252826b21019,2024-07-28 11:40:00+00:00,2024-07-28 11:40:00+00:00
O-20240728-120000-BACKTEST-000-194,KRAKEN-BACKTEST,KrakenBTCUSDResearchStrategy-000,BTC/USD.KRAKEN,KRAKEN-1-194,BTC/USD.KRAKEN-KrakenBTCUSDResearchStrategy-000,KRAKEN-001,T-add1c68e23f6bbf6-64173,MARKET,SELL,0.03551704,GTC,False,False,0.03551704,TAKER,67776.01,0.0,['9.63 USD'],NO_TRIGGER,FILLED,NO_CONTINGENCY,,,,,,,,03845a41-414b-4276-bd38-b0c479ae66f9,2024-07-28 12:00:00+00:00,2024-07-28 12:00:00+00:00
O-20240728-181500-BACKTEST-000-195,KRAKEN-BACKTEST,KrakenBTCUSDResearchStrategy-000,BTC/USD.KRAKEN,KRAKEN-1-195,BTC/USD.KRAKEN-KrakenBTCUSDResearchStrategy-000,KRAKEN-001,T-a3d14ba3a57c4ff3-64466,MARKET,BUY,0.03529564,GTC,False,False,0.03529564,TAKER,68138.66,0.0,['9.62 USD'],NO_TRIGGER,FILLED,NO_CONTINGENCY,,,,,,,,147eebad-c8e7-44a4-b98b-9f6fe57e992a,2024-07-28 18:15:00+00:00,2024-07-28 18:15:00+00:00
O-20240728-202500-BACKTEST-000-196,KRAKEN-BACKTEST,KrakenBTCUSDResearchStrategy-000,BTC/USD.KRAKEN,KRAKEN-1-196,BTC/USD.KRAKEN-KrakenBTCUSDResearchStrategy-000,KRAKEN-001,T-c9ccb1e6f2b748e1-64568,MARKET,SELL,0.03529564,GTC,False,False,0.03529564,TAKER,68004.01,0.0,['9.60 USD'],NO_TRIGGER,FILLED,NO_CONTINGENCY,,,,,,,,aa4a1f8d-8a83-4590-94a8-446f1ec38200,2024-07-28 20:25:00+00:00,2024-07-28 20:25:00+00:00
O-20240729-000500-BACKTEST-000-197,KRAKEN-BACKTEST,KrakenBTCUSDResearchStrategy-000,BTC/USD.KRAKEN,KRAKEN-1-197,BTC/USD.KRAKEN-KrakenBTCUSDResearchStrategy-000,KRAKEN-001,T-0e98abd10d36119b-64738,MARKET,BUY,0.03488796,GTC,False,False,0.03488796,TAKER,68728.77,0.0,['9.59 USD'],NO_TRIGGER,FILLED,NO_CONTINGENCY,,,,,,,,8acf8ce0-d054-416c-8da6-9a783047da30,2024-07-29 00:05:00+00:00,2024-07-29 00:05:00+00:00
O-20240729-120500-BACKTEST-000-198,KRAKEN-BACKTEST,KrakenBTCUSDResearchStrategy-000,BTC/USD.KRAKEN,KRAKEN-1-198,BTC/USD.KRAKEN-KrakenBTCUSDResearchStrategy-000,KRAKEN-001,T-34851084eb56cff9-65302,MARKET,SELL,0.03488796,GTC,False,False,0.03488796,TAKER,69440.01,0.0,['9.69 USD'],NO_TRIGGER,FILLED,NO_CONTINGENCY,,,,,,,,b43eeb26-c8d4-4dc0-b127-a9a1a523f50c,2024-07-29 12:05:00+00:00,2024-07-29 12:05:00+00:00
O-20240730-074000-BACKTEST-000-199,KRAKEN-BACKTEST,KrakenBTCUSDResearchStrategy-000,BTC/USD.KRAKEN,KRAKEN-1-199,BTC/USD.KRAKEN-KrakenBTCUSDResearchStrategy-000,KRAKEN-001,T-bdd5b28047530d25-66217,MARKET,BUY,0.03581935,GTC,False,False,0.03581935,TAKER,66987.98000000001,0.0,['9.60 USD'],NO_TRIGGER,FILLED,NO_CONTINGENCY,,,,,,,,98a3432e-b474-460f-b6c0-c65c8b918e16,2024-07-30 07:40:00+00:00,2024-07-30 07:40:00+00:00
O-20240730-080500-BACKTEST-000-200,KRAKEN-BACKTEST,KrakenBTCUSDResearchStrategy-000,BTC/USD.KRAKEN,KRAKEN-1-200,BTC/USD.KRAKEN-KrakenBTCUSDResearchStrategy-000,KRAKEN-001,T-9ffeff99e59c0789-66238,MARKET,SELL,0.03581935,GTC,False,False,0.03581935,TAKER,66855.01000000001,0.0,['9.58 USD'],NO_TRIGGER,FILLED,NO_CONTINGENCY,,,,,,,,dfb8a912-1489-40b9-b065-54f9d14291de,2024-07-30 08:05:00+00:00,2024-07-30 08:05:00+00:00
O-20240730-220000-BACKTEST-000-201,KRAKEN-BACKTEST,KrakenBTCUSDResearchStrategy-000,BTC/USD.KRAKEN,KRAKEN-1-201,BTC/USD.KRAKEN-KrakenBTCUSDResearchStrategy-000,KRAKEN-001,T-59ad2d0fe93d687a-66897,MARKET,BUY,0.03605764,GTC,False,False,0.03605764,TAKER,66346.01,0.0,['9.57 USD'],NO_TRIGGER,FILLED,NO_CONTINGENCY,,,,,,,,017f67e3-1b53-4209-9e24-2c7affc86500,2024-07-30 22:00:00+00:00,2024-07-30 22:00:00+00:00
O-20240730-224500-BACKTEST-000-202,KRAKEN-BACKTEST,KrakenBTCUSDResearchStrategy-000,BTC/USD.KRAKEN,KRAKEN-1-202,BTC/USD.KRAKEN-KrakenBTCUSDResearchStrategy-000,KRAKEN-001,T-41232e5624aec89b-66934,MARKET,SELL,0.03605764,GTC,False,False,0.03605764,TAKER,66128.01,0.0,['9.54 USD'],NO_TRIGGER,FILLED,NO_CONTINGENCY,,,,,,,,6e3e7116-e733-4338-938d-c9d235179197,2024-07-30 22:45:00+00:00,2024-07-30 22:45:00+00:00
O-20240731-131500-BACKTEST-000-203,KRAKEN-BACKTEST,KrakenBTCUSDResearchStrategy-000,BTC/USD.KRAKEN,KRAKEN-1-203,BTC/USD.KRAKEN-KrakenBTCUSDResearchStrategy-000,KRAKEN-001,T-fa5154fa253b4aac-67597,MARKET,BUY,0.03590747,GTC,False,False,0.03590747,TAKER,66398.15000000001,0.0,['9.54 USD'],NO_TRIGGER,FILLED,NO_CONTINGENCY,,,,,,,,b7688db3-b13e-4ee2-87f6-e6f0dd8f6ca9,2024-07-31 13:15:00+00:00,2024-07-31 13:15:00+00:00
O-20240731-142500-BACKTEST-000-204,KRAKEN-BACKTEST,KrakenBTCUSDResearchStrategy-000,BTC/USD.KRAKEN,KRAKEN-1-204,BTC/USD.KRAKEN-KrakenBTCUSDResearchStrategy-000,KRAKEN-001,T-859ac11faec9676d-67653,MARKET,SELL,0.03590747,GTC,False,False,0.03590747,TAKER,66132.01,0.0,['9.50 USD'],NO_TRIGGER,FILLED,NO_CONTINGENCY,,,,,,,,069bc12c-682f-4030-a01c-48ce1d651829,2024-07-31 14:25:00+00:00,2024-07-31 14:25:00+00:00
O-20240801-083500-BACKTEST-000-205,KRAKEN-BACKTEST,KrakenBTCUSDResearchStrategy-000,BTC/USD.KRAKEN,KRAKEN-1-205,BTC/USD.KRAKEN-KrakenBTCUSDResearchStrategy-000,KRAKEN-001,T-d33f9fb1e783ad82-68501,MARKET,BUY,0.03681403,GTC,False,False,0.03681403,TAKER,64530.009999999995,0.0,['9.50 USD'],NO_TRIGGER,FILLED,NO_CONTINGENCY,,,,,,,,da4ee09c-40aa-435a-97e1-95106fe995d9,2024-08-01 08:35:00+00:00,2024-08-01 08:35:00+00:00
O-20240801-100000-BACKTEST-000-206,KRAKEN-BACKTEST,KrakenBTCUSDResearchStrategy-000,BTC/USD.KRAKEN,KRAKEN-1-206,BTC/USD.KRAKEN-KrakenBTCUSDResearchStrategy-000,KRAKEN-001,T-31c344162a4fb950-68566,MARKET,SELL,0.03681403,GTC,False,False,0.03681403,TAKER,64382.0,0.0,['9.48 USD'],NO_TRIGGER,FILLED,NO_CONTINGENCY,,,,,,,,62790c0b-f29f-42e3-9d90-9f5e9f9af823,2024-08-01 10:00:00+00:00,2024-08-01 10:00:00+00:00
O-20240801-120000-BACKTEST-000-207,KRAKEN-BACKTEST,KrakenBTCUSDResearchStrategy-000,BTC/USD.KRAKEN,KRAKEN-1-207,BTC/USD.KRAKEN-KrakenBTCUSDResearchStrategy-000,KRAKEN-001,T-61c01213eea8ed4d-68660,MARKET,BUY,0.03658907,GTC,False,False,0.03658907,TAKER,64726.46000000001,0.0,['9.47 USD'],NO_TRIGGER,FILLED,NO_CONTINGENCY,,,,,,,,e43b3d90-c94b-4f4d-8692-dfbcef8bd7bd,2024-08-01 12:00:00+00:00,2024-08-01 12:00:00+00:00
O-20240801-133500-BACKTEST-000-208,KRAKEN-BACKTEST,KrakenBTCUSDResearchStrategy-000,BTC/USD.KRAKEN,KRAKEN-1-208,BTC/USD.KRAKEN-KrakenBTCUSDResearchStrategy-000,KRAKEN-001,T-5dcf958da16159b7-68735,MARKET,SELL,0.03658907,GTC,False,False,0.03658907,TAKER,64504.0,0.0,['9.44 USD'],NO_TRIGGER,FILLED,NO_CONTINGENCY,,,,,,,,8c18895e-1e44-4d07-b111-f25646b23ec0,2024-08-01 13:35:00+00:00,2024-08-01 13:35:00+00:00
O-20240801-205500-BACKTEST-000-209,KRAKEN-BACKTEST,KrakenBTCUSDResearchStrategy-000,BTC/USD.KRAKEN,KRAKEN-1-209,BTC/USD.KRAKEN-KrakenBTCUSDResearchStrategy-000,KRAKEN-001,T-2bd8749e77a68c61-69081,MARKET,BUY,0.03644481,GTC,False,False,0.03644481,TAKER,64760.0,0.0,['9.44 USD'],NO_TRIGGER,FILLED,NO_CONTINGENCY,,,,,,,,9bd81575-039d-4a0e-a04d-36cc1d36b738,2024-08-01 20:55:00+00:00,2024-08-01 20:55:00+00:00
O-20240802-021500-BACKTEST-000-210,KRAKEN-BACKTEST,KrakenBTCUSDResearchStrategy-000,BTC/USD.KRAKEN,KRAKEN-1-210,BTC/USD.KRAKEN-KrakenBTCUSDResearchStrategy-000,KRAKEN-001,T-7a62e2c7d6895e98-69331,MARKET,SELL,0.03644481,GTC,False,False,0.03644481,TAKER,64410.0,0.0,['9.39 USD'],NO_TRIGGER,FILLED,NO_CONTINGENCY,,,,,,,,e558f84a-873c-4a8b-9d60-1847362d1973,2024-08-02 02:15:00+00:00,2024-08-02 02:15:00+00:00
O-20240802-105000-BACKTEST-000-211,KRAKEN-BACKTEST,KrakenBTCUSDResearchStrategy-000,BTC/USD.KRAKEN,KRAKEN-1-211,BTC/USD.KRAKEN-KrakenBTCUSDResearchStrategy-000,KRAKEN-001,T-ec4605d89d5c9347-69735,MARKET,BUY,0.03629736,GTC,False,False,0.03629736,TAKER,64761.98,0.0,['9.40 USD'],NO_TRIGGER,FILLED,NO_CONTINGENCY,,,,,,,,fde0c784-5148-4b9d-82c9-36516c0236cc,2024-08-02 10:50:00+00:00,2024-08-02 10:50:00+00:00
O-20240802-122500-BACKTEST-000-212,KRAKEN-BACKTEST,KrakenBTCUSDResearchStrategy-000,BTC/USD.KRAKEN,KRAKEN-1-212,BTC/USD.KRAKEN-KrakenBTCUSDResearchStrategy-000,KRAKEN-001,T-869c089042ee4389-69811,MARKET,SELL,0.03629736,GTC,False,False,0.03629736,TAKER,64508.009999999995,0.0,['9.37 USD'],NO_TRIGGER,FILLED,NO_CONTINGENCY,,,,,,,,27888bd6-a52a-436a-bd48-549b021acb25,2024-08-02 12:25:00+00:00,2024-08-02 12:25:00+00:00
O-20240802-134000-BACKTEST-000-213,KRAKEN-BACKTEST,KrakenBTCUSDResearchStrategy-000,BTC/USD.KRAKEN,KRAKEN-1-213,BTC/USD.KRAKEN-KrakenBTCUSDResearchStrategy-000,KRAKEN-001,T-ba5dd307b687bf93-69872,MARKET,BUY,0.03579515,GTC,False,False,0.03579515,TAKER,65436.009999999995,0.0,['9.37 USD'],NO_TRIGGER,FILLED,NO_CONTINGENCY,,,,,,,,10335326-c357-4719-95d9-39725086d21d,2024-08-02 13:40:00+00:00,2024-08-02 13:40:00+00:00
O-20240802-141000-BACKTEST-000-214,KRAKEN-BACKTEST,KrakenBTCUSDResearchStrategy-000,BTC/USD.KRAKEN,KRAKEN-1-214,BTC/USD.KRAKEN-KrakenBTCUSDResearchStrategy-000,KRAKEN-001,T-b74a2027d99790ab-69895,MARKET,SELL,0.03579515,GTC,False,False,0.03579515,TAKER,64638.0,0.0,['9.25 USD'],NO_TRIGGER,FILLED,NO_CONTINGENCY,,,,,,,,99d1b477-68d3-4696-9930-ba98213faeba,2024-08-02 14:10:00+00:00,2024-08-02 14:10:00+00:00
O-20240803-112000-BACKTEST-000-215,KRAKEN-BACKTEST,KrakenBTCUSDResearchStrategy-000,BTC/USD.KRAKEN,KRAKEN-1-215,BTC/USD.KRAKEN-KrakenBTCUSDResearchStrategy-000,KRAKEN-001,T-2c03ca0386d91ee5-70888,MARKET,BUY,0.03759922,GTC,False,False,0.03759922,TAKER,61919.84,0.0,['9.31 USD'],NO_TRIGGER,FILLED,NO_CONTINGENCY,,,,,,,,350a5623-7488-4fdb-bcab-552c951c9796,2024-08-03 11:20:00+00:00,2024-08-03 11:20:00+00:00
O-20240803-151500-BACKTEST-000-216,KRAKEN-BACKTEST,KrakenBTCUSDResearchStrategy-000,BTC/USD.KRAKEN,KRAKEN-1-216,BTC/USD.KRAKEN-KrakenBTCUSDResearchStrategy-000,KRAKEN-001,T-ecb4b57b2cfc8562-71076,MARKET,SELL,0.03759922,GTC,False,False,0.03759922,TAKER,61792.009999999995,0.0,['9.29 USD'],NO_TRIGGER,FILLED,NO_CONTINGENCY,,,,,,,,a3348cea-b99c-4990-9846-e8ab3ae30470,2024-08-03 15:15:00+00:00,2024-08-03 15:15:00+00:00
O-20240804-022500-BACKTEST-000-217,KRAKEN-BACKTEST,KrakenBTCUSDResearchStrategy-000,BTC/USD.KRAKEN,KRAKEN-1-217,BTC/USD.KRAKEN-KrakenBTCUSDResearchStrategy-000,KRAKEN-001,T-74cba3f68c7f2aca-71606,MARKET,BUY,0.03804981,GTC,False,False,0.03804981,TAKER,61002.0,0.0,['9.28 USD'],NO_TRIGGER,FILLED,NO_CONTINGENCY,,,,,,,,6b755233-7daf-4de0-b1d1-34fe97068d22,2024-08-04 02:25:00+00:00,2024-08-04 02:25:00+00:00
O-20240804-032000-BACKTEST-000-218,KRAKEN-BACKTEST,KrakenBTCUSDResearchStrategy-000,BTC/USD.KRAKEN,KRAKEN-1-218,BTC/USD.KRAKEN-KrakenBTCUSDResearchStrategy-000,KRAKEN-001,T-2870e59dae906ebc-71650,MARKET,SELL,0.03804981,GTC,False,False,0.03804981,TAKER,60716.729999999996,0.0,['9.24 USD'],NO_TRIGGER,FILLED,NO_CONTINGENCY,,,,,,,,655261d4-d25f-4294-b68c-a1048db73481,2024-08-04 03:20:00+00:00,2024-08-04 03:20:00+00:00
O-20240804-112000-BACKTEST-000-219,KRAKEN-BACKTEST,KrakenBTCUSDResearchStrategy-000,BTC/USD.KRAKEN,KRAKEN-1-219,BTC/USD.KRAKEN-KrakenBTCUSDResearchStrategy-000,KRAKEN-001,T-076560191e55c4ad-72026,MARKET,BUY,0.03795017,GTC,False,False,0.03795017,TAKER,60930.0,0.0,['9.25 USD'],NO_TRIGGER,FILLED,NO_CONTINGENCY,,,,,,,,7fe6b9e3-9cb6-4bad-b8b8-bb518700d863,2024-08-04 11:20:00+00:00,2024-08-04 11:20:00+00:00
O-20240804-140500-BACKTEST-000-220,KRAKEN-BACKTEST,KrakenBTCUSDResearchStrategy-000,BTC/USD.KRAKEN,KRAKEN-1-220,BTC/USD.KRAKEN-KrakenBTCUSDResearchStrategy-000,KRAKEN-001,T-4664982a5fbba6db-72154,MARKET,SELL,0.03795017,GTC,False,False,0.03795017,TAKER,60764.0,0.0,['9.22 USD'],NO_TRIGGER,FILLED,NO_CONTINGENCY,,,,,,,,6430158e-8831-4c95-af40-f1fba1121f83,2024-08-04 14:05:00+00:00,2024-08-04 14:05:00+00:00
O-20240805-143500-BACKTEST-000-221,KRAKEN-BACKTEST,KrakenBTCUSDResearchStrategy-000,BTC/USD.KRAKEN,KRAKEN-1-221,BTC/USD.KRAKEN-KrakenBTCUSDResearchStrategy-000,KRAKEN-001,T-eea7bbcad9ffa001-73308,MARKET,BUY,0.01131004,GTC,False,False,0.01131004,TAKER,53856.659999999996,0.0,['2.44 USD'],NO_TRIGGER,FILLED,NO_CONTINGENCY,,,,,,,,057f09d5-19cb-4b45-b877-497520466c98,2024-08-05 14:35:00+00:00,2024-08-05 14:35:00+00:00
O-20240805-184000-BACKTEST-000-222,KRAKEN-BACKTEST,KrakenBTCUSDResearchStrategy-000,BTC/USD.KRAKEN,KRAKEN-1-222,BTC/USD.KRAKEN-KrakenBTCUSDResearchStrategy-000,KRAKEN-001,T-31259cddf9796f9a-73504,MARKET,SELL,0.01131004,GTC,False,False,0.01131004,TAKER,53504.729999999996,0.0,['2.42 USD'],NO_TRIGGER,FILLED,NO_CONTINGENCY,,,,,,,,1159a50e-fab4-40c9-9ce1-4fec6e4c5207,2024-08-05 18:40:00+00:00,2024-08-05 18:40:00+00:00
O-20240806-001500-BACKTEST-000-223,KRAKEN-BACKTEST,KrakenBTCUSDResearchStrategy-000,BTC/USD.KRAKEN,KRAKEN-1-223,BTC/USD.KRAKEN-KrakenBTCUSDResearchStrategy-000,KRAKEN-001,T-36a9110543e6390d-73770,MARKET,BUY,0.03967494,GTC,False,False,0.03967494,TAKER,55414.380000000005,0.0,['8.79 USD'],NO_TRIGGER,FILLED,NO_CONTINGENCY,,,,,,,,9c5f6297-5146-4f0f-bdd5-18bc89dd9048,2024-08-06 00:15:00+00:00,2024-08-06 00:15:00+00:00
O-20240806-082000-BACKTEST-000-224,KRAKEN-BACKTEST,KrakenBTCUSDResearchStrategy-000,BTC/USD.KRAKEN,KRAKEN-1-224,BTC/USD.KRAKEN-KrakenBTCUSDResearchStrategy-000,KRAKEN-001,T-5e26221b6221c28a-74156,MARKET,SELL,0.03967494,GTC,False,False,0.03967494,TAKER,55490.009999999995,0.0,['8.81 USD'],NO_TRIGGER,FILLED,NO_CONTINGENCY,,,,,,,,cd040560-ee8e-451e-931e-64332d17e93c,2024-08-06 08:20:00+00:00,2024-08-06 08:20:00+00:00
O-20240806-141500-BACKTEST-000-225,KRAKEN-BACKTEST,KrakenBTCUSDResearchStrategy-000,BTC/USD.KRAKEN,KRAKEN-1-225,BTC/USD.KRAKEN-KrakenBTCUSDResearchStrategy-000,KRAKEN-001,T-50e390a9e18aa0e6-74439,MARKET,BUY,0.02794529,GTC,False,False,0.02794529,TAKER,56493.57,0.0,['6.31 USD'],NO_TRIGGER,FILLED,NO_CONTINGENCY,,,,,,,,19cf617e-4ce1-4155-92f4-e9db13b92cfe,2024-08-06 14:15:00+00:00,2024-08-06 14:15:00+00:00
O-20240806-204500-BACKTEST-000-226,KRAKEN-BACKTEST,KrakenBTCUSDResearchStrategy-000,BTC/USD.KRAKEN,KRAKEN-1-226,BTC/USD.KRAKEN-KrakenBTCUSDResearchStrategy-000,KRAKEN-001,T-00500d84de20a27d-74749,MARKET,SELL,0.02794529,GTC,False,False,0.02794529,TAKER,56292.009999999995,0.0,['6.29 USD'],NO_TRIGGER,FILLED,NO_CONTINGENCY,,,,,,,,df40e8aa-f4d7-47f0-9168-7388e5a40969,2024-08-06 20:45:00+00:00,2024-08-06 20:45:00+00:00
O-20240807-015500-BACKTEST-000-227,KRAKEN-BACKTEST,KrakenBTCUSDResearchStrategy-000,BTC/USD.KRAKEN,KRAKEN-1-227,BTC/USD.KRAKEN-KrakenBTCUSDResearchStrategy-000,KRAKEN-001,T-9110ab84838633dc-74993,MARKET,BUY,0.03994851,GTC,False,False,0.03994851,TAKER,56965.990000000005,0.0,['9.10 USD'],NO_TRIGGER,FILLED,NO_CONTINGENCY,,,,,,,,aa937596-a9b5-4c99-85c3-096fdb108ad9,2024-08-07 01:55:00+00:00,2024-08-07 01:55:00+00:00
O-20240807-071000-BACKTEST-000-228,KRAKEN-BACKTEST,KrakenBTCUSDResearchStrategy-000,BTC/USD.KRAKEN,KRAKEN-1-228,BTC/USD.KRAKEN-KrakenBTCUSDResearchStrategy-000,KRAKEN-001,T-2cb986e89fd950fa-75243,MARKET,SELL,0.03994851,GTC,False,False,0.03994851,TAKER,56668.0,0.0,['9.06 USD'],NO_TRIGGER,FILLED,NO_CONTINGENCY,,,,,,,,2e80a7ba-2cd3-4983-8b36-804c77f9b178,2024-08-07 07:10:00+00:00,2024-08-07 07:10:00+00:00
O-20240808-014000-BACKTEST-000-229,KRAKEN-BACKTEST,KrakenBTCUSDResearchStrategy-000,BTC/USD.KRAKEN,KRAKEN-1-229,BTC/USD.KRAKEN-KrakenBTCUSDResearchStrategy-000,KRAKEN-001,T-38818e751cb43465-76118,MARKET,BUY,0.03981671,GTC,False,False,0.03981671,TAKER,57346.54,0.0,['9.13 USD'],NO_TRIGGER,FILLED,NO_CONTINGENCY,,,,,,,,15f8753b-c76f-4cbd-ae03-7fb9b5a9ad36,2024-08-08 01:40:00+00:00,2024-08-08 01:40:00+00:00
O-20240808-014500-BACKTEST-000-230,KRAKEN-BACKTEST,KrakenBTCUSDResearchStrategy-000,BTC/USD.KRAKEN,KRAKEN-1-230,BTC/USD.KRAKEN-KrakenBTCUSDResearchStrategy-000,KRAKEN-001,T-0f788d5258dfdac1-76123,MARKET,SELL,0.03981671,GTC,False,False,0.03981671,TAKER,56704.009999999995,0.0,['9.03 USD'],NO_TRIGGER,FILLED,NO_CONTINGENCY,,,,,,,,f763ee15-7204-4236-b13c-ff1a8298cd3f,2024-08-08 01:45:00+00:00,2024-08-08 01:45:00+00:00
O-20240808-123000-BACKTEST-000-231,KRAKEN-BACKTEST,KrakenBTCUSDResearchStrategy-000,BTC/USD.KRAKEN,KRAKEN-1-231,BTC/USD.KRAKEN-KrakenBTCUSDResearchStrategy-000,KRAKEN-001,T-9df2a2c50adba2e9-76626,MARKET,BUY,0.03888576,GTC,False,False,0.03888576,TAKER,58382.009999999995,0.0,['9.08 USD'],NO_TRIGGER,FILLED,NO_CONTINGENCY,,,,,,,,2d5b0c14-450b-4cbd-91a1-e7704a3966f2,2024-08-08 12:30:00+00:00,2024-08-08 12:30:00+00:00
O-20240808-124500-BACKTEST-000-232,KRAKEN-BACKTEST,KrakenBTCUSDResearchStrategy-000,BTC/USD.KRAKEN,KRAKEN-1-232,BTC/USD.KRAKEN-KrakenBTCUSDResearchStrategy-000,KRAKEN-001,T-4a6216437df8697f-76639,MARKET,SELL,0.03888576,GTC,False,False,0.03888576,TAKER,57864.950000000004,0.0,['9.00 USD'],NO_TRIGGER,FILLED,NO_CONTINGENCY,,,,,,,,95db1787-41e3-49ba-8582-cba509d313c1,2024-08-08 12:45:00+00:00,2024-08-08 12:45:00+00:00
O-20240808-144500-BACKTEST-000-233,KRAKEN-BACKTEST,KrakenBTCUSDResearchStrategy-000,BTC/USD.KRAKEN,KRAKEN-1-233,BTC/USD.KRAKEN-KrakenBTCUSDResearchStrategy-000,KRAKEN-001,T-f54b27018a0e3c50-76736,MARKET,BUY,0.02996679,GTC,False,False,0.02996679,TAKER,58712.51,0.0,['7.04 USD'],NO_TRIGGER,FILLED,NO_CONTINGENCY,,,,,,,,eb56e03e-733f-4e0a-acc4-19d7ed0b46f8,2024-08-08 14:45:00+00:00,2024-08-08 14:45:00+00:00
O-20240809-044500-BACKTEST-000-234,KRAKEN-BACKTEST,KrakenBTCUSDResearchStrategy-000,BTC/USD.KRAKEN,KRAKEN-1-234,BTC/USD.KRAKEN-KrakenBTCUSDResearchStrategy-000,KRAKEN-001,T-61d81d841ee9ff82-77400,MARKET,SELL,0.02996679,GTC,False,False,0.02996679,TAKER,60898.22,0.0,['7.30 USD'],NO_TRIGGER,FILLED,NO_CONTINGENCY,,,,,,,,3b43391e-8194-43f1-858b-ec727d8833c4,2024-08-09 04:45:00+00:00,2024-08-09 04:45:00+00:00
O-20240809-201000-BACKTEST-000-235,KRAKEN-BACKTEST,KrakenBTCUSDResearchStrategy-000,BTC/USD.KRAKEN,KRAKEN-1-235,BTC/USD.KRAKEN-KrakenBTCUSDResearchStrategy-000,KRAKEN-001,T-f5cbd50e67285832-78121,MARKET,BUY,0.03739711,GTC,False,False,0.03739711,TAKER,60809.95999999999,0.0,['9.10 USD'],NO_TRIGGER,FILLED,NO_CONTINGENCY,,,,,,,,8e7d2b6b-ade6-4aef-939d-498df370332b,2024-08-09 20:10:00+00:00,2024-08-09 20:10:00+00:00
O-20240809-210500-BACKTEST-000-236,KRAKEN-BACKTEST,KrakenBTCUSDResearchStrategy-000,BTC/USD.KRAKEN,KRAKEN-1-236,BTC/USD.KRAKEN-KrakenBTCUSDResearchStrategy-000,KRAKEN-001,T-ed15162946b08f68-78164,MARKET,SELL,0.03739711,GTC,False,False,0.03739711,TAKER,60124.920000000006,0.0,['8.99 USD'],NO_TRIGGER,FILLED,NO_CONTINGENCY,,,,,,,,987c0a96-48d9-450b-a9f5-d082e2089ab7,2024-08-09 21:05:00+00:00,2024-08-09 21:05:00+00:00
O-20240810-002000-BACKTEST-000-237,KRAKEN-BACKTEST,KrakenBTCUSDResearchStrategy-000,BTC/USD.KRAKEN,KRAKEN-1-237,BTC/USD.KRAKEN-KrakenBTCUSDResearchStrategy-000,KRAKEN-001,T-6a8d46b17ca6b23d-78319,MARKET,BUY,0.03695900,GTC,False,False,0.03695900,TAKER,61176.0,0.0,['9.04 USD'],NO_TRIGGER,FILLED,NO_CONTINGENCY,,,,,,,,4c9d40e0-af01-423c-932a-0a5fdb6992a9,2024-08-10 00:20:00+00:00,2024-08-10 00:20:00+00:00
O-20240810-003000-BACKTEST-000-238,KRAKEN-BACKTEST,KrakenBTCUSDResearchStrategy-000,BTC/USD.KRAKEN,KRAKEN-1-238,BTC/USD.KRAKEN-KrakenBTCUSDResearchStrategy-000,KRAKEN-001,T-eada04b98ed52cc8-78328,MARKET,SELL,0.03695900,GTC,False,False,0.03695900,TAKER,60800.009999999995,0.0,['8.99 USD'],NO_TRIGGER,FILLED,NO_CONTINGENCY,,,,,,,,e3e90b9d-791f-45f4-a5e4-6784bd643ef4,2024-08-10 00:30:00+00:00,2024-08-10 00:30:00+00:00
O-20240810-073500-BACKTEST-000-239,KRAKEN-BACKTEST,KrakenBTCUSDResearchStrategy-000,BTC/USD.KRAKEN,KRAKEN-1-239,BTC/USD.KRAKEN-KrakenBTCUSDResearchStrategy-000,KRAKEN-001,T-9dde2c4d9db8acc9-78658,MARKET,BUY,0.03707443,GTC,False,False,0.03707443,TAKER,60727.229999999996,0.0,['9.01 USD'],NO_TRIGGER,FILLED,NO_CONTINGENCY,,,,,,,,6892f28f-1a77-443c-9f23-022eb7db58b0,2024-08-10 07:35:00+00:00,2024-08-10 07:35:00+00:00
O-20240810-125500-BACKTEST-000-240,KRAKEN-BACKTEST,KrakenBTCUSDResearchStrategy-000,BTC/USD.KRAKEN,KRAKEN-1-240,BTC/USD.KRAKEN-KrakenBTCUSDResearchStrategy-000,KRAKEN-001,T-461d04fdcc196904-78902,MARKET,SELL,0.03707443,GTC,False,False,0.03707443,TAKER,60722.81,0.0,['9.01 USD'],NO_TRIGGER,FILLED,NO_CONTINGENCY,,,,,,,,31defbf9-94ff-43f6-9a89-177687d7c77a,2024-08-10 12:55:00+00:00,2024-08-10 12:55:00+00:00
O-20240810-180500-BACKTEST-000-241,KRAKEN-BACKTEST,KrakenBTCUSDResearchStrategy-000,BTC/USD.KRAKEN,KRAKEN-1-241,BTC/USD.KRAKEN-KrakenBTCUSDResearchStrategy-000,KRAKEN-001,T-a2c791398cb08eaf-79140,MARKET,BUY,0.03687975,GTC,False,False,0.03687975,TAKER,60899.83,0.0,['8.98 USD'],NO_TRIGGER,FILLED,NO_CONTINGENCY,,,,,,,,acf41335-e489-4448-86b7-bd98e42b3daa,2024-08-10 18:05:00+00:00,2024-08-10 18:05:00+00:00
O-20240810-230000-BACKTEST-000-242,KRAKEN-BACKTEST,KrakenBTCUSDResearchStrategy-000,BTC/USD.KRAKEN,KRAKEN-1-242,BTC/USD.KRAKEN-KrakenBTCUSDResearchStrategy-000,KRAKEN-001,T-4a3c6a665a13924f-79367,MARKET,SELL,0.03687975,GTC,False,False,0.03687975,TAKER,60854.0,0.0,['8.98 USD'],NO_TRIGGER,FILLED,NO_CONTINGENCY,,,,,,,,3c9cb76b-1ac1-4037-b72d-ecde49833afe,2024-08-10 23:00:00+00:00,2024-08-10 23:00:00+00:00
O-20240811-001000-BACKTEST-000-243,KRAKEN-BACKTEST,KrakenBTCUSDResearchStrategy-000,BTC/USD.KRAKEN,KRAKEN-1-243,BTC/USD.KRAKEN-KrakenBTCUSDResearchStrategy-000,KRAKEN-001,T-a2a4654173fe0cee-79423,MARKET,BUY,0.03660324,GTC,False,False,0.03660324,TAKER,61198.840000000004,0.0,['8.96 USD'],NO_TRIGGER,FILLED,NO_CONTINGENCY,,,,,,,,afad3595-4b36-48b9-b664-6193c83d6b64,2024-08-11 00:10:00+00:00,2024-08-11 00:10:00+00:00
O-20240811-002500-BACKTEST-000-244,KRAKEN-BACKTEST,KrakenBTCUSDResearchStrategy-000,BTC/USD.KRAKEN,KRAKEN-1-244,BTC/USD.KRAKEN-KrakenBTCUSDResearchStrategy-000,KRAKEN-001,T-b5ab3db8eb5894fe-79435,MARKET,SELL,0.03660324,GTC,False,False,0.03660324,TAKER,61039.990000000005,0.0,['8.94 USD'],NO_TRIGGER,FILLED,NO_CONTINGENCY,,,,,,,,ecbbbd3a-11b1-47db-a888-148341d75ce9,2024-08-11 00:25:00+00:00,2024-08-11 00:25:00+00:00
O-20240811-032000-BACKTEST-000-245,KRAKEN-BACKTEST,KrakenBTCUSDResearchStrategy-000,BTC/USD.KRAKEN,KRAKEN-1-245,BTC/USD.KRAKEN-KrakenBTCUSDResearchStrategy-000,KRAKEN-001,T-7dba3946cbb0a9fe-79568,MARKET,BUY,0.03640741,GTC,False,False,0.03640741,TAKER,61332.56,0.0,['8.93 USD'],NO_TRIGGER,FILLED,NO_CONTINGENCY,,,,,,,,7565125b-2342-4964-905a-0e6b24db9576,2024-08-11 03:20:00+00:00,2024-08-11 03:20:00+00:00
O-20240811-034500-BACKTEST-000-246,KRAKEN-BACKTEST,KrakenBTCUSDResearchStrategy-000,BTC/USD.KRAKEN,KRAKEN-1-246,BTC/USD.KRAKEN-KrakenBTCUSDResearchStrategy-000,KRAKEN-001,T-b6341c8ea17b0a1b-79587,MARKET,SELL,0.03640741,GTC,False,False,0.03640741,TAKER,61140.0,0.0,['8.90 USD'],NO_TRIGGER,FILLED,NO_CONTINGENCY,,,,,,,,7a1cb3a3-3f08-4fe7-86a4-b8c9525b87f7,2024-08-11 03:45:00+00:00,2024-08-11 03:45:00+00:00
O-20240811-084500-BACKTEST-000-247,KRAKEN-BACKTEST,KrakenBTCUSDResearchStrategy-000,BTC/USD.KRAKEN,KRAKEN-1-247,BTC/USD.KRAKEN-KrakenBTCUSDResearchStrategy-000,KRAKEN-001,T-f51d33f79fe61b96-79823,MARKET,BUY,0.03627678,GTC,False,False,0.03627678,TAKER,61347.990000000005,0.0,['8.90 USD'],NO_TRIGGER,FILLED,NO_CONTINGENCY,,,,,,,,543f2eec-0459-43d7-9836-edf41d05f045,2024-08-11 08:45:00+00:00,2024-08-11 08:45:00+00:00
O-20240811-094000-BACKTEST-000-248,KRAKEN-BACKTEST,KrakenBTCUSDResearchStrategy-000,BTC/USD.KRAKEN,KRAKEN-1-248,BTC/USD.KRAKEN-KrakenBTCUSDResearchStrategy-000,KRAKEN-001,T-4aeef930d6c0af7b-79866,MARKET,SELL,0.03627678,GTC,False,False,0.03627678,TAKER,61139.06,0.0,['8.87 USD'],NO_TRIGGER,FILLED,NO_CONTINGENCY,,,,,,,,2f539c98-0cb3-4e9c-8a82-cdc56e554cb8,2024-08-11 09:40:00+00:00,2024-08-11 09:40:00+00:00
O-20240812-110000-BACKTEST-000-249,KRAKEN-BACKTEST,KrakenBTCUSDResearchStrategy-000,BTC/USD.KRAKEN,KRAKEN-1-249,BTC/USD.KRAKEN-KrakenBTCUSDResearchStrategy-000,KRAKEN-001,T-a7cfdbba125febd8-81053,MARKET,BUY,0.03752786,GTC,False,False,0.03752786,TAKER,59100.17,0.0,['8.87 USD'],NO_TRIGGER,FILLED,NO_CONTINGENCY,,,,,,,,5fb18503-9876-4711-9383-567ba4fe320a,2024-08-12 11:00:00+00:00,2024-08-12 11:00:00+00:00
O-20240812-134000-BACKTEST-000-250,KRAKEN-BACKTEST,KrakenBTCUSDResearchStrategy-000,BTC/USD.KRAKEN,KRAKEN-1-250,BTC/USD.KRAKEN-KrakenBTCUSDResearchStrategy-000,KRAKEN-001,T-6ac433d0eba03345-81181,MARKET,SELL,0.03752786,GTC,False,False,0.03752786,TAKER,58810.46000000001,0.0,['8.83 USD'],NO_TRIGGER,FILLED,NO_CONTINGENCY,,,,,,,,f17acdf2-1545-4c03-9fc4-9261a4f92f8e,2024-08-12 13:40:00+00:00,2024-08-12 13:40:00+00:00
O-20240813-005000-BACKTEST-000-251,KRAKEN-BACKTEST,KrakenBTCUSDResearchStrategy-000,BTC/USD.KRAKEN,KRAKEN-1-251,BTC/USD.KRAKEN-KrakenBTCUSDResearchStrategy-000,KRAKEN-001,T-20683a7234d5c598-81704,MARKET,BUY,0.03693177,GTC,False,False,0.03693177,TAKER,59821.990000000005,0.0,['8.84 USD'],NO_TRIGGER,FILLED,NO_CONTINGENCY,,,,,,,,fc249469-9dc3-452b-90bc-1e44c4f79fab,2024-08-13 00:50:00+00:00,2024-08-13 00:50:00+00:00
O-20240813-021000-BACKTEST-000-252,KRAKEN-BACKTEST,KrakenBTCUSDResearchStrategy-000,BTC/USD.KRAKEN,KRAKEN-1-252,BTC/USD.KRAKEN-KrakenBTCUSDResearchStrategy-000,KRAKEN-001,T-df07f9c690d28261-81768,MARKET,SELL,0.03693177,GTC,False,False,0.03693177,TAKER,59471.990000000005,0.0,['8.79 USD'],NO_TRIGGER,FILLED,NO_CONTINGENCY,,,,,,,,214752e3-1445-4df8-8bc1-fadd171ad2a5,2024-08-13 02:10:00+00:00,2024-08-13 02:10:00+00:00
O-20240813-141000-BACKTEST-000-253,KRAKEN-BACKTEST,KrakenBTCUSDResearchStrategy-000,BTC/USD.KRAKEN,KRAKEN-1-253,BTC/USD.KRAKEN-KrakenBTCUSDResearchStrategy-000,KRAKEN-001,T-4e1ec40a6ad45946-82332,MARKET,BUY,0.03694033,GTC,False,False,0.03694033,TAKER,59560.009999999995,0.0,['8.80 USD'],NO_TRIGGER,FILLED,NO_CONTINGENCY,,,,,,,,a8ba0366-d5ee-4883-95db-cd36e627cece,2024-08-13 14:10:00+00:00,2024-08-13 14:10:00+00:00
O-20240813-143000-BACKTEST-000-254,KRAKEN-BACKTEST,KrakenBTCUSDResearchStrategy-000,BTC/USD.KRAKEN,KRAKEN-1-254,BTC/USD.KRAKEN-KrakenBTCUSDResearchStrategy-000,KRAKEN-001,T-c59f518e529ab22b-82349,MARKET,SELL,0.03694033,GTC,False,False,0.03694033,TAKER,59132.0,0.0,['8.74 USD'],NO_TRIGGER,FILLED,NO_CONTINGENCY,,,,,,,,b938e5d8-4384-49a3-ac94-c303ed4c17f4,2024-08-13 14:30:00+00:00,2024-08-13 14:30:00+00:00
O-20240813-161500-BACKTEST-000-255,KRAKEN-BACKTEST,KrakenBTCUSDResearchStrategy-000,BTC/USD.KRAKEN,KRAKEN-1-255,BTC/USD.KRAKEN-KrakenBTCUSDResearchStrategy-000,KRAKEN-001,T-cd84b74b3b8d3a0d-82434,MARKET,BUY,0.03654175,GTC,False,False,0.03654175,TAKER,59935.869999999995,0.0,['8.76 USD'],NO_TRIGGER,FILLED,NO_CONTINGENCY,,,,,,,,ec41ecde-9d27-45ab-a922-ab04618094f0,2024-08-13 16:15:00+00:00,2024-08-13 16:15:00+00:00
O-20240813-233000-BACKTEST-000-256,KRAKEN-BACKTEST,KrakenBTCUSDResearchStrategy-000,BTC/USD.KRAKEN,KRAKEN-1-256,BTC/USD.KRAKEN-KrakenBTCUSDResearchStrategy-000,KRAKEN-001,T-ed4ca03f3a89c7cd-82774,MARKET,SELL,0.03654175,GTC,False,False,0.03654175,TAKER,60475.87999999999,0.0,['8.84 USD'],NO_TRIGGER,FILLED,NO_CONTINGENCY,,,,,,,,af23b2ee-9032-41f0-a693-c918b3aad801,2024-08-13 23:30:00+00:00,2024-08-13 23:30:00+00:00
O-20240814-031000-BACKTEST-000-257,KRAKEN-BACKTEST,KrakenBTCUSDResearchStrategy-000,BTC/USD.KRAKEN,KRAKEN-1-257,BTC/USD.KRAKEN-KrakenBTCUSDResearchStrategy-000,KRAKEN-001,T-475ce7d0ac3927f6-82947,MARKET,BUY,0.03595803,GTC,False,False,0.03595803,TAKER,60926.59999999999,0.0,['8.76 USD'],NO_TRIGGER,FILLED,NO_CONTINGENCY,,,,,,,,dbda3acb-7d17-4e6f-9449-c3be8b9346eb,2024-08-14 03:10:00+00:00,2024-08-14 03:10:00+00:00
O-20240814-060000-BACKTEST-000-258,KRAKEN-BACKTEST,KrakenBTCUSDResearchStrategy-000,BTC/USD.KRAKEN,KRAKEN-1-258,BTC/USD.KRAKEN-KrakenBTCUSDResearchStrategy-000,KRAKEN-001,T-5775f44eb4bed3c3-83079,MARKET,SELL,0.03595803,GTC,False,False,0.03595803,TAKER,60769.89000000001,0.0,['8.74 USD'],NO_TRIGGER,FILLED,NO_CONTINGENCY,,,,,,,,8246ca96-f821-406e-945c-21e9b658b063,2024-08-14 06:00:00+00:00,2024-08-14 06:00:00+00:00
O-20240814-100500-BACKTEST-000-259,KRAKEN-BACKTEST,KrakenBTCUSDResearchStrategy-000,BTC/USD.KRAKEN,KRAKEN-1-259,BTC/USD.KRAKEN-KrakenBTCUSDResearchStrategy-000,KRAKEN-001,T-8cf2e4f2d168868d-83270,MARKET,BUY,0.03576216,GTC,False,False,0.03576216,TAKER,61066.27,0.0,['8.74 USD'],NO_TRIGGER,FILLED,NO_CONTINGENCY,,,,,,,,f546a94f-eeaa-4d99-8f59-92c4282e4821,2024-08-14 10:05:00+00:00,2024-08-14 10:05:00+00:00
O-20240814-125000-BACKTEST-000-260,KRAKEN-BACKTEST,KrakenBTCUSDResearchStrategy-000,BTC/USD.KRAKEN,KRAKEN-1-260,BTC/USD.KRAKEN-KrakenBTCUSDResearchStrategy-000,KRAKEN-001,T-c267e2608c681d07-83402,MARKET,SELL,0.03576216,GTC,False,False,0.03576216,TAKER,61006.02,0.0,['8.73 USD'],NO_TRIGGER,FILLED,NO_CONTINGENCY,,,,,,,,84eb7d38-786e-49d7-9308-a7309d65a929,2024-08-14 12:50:00+00:00,2024-08-14 12:50:00+00:00
O-20240815-112500-BACKTEST-000-261,KRAKEN-BACKTEST,KrakenBTCUSDResearchStrategy-000,BTC/USD.KRAKEN,KRAKEN-1-261,BTC/USD.KRAKEN-KrakenBTCUSDResearchStrategy-000,KRAKEN-001,T-08bf2c2e74c0f5bf-84459,MARKET,BUY,0.03708052,GTC,False,False,0.03708052,TAKER,58736.39,0.0,['8.71 USD'],NO_TRIGGER,FILLED,NO_CONTINGENCY,,,,,,,,ef77753e-8e2e-4001-8b34-712d44621f8e,2024-08-15 11:25:00+00:00,2024-08-15 11:25:00+00:00
O-20240815-175500-BACKTEST-000-262,KRAKEN-BACKTEST,KrakenBTCUSDResearchStrategy-000,BTC/USD.KRAKEN,KRAKEN-1-262,BTC/USD.KRAKEN-KrakenBTCUSDResearchStrategy-000,KRAKEN-001,T-72483b7fca9313eb-84768,MARKET,SELL,0.03708052,GTC,False,False,0.03708052,TAKER,58875.100000000006,0.0,['8.73 USD'],NO_TRIGGER,FILLED,NO_CONTINGENCY,,,,,,,,da363a96-7cc9-4d7f-9890-dba25e770871,2024-08-15 17:55:00+00:00,2024-08-15 17:55:00+00:00
O-20240816-064500-BACKTEST-000-263,KRAKEN-BACKTEST,KrakenBTCUSDResearchStrategy-000,BTC/USD.KRAKEN,KRAKEN-1-263,BTC/USD.KRAKEN-KrakenBTCUSDResearchStrategy-000,KRAKEN-001,T-1116849e25d5a0ec-85380,MARKET,BUY,0.03711796,GTC,False,False,0.03711796,TAKER,58577.729999999996,0.0,['8.70 USD'],NO_TRIGGER,FILLED,NO_CONTINGENCY,,,,,,,,be800910-a3ce-45c9-94ae-2cf70129675b,2024-08-16 06:45:00+00:00,2024-08-16 06:45:00+00:00
O-20240816-083000-BACKTEST-000-264,KRAKEN-BACKTEST,KrakenBTCUSDResearchStrategy-000,BTC/USD.KRAKEN,KRAKEN-1-264,BTC/USD.KRAKEN-KrakenBTCUSDResearchStrategy-000,KRAKEN-001,T-0ae01c26a44ccc27-85463,MARKET,SELL,0.03711796,GTC,False,False,0.03711796,TAKER,58364.5,0.0,['8.67 USD'],NO_TRIGGER,FILLED,NO_CONTINGENCY,,,,,,,,9e65a7fc-ebd7-4839-a59c-e1b3f421b938,2024-08-16 08:30:00+00:00,2024-08-16 08:30:00+00:00
O-20240816-095500-BACKTEST-000-265,KRAKEN-BACKTEST,KrakenBTCUSDResearchStrategy-000,BTC/USD.KRAKEN,KRAKEN-1-265,BTC/USD.KRAKEN-KrakenBTCUSDResearchStrategy-000,KRAKEN-001,T-07c2c1e63518220e-85531,MARKET,BUY,0.03692869,GTC,False,False,0.03692869,TAKER,58672.51,0.0,['8.67 USD'],NO_TRIGGER,FILLED,NO_CONTINGENCY,,,,,,,,16e541d7-a019-4deb-9cde-d6f9a3c6fd5c,2024-08-16 09:55:00+00:00,2024-08-16 09:55:00+00:00
O-20240816-100500-BACKTEST-000-266,KRAKEN-BACKTEST,KrakenBTCUSDResearchStrategy-000,BTC/USD.KRAKEN,KRAKEN-1-266,BTC/USD.KRAKEN-KrakenBTCUSDResearchStrategy-000,KRAKEN-001,T-241f67ae9c8f9983-85540,MARKET,SELL,0.03692869,GTC,False,False,0.03692869,TAKER,58441.79,0.0,['8.63 USD'],NO_TRIGGER,FILLED,NO_CONTINGENCY,,,,,,,,e4377f70-d7f5-42f7-8cba-afbbfb66bb99,2024-08-16 10:05:00+00:00,2024-08-16 10:05:00+00:00
O-20240816-175500-BACKTEST-000-267,KRAKEN-BACKTEST,KrakenBTCUSDResearchStrategy-000,BTC/USD.KRAKEN,KRAKEN-1-267,BTC/USD.KRAKEN-KrakenBTCUSDResearchStrategy-000,KRAKEN-001,T-6e5cebe1b3775661-85910,MARKET,BUY,0.03645903,GTC,False,False,0.03645903,TAKER,59215.85,0.0,['8.64 USD'],NO_TRIGGER,FILLED,NO_CONTINGENCY,,,,,,,,db944e85-b49a-402f-93e6-68290fa4899e,2024-08-16 17:55:00+00:00,2024-08-16 17:55:00+00:00
O-20240816-215000-BACKTEST-000-268,KRAKEN-BACKTEST,KrakenBTCUSDResearchStrategy-000,BTC/USD.KRAKEN,KRAKEN-1-268,BTC/USD.KRAKEN-KrakenBTCUSDResearchStrategy-000,KRAKEN-001,T-154e60351b9abd7f-86093,MARKET,SELL,0.03645903,GTC,False,False,0.03645903,TAKER,58969.43,0.0,['8.60 USD'],NO_TRIGGER,FILLED,NO_CONTINGENCY,,,,,,,,cc322b4c-15d7-46f1-91d2-2ca167924f63,2024-08-16 21:50:00+00:00,2024-08-16 21:50:00+00:00
O-20240817-014000-BACKTEST-000-269,KRAKEN-BACKTEST,KrakenBTCUSDResearchStrategy-000,BTC/USD.KRAKEN,KRAKEN-1-269,BTC/USD.KRAKEN-KrakenBTCUSDResearchStrategy-000,KRAKEN-001,T-030ab6a44d252ab0-86272,MARKET,BUY,0.03622275,GTC,False,False,0.03622275,TAKER,59384.97,0.0,['8.60 USD'],NO_TRIGGER,FILLED,NO_CONTINGENCY,,,,,,,,13435b5e-7a68-4451-b295-7b1efe0dcf74,2024-08-17 01:40:00+00:00,2024-08-17 01:40:00+00:00
O-20240817-021000-BACKTEST-000-270,KRAKEN-BACKTEST,KrakenBTCUSDResearchStrategy-000,BTC/USD.KRAKEN,KRAKEN-1-270,BTC/USD.KRAKEN-KrakenBTCUSDResearchStrategy-000,KRAKEN-001,T-d7d2548d07b0e405-86295,MARKET,SELL,0.03622275,GTC,False,False,0.03622275,TAKER,59189.799999999996,0.0,['8.58 USD'],NO_TRIGGER,FILLED,NO_CONTINGENCY,,,,,,,,298e2da6-1b1a-43cf-bf2b-1c1f922f289c,2024-08-17 02:10:00+00:00,2024-08-17 02:10:00+00:00
O-20240817-092000-BACKTEST-000-271,KRAKEN-BACKTEST,KrakenBTCUSDResearchStrategy-000,BTC/USD.KRAKEN,KRAKEN-1-271,BTC/USD.KRAKEN-KrakenBTCUSDResearchStrategy-000,KRAKEN-001,T-2a94d8861f445ac7-86630,MARKET,BUY,0.03613966,GTC,False,False,0.03613966,TAKER,59320.19999999999,0.0,['8.58 USD'],NO_TRIGGER,FILLED,NO_CONTINGENCY,,,,,,,,5c8b0846-ab47-4a04-8170-5cc841b20a27,2024-08-17 09:20:00+00:00,2024-08-17 09:20:00+00:00
O-20240817-100500-BACKTEST-000-272,KRAKEN-BACKTEST,KrakenBTCUSDResearchStrategy-000,BTC/USD.KRAKEN,KRAKEN-1-272,BTC/USD.KRAKEN-KrakenBTCUSDResearchStrategy-000,KRAKEN-001,T-58104e96de7e25e2-86665,MARKET,SELL,0.03613966,GTC,False,False,0.03613966,TAKER,59210.99,0.0,['8.56 USD'],NO_TRIGGER,FILLED,NO_CONTINGENCY,,,,,,,,c463130a-937a-46e9-bdc9-f5479f649293,2024-08-17 10:05:00+00:00,2024-08-17 10:05:00+00:00
O-20240817-145500-BACKTEST-000-273,KRAKEN-BACKTEST,KrakenBTCUSDResearchStrategy-000,BTC/USD.KRAKEN,KRAKEN-1-273,BTC/USD.KRAKEN-KrakenBTCUSDResearchStrategy-000,KRAKEN-001,T-ecd7644532ee169b-86893,MARKET,BUY,0.03590282,GTC,False,False,0.03590282,TAKER,59535.369999999995,0.0,['8.55 USD'],NO_TRIGGER,FILLED,NO_CONTINGENCY,,,,,,,,8b39817e-ea7c-4962-ab16-024c05b6d3a4,2024-08-17 14:55:00+00:00,2024-08-17 14:55:00+00:00
O-20240817-180500-BACKTEST-000-274,KRAKEN-BACKTEST,KrakenBTCUSDResearchStrategy-000,BTC/USD.KRAKEN,KRAKEN-1-274,BTC/USD.KRAKEN-KrakenBTCUSDResearchStrategy-000,KRAKEN-001,T-ae7c359cf4923981-87042,MARKET,SELL,0.03590282,GTC,False,False,0.03590282,TAKER,59383.78999999999,0.0,['8.53 USD'],NO_TRIGGER,FILLED,NO_CONTINGENCY,,,,,,,,d31452ed-5fe6-4c7d-83d5-05d3bcf22b61,2024-08-17 18:05:00+00:00,2024-08-17 18:05:00+00:00
O-20240818-002500-BACKTEST-000-275,KRAKEN-BACKTEST,KrakenBTCUSDResearchStrategy-000,BTC/USD.KRAKEN,KRAKEN-1-275,BTC/USD.KRAKEN-KrakenBTCUSDResearchStrategy-000,KRAKEN-001,T-f88a360a8e0d80de-87332,MARKET,BUY,0.03577836,GTC,False,False,0.03577836,TAKER,59553.65,0.0,['8.52 USD'],NO_TRIGGER,FILLED,NO_CONTINGENCY,,,,,,,,0c3b52a3-47b8-4502-80b4-de6f41920120,2024-08-18 00:25:00+00:00,2024-08-18 00:25:00+00:00
O-20240818-015500-BACKTEST-000-276,KRAKEN-BACKTEST,KrakenBTCUSDResearchStrategy-000,BTC/USD.KRAKEN,KRAKEN-1-276,BTC/USD.KRAKEN-KrakenBTCUSDResearchStrategy-000,KRAKEN-001,T-23911fcc9aab25cf-87403,MARKET,SELL,0.03577836,GTC,False,False,0.03577836,TAKER,59435.95,0.0,['8.51 USD'],NO_TRIGGER,FILLED,NO_CONTINGENCY,,,,,,,,a1938fa5-58a9-40a0-bd8a-4908ac3b6ebf,2024-08-18 01:55:00+00:00,2024-08-18 01:55:00+00:00
O-20240818-090500-BACKTEST-000-277,KRAKEN-BACKTEST,KrakenBTCUSDResearchStrategy-000,BTC/USD.KRAKEN,KRAKEN-1-277,BTC/USD.KRAKEN-KrakenBTCUSDResearchStrategy-000,KRAKEN-001,T-f5ed5ece9fd67112-87727,MARKET,BUY,0.03553241,GTC,False,False,0.03553241,TAKER,59786.530000000006,0.0,['8.50 USD'],NO_TRIGGER,FILLED,NO_CONTINGENCY,,,,,,,,c951b2d9-a390-494c-983a-fd8f1cbac3e1,2024-08-18 09:05:00+00:00,2024-08-18 09:05:00+00:00
O-20240818-135500-BACKTEST-000-278,KRAKEN-BACKTEST,KrakenBTCUSDResearchStrategy-000,BTC/USD.KRAKEN,KRAKEN-1-278,BTC/USD.KRAKEN-KrakenBTCUSDResearchStrategy-000,KRAKEN-001,T-ef6904685b5b0bee-87953,MARKET,SELL,0.03553241,GTC,False,False,0.03553241,TAKER,59828.0,0.0,['8.50 USD'],NO_TRIGGER,FILLED,NO_CONTINGENCY,,,,,,,,a2d653ce-9d16-4d33-a0dc-3559bad4d086,2024-08-18 13:55:00+00:00,2024-08-18 13:55:00+00:00
O-20240819-133000-BACKTEST-000-279,KRAKEN-BACKTEST,KrakenBTCUSDResearchStrategy-000,BTC/USD.KRAKEN,KRAKEN-1-279,BTC/USD.KRAKEN-KrakenBTCUSDResearchStrategy-000,KRAKEN-001,T-4522c900c5b7fec6-89051,MARKET,BUY,0.03596016,GTC,False,False,0.03596016,TAKER,58945.81,0.0,['8.48 USD'],NO_TRIGGER,FILLED,NO_CONTINGENCY,,,,,,,,1428e51a-c734-42b3-b95b-66f40fcd02d6,2024-08-19 13:30:00+00:00,2024-08-19 13:30:00+00:00
O-20240819-133500-BACKTEST-000-280,KRAKEN-BACKTEST,KrakenBTCUSDResearchStrategy-000,BTC/USD.KRAKEN,KRAKEN-1-280,BTC/USD.KRAKEN-KrakenBTCUSDResearchStrategy-000,KRAKEN-001,T-66e9460385bead20-89056,MARKET,SELL,0.03596016,GTC,False,False,0.03596016,TAKER,58605.85999999999,0.0,['8.43 USD'],NO_TRIGGER,FILLED,NO_CONTINGENCY,,,,,,,,fb1d1c5a-760d-4804-aa0c-7295f67ed938,2024-08-19 13:35:00+00:00,2024-08-19 13:35:00+00:00
O-20240819-173000-BACKTEST-000-281,KRAKEN-BACKTEST,KrakenBTCUSDResearchStrategy-000,BTC/USD.KRAKEN,KRAKEN-1-281,BTC/USD.KRAKEN-KrakenBTCUSDResearchStrategy-000,KRAKEN-001,T-d5138f0ecc35e2eb-89243,MARKET,BUY,0.03562243,GTC,False,False,0.03562243,TAKER,59259.340000000004,0.0,['8.44 USD'],NO_TRIGGER,FILLED,NO_CONTINGENCY,,,,,,,,73dee189-010b-434e-8093-51cc1c98d165,2024-08-19 17:30:00+00:00,2024-08-19 17:30:00+00:00
O-20240819-180500-BACKTEST-000-282,KRAKEN-BACKTEST,KrakenBTCUSDResearchStrategy-000,BTC/USD.KRAKEN,KRAKEN-1-282,BTC/USD.KRAKEN-KrakenBTCUSDResearchStrategy-000,KRAKEN-001,T-0ff6cb15a51f849f-89272,MARKET,SELL,0.03562243,GTC,False,False,0.03562243,TAKER,58856.0,0.0,['8.39 USD'],NO_TRIGGER,FILLED,NO_CONTINGENCY,,,,,,,,e376c782-8087-47e4-9348-5f27bbbdda9b,2024-08-19 18:05:00+00:00,2024-08-19 18:05:00+00:00
O-20240819-232500-BACKTEST-000-283,KRAKEN-BACKTEST,KrakenBTCUSDResearchStrategy-000,BTC/USD.KRAKEN,KRAKEN-1-283,BTC/USD.KRAKEN-KrakenBTCUSDResearchStrategy-000,KRAKEN-001,T-d38139d88db8d805-89524,MARKET,BUY,0.03541241,GTC,False,False,0.03541241,TAKER,59346.48,0.0,['8.41 USD'],NO_TRIGGER,FILLED,NO_CONTINGENCY,,,,,,,,b9cc675d-d97d-46e0-990c-229218801ca3,2024-08-19 23:25:00+00:00,2024-08-19 23:25:00+00:00
O-20240820-110500-BACKTEST-000-284,KRAKEN-BACKTEST,KrakenBTCUSDResearchStrategy-000,BTC/USD.KRAKEN,KRAKEN-1-284,BTC/USD.KRAKEN-KrakenBTCUSDResearchStrategy-000,KRAKEN-001,T-60bd5f88ff06f2cd-90065,MARKET,SELL,0.03541241,GTC,False,False,0.03541241,TAKER,60659.31,0.0,['8.59 USD'],NO_TRIGGER,FILLED,NO_CONTINGENCY,,,,,,,,fd0fe466-a9b0-44a4-a42f-40ff29b15137,2024-08-20 11:05:00+00:00,2024-08-20 11:05:00+00:00
O-20240821-061500-BACKTEST-000-285,KRAKEN-BACKTEST,KrakenBTCUSDResearchStrategy-000,BTC/USD.KRAKEN,KRAKEN-1-285,BTC/USD.KRAKEN-KrakenBTCUSDResearchStrategy-000,KRAKEN-001,T-5dfb03cf948aaf4b-90965,MARKET,BUY,0.03542489,GTC,False,False,0.03542489,TAKER,59575.31,0.0,['8.44 USD'],NO_TRIGGER,FILLED,NO_CONTINGENCY,,,,,,,,cf15644f-9258-44c1-a780-f4d86ef77e95,2024-08-21 06:15:00+00:00,2024-08-21 06:15:00+00:00
O-20240821-081500-BACKTEST-000-286,KRAKEN-BACKTEST,KrakenBTCUSDResearchStrategy-000,BTC/USD.KRAKEN,KRAKEN-1-286,BTC/USD.KRAKEN-KrakenBTCUSDResearchStrategy-000,KRAKEN-001,T-174199287de564bb-91061,MARKET,SELL,0.03542489,GTC,False,False,0.03542489,TAKER,59386.0,0.0,['8.41 USD'],NO_TRIGGER,FILLED,NO_CONTINGENCY,,,,,,,,349edb76-0aa5-4bff-8f6b-931e20ec32b6,2024-08-21 08:15:00+00:00,2024-08-21 08:15:00+00:00
O-20240821-182000-BACKTEST-000-287,KRAKEN-BACKTEST,KrakenBTCUSDResearchStrategy-000,BTC/USD.KRAKEN,KRAKEN-1-287,BTC/USD.KRAKEN-KrakenBTCUSDResearchStrategy-000,KRAKEN-001,T-0d2f1a41cbfdb099-91538,MARKET,BUY,0.03488472,GTC,False,False,0.03488472,TAKER,60295.19,0.0,['8.41 USD'],NO_TRIGGER,FILLED,NO_CONTINGENCY,,,,,,,,a823577b-fe79-4a79-bbc6-c7ddce5e8b08,2024-08-21 18:20:00+00:00,2024-08-21 18:20:00+00:00
O-20240822-005500-BACKTEST-000-288,KRAKEN-BACKTEST,KrakenBTCUSDResearchStrategy-000,BTC/USD.KRAKEN,KRAKEN-1-288,BTC/USD.KRAKEN-KrakenBTCUSDResearchStrategy-000,KRAKEN-001,T-4320759a6ee1ffd0-91850,MARKET,SELL,0.03488472,GTC,False,False,0.03488472,TAKER,60818.15,0.0,['8.49 USD'],NO_TRIGGER,FILLED,NO_CONTINGENCY,,,,,,,,0cc536d6-c8bf-4bf0-ac7c-35457e83a603,2024-08-22 00:55:00+00:00,2024-08-22 00:55:00+00:00
O-20240822-075500-BACKTEST-000-289,KRAKEN-BACKTEST,KrakenBTCUSDResearchStrategy-000,BTC/USD.KRAKEN,KRAKEN-1-289,BTC/USD.KRAKEN-KrakenBTCUSDResearchStrategy-000,KRAKEN-001,T-2fb97e2a5dc7fdd8-92179,MARKET,BUY,0.03449711,GTC,False,False,0.03449711,TAKER,60984.310000000005,0.0,['8.42 USD'],NO_TRIGGER,FILLED,NO_CONTINGENCY,,,,,,,,77cc6c0c-4171-401f-a604-737878c16e69,2024-08-22 07:55:00+00:00,2024-08-22 07:55:00+00:00
O-20240822-123000-BACKTEST-000-290,KRAKEN-BACKTEST,KrakenBTCUSDResearchStrategy-000,BTC/USD.KRAKEN,KRAKEN-1-290,BTC/USD.KRAKEN-KrakenBTCUSDResearchStrategy-000,KRAKEN-001,T-925915eebb7f6ece-92394,MARKET,SELL,0.03449711,GTC,False,False,0.03449711,TAKER,60893.990000000005,0.0,['8.40 USD'],NO_TRIGGER,FILLED,NO_CONTINGENCY,,,,,,,,cdee1b7a-9e6e-474c-b224-aa2d17c81dd0,2024-08-22 12:30:00+00:00,2024-08-22 12:30:00+00:00
O-20240823-003500-BACKTEST-000-291,KRAKEN-BACKTEST,KrakenBTCUSDResearchStrategy-000,BTC/USD.KRAKEN,KRAKEN-1-291,BTC/USD.KRAKEN-KrakenBTCUSDResearchStrategy-000,KRAKEN-001,T-190b3ef99bb627bd-92964,MARKET,BUY,0.03444465,GTC,False,False,0.03444465,TAKER,60903.619999999995,0.0,['8.39 USD'],NO_TRIGGER,FILLED,NO_CONTINGENCY,,,,,,,,8d192272-5632-47b8-a703-2f1825cd2fc2,2024-08-23 00:35:00+00:00,2024-08-23 00:35:00+00:00
O-20240823-005000-BACKTEST-000-292,KRAKEN-BACKTEST,KrakenBTCUSDResearchStrategy-000,BTC/USD.KRAKEN,KRAKEN-1-292,BTC/USD.KRAKEN-KrakenBTCUSDResearchStrategy-000,KRAKEN-001,T-2ac3647106711497-92976,MARKET,SELL,0.03444465,GTC,False,False,0.03444465,TAKER,60728.630000000005,0.0,['8.37 USD'],NO_TRIGGER,FILLED,NO_CONTINGENCY,,,,,,,,b306eb24-5af1-4218-8477-3acc3eff24af,2024-08-23 00:50:00+00:00,2024-08-23 00:50:00+00:00
O-20240823-052000-BACKTEST-000-293,KRAKEN-BACKTEST,KrakenBTCUSDResearchStrategy-000,BTC/USD.KRAKEN,KRAKEN-1-293,BTC/USD.KRAKEN-KrakenBTCUSDResearchStrategy-000,KRAKEN-001,T-36010f31fabd35d4-93185,MARKET,BUY,0.03428044,GTC,False,False,0.03428044,TAKER,60996.0,0.0,['8.36 USD'],NO_TRIGGER,FILLED,NO_CONTINGENCY,,,,,,,,31c30532-233d-4212-b400-25793c3a8da5,2024-08-23 05:20:00+00:00,2024-08-23 05:20:00+00:00
O-20240823-053500-BACKTEST-000-294,KRAKEN-BACKTEST,KrakenBTCUSDResearchStrategy-000,BTC/USD.KRAKEN,KRAKEN-1-294,BTC/USD.KRAKEN-KrakenBTCUSDResearchStrategy-000,KRAKEN-001,T-640aacb08eb229f1-93198,MARKET,SELL,0.03428044,GTC,False,False,0.03428044,TAKER,60843.06999999999,0.0,['8.34 USD'],NO_TRIGGER,FILLED,NO_CONTINGENCY,,,,,,,,9bae9745-cf00-4574-be36-60673f381a1d,2024-08-23 05:35:00+00:00,2024-08-23 05:35:00+00:00
O-20240823-064500-BACKTEST-000-295,KRAKEN-BACKTEST,KrakenBTCUSDResearchStrategy-000,BTC/USD.KRAKEN,KRAKEN-1-295,BTC/USD.KRAKEN-KrakenBTCUSDResearchStrategy-000,KRAKEN-001,T-1d31eb90acea7b84-93253,MARKET,BUY,0.03406642,GTC,False,False,0.03406642,TAKER,61186.0,0.0,['8.34 USD'],NO_TRIGGER,FILLED,NO_CONTINGENCY,,,,,,,,581c9d07-a44a-4dda-a340-b7b49bfcec0f,2024-08-23 06:45:00+00:00,2024-08-23 06:45:00+00:00
O-20240823-074500-BACKTEST-000-296,KRAKEN-BACKTEST,KrakenBTCUSDResearchStrategy-000,BTC/USD.KRAKEN,KRAKEN-1-296,BTC/USD.KRAKEN-KrakenBTCUSDResearchStrategy-000,KRAKEN-001,T-5b1236fdeb8c0c1a-93301,MARKET,SELL,0.03406642,GTC,False,False,0.03406642,TAKER,61024.49,0.0,['8.32 USD'],NO_TRIGGER,FILLED,NO_CONTINGENCY,,,,,,,,e75b7717-83b6-4510-9ee2-e2eb41d40d23,2024-08-23 07:45:00+00:00,2024-08-23 07:45:00+00:00
O-20240823-140000-BACKTEST-000-297,KRAKEN-BACKTEST,KrakenBTCUSDResearchStrategy-000,BTC/USD.KRAKEN,KRAKEN-1-297,BTC/USD.KRAKEN-KrakenBTCUSDResearchStrategy-000,KRAKEN-001,T-1474a4f4d0abd005-93594,MARKET,BUY,0.03372181,GTC,False,False,0.03372181,TAKER,61614.119999999995,0.0,['8.31 USD'],NO_TRIGGER,FILLED,NO_CONTINGENCY,,,,,,,,c2f123a8-68f6-4c1a-a326-fc99474fba54,2024-08-23 14:00:00+00:00,2024-08-23 14:00:00+00:00
O-20240823-144500-BACKTEST-000-298,KRAKEN-BACKTEST,KrakenBTCUSDResearchStrategy-000,BTC/USD.KRAKEN,KRAKEN-1-298,BTC/USD.KRAKEN-KrakenBTCUSDResearchStrategy-000,KRAKEN-001,T-0d9270fe38d310a4-93631,MARKET,SELL,0.03372181,GTC,False,False,0.03372181,TAKER,60809.01,0.0,['8.20 USD'],NO_TRIGGER,FILLED,NO_CONTINGENCY,,,,,,,,7308714e-37e3-4320-926e-30a1eef5825f,2024-08-23 14:45:00+00:00,2024-08-23 14:45:00+00:00
O-20240823-174500-BACKTEST-000-299,KRAKEN-BACKTEST,KrakenBTCUSDResearchStrategy-000,BTC/USD.KRAKEN,KRAKEN-1-299,BTC/USD.KRAKEN-KrakenBTCUSDResearchStrategy-000,KRAKEN-001,T-5d842cb83ce33e37-93775,MARKET,BUY,0.03287757,GTC,False,False,0.03287757,TAKER,62797.880000000005,0.0,['8.26 USD'],NO_TRIGGER,FILLED,NO_CONTINGENCY,,,,,,,,e1261ccd-9c32-459c-af6b-685ff446ff1d,2024-08-23 17:45:00+00:00,2024-08-23 17:45:00+00:00
O-20240824-112500-BACKTEST-000-300,KRAKEN-BACKTEST,KrakenBTCUSDResearchStrategy-000,BTC/USD.KRAKEN,KRAKEN-1-300,BTC/USD.KRAKEN-KrakenBTCUSDResearchStrategy-000,KRAKEN-001,T-6733a62415381a6d-94593,MARKET,SELL,0.03287757,GTC,False,False,0.03287757,TAKER,64090.81,0.0,['8.43 USD'],NO_TRIGGER,FILLED,NO_CONTINGENCY,,,,,,,,152207c5-0ac4-4a9e-8d3f-a7118510fa62,2024-08-24 11:25:00+00:00,2024-08-24 11:25:00+00:00
O-20240825-143500-BACKTEST-000-301,KRAKEN-BACKTEST,KrakenBTCUSDResearchStrategy-000,BTC/USD.KRAKEN,KRAKEN-1-301,BTC/USD.KRAKEN-KrakenBTCUSDResearchStrategy-000,KRAKEN-001,T-c476f6722e4bd6e9-95836,MARKET,BUY,0.03225617,GTC,False,False,0.03225617,TAKER,64247.80000000001,0.0,['8.29 USD'],NO_TRIGGER,FILLED,NO_CONTINGENCY,,,,,,,,669b8e2e-17df-4a57-a1bb-204799808ab0,2024-08-25 14:35:00+00:00,2024-08-25 14:35:00+00:00
O-20240825-153000-BACKTEST-000-302,KRAKEN-BACKTEST,KrakenBTCUSDResearchStrategy-000,BTC/USD.KRAKEN,KRAKEN-1-302,BTC/USD.KRAKEN-KrakenBTCUSDResearchStrategy-000,KRAKEN-001,T-e484819ab58d98d4-95879,MARKET,SELL,0.03225617,GTC,False,False,0.03225617,TAKER,64094.009999999995,0.0,['8.27 USD'],NO_TRIGGER,FILLED,NO_CONTINGENCY,,,,,,,,4829d924-4e84-4fb6-9102-d67f71ede856,2024-08-25 15:30:00+00:00,2024-08-25 15:30:00+00:00
O-20240825-210500-BACKTEST-000-303,KRAKEN-BACKTEST,KrakenBTCUSDResearchStrategy-000,BTC/USD.KRAKEN,KRAKEN-1-303,BTC/USD.KRAKEN-KrakenBTCUSDResearchStrategy-000,KRAKEN-001,T-f12aa975c4a7c400-96137,MARKET,BUY,0.03210760,GTC,False,False,0.03210760,TAKER,64344.0,0.0,['8.26 USD'],NO_TRIGGER,FILLED,NO_CONTINGENCY,,,,,,,,f7c99139-604a-4b53-bf3b-de16c9f46ed9,2024-08-25 21:05:00+00:00,2024-08-25 21:05:00+00:00
O-20240825-234500-BACKTEST-000-304,KRAKEN-BACKTEST,KrakenBTCUSDResearchStrategy-000,BTC/USD.KRAKEN,KRAKEN-1-304,BTC/USD.KRAKEN-KrakenBTCUSDResearchStrategy-000,KRAKEN-001,T-8ef59eb358b516f3-96263,MARKET,SELL,0.03210760,GTC,False,False,0.03210760,TAKER,64249.990000000005,0.0,['8.25 USD'],NO_TRIGGER,FILLED,NO_CONTINGENCY,,,,,,,,8e43d42a-9691-4ed0-83d4-9937bf44d730,2024-08-25 23:45:00+00:00,2024-08-25 23:45:00+00:00
O-20240829-051500-BACKTEST-000-305,KRAKEN-BACKTEST,KrakenBTCUSDResearchStrategy-000,BTC/USD.KRAKEN,KRAKEN-1-305,BTC/USD.KRAKEN-KrakenBTCUSDResearchStrategy-000,KRAKEN-001,T-ec5d9956a6e9eb8f-99856,MARKET,BUY,0.03471935,GTC,False,False,0.03471935,TAKER,59335.00000000001,0.0,['8.24 USD'],NO_TRIGGER,FILLED,NO_CONTINGENCY,,,,,,,,4b738d19-1a7b-4901-baef-bab9e5f8cb1a,2024-08-29 05:15:00+00:00,2024-08-29 05:15:00+00:00
O-20240829-164500-BACKTEST-000-306,KRAKEN-BACKTEST,KrakenBTCUSDResearchStrategy-000,BTC/USD.KRAKEN,KRAKEN-1-306,BTC/USD.KRAKEN-KrakenBTCUSDResearchStrategy-000,KRAKEN-001,T-8eeb0a83f24420ec-100395,MARKET,SELL,0.03471935,GTC,False,False,0.03471935,TAKER,60258.009999999995,0.0,['8.37 USD'],NO_TRIGGER,FILLED,NO_CONTINGENCY,,,,,,,,6384ac59-4d95-4183-8420-0da7f15e1191,2024-08-29 16:45:00+00:00,2024-08-29 16:45:00+00:00
O-20240830-072500-BACKTEST-000-307,KRAKEN-BACKTEST,KrakenBTCUSDResearchStrategy-000,BTC/USD.KRAKEN,KRAKEN-1-307,BTC/USD.KRAKEN-KrakenBTCUSDResearchStrategy-000,KRAKEN-001,T-21a355ff2e92222f-101079,MARKET,BUY,0.03466189,GTC,False,False,0.03466189,TAKER,59566.99,0.0,['8.26 USD'],NO_TRIGGER,FILLED,NO_CONTINGENCY,,,,,,,,1e3ab2cc-a294-4843-99f8-8953d62b68e9,2024-08-30 07:25:00+00:00,2024-08-30 07:25:00+00:00
O-20240830-075000-BACKTEST-000-308,KRAKEN-BACKTEST,KrakenBTCUSDResearchStrategy-000,BTC/USD.KRAKEN,KRAKEN-1-308,BTC/USD.KRAKEN-KrakenBTCUSDResearchStrategy-000,KRAKEN-001,T-54c110a1d9d631de-101099,MARKET,SELL,0.03466189,GTC,False,False,0.03466189,TAKER,59276.0,0.0,['8.22 USD'],NO_TRIGGER,FILLED,NO_CONTINGENCY,,,,,,,,5395100d-b512-463a-ac61-6eafd1db1022,2024-08-30 07:50:00+00:00,2024-08-30 07:50:00+00:00
O-20240830-095000-BACKTEST-000-309,KRAKEN-BACKTEST,KrakenBTCUSDResearchStrategy-000,BTC/USD.KRAKEN,KRAKEN-1-309,BTC/USD.KRAKEN-KrakenBTCUSDResearchStrategy-000,KRAKEN-001,T-a517bc4d6590b234-101193,MARKET,BUY,0.03447142,GTC,False,False,0.03447142,TAKER,59664.99,0.0,['8.23 USD'],NO_TRIGGER,FILLED,NO_CONTINGENCY,,,,,,,,e516d9a8-ce3b-453c-8b70-268b9b776321,2024-08-30 09:50:00+00:00,2024-08-30 09:50:00+00:00
O-20240830-103500-BACKTEST-000-310,KRAKEN-BACKTEST,KrakenBTCUSDResearchStrategy-000,BTC/USD.KRAKEN,KRAKEN-1-310,BTC/USD.KRAKEN-KrakenBTCUSDResearchStrategy-000,KRAKEN-001,T-ce631ab105c7e582-101228,MARKET,SELL,0.03447142,GTC,False,False,0.03447142,TAKER,59470.0,0.0,['8.20 USD'],NO_TRIGGER,FILLED,NO_CONTINGENCY,,,,,,,,2b38cf00-eb03-4f06-b8e6-3b32fddc7d5a,2024-08-30 10:35:00+00:00,2024-08-30 10:35:00+00:00
O-20240831-002000-BACKTEST-000-311,KRAKEN-BACKTEST,KrakenBTCUSDResearchStrategy-000,BTC/USD.KRAKEN,KRAKEN-1-311,BTC/USD.KRAKEN-KrakenBTCUSDResearchStrategy-000,KRAKEN-001,T-0a39031e33cfe513-101879,MARKET,BUY,0.03455948,GTC,False,False,0.03455948,TAKER,59312.0,0.0,['8.20 USD'],NO_TRIGGER,FILLED,NO_CONTINGENCY,,,,,,,,b81db6b7-fbad-4ca5-8e3a-19fd9afd7c8f,2024-08-31 00:20:00+00:00,2024-08-31 00:20:00+00:00
O-20240831-021500-BACKTEST-000-312,KRAKEN-BACKTEST,KrakenBTCUSDResearchStrategy-000,BTC/USD.KRAKEN,KRAKEN-1-312,BTC/USD.KRAKEN-KrakenBTCUSDResearchStrategy-000,KRAKEN-001,T-9f77f6533926284d-101968,MARKET,SELL,0.03455948,GTC,False,False,0.03455948,TAKER,59178.99,0.0,['8.18 USD'],NO_TRIGGER,FILLED,NO_CONTINGENCY,,,,,,,,0f08dffa-15cd-4b38-a907-0abe0b051e4f,2024-08-31 02:15:00+00:00,2024-08-31 02:15:00+00:00
O-20240831-124000-BACKTEST-000-313,KRAKEN-BACKTEST,KrakenBTCUSDResearchStrategy-000,BTC/USD.KRAKEN,KRAKEN-1-313,BTC/USD.KRAKEN-KrakenBTCUSDResearchStrategy-000,KRAKEN-001,T-9a5b0289606b429f-102437,MARKET,BUY,0.03451627,GTC,False,False,0.03451627,TAKER,59203.990000000005,0.0,['8.17 USD'],NO_TRIGGER,FILLED,NO_CONTINGENCY,,,,,,,,607e6ceb-3082-43b7-805a-d3fed51d4683,2024-08-31 12:40:00+00:00,2024-08-31 12:40:00+00:00
O-20240831-135000-BACKTEST-000-314,KRAKEN-BACKTEST,KrakenBTCUSDResearchStrategy-000,BTC/USD.KRAKEN,KRAKEN-1-314,BTC/USD.KRAKEN-KrakenBTCUSDResearchStrategy-000,KRAKEN-001,T-5df664749a84b973-102492,MARKET,SELL,0.03451627,GTC,False,False,0.03451627,TAKER,59052.009999999995,0.0,['8.15 USD'],NO_TRIGGER,FILLED,NO_CONTINGENCY,,,,,,,,ef2a716e-6d63-4a6b-afc0-92f3da3c7f47,2024-08-31 13:50:00+00:00,2024-08-31 13:50:00+00:00
O-20240901-182500-BACKTEST-000-315,KRAKEN-BACKTEST,KrakenBTCUSDResearchStrategy-000,BTC/USD.KRAKEN,KRAKEN-1-315,BTC/USD.KRAKEN-KrakenBTCUSDResearchStrategy-000,KRAKEN-001,T-657f2c7b62ff9c20-103803,MARKET,BUY,0.03480167,GTC,False,False,0.03480167,TAKER,58532.61,0.0,['8.15 USD'],NO_TRIGGER,FILLED,NO_CONTINGENCY,,,,,,,,3f7b32e7-3b32-488a-8d52-6f0c1ac721d8,2024-09-01 18:25:00+00:00,2024-09-01 18:25:00+00:00
O-20240901-211000-BACKTEST-000-316,KRAKEN-BACKTEST,KrakenBTCUSDResearchStrategy-000,BTC/USD.KRAKEN,KRAKEN-1-316,BTC/USD.KRAKEN-KrakenBTCUSDResearchStrategy-000,KRAKEN-001,T-b9cd7fadfd312302-103931,MARKET,SELL,0.03480167,GTC,False,False,0.03480167,TAKER,58305.009999999995,0.0,['8.12 USD'],NO_TRIGGER,FILLED,NO_CONTINGENCY,,,,,,,,22a14567-748f-4509-96f9-a6b6f9f5cdac,2024-09-01 21:10:00+00:00,2024-09-01 21:10:00+00:00
O-20240902-082500-BACKTEST-000-317,KRAKEN-BACKTEST,KrakenBTCUSDResearchStrategy-000,BTC/USD.KRAKEN,KRAKEN-1-317,BTC/USD.KRAKEN-KrakenBTCUSDResearchStrategy-000,KRAKEN-001,T-4ce1226378e47485-104451,MARKET,BUY,0.03489920,GTC,False,False,0.03489920,TAKER,58161.09,0.0,['8.12 USD'],NO_TRIGGER,FILLED,NO_CONTINGENCY,,,,,,,,ab8a1b6d-e9d0-474f-a635-60c3aaf1bb05,2024-09-02 08:25:00+00:00,2024-09-02 08:25:00+00:00
O-20240902-133500-BACKTEST-000-318,KRAKEN-BACKTEST,KrakenBTCUSDResearchStrategy-000,BTC/USD.KRAKEN,KRAKEN-1-318,BTC/USD.KRAKEN-KrakenBTCUSDResearchStrategy-000,KRAKEN-001,T-c98dfa7c928b8e87-104692,MARKET,SELL,0.03489920,GTC,False,False,0.03489920,TAKER,58154.74,0.0,['8.12 USD'],NO_TRIGGER,FILLED,NO_CONTINGENCY,,,,,,,,49e689ae-361e-4123-81fd-271df3db0df8,2024-09-02 13:35:00+00:00,2024-09-02 13:35:00+00:00
O-20240902-205000-BACKTEST-000-319,KRAKEN-BACKTEST,KrakenBTCUSDResearchStrategy-000,BTC/USD.KRAKEN,KRAKEN-1-319,BTC/USD.KRAKEN-KrakenBTCUSDResearchStrategy-000,KRAKEN-001,T-4026a74147708627-105033,MARKET,BUY,0.03426291,GTC,False,False,0.03426291,TAKER,59096.99,0.0,['8.10 USD'],NO_TRIGGER,FILLED,NO_CONTINGENCY,,,,,,,,d6c28456-b13b-45af-b527-88e840e7d2ea,2024-09-02 20:50:00+00:00,2024-09-02 20:50:00+00:00
O-20240903-035000-BACKTEST-000-320,KRAKEN-BACKTEST,KrakenBTCUSDResearchStrategy-000,BTC/USD.KRAKEN,KRAKEN-1-320,BTC/USD.KRAKEN-KrakenBTCUSDResearchStrategy-000,KRAKEN-001,T-3f764f7ca5b7c01d-105357,MARKET,SELL,0.03426291,GTC,False,False,0.03426291,TAKER,59112.009999999995,0.0,['8.10 USD'],NO_TRIGGER,FILLED,NO_CONTINGENCY,,,,,,,,78e9b172-8414-4f7b-bb52-588193b48ba2,2024-09-03 03:50:00+00:00,2024-09-03 03:50:00+00:00
O-20240903-122000-BACKTEST-000-321,KRAKEN-BACKTEST,KrakenBTCUSDResearchStrategy-000,BTC/USD.KRAKEN,KRAKEN-1-321,BTC/USD.KRAKEN-KrakenBTCUSDResearchStrategy-000,KRAKEN-001,T-29320531daa2a8d5-105746,MARKET,BUY,0.03409849,GTC,False,False,0.03409849,TAKER,59244.0,0.0,['8.08 USD'],NO_TRIGGER,FILLED,NO_CONTINGENCY,,,,,,,,0e22f700-d472-42ca-a8c6-da5e83e2ca25,2024-09-03 12:20:00+00:00,2024-09-03 12:20:00+00:00
O-20240903-133000-BACKTEST-000-322,KRAKEN-BACKTEST,KrakenBTCUSDResearchStrategy-000,BTC/USD.KRAKEN,KRAKEN-1-322,BTC/USD.KRAKEN-KrakenBTCUSDResearchStrategy-000,KRAKEN-001,T-d818fe9cfffb3429-105803,MARKET,SELL,0.03409849,GTC,False,False,0.03409849,TAKER,58861.990000000005,0.0,['8.03 USD'],NO_TRIGGER,FILLED,NO_CONTINGENCY,,,,,,,,c6bb2c4e-cae9-4b68-bfc0-e48916703d9c,2024-09-03 13:30:00+00:00,2024-09-03 13:30:00+00:00
O-20240904-145000-BACKTEST-000-323,KRAKEN-BACKTEST,KrakenBTCUSDResearchStrategy-000,BTC/USD.KRAKEN,KRAKEN-1-323,BTC/USD.KRAKEN-KrakenBTCUSDResearchStrategy-000,KRAKEN-001,T-3088ef6b91a83586-106979,MARKET,BUY,0.03503368,GTC,False,False,0.03503368,TAKER,57413.0,0.0,['8.05 USD'],NO_TRIGGER,FILLED,NO_CONTINGENCY,,,,,,,,a9c366ad-3031-48f7-ac56-dc1235b07328,2024-09-04 14:50:00+00:00,2024-09-04 14:50:00+00:00
O-20240905-020500-BACKTEST-000-324,KRAKEN-BACKTEST,KrakenBTCUSDResearchStrategy-000,BTC/USD.KRAKEN,KRAKEN-1-324,BTC/USD.KRAKEN-KrakenBTCUSDResearchStrategy-000,KRAKEN-001,T-ba8948f5366fe963-107504,MARKET,SELL,0.03503368,GTC,False,False,0.03503368,TAKER,57865.0,0.0,['8.11 USD'],NO_TRIGGER,FILLED,NO_CONTINGENCY,,,,,,,,bbb50794-4f7d-46c2-9b02-129689ac312e,2024-09-05 02:05:00+00:00,2024-09-05 02:05:00+00:00
O-20240906-020500-BACKTEST-000-325,KRAKEN-BACKTEST,KrakenBTCUSDResearchStrategy-000,BTC/USD.KRAKEN,KRAKEN-1-325,BTC/USD.KRAKEN-KrakenBTCUSDResearchStrategy-000,KRAKEN-001,T-775179570d54d46b-108626,MARKET,BUY,0.03540379,GTC,False,False,0.03540379,TAKER,56810.009999999995,0.0,['8.05 USD'],NO_TRIGGER,FILLED,NO_CONTINGENCY,,,,,,,,1554560a-8ce7-4733-98eb-77d6946d1d1f,2024-09-06 02:05:00+00:00,2024-09-06 02:05:00+00:00
O-20240906-035000-BACKTEST-000-326,KRAKEN-BACKTEST,KrakenBTCUSDResearchStrategy-000,BTC/USD.KRAKEN,KRAKEN-1-326,BTC/USD.KRAKEN-KrakenBTCUSDResearchStrategy-000,KRAKEN-001,T-879d3c58c41b11bd-108709,MARKET,SELL,0.03540379,GTC,False,False,0.03540379,TAKER,56572.0,0.0,['8.01 USD'],NO_TRIGGER,FILLED,NO_CONTINGENCY,,,,,,,,9f494680-8f3a-4fd7-9ec0-e837f3403558,2024-09-06 03:50:00+00:00,2024-09-06 03:50:00+00:00
O-20240906-125500-BACKTEST-000-327,KRAKEN-BACKTEST,KrakenBTCUSDResearchStrategy-000,BTC/USD.KRAKEN,KRAKEN-1-327,BTC/USD.KRAKEN-KrakenBTCUSDResearchStrategy-000,KRAKEN-001,T-fb383b4d486cb2c1-109129,MARKET,BUY,0.03523478,GTC,False,False,0.03523478,TAKER,56873.990000000005,0.0,['8.02 USD'],NO_TRIGGER,FILLED,NO_CONTINGENCY,,,,,,,,6c668279-bf85-487e-807a-f7fa23f0b0b2,2024-09-06 12:55:00+00:00,2024-09-06 12:55:00+00:00
O-20240906-133500-BACKTEST-000-328,KRAKEN-BACKTEST,KrakenBTCUSDResearchStrategy-000,BTC/USD.KRAKEN,KRAKEN-1-328,BTC/USD.KRAKEN-KrakenBTCUSDResearchStrategy-000,KRAKEN-001,T-4312ce5b3d407ec2-109161,MARKET,SELL,0.03523478,GTC,False,False,0.03523478,TAKER,56272.12,0.0,['7.93 USD'],NO_TRIGGER,FILLED,NO_CONTINGENCY,,,,,,,,e85f80ee-834a-43ab-ac25-16b32f277629,2024-09-06 13:35:00+00:00,2024-09-06 13:35:00+00:00
O-20240907-050500-BACKTEST-000-329,KRAKEN-BACKTEST,KrakenBTCUSDResearchStrategy-000,BTC/USD.KRAKEN,KRAKEN-1-329,BTC/USD.KRAKEN-KrakenBTCUSDResearchStrategy-000,KRAKEN-001,T-46f901caee5953ba-109896,MARKET,BUY,0.03668464,GTC,False,False,0.03668464,TAKER,54322.4,0.0,['7.97 USD'],NO_TRIGGER,FILLED,NO_CONTINGENCY,,,,,,,,6114d633-c4b9-4890-acd7-e3301538a85c,2024-09-07 05:05:00+00:00,2024-09-07 05:05:00+00:00
O-20240907-051500-BACKTEST-000-330,KRAKEN-BACKTEST,KrakenBTCUSDResearchStrategy-000,BTC/USD.KRAKEN,KRAKEN-1-330,BTC/USD.KRAKEN-KrakenBTCUSDResearchStrategy-000,KRAKEN-001,T-bddfd7ceea2919da-109905,MARKET,SELL,0.03668464,GTC,False,False,0.03668464,TAKER,54174.729999999996,0.0,['7.95 USD'],NO_TRIGGER,FILLED,NO_CONTINGENCY,,,,,,,,92cd3e0a-c255-457e-b916-3ae299619e03,2024-09-07 05:15:00+00:00,2024-09-07 05:15:00+00:00
O-20240907-123000-BACKTEST-000-331,KRAKEN-BACKTEST,KrakenBTCUSDResearchStrategy-000,BTC/USD.KRAKEN,KRAKEN-1-331,BTC/USD.KRAKEN-KrakenBTCUSDResearchStrategy-000,KRAKEN-001,T-3fc13b536eb745f0-110246,MARKET,BUY,0.03643509,GTC,False,False,0.03643509,TAKER,54518.76,0.0,['7.95 USD'],NO_TRIGGER,FILLED,NO_CONTINGENCY,,,,,,,,657ae327-cfe6-4c45-935e-3148129b9092,2024-09-07 12:30:00+00:00,2024-09-07 12:30:00+00:00
O-20240907-165500-BACKTEST-000-332,KRAKEN-BACKTEST,KrakenBTCUSDResearchStrategy-000,BTC/USD.KRAKEN,KRAKEN-1-332,BTC/USD.KRAKEN-KrakenBTCUSDResearchStrategy-000,KRAKEN-001,T-bb762ef8eb467311-110454,MARKET,SELL,0.03643509,GTC,False,False,0.03643509,TAKER,54465.97,0.0,['7.94 USD'],NO_TRIGGER,FILLED,NO_CONTINGENCY,,,,,,,,78dce562-bf0d-4a97-b120-1d58a9cbaf3a,2024-09-07 16:55:00+00:00,2024-09-07 16:55:00+00:00
O-20240908-021000-BACKTEST-000-333,KRAKEN-BACKTEST,KrakenBTCUSDResearchStrategy-000,BTC/USD.KRAKEN,KRAKEN-1-333,BTC/USD.KRAKEN-KrakenBTCUSDResearchStrategy-000,KRAKEN-001,T-0a4ad3a96719647d-110884,MARKET,BUY,0.03643644,GTC,False,False,0.03643644,TAKER,54370.009999999995,0.0,['7.92 USD'],NO_TRIGGER,FILLED,NO_CONTINGENCY,,,,,,,,ad469b92-dc66-4419-b91f-4abfc4b19f65,2024-09-08 02:10:00+00:00,2024-09-08 02:10:00+00:00
O-20240908-033000-BACKTEST-000-334,KRAKEN-BACKTEST,KrakenBTCUSDResearchStrategy-000,BTC/USD.KRAKEN,KRAKEN-1-334,BTC/USD.KRAKEN-KrakenBTCUSDResearchStrategy-000,KRAKEN-001,T-fcd6bf62c7ca37fa-110944,MARKET,SELL,0.03643644,GTC,False,False,0.03643644,TAKER,54267.0,0.0,['7.91 USD'],NO_TRIGGER,FILLED,NO_CONTINGENCY,,,,,,,,ab5d4a58-5466-4c01-a8a0-dd3417056e4e,2024-09-08 03:30:00+00:00,2024-09-08 03:30:00+00:00
O-20240908-045000-BACKTEST-000-335,KRAKEN-BACKTEST,KrakenBTCUSDResearchStrategy-000,BTC/USD.KRAKEN,KRAKEN-1-335,BTC/USD.KRAKEN-KrakenBTCUSDResearchStrategy-000,KRAKEN-001,T-516cd7ce5c41c750-111007,MARKET,BUY,0.03621318,GTC,False,False,0.03621318,TAKER,54543.0,0.0,['7.90 USD'],NO_TRIGGER,FILLED,NO_CONTINGENCY,,,,,,,,aeffd423-0a60-406b-bd8c-fd19177823fb,2024-09-08 04:50:00+00:00,2024-09-08 04:50:00+00:00
O-20240908-054500-BACKTEST-000-336,KRAKEN-BACKTEST,KrakenBTCUSDResearchStrategy-000,BTC/USD.KRAKEN,KRAKEN-1-336,BTC/USD.KRAKEN-KrakenBTCUSDResearchStrategy-000,KRAKEN-001,T-dc9fe67545e82227-111051,MARKET,SELL,0.03621318,GTC,False,False,0.03621318,TAKER,54403.66,0.0,['7.88 USD'],NO_TRIGGER,FILLED,NO_CONTINGENCY,,,,,,,,aef2e619-63a6-4b1a-9789-f78c43bb2ce4,2024-09-08 05:45:00+00:00,2024-09-08 05:45:00+00:00
O-20240908-091000-BACKTEST-000-337,KRAKEN-BACKTEST,KrakenBTCUSDResearchStrategy-000,BTC/USD.KRAKEN,KRAKEN-1-337,BTC/USD.KRAKEN-KrakenBTCUSDResearchStrategy-000,KRAKEN-001,T-7a2f764b56af228b-111210,MARKET,BUY,0.03603212,GTC,False,False,0.03603212,TAKER,54643.66,0.0,['7.88 USD'],NO_TRIGGER,FILLED,NO_CONTINGENCY,,,,,,,,02877d98-8f4e-4bd0-88f9-2a7adc6869fd,2024-09-08 09:10:00+00:00,2024-09-08 09:10:00+00:00
O-20240908-091500-BACKTEST-000-338,KRAKEN-BACKTEST,KrakenBTCUSDResearchStrategy-000,BTC/USD.KRAKEN,KRAKEN-1-338,BTC/USD.KRAKEN-KrakenBTCUSDResearchStrategy-000,KRAKEN-001,T-e477c1d0c5db1c99-111215,MARKET,SELL,0.03603212,GTC,False,False,0.03603212,TAKER,54486.0,0.0,['7.85 USD'],NO_TRIGGER,FILLED,NO_CONTINGENCY,,,,,,,,cd5d9655-e2f4-44b2-a52a-e30616fc84b9,2024-09-08 09:15:00+00:00,2024-09-08 09:15:00+00:00
O-20240908-210500-BACKTEST-000-339,KRAKEN-BACKTEST,KrakenBTCUSDResearchStrategy-000,BTC/USD.KRAKEN,KRAKEN-1-339,BTC/USD.KRAKEN-KrakenBTCUSDResearchStrategy-000,KRAKEN-001,T-c5200f2daa0a2d80-111759,MARKET,BUY,0.03593576,GTC,False,False,0.03593576,TAKER,54611.45,0.0,['7.85 USD'],NO_TRIGGER,FILLED,NO_CONTINGENCY,,,,,,,,ad8efe9b-4d69-4485-a963-001ebcfd5d32,2024-09-08 21:05:00+00:00,2024-09-08 21:05:00+00:00
O-20240908-212000-BACKTEST-000-340,KRAKEN-BACKTEST,KrakenBTCUSDResearchStrategy-000,BTC/USD.KRAKEN,KRAKEN-1-340,BTC/USD.KRAKEN-KrakenBTCUSDResearchStrategy-000,KRAKEN-001,T-d0ef5f63e224fd31-111772,MARKET,SELL,0.03593576,GTC,False,False,0.03593576,TAKER,54440.0,0.0,['7.83 USD'],NO_TRIGGER,FILLED,NO_CONTINGENCY,,,,,,,,14a0e925-4eb9-4fbd-a837-eaa9deb75529,2024-09-08 21:20:00+00:00,2024-09-08 21:20:00+00:00
O-20240908-221500-BACKTEST-000-341,KRAKEN-BACKTEST,KrakenBTCUSDResearchStrategy-000,BTC/USD.KRAKEN,KRAKEN-1-341,BTC/USD.KRAKEN-KrakenBTCUSDResearchStrategy-000,KRAKEN-001,T-dd0deabf0b5476cd-111814,MARKET,BUY,0.03560418,GTC,False,False,0.03560418,TAKER,54936.009999999995,0.0,['7.82 USD'],NO_TRIGGER,FILLED,NO_CONTINGENCY,,,,,,,,80a98b08-732e-4388-8f99-35fcc6e0dd65,2024-09-08 22:15:00+00:00,2024-09-08 22:15:00+00:00
O-20240908-225500-BACKTEST-000-342,KRAKEN-BACKTEST,KrakenBTCUSDResearchStrategy-000,BTC/USD.KRAKEN,KRAKEN-1-342,BTC/USD.KRAKEN-KrakenBTCUSDResearchStrategy-000,KRAKEN-001,T-43673b2c1d28dc34-111847,MARKET,SELL,0.03560418,GTC,False,False,0.03560418,TAKER,54530.0,0.0,['7.77 USD'],NO_TRIGGER,FILLED,NO_CONTINGENCY,,,,,,,,8d726ff4-f517-4e31-a554-31a3e72f7148,2024-09-08 22:55:00+00:00,2024-09-08 22:55:00+00:00
O-20240909-082000-BACKTEST-000-343,KRAKEN-BACKTEST,KrakenBTCUSDResearchStrategy-000,BTC/USD.KRAKEN,KRAKEN-1-343,BTC/USD.KRAKEN-KrakenBTCUSDResearchStrategy-000,KRAKEN-001,T-8fd65faf28f08723-112291,MARKET,BUY,0.03527065,GTC,False,False,0.03527065,TAKER,55199.990000000005,0.0,['7.79 USD'],NO_TRIGGER,FILLED,NO_CONTINGENCY,,,,,,,,e8f2852f-ca57-4a21-be16-3294dfce537f,2024-09-09 08:20:00+00:00,2024-09-09 08:20:00+00:00
O-20240909-122000-BACKTEST-000-344,KRAKEN-BACKTEST,KrakenBTCUSDResearchStrategy-000,BTC/USD.KRAKEN,KRAKEN-1-344,BTC/USD.KRAKEN-KrakenBTCUSDResearchStrategy-000,KRAKEN-001,T-eb5c7e3a7037e089-112482,MARKET,SELL,0.03527065,GTC,False,False,0.03527065,TAKER,55110.77,0.0,['7.78 USD'],NO_TRIGGER,FILLED,NO_CONTINGENCY,,,,,,,,30499728-1df6-4242-b90c-8072584af307,2024-09-09 12:20:00+00:00,2024-09-09 12:20:00+00:00
O-20240909-135000-BACKTEST-000-345,KRAKEN-BACKTEST,KrakenBTCUSDResearchStrategy-000,BTC/USD.KRAKEN,KRAKEN-1-345,BTC/USD.KRAKEN-KrakenBTCUSDResearchStrategy-000,KRAKEN-001,T-93cc1d7b1c6dbdee-112554,MARKET,BUY,0.03488703,GTC,False,False,0.03488703,TAKER,55646.0,0.0,['7.77 USD'],NO_TRIGGER,FILLED,NO_CONTINGENCY,,,,,,,,68b60b19-15b7-4222-b933-328e7ba310de,2024-09-09 13:50:00+00:00,2024-09-09 13:50:00+00:00
O-20240909-141500-BACKTEST-000-346,KRAKEN-BACKTEST,KrakenBTCUSDResearchStrategy-000,BTC/USD.KRAKEN,KRAKEN-1-346,BTC/USD.KRAKEN-KrakenBTCUSDResearchStrategy-000,KRAKEN-001,T-148691e716b9c1e2-112574,MARKET,SELL,0.03488703,GTC,False,False,0.03488703,TAKER,55302.0,0.0,['7.72 USD'],NO_TRIGGER,FILLED,NO_CONTINGENCY,,,,,,,,32cb0e44-8078-435e-b7b8-bb5333ace8ec,2024-09-09 14:15:00+00:00,2024-09-09 14:15:00+00:00
O-20240909-161000-BACKTEST-000-347,KRAKEN-BACKTEST,KrakenBTCUSDResearchStrategy-000,BTC/USD.KRAKEN,KRAKEN-1-347,BTC/USD.KRAKEN-KrakenBTCUSDResearchStrategy-000,KRAKEN-001,T-0f59f5e65eb0f13e-112666,MARKET,BUY,0.03456793,GTC,False,False,0.03456793,TAKER,55921.100000000006,0.0,['7.73 USD'],NO_TRIGGER,FILLED,NO_CONTINGENCY,,,,,,,,a23b35a8-809f-4e53-9914-09e54f89d9d1,2024-09-09 16:10:00+00:00,2024-09-09 16:10:00+00:00
O-20240910-001000-BACKTEST-000-348,KRAKEN-BACKTEST,KrakenBTCUSDResearchStrategy-000,BTC/USD.KRAKEN,KRAKEN-1-348,BTC/USD.KRAKEN-KrakenBTCUSDResearchStrategy-000,KRAKEN-001,T-eb474876d6ded27d-113044,MARKET,SELL,0.03456793,GTC,False,False,0.03456793,TAKER,56738.0,0.0,['7.85 USD'],NO_TRIGGER,FILLED,NO_CONTINGENCY,,,,,,,,4ec53f39-934b-4fe9-8d4f-fe3efd59ec0d,2024-09-10 00:10:00+00:00,2024-09-10 00:10:00+00:00
O-20240910-072000-BACKTEST-000-349,KRAKEN-BACKTEST,KrakenBTCUSDResearchStrategy-000,BTC/USD.KRAKEN,KRAKEN-1-349,BTC/USD.KRAKEN-KrakenBTCUSDResearchStrategy-000,KRAKEN-001,T-92cd83d3bd262883-113384,MARKET,BUY,0.03391571,GTC,False,False,0.03391571,TAKER,57108.49,0.0,['7.75 USD'],NO_TRIGGER,FILLED,NO_CONTINGENCY,,,,,,,,250025a3-bc03-41a7-ba23-86d3411a9caf,2024-09-10 07:20:00+00:00,2024-09-10 07:20:00+00:00
O-20240910-130500-BACKTEST-000-350,KRAKEN-BACKTEST,KrakenBTCUSDResearchStrategy-000,BTC/USD.KRAKEN,KRAKEN-1-350,BTC/USD.KRAKEN-KrakenBTCUSDResearchStrategy-000,KRAKEN-001,T-e040e6d56cae4f30-113651,MARKET,SELL,0.03391571,GTC,False,False,0.03391571,TAKER,56921.35,0.0,['7.72 USD'],NO_TRIGGER,FILLED,NO_CONTINGENCY,,,,,,,,178ca12d-d778-4d74-a4ed-cd4a38519fe5,2024-09-10 13:05:00+00:00,2024-09-10 13:05:00+00:00
O-20240910-181000-BACKTEST-000-351,KRAKEN-BACKTEST,KrakenBTCUSDResearchStrategy-000,BTC/USD.KRAKEN,KRAKEN-1-351,BTC/USD.KRAKEN-KrakenBTCUSDResearchStrategy-000,KRAKEN-001,T-2ebc5178312cc279-113890,MARKET,BUY,0.03362298,GTC,False,False,0.03362298,TAKER,57411.09,0.0,['7.72 USD'],NO_TRIGGER,FILLED,NO_CONTINGENCY,,,,,,,,9a45bf67-ab15-4560-be83-3aa9d327a4c6,2024-09-10 18:10:00+00:00,2024-09-10 18:10:00+00:00
O-20240911-002000-BACKTEST-000-352,KRAKEN-BACKTEST,KrakenBTCUSDResearchStrategy-000,BTC/USD.KRAKEN,KRAKEN-1-352,BTC/USD.KRAKEN-KrakenBTCUSDResearchStrategy-000,KRAKEN-001,T-0f403b337394c8fd-114170,MARKET,SELL,0.03362298,GTC,False,False,0.03362298,TAKER,57493.5,0.0,['7.73 USD'],NO_TRIGGER,FILLED,NO_CONTINGENCY,,,,,,,,9898aedb-edb5-42b6-a6ee-4c95b5e4cd9c,2024-09-11 00:20:00+00:00,2024-09-11 00:20:00+00:00
O-20240911-121500-BACKTEST-000-353,KRAKEN-BACKTEST,KrakenBTCUSDResearchStrategy-000,BTC/USD.KRAKEN,KRAKEN-1-353,BTC/USD.KRAKEN-KrakenBTCUSDResearchStrategy-000,KRAKEN-001,T-7e73f0e3cd8f54d3-114728,MARKET,BUY,0.03386051,GTC,False,False,0.03386051,TAKER,56896.009999999995,0.0,['7.71 USD'],NO_TRIGGER,FILLED,NO_CONTINGENCY,,,,,,,,de655679-7c17-49e8-9c1a-0b5210119548,2024-09-11 12:15:00+00:00,2024-09-11 12:15:00+00:00
O-20240911-123000-BACKTEST-000-354,KRAKEN-BACKTEST,KrakenBTCUSDResearchStrategy-000,BTC/USD.KRAKEN,KRAKEN-1-354,BTC/USD.KRAKEN-KrakenBTCUSDResearchStrategy-000,KRAKEN-001,T-8de37992d277b957-114741,MARKET,SELL,0.03386051,GTC,False,False,0.03386051,TAKER,56600.0,0.0,['7.67 USD'],NO_TRIGGER,FILLED,NO_CONTINGENCY,,,,,,,,c4c9b3db-45f7-42ab-bb85-64e475fe3a88,2024-09-11 12:30:00+00:00,2024-09-11 12:30:00+00:00
O-20240911-165000-BACKTEST-000-355,KRAKEN-BACKTEST,KrakenBTCUSDResearchStrategy-000,BTC/USD.KRAKEN,KRAKEN-1-355,BTC/USD.KRAKEN-KrakenBTCUSDResearchStrategy-000,KRAKEN-001,T-7f197f9d96cb4d04-114948,MARKET,BUY,0.03344894,GTC,False,False,0.03344894,TAKER,57368.18,0.0,['7.68 USD'],NO_TRIGGER,FILLED,NO_CONTINGENCY,,,,,,,,315a7b69-3767-4e1e-a9a0-3b3c549732fb,2024-09-11 16:50:00+00:00,2024-09-11 16:50:00+00:00
O-20240911-222000-BACKTEST-000-356,KRAKEN-BACKTEST,KrakenBTCUSDResearchStrategy-000,BTC/USD.KRAKEN,KRAKEN-1-356,BTC/USD.KRAKEN-KrakenBTCUSDResearchStrategy-000,KRAKEN-001,T-ff39040baca9b1d3-115204,MARKET,SELL,0.03344894,GTC,False,False,0.03344894,TAKER,57249.590000000004,0.0,['7.66 USD'],NO_TRIGGER,FILLED,NO_CONTINGENCY,,,,,,,,bb73e5c9-5c3f-49dd-b7e2-68539f874b68,2024-09-11 22:20:00+00:00,2024-09-11 22:20:00+00:00
O-20240912-003500-BACKTEST-000-357,KRAKEN-BACKTEST,KrakenBTCUSDResearchStrategy-000,BTC/USD.KRAKEN,KRAKEN-1-357,BTC/USD.KRAKEN-KrakenBTCUSDResearchStrategy-000,KRAKEN-001,T-9856278f9176bfb9-115311,MARKET,BUY,0.03308514,GTC,False,False,0.03308514,TAKER,57823.990000000005,0.0,['7.65 USD'],NO_TRIGGER,FILLED,NO_CONTINGENCY,,,,,,,,9ab37d23-0305-4980-a1bc-fc09f42fa7c7,2024-09-12 00:35:00+00:00,2024-09-12 00:35:00+00:00
O-20240912-005000-BACKTEST-000-358,KRAKEN-BACKTEST,KrakenBTCUSDResearchStrategy-000,BTC/USD.KRAKEN,KRAKEN-1-358,BTC/USD.KRAKEN-KrakenBTCUSDResearchStrategy-000,KRAKEN-001,T-76c187496e7bc0bf-115323,MARKET,SELL,0.03308514,GTC,False,False,0.03308514,TAKER,57620.0,0.0,['7.63 USD'],NO_TRIGGER,FILLED,NO_CONTINGENCY,,,,,,,,69b9ae33-c801-4f9e-8c7d-f1aac766ca05,2024-09-12 00:50:00+00:00,2024-09-12 00:50:00+00:00
O-20240912-015500-BACKTEST-000-359,KRAKEN-BACKTEST,KrakenBTCUSDResearchStrategy-000,BTC/USD.KRAKEN,KRAKEN-1-359,BTC/USD.KRAKEN-KrakenBTCUSDResearchStrategy-000,KRAKEN-001,T-4d38560312d718ca-115375,MARKET,BUY,0.03279296,GTC,False,False,0.03279296,TAKER,58137.740000000005,0.0,['7.63 USD'],NO_TRIGGER,FILLED,NO_CONTINGENCY,,,,,,,,bbd6bd49-5fe3-4b73-811b-b07a91c19922,2024-09-12 01:55:00+00:00,2024-09-12 01:55:00+00:00
O-20240912-055000-BACKTEST-000-360,KRAKEN-BACKTEST,KrakenBTCUSDResearchStrategy-000,BTC/USD.KRAKEN,KRAKEN-1-360,BTC/USD.KRAKEN-KrakenBTCUSDResearchStrategy-000,KRAKEN-001,T-b8cf491b9e3e4781-115555,MARKET,SELL,0.03279296,GTC,False,False,0.03279296,TAKER,57948.18,0.0,['7.60 USD'],NO_TRIGGER,FILLED,NO_CONTINGENCY,,,,,,,,c3a1a3f6-a2db-42c3-b3a5-57f372eeb5b8,2024-09-12 05:50:00+00:00,2024-09-12 05:50:00+00:00
O-20240913-102000-BACKTEST-000-361,KRAKEN-BACKTEST,KrakenBTCUSDResearchStrategy-000,BTC/USD.KRAKEN,KRAKEN-1-361,BTC/USD.KRAKEN-KrakenBTCUSDResearchStrategy-000,KRAKEN-001,T-4e4b950c99919419-116887,MARKET,BUY,0.03266335,GTC,False,False,0.03266335,TAKER,58171.420000000006,0.0,['7.60 USD'],NO_TRIGGER,FILLED,NO_CONTINGENCY,,,,,,,,3cfc58fa-4f58-4999-9852-55d4a52eeff9,2024-09-13 10:20:00+00:00,2024-09-13 10:20:00+00:00
O-20240913-115000-BACKTEST-000-362,KRAKEN-BACKTEST,KrakenBTCUSDResearchStrategy-000,BTC/USD.KRAKEN,KRAKEN-1-362,BTC/USD.KRAKEN-KrakenBTCUSDResearchStrategy-000,KRAKEN-001,T-5e529d41121b207d-116958,MARKET,SELL,0.03266335,GTC,False,False,0.03266335,TAKER,57994.0,0.0,['7.58 USD'],NO_TRIGGER,FILLED,NO_CONTINGENCY,,,,,,,,ae004597-5a46-4776-b09d-935db728c1f3,2024-09-13 11:50:00+00:00,2024-09-13 11:50:00+00:00
O-20240913-145500-BACKTEST-000-363,KRAKEN-BACKTEST,KrakenBTCUSDResearchStrategy-000,BTC/USD.KRAKEN,KRAKEN-1-363,BTC/USD.KRAKEN-KrakenBTCUSDResearchStrategy-000,KRAKEN-001,T-c5805faf6c5ced35-117104,MARKET,BUY,0.03239623,GTC,False,False,0.03239623,TAKER,58456.89,0.0,['7.58 USD'],NO_TRIGGER,FILLED,NO_CONTINGENCY,,,,,,,,1f4ca237-fc78-4022-86d8-6de87add158c,2024-09-13 14:55:00+00:00,2024-09-13 14:55:00+00:00
O-20240914-045000-BACKTEST-000-364,KRAKEN-BACKTEST,KrakenBTCUSDResearchStrategy-000,BTC/USD.KRAKEN,KRAKEN-1-364,BTC/USD.KRAKEN-KrakenBTCUSDResearchStrategy-000,KRAKEN-001,T-46b13aba71989850-117746,MARKET,SELL,0.03239623,GTC,False,False,0.03239623,TAKER,60212.0,0.0,['7.80 USD'],NO_TRIGGER,FILLED,NO_CONTINGENCY,,,,,,,,3c025165-eea9-4b8d-aeb4-1a075f6f8a8a,2024-09-14 04:50:00+00:00,2024-09-14 04:50:00+00:00
O-20240915-011500-BACKTEST-000-365,KRAKEN-BACKTEST,KrakenBTCUSDResearchStrategy-000,BTC/USD.KRAKEN,KRAKEN-1-365,BTC/USD.KRAKEN-KrakenBTCUSDResearchStrategy-000,KRAKEN-001,T-86d3175ed369a1c0-118671,MARKET,BUY,0.03165905,GTC,False,False,0.03165905,TAKER,60211.11,0.0,['7.62 USD'],NO_TRIGGER,FILLED,NO_CONTINGENCY,,,,,,,,343fa34a-0e9f-4ce9-9d9a-ef9f1f57da0b,2024-09-15 01:15:00+00:00,2024-09-15 01:15:00+00:00
O-20240915-034500-BACKTEST-000-366,KRAKEN-BACKTEST,KrakenBTCUSDResearchStrategy-000,BTC/USD.KRAKEN,KRAKEN-1-366,BTC/USD.KRAKEN-KrakenBTCUSDResearchStrategy-000,KRAKEN-001,T-5c6de1ddf81d2d9c-118781,MARKET,SELL,0.03165905,GTC,False,False,0.03165905,TAKER,60140.0,0.0,['7.62 USD'],NO_TRIGGER,FILLED,NO_CONTINGENCY,,,,,,,,a7dce440-7fe1-4613-a8a0-a76372a3630e,2024-09-15 03:45:00+00:00,2024-09-15 03:45:00+00:00
O-20240915-132000-BACKTEST-000-367,KRAKEN-BACKTEST,KrakenBTCUSDResearchStrategy-000,BTC/USD.KRAKEN,KRAKEN-1-367,BTC/USD.KRAKEN-KrakenBTCUSDResearchStrategy-000,KRAKEN-001,T-8bbf2bfd2716a871-119203,MARKET,BUY,0.03154362,GTC,False,False,0.03154362,TAKER,60265.11,0.0,['7.60 USD'],NO_TRIGGER,FILLED,NO_CONTINGENCY,,,,,,,,05d20dff-c644-443b-a82e-c6ea0817657e,2024-09-15 13:20:00+00:00,2024-09-15 13:20:00+00:00
O-20240915-134500-BACKTEST-000-368,KRAKEN-BACKTEST,KrakenBTCUSDResearchStrategy-000,BTC/USD.KRAKEN,KRAKEN-1-368,BTC/USD.KRAKEN-KrakenBTCUSDResearchStrategy-000,KRAKEN-001,T-9d6af8592d27f11f-119222,MARKET,SELL,0.03154362,GTC,False,False,0.03154362,TAKER,60142.119999999995,0.0,['7.59 USD'],NO_TRIGGER,FILLED,NO_CONTINGENCY,,,,,,,,5828694c-6d4b-43ed-afc1-ea184f78d093,2024-09-15 13:45:00+00:00,2024-09-15 13:45:00+00:00
O-20240915-150000-BACKTEST-000-369,KRAKEN-BACKTEST,KrakenBTCUSDResearchStrategy-000,BTC/USD.KRAKEN,KRAKEN-1-369,BTC/USD.KRAKEN-KrakenBTCUSDResearchStrategy-000,KRAKEN-001,T-bd4558b977c22755-119279,MARKET,BUY,0.03138859,GTC,False,False,0.03138859,TAKER,60380.5,0.0,['7.58 USD'],NO_TRIGGER,FILLED,NO_CONTINGENCY,,,,,,,,ebdeb8cf-627d-46fb-b754-ad3c12a37cf4,2024-09-15 15:00:00+00:00,2024-09-15 15:00:00+00:00
O-20240915-160500-BACKTEST-000-370,KRAKEN-BACKTEST,KrakenBTCUSDResearchStrategy-000,BTC/USD.KRAKEN,KRAKEN-1-370,BTC/USD.KRAKEN-KrakenBTCUSDResearchStrategy-000,KRAKEN-001,T-716ce74b20097fca-119332,MARKET,SELL,0.03138859,GTC,False,False,0.03138859,TAKER,60220.009999999995,0.0,['7.56 USD'],NO_TRIGGER,FILLED,NO_CONTINGENCY,,,,,,,,6a5c8828-72f9-4ec1-8dbb-8333e258df67,2024-09-15 16:05:00+00:00,2024-09-15 16:05:00+00:00
O-20240916-082000-BACKTEST-000-371,KRAKEN-BACKTEST,KrakenBTCUSDResearchStrategy-000,BTC/USD.KRAKEN,KRAKEN-1-371,BTC/USD.KRAKEN-KrakenBTCUSDResearchStrategy-000,KRAKEN-001,T-1d108f876309b961-120082,MARKET,BUY,0.03196675,GTC,False,False,0.03196675,TAKER,59099.06,0.0,['7.56 USD'],NO_TRIGGER,FILLED,NO_CONTINGENCY,,,,,,,,a4fe7424-5002-446b-8871-cd4eeb8c18be,2024-09-16 08:20:00+00:00,2024-09-16 08:20:00+00:00
O-20240916-085500-BACKTEST-000-372,KRAKEN-BACKTEST,KrakenBTCUSDResearchStrategy-000,BTC/USD.KRAKEN,KRAKEN-1-372,BTC/USD.KRAKEN-KrakenBTCUSDResearchStrategy-000,KRAKEN-001,T-31c1aa74f7af9ddb-120110,MARKET,SELL,0.03196675,GTC,False,False,0.03196675,TAKER,58924.979999999996,0.0,['7.53 USD'],NO_TRIGGER,FILLED,NO_CONTINGENCY,,,,,,,,7ffa9d47-004f-4313-b15f-bfa70c023c5d,2024-09-16 08:55:00+00:00,2024-09-16 08:55:00+00:00
O-20240916-233000-BACKTEST-000-373,KRAKEN-BACKTEST,KrakenBTCUSDResearchStrategy-000,BTC/USD.KRAKEN,KRAKEN-1-373,BTC/USD.KRAKEN-KrakenBTCUSDResearchStrategy-000,KRAKEN-001,T-67e52abf16775315-120801,MARKET,BUY,0.03230768,GTC,False,False,0.03230768,TAKER,58283.65,0.0,['7.53 USD'],NO_TRIGGER,FILLED,NO_CONTINGENCY,,,,,,,,e1d272ed-32d3-4c6e-9acd-06509b18f334,2024-09-16 23:30:00+00:00,2024-09-16 23:30:00+00:00
O-20240917-003500-BACKTEST-000-374,KRAKEN-BACKTEST,KrakenBTCUSDResearchStrategy-000,BTC/USD.KRAKEN,KRAKEN-1-374,BTC/USD.KRAKEN-KrakenBTCUSDResearchStrategy-000,KRAKEN-001,T-685eccf3f6363fa6-120852,MARKET,SELL,0.03230768,GTC,False,False,0.03230768,TAKER,58112.009999999995,0.0,['7.51 USD'],NO_TRIGGER,FILLED,NO_CONTINGENCY,,,,,,,,da040df7-0dc3-4d8a-b57a-907de8aca7c8,2024-09-17 00:35:00+00:00,2024-09-17 00:35:00+00:00
O-20240917-052500-BACKTEST-000-375,KRAKEN-BACKTEST,KrakenBTCUSDResearchStrategy-000,BTC/USD.KRAKEN,KRAKEN-1-375,BTC/USD.KRAKEN-KrakenBTCUSDResearchStrategy-000,KRAKEN-001,T-0c2cc9b2f15d8357-121080,MARKET,BUY,0.03215628,GTC,False,False,0.03215628,TAKER,58365.98,0.0,['7.51 USD'],NO_TRIGGER,FILLED,NO_CONTINGENCY,,,,,,,,50090029-426c-457c-8453-a01456a5243c,2024-09-17 05:25:00+00:00,2024-09-17 05:25:00+00:00
O-20240917-194000-BACKTEST-000-376,KRAKEN-BACKTEST,KrakenBTCUSDResearchStrategy-000,BTC/USD.KRAKEN,KRAKEN-1-376,BTC/USD.KRAKEN-KrakenBTCUSDResearchStrategy-000,KRAKEN-001,T-2e62919bc1ed1e9a-121743,MARKET,SELL,0.03215628,GTC,False,False,0.03215628,TAKER,60132.56,0.0,['7.73 USD'],NO_TRIGGER,FILLED,NO_CONTINGENCY,,,,,,,,cf06d2c7-20c5-478b-9d98-2f366882bd45,2024-09-17 19:40:00+00:00,2024-09-17 19:40:00+00:00
O-20240918-030000-BACKTEST-000-377,KRAKEN-BACKTEST,KrakenBTCUSDResearchStrategy-000,BTC/USD.KRAKEN,KRAKEN-1-377,BTC/USD.KRAKEN-KrakenBTCUSDResearchStrategy-000,KRAKEN-001,T-a9d0026e71fd0b17-122086,MARKET,BUY,0.03116411,GTC,False,False,0.03116411,TAKER,60624.34,0.0,['7.56 USD'],NO_TRIGGER,FILLED,NO_CONTINGENCY,,,,,,,,d45ed643-4733-4392-90f5-860e901b97dc,2024-09-18 03:00:00+00:00,2024-09-18 03:00:00+00:00
O-20240918-044500-BACKTEST-000-378,KRAKEN-BACKTEST,KrakenBTCUSDResearchStrategy-000,BTC/USD.KRAKEN,KRAKEN-1-378,BTC/USD.KRAKEN-KrakenBTCUSDResearchStrategy-000,KRAKEN-001,T-03cdea8db9af3900-122168,MARKET,SELL,0.03116411,GTC,False,False,0.03116411,TAKER,60399.48,0.0,['7.53 USD'],NO_TRIGGER,FILLED,NO_CONTINGENCY,,,,,,,,748156de-6a52-4fc6-b649-347efa041ef7,2024-09-18 04:45:00+00:00,2024-09-18 04:45:00+00:00
O-20240918-180000-BACKTEST-000-379,KRAKEN-BACKTEST,KrakenBTCUSDResearchStrategy-000,BTC/USD.KRAKEN,KRAKEN-1-379,BTC/USD.KRAKEN-KrakenBTCUSDResearchStrategy-000,KRAKEN-001,T-39f5637ed68ca6f1-122787,MARKET,BUY,0.03122284,GTC,False,False,0.03122284,TAKER,60298.060000000005,0.0,['7.53 USD'],NO_TRIGGER,FILLED,NO_CONTINGENCY,,,,,,,,363e6306-39a3-479a-af4a-b297424d1d0f,2024-09-18 18:00:00+00:00,2024-09-18 18:00:00+00:00
O-20240918-200000-BACKTEST-000-380,KRAKEN-BACKTEST,KrakenBTCUSDResearchStrategy-000,BTC/USD.KRAKEN,KRAKEN-1-380,BTC/USD.KRAKEN-KrakenBTCUSDResearchStrategy-000,KRAKEN-001,T-40515abfdd74dcf1-122881,MARKET,SELL,0.03122284,GTC,False,False,0.03122284,TAKER,59903.219999999994,0.0,['7.48 USD'],NO_TRIGGER,FILLED,NO_CONTINGENCY,,,,,,,,ad78520d-632d-46d5-948a-997805f9cbe5,2024-09-18 20:00:00+00:00,2024-09-18 20:00:00+00:00
O-20240918-232000-BACKTEST-000-381,KRAKEN-BACKTEST,KrakenBTCUSDResearchStrategy-000,BTC/USD.KRAKEN,KRAKEN-1-381,BTC/USD.KRAKEN-KrakenBTCUSDResearchStrategy-000,KRAKEN-001,T-651d7702d342cb9c-123040,MARKET,BUY,0.03069337,GTC,False,False,0.03069337,TAKER,61071.00000000001,0.0,['7.50 USD'],NO_TRIGGER,FILLED,NO_CONTINGENCY,,,,,,,,f7b95ac2-9a8a-4fd2-acb4-db8b93e48b69,2024-09-18 23:20:00+00:00,2024-09-18 23:20:00+00:00
O-20240919-200000-BACKTEST-000-382,KRAKEN-BACKTEST,KrakenBTCUSDResearchStrategy-000,BTC/USD.KRAKEN,KRAKEN-1-382,BTC/USD.KRAKEN-KrakenBTCUSDResearchStrategy-000,KRAKEN-001,T-ba7c629b9b5c33b8-124010,MARKET,SELL,0.03069337,GTC,False,False,0.03069337,TAKER,63136.46000000001,0.0,['7.75 USD'],NO_TRIGGER,FILLED,NO_CONTINGENCY,,,,,,,,35a659a0-c97b-4327-b00b-4e331b0f071d,2024-09-19 20:00:00+00:00,2024-09-19 20:00:00+00:00
O-20240920-034000-BACKTEST-000-383,KRAKEN-BACKTEST,KrakenBTCUSDResearchStrategy-000,BTC/USD.KRAKEN,KRAKEN-1-383,BTC/USD.KRAKEN-KrakenBTCUSDResearchStrategy-000,KRAKEN-001,T-be98be2624e1425d-124359,MARKET,BUY,0.02980724,GTC,False,False,0.02980724,TAKER,63371.18,0.0,['7.56 USD'],NO_TRIGGER,FILLED,NO_CONTINGENCY,,,,,,,,bbe04e0e-5867-4668-a26d-e1d0ce3b25b7,2024-09-20 03:40:00+00:00,2024-09-20 03:40:00+00:00
O-20240920-072500-BACKTEST-000-384,KRAKEN-BACKTEST,KrakenBTCUSDResearchStrategy-000,BTC/USD.KRAKEN,KRAKEN-1-384,BTC/USD.KRAKEN-KrakenBTCUSDResearchStrategy-000,KRAKEN-001,T-d0823ffa52580526-124531,MARKET,SELL,0.02980724,GTC,False,False,0.02980724,TAKER,63451.45,0.0,['7.57 USD'],NO_TRIGGER,FILLED,NO_CONTINGENCY,,,,,,,,94ec6c15-9368-40cf-83ff-9b0753a06105,2024-09-20 07:25:00+00:00,2024-09-20 07:25:00+00:00
O-20240921-074500-BACKTEST-000-385,KRAKEN-BACKTEST,KrakenBTCUSDResearchStrategy-000,BTC/USD.KRAKEN,KRAKEN-1-385,BTC/USD.KRAKEN-KrakenBTCUSDResearchStrategy-000,KRAKEN-001,T-b734b24e0ff588ed-125663,MARKET,BUY,0.02987321,GTC,False,False,0.02987321,TAKER,63103.29,0.0,['7.54 USD'],NO_TRIGGER,FILLED,NO_CONTINGENCY,,,,,,,,a9316f76-e300-4b16-bcbb-62d41f12cf65,2024-09-21 07:45:00+00:00,2024-09-21 07:45:00+00:00
O-20240921-083000-BACKTEST-000-386,KRAKEN-BACKTEST,KrakenBTCUSDResearchStrategy-000,BTC/USD.KRAKEN,KRAKEN-1-386,BTC/USD.KRAKEN-KrakenBTCUSDResearchStrategy-000,KRAKEN-001,T-d458c66ce014fad0-125696,MARKET,SELL,0.02987321,GTC,False,False,0.02987321,TAKER,63010.630000000005,0.0,['7.53 USD'],NO_TRIGGER,FILLED,NO_CONTINGENCY,,,,,,,,c42cc11d-fa36-4ba0-b6e4-91cc116e8970,2024-09-21 08:30:00+00:00,2024-09-21 08:30:00+00:00
O-20240921-125500-BACKTEST-000-387,KRAKEN-BACKTEST,KrakenBTCUSDResearchStrategy-000,BTC/USD.KRAKEN,KRAKEN-1-387,BTC/USD.KRAKEN-KrakenBTCUSDResearchStrategy-000,KRAKEN-001,T-93da963e8f6d96c8-125896,MARKET,BUY,0.02976543,GTC,False,False,0.02976543,TAKER,63151.98,0.0,['7.52 USD'],NO_TRIGGER,FILLED,NO_CONTINGENCY,,,,,,,,d75be852-539c-4787-b454-fe50d132245b,2024-09-21 12:55:00+00:00,2024-09-21 12:55:00+00:00
O-20240921-130500-BACKTEST-000-388,KRAKEN-BACKTEST,KrakenBTCUSDResearchStrategy-000,BTC/USD.KRAKEN,KRAKEN-1-388,BTC/USD.KRAKEN-KrakenBTCUSDResearchStrategy-000,KRAKEN-001,T-e3c0f8572e5e620d-125905,MARKET,SELL,0.02976543,GTC,False,False,0.02976543,TAKER,63070.0,0.0,['7.51 USD'],NO_TRIGGER,FILLED,NO_CONTINGENCY,,,,,,,,4c6d3f13-7b2e-431c-9324-92e6e6d9aa99,2024-09-21 13:05:00+00:00,2024-09-21 13:05:00+00:00
O-20240921-143500-BACKTEST-000-389,KRAKEN-BACKTEST,KrakenBTCUSDResearchStrategy-000,BTC/USD.KRAKEN,KRAKEN-1-389,BTC/USD.KRAKEN-KrakenBTCUSDResearchStrategy-000,KRAKEN-001,T-3b7f7c0479f1ccb7-125975,MARKET,BUY,0.02963422,GTC,False,False,0.02963422,TAKER,63254.729999999996,0.0,['7.50 USD'],NO_TRIGGER,FILLED,NO_CONTINGENCY,,,,,,,,e7f6d9dc-a97f-4572-9f9d-87411eab2768,2024-09-21 14:35:00+00:00,2024-09-21 14:35:00+00:00
O-20240921-150500-BACKTEST-000-390,KRAKEN-BACKTEST,KrakenBTCUSDResearchStrategy-000,BTC/USD.KRAKEN,KRAKEN-1-390,BTC/USD.KRAKEN-KrakenBTCUSDResearchStrategy-000,KRAKEN-001,T-b5c09316c81bd493-125998,MARKET,SELL,0.02963422,GTC,False,False,0.02963422,TAKER,63166.0,0.0,['7.49 USD'],NO_TRIGGER,FILLED,NO_CONTINGENCY,,,,,,,,f0d1f967-7c76-4e05-8d50-174ebb2e909f,2024-09-21 15:05:00+00:00,2024-09-21 15:05:00+00:00
O-20240921-171000-BACKTEST-000-391,KRAKEN-BACKTEST,KrakenBTCUSDResearchStrategy-000,BTC/USD.KRAKEN,KRAKEN-1-391,BTC/USD.KRAKEN-KrakenBTCUSDResearchStrategy-000,KRAKEN-001,T-bb89f4e263f43590-126098,MARKET,BUY,0.02951931,GTC,False,False,0.02951931,TAKER,63322.0,0.0,['7.48 USD'],NO_TRIGGER,FILLED,NO_CONTINGENCY,,,,,,,,6b0e7637-33c7-481c-9884-793e4a790ba8,2024-09-21 17:10:00+00:00,2024-09-21 17:10:00+00:00
O-20240921-192000-BACKTEST-000-392,KRAKEN-BACKTEST,KrakenBTCUSDResearchStrategy-000,BTC/USD.KRAKEN,KRAKEN-1-392,BTC/USD.KRAKEN-KrakenBTCUSDResearchStrategy-000,KRAKEN-001,T-5b6a6f39524a6120-126197,MARKET,SELL,0.02951931,GTC,False,False,0.02951931,TAKER,63194.009999999995,0.0,['7.46 USD'],NO_TRIGGER,FILLED,NO_CONTINGENCY,,,,,,,,19d832c8-5737-45ad-8437-05935a612abe,2024-09-21 19:20:00+00:00,2024-09-21 19:20:00+00:00
O-20240921-234000-BACKTEST-000-393,KRAKEN-BACKTEST,KrakenBTCUSDResearchStrategy-000,BTC/USD.KRAKEN,KRAKEN-1-393,BTC/USD.KRAKEN-KrakenBTCUSDResearchStrategy-000,KRAKEN-001,T-10cb998379a9aecb-126397,MARKET,BUY,0.02941390,GTC,False,False,0.02941390,TAKER,63357.990000000005,0.0,['7.45 USD'],NO_TRIGGER,FILLED,NO_CONTINGENCY,,,,,,,,4974a63c-0a73-43fc-8f3d-30ca90ae777a,2024-09-21 23:40:00+00:00,2024-09-21 23:40:00+00:00
O-20240922-002000-BACKTEST-000-394,KRAKEN-BACKTEST,KrakenBTCUSDResearchStrategy-000,BTC/USD.KRAKEN,KRAKEN-1-394,BTC/USD.KRAKEN-KrakenBTCUSDResearchStrategy-000,KRAKEN-001,T-78cc738c6eb03df9-126428,MARKET,SELL,0.02941390,GTC,False,False,0.02941390,TAKER,63179.9,0.0,['7.43 USD'],NO_TRIGGER,FILLED,NO_CONTINGENCY,,,,,,,,141d6e68-3b07-4e41-8415-378015fb8050,2024-09-22 00:20:00+00:00,2024-09-22 00:20:00+00:00
O-20240922-173500-BACKTEST-000-395,KRAKEN-BACKTEST,KrakenBTCUSDResearchStrategy-000,BTC/USD.KRAKEN,KRAKEN-1-395,BTC/USD.KRAKEN-KrakenBTCUSDResearchStrategy-000,KRAKEN-001,T-c87d76ece14fc651-127211,MARKET,BUY,0.02947169,GTC,False,False,0.02947169,TAKER,63028.950000000004,0.0,['7.43 USD'],NO_TRIGGER,FILLED,NO_CONTINGENCY,,,,,,,,d33c817e-f016-4e99-b018-530765fad1d1,2024-09-22 17:35:00+00:00,2024-09-22 17:35:00+00:00
O-20240922-181500-BACKTEST-000-396,KRAKEN-BACKTEST,KrakenBTCUSDResearchStrategy-000,BTC/USD.KRAKEN,KRAKEN-1-396,BTC/USD.KRAKEN-KrakenBTCUSDResearchStrategy-000,KRAKEN-001,T-f3707928faf7ee11-127243,MARKET,SELL,0.02947169,GTC,False,False,0.02947169,TAKER,62885.560000000005,0.0,['7.41 USD'],NO_TRIGGER,FILLED,NO_CONTINGENCY,,,,,,,,d3db6f8c-b6e0-4687-93a9-b0a8dcc30ee7,2024-09-22 18:15:00+00:00,2024-09-22 18:15:00+00:00
O-20240922-195500-BACKTEST-000-397,KRAKEN-BACKTEST,KrakenBTCUSDResearchStrategy-000,BTC/USD.KRAKEN,KRAKEN-1-397,BTC/USD.KRAKEN-KrakenBTCUSDResearchStrategy-000,KRAKEN-001,T-f8bcec40e5e04a50-127322,MARKET,BUY,0.02931996,GTC,False,False,0.02931996,TAKER,63160.0,0.0,['7.41 USD'],NO_TRIGGER,FILLED,NO_CONTINGENCY,,,,,,,,42272ef4-4aa6-4d91-8b44-c84be3700436,2024-09-22 19:55:00+00:00,2024-09-22 19:55:00+00:00
O-20240922-215500-BACKTEST-000-398,KRAKEN-BACKTEST,KrakenBTCUSDResearchStrategy-000,BTC/USD.KRAKEN,KRAKEN-1-398,BTC/USD.KRAKEN-KrakenBTCUSDResearchStrategy-000,KRAKEN-001,T-dfa7cb310bf9cd19-127411,MARKET,SELL,0.02931996,GTC,False,False,0.02931996,TAKER,62779.990000000005,0.0,['7.36 USD'],NO_TRIGGER,FILLED,NO_CONTINGENCY,,,,,,,,a8e4d44f-00b0-4d0a-83e0-8d6113b7ce38,2024-09-22 21:55:00+00:00,2024-09-22 21:55:00+00:00
O-20240923-030500-BACKTEST-000-399,KRAKEN-BACKTEST,KrakenBTCUSDResearchStrategy-000,BTC/USD.KRAKEN,KRAKEN-1-399,BTC/USD.KRAKEN-KrakenBTCUSDResearchStrategy-000,KRAKEN-001,T-119c96120d962278-127656,MARKET,BUY,0.02873288,GTC,False,False,0.02873288,TAKER,64179.990000000005,0.0,['7.38 USD'],NO_TRIGGER,FILLED,NO_CONTINGENCY,,,,,,,,1b3f9a0e-efdf-4b5e-aeec-a9467d5db447,2024-09-23 03:05:00+00:00,2024-09-23 03:05:00+00:00
O-20240923-043000-BACKTEST-000-400,KRAKEN-BACKTEST,KrakenBTCUSDResearchStrategy-000,BTC/USD.KRAKEN,KRAKEN-1-400,BTC/USD.KRAKEN-KrakenBTCUSDResearchStrategy-000,KRAKEN-001,T-1c3dde207e705fc3-127723,MARKET,SELL,0.02873288,GTC,False,False,0.02873288,TAKER,63818.86,0.0,['7.33 USD'],NO_TRIGGER,FILLED,NO_CONTINGENCY,,,,,,,,dc5e646a-c7f2-4272-8ef7-42a5e44ec1db,2024-09-23 04:30:00+00:00,2024-09-23 04:30:00+00:00
O-20240924-061000-BACKTEST-000-401,KRAKEN-BACKTEST,KrakenBTCUSDResearchStrategy-000,BTC/USD.KRAKEN,KRAKEN-1-401,BTC/USD.KRAKEN-KrakenBTCUSDResearchStrategy-000,KRAKEN-001,T-8b29e0ebe0a6fcaf-128917,MARKET,BUY,0.02901461,GTC,False,False,0.02901461,TAKER,63297.38,0.0,['7.35 USD'],NO_TRIGGER,FILLED,NO_CONTINGENCY,,,,,,,,13ee54a8-3929-4306-9912-b2c5bf2bce6b,2024-09-24 06:10:00+00:00,2024-09-24 06:10:00+00:00
O-20240924-110000-BACKTEST-000-402,KRAKEN-BACKTEST,KrakenBTCUSDResearchStrategy-000,BTC/USD.KRAKEN,KRAKEN-1-402,BTC/USD.KRAKEN-KrakenBTCUSDResearchStrategy-000,KRAKEN-001,T-c086b655580526e8-129142,MARKET,SELL,0.02901461,GTC,False,False,0.02901461,TAKER,63436.729999999996,0.0,['7.36 USD'],NO_TRIGGER,FILLED,NO_CONTINGENCY,,,,,,,,8bc4a643-febd-4e79-941a-d9e287461032,2024-09-24 11:00:00+00:00,2024-09-24 11:00:00+00:00
O-20240924-173500-BACKTEST-000-403,KRAKEN-BACKTEST,KrakenBTCUSDResearchStrategy-000,BTC/USD.KRAKEN,KRAKEN-1-403,BTC/USD.KRAKEN-KrakenBTCUSDResearchStrategy-000,KRAKEN-001,T-354cf4ca8c3c1a98-129455,MARKET,BUY,0.02873248,GTC,False,False,0.02873248,TAKER,63807.5,0.0,['7.33 USD'],NO_TRIGGER,FILLED,NO_CONTINGENCY,,,,,,,,4d01f288-0375-4f16-87b6-dd357daa442f,2024-09-24 17:35:00+00:00,2024-09-24 17:35:00+00:00
O-20240925-005000-BACKTEST-000-404,KRAKEN-BACKTEST,KrakenBTCUSDResearchStrategy-000,BTC/USD.KRAKEN,KRAKEN-1-404,BTC/USD.KRAKEN-KrakenBTCUSDResearchStrategy-000,KRAKEN-001,T-8319cd5e93006b62-129797,MARKET,SELL,0.02873248,GTC,False,False,0.02873248,TAKER,64016.57,0.0,['7.36 USD'],NO_TRIGGER,FILLED,NO_CONTINGENCY,,,,,,,,2136b344-8316-410b-886e-1f602f3fa46a,2024-09-25 00:50:00+00:00,2024-09-25 00:50:00+00:00
O-20240926-034500-BACKTEST-000-405,KRAKEN-BACKTEST,KrakenBTCUSDResearchStrategy-000,BTC/USD.KRAKEN,KRAKEN-1-405,BTC/USD.KRAKEN-KrakenBTCUSDResearchStrategy-000,KRAKEN-001,T-5b2837679782f5ab-131047,MARKET,BUY,0.02881724,GTC,False,False,0.02881724,TAKER,63529.36,0.0,['7.32 USD'],NO_TRIGGER,FILLED,NO_CONTINGENCY,,,,,,,,66a39b46-64e4-4b57-8bff-9547de69d199,2024-09-26 03:45:00+00:00,2024-09-26 03:45:00+00:00
O-20240926-043000-BACKTEST-000-406,KRAKEN-BACKTEST,KrakenBTCUSDResearchStrategy-000,BTC/USD.KRAKEN,KRAKEN-1-406,BTC/USD.KRAKEN-KrakenBTCUSDResearchStrategy-000,KRAKEN-001,T-48c41022ee5e66ca-131080,MARKET,SELL,0.02881724,GTC,False,False,0.02881724,TAKER,63383.32000000001,0.0,['7.31 USD'],NO_TRIGGER,FILLED,NO_CONTINGENCY,,,,,,,,3999929d-c7e7-4788-9969-a3d5a2221cb0,2024-09-26 04:30:00+00:00,2024-09-26 04:30:00+00:00
O-20240926-053000-BACKTEST-000-407,KRAKEN-BACKTEST,KrakenBTCUSDResearchStrategy-000,BTC/USD.KRAKEN,KRAKEN-1-407,BTC/USD.KRAKEN-KrakenBTCUSDResearchStrategy-000,KRAKEN-001,T-7697c7222704e23a-131128,MARKET,BUY,0.02869224,GTC,False,False,0.02869224,TAKER,63609.13,0.0,['7.30 USD'],NO_TRIGGER,FILLED,NO_CONTINGENCY,,,,,,,,92586b95-cb4d-4c7f-b3fe-4f55c1e3a982,2024-09-26 05:30:00+00:00,2024-09-26 05:30:00+00:00
O-20240926-195000-BACKTEST-000-408,KRAKEN-BACKTEST,KrakenBTCUSDResearchStrategy-000,BTC/USD.KRAKEN,KRAKEN-1-408,BTC/USD.KRAKEN-KrakenBTCUSDResearchStrategy-000,KRAKEN-001,T-5dc59cd95fb70519-131802,MARKET,SELL,0.02869224,GTC,False,False,0.02869224,TAKER,64884.009999999995,0.0,['7.45 USD'],NO_TRIGGER,FILLED,NO_CONTINGENCY,,,,,,,,5db8cb9e-3a45-4b25-8520-d64e23a04f4b,2024-09-26 19:50:00+00:00,2024-09-26 19:50:00+00:00
O-20240927-010500-BACKTEST-000-409,KRAKEN-BACKTEST,KrakenBTCUSDResearchStrategy-000,BTC/USD.KRAKEN,KRAKEN-1-409,BTC/USD.KRAKEN-KrakenBTCUSDResearchStrategy-000,KRAKEN-001,T-2080c0096164a43f-132046,MARKET,BUY,0.02804872,GTC,False,False,0.02804872,TAKER,65302.0,0.0,['7.33 USD'],NO_TRIGGER,FILLED,NO_CONTINGENCY,,,,,,,,000a226a-8a2f-4828-84bc-d3c15d8bda42,2024-09-27 01:05:00+00:00,2024-09-27 01:05:00+00:00
O-20240927-014000-BACKTEST-000-410,KRAKEN-BACKTEST,KrakenBTCUSDResearchStrategy-000,BTC/USD.KRAKEN,KRAKEN-1-410,BTC/USD.KRAKEN-KrakenBTCUSDResearchStrategy-000,KRAKEN-001,T-1ca3aa3a502d7d9b-132072,MARKET,SELL,0.02804872,GTC,False,False,0.02804872,TAKER,65072.0,0.0,['7.30 USD'],NO_TRIGGER,FILLED,NO_CONTINGENCY,,,,,,,,8ec59482-fb13-418f-880d-63964fffa396,2024-09-27 01:40:00+00:00,2024-09-27 01:40:00+00:00
O-20240927-035000-BACKTEST-000-411,KRAKEN-BACKTEST,KrakenBTCUSDResearchStrategy-000,BTC/USD.KRAKEN,KRAKEN-1-411,BTC/USD.KRAKEN-KrakenBTCUSDResearchStrategy-000,KRAKEN-001,T-993474941ea18b9f-132172,MARKET,BUY,0.02791014,GTC,False,False,0.02791014,TAKER,65399.66,0.0,['7.30 USD'],NO_TRIGGER,FILLED,NO_CONTINGENCY,,,,,,,,9c2fc684-8258-4ae1-90c7-19eb55c7e568,2024-09-27 03:50:00+00:00,2024-09-27 03:50:00+00:00
O-20240927-052000-BACKTEST-000-412,KRAKEN-BACKTEST,KrakenBTCUSDResearchStrategy-000,BTC/USD.KRAKEN,KRAKEN-1-412,BTC/USD.KRAKEN-KrakenBTCUSDResearchStrategy-000,KRAKEN-001,T-97a7028a62d0205e-132239,MARKET,SELL,0.02791014,GTC,False,False,0.02791014,TAKER,65248.33,0.0,['7.28 USD'],NO_TRIGGER,FILLED,NO_CONTINGENCY,,,,,,,,a951426a-7077-4e05-a266-51daadfee7dd,2024-09-27 05:20:00+00:00,2024-09-27 05:20:00+00:00
O-20240927-082000-BACKTEST-000-413,KRAKEN-BACKTEST,KrakenBTCUSDResearchStrategy-000,BTC/USD.KRAKEN,KRAKEN-1-413,BTC/USD.KRAKEN-KrakenBTCUSDResearchStrategy-000,KRAKEN-001,T-cf246bec3f7a0eb7-132382,MARKET,BUY,0.02770092,GTC,False,False,0.02770092,TAKER,65690.0,0.0,['7.28 USD'],NO_TRIGGER,FILLED,NO_CONTINGENCY,,,,,,,,255e5840-dfb2-41b1-ad67-ad846dbc4b29,2024-09-27 08:20:00+00:00,2024-09-27 08:20:00+00:00
O-20240927-112000-BACKTEST-000-414,KRAKEN-BACKTEST,KrakenBTCUSDResearchStrategy-000,BTC/USD.KRAKEN,KRAKEN-1-414,BTC/USD.KRAKEN-KrakenBTCUSDResearchStrategy-000,KRAKEN-001,T-6967d61138a4dd26-132523,MARKET,SELL,0.02770092,GTC,False,False,0.02770092,TAKER,65503.98,0.0,['7.26 USD'],NO_TRIGGER,FILLED,NO_CONTINGENCY,,,,,,,,ff4cc146-f071-4583-a561-155ffead7410,2024-09-27 11:20:00+00:00,2024-09-27 11:20:00+00:00
O-20240927-140500-BACKTEST-000-415,KRAKEN-BACKTEST,KrakenBTCUSDResearchStrategy-000,BTC/USD.KRAKEN,KRAKEN-1-415,BTC/USD.KRAKEN-KrakenBTCUSDResearchStrategy-000,KRAKEN-001,T-a7122469ad61a81e-132650,MARKET,BUY,0.02749798,GTC,False,False,0.02749798,TAKER,65960.0,0.0,['7.26 USD'],NO_TRIGGER,FILLED,NO_CONTINGENCY,,,,,,,,f4977834-de5e-412b-a9e5-203d9417b82d,2024-09-27 14:05:00+00:00,2024-09-27 14:05:00+00:00
O-20240927-172000-BACKTEST-000-416,KRAKEN-BACKTEST,KrakenBTCUSDResearchStrategy-000,BTC/USD.KRAKEN,KRAKEN-1-416,BTC/USD.KRAKEN-KrakenBTCUSDResearchStrategy-000,KRAKEN-001,T-ac95d71e89e5fb05-132805,MARKET,SELL,0.02749798,GTC,False,False,0.02749798,TAKER,65856.0,0.0,['7.24 USD'],NO_TRIGGER,FILLED,NO_CONTINGENCY,,,,,,,,0441eae3-f058-4ba8-9278-b40c30cc65dc,2024-09-27 17:20:00+00:00,2024-09-27 17:20:00+00:00
O-20240928-015500-BACKTEST-000-417,KRAKEN-BACKTEST,KrakenBTCUSDResearchStrategy-000,BTC/USD.KRAKEN,KRAKEN-1-417,BTC/USD.KRAKEN-KrakenBTCUSDResearchStrategy-000,KRAKEN-001,T-bf16b699d70704a0-133199,MARKET,BUY,0.02740490,GTC,False,False,0.02740490,TAKER,65994.0,0.0,['7.23 USD'],NO_TRIGGER,FILLED,NO_CONTINGENCY,,,,,,,,81fb661e-852d-42e5-9322-3414cdb0ec6c,2024-09-28 01:55:00+00:00,2024-09-28 01:55:00+00:00
O-20240928-052500-BACKTEST-000-418,KRAKEN-BACKTEST,KrakenBTCUSDResearchStrategy-000,BTC/USD.KRAKEN,KRAKEN-1-418,BTC/USD.KRAKEN-KrakenBTCUSDResearchStrategy-000,KRAKEN-001,T-37424d54223c0ce2-133355,MARKET,SELL,0.02740490,GTC,False,False,0.02740490,TAKER,65924.54000000001,0.0,['7.23 USD'],NO_TRIGGER,FILLED,NO_CONTINGENCY,,,,,,,,5f2c8289-9398-45e9-8411-6e5a47a27cff,2024-09-28 05:25:00+00:00,2024-09-28 05:25:00+00:00
O-20240928-235000-BACKTEST-000-419,KRAKEN-BACKTEST,KrakenBTCUSDResearchStrategy-000,BTC/USD.KRAKEN,KRAKEN-1-419,BTC/USD.KRAKEN-KrakenBTCUSDResearchStrategy-000,KRAKEN-001,T-5634fada068f8c4d-134179,MARKET,BUY,0.02735955,GTC,False,False,0.02735955,TAKER,65923.99,0.0,['7.21 USD'],NO_TRIGGER,FILLED,NO_CONTINGENCY,,,,,,,,00471caa-0f3b-4e84-bcd5-1db16e9f2cff,2024-09-28 23:50:00+00:00,2024-09-28 23:50:00+00:00
O-20240929-003000-BACKTEST-000-420,KRAKEN-BACKTEST,KrakenBTCUSDResearchStrategy-000,BTC/USD.KRAKEN,KRAKEN-1-420,BTC/USD.KRAKEN-KrakenBTCUSDResearchStrategy-000,KRAKEN-001,T-da81f22a8b510735-134211,MARKET,SELL,0.02735955,GTC,False,False,0.02735955,TAKER,65788.39,0.0,['7.20 USD'],NO_TRIGGER,FILLED,NO_CONTINGENCY,,,,,,,,4346c39b-5d43-421e-8472-a5521cee7001,2024-09-29 00:30:00+00:00,2024-09-29 00:30:00+00:00
O-20240929-120000-BACKTEST-000-421,KRAKEN-BACKTEST,KrakenBTCUSDResearchStrategy-000,BTC/USD.KRAKEN,KRAKEN-1-421,BTC/USD.KRAKEN-KrakenBTCUSDResearchStrategy-000,KRAKEN-001,T-25a1ee92492a52dd-134723,MARKET,BUY,0.02735260,GTC,False,False,0.02735260,TAKER,65742.0,0.0,['7.19 USD'],NO_TRIGGER,FILLED,NO_CONTINGENCY,,,,,,,,d885b994-5713-4a8f-a6bd-4956ad8df995,2024-09-29 12:00:00+00:00,2024-09-29 12:00:00+00:00
O-20240929-122000-BACKTEST-000-422,KRAKEN-BACKTEST,KrakenBTCUSDResearchStrategy-000,BTC/USD.KRAKEN,KRAKEN-1-422,BTC/USD.KRAKEN-KrakenBTCUSDResearchStrategy-000,KRAKEN-001,T-320288fcc93a30e1-134738,MARKET,SELL,0.02735260,GTC,False,False,0.02735260,TAKER,65674.76,0.0,['7.19 USD'],NO_TRIGGER,FILLED,NO_CONTINGENCY,,,,,,,,c247e51f-20ad-4c81-a8ec-e049d24b160e,2024-09-29 12:20:00+00:00,2024-09-29 12:20:00+00:00
O-20240929-131000-BACKTEST-000-423,KRAKEN-BACKTEST,KrakenBTCUSDResearchStrategy-000,BTC/USD.KRAKEN,KRAKEN-1-423,BTC/USD.KRAKEN-KrakenBTCUSDResearchStrategy-000,KRAKEN-001,T-210c898448e31595-134779,MARKET,BUY,0.02727130,GTC,False,False,0.02727130,TAKER,65759.68,0.0,['7.17 USD'],NO_TRIGGER,FILLED,NO_CONTINGENCY,,,,,,,,649150ff-312d-4178-8cb9-41215640cc0c,2024-09-29 13:10:00+00:00,2024-09-29 13:10:00+00:00
O-20240929-145000-BACKTEST-000-424,KRAKEN-BACKTEST,KrakenBTCUSDResearchStrategy-000,BTC/USD.KRAKEN,KRAKEN-1-424,BTC/USD.KRAKEN-KrakenBTCUSDResearchStrategy-000,KRAKEN-001,T-7fa28f144fb4c539-134856,MARKET,SELL,0.02727130,GTC,False,False,0.02727130,TAKER,65666.86,0.0,['7.16 USD'],NO_TRIGGER,FILLED,NO_CONTINGENCY,,,,,,,,ac52f86f-88db-4675-92ec-ce0b656a9648,2024-09-29 14:50:00+00:00,2024-09-29 14:50:00+00:00
O-20240929-170000-BACKTEST-000-425,KRAKEN-BACKTEST,KrakenBTCUSDResearchStrategy-000,BTC/USD.KRAKEN,KRAKEN-1-425,BTC/USD.KRAKEN-KrakenBTCUSDResearchStrategy-000,KRAKEN-001,T-9c0d708b83a07433-134959,MARKET,BUY,0.02715376,GTC,False,False,0.02715376,TAKER,65858.04000000001,0.0,['7.15 USD'],NO_TRIGGER,FILLED,NO_CONTINGENCY,,,,,,,,a5928483-aa35-41ea-ad72-8f8556888acc,2024-09-29 17:00:00+00:00,2024-09-29 17:00:00+00:00
O-20240929-181500-BACKTEST-000-426,KRAKEN-BACKTEST,KrakenBTCUSDResearchStrategy-000,BTC/USD.KRAKEN,KRAKEN-1-426,BTC/USD.KRAKEN-KrakenBTCUSDResearchStrategy-000,KRAKEN-001,T-43f17b3b739b83e3-135015,MARKET,SELL,0.02715376,GTC,False,False,0.02715376,TAKER,65766.0,0.0,['7.14 USD'],NO_TRIGGER,FILLED,NO_CONTINGENCY,,,,,,,,3bc41307-dff2-4e46-9292-13be5b739c63,2024-09-29 18:15:00+00:00,2024-09-29 18:15:00+00:00
O-20240929-200000-BACKTEST-000-427,KRAKEN-BACKTEST,KrakenBTCUSDResearchStrategy-000,BTC/USD.KRAKEN,KRAKEN-1-427,BTC/USD.KRAKEN-KrakenBTCUSDResearchStrategy-000,KRAKEN-001,T-629d6892e9a928e6-135097,MARKET,BUY,0.02699526,GTC,False,False,0.02699526,TAKER,66058.13,0.0,['7.13 USD'],NO_TRIGGER,FILLED,NO_CONTINGENCY,,,,,,,,807d0ed3-bca4-4c47-b002-baf1b4d25cb0,2024-09-29 20:00:00+00:00,2024-09-29 20:00:00+00:00
O-20240929-200500-BACKTEST-000-428,KRAKEN-BACKTEST,KrakenBTCUSDResearchStrategy-000,BTC/USD.KRAKEN,KRAKEN-1-428,BTC/USD.KRAKEN-KrakenBTCUSDResearchStrategy-000,KRAKEN-001,T-725ca31a29130b25-135102,MARKET,SELL,0.02699526,GTC,False,False,0.02699526,TAKER,65947.99,0.0,['7.12 USD'],NO_TRIGGER,FILLED,NO_CONTINGENCY,,,,,,,,957a4e8d-0611-46cd-b518-16ce98919882,2024-09-29 20:05:00+00:00,2024-09-29 20:05:00+00:00
O-20241001-040000-BACKTEST-000-429,KRAKEN-BACKTEST,KrakenBTCUSDResearchStrategy-000,BTC/USD.KRAKEN,KRAKEN-1-429,BTC/USD.KRAKEN-KrakenBTCUSDResearchStrategy-000,KRAKEN-001,T-06cb7c2b2eea85a5-136578,MARKET,BUY,0.02788824,GTC,False,False,0.02788824,TAKER,63757.61,0.0,['7.11 USD'],NO_TRIGGER,FILLED,NO_CONTINGENCY,,,,,,,,83584ebf-159a-46a5-b892-c676fac61d8a,2024-10-01 04:00:00+00:00,2024-10-01 04:00:00+00:00
O-20241001-100500-BACKTEST-000-430,KRAKEN-BACKTEST,KrakenBTCUSDResearchStrategy-000,BTC/USD.KRAKEN,KRAKEN-1-430,BTC/USD.KRAKEN-KrakenBTCUSDResearchStrategy-000,KRAKEN-001,T-0204c9aef84389aa-136863,MARKET,SELL,0.02788824,GTC,False,False,0.02788824,TAKER,63795.990000000005,0.0,['7.12 USD'],NO_TRIGGER,FILLED,NO_CONTINGENCY,,,,,,,,613958b8-cac6-49d6-acba-8d3343c3baec,2024-10-01 10:05:00+00:00,2024-10-01 10:05:00+00:00
O-20241002-023500-BACKTEST-000-431,KRAKEN-BACKTEST,KrakenBTCUSDResearchStrategy-000,BTC/USD.KRAKEN,KRAKEN-1-431,BTC/USD.KRAKEN-KrakenBTCUSDResearchStrategy-000,KRAKEN-001,T-056557aaa1014907-137635,MARKET,BUY,0.02877635,GTC,False,False,0.02877635,TAKER,61652.700000000004,0.0,['7.10 USD'],NO_TRIGGER,FILLED,NO_CONTINGENCY,,,,,,,,9252c60d-ff79-417c-b36e-16daf6937866,2024-10-02 02:35:00+00:00,2024-10-02 02:35:00+00:00
O-20241002-043500-BACKTEST-000-432,KRAKEN-BACKTEST,KrakenBTCUSDResearchStrategy-000,BTC/USD.KRAKEN,KRAKEN-1-432,BTC/USD.KRAKEN-KrakenBTCUSDResearchStrategy-000,KRAKEN-001,T-b1edfd73e3d51cb7-137728,MARKET,SELL,0.02877635,GTC,False,False,0.02877635,TAKER,61496.0,0.0,['7.08 USD'],NO_TRIGGER,FILLED,NO_CONTINGENCY,,,,,,,,f487e5dd-d713-4fe7-a2e2-27e648c675ae,2024-10-02 04:35:00+00:00,2024-10-02 04:35:00+00:00
O-20241002-073500-BACKTEST-000-433,KRAKEN-BACKTEST,KrakenBTCUSDResearchStrategy-000,BTC/USD.KRAKEN,KRAKEN-1-433,BTC/USD.KRAKEN-KrakenBTCUSDResearchStrategy-000,KRAKEN-001,T-9e66c9d6ff26208f-137869,MARKET,BUY,0.02857358,GTC,False,False,0.02857358,TAKER,61893.990000000005,0.0,['7.07 USD'],NO_TRIGGER,FILLED,NO_CONTINGENCY,,,,,,,,5c123f1c-22cf-4df4-a556-d4c856ed67bc,2024-10-02 07:35:00+00:00,2024-10-02 07:35:00+00:00
O-20241002-080500-BACKTEST-000-434,KRAKEN-BACKTEST,KrakenBTCUSDResearchStrategy-000,BTC/USD.KRAKEN,KRAKEN-1-434,BTC/USD.KRAKEN-KrakenBTCUSDResearchStrategy-000,KRAKEN-001,T-46109ebef1595b58-137892,MARKET,SELL,0.02857358,GTC,False,False,0.02857358,TAKER,61613.61,0.0,['7.04 USD'],NO_TRIGGER,FILLED,NO_CONTINGENCY,,,,,,,,11754de1-6e83-4ce3-bd05-a909f7086ab4,2024-10-02 08:05:00+00:00,2024-10-02 08:05:00+00:00
O-20241002-152000-BACKTEST-000-435,KRAKEN-BACKTEST,KrakenBTCUSDResearchStrategy-000,BTC/USD.KRAKEN,KRAKEN-1-435,BTC/USD.KRAKEN-KrakenBTCUSDResearchStrategy-000,KRAKEN-001,T-a55f775007fb15d2-138234,MARKET,BUY,0.02676865,GTC,False,False,0.02676865,TAKER,61720.48,0.0,['6.61 USD'],NO_TRIGGER,FILLED,NO_CONTINGENCY,,,,,,,,e8659eb7-a77f-4c93-ad1e-41a772a8ae99,2024-10-02 15:20:00+00:00,2024-10-02 15:20:00+00:00
O-20241002-173000-BACKTEST-000-436,KRAKEN-BACKTEST,KrakenBTCUSDResearchStrategy-000,BTC/USD.KRAKEN,KRAKEN-1-436,BTC/USD.KRAKEN-KrakenBTCUSDResearchStrategy-000,KRAKEN-001,T-7ed749b1db54d543-138336,MARKET,SELL,0.02676865,GTC,False,False,0.02676865,TAKER,61286.009999999995,0.0,['6.56 USD'],NO_TRIGGER,FILLED,NO_CONTINGENCY,,,,,,,,adec2301-9d4a-4ecc-929a-d61146de0b89,2024-10-02 17:30:00+00:00,2024-10-02 17:30:00+00:00
O-20241003-012500-BACKTEST-000-437,KRAKEN-BACKTEST,KrakenBTCUSDResearchStrategy-000,BTC/USD.KRAKEN,KRAKEN-1-437,BTC/USD.KRAKEN-KrakenBTCUSDResearchStrategy-000,KRAKEN-001,T-55e14b321ca89639-138703,MARKET,BUY,0.02868288,GTC,False,False,0.02868288,TAKER,61167.38,0.0,['7.02 USD'],NO_TRIGGER,FILLED,NO_CONTINGENCY,,,,,,,,2e9423ae-1887-438c-a32b-2c711a05b0a5,2024-10-03 01:25:00+00:00,2024-10-03 01:25:00+00:00
O-20241003-053500-BACKTEST-000-438,KRAKEN-BACKTEST,KrakenBTCUSDResearchStrategy-000,BTC/USD.KRAKEN,KRAKEN-1-438,BTC/USD.KRAKEN-KrakenBTCUSDResearchStrategy-000,KRAKEN-001,T-3e4034cc1cb1970c-138898,MARKET,SELL,0.02868288,GTC,False,False,0.02868288,TAKER,61109.9,0.0,['7.01 USD'],NO_TRIGGER,FILLED,NO_CONTINGENCY,,,,,,,,b9b0ed41-fce5-4ad7-8d90-5f67115353a0,2024-10-03 05:35:00+00:00,2024-10-03 05:35:00+00:00
O-20241003-193000-BACKTEST-000-439,KRAKEN-BACKTEST,KrakenBTCUSDResearchStrategy-000,BTC/USD.KRAKEN,KRAKEN-1-439,BTC/USD.KRAKEN-KrakenBTCUSDResearchStrategy-000,KRAKEN-001,T-80b85e7b5e977785-139558,MARKET,BUY,0.02872931,GTC,False,False,0.02872931,TAKER,60904.79,0.0,['7.00 USD'],NO_TRIGGER,FILLED,NO_CONTINGENCY,,,,,,,,b7ba8885-27da-468b-a6e7-b62353fca7df,2024-10-03 19:30:00+00:00,2024-10-03 19:30:00+00:00
O-20241003-210000-BACKTEST-000-440,KRAKEN-BACKTEST,KrakenBTCUSDResearchStrategy-000,BTC/USD.KRAKEN,KRAKEN-1-440,BTC/USD.KRAKEN-KrakenBTCUSDResearchStrategy-000,KRAKEN-001,T-a655951b30d4b62f-139629,MARKET,SELL,0.02872931,GTC,False,False,0.02872931,TAKER,60638.380000000005,0.0,['6.97 USD'],NO_TRIGGER,FILLED,NO_CONTINGENCY,,,,,,,,bc0b2493-0276-4c92-b2f1-873ab628f6f7,2024-10-03 21:00:00+00:00,2024-10-03 21:00:00+00:00
O-20241004-062000-BACKTEST-000-441,KRAKEN-BACKTEST,KrakenBTCUSDResearchStrategy-000,BTC/USD.KRAKEN,KRAKEN-1-441,BTC/USD.KRAKEN-KrakenBTCUSDResearchStrategy-000,KRAKEN-001,T-7530683dc2e8a720-140067,MARKET,BUY,0.02843550,GTC,False,False,0.02843550,TAKER,61306.0,0.0,['6.97 USD'],NO_TRIGGER,FILLED,NO_CONTINGENCY,,,,,,,,b9a8bf8c-30ce-45f5-8eaf-3ff15a29020a,2024-10-04 06:20:00+00:00,2024-10-04 06:20:00+00:00
O-20241004-064000-BACKTEST-000-442,KRAKEN-BACKTEST,KrakenBTCUSDResearchStrategy-000,BTC/USD.KRAKEN,KRAKEN-1-442,BTC/USD.KRAKEN-KrakenBTCUSDResearchStrategy-000,KRAKEN-001,T-c9f9cce461fce8cc-140084,MARKET,SELL,0.02843550,GTC,False,False,0.02843550,TAKER,61157.990000000005,0.0,['6.96 USD'],NO_TRIGGER,FILLED,NO_CONTINGENCY,,,,,,,,9036ef32-2020-4869-b356-2e778eb81193,2024-10-04 06:40:00+00:00,2024-10-04 06:40:00+00:00
O-20241004-074000-BACKTEST-000-443,KRAKEN-BACKTEST,KrakenBTCUSDResearchStrategy-000,BTC/USD.KRAKEN,KRAKEN-1-443,BTC/USD.KRAKEN-KrakenBTCUSDResearchStrategy-000,KRAKEN-001,T-1de6ecba3b82f51d-140133,MARKET,BUY,0.02829913,GTC,False,False,0.02829913,TAKER,61409.11,0.0,['6.95 USD'],NO_TRIGGER,FILLED,NO_CONTINGENCY,,,,,,,,3f874bc8-20ba-4e18-a76e-817447dd2614,2024-10-04 07:40:00+00:00,2024-10-04 07:40:00+00:00
O-20241004-140000-BACKTEST-000-444,KRAKEN-BACKTEST,KrakenBTCUSDResearchStrategy-000,BTC/USD.KRAKEN,KRAKEN-1-444,BTC/USD.KRAKEN-KrakenBTCUSDResearchStrategy-000,KRAKEN-001,T-0f9a6a76a4696c01-140428,MARKET,SELL,0.02829913,GTC,False,False,0.02829913,TAKER,61387.990000000005,0.0,['6.95 USD'],NO_TRIGGER,FILLED,NO_CONTINGENCY,,,,,,,,dfaf50b0-cfc7-4dfd-94a8-8c69d708bd54,2024-10-04 14:00:00+00:00,2024-10-04 14:00:00+00:00
O-20241004-163000-BACKTEST-000-445,KRAKEN-BACKTEST,KrakenBTCUSDResearchStrategy-000,BTC/USD.KRAKEN,KRAKEN-1-445,BTC/USD.KRAKEN-KrakenBTCUSDResearchStrategy-000,KRAKEN-001,T-87ad8d503942ea89-140548,MARKET,BUY,0.02785599,GTC,False,False,0.02785599,TAKER,62229.990000000005,0.0,['6.93 USD'],NO_TRIGGER,FILLED,NO_CONTINGENCY,,,,,,,,eefaf1bb-3e9e-4dd6-b738-159b9c37be52,2024-10-04 16:30:00+00:00,2024-10-04 16:30:00+00:00
O-20241004-180000-BACKTEST-000-446,KRAKEN-BACKTEST,KrakenBTCUSDResearchStrategy-000,BTC/USD.KRAKEN,KRAKEN-1-446,BTC/USD.KRAKEN-KrakenBTCUSDResearchStrategy-000,KRAKEN-001,T-9748342e02dce037-140621,MARKET,SELL,0.02785599,GTC,False,False,0.02785599,TAKER,61934.68000000001,0.0,['6.90 USD'],NO_TRIGGER,FILLED,NO_CONTINGENCY,,,,,,,,accec496-c2f1-4be0-8ae9-d7d2bd832ee7,2024-10-04 18:00:00+00:00,2024-10-04 18:00:00+00:00
O-20241005-063500-BACKTEST-000-447,KRAKEN-BACKTEST,KrakenBTCUSDResearchStrategy-000,BTC/USD.KRAKEN,KRAKEN-1-447,BTC/USD.KRAKEN-KrakenBTCUSDResearchStrategy-000,KRAKEN-001,T-abec82b7780a6212-141196,MARKET,BUY,0.02775686,GTC,False,False,0.02775686,TAKER,62213.78999999999,0.0,['6.91 USD'],NO_TRIGGER,FILLED,NO_CONTINGENCY,,,,,,,,53234825-d93f-4186-abbb-5de0691ac243,2024-10-05 06:35:00+00:00,2024-10-05 06:35:00+00:00
O-20241005-074000-BACKTEST-000-448,KRAKEN-BACKTEST,KrakenBTCUSDResearchStrategy-000,BTC/USD.KRAKEN,KRAKEN-1-448,BTC/USD.KRAKEN-KrakenBTCUSDResearchStrategy-000,KRAKEN-001,T-4b92bcad0857658e-141243,MARKET,SELL,0.02775686,GTC,False,False,0.02775686,TAKER,62121.98,0.0,['6.90 USD'],NO_TRIGGER,FILLED,NO_CONTINGENCY,,,,,,,,b6d98cba-f69f-49be-82bb-4ce779163270,2024-10-05 07:40:00+00:00,2024-10-05 07:40:00+00:00
O-20241005-093500-BACKTEST-000-449,KRAKEN-BACKTEST,KrakenBTCUSDResearchStrategy-000,BTC/USD.KRAKEN,KRAKEN-1-449,BTC/USD.KRAKEN-KrakenBTCUSDResearchStrategy-000,KRAKEN-001,T-324216468c1043c7-141330,MARKET,BUY,0.02764855,GTC,False,False,0.02764855,TAKER,62280.009999999995,0.0,['6.89 USD'],NO_TRIGGER,FILLED,NO_CONTINGENCY,,,,,,,,4f4db8ca-ae47-4a48-96b1-08771952170a,2024-10-05 09:35:00+00:00,2024-10-05 09:35:00+00:00
O-20241005-110000-BACKTEST-000-450,KRAKEN-BACKTEST,KrakenBTCUSDResearchStrategy-000,BTC/USD.KRAKEN,KRAKEN-1-450,BTC/USD.KRAKEN-KrakenBTCUSDResearchStrategy-000,KRAKEN-001,T-76947897f61d5981-141388,MARKET,SELL,0.02764855,GTC,False,False,0.02764855,TAKER,62205.990000000005,0.0,['6.88 USD'],NO_TRIGGER,FILLED,NO_CONTINGENCY,,,,,,,,1e452911-a46d-4f84-bbff-1691c52369dc,2024-10-05 11:00:00+00:00,2024-10-05 11:00:00+00:00
O-20241005-131000-BACKTEST-000-451,KRAKEN-BACKTEST,KrakenBTCUSDResearchStrategy-000,BTC/USD.KRAKEN,KRAKEN-1-451,BTC/USD.KRAKEN-KrakenBTCUSDResearchStrategy-000,KRAKEN-001,T-4c96fd627da47efb-141485,MARKET,BUY,0.02754585,GTC,False,False,0.02754585,TAKER,62340.009999999995,0.0,['6.87 USD'],NO_TRIGGER,FILLED,NO_CONTINGENCY,,,,,,,,c7057557-821d-4c35-8e3d-b2c45be14b0a,2024-10-05 13:10:00+00:00,2024-10-05 13:10:00+00:00
O-20241005-132000-BACKTEST-000-452,KRAKEN-BACKTEST,KrakenBTCUSDResearchStrategy-000,BTC/USD.KRAKEN,KRAKEN-1-452,BTC/USD.KRAKEN-KrakenBTCUSDResearchStrategy-000,KRAKEN-001,T-08886ad3f4a08ae1-141493,MARKET,SELL,0.02754585,GTC,False,False,0.02754585,TAKER,62281.990000000005,0.0,['6.86 USD'],NO_TRIGGER,FILLED,NO_CONTINGENCY,,,,,,,,38dc16a6-efd3-410a-a841-da871783cf75,2024-10-05 13:20:00+00:00,2024-10-05 13:20:00+00:00
O-20241006-012500-BACKTEST-000-453,KRAKEN-BACKTEST,KrakenBTCUSDResearchStrategy-000,BTC/USD.KRAKEN,KRAKEN-1-453,BTC/USD.KRAKEN-KrakenBTCUSDResearchStrategy-000,KRAKEN-001,T-7f6c2b4ed2228f88-142039,MARKET,BUY,0.02757115,GTC,False,False,0.02757115,TAKER,62116.009999999995,0.0,['6.85 USD'],NO_TRIGGER,FILLED,NO_CONTINGENCY,,,,,,,,e225bc67-60d8-47c5-8083-9cafd43ed793,2024-10-06 01:25:00+00:00,2024-10-06 01:25:00+00:00
O-20241006-014500-BACKTEST-000-454,KRAKEN-BACKTEST,KrakenBTCUSDResearchStrategy-000,BTC/USD.KRAKEN,KRAKEN-1-454,BTC/USD.KRAKEN-KrakenBTCUSDResearchStrategy-000,KRAKEN-001,T-11b9f6498dfc0773-142053,MARKET,SELL,0.02757115,GTC,False,False,0.02757115,TAKER,62028.5,0.0,['6.84 USD'],NO_TRIGGER,FILLED,NO_CONTINGENCY,,,,,,,,29b68adb-f9f6-4c68-a2d1-591bc7378ef8,2024-10-06 01:45:00+00:00,2024-10-06 01:45:00+00:00
O-20241006-082000-BACKTEST-000-455,KRAKEN-BACKTEST,KrakenBTCUSDResearchStrategy-000,BTC/USD.KRAKEN,KRAKEN-1-455,BTC/USD.KRAKEN-KrakenBTCUSDResearchStrategy-000,KRAKEN-001,T-ac2b863945ad3785-142347,MARKET,BUY,0.02753418,GTC,False,False,0.02753418,TAKER,62023.990000000005,0.0,['6.83 USD'],NO_TRIGGER,FILLED,NO_CONTINGENCY,,,,,,,,0e3550ac-1716-413a-ac77-5540789279cb,2024-10-06 08:20:00+00:00,2024-10-06 08:20:00+00:00
O-20241006-211000-BACKTEST-000-456,KRAKEN-BACKTEST,KrakenBTCUSDResearchStrategy-000,BTC/USD.KRAKEN,KRAKEN-1-456,BTC/USD.KRAKEN-KrakenBTCUSDResearchStrategy-000,KRAKEN-001,T-664b6d8a0c065ebc-142931,MARKET,SELL,0.02753418,GTC,False,False,0.02753418,TAKER,62565.21,0.0,['6.89 USD'],NO_TRIGGER,FILLED,NO_CONTINGENCY,,,,,,,,f96c9b2a-df55-44dd-a2f3-dbde5c1eef39,2024-10-06 21:10:00+00:00,2024-10-06 21:10:00+00:00
O-20241007-003500-BACKTEST-000-457,KRAKEN-BACKTEST,KrakenBTCUSDResearchStrategy-000,BTC/USD.KRAKEN,KRAKEN-1-457,BTC/USD.KRAKEN-KrakenBTCUSDResearchStrategy-000,KRAKEN-001,T-7170f30ffd36d5b0-143091,MARKET,BUY,0.02702149,GTC,False,False,0.02702149,TAKER,63213.89000000001,0.0,['6.83 USD'],NO_TRIGGER,FILLED,NO_CONTINGENCY,,,,,,,,5ed26ba2-a9c0-4c3b-8d8b-d52ce9b823ea,2024-10-07 00:35:00+00:00,2024-10-07 00:35:00+00:00
O-20241007-090000-BACKTEST-000-458,KRAKEN-BACKTEST,KrakenBTCUSDResearchStrategy-000,BTC/USD.KRAKEN,KRAKEN-1-458,BTC/USD.KRAKEN-KrakenBTCUSDResearchStrategy-000,KRAKEN-001,T-82ec3420953ea896-143480,MARKET,SELL,0.02702149,GTC,False,False,0.02702149,TAKER,63458.009999999995,0.0,['6.86 USD'],NO_TRIGGER,FILLED,NO_CONTINGENCY,,,,,,,,b1fc3cf2-68f3-4517-abc5-5b348e296046,2024-10-07 09:00:00+00:00,2024-10-07 09:00:00+00:00
O-20241007-141000-BACKTEST-000-459,KRAKEN-BACKTEST,KrakenBTCUSDResearchStrategy-000,BTC/USD.KRAKEN,KRAKEN-1-459,BTC/USD.KRAKEN-KrakenBTCUSDResearchStrategy-000,KRAKEN-001,T-d84b5aa56878707c-143723,MARKET,BUY,0.02669397,GTC,False,False,0.02669397,TAKER,63909.810000000005,0.0,['6.82 USD'],NO_TRIGGER,FILLED,NO_CONTINGENCY,,,,,,,,9ce54834-0a1c-4aa8-acbb-d88eaf9febd7,2024-10-07 14:10:00+00:00,2024-10-07 14:10:00+00:00
O-20241007-161000-BACKTEST-000-460,KRAKEN-BACKTEST,KrakenBTCUSDResearchStrategy-000,BTC/USD.KRAKEN,KRAKEN-1-460,BTC/USD.KRAKEN-KrakenBTCUSDResearchStrategy-000,KRAKEN-001,T-6aa1bef02b9628ec-143819,MARKET,SELL,0.02669397,GTC,False,False,0.02669397,TAKER,63552.0,0.0,['6.79 USD'],NO_TRIGGER,FILLED,NO_CONTINGENCY,,,,,,,,7af371e9-afce-4fad-b8d2-7d0b54abeabc,2024-10-07 16:10:00+00:00,2024-10-07 16:10:00+00:00
O-20241008-114000-BACKTEST-000-461,KRAKEN-BACKTEST,KrakenBTCUSDResearchStrategy-000,BTC/USD.KRAKEN,KRAKEN-1-461,BTC/USD.KRAKEN-KrakenBTCUSDResearchStrategy-000,KRAKEN-001,T-1377d55c135e425b-144719,MARKET,BUY,0.02714151,GTC,False,False,0.02714151,TAKER,62600.0,0.0,['6.80 USD'],NO_TRIGGER,FILLED,NO_CONTINGENCY,,,,,,,,b18516b0-4ca3-4d5a-a00c-a6aa09a25e74,2024-10-08 11:40:00+00:00,2024-10-08 11:40:00+00:00
O-20241008-124000-BACKTEST-000-462,KRAKEN-BACKTEST,KrakenBTCUSDResearchStrategy-000,BTC/USD.KRAKEN,KRAKEN-1-462,BTC/USD.KRAKEN-KrakenBTCUSDResearchStrategy-000,KRAKEN-001,T-64b6b16abe4af3e3-144767,MARKET,SELL,0.02714151,GTC,False,False,0.02714151,TAKER,62460.0,0.0,['6.78 USD'],NO_TRIGGER,FILLED,NO_CONTINGENCY,,,,,,,,1d3395a6-eed3-41fb-a850-3c771795d96c,2024-10-08 12:40:00+00:00,2024-10-08 12:40:00+00:00
O-20241008-133000-BACKTEST-000-463,KRAKEN-BACKTEST,KrakenBTCUSDResearchStrategy-000,BTC/USD.KRAKEN,KRAKEN-1-463,BTC/USD.KRAKEN-KrakenBTCUSDResearchStrategy-000,KRAKEN-001,T-a89eb19e3bda1274-144805,MARKET,BUY,0.02699006,GTC,False,False,0.02699006,TAKER,62758.09,0.0,['6.78 USD'],NO_TRIGGER,FILLED,NO_CONTINGENCY,,,,,,,,6d9e9a6a-2115-4219-9cca-a8f502c3f9bf,2024-10-08 13:30:00+00:00,2024-10-08 13:30:00+00:00
O-20241008-141500-BACKTEST-000-464,KRAKEN-BACKTEST,KrakenBTCUSDResearchStrategy-000,BTC/USD.KRAKEN,KRAKEN-1-464,BTC/USD.KRAKEN-KrakenBTCUSDResearchStrategy-000,KRAKEN-001,T-8a3e009598bd6ad7-144842,MARKET,SELL,0.02699006,GTC,False,False,0.02699006,TAKER,62571.9,0.0,['6.76 USD'],NO_TRIGGER,FILLED,NO_CONTINGENCY,,,,,,,,c5c74811-aa75-46fe-8d72-2a3c7b7b95eb,2024-10-08 14:15:00+00:00,2024-10-08 14:15:00+00:00
O-20241009-054000-BACKTEST-000-465,KRAKEN-BACKTEST,KrakenBTCUSDResearchStrategy-000,BTC/USD.KRAKEN,KRAKEN-1-465,BTC/USD.KRAKEN-KrakenBTCUSDResearchStrategy-000,KRAKEN-001,T-070a643bca3336a9-145558,MARKET,BUY,0.02701048,GTC,False,False,0.02701048,TAKER,62504.5,0.0,['6.75 USD'],NO_TRIGGER,FILLED,NO_CONTINGENCY,,,,,,,,e811a9de-97af-44e9-b4c8-47e3fb38bedc,2024-10-09 05:40:00+00:00,2024-10-09 05:40:00+00:00
O-20241009-070000-BACKTEST-000-466,KRAKEN-BACKTEST,KrakenBTCUSDResearchStrategy-000,BTC/USD.KRAKEN,KRAKEN-1-466,BTC/USD.KRAKEN-KrakenBTCUSDResearchStrategy-000,KRAKEN-001,T-9fb59736e40a975d-145619,MARKET,SELL,0.02701048,GTC,False,False,0.02701048,TAKER,62336.69,0.0,['6.73 USD'],NO_TRIGGER,FILLED,NO_CONTINGENCY,,,,,,,,7d81a45b-0ebe-4315-9fe5-ddbb86b092f9,2024-10-09 07:00:00+00:00,2024-10-09 07:00:00+00:00
O-20241010-063000-BACKTEST-000-467,KRAKEN-BACKTEST,KrakenBTCUSDResearchStrategy-000,BTC/USD.KRAKEN,KRAKEN-1-467,BTC/USD.KRAKEN-KrakenBTCUSDResearchStrategy-000,KRAKEN-001,T-32400fe329586446-146717,MARKET,BUY,0.02754289,GTC,False,False,0.02754289,TAKER,61100.009999999995,0.0,['6.73 USD'],NO_TRIGGER,FILLED,NO_CONTINGENCY,,,,,,,,2453b0d3-3395-49bb-862a-93870f27fc36,2024-10-10 06:30:00+00:00,2024-10-10 06:30:00+00:00
O-20241010-073500-BACKTEST-000-468,KRAKEN-BACKTEST,KrakenBTCUSDResearchStrategy-000,BTC/USD.KRAKEN,KRAKEN-1-468,BTC/USD.KRAKEN-KrakenBTCUSDResearchStrategy-000,KRAKEN-001,T-0840bc4ecc0b1bd1-146765,MARKET,SELL,0.02754289,GTC,False,False,0.02754289,TAKER,60970.09,0.0,['6.72 USD'],NO_TRIGGER,FILLED,NO_CONTINGENCY,,,,,,,,b9a547bf-2602-41a5-be5c-680530cce650,2024-10-10 07:35:00+00:00,2024-10-10 07:35:00+00:00
O-20241010-103500-BACKTEST-000-469,KRAKEN-BACKTEST,KrakenBTCUSDResearchStrategy-000,BTC/USD.KRAKEN,KRAKEN-1-469,BTC/USD.KRAKEN-KrakenBTCUSDResearchStrategy-000,KRAKEN-001,T-44d8630cb179ecb1-146903,MARKET,BUY,0.02742515,GTC,False,False,0.02742515,TAKER,61176.02,0.0,['6.71 USD'],NO_TRIGGER,FILLED,NO_CONTINGENCY,,,,,,,,1deb012a-b42b-45fd-bbc4-e115edbe0f27,2024-10-10 10:35:00+00:00,2024-10-10 10:35:00+00:00
O-20241010-123000-BACKTEST-000-470,KRAKEN-BACKTEST,KrakenBTCUSDResearchStrategy-000,BTC/USD.KRAKEN,KRAKEN-1-470,BTC/USD.KRAKEN-KrakenBTCUSDResearchStrategy-000,KRAKEN-001,T-6085f51be143dff3-146994,MARKET,SELL,0.02742515,GTC,False,False,0.02742515,TAKER,60982.0,0.0,['6.69 USD'],NO_TRIGGER,FILLED,NO_CONTINGENCY,,,,,,,,89b8dd74-c91c-4f78-b338-5f61121507bc,2024-10-10 12:30:00+00:00,2024-10-10 12:30:00+00:00
O-20241010-231000-BACKTEST-000-471,KRAKEN-BACKTEST,KrakenBTCUSDResearchStrategy-000,BTC/USD.KRAKEN,KRAKEN-1-471,BTC/USD.KRAKEN-KrakenBTCUSDResearchStrategy-000,KRAKEN-001,T-52c802e544b9fb49-147495,MARKET,BUY,0.02774609,GTC,False,False,0.02774609,TAKER,60266.0,0.0,['6.69 USD'],NO_TRIGGER,FILLED,NO_CONTINGENCY,,,,,,,,6f918580-0623-40c3-bc88-f38674a40fe2,2024-10-10 23:10:00+00:00,2024-10-10 23:10:00+00:00
O-20241011-010500-BACKTEST-000-472,KRAKEN-BACKTEST,KrakenBTCUSDResearchStrategy-000,BTC/USD.KRAKEN,KRAKEN-1-472,BTC/USD.KRAKEN-KrakenBTCUSDResearchStrategy-000,KRAKEN-001,T-b73c0631b06e3e29-147585,MARKET,SELL,0.02774609,GTC,False,False,0.02774609,TAKER,60131.45,0.0,['6.67 USD'],NO_TRIGGER,FILLED,NO_CONTINGENCY,,,,,,,,aafe85cf-2fdb-4136-b279-cfd0be4e41e8,2024-10-11 01:05:00+00:00,2024-10-11 01:05:00+00:00
O-20241011-063000-BACKTEST-000-473,KRAKEN-BACKTEST,KrakenBTCUSDResearchStrategy-000,BTC/USD.KRAKEN,KRAKEN-1-473,BTC/USD.KRAKEN-KrakenBTCUSDResearchStrategy-000,KRAKEN-001,T-b4fcfa427f08e5be-147836,MARKET,BUY,0.02742433,GTC,False,False,0.02742433,TAKER,60786.02,0.0,['6.67 USD'],NO_TRIGGER,FILLED,NO_CONTINGENCY,,,,,,,,62c624a8-1062-41af-bc1d-33f725357ecc,2024-10-11 06:30:00+00:00,2024-10-11 06:30:00+00:00
O-20241011-075000-BACKTEST-000-474,KRAKEN-BACKTEST,KrakenBTCUSDResearchStrategy-000,BTC/USD.KRAKEN,KRAKEN-1-474,BTC/USD.KRAKEN-KrakenBTCUSDResearchStrategy-000,KRAKEN-001,T-f1b02f48575d3492-147898,MARKET,SELL,0.02742433,GTC,False,False,0.02742433,TAKER,60666.0,0.0,['6.65 USD'],NO_TRIGGER,FILLED,NO_CONTINGENCY,,,,,,,,f1c9d245-e3f3-41a5-902f-549e6c2d6efd,2024-10-11 07:50:00+00:00,2024-10-11 07:50:00+00:00
O-20241011-095000-BACKTEST-000-475,KRAKEN-BACKTEST,KrakenBTCUSDResearchStrategy-000,BTC/USD.KRAKEN,KRAKEN-1-475,BTC/USD.KRAKEN-KrakenBTCUSDResearchStrategy-000,KRAKEN-001,T-18ca92db3f81f159-147987,MARKET,BUY,0.02721248,GTC,False,False,0.02721248,TAKER,61076.0,0.0,['6.65 USD'],NO_TRIGGER,FILLED,NO_CONTINGENCY,,,,,,,,6b1d0412-2856-45bc-8898-b7db41ba98dd,2024-10-11 09:50:00+00:00,2024-10-11 09:50:00+00:00
O-20241011-222000-BACKTEST-000-476,KRAKEN-BACKTEST,KrakenBTCUSDResearchStrategy-000,BTC/USD.KRAKEN,KRAKEN-1-476,BTC/USD.KRAKEN-KrakenBTCUSDResearchStrategy-000,KRAKEN-001,T-f2314302c1aff678-148572,MARKET,SELL,0.02721248,GTC,False,False,0.02721248,TAKER,62529.98,0.0,['6.81 USD'],NO_TRIGGER,FILLED,NO_CONTINGENCY,,,,,,,,570e7245-4cba-4db1-b1b2-91a3426e5eb9,2024-10-11 22:20:00+00:00,2024-10-11 22:20:00+00:00
O-20241012-095500-BACKTEST-000-477,KRAKEN-BACKTEST,KrakenBTCUSDResearchStrategy-000,BTC/USD.KRAKEN,KRAKEN-1-477,BTC/USD.KRAKEN-KrakenBTCUSDResearchStrategy-000,KRAKEN-001,T-8e37331edf91653e-149100,MARKET,BUY,0.02657184,GTC,False,False,0.02657184,TAKER,62843.32000000001,0.0,['6.68 USD'],NO_TRIGGER,FILLED,NO_CONTINGENCY,,,,,,,,7719ba89-d7cd-40fc-a5ed-72c85144ac9b,2024-10-12 09:55:00+00:00,2024-10-12 09:55:00+00:00
O-20241012-182000-BACKTEST-000-478,KRAKEN-BACKTEST,KrakenBTCUSDResearchStrategy-000,BTC/USD.KRAKEN,KRAKEN-1-478,BTC/USD.KRAKEN-KrakenBTCUSDResearchStrategy-000,KRAKEN-001,T-aa936114e90306a6-149486,MARKET,SELL,0.02657184,GTC,False,False,0.02657184,TAKER,63007.32000000001,0.0,['6.70 USD'],NO_TRIGGER,FILLED,NO_CONTINGENCY,,,,,,,,2535ab9a-5c5c-4220-902d-6bb3360ac8ab,2024-10-12 18:20:00+00:00,2024-10-12 18:20:00+00:00
O-20241012-225000-BACKTEST-000-479,KRAKEN-BACKTEST,KrakenBTCUSDResearchStrategy-000,BTC/USD.KRAKEN,KRAKEN-1-479,BTC/USD.KRAKEN-KrakenBTCUSDResearchStrategy-000,KRAKEN-001,T-b761150b0fc10b63-149696,MARKET,BUY,0.02633612,GTC,False,False,0.02633612,TAKER,63303.04,0.0,['6.67 USD'],NO_TRIGGER,FILLED,NO_CONTINGENCY,,,,,,,,6b917523-db26-4e06-8f59-c1194bcd559b,2024-10-12 22:50:00+00:00,2024-10-12 22:50:00+00:00
O-20241012-233500-BACKTEST-000-480,KRAKEN-BACKTEST,KrakenBTCUSDResearchStrategy-000,BTC/USD.KRAKEN,KRAKEN-1-480,BTC/USD.KRAKEN-KrakenBTCUSDResearchStrategy-000,KRAKEN-001,T-972cde9fab722765-149729,MARKET,SELL,0.02633612,GTC,False,False,0.02633612,TAKER,63191.719999999994,0.0,['6.66 USD'],NO_TRIGGER,FILLED,NO_CONTINGENCY,,,,,,,,c75dcf05-25cd-4bfd-aff8-533daa5ea168,2024-10-12 23:35:00+00:00,2024-10-12 23:35:00+00:00
O-20241013-213000-BACKTEST-000-481,KRAKEN-BACKTEST,KrakenBTCUSDResearchStrategy-000,BTC/USD.KRAKEN,KRAKEN-1-481,BTC/USD.KRAKEN-KrakenBTCUSDResearchStrategy-000,KRAKEN-001,T-e83a9f44332281f6-150728,MARKET,BUY,0.02640880,GTC,False,False,0.02640880,TAKER,62944.0,0.0,['6.65 USD'],NO_TRIGGER,FILLED,NO_CONTINGENCY,,,,,,,,ce33eec6-0447-494b-a02e-4c6114d43ec2,2024-10-13 21:30:00+00:00,2024-10-13 21:30:00+00:00
O-20241013-230500-BACKTEST-000-482,KRAKEN-BACKTEST,KrakenBTCUSDResearchStrategy-000,BTC/USD.KRAKEN,KRAKEN-1-482,BTC/USD.KRAKEN-KrakenBTCUSDResearchStrategy-000,KRAKEN-001,T-9309386f9bdaaf66-150801,MARKET,SELL,0.02640880,GTC,False,False,0.02640880,TAKER,62698.0,0.0,['6.62 USD'],NO_TRIGGER,FILLED,NO_CONTINGENCY,,,,,,,,380c2a3f-f281-4c40-907d-8d6d324c21ec,2024-10-13 23:05:00+00:00,2024-10-13 23:05:00+00:00
O-20241014-032500-BACKTEST-000-483,KRAKEN-BACKTEST,KrakenBTCUSDResearchStrategy-000,BTC/USD.KRAKEN,KRAKEN-1-483,BTC/USD.KRAKEN-KrakenBTCUSDResearchStrategy-000,KRAKEN-001,T-749c3459b1fb0ac8-151004,MARKET,BUY,0.02615419,GTC,False,False,0.02615419,TAKER,63330.0,0.0,['6.63 USD'],NO_TRIGGER,FILLED,NO_CONTINGENCY,,,,,,,,85e94f5c-e1f6-45f6-adc5-e25e2dd467d6,2024-10-14 03:25:00+00:00,2024-10-14 03:25:00+00:00
O-20241015-011500-BACKTEST-000-484,KRAKEN-BACKTEST,KrakenBTCUSDResearchStrategy-000,BTC/USD.KRAKEN,KRAKEN-1-484,BTC/USD.KRAKEN-KrakenBTCUSDResearchStrategy-000,KRAKEN-001,T-27eab3aac16ec614-152027,MARKET,SELL,0.02615419,GTC,False,False,0.02615419,TAKER,65878.37000000001,0.0,['6.89 USD'],NO_TRIGGER,FILLED,NO_CONTINGENCY,,,,,,,,bcdd9df9-b1dd-46f2-840e-fe0985930569,2024-10-15 01:15:00+00:00,2024-10-15 01:15:00+00:00
O-20241015-132000-BACKTEST-000-485,KRAKEN-BACKTEST,KrakenBTCUSDResearchStrategy-000,BTC/USD.KRAKEN,KRAKEN-1-485,BTC/USD.KRAKEN-KrakenBTCUSDResearchStrategy-000,KRAKEN-001,T-5bc07ede8fcddc7e-152594,MARKET,BUY,0.02534689,GTC,False,False,0.02534689,TAKER,65976.0,0.0,['6.69 USD'],NO_TRIGGER,FILLED,NO_CONTINGENCY,,,,,,,,7e197130-c39d-4783-b111-1a4278c9537e,2024-10-15 13:20:00+00:00,2024-10-15 13:20:00+00:00
O-20241015-143500-BACKTEST-000-486,KRAKEN-BACKTEST,KrakenBTCUSDResearchStrategy-000,BTC/USD.KRAKEN,KRAKEN-1-486,BTC/USD.KRAKEN-KrakenBTCUSDResearchStrategy-000,KRAKEN-001,T-049868230b57d289-152654,MARKET,SELL,0.02534689,GTC,False,False,0.02534689,TAKER,65891.07999999999,0.0,['6.68 USD'],NO_TRIGGER,FILLED,NO_CONTINGENCY,,,,,,,,ff4fc7e6-0159-428d-859a-03d6f5f72525,2024-10-15 14:35:00+00:00,2024-10-15 14:35:00+00:00
O-20241015-234000-BACKTEST-000-487,KRAKEN-BACKTEST,KrakenBTCUSDResearchStrategy-000,BTC/USD.KRAKEN,KRAKEN-1-487,BTC/USD.KRAKEN-KrakenBTCUSDResearchStrategy-000,KRAKEN-001,T-063951150c9eb619-153086,MARKET,BUY,0.02488068,GTC,False,False,0.02488068,TAKER,67025.0,0.0,['6.67 USD'],NO_TRIGGER,FILLED,NO_CONTINGENCY,,,,,,,,841d14d2-2e6a-4cf1-9db1-7d265e0f1f1f,2024-10-15 23:40:00+00:00,2024-10-15 23:40:00+00:00
O-20241016-002500-BACKTEST-000-488,KRAKEN-BACKTEST,KrakenBTCUSDResearchStrategy-000,BTC/USD.KRAKEN,KRAKEN-1-488,BTC/USD.KRAKEN-KrakenBTCUSDResearchStrategy-000,KRAKEN-001,T-af1b13ed54652589-153121,MARKET,SELL,0.02488068,GTC,False,False,0.02488068,TAKER,66803.36,0.0,['6.65 USD'],NO_TRIGGER,FILLED,NO_CONTINGENCY,,,,,,,,8607bcef-c7f5-40ec-9677-89486a1aa3a0,2024-10-16 00:25:00+00:00,2024-10-16 00:25:00+00:00
O-20241016-012000-BACKTEST-000-489,KRAKEN-BACKTEST,KrakenBTCUSDResearchStrategy-000,BTC/USD.KRAKEN,KRAKEN-1-489,BTC/USD.KRAKEN-KrakenBTCUSDResearchStrategy-000,KRAKEN-001,T-2b04ebc4bee97813-153166,MARKET,BUY,0.02465317,GTC,False,False,0.02465317,TAKER,67414.29000000001,0.0,['6.65 USD'],NO_TRIGGER,FILLED,NO_CONTINGENCY,,,,,,,,b01b6664-ff7a-44f5-bc16-c8a491aaee25,2024-10-16 01:20:00+00:00,2024-10-16 01:20:00+00:00
O-20241016-031500-BACKTEST-000-490,KRAKEN-BACKTEST,KrakenBTCUSDResearchStrategy-000,BTC/USD.KRAKEN,KRAKEN-1-490,BTC/USD.KRAKEN-KrakenBTCUSDResearchStrategy-000,KRAKEN-001,T-79b79570d8db500d-153258,MARKET,SELL,0.02465317,GTC,False,False,0.02465317,TAKER,67143.39,0.0,['6.62 USD'],NO_TRIGGER,FILLED,NO_CONTINGENCY,,,,,,,,d25338b1-0a2b-4929-8dd6-09df5e44b4bb,2024-10-16 03:15:00+00:00,2024-10-16 03:15:00+00:00
O-20241016-093000-BACKTEST-000-491,KRAKEN-BACKTEST,KrakenBTCUSDResearchStrategy-000,BTC/USD.KRAKEN,KRAKEN-1-491,BTC/USD.KRAKEN-KrakenBTCUSDResearchStrategy-000,KRAKEN-001,T-35262bfc1d1ed063-153552,MARKET,BUY,0.02457101,GTC,False,False,0.02457101,TAKER,67396.12000000001,0.0,['6.62 USD'],NO_TRIGGER,FILLED,NO_CONTINGENCY,,,,,,,,5aea9b3b-b515-4250-8268-15656e2cc4c1,2024-10-16 09:30:00+00:00,2024-10-16 09:30:00+00:00
O-20241016-133500-BACKTEST-000-492,KRAKEN-BACKTEST,KrakenBTCUSDResearchStrategy-000,BTC/USD.KRAKEN,KRAKEN-1-492,BTC/USD.KRAKEN-KrakenBTCUSDResearchStrategy-000,KRAKEN-001,T-a8b7786cbd163ab4-153744,MARKET,SELL,0.02457101,GTC,False,False,0.02457101,TAKER,67267.99,0.0,['6.61 USD'],NO_TRIGGER,FILLED,NO_CONTINGENCY,,,,,,,,9661c40b-3c37-4de8-af2b-ef461c4c5b07,2024-10-16 13:35:00+00:00,2024-10-16 13:35:00+00:00
O-20241017-223000-BACKTEST-000-493,KRAKEN-BACKTEST,KrakenBTCUSDResearchStrategy-000,BTC/USD.KRAKEN,KRAKEN-1-493,BTC/USD.KRAKEN-KrakenBTCUSDResearchStrategy-000,KRAKEN-001,T-048f33e406102ace-155264,MARKET,BUY,0.02450000,GTC,False,False,0.02450000,TAKER,67390.88,0.0,['6.60 USD'],NO_TRIGGER,FILLED,NO_CONTINGENCY,,,,,,,,3e47e184-1f08-40a9-b2fb-ee5c3811ac56,2024-10-17 22:30:00+00:00,2024-10-17 22:30:00+00:00
O-20241018-004500-BACKTEST-000-494,KRAKEN-BACKTEST,KrakenBTCUSDResearchStrategy-000,BTC/USD.KRAKEN,KRAKEN-1-494,BTC/USD.KRAKEN-KrakenBTCUSDResearchStrategy-000,KRAKEN-001,T-1ef19eba3e36ba2d-155364,MARKET,SELL,0.02450000,GTC,False,False,0.02450000,TAKER,67201.82,0.0,['6.59 USD'],NO_TRIGGER,FILLED,NO_CONTINGENCY,,,,,,,,b7f848c6-e6ca-459e-ae0f-ed2a1e2d7fd0,2024-10-18 00:45:00+00:00,2024-10-18 00:45:00+00:00
O-20241018-015500-BACKTEST-000-495,KRAKEN-BACKTEST,KrakenBTCUSDResearchStrategy-000,BTC/USD.KRAKEN,KRAKEN-1-495,BTC/USD.KRAKEN-KrakenBTCUSDResearchStrategy-000,KRAKEN-001,T-e9554e3ac573da35-155421,MARKET,BUY,0.02417149,GTC,False,False,0.02417149,TAKER,68085.5,0.0,['6.58 USD'],NO_TRIGGER,FILLED,NO_CONTINGENCY,,,,,,,,952abd69-87f8-44e9-9619-554e1697bb1c,2024-10-18 01:55:00+00:00,2024-10-18 01:55:00+00:00
O-20241018-033500-BACKTEST-000-496,KRAKEN-BACKTEST,KrakenBTCUSDResearchStrategy-000,BTC/USD.KRAKEN,KRAKEN-1-496,BTC/USD.KRAKEN-KrakenBTCUSDResearchStrategy-000,KRAKEN-001,T-6a3590cd75675707-155501,MARKET,SELL,0.02417149,GTC,False,False,0.02417149,TAKER,67809.01000000001,0.0,['6.56 USD'],NO_TRIGGER,FILLED,NO_CONTINGENCY,,,,,,,,559c9d65-f5b2-4198-b0c3-11ec38050719,2024-10-18 03:35:00+00:00,2024-10-18 03:35:00+00:00
O-20241018-135500-BACKTEST-000-497,KRAKEN-BACKTEST,KrakenBTCUSDResearchStrategy-000,BTC/USD.KRAKEN,KRAKEN-1-497,BTC/USD.KRAKEN-KrakenBTCUSDResearchStrategy-000,KRAKEN-001,T-e79e1ff87f932ce0-155988,MARKET,BUY,0.02404509,GTC,False,False,0.02404509,TAKER,68196.0,0.0,['6.56 USD'],NO_TRIGGER,FILLED,NO_CONTINGENCY,,,,,,,,7fad00c6-6f8a-43d7-b75f-c75381022bcc,2024-10-18 13:55:00+00:00,2024-10-18 13:55:00+00:00
O-20241018-203000-BACKTEST-000-498,KRAKEN-BACKTEST,KrakenBTCUSDResearchStrategy-000,BTC/USD.KRAKEN,KRAKEN-1-498,BTC/USD.KRAKEN-KrakenBTCUSDResearchStrategy-000,KRAKEN-001,T-70ea0b40c3063d37-156298,MARKET,SELL,0.02404509,GTC,False,False,0.02404509,TAKER,68490.0,0.0,['6.59 USD'],NO_TRIGGER,FILLED,NO_CONTINGENCY,,,,,,,,d04c9836-4478-4121-b2c8-d4bfb1eaf418,2024-10-18 20:30:00+00:00,2024-10-18 20:30:00+00:00
O-20241019-031500-BACKTEST-000-499,KRAKEN-BACKTEST,KrakenBTCUSDResearchStrategy-000,BTC/USD.KRAKEN,KRAKEN-1-499,BTC/USD.KRAKEN-KrakenBTCUSDResearchStrategy-000,KRAKEN-001,T-5d0eeaf8917925f2-156604,MARKET,BUY,0.02386297,GTC,False,False,0.02386297,TAKER,68640.01,0.0,['6.55 USD'],NO_TRIGGER,FILLED,NO_CONTINGENCY,,,,,,,,4e944c53-f4a9-4d5c-8447-13440ef28596,2024-10-19 03:15:00+00:00,2024-10-19 03:15:00+00:00
O-20241019-032500-BACKTEST-000-500,KRAKEN-BACKTEST,KrakenBTCUSDResearchStrategy-000,BTC/USD.KRAKEN,KRAKEN-1-500,BTC/USD.KRAKEN-KrakenBTCUSDResearchStrategy-000,KRAKEN-001,T-6322860bf05c4fea-156612,MARKET,SELL,0.02386297,GTC,False,False,0.02386297,TAKER,68540.01,0.0,['6.54 USD'],NO_TRIGGER,FILLED,NO_CONTINGENCY,,,,,,,,5e440448-e8df-4c1b-b474-ede497398d98,2024-10-19 03:25:00+00:00,2024-10-19 03:25:00+00:00
O-20241019-212000-BACKTEST-000-501,KRAKEN-BACKTEST,KrakenBTCUSDResearchStrategy-000,BTC/USD.KRAKEN,KRAKEN-1-501,BTC/USD.KRAKEN-KrakenBTCUSDResearchStrategy-000,KRAKEN-001,T-8788a5ba9e784926-157417,MARKET,BUY,0.02390610,GTC,False,False,0.02390610,TAKER,68322.05,0.0,['6.53 USD'],NO_TRIGGER,FILLED,NO_CONTINGENCY,,,,,,,,94bb373a-3e51-49e6-9e78-e2c55a088595,2024-10-19 21:20:00+00:00,2024-10-19 21:20:00+00:00
O-20241019-215500-BACKTEST-000-502,KRAKEN-BACKTEST,KrakenBTCUSDResearchStrategy-000,BTC/USD.KRAKEN,KRAKEN-1-502,BTC/USD.KRAKEN-KrakenBTCUSDResearchStrategy-000,KRAKEN-001,T-8b6ca0630b7b81bd-157444,MARKET,SELL,0.02390610,GTC,False,False,0.02390610,TAKER,68222.43,0.0,['6.52 USD'],NO_TRIGGER,FILLED,NO_CONTINGENCY,,,,,,,,aee9b8a3-af5a-4569-8342-40c04c639983,2024-10-19 21:55:00+00:00,2024-10-19 21:55:00+00:00
O-20241019-224000-BACKTEST-000-503,KRAKEN-BACKTEST,KrakenBTCUSDResearchStrategy-000,BTC/USD.KRAKEN,KRAKEN-1-503,BTC/USD.KRAKEN-KrakenBTCUSDResearchStrategy-000,KRAKEN-001,T-4cd44573d4e8ab10-157481,MARKET,BUY,0.02381578,GTC,False,False,0.02381578,TAKER,68386.8,0.0,['6.51 USD'],NO_TRIGGER,FILLED,NO_CONTINGENCY,,,,,,,,e526c4d9-4fa1-4285-b48c-16750626fe7d,2024-10-19 22:40:00+00:00,2024-10-19 22:40:00+00:00
O-20241020-003500-BACKTEST-000-504,KRAKEN-BACKTEST,KrakenBTCUSDResearchStrategy-000,BTC/USD.KRAKEN,KRAKEN-1-504,BTC/USD.KRAKEN-KrakenBTCUSDResearchStrategy-000,KRAKEN-001,T-adc6c5bdc2cec32d-157569,MARKET,SELL,0.02381578,GTC,False,False,0.02381578,TAKER,68270.0,0.0,['6.50 USD'],NO_TRIGGER,FILLED,NO_CONTINGENCY,,,,,,,,d20d2b37-e9af-4483-8006-05db3621af14,2024-10-20 00:35:00+00:00,2024-10-20 00:35:00+00:00
O-20241020-071000-BACKTEST-000-505,KRAKEN-BACKTEST,KrakenBTCUSDResearchStrategy-000,BTC/USD.KRAKEN,KRAKEN-1-505,BTC/USD.KRAKEN-KrakenBTCUSDResearchStrategy-000,KRAKEN-001,T-6adf89f1a5b1d8a2-157858,MARKET,BUY,0.02373496,GTC,False,False,0.02373496,TAKER,68420.06,0.0,['6.50 USD'],NO_TRIGGER,FILLED,NO_CONTINGENCY,,,,,,,,ac1f501d-ffd0-4dda-99a3-0ae13cb114f0,2024-10-20 07:10:00+00:00,2024-10-20 07:10:00+00:00
O-20241020-090500-BACKTEST-000-506,KRAKEN-BACKTEST,KrakenBTCUSDResearchStrategy-000,BTC/USD.KRAKEN,KRAKEN-1-506,BTC/USD.KRAKEN-KrakenBTCUSDResearchStrategy-000,KRAKEN-001,T-5ef99c82874257a9-157942,MARKET,SELL,0.02373496,GTC,False,False,0.02373496,TAKER,68359.99,0.0,['6.49 USD'],NO_TRIGGER,FILLED,NO_CONTINGENCY,,,,,,,,2f5db985-d2e7-4df5-9e9f-746af22e2f3f,2024-10-20 09:05:00+00:00,2024-10-20 09:05:00+00:00
O-20241020-140000-BACKTEST-000-507,KRAKEN-BACKTEST,KrakenBTCUSDResearchStrategy-000,BTC/USD.KRAKEN,KRAKEN-1-507,BTC/USD.KRAKEN-KrakenBTCUSDResearchStrategy-000,KRAKEN-001,T-24b9d8af2d98e748-158158,MARKET,BUY,0.02362755,GTC,False,False,0.02362755,TAKER,68548.01,0.0,['6.48 USD'],NO_TRIGGER,FILLED,NO_CONTINGENCY,,,,,,,,77990354-2d35-44c8-8268-a00093513deb,2024-10-20 14:00:00+00:00,2024-10-20 14:00:00+00:00
O-20241020-173000-BACKTEST-000-508,KRAKEN-BACKTEST,KrakenBTCUSDResearchStrategy-000,BTC/USD.KRAKEN,KRAKEN-1-508,BTC/USD.KRAKEN-KrakenBTCUSDResearchStrategy-000,KRAKEN-001,T-dab9bb3d4fb8200d-158322,MARKET,SELL,0.02362755,GTC,False,False,0.02362755,TAKER,68479.90000000001,0.0,['6.47 USD'],NO_TRIGGER,FILLED,NO_CONTINGENCY,,,,,,,,747ecd89-6e2a-481b-809f-2e6283519890,2024-10-20 17:30:00+00:00,2024-10-20 17:30:00+00:00
O-20241020-203500-BACKTEST-000-509,KRAKEN-BACKTEST,KrakenBTCUSDResearchStrategy-000,BTC/USD.KRAKEN,KRAKEN-1-509,BTC/USD.KRAKEN-KrakenBTCUSDResearchStrategy-000,KRAKEN-001,T-52114c1bdce793ec-158457,MARKET,BUY,0.02351234,GTC,False,False,0.02351234,TAKER,68698.11,0.0,['6.46 USD'],NO_TRIGGER,FILLED,NO_CONTINGENCY,,,,,,,,9f86f2b2-3205-4a1c-b904-114a240f2c9f,2024-10-20 20:35:00+00:00,2024-10-20 20:35:00+00:00
O-20241021-024000-BACKTEST-000-510,KRAKEN-BACKTEST,KrakenBTCUSDResearchStrategy-000,BTC/USD.KRAKEN,KRAKEN-1-510,BTC/USD.KRAKEN-KrakenBTCUSDResearchStrategy-000,KRAKEN-001,T-8f1759c04c2c22c2-158738,MARKET,SELL,0.02351234,GTC,False,False,0.02351234,TAKER,68976.23,0.0,['6.49 USD'],NO_TRIGGER,FILLED,NO_CONTINGENCY,,,,,,,,4bb4291c-d3a5-4734-9c29-9fdef499c1dd,2024-10-21 02:40:00+00:00,2024-10-21 02:40:00+00:00
O-20241022-060000-BACKTEST-000-511,KRAKEN-BACKTEST,KrakenBTCUSDResearchStrategy-000,BTC/USD.KRAKEN,KRAKEN-1-511,BTC/USD.KRAKEN-KrakenBTCUSDResearchStrategy-000,KRAKEN-001,T-b2e94618c3df2b19-160001,MARKET,BUY,0.02382690,GTC,False,False,0.02382690,TAKER,67710.48,0.0,['6.45 USD'],NO_TRIGGER,FILLED,NO_CONTINGENCY,,,,,,,,7eb42905-68eb-4a1c-bfbf-27d40378b44c,2024-10-22 06:00:00+00:00,2024-10-22 06:00:00+00:00
O-20241022-065500-BACKTEST-000-512,KRAKEN-BACKTEST,KrakenBTCUSDResearchStrategy-000,BTC/USD.KRAKEN,KRAKEN-1-512,BTC/USD.KRAKEN-KrakenBTCUSDResearchStrategy-000,KRAKEN-001,T-1535722185ee1924-160046,MARKET,SELL,0.02382690,GTC,False,False,0.02382690,TAKER,67572.01,0.0,['6.44 USD'],NO_TRIGGER,FILLED,NO_CONTINGENCY,,,,,,,,0e40b1ec-fa6f-4ca4-8040-be6baf2853b1,2024-10-22 06:55:00+00:00,2024-10-22 06:55:00+00:00
O-20241022-220500-BACKTEST-000-513,KRAKEN-BACKTEST,KrakenBTCUSDResearchStrategy-000,BTC/USD.KRAKEN,KRAKEN-1-513,BTC/USD.KRAKEN-KrakenBTCUSDResearchStrategy-000,KRAKEN-001,T-b3e85d78ad9ae149-160753,MARKET,BUY,0.02375302,GTC,False,False,0.02375302,TAKER,67716.6,0.0,['6.43 USD'],NO_TRIGGER,FILLED,NO_CONTINGENCY,,,,,,,,ff464f72-36c9-4593-87ad-7901681144c6,2024-10-22 22:05:00+00:00,2024-10-22 22:05:00+00:00
O-20241022-231500-BACKTEST-000-514,KRAKEN-BACKTEST,KrakenBTCUSDResearchStrategy-000,BTC/USD.KRAKEN,KRAKEN-1-514,BTC/USD.KRAKEN-KrakenBTCUSDResearchStrategy-000,KRAKEN-001,T-8e7d30699c911889-160809,MARKET,SELL,0.02375302,GTC,False,False,0.02375302,TAKER,67549.0,0.0,['6.42 USD'],NO_TRIGGER,FILLED,NO_CONTINGENCY,,,,,,,,f84d95a9-6dfa-4c30-96e1-ebfbdfd95c94,2024-10-22 23:15:00+00:00,2024-10-22 23:15:00+00:00
O-20241023-204000-BACKTEST-000-515,KRAKEN-BACKTEST,KrakenBTCUSDResearchStrategy-000,BTC/USD.KRAKEN,KRAKEN-1-515,BTC/USD.KRAKEN-KrakenBTCUSDResearchStrategy-000,KRAKEN-001,T-99b612f6e81e6266-161808,MARKET,BUY,0.02406461,GTC,False,False,0.02406461,TAKER,66630.0,0.0,['6.41 USD'],NO_TRIGGER,FILLED,NO_CONTINGENCY,,,,,,,,2c18aa80-730f-4685-9eca-4e284de52aae,2024-10-23 20:40:00+00:00,2024-10-23 20:40:00+00:00
O-20241023-214000-BACKTEST-000-516,KRAKEN-BACKTEST,KrakenBTCUSDResearchStrategy-000,BTC/USD.KRAKEN,KRAKEN-1-516,BTC/USD.KRAKEN-KrakenBTCUSDResearchStrategy-000,KRAKEN-001,T-525ee2fd8fa00e28-161855,MARKET,SELL,0.02406461,GTC,False,False,0.02406461,TAKER,66429.99,0.0,['6.39 USD'],NO_TRIGGER,FILLED,NO_CONTINGENCY,,,,,,,,60d56631-579c-4c80-b957-bbf00ab37e1a,2024-10-23 21:40:00+00:00,2024-10-23 21:40:00+00:00
O-20241023-231500-BACKTEST-000-517,KRAKEN-BACKTEST,KrakenBTCUSDResearchStrategy-000,BTC/USD.KRAKEN,KRAKEN-1-517,BTC/USD.KRAKEN-KrakenBTCUSDResearchStrategy-000,KRAKEN-001,T-9818aa051314157a-161931,MARKET,BUY,0.02395584,GTC,False,False,0.02395584,TAKER,66712.0,0.0,['6.39 USD'],NO_TRIGGER,FILLED,NO_CONTINGENCY,,,,,,,,2ed72522-ae04-4ccb-a033-3aa2b66d6d3b,2024-10-23 23:15:00+00:00,2024-10-23 23:15:00+00:00
O-20241024-002000-BACKTEST-000-518,KRAKEN-BACKTEST,KrakenBTCUSDResearchStrategy-000,BTC/USD.KRAKEN,KRAKEN-1-518,BTC/USD.KRAKEN-KrakenBTCUSDResearchStrategy-000,KRAKEN-001,T-5c5d3984f94f3e0f-161981,MARKET,SELL,0.02395584,GTC,False,False,0.02395584,TAKER,66549.99,0.0,['6.38 USD'],NO_TRIGGER,FILLED,NO_CONTINGENCY,,,,,,,,4c0df029-123c-492f-b619-29a4e08fcc89,2024-10-24 00:20:00+00:00,2024-10-24 00:20:00+00:00
O-20241024-120000-BACKTEST-000-519,KRAKEN-BACKTEST,KrakenBTCUSDResearchStrategy-000,BTC/USD.KRAKEN,KRAKEN-1-519,BTC/USD.KRAKEN-KrakenBTCUSDResearchStrategy-000,KRAKEN-001,T-5c322c7be69bb230-162528,MARKET,BUY,0.02364117,GTC,False,False,0.02364117,TAKER,67388.66,0.0,['6.37 USD'],NO_TRIGGER,FILLED,NO_CONTINGENCY,,,,,,,,12cc6ad0-7319-495d-85a9-52cf2c2b9445,2024-10-24 12:00:00+00:00,2024-10-24 12:00:00+00:00
O-20241024-161000-BACKTEST-000-520,KRAKEN-BACKTEST,KrakenBTCUSDResearchStrategy-000,BTC/USD.KRAKEN,KRAKEN-1-520,BTC/USD.KRAKEN-KrakenBTCUSDResearchStrategy-000,KRAKEN-001,T-fed780cd402649ff-162728,MARKET,SELL,0.02364117,GTC,False,False,0.02364117,TAKER,67394.0,0.0,['6.37 USD'],NO_TRIGGER,FILLED,NO_CONTINGENCY,,,,,,,,aaecc321-3f80-4147-9ebc-1ff655e50948,2024-10-24 16:10:00+00:00,2024-10-24 16:10:00+00:00
O-20241024-192500-BACKTEST-000-521,KRAKEN-BACKTEST,KrakenBTCUSDResearchStrategy-000,BTC/USD.KRAKEN,KRAKEN-1-521,BTC/USD.KRAKEN-KrakenBTCUSDResearchStrategy-000,KRAKEN-001,T-e84ae5255749c9b6-162882,MARKET,BUY,0.02334069,GTC,False,False,0.02334069,TAKER,68094.0,0.0,['6.36 USD'],NO_TRIGGER,FILLED,NO_CONTINGENCY,,,,,,,,54c15529-a2a6-4f23-b24e-8fb832efcde7,2024-10-24 19:25:00+00:00,2024-10-24 19:25:00+00:00
O-20241025-003000-BACKTEST-000-522,KRAKEN-BACKTEST,KrakenBTCUSDResearchStrategy-000,BTC/USD.KRAKEN,KRAKEN-1-522,BTC/USD.KRAKEN-KrakenBTCUSDResearchStrategy-000,KRAKEN-001,T-3ca2ded2a336f5e4-163122,MARKET,SELL,0.02334069,GTC,False,False,0.02334069,TAKER,68014.0,0.0,['6.35 USD'],NO_TRIGGER,FILLED,NO_CONTINGENCY,,,,,,,,7d05e124-e6c8-4a62-a8f9-b8a2a7626132,2024-10-25 00:30:00+00:00,2024-10-25 00:30:00+00:00
O-20241025-110500-BACKTEST-000-523,KRAKEN-BACKTEST,KrakenBTCUSDResearchStrategy-000,BTC/USD.KRAKEN,KRAKEN-1-523,BTC/USD.KRAKEN-KrakenBTCUSDResearchStrategy-000,KRAKEN-001,T-145bdb0a002a22f8-163618,MARKET,BUY,0.02332443,GTC,False,False,0.02332443,TAKER,67953.92,0.0,['6.34 USD'],NO_TRIGGER,FILLED,NO_CONTINGENCY,,,,,,,,e688e203-acb5-459f-9317-6f596df59524,2024-10-25 11:05:00+00:00,2024-10-25 11:05:00+00:00
O-20241025-133500-BACKTEST-000-524,KRAKEN-BACKTEST,KrakenBTCUSDResearchStrategy-000,BTC/USD.KRAKEN,KRAKEN-1-524,BTC/USD.KRAKEN-KrakenBTCUSDResearchStrategy-000,KRAKEN-001,T-5ccf6e293bcfa05f-163735,MARKET,SELL,0.02332443,GTC,False,False,0.02332443,TAKER,67836.22,0.0,['6.33 USD'],NO_TRIGGER,FILLED,NO_CONTINGENCY,,,,,,,,4de23991-7aa7-4ce8-b600-cd977200980c,2024-10-25 13:35:00+00:00,2024-10-25 13:35:00+00:00
O-20241026-050000-BACKTEST-000-525,KRAKEN-BACKTEST,KrakenBTCUSDResearchStrategy-000,BTC/USD.KRAKEN,KRAKEN-1-525,BTC/USD.KRAKEN-KrakenBTCUSDResearchStrategy-000,KRAKEN-001,T-846a45652120d430-164459,MARKET,BUY,0.02356110,GTC,False,False,0.02356110,TAKER,67074.98999999999,0.0,['6.32 USD'],NO_TRIGGER,FILLED,NO_CONTINGENCY,,,,,,,,5cdea339-7b30-4009-992c-9ce3e408ce6c,2024-10-26 05:00:00+00:00,2024-10-26 05:00:00+00:00
O-20241026-075500-BACKTEST-000-526,KRAKEN-BACKTEST,KrakenBTCUSDResearchStrategy-000,BTC/USD.KRAKEN,KRAKEN-1-526,BTC/USD.KRAKEN-KrakenBTCUSDResearchStrategy-000,KRAKEN-001,T-c1ed0f8c78072801-164596,MARKET,SELL,0.02356110,GTC,False,False,0.02356110,TAKER,67007.99,0.0,['6.32 USD'],NO_TRIGGER,FILLED,NO_CONTINGENCY,,,,,,,,6396c24f-4134-49b6-b198-9838cda703f3,2024-10-26 07:55:00+00:00,2024-10-26 07:55:00+00:00
O-20241026-180500-BACKTEST-000-527,KRAKEN-BACKTEST,KrakenBTCUSDResearchStrategy-000,BTC/USD.KRAKEN,KRAKEN-1-527,BTC/USD.KRAKEN-KrakenBTCUSDResearchStrategy-000,KRAKEN-001,T-e231e8c109e751f7-165069,MARKET,BUY,0.02347348,GTC,False,False,0.02347348,TAKER,67143.64,0.0,['6.30 USD'],NO_TRIGGER,FILLED,NO_CONTINGENCY,,,,,,,,a02007aa-0356-4a3f-a779-0c881b93d77a,2024-10-26 18:05:00+00:00,2024-10-26 18:05:00+00:00
O-20241026-185500-BACKTEST-000-528,KRAKEN-BACKTEST,KrakenBTCUSDResearchStrategy-000,BTC/USD.KRAKEN,KRAKEN-1-528,BTC/USD.KRAKEN-KrakenBTCUSDResearchStrategy-000,KRAKEN-001,T-1c880f08c8203182-165105,MARKET,SELL,0.02347348,GTC,False,False,0.02347348,TAKER,67042.0,0.0,['6.29 USD'],NO_TRIGGER,FILLED,NO_CONTINGENCY,,,,,,,,508f7e7d-5292-47bb-95e2-fac6ce274e12,2024-10-26 18:55:00+00:00,2024-10-26 18:55:00+00:00
O-20241026-195500-BACKTEST-000-529,KRAKEN-BACKTEST,KrakenBTCUSDResearchStrategy-000,BTC/USD.KRAKEN,KRAKEN-1-529,BTC/USD.KRAKEN-KrakenBTCUSDResearchStrategy-000,KRAKEN-001,T-550a4e2f92dc5ec8-165154,MARKET,BUY,0.02339462,GTC,False,False,0.02339462,TAKER,67177.99,0.0,['6.29 USD'],NO_TRIGGER,FILLED,NO_CONTINGENCY,,,,,,,,0fb49cc1-8edd-4e8b-94c2-44a8216eef11,2024-10-26 19:55:00+00:00,2024-10-26 19:55:00+00:00
O-20241026-230500-BACKTEST-000-530,KRAKEN-BACKTEST,KrakenBTCUSDResearchStrategy-000,BTC/USD.KRAKEN,KRAKEN-1-530,BTC/USD.KRAKEN-KrakenBTCUSDResearchStrategy-000,KRAKEN-001,T-ed2c34bca9b5a2ba-165298,MARKET,SELL,0.02339462,GTC,False,False,0.02339462,TAKER,67103.82,0.0,['6.28 USD'],NO_TRIGGER,FILLED,NO_CONTINGENCY,,,,,,,,f01f88de-af52-4322-a091-8229058eb207,2024-10-26 23:05:00+00:00,2024-10-26 23:05:00+00:00
O-20241027-034500-BACKTEST-000-531,KRAKEN-BACKTEST,KrakenBTCUSDResearchStrategy-000,BTC/USD.KRAKEN,KRAKEN-1-531,BTC/USD.KRAKEN-KrakenBTCUSDResearchStrategy-000,KRAKEN-001,T-744679a1990004fb-165512,MARKET,BUY,0.02330925,GTC,False,False,0.02330925,TAKER,67239.99,0.0,['6.27 USD'],NO_TRIGGER,FILLED,NO_CONTINGENCY,,,,,,,,89e4f453-8438-499e-aead-af64d1e4513f,2024-10-27 03:45:00+00:00,2024-10-27 03:45:00+00:00
O-20241027-052000-BACKTEST-000-532,KRAKEN-BACKTEST,KrakenBTCUSDResearchStrategy-000,BTC/USD.KRAKEN,KRAKEN-1-532,BTC/USD.KRAKEN-KrakenBTCUSDResearchStrategy-000,KRAKEN-001,T-3f18ec66c6bf9f04-165585,MARKET,SELL,0.02330925,GTC,False,False,0.02330925,TAKER,67168.44,0.0,['6.26 USD'],NO_TRIGGER,FILLED,NO_CONTINGENCY,,,,,,,,238128be-8751-4a92-9853-61a8fa492cd1,2024-10-27 05:20:00+00:00,2024-10-27 05:20:00+00:00
O-20241027-123000-BACKTEST-000-533,KRAKEN-BACKTEST,KrakenBTCUSDResearchStrategy-000,BTC/USD.KRAKEN,KRAKEN-1-533,BTC/USD.KRAKEN-KrakenBTCUSDResearchStrategy-000,KRAKEN-001,T-fee9f09425ad9f11-165915,MARKET,BUY,0.02317357,GTC,False,False,0.02317357,TAKER,67449.95999999999,0.0,['6.25 USD'],NO_TRIGGER,FILLED,NO_CONTINGENCY,,,,,,,,6ce5cc32-7c17-47e2-b9d6-1e2e90a3540a,2024-10-27 12:30:00+00:00,2024-10-27 12:30:00+00:00
O-20241027-185000-BACKTEST-000-534,KRAKEN-BACKTEST,KrakenBTCUSDResearchStrategy-000,BTC/USD.KRAKEN,KRAKEN-1-534,BTC/USD.KRAKEN-KrakenBTCUSDResearchStrategy-000,KRAKEN-001,T-778f0f9bb1339c2d-166211,MARKET,SELL,0.02317357,GTC,False,False,0.02317357,TAKER,67561.49,0.0,['6.26 USD'],NO_TRIGGER,FILLED,NO_CONTINGENCY,,,,,,,,24dc3608-c3e7-45f4-acce-ff62c27aa0c8,2024-10-27 18:50:00+00:00,2024-10-27 18:50:00+00:00
O-20241027-221000-BACKTEST-000-535,KRAKEN-BACKTEST,KrakenBTCUSDResearchStrategy-000,BTC/USD.KRAKEN,KRAKEN-1-535,BTC/USD.KRAKEN-KrakenBTCUSDResearchStrategy-000,KRAKEN-001,T-974a197771a24033-166368,MARKET,BUY,0.02286096,GTC,False,False,0.02286096,TAKER,68242.0,0.0,['6.24 USD'],NO_TRIGGER,FILLED,NO_CONTINGENCY,,,,,,,,ffb148c0-872b-48d4-ae7f-05e657791aa3,2024-10-27 22:10:00+00:00,2024-10-27 22:10:00+00:00
O-20241027-234000-BACKTEST-000-536,KRAKEN-BACKTEST,KrakenBTCUSDResearchStrategy-000,BTC/USD.KRAKEN,KRAKEN-1-536,BTC/USD.KRAKEN-KrakenBTCUSDResearchStrategy-000,KRAKEN-001,T-74895dace78dcfbd-166437,MARKET,SELL,0.02286096,GTC,False,False,0.02286096,TAKER,68046.49,0.0,['6.22 USD'],NO_TRIGGER,FILLED,NO_CONTINGENCY,,,,,,,,f7aee4eb-120b-4e01-a9c5-e88b5ad2d124,2024-10-27 23:40:00+00:00,2024-10-27 23:40:00+00:00
O-20241028-070000-BACKTEST-000-537,KRAKEN-BACKTEST,KrakenBTCUSDResearchStrategy-000,BTC/USD.KRAKEN,KRAKEN-1-537,BTC/USD.KRAKEN-KrakenBTCUSDResearchStrategy-000,KRAKEN-001,T-3a0f1524f3b215e4-166775,MARKET,BUY,0.02285313,GTC,False,False,0.02285313,TAKER,68043.14,0.0,['6.22 USD'],NO_TRIGGER,FILLED,NO_CONTINGENCY,,,,,,,,dad5e37e-e470-434c-bc5d-945d18982c2c,2024-10-28 07:00:00+00:00,2024-10-28 07:00:00+00:00
O-20241028-151500-BACKTEST-000-538,KRAKEN-BACKTEST,KrakenBTCUSDResearchStrategy-000,BTC/USD.KRAKEN,KRAKEN-1-538,BTC/USD.KRAKEN-KrakenBTCUSDResearchStrategy-000,KRAKEN-001,T-0b20190b3631faab-167162,MARKET,SELL,0.02285313,GTC,False,False,0.02285313,TAKER,68592.08,0.0,['6.27 USD'],NO_TRIGGER,FILLED,NO_CONTINGENCY,,,,,,,,54f19988-caa0-4afc-bf77-e407ab598875,2024-10-28 15:15:00+00:00,2024-10-28 15:15:00+00:00
O-20241028-190000-BACKTEST-000-539,KRAKEN-BACKTEST,KrakenBTCUSDResearchStrategy-000,BTC/USD.KRAKEN,KRAKEN-1-539,BTC/USD.KRAKEN-KrakenBTCUSDResearchStrategy-000,KRAKEN-001,T-8af118c6c37de1c2-167337,MARKET,BUY,0.02241688,GTC,False,False,0.02241688,TAKER,69367.98000000001,0.0,['6.22 USD'],NO_TRIGGER,FILLED,NO_CONTINGENCY,,,,,,,,83473be3-4696-4af3-8ce5-d9f87e7085ed,2024-10-28 19:00:00+00:00,2024-10-28 19:00:00+00:00
O-20241029-133000-BACKTEST-000-540,KRAKEN-BACKTEST,KrakenBTCUSDResearchStrategy-000,BTC/USD.KRAKEN,KRAKEN-1-540,BTC/USD.KRAKEN-KrakenBTCUSDResearchStrategy-000,KRAKEN-001,T-af2e867fb7453455-168206,MARKET,SELL,0.02241688,GTC,False,False,0.02241688,TAKER,70943.20999999999,0.0,['6.36 USD'],NO_TRIGGER,FILLED,NO_CONTINGENCY,,,,,,,,f0fcf45c-7272-42f9-87fd-f5f56675956a,2024-10-29 13:30:00+00:00,2024-10-29 13:30:00+00:00
O-20241029-154000-BACKTEST-000-541,KRAKEN-BACKTEST,KrakenBTCUSDResearchStrategy-000,BTC/USD.KRAKEN,KRAKEN-1-541,BTC/USD.KRAKEN-KrakenBTCUSDResearchStrategy-000,KRAKEN-001,T-6efcd92d7b752748-168310,MARKET,BUY,0.02163530,GTC,False,False,0.02163530,TAKER,72189.23,0.0,['6.25 USD'],NO_TRIGGER,FILLED,NO_CONTINGENCY,,,,,,,,47460a00-a9d9-4890-94dc-109b99425d84,2024-10-29 15:40:00+00:00,2024-10-29 15:40:00+00:00
O-20241029-200500-BACKTEST-000-542,KRAKEN-BACKTEST,KrakenBTCUSDResearchStrategy-000,BTC/USD.KRAKEN,KRAKEN-1-542,BTC/USD.KRAKEN-KrakenBTCUSDResearchStrategy-000,KRAKEN-001,T-6f0aa13bb047f89e-168521,MARKET,SELL,0.02163530,GTC,False,False,0.02163530,TAKER,72303.03,0.0,['6.26 USD'],NO_TRIGGER,FILLED,NO_CONTINGENCY,,,,,,,,7af23167-6379-4325-b411-465739caedfa,2024-10-29 20:05:00+00:00,2024-10-29 20:05:00+00:00
O-20241030-204500-BACKTEST-000-543,KRAKEN-BACKTEST,KrakenBTCUSDResearchStrategy-000,BTC/USD.KRAKEN,KRAKEN-1-543,BTC/USD.KRAKEN-KrakenBTCUSDResearchStrategy-000,KRAKEN-001,T-d0a72b2863e155bd-169664,MARKET,BUY,0.02143710,GTC,False,False,0.02143710,TAKER,72716.01,0.0,['6.24 USD'],NO_TRIGGER,FILLED,NO_CONTINGENCY,,,,,,,,91c3dd50-ebc8-449e-b0f1-b29c723a89af,2024-10-30 20:45:00+00:00,2024-10-30 20:45:00+00:00
O-20241030-213500-BACKTEST-000-544,KRAKEN-BACKTEST,KrakenBTCUSDResearchStrategy-000,BTC/USD.KRAKEN,KRAKEN-1-544,BTC/USD.KRAKEN-KrakenBTCUSDResearchStrategy-000,KRAKEN-001,T-20bde8bf24a68712-169703,MARKET,SELL,0.02143710,GTC,False,False,0.02143710,TAKER,72187.87999999999,0.0,['6.19 USD'],NO_TRIGGER,FILLED,NO_CONTINGENCY,,,,,,,,7e75e211-d125-4b6e-ad2c-8091c45d10ef,2024-10-30 21:35:00+00:00,2024-10-30 21:35:00+00:00
O-20241031-104000-BACKTEST-000-545,KRAKEN-BACKTEST,KrakenBTCUSDResearchStrategy-000,BTC/USD.KRAKEN,KRAKEN-1-545,BTC/USD.KRAKEN-KrakenBTCUSDResearchStrategy-000,KRAKEN-001,T-8126738f4aef6466-170308,MARKET,BUY,0.02139562,GTC,False,False,0.02139562,TAKER,72524.0,0.0,['6.21 USD'],NO_TRIGGER,FILLED,NO_CONTINGENCY,,,,,,,,c0fb782f-4087-47ce-8ea6-76abc24d51da,2024-10-31 10:40:00+00:00,2024-10-31 10:40:00+00:00
O-20241031-112000-BACKTEST-000-546,KRAKEN-BACKTEST,KrakenBTCUSDResearchStrategy-000,BTC/USD.KRAKEN,KRAKEN-1-546,BTC/USD.KRAKEN-KrakenBTCUSDResearchStrategy-000,KRAKEN-001,T-2e8f87bd2765e417-170339,MARKET,SELL,0.02139562,GTC,False,False,0.02139562,TAKER,72322.0,0.0,['6.19 USD'],NO_TRIGGER,FILLED,NO_CONTINGENCY,,,,,,,,d92e685a-4d26-4c05-8574-46cdb40f3580,2024-10-31 11:20:00+00:00,2024-10-31 11:20:00+00:00
O-20241101-103000-BACKTEST-000-547,KRAKEN-BACKTEST,KrakenBTCUSDResearchStrategy-000,BTC/USD.KRAKEN,KRAKEN-1-547,BTC/USD.KRAKEN-KrakenBTCUSDResearchStrategy-000,KRAKEN-001,T-a7d9428359928945-171423,MARKET,BUY,0.02205796,GTC,False,False,0.02205796,TAKER,70118.75,0.0,['6.19 USD'],NO_TRIGGER,FILLED,NO_CONTINGENCY,,,,,,,,2c0a870e-8b41-4868-88b2-f3055140dff3,2024-11-01 10:30:00+00:00,2024-11-01 10:30:00+00:00
O-20241101-103500-BACKTEST-000-548,KRAKEN-BACKTEST,KrakenBTCUSDResearchStrategy-000,BTC/USD.KRAKEN,KRAKEN-1-548,BTC/USD.KRAKEN-KrakenBTCUSDResearchStrategy-000,KRAKEN-001,T-aa1282c05c1edd3c-171428,MARKET,SELL,0.02205796,GTC,False,False,0.02205796,TAKER,69873.99,0.0,['6.17 USD'],NO_TRIGGER,FILLED,NO_CONTINGENCY,,,,,,,,2f9c13a1-0a5b-420e-ab1d-4f14e13a62a6,2024-11-01 10:35:00+00:00,2024-11-01 10:35:00+00:00
O-20241101-123500-BACKTEST-000-549,KRAKEN-BACKTEST,KrakenBTCUSDResearchStrategy-000,BTC/USD.KRAKEN,KRAKEN-1-549,BTC/USD.KRAKEN-KrakenBTCUSDResearchStrategy-000,KRAKEN-001,T-a4e741a539a1dbdc-171521,MARKET,BUY,0.02188110,GTC,False,False,0.02188110,TAKER,70442.01999999999,0.0,['6.17 USD'],NO_TRIGGER,FILLED,NO_CONTINGENCY,,,,,,,,e6818ea4-e55d-4f0e-89a7-ffd2062f338e,2024-11-01 12:35:00+00:00,2024-11-01 12:35:00+00:00
O-20241101-153500-BACKTEST-000-550,KRAKEN-BACKTEST,KrakenBTCUSDResearchStrategy-000,BTC/USD.KRAKEN,KRAKEN-1-550,BTC/USD.KRAKEN-KrakenBTCUSDResearchStrategy-000,KRAKEN-001,T-794e2d8a4c327e27-171663,MARKET,SELL,0.02188110,GTC,False,False,0.02188110,TAKER,70059.91,0.0,['6.13 USD'],NO_TRIGGER,FILLED,NO_CONTINGENCY,,,,,,,,b538ff9c-6d3b-4131-9f22-5a171810a3fb,2024-11-01 15:35:00+00:00,2024-11-01 15:35:00+00:00
O-20241102-005500-BACKTEST-000-551,KRAKEN-BACKTEST,KrakenBTCUSDResearchStrategy-000,BTC/USD.KRAKEN,KRAKEN-1-551,BTC/USD.KRAKEN-KrakenBTCUSDResearchStrategy-000,KRAKEN-001,T-fda649e21702108a-172103,MARKET,BUY,0.02203587,GTC,False,False,0.02203587,TAKER,69665.99,0.0,['6.14 USD'],NO_TRIGGER,FILLED,NO_CONTINGENCY,,,,,,,,40140fe0-5452-413f-9489-8006d9ae4925,2024-11-02 00:55:00+00:00,2024-11-02 00:55:00+00:00
O-20241102-011500-BACKTEST-000-552,KRAKEN-BACKTEST,KrakenBTCUSDResearchStrategy-000,BTC/USD.KRAKEN,KRAKEN-1-552,BTC/USD.KRAKEN-KrakenBTCUSDResearchStrategy-000,KRAKEN-001,T-3628b9a711c59b8e-172120,MARKET,SELL,0.02203587,GTC,False,False,0.02203587,TAKER,69541.47,0.0,['6.13 USD'],NO_TRIGGER,FILLED,NO_CONTINGENCY,,,,,,,,bf0b19e4-f31f-4b28-bfe5-044b222db5a7,2024-11-02 01:15:00+00:00,2024-11-02 01:15:00+00:00
O-20241102-020500-BACKTEST-000-553,KRAKEN-BACKTEST,KrakenBTCUSDResearchStrategy-000,BTC/USD.KRAKEN,KRAKEN-1-553,BTC/USD.KRAKEN-KrakenBTCUSDResearchStrategy-000,KRAKEN-001,T-ea64bbdd08c17c6c-172160,MARKET,BUY,0.02195106,GTC,False,False,0.02195106,TAKER,69730.0,0.0,['6.12 USD'],NO_TRIGGER,FILLED,NO_CONTINGENCY,,,,,,,,81c6ced9-b39b-446b-9a48-cf397a098499,2024-11-02 02:05:00+00:00,2024-11-02 02:05:00+00:00
O-20241102-035000-BACKTEST-000-554,KRAKEN-BACKTEST,KrakenBTCUSDResearchStrategy-000,BTC/USD.KRAKEN,KRAKEN-1-554,BTC/USD.KRAKEN-KrakenBTCUSDResearchStrategy-000,KRAKEN-001,T-41ee2c40f8f02fe6-172239,MARKET,SELL,0.02195106,GTC,False,False,0.02195106,TAKER,69569.92,0.0,['6.11 USD'],NO_TRIGGER,FILLED,NO_CONTINGENCY,,,,,,,,af03d106-8e53-402b-8a73-aee8b456eaf3,2024-11-02 03:50:00+00:00,2024-11-02 03:50:00+00:00
O-20241102-073000-BACKTEST-000-555,KRAKEN-BACKTEST,KrakenBTCUSDResearchStrategy-000,BTC/USD.KRAKEN,KRAKEN-1-555,BTC/USD.KRAKEN-KrakenBTCUSDResearchStrategy-000,KRAKEN-001,T-9da62fb2628331f1-172405,MARKET,BUY,0.02185628,GTC,False,False,0.02185628,TAKER,69816.2,0.0,['6.10 USD'],NO_TRIGGER,FILLED,NO_CONTINGENCY,,,,,,,,769e5614-6497-4205-8a26-f088113bb820,2024-11-02 07:30:00+00:00,2024-11-02 07:30:00+00:00
O-20241102-081500-BACKTEST-000-556,KRAKEN-BACKTEST,KrakenBTCUSDResearchStrategy-000,BTC/USD.KRAKEN,KRAKEN-1-556,BTC/USD.KRAKEN-KrakenBTCUSDResearchStrategy-000,KRAKEN-001,T-f4c558b2d1daa3d2-172441,MARKET,SELL,0.02185628,GTC,False,False,0.02185628,TAKER,69691.53,0.0,['6.09 USD'],NO_TRIGGER,FILLED,NO_CONTINGENCY,,,,,,,,9a7cae1e-166e-4227-9f73-f363ed6d0552,2024-11-02 08:15:00+00:00,2024-11-02 08:15:00+00:00
O-20241103-193500-BACKTEST-000-557,KRAKEN-BACKTEST,KrakenBTCUSDResearchStrategy-000,BTC/USD.KRAKEN,KRAKEN-1-557,BTC/USD.KRAKEN-KrakenBTCUSDResearchStrategy-000,KRAKEN-001,T-4400208294776581-174077,MARKET,BUY,0.02216180,GTC,False,False,0.02216180,TAKER,68651.91,0.0,['6.09 USD'],NO_TRIGGER,FILLED,NO_CONTINGENCY,,,,,,,,657aaa17-5af4-4d18-ae4d-7826e569b92d,2024-11-03 19:35:00+00:00,2024-11-03 19:35:00+00:00
O-20241103-231500-BACKTEST-000-558,KRAKEN-BACKTEST,KrakenBTCUSDResearchStrategy-000,BTC/USD.KRAKEN,KRAKEN-1-558,BTC/USD.KRAKEN-KrakenBTCUSDResearchStrategy-000,KRAKEN-001,T-37fd5c07f3d029e8-174253,MARKET,SELL,0.02216180,GTC,False,False,0.02216180,TAKER,68660.0,0.0,['6.09 USD'],NO_TRIGGER,FILLED,NO_CONTINGENCY,,,,,,,,75f9a2e6-7606-4ff7-a3c6-35ba07b6f39f,2024-11-03 23:15:00+00:00,2024-11-03 23:15:00+00:00
O-20241104-130000-BACKTEST-000-559,KRAKEN-BACKTEST,KrakenBTCUSDResearchStrategy-000,BTC/USD.KRAKEN,KRAKEN-1-559,BTC/USD.KRAKEN-KrakenBTCUSDResearchStrategy-000,KRAKEN-001,T-26611817c72e9b91-174895,MARKET,BUY,0.02196980,GTC,False,False,0.02196980,TAKER,69088.01,0.0,['6.07 USD'],NO_TRIGGER,FILLED,NO_CONTINGENCY,,,,,,,,d3d78bd5-7c98-4be1-a24e-5bb568e76887,2024-11-04 13:00:00+00:00,2024-11-04 13:00:00+00:00
O-20241104-134500-BACKTEST-000-560,KRAKEN-BACKTEST,KrakenBTCUSDResearchStrategy-000,BTC/USD.KRAKEN,KRAKEN-1-560,BTC/USD.KRAKEN-KrakenBTCUSDResearchStrategy-000,KRAKEN-001,T-e6256147ad750774-174931,MARKET,SELL,0.02196980,GTC,False,False,0.02196980,TAKER,68860.0,0.0,['6.05 USD'],NO_TRIGGER,FILLED,NO_CONTINGENCY,,,,,,,,ac71bb64-4cfc-4280-9a86-87804d1d757c,2024-11-04 13:45:00+00:00,2024-11-04 13:45:00+00:00
O-20241105-035500-BACKTEST-000-561,KRAKEN-BACKTEST,KrakenBTCUSDResearchStrategy-000,BTC/USD.KRAKEN,KRAKEN-1-561,BTC/USD.KRAKEN-KrakenBTCUSDResearchStrategy-000,KRAKEN-001,T-7a06c210833e652d-175597,MARKET,BUY,0.02216653,GTC,False,False,0.02216653,TAKER,68243.0,0.0,['6.05 USD'],NO_TRIGGER,FILLED,NO_CONTINGENCY,,,,,,,,c3906c98-159b-46d0-9391-daa7e2699f23,2024-11-05 03:55:00+00:00,2024-11-05 03:55:00+00:00
O-20241105-195000-BACKTEST-000-562,KRAKEN-BACKTEST,KrakenBTCUSDResearchStrategy-000,BTC/USD.KRAKEN,KRAKEN-1-562,BTC/USD.KRAKEN-KrakenBTCUSDResearchStrategy-000,KRAKEN-001,T-adafbbe10e3bc933-176349,MARKET,SELL,0.02216653,GTC,False,False,0.02216653,TAKER,69440.01,0.0,['6.16 USD'],NO_TRIGGER,FILLED,NO_CONTINGENCY,,,,,,,,d5c901b3-b804-4289-8386-6c3843c4954c,2024-11-05 19:50:00+00:00,2024-11-05 19:50:00+00:00
O-20241106-002000-BACKTEST-000-563,KRAKEN-BACKTEST,KrakenBTCUSDResearchStrategy-000,BTC/USD.KRAKEN,KRAKEN-1-563,BTC/USD.KRAKEN-KrakenBTCUSDResearchStrategy-000,KRAKEN-001,T-ecef02ba99daafc7-176561,MARKET,BUY,0.02164061,GTC,False,False,0.02164061,TAKER,70100.0,0.0,['6.07 USD'],NO_TRIGGER,FILLED,NO_CONTINGENCY,,,,,,,,0e7acb0b-3d1e-48a8-acea-ac954102573f,2024-11-06 00:20:00+00:00,2024-11-06 00:20:00+00:00
O-20241106-080000-BACKTEST-000-564,KRAKEN-BACKTEST,KrakenBTCUSDResearchStrategy-000,BTC/USD.KRAKEN,KRAKEN-1-564,BTC/USD.KRAKEN-KrakenBTCUSDResearchStrategy-000,KRAKEN-001,T-a7fa41c4bd0d6335-176929,MARKET,SELL,0.02164061,GTC,False,False,0.02164061,TAKER,72917.99,0.0,['6.31 USD'],NO_TRIGGER,FILLED,NO_CONTINGENCY,,,,,,,,fc72d593-78bb-4744-8da2-4fcdf363cfe4,2024-11-06 08:00:00+00:00,2024-11-06 08:00:00+00:00
O-20241106-120500-BACKTEST-000-565,KRAKEN-BACKTEST,KrakenBTCUSDResearchStrategy-000,BTC/USD.KRAKEN,KRAKEN-1-565,BTC/USD.KRAKEN-KrakenBTCUSDResearchStrategy-000,KRAKEN-001,T-86fca3de0b35c7a5-177123,MARKET,BUY,0.02048951,GTC,False,False,0.02048951,TAKER,74749.79,0.0,['6.13 USD'],NO_TRIGGER,FILLED,NO_CONTINGENCY,,,,,,,,2475cfcf-fcea-45cd-b31e-fdaecad0c075,2024-11-06 12:05:00+00:00,2024-11-06 12:05:00+00:00
O-20241106-123500-BACKTEST-000-566,KRAKEN-BACKTEST,KrakenBTCUSDResearchStrategy-000,BTC/USD.KRAKEN,KRAKEN-1-566,BTC/USD.KRAKEN-KrakenBTCUSDResearchStrategy-000,KRAKEN-001,T-adb032f0d7f980aa-177146,MARKET,SELL,0.02048951,GTC,False,False,0.02048951,TAKER,74320.12000000001,0.0,['6.09 USD'],NO_TRIGGER,FILLED,NO_CONTINGENCY,,,,,,,,39534107-0a33-44f5-b8af-c762d56bbeea,2024-11-06 12:35:00+00:00,2024-11-06 12:35:00+00:00
O-20241106-180500-BACKTEST-000-567,KRAKEN-BACKTEST,KrakenBTCUSDResearchStrategy-000,BTC/USD.KRAKEN,KRAKEN-1-567,BTC/USD.KRAKEN-KrakenBTCUSDResearchStrategy-000,KRAKEN-001,T-c6673b1ab289dea3-177410,MARKET,BUY,0.02037507,GTC,False,False,0.02037507,TAKER,74859.99,0.0,['6.10 USD'],NO_TRIGGER,FILLED,NO_CONTINGENCY,,,,,,,,4df1303a-b64d-41d7-9148-d4dc279d818d,2024-11-06 18:05:00+00:00,2024-11-06 18:05:00+00:00
O-20241107-002500-BACKTEST-000-568,KRAKEN-BACKTEST,KrakenBTCUSDResearchStrategy-000,BTC/USD.KRAKEN,KRAKEN-1-568,BTC/USD.KRAKEN-KrakenBTCUSDResearchStrategy-000,KRAKEN-001,T-26219ecf9eaf32a6-177712,MARKET,SELL,0.02037507,GTC,False,False,0.02037507,TAKER,75206.54000000001,0.0,['6.13 USD'],NO_TRIGGER,FILLED,NO_CONTINGENCY,,,,,,,,7be41649-b6f8-4de3-9d26-99185208e90f,2024-11-07 00:25:00+00:00,2024-11-07 00:25:00+00:00
O-20241107-153500-BACKTEST-000-569,KRAKEN-BACKTEST,KrakenBTCUSDResearchStrategy-000,BTC/USD.KRAKEN,KRAKEN-1-569,BTC/USD.KRAKEN-KrakenBTCUSDResearchStrategy-000,KRAKEN-001,T-32fa48069cbaf77d-178422,MARKET,BUY,0.02015546,GTC,False,False,0.02015546,TAKER,75598.72,0.0,['6.09 USD'],NO_TRIGGER,FILLED,NO_CONTINGENCY,,,,,,,,9d7497af-a09b-49a5-9da9-ebaa4b2b2119,2024-11-07 15:35:00+00:00,2024-11-07 15:35:00+00:00
O-20241107-215500-BACKTEST-000-570,KRAKEN-BACKTEST,KrakenBTCUSDResearchStrategy-000,BTC/USD.KRAKEN,KRAKEN-1-570,BTC/USD.KRAKEN-KrakenBTCUSDResearchStrategy-000,KRAKEN-001,T-536de2af5c2171dd-178725,MARKET,SELL,0.02015546,GTC,False,False,0.02015546,TAKER,75876.49,0.0,['6.12 USD'],NO_TRIGGER,FILLED,NO_CONTINGENCY,,,,,,,,582672a1-5c29-4b64-94fa-1225ba3ca82f,2024-11-07 21:55:00+00:00,2024-11-07 21:55:00+00:00
O-20241108-075000-BACKTEST-000-571,KRAKEN-BACKTEST,KrakenBTCUSDResearchStrategy-000,BTC/USD.KRAKEN,KRAKEN-1-571,BTC/USD.KRAKEN-KrakenBTCUSDResearchStrategy-000,KRAKEN-001,T-d332ef21bee8177c-179194,MARKET,BUY,0.01996556,GTC,False,False,0.01996556,TAKER,76218.43,0.0,['6.09 USD'],NO_TRIGGER,FILLED,NO_CONTINGENCY,,,,,,,,82d9c4ab-e53b-4155-a6e8-7458a6a4ebfb,2024-11-08 07:50:00+00:00,2024-11-08 07:50:00+00:00
O-20241108-080000-BACKTEST-000-572,KRAKEN-BACKTEST,KrakenBTCUSDResearchStrategy-000,BTC/USD.KRAKEN,KRAKEN-1-572,BTC/USD.KRAKEN-KrakenBTCUSDResearchStrategy-000,KRAKEN-001,T-605809927415d828-179202,MARKET,SELL,0.01996556,GTC,False,False,0.01996556,TAKER,75943.1,0.0,['6.07 USD'],NO_TRIGGER,FILLED,NO_CONTINGENCY,,,,,,,,ad1e0e61-f309-4026-a36b-a84f90e40cb1,2024-11-08 08:00:00+00:00,2024-11-08 08:00:00+00:00
O-20241108-105500-BACKTEST-000-573,KRAKEN-BACKTEST,KrakenBTCUSDResearchStrategy-000,BTC/USD.KRAKEN,KRAKEN-1-573,BTC/USD.KRAKEN-KrakenBTCUSDResearchStrategy-000,KRAKEN-001,T-d25aac19332e31fa-179341,MARKET,BUY,0.01989307,GTC,False,False,0.01989307,TAKER,76229.98000000001,0.0,['6.07 USD'],NO_TRIGGER,FILLED,NO_CONTINGENCY,,,,,,,,9913fc6a-9bfa-42d7-a50c-2de8c6d2ca70,2024-11-08 10:55:00+00:00,2024-11-08 10:55:00+00:00
O-20241108-115000-BACKTEST-000-574,KRAKEN-BACKTEST,KrakenBTCUSDResearchStrategy-000,BTC/USD.KRAKEN,KRAKEN-1-574,BTC/USD.KRAKEN-KrakenBTCUSDResearchStrategy-000,KRAKEN-001,T-7cfd5c2acd6ad966-179385,MARKET,SELL,0.01989307,GTC,False,False,0.01989307,TAKER,76054.90999999999,0.0,['6.05 USD'],NO_TRIGGER,FILLED,NO_CONTINGENCY,,,,,,,,443ca6d8-0eb4-48fb-ae0d-75d63d147ea2,2024-11-08 11:50:00+00:00,2024-11-08 11:50:00+00:00
O-20241108-183000-BACKTEST-000-575,KRAKEN-BACKTEST,KrakenBTCUSDResearchStrategy-000,BTC/USD.KRAKEN,KRAKEN-1-575,BTC/USD.KRAKEN-KrakenBTCUSDResearchStrategy-000,KRAKEN-001,T-47a66b9c7b862cc0-179699,MARKET,BUY,0.01971684,GTC,False,False,0.01971684,TAKER,76674.0,0.0,['6.05 USD'],NO_TRIGGER,FILLED,NO_CONTINGENCY,,,,,,,,ce97bbb3-ae79-4e74-97a1-bfffc4dcd337,2024-11-08 18:30:00+00:00,2024-11-08 18:30:00+00:00
O-20241108-215000-BACKTEST-000-576,KRAKEN-BACKTEST,KrakenBTCUSDResearchStrategy-000,BTC/USD.KRAKEN,KRAKEN-1-576,BTC/USD.KRAKEN-KrakenBTCUSDResearchStrategy-000,KRAKEN-001,T-53aa350a0c407a1f-179857,MARKET,SELL,0.01971684,GTC,False,False,0.01971684,TAKER,76413.09000000001,0.0,['6.03 USD'],NO_TRIGGER,FILLED,NO_CONTINGENCY,,,,,,,,c2f2fa49-7cd1-4112-b886-654dc3705884,2024-11-08 21:50:00+00:00,2024-11-08 21:50:00+00:00
O-20241109-061000-BACKTEST-000-577,KRAKEN-BACKTEST,KrakenBTCUSDResearchStrategy-000,BTC/USD.KRAKEN,KRAKEN-1-577,BTC/USD.KRAKEN-KrakenBTCUSDResearchStrategy-000,KRAKEN-001,T-da1094cf0d77bfab-180243,MARKET,BUY,0.01964255,GTC,False,False,0.01964255,TAKER,76700.8,0.0,['6.03 USD'],NO_TRIGGER,FILLED,NO_CONTINGENCY,,,,,,,,7e901fd2-3cc8-4a96-847b-c1114bedc78e,2024-11-09 06:10:00+00:00,2024-11-09 06:10:00+00:00
O-20241109-063000-BACKTEST-000-578,KRAKEN-BACKTEST,KrakenBTCUSDResearchStrategy-000,BTC/USD.KRAKEN,KRAKEN-1-578,BTC/USD.KRAKEN-KrakenBTCUSDResearchStrategy-000,KRAKEN-001,T-9ee864042f4bbeda-180260,MARKET,SELL,0.01964255,GTC,False,False,0.01964255,TAKER,76532.9,0.0,['6.01 USD'],NO_TRIGGER,FILLED,NO_CONTINGENCY,,,,,,,,c8a34ca3-ab85-4019-9efd-3fff5a2716f6,2024-11-09 06:30:00+00:00,2024-11-09 06:30:00+00:00
O-20241109-230500-BACKTEST-000-579,KRAKEN-BACKTEST,KrakenBTCUSDResearchStrategy-000,BTC/USD.KRAKEN,KRAKEN-1-579,BTC/USD.KRAKEN-KrakenBTCUSDResearchStrategy-000,KRAKEN-001,T-fedc0acf2af555ee-181016,MARKET,BUY,0.01957987,GTC,False,False,0.01957987,TAKER,76711.33,0.0,['6.01 USD'],NO_TRIGGER,FILLED,NO_CONTINGENCY,,,,,,,,ba898d79-7c98-47ec-a013-d3dda1034d77,2024-11-09 23:05:00+00:00,2024-11-09 23:05:00+00:00
O-20241110-194000-BACKTEST-000-580,KRAKEN-BACKTEST,KrakenBTCUSDResearchStrategy-000,BTC/USD.KRAKEN,KRAKEN-1-580,BTC/USD.KRAKEN-KrakenBTCUSDResearchStrategy-000,KRAKEN-001,T-095efb7b3b33f0a4-181988,MARKET,SELL,0.01957987,GTC,False,False,0.01957987,TAKER,79798.0,0.0,['6.25 USD'],NO_TRIGGER,FILLED,NO_CONTINGENCY,,,,,,,,d645fbfc-53cb-4476-aaac-cc729f533ff4,2024-11-10 19:40:00+00:00,2024-11-10 19:40:00+00:00
O-20241110-222000-BACKTEST-000-581,KRAKEN-BACKTEST,KrakenBTCUSDResearchStrategy-000,BTC/USD.KRAKEN,KRAKEN-1-581,BTC/USD.KRAKEN-KrakenBTCUSDResearchStrategy-000,KRAKEN-001,T-3c66ee0b966d88a9-182117,MARKET,BUY,0.01866082,GTC,False,False,0.01866082,TAKER,81263.77,0.0,['6.07 USD'],NO_TRIGGER,FILLED,NO_CONTINGENCY,,,,,,,,a118680d-a210-47da-8951-d8c1cb1913cb,2024-11-10 22:20:00+00:00,2024-11-10 22:20:00+00:00
O-20241110-223000-BACKTEST-000-582,KRAKEN-BACKTEST,KrakenBTCUSDResearchStrategy-000,BTC/USD.KRAKEN,KRAKEN-1-582,BTC/USD.KRAKEN-KrakenBTCUSDResearchStrategy-000,KRAKEN-001,T-ed7efa86f9951d38-182126,MARKET,SELL,0.01866082,GTC,False,False,0.01866082,TAKER,80532.96,0.0,['6.01 USD'],NO_TRIGGER,FILLED,NO_CONTINGENCY,,,,,,,,ec7a8973-49ec-427f-acdc-83c34c7d45c0,2024-11-10 22:30:00+00:00,2024-11-10 22:30:00+00:00
O-20241111-035000-BACKTEST-000-583,KRAKEN-BACKTEST,KrakenBTCUSDResearchStrategy-000,BTC/USD.KRAKEN,KRAKEN-1-583,BTC/USD.KRAKEN-KrakenBTCUSDResearchStrategy-000,KRAKEN-001,T-fa3b5a929623f52d-182379,MARKET,BUY,0.01845951,GTC,False,False,0.01845951,TAKER,81731.99,0.0,['6.03 USD'],NO_TRIGGER,FILLED,NO_CONTINGENCY,,,,,,,,80f66456-d03c-4e6a-8be2-aa9a379a415c,2024-11-11 03:50:00+00:00,2024-11-11 03:50:00+00:00
O-20241111-042500-BACKTEST-000-584,KRAKEN-BACKTEST,KrakenBTCUSDResearchStrategy-000,BTC/USD.KRAKEN,KRAKEN-1-584,BTC/USD.KRAKEN-KrakenBTCUSDResearchStrategy-000,KRAKEN-001,T-397990388012b1cb-182405,MARKET,SELL,0.01845951,GTC,False,False,0.01845951,TAKER,81206.0,0.0,['6.00 USD'],NO_TRIGGER,FILLED,NO_CONTINGENCY,,,,,,,,a19acecf-3bec-4b2a-b042-fa1e4a6396fd,2024-11-11 04:25:00+00:00,2024-11-11 04:25:00+00:00
O-20241111-094500-BACKTEST-000-585,KRAKEN-BACKTEST,KrakenBTCUSDResearchStrategy-000,BTC/USD.KRAKEN,KRAKEN-1-585,BTC/USD.KRAKEN-KrakenBTCUSDResearchStrategy-000,KRAKEN-001,T-d635652fd5392310-182660,MARKET,BUY,0.01839565,GTC,False,False,0.01839565,TAKER,81661.18000000001,0.0,['6.01 USD'],NO_TRIGGER,FILLED,NO_CONTINGENCY,,,,,,,,13f6b6e4-d8ad-467d-bf42-0ef6970a8734,2024-11-11 09:45:00+00:00,2024-11-11 09:45:00+00:00
O-20241111-142000-BACKTEST-000-586,KRAKEN-BACKTEST,KrakenBTCUSDResearchStrategy-000,BTC/USD.KRAKEN,KRAKEN-1-586,BTC/USD.KRAKEN-KrakenBTCUSDResearchStrategy-000,KRAKEN-001,T-75f86198d4004790-182879,MARKET,SELL,0.01839565,GTC,False,False,0.01839565,TAKER,81560.0,0.0,['6.00 USD'],NO_TRIGGER,FILLED,NO_CONTINGENCY,,,,,,,,9e32442c-d7e5-4094-b088-93a1c7824cd8,2024-11-11 14:20:00+00:00,2024-11-11 14:20:00+00:00
O-20241111-153000-BACKTEST-000-587,KRAKEN-BACKTEST,KrakenBTCUSDResearchStrategy-000,BTC/USD.KRAKEN,KRAKEN-1-587,BTC/USD.KRAKEN-KrakenBTCUSDResearchStrategy-000,KRAKEN-001,T-faeed57fb29d6b5b-182936,MARKET,BUY,0.01683004,GTC,False,False,0.01683004,TAKER,83846.01999999999,0.0,['5.64 USD'],NO_TRIGGER,FILLED,NO_CONTINGENCY,,,,,,,,2c03e6ed-076b-45ea-b67b-29bdc075e9f8,2024-11-11 15:30:00+00:00,2024-11-11 15:30:00+00:00
O-20241112-024500-BACKTEST-000-588,KRAKEN-BACKTEST,KrakenBTCUSDResearchStrategy-000,BTC/USD.KRAKEN,KRAKEN-1-588,BTC/USD.KRAKEN-KrakenBTCUSDResearchStrategy-000,KRAKEN-001,T-7832e761e7346d42-183474,MARKET,SELL,0.01683004,GTC,False,False,0.01683004,TAKER,87199.99,0.0,['5.87 USD'],NO_TRIGGER,FILLED,NO_CONTINGENCY,,,,,,,,b52086d8-8c59-41cf-bd91-9a7ccfc18d17,2024-11-12 02:45:00+00:00,2024-11-12 02:45:00+00:00
O-20241112-064000-BACKTEST-000-589,KRAKEN-BACKTEST,KrakenBTCUSDResearchStrategy-000,BTC/USD.KRAKEN,KRAKEN-1-589,BTC/USD.KRAKEN-KrakenBTCUSDResearchStrategy-000,KRAKEN-001,T-3bceef82e65606f0-183663,MARKET,BUY,0.01690373,GTC,False,False,0.01690373,TAKER,89419.99,0.0,['6.05 USD'],NO_TRIGGER,FILLED,NO_CONTINGENCY,,,,,,,,020c2ea7-c94f-4f2a-bca3-54b4b5819620,2024-11-12 06:40:00+00:00,2024-11-12 06:40:00+00:00
O-20241112-082500-BACKTEST-000-590,KRAKEN-BACKTEST,KrakenBTCUSDResearchStrategy-000,BTC/USD.KRAKEN,KRAKEN-1-590,BTC/USD.KRAKEN-KrakenBTCUSDResearchStrategy-000,KRAKEN-001,T-db20eb58ece6be6d-183747,MARKET,SELL,0.01690373,GTC,False,False,0.01690373,TAKER,88776.01,0.0,['6.00 USD'],NO_TRIGGER,FILLED,NO_CONTINGENCY,,,,,,,,bab4e530-b99e-4a97-aa60-7e2697004636,2024-11-12 08:25:00+00:00,2024-11-12 08:25:00+00:00
O-20241112-173500-BACKTEST-000-591,KRAKEN-BACKTEST,KrakenBTCUSDResearchStrategy-000,BTC/USD.KRAKEN,KRAKEN-1-591,BTC/USD.KRAKEN-KrakenBTCUSDResearchStrategy-000,KRAKEN-001,T-ffe26bc9fca6a6ba-184184,MARKET,BUY,0.01600423,GTC,False,False,0.01600423,TAKER,87766.01,0.0,['5.62 USD'],NO_TRIGGER,FILLED,NO_CONTINGENCY,,,,,,,,97046b56-ec21-4b68-a5df-2aa9e85e3cf2,2024-11-12 17:35:00+00:00,2024-11-12 17:35:00+00:00
O-20241112-175500-BACKTEST-000-592,KRAKEN-BACKTEST,KrakenBTCUSDResearchStrategy-000,BTC/USD.KRAKEN,KRAKEN-1-592,BTC/USD.KRAKEN-KrakenBTCUSDResearchStrategy-000,KRAKEN-001,T-cf49a3aee688fdc1-184201,MARKET,SELL,0.01600423,GTC,False,False,0.01600423,TAKER,86966.07,0.0,['5.57 USD'],NO_TRIGGER,FILLED,NO_CONTINGENCY,,,,,,,,bc6b3efb-3902-4350-b1b4-b54eb143bebc,2024-11-12 17:55:00+00:00,2024-11-12 17:55:00+00:00
O-20241112-185000-BACKTEST-000-593,KRAKEN-BACKTEST,KrakenBTCUSDResearchStrategy-000,BTC/USD.KRAKEN,KRAKEN-1-593,BTC/USD.KRAKEN-KrakenBTCUSDResearchStrategy-000,KRAKEN-001,T-cfb799b5c087183a-184246,MARKET,BUY,0.01687765,GTC,False,False,0.01687765,TAKER,88723.99,0.0,['5.99 USD'],NO_TRIGGER,FILLED,NO_CONTINGENCY,,,,,,,,46b4da14-0f13-4879-ad61-e5a08d743165,2024-11-12 18:50:00+00:00,2024-11-12 18:50:00+00:00
O-20241112-220500-BACKTEST-000-594,KRAKEN-BACKTEST,KrakenBTCUSDResearchStrategy-000,BTC/USD.KRAKEN,KRAKEN-1-594,BTC/USD.KRAKEN-KrakenBTCUSDResearchStrategy-000,KRAKEN-001,T-c9bd33b4a6330b9f-184403,MARKET,SELL,0.01687765,GTC,False,False,0.01687765,TAKER,87780.0,0.0,['5.93 USD'],NO_TRIGGER,FILLED,NO_CONTINGENCY,,,,,,,,00d43b6c-f676-46fe-9b71-1674fd6e08ea,2024-11-12 22:05:00+00:00,2024-11-12 22:05:00+00:00
O-20241113-111000-BACKTEST-000-595,KRAKEN-BACKTEST,KrakenBTCUSDResearchStrategy-000,BTC/USD.KRAKEN,KRAKEN-1-595,BTC/USD.KRAKEN-KrakenBTCUSDResearchStrategy-000,KRAKEN-001,T-b5c4ea811a23931f-185025,MARKET,BUY,0.01694891,GTC,False,False,0.01694891,TAKER,87857.99,0.0,['5.96 USD'],NO_TRIGGER,FILLED,NO_CONTINGENCY,,,,,,,,809d6c49-e509-4c7a-b606-ff822e7718a8,2024-11-13 11:10:00+00:00,2024-11-13 11:10:00+00:00
O-20241113-191500-BACKTEST-000-596,KRAKEN-BACKTEST,KrakenBTCUSDResearchStrategy-000,BTC/USD.KRAKEN,KRAKEN-1-596,BTC/USD.KRAKEN-KrakenBTCUSDResearchStrategy-000,KRAKEN-001,T-48aa8cbec8b387f4-185410,MARKET,SELL,0.01694891,GTC,False,False,0.01694891,TAKER,90259.99,0.0,['6.12 USD'],NO_TRIGGER,FILLED,NO_CONTINGENCY,,,,,,,,be947ca4-1abc-4fb5-b58c-75bd7a7e64cf,2024-11-13 19:15:00+00:00,2024-11-13 19:15:00+00:00
O-20241114-080000-BACKTEST-000-597,KRAKEN-BACKTEST,KrakenBTCUSDResearchStrategy-000,BTC/USD.KRAKEN,KRAKEN-1-597,BTC/USD.KRAKEN-KrakenBTCUSDResearchStrategy-000,KRAKEN-001,T-9cb131de8f797a6b-186014,MARKET,BUY,0.01643408,GTC,False,False,0.01643408,TAKER,91132.98999999999,0.0,['5.99 USD'],NO_TRIGGER,FILLED,NO_CONTINGENCY,,,,,,,,01be7377-d318-42d1-82c6-d633ea7a30da,2024-11-14 08:00:00+00:00,2024-11-14 08:00:00+00:00
O-20241114-093000-BACKTEST-000-598,KRAKEN-BACKTEST,KrakenBTCUSDResearchStrategy-000,BTC/USD.KRAKEN,KRAKEN-1-598,BTC/USD.KRAKEN-KrakenBTCUSDResearchStrategy-000,KRAKEN-001,T-f0116802a5822dde-186084,MARKET,SELL,0.01643408,GTC,False,False,0.01643408,TAKER,90394.73999999999,0.0,['5.94 USD'],NO_TRIGGER,FILLED,NO_CONTINGENCY,,,,,,,,de98a682-cbc0-455b-900a-90bf88d28bfb,2024-11-14 09:30:00+00:00,2024-11-14 09:30:00+00:00
O-20241114-115000-BACKTEST-000-599,KRAKEN-BACKTEST,KrakenBTCUSDResearchStrategy-000,BTC/USD.KRAKEN,KRAKEN-1-599,BTC/USD.KRAKEN-KrakenBTCUSDResearchStrategy-000,KRAKEN-001,T-5234ba3c1ff1a926-186195,MARKET,BUY,0.01627928,GTC,False,False,0.01627928,TAKER,91555.98000000001,0.0,['5.96 USD'],NO_TRIGGER,FILLED,NO_CONTINGENCY,,,,,,,,141721d9-98ee-4b05-aab7-455737f7e30c,2024-11-14 11:50:00+00:00,2024-11-14 11:50:00+00:00
O-20241114-131500-BACKTEST-000-600,KRAKEN-BACKTEST,KrakenBTCUSDResearchStrategy-000,BTC/USD.KRAKEN,KRAKEN-1-600,BTC/USD.KRAKEN-KrakenBTCUSDResearchStrategy-000,KRAKEN-001,T-55421bafc0434630-186263,MARKET,SELL,0.01627928,GTC,False,False,0.01627928,TAKER,90935.81,0.0,['5.92 USD'],NO_TRIGGER,FILLED,NO_CONTINGENCY,,,,,,,,07ec1940-bdf1-4bad-b509-de401cd38b9d,2024-11-14 13:15:00+00:00,2024-11-14 13:15:00+00:00
O-20241114-143000-BACKTEST-000-601,KRAKEN-BACKTEST,KrakenBTCUSDResearchStrategy-000,BTC/USD.KRAKEN,KRAKEN-1-601,BTC/USD.KRAKEN-KrakenBTCUSDResearchStrategy-000,KRAKEN-001,T-34d7e6be5d9d9299-186324,MARKET,BUY,0.01618181,GTC,False,False,0.01618181,TAKER,91699.99,0.0,['5.94 USD'],NO_TRIGGER,FILLED,NO_CONTINGENCY,,,,,,,,5a5e93da-9a25-4bce-884c-51bef2304652,2024-11-14 14:30:00+00:00,2024-11-14 14:30:00+00:00
O-20241114-143500-BACKTEST-000-602,KRAKEN-BACKTEST,KrakenBTCUSDResearchStrategy-000,BTC/USD.KRAKEN,KRAKEN-1-602,BTC/USD.KRAKEN-KrakenBTCUSDResearchStrategy-000,KRAKEN-001,T-6c2d12328266a635-186329,MARKET,SELL,0.01618181,GTC,False,False,0.01618181,TAKER,90408.0,0.0,['5.85 USD'],NO_TRIGGER,FILLED,NO_CONTINGENCY,,,,,,,,5fb5a34b-737e-44c0-8836-b42bdf0684d3,2024-11-14 14:35:00+00:00,2024-11-14 14:35:00+00:00
O-20241115-092000-BACKTEST-000-603,KRAKEN-BACKTEST,KrakenBTCUSDResearchStrategy-000,BTC/USD.KRAKEN,KRAKEN-1-603,BTC/USD.KRAKEN-KrakenBTCUSDResearchStrategy-000,KRAKEN-001,T-47fa71f43688d9f2-187214,MARKET,BUY,0.01655433,GTC,False,False,0.01655433,TAKER,89044.03,0.0,['5.90 USD'],NO_TRIGGER,FILLED,NO_CONTINGENCY,,,,,,,,0b602be8-8813-48ad-9289-902b44d6e6ec,2024-11-15 09:20:00+00:00,2024-11-15 09:20:00+00:00
O-20241115-143000-BACKTEST-000-604,KRAKEN-BACKTEST,KrakenBTCUSDResearchStrategy-000,BTC/USD.KRAKEN,KRAKEN-1-604,BTC/USD.KRAKEN-KrakenBTCUSDResearchStrategy-000,KRAKEN-001,T-40805b50637beb8d-187460,MARKET,SELL,0.01655433,GTC,False,False,0.01655433,TAKER,88886.64,0.0,['5.89 USD'],NO_TRIGGER,FILLED,NO_CONTINGENCY,,,,,,,,90effaa4-cbd0-4086-9ba0-469b466ca3fb,2024-11-15 14:30:00+00:00,2024-11-15 14:30:00+00:00
O-20241115-193500-BACKTEST-000-605,KRAKEN-BACKTEST,KrakenBTCUSDResearchStrategy-000,BTC/USD.KRAKEN,KRAKEN-1-605,BTC/USD.KRAKEN-KrakenBTCUSDResearchStrategy-000,KRAKEN-001,T-731a5daf0a45224d-187703,MARKET,BUY,0.01629956,GTC,False,False,0.01629956,TAKER,90170.97,0.0,['5.88 USD'],NO_TRIGGER,FILLED,NO_CONTINGENCY,,,,,,,,c074564d-84ea-44c5-820a-038b8fed2d0a,2024-11-15 19:35:00+00:00,2024-11-15 19:35:00+00:00
O-20241116-073500-BACKTEST-000-606,KRAKEN-BACKTEST,KrakenBTCUSDResearchStrategy-000,BTC/USD.KRAKEN,KRAKEN-1-606,BTC/USD.KRAKEN-KrakenBTCUSDResearchStrategy-000,KRAKEN-001,T-004de609740ea7fc-188276,MARKET,SELL,0.01629956,GTC,False,False,0.01629956,TAKER,91162.58,0.0,['5.94 USD'],NO_TRIGGER,FILLED,NO_CONTINGENCY,,,,,,,,99b3f22d-f957-4fa4-ba04-e3a6bbd1704c,2024-11-16 07:35:00+00:00,2024-11-16 07:35:00+00:00
O-20241116-103000-BACKTEST-000-607,KRAKEN-BACKTEST,KrakenBTCUSDResearchStrategy-000,BTC/USD.KRAKEN,KRAKEN-1-607,BTC/USD.KRAKEN-KrakenBTCUSDResearchStrategy-000,KRAKEN-001,T-2ac5eddad89ec591-188410,MARKET,BUY,0.01606789,GTC,False,False,0.01606789,TAKER,91552.14,0.0,['5.88 USD'],NO_TRIGGER,FILLED,NO_CONTINGENCY,,,,,,,,ac2162c5-6942-4998-bd61-42bb12053206,2024-11-16 10:30:00+00:00,2024-11-16 10:30:00+00:00
O-20241116-110000-BACKTEST-000-608,KRAKEN-BACKTEST,KrakenBTCUSDResearchStrategy-000,BTC/USD.KRAKEN,KRAKEN-1-608,BTC/USD.KRAKEN-KrakenBTCUSDResearchStrategy-000,KRAKEN-001,T-b8cfd55ae530294a-188433,MARKET,SELL,0.01606789,GTC,False,False,0.01606789,TAKER,91276.01,0.0,['5.87 USD'],NO_TRIGGER,FILLED,NO_CONTINGENCY,,,,,,,,7a288abc-6f1c-4412-92b5-515ea10300d4,2024-11-16 11:00:00+00:00,2024-11-16 11:00:00+00:00
O-20241116-183500-BACKTEST-000-609,KRAKEN-BACKTEST,KrakenBTCUSDResearchStrategy-000,BTC/USD.KRAKEN,KRAKEN-1-609,BTC/USD.KRAKEN-KrakenBTCUSDResearchStrategy-000,KRAKEN-001,T-8ec5b5269827c0a2-188789,MARKET,BUY,0.01604922,GTC,False,False,0.01604922,TAKER,91356.01,0.0,['5.86 USD'],NO_TRIGGER,FILLED,NO_CONTINGENCY,,,,,,,,5d5ee64e-a048-4da9-bed5-8137c447cb92,2024-11-16 18:35:00+00:00,2024-11-16 18:35:00+00:00
O-20241116-191500-BACKTEST-000-610,KRAKEN-BACKTEST,KrakenBTCUSDResearchStrategy-000,BTC/USD.KRAKEN,KRAKEN-1-610,BTC/USD.KRAKEN-KrakenBTCUSDResearchStrategy-000,KRAKEN-001,T-f15a1aef43bb01cc-188822,MARKET,SELL,0.01604922,GTC,False,False,0.01604922,TAKER,91063.31,0.0,['5.85 USD'],NO_TRIGGER,FILLED,NO_CONTINGENCY,,,,,,,,2c779a45-2e4e-4499-9a7f-3cf4c71e3c67,2024-11-16 19:15:00+00:00,2024-11-16 19:15:00+00:00
O-20241117-085000-BACKTEST-000-611,KRAKEN-BACKTEST,KrakenBTCUSDResearchStrategy-000,BTC/USD.KRAKEN,KRAKEN-1-611,BTC/USD.KRAKEN-KrakenBTCUSDResearchStrategy-000,KRAKEN-001,T-fd07037bc8144b3b-189455,MARKET,BUY,0.01605159,GTC,False,False,0.01605159,TAKER,91036.0,0.0,['5.85 USD'],NO_TRIGGER,FILLED,NO_CONTINGENCY,,,,,,,,81d116b8-95cf-469f-8571-1b3856747ea9,2024-11-17 08:50:00+00:00,2024-11-17 08:50:00+00:00
O-20241117-111000-BACKTEST-000-612,KRAKEN-BACKTEST,KrakenBTCUSDResearchStrategy-000,BTC/USD.KRAKEN,KRAKEN-1-612,BTC/USD.KRAKEN-KrakenBTCUSDResearchStrategy-000,KRAKEN-001,T-d9bc35b0fd269e97-189563,MARKET,SELL,0.01605159,GTC,False,False,0.01605159,TAKER,90707.23999999999,0.0,['5.82 USD'],NO_TRIGGER,FILLED,NO_CONTINGENCY,,,,,,,,6f684005-23ed-4490-9274-7066f9d0d089,2024-11-17 11:10:00+00:00,2024-11-17 11:10:00+00:00
O-20241118-011500-BACKTEST-000-613,KRAKEN-BACKTEST,KrakenBTCUSDResearchStrategy-000,BTC/USD.KRAKEN,KRAKEN-1-613,BTC/USD.KRAKEN-KrakenBTCUSDResearchStrategy-000,KRAKEN-001,T-989832773ee3feaa-190222,MARKET,BUY,0.01613743,GTC,False,False,0.01613743,TAKER,90236.84,0.0,['5.82 USD'],NO_TRIGGER,FILLED,NO_CONTINGENCY,,,,,,,,a37431f2-4044-46e6-a4f9-0586267e190b,2024-11-18 01:15:00+00:00,2024-11-18 01:15:00+00:00
O-20241118-111000-BACKTEST-000-614,KRAKEN-BACKTEST,KrakenBTCUSDResearchStrategy-000,BTC/USD.KRAKEN,KRAKEN-1-614,BTC/USD.KRAKEN-KrakenBTCUSDResearchStrategy-000,KRAKEN-001,T-544cba6d6b33a8fb-190685,MARKET,SELL,0.01613743,GTC,False,False,0.01613743,TAKER,91134.72,0.0,['5.88 USD'],NO_TRIGGER,FILLED,NO_CONTINGENCY,,,,,,,,04f478b6-8a80-42d1-a5d0-8228cabaaaaf,2024-11-18 11:10:00+00:00,2024-11-18 11:10:00+00:00
O-20241118-155000-BACKTEST-000-615,KRAKEN-BACKTEST,KrakenBTCUSDResearchStrategy-000,BTC/USD.KRAKEN,KRAKEN-1-615,BTC/USD.KRAKEN-KrakenBTCUSDResearchStrategy-000,KRAKEN-001,T-3d7a7bd8ec07679e-190908,MARKET,BUY,0.01505665,GTC,False,False,0.01505665,TAKER,92551.99,0.0,['5.57 USD'],NO_TRIGGER,FILLED,NO_CONTINGENCY,,,,,,,,fe76e684-1406-4269-9530-9609ce2a922b,2024-11-18 15:50:00+00:00,2024-11-18 15:50:00+00:00
O-20241118-164000-BACKTEST-000-616,KRAKEN-BACKTEST,KrakenBTCUSDResearchStrategy-000,BTC/USD.KRAKEN,KRAKEN-1-616,BTC/USD.KRAKEN-KrakenBTCUSDResearchStrategy-000,KRAKEN-001,T-178499f6419bb13a-190949,MARKET,SELL,0.01505665,GTC,False,False,0.01505665,TAKER,91707.99,0.0,['5.52 USD'],NO_TRIGGER,FILLED,NO_CONTINGENCY,,,,,,,,b8ca56f9-b94f-4232-a1ee-c0be0f759c2f,2024-11-18 16:40:00+00:00,2024-11-18 16:40:00+00:00
O-20241119-042500-BACKTEST-000-617,KRAKEN-BACKTEST,KrakenBTCUSDResearchStrategy-000,BTC/USD.KRAKEN,KRAKEN-1-617,BTC/USD.KRAKEN-KrakenBTCUSDResearchStrategy-000,KRAKEN-001,T-7dd27fc9638614d0-191498,MARKET,BUY,0.01582353,GTC,False,False,0.01582353,TAKER,91628.73999999999,0.0,['5.80 USD'],NO_TRIGGER,FILLED,NO_CONTINGENCY,,,,,,,,0ab91454-3b84-4999-bca9-5cebc4aaeac6,2024-11-19 04:25:00+00:00,2024-11-19 04:25:00+00:00
O-20241119-052000-BACKTEST-000-618,KRAKEN-BACKTEST,KrakenBTCUSDResearchStrategy-000,BTC/USD.KRAKEN,KRAKEN-1-618,BTC/USD.KRAKEN-KrakenBTCUSDResearchStrategy-000,KRAKEN-001,T-a097545687ac8f85-191540,MARKET,SELL,0.01582353,GTC,False,False,0.01582353,TAKER,91345.0,0.0,['5.78 USD'],NO_TRIGGER,FILLED,NO_CONTINGENCY,,,,,,,,6966f2ef-59c1-4675-8be7-5768faf0d8c4,2024-11-19 05:20:00+00:00,2024-11-19 05:20:00+00:00
O-20241119-055500-BACKTEST-000-619,KRAKEN-BACKTEST,KrakenBTCUSDResearchStrategy-000,BTC/USD.KRAKEN,KRAKEN-1-619,BTC/USD.KRAKEN-KrakenBTCUSDResearchStrategy-000,KRAKEN-001,T-d06f90425de1c2fa-191569,MARKET,BUY,0.01572831,GTC,False,False,0.01572831,TAKER,91877.0,0.0,['5.78 USD'],NO_TRIGGER,FILLED,NO_CONTINGENCY,,,,,,,,bc103ddf-7598-44f4-9a71-6085fcf358bb,2024-11-19 05:55:00+00:00,2024-11-19 05:55:00+00:00
O-20241119-081000-BACKTEST-000-620,KRAKEN-BACKTEST,KrakenBTCUSDResearchStrategy-000,BTC/USD.KRAKEN,KRAKEN-1-620,BTC/USD.KRAKEN-KrakenBTCUSDResearchStrategy-000,KRAKEN-001,T-12d8c18b2f6869c0-191674,MARKET,SELL,0.01572831,GTC,False,False,0.01572831,TAKER,91551.33,0.0,['5.76 USD'],NO_TRIGGER,FILLED,NO_CONTINGENCY,,,,,,,,1e17105a-dd93-4466-9fe1-1dc2abe81db1,2024-11-19 08:10:00+00:00,2024-11-19 08:10:00+00:00
O-20241119-121000-BACKTEST-000-621,KRAKEN-BACKTEST,KrakenBTCUSDResearchStrategy-000,BTC/USD.KRAKEN,KRAKEN-1-621,BTC/USD.KRAKEN-KrakenBTCUSDResearchStrategy-000,KRAKEN-001,T-db5f8702f00eb04f-191860,MARKET,BUY,0.01564955,GTC,False,False,0.01564955,TAKER,92020.01,0.0,['5.76 USD'],NO_TRIGGER,FILLED,NO_CONTINGENCY,,,,,,,,a3f5a13a-de53-40f2-804f-f03b89f8fd9e,2024-11-19 12:10:00+00:00,2024-11-19 12:10:00+00:00
O-20241119-133000-BACKTEST-000-622,KRAKEN-BACKTEST,KrakenBTCUSDResearchStrategy-000,BTC/USD.KRAKEN,KRAKEN-1-622,BTC/USD.KRAKEN-KrakenBTCUSDResearchStrategy-000,KRAKEN-001,T-ef201b1b9b6c7698-191922,MARKET,SELL,0.01564955,GTC,False,False,0.01564955,TAKER,91783.98000000001,0.0,['5.75 USD'],NO_TRIGGER,FILLED,NO_CONTINGENCY,,,,,,,,059e85f4-dcec-4f91-b5fb-b43022112e5a,2024-11-19 13:30:00+00:00,2024-11-19 13:30:00+00:00
O-20241119-170500-BACKTEST-000-623,KRAKEN-BACKTEST,KrakenBTCUSDResearchStrategy-000,BTC/USD.KRAKEN,KRAKEN-1-623,BTC/USD.KRAKEN-KrakenBTCUSDResearchStrategy-000,KRAKEN-001,T-25462e850870555b-192094,MARKET,BUY,0.01545557,GTC,False,False,0.01545557,TAKER,92879.86,0.0,['5.74 USD'],NO_TRIGGER,FILLED,NO_CONTINGENCY,,,,,,,,02871da8-8de3-46c4-b671-bcd82daa97e3,2024-11-19 17:05:00+00:00,2024-11-19 17:05:00+00:00
O-20241119-204500-BACKTEST-000-624,KRAKEN-BACKTEST,KrakenBTCUSDResearchStrategy-000,BTC/USD.KRAKEN,KRAKEN-1-624,BTC/USD.KRAKEN-KrakenBTCUSDResearchStrategy-000,KRAKEN-001,T-d750d0b23e208b1f-192270,MARKET,SELL,0.01545557,GTC,False,False,0.01545557,TAKER,92699.02,0.0,['5.73 USD'],NO_TRIGGER,FILLED,NO_CONTINGENCY,,,,,,,,c46249e3-ae6e-430b-ab7f-a3532e4cfa52,2024-11-19 20:45:00+00:00,2024-11-19 20:45:00+00:00
O-20241120-060000-BACKTEST-000-625,KRAKEN-BACKTEST,KrakenBTCUSDResearchStrategy-000,BTC/USD.KRAKEN,KRAKEN-1-625,BTC/USD.KRAKEN-KrakenBTCUSDResearchStrategy-000,KRAKEN-001,T-c68e97569de12a49-192705,MARKET,BUY,0.01545602,GTC,False,False,0.01545602,TAKER,92600.42,0.0,['5.72 USD'],NO_TRIGGER,FILLED,NO_CONTINGENCY,,,,,,,,536f2d03-f3fa-422f-96e9-7cd72f38015c,2024-11-20 06:00:00+00:00,2024-11-20 06:00:00+00:00
O-20241120-070000-BACKTEST-000-626,KRAKEN-BACKTEST,KrakenBTCUSDResearchStrategy-000,BTC/USD.KRAKEN,KRAKEN-1-626,BTC/USD.KRAKEN-KrakenBTCUSDResearchStrategy-000,KRAKEN-001,T-2b7be68cb083decb-192751,MARKET,SELL,0.01545602,GTC,False,False,0.01545602,TAKER,92345.62,0.0,['5.71 USD'],NO_TRIGGER,FILLED,NO_CONTINGENCY,,,,,,,,2c124b0d-c627-4212-9451-d7cf6ed65da2,2024-11-20 07:00:00+00:00,2024-11-20 07:00:00+00:00
O-20241120-071500-BACKTEST-000-627,KRAKEN-BACKTEST,KrakenBTCUSDResearchStrategy-000,BTC/USD.KRAKEN,KRAKEN-1-627,BTC/USD.KRAKEN-KrakenBTCUSDResearchStrategy-000,KRAKEN-001,T-5d455dc35b3df07c-192764,MARKET,BUY,0.01538015,GTC,False,False,0.01538015,TAKER,92757.58,0.0,['5.71 USD'],NO_TRIGGER,FILLED,NO_CONTINGENCY,,,,,,,,96873048-f9a0-4a9c-a088-315914e8bc64,2024-11-20 07:15:00+00:00,2024-11-20 07:15:00+00:00
O-20241120-162000-BACKTEST-000-628,KRAKEN-BACKTEST,KrakenBTCUSDResearchStrategy-000,BTC/USD.KRAKEN,KRAKEN-1-628,BTC/USD.KRAKEN-KrakenBTCUSDResearchStrategy-000,KRAKEN-001,T-4414a1502572c48a-193198,MARKET,SELL,0.01538015,GTC,False,False,0.01538015,TAKER,93772.0,0.0,['5.77 USD'],NO_TRIGGER,FILLED,NO_CONTINGENCY,,,,,,,,8b63db8c-5979-41cc-80ca-5a25bb23ca37,2024-11-20 16:20:00+00:00,2024-11-20 16:20:00+00:00
O-20241121-002500-BACKTEST-000-629,KRAKEN-BACKTEST,KrakenBTCUSDResearchStrategy-000,BTC/USD.KRAKEN,KRAKEN-1-629,BTC/USD.KRAKEN-KrakenBTCUSDResearchStrategy-000,KRAKEN-001,T-79e504f43660f573-193582,MARKET,BUY,0.01505867,GTC,False,False,0.01505867,TAKER,94819.92,0.0,['5.71 USD'],NO_TRIGGER,FILLED,NO_CONTINGENCY,,,,,,,,c5cc20de-0aba-4c6d-b4ee-8b3be61a9c9e,2024-11-21 00:25:00+00:00,2024-11-21 00:25:00+00:00
O-20241121-020500-BACKTEST-000-630,KRAKEN-BACKTEST,KrakenBTCUSDResearchStrategy-000,BTC/USD.KRAKEN,KRAKEN-1-630,BTC/USD.KRAKEN-KrakenBTCUSDResearchStrategy-000,KRAKEN-001,T-746b90994c671cc7-193661,MARKET,SELL,0.01505867,GTC,False,False,0.01505867,TAKER,94449.37,0.0,['5.69 USD'],NO_TRIGGER,FILLED,NO_CONTINGENCY,,,,,,,,aaf10971-a67f-441a-b4eb-360e76592ffe,2024-11-21 02:05:00+00:00,2024-11-21 02:05:00+00:00
O-20241121-032500-BACKTEST-000-631,KRAKEN-BACKTEST,KrakenBTCUSDResearchStrategy-000,BTC/USD.KRAKEN,KRAKEN-1-631,BTC/USD.KRAKEN-KrakenBTCUSDResearchStrategy-000,KRAKEN-001,T-249fef845e56e84b-193725,MARKET,BUY,0.01486820,GTC,False,False,0.01486820,TAKER,95692.0,0.0,['5.69 USD'],NO_TRIGGER,FILLED,NO_CONTINGENCY,,,,,,,,9bf5d19f-9ce7-4b8f-a172-a8ac03db6037,2024-11-21 03:25:00+00:00,2024-11-21 03:25:00+00:00
O-20241121-132500-BACKTEST-000-632,KRAKEN-BACKTEST,KrakenBTCUSDResearchStrategy-000,BTC/USD.KRAKEN,KRAKEN-1-632,BTC/USD.KRAKEN-KrakenBTCUSDResearchStrategy-000,KRAKEN-001,T-119b1053f5043056-194191,MARKET,SELL,0.01486820,GTC,False,False,0.01486820,TAKER,97122.09,0.0,['5.78 USD'],NO_TRIGGER,FILLED,NO_CONTINGENCY,,,,,,,,969e3a21-2b57-4972-9706-38cf6495b09c,2024-11-21 13:25:00+00:00,2024-11-21 13:25:00+00:00
O-20241121-175000-BACKTEST-000-633,KRAKEN-BACKTEST,KrakenBTCUSDResearchStrategy-000,BTC/USD.KRAKEN,KRAKEN-1-633,BTC/USD.KRAKEN-KrakenBTCUSDResearchStrategy-000,KRAKEN-001,T-f36f0c68d33b8641-194404,MARKET,BUY,0.01457790,GTC,False,False,0.01457790,TAKER,97799.0,0.0,['5.70 USD'],NO_TRIGGER,FILLED,NO_CONTINGENCY,,,,,,,,6831f7cc-6da6-4bb8-ae0c-96965ea33704,2024-11-21 17:50:00+00:00,2024-11-21 17:50:00+00:00
O-20241121-214500-BACKTEST-000-634,KRAKEN-BACKTEST,KrakenBTCUSDResearchStrategy-000,BTC/USD.KRAKEN,KRAKEN-1-634,BTC/USD.KRAKEN-KrakenBTCUSDResearchStrategy-000,KRAKEN-001,T-209edf909b16ac10-194590,MARKET,SELL,0.01457790,GTC,False,False,0.01457790,TAKER,97640.01,0.0,['5.69 USD'],NO_TRIGGER,FILLED,NO_CONTINGENCY,,,,,,,,37500832-ce57-4280-8112-930c4817f7bb,2024-11-21 21:45:00+00:00,2024-11-21 21:45:00+00:00
O-20241122-031000-BACKTEST-000-635,KRAKEN-BACKTEST,KrakenBTCUSDResearchStrategy-000,BTC/USD.KRAKEN,KRAKEN-1-635,BTC/USD.KRAKEN-KrakenBTCUSDResearchStrategy-000,KRAKEN-001,T-155061fff44eca65-194842,MARKET,BUY,0.01437209,GTC,False,False,0.01437209,TAKER,98913.57,0.0,['5.69 USD'],NO_TRIGGER,FILLED,NO_CONTINGENCY,,,,,,,,58da8ad2-7ca9-425e-8c7d-23653a5971cf,2024-11-22 03:10:00+00:00,2024-11-22 03:10:00+00:00
O-20241122-033500-BACKTEST-000-636,KRAKEN-BACKTEST,KrakenBTCUSDResearchStrategy-000,BTC/USD.KRAKEN,KRAKEN-1-636,BTC/USD.KRAKEN-KrakenBTCUSDResearchStrategy-000,KRAKEN-001,T-41466251738ea6b4-194863,MARKET,SELL,0.01437209,GTC,False,False,0.01437209,TAKER,98445.56000000001,0.0,['5.66 USD'],NO_TRIGGER,FILLED,NO_CONTINGENCY,,,,,,,,39356fee-f2e8-48fe-a827-ae69cb1ee0e6,2024-11-22 03:35:00+00:00,2024-11-22 03:35:00+00:00
O-20241122-073000-BACKTEST-000-637,KRAKEN-BACKTEST,KrakenBTCUSDResearchStrategy-000,BTC/USD.KRAKEN,KRAKEN-1-637,BTC/USD.KRAKEN-KrakenBTCUSDResearchStrategy-000,KRAKEN-001,T-f0cf52a0dbef0d61-195048,MARKET,BUY,0.01425308,GTC,False,False,0.01425308,TAKER,99359.11,0.0,['5.66 USD'],NO_TRIGGER,FILLED,NO_CONTINGENCY,,,,,,,,e105e873-df22-4b1b-bcf3-5f2ff44a2471,2024-11-22 07:30:00+00:00,2024-11-22 07:30:00+00:00
O-20241122-081000-BACKTEST-000-638,KRAKEN-BACKTEST,KrakenBTCUSDResearchStrategy-000,BTC/USD.KRAKEN,KRAKEN-1-638,BTC/USD.KRAKEN-KrakenBTCUSDResearchStrategy-000,KRAKEN-001,T-797617852d13f13c-195081,MARKET,SELL,0.01425308,GTC,False,False,0.01425308,TAKER,99023.98000000001,0.0,['5.65 USD'],NO_TRIGGER,FILLED,NO_CONTINGENCY,,,,,,,,503919d5-b9c6-4d46-bee8-bfbe39e5eb8f,2024-11-22 08:10:00+00:00,2024-11-22 08:10:00+00:00
O-20241122-165000-BACKTEST-000-639,KRAKEN-BACKTEST,KrakenBTCUSDResearchStrategy-000,BTC/USD.KRAKEN,KRAKEN-1-639,BTC/USD.KRAKEN-KrakenBTCUSDResearchStrategy-000,KRAKEN-001,T-8a0815de7dd2336a-195486,MARKET,BUY,0.01427105,GTC,False,False,0.01427105,TAKER,98895.99,0.0,['5.65 USD'],NO_TRIGGER,FILLED,NO_CONTINGENCY,,,,,,,,f7df542e-1366-4162-ad3e-0f5d7f85f15b,2024-11-22 16:50:00+00:00,2024-11-22 16:50:00+00:00
O-20241122-212000-BACKTEST-000-640,KRAKEN-BACKTEST,KrakenBTCUSDResearchStrategy-000,BTC/USD.KRAKEN,KRAKEN-1-640,BTC/USD.KRAKEN-KrakenBTCUSDResearchStrategy-000,KRAKEN-001,T-96137068e091785f-195703,MARKET,SELL,0.01427105,GTC,False,False,0.01427105,TAKER,98823.06,0.0,['5.64 USD'],NO_TRIGGER,FILLED,NO_CONTINGENCY,,,,,,,,c2d5887b-845a-403d-8982-9f92c8c04a85,2024-11-22 21:20:00+00:00,2024-11-22 21:20:00+00:00
O-20241123-131000-BACKTEST-000-641,KRAKEN-BACKTEST,KrakenBTCUSDResearchStrategy-000,BTC/USD.KRAKEN,KRAKEN-1-641,BTC/USD.KRAKEN-KrakenBTCUSDResearchStrategy-000,KRAKEN-001,T-afb872f17a2a0d42-196434,MARKET,BUY,0.01424747,GTC,False,False,0.01424747,TAKER,98800.0,0.0,['5.63 USD'],NO_TRIGGER,FILLED,NO_CONTINGENCY,,,,,,,,db701fb7-7e04-41db-bcf1-8e7208ac099e,2024-11-23 13:10:00+00:00,2024-11-23 13:10:00+00:00
O-20241123-134500-BACKTEST-000-642,KRAKEN-BACKTEST,KrakenBTCUSDResearchStrategy-000,BTC/USD.KRAKEN,KRAKEN-1-642,BTC/USD.KRAKEN-KrakenBTCUSDResearchStrategy-000,KRAKEN-001,T-923150f7fcacfe9c-196462,MARKET,SELL,0.01424747,GTC,False,False,0.01424747,TAKER,98632.19,0.0,['5.62 USD'],NO_TRIGGER,FILLED,NO_CONTINGENCY,,,,,,,,6cab82de-a3db-4608-8d6e-3c1c70813d27,2024-11-23 13:45:00+00:00,2024-11-23 13:45:00+00:00
O-20241124-011000-BACKTEST-000-643,KRAKEN-BACKTEST,KrakenBTCUSDResearchStrategy-000,BTC/USD.KRAKEN,KRAKEN-1-643,BTC/USD.KRAKEN-KrakenBTCUSDResearchStrategy-000,KRAKEN-001,T-8c4ed3a616af4614-196986,MARKET,BUY,0.01427438,GTC,False,False,0.01427438,TAKER,98327.14,0.0,['5.61 USD'],NO_TRIGGER,FILLED,NO_CONTINGENCY,,,,,,,,4148f0ec-2c7f-4ce9-90c0-086315dbf9b5,2024-11-24 01:10:00+00:00,2024-11-24 01:10:00+00:00
O-20241124-035000-BACKTEST-000-644,KRAKEN-BACKTEST,KrakenBTCUSDResearchStrategy-000,BTC/USD.KRAKEN,KRAKEN-1-644,BTC/USD.KRAKEN-KrakenBTCUSDResearchStrategy-000,KRAKEN-001,T-a9876c9034226718-197108,MARKET,SELL,0.01427438,GTC,False,False,0.01427438,TAKER,98133.54,0.0,['5.60 USD'],NO_TRIGGER,FILLED,NO_CONTINGENCY,,,,,,,,b75b9a43-682a-41f9-9ea7-430d6657d68d,2024-11-24 03:50:00+00:00,2024-11-24 03:50:00+00:00
O-20241124-075500-BACKTEST-000-645,KRAKEN-BACKTEST,KrakenBTCUSDResearchStrategy-000,BTC/USD.KRAKEN,KRAKEN-1-645,BTC/USD.KRAKEN-KrakenBTCUSDResearchStrategy-000,KRAKEN-001,T-33934b5d7c25e567-197291,MARKET,BUY,0.01421673,GTC,False,False,0.01421673,TAKER,98431.05,0.0,['5.60 USD'],NO_TRIGGER,FILLED,NO_CONTINGENCY,,,,,,,,b671747e-b5ae-4173-9a99-3571a938324d,2024-11-24 07:55:00+00:00,2024-11-24 07:55:00+00:00
O-20241124-083000-BACKTEST-000-646,KRAKEN-BACKTEST,KrakenBTCUSDResearchStrategy-000,BTC/USD.KRAKEN,KRAKEN-1-646,BTC/USD.KRAKEN-KrakenBTCUSDResearchStrategy-000,KRAKEN-001,T-f10d87b11c8f2e81-197320,MARKET,SELL,0.01421673,GTC,False,False,0.01421673,TAKER,98157.36,0.0,['5.58 USD'],NO_TRIGGER,FILLED,NO_CONTINGENCY,,,,,,,,ec11d3e6-468a-42e4-9358-c2709216ac96,2024-11-24 08:30:00+00:00,2024-11-24 08:30:00+00:00
O-20241124-214000-BACKTEST-000-647,KRAKEN-BACKTEST,KrakenBTCUSDResearchStrategy-000,BTC/USD.KRAKEN,KRAKEN-1-647,BTC/USD.KRAKEN-KrakenBTCUSDResearchStrategy-000,KRAKEN-001,T-bb7ee767e2ca88c4-197932,MARKET,BUY,0.01439934,GTC,False,False,0.01439934,TAKER,96868.75,0.0,['5.58 USD'],NO_TRIGGER,FILLED,NO_CONTINGENCY,,,,,,,,fa947d6b-fc3f-4fcc-9e07-401ed14a1b41,2024-11-24 21:40:00+00:00,2024-11-24 21:40:00+00:00
O-20241125-012000-BACKTEST-000-648,KRAKEN-BACKTEST,KrakenBTCUSDResearchStrategy-000,BTC/USD.KRAKEN,KRAKEN-1-648,BTC/USD.KRAKEN-KrakenBTCUSDResearchStrategy-000,KRAKEN-001,T-cdcc51c525293f74-198102,MARKET,SELL,0.01439934,GTC,False,False,0.01439934,TAKER,96956.01999999999,0.0,['5.58 USD'],NO_TRIGGER,FILLED,NO_CONTINGENCY,,,,,,,,1652b2e3-90d0-44fa-a856-f85030266d94,2024-11-25 01:20:00+00:00,2024-11-25 01:20:00+00:00
O-20241125-052000-BACKTEST-000-649,KRAKEN-BACKTEST,KrakenBTCUSDResearchStrategy-000,BTC/USD.KRAKEN,KRAKEN-1-649,BTC/USD.KRAKEN-KrakenBTCUSDResearchStrategy-000,KRAKEN-001,T-42508a9b10296e06-198291,MARKET,BUY,0.01418369,GTC,False,False,0.01418369,TAKER,98132.0,0.0,['5.57 USD'],NO_TRIGGER,FILLED,NO_CONTINGENCY,,,,,,,,687bcd22-c82e-4201-8019-52d71be8a39a,2024-11-25 05:20:00+00:00,2024-11-25 05:20:00+00:00
O-20241125-074000-BACKTEST-000-650,KRAKEN-BACKTEST,KrakenBTCUSDResearchStrategy-000,BTC/USD.KRAKEN,KRAKEN-1-650,BTC/USD.KRAKEN-KrakenBTCUSDResearchStrategy-000,KRAKEN-001,T-32400fed1dc91ea2-198400,MARKET,SELL,0.01418369,GTC,False,False,0.01418369,TAKER,97843.61,0.0,['5.55 USD'],NO_TRIGGER,FILLED,NO_CONTINGENCY,,,,,,,,175b3f32-a148-466a-b5ad-275f8b55139e,2024-11-25 07:40:00+00:00,2024-11-25 07:40:00+00:00
O-20241125-090500-BACKTEST-000-651,KRAKEN-BACKTEST,KrakenBTCUSDResearchStrategy-000,BTC/USD.KRAKEN,KRAKEN-1-651,BTC/USD.KRAKEN-KrakenBTCUSDResearchStrategy-000,KRAKEN-001,T-dbde30ab2eb9af73-198469,MARKET,BUY,0.01408302,GTC,False,False,0.01408302,TAKER,98509.45999999999,0.0,['5.55 USD'],NO_TRIGGER,FILLED,NO_CONTINGENCY,,,,,,,,bd5731e5-d8b5-42ba-9394-21118ac86165,2024-11-25 09:05:00+00:00,2024-11-25 09:05:00+00:00
O-20241125-114000-BACKTEST-000-652,KRAKEN-BACKTEST,KrakenBTCUSDResearchStrategy-000,BTC/USD.KRAKEN,KRAKEN-1-652,BTC/USD.KRAKEN-KrakenBTCUSDResearchStrategy-000,KRAKEN-001,T-86f3faa0bd52e6d5-198593,MARKET,SELL,0.01408302,GTC,False,False,0.01408302,TAKER,98108.0,0.0,['5.53 USD'],NO_TRIGGER,FILLED,NO_CONTINGENCY,,,,,,,,b26816cd-4f2a-40c9-93bd-a271a05d924c,2024-11-25 11:40:00+00:00,2024-11-25 11:40:00+00:00
O-20241126-162000-BACKTEST-000-653,KRAKEN-BACKTEST,KrakenBTCUSDResearchStrategy-000,BTC/USD.KRAKEN,KRAKEN-1-653,BTC/USD.KRAKEN-KrakenBTCUSDResearchStrategy-000,KRAKEN-001,T-085ef1115dba328f-199943,MARKET,BUY,0.01473658,GTC,False,False,0.01473658,TAKER,93800.01,0.0,['5.53 USD'],NO_TRIGGER,FILLED,NO_CONTINGENCY,,,,,,,,532a1b66-18b4-469d-bd56-a060eb59352d,2024-11-26 16:20:00+00:00,2024-11-26 16:20:00+00:00
O-20241126-180500-BACKTEST-000-654,KRAKEN-BACKTEST,KrakenBTCUSDResearchStrategy-000,BTC/USD.KRAKEN,KRAKEN-1-654,BTC/USD.KRAKEN-KrakenBTCUSDResearchStrategy-000,KRAKEN-001,T-378b284ec98d2c67-200028,MARKET,SELL,0.01473658,GTC,False,False,0.01473658,TAKER,93181.34,0.0,['5.49 USD'],NO_TRIGGER,FILLED,NO_CONTINGENCY,,,,,,,,bf3088ec-76f5-45fb-876f-646b795e9374,2024-11-26 18:05:00+00:00,2024-11-26 18:05:00+00:00
O-20241127-015000-BACKTEST-000-655,KRAKEN-BACKTEST,KrakenBTCUSDResearchStrategy-000,BTC/USD.KRAKEN,KRAKEN-1-655,BTC/USD.KRAKEN-KrakenBTCUSDResearchStrategy-000,KRAKEN-001,T-8a96703e0f11a8c0-200397,MARKET,BUY,0.01483827,GTC,False,False,0.01483827,TAKER,92750.0,0.0,['5.51 USD'],NO_TRIGGER,FILLED,NO_CONTINGENCY,,,,,,,,a14a65e3-13b9-47e5-a12b-0185cbf0c792,2024-11-27 01:50:00+00:00,2024-11-27 01:50:00+00:00
O-20241127-050000-BACKTEST-000-656,KRAKEN-BACKTEST,KrakenBTCUSDResearchStrategy-000,BTC/USD.KRAKEN,KRAKEN-1-656,BTC/USD.KRAKEN-KrakenBTCUSDResearchStrategy-000,KRAKEN-001,T-7efee3505c55c56d-200547,MARKET,SELL,0.01483827,GTC,False,False,0.01483827,TAKER,92459.99,0.0,['5.49 USD'],NO_TRIGGER,FILLED,NO_CONTINGENCY,,,,,,,,0413d1b0-bf96-486e-8166-2e1848b3b112,2024-11-27 05:00:00+00:00,2024-11-27 05:00:00+00:00
O-20241127-061500-BACKTEST-000-657,KRAKEN-BACKTEST,KrakenBTCUSDResearchStrategy-000,BTC/USD.KRAKEN,KRAKEN-1-657,BTC/USD.KRAKEN-KrakenBTCUSDResearchStrategy-000,KRAKEN-001,T-0b41c2efef146bbc-200607,MARKET,BUY,0.01470257,GTC,False,False,0.01470257,TAKER,93293.86,0.0,['5.49 USD'],NO_TRIGGER,FILLED,NO_CONTINGENCY,,,,,,,,3707905c-7fcb-4073-9e98-ff80adaac5a6,2024-11-27 06:15:00+00:00,2024-11-27 06:15:00+00:00
O-20241127-120500-BACKTEST-000-658,KRAKEN-BACKTEST,KrakenBTCUSDResearchStrategy-000,BTC/USD.KRAKEN,KRAKEN-1-658,BTC/USD.KRAKEN-KrakenBTCUSDResearchStrategy-000,KRAKEN-001,T-bfc4a412d726bc53-200880,MARKET,SELL,0.01470257,GTC,False,False,0.01470257,TAKER,93172.01,0.0,['5.48 USD'],NO_TRIGGER,FILLED,NO_CONTINGENCY,,,,,,,,3168ed7a-07f0-4404-87b1-b26e3c20e256,2024-11-27 12:05:00+00:00,2024-11-27 12:05:00+00:00
O-20241127-135500-BACKTEST-000-659,KRAKEN-BACKTEST,KrakenBTCUSDResearchStrategy-000,BTC/USD.KRAKEN,KRAKEN-1-659,BTC/USD.KRAKEN-KrakenBTCUSDResearchStrategy-000,KRAKEN-001,T-b3638ae5b65ea8c4-200969,MARKET,BUY,0.01451065,GTC,False,False,0.01451065,TAKER,94264.0,0.0,['5.47 USD'],NO_TRIGGER,FILLED,NO_CONTINGENCY,,,,,,,,8b134bab-8c3e-4e70-9671-c1ff0fbcb71a,2024-11-27 13:55:00+00:00,2024-11-27 13:55:00+00:00
O-20241127-231500-BACKTEST-000-660,KRAKEN-BACKTEST,KrakenBTCUSDResearchStrategy-000,BTC/USD.KRAKEN,KRAKEN-1-660,BTC/USD.KRAKEN-KrakenBTCUSDResearchStrategy-000,KRAKEN-001,T-adb6bef0d9043186-201405,MARKET,SELL,0.01451065,GTC,False,False,0.01451065,TAKER,95785.06999999999,0.0,['5.56 USD'],NO_TRIGGER,FILLED,NO_CONTINGENCY,,,,,,,,b8987072-227a-415e-a688-ee3244b25178,2024-11-27 23:15:00+00:00,2024-11-27 23:15:00+00:00
O-20241128-140000-BACKTEST-000-661,KRAKEN-BACKTEST,KrakenBTCUSDResearchStrategy-000,BTC/USD.KRAKEN,KRAKEN-1-661,BTC/USD.KRAKEN-KrakenBTCUSDResearchStrategy-000,KRAKEN-001,T-46275b5cd82b9aec-202104,MARKET,BUY,0.01430296,GTC,False,False,0.01430296,TAKER,95864.3,0.0,['5.48 USD'],NO_TRIGGER,FILLED,NO_CONTINGENCY,,,,,,,,73051655-2890-4a81-814a-e77beff868f2,2024-11-28 14:00:00+00:00,2024-11-28 14:00:00+00:00
O-20241128-145500-BACKTEST-000-662,KRAKEN-BACKTEST,KrakenBTCUSDResearchStrategy-000,BTC/USD.KRAKEN,KRAKEN-1-662,BTC/USD.KRAKEN-KrakenBTCUSDResearchStrategy-000,KRAKEN-001,T-0bf39eeb0f80e2a5-202149,MARKET,SELL,0.01430296,GTC,False,False,0.01430296,TAKER,95376.04,0.0,['5.46 USD'],NO_TRIGGER,FILLED,NO_CONTINGENCY,,,,,,,,6f9833cb-91b4-48d6-aa9e-e1f534f007e3,2024-11-28 14:55:00+00:00,2024-11-28 14:55:00+00:00
O-20241128-223500-BACKTEST-000-663,KRAKEN-BACKTEST,KrakenBTCUSDResearchStrategy-000,BTC/USD.KRAKEN,KRAKEN-1-663,BTC/USD.KRAKEN-KrakenBTCUSDResearchStrategy-000,KRAKEN-001,T-297d05a8b26b67d4-202503,MARKET,BUY,0.01430283,GTC,False,False,0.01430283,TAKER,95489.29,0.0,['5.46 USD'],NO_TRIGGER,FILLED,NO_CONTINGENCY,,,,,,,,2f74c99e-2d6f-4d57-8e4e-343188f39d60,2024-11-28 22:35:00+00:00,2024-11-28 22:35:00+00:00
O-20241129-061000-BACKTEST-000-664,KRAKEN-BACKTEST,KrakenBTCUSDResearchStrategy-000,BTC/USD.KRAKEN,KRAKEN-1-664,BTC/USD.KRAKEN-KrakenBTCUSDResearchStrategy-000,KRAKEN-001,T-393dd48145fca656-202859,MARKET,SELL,0.01430283,GTC,False,False,0.01430283,TAKER,96049.23,0.0,['5.50 USD'],NO_TRIGGER,FILLED,NO_CONTINGENCY,,,,,,,,bf249994-549a-4d59-9043-a6b620257cc9,2024-11-29 06:10:00+00:00,2024-11-29 06:10:00+00:00
O-20241129-100500-BACKTEST-000-665,KRAKEN-BACKTEST,KrakenBTCUSDResearchStrategy-000,BTC/USD.KRAKEN,KRAKEN-1-665,BTC/USD.KRAKEN-KrakenBTCUSDResearchStrategy-000,KRAKEN-001,T-90708df7b5fa648c-203041,MARKET,BUY,0.01412805,GTC,False,False,0.01412805,TAKER,96608.01,0.0,['5.46 USD'],NO_TRIGGER,FILLED,NO_CONTINGENCY,,,,,,,,c8f329ed-35ee-4f58-93d5-b0320af82970,2024-11-29 10:05:00+00:00,2024-11-29 10:05:00+00:00
O-20241129-171000-BACKTEST-000-666,KRAKEN-BACKTEST,KrakenBTCUSDResearchStrategy-000,BTC/USD.KRAKEN,KRAKEN-1-666,BTC/USD.KRAKEN-KrakenBTCUSDResearchStrategy-000,KRAKEN-001,T-6ba77b1fcb5ee237-203374,MARKET,SELL,0.01412805,GTC,False,False,0.01412805,TAKER,97143.99,0.0,['5.49 USD'],NO_TRIGGER,FILLED,NO_CONTINGENCY,,,,,,,,49ea1b44-a4ee-417e-9e63-356e8148301a,2024-11-29 17:10:00+00:00,2024-11-29 17:10:00+00:00
O-20241130-160500-BACKTEST-000-667,KRAKEN-BACKTEST,KrakenBTCUSDResearchStrategy-000,BTC/USD.KRAKEN,KRAKEN-1-667,BTC/USD.KRAKEN-KrakenBTCUSDResearchStrategy-000,KRAKEN-001,T-a9a79a9797221c85-204439,MARKET,BUY,0.01409919,GTC,False,False,0.01409919,TAKER,96734.01999999999,0.0,['5.46 USD'],NO_TRIGGER,FILLED,NO_CONTINGENCY,,,,,,,,5069490d-3a44-4b8d-8105-8acc52a9ce8e,2024-11-30 16:05:00+00:00,2024-11-30 16:05:00+00:00
O-20241130-161500-BACKTEST-000-668,KRAKEN-BACKTEST,KrakenBTCUSDResearchStrategy-000,BTC/USD.KRAKEN,KRAKEN-1-668,BTC/USD.KRAKEN-KrakenBTCUSDResearchStrategy-000,KRAKEN-001,T-9dd32f0c75a5a83f-204448,MARKET,SELL,0.01409919,GTC,False,False,0.01409919,TAKER,96581.72,0.0,['5.45 USD'],NO_TRIGGER,FILLED,NO_CONTINGENCY,,,,,,,,9f012e0a-87cc-4260-9429-653d727ec609,2024-11-30 16:15:00+00:00,2024-11-30 16:15:00+00:00
O-20241130-185000-BACKTEST-000-669,KRAKEN-BACKTEST,KrakenBTCUSDResearchStrategy-000,BTC/USD.KRAKEN,KRAKEN-1-669,BTC/USD.KRAKEN-KrakenBTCUSDResearchStrategy-000,KRAKEN-001,T-c407ccf7c55f7d53-204571,MARKET,BUY,0.01402383,GTC,False,False,0.01402383,TAKER,96974.49,0.0,['5.44 USD'],NO_TRIGGER,FILLED,NO_CONTINGENCY,,,,,,,,e6893fbe-31eb-4e71-9870-135de01a5379,2024-11-30 18:50:00+00:00,2024-11-30 18:50:00+00:00
O-20241130-204000-BACKTEST-000-670,KRAKEN-BACKTEST,KrakenBTCUSDResearchStrategy-000,BTC/USD.KRAKEN,KRAKEN-1-670,BTC/USD.KRAKEN-KrakenBTCUSDResearchStrategy-000,KRAKEN-001,T-5cafb40a267bc1af-204656,MARKET,SELL,0.01402383,GTC,False,False,0.01402383,TAKER,96855.48000000001,0.0,['5.43 USD'],NO_TRIGGER,FILLED,NO_CONTINGENCY,,,,,,,,bff9c441-ad81-422d-9625-fe4013b33852,2024-11-30 20:40:00+00:00,2024-11-30 20:40:00+00:00
O-20241201-080500-BACKTEST-000-671,KRAKEN-BACKTEST,KrakenBTCUSDResearchStrategy-000,BTC/USD.KRAKEN,KRAKEN-1-671,BTC/USD.KRAKEN-KrakenBTCUSDResearchStrategy-000,KRAKEN-001,T-3d8524a0e82febe5-205186,MARKET,BUY,0.01405034,GTC,False,False,0.01405034,TAKER,96523.77,0.0,['5.42 USD'],NO_TRIGGER,FILLED,NO_CONTINGENCY,,,,,,,,b7f1479e-888b-4c67-a5ed-7c05d4d53ce5,2024-12-01 08:05:00+00:00,2024-12-01 08:05:00+00:00
O-20241201-103500-BACKTEST-000-672,KRAKEN-BACKTEST,KrakenBTCUSDResearchStrategy-000,BTC/USD.KRAKEN,KRAKEN-1-672,BTC/USD.KRAKEN-KrakenBTCUSDResearchStrategy-000,KRAKEN-001,T-f4c479aaa2b97c8f-205301,MARKET,SELL,0.01405034,GTC,False,False,0.01405034,TAKER,96570.23,0.0,['5.43 USD'],NO_TRIGGER,FILLED,NO_CONTINGENCY,,,,,,,,a910fa71-3dc1-47f6-bf86-20ddaa5a884c,2024-12-01 10:35:00+00:00,2024-12-01 10:35:00+00:00
O-20241201-132000-BACKTEST-000-673,KRAKEN-BACKTEST,KrakenBTCUSDResearchStrategy-000,BTC/USD.KRAKEN,KRAKEN-1-673,BTC/USD.KRAKEN-KrakenBTCUSDResearchStrategy-000,KRAKEN-001,T-070515c83ad24e7d-205433,MARKET,BUY,0.01390901,GTC,False,False,0.01390901,TAKER,97284.54000000001,0.0,['5.41 USD'],NO_TRIGGER,FILLED,NO_CONTINGENCY,,,,,,,,984775b3-03f3-4412-8318-b45936e6a72a,2024-12-01 13:20:00+00:00,2024-12-01 13:20:00+00:00
O-20241201-134500-BACKTEST-000-674,KRAKEN-BACKTEST,KrakenBTCUSDResearchStrategy-000,BTC/USD.KRAKEN,KRAKEN-1-674,BTC/USD.KRAKEN-KrakenBTCUSDResearchStrategy-000,KRAKEN-001,T-54947fd2195ee765-205454,MARKET,SELL,0.01390901,GTC,False,False,0.01390901,TAKER,97080.0,0.0,['5.40 USD'],NO_TRIGGER,FILLED,NO_CONTINGENCY,,,,,,,,5b3079f7-39cf-41fe-b66d-45590b783c33,2024-12-01 13:45:00+00:00,2024-12-01 13:45:00+00:00
O-20241201-180500-BACKTEST-000-675,KRAKEN-BACKTEST,KrakenBTCUSDResearchStrategy-000,BTC/USD.KRAKEN,KRAKEN-1-675,BTC/USD.KRAKEN-KrakenBTCUSDResearchStrategy-000,KRAKEN-001,T-0d8208f86897fc7f-205655,MARKET,BUY,0.01384528,GTC,False,False,0.01384528,TAKER,97436.59,0.0,['5.40 USD'],NO_TRIGGER,FILLED,NO_CONTINGENCY,,,,,,,,e2546bd7-bad1-44a5-8dac-cf6f9b5cbc59,2024-12-01 18:05:00+00:00,2024-12-01 18:05:00+00:00
O-20241201-183500-BACKTEST-000-676,KRAKEN-BACKTEST,KrakenBTCUSDResearchStrategy-000,BTC/USD.KRAKEN,KRAKEN-1-676,BTC/USD.KRAKEN-KrakenBTCUSDResearchStrategy-000,KRAKEN-001,T-9f30234444633731-205678,MARKET,SELL,0.01384528,GTC,False,False,0.01384528,TAKER,97258.8,0.0,['5.39 USD'],NO_TRIGGER,FILLED,NO_CONTINGENCY,,,,,,,,0bd41d85-3a67-4d75-af59-28634e097704,2024-12-01 18:35:00+00:00,2024-12-01 18:35:00+00:00
O-20241201-214500-BACKTEST-000-677,KRAKEN-BACKTEST,KrakenBTCUSDResearchStrategy-000,BTC/USD.KRAKEN,KRAKEN-1-677,BTC/USD.KRAKEN-KrakenBTCUSDResearchStrategy-000,KRAKEN-001,T-4855f79ce0d43565-205828,MARKET,BUY,0.01378155,GTC,False,False,0.01378155,TAKER,97598.72,0.0,['5.38 USD'],NO_TRIGGER,FILLED,NO_CONTINGENCY,,,,,,,,70a6ab05-e7f3-4f20-a64e-c0114f2a0a93,2024-12-01 21:45:00+00:00,2024-12-01 21:45:00+00:00
O-20241201-234500-BACKTEST-000-678,KRAKEN-BACKTEST,KrakenBTCUSDResearchStrategy-000,BTC/USD.KRAKEN,KRAKEN-1-678,BTC/USD.KRAKEN-KrakenBTCUSDResearchStrategy-000,KRAKEN-001,T-0f138745ed66bf8b-205925,MARKET,SELL,0.01378155,GTC,False,False,0.01378155,TAKER,97242.90999999999,0.0,['5.36 USD'],NO_TRIGGER,FILLED,NO_CONTINGENCY,,,,,,,,045ef257-3036-4b30-a91a-a8e030bdfdff,2024-12-01 23:45:00+00:00,2024-12-01 23:45:00+00:00
O-20241202-012000-BACKTEST-000-679,KRAKEN-BACKTEST,KrakenBTCUSDResearchStrategy-000,BTC/USD.KRAKEN,KRAKEN-1-679,BTC/USD.KRAKEN-KrakenBTCUSDResearchStrategy-000,KRAKEN-001,T-8b08b2eb44d8ff8c-206001,MARKET,BUY,0.01369177,GTC,False,False,0.01369177,TAKER,97895.99,0.0,['5.36 USD'],NO_TRIGGER,FILLED,NO_CONTINGENCY,,,,,,,,1d0cf9ad-75cb-40e4-aa7c-bcc84ed97777,2024-12-02 01:20:00+00:00,2024-12-02 01:20:00+00:00
O-20241202-023500-BACKTEST-000-680,KRAKEN-BACKTEST,KrakenBTCUSDResearchStrategy-000,BTC/USD.KRAKEN,KRAKEN-1-680,BTC/USD.KRAKEN-KrakenBTCUSDResearchStrategy-000,KRAKEN-001,T-11f9ad09018c325e-206059,MARKET,SELL,0.01369177,GTC,False,False,0.01369177,TAKER,97500.0,0.0,['5.34 USD'],NO_TRIGGER,FILLED,NO_CONTINGENCY,,,,,,,,6c70e724-3a78-4f60-84bc-ac133ec2b0cb,2024-12-02 02:35:00+00:00,2024-12-02 02:35:00+00:00
O-20241202-144000-BACKTEST-000-681,KRAKEN-BACKTEST,KrakenBTCUSDResearchStrategy-000,BTC/USD.KRAKEN,KRAKEN-1-681,BTC/USD.KRAKEN-KrakenBTCUSDResearchStrategy-000,KRAKEN-001,T-f0fb64eb0d890e4c-206630,MARKET,BUY,0.01380853,GTC,False,False,0.01380853,TAKER,96718.01999999999,0.0,['5.34 USD'],NO_TRIGGER,FILLED,NO_CONTINGENCY,,,,,,,,b1903602-2b08-42bf-b8e4-c94bf14446f1,2024-12-02 14:40:00+00:00,2024-12-02 14:40:00+00:00
O-20241202-150000-BACKTEST-000-682,KRAKEN-BACKTEST,KrakenBTCUSDResearchStrategy-000,BTC/USD.KRAKEN,KRAKEN-1-682,BTC/USD.KRAKEN-KrakenBTCUSDResearchStrategy-000,KRAKEN-001,T-4142fb91b3a18362-206647,MARKET,SELL,0.01380853,GTC,False,False,0.01380853,TAKER,96011.14,0.0,['5.30 USD'],NO_TRIGGER,FILLED,NO_CONTINGENCY,,,,,,,,8cb50d2a-41d0-4e2c-9b0d-615728149787,2024-12-02 15:00:00+00:00,2024-12-02 15:00:00+00:00
O-20241202-160500-BACKTEST-000-683,KRAKEN-BACKTEST,KrakenBTCUSDResearchStrategy-000,BTC/USD.KRAKEN,KRAKEN-1-683,BTC/USD.KRAKEN-KrakenBTCUSDResearchStrategy-000,KRAKEN-001,T-0dc1f63dbb7318fd-206700,MARKET,BUY,0.01365905,GTC,False,False,0.01365905,TAKER,97328.42,0.0,['5.32 USD'],NO_TRIGGER,FILLED,NO_CONTINGENCY,,,,,,,,46bdd08b-0894-4a88-8267-5b299183d698,2024-12-02 16:05:00+00:00,2024-12-02 16:05:00+00:00
O-20241202-162500-BACKTEST-000-684,KRAKEN-BACKTEST,KrakenBTCUSDResearchStrategy-000,BTC/USD.KRAKEN,KRAKEN-1-684,BTC/USD.KRAKEN-KrakenBTCUSDResearchStrategy-000,KRAKEN-001,T-f87e0d991a5aee9a-206717,MARKET,SELL,0.01365905,GTC,False,False,0.01365905,TAKER,96599.99,0.0,['5.28 USD'],NO_TRIGGER,FILLED,NO_CONTINGENCY,,,,,,,,520d81f2-0b2e-454f-87c4-790297847b01,2024-12-02 16:25:00+00:00,2024-12-02 16:25:00+00:00
O-20241203-024000-BACKTEST-000-685,KRAKEN-BACKTEST,KrakenBTCUSDResearchStrategy-000,BTC/USD.KRAKEN,KRAKEN-1-685,BTC/USD.KRAKEN-KrakenBTCUSDResearchStrategy-000,KRAKEN-001,T-9d2f8e6c0a4fbbfd-207202,MARKET,BUY,0.01376319,GTC,False,False,0.01376319,TAKER,96144.0,0.0,['5.29 USD'],NO_TRIGGER,FILLED,NO_CONTINGENCY,,,,,,,,0af37a5c-c001-4b0f-be93-b897d5dd4b20,2024-12-03 02:40:00+00:00,2024-12-03 02:40:00+00:00
O-20241203-045000-BACKTEST-000-686,KRAKEN-BACKTEST,KrakenBTCUSDResearchStrategy-000,BTC/USD.KRAKEN,KRAKEN-1-686,BTC/USD.KRAKEN-KrakenBTCUSDResearchStrategy-000,KRAKEN-001,T-33d909d216dafdd5-207304,MARKET,SELL,0.01376319,GTC,False,False,0.01376319,TAKER,95947.39,0.0,['5.28 USD'],NO_TRIGGER,FILLED,NO_CONTINGENCY,,,,,,,,98e5b0a5-59ca-4595-a1ae-74415aea7722,2024-12-03 04:50:00+00:00,2024-12-03 04:50:00+00:00
O-20241203-211500-BACKTEST-000-687,KRAKEN-BACKTEST,KrakenBTCUSDResearchStrategy-000,BTC/USD.KRAKEN,KRAKEN-1-687,BTC/USD.KRAKEN-KrakenBTCUSDResearchStrategy-000,KRAKEN-001,T-ce6eab1f34eb72e3-208080,MARKET,BUY,0.01374759,GTC,False,False,0.01374759,TAKER,95963.31,0.0,['5.28 USD'],NO_TRIGGER,FILLED,NO_CONTINGENCY,,,,,,,,efd443b7-000e-4d82-861c-08d6d0fecdc7,2024-12-03 21:15:00+00:00,2024-12-03 21:15:00+00:00
O-20241204-003500-BACKTEST-000-688,KRAKEN-BACKTEST,KrakenBTCUSDResearchStrategy-000,BTC/USD.KRAKEN,KRAKEN-1-688,BTC/USD.KRAKEN-KrakenBTCUSDResearchStrategy-000,KRAKEN-001,T-47fcf9737f14fa7d-208234,MARKET,SELL,0.01374759,GTC,False,False,0.01374759,TAKER,95612.98999999999,0.0,['5.26 USD'],NO_TRIGGER,FILLED,NO_CONTINGENCY,,,,,,,,4005e63b-e0f1-444e-b9c1-6982b26a9d94,2024-12-04 00:35:00+00:00,2024-12-04 00:35:00+00:00
O-20241204-062500-BACKTEST-000-689,KRAKEN-BACKTEST,KrakenBTCUSDResearchStrategy-000,BTC/USD.KRAKEN,KRAKEN-1-689,BTC/USD.KRAKEN-KrakenBTCUSDResearchStrategy-000,KRAKEN-001,T-a1dcb068bd291149-208509,MARKET,BUY,0.01359899,GTC,False,False,0.01359899,TAKER,96673.33,0.0,['5.26 USD'],NO_TRIGGER,FILLED,NO_CONTINGENCY,,,,,,,,da6a677f-2e26-4f51-b7ce-30a8539b9f36,2024-12-04 06:25:00+00:00,2024-12-04 06:25:00+00:00
O-20241204-070000-BACKTEST-000-690,KRAKEN-BACKTEST,KrakenBTCUSDResearchStrategy-000,BTC/USD.KRAKEN,KRAKEN-1-690,BTC/USD.KRAKEN-KrakenBTCUSDResearchStrategy-000,KRAKEN-001,T-81f1d7b1699f67e7-208537,MARKET,SELL,0.01359899,GTC,False,False,0.01359899,TAKER,96447.58,0.0,['5.25 USD'],NO_TRIGGER,FILLED,NO_CONTINGENCY,,,,,,,,4b793cf3-9c3f-4b3b-9024-03d0b48a233a,2024-12-04 07:00:00+00:00,2024-12-04 07:00:00+00:00
O-20241204-081000-BACKTEST-000-691,KRAKEN-BACKTEST,KrakenBTCUSDResearchStrategy-000,BTC/USD.KRAKEN,KRAKEN-1-691,BTC/USD.KRAKEN-KrakenBTCUSDResearchStrategy-000,KRAKEN-001,T-899343df410ce628-208593,MARKET,BUY,0.01354974,GTC,False,False,0.01354974,TAKER,96724.01,0.0,['5.24 USD'],NO_TRIGGER,FILLED,NO_CONTINGENCY,,,,,,,,d4859435-f965-45d8-a7c3-4576c05560d3,2024-12-04 08:10:00+00:00,2024-12-04 08:10:00+00:00
O-20241204-104500-BACKTEST-000-692,KRAKEN-BACKTEST,KrakenBTCUSDResearchStrategy-000,BTC/USD.KRAKEN,KRAKEN-1-692,BTC/USD.KRAKEN-KrakenBTCUSDResearchStrategy-000,KRAKEN-001,T-f5bb663850047ff5-208714,MARKET,SELL,0.01354974,GTC,False,False,0.01354974,TAKER,96517.18000000001,0.0,['5.23 USD'],NO_TRIGGER,FILLED,NO_CONTINGENCY,,,,,,,,ebf2e36c-ea79-49cf-b670-d86a3f875536,2024-12-04 10:45:00+00:00,2024-12-04 10:45:00+00:00
O-20241204-191500-BACKTEST-000-693,KRAKEN-BACKTEST,KrakenBTCUSDResearchStrategy-000,BTC/USD.KRAKEN,KRAKEN-1-693,BTC/USD.KRAKEN-KrakenBTCUSDResearchStrategy-000,KRAKEN-001,T-fdfeb74249140c85-209113,MARKET,BUY,0.01351908,GTC,False,False,0.01351908,TAKER,96648.7,0.0,['5.23 USD'],NO_TRIGGER,FILLED,NO_CONTINGENCY,,,,,,,,4c35cc5d-3328-4e27-9371-829c789bb305,2024-12-04 19:15:00+00:00,2024-12-04 19:15:00+00:00
O-20241205-152000-BACKTEST-000-694,KRAKEN-BACKTEST,KrakenBTCUSDResearchStrategy-000,BTC/USD.KRAKEN,KRAKEN-1-694,BTC/USD.KRAKEN-KrakenBTCUSDResearchStrategy-000,KRAKEN-001,T-6aa1a551f2d65d75-210054,MARKET,SELL,0.01351908,GTC,False,False,0.01351908,TAKER,102192.37000000001,0.0,['5.53 USD'],NO_TRIGGER,FILLED,NO_CONTINGENCY,,,,,,,,85130d24-a84d-4fda-97c3-b239c8070095,2024-12-05 15:20:00+00:00,2024-12-05 15:20:00+00:00
O-20241206-081500-BACKTEST-000-695,KRAKEN-BACKTEST,KrakenBTCUSDResearchStrategy-000,BTC/USD.KRAKEN,KRAKEN-1-695,BTC/USD.KRAKEN-KrakenBTCUSDResearchStrategy-000,KRAKEN-001,T-6205a2e2cd243517-210849,MARKET,BUY,0.01346596,GTC,False,False,0.01346596,TAKER,98460.01,0.0,['5.30 USD'],NO_TRIGGER,FILLED,NO_CONTINGENCY,,,,,,,,94a58c32-e1bd-49c8-b391-bd57128669b8,2024-12-06 08:15:00+00:00,2024-12-06 08:15:00+00:00
O-20241206-090500-BACKTEST-000-696,KRAKEN-BACKTEST,KrakenBTCUSDResearchStrategy-000,BTC/USD.KRAKEN,KRAKEN-1-696,BTC/USD.KRAKEN-KrakenBTCUSDResearchStrategy-000,KRAKEN-001,T-434ae7d3dc740a55-210890,MARKET,SELL,0.01346596,GTC,False,False,0.01346596,TAKER,98090.08,0.0,['5.28 USD'],NO_TRIGGER,FILLED,NO_CONTINGENCY,,,,,,,,ac740cf4-a4a3-4328-8e57-0d6e59faf365,2024-12-06 09:05:00+00:00,2024-12-06 09:05:00+00:00
O-20241206-142500-BACKTEST-000-697,KRAKEN-BACKTEST,KrakenBTCUSDResearchStrategy-000,BTC/USD.KRAKEN,KRAKEN-1-697,BTC/USD.KRAKEN-KrakenBTCUSDResearchStrategy-000,KRAKEN-001,T-69f1d1e1086fe98f-211145,MARKET,BUY,0.01331113,GTC,False,False,0.01331113,TAKER,99254.59999999999,0.0,['5.28 USD'],NO_TRIGGER,FILLED,NO_CONTINGENCY,,,,,,,,aeba41f6-4142-420f-ad94-56d74fea11bd,2024-12-06 14:25:00+00:00,2024-12-06 14:25:00+00:00
O-20241206-230500-BACKTEST-000-698,KRAKEN-BACKTEST,KrakenBTCUSDResearchStrategy-000,BTC/USD.KRAKEN,KRAKEN-1-698,BTC/USD.KRAKEN-KrakenBTCUSDResearchStrategy-000,KRAKEN-001,T-ce4488d8f480fb80-211556,MARKET,SELL,0.01331113,GTC,False,False,0.01331113,TAKER,100377.99,0.0,['5.34 USD'],NO_TRIGGER,FILLED,NO_CONTINGENCY,,,,,,,,6f88ed87-4343-4304-b94e-c791ad87a511,2024-12-06 23:05:00+00:00,2024-12-06 23:05:00+00:00
O-20241207-184000-BACKTEST-000-699,KRAKEN-BACKTEST,KrakenBTCUSDResearchStrategy-000,BTC/USD.KRAKEN,KRAKEN-1-699,BTC/USD.KRAKEN-KrakenBTCUSDResearchStrategy-000,KRAKEN-001,T-ebf8d7929e234011-212461,MARKET,BUY,0.01322754,GTC,False,False,0.01322754,TAKER,99980.0,0.0,['5.29 USD'],NO_TRIGGER,FILLED,NO_CONTINGENCY,,,,,,,,47c045ba-ae33-44c9-8945-bcbc3588d47c,2024-12-07 18:40:00+00:00,2024-12-07 18:40:00+00:00
O-20241207-213000-BACKTEST-000-700,KRAKEN-BACKTEST,KrakenBTCUSDResearchStrategy-000,BTC/USD.KRAKEN,KRAKEN-1-700,BTC/USD.KRAKEN-KrakenBTCUSDResearchStrategy-000,KRAKEN-001,T-25318ee653120a1a-212591,MARKET,SELL,0.01322754,GTC,False,False,0.01322754,TAKER,99812.0,0.0,['5.28 USD'],NO_TRIGGER,FILLED,NO_CONTINGENCY,,,,,,,,1a4b5802-ecd1-4aca-900f-529309f5f663,2024-12-07 21:30:00+00:00,2024-12-07 21:30:00+00:00
O-20241208-124500-BACKTEST-000-701,KRAKEN-BACKTEST,KrakenBTCUSDResearchStrategy-000,BTC/USD.KRAKEN,KRAKEN-1-701,BTC/USD.KRAKEN-KrakenBTCUSDResearchStrategy-000,KRAKEN-001,T-377ddf58d5b37fb7-213290,MARKET,BUY,0.01318785,GTC,False,False,0.01318785,TAKER,99989.98000000001,0.0,['5.27 USD'],NO_TRIGGER,FILLED,NO_CONTINGENCY,,,,,,,,1d28ac37-2a2d-4950-9a01-b7b6151bacc9,2024-12-08 12:45:00+00:00,2024-12-08 12:45:00+00:00
O-20241208-145500-BACKTEST-000-702,KRAKEN-BACKTEST,KrakenBTCUSDResearchStrategy-000,BTC/USD.KRAKEN,KRAKEN-1-702,BTC/USD.KRAKEN-KrakenBTCUSDResearchStrategy-000,KRAKEN-001,T-ea7d9b7943e4d325-213392,MARKET,SELL,0.01318785,GTC,False,False,0.01318785,TAKER,99726.73,0.0,['5.26 USD'],NO_TRIGGER,FILLED,NO_CONTINGENCY,,,,,,,,4d5b7f7e-6ddf-4bea-9c76-702668067b6c,2024-12-08 14:55:00+00:00,2024-12-08 14:55:00+00:00
O-20241208-225500-BACKTEST-000-703,KRAKEN-BACKTEST,KrakenBTCUSDResearchStrategy-000,BTC/USD.KRAKEN,KRAKEN-1-703,BTC/USD.KRAKEN-KrakenBTCUSDResearchStrategy-000,KRAKEN-001,T-b9382804af54503f-213766,MARKET,BUY,0.01311567,GTC,False,False,0.01311567,TAKER,100220.01,0.0,['5.26 USD'],NO_TRIGGER,FILLED,NO_CONTINGENCY,,,,,,,,b4b3127e-4ce4-46f2-8771-a691904980d8,2024-12-08 22:55:00+00:00,2024-12-08 22:55:00+00:00
O-20241209-002500-BACKTEST-000-704,KRAKEN-BACKTEST,KrakenBTCUSDResearchStrategy-000,BTC/USD.KRAKEN,KRAKEN-1-704,BTC/USD.KRAKEN-KrakenBTCUSDResearchStrategy-000,KRAKEN-001,T-a7d8d4f650ed1483-213838,MARKET,SELL,0.01311567,GTC,False,False,0.01311567,TAKER,100044.37000000001,0.0,['5.25 USD'],NO_TRIGGER,FILLED,NO_CONTINGENCY,,,,,,,,38590188-c951-424d-8b28-a5a25cfc4c38,2024-12-09 00:25:00+00:00,2024-12-09 00:25:00+00:00
O-20241209-143500-BACKTEST-000-705,KRAKEN-BACKTEST,KrakenBTCUSDResearchStrategy-000,BTC/USD.KRAKEN,KRAKEN-1-705,BTC/USD.KRAKEN-KrakenBTCUSDResearchStrategy-000,KRAKEN-001,T-b4e9ff499e97bdd5-214502,MARKET,BUY,0.01318693,GTC,False,False,0.01318693,TAKER,99387.02,0.0,['5.24 USD'],NO_TRIGGER,FILLED,NO_CONTINGENCY,,,,,,,,84d4b656-6699-4ec3-8506-7863b1998811,2024-12-09 14:35:00+00:00,2024-12-09 14:35:00+00:00
O-20241209-151500-BACKTEST-000-706,KRAKEN-BACKTEST,KrakenBTCUSDResearchStrategy-000,BTC/USD.KRAKEN,KRAKEN-1-706,BTC/USD.KRAKEN-KrakenBTCUSDResearchStrategy-000,KRAKEN-001,T-164b51f3cd1bb97a-214533,MARKET,SELL,0.01318693,GTC,False,False,0.01318693,TAKER,98617.26000000001,0.0,['5.20 USD'],NO_TRIGGER,FILLED,NO_CONTINGENCY,,,,,,,,d915ba15-cab1-403f-bcd0-2c5968f0823a,2024-12-09 15:15:00+00:00,2024-12-09 15:15:00+00:00
O-20241210-091000-BACKTEST-000-707,KRAKEN-BACKTEST,KrakenBTCUSDResearchStrategy-000,BTC/USD.KRAKEN,KRAKEN-1-707,BTC/USD.KRAKEN-KrakenBTCUSDResearchStrategy-000,KRAKEN-001,T-a1b532adb486ac53-215383,MARKET,BUY,0.01335961,GTC,False,False,0.01335961,TAKER,97639.98000000001,0.0,['5.22 USD'],NO_TRIGGER,FILLED,NO_CONTINGENCY,,,,,,,,09fdc9d9-86dd-4d04-9720-fe19f9b97dc6,2024-12-10 09:10:00+00:00,2024-12-10 09:10:00+00:00
O-20241210-094000-BACKTEST-000-708,KRAKEN-BACKTEST,KrakenBTCUSDResearchStrategy-000,BTC/USD.KRAKEN,KRAKEN-1-708,BTC/USD.KRAKEN-KrakenBTCUSDResearchStrategy-000,KRAKEN-001,T-3e80f629adcee39f-215408,MARKET,SELL,0.01335961,GTC,False,False,0.01335961,TAKER,97271.23999999999,0.0,['5.20 USD'],NO_TRIGGER,FILLED,NO_CONTINGENCY,,,,,,,,36561177-7564-45d6-b41b-048eb5c66dfd,2024-12-10 09:40:00+00:00,2024-12-10 09:40:00+00:00
O-20241210-115000-BACKTEST-000-709,KRAKEN-BACKTEST,KrakenBTCUSDResearchStrategy-000,BTC/USD.KRAKEN,KRAKEN-1-709,BTC/USD.KRAKEN-KrakenBTCUSDResearchStrategy-000,KRAKEN-001,T-db236d612f72530f-215510,MARKET,BUY,0.01327779,GTC,False,False,0.01327779,TAKER,97895.07999999999,0.0,['5.20 USD'],NO_TRIGGER,FILLED,NO_CONTINGENCY,,,,,,,,0a17ea74-0cbd-48d5-bbc8-0d831e4358f9,2024-12-10 11:50:00+00:00,2024-12-10 11:50:00+00:00
O-20241210-121000-BACKTEST-000-710,KRAKEN-BACKTEST,KrakenBTCUSDResearchStrategy-000,BTC/USD.KRAKEN,KRAKEN-1-710,BTC/USD.KRAKEN-KrakenBTCUSDResearchStrategy-000,KRAKEN-001,T-12d3567f22c6a6af-215527,MARKET,SELL,0.01327779,GTC,False,False,0.01327779,TAKER,97512.36,0.0,['5.18 USD'],NO_TRIGGER,FILLED,NO_CONTINGENCY,,,,,,,,d738315e-8a00-4df8-9d24-d8a2436c39a8,2024-12-10 12:10:00+00:00,2024-12-10 12:10:00+00:00
O-20241210-212500-BACKTEST-000-711,KRAKEN-BACKTEST,KrakenBTCUSDResearchStrategy-000,BTC/USD.KRAKEN,KRAKEN-1-711,BTC/USD.KRAKEN-KrakenBTCUSDResearchStrategy-000,KRAKEN-001,T-c55a396cb479caa1-215967,MARKET,BUY,0.01336126,GTC,False,False,0.01336126,TAKER,96936.41,0.0,['5.18 USD'],NO_TRIGGER,FILLED,NO_CONTINGENCY,,,,,,,,48723803-6e2b-4b25-8b66-19e76e2d4ff5,2024-12-10 21:25:00+00:00,2024-12-10 21:25:00+00:00
O-20241211-002000-BACKTEST-000-712,KRAKEN-BACKTEST,KrakenBTCUSDResearchStrategy-000,BTC/USD.KRAKEN,KRAKEN-1-712,BTC/USD.KRAKEN-KrakenBTCUSDResearchStrategy-000,KRAKEN-001,T-2452b7ae495c13da-216107,MARKET,SELL,0.01336126,GTC,False,False,0.01336126,TAKER,96404.08,0.0,['5.15 USD'],NO_TRIGGER,FILLED,NO_CONTINGENCY,,,,,,,,4d8dd488-3461-4931-a3b8-cc04338bbceb,2024-12-11 00:20:00+00:00,2024-12-11 00:20:00+00:00
O-20241211-030500-BACKTEST-000-713,KRAKEN-BACKTEST,KrakenBTCUSDResearchStrategy-000,BTC/USD.KRAKEN,KRAKEN-1-713,BTC/USD.KRAKEN-KrakenBTCUSDResearchStrategy-000,KRAKEN-001,T-109ce152044af433-216236,MARKET,BUY,0.01322716,GTC,False,False,0.01322716,TAKER,97523.61,0.0,['5.16 USD'],NO_TRIGGER,FILLED,NO_CONTINGENCY,,,,,,,,f853ee6b-d8ad-48b1-b525-c6be87963ad7,2024-12-11 03:05:00+00:00,2024-12-11 03:05:00+00:00
O-20241211-074500-BACKTEST-000-714,KRAKEN-BACKTEST,KrakenBTCUSDResearchStrategy-000,BTC/USD.KRAKEN,KRAKEN-1-714,BTC/USD.KRAKEN-KrakenBTCUSDResearchStrategy-000,KRAKEN-001,T-01ff8ede21d13405-216455,MARKET,SELL,0.01322716,GTC,False,False,0.01322716,TAKER,97298.05,0.0,['5.15 USD'],NO_TRIGGER,FILLED,NO_CONTINGENCY,,,,,,,,5d57dc24-6906-49f0-a05d-6ae8967c9280,2024-12-11 07:45:00+00:00,2024-12-11 07:45:00+00:00
O-20241211-133000-BACKTEST-000-715,KRAKEN-BACKTEST,KrakenBTCUSDResearchStrategy-000,BTC/USD.KRAKEN,KRAKEN-1-715,BTC/USD.KRAKEN-KrakenBTCUSDResearchStrategy-000,KRAKEN-001,T-c94b08ab55a978c0-216722,MARKET,BUY,0.01301804,GTC,False,False,0.01301804,TAKER,98783.99,0.0,['5.14 USD'],NO_TRIGGER,FILLED,NO_CONTINGENCY,,,,,,,,71aae034-5657-4a27-8a8c-b0b8696c06d2,2024-12-11 13:30:00+00:00,2024-12-11 13:30:00+00:00
O-20241212-004000-BACKTEST-000-716,KRAKEN-BACKTEST,KrakenBTCUSDResearchStrategy-000,BTC/USD.KRAKEN,KRAKEN-1-716,BTC/USD.KRAKEN-KrakenBTCUSDResearchStrategy-000,KRAKEN-001,T-9bdae61fc9785f42-217252,MARKET,SELL,0.01301804,GTC,False,False,0.01301804,TAKER,100763.64,0.0,['5.25 USD'],NO_TRIGGER,FILLED,NO_CONTINGENCY,,,,,,,,7aa0466b-2482-48ca-9efd-c123312448b2,2024-12-12 00:40:00+00:00,2024-12-12 00:40:00+00:00
O-20241212-025500-BACKTEST-000-717,KRAKEN-BACKTEST,KrakenBTCUSDResearchStrategy-000,BTC/USD.KRAKEN,KRAKEN-1-717,BTC/USD.KRAKEN-KrakenBTCUSDResearchStrategy-000,KRAKEN-001,T-e3810ae3695b6fee-217360,MARKET,BUY,0.01267462,GTC,False,False,0.01267462,TAKER,101824.76000000001,0.0,['5.16 USD'],NO_TRIGGER,FILLED,NO_CONTINGENCY,,,,,,,,a9e259d1-0bed-4366-a07d-e985fc09f1c8,2024-12-12 02:55:00+00:00,2024-12-12 02:55:00+00:00
O-20241212-030000-BACKTEST-000-718,KRAKEN-BACKTEST,KrakenBTCUSDResearchStrategy-000,BTC/USD.KRAKEN,KRAKEN-1-718,BTC/USD.KRAKEN-KrakenBTCUSDResearchStrategy-000,KRAKEN-001,T-e5308d07ad5d16f1-217365,MARKET,SELL,0.01267462,GTC,False,False,0.01267462,TAKER,101305.15999999999,0.0,['5.14 USD'],NO_TRIGGER,FILLED,NO_CONTINGENCY,,,,,,,,b234915e-c2ea-40b5-9633-31b63089786e,2024-12-12 03:00:00+00:00,2024-12-12 03:00:00+00:00
O-20241212-131500-BACKTEST-000-719,KRAKEN-BACKTEST,KrakenBTCUSDResearchStrategy-000,BTC/USD.KRAKEN,KRAKEN-1-719,BTC/USD.KRAKEN-KrakenBTCUSDResearchStrategy-000,KRAKEN-001,T-79e9da199167741f-217842,MARKET,BUY,0.01268885,GTC,False,False,0.01268885,TAKER,101311.23,0.0,['5.14 USD'],NO_TRIGGER,FILLED,NO_CONTINGENCY,,,,,,,,2781025b-e26c-4829-91d1-b9ebdb4dbd30,2024-12-12 13:15:00+00:00,2024-12-12 13:15:00+00:00
O-20241212-133500-BACKTEST-000-720,KRAKEN-BACKTEST,KrakenBTCUSDResearchStrategy-000,BTC/USD.KRAKEN,KRAKEN-1-720,BTC/USD.KRAKEN-KrakenBTCUSDResearchStrategy-000,KRAKEN-001,T-52919db4657ab04e-217857,MARKET,SELL,0.01268885,GTC,False,False,0.01268885,TAKER,100814.19,0.0,['5.12 USD'],NO_TRIGGER,FILLED,NO_CONTINGENCY,,,,,,,,ad2daf32-28c0-4cd5-94bb-05d0dcdef3c9,2024-12-12 13:35:00+00:00,2024-12-12 13:35:00+00:00
O-20241212-145500-BACKTEST-000-721,KRAKEN-BACKTEST,KrakenBTCUSDResearchStrategy-000,BTC/USD.KRAKEN,KRAKEN-1-721,BTC/USD.KRAKEN-KrakenBTCUSDResearchStrategy-000,KRAKEN-001,T-1eaf4399cb59a0c5-217921,MARKET,BUY,0.01259125,GTC,False,False,0.01259125,TAKER,101702.04000000001,0.0,['5.12 USD'],NO_TRIGGER,FILLED,NO_CONTINGENCY,,,,,,,,6c17bf0e-c4e7-4249-8d13-63ba98cd149a,2024-12-12 14:55:00+00:00,2024-12-12 14:55:00+00:00
O-20241212-151000-BACKTEST-000-722,KRAKEN-BACKTEST,KrakenBTCUSDResearchStrategy-000,BTC/USD.KRAKEN,KRAKEN-1-722,BTC/USD.KRAKEN-KrakenBTCUSDResearchStrategy-000,KRAKEN-001,T-6a4a6eaa894f72d3-217934,MARKET,SELL,0.01259125,GTC,False,False,0.01259125,TAKER,100814.59,0.0,['5.08 USD'],NO_TRIGGER,FILLED,NO_CONTINGENCY,,,,,,,,4d8fa1a5-c911-43d1-98b4-1833c1bb0289,2024-12-12 15:10:00+00:00,2024-12-12 15:10:00+00:00
O-20241212-160500-BACKTEST-000-723,KRAKEN-BACKTEST,KrakenBTCUSDResearchStrategy-000,BTC/USD.KRAKEN,KRAKEN-1-723,BTC/USD.KRAKEN-KrakenBTCUSDResearchStrategy-000,KRAKEN-001,T-ebd58b5b5cfb5519-217979,MARKET,BUY,0.01244722,GTC,False,False,0.01244722,TAKER,102363.54,0.0,['5.10 USD'],NO_TRIGGER,FILLED,NO_CONTINGENCY,,,,,,,,81c04914-da4c-4c8c-8f79-f926ff333293,2024-12-12 16:05:00+00:00,2024-12-12 16:05:00+00:00
O-20241212-163500-BACKTEST-000-724,KRAKEN-BACKTEST,KrakenBTCUSDResearchStrategy-000,BTC/USD.KRAKEN,KRAKEN-1-724,BTC/USD.KRAKEN-KrakenBTCUSDResearchStrategy-000,KRAKEN-001,T-9a5c32b2169330db-218003,MARKET,SELL,0.01244722,GTC,False,False,0.01244722,TAKER,101677.62999999999,0.0,['5.06 USD'],NO_TRIGGER,FILLED,NO_CONTINGENCY,,,,,,,,afb2bd7e-d07a-4ec8-9ad9-b40963009961,2024-12-12 16:35:00+00:00,2024-12-12 16:35:00+00:00
O-20241213-082500-BACKTEST-000-725,KRAKEN-BACKTEST,KrakenBTCUSDResearchStrategy-000,BTC/USD.KRAKEN,KRAKEN-1-725,BTC/USD.KRAKEN-KrakenBTCUSDResearchStrategy-000,KRAKEN-001,T-45d04a81a62241cb-218737,MARKET,BUY,0.01264807,GTC,False,False,0.01264807,TAKER,100294.5,0.0,['5.07 USD'],NO_TRIGGER,FILLED,NO_CONTINGENCY,,,,,,,,525eff5d-f754-437d-8b01-1eb6cc60da3b,2024-12-13 08:25:00+00:00,2024-12-13 08:25:00+00:00
O-20241213-092000-BACKTEST-000-726,KRAKEN-BACKTEST,KrakenBTCUSDResearchStrategy-000,BTC/USD.KRAKEN,KRAKEN-1-726,BTC/USD.KRAKEN-KrakenBTCUSDResearchStrategy-000,KRAKEN-001,T-8949088ce802207c-218780,MARKET,SELL,0.01264807,GTC,False,False,0.01264807,TAKER,100065.6,0.0,['5.06 USD'],NO_TRIGGER,FILLED,NO_CONTINGENCY,,,,,,,,779bb6f2-1b83-45f9-85f3-ba3fbd951d3b,2024-12-13 09:20:00+00:00,2024-12-13 09:20:00+00:00
O-20241213-104500-BACKTEST-000-727,KRAKEN-BACKTEST,KrakenBTCUSDResearchStrategy-000,BTC/USD.KRAKEN,KRAKEN-1-727,BTC/USD.KRAKEN-KrakenBTCUSDResearchStrategy-000,KRAKEN-001,T-1263780deaa72771-218846,MARKET,BUY,0.01259639,GTC,False,False,0.01259639,TAKER,100395.86,0.0,['5.06 USD'],NO_TRIGGER,FILLED,NO_CONTINGENCY,,,,,,,,d89a1bfd-f738-4254-9bec-2b9a2d0dc7d9,2024-12-13 10:45:00+00:00,2024-12-13 10:45:00+00:00
O-20241213-130500-BACKTEST-000-728,KRAKEN-BACKTEST,KrakenBTCUSDResearchStrategy-000,BTC/USD.KRAKEN,KRAKEN-1-728,BTC/USD.KRAKEN-KrakenBTCUSDResearchStrategy-000,KRAKEN-001,T-c88994a47377564a-218953,MARKET,SELL,0.01259639,GTC,False,False,0.01259639,TAKER,100121.75,0.0,['5.04 USD'],NO_TRIGGER,FILLED,NO_CONTINGENCY,,,,,,,,c1f89030-50b5-4990-b006-9fd775a7d93d,2024-12-13 13:05:00+00:00,2024-12-13 13:05:00+00:00
O-20241213-143500-BACKTEST-000-729,KRAKEN-BACKTEST,KrakenBTCUSDResearchStrategy-000,BTC/USD.KRAKEN,KRAKEN-1-729,BTC/USD.KRAKEN-KrakenBTCUSDResearchStrategy-000,KRAKEN-001,T-09d33d10e3f9cf66-219023,MARKET,BUY,0.01250626,GTC,False,False,0.01250626,TAKER,100794.11,0.0,['5.04 USD'],NO_TRIGGER,FILLED,NO_CONTINGENCY,,,,,,,,c33206d9-125c-4dd6-84bb-703e26a26fd8,2024-12-13 14:35:00+00:00,2024-12-13 14:35:00+00:00
O-20241213-155000-BACKTEST-000-730,KRAKEN-BACKTEST,KrakenBTCUSDResearchStrategy-000,BTC/USD.KRAKEN,KRAKEN-1-730,BTC/USD.KRAKEN-KrakenBTCUSDResearchStrategy-000,KRAKEN-001,T-10b0635b338b77ea-219084,MARKET,SELL,0.01250626,GTC,False,False,0.01250626,TAKER,100034.81999999999,0.0,['5.00 USD'],NO_TRIGGER,FILLED,NO_CONTINGENCY,,,,,,,,001accb9-1745-4881-827b-65c67cc7378d,2024-12-13 15:50:00+00:00,2024-12-13 15:50:00+00:00
O-20241213-173500-BACKTEST-000-731,KRAKEN-BACKTEST,KrakenBTCUSDResearchStrategy-000,BTC/USD.KRAKEN,KRAKEN-1-731,BTC/USD.KRAKEN-KrakenBTCUSDResearchStrategy-000,KRAKEN-001,T-89dba1b9a8451c2d-219169,MARKET,BUY,0.01236786,GTC,False,False,0.01236786,TAKER,101448.04,0.0,['5.02 USD'],NO_TRIGGER,FILLED,NO_CONTINGENCY,,,,,,,,5a529790-ce2c-4de7-901f-fa0be5f7a2c8,2024-12-13 17:35:00+00:00,2024-12-13 17:35:00+00:00
O-20241213-221500-BACKTEST-000-732,KRAKEN-BACKTEST,KrakenBTCUSDResearchStrategy-000,BTC/USD.KRAKEN,KRAKEN-1-732,BTC/USD.KRAKEN-KrakenBTCUSDResearchStrategy-000,KRAKEN-001,T-0c038835a47d3013-219385,MARKET,SELL,0.01236786,GTC,False,False,0.01236786,TAKER,101130.61,0.0,['5.00 USD'],NO_TRIGGER,FILLED,NO_CONTINGENCY,,,,,,,,c61cdba2-c37f-4ac7-ba7c-451d4065adc2,2024-12-13 22:15:00+00:00,2024-12-13 22:15:00+00:00
O-20241214-010000-BACKTEST-000-733,KRAKEN-BACKTEST,KrakenBTCUSDResearchStrategy-000,BTC/USD.KRAKEN,KRAKEN-1-733,BTC/USD.KRAKEN-KrakenBTCUSDResearchStrategy-000,KRAKEN-001,T-a9f48d01fd7e4b7d-219508,MARKET,BUY,0.01225776,GTC,False,False,0.01225776,TAKER,102017.88,0.0,['5.00 USD'],NO_TRIGGER,FILLED,NO_CONTINGENCY,,,,,,,,bb3b6367-69d1-41df-95d2-a330bb6619e7,2024-12-14 01:00:00+00:00,2024-12-14 01:00:00+00:00
O-20241214-042500-BACKTEST-000-734,KRAKEN-BACKTEST,KrakenBTCUSDResearchStrategy-000,BTC/USD.KRAKEN,KRAKEN-1-734,BTC/USD.KRAKEN-KrakenBTCUSDResearchStrategy-000,KRAKEN-001,T-653de414c685b765-219665,MARKET,SELL,0.01225776,GTC,False,False,0.01225776,TAKER,101805.28,0.0,['4.99 USD'],NO_TRIGGER,FILLED,NO_CONTINGENCY,,,,,,,,581972af-e674-4896-9a43-104925964dfc,2024-12-14 04:25:00+00:00,2024-12-14 04:25:00+00:00
O-20241215-012000-BACKTEST-000-735,KRAKEN-BACKTEST,KrakenBTCUSDResearchStrategy-000,BTC/USD.KRAKEN,KRAKEN-1-735,BTC/USD.KRAKEN-KrakenBTCUSDResearchStrategy-000,KRAKEN-001,T-730f33edbc2fe5d6-220609,MARKET,BUY,0.01226852,GTC,False,False,0.01226852,TAKER,101620.28000000001,0.0,['4.99 USD'],NO_TRIGGER,FILLED,NO_CONTINGENCY,,,,,,,,7d1bde0c-f96f-4e0a-b605-1db8ec03188e,2024-12-15 01:20:00+00:00,2024-12-15 01:20:00+00:00
O-20241215-064500-BACKTEST-000-736,KRAKEN-BACKTEST,KrakenBTCUSDResearchStrategy-000,BTC/USD.KRAKEN,KRAKEN-1-736,BTC/USD.KRAKEN-KrakenBTCUSDResearchStrategy-000,KRAKEN-001,T-19bc86cc95072ba7-220859,MARKET,SELL,0.01226852,GTC,False,False,0.01226852,TAKER,101865.92,0.0,['5.00 USD'],NO_TRIGGER,FILLED,NO_CONTINGENCY,,,,,,,,97687192-33ca-4aae-bda6-582ec8c11cc8,2024-12-15 06:45:00+00:00,2024-12-15 06:45:00+00:00
O-20241215-115500-BACKTEST-000-737,KRAKEN-BACKTEST,KrakenBTCUSDResearchStrategy-000,BTC/USD.KRAKEN,KRAKEN-1-737,BTC/USD.KRAKEN-KrakenBTCUSDResearchStrategy-000,KRAKEN-001,T-0d69f415367cc3aa-221098,MARKET,BUY,0.01212252,GTC,False,False,0.01212252,TAKER,102671.44,0.0,['4.98 USD'],NO_TRIGGER,FILLED,NO_CONTINGENCY,,,,,,,,68a9cc8c-26bb-4bb0-a713-468d77420f12,2024-12-15 11:55:00+00:00,2024-12-15 11:55:00+00:00
O-20241215-211500-BACKTEST-000-738,KRAKEN-BACKTEST,KrakenBTCUSDResearchStrategy-000,BTC/USD.KRAKEN,KRAKEN-1-738,BTC/USD.KRAKEN-KrakenBTCUSDResearchStrategy-000,KRAKEN-001,T-bd9ebadceb6b7311-221531,MARKET,SELL,0.01212252,GTC,False,False,0.01212252,TAKER,102883.70999999999,0.0,['4.99 USD'],NO_TRIGGER,FILLED,NO_CONTINGENCY,,,,,,,,e0fc6517-e4a3-4f5f-928b-a93cec0731ab,2024-12-15 21:15:00+00:00,2024-12-15 21:15:00+00:00
O-20241215-230000-BACKTEST-000-739,KRAKEN-BACKTEST,KrakenBTCUSDResearchStrategy-000,BTC/USD.KRAKEN,KRAKEN-1-739,BTC/USD.KRAKEN-KrakenBTCUSDResearchStrategy-000,KRAKEN-001,T-f23ca08df8225839-221612,MARKET,BUY,0.01200820,GTC,False,False,0.01200820,TAKER,103463.99,0.0,['4.97 USD'],NO_TRIGGER,FILLED,NO_CONTINGENCY,,,,,,,,6a9fee18-729c-4d50-b254-e9dfcc766436,2024-12-15 23:00:00+00:00,2024-12-15 23:00:00+00:00
O-20241216-081500-BACKTEST-000-740,KRAKEN-BACKTEST,KrakenBTCUSDResearchStrategy-000,BTC/USD.KRAKEN,KRAKEN-1-740,BTC/USD.KRAKEN-KrakenBTCUSDResearchStrategy-000,KRAKEN-001,T-c1ab080e1d667610-222045,MARKET,SELL,0.01200820,GTC,False,False,0.01200820,TAKER,104740.01,0.0,['5.03 USD'],NO_TRIGGER,FILLED,NO_CONTINGENCY,,,,,,,,4c2a062a-347b-427e-975b-ffe64a816a63,2024-12-16 08:15:00+00:00,2024-12-16 08:15:00+00:00
O-20241216-151000-BACKTEST-000-741,KRAKEN-BACKTEST,KrakenBTCUSDResearchStrategy-000,BTC/USD.KRAKEN,KRAKEN-1-741,BTC/USD.KRAKEN-KrakenBTCUSDResearchStrategy-000,KRAKEN-001,T-3924aa8646f84cb3-222367,MARKET,BUY,0.01173110,GTC,False,False,0.01173110,TAKER,106044.0,0.0,['4.98 USD'],NO_TRIGGER,FILLED,NO_CONTINGENCY,,,,,,,,cebf99e7-51aa-41f7-8efc-c4940dd068cc,2024-12-16 15:10:00+00:00,2024-12-16 15:10:00+00:00
O-20241216-204500-BACKTEST-000-742,KRAKEN-BACKTEST,KrakenBTCUSDResearchStrategy-000,BTC/USD.KRAKEN,KRAKEN-1-742,BTC/USD.KRAKEN-KrakenBTCUSDResearchStrategy-000,KRAKEN-001,T-a165e59a56887a37-222631,MARKET,SELL,0.01173110,GTC,False,False,0.01173110,TAKER,105918.11,0.0,['4.97 USD'],NO_TRIGGER,FILLED,NO_CONTINGENCY,,,,,,,,79ef9925-01f2-4ef6-9b19-d4ae6a75afca,2024-12-16 20:45:00+00:00,2024-12-16 20:45:00+00:00
O-20241217-013500-BACKTEST-000-743,KRAKEN-BACKTEST,KrakenBTCUSDResearchStrategy-000,BTC/USD.KRAKEN,KRAKEN-1-743,BTC/USD.KRAKEN-KrakenBTCUSDResearchStrategy-000,KRAKEN-001,T-8aa01375e6e81d7e-222857,MARKET,BUY,0.01166005,GTC,False,False,0.01166005,TAKER,106396.37000000001,0.0,['4.96 USD'],NO_TRIGGER,FILLED,NO_CONTINGENCY,,,,,,,,ed1ae183-3ed1-4a39-9c05-87cd5add6ce1,2024-12-17 01:35:00+00:00,2024-12-17 01:35:00+00:00
O-20241217-063500-BACKTEST-000-744,KRAKEN-BACKTEST,KrakenBTCUSDResearchStrategy-000,BTC/USD.KRAKEN,KRAKEN-1-744,BTC/USD.KRAKEN-KrakenBTCUSDResearchStrategy-000,KRAKEN-001,T-1f689a60bda4585e-223087,MARKET,SELL,0.01166005,GTC,False,False,0.01166005,TAKER,106374.96,0.0,['4.96 USD'],NO_TRIGGER,FILLED,NO_CONTINGENCY,,,,,,,,e6cc2163-f37d-4e78-88b7-6c0c69a1aa19,2024-12-17 06:35:00+00:00,2024-12-17 06:35:00+00:00
O-20241217-082500-BACKTEST-000-745,KRAKEN-BACKTEST,KrakenBTCUSDResearchStrategy-000,BTC/USD.KRAKEN,KRAKEN-1-745,BTC/USD.KRAKEN-KrakenBTCUSDResearchStrategy-000,KRAKEN-001,T-9f110eb0a5e690e0-223174,MARKET,BUY,0.01153398,GTC,False,False,0.01153398,TAKER,107294.73999999999,0.0,['4.95 USD'],NO_TRIGGER,FILLED,NO_CONTINGENCY,,,,,,,,20b1cef8-ee2c-4ec6-adbd-72d341018ccd,2024-12-17 08:25:00+00:00,2024-12-17 08:25:00+00:00
O-20241217-101500-BACKTEST-000-746,KRAKEN-BACKTEST,KrakenBTCUSDResearchStrategy-000,BTC/USD.KRAKEN,KRAKEN-1-746,BTC/USD.KRAKEN-KrakenBTCUSDResearchStrategy-000,KRAKEN-001,T-83b46d9a678b7881-223261,MARKET,SELL,0.01153398,GTC,False,False,0.01153398,TAKER,107005.86,0.0,['4.94 USD'],NO_TRIGGER,FILLED,NO_CONTINGENCY,,,,,,,,24dda564-598a-4a1b-b892-d8597e3f300a,2024-12-17 10:15:00+00:00,2024-12-17 10:15:00+00:00
O-20241217-142000-BACKTEST-000-747,KRAKEN-BACKTEST,KrakenBTCUSDResearchStrategy-000,BTC/USD.KRAKEN,KRAKEN-1-747,BTC/USD.KRAKEN-KrakenBTCUSDResearchStrategy-000,KRAKEN-001,T-0ef726ab3883043e-223452,MARKET,BUY,0.01145188,GTC,False,False,0.01145188,TAKER,107717.40000000001,0.0,['4.93 USD'],NO_TRIGGER,FILLED,NO_CONTINGENCY,,,,,,,,1237ef49-3c03-4b04-b38d-78663b359519,2024-12-17 14:20:00+00:00,2024-12-17 14:20:00+00:00
O-20241217-143500-BACKTEST-000-748,KRAKEN-BACKTEST,KrakenBTCUSDResearchStrategy-000,BTC/USD.KRAKEN,KRAKEN-1-748,BTC/USD.KRAKEN-KrakenBTCUSDResearchStrategy-000,KRAKEN-001,T-6dd235ef68e58b6e-223465,MARKET,SELL,0.01145188,GTC,False,False,0.01145188,TAKER,107353.25,0.0,['4.92 USD'],NO_TRIGGER,FILLED,NO_CONTINGENCY,,,,,,,,1621f89f-590b-426c-ba06-c8ba02d81742,2024-12-17 14:35:00+00:00,2024-12-17 14:35:00+00:00
O-20241218-113000-BACKTEST-000-749,KRAKEN-BACKTEST,KrakenBTCUSDResearchStrategy-000,BTC/USD.KRAKEN,KRAKEN-1-749,BTC/USD.KRAKEN-KrakenBTCUSDResearchStrategy-000,KRAKEN-001,T-bf31eace4746a8d9-224439,MARKET,BUY,0.01173028,GTC,False,False,0.01173028,TAKER,104802.26999999999,0.0,['4.92 USD'],NO_TRIGGER,FILLED,NO_CONTINGENCY,,,,,,,,597a4f36-4c08-462a-909d-88fa2a052513,2024-12-18 11:30:00+00:00,2024-12-18 11:30:00+00:00
O-20241218-135500-BACKTEST-000-750,KRAKEN-BACKTEST,KrakenBTCUSDResearchStrategy-000,BTC/USD.KRAKEN,KRAKEN-1-750,BTC/USD.KRAKEN-KrakenBTCUSDResearchStrategy-000,KRAKEN-001,T-1a65b39b88cf6203-224551,MARKET,SELL,0.01173028,GTC,False,False,0.01173028,TAKER,104580.58,0.0,['4.91 USD'],NO_TRIGGER,FILLED,NO_CONTINGENCY,,,,,,,,19603677-33ac-45d7-baec-b7f08c203d93,2024-12-18 13:55:00+00:00,2024-12-18 13:55:00+00:00
O-20241219-072000-BACKTEST-000-751,KRAKEN-BACKTEST,KrakenBTCUSDResearchStrategy-000,BTC/USD.KRAKEN,KRAKEN-1-751,BTC/USD.KRAKEN-KrakenBTCUSDResearchStrategy-000,KRAKEN-001,T-26c0d4d91bd60b98-225369,MARKET,BUY,0.01208302,GTC,False,False,0.01208302,TAKER,101434.24,0.0,['4.90 USD'],NO_TRIGGER,FILLED,NO_CONTINGENCY,,,,,,,,4ce2f14f-dbd2-4e7e-ba95-12123f601c08,2024-12-19 07:20:00+00:00,2024-12-19 07:20:00+00:00
O-20241219-133500-BACKTEST-000-752,KRAKEN-BACKTEST,KrakenBTCUSDResearchStrategy-000,BTC/USD.KRAKEN,KRAKEN-1-752,BTC/USD.KRAKEN-KrakenBTCUSDResearchStrategy-000,KRAKEN-001,T-e5ccd99e7fc184c2-225661,MARKET,SELL,0.01208302,GTC,False,False,0.01208302,TAKER,101771.98000000001,0.0,['4.92 USD'],NO_TRIGGER,FILLED,NO_CONTINGENCY,,,,,,,,3fa3d97b-32df-48fe-91dc-f0ad578f6677,2024-12-19 13:35:00+00:00,2024-12-19 13:35:00+00:00
O-20241220-151000-BACKTEST-000-753,KRAKEN-BACKTEST,KrakenBTCUSDResearchStrategy-000,BTC/USD.KRAKEN,KRAKEN-1-753,BTC/USD.KRAKEN-KrakenBTCUSDResearchStrategy-000,KRAKEN-001,T-434a75c62f6c6a96-226870,MARKET,BUY,0.00933855,GTC,False,False,0.00933855,TAKER,96337.89,0.0,['3.60 USD'],NO_TRIGGER,FILLED,NO_CONTINGENCY,,,,,,,,435cbe61-f98b-4393-aeb7-bc484bf2bfea,2024-12-20 15:10:00+00:00,2024-12-20 15:10:00+00:00
O-20241220-205500-BACKTEST-000-754,KRAKEN-BACKTEST,KrakenBTCUSDResearchStrategy-000,BTC/USD.KRAKEN,KRAKEN-1-754,BTC/USD.KRAKEN-KrakenBTCUSDResearchStrategy-000,KRAKEN-001,T-3bca39bad602490b-227144,MARKET,SELL,0.00933855,GTC,False,False,0.00933855,TAKER,96451.87999999999,0.0,['3.60 USD'],NO_TRIGGER,FILLED,NO_CONTINGENCY,,,,,,,,338df099-b1a3-427b-9ab6-ce82a6cb0e7e,2024-12-20 20:55:00+00:00,2024-12-20 20:55:00+00:00
O-20241220-232000-BACKTEST-000-755,KRAKEN-BACKTEST,KrakenBTCUSDResearchStrategy-000,BTC/USD.KRAKEN,KRAKEN-1-755,BTC/USD.KRAKEN-KrakenBTCUSDResearchStrategy-000,KRAKEN-001,T-c56aef8c9884d045-227261,MARKET,BUY,0.01250120,GTC,False,False,0.01250120,TAKER,97755.99,0.0,['4.89 USD'],NO_TRIGGER,FILLED,NO_CONTINGENCY,,,,,,,,1aba7df7-18fe-433f-a0a0-e465ffa21152,2024-12-20 23:20:00+00:00,2024-12-20 23:20:00+00:00
O-20241221-001500-BACKTEST-000-756,KRAKEN-BACKTEST,KrakenBTCUSDResearchStrategy-000,BTC/USD.KRAKEN,KRAKEN-1-756,BTC/USD.KRAKEN-KrakenBTCUSDResearchStrategy-000,KRAKEN-001,T-ccf845328bc428d1-227305,MARKET,SELL,0.01250120,GTC,False,False,0.01250120,TAKER,97330.01,0.0,['4.87 USD'],NO_TRIGGER,FILLED,NO_CONTINGENCY,,,,,,,,1391beb4-3a48-4e44-97ae-39dc11b52d71,2024-12-21 00:15:00+00:00,2024-12-21 00:15:00+00:00
O-20241221-051000-BACKTEST-000-757,KRAKEN-BACKTEST,KrakenBTCUSDResearchStrategy-000,BTC/USD.KRAKEN,KRAKEN-1-757,BTC/USD.KRAKEN-KrakenBTCUSDResearchStrategy-000,KRAKEN-001,T-57f9bdd9c93b16e7-227534,MARKET,BUY,0.01245540,GTC,False,False,0.01245540,TAKER,97752.0,0.0,['4.87 USD'],NO_TRIGGER,FILLED,NO_CONTINGENCY,,,,,,,,6f9ff30e-7d9d-40aa-b617-968cdf9f9e84,2024-12-21 05:10:00+00:00,2024-12-21 05:10:00+00:00
O-20241221-104500-BACKTEST-000-758,KRAKEN-BACKTEST,KrakenBTCUSDResearchStrategy-000,BTC/USD.KRAKEN,KRAKEN-1-758,BTC/USD.KRAKEN-KrakenBTCUSDResearchStrategy-000,KRAKEN-001,T-4b63b91baed01046-227796,MARKET,SELL,0.01245540,GTC,False,False,0.01245540,TAKER,98200.8,0.0,['4.89 USD'],NO_TRIGGER,FILLED,NO_CONTINGENCY,,,,,,,,c9e95e2d-5c20-4ad9-9ecc-5bbdba75c507,2024-12-21 10:45:00+00:00,2024-12-21 10:45:00+00:00
O-20241222-103500-BACKTEST-000-759,KRAKEN-BACKTEST,KrakenBTCUSDResearchStrategy-000,BTC/USD.KRAKEN,KRAKEN-1-759,BTC/USD.KRAKEN-KrakenBTCUSDResearchStrategy-000,KRAKEN-001,T-bca94dd3b2ff00a1-228915,MARKET,BUY,0.01249835,GTC,False,False,0.01249835,TAKER,97316.01,0.0,['4.87 USD'],NO_TRIGGER,FILLED,NO_CONTINGENCY,,,,,,,,1bdd5dc6-e713-4eb5-89d3-ee2b3a5f1e6d,2024-12-22 10:35:00+00:00,2024-12-22 10:35:00+00:00
O-20241222-120500-BACKTEST-000-760,KRAKEN-BACKTEST,KrakenBTCUSDResearchStrategy-000,BTC/USD.KRAKEN,KRAKEN-1-760,BTC/USD.KRAKEN-KrakenBTCUSDResearchStrategy-000,KRAKEN-001,T-e0e23baa45ba1fa0-228985,MARKET,SELL,0.01249835,GTC,False,False,0.01249835,TAKER,97011.29,0.0,['4.85 USD'],NO_TRIGGER,FILLED,NO_CONTINGENCY,,,,,,,,b4cc0ced-4748-4bba-8ff3-5f93a7f95e7a,2024-12-22 12:05:00+00:00,2024-12-22 12:05:00+00:00
O-20241223-035000-BACKTEST-000-761,KRAKEN-BACKTEST,KrakenBTCUSDResearchStrategy-000,BTC/USD.KRAKEN,KRAKEN-1-761,BTC/USD.KRAKEN-KrakenBTCUSDResearchStrategy-000,KRAKEN-001,T-31c5382c62cf2285-229728,MARKET,BUY,0.01264689,GTC,False,False,0.01264689,TAKER,95852.05,0.0,['4.85 USD'],NO_TRIGGER,FILLED,NO_CONTINGENCY,,,,,,,,af4a6ba1-e170-4111-8677-7f7d0e2c4093,2024-12-23 03:50:00+00:00,2024-12-23 03:50:00+00:00
O-20241223-051500-BACKTEST-000-762,KRAKEN-BACKTEST,KrakenBTCUSDResearchStrategy-000,BTC/USD.KRAKEN,KRAKEN-1-762,BTC/USD.KRAKEN-KrakenBTCUSDResearchStrategy-000,KRAKEN-001,T-7b07ebccf2f1dc98-229795,MARKET,SELL,0.01264689,GTC,False,False,0.01264689,TAKER,95365.59,0.0,['4.82 USD'],NO_TRIGGER,FILLED,NO_CONTINGENCY,,,,,,,,77588e1b-8ef2-4de1-9ff2-2417bc115bec,2024-12-23 05:15:00+00:00,2024-12-23 05:15:00+00:00
O-20241223-101500-BACKTEST-000-763,KRAKEN-BACKTEST,KrakenBTCUSDResearchStrategy-000,BTC/USD.KRAKEN,KRAKEN-1-763,BTC/USD.KRAKEN-KrakenBTCUSDResearchStrategy-000,KRAKEN-001,T-b447c4217800663f-230030,MARKET,BUY,0.01254388,GTC,False,False,0.01254388,TAKER,96260.87,0.0,['4.83 USD'],NO_TRIGGER,FILLED,NO_CONTINGENCY,,,,,,,,62f2e02a-01a3-478a-9613-3f1b1bf532eb,2024-12-23 10:15:00+00:00,2024-12-23 10:15:00+00:00
O-20241223-113000-BACKTEST-000-764,KRAKEN-BACKTEST,KrakenBTCUSDResearchStrategy-000,BTC/USD.KRAKEN,KRAKEN-1-764,BTC/USD.KRAKEN-KrakenBTCUSDResearchStrategy-000,KRAKEN-001,T-af54b71930ae216c-230089,MARKET,SELL,0.01254388,GTC,False,False,0.01254388,TAKER,95915.83,0.0,['4.81 USD'],NO_TRIGGER,FILLED,NO_CONTINGENCY,,,,,,,,839f2a55-4c86-40b2-946b-49973e096953,2024-12-23 11:30:00+00:00,2024-12-23 11:30:00+00:00
O-20241223-222500-BACKTEST-000-765,KRAKEN-BACKTEST,KrakenBTCUSDResearchStrategy-000,BTC/USD.KRAKEN,KRAKEN-1-765,BTC/USD.KRAKEN-KrakenBTCUSDResearchStrategy-000,KRAKEN-001,T-9241bb1a27cd4758-230606,MARKET,BUY,0.01267326,GTC,False,False,0.01267326,TAKER,94947.7,0.0,['4.81 USD'],NO_TRIGGER,FILLED,NO_CONTINGENCY,,,,,,,,8233b0d2-2524-4b36-bd88-df76138909f3,2024-12-23 22:25:00+00:00,2024-12-23 22:25:00+00:00
O-20241224-001000-BACKTEST-000-766,KRAKEN-BACKTEST,KrakenBTCUSDResearchStrategy-000,BTC/USD.KRAKEN,KRAKEN-1-766,BTC/USD.KRAKEN-KrakenBTCUSDResearchStrategy-000,KRAKEN-001,T-9465adb80a9fcb94-230689,MARKET,SELL,0.01267326,GTC,False,False,0.01267326,TAKER,94449.2,0.0,['4.79 USD'],NO_TRIGGER,FILLED,NO_CONTINGENCY,,,,,,,,7ce64063-adc9-4b40-b7f8-d62ccdc00c13,2024-12-24 00:10:00+00:00,2024-12-24 00:10:00+00:00
O-20241224-131000-BACKTEST-000-767,KRAKEN-BACKTEST,KrakenBTCUSDResearchStrategy-000,BTC/USD.KRAKEN,KRAKEN-1-767,BTC/USD.KRAKEN-KrakenBTCUSDResearchStrategy-000,KRAKEN-001,T-660cebaecb0fb1b8-231290,MARKET,BUY,0.01267182,GTC,False,False,0.01267182,TAKER,94581.54999999999,0.0,['4.79 USD'],NO_TRIGGER,FILLED,NO_CONTINGENCY,,,,,,,,89a91d6f-4346-42ed-894d-5a35b2766daa,2024-12-24 13:10:00+00:00,2024-12-24 13:10:00+00:00
O-20241224-205500-BACKTEST-000-768,KRAKEN-BACKTEST,KrakenBTCUSDResearchStrategy-000,BTC/USD.KRAKEN,KRAKEN-1-768,BTC/USD.KRAKEN-KrakenBTCUSDResearchStrategy-000,KRAKEN-001,T-5fcc7304fffa69e2-231656,MARKET,SELL,0.01267182,GTC,False,False,0.01267182,TAKER,97298.01,0.0,['4.93 USD'],NO_TRIGGER,FILLED,NO_CONTINGENCY,,,,,,,,d22ed4e0-147e-49e6-a1f3-345dcf9e6f91,2024-12-24 20:55:00+00:00,2024-12-24 20:55:00+00:00
O-20241225-061500-BACKTEST-000-769,KRAKEN-BACKTEST,KrakenBTCUSDResearchStrategy-000,BTC/USD.KRAKEN,KRAKEN-1-769,BTC/USD.KRAKEN-KrakenBTCUSDResearchStrategy-000,KRAKEN-001,T-f7ba241e6c38c99b-232093,MARKET,BUY,0.01223714,GTC,False,False,0.01223714,TAKER,98546.79000000001,0.0,['4.82 USD'],NO_TRIGGER,FILLED,NO_CONTINGENCY,,,,,,,,0aa5848f-aadf-4139-b199-beb5fc38faf6,2024-12-25 06:15:00+00:00,2024-12-25 06:15:00+00:00
O-20241225-062000-BACKTEST-000-770,KRAKEN-BACKTEST,KrakenBTCUSDResearchStrategy-000,BTC/USD.KRAKEN,KRAKEN-1-770,BTC/USD.KRAKEN-KrakenBTCUSDResearchStrategy-000,KRAKEN-001,T-8aa358dc847ed01b-232098,MARKET,SELL,0.01223714,GTC,False,False,0.01223714,TAKER,98170.01,0.0,['4.81 USD'],NO_TRIGGER,FILLED,NO_CONTINGENCY,,,,,,,,1a58ba75-0b8d-4a49-8c73-43e021b9eb88,2024-12-25 06:20:00+00:00,2024-12-25 06:20:00+00:00
O-20241225-101000-BACKTEST-000-771,KRAKEN-BACKTEST,KrakenBTCUSDResearchStrategy-000,BTC/USD.KRAKEN,KRAKEN-1-771,BTC/USD.KRAKEN-KrakenBTCUSDResearchStrategy-000,KRAKEN-001,T-130f1b3801e3faad-232273,MARKET,BUY,0.01218407,GTC,False,False,0.01218407,TAKER,98625.34,0.0,['4.81 USD'],NO_TRIGGER,FILLED,NO_CONTINGENCY,,,,,,,,21f479ab-301d-454f-90d3-3ea414bbdf81,2024-12-25 10:10:00+00:00,2024-12-25 10:10:00+00:00
O-20241225-105000-BACKTEST-000-772,KRAKEN-BACKTEST,KrakenBTCUSDResearchStrategy-000,BTC/USD.KRAKEN,KRAKEN-1-772,BTC/USD.KRAKEN-KrakenBTCUSDResearchStrategy-000,KRAKEN-001,T-04e6f5b096e61821-232306,MARKET,SELL,0.01218407,GTC,False,False,0.01218407,TAKER,98208.95,0.0,['4.79 USD'],NO_TRIGGER,FILLED,NO_CONTINGENCY,,,,,,,,c5addd38-0cb9-4f86-ada3-3455e13089f6,2024-12-25 10:50:00+00:00,2024-12-25 10:50:00+00:00
O-20241225-181500-BACKTEST-000-773,KRAKEN-BACKTEST,KrakenBTCUSDResearchStrategy-000,BTC/USD.KRAKEN,KRAKEN-1-773,BTC/USD.KRAKEN-KrakenBTCUSDResearchStrategy-000,KRAKEN-001,T-21a8dcd1e64151e8-232656,MARKET,BUY,0.01210050,GTC,False,False,0.01210050,TAKER,98942.56999999999,0.0,['4.79 USD'],NO_TRIGGER,FILLED,NO_CONTINGENCY,,,,,,,,6b784f7b-6192-4e8d-a721-bfc8e492fa6f,2024-12-25 18:15:00+00:00,2024-12-25 18:15:00+00:00
O-20241225-211500-BACKTEST-000-774,KRAKEN-BACKTEST,KrakenBTCUSDResearchStrategy-000,BTC/USD.KRAKEN,KRAKEN-1-774,BTC/USD.KRAKEN-KrakenBTCUSDResearchStrategy-000,KRAKEN-001,T-e37c518625830543-232797,MARKET,SELL,0.01210050,GTC,False,False,0.01210050,TAKER,98696.01,0.0,['4.78 USD'],NO_TRIGGER,FILLED,NO_CONTINGENCY,,,,,,,,ef31ced3-0119-4ee8-a3c7-81c4bab218e3,2024-12-25 21:15:00+00:00,2024-12-25 21:15:00+00:00
O-20241226-000000-BACKTEST-000-775,KRAKEN-BACKTEST,KrakenBTCUSDResearchStrategy-000,BTC/USD.KRAKEN,KRAKEN-1-775,BTC/USD.KRAKEN-KrakenBTCUSDResearchStrategy-000,KRAKEN-001,T-febcbaadac330267-232924,MARKET,BUY,0.01195977,GTC,False,False,0.01195977,TAKER,99792.01999999999,0.0,['4.77 USD'],NO_TRIGGER,FILLED,NO_CONTINGENCY,,,,,,,,6793cf89-40fd-4a0c-a918-ce25c1fc5d2a,2024-12-26 00:00:00+00:00,2024-12-26 00:00:00+00:00
O-20241226-002500-BACKTEST-000-776,KRAKEN-BACKTEST,KrakenBTCUSDResearchStrategy-000,BTC/USD.KRAKEN,KRAKEN-1-776,BTC/USD.KRAKEN-KrakenBTCUSDResearchStrategy-000,KRAKEN-001,T-31444db3bb022805-232944,MARKET,SELL,0.01195977,GTC,False,False,0.01195977,TAKER,99316.73,0.0,['4.75 USD'],NO_TRIGGER,FILLED,NO_CONTINGENCY,,,,,,,,b586fd97-71ec-4266-abc6-b4baba93d6c4,2024-12-26 00:25:00+00:00,2024-12-26 00:25:00+00:00
O-20241227-020500-BACKTEST-000-777,KRAKEN-BACKTEST,KrakenBTCUSDResearchStrategy-000,BTC/USD.KRAKEN,KRAKEN-1-777,BTC/USD.KRAKEN-KrakenBTCUSDResearchStrategy-000,KRAKEN-001,T-8188cf10df660713-234126,MARKET,BUY,0.01234937,GTC,False,False,0.01234937,TAKER,96274.54000000001,0.0,['4.76 USD'],NO_TRIGGER,FILLED,NO_CONTINGENCY,,,,,,,,9f7a583a-e0d8-46c6-a8db-0505af82e702,2024-12-27 02:05:00+00:00,2024-12-27 02:05:00+00:00
O-20241227-024500-BACKTEST-000-778,KRAKEN-BACKTEST,KrakenBTCUSDResearchStrategy-000,BTC/USD.KRAKEN,KRAKEN-1-778,BTC/USD.KRAKEN-KrakenBTCUSDResearchStrategy-000,KRAKEN-001,T-9c851f270bde2b48-234159,MARKET,SELL,0.01234937,GTC,False,False,0.01234937,TAKER,95777.02,0.0,['4.73 USD'],NO_TRIGGER,FILLED,NO_CONTINGENCY,,,,,,,,7b23d69b-7fff-4055-a6a9-a7df0abe2abe,2024-12-27 02:45:00+00:00,2024-12-27 02:45:00+00:00
O-20241227-040000-BACKTEST-000-779,KRAKEN-BACKTEST,KrakenBTCUSDResearchStrategy-000,BTC/USD.KRAKEN,KRAKEN-1-779,BTC/USD.KRAKEN-KrakenBTCUSDResearchStrategy-000,KRAKEN-001,T-7b22a88bd91a5c4c-234220,MARKET,BUY,0.01227755,GTC,False,False,0.01227755,TAKER,96455.78,0.0,['4.74 USD'],NO_TRIGGER,FILLED,NO_CONTINGENCY,,,,,,,,6aaa4cfb-26a2-47d4-841c-6729e3e6b81a,2024-12-27 04:00:00+00:00,2024-12-27 04:00:00+00:00
O-20241227-051000-BACKTEST-000-780,KRAKEN-BACKTEST,KrakenBTCUSDResearchStrategy-000,BTC/USD.KRAKEN,KRAKEN-1-780,BTC/USD.KRAKEN-KrakenBTCUSDResearchStrategy-000,KRAKEN-001,T-6e0a2828a2e44bb0-234277,MARKET,SELL,0.01227755,GTC,False,False,0.01227755,TAKER,96098.87,0.0,['4.72 USD'],NO_TRIGGER,FILLED,NO_CONTINGENCY,,,,,,,,3b396a94-0939-48a3-8de0-35d2cf937c1d,2024-12-27 05:10:00+00:00,2024-12-27 05:10:00+00:00
O-20241228-053000-BACKTEST-000-781,KRAKEN-BACKTEST,KrakenBTCUSDResearchStrategy-000,BTC/USD.KRAKEN,KRAKEN-1-781,BTC/USD.KRAKEN-KrakenBTCUSDResearchStrategy-000,KRAKEN-001,T-2f4f99cc468b3312-235420,MARKET,BUY,0.01245438,GTC,False,False,0.01245438,TAKER,94752.86,0.0,['4.72 USD'],NO_TRIGGER,FILLED,NO_CONTINGENCY,,,,,,,,2ffb29eb-991f-476d-bdcb-a4fa76b3a4b7,2024-12-28 05:30:00+00:00,2024-12-28 05:30:00+00:00
O-20241228-060500-BACKTEST-000-782,KRAKEN-BACKTEST,KrakenBTCUSDResearchStrategy-000,BTC/USD.KRAKEN,KRAKEN-1-782,BTC/USD.KRAKEN-KrakenBTCUSDResearchStrategy-000,KRAKEN-001,T-d9d88595ba8a7789-235448,MARKET,SELL,0.01245438,GTC,False,False,0.01245438,TAKER,94608.28000000001,0.0,['4.71 USD'],NO_TRIGGER,FILLED,NO_CONTINGENCY,,,,,,,,b74b2943-3d3c-4bc2-8b6b-f1dcb26bcea3,2024-12-28 06:05:00+00:00,2024-12-28 06:05:00+00:00
O-20241228-112500-BACKTEST-000-783,KRAKEN-BACKTEST,KrakenBTCUSDResearchStrategy-000,BTC/USD.KRAKEN,KRAKEN-1-783,BTC/USD.KRAKEN-KrakenBTCUSDResearchStrategy-000,KRAKEN-001,T-57bd92aa318cd77c-235695,MARKET,BUY,0.01242052,GTC,False,False,0.01242052,TAKER,94739.96,0.0,['4.71 USD'],NO_TRIGGER,FILLED,NO_CONTINGENCY,,,,,,,,a401819f-33a0-4b37-a3c4-5c8e86094352,2024-12-28 11:25:00+00:00,2024-12-28 11:25:00+00:00
O-20241228-125000-BACKTEST-000-784,KRAKEN-BACKTEST,KrakenBTCUSDResearchStrategy-000,BTC/USD.KRAKEN,KRAKEN-1-784,BTC/USD.KRAKEN-KrakenBTCUSDResearchStrategy-000,KRAKEN-001,T-88498d3c090a7f88-235763,MARKET,SELL,0.01242052,GTC,False,False,0.01242052,TAKER,94614.13,0.0,['4.70 USD'],NO_TRIGGER,FILLED,NO_CONTINGENCY,,,,,,,,d29a0455-70ff-4569-a134-31f77a4bb61e,2024-12-28 12:50:00+00:00,2024-12-28 12:50:00+00:00
O-20241228-141500-BACKTEST-000-785,KRAKEN-BACKTEST,KrakenBTCUSDResearchStrategy-000,BTC/USD.KRAKEN,KRAKEN-1-785,BTC/USD.KRAKEN-KrakenBTCUSDResearchStrategy-000,KRAKEN-001,T-fea361a73b35a659-235831,MARKET,BUY,0.01233339,GTC,False,False,0.01233339,TAKER,95142.39,0.0,['4.69 USD'],NO_TRIGGER,FILLED,NO_CONTINGENCY,,,,,,,,97a7b2ba-b234-43a3-9947-1007d809c07e,2024-12-28 14:15:00+00:00,2024-12-28 14:15:00+00:00
O-20241228-142500-BACKTEST-000-786,KRAKEN-BACKTEST,KrakenBTCUSDResearchStrategy-000,BTC/USD.KRAKEN,KRAKEN-1-786,BTC/USD.KRAKEN-KrakenBTCUSDResearchStrategy-000,KRAKEN-001,T-8c4cb1eea112a9e7-235838,MARKET,SELL,0.01233339,GTC,False,False,0.01233339,TAKER,94900.0,0.0,['4.68 USD'],NO_TRIGGER,FILLED,NO_CONTINGENCY,,,,,,,,f5ce1fd9-0aca-4bcd-801a-953185c37577,2024-12-28 14:25:00+00:00,2024-12-28 14:25:00+00:00
O-20241228-222000-BACKTEST-000-787,KRAKEN-BACKTEST,KrakenBTCUSDResearchStrategy-000,BTC/USD.KRAKEN,KRAKEN-1-787,BTC/USD.KRAKEN-KrakenBTCUSDResearchStrategy-000,KRAKEN-001,T-d1f35ad783f66319-236205,MARKET,BUY,0.01228331,GTC,False,False,0.01228331,TAKER,95228.45000000001,0.0,['4.68 USD'],NO_TRIGGER,FILLED,NO_CONTINGENCY,,,,,,,,39af5da0-90a5-4d64-b890-e40641824187,2024-12-28 22:20:00+00:00,2024-12-28 22:20:00+00:00
O-20241229-010500-BACKTEST-000-788,KRAKEN-BACKTEST,KrakenBTCUSDResearchStrategy-000,BTC/USD.KRAKEN,KRAKEN-1-788,BTC/USD.KRAKEN-KrakenBTCUSDResearchStrategy-000,KRAKEN-001,T-94e1730640d8b2c7-236333,MARKET,SELL,0.01228331,GTC,False,False,0.01228331,TAKER,95033.77,0.0,['4.67 USD'],NO_TRIGGER,FILLED,NO_CONTINGENCY,,,,,,,,4afc875d-2515-4a81-a73a-cf1154248733,2024-12-29 01:05:00+00:00,2024-12-29 01:05:00+00:00
O-20241230-122500-BACKTEST-000-789,KRAKEN-BACKTEST,KrakenBTCUSDResearchStrategy-000,BTC/USD.KRAKEN,KRAKEN-1-789,BTC/USD.KRAKEN-KrakenBTCUSDResearchStrategy-000,KRAKEN-001,T-270751684f255ac4-237963,MARKET,BUY,0.01239038,GTC,False,False,0.01239038,TAKER,94121.31,0.0,['4.66 USD'],NO_TRIGGER,FILLED,NO_CONTINGENCY,,,,,,,,2f2d4c51-ce65-4241-be8d-5862b9c55ec7,2024-12-30 12:25:00+00:00,2024-12-30 12:25:00+00:00
O-20241230-123500-BACKTEST-000-790,KRAKEN-BACKTEST,KrakenBTCUSDResearchStrategy-000,BTC/USD.KRAKEN,KRAKEN-1-790,BTC/USD.KRAKEN-KrakenBTCUSDResearchStrategy-000,KRAKEN-001,T-4b1b6b7502f1f3c6-237971,MARKET,SELL,0.01239038,GTC,False,False,0.01239038,TAKER,93839.27,0.0,['4.65 USD'],NO_TRIGGER,FILLED,NO_CONTINGENCY,,,,,,,,f96291ef-0e3f-4aa4-8a30-5b5f8ab5d6ad,2024-12-30 12:35:00+00:00,2024-12-30 12:35:00+00:00
O-20241230-181000-BACKTEST-000-791,KRAKEN-BACKTEST,KrakenBTCUSDResearchStrategy-000,BTC/USD.KRAKEN,KRAKEN-1-791,BTC/USD.KRAKEN-KrakenBTCUSDResearchStrategy-000,KRAKEN-001,T-2c5dac7124344ff8-238236,MARKET,BUY,0.01230985,GTC,False,False,0.01230985,TAKER,94424.8,0.0,['4.65 USD'],NO_TRIGGER,FILLED,NO_CONTINGENCY,,,,,,,,f30ee40d-e791-49a2-b5b2-9e478e922f6c,2024-12-30 18:10:00+00:00,2024-12-30 18:10:00+00:00
O-20241230-212000-BACKTEST-000-792,KRAKEN-BACKTEST,KrakenBTCUSDResearchStrategy-000,BTC/USD.KRAKEN,KRAKEN-1-792,BTC/USD.KRAKEN-KrakenBTCUSDResearchStrategy-000,KRAKEN-001,T-8c77b4b191fd1893-238386,MARKET,SELL,0.01230985,GTC,False,False,0.01230985,TAKER,93921.70999999999,0.0,['4.62 USD'],NO_TRIGGER,FILLED,NO_CONTINGENCY,,,,,,,,9610ed5c-0350-47eb-8d1b-ba2174ef61e0,2024-12-30 21:20:00+00:00,2024-12-30 21:20:00+00:00
O-20241231-081500-BACKTEST-000-793,KRAKEN-BACKTEST,KrakenBTCUSDResearchStrategy-000,BTC/USD.KRAKEN,KRAKEN-1-793,BTC/USD.KRAKEN-KrakenBTCUSDResearchStrategy-000,KRAKEN-001,T-2f336df59c33a40a-238899,MARKET,BUY,0.01241240,GTC,False,False,0.01241240,TAKER,93270.84000000001,0.0,['4.63 USD'],NO_TRIGGER,FILLED,NO_CONTINGENCY,,,,,,,,1d557376-f202-444d-8284-0275d9db7724,2024-12-31 08:15:00+00:00,2024-12-31 08:15:00+00:00
O-20241231-163000-BACKTEST-000-794,KRAKEN-BACKTEST,KrakenBTCUSDResearchStrategy-000,BTC/USD.KRAKEN,KRAKEN-1-794,BTC/USD.KRAKEN-KrakenBTCUSDResearchStrategy-000,KRAKEN-001,T-d2c7118a87633f61-239291,MARKET,SELL,0.01241240,GTC,False,False,0.01241240,TAKER,94671.44,0.0,['4.70 USD'],NO_TRIGGER,FILLED,NO_CONTINGENCY,,,,,,,,c991d6f7-131b-433b-853d-c3a60fd52565,2024-12-31 16:30:00+00:00,2024-12-31 16:30:00+00:00
