client_order_id,trader_id,strategy_id,instrument_id,venue_order_id,position_id,account_id,last_trade_id,type,side,quantity,time_in_force,is_reduce_only,is_quote_quantity,filled_qty,liquidity_side,avg_px,slippage,commissions,emulation_trigger,status,contingency_type,order_list_id,linked_order_ids,parent_order_id,exec_algorithm_id,exec_algorithm_params,exec_spawn_id,tags,init_id,ts_init,ts_last
O-20240101-085500-BACKTEST-000-1,KRAKEN-BACKTEST,KrakenBTCUSDResearchStrategy-000,BTC/USD.KRAKEN,KRAKEN-1-001,BTC/USD.KRAKEN-KrakenBTCUSDResearchStrategy-000,KRAKEN-001,T-9052bb47d81dd525-417,MARKET,BUY,0.07050530,GTC,False,False,0.07050530,TAKER,42549.990000000005,0.0,['12.00 USD'],NO_TRIGGER,FILLED,NO_CONTINGENCY,,,,,,,,c30f95e1-40a8-4530-a579-593d0baef4ab,2024-01-01 08:55:00+00:00,2024-01-01 08:55:00+00:00
O-20240101-144500-BACKTEST-000-2,KRAKEN-BACKTEST,KrakenBTCUSDResearchStrategy-000,BTC/USD.KRAKEN,KRAKEN-1-002,BTC/USD.KRAKEN-KrakenBTCUSDResearchStrategy-000,KRAKEN-001,T-422747585b38223b-679,MARKET,SELL,0.07050530,GTC,False,False,0.07050530,TAKER,42601.100000000006,0.0,['12.01 USD'],NO_TRIGGER,FILLED,NO_CONTINGENCY,,,,,,,,ba6ba620-d3da-47b5-b2c1-e4456858da31,2024-01-01 14:45:00+00:00,2024-01-01 14:45:00+00:00
O-20240101-180000-BACKTEST-000-3,KRAKEN-BACKTEST,KrakenBTCUSDResearchStrategy-000,BTC/USD.KRAKEN,KRAKEN-1-003,BTC/USD.KRAKEN-KrakenBTCUSDResearchStrategy-000,KRAKEN-001,T-5c6706aa8c64a1a4-831,MARKET,BUY,0.06970571,GTC,False,False,0.06970571,TAKER,42950.24,0.0,['11.98 USD'],NO_TRIGGER,FILLED,NO_CONTINGENCY,,,,,,,,1a8e8190-a526-4d4a-be4d-cc0c579f4382,2024-01-01 18:00:00+00:00,2024-01-01 18:00:00+00:00
O-20240102-113500-BACKTEST-000-4,KRAKEN-BACKTEST,KrakenBTCUSDResearchStrategy-000,BTC/USD.KRAKEN,KRAKEN-1-004,BTC/USD.KRAKEN-KrakenBTCUSDResearchStrategy-000,KRAKEN-001,T-dabcb8e907782d9a-1655,MARKET,SELL,0.06970571,GTC,False,False,0.06970571,TAKER,45322.0,0.0,['12.64 USD'],NO_TRIGGER,FILLED,NO_CONTINGENCY,,,,,,,,f0905030-7f87-4314-ac17-f01cbc6b1555,2024-01-02 11:35:00+00:00,2024-01-02 11:35:00+00:00
O-20240103-015000-BACKTEST-000-5,KRAKEN-BACKTEST,KrakenBTCUSDResearchStrategy-000,BTC/USD.KRAKEN,KRAKEN-1-005,BTC/USD.KRAKEN-KrakenBTCUSDResearchStrategy-000,KRAKEN-001,T-5e246e73ca9b280c-2328,MARKET,BUY,0.06702567,GTC,False,False,0.06702567,TAKER,45297.369999999995,0.0,['12.14 USD'],NO_TRIGGER,FILLED,NO_CONTINGENCY,,,,,,,,ea127d0e-8f5a-411b-9140-6be8a884f785,2024-01-03 01:50:00+00:00,2024-01-03 01:50:00+00:00
O-20240103-040500-BACKTEST-000-6,KRAKEN-BACKTEST,KrakenBTCUSDResearchStrategy-000,BTC/USD.KRAKEN,KRAKEN-1-006,BTC/USD.KRAKEN-KrakenBTCUSDResearchStrategy-000,KRAKEN-001,T-cd17172e8e0e4173-2434,MARKET,SELL,0.06702567,GTC,False,False,0.06702567,TAKER,45192.689999999995,0.0,['12.12 USD'],NO_TRIGGER,FILLED,NO_CONTINGENCY,,,,,,,,2f880648-c30f-4b0d-9c5c-d3523d4eef93,2024-01-03 04:05:00+00:00,2024-01-03 04:05:00+00:00
O-20240103-070500-BACKTEST-000-7,KRAKEN-BACKTEST,KrakenBTCUSDResearchStrategy-000,BTC/USD.KRAKEN,KRAKEN-1-007,BTC/USD.KRAKEN-KrakenBTCUSDResearchStrategy-000,KRAKEN-001,T-f84038831ae92a1e-2575,MARKET,BUY,0.06671135,GTC,False,False,0.06671135,TAKER,45370.13,0.0,['12.11 USD'],NO_TRIGGER,FILLED,NO_CONTINGENCY,,,,,,,,7df9f726-9ce9-4c9a-8c4f-c3e7a4497af2,2024-01-03 07:05:00+00:00,2024-01-03 07:05:00+00:00
O-20240103-074000-BACKTEST-000-8,KRAKEN-BACKTEST,KrakenBTCUSDResearchStrategy-000,BTC/USD.KRAKEN,KRAKEN-1-008,BTC/USD.KRAKEN-KrakenBTCUSDResearchStrategy-000,KRAKEN-001,T-b2e789fb33cd0200-2603,MARKET,SELL,0.06671135,GTC,False,False,0.06671135,TAKER,45150.270000000004,0.0,['12.05 USD'],NO_TRIGGER,FILLED,NO_CONTINGENCY,,,,,,,,177f0550-ab45-4589-a3d7-6d1f4c6bb67f,2024-01-03 07:40:00+00:00,2024-01-03 07:40:00+00:00
O-20240103-093500-BACKTEST-000-9,KRAKEN-BACKTEST,KrakenBTCUSDResearchStrategy-000,BTC/USD.KRAKEN,KRAKEN-1-009,BTC/USD.KRAKEN-KrakenBTCUSDResearchStrategy-000,KRAKEN-001,T-0757a4234fe1f90c-2691,MARKET,BUY,0.06627662,GTC,False,False,0.06627662,TAKER,45492.009999999995,0.0,['12.06 USD'],NO_TRIGGER,FILLED,NO_CONTINGENCY,,,,,,,,cb2a2a3c-5818-4c01-9679-091fe7d622de,2024-01-03 09:35:00+00:00,2024-01-03 09:35:00+00:00
O-20240103-101500-BACKTEST-000-10,KRAKEN-BACKTEST,KrakenBTCUSDResearchStrategy-000,BTC/USD.KRAKEN,KRAKEN-1-010,BTC/USD.KRAKEN-KrakenBTCUSDResearchStrategy-000,KRAKEN-001,T-6b4306fb51ca417a-2724,MARKET,SELL,0.06627662,GTC,False,False,0.06627662,TAKER,45336.12,0.0,['12.02 USD'],NO_TRIGGER,FILLED,NO_CONTINGENCY,,,,,,,,f0b83bfa-ce8f-4c1b-9c3c-29898a5ecb07,2024-01-03 10:15:00+00:00,2024-01-03 10:15:00+00:00
O-20240104-025500-BACKTEST-000-11,KRAKEN-BACKTEST,KrakenBTCUSDResearchStrategy-000,BTC/USD.KRAKEN,KRAKEN-1-011,BTC/USD.KRAKEN-KrakenBTCUSDResearchStrategy-000,KRAKEN-001,T-b18a374a4c905de3-3514,MARKET,BUY,0.06965313,GTC,False,False,0.06965313,TAKER,43138.49,0.0,['12.02 USD'],NO_TRIGGER,FILLED,NO_CONTINGENCY,,,,,,,,ea9b1c7a-260e-4900-9791-c5fcaae5e808,2024-01-04 02:55:00+00:00,2024-01-04 02:55:00+00:00
O-20240104-040000-BACKTEST-000-12,KRAKEN-BACKTEST,KrakenBTCUSDResearchStrategy-000,BTC/USD.KRAKEN,KRAKEN-1-012,BTC/USD.KRAKEN-KrakenBTCUSDResearchStrategy-000,KRAKEN-001,T-af3999d2170f14ad-3567,MARKET,SELL,0.06965313,GTC,False,False,0.06965313,TAKER,42977.55,0.0,['11.97 USD'],NO_TRIGGER,FILLED,NO_CONTINGENCY,,,,,,,,072bfd68-90f2-4a99-bc23-de8d5a5cd22d,2024-01-04 04:00:00+00:00,2024-01-04 04:00:00+00:00
O-20240104-053500-BACKTEST-000-13,KRAKEN-BACKTEST,KrakenBTCUSDResearchStrategy-000,BTC/USD.KRAKEN,KRAKEN-1-013,BTC/USD.KRAKEN-KrakenBTCUSDResearchStrategy-000,KRAKEN-001,T-722592bfc6031156-3644,MARKET,BUY,0.06921656,GTC,False,False,0.06921656,TAKER,43258.009999999995,0.0,['11.98 USD'],NO_TRIGGER,FILLED,NO_CONTINGENCY,,,,,,,,0c5743b0-c0be-44b5-8994-cdb7444a284c,2024-01-04 05:35:00+00:00,2024-01-04 05:35:00+00:00
O-20240104-061000-BACKTEST-000-14,KRAKEN-BACKTEST,KrakenBTCUSDResearchStrategy-000,BTC/USD.KRAKEN,KRAKEN-1-014,BTC/USD.KRAKEN-KrakenBTCUSDResearchStrategy-000,KRAKEN-001,T-902dcf51860cefee-3673,MARKET,SELL,0.06921656,GTC,False,False,0.06921656,TAKER,43111.8,0.0,['11.94 USD'],NO_TRIGGER,FILLED,NO_CONTINGENCY,,,,,,,,be6e36ac-bd8e-4978-a51c-2b8c0f2d7518,2024-01-04 06:10:00+00:00,2024-01-04 06:10:00+00:00
O-20240104-121000-BACKTEST-000-15,KRAKEN-BACKTEST,KrakenBTCUSDResearchStrategy-000,BTC/USD.KRAKEN,KRAKEN-1-015,BTC/USD.KRAKEN-KrakenBTCUSDResearchStrategy-000,KRAKEN-001,T-5cf3216eb7dc1e31-3959,MARKET,BUY,0.06900282,GTC,False,False,0.06900282,TAKER,43244.009999999995,0.0,['11.94 USD'],NO_TRIGGER,FILLED,NO_CONTINGENCY,,,,,,,,5bb2325b-21c0-4c71-8174-cfc8d24ab8d3,2024-01-04 12:10:00+00:00,2024-01-04 12:10:00+00:00
O-20240105-003500-BACKTEST-000-16,KRAKEN-BACKTEST,KrakenBTCUSDResearchStrategy-000,BTC/USD.KRAKEN,KRAKEN-1-016,BTC/USD.KRAKEN-KrakenBTCUSDResearchStrategy-000,KRAKEN-001,T-e35d3f816a3e9788-4541,MARKET,SELL,0.06900282,GTC,False,False,0.06900282,TAKER,44059.53,0.0,['12.16 USD'],NO_TRIGGER,FILLED,NO_CONTINGENCY,,,,,,,,d7bb7710-3d1a-47b2-b53c-03508756ad01,2024-01-05 00:35:00+00:00,2024-01-05 00:35:00+00:00
O-20240105-090000-BACKTEST-000-17,KRAKEN-BACKTEST,KrakenBTCUSDResearchStrategy-000,BTC/USD.KRAKEN,KRAKEN-1-017,BTC/USD.KRAKEN-KrakenBTCUSDResearchStrategy-000,KRAKEN-001,T-e61e7f58bfbc28cc-4940,MARKET,BUY,0.06784608,GTC,False,False,0.06784608,TAKER,44123.55,0.0,['11.97 USD'],NO_TRIGGER,FILLED,NO_CONTINGENCY,,,,,,,,7efe43e9-30d2-421b-bbe2-a5e3a32cae1a,2024-01-05 09:00:00+00:00,2024-01-05 09:00:00+00:00
O-20240105-104500-BACKTEST-000-18,KRAKEN-BACKTEST,KrakenBTCUSDResearchStrategy-000,BTC/USD.KRAKEN,KRAKEN-1-018,BTC/USD.KRAKEN-KrakenBTCUSDResearchStrategy-000,KRAKEN-001,T-162f1dc86001f353-5023,MARKET,SELL,0.06784608,GTC,False,False,0.06784608,TAKER,43901.11,0.0,['11.91 USD'],NO_TRIGGER,FILLED,NO_CONTINGENCY,,,,,,,,87e2ae9d-689a-493b-b291-56cee1f73c28,2024-01-05 10:45:00+00:00,2024-01-05 10:45:00+00:00
O-20240105-205000-BACKTEST-000-19,KRAKEN-BACKTEST,KrakenBTCUSDResearchStrategy-000,BTC/USD.KRAKEN,KRAKEN-1-019,BTC/USD.KRAKEN-KrakenBTCUSDResearchStrategy-000,KRAKEN-001,T-b4f353f7872dd403-5502,MARKET,BUY,0.06760188,GTC,False,False,0.06760188,TAKER,44110.0,0.0,['11.93 USD'],NO_TRIGGER,FILLED,NO_CONTINGENCY,,,,,,,,b7856fca-6958-4ce9-9319-fd380e707658,2024-01-05 20:50:00+00:00,2024-01-05 20:50:00+00:00
O-20240105-210000-BACKTEST-000-20,KRAKEN-BACKTEST,KrakenBTCUSDResearchStrategy-000,BTC/USD.KRAKEN,KRAKEN-1-020,BTC/USD.KRAKEN-KrakenBTCUSDResearchStrategy-000,KRAKEN-001,T-69b584fe8670ac1f-5511,MARKET,SELL,0.06760188,GTC,False,False,0.06760188,TAKER,43789.93,0.0,['11.84 USD'],NO_TRIGGER,FILLED,NO_CONTINGENCY,,,,,,,,1a805d6c-5e64-49ce-b927-367c56f18086,2024-01-05 21:00:00+00:00,2024-01-05 21:00:00+00:00
O-20240106-141500-BACKTEST-000-21,KRAKEN-BACKTEST,KrakenBTCUSDResearchStrategy-000,BTC/USD.KRAKEN,KRAKEN-1-021,BTC/USD.KRAKEN-KrakenBTCUSDResearchStrategy-000,KRAKEN-001,T-34ae671e866b6047-6313,MARKET,BUY,0.06767495,GTC,False,False,0.06767495,TAKER,43861.07,0.0,['11.87 USD'],NO_TRIGGER,FILLED,NO_CONTINGENCY,,,,,,,,4d997b45-bb1f-454b-a708-369b549b368b,2024-01-06 14:15:00+00:00,2024-01-06 14:15:00+00:00
O-20240106-200500-BACKTEST-000-22,KRAKEN-BACKTEST,KrakenBTCUSDResearchStrategy-000,BTC/USD.KRAKEN,KRAKEN-1-022,BTC/USD.KRAKEN-KrakenBTCUSDResearchStrategy-000,KRAKEN-001,T-63b1136332671249-6586,MARKET,SELL,0.06767495,GTC,False,False,0.06767495,TAKER,43857.53,0.0,['11.87 USD'],NO_TRIGGER,FILLED,NO_CONTINGENCY,,,,,,,,31467288-7e9c-4500-87e7-d862a62c515b,2024-01-06 20:05:00+00:00,2024-01-06 20:05:00+00:00
O-20240107-001500-BACKTEST-000-23,KRAKEN-BACKTEST,KrakenBTCUSDResearchStrategy-000,BTC/USD.KRAKEN,KRAKEN-1-023,BTC/USD.KRAKEN-KrakenBTCUSDResearchStrategy-000,KRAKEN-001,T-c8f5e98b31fa58dd-6781,MARKET,BUY,0.06730687,GTC,False,False,0.06730687,TAKER,43994.049999999996,0.0,['11.84 USD'],NO_TRIGGER,FILLED,NO_CONTINGENCY,,,,,,,,1d675544-990c-4966-923c-053a4dd46966,2024-01-07 00:15:00+00:00,2024-01-07 00:15:00+00:00
O-20240107-023500-BACKTEST-000-24,KRAKEN-BACKTEST,KrakenBTCUSDResearchStrategy-000,BTC/USD.KRAKEN,KRAKEN-1-024,BTC/USD.KRAKEN-KrakenBTCUSDResearchStrategy-000,KRAKEN-001,T-d77c1d58e20ef382-6890,MARKET,SELL,0.06730687,GTC,False,False,0.06730687,TAKER,43848.2,0.0,['11.81 USD'],NO_TRIGGER,FILLED,NO_CONTINGENCY,,,,,,,,a7226257-a91d-4402-b917-d8f8eeffc1ef,2024-01-07 02:35:00+00:00,2024-01-07 02:35:00+00:00
O-20240107-080000-BACKTEST-000-25,KRAKEN-BACKTEST,KrakenBTCUSDResearchStrategy-000,BTC/USD.KRAKEN,KRAKEN-1-025,BTC/USD.KRAKEN-KrakenBTCUSDResearchStrategy-000,KRAKEN-001,T-36954ccc2768a812-7141,MARKET,BUY,0.06688559,GTC,False,False,0.06688559,TAKER,44121.07,0.0,['11.80 USD'],NO_TRIGGER,FILLED,NO_CONTINGENCY,,,,,,,,ec9e5e52-7ec3-4437-9637-aeff2e11a08e,2024-01-07 08:00:00+00:00,2024-01-07 08:00:00+00:00
O-20240107-085500-BACKTEST-000-26,KRAKEN-BACKTEST,KrakenBTCUSDResearchStrategy-000,BTC/USD.KRAKEN,KRAKEN-1-026,BTC/USD.KRAKEN-KrakenBTCUSDResearchStrategy-000,KRAKEN-001,T-f227cee637001926-7183,MARKET,SELL,0.06688559,GTC,False,False,0.06688559,TAKER,44017.990000000005,0.0,['11.78 USD'],NO_TRIGGER,FILLED,NO_CONTINGENCY,,,,,,,,8dad53c4-0ff1-4348-b74d-035200dab355,2024-01-07 08:55:00+00:00,2024-01-07 08:55:00+00:00
O-20240107-131000-BACKTEST-000-27,KRAKEN-BACKTEST,KrakenBTCUSDResearchStrategy-000,BTC/USD.KRAKEN,KRAKEN-1-027,BTC/USD.KRAKEN-KrakenBTCUSDResearchStrategy-000,KRAKEN-001,T-229a06299bda525c-7383,MARKET,BUY,0.06651418,GTC,False,False,0.06651418,TAKER,44230.009999999995,0.0,['11.77 USD'],NO_TRIGGER,FILLED,NO_CONTINGENCY,,,,,,,,f4f31b3b-5357-4f1f-8626-27af63c73da2,2024-01-07 13:10:00+00:00,2024-01-07 13:10:00+00:00
O-20240107-153500-BACKTEST-000-28,KRAKEN-BACKTEST,KrakenBTCUSDResearchStrategy-000,BTC/USD.KRAKEN,KRAKEN-1-028,BTC/USD.KRAKEN-KrakenBTCUSDResearchStrategy-000,KRAKEN-001,T-8cb97a79959f4b17-7498,MARKET,SELL,0.06651418,GTC,False,False,0.06651418,TAKER,44129.990000000005,0.0,['11.74 USD'],NO_TRIGGER,FILLED,NO_CONTINGENCY,,,,,,,,fe25b626-3afb-4744-9c07-f610a618a467,2024-01-07 15:35:00+00:00,2024-01-07 15:35:00+00:00
O-20240108-111000-BACKTEST-000-29,KRAKEN-BACKTEST,KrakenBTCUSDResearchStrategy-000,BTC/USD.KRAKEN,KRAKEN-1-029,BTC/USD.KRAKEN-KrakenBTCUSDResearchStrategy-000,KRAKEN-001,T-799361267f1739fa-8424,MARKET,BUY,0.06638129,GTC,False,False,0.06638129,TAKER,44182.25,0.0,['11.73 USD'],NO_TRIGGER,FILLED,NO_CONTINGENCY,,,,,,,,5c46b911-ff70-49d1-84c5-7c1a3615a463,2024-01-08 11:10:00+00:00,2024-01-08 11:10:00+00:00
O-20240109-003500-BACKTEST-000-30,KRAKEN-BACKTEST,KrakenBTCUSDResearchStrategy-000,BTC/USD.KRAKEN,KRAKEN-1-030,BTC/USD.KRAKEN-KrakenBTCUSDResearchStrategy-000,KRAKEN-001,T-b9c3511618f66dd0-9061,MARKET,SELL,0.06638129,GTC,False,False,0.06638129,TAKER,46334.88,0.0,['12.30 USD'],NO_TRIGGER,FILLED,NO_CONTINGENCY,,,,,,,,c6065504-d461-460c-922e-5654a8027a3a,2024-01-09 00:35:00+00:00,2024-01-09 00:35:00+00:00
O-20240109-211000-BACKTEST-000-31,KRAKEN-BACKTEST,KrakenBTCUSDResearchStrategy-000,BTC/USD.KRAKEN,KRAKEN-1-031,BTC/USD.KRAKEN-KrakenBTCUSDResearchStrategy-000,KRAKEN-001,T-d436b2814bfb4cd0-10036,MARKET,BUY,0.06194986,GTC,False,False,0.06194986,TAKER,47918.36,0.0,['11.87 USD'],NO_TRIGGER,FILLED,NO_CONTINGENCY,,,,,,,,821b61f0-dc37-4350-9181-b2b0a8241819,2024-01-09 21:10:00+00:00,2024-01-09 21:10:00+00:00
O-20240109-211500-BACKTEST-000-32,KRAKEN-BACKTEST,KrakenBTCUSDResearchStrategy-000,BTC/USD.KRAKEN,KRAKEN-1-032,BTC/USD.KRAKEN-KrakenBTCUSDResearchStrategy-000,KRAKEN-001,T-d74718810e73012f-10041,MARKET,SELL,0.06194986,GTC,False,False,0.06194986,TAKER,46522.02,0.0,['11.53 USD'],NO_TRIGGER,FILLED,NO_CONTINGENCY,,,,,,,,c04ad751-e185-4e11-9c66-3fa98eb8cc7f,2024-01-09 21:15:00+00:00,2024-01-09 21:15:00+00:00
O-20240110-173500-BACKTEST-000-33,KRAKEN-BACKTEST,KrakenBTCUSDResearchStrategy-000,BTC/USD.KRAKEN,KRAKEN-1-033,BTC/USD.KRAKEN-KrakenBTCUSDResearchStrategy-000,KRAKEN-001,T-14b7a1e09ec27466-10996,MARKET,BUY,0.06393536,GTC,False,False,0.06393536,TAKER,45914.54,0.0,['11.74 USD'],NO_TRIGGER,FILLED,NO_CONTINGENCY,,,,,,,,abd0b99e-89fb-4c49-bf82-32f355fd1733,2024-01-10 17:35:00+00:00,2024-01-10 17:35:00+00:00
O-20240110-201000-BACKTEST-000-34,KRAKEN-BACKTEST,KrakenBTCUSDResearchStrategy-000,BTC/USD.KRAKEN,KRAKEN-1-034,BTC/USD.KRAKEN-KrakenBTCUSDResearchStrategy-000,KRAKEN-001,T-ecc982f6901a3381-11119,MARKET,SELL,0.06393536,GTC,False,False,0.06393536,TAKER,45548.56,0.0,['11.65 USD'],NO_TRIGGER,FILLED,NO_CONTINGENCY,,,,,,,,a10d119e-1ae2-42f7-ba7e-d55586d29cb9,2024-01-10 20:10:00+00:00,2024-01-10 20:10:00+00:00
O-20240110-225000-BACKTEST-000-35,KRAKEN-BACKTEST,KrakenBTCUSDResearchStrategy-000,BTC/USD.KRAKEN,KRAKEN-1-035,BTC/USD.KRAKEN-KrakenBTCUSDResearchStrategy-000,KRAKEN-001,T-633770d5872df274-11248,MARKET,BUY,0.04250439,GTC,False,False,0.04250439,TAKER,46925.0,0.0,['7.98 USD'],NO_TRIGGER,FILLED,NO_CONTINGENCY,,,,,,,,555153f2-b9fa-47f2-bbe8-42cd8de71e13,2024-01-10 22:50:00+00:00,2024-01-10 22:50:00+00:00
O-20240111-001500-BACKTEST-000-36,KRAKEN-BACKTEST,KrakenBTCUSDResearchStrategy-000,BTC/USD.KRAKEN,KRAKEN-1-036,BTC/USD.KRAKEN-KrakenBTCUSDResearchStrategy-000,KRAKEN-001,T-19bf15027fcb7e0d-11317,MARKET,SELL,0.04250439,GTC,False,False,0.04250439,TAKER,46352.0,0.0,['7.88 USD'],NO_TRIGGER,FILLED,NO_CONTINGENCY,,,,,,,,ce436326-3e67-4071-9643-2b44512664dc,2024-01-11 00:15:00+00:00,2024-01-11 00:15:00+00:00
O-20240111-101500-BACKTEST-000-37,KRAKEN-BACKTEST,KrakenBTCUSDResearchStrategy-000,BTC/USD.KRAKEN,KRAKEN-1-037,BTC/USD.KRAKEN-KrakenBTCUSDResearchStrategy-000,KRAKEN-001,T-6134d4b6841768d7-11794,MARKET,BUY,0.06274041,GTC,False,False,0.06274041,TAKER,46372.979999999996,0.0,['11.64 USD'],NO_TRIGGER,FILLED,NO_CONTINGENCY,,,,,,,,322c4af5-d1ee-4ed6-a439-4200c3f4e0bd,2024-01-11 10:15:00+00:00,2024-01-11 10:15:00+00:00
O-20240111-154500-BACKTEST-000-38,KRAKEN-BACKTEST,KrakenBTCUSDResearchStrategy-000,BTC/USD.KRAKEN,KRAKEN-1-038,BTC/USD.KRAKEN-KrakenBTCUSDResearchStrategy-000,KRAKEN-001,T-97022a3e84aa3c82-12058,MARKET,SELL,0.06274041,GTC,False,False,0.06274041,TAKER,46752.6,0.0,['11.73 USD'],NO_TRIGGER,FILLED,NO_CONTINGENCY,,,,,,,,03e02ccf-5638-430c-8b87-7e42a63b0ef1,2024-01-11 15:45:00+00:00,2024-01-11 15:45:00+00:00
O-20240113-062000-BACKTEST-000-39,KRAKEN-BACKTEST,KrakenBTCUSDResearchStrategy-000,BTC/USD.KRAKEN,KRAKEN-1-039,BTC/USD.KRAKEN-KrakenBTCUSDResearchStrategy-000,KRAKEN-001,T-6f288d4aedbc81b4-13884,MARKET,BUY,0.06741623,GTC,False,False,0.06741623,TAKER,43158.67,0.0,['11.64 USD'],NO_TRIGGER,FILLED,NO_CONTINGENCY,,,,,,,,7dcd3123-7829-4192-852e-8a6eb9fa583d,2024-01-13 06:20:00+00:00,2024-01-13 06:20:00+00:00
O-20240113-064000-BACKTEST-000-40,KRAKEN-BACKTEST,KrakenBTCUSDResearchStrategy-000,BTC/USD.KRAKEN,KRAKEN-1-040,BTC/USD.KRAKEN-KrakenBTCUSDResearchStrategy-000,KRAKEN-001,T-63bf44291fc93ba5-13901,MARKET,SELL,0.06741623,GTC,False,False,0.06741623,TAKER,42988.5,0.0,['11.59 USD'],NO_TRIGGER,FILLED,NO_CONTINGENCY,,,,,,,,a78774fb-5a9d-4468-ad30-c17fde21eecb,2024-01-13 06:40:00+00:00,2024-01-13 06:40:00+00:00
O-20240113-152000-BACKTEST-000-41,KRAKEN-BACKTEST,KrakenBTCUSDResearchStrategy-000,BTC/USD.KRAKEN,KRAKEN-1-041,BTC/USD.KRAKEN-KrakenBTCUSDResearchStrategy-000,KRAKEN-001,T-9b307a987284cb01-14312,MARKET,BUY,0.06728384,GTC,False,False,0.06728384,TAKER,43088.87,0.0,['11.60 USD'],NO_TRIGGER,FILLED,NO_CONTINGENCY,,,,,,,,b1e88412-856c-4680-b8d5-7c7ae2ca9c65,2024-01-13 15:20:00+00:00,2024-01-13 15:20:00+00:00
O-20240113-163500-BACKTEST-000-42,KRAKEN-BACKTEST,KrakenBTCUSDResearchStrategy-000,BTC/USD.KRAKEN,KRAKEN-1-042,BTC/USD.KRAKEN-KrakenBTCUSDResearchStrategy-000,KRAKEN-001,T-95e288eae28ec402-14372,MARKET,SELL,0.06728384,GTC,False,False,0.06728384,TAKER,42879.420000000006,0.0,['11.54 USD'],NO_TRIGGER,FILLED,NO_CONTINGENCY,,,,,,,,c990c362-7f90-4879-b3b6-016ba1e169c8,2024-01-13 16:35:00+00:00,2024-01-13 16:35:00+00:00
O-20240113-220000-BACKTEST-000-43,KRAKEN-BACKTEST,KrakenBTCUSDResearchStrategy-000,BTC/USD.KRAKEN,KRAKEN-1-043,BTC/USD.KRAKEN-KrakenBTCUSDResearchStrategy-000,KRAKEN-001,T-8d461dd312c50e20-14621,MARKET,BUY,0.06713950,GTC,False,False,0.06713950,TAKER,43015.15,0.0,['11.55 USD'],NO_TRIGGER,FILLED,NO_CONTINGENCY,,,,,,,,9761184e-c8d4-4a8f-be66-3860d68426b7,2024-01-13 22:00:00+00:00,2024-01-13 22:00:00+00:00
O-20240113-232000-BACKTEST-000-44,KRAKEN-BACKTEST,KrakenBTCUSDResearchStrategy-000,BTC/USD.KRAKEN,KRAKEN-1-044,BTC/USD.KRAKEN-KrakenBTCUSDResearchStrategy-000,KRAKEN-001,T-d3d63ceada78fc78-14684,MARKET,SELL,0.06713950,GTC,False,False,0.06713950,TAKER,42878.0,0.0,['11.52 USD'],NO_TRIGGER,FILLED,NO_CONTINGENCY,,,,,,,,d18e9ba8-ad3a-4bc5-bae0-74388dce035a,2024-01-13 23:20:00+00:00,2024-01-13 23:20:00+00:00
O-20240114-062500-BACKTEST-000-45,KRAKEN-BACKTEST,KrakenBTCUSDResearchStrategy-000,BTC/USD.KRAKEN,KRAKEN-1-045,BTC/USD.KRAKEN-KrakenBTCUSDResearchStrategy-000,KRAKEN-001,T-a85892acec6c0b37-15012,MARKET,BUY,0.06710485,GTC,False,False,0.06710485,TAKER,42893.049999999996,0.0,['11.51 USD'],NO_TRIGGER,FILLED,NO_CONTINGENCY,,,,,,,,f1f32eaa-4b3f-4714-bc4c-55ce62bbf04e,2024-01-14 06:25:00+00:00,2024-01-14 06:25:00+00:00
O-20240114-110000-BACKTEST-000-46,KRAKEN-BACKTEST,KrakenBTCUSDResearchStrategy-000,BTC/USD.KRAKEN,KRAKEN-1-046,BTC/USD.KRAKEN-KrakenBTCUSDResearchStrategy-000,KRAKEN-001,T-2ff50b2c8d2be534-15224,MARKET,SELL,0.06710485,GTC,False,False,0.06710485,TAKER,42808.700000000004,0.0,['11.49 USD'],NO_TRIGGER,FILLED,NO_CONTINGENCY,,,,,,,,10a54dbc-2712-4c6c-966c-08d896224459,2024-01-14 11:00:00+00:00,2024-01-14 11:00:00+00:00
O-20240115-050000-BACKTEST-000-47,KRAKEN-BACKTEST,KrakenBTCUSDResearchStrategy-000,BTC/USD.KRAKEN,KRAKEN-1-047,BTC/USD.KRAKEN-KrakenBTCUSDResearchStrategy-000,KRAKEN-001,T-e78d27b0ed2b85b3-16063,MARKET,BUY,0.06720011,GTC,False,False,0.06720011,TAKER,42704.3,0.0,['11.48 USD'],NO_TRIGGER,FILLED,NO_CONTINGENCY,,,,,,,,1e4ee667-512f-41bb-9f7d-5ce49f5d8f4b,2024-01-15 05:00:00+00:00,2024-01-15 05:00:00+00:00
O-20240115-072500-BACKTEST-000-48,KRAKEN-BACKTEST,KrakenBTCUSDResearchStrategy-000,BTC/USD.KRAKEN,KRAKEN-1-048,BTC/USD.KRAKEN-KrakenBTCUSDResearchStrategy-000,KRAKEN-001,T-a29b44e38bbc7a0d-16175,MARKET,SELL,0.06720011,GTC,False,False,0.06720011,TAKER,42599.990000000005,0.0,['11.45 USD'],NO_TRIGGER,FILLED,NO_CONTINGENCY,,,,,,,,0ebb0dc2-436f-4eb5-86ca-e175119781ae,2024-01-15 07:25:00+00:00,2024-01-15 07:25:00+00:00
O-20240115-134500-BACKTEST-000-49,KRAKEN-BACKTEST,KrakenBTCUSDResearchStrategy-000,BTC/USD.KRAKEN,KRAKEN-1-049,BTC/USD.KRAKEN-KrakenBTCUSDResearchStrategy-000,KRAKEN-001,T-efaf2e407b3daddc-16476,MARKET,BUY,0.06671999,GTC,False,False,0.06671999,TAKER,42876.979999999996,0.0,['11.44 USD'],NO_TRIGGER,FILLED,NO_CONTINGENCY,,,,,,,,7be4aee5-d867-46f0-82b6-1b642fcf87dc,2024-01-15 13:45:00+00:00,2024-01-15 13:45:00+00:00
O-20240115-140500-BACKTEST-000-50,KRAKEN-BACKTEST,KrakenBTCUSDResearchStrategy-000,BTC/USD.KRAKEN,KRAKEN-1-050,BTC/USD.KRAKEN-KrakenBTCUSDResearchStrategy-000,KRAKEN-001,T-80302463513b4b81-16493,MARKET,SELL,0.06671999,GTC,False,False,0.06671999,TAKER,42621.100000000006,0.0,['11.37 USD'],NO_TRIGGER,FILLED,NO_CONTINGENCY,,,,,,,,fd56d0f5-0a84-486a-9e6a-c40579bd6e18,2024-01-15 14:05:00+00:00,2024-01-15 14:05:00+00:00
O-20240115-182500-BACKTEST-000-51,KRAKEN-BACKTEST,KrakenBTCUSDResearchStrategy-000,BTC/USD.KRAKEN,KRAKEN-1-051,BTC/USD.KRAKEN-KrakenBTCUSDResearchStrategy-000,KRAKEN-001,T-716f6d487050a0ee-16701,MARKET,BUY,0.06601140,GTC,False,False,0.06601140,TAKER,43156.0,0.0,['11.40 USD'],NO_TRIGGER,FILLED,NO_CONTINGENCY,,,,,,,,4500ed3d-83ac-46db-9072-aaf4e9fc6954,2024-01-15 18:25:00+00:00,2024-01-15 18:25:00+00:00
O-20240115-193500-BACKTEST-000-52,KRAKEN-BACKTEST,KrakenBTCUSDResearchStrategy-000,BTC/USD.KRAKEN,KRAKEN-1-052,BTC/USD.KRAKEN-KrakenBTCUSDResearchStrategy-000,KRAKEN-001,T-3c046ad461dc114e-16757,MARKET,SELL,0.06601140,GTC,False,False,0.06601140,TAKER,42886.86,0.0,['11.32 USD'],NO_TRIGGER,FILLED,NO_CONTINGENCY,,,,,,,,03a2d9f7-5836-4f3e-9ec7-2ff4d2f108e1,2024-01-15 19:35:00+00:00,2024-01-15 19:35:00+00:00
O-20240116-035500-BACKTEST-000-53,KRAKEN-BACKTEST,KrakenBTCUSDResearchStrategy-000,BTC/USD.KRAKEN,KRAKEN-1-053,BTC/USD.KRAKEN-KrakenBTCUSDResearchStrategy-000,KRAKEN-001,T-2c626d8a6770eb1b-17151,MARKET,BUY,0.06608433,GTC,False,False,0.06608433,TAKER,42924.56,0.0,['11.35 USD'],NO_TRIGGER,FILLED,NO_CONTINGENCY,,,,,,,,33d4d4be-9290-4ce2-b4da-e3a83934c5eb,2024-01-16 03:55:00+00:00,2024-01-16 03:55:00+00:00
O-20240116-044500-BACKTEST-000-54,KRAKEN-BACKTEST,KrakenBTCUSDResearchStrategy-000,BTC/USD.KRAKEN,KRAKEN-1-054,BTC/USD.KRAKEN-KrakenBTCUSDResearchStrategy-000,KRAKEN-001,T-10825cb895ad6019-17192,MARKET,SELL,0.06608433,GTC,False,False,0.06608433,TAKER,42786.57,0.0,['11.31 USD'],NO_TRIGGER,FILLED,NO_CONTINGENCY,,,,,,,,2677fe18-d779-4ca5-8100-07ab45b49e08,2024-01-16 04:45:00+00:00,2024-01-16 04:45:00+00:00
O-20240116-084500-BACKTEST-000-55,KRAKEN-BACKTEST,KrakenBTCUSDResearchStrategy-000,BTC/USD.KRAKEN,KRAKEN-1-055,BTC/USD.KRAKEN-KrakenBTCUSDResearchStrategy-000,KRAKEN-001,T-f52e61c6bb760955-17384,MARKET,BUY,0.06573449,GTC,False,False,0.06573449,TAKER,43007.97,0.0,['11.31 USD'],NO_TRIGGER,FILLED,NO_CONTINGENCY,,,,,,,,82607f2f-04d5-43b1-95a4-e864aefaf357,2024-01-16 08:45:00+00:00,2024-01-16 08:45:00+00:00
O-20240116-110500-BACKTEST-000-56,KRAKEN-BACKTEST,KrakenBTCUSDResearchStrategy-000,BTC/USD.KRAKEN,KRAKEN-1-056,BTC/USD.KRAKEN-KrakenBTCUSDResearchStrategy-000,KRAKEN-001,T-2614ecc01b8294da-17497,MARKET,SELL,0.06573449,GTC,False,False,0.06573449,TAKER,42872.36,0.0,['11.27 USD'],NO_TRIGGER,FILLED,NO_CONTINGENCY,,,,,,,,a8bb8a73-0308-44a8-93ec-0fd891c4cb55,2024-01-16 11:05:00+00:00,2024-01-16 11:05:00+00:00
O-20240116-125500-BACKTEST-000-57,KRAKEN-BACKTEST,KrakenBTCUSDResearchStrategy-000,BTC/USD.KRAKEN,KRAKEN-1-057,BTC/USD.KRAKEN-KrakenBTCUSDResearchStrategy-000,KRAKEN-001,T-ea28a976635457ae-17584,MARKET,BUY,0.06528985,GTC,False,False,0.06528985,TAKER,43156.12,0.0,['11.27 USD'],NO_TRIGGER,FILLED,NO_CONTINGENCY,,,,,,,,f1de8407-aaa9-447a-8913-3052817e0ebe,2024-01-16 12:55:00+00:00,2024-01-16 12:55:00+00:00
O-20240116-132000-BACKTEST-000-58,KRAKEN-BACKTEST,KrakenBTCUSDResearchStrategy-000,BTC/USD.KRAKEN,KRAKEN-1-058,BTC/USD.KRAKEN-KrakenBTCUSDResearchStrategy-000,KRAKEN-001,T-03a0cc0bc4c6d368-17605,MARKET,SELL,0.06528985,GTC,False,False,0.06528985,TAKER,43016.42,0.0,['11.23 USD'],NO_TRIGGER,FILLED,NO_CONTINGENCY,,,,,,,,81e8a051-06d2-4f7c-ac59-97e10c359168,2024-01-16 13:20:00+00:00,2024-01-16 13:20:00+00:00
O-20240117-203000-BACKTEST-000-59,KRAKEN-BACKTEST,KrakenBTCUSDResearchStrategy-000,BTC/USD.KRAKEN,KRAKEN-1-059,BTC/USD.KRAKEN-KrakenBTCUSDResearchStrategy-000,KRAKEN-001,T-59621e49dc6a2458-19077,MARKET,BUY,0.06567115,GTC,False,False,0.06567115,TAKER,42761.100000000006,0.0,['11.23 USD'],NO_TRIGGER,FILLED,NO_CONTINGENCY,,,,,,,,485baa80-2c39-416a-9f23-b2cbefb05cf1,2024-01-17 20:30:00+00:00,2024-01-17 20:30:00+00:00
O-20240117-222000-BACKTEST-000-60,KRAKEN-BACKTEST,KrakenBTCUSDResearchStrategy-000,BTC/USD.KRAKEN,KRAKEN-1-060,BTC/USD.KRAKEN-KrakenBTCUSDResearchStrategy-000,KRAKEN-001,T-2262d7da8806f4bd-19163,MARKET,SELL,0.06567115,GTC,False,False,0.06567115,TAKER,42504.16,0.0,['11.17 USD'],NO_TRIGGER,FILLED,NO_CONTINGENCY,,,,,,,,9cd5a971-3f08-4461-815a-66c9bce14699,2024-01-17 22:20:00+00:00,2024-01-17 22:20:00+00:00
O-20240118-051500-BACKTEST-000-61,KRAKEN-BACKTEST,KrakenBTCUSDResearchStrategy-000,BTC/USD.KRAKEN,KRAKEN-1-061,BTC/USD.KRAKEN-KrakenBTCUSDResearchStrategy-000,KRAKEN-001,T-03d00ece00528bae-19487,MARKET,BUY,0.06543572,GTC,False,False,0.06543572,TAKER,42734.91,0.0,['11.19 USD'],NO_TRIGGER,FILLED,NO_CONTINGENCY,,,,,,,,57832793-dea2-4c54-b972-49d120a2e39f,2024-01-18 05:15:00+00:00,2024-01-18 05:15:00+00:00
O-20240118-085000-BACKTEST-000-62,KRAKEN-BACKTEST,KrakenBTCUSDResearchStrategy-000,BTC/USD.KRAKEN,KRAKEN-1-062,BTC/USD.KRAKEN-KrakenBTCUSDResearchStrategy-000,KRAKEN-001,T-6df703e293474421-19652,MARKET,SELL,0.06543572,GTC,False,False,0.06543572,TAKER,42733.590000000004,0.0,['11.19 USD'],NO_TRIGGER,FILLED,NO_CONTINGENCY,,,,,,,,79562ed2-75e8-4cd7-a8a6-f1d03f32c33d,2024-01-18 08:50:00+00:00,2024-01-18 08:50:00+00:00
O-20240119-184500-BACKTEST-000-63,KRAKEN-BACKTEST,KrakenBTCUSDResearchStrategy-000,BTC/USD.KRAKEN,KRAKEN-1-063,BTC/USD.KRAKEN-KrakenBTCUSDResearchStrategy-000,KRAKEN-001,T-926f6cab8305e6d6-21236,MARKET,BUY,0.06705376,GTC,False,False,0.06705376,TAKER,41603.17,0.0,['11.16 USD'],NO_TRIGGER,FILLED,NO_CONTINGENCY,,,,,,,,5b67ba1e-ef85-4933-adb5-f0267cf7e777,2024-01-19 18:45:00+00:00,2024-01-19 18:45:00+00:00
O-20240120-003500-BACKTEST-000-64,KRAKEN-BACKTEST,KrakenBTCUSDResearchStrategy-000,BTC/USD.KRAKEN,KRAKEN-1-064,BTC/USD.KRAKEN-KrakenBTCUSDResearchStrategy-000,KRAKEN-001,T-4b4b6893095517a8-21514,MARKET,SELL,0.06705376,GTC,False,False,0.06705376,TAKER,41485.420000000006,0.0,['11.13 USD'],NO_TRIGGER,FILLED,NO_CONTINGENCY,,,,,,,,8db08403-d14a-4029-b0fe-c503fdbdbad0,2024-01-20 00:35:00+00:00,2024-01-20 00:35:00+00:00
O-20240120-062000-BACKTEST-000-65,KRAKEN-BACKTEST,KrakenBTCUSDResearchStrategy-000,BTC/USD.KRAKEN,KRAKEN-1-065,BTC/USD.KRAKEN-KrakenBTCUSDResearchStrategy-000,KRAKEN-001,T-eb74f6987a7f179d-21786,MARKET,BUY,0.06673207,GTC,False,False,0.06673207,TAKER,41668.0,0.0,['11.12 USD'],NO_TRIGGER,FILLED,NO_CONTINGENCY,,,,,,,,2cdefe88-ff53-4e2e-95ce-e1cc1368d184,2024-01-20 06:20:00+00:00,2024-01-20 06:20:00+00:00
O-20240120-082500-BACKTEST-000-66,KRAKEN-BACKTEST,KrakenBTCUSDResearchStrategy-000,BTC/USD.KRAKEN,KRAKEN-1-066,BTC/USD.KRAKEN-KrakenBTCUSDResearchStrategy-000,KRAKEN-001,T-5777bc4479143ff3-21881,MARKET,SELL,0.06673207,GTC,False,False,0.06673207,TAKER,41585.97,0.0,['11.10 USD'],NO_TRIGGER,FILLED,NO_CONTINGENCY,,,,,,,,e39c306a-cdf2-42a4-a940-9e4f91efd381,2024-01-20 08:25:00+00:00,2024-01-20 08:25:00+00:00
O-20240120-201000-BACKTEST-000-67,KRAKEN-BACKTEST,KrakenBTCUSDResearchStrategy-000,BTC/USD.KRAKEN,KRAKEN-1-067,BTC/USD.KRAKEN-KrakenBTCUSDResearchStrategy-000,KRAKEN-001,T-eb56e60dea202d11-22422,MARKET,BUY,0.06649345,GTC,False,False,0.06649345,TAKER,41692.6,0.0,['11.09 USD'],NO_TRIGGER,FILLED,NO_CONTINGENCY,,,,,,,,3339cf08-a280-4e21-afa8-ef19f4196a96,2024-01-20 20:10:00+00:00,2024-01-20 20:10:00+00:00
O-20240120-235000-BACKTEST-000-68,KRAKEN-BACKTEST,KrakenBTCUSDResearchStrategy-000,BTC/USD.KRAKEN,KRAKEN-1-068,BTC/USD.KRAKEN-KrakenBTCUSDResearchStrategy-000,KRAKEN-001,T-7470c502502d42cf-22593,MARKET,SELL,0.06649345,GTC,False,False,0.06649345,TAKER,41668.990000000005,0.0,['11.08 USD'],NO_TRIGGER,FILLED,NO_CONTINGENCY,,,,,,,,3d87a030-2152-48fe-99a3-eaf7a67b14cb,2024-01-20 23:50:00+00:00,2024-01-20 23:50:00+00:00
O-20240121-090000-BACKTEST-000-69,KRAKEN-BACKTEST,KrakenBTCUSDResearchStrategy-000,BTC/USD.KRAKEN,KRAKEN-1-069,BTC/USD.KRAKEN-KrakenBTCUSDResearchStrategy-000,KRAKEN-001,T-a7559e059a114f6a-23001,MARKET,BUY,0.06629156,GTC,False,False,0.06629156,TAKER,41712.14000000001,0.0,['11.06 USD'],NO_TRIGGER,FILLED,NO_CONTINGENCY,,,,,,,,9564b609-4a8a-4cd1-99c5-43fe0ecd381b,2024-01-21 09:00:00+00:00,2024-01-21 09:00:00+00:00
O-20240121-091000-BACKTEST-000-70,KRAKEN-BACKTEST,KrakenBTCUSDResearchStrategy-000,BTC/USD.KRAKEN,KRAKEN-1-070,BTC/USD.KRAKEN-KrakenBTCUSDResearchStrategy-000,KRAKEN-001,T-d53388aae8ece945-23007,MARKET,SELL,0.06629156,GTC,False,False,0.06629156,TAKER,41677.11,0.0,['11.05 USD'],NO_TRIGGER,FILLED,NO_CONTINGENCY,,,,,,,,d1125d50-9592-4781-a5cc-3d8385db4020,2024-01-21 09:10:00+00:00,2024-01-21 09:10:00+00:00
O-20240121-101500-BACKTEST-000-71,KRAKEN-BACKTEST,KrakenBTCUSDResearchStrategy-000,BTC/USD.KRAKEN,KRAKEN-1-071,BTC/USD.KRAKEN-KrakenBTCUSDResearchStrategy-000,KRAKEN-001,T-2eacf696d43aa7c6-23057,MARKET,BUY,0.06603042,GTC,False,False,0.06603042,TAKER,41766.11,0.0,['11.03 USD'],NO_TRIGGER,FILLED,NO_CONTINGENCY,,,,,,,,ddb37fc8-0e9e-4f17-8085-aa7facb0e878,2024-01-21 10:15:00+00:00,2024-01-21 10:15:00+00:00
O-20240121-114500-BACKTEST-000-72,KRAKEN-BACKTEST,KrakenBTCUSDResearchStrategy-000,BTC/USD.KRAKEN,KRAKEN-1-072,BTC/USD.KRAKEN-KrakenBTCUSDResearchStrategy-000,KRAKEN-001,T-7828cd45eeabfb94-23126,MARKET,SELL,0.06603042,GTC,False,False,0.06603042,TAKER,41701.420000000006,0.0,['11.01 USD'],NO_TRIGGER,FILLED,NO_CONTINGENCY,,,,,,,,604b809e-0e73-4104-9c72-1abefe49cb93,2024-01-21 11:45:00+00:00,2024-01-21 11:45:00+00:00
O-20240121-133500-BACKTEST-000-73,KRAKEN-BACKTEST,KrakenBTCUSDResearchStrategy-000,BTC/USD.KRAKEN,KRAKEN-1-073,BTC/USD.KRAKEN-KrakenBTCUSDResearchStrategy-000,KRAKEN-001,T-39fa29ac78eb3f0c-23212,MARKET,BUY,0.06573096,GTC,False,False,0.06573096,TAKER,41836.310000000005,0.0,['11.00 USD'],NO_TRIGGER,FILLED,NO_CONTINGENCY,,,,,,,,3d6972d5-199d-47ba-87eb-a385f0b43bf7,2024-01-21 13:35:00+00:00,2024-01-21 13:35:00+00:00
O-20240121-151500-BACKTEST-000-74,KRAKEN-BACKTEST,KrakenBTCUSDResearchStrategy-000,BTC/USD.KRAKEN,KRAKEN-1-074,BTC/USD.KRAKEN-KrakenBTCUSDResearchStrategy-000,KRAKEN-001,T-f7ce1dc698bf1d5a-23291,MARKET,SELL,0.06573096,GTC,False,False,0.06573096,TAKER,41743.82,0.0,['10.98 USD'],NO_TRIGGER,FILLED,NO_CONTINGENCY,,,,,,,,96e390e6-d651-46c5-8bb7-65f37b47e71f,2024-01-21 15:15:00+00:00,2024-01-21 15:15:00+00:00
O-20240123-041500-BACKTEST-000-75,KRAKEN-BACKTEST,KrakenBTCUSDResearchStrategy-000,BTC/USD.KRAKEN,KRAKEN-1-075,BTC/USD.KRAKEN-KrakenBTCUSDResearchStrategy-000,KRAKEN-001,T-2c1615b2093485a0-25016,MARKET,BUY,0.06830006,GTC,False,False,0.06830006,TAKER,40139.39,0.0,['10.97 USD'],NO_TRIGGER,FILLED,NO_CONTINGENCY,,,,,,,,008e5eae-b279-4664-8270-08f1c4a1af5c,2024-01-23 04:15:00+00:00,2024-01-23 04:15:00+00:00
O-20240123-055500-BACKTEST-000-76,KRAKEN-BACKTEST,KrakenBTCUSDResearchStrategy-000,BTC/USD.KRAKEN,KRAKEN-1-076,BTC/USD.KRAKEN-KrakenBTCUSDResearchStrategy-000,KRAKEN-001,T-8e1606b479f144bc-25094,MARKET,SELL,0.06830006,GTC,False,False,0.06830006,TAKER,40069.340000000004,0.0,['10.95 USD'],NO_TRIGGER,FILLED,NO_CONTINGENCY,,,,,,,,87210592-62ff-44ed-8296-983bd73bef1f,2024-01-23 05:55:00+00:00,2024-01-23 05:55:00+00:00
O-20240123-173000-BACKTEST-000-77,KRAKEN-BACKTEST,KrakenBTCUSDResearchStrategy-000,BTC/USD.KRAKEN,KRAKEN-1-077,BTC/USD.KRAKEN-KrakenBTCUSDResearchStrategy-000,KRAKEN-001,T-afcd89c3af726108-25641,MARKET,BUY,0.06905940,GTC,False,False,0.06905940,TAKER,39582.049999999996,0.0,['10.93 USD'],NO_TRIGGER,FILLED,NO_CONTINGENCY,,,,,,,,b0f176c2-e403-42c9-a977-1e7ced32e0e9,2024-01-23 17:30:00+00:00,2024-01-23 17:30:00+00:00
O-20240123-184000-BACKTEST-000-78,KRAKEN-BACKTEST,KrakenBTCUSDResearchStrategy-000,BTC/USD.KRAKEN,KRAKEN-1-078,BTC/USD.KRAKEN-KrakenBTCUSDResearchStrategy-000,KRAKEN-001,T-2fc6d7e544e2a88a-25697,MARKET,SELL,0.06905940,GTC,False,False,0.06905940,TAKER,39317.53999999999,0.0,['10.86 USD'],NO_TRIGGER,FILLED,NO_CONTINGENCY,,,,,,,,9b77162e-3963-471e-a58f-663595907054,2024-01-23 18:40:00+00:00,2024-01-23 18:40:00+00:00
O-20240123-230500-BACKTEST-000-79,KRAKEN-BACKTEST,KrakenBTCUSDResearchStrategy-000,BTC/USD.KRAKEN,KRAKEN-1-079,BTC/USD.KRAKEN-KrakenBTCUSDResearchStrategy-000,KRAKEN-001,T-1508005a85543a3b-25902,MARKET,BUY,0.06869002,GTC,False,False,0.06869002,TAKER,39619.990000000005,0.0,['10.89 USD'],NO_TRIGGER,FILLED,NO_CONTINGENCY,,,,,,,,dd7ea76b-69ef-49a7-87ed-e426fe14b43d,2024-01-23 23:05:00+00:00,2024-01-23 23:05:00+00:00
O-20240124-032500-BACKTEST-000-80,KRAKEN-BACKTEST,KrakenBTCUSDResearchStrategy-000,BTC/USD.KRAKEN,KRAKEN-1-080,BTC/USD.KRAKEN-KrakenBTCUSDResearchStrategy-000,KRAKEN-001,T-74ba1e06be240b40-26108,MARKET,SELL,0.06869002,GTC,False,False,0.06869002,TAKER,39619.98,0.0,['10.89 USD'],NO_TRIGGER,FILLED,NO_CONTINGENCY,,,,,,,,0d190123-4737-467f-9603-cfc9b7028e1a,2024-01-24 03:25:00+00:00,2024-01-24 03:25:00+00:00
O-20240124-071000-BACKTEST-000-81,KRAKEN-BACKTEST,KrakenBTCUSDResearchStrategy-000,BTC/USD.KRAKEN,KRAKEN-1-081,BTC/USD.KRAKEN-KrakenBTCUSDResearchStrategy-000,KRAKEN-001,T-a172a1832c36cc91-26282,MARKET,BUY,0.06799993,GTC,False,False,0.06799993,TAKER,39925.98,0.0,['10.86 USD'],NO_TRIGGER,FILLED,NO_CONTINGENCY,,,,,,,,b0894db8-ee85-4447-a675-a09158e2d3fb,2024-01-24 07:10:00+00:00,2024-01-24 07:10:00+00:00
O-20240124-130000-BACKTEST-000-82,KRAKEN-BACKTEST,KrakenBTCUSDResearchStrategy-000,BTC/USD.KRAKEN,KRAKEN-1-082,BTC/USD.KRAKEN-KrakenBTCUSDResearchStrategy-000,KRAKEN-001,T-fc2c3c3b8a29b132-26558,MARKET,SELL,0.06799993,GTC,False,False,0.06799993,TAKER,40007.009999999995,0.0,['10.88 USD'],NO_TRIGGER,FILLED,NO_CONTINGENCY,,,,,,,,46916d1d-8a6c-4e94-9ec5-d210ef8dc267,2024-01-24 13:00:00+00:00,2024-01-24 13:00:00+00:00
O-20240124-232000-BACKTEST-000-83,KRAKEN-BACKTEST,KrakenBTCUSDResearchStrategy-000,BTC/USD.KRAKEN,KRAKEN-1-083,BTC/USD.KRAKEN-KrakenBTCUSDResearchStrategy-000,KRAKEN-001,T-9e26bdc304959a4e-27042,MARKET,BUY,0.06757344,GTC,False,False,0.06757344,TAKER,40105.92,0.0,['10.84 USD'],NO_TRIGGER,FILLED,NO_CONTINGENCY,,,,,,,,81b97373-6c81-42b1-8919-bac56029e01a,2024-01-24 23:20:00+00:00,2024-01-24 23:20:00+00:00
O-20240125-013500-BACKTEST-000-84,KRAKEN-BACKTEST,KrakenBTCUSDResearchStrategy-000,BTC/USD.KRAKEN,KRAKEN-1-084,BTC/USD.KRAKEN-KrakenBTCUSDResearchStrategy-000,KRAKEN-001,T-89fd49d573384cbb-27147,MARKET,SELL,0.06757344,GTC,False,False,0.06757344,TAKER,39990.899999999994,0.0,['10.81 USD'],NO_TRIGGER,FILLED,NO_CONTINGENCY,,,,,,,,1816147a-e991-4e58-9726-5c9e4165ce5e,2024-01-25 01:35:00+00:00,2024-01-25 01:35:00+00:00
O-20240125-075500-BACKTEST-000-85,KRAKEN-BACKTEST,KrakenBTCUSDResearchStrategy-000,BTC/USD.KRAKEN,KRAKEN-1-085,BTC/USD.KRAKEN-KrakenBTCUSDResearchStrategy-000,KRAKEN-001,T-506e31749850a7b9-27444,MARKET,BUY,0.06731295,GTC,False,False,0.06731295,TAKER,40130.0,0.0,['10.81 USD'],NO_TRIGGER,FILLED,NO_CONTINGENCY,,,,,,,,5f14a483-5e50-46e0-ad19-d90bd335088b,2024-01-25 07:55:00+00:00,2024-01-25 07:55:00+00:00
O-20240125-083000-BACKTEST-000-86,KRAKEN-BACKTEST,KrakenBTCUSDResearchStrategy-000,BTC/USD.KRAKEN,KRAKEN-1-086,BTC/USD.KRAKEN-KrakenBTCUSDResearchStrategy-000,KRAKEN-001,T-7010f4cf85fbb610-27471,MARKET,SELL,0.06731295,GTC,False,False,0.06731295,TAKER,40037.0,0.0,['10.78 USD'],NO_TRIGGER,FILLED,NO_CONTINGENCY,,,,,,,,1b182d5e-a2b6-4b0a-9f97-c491b79ae3f0,2024-01-25 08:30:00+00:00,2024-01-25 08:30:00+00:00
O-20240125-111000-BACKTEST-000-87,KRAKEN-BACKTEST,KrakenBTCUSDResearchStrategy-000,BTC/USD.KRAKEN,KRAKEN-1-087,BTC/USD.KRAKEN-KrakenBTCUSDResearchStrategy-000,KRAKEN-001,T-f44f9bfa592760a4-27594,MARKET,BUY,0.06697546,GTC,False,False,0.06697546,TAKER,40207.47,0.0,['10.77 USD'],NO_TRIGGER,FILLED,NO_CONTINGENCY,,,,,,,,77463f49-aa97-4e86-b806-4e0da65b85f0,2024-01-25 11:10:00+00:00,2024-01-25 11:10:00+00:00
O-20240125-121500-BACKTEST-000-88,KRAKEN-BACKTEST,KrakenBTCUSDResearchStrategy-000,BTC/USD.KRAKEN,KRAKEN-1-088,BTC/USD.KRAKEN-KrakenBTCUSDResearchStrategy-000,KRAKEN-001,T-f740b692ffb378cd-27646,MARKET,SELL,0.06697546,GTC,False,False,0.06697546,TAKER,40077.56,0.0,['10.74 USD'],NO_TRIGGER,FILLED,NO_CONTINGENCY,,,,,,,,466d0ada-297a-4556-a9f6-ef534e074a85,2024-01-25 12:15:00+00:00,2024-01-25 12:15:00+00:00
O-20240126-021000-BACKTEST-000-89,KRAKEN-BACKTEST,KrakenBTCUSDResearchStrategy-000,BTC/USD.KRAKEN,KRAKEN-1-089,BTC/USD.KRAKEN-KrakenBTCUSDResearchStrategy-000,KRAKEN-001,T-499bbb67eda23af2-28302,MARKET,BUY,0.06699205,GTC,False,False,0.06699205,TAKER,40062.23,0.0,['10.74 USD'],NO_TRIGGER,FILLED,NO_CONTINGENCY,,,,,,,,0bfb45a4-6d71-4a67-be8f-a5447d17b67a,2024-01-26 02:10:00+00:00,2024-01-26 02:10:00+00:00
O-20240126-064500-BACKTEST-000-90,KRAKEN-BACKTEST,KrakenBTCUSDResearchStrategy-000,BTC/USD.KRAKEN,KRAKEN-1-090,BTC/USD.KRAKEN-KrakenBTCUSDResearchStrategy-000,KRAKEN-001,T-af05df6b8f1b4c1a-28516,MARKET,SELL,0.06699205,GTC,False,False,0.06699205,TAKER,40036.57,0.0,['10.73 USD'],NO_TRIGGER,FILLED,NO_CONTINGENCY,,,,,,,,36b49d16-5f8a-47d5-a0a7-817023ace8d7,2024-01-26 06:45:00+00:00,2024-01-26 06:45:00+00:00
O-20240126-094000-BACKTEST-000-91,KRAKEN-BACKTEST,KrakenBTCUSDResearchStrategy-000,BTC/USD.KRAKEN,KRAKEN-1-091,BTC/USD.KRAKEN-KrakenBTCUSDResearchStrategy-000,KRAKEN-001,T-31aa2a285915a207-28655,MARKET,BUY,0.06641218,GTC,False,False,0.06641218,TAKER,40307.270000000004,0.0,['10.71 USD'],NO_TRIGGER,FILLED,NO_CONTINGENCY,,,,,,,,21ade9c7-b2a2-4c1c-9d78-4409b9e7d35b,2024-01-26 09:40:00+00:00,2024-01-26 09:40:00+00:00
O-20240126-095500-BACKTEST-000-92,KRAKEN-BACKTEST,KrakenBTCUSDResearchStrategy-000,BTC/USD.KRAKEN,KRAKEN-1-092,BTC/USD.KRAKEN-KrakenBTCUSDResearchStrategy-000,KRAKEN-001,T-3dd053656b452da4-28668,MARKET,SELL,0.06641218,GTC,False,False,0.06641218,TAKER,40079.82,0.0,['10.65 USD'],NO_TRIGGER,FILLED,NO_CONTINGENCY,,,,,,,,28ed43d9-8a31-4ecb-af1a-60060e9e81af,2024-01-26 09:55:00+00:00,2024-01-26 09:55:00+00:00
O-20240126-110000-BACKTEST-000-93,KRAKEN-BACKTEST,KrakenBTCUSDResearchStrategy-000,BTC/USD.KRAKEN,KRAKEN-1-093,BTC/USD.KRAKEN-KrakenBTCUSDResearchStrategy-000,KRAKEN-001,T-d6dc9f12b7fe681b-28721,MARKET,BUY,0.06522056,GTC,False,False,0.06522056,TAKER,40876.0,0.0,['10.66 USD'],NO_TRIGGER,FILLED,NO_CONTINGENCY,,,,,,,,088d9357-5fe2-4a1b-a7e5-6db98ce6137b,2024-01-26 11:00:00+00:00,2024-01-26 11:00:00+00:00
O-20240127-002000-BACKTEST-000-94,KRAKEN-BACKTEST,KrakenBTCUSDResearchStrategy-000,BTC/USD.KRAKEN,KRAKEN-1-094,BTC/USD.KRAKEN-KrakenBTCUSDResearchStrategy-000,KRAKEN-001,T-a213f82fbacff571-29350,MARKET,SELL,0.06522056,GTC,False,False,0.06522056,TAKER,41784.96,0.0,['10.90 USD'],NO_TRIGGER,FILLED,NO_CONTINGENCY,,,,,,,,2591d508-d0eb-4b15-8818-0aa7283ceaa1,2024-01-27 00:20:00+00:00,2024-01-27 00:20:00+00:00
O-20240127-144000-BACKTEST-000-95,KRAKEN-BACKTEST,KrakenBTCUSDResearchStrategy-000,BTC/USD.KRAKEN,KRAKEN-1-095,BTC/USD.KRAKEN-KrakenBTCUSDResearchStrategy-000,KRAKEN-001,T-983d26900360b9a2-30013,MARKET,BUY,0.06402140,GTC,False,False,0.06402140,TAKER,41818.39,0.0,['10.71 USD'],NO_TRIGGER,FILLED,NO_CONTINGENCY,,,,,,,,41f679d6-b3f9-4fb2-bc65-16fd16eb853a,2024-01-27 14:40:00+00:00,2024-01-27 14:40:00+00:00
O-20240127-144500-BACKTEST-000-96,KRAKEN-BACKTEST,KrakenBTCUSDResearchStrategy-000,BTC/USD.KRAKEN,KRAKEN-1-096,BTC/USD.KRAKEN-KrakenBTCUSDResearchStrategy-000,KRAKEN-001,T-d4b2f5b29ab76621-30018,MARKET,SELL,0.06402140,GTC,False,False,0.06402140,TAKER,41772.64,0.0,['10.70 USD'],NO_TRIGGER,FILLED,NO_CONTINGENCY,,,,,,,,2b69709d-e6a5-4134-ba92-a20f5391d596,2024-01-27 14:45:00+00:00,2024-01-27 14:45:00+00:00
O-20240127-193500-BACKTEST-000-97,KRAKEN-BACKTEST,KrakenBTCUSDResearchStrategy-000,BTC/USD.KRAKEN,KRAKEN-1-097,BTC/USD.KRAKEN-KrakenBTCUSDResearchStrategy-000,KRAKEN-001,T-dda430e14dffa261-30245,MARKET,BUY,0.06364651,GTC,False,False,0.06364651,TAKER,41949.98,0.0,['10.68 USD'],NO_TRIGGER,FILLED,NO_CONTINGENCY,,,,,,,,4f6dc7d9-95fe-4b48-8f38-577f519d041a,2024-01-27 19:35:00+00:00,2024-01-27 19:35:00+00:00
O-20240128-002500-BACKTEST-000-98,KRAKEN-BACKTEST,KrakenBTCUSDResearchStrategy-000,BTC/USD.KRAKEN,KRAKEN-1-098,BTC/USD.KRAKEN-KrakenBTCUSDResearchStrategy-000,KRAKEN-001,T-cf2d7da8e5295cbb-30471,MARKET,SELL,0.06364651,GTC,False,False,0.06364651,TAKER,41971.91,0.0,['10.69 USD'],NO_TRIGGER,FILLED,NO_CONTINGENCY,,,,,,,,53cd664a-e48b-456e-807c-3cf8fd68a633,2024-01-28 00:25:00+00:00,2024-01-28 00:25:00+00:00
O-20240128-040000-BACKTEST-000-99,KRAKEN-BACKTEST,KrakenBTCUSDResearchStrategy-000,BTC/USD.KRAKEN,KRAKEN-1-099,BTC/USD.KRAKEN-KrakenBTCUSDResearchStrategy-000,KRAKEN-001,T-462056d3dcde76a1-30638,MARKET,BUY,0.06296948,GTC,False,False,0.06296948,TAKER,42305.87,0.0,['10.66 USD'],NO_TRIGGER,FILLED,NO_CONTINGENCY,,,,,,,,adf51b7e-fa02-40f0-be76-96aaee6404cd,2024-01-28 04:00:00+00:00,2024-01-28 04:00:00+00:00
O-20240128-113000-BACKTEST-000-100,KRAKEN-BACKTEST,KrakenBTCUSDResearchStrategy-000,BTC/USD.KRAKEN,KRAKEN-1-100,BTC/USD.KRAKEN-KrakenBTCUSDResearchStrategy-000,KRAKEN-001,T-92d416429aabf877-30988,MARKET,SELL,0.06296948,GTC,False,False,0.06296948,TAKER,42421.340000000004,0.0,['10.69 USD'],NO_TRIGGER,FILLED,NO_CONTINGENCY,,,,,,,,592e2163-165d-48ea-8cc5-5f73805f921f,2024-01-28 11:30:00+00:00,2024-01-28 11:30:00+00:00
O-20240129-031000-BACKTEST-000-101,KRAKEN-BACKTEST,KrakenBTCUSDResearchStrategy-000,BTC/USD.KRAKEN,KRAKEN-1-101,BTC/USD.KRAKEN-KrakenBTCUSDResearchStrategy-000,KRAKEN-001,T-b6e4be846f5a18d0-31716,MARKET,BUY,0.06281117,GTC,False,False,0.06281117,TAKER,42345.25,0.0,['10.64 USD'],NO_TRIGGER,FILLED,NO_CONTINGENCY,,,,,,,,c3b96d6c-a080-460c-b95c-1c0847b00fb2,2024-01-29 03:10:00+00:00,2024-01-29 03:10:00+00:00
O-20240129-045500-BACKTEST-000-102,KRAKEN-BACKTEST,KrakenBTCUSDResearchStrategy-000,BTC/USD.KRAKEN,KRAKEN-1-102,BTC/USD.KRAKEN-KrakenBTCUSDResearchStrategy-000,KRAKEN-001,T-c14abd27427de77e-31794,MARKET,SELL,0.06281117,GTC,False,False,0.06281117,TAKER,42218.0,0.0,['10.61 USD'],NO_TRIGGER,FILLED,NO_CONTINGENCY,,,,,,,,e912bbc5-a21b-4ab8-bb2d-468850efbcdb,2024-01-29 04:55:00+00:00,2024-01-29 04:55:00+00:00
O-20240129-100000-BACKTEST-000-103,KRAKEN-BACKTEST,KrakenBTCUSDResearchStrategy-000,BTC/USD.KRAKEN,KRAKEN-1-103,BTC/USD.KRAKEN-KrakenBTCUSDResearchStrategy-000,KRAKEN-001,T-f870b79a8aa64566-32032,MARKET,BUY,0.06262506,GTC,False,False,0.06262506,TAKER,42331.020000000004,0.0,['10.60 USD'],NO_TRIGGER,FILLED,NO_CONTINGENCY,,,,,,,,3e4f5041-43a5-4a76-8973-6298d3d0afc0,2024-01-29 10:00:00+00:00,2024-01-29 10:00:00+00:00
O-20240129-115000-BACKTEST-000-104,KRAKEN-BACKTEST,KrakenBTCUSDResearchStrategy-000,BTC/USD.KRAKEN,KRAKEN-1-104,BTC/USD.KRAKEN-KrakenBTCUSDResearchStrategy-000,KRAKEN-001,T-50b3bceaf1fcc237-32116,MARKET,SELL,0.06262506,GTC,False,False,0.06262506,TAKER,42214.81,0.0,['10.57 USD'],NO_TRIGGER,FILLED,NO_CONTINGENCY,,,,,,,,0595edca-7982-41f8-832e-60aabf4b6b1d,2024-01-29 11:50:00+00:00,2024-01-29 11:50:00+00:00
O-20240129-160000-BACKTEST-000-105,KRAKEN-BACKTEST,KrakenBTCUSDResearchStrategy-000,BTC/USD.KRAKEN,KRAKEN-1-105,BTC/USD.KRAKEN-KrakenBTCUSDResearchStrategy-000,KRAKEN-001,T-1c8780487d59dee4-32313,MARKET,BUY,0.06189791,GTC,False,False,0.06189791,TAKER,42690.47,0.0,['10.57 USD'],NO_TRIGGER,FILLED,NO_CONTINGENCY,,,,,,,,303560c6-677a-411d-8ba7-7bfe9f0b0487,2024-01-29 16:00:00+00:00,2024-01-29 16:00:00+00:00
O-20240130-063000-BACKTEST-000-106,KRAKEN-BACKTEST,KrakenBTCUSDResearchStrategy-000,BTC/USD.KRAKEN,KRAKEN-1-106,BTC/USD.KRAKEN-KrakenBTCUSDResearchStrategy-000,KRAKEN-001,T-f14c8805a44a0723-32990,MARKET,SELL,0.06189791,GTC,False,False,0.06189791,TAKER,43335.68,0.0,['10.73 USD'],NO_TRIGGER,FILLED,NO_CONTINGENCY,,,,,,,,53ade3b8-0b70-4fac-a8af-c0165d0133f5,2024-01-30 06:30:00+00:00,2024-01-30 06:30:00+00:00
O-20240130-105500-BACKTEST-000-107,KRAKEN-BACKTEST,KrakenBTCUSDResearchStrategy-000,BTC/USD.KRAKEN,KRAKEN-1-107,BTC/USD.KRAKEN-KrakenBTCUSDResearchStrategy-000,KRAKEN-001,T-dac77018de1cf532-33194,MARKET,BUY,0.06089973,GTC,False,False,0.06089973,TAKER,43482.009999999995,0.0,['10.59 USD'],NO_TRIGGER,FILLED,NO_CONTINGENCY,,,,,,,,8e53bed6-7cd2-4e47-a921-f18402c8c872,2024-01-30 10:55:00+00:00,2024-01-30 10:55:00+00:00
O-20240130-122500-BACKTEST-000-108,KRAKEN-BACKTEST,KrakenBTCUSDResearchStrategy-000,BTC/USD.KRAKEN,KRAKEN-1-108,BTC/USD.KRAKEN-KrakenBTCUSDResearchStrategy-000,KRAKEN-001,T-f7c1ec0195af08de-33265,MARKET,SELL,0.06089973,GTC,False,False,0.06089973,TAKER,43416.92,0.0,['10.58 USD'],NO_TRIGGER,FILLED,NO_CONTINGENCY,,,,,,,,1ab39cbb-bb93-4363-b69c-92a9a724055f,2024-01-30 12:25:00+00:00,2024-01-30 12:25:00+00:00
O-20240130-202500-BACKTEST-000-109,KRAKEN-BACKTEST,KrakenBTCUSDResearchStrategy-000,BTC/USD.KRAKEN,KRAKEN-1-109,BTC/USD.KRAKEN-KrakenBTCUSDResearchStrategy-000,KRAKEN-001,T-5080c4168ed4c8ab-33644,MARKET,BUY,0.06043448,GTC,False,False,0.06043448,TAKER,43692.009999999995,0.0,['10.56 USD'],NO_TRIGGER,FILLED,NO_CONTINGENCY,,,,,,,,9e2096bb-2e14-460f-89d3-d981dc01abbe,2024-01-30 20:25:00+00:00,2024-01-30 20:25:00+00:00
O-20240130-210000-BACKTEST-000-110,KRAKEN-BACKTEST,KrakenBTCUSDResearchStrategy-000,BTC/USD.KRAKEN,KRAKEN-1-110,BTC/USD.KRAKEN-KrakenBTCUSDResearchStrategy-000,KRAKEN-001,T-a418af6a00e44157-33673,MARKET,SELL,0.06043448,GTC,False,False,0.06043448,TAKER,43544.09,0.0,['10.53 USD'],NO_TRIGGER,FILLED,NO_CONTINGENCY,,,,,,,,64f58f3c-44f3-480a-870f-70355047e2d2,2024-01-30 21:00:00+00:00,2024-01-30 21:00:00+00:00
O-20240131-152500-BACKTEST-000-111,KRAKEN-BACKTEST,KrakenBTCUSDResearchStrategy-000,BTC/USD.KRAKEN,KRAKEN-1-111,BTC/USD.KRAKEN-KrakenBTCUSDResearchStrategy-000,KRAKEN-001,T-643cba336bd56cca-34522,MARKET,BUY,0.06117365,GTC,False,False,0.06117365,TAKER,43016.8,0.0,['10.53 USD'],NO_TRIGGER,FILLED,NO_CONTINGENCY,,,,,,,,935d88e2-a750-4a14-ba1f-8072d3e306a1,2024-01-31 15:25:00+00:00,2024-01-31 15:25:00+00:00
O-20240131-191500-BACKTEST-000-112,KRAKEN-BACKTEST,KrakenBTCUSDResearchStrategy-000,BTC/USD.KRAKEN,KRAKEN-1-112,BTC/USD.KRAKEN-KrakenBTCUSDResearchStrategy-000,KRAKEN-001,T-e69ac78a4ef8109c-34704,MARKET,SELL,0.06117365,GTC,False,False,0.06117365,TAKER,43177.81,0.0,['10.57 USD'],NO_TRIGGER,FILLED,NO_CONTINGENCY,,,,,,,,c305420a-8ea4-4bfd-9fd7-d4b941aa91c0,2024-01-31 19:15:00+00:00,2024-01-31 19:15:00+00:00
O-20240201-143500-BACKTEST-000-113,KRAKEN-BACKTEST,KrakenBTCUSDResearchStrategy-000,BTC/USD.KRAKEN,KRAKEN-1-113,BTC/USD.KRAKEN-KrakenBTCUSDResearchStrategy-000,KRAKEN-001,T-9dfce52110d0e401-35609,MARKET,BUY,0.06180401,GTC,False,False,0.06180401,TAKER,42523.45,0.0,['10.51 USD'],NO_TRIGGER,FILLED,NO_CONTINGENCY,,,,,,,,e4930627-c313-4774-a80e-0b7c2d236eca,2024-02-01 14:35:00+00:00,2024-02-01 14:35:00+00:00
O-20240202-033500-BACKTEST-000-114,KRAKEN-BACKTEST,KrakenBTCUSDResearchStrategy-000,BTC/USD.KRAKEN,KRAKEN-1-114,BTC/USD.KRAKEN-KrakenBTCUSDResearchStrategy-000,KRAKEN-001,T-57b26e223b2141a0-36218,MARKET,SELL,0.06180401,GTC,False,False,0.06180401,TAKER,43033.29,0.0,['10.64 USD'],NO_TRIGGER,FILLED,NO_CONTINGENCY,,,,,,,,ff568bd7-69b5-4932-9984-a98ae3349894,2024-02-02 03:35:00+00:00,2024-02-02 03:35:00+00:00
O-20240202-062500-BACKTEST-000-115,KRAKEN-BACKTEST,KrakenBTCUSDResearchStrategy-000,BTC/USD.KRAKEN,KRAKEN-1-115,BTC/USD.KRAKEN-KrakenBTCUSDResearchStrategy-000,KRAKEN-001,T-b6044207c141a70c-36349,MARKET,BUY,0.06090267,GTC,False,False,0.06090267,TAKER,43203.82,0.0,['10.52 USD'],NO_TRIGGER,FILLED,NO_CONTINGENCY,,,,,,,,5d9d9a9c-e7c0-4b13-8ab6-41132e0c5cfb,2024-02-02 06:25:00+00:00,2024-02-02 06:25:00+00:00
O-20240202-075500-BACKTEST-000-116,KRAKEN-BACKTEST,KrakenBTCUSDResearchStrategy-000,BTC/USD.KRAKEN,KRAKEN-1-116,BTC/USD.KRAKEN-KrakenBTCUSDResearchStrategy-000,KRAKEN-001,T-d1b9bbf559fde490-36419,MARKET,SELL,0.06090267,GTC,False,False,0.06090267,TAKER,43086.89,0.0,['10.50 USD'],NO_TRIGGER,FILLED,NO_CONTINGENCY,,,,,,,,2cf15d6f-7c92-4452-a05e-878b5f3edf00,2024-02-02 07:55:00+00:00,2024-02-02 07:55:00+00:00
O-20240202-160000-BACKTEST-000-117,KRAKEN-BACKTEST,KrakenBTCUSDResearchStrategy-000,BTC/USD.KRAKEN,KRAKEN-1-117,BTC/USD.KRAKEN-KrakenBTCUSDResearchStrategy-000,KRAKEN-001,T-a1a72d8abc2de55b-36791,MARKET,BUY,0.06043323,GTC,False,False,0.06043323,TAKER,43399.729999999996,0.0,['10.49 USD'],NO_TRIGGER,FILLED,NO_CONTINGENCY,,,,,,,,4238ca80-a4e6-48ad-b107-9eb12f35bca3,2024-02-02 16:00:00+00:00,2024-02-02 16:00:00+00:00
O-20240202-163000-BACKTEST-000-118,KRAKEN-BACKTEST,KrakenBTCUSDResearchStrategy-000,BTC/USD.KRAKEN,KRAKEN-1-118,BTC/USD.KRAKEN-KrakenBTCUSDResearchStrategy-000,KRAKEN-001,T-cce305a8e83b97ee-36815,MARKET,SELL,0.06043323,GTC,False,False,0.06043323,TAKER,43173.72,0.0,['10.44 USD'],NO_TRIGGER,FILLED,NO_CONTINGENCY,,,,,,,,68c6b173-b492-474b-9f2f-dcfa7dd98083,2024-02-02 16:30:00+00:00,2024-02-02 16:30:00+00:00
O-20240202-225500-BACKTEST-000-119,KRAKEN-BACKTEST,KrakenBTCUSDResearchStrategy-000,BTC/USD.KRAKEN,KRAKEN-1-119,BTC/USD.KRAKEN-KrakenBTCUSDResearchStrategy-000,KRAKEN-001,T-24ac315a2c028f2d-37111,MARKET,BUY,0.06046880,GTC,False,False,0.06046880,TAKER,43202.590000000004,0.0,['10.45 USD'],NO_TRIGGER,FILLED,NO_CONTINGENCY,,,,,,,,c4290b7a-b5f5-46a0-ba46-3913539e1064,2024-02-02 22:55:00+00:00,2024-02-02 22:55:00+00:00
O-20240203-032000-BACKTEST-000-120,KRAKEN-BACKTEST,KrakenBTCUSDResearchStrategy-000,BTC/USD.KRAKEN,KRAKEN-1-120,BTC/USD.KRAKEN-KrakenBTCUSDResearchStrategy-000,KRAKEN-001,T-fca4ef6a165b001c-37318,MARKET,SELL,0.06046880,GTC,False,False,0.06046880,TAKER,43155.009999999995,0.0,['10.44 USD'],NO_TRIGGER,FILLED,NO_CONTINGENCY,,,,,,,,7b5fd315-be92-4720-8c44-c2b00181d675,2024-02-03 03:20:00+00:00,2024-02-03 03:20:00+00:00
O-20240203-174000-BACKTEST-000-121,KRAKEN-BACKTEST,KrakenBTCUSDResearchStrategy-000,BTC/USD.KRAKEN,KRAKEN-1-121,BTC/USD.KRAKEN-KrakenBTCUSDResearchStrategy-000,KRAKEN-001,T-db28d4bdd1e6d08e-37948,MARKET,BUY,0.06031248,GTC,False,False,0.06031248,TAKER,43196.33,0.0,['10.42 USD'],NO_TRIGGER,FILLED,NO_CONTINGENCY,,,,,,,,8f069975-dd38-48b4-b0bf-10af6c108201,2024-02-03 17:40:00+00:00,2024-02-03 17:40:00+00:00
O-20240203-183000-BACKTEST-000-122,KRAKEN-BACKTEST,KrakenBTCUSDResearchStrategy-000,BTC/USD.KRAKEN,KRAKEN-1-122,BTC/USD.KRAKEN-KrakenBTCUSDResearchStrategy-000,KRAKEN-001,T-81f7838bd3d3ba44-37989,MARKET,SELL,0.06031248,GTC,False,False,0.06031248,TAKER,43116.0,0.0,['10.40 USD'],NO_TRIGGER,FILLED,NO_CONTINGENCY,,,,,,,,da89f3cc-f739-4f15-830c-81edefabb0b0,2024-02-03 18:30:00+00:00,2024-02-03 18:30:00+00:00
O-20240204-111000-BACKTEST-000-123,KRAKEN-BACKTEST,KrakenBTCUSDResearchStrategy-000,BTC/USD.KRAKEN,KRAKEN-1-123,BTC/USD.KRAKEN-KrakenBTCUSDResearchStrategy-000,KRAKEN-001,T-26dbdfa3d55caeda-38731,MARKET,BUY,0.06040878,GTC,False,False,0.06040878,TAKER,42999.990000000005,0.0,['10.39 USD'],NO_TRIGGER,FILLED,NO_CONTINGENCY,,,,,,,,40353654-a645-414c-955b-a6e4ef9a0a70,2024-02-04 11:10:00+00:00,2024-02-04 11:10:00+00:00
O-20240204-141500-BACKTEST-000-124,KRAKEN-BACKTEST,KrakenBTCUSDResearchStrategy-000,BTC/USD.KRAKEN,KRAKEN-1-124,BTC/USD.KRAKEN-KrakenBTCUSDResearchStrategy-000,KRAKEN-001,T-8943cf0bd9cedaa6-38871,MARKET,SELL,0.06040878,GTC,False,False,0.06040878,TAKER,42965.17,0.0,['10.38 USD'],NO_TRIGGER,FILLED,NO_CONTINGENCY,,,,,,,,08f31a21-90f4-4a2d-b02f-ab085834ef22,2024-02-04 14:15:00+00:00,2024-02-04 14:15:00+00:00
O-20240205-042000-BACKTEST-000-125,KRAKEN-BACKTEST,KrakenBTCUSDResearchStrategy-000,BTC/USD.KRAKEN,KRAKEN-1-125,BTC/USD.KRAKEN-KrakenBTCUSDResearchStrategy-000,KRAKEN-001,T-aaec1205ce992dfe-39511,MARKET,BUY,0.06058748,GTC,False,False,0.06058748,TAKER,42759.87,0.0,['10.36 USD'],NO_TRIGGER,FILLED,NO_CONTINGENCY,,,,,,,,111f4161-8322-4045-a5be-cb36e996c3d3,2024-02-05 04:20:00+00:00,2024-02-05 04:20:00+00:00
O-20240205-050500-BACKTEST-000-126,KRAKEN-BACKTEST,KrakenBTCUSDResearchStrategy-000,BTC/USD.KRAKEN,KRAKEN-1-126,BTC/USD.KRAKEN-KrakenBTCUSDResearchStrategy-000,KRAKEN-001,T-d7026c96e0711430-39544,MARKET,SELL,0.06058748,GTC,False,False,0.06058748,TAKER,42675.53,0.0,['10.34 USD'],NO_TRIGGER,FILLED,NO_CONTINGENCY,,,,,,,,1d69247f-a149-473c-ad6f-b278cf8b4d4b,2024-02-05 05:05:00+00:00,2024-02-05 05:05:00+00:00
O-20240205-072000-BACKTEST-000-127,KRAKEN-BACKTEST,KrakenBTCUSDResearchStrategy-000,BTC/USD.KRAKEN,KRAKEN-1-127,BTC/USD.KRAKEN-KrakenBTCUSDResearchStrategy-000,KRAKEN-001,T-55fa5755e00f1a12-39650,MARKET,BUY,0.06021713,GTC,False,False,0.06021713,TAKER,42894.270000000004,0.0,['10.33 USD'],NO_TRIGGER,FILLED,NO_CONTINGENCY,,,,,,,,15fad19c-9184-4ed8-9949-a08c4d2c30e4,2024-02-05 07:20:00+00:00,2024-02-05 07:20:00+00:00
O-20240205-150000-BACKTEST-000-128,KRAKEN-BACKTEST,KrakenBTCUSDResearchStrategy-000,BTC/USD.KRAKEN,KRAKEN-1-128,BTC/USD.KRAKEN-KrakenBTCUSDResearchStrategy-000,KRAKEN-001,T-30cc9a84e6d41744-40012,MARKET,SELL,0.06021713,GTC,False,False,0.06021713,TAKER,43035.88,0.0,['10.37 USD'],NO_TRIGGER,FILLED,NO_CONTINGENCY,,,,,,,,53e74939-242d-474e-aa41-a87fdb896643,2024-02-05 15:00:00+00:00,2024-02-05 15:00:00+00:00
O-20240206-020500-BACKTEST-000-129,KRAKEN-BACKTEST,KrakenBTCUSDResearchStrategy-000,BTC/USD.KRAKEN,KRAKEN-1-129,BTC/USD.KRAKEN-KrakenBTCUSDResearchStrategy-000,KRAKEN-001,T-74f013479d556521-40526,MARKET,BUY,0.06028244,GTC,False,False,0.06028244,TAKER,42787.23,0.0,['10.32 USD'],NO_TRIGGER,FILLED,NO_CONTINGENCY,,,,,,,,a27c793f-b62e-45ed-bb04-1b891d960c75,2024-02-06 02:05:00+00:00,2024-02-06 02:05:00+00:00
O-20240206-060500-BACKTEST-000-130,KRAKEN-BACKTEST,KrakenBTCUSDResearchStrategy-000,BTC/USD.KRAKEN,KRAKEN-1-130,BTC/USD.KRAKEN-KrakenBTCUSDResearchStrategy-000,KRAKEN-001,T-046316de366ee93f-40710,MARKET,SELL,0.06028244,GTC,False,False,0.06028244,TAKER,42750.0,0.0,['10.31 USD'],NO_TRIGGER,FILLED,NO_CONTINGENCY,,,,,,,,01d8973b-2bc1-4dfc-ba1c-5089c631d79c,2024-02-06 06:05:00+00:00,2024-02-06 06:05:00+00:00
O-20240206-080500-BACKTEST-000-131,KRAKEN-BACKTEST,KrakenBTCUSDResearchStrategy-000,BTC/USD.KRAKEN,KRAKEN-1-131,BTC/USD.KRAKEN-KrakenBTCUSDResearchStrategy-000,KRAKEN-001,T-d50505a7c98da352-40803,MARKET,BUY,0.05992208,GTC,False,False,0.05992208,TAKER,42930.0,0.0,['10.29 USD'],NO_TRIGGER,FILLED,NO_CONTINGENCY,,,,,,,,3677bb64-1b3f-4f91-915d-b82e14413610,2024-02-06 08:05:00+00:00,2024-02-06 08:05:00+00:00
O-20240206-104000-BACKTEST-000-132,KRAKEN-BACKTEST,KrakenBTCUSDResearchStrategy-000,BTC/USD.KRAKEN,KRAKEN-1-132,BTC/USD.KRAKEN-KrakenBTCUSDResearchStrategy-000,KRAKEN-001,T-0cc6f629d73c35c0-40926,MARKET,SELL,0.05992208,GTC,False,False,0.05992208,TAKER,42849.57,0.0,['10.27 USD'],NO_TRIGGER,FILLED,NO_CONTINGENCY,,,,,,,,5f932315-f3ec-483a-9096-959ad43184ef,2024-02-06 10:40:00+00:00,2024-02-06 10:40:00+00:00
O-20240206-151500-BACKTEST-000-133,KRAKEN-BACKTEST,KrakenBTCUSDResearchStrategy-000,BTC/USD.KRAKEN,KRAKEN-1-133,BTC/USD.KRAKEN-KrakenBTCUSDResearchStrategy-000,KRAKEN-001,T-1b7129b4fe2e6368-41144,MARKET,BUY,0.05950388,GTC,False,False,0.05950388,TAKER,43103.81,0.0,['10.26 USD'],NO_TRIGGER,FILLED,NO_CONTINGENCY,,,,,,,,72abe5b0-d80d-4cdf-a37b-65f461796176,2024-02-06 15:15:00+00:00,2024-02-06 15:15:00+00:00
O-20240206-204500-BACKTEST-000-134,KRAKEN-BACKTEST,KrakenBTCUSDResearchStrategy-000,BTC/USD.KRAKEN,KRAKEN-1-134,BTC/USD.KRAKEN-KrakenBTCUSDResearchStrategy-000,KRAKEN-001,T-1cf9240326dd2023-41405,MARKET,SELL,0.05950388,GTC,False,False,0.05950388,TAKER,43097.369999999995,0.0,['10.26 USD'],NO_TRIGGER,FILLED,NO_CONTINGENCY,,,,,,,,827ccd80-e056-4328-93d7-5d01146785c9,2024-02-06 20:45:00+00:00,2024-02-06 20:45:00+00:00
O-20240207-144500-BACKTEST-000-135,KRAKEN-BACKTEST,KrakenBTCUSDResearchStrategy-000,BTC/USD.KRAKEN,KRAKEN-1-135,BTC/USD.KRAKEN-KrakenBTCUSDResearchStrategy-000,KRAKEN-001,T-2e60c451fa84747b-42227,MARKET,BUY,0.05912312,GTC,False,False,0.05912312,TAKER,43275.35,0.0,['10.23 USD'],NO_TRIGGER,FILLED,NO_CONTINGENCY,,,,,,,,78139e1c-06ac-4c70-a003-d03ad980341a,2024-02-07 14:45:00+00:00,2024-02-07 14:45:00+00:00
O-20240207-145000-BACKTEST-000-136,KRAKEN-BACKTEST,KrakenBTCUSDResearchStrategy-000,BTC/USD.KRAKEN,KRAKEN-1-136,BTC/USD.KRAKEN-KrakenBTCUSDResearchStrategy-000,KRAKEN-001,T-9190b0ec8ac565bb-42232,MARKET,SELL,0.05912312,GTC,False,False,0.05912312,TAKER,43082.07,0.0,['10.19 USD'],NO_TRIGGER,FILLED,NO_CONTINGENCY,,,,,,,,b07de599-6277-4db1-a998-27a1a1f05699,2024-02-07 14:50:00+00:00,2024-02-07 14:50:00+00:00
O-20240207-171500-BACKTEST-000-137,KRAKEN-BACKTEST,KrakenBTCUSDResearchStrategy-000,BTC/USD.KRAKEN,KRAKEN-1-137,BTC/USD.KRAKEN-KrakenBTCUSDResearchStrategy-000,KRAKEN-001,T-dd7d7c2fbecc3c86-42348,MARKET,BUY,0.05874674,GTC,False,False,0.05874674,TAKER,43390.009999999995,0.0,['10.20 USD'],NO_TRIGGER,FILLED,NO_CONTINGENCY,,,,,,,,0b08486e-2c33-4b07-bbd5-ef93a67c5841,2024-02-07 17:15:00+00:00,2024-02-07 17:15:00+00:00
O-20240209-004000-BACKTEST-000-138,KRAKEN-BACKTEST,KrakenBTCUSDResearchStrategy-000,BTC/USD.KRAKEN,KRAKEN-1-138,BTC/USD.KRAKEN-KrakenBTCUSDResearchStrategy-000,KRAKEN-001,T-9a18ed9e2d175e36-43814,MARKET,SELL,0.05874674,GTC,False,False,0.05874674,TAKER,45257.990000000005,0.0,['10.64 USD'],NO_TRIGGER,FILLED,NO_CONTINGENCY,,,,,,,,3bc2b273-3258-45c9-847c-5fab79e4b2bf,2024-02-09 00:40:00+00:00,2024-02-09 00:40:00+00:00
O-20240209-021500-BACKTEST-000-139,KRAKEN-BACKTEST,KrakenBTCUSDResearchStrategy-000,BTC/USD.KRAKEN,KRAKEN-1-139,BTC/USD.KRAKEN-KrakenBTCUSDResearchStrategy-000,KRAKEN-001,T-08307e64813fae59-43889,MARKET,BUY,0.05633784,GTC,False,False,0.05633784,TAKER,45718.68,0.0,['10.30 USD'],NO_TRIGGER,FILLED,NO_CONTINGENCY,,,,,,,,3a56dabf-6237-4316-900c-6fa722f88e87,2024-02-09 02:15:00+00:00,2024-02-09 02:15:00+00:00
O-20240209-142000-BACKTEST-000-140,KRAKEN-BACKTEST,KrakenBTCUSDResearchStrategy-000,BTC/USD.KRAKEN,KRAKEN-1-140,BTC/USD.KRAKEN-KrakenBTCUSDResearchStrategy-000,KRAKEN-001,T-a1ca37f329bae9ba-44457,MARKET,SELL,0.05633784,GTC,False,False,0.05633784,TAKER,46830.14000000001,0.0,['10.55 USD'],NO_TRIGGER,FILLED,NO_CONTINGENCY,,,,,,,,ea5bcebe-bc64-49d9-ba2f-695f08acaa25,2024-02-09 14:20:00+00:00,2024-02-09 14:20:00+00:00
O-20240209-180000-BACKTEST-000-141,KRAKEN-BACKTEST,KrakenBTCUSDResearchStrategy-000,BTC/USD.KRAKEN,KRAKEN-1-141,BTC/USD.KRAKEN-KrakenBTCUSDResearchStrategy-000,KRAKEN-001,T-b456ee5831845a5e-44632,MARKET,BUY,0.05416729,GTC,False,False,0.05416729,TAKER,47782.02,0.0,['10.35 USD'],NO_TRIGGER,FILLED,NO_CONTINGENCY,,,,,,,,01a055e6-eb25-4a4b-a98a-07cefef2b8b9,2024-02-09 18:00:00+00:00,2024-02-09 18:00:00+00:00
O-20240209-190500-BACKTEST-000-142,KRAKEN-BACKTEST,KrakenBTCUSDResearchStrategy-000,BTC/USD.KRAKEN,KRAKEN-1-142,BTC/USD.KRAKEN-KrakenBTCUSDResearchStrategy-000,KRAKEN-001,T-0832f75c76e4201b-44684,MARKET,SELL,0.05416729,GTC,False,False,0.05416729,TAKER,47358.25,0.0,['10.26 USD'],NO_TRIGGER,FILLED,NO_CONTINGENCY,,,,,,,,1ccd482b-6c32-48fa-9a7a-66bff01a3cb1,2024-02-09 19:05:00+00:00,2024-02-09 19:05:00+00:00
O-20240210-031000-BACKTEST-000-143,KRAKEN-BACKTEST,KrakenBTCUSDResearchStrategy-000,BTC/USD.KRAKEN,KRAKEN-1-143,BTC/USD.KRAKEN-KrakenBTCUSDResearchStrategy-000,KRAKEN-001,T-9855dc35d197f243-45068,MARKET,BUY,0.05428695,GTC,False,False,0.05428695,TAKER,47435.98,0.0,['10.30 USD'],NO_TRIGGER,FILLED,NO_CONTINGENCY,,,,,,,,d1c42c60-9aaf-4578-be7f-70f340c5fb91,2024-02-10 03:10:00+00:00,2024-02-10 03:10:00+00:00
O-20240210-042000-BACKTEST-000-144,KRAKEN-BACKTEST,KrakenBTCUSDResearchStrategy-000,BTC/USD.KRAKEN,KRAKEN-1-144,BTC/USD.KRAKEN-KrakenBTCUSDResearchStrategy-000,KRAKEN-001,T-5e0c0685326b8c0f-45121,MARKET,SELL,0.05428695,GTC,False,False,0.05428695,TAKER,47335.12,0.0,['10.28 USD'],NO_TRIGGER,FILLED,NO_CONTINGENCY,,,,,,,,4d51d101-6975-47fa-83b8-a5ba1fd6d91e,2024-02-10 04:20:00+00:00,2024-02-10 04:20:00+00:00
O-20240210-134500-BACKTEST-000-145,KRAKEN-BACKTEST,KrakenBTCUSDResearchStrategy-000,BTC/USD.KRAKEN,KRAKEN-1-145,BTC/USD.KRAKEN-KrakenBTCUSDResearchStrategy-000,KRAKEN-001,T-6d45e72c07ba9471-45552,MARKET,BUY,0.05423997,GTC,False,False,0.05423997,TAKER,47332.990000000005,0.0,['10.27 USD'],NO_TRIGGER,FILLED,NO_CONTINGENCY,,,,,,,,106206fe-057e-4f6e-b240-f1a7786f2e9b,2024-02-10 13:45:00+00:00,2024-02-10 13:45:00+00:00
O-20240210-162500-BACKTEST-000-146,KRAKEN-BACKTEST,KrakenBTCUSDResearchStrategy-000,BTC/USD.KRAKEN,KRAKEN-1-146,BTC/USD.KRAKEN-KrakenBTCUSDResearchStrategy-000,KRAKEN-001,T-4dde525e470a1bae-45678,MARKET,SELL,0.05423997,GTC,False,False,0.05423997,TAKER,47254.049999999996,0.0,['10.25 USD'],NO_TRIGGER,FILLED,NO_CONTINGENCY,,,,,,,,431ee485-6797-4926-92aa-3539ec686fa4,2024-02-10 16:25:00+00:00,2024-02-10 16:25:00+00:00
O-20240210-191000-BACKTEST-000-147,KRAKEN-BACKTEST,KrakenBTCUSDResearchStrategy-000,BTC/USD.KRAKEN,KRAKEN-1-147,BTC/USD.KRAKEN-KrakenBTCUSDResearchStrategy-000,KRAKEN-001,T-46ea0d26249dc440-45807,MARKET,BUY,0.05404511,GTC,False,False,0.05404511,TAKER,47365.98,0.0,['10.24 USD'],NO_TRIGGER,FILLED,NO_CONTINGENCY,,,,,,,,a1dfe3ea-14f3-4949-b60a-84b21d7112b8,2024-02-10 19:10:00+00:00,2024-02-10 19:10:00+00:00
O-20240211-012500-BACKTEST-000-148,KRAKEN-BACKTEST,KrakenBTCUSDResearchStrategy-000,BTC/USD.KRAKEN,KRAKEN-1-148,BTC/USD.KRAKEN-KrakenBTCUSDResearchStrategy-000,KRAKEN-001,T-1524cbe6aa99a1d8-46099,MARKET,SELL,0.05404511,GTC,False,False,0.05404511,TAKER,47608.579999999994,0.0,['10.29 USD'],NO_TRIGGER,FILLED,NO_CONTINGENCY,,,,,,,,25f15b10-c12d-4517-92af-abf597b53ce0,2024-02-11 01:25:00+00:00,2024-02-11 01:25:00+00:00
O-20240211-031500-BACKTEST-000-149,KRAKEN-BACKTEST,KrakenBTCUSDResearchStrategy-000,BTC/USD.KRAKEN,KRAKEN-1-149,BTC/USD.KRAKEN-KrakenBTCUSDResearchStrategy-000,KRAKEN-001,T-02f4c931c614d5e8-46186,MARKET,BUY,0.05329374,GTC,False,False,0.05329374,TAKER,47992.009999999995,0.0,['10.23 USD'],NO_TRIGGER,FILLED,NO_CONTINGENCY,,,,,,,,434c2b5e-13c8-4f77-8461-8e7ea130c09c,2024-02-11 03:15:00+00:00,2024-02-11 03:15:00+00:00
O-20240211-103500-BACKTEST-000-150,KRAKEN-BACKTEST,KrakenBTCUSDResearchStrategy-000,BTC/USD.KRAKEN,KRAKEN-1-150,BTC/USD.KRAKEN-KrakenBTCUSDResearchStrategy-000,KRAKEN-001,T-965ac561c653cd37-46530,MARKET,SELL,0.05329374,GTC,False,False,0.05329374,TAKER,48106.34,0.0,['10.26 USD'],NO_TRIGGER,FILLED,NO_CONTINGENCY,,,,,,,,e79f67b1-cbfd-4f2d-8a22-9b1af4751532,2024-02-11 10:35:00+00:00,2024-02-11 10:35:00+00:00
O-20240211-115500-BACKTEST-000-151,KRAKEN-BACKTEST,KrakenBTCUSDResearchStrategy-000,BTC/USD.KRAKEN,KRAKEN-1-151,BTC/USD.KRAKEN-KrakenBTCUSDResearchStrategy-000,KRAKEN-001,T-3fda29a5da7f072b-46593,MARKET,BUY,0.05274254,GTC,False,False,0.05274254,TAKER,48411.71,0.0,['10.21 USD'],NO_TRIGGER,FILLED,NO_CONTINGENCY,,,,,,,,64df19a8-6f1a-4b6f-8ed0-a7e65087b564,2024-02-11 11:55:00+00:00,2024-02-11 11:55:00+00:00
O-20240211-131500-BACKTEST-000-152,KRAKEN-BACKTEST,KrakenBTCUSDResearchStrategy-000,BTC/USD.KRAKEN,KRAKEN-1-152,BTC/USD.KRAKEN-KrakenBTCUSDResearchStrategy-000,KRAKEN-001,T-0449accc018a50d0-46657,MARKET,SELL,0.05274254,GTC,False,False,0.05274254,TAKER,48240.43,0.0,['10.18 USD'],NO_TRIGGER,FILLED,NO_CONTINGENCY,,,,,,,,406e611d-1a18-40e6-b2a5-93add4adec0d,2024-02-11 13:15:00+00:00,2024-02-11 13:15:00+00:00
O-20240212-002000-BACKTEST-000-153,KRAKEN-BACKTEST,KrakenBTCUSDResearchStrategy-000,BTC/USD.KRAKEN,KRAKEN-1-153,BTC/USD.KRAKEN-KrakenBTCUSDResearchStrategy-000,KRAKEN-001,T-72cce5da1be10e52-47179,MARKET,BUY,0.05248262,GTC,False,False,0.05248262,TAKER,48483.25,0.0,['10.18 USD'],NO_TRIGGER,FILLED,NO_CONTINGENCY,,,,,,,,f792c0b4-50db-438a-894c-170e1f16e44d,2024-02-12 00:20:00+00:00,2024-02-12 00:20:00+00:00
O-20240212-023500-BACKTEST-000-154,KRAKEN-BACKTEST,KrakenBTCUSDResearchStrategy-000,BTC/USD.KRAKEN,KRAKEN-1-154,BTC/USD.KRAKEN-KrakenBTCUSDResearchStrategy-000,KRAKEN-001,T-e3bf7693d54ee259-47285,MARKET,SELL,0.05248262,GTC,False,False,0.05248262,TAKER,48182.780000000006,0.0,['10.12 USD'],NO_TRIGGER,FILLED,NO_CONTINGENCY,,,,,,,,49997d2b-eed0-4050-abf5-836f02b500e6,2024-02-12 02:35:00+00:00,2024-02-12 02:35:00+00:00
O-20240212-143500-BACKTEST-000-155,KRAKEN-BACKTEST,KrakenBTCUSDResearchStrategy-000,BTC/USD.KRAKEN,KRAKEN-1-155,BTC/USD.KRAKEN-KrakenBTCUSDResearchStrategy-000,KRAKEN-001,T-8850294f6874451e-47851,MARKET,BUY,0.05237312,GTC,False,False,0.05237312,TAKER,48378.0,0.0,['10.13 USD'],NO_TRIGGER,FILLED,NO_CONTINGENCY,,,,,,,,11e8f9a6-b9e1-479a-8b98-86ea65270107,2024-02-12 14:35:00+00:00,2024-02-12 14:35:00+00:00
O-20240213-031500-BACKTEST-000-156,KRAKEN-BACKTEST,KrakenBTCUSDResearchStrategy-000,BTC/USD.KRAKEN,KRAKEN-1-156,BTC/USD.KRAKEN-KrakenBTCUSDResearchStrategy-000,KRAKEN-001,T-a77f7a3abb3b5a3e-48446,MARKET,SELL,0.05237312,GTC,False,False,0.05237312,TAKER,49866.0,0.0,['10.45 USD'],NO_TRIGGER,FILLED,NO_CONTINGENCY,,,,,,,,49864f52-49d8-4b05-9bfc-a961a0aaf037,2024-02-13 03:15:00+00:00,2024-02-13 03:15:00+00:00
O-20240213-083500-BACKTEST-000-157,KRAKEN-BACKTEST,KrakenBTCUSDResearchStrategy-000,BTC/USD.KRAKEN,KRAKEN-1-157,BTC/USD.KRAKEN-KrakenBTCUSDResearchStrategy-000,KRAKEN-001,T-543928bdeac2eec3-48695,MARKET,BUY,0.05088966,GTC,False,False,0.05088966,TAKER,50126.33,0.0,['10.20 USD'],NO_TRIGGER,FILLED,NO_CONTINGENCY,,,,,,,,986de5e9-ef24-473c-8478-6174cccb41f7,2024-02-13 08:35:00+00:00,2024-02-13 08:35:00+00:00
O-20240213-104000-BACKTEST-000-158,KRAKEN-BACKTEST,KrakenBTCUSDResearchStrategy-000,BTC/USD.KRAKEN,KRAKEN-1-158,BTC/USD.KRAKEN-KrakenBTCUSDResearchStrategy-000,KRAKEN-001,T-7a2fb32abef0aded-48793,MARKET,SELL,0.05088966,GTC,False,False,0.05088966,TAKER,49945.46,0.0,['10.17 USD'],NO_TRIGGER,FILLED,NO_CONTINGENCY,,,,,,,,71714ea9-158f-4ca2-89e4-e953872e883e,2024-02-13 10:40:00+00:00,2024-02-13 10:40:00+00:00
O-20240213-210500-BACKTEST-000-159,KRAKEN-BACKTEST,KrakenBTCUSDResearchStrategy-000,BTC/USD.KRAKEN,KRAKEN-1-159,BTC/USD.KRAKEN-KrakenBTCUSDResearchStrategy-000,KRAKEN-001,T-6cc37ae245d88f1e-49288,MARKET,BUY,0.05129840,GTC,False,False,0.05129840,TAKER,49554.0,0.0,['10.17 USD'],NO_TRIGGER,FILLED,NO_CONTINGENCY,,,,,,,,b2b4721b-f20a-4ccd-afd0-51595380383c,2024-02-13 21:05:00+00:00,2024-02-13 21:05:00+00:00
O-20240213-230500-BACKTEST-000-160,KRAKEN-BACKTEST,KrakenBTCUSDResearchStrategy-000,BTC/USD.KRAKEN,KRAKEN-1-160,BTC/USD.KRAKEN-KrakenBTCUSDResearchStrategy-000,KRAKEN-001,T-7c4969a00fa5eb91-49382,MARKET,SELL,0.05129840,GTC,False,False,0.05129840,TAKER,49370.409999999996,0.0,['10.13 USD'],NO_TRIGGER,FILLED,NO_CONTINGENCY,,,,,,,,94076624-3ba5-4140-a148-4ef70a2f96da,2024-02-13 23:05:00+00:00,2024-02-13 23:05:00+00:00
O-20240214-070000-BACKTEST-000-161,KRAKEN-BACKTEST,KrakenBTCUSDResearchStrategy-000,BTC/USD.KRAKEN,KRAKEN-1-161,BTC/USD.KRAKEN-KrakenBTCUSDResearchStrategy-000,KRAKEN-001,T-07c0ae2cd80c8fca-49756,MARKET,BUY,0.05097932,GTC,False,False,0.05097932,TAKER,49689.26,0.0,['10.13 USD'],NO_TRIGGER,FILLED,NO_CONTINGENCY,,,,,,,,35a93abf-d7f2-461a-bea6-0b3051bdc6d8,2024-02-14 07:00:00+00:00,2024-02-14 07:00:00+00:00
O-20240214-191000-BACKTEST-000-162,KRAKEN-BACKTEST,KrakenBTCUSDResearchStrategy-000,BTC/USD.KRAKEN,KRAKEN-1-162,BTC/USD.KRAKEN-KrakenBTCUSDResearchStrategy-000,KRAKEN-001,T-9e83d7c1f370d322-50330,MARKET,SELL,0.05097932,GTC,False,False,0.05097932,TAKER,51350.34,0.0,['10.47 USD'],NO_TRIGGER,FILLED,NO_CONTINGENCY,,,,,,,,6784aa77-c85c-47fb-8b29-45bbc08c8dc7,2024-02-14 19:10:00+00:00,2024-02-14 19:10:00+00:00
O-20240215-001500-BACKTEST-000-163,KRAKEN-BACKTEST,KrakenBTCUSDResearchStrategy-000,BTC/USD.KRAKEN,KRAKEN-1-163,BTC/USD.KRAKEN-KrakenBTCUSDResearchStrategy-000,KRAKEN-001,T-9fa0d6413af130d3-50570,MARKET,BUY,0.04913947,GTC,False,False,0.04913947,TAKER,51940.97,0.0,['10.21 USD'],NO_TRIGGER,FILLED,NO_CONTINGENCY,,,,,,,,e12be3c1-1e37-4838-a9c5-2d600f16bb5e,2024-02-15 00:15:00+00:00,2024-02-15 00:15:00+00:00
O-20240215-013000-BACKTEST-000-164,KRAKEN-BACKTEST,KrakenBTCUSDResearchStrategy-000,BTC/USD.KRAKEN,KRAKEN-1-164,BTC/USD.KRAKEN-KrakenBTCUSDResearchStrategy-000,KRAKEN-001,T-f491608c38eabecd-50630,MARKET,SELL,0.04913947,GTC,False,False,0.04913947,TAKER,51744.0,0.0,['10.17 USD'],NO_TRIGGER,FILLED,NO_CONTINGENCY,,,,,,,,9177bf12-730a-4190-9412-506245343334,2024-02-15 01:30:00+00:00,2024-02-15 01:30:00+00:00
O-20240215-101500-BACKTEST-000-165,KRAKEN-BACKTEST,KrakenBTCUSDResearchStrategy-000,BTC/USD.KRAKEN,KRAKEN-1-165,BTC/USD.KRAKEN-KrakenBTCUSDResearchStrategy-000,KRAKEN-001,T-359956a030b302e6-51039,MARKET,BUY,0.04864344,GTC,False,False,0.04864344,TAKER,52285.24,0.0,['10.17 USD'],NO_TRIGGER,FILLED,NO_CONTINGENCY,,,,,,,,442d2796-15f8-4bf4-83e2-df2f1ed0a80d,2024-02-15 10:15:00+00:00,2024-02-15 10:15:00+00:00
O-20240215-132500-BACKTEST-000-166,KRAKEN-BACKTEST,KrakenBTCUSDResearchStrategy-000,BTC/USD.KRAKEN,KRAKEN-1-166,BTC/USD.KRAKEN-KrakenBTCUSDResearchStrategy-000,KRAKEN-001,T-61865f3ede20b316-51192,MARKET,SELL,0.04864344,GTC,False,False,0.04864344,TAKER,52151.299999999996,0.0,['10.15 USD'],NO_TRIGGER,FILLED,NO_CONTINGENCY,,,,,,,,3c0c4b0b-1749-4e68-8d8c-dd887d8aab83,2024-02-15 13:25:00+00:00,2024-02-15 13:25:00+00:00
O-20240216-012000-BACKTEST-000-167,KRAKEN-BACKTEST,KrakenBTCUSDResearchStrategy-000,BTC/USD.KRAKEN,KRAKEN-1-167,BTC/USD.KRAKEN-KrakenBTCUSDResearchStrategy-000,KRAKEN-001,T-111c3038f5c9714b-51752,MARKET,BUY,0.04874194,GTC,False,False,0.04874194,TAKER,52014.44,0.0,['10.14 USD'],NO_TRIGGER,FILLED,NO_CONTINGENCY,,,,,,,,0e0e4e59-d302-4442-a01c-d8d57ee0d3f3,2024-02-16 01:20:00+00:00,2024-02-16 01:20:00+00:00
O-20240216-020000-BACKTEST-000-168,KRAKEN-BACKTEST,KrakenBTCUSDResearchStrategy-000,BTC/USD.KRAKEN,KRAKEN-1-168,BTC/USD.KRAKEN-KrakenBTCUSDResearchStrategy-000,KRAKEN-001,T-9302daec124a8340-51783,MARKET,SELL,0.04874194,GTC,False,False,0.04874194,TAKER,51886.33,0.0,['10.12 USD'],NO_TRIGGER,FILLED,NO_CONTINGENCY,,,,,,,,d5caea0d-d28b-49fa-9144-e652c998ef3b,2024-02-16 02:00:00+00:00,2024-02-16 02:00:00+00:00
O-20240216-025500-BACKTEST-000-169,KRAKEN-BACKTEST,KrakenBTCUSDResearchStrategy-000,BTC/USD.KRAKEN,KRAKEN-1-169,BTC/USD.KRAKEN-KrakenBTCUSDResearchStrategy-000,KRAKEN-001,T-d55d608e02d1c6a4-51828,MARKET,BUY,0.04844593,GTC,False,False,0.04844593,TAKER,52168.15,0.0,['10.11 USD'],NO_TRIGGER,FILLED,NO_CONTINGENCY,,,,,,,,6d78d663-cb99-4516-9e05-361d69e53a24,2024-02-16 02:55:00+00:00,2024-02-16 02:55:00+00:00
O-20240216-055000-BACKTEST-000-170,KRAKEN-BACKTEST,KrakenBTCUSDResearchStrategy-000,BTC/USD.KRAKEN,KRAKEN-1-170,BTC/USD.KRAKEN-KrakenBTCUSDResearchStrategy-000,KRAKEN-001,T-6b077eba70879c5a-51966,MARKET,SELL,0.04844593,GTC,False,False,0.04844593,TAKER,52045.990000000005,0.0,['10.09 USD'],NO_TRIGGER,FILLED,NO_CONTINGENCY,,,,,,,,2d7e26e4-112b-4233-ac08-3c57e048762c,2024-02-16 05:50:00+00:00,2024-02-16 05:50:00+00:00
O-20240216-105500-BACKTEST-000-171,KRAKEN-BACKTEST,KrakenBTCUSDResearchStrategy-000,BTC/USD.KRAKEN,KRAKEN-1-171,BTC/USD.KRAKEN-KrakenBTCUSDResearchStrategy-000,KRAKEN-001,T-29388d7a57b68f1f-52208,MARKET,BUY,0.04817403,GTC,False,False,0.04817403,TAKER,52300.0,0.0,['10.08 USD'],NO_TRIGGER,FILLED,NO_CONTINGENCY,,,,,,,,25ddf937-91df-4be5-9633-97238da6b0ae,2024-02-16 10:55:00+00:00,2024-02-16 10:55:00+00:00
O-20240216-120000-BACKTEST-000-172,KRAKEN-BACKTEST,KrakenBTCUSDResearchStrategy-000,BTC/USD.KRAKEN,KRAKEN-1-172,BTC/USD.KRAKEN-KrakenBTCUSDResearchStrategy-000,KRAKEN-001,T-3d80ee6a93e26852-52260,MARKET,SELL,0.04817403,GTC,False,False,0.04817403,TAKER,52103.21,0.0,['10.04 USD'],NO_TRIGGER,FILLED,NO_CONTINGENCY,,,,,,,,ac808814-039b-4f46-87be-d55e451c7076,2024-02-16 12:00:00+00:00,2024-02-16 12:00:00+00:00
O-20240216-135500-BACKTEST-000-173,KRAKEN-BACKTEST,KrakenBTCUSDResearchStrategy-000,BTC/USD.KRAKEN,KRAKEN-1-173,BTC/USD.KRAKEN-KrakenBTCUSDResearchStrategy-000,KRAKEN-001,T-afedabbef32f2f3b-52352,MARKET,BUY,0.04785418,GTC,False,False,0.04785418,TAKER,52464.0,0.0,['10.04 USD'],NO_TRIGGER,FILLED,NO_CONTINGENCY,,,,,,,,67e55d97-1487-468a-a213-07006627b096,2024-02-16 13:55:00+00:00,2024-02-16 13:55:00+00:00
O-20240216-141000-BACKTEST-000-174,KRAKEN-BACKTEST,KrakenBTCUSDResearchStrategy-000,BTC/USD.KRAKEN,KRAKEN-1-174,BTC/USD.KRAKEN-KrakenBTCUSDResearchStrategy-000,KRAKEN-001,T-1edb62230521d4c4-52365,MARKET,SELL,0.04785418,GTC,False,False,0.04785418,TAKER,52196.0,0.0,['9.99 USD'],NO_TRIGGER,FILLED,NO_CONTINGENCY,,,,,,,,b0469414-b26b-4c9f-ab7f-f90c5b800b43,2024-02-16 14:10:00+00:00,2024-02-16 14:10:00+00:00
O-20240216-232000-BACKTEST-000-175,KRAKEN-BACKTEST,KrakenBTCUSDResearchStrategy-000,BTC/USD.KRAKEN,KRAKEN-1-175,BTC/USD.KRAKEN-KrakenBTCUSDResearchStrategy-000,KRAKEN-001,T-63bbef0b14b70afd-52797,MARKET,BUY,0.04803346,GTC,False,False,0.04803346,TAKER,52063.020000000004,0.0,['10.00 USD'],NO_TRIGGER,FILLED,NO_CONTINGENCY,,,,,,,,d90fda32-b164-4dd6-a4de-f66b401b28c0,2024-02-16 23:20:00+00:00,2024-02-16 23:20:00+00:00
O-20240217-011000-BACKTEST-000-176,KRAKEN-BACKTEST,KrakenBTCUSDResearchStrategy-000,BTC/USD.KRAKEN,KRAKEN-1-176,BTC/USD.KRAKEN-KrakenBTCUSDResearchStrategy-000,KRAKEN-001,T-d8df6792242c88b5-52884,MARKET,SELL,0.04803346,GTC,False,False,0.04803346,TAKER,51968.729999999996,0.0,['9.98 USD'],NO_TRIGGER,FILLED,NO_CONTINGENCY,,,,,,,,d68cbbd0-33ff-4502-99bd-53d507c64699,2024-02-17 01:10:00+00:00,2024-02-17 01:10:00+00:00
O-20240217-205000-BACKTEST-000-177,KRAKEN-BACKTEST,KrakenBTCUSDResearchStrategy-000,BTC/USD.KRAKEN,KRAKEN-1-177,BTC/USD.KRAKEN-KrakenBTCUSDResearchStrategy-000,KRAKEN-001,T-101f53336a8209c3-53785,MARKET,BUY,0.04838635,GTC,False,False,0.04838635,TAKER,51531.35,0.0,['9.97 USD'],NO_TRIGGER,FILLED,NO_CONTINGENCY,,,,,,,,34e9a43b-9b9d-4b74-ab25-84b0670958c3,2024-02-17 20:50:00+00:00,2024-02-17 20:50:00+00:00
O-20240218-015500-BACKTEST-000-178,KRAKEN-BACKTEST,KrakenBTCUSDResearchStrategy-000,BTC/USD.KRAKEN,KRAKEN-1-178,BTC/USD.KRAKEN-KrakenBTCUSDResearchStrategy-000,KRAKEN-001,T-5f49c9961cc917f4-54017,MARKET,SELL,0.04838635,GTC,False,False,0.04838635,TAKER,51530.83,0.0,['9.97 USD'],NO_TRIGGER,FILLED,NO_CONTINGENCY,,,,,,,,f5e021f2-b3f4-4ce6-803f-8a6f6d5805a2,2024-02-18 01:55:00+00:00,2024-02-18 01:55:00+00:00
O-20240218-072000-BACKTEST-000-179,KRAKEN-BACKTEST,KrakenBTCUSDResearchStrategy-000,BTC/USD.KRAKEN,KRAKEN-1-179,BTC/USD.KRAKEN-KrakenBTCUSDResearchStrategy-000,KRAKEN-001,T-176238d67fc02b38-54274,MARKET,BUY,0.04807699,GTC,False,False,0.04807699,TAKER,51738.380000000005,0.0,['9.95 USD'],NO_TRIGGER,FILLED,NO_CONTINGENCY,,,,,,,,39b342df-5188-4ef4-b30b-3982f8b75fc8,2024-02-18 07:20:00+00:00,2024-02-18 07:20:00+00:00
O-20240218-123000-BACKTEST-000-180,KRAKEN-BACKTEST,KrakenBTCUSDResearchStrategy-000,BTC/USD.KRAKEN,KRAKEN-1-180,BTC/USD.KRAKEN-KrakenBTCUSDResearchStrategy-000,KRAKEN-001,T-ac88344d02e9ccbf-54514,MARKET,SELL,0.04807699,GTC,False,False,0.04807699,TAKER,51680.5,0.0,['9.94 USD'],NO_TRIGGER,FILLED,NO_CONTINGENCY,,,,,,,,48637456-5165-4cb1-9b1c-e015f8f1cabc,2024-02-18 12:30:00+00:00,2024-02-18 12:30:00+00:00
O-20240218-173500-BACKTEST-000-181,KRAKEN-BACKTEST,KrakenBTCUSDResearchStrategy-000,BTC/USD.KRAKEN,KRAKEN-1-181,BTC/USD.KRAKEN-KrakenBTCUSDResearchStrategy-000,KRAKEN-001,T-27455a157f9302c3-54746,MARKET,BUY,0.04773179,GTC,False,False,0.04773179,TAKER,51970.009999999995,0.0,['9.92 USD'],NO_TRIGGER,FILLED,NO_CONTINGENCY,,,,,,,,51e7666e-cb4d-498d-8f51-a98a15395126,2024-02-18 17:35:00+00:00,2024-02-18 17:35:00+00:00
O-20240218-174500-BACKTEST-000-182,KRAKEN-BACKTEST,KrakenBTCUSDResearchStrategy-000,BTC/USD.KRAKEN,KRAKEN-1-182,BTC/USD.KRAKEN-KrakenBTCUSDResearchStrategy-000,KRAKEN-001,T-429e3a08a3640859-54755,MARKET,SELL,0.04773179,GTC,False,False,0.04773179,TAKER,51799.96,0.0,['9.89 USD'],NO_TRIGGER,FILLED,NO_CONTINGENCY,,,,,,,,b37a2bce-5409-43f9-babb-e498972c5e64,2024-02-18 17:45:00+00:00,2024-02-18 17:45:00+00:00
O-20240218-221000-BACKTEST-000-183,KRAKEN-BACKTEST,KrakenBTCUSDResearchStrategy-000,BTC/USD.KRAKEN,KRAKEN-1-183,BTC/USD.KRAKEN-KrakenBTCUSDResearchStrategy-000,KRAKEN-001,T-46430f954bd4e342-54962,MARKET,BUY,0.04736096,GTC,False,False,0.04736096,TAKER,52200.009999999995,0.0,['9.89 USD'],NO_TRIGGER,FILLED,NO_CONTINGENCY,,,,,,,,408473f8-c5a9-4cfd-9197-9b411b22e4a5,2024-02-18 22:10:00+00:00,2024-02-18 22:10:00+00:00
O-20240219-013500-BACKTEST-000-184,KRAKEN-BACKTEST,KrakenBTCUSDResearchStrategy-000,BTC/USD.KRAKEN,KRAKEN-1-184,BTC/USD.KRAKEN-KrakenBTCUSDResearchStrategy-000,KRAKEN-001,T-6647a82b77c88416-55123,MARKET,SELL,0.04736096,GTC,False,False,0.04736096,TAKER,51961.96,0.0,['9.84 USD'],NO_TRIGGER,FILLED,NO_CONTINGENCY,,,,,,,,93b73e67-18aa-41e4-bf19-44c729da2fd4,2024-02-19 01:35:00+00:00,2024-02-19 01:35:00+00:00
O-20240219-060500-BACKTEST-000-185,KRAKEN-BACKTEST,KrakenBTCUSDResearchStrategy-000,BTC/USD.KRAKEN,KRAKEN-1-185,BTC/USD.KRAKEN-KrakenBTCUSDResearchStrategy-000,KRAKEN-001,T-b168dcf1e6348830-55327,MARKET,BUY,0.04708144,GTC,False,False,0.04708144,TAKER,52312.39,0.0,['9.85 USD'],NO_TRIGGER,FILLED,NO_CONTINGENCY,,,,,,,,ad002d57-734c-4bee-9cf9-3e544f7c4d2a,2024-02-19 06:05:00+00:00,2024-02-19 06:05:00+00:00
O-20240219-084500-BACKTEST-000-186,KRAKEN-BACKTEST,KrakenBTCUSDResearchStrategy-000,BTC/USD.KRAKEN,KRAKEN-1-186,BTC/USD.KRAKEN-KrakenBTCUSDResearchStrategy-000,KRAKEN-001,T-53e6e11098ecb135-55454,MARKET,SELL,0.04708144,GTC,False,False,0.04708144,TAKER,52110.0,0.0,['9.81 USD'],NO_TRIGGER,FILLED,NO_CONTINGENCY,,,,,,,,edf22253-fa54-4388-8d16-f3f8c3564bfc,2024-02-19 08:45:00+00:00,2024-02-19 08:45:00+00:00
O-20240220-061000-BACKTEST-000-187,KRAKEN-BACKTEST,KrakenBTCUSDResearchStrategy-000,BTC/USD.KRAKEN,KRAKEN-1-187,BTC/USD.KRAKEN-KrakenBTCUSDResearchStrategy-000,KRAKEN-001,T-2f1f744c66845aea-56450,MARKET,BUY,0.04717495,GTC,False,False,0.04717495,TAKER,52023.07,0.0,['9.82 USD'],NO_TRIGGER,FILLED,NO_CONTINGENCY,,,,,,,,5a913e24-959a-4e43-b93d-f89793ab6050,2024-02-20 06:10:00+00:00,2024-02-20 06:10:00+00:00
O-20240220-073000-BACKTEST-000-188,KRAKEN-BACKTEST,KrakenBTCUSDResearchStrategy-000,BTC/USD.KRAKEN,KRAKEN-1-188,BTC/USD.KRAKEN-KrakenBTCUSDResearchStrategy-000,KRAKEN-001,T-0e27891a1fb9e603-56510,MARKET,SELL,0.04717495,GTC,False,False,0.04717495,TAKER,51932.79,0.0,['9.80 USD'],NO_TRIGGER,FILLED,NO_CONTINGENCY,,,,,,,,563e964d-2905-4516-817c-da897e165e38,2024-02-20 07:30:00+00:00,2024-02-20 07:30:00+00:00
O-20240220-103000-BACKTEST-000-189,KRAKEN-BACKTEST,KrakenBTCUSDResearchStrategy-000,BTC/USD.KRAKEN,KRAKEN-1-189,BTC/USD.KRAKEN-KrakenBTCUSDResearchStrategy-000,KRAKEN-001,T-5953bee147c01f44-56651,MARKET,BUY,0.04701630,GTC,False,False,0.04701630,TAKER,52046.24,0.0,['9.79 USD'],NO_TRIGGER,FILLED,NO_CONTINGENCY,,,,,,,,93b2417e-4e2e-47db-ba10-7005316e2537,2024-02-20 10:30:00+00:00,2024-02-20 10:30:00+00:00
O-20240220-142000-BACKTEST-000-190,KRAKEN-BACKTEST,KrakenBTCUSDResearchStrategy-000,BTC/USD.KRAKEN,KRAKEN-1-190,BTC/USD.KRAKEN-KrakenBTCUSDResearchStrategy-000,KRAKEN-001,T-dffb8f1e87d78bdb-56834,MARKET,SELL,0.04701630,GTC,False,False,0.04701630,TAKER,52058.049999999996,0.0,['9.79 USD'],NO_TRIGGER,FILLED,NO_CONTINGENCY,,,,,,,,7077601c-91c8-4184-afe4-c650a752562d,2024-02-20 14:20:00+00:00,2024-02-20 14:20:00+00:00
O-20240220-224000-BACKTEST-000-191,KRAKEN-BACKTEST,KrakenBTCUSDResearchStrategy-000,BTC/USD.KRAKEN,KRAKEN-1-191,BTC/USD.KRAKEN-KrakenBTCUSDResearchStrategy-000,KRAKEN-001,T-6c810aa685d90ae4-57227,MARKET,BUY,0.04671684,GTC,False,False,0.04671684,TAKER,52257.72,0.0,['9.77 USD'],NO_TRIGGER,FILLED,NO_CONTINGENCY,,,,,,,,f881e32c-5781-4c11-b859-4692b9312d59,2024-02-20 22:40:00+00:00,2024-02-20 22:40:00+00:00
O-20240221-014000-BACKTEST-000-192,KRAKEN-BACKTEST,KrakenBTCUSDResearchStrategy-000,BTC/USD.KRAKEN,KRAKEN-1-192,BTC/USD.KRAKEN-KrakenBTCUSDResearchStrategy-000,KRAKEN-001,T-43a86f1d18464dd9-57368,MARKET,SELL,0.04671684,GTC,False,False,0.04671684,TAKER,52084.899999999994,0.0,['9.73 USD'],NO_TRIGGER,FILLED,NO_CONTINGENCY,,,,,,,,49359bcf-9f42-44ec-9807-2af5b972b390,2024-02-21 01:40:00+00:00,2024-02-21 01:40:00+00:00
O-20240221-215500-BACKTEST-000-193,KRAKEN-BACKTEST,KrakenBTCUSDResearchStrategy-000,BTC/USD.KRAKEN,KRAKEN-1-193,BTC/USD.KRAKEN-KrakenBTCUSDResearchStrategy-000,KRAKEN-001,T-0496c2e4f25a4ce8-58322,MARKET,BUY,0.04734895,GTC,False,False,0.04734895,TAKER,51385.340000000004,0.0,['9.73 USD'],NO_TRIGGER,FILLED,NO_CONTINGENCY,,,,,,,,b2aae72d-d7ce-4676-ac5f-28591dbd4a7e,2024-02-21 21:55:00+00:00,2024-02-21 21:55:00+00:00
O-20240222-013000-BACKTEST-000-194,KRAKEN-BACKTEST,KrakenBTCUSDResearchStrategy-000,BTC/USD.KRAKEN,KRAKEN-1-194,BTC/USD.KRAKEN-KrakenBTCUSDResearchStrategy-000,KRAKEN-001,T-b830c18e1a10c036-58491,MARKET,SELL,0.04734895,GTC,False,False,0.04734895,TAKER,51382.22,0.0,['9.73 USD'],NO_TRIGGER,FILLED,NO_CONTINGENCY,,,,,,,,fc48ee2b-155f-4585-beb7-04e80cf98411,2024-02-22 01:30:00+00:00,2024-02-22 01:30:00+00:00
O-20240222-063000-BACKTEST-000-195,KRAKEN-BACKTEST,KrakenBTCUSDResearchStrategy-000,BTC/USD.KRAKEN,KRAKEN-1-195,BTC/USD.KRAKEN-KrakenBTCUSDResearchStrategy-000,KRAKEN-001,T-68ba080d62887027-58729,MARKET,BUY,0.04693971,GTC,False,False,0.04693971,TAKER,51708.009999999995,0.0,['9.71 USD'],NO_TRIGGER,FILLED,NO_CONTINGENCY,,,,,,,,ebe1763a-fa63-44bf-84b4-188d0cdf0363,2024-02-22 06:30:00+00:00,2024-02-22 06:30:00+00:00
O-20240222-104500-BACKTEST-000-196,KRAKEN-BACKTEST,KrakenBTCUSDResearchStrategy-000,BTC/USD.KRAKEN,KRAKEN-1-196,BTC/USD.KRAKEN-KrakenBTCUSDResearchStrategy-000,KRAKEN-001,T-561901a965e33257-58929,MARKET,SELL,0.04693971,GTC,False,False,0.04693971,TAKER,51683.85999999999,0.0,['9.70 USD'],NO_TRIGGER,FILLED,NO_CONTINGENCY,,,,,,,,619e65f7-2f2c-4e94-8205-ae039387d258,2024-02-22 10:45:00+00:00,2024-02-22 10:45:00+00:00
O-20240222-202500-BACKTEST-000-197,KRAKEN-BACKTEST,KrakenBTCUSDResearchStrategy-000,BTC/USD.KRAKEN,KRAKEN-1-197,BTC/USD.KRAKEN-KrakenBTCUSDResearchStrategy-000,KRAKEN-001,T-98b7e538643aa32c-59379,MARKET,BUY,0.04663369,GTC,False,False,0.04663369,TAKER,51915.19,0.0,['9.68 USD'],NO_TRIGGER,FILLED,NO_CONTINGENCY,,,,,,,,be1b8908-5d46-426c-a78c-4e7a3272b0c3,2024-02-22 20:25:00+00:00,2024-02-22 20:25:00+00:00
O-20240222-211500-BACKTEST-000-198,KRAKEN-BACKTEST,KrakenBTCUSDResearchStrategy-000,BTC/USD.KRAKEN,KRAKEN-1-198,BTC/USD.KRAKEN-KrakenBTCUSDResearchStrategy-000,KRAKEN-001,T-7a2b82076ee80b74-59417,MARKET,SELL,0.04663369,GTC,False,False,0.04663369,TAKER,51661.11,0.0,['9.64 USD'],NO_TRIGGER,FILLED,NO_CONTINGENCY,,,,,,,,4cc5bc0b-1ecf-4d4b-9507-fdd5815af03f,2024-02-22 21:15:00+00:00,2024-02-22 21:15:00+00:00
O-20240224-044000-BACKTEST-000-199,KRAKEN-BACKTEST,KrakenBTCUSDResearchStrategy-000,BTC/USD.KRAKEN,KRAKEN-1-199,BTC/USD.KRAKEN-KrakenBTCUSDResearchStrategy-000,KRAKEN-001,T-f59b5b49afb7b61b-60868,MARKET,BUY,0.04729407,GTC,False,False,0.04729407,TAKER,50992.56,0.0,['9.65 USD'],NO_TRIGGER,FILLED,NO_CONTINGENCY,,,,,,,,c1ff311a-1126-4acf-8073-683fa3892c08,2024-02-24 04:40:00+00:00,2024-02-24 04:40:00+00:00
O-20240225-003000-BACKTEST-000-200,KRAKEN-BACKTEST,KrakenBTCUSDResearchStrategy-000,BTC/USD.KRAKEN,KRAKEN-1-200,BTC/USD.KRAKEN-KrakenBTCUSDResearchStrategy-000,KRAKEN-001,T-1099cc8d35d36254-61766,MARKET,SELL,0.04729407,GTC,False,False,0.04729407,TAKER,51456.729999999996,0.0,['9.73 USD'],NO_TRIGGER,FILLED,NO_CONTINGENCY,,,,,,,,d7a334ab-fab3-40c4-8035-1365073031b6,2024-02-25 00:30:00+00:00,2024-02-25 00:30:00+00:00
O-20240225-015500-BACKTEST-000-201,KRAKEN-BACKTEST,KrakenBTCUSDResearchStrategy-000,BTC/USD.KRAKEN,KRAKEN-1-201,BTC/USD.KRAKEN-KrakenBTCUSDResearchStrategy-000,KRAKEN-001,T-af87a3bb565eeacc-61835,MARKET,BUY,0.04667627,GTC,False,False,0.04667627,TAKER,51684.009999999995,0.0,['9.65 USD'],NO_TRIGGER,FILLED,NO_CONTINGENCY,,,,,,,,8ba24b74-0165-4602-81b9-54bb7424b2fe,2024-02-25 01:55:00+00:00,2024-02-25 01:55:00+00:00
O-20240225-030500-BACKTEST-000-202,KRAKEN-BACKTEST,KrakenBTCUSDResearchStrategy-000,BTC/USD.KRAKEN,KRAKEN-1-202,BTC/USD.KRAKEN-KrakenBTCUSDResearchStrategy-000,KRAKEN-001,T-edd98db1037c03df-61889,MARKET,SELL,0.04667627,GTC,False,False,0.04667627,TAKER,51501.09,0.0,['9.62 USD'],NO_TRIGGER,FILLED,NO_CONTINGENCY,,,,,,,,91730215-4876-4947-ae3c-8b36b4d64a98,2024-02-25 03:05:00+00:00,2024-02-25 03:05:00+00:00
O-20240225-143500-BACKTEST-000-203,KRAKEN-BACKTEST,KrakenBTCUSDResearchStrategy-000,BTC/USD.KRAKEN,KRAKEN-1-203,BTC/USD.KRAKEN-KrakenBTCUSDResearchStrategy-000,KRAKEN-001,T-c1355aa2e25daf2e-62418,MARKET,BUY,0.04648249,GTC,False,False,0.04648249,TAKER,51719.990000000005,0.0,['9.62 USD'],NO_TRIGGER,FILLED,NO_CONTINGENCY,,,,,,,,ffa5b79a-0839-40ce-b53c-78d9a1b1fde7,2024-02-25 14:35:00+00:00,2024-02-25 14:35:00+00:00
O-20240225-153500-BACKTEST-000-204,KRAKEN-BACKTEST,KrakenBTCUSDResearchStrategy-000,BTC/USD.KRAKEN,KRAKEN-1-204,BTC/USD.KRAKEN-KrakenBTCUSDResearchStrategy-000,KRAKEN-001,T-8ca6662f5750b7ac-62465,MARKET,SELL,0.04648249,GTC,False,False,0.04648249,TAKER,51600.0,0.0,['9.59 USD'],NO_TRIGGER,FILLED,NO_CONTINGENCY,,,,,,,,676aa38c-4aa6-4fd9-9a7f-60956dffb788,2024-02-25 15:35:00+00:00,2024-02-25 15:35:00+00:00
O-20240225-200500-BACKTEST-000-205,KRAKEN-BACKTEST,KrakenBTCUSDResearchStrategy-000,BTC/USD.KRAKEN,KRAKEN-1-205,BTC/USD.KRAKEN-KrakenBTCUSDResearchStrategy-000,KRAKEN-001,T-673ca5185b7c7542-62674,MARKET,BUY,0.04624392,GTC,False,False,0.04624392,TAKER,51826.049999999996,0.0,['9.59 USD'],NO_TRIGGER,FILLED,NO_CONTINGENCY,,,,,,,,85a24faa-808a-45e6-8cd2-f86112baa910,2024-02-25 20:05:00+00:00,2024-02-25 20:05:00+00:00
O-20240225-211500-BACKTEST-000-206,KRAKEN-BACKTEST,KrakenBTCUSDResearchStrategy-000,BTC/USD.KRAKEN,KRAKEN-1-206,BTC/USD.KRAKEN-KrakenBTCUSDResearchStrategy-000,KRAKEN-001,T-bf15190f4f8e61ed-62730,MARKET,SELL,0.04624392,GTC,False,False,0.04624392,TAKER,51687.990000000005,0.0,['9.56 USD'],NO_TRIGGER,FILLED,NO_CONTINGENCY,,,,,,,,abc72826-ea03-43d7-a069-62b310bca1ec,2024-02-25 21:15:00+00:00,2024-02-25 21:15:00+00:00
O-20240226-143000-BACKTEST-000-207,KRAKEN-BACKTEST,KrakenBTCUSDResearchStrategy-000,BTC/USD.KRAKEN,KRAKEN-1-207,BTC/USD.KRAKEN-KrakenBTCUSDResearchStrategy-000,KRAKEN-001,T-4d3f135061a86d91-63515,MARKET,BUY,0.04641488,GTC,False,False,0.04641488,TAKER,51470.15,0.0,['9.56 USD'],NO_TRIGGER,FILLED,NO_CONTINGENCY,,,,,,,,a46f67dd-0a6d-4eb3-b41c-86b8a07a9bac,2024-02-26 14:30:00+00:00,2024-02-26 14:30:00+00:00
O-20240227-160500-BACKTEST-000-208,KRAKEN-BACKTEST,KrakenBTCUSDResearchStrategy-000,BTC/USD.KRAKEN,KRAKEN-1-208,BTC/USD.KRAKEN-KrakenBTCUSDResearchStrategy-000,KRAKEN-001,T-d899ca4512f75c0f-64725,MARKET,SELL,0.04641488,GTC,False,False,0.04641488,TAKER,56314.64,0.0,['10.46 USD'],NO_TRIGGER,FILLED,NO_CONTINGENCY,,,,,,,,53436f0e-d98d-4229-af25-8e86315957fe,2024-02-27 16:05:00+00:00,2024-02-27 16:05:00+00:00
O-20240227-195000-BACKTEST-000-209,KRAKEN-BACKTEST,KrakenBTCUSDResearchStrategy-000,BTC/USD.KRAKEN,KRAKEN-1-209,BTC/USD.KRAKEN-KrakenBTCUSDResearchStrategy-000,KRAKEN-001,T-dcb0c41b99a4b92d-64903,MARKET,BUY,0.04261240,GTC,False,False,0.04261240,TAKER,57505.16,0.0,['9.80 USD'],NO_TRIGGER,FILLED,NO_CONTINGENCY,,,,,,,,90a00838-e48e-4a1d-972b-fe1d158a3f7f,2024-02-27 19:50:00+00:00,2024-02-27 19:50:00+00:00
O-20240227-200000-BACKTEST-000-210,KRAKEN-BACKTEST,KrakenBTCUSDResearchStrategy-000,BTC/USD.KRAKEN,KRAKEN-1-210,BTC/USD.KRAKEN-KrakenBTCUSDResearchStrategy-000,KRAKEN-001,T-174e13a254127605-64912,MARKET,SELL,0.04261240,GTC,False,False,0.04261240,TAKER,57094.03,0.0,['9.73 USD'],NO_TRIGGER,FILLED,NO_CONTINGENCY,,,,,,,,f8541e42-a314-4b30-90a3-5812b6f6ea0d,2024-02-27 20:00:00+00:00,2024-02-27 20:00:00+00:00
O-20240228-044500-BACKTEST-000-211,KRAKEN-BACKTEST,KrakenBTCUSDResearchStrategy-000,BTC/USD.KRAKEN,KRAKEN-1-211,BTC/USD.KRAKEN-KrakenBTCUSDResearchStrategy-000,KRAKEN-001,T-594306fd484b28ed-65327,MARKET,BUY,0.04269767,GTC,False,False,0.04269767,TAKER,57129.990000000005,0.0,['9.76 USD'],NO_TRIGGER,FILLED,NO_CONTINGENCY,,,,,,,,022aad9c-f9d6-4998-98a3-ae5aebedc64e,2024-02-28 04:45:00+00:00,2024-02-28 04:45:00+00:00
O-20240228-181500-BACKTEST-000-212,KRAKEN-BACKTEST,KrakenBTCUSDResearchStrategy-000,BTC/USD.KRAKEN,KRAKEN-1-212,BTC/USD.KRAKEN-KrakenBTCUSDResearchStrategy-000,KRAKEN-001,T-dff328f0079c883a-65969,MARKET,SELL,0.04269767,GTC,False,False,0.04269767,TAKER,60190.009999999995,0.0,['10.28 USD'],NO_TRIGGER,FILLED,NO_CONTINGENCY,,,,,,,,28c11677-0e14-46f4-a108-036fc2213165,2024-02-28 18:15:00+00:00,2024-02-28 18:15:00+00:00
O-20240228-230000-BACKTEST-000-213,KRAKEN-BACKTEST,KrakenBTCUSDResearchStrategy-000,BTC/USD.KRAKEN,KRAKEN-1-213,BTC/USD.KRAKEN-KrakenBTCUSDResearchStrategy-000,KRAKEN-001,T-ac650d2ca494718c-66196,MARKET,BUY,0.04020027,GTC,False,False,0.04020027,TAKER,61504.579999999994,0.0,['9.89 USD'],NO_TRIGGER,FILLED,NO_CONTINGENCY,,,,,,,,25317f82-53f1-489e-b554-dd1d974dee20,2024-02-28 23:00:00+00:00,2024-02-28 23:00:00+00:00
O-20240229-011000-BACKTEST-000-214,KRAKEN-BACKTEST,KrakenBTCUSDResearchStrategy-000,BTC/USD.KRAKEN,KRAKEN-1-214,BTC/USD.KRAKEN-KrakenBTCUSDResearchStrategy-000,KRAKEN-001,T-0c1579224b335463-66300,MARKET,SELL,0.04020027,GTC,False,False,0.04020027,TAKER,61091.100000000006,0.0,['9.82 USD'],NO_TRIGGER,FILLED,NO_CONTINGENCY,,,,,,,,cec7ad1d-fe12-450a-b4b6-ecb955215355,2024-02-29 01:10:00+00:00,2024-02-29 01:10:00+00:00
O-20240229-044500-BACKTEST-000-215,KRAKEN-BACKTEST,KrakenBTCUSDResearchStrategy-000,BTC/USD.KRAKEN,KRAKEN-1-215,BTC/USD.KRAKEN-KrakenBTCUSDResearchStrategy-000,KRAKEN-001,T-65027ebc3a3eca17-66470,MARKET,BUY,0.03942289,GTC,False,False,0.03942289,TAKER,62440.93000000001,0.0,['9.85 USD'],NO_TRIGGER,FILLED,NO_CONTINGENCY,,,,,,,,4c82044c-2eff-4a67-b378-69058e9a8442,2024-02-29 04:45:00+00:00,2024-02-29 04:45:00+00:00
O-20240229-051000-BACKTEST-000-216,KRAKEN-BACKTEST,KrakenBTCUSDResearchStrategy-000,BTC/USD.KRAKEN,KRAKEN-1-216,BTC/USD.KRAKEN-KrakenBTCUSDResearchStrategy-000,KRAKEN-001,T-598e53137dac80f1-66490,MARKET,SELL,0.03942289,GTC,False,False,0.03942289,TAKER,62053.43,0.0,['9.79 USD'],NO_TRIGGER,FILLED,NO_CONTINGENCY,,,,,,,,c6a9e80e-0b79-43cc-88de-3a08cee83076,2024-02-29 05:10:00+00:00,2024-02-29 05:10:00+00:00
O-20240229-060000-BACKTEST-000-217,KRAKEN-BACKTEST,KrakenBTCUSDResearchStrategy-000,BTC/USD.KRAKEN,KRAKEN-1-217,BTC/USD.KRAKEN-KrakenBTCUSDResearchStrategy-000,KRAKEN-001,T-f02d15f9a01c9750-66531,MARKET,BUY,0.03898123,GTC,False,False,0.03898123,TAKER,62879.70999999999,0.0,['9.80 USD'],NO_TRIGGER,FILLED,NO_CONTINGENCY,,,,,,,,222c96d3-6dba-42e8-a0f5-adf7e300278f,2024-02-29 06:00:00+00:00,2024-02-29 06:00:00+00:00
O-20240229-092500-BACKTEST-000-218,KRAKEN-BACKTEST,KrakenBTCUSDResearchStrategy-000,BTC/USD.KRAKEN,KRAKEN-1-218,BTC/USD.KRAKEN-KrakenBTCUSDResearchStrategy-000,KRAKEN-001,T-5c21d87c02e7a680-66690,MARKET,SELL,0.03898123,GTC,False,False,0.03898123,TAKER,62414.22,0.0,['9.73 USD'],NO_TRIGGER,FILLED,NO_CONTINGENCY,,,,,,,,ea1c7607-efab-431e-90c6-97883ecdd59a,2024-02-29 09:25:00+00:00,2024-02-29 09:25:00+00:00
O-20240229-113500-BACKTEST-000-219,KRAKEN-BACKTEST,KrakenBTCUSDResearchStrategy-000,BTC/USD.KRAKEN,KRAKEN-1-219,BTC/USD.KRAKEN-KrakenBTCUSDResearchStrategy-000,KRAKEN-001,T-ec3571b9dbb7de45-66791,MARKET,BUY,0.03862389,GTC,False,False,0.03862389,TAKER,63168.8,0.0,['9.76 USD'],NO_TRIGGER,FILLED,NO_CONTINGENCY,,,,,,,,3e22596e-67d6-445b-9b70-10c169036cc7,2024-02-29 11:35:00+00:00,2024-02-29 11:35:00+00:00
O-20240229-120000-BACKTEST-000-220,KRAKEN-BACKTEST,KrakenBTCUSDResearchStrategy-000,BTC/USD.KRAKEN,KRAKEN-1-220,BTC/USD.KRAKEN-KrakenBTCUSDResearchStrategy-000,KRAKEN-001,T-109dd9f7b1921d3c-66812,MARKET,SELL,0.03862389,GTC,False,False,0.03862389,TAKER,62830.850000000006,0.0,['9.71 USD'],NO_TRIGGER,FILLED,NO_CONTINGENCY,,,,,,,,bf024b46-8e4c-48ae-bda6-09343f85ac3f,2024-02-29 12:00:00+00:00,2024-02-29 12:00:00+00:00
O-20240229-143000-BACKTEST-000-221,KRAKEN-BACKTEST,KrakenBTCUSDResearchStrategy-000,BTC/USD.KRAKEN,KRAKEN-1-221,BTC/USD.KRAKEN-KrakenBTCUSDResearchStrategy-000,KRAKEN-001,T-f6f13b9a6936d91c-66931,MARKET,BUY,0.03832722,GTC,False,False,0.03832722,TAKER,63403.21,0.0,['9.72 USD'],NO_TRIGGER,FILLED,NO_CONTINGENCY,,,,,,,,9f131480-fb7b-4605-a108-272035e6bc1b,2024-02-29 14:30:00+00:00,2024-02-29 14:30:00+00:00
O-20240229-145000-BACKTEST-000-222,KRAKEN-BACKTEST,KrakenBTCUSDResearchStrategy-000,BTC/USD.KRAKEN,KRAKEN-1-222,BTC/USD.KRAKEN-KrakenBTCUSDResearchStrategy-000,KRAKEN-001,T-50782769f7e7b0fd-66948,MARKET,SELL,0.03832722,GTC,False,False,0.03832722,TAKER,62778.54,0.0,['9.62 USD'],NO_TRIGGER,FILLED,NO_CONTINGENCY,,,,,,,,a32812be-e928-40eb-a811-23c10a75c1fd,2024-02-29 14:50:00+00:00,2024-02-29 14:50:00+00:00
O-20240301-061500-BACKTEST-000-223,KRAKEN-BACKTEST,KrakenBTCUSDResearchStrategy-000,BTC/USD.KRAKEN,KRAKEN-1-223,BTC/USD.KRAKEN-KrakenBTCUSDResearchStrategy-000,KRAKEN-001,T-9855fd543769ac8b-67682,MARKET,BUY,0.03914941,GTC,False,False,0.03914941,TAKER,61740.0,0.0,['9.67 USD'],NO_TRIGGER,FILLED,NO_CONTINGENCY,,,,,,,,3ffeb53f-dc58-4e6e-b6d6-ebc137584666,2024-03-01 06:15:00+00:00,2024-03-01 06:15:00+00:00
O-20240301-065000-BACKTEST-000-224,KRAKEN-BACKTEST,KrakenBTCUSDResearchStrategy-000,BTC/USD.KRAKEN,KRAKEN-1-224,BTC/USD.KRAKEN-KrakenBTCUSDResearchStrategy-000,KRAKEN-001,T-9a2ba254d57fd469-67711,MARKET,SELL,0.03914941,GTC,False,False,0.03914941,TAKER,61520.0,0.0,['9.63 USD'],NO_TRIGGER,FILLED,NO_CONTINGENCY,,,,,,,,ea930676-af06-4f4c-9366-734b11d424ff,2024-03-01 06:50:00+00:00,2024-03-01 06:50:00+00:00
O-20240301-081500-BACKTEST-000-225,KRAKEN-BACKTEST,KrakenBTCUSDResearchStrategy-000,BTC/USD.KRAKEN,KRAKEN-1-225,BTC/USD.KRAKEN-KrakenBTCUSDResearchStrategy-000,KRAKEN-001,T-e8e61418c3a14bdb-67780,MARKET,BUY,0.03896964,GTC,False,False,0.03896964,TAKER,61809.95,0.0,['9.63 USD'],NO_TRIGGER,FILLED,NO_CONTINGENCY,,,,,,,,58507672-9530-4ca1-b619-0012517deb90,2024-03-01 08:15:00+00:00,2024-03-01 08:15:00+00:00
O-20240301-143000-BACKTEST-000-226,KRAKEN-BACKTEST,KrakenBTCUSDResearchStrategy-000,BTC/USD.KRAKEN,KRAKEN-1-226,BTC/USD.KRAKEN-KrakenBTCUSDResearchStrategy-000,KRAKEN-001,T-b6f29e15a230e2eb-68077,MARKET,SELL,0.03896964,GTC,False,False,0.03896964,TAKER,61980.0,0.0,['9.66 USD'],NO_TRIGGER,FILLED,NO_CONTINGENCY,,,,,,,,276eb651-e23a-4ede-88c4-26f409617228,2024-03-01 14:30:00+00:00,2024-03-01 14:30:00+00:00
O-20240301-202500-BACKTEST-000-227,KRAKEN-BACKTEST,KrakenBTCUSDResearchStrategy-000,BTC/USD.KRAKEN,KRAKEN-1-227,BTC/USD.KRAKEN-KrakenBTCUSDResearchStrategy-000,KRAKEN-001,T-65dae5ffc58941e8-68361,MARKET,BUY,0.03847931,GTC,False,False,0.03847931,TAKER,62498.87,0.0,['9.62 USD'],NO_TRIGGER,FILLED,NO_CONTINGENCY,,,,,,,,101e7192-c297-423c-9292-3c541611bafa,2024-03-01 20:25:00+00:00,2024-03-01 20:25:00+00:00
O-20240302-001500-BACKTEST-000-228,KRAKEN-BACKTEST,KrakenBTCUSDResearchStrategy-000,BTC/USD.KRAKEN,KRAKEN-1-228,BTC/USD.KRAKEN-KrakenBTCUSDResearchStrategy-000,KRAKEN-001,T-afa051a339852357-68537,MARKET,SELL,0.03847931,GTC,False,False,0.03847931,TAKER,62262.57,0.0,['9.58 USD'],NO_TRIGGER,FILLED,NO_CONTINGENCY,,,,,,,,de236e57-7df6-4d83-844a-4b39dbc6797e,2024-03-02 00:15:00+00:00,2024-03-02 00:15:00+00:00
O-20240302-185500-BACKTEST-000-229,KRAKEN-BACKTEST,KrakenBTCUSDResearchStrategy-000,BTC/USD.KRAKEN,KRAKEN-1-229,BTC/USD.KRAKEN-KrakenBTCUSDResearchStrategy-000,KRAKEN-001,T-fac3fa89503db2a6-69407,MARKET,BUY,0.03863691,GTC,False,False,0.03863691,TAKER,62024.29000000001,0.0,['9.59 USD'],NO_TRIGGER,FILLED,NO_CONTINGENCY,,,,,,,,6d1e6ab4-7c8d-4914-b69b-50bafacc9362,2024-03-02 18:55:00+00:00,2024-03-02 18:55:00+00:00
O-20240302-201000-BACKTEST-000-230,KRAKEN-BACKTEST,KrakenBTCUSDResearchStrategy-000,BTC/USD.KRAKEN,KRAKEN-1-230,BTC/USD.KRAKEN-KrakenBTCUSDResearchStrategy-000,KRAKEN-001,T-140585d3e41fa1d9-69465,MARKET,SELL,0.03863691,GTC,False,False,0.03863691,TAKER,61821.11,0.0,['9.55 USD'],NO_TRIGGER,FILLED,NO_CONTINGENCY,,,,,,,,f9f76d42-c77b-4bb0-9161-ab6435702ccc,2024-03-02 20:10:00+00:00,2024-03-02 20:10:00+00:00
O-20240303-042000-BACKTEST-000-231,KRAKEN-BACKTEST,KrakenBTCUSDResearchStrategy-000,BTC/USD.KRAKEN,KRAKEN-1-231,BTC/USD.KRAKEN-KrakenBTCUSDResearchStrategy-000,KRAKEN-001,T-b98c1a28627a4d28-69838,MARKET,BUY,0.03848321,GTC,False,False,0.03848321,TAKER,62061.6,0.0,['9.55 USD'],NO_TRIGGER,FILLED,NO_CONTINGENCY,,,,,,,,cad9d7b6-f3df-4b2e-babb-ac899a3c5a9a,2024-03-03 04:20:00+00:00,2024-03-03 04:20:00+00:00
O-20240303-051000-BACKTEST-000-232,KRAKEN-BACKTEST,KrakenBTCUSDResearchStrategy-000,BTC/USD.KRAKEN,KRAKEN-1-232,BTC/USD.KRAKEN-KrakenBTCUSDResearchStrategy-000,KRAKEN-001,T-f2dd496e606e35a5-69877,MARKET,SELL,0.03848321,GTC,False,False,0.03848321,TAKER,61952.89,0.0,['9.54 USD'],NO_TRIGGER,FILLED,NO_CONTINGENCY,,,,,,,,52261fd4-4165-416b-aa17-9654a54ca56b,2024-03-03 05:10:00+00:00,2024-03-03 05:10:00+00:00
O-20240303-121000-BACKTEST-000-233,KRAKEN-BACKTEST,KrakenBTCUSDResearchStrategy-000,BTC/USD.KRAKEN,KRAKEN-1-233,BTC/USD.KRAKEN-KrakenBTCUSDResearchStrategy-000,KRAKEN-001,T-121863bfbe91fd6b-70198,MARKET,BUY,0.03825951,GTC,False,False,0.03825951,TAKER,62242.0,0.0,['9.53 USD'],NO_TRIGGER,FILLED,NO_CONTINGENCY,,,,,,,,98a9738b-5584-414c-a648-df8749c03398,2024-03-03 12:10:00+00:00,2024-03-03 12:10:00+00:00
O-20240304-004500-BACKTEST-000-234,KRAKEN-BACKTEST,KrakenBTCUSDResearchStrategy-000,BTC/USD.KRAKEN,KRAKEN-1-234,BTC/USD.KRAKEN-KrakenBTCUSDResearchStrategy-000,KRAKEN-001,T-7673588fbe158f02-70787,MARKET,SELL,0.03825951,GTC,False,False,0.03825951,TAKER,62404.920000000006,0.0,['9.55 USD'],NO_TRIGGER,FILLED,NO_CONTINGENCY,,,,,,,,c3b1cc68-a34b-4d84-9ba5-37e4b6712a1c,2024-03-04 00:45:00+00:00,2024-03-04 00:45:00+00:00
O-20240304-073500-BACKTEST-000-235,KRAKEN-BACKTEST,KrakenBTCUSDResearchStrategy-000,BTC/USD.KRAKEN,KRAKEN-1-235,BTC/USD.KRAKEN-KrakenBTCUSDResearchStrategy-000,KRAKEN-001,T-4f480f6f538948d5-71116,MARKET,BUY,0.03722836,GTC,False,False,0.03722836,TAKER,63862.439999999995,0.0,['9.51 USD'],NO_TRIGGER,FILLED,NO_CONTINGENCY,,,,,,,,063f5e5d-71d7-4fd0-ad33-69e50e78e269,2024-03-04 07:35:00+00:00,2024-03-04 07:35:00+00:00
O-20240305-031000-BACKTEST-000-236,KRAKEN-BACKTEST,KrakenBTCUSDResearchStrategy-000,BTC/USD.KRAKEN,KRAKEN-1-236,BTC/USD.KRAKEN-KrakenBTCUSDResearchStrategy-000,KRAKEN-001,T-21e273f6568a2d80-72051,MARKET,SELL,0.03722836,GTC,False,False,0.03722836,TAKER,67642.45000000001,0.0,['10.07 USD'],NO_TRIGGER,FILLED,NO_CONTINGENCY,,,,,,,,c6a1f6d2-1767-4e3e-b7c8-90bf1ccd9278,2024-03-05 03:10:00+00:00,2024-03-05 03:10:00+00:00
O-20240305-125500-BACKTEST-000-237,KRAKEN-BACKTEST,KrakenBTCUSDResearchStrategy-000,BTC/USD.KRAKEN,KRAKEN-1-237,BTC/USD.KRAKEN-KrakenBTCUSDResearchStrategy-000,KRAKEN-001,T-fa985e6fa33cf8f1-72513,MARKET,BUY,0.03585351,GTC,False,False,0.03585351,TAKER,67325.03,0.0,['9.66 USD'],NO_TRIGGER,FILLED,NO_CONTINGENCY,,,,,,,,62a547a0-6be4-4b11-b5d9-d7b62c932336,2024-03-05 12:55:00+00:00,2024-03-05 12:55:00+00:00
O-20240305-152500-BACKTEST-000-238,KRAKEN-BACKTEST,KrakenBTCUSDResearchStrategy-000,BTC/USD.KRAKEN,KRAKEN-1-238,BTC/USD.KRAKEN-KrakenBTCUSDResearchStrategy-000,KRAKEN-001,T-2a75573e2690fe11-72634,MARKET,SELL,0.03585351,GTC,False,False,0.03585351,TAKER,67170.01,0.0,['9.63 USD'],NO_TRIGGER,FILLED,NO_CONTINGENCY,,,,,,,,baa4b1d7-225e-4638-acce-3e8e6acff35f,2024-03-05 15:25:00+00:00,2024-03-05 15:25:00+00:00
O-20240306-050500-BACKTEST-000-239,KRAKEN-BACKTEST,KrakenBTCUSDResearchStrategy-000,BTC/USD.KRAKEN,KRAKEN-1-239,BTC/USD.KRAKEN-KrakenBTCUSDResearchStrategy-000,KRAKEN-001,T-3c78213377ec1bcf-73286,MARKET,BUY,0.03706844,GTC,False,False,0.03706844,TAKER,64917.31999999999,0.0,['9.63 USD'],NO_TRIGGER,FILLED,NO_CONTINGENCY,,,,,,,,5a91e3a4-3042-43dc-bddc-ae64c5faa84f,2024-03-06 05:05:00+00:00,2024-03-06 05:05:00+00:00
O-20240306-124000-BACKTEST-000-240,KRAKEN-BACKTEST,KrakenBTCUSDResearchStrategy-000,BTC/USD.KRAKEN,KRAKEN-1-240,BTC/USD.KRAKEN-KrakenBTCUSDResearchStrategy-000,KRAKEN-001,T-d65a90f0c668be81-73650,MARKET,SELL,0.03706844,GTC,False,False,0.03706844,TAKER,65980.0,0.0,['9.78 USD'],NO_TRIGGER,FILLED,NO_CONTINGENCY,,,,,,,,c5b53f37-d248-44cc-89a1-e27435988f09,2024-03-06 12:40:00+00:00,2024-03-06 12:40:00+00:00
O-20240306-175500-BACKTEST-000-241,KRAKEN-BACKTEST,KrakenBTCUSDResearchStrategy-000,BTC/USD.KRAKEN,KRAKEN-1-241,BTC/USD.KRAKEN-KrakenBTCUSDResearchStrategy-000,KRAKEN-001,T-e429fb101034d3ae-73903,MARKET,BUY,0.03583196,GTC,False,False,0.03583196,TAKER,67324.84,0.0,['9.65 USD'],NO_TRIGGER,FILLED,NO_CONTINGENCY,,,,,,,,9ff1415b-fd70-4320-bdea-4e140e2820d3,2024-03-06 17:55:00+00:00,2024-03-06 17:55:00+00:00
O-20240306-183000-BACKTEST-000-242,KRAKEN-BACKTEST,KrakenBTCUSDResearchStrategy-000,BTC/USD.KRAKEN,KRAKEN-1-242,BTC/USD.KRAKEN-KrakenBTCUSDResearchStrategy-000,KRAKEN-001,T-5f84beeb813251b1-73931,MARKET,SELL,0.03583196,GTC,False,False,0.03583196,TAKER,66783.15,0.0,['9.57 USD'],NO_TRIGGER,FILLED,NO_CONTINGENCY,,,,,,,,0b357e28-55d6-4d8b-a25c-9ad57847c269,2024-03-06 18:30:00+00:00,2024-03-06 18:30:00+00:00
O-20240307-080000-BACKTEST-000-243,KRAKEN-BACKTEST,KrakenBTCUSDResearchStrategy-000,BTC/USD.KRAKEN,KRAKEN-1-243,BTC/USD.KRAKEN-KrakenBTCUSDResearchStrategy-000,KRAKEN-001,T-cd4a01620fb6582f-74569,MARKET,BUY,0.03603353,GTC,False,False,0.03603353,TAKER,66626.61,0.0,['9.60 USD'],NO_TRIGGER,FILLED,NO_CONTINGENCY,,,,,,,,25bb818f-a250-47ca-aa53-6173886450d5,2024-03-07 08:00:00+00:00,2024-03-07 08:00:00+00:00
O-20240307-210500-BACKTEST-000-244,KRAKEN-BACKTEST,KrakenBTCUSDResearchStrategy-000,BTC/USD.KRAKEN,KRAKEN-1-244,BTC/USD.KRAKEN-KrakenBTCUSDResearchStrategy-000,KRAKEN-001,T-6f1f76784c9d1808-75190,MARKET,SELL,0.03603353,GTC,False,False,0.03603353,TAKER,67273.40000000001,0.0,['9.70 USD'],NO_TRIGGER,FILLED,NO_CONTINGENCY,,,,,,,,3519935b-ff49-415c-a34d-c03bf7ca2654,2024-03-07 21:05:00+00:00,2024-03-07 21:05:00+00:00
O-20240308-115000-BACKTEST-000-245,KRAKEN-BACKTEST,KrakenBTCUSDResearchStrategy-000,BTC/USD.KRAKEN,KRAKEN-1-245,BTC/USD.KRAKEN-KrakenBTCUSDResearchStrategy-000,KRAKEN-001,T-660352dc5af0b13d-75874,MARKET,BUY,0.03552826,GTC,False,False,0.03552826,TAKER,67608.0,0.0,['9.61 USD'],NO_TRIGGER,FILLED,NO_CONTINGENCY,,,,,,,,3db5ab7a-1b67-44a2-a75a-3e22ec6a074c,2024-03-08 11:50:00+00:00,2024-03-08 11:50:00+00:00
O-20240308-131500-BACKTEST-000-246,KRAKEN-BACKTEST,KrakenBTCUSDResearchStrategy-000,BTC/USD.KRAKEN,KRAKEN-1-246,BTC/USD.KRAKEN-KrakenBTCUSDResearchStrategy-000,KRAKEN-001,T-243c3bdd500641a4-75941,MARKET,SELL,0.03552826,GTC,False,False,0.03552826,TAKER,67367.8,0.0,['9.57 USD'],NO_TRIGGER,FILLED,NO_CONTINGENCY,,,,,,,,4cfd26b2-240c-4749-86d3-727e70b474df,2024-03-08 13:15:00+00:00,2024-03-08 13:15:00+00:00
O-20240308-143000-BACKTEST-000-247,KRAKEN-BACKTEST,KrakenBTCUSDResearchStrategy-000,BTC/USD.KRAKEN,KRAKEN-1-247,BTC/USD.KRAKEN-KrakenBTCUSDResearchStrategy-000,KRAKEN-001,T-cac4ead1a0e1b55d-76002,MARKET,BUY,0.03504351,GTC,False,False,0.03504351,TAKER,68306.0,0.0,['9.57 USD'],NO_TRIGGER,FILLED,NO_CONTINGENCY,,,,,,,,939307bf-fe3f-45a0-aec4-619dd0662c7f,2024-03-08 14:30:00+00:00,2024-03-08 14:30:00+00:00
O-20240308-155500-BACKTEST-000-248,KRAKEN-BACKTEST,KrakenBTCUSDResearchStrategy-000,BTC/USD.KRAKEN,KRAKEN-1-248,BTC/USD.KRAKEN-KrakenBTCUSDResearchStrategy-000,KRAKEN-001,T-f3447d731c8fd936-76071,MARKET,SELL,0.03504351,GTC,False,False,0.03504351,TAKER,67617.6,0.0,['9.48 USD'],NO_TRIGGER,FILLED,NO_CONTINGENCY,,,,,,,,c340caf1-2627-4ec5-b8ee-4b01042057d6,2024-03-08 15:55:00+00:00,2024-03-08 15:55:00+00:00
O-20240309-063500-BACKTEST-000-249,KRAKEN-BACKTEST,KrakenBTCUSDResearchStrategy-000,BTC/USD.KRAKEN,KRAKEN-1-249,BTC/USD.KRAKEN-KrakenBTCUSDResearchStrategy-000,KRAKEN-001,T-d84578ec63e13fc1-76758,MARKET,BUY,0.03481642,GTC,False,False,0.03481642,TAKER,68379.54,0.0,['9.52 USD'],NO_TRIGGER,FILLED,NO_CONTINGENCY,,,,,,,,76d10271-954d-4b49-acb7-eb862c938f42,2024-03-09 06:35:00+00:00,2024-03-09 06:35:00+00:00
O-20240309-090500-BACKTEST-000-250,KRAKEN-BACKTEST,KrakenBTCUSDResearchStrategy-000,BTC/USD.KRAKEN,KRAKEN-1-250,BTC/USD.KRAKEN-KrakenBTCUSDResearchStrategy-000,KRAKEN-001,T-e00ec8ec6aada2cd-76875,MARKET,SELL,0.03481642,GTC,False,False,0.03481642,TAKER,68246.19,0.0,['9.50 USD'],NO_TRIGGER,FILLED,NO_CONTINGENCY,,,,,,,,2eb6818d-6dcc-4fd1-9968-ce53855a3fd6,2024-03-09 09:05:00+00:00,2024-03-09 09:05:00+00:00
O-20240309-125500-BACKTEST-000-251,KRAKEN-BACKTEST,KrakenBTCUSDResearchStrategy-000,BTC/USD.KRAKEN,KRAKEN-1-251,BTC/USD.KRAKEN-KrakenBTCUSDResearchStrategy-000,KRAKEN-001,T-4a3ee591853b3351-77057,MARKET,BUY,0.03466413,GTC,False,False,0.03466413,TAKER,68475.18000000001,0.0,['9.49 USD'],NO_TRIGGER,FILLED,NO_CONTINGENCY,,,,,,,,2220ded9-5ed3-438d-acf3-efd15190f0d9,2024-03-09 12:55:00+00:00,2024-03-09 12:55:00+00:00
O-20240309-134500-BACKTEST-000-252,KRAKEN-BACKTEST,KrakenBTCUSDResearchStrategy-000,BTC/USD.KRAKEN,KRAKEN-1-252,BTC/USD.KRAKEN-KrakenBTCUSDResearchStrategy-000,KRAKEN-001,T-9b51ab19610eae2d-77097,MARKET,SELL,0.03466413,GTC,False,False,0.03466413,TAKER,68336.97,0.0,['9.48 USD'],NO_TRIGGER,FILLED,NO_CONTINGENCY,,,,,,,,0efb07aa-40fb-4882-b003-a972af3cf43f,2024-03-09 13:45:00+00:00,2024-03-09 13:45:00+00:00
O-20240309-203500-BACKTEST-000-253,KRAKEN-BACKTEST,KrakenBTCUSDResearchStrategy-000,BTC/USD.KRAKEN,KRAKEN-1-253,BTC/USD.KRAKEN-KrakenBTCUSDResearchStrategy-000,KRAKEN-001,T-b7382eb1ee162a3c-77415,MARKET,BUY,0.03462599,GTC,False,False,0.03462599,TAKER,68344.76000000001,0.0,['9.47 USD'],NO_TRIGGER,FILLED,NO_CONTINGENCY,,,,,,,,aa3c6131-5b7a-42c9-af63-8cc691fcb816,2024-03-09 20:35:00+00:00,2024-03-09 20:35:00+00:00
O-20240309-211500-BACKTEST-000-254,KRAKEN-BACKTEST,KrakenBTCUSDResearchStrategy-000,BTC/USD.KRAKEN,KRAKEN-1-254,BTC/USD.KRAKEN-KrakenBTCUSDResearchStrategy-000,KRAKEN-001,T-350e01dabc0f4cc9-77444,MARKET,SELL,0.03462599,GTC,False,False,0.03462599,TAKER,68258.05,0.0,['9.45 USD'],NO_TRIGGER,FILLED,NO_CONTINGENCY,,,,,,,,8dbba4da-26dd-4866-832d-2ddd56fbbf0c,2024-03-09 21:15:00+00:00,2024-03-09 21:15:00+00:00
O-20240309-231000-BACKTEST-000-255,KRAKEN-BACKTEST,KrakenBTCUSDResearchStrategy-000,BTC/USD.KRAKEN,KRAKEN-1-255,BTC/USD.KRAKEN-KrakenBTCUSDResearchStrategy-000,KRAKEN-001,T-356c2be66053fc19-77530,MARKET,BUY,0.03448516,GTC,False,False,0.03448516,TAKER,68433.15999999999,0.0,['9.44 USD'],NO_TRIGGER,FILLED,NO_CONTINGENCY,,,,,,,,63ff0b01-98bb-4421-915b-eb8ae237598b,2024-03-09 23:10:00+00:00,2024-03-09 23:10:00+00:00
O-20240309-232000-BACKTEST-000-256,KRAKEN-BACKTEST,KrakenBTCUSDResearchStrategy-000,BTC/USD.KRAKEN,KRAKEN-1-256,BTC/USD.KRAKEN-KrakenBTCUSDResearchStrategy-000,KRAKEN-001,T-4fa014c584edfc8c-77537,MARKET,SELL,0.03448516,GTC,False,False,0.03448516,TAKER,68354.73999999999,0.0,['9.43 USD'],NO_TRIGGER,FILLED,NO_CONTINGENCY,,,,,,,,b874ab83-64af-4816-8bac-fcb1893e8244,2024-03-09 23:20:00+00:00,2024-03-09 23:20:00+00:00
O-20240310-010000-BACKTEST-000-257,KRAKEN-BACKTEST,KrakenBTCUSDResearchStrategy-000,BTC/USD.KRAKEN,KRAKEN-1-257,BTC/USD.KRAKEN-KrakenBTCUSDResearchStrategy-000,KRAKEN-001,T-b4f362022540efc7-77617,MARKET,BUY,0.03430391,GTC,False,False,0.03430391,TAKER,68606.01,0.0,['9.41 USD'],NO_TRIGGER,FILLED,NO_CONTINGENCY,,,,,,,,a60bb75e-9b2b-4e59-bba5-0c5903bd34bf,2024-03-10 01:00:00+00:00,2024-03-10 01:00:00+00:00
O-20240310-134500-BACKTEST-000-258,KRAKEN-BACKTEST,KrakenBTCUSDResearchStrategy-000,BTC/USD.KRAKEN,KRAKEN-1-258,BTC/USD.KRAKEN-KrakenBTCUSDResearchStrategy-000,KRAKEN-001,T-467260ff539dde3b-78212,MARKET,SELL,0.03430391,GTC,False,False,0.03430391,TAKER,69501.06,0.0,['9.54 USD'],NO_TRIGGER,FILLED,NO_CONTINGENCY,,,,,,,,51ddf8ef-bcc3-46d1-9b40-eeb1a9bfb0f4,2024-03-10 13:45:00+00:00,2024-03-10 13:45:00+00:00
O-20240311-065500-BACKTEST-000-259,KRAKEN-BACKTEST,KrakenBTCUSDResearchStrategy-000,BTC/USD.KRAKEN,KRAKEN-1-259,BTC/USD.KRAKEN-KrakenBTCUSDResearchStrategy-000,KRAKEN-001,T-d7214a3f4cb2b4af-79018,MARKET,BUY,0.03400158,GTC,False,False,0.03400158,TAKER,69319.79,0.0,['9.43 USD'],NO_TRIGGER,FILLED,NO_CONTINGENCY,,,,,,,,b2115c9a-23f3-4af9-a14b-5532d7923199,2024-03-11 06:55:00+00:00,2024-03-11 06:55:00+00:00
O-20240311-194500-BACKTEST-000-260,KRAKEN-BACKTEST,KrakenBTCUSDResearchStrategy-000,BTC/USD.KRAKEN,KRAKEN-1-260,BTC/USD.KRAKEN-KrakenBTCUSDResearchStrategy-000,KRAKEN-001,T-94ab48a81f723c53-79627,MARKET,SELL,0.03400158,GTC,False,False,0.03400158,TAKER,71967.66,0.0,['9.79 USD'],NO_TRIGGER,FILLED,NO_CONTINGENCY,,,,,,,,ca3a11fa-d8dc-4aea-9309-8b34af26e63a,2024-03-11 19:45:00+00:00,2024-03-11 19:45:00+00:00
O-20240312-140000-BACKTEST-000-261,KRAKEN-BACKTEST,KrakenBTCUSDResearchStrategy-000,BTC/USD.KRAKEN,KRAKEN-1-261,BTC/USD.KRAKEN-KrakenBTCUSDResearchStrategy-000,KRAKEN-001,T-a3e4dd62bc2e55a3-80476,MARKET,BUY,0.03278661,GTC,False,False,0.03278661,TAKER,72536.49,0.0,['9.51 USD'],NO_TRIGGER,FILLED,NO_CONTINGENCY,,,,,,,,4c5bbe2b-7b1d-42cd-a45e-86b523f832af,2024-03-12 14:00:00+00:00,2024-03-12 14:00:00+00:00
O-20240312-141000-BACKTEST-000-262,KRAKEN-BACKTEST,KrakenBTCUSDResearchStrategy-000,BTC/USD.KRAKEN,KRAKEN-1-262,BTC/USD.KRAKEN-KrakenBTCUSDResearchStrategy-000,KRAKEN-001,T-691e92616ac31c98-80485,MARKET,SELL,0.03278661,GTC,False,False,0.03278661,TAKER,71765.92,0.0,['9.41 USD'],NO_TRIGGER,FILLED,NO_CONTINGENCY,,,,,,,,4422cc7d-10ba-43b0-bdb5-6c9bddae472e,2024-03-12 14:10:00+00:00,2024-03-12 14:10:00+00:00
O-20240313-000500-BACKTEST-000-263,KRAKEN-BACKTEST,KrakenBTCUSDResearchStrategy-000,BTC/USD.KRAKEN,KRAKEN-1-263,BTC/USD.KRAKEN-KrakenBTCUSDResearchStrategy-000,KRAKEN-001,T-2a777883048636d6-80953,MARKET,BUY,0.03302858,GTC,False,False,0.03302858,TAKER,71603.70999999999,0.0,['9.46 USD'],NO_TRIGGER,FILLED,NO_CONTINGENCY,,,,,,,,82b39a75-6d58-4dfb-b19e-b7c63b77a9a9,2024-03-13 00:05:00+00:00,2024-03-13 00:05:00+00:00
O-20240313-123000-BACKTEST-000-264,KRAKEN-BACKTEST,KrakenBTCUSDResearchStrategy-000,BTC/USD.KRAKEN,KRAKEN-1-264,BTC/USD.KRAKEN-KrakenBTCUSDResearchStrategy-000,KRAKEN-001,T-41b841291c619530-81532,MARKET,SELL,0.03302858,GTC,False,False,0.03302858,TAKER,72849.1,0.0,['9.62 USD'],NO_TRIGGER,FILLED,NO_CONTINGENCY,,,,,,,,a3b747f2-0192-4b8a-8f50-6d6c73fd020b,2024-03-13 12:30:00+00:00,2024-03-13 12:30:00+00:00
O-20240313-195500-BACKTEST-000-265,KRAKEN-BACKTEST,KrakenBTCUSDResearchStrategy-000,BTC/USD.KRAKEN,KRAKEN-1-265,BTC/USD.KRAKEN-KrakenBTCUSDResearchStrategy-000,KRAKEN-001,T-62aefe90be7641eb-81880,MARKET,BUY,0.03233276,GTC,False,False,0.03233276,TAKER,73349.24,0.0,['9.49 USD'],NO_TRIGGER,FILLED,NO_CONTINGENCY,,,,,,,,d67a4474-d1c1-443b-aa57-bd973410db73,2024-03-13 19:55:00+00:00,2024-03-13 19:55:00+00:00
O-20240313-203000-BACKTEST-000-266,KRAKEN-BACKTEST,KrakenBTCUSDResearchStrategy-000,BTC/USD.KRAKEN,KRAKEN-1-266,BTC/USD.KRAKEN-KrakenBTCUSDResearchStrategy-000,KRAKEN-001,T-f6367b60d222f4c2-81909,MARKET,SELL,0.03233276,GTC,False,False,0.03233276,TAKER,72941.81,0.0,['9.43 USD'],NO_TRIGGER,FILLED,NO_CONTINGENCY,,,,,,,,95c14690-3aa7-4d6b-9805-1bc94e25916c,2024-03-13 20:30:00+00:00,2024-03-13 20:30:00+00:00
O-20240314-032000-BACKTEST-000-267,KRAKEN-BACKTEST,KrakenBTCUSDResearchStrategy-000,BTC/USD.KRAKEN,KRAKEN-1-267,BTC/USD.KRAKEN-KrakenBTCUSDResearchStrategy-000,KRAKEN-001,T-783b701b5859ad58-82229,MARKET,BUY,0.03225472,GTC,False,False,0.03225472,TAKER,73228.25,0.0,['9.45 USD'],NO_TRIGGER,FILLED,NO_CONTINGENCY,,,,,,,,27ebc383-6bb5-4266-acb7-15688e799716,2024-03-14 03:20:00+00:00,2024-03-14 03:20:00+00:00
O-20240314-043500-BACKTEST-000-268,KRAKEN-BACKTEST,KrakenBTCUSDResearchStrategy-000,BTC/USD.KRAKEN,KRAKEN-1-268,BTC/USD.KRAKEN-KrakenBTCUSDResearchStrategy-000,KRAKEN-001,T-3e2cbf700dfb8d48-82287,MARKET,SELL,0.03225472,GTC,False,False,0.03225472,TAKER,73041.1,0.0,['9.42 USD'],NO_TRIGGER,FILLED,NO_CONTINGENCY,,,,,,,,5386e8ad-ed5d-4429-a24b-88edd3e34c97,2024-03-14 04:35:00+00:00,2024-03-14 04:35:00+00:00
O-20240314-231000-BACKTEST-000-269,KRAKEN-BACKTEST,KrakenBTCUSDResearchStrategy-000,BTC/USD.KRAKEN,KRAKEN-1-269,BTC/USD.KRAKEN-KrakenBTCUSDResearchStrategy-000,KRAKEN-001,T-3d74919e541e47d6-83171,MARKET,BUY,0.03283798,GTC,False,False,0.03283798,TAKER,71700.01,0.0,['9.42 USD'],NO_TRIGGER,FILLED,NO_CONTINGENCY,,,,,,,,7b8e1bbc-a1de-48a1-bebd-d15574d3dc8f,2024-03-14 23:10:00+00:00,2024-03-14 23:10:00+00:00
O-20240315-001000-BACKTEST-000-270,KRAKEN-BACKTEST,KrakenBTCUSDResearchStrategy-000,BTC/USD.KRAKEN,KRAKEN-1-270,BTC/USD.KRAKEN-KrakenBTCUSDResearchStrategy-000,KRAKEN-001,T-dca12ced051265d1-83218,MARKET,SELL,0.03283798,GTC,False,False,0.03283798,TAKER,71380.0,0.0,['9.38 USD'],NO_TRIGGER,FILLED,NO_CONTINGENCY,,,,,,,,4db2f4cf-1c93-4bf9-90d0-f6d5f9888688,2024-03-15 00:10:00+00:00,2024-03-15 00:10:00+00:00
O-20240315-002000-BACKTEST-000-271,KRAKEN-BACKTEST,KrakenBTCUSDResearchStrategy-000,BTC/USD.KRAKEN,KRAKEN-1-271,BTC/USD.KRAKEN-KrakenBTCUSDResearchStrategy-000,KRAKEN-001,T-3de9e4858fa810b7-83227,MARKET,BUY,0.03266310,GTC,False,False,0.03266310,TAKER,71814.8,0.0,['9.38 USD'],NO_TRIGGER,FILLED,NO_CONTINGENCY,,,,,,,,6686af20-8ea4-4c1e-a2c1-96a0da7d3b9a,2024-03-15 00:20:00+00:00,2024-03-15 00:20:00+00:00
O-20240315-021500-BACKTEST-000-272,KRAKEN-BACKTEST,KrakenBTCUSDResearchStrategy-000,BTC/USD.KRAKEN,KRAKEN-1-272,BTC/USD.KRAKEN-KrakenBTCUSDResearchStrategy-000,KRAKEN-001,T-31d2969a6fa3d360-83318,MARKET,SELL,0.03266310,GTC,False,False,0.03266310,TAKER,71437.13,0.0,['9.33 USD'],NO_TRIGGER,FILLED,NO_CONTINGENCY,,,,,,,,e78bf3d1-a00c-45f0-9a7b-b4111d734b1f,2024-03-15 02:15:00+00:00,2024-03-15 02:15:00+00:00
O-20240315-184000-BACKTEST-000-273,KRAKEN-BACKTEST,KrakenBTCUSDResearchStrategy-000,BTC/USD.KRAKEN,KRAKEN-1-273,BTC/USD.KRAKEN-KrakenBTCUSDResearchStrategy-000,KRAKEN-001,T-fd072e288ba87b6b-84099,MARKET,BUY,0.03373351,GTC,False,False,0.03373351,TAKER,69259.97,0.0,['9.35 USD'],NO_TRIGGER,FILLED,NO_CONTINGENCY,,,,,,,,56d30b30-aab9-4d98-9d91-49de18314c3b,2024-03-15 18:40:00+00:00,2024-03-15 18:40:00+00:00
O-20240315-200500-BACKTEST-000-274,KRAKEN-BACKTEST,KrakenBTCUSDResearchStrategy-000,BTC/USD.KRAKEN,KRAKEN-1-274,BTC/USD.KRAKEN-KrakenBTCUSDResearchStrategy-000,KRAKEN-001,T-4d7e1046bc6cbcda-84166,MARKET,SELL,0.03373351,GTC,False,False,0.03373351,TAKER,67767.62999999999,0.0,['9.14 USD'],NO_TRIGGER,FILLED,NO_CONTINGENCY,,,,,,,,78c435bd-31a5-4adc-87a6-b6c3e28a94f5,2024-03-15 20:05:00+00:00,2024-03-15 20:05:00+00:00
O-20240317-101500-BACKTEST-000-275,KRAKEN-BACKTEST,KrakenBTCUSDResearchStrategy-000,BTC/USD.KRAKEN,KRAKEN-1-275,BTC/USD.KRAKEN-KrakenBTCUSDResearchStrategy-000,KRAKEN-001,T-0e4f81809149dcc9-85968,MARKET,BUY,0.03454257,GTC,False,False,0.03454257,TAKER,67039.96,0.0,['9.26 USD'],NO_TRIGGER,FILLED,NO_CONTINGENCY,,,,,,,,a662db17-239f-447a-a702-7b5ef58ee4be,2024-03-17 10:15:00+00:00,2024-03-17 10:15:00+00:00
O-20240317-124500-BACKTEST-000-276,KRAKEN-BACKTEST,KrakenBTCUSDResearchStrategy-000,BTC/USD.KRAKEN,KRAKEN-1-276,BTC/USD.KRAKEN-KrakenBTCUSDResearchStrategy-000,KRAKEN-001,T-5401464c05d7eeec-86089,MARKET,SELL,0.03454257,GTC,False,False,0.03454257,TAKER,66673.73000000001,0.0,['9.21 USD'],NO_TRIGGER,FILLED,NO_CONTINGENCY,,,,,,,,b06edab1-3933-4833-8606-4250623cc9e4,2024-03-17 12:45:00+00:00,2024-03-17 12:45:00+00:00
O-20240317-145500-BACKTEST-000-277,KRAKEN-BACKTEST,KrakenBTCUSDResearchStrategy-000,BTC/USD.KRAKEN,KRAKEN-1-277,BTC/USD.KRAKEN-KrakenBTCUSDResearchStrategy-000,KRAKEN-001,T-356985bb3c823d7f-86192,MARKET,BUY,0.03411325,GTC,False,False,0.03411325,TAKER,67609.99,0.0,['9.23 USD'],NO_TRIGGER,FILLED,NO_CONTINGENCY,,,,,,,,3068e928-ed0e-499d-b891-f8b737890f10,2024-03-17 14:55:00+00:00,2024-03-17 14:55:00+00:00
O-20240318-000500-BACKTEST-000-278,KRAKEN-BACKTEST,KrakenBTCUSDResearchStrategy-000,BTC/USD.KRAKEN,KRAKEN-1-278,BTC/USD.KRAKEN-KrakenBTCUSDResearchStrategy-000,KRAKEN-001,T-d03c248aa377a876-86622,MARKET,SELL,0.03411325,GTC,False,False,0.03411325,TAKER,68071.57,0.0,['9.29 USD'],NO_TRIGGER,FILLED,NO_CONTINGENCY,,,,,,,,730e0cd9-924e-4d17-ab17-d58158f306a6,2024-03-18 00:05:00+00:00,2024-03-18 00:05:00+00:00
O-20240318-044500-BACKTEST-000-279,KRAKEN-BACKTEST,KrakenBTCUSDResearchStrategy-000,BTC/USD.KRAKEN,KRAKEN-1-279,BTC/USD.KRAKEN-KrakenBTCUSDResearchStrategy-000,KRAKEN-001,T-86a7cf7cc5377f6b-86844,MARKET,BUY,0.03367165,GTC,False,False,0.03367165,TAKER,68471.92,0.0,['9.22 USD'],NO_TRIGGER,FILLED,NO_CONTINGENCY,,,,,,,,3c99d09b-2af8-44d9-8be5-ff48ae5e37f6,2024-03-18 04:45:00+00:00,2024-03-18 04:45:00+00:00
O-20240318-072500-BACKTEST-000-280,KRAKEN-BACKTEST,KrakenBTCUSDResearchStrategy-000,BTC/USD.KRAKEN,KRAKEN-1-280,BTC/USD.KRAKEN-KrakenBTCUSDResearchStrategy-000,KRAKEN-001,T-14db270d7310f061-86970,MARKET,SELL,0.03367165,GTC,False,False,0.03367165,TAKER,68214.81999999999,0.0,['9.19 USD'],NO_TRIGGER,FILLED,NO_CONTINGENCY,,,,,,,,ed44bd5c-9c58-4dca-8b8c-ba1d6e6e2bff,2024-03-18 07:25:00+00:00,2024-03-18 07:25:00+00:00
O-20240318-125000-BACKTEST-000-281,KRAKEN-BACKTEST,KrakenBTCUSDResearchStrategy-000,BTC/USD.KRAKEN,KRAKEN-1-281,BTC/USD.KRAKEN-KrakenBTCUSDResearchStrategy-000,KRAKEN-001,T-375aeb7694177bc7-87230,MARKET,BUY,0.03349259,GTC,False,False,0.03349259,TAKER,68595.62,0.0,['9.19 USD'],NO_TRIGGER,FILLED,NO_CONTINGENCY,,,,,,,,03938430-6568-4c77-bad5-70122c6e7826,2024-03-18 12:50:00+00:00,2024-03-18 12:50:00+00:00
O-20240318-130000-BACKTEST-000-282,KRAKEN-BACKTEST,KrakenBTCUSDResearchStrategy-000,BTC/USD.KRAKEN,KRAKEN-1-282,BTC/USD.KRAKEN-KrakenBTCUSDResearchStrategy-000,KRAKEN-001,T-a1ffe30e6a6e7adb-87239,MARKET,SELL,0.03349259,GTC,False,False,0.03349259,TAKER,68279.37999999999,0.0,['9.15 USD'],NO_TRIGGER,FILLED,NO_CONTINGENCY,,,,,,,,feb05fb0-934a-4e24-af02-b7e679e9c37b,2024-03-18 13:00:00+00:00,2024-03-18 13:00:00+00:00
O-20240318-231500-BACKTEST-000-283,KRAKEN-BACKTEST,KrakenBTCUSDResearchStrategy-000,BTC/USD.KRAKEN,KRAKEN-1-283,BTC/USD.KRAKEN-KrakenBTCUSDResearchStrategy-000,KRAKEN-001,T-969c8a645685a778-87728,MARKET,BUY,0.03366634,GTC,False,False,0.03366634,TAKER,67983.8,0.0,['9.16 USD'],NO_TRIGGER,FILLED,NO_CONTINGENCY,,,,,,,,5d8f3cc0-a099-490c-8887-4188bdd82e56,2024-03-18 23:15:00+00:00,2024-03-18 23:15:00+00:00
O-20240318-235500-BACKTEST-000-284,KRAKEN-BACKTEST,KrakenBTCUSDResearchStrategy-000,BTC/USD.KRAKEN,KRAKEN-1-284,BTC/USD.KRAKEN-KrakenBTCUSDResearchStrategy-000,KRAKEN-001,T-52b2eaf10c52ffaf-87760,MARKET,SELL,0.03366634,GTC,False,False,0.03366634,TAKER,67609.99,0.0,['9.10 USD'],NO_TRIGGER,FILLED,NO_CONTINGENCY,,,,,,,,be78597f-355a-4c94-bdc4-73ab3c9c7ad2,2024-03-18 23:55:00+00:00,2024-03-18 23:55:00+00:00
O-20240319-164000-BACKTEST-000-285,KRAKEN-BACKTEST,KrakenBTCUSDResearchStrategy-000,BTC/USD.KRAKEN,KRAKEN-1-285,BTC/USD.KRAKEN-KrakenBTCUSDResearchStrategy-000,KRAKEN-001,T-e590f4e5c8795eb5-88556,MARKET,BUY,0.03069770,GTC,False,False,0.03069770,TAKER,64860.0,0.0,['7.96 USD'],NO_TRIGGER,FILLED,NO_CONTINGENCY,,,,,,,,6aa43986-1d5e-444e-a797-52fb3bd66ea8,2024-03-19 16:40:00+00:00,2024-03-19 16:40:00+00:00
O-20240319-200000-BACKTEST-000-286,KRAKEN-BACKTEST,KrakenBTCUSDResearchStrategy-000,BTC/USD.KRAKEN,KRAKEN-1-286,BTC/USD.KRAKEN-KrakenBTCUSDResearchStrategy-000,KRAKEN-001,T-b2bf2a78c2708d70-88716,MARKET,SELL,0.03069770,GTC,False,False,0.03069770,TAKER,63960.380000000005,0.0,['7.85 USD'],NO_TRIGGER,FILLED,NO_CONTINGENCY,,,,,,,,2370b9a1-9c68-49fc-a931-f6b5a52efb46,2024-03-19 20:00:00+00:00,2024-03-19 20:00:00+00:00
O-20240320-083000-BACKTEST-000-287,KRAKEN-BACKTEST,KrakenBTCUSDResearchStrategy-000,BTC/USD.KRAKEN,KRAKEN-1-287,BTC/USD.KRAKEN-KrakenBTCUSDResearchStrategy-000,KRAKEN-001,T-f42725db9d62e83d-89314,MARKET,BUY,0.03585012,GTC,False,False,0.03585012,TAKER,63221.11,0.0,['9.07 USD'],NO_TRIGGER,FILLED,NO_CONTINGENCY,,,,,,,,c9adedcf-aa0b-470e-b7d8-13966c36164c,2024-03-20 08:30:00+00:00,2024-03-20 08:30:00+00:00
O-20240320-162000-BACKTEST-000-288,KRAKEN-BACKTEST,KrakenBTCUSDResearchStrategy-000,BTC/USD.KRAKEN,KRAKEN-1-288,BTC/USD.KRAKEN-KrakenBTCUSDResearchStrategy-000,KRAKEN-001,T-3bc7d502322de6fd-89688,MARKET,SELL,0.03585012,GTC,False,False,0.03585012,TAKER,63161.090000000004,0.0,['9.06 USD'],NO_TRIGGER,FILLED,NO_CONTINGENCY,,,,,,,,03563425-3ad7-43eb-8070-2751c8943f43,2024-03-20 16:20:00+00:00,2024-03-20 16:20:00+00:00
O-20240320-181000-BACKTEST-000-289,KRAKEN-BACKTEST,KrakenBTCUSDResearchStrategy-000,BTC/USD.KRAKEN,KRAKEN-1-289,BTC/USD.KRAKEN-KrakenBTCUSDResearchStrategy-000,KRAKEN-001,T-ced409e98c085428-89777,MARKET,BUY,0.02175515,GTC,False,False,0.02175515,TAKER,64779.87999999999,0.0,['5.64 USD'],NO_TRIGGER,FILLED,NO_CONTINGENCY,,,,,,,,108b3673-2c27-430a-b85d-3bec2c37ab6a,2024-03-20 18:10:00+00:00,2024-03-20 18:10:00+00:00
O-20240321-034000-BACKTEST-000-290,KRAKEN-BACKTEST,KrakenBTCUSDResearchStrategy-000,BTC/USD.KRAKEN,KRAKEN-1-290,BTC/USD.KRAKEN-KrakenBTCUSDResearchStrategy-000,KRAKEN-001,T-77ea6b0a598a1017-90227,MARKET,SELL,0.02175515,GTC,False,False,0.02175515,TAKER,66969.06999999999,0.0,['5.83 USD'],NO_TRIGGER,FILLED,NO_CONTINGENCY,,,,,,,,a061e2f5-20e7-46b5-93a1-ca9f00a29cda,2024-03-21 03:40:00+00:00,2024-03-21 03:40:00+00:00
O-20240321-081500-BACKTEST-000-291,KRAKEN-BACKTEST,KrakenBTCUSDResearchStrategy-000,BTC/USD.KRAKEN,KRAKEN-1-291,BTC/USD.KRAKEN-KrakenBTCUSDResearchStrategy-000,KRAKEN-001,T-ee5ee4118bf00989-90442,MARKET,BUY,0.03357843,GTC,False,False,0.03357843,TAKER,67640.01,0.0,['9.09 USD'],NO_TRIGGER,FILLED,NO_CONTINGENCY,,,,,,,,17b22870-308b-42ac-94c2-6cd4ce7e7c01,2024-03-21 08:15:00+00:00,2024-03-21 08:15:00+00:00
O-20240321-082500-BACKTEST-000-292,KRAKEN-BACKTEST,KrakenBTCUSDResearchStrategy-000,BTC/USD.KRAKEN,KRAKEN-1-292,BTC/USD.KRAKEN-KrakenBTCUSDResearchStrategy-000,KRAKEN-001,T-cdca262b43a7998b-90451,MARKET,SELL,0.03357843,GTC,False,False,0.03357843,TAKER,67322.52,0.0,['9.04 USD'],NO_TRIGGER,FILLED,NO_CONTINGENCY,,,,,,,,830c6a3d-4931-45dc-9f98-91439a0c4b12,2024-03-21 08:25:00+00:00,2024-03-21 08:25:00+00:00
O-20240322-045000-BACKTEST-000-293,KRAKEN-BACKTEST,KrakenBTCUSDResearchStrategy-000,BTC/USD.KRAKEN,KRAKEN-1-293,BTC/USD.KRAKEN-KrakenBTCUSDResearchStrategy-000,KRAKEN-001,T-96d88a9d26569a94-91423,MARKET,BUY,0.03414745,GTC,False,False,0.03414745,TAKER,66259.87999999999,0.0,['9.05 USD'],NO_TRIGGER,FILLED,NO_CONTINGENCY,,,,,,,,bc8f8cc5-8021-4b99-87c2-47d38612d3dc,2024-03-22 04:50:00+00:00,2024-03-22 04:50:00+00:00
O-20240322-084000-BACKTEST-000-294,KRAKEN-BACKTEST,KrakenBTCUSDResearchStrategy-000,BTC/USD.KRAKEN,KRAKEN-1-294,BTC/USD.KRAKEN-KrakenBTCUSDResearchStrategy-000,KRAKEN-001,T-9e4957d0461b4a78-91606,MARKET,SELL,0.03414745,GTC,False,False,0.03414745,TAKER,65932.0,0.0,['9.01 USD'],NO_TRIGGER,FILLED,NO_CONTINGENCY,,,,,,,,af24736a-a577-40aa-80dc-f6308805fb12,2024-03-22 08:40:00+00:00,2024-03-22 08:40:00+00:00
O-20240323-012000-BACKTEST-000-295,KRAKEN-BACKTEST,KrakenBTCUSDResearchStrategy-000,BTC/USD.KRAKEN,KRAKEN-1-295,BTC/USD.KRAKEN-KrakenBTCUSDResearchStrategy-000,KRAKEN-001,T-ea8ad7b7322c2aab-92400,MARKET,BUY,0.03527190,GTC,False,False,0.03527190,TAKER,63898.68000000001,0.0,['9.02 USD'],NO_TRIGGER,FILLED,NO_CONTINGENCY,,,,,,,,ef33a24e-f908-4565-9351-e85f7740c474,2024-03-23 01:20:00+00:00,2024-03-23 01:20:00+00:00
O-20240323-030000-BACKTEST-000-296,KRAKEN-BACKTEST,KrakenBTCUSDResearchStrategy-000,BTC/USD.KRAKEN,KRAKEN-1-296,BTC/USD.KRAKEN-KrakenBTCUSDResearchStrategy-000,KRAKEN-001,T-ccf2f200971a09cd-92481,MARKET,SELL,0.03527190,GTC,False,False,0.03527190,TAKER,63647.98,0.0,['8.98 USD'],NO_TRIGGER,FILLED,NO_CONTINGENCY,,,,,,,,c65d194c-dbcb-4b46-a2b7-3c0564687448,2024-03-23 03:00:00+00:00,2024-03-23 03:00:00+00:00
O-20240323-070500-BACKTEST-000-297,KRAKEN-BACKTEST,KrakenBTCUSDResearchStrategy-000,BTC/USD.KRAKEN,KRAKEN-1-297,BTC/USD.KRAKEN-KrakenBTCUSDResearchStrategy-000,KRAKEN-001,T-bd8327a31f39ab01-92676,MARKET,BUY,0.03479772,GTC,False,False,0.03479772,TAKER,64538.009999999995,0.0,['8.98 USD'],NO_TRIGGER,FILLED,NO_CONTINGENCY,,,,,,,,c345a53b-3e24-4cbc-bfd6-dd55b09b8390,2024-03-23 07:05:00+00:00,2024-03-23 07:05:00+00:00
O-20240323-091000-BACKTEST-000-298,KRAKEN-BACKTEST,KrakenBTCUSDResearchStrategy-000,BTC/USD.KRAKEN,KRAKEN-1-298,BTC/USD.KRAKEN-KrakenBTCUSDResearchStrategy-000,KRAKEN-001,T-4acbf5ece7b9a326-92777,MARKET,SELL,0.03479772,GTC,False,False,0.03479772,TAKER,64200.0,0.0,['8.94 USD'],NO_TRIGGER,FILLED,NO_CONTINGENCY,,,,,,,,10385593-9af4-4fa3-b746-897c5bf2edeb,2024-03-23 09:10:00+00:00,2024-03-23 09:10:00+00:00
O-20240323-125000-BACKTEST-000-299,KRAKEN-BACKTEST,KrakenBTCUSDResearchStrategy-000,BTC/USD.KRAKEN,KRAKEN-1-299,BTC/USD.KRAKEN-KrakenBTCUSDResearchStrategy-000,KRAKEN-001,T-b887d5a86830e005-92953,MARKET,BUY,0.03449296,GTC,False,False,0.03449296,TAKER,64850.0,0.0,['8.95 USD'],NO_TRIGGER,FILLED,NO_CONTINGENCY,,,,,,,,f04ce9ca-d8f1-4d45-a7ba-038b473f13e9,2024-03-23 12:50:00+00:00,2024-03-23 12:50:00+00:00
O-20240323-130000-BACKTEST-000-300,KRAKEN-BACKTEST,KrakenBTCUSDResearchStrategy-000,BTC/USD.KRAKEN,KRAKEN-1-300,BTC/USD.KRAKEN-KrakenBTCUSDResearchStrategy-000,KRAKEN-001,T-6eda63530beddce9-92960,MARKET,SELL,0.03449296,GTC,False,False,0.03449296,TAKER,64623.020000000004,0.0,['8.92 USD'],NO_TRIGGER,FILLED,NO_CONTINGENCY,,,,,,,,2d33e624-0f4f-415d-84c1-f4ed695cf6af,2024-03-23 13:00:00+00:00,2024-03-23 13:00:00+00:00
O-20240323-143000-BACKTEST-000-301,KRAKEN-BACKTEST,KrakenBTCUSDResearchStrategy-000,BTC/USD.KRAKEN,KRAKEN-1-301,BTC/USD.KRAKEN-KrakenBTCUSDResearchStrategy-000,KRAKEN-001,T-b65613c95921d387-93031,MARKET,BUY,0.03414253,GTC,False,False,0.03414253,TAKER,65289.78999999999,0.0,['8.92 USD'],NO_TRIGGER,FILLED,NO_CONTINGENCY,,,,,,,,843cbd04-8ca1-4ee2-95a7-925f4358906c,2024-03-23 14:30:00+00:00,2024-03-23 14:30:00+00:00
O-20240323-151500-BACKTEST-000-302,KRAKEN-BACKTEST,KrakenBTCUSDResearchStrategy-000,BTC/USD.KRAKEN,KRAKEN-1-302,BTC/USD.KRAKEN-KrakenBTCUSDResearchStrategy-000,KRAKEN-001,T-9b37b62e817770f3-93066,MARKET,SELL,0.03414253,GTC,False,False,0.03414253,TAKER,64872.0,0.0,['8.86 USD'],NO_TRIGGER,FILLED,NO_CONTINGENCY,,,,,,,,07b6bd17-a1ec-4751-b908-6178a0356faf,2024-03-23 15:15:00+00:00,2024-03-23 15:15:00+00:00
O-20240323-163000-BACKTEST-000-303,KRAKEN-BACKTEST,KrakenBTCUSDResearchStrategy-000,BTC/USD.KRAKEN,KRAKEN-1-303,BTC/USD.KRAKEN-KrakenBTCUSDResearchStrategy-000,KRAKEN-001,T-b4b4fd1507a71ae5-93127,MARKET,BUY,0.03389527,GTC,False,False,0.03389527,TAKER,65482.4,0.0,['8.88 USD'],NO_TRIGGER,FILLED,NO_CONTINGENCY,,,,,,,,572b3092-5e90-4084-b99d-2e5412b35a23,2024-03-23 16:30:00+00:00,2024-03-23 16:30:00+00:00
O-20240323-192500-BACKTEST-000-304,KRAKEN-BACKTEST,KrakenBTCUSDResearchStrategy-000,BTC/USD.KRAKEN,KRAKEN-1-304,BTC/USD.KRAKEN-KrakenBTCUSDResearchStrategy-000,KRAKEN-001,T-67e6ea0ec75816e4-93264,MARKET,SELL,0.03389527,GTC,False,False,0.03389527,TAKER,65121.98,0.0,['8.83 USD'],NO_TRIGGER,FILLED,NO_CONTINGENCY,,,,,,,,4f207d1a-f57a-468d-96d7-acc239bd88f8,2024-03-23 19:25:00+00:00,2024-03-23 19:25:00+00:00
O-20240324-085000-BACKTEST-000-305,KRAKEN-BACKTEST,KrakenBTCUSDResearchStrategy-000,BTC/USD.KRAKEN,KRAKEN-1-305,BTC/USD.KRAKEN-KrakenBTCUSDResearchStrategy-000,KRAKEN-001,T-287f3fcce956de46-93894,MARKET,BUY,0.03397736,GTC,False,False,0.03397736,TAKER,65060.009999999995,0.0,['8.84 USD'],NO_TRIGGER,FILLED,NO_CONTINGENCY,,,,,,,,e511dd69-a255-4165-82b5-f11d286d607a,2024-03-24 08:50:00+00:00,2024-03-24 08:50:00+00:00
O-20240324-165000-BACKTEST-000-306,KRAKEN-BACKTEST,KrakenBTCUSDResearchStrategy-000,BTC/USD.KRAKEN,KRAKEN-1-306,BTC/USD.KRAKEN-KrakenBTCUSDResearchStrategy-000,KRAKEN-001,T-6eb8cc5d0e25f0ba-94273,MARKET,SELL,0.03397736,GTC,False,False,0.03397736,TAKER,65307.44,0.0,['8.88 USD'],NO_TRIGGER,FILLED,NO_CONTINGENCY,,,,,,,,6fcd0d21-b884-4e98-a670-486dc1b46274,2024-03-24 16:50:00+00:00,2024-03-24 16:50:00+00:00
O-20240324-183000-BACKTEST-000-307,KRAKEN-BACKTEST,KrakenBTCUSDResearchStrategy-000,BTC/USD.KRAKEN,KRAKEN-1-307,BTC/USD.KRAKEN-KrakenBTCUSDResearchStrategy-000,KRAKEN-001,T-81e6d940b6f0517a-94354,MARKET,BUY,0.03344494,GTC,False,False,0.03344494,TAKER,66012.13,0.0,['8.83 USD'],NO_TRIGGER,FILLED,NO_CONTINGENCY,,,,,,,,9b121409-b260-4da2-9d92-4405d529a5c4,2024-03-24 18:30:00+00:00,2024-03-24 18:30:00+00:00
O-20240325-074500-BACKTEST-000-308,KRAKEN-BACKTEST,KrakenBTCUSDResearchStrategy-000,BTC/USD.KRAKEN,KRAKEN-1-308,BTC/USD.KRAKEN-KrakenBTCUSDResearchStrategy-000,KRAKEN-001,T-e7d1dfe33fe5ba8b-94979,MARKET,SELL,0.03344494,GTC,False,False,0.03344494,TAKER,66829.95,0.0,['8.94 USD'],NO_TRIGGER,FILLED,NO_CONTINGENCY,,,,,,,,6df826b4-be7e-4565-9a80-a53e61339f3e,2024-03-25 07:45:00+00:00,2024-03-25 07:45:00+00:00
O-20240325-135000-BACKTEST-000-309,KRAKEN-BACKTEST,KrakenBTCUSDResearchStrategy-000,BTC/USD.KRAKEN,KRAKEN-1-309,BTC/USD.KRAKEN-KrakenBTCUSDResearchStrategy-000,KRAKEN-001,T-10be616c2481c3c2-95268,MARKET,BUY,0.03273933,GTC,False,False,0.03273933,TAKER,67522.62000000001,0.0,['8.84 USD'],NO_TRIGGER,FILLED,NO_CONTINGENCY,,,,,,,,cb030568-9ef6-4d5c-896f-719ba2f61cc5,2024-03-25 13:50:00+00:00,2024-03-25 13:50:00+00:00
O-20240325-212500-BACKTEST-000-310,KRAKEN-BACKTEST,KrakenBTCUSDResearchStrategy-000,BTC/USD.KRAKEN,KRAKEN-1-310,BTC/USD.KRAKEN-KrakenBTCUSDResearchStrategy-000,KRAKEN-001,T-0deae11ee2113a36-95632,MARKET,SELL,0.03273933,GTC,False,False,0.03273933,TAKER,69810.0,0.0,['9.14 USD'],NO_TRIGGER,FILLED,NO_CONTINGENCY,,,,,,,,ad07006f-925a-4c07-846d-2520bb2aa600,2024-03-25 21:25:00+00:00,2024-03-25 21:25:00+00:00
O-20240326-034000-BACKTEST-000-311,KRAKEN-BACKTEST,KrakenBTCUSDResearchStrategy-000,BTC/USD.KRAKEN,KRAKEN-1-311,BTC/USD.KRAKEN-KrakenBTCUSDResearchStrategy-000,KRAKEN-001,T-60d57d7c88aafc4a-95928,MARKET,BUY,0.03157659,GTC,False,False,0.03157659,TAKER,70549.59,0.0,['8.91 USD'],NO_TRIGGER,FILLED,NO_CONTINGENCY,,,,,,,,498e4d93-9503-4bc0-9887-b8ef19638e77,2024-03-26 03:40:00+00:00,2024-03-26 03:40:00+00:00
O-20240326-052500-BACKTEST-000-312,KRAKEN-BACKTEST,KrakenBTCUSDResearchStrategy-000,BTC/USD.KRAKEN,KRAKEN-1-312,BTC/USD.KRAKEN-KrakenBTCUSDResearchStrategy-000,KRAKEN-001,T-448ab568d0356358-96009,MARKET,SELL,0.03157659,GTC,False,False,0.03157659,TAKER,70356.56999999999,0.0,['8.89 USD'],NO_TRIGGER,FILLED,NO_CONTINGENCY,,,,,,,,25299a0d-7e7f-44c2-87f2-16ef6a3840bf,2024-03-26 05:25:00+00:00,2024-03-26 05:25:00+00:00
O-20240326-070000-BACKTEST-000-313,KRAKEN-BACKTEST,KrakenBTCUSDResearchStrategy-000,BTC/USD.KRAKEN,KRAKEN-1-313,BTC/USD.KRAKEN-KrakenBTCUSDResearchStrategy-000,KRAKEN-001,T-36abdc89eaf3fc44-96085,MARKET,BUY,0.03137108,GTC,False,False,0.03137108,TAKER,70783.20999999999,0.0,['8.88 USD'],NO_TRIGGER,FILLED,NO_CONTINGENCY,,,,,,,,b39c6467-31a3-4a91-9f7f-7c7ad4567851,2024-03-26 07:00:00+00:00,2024-03-26 07:00:00+00:00
O-20240326-113000-BACKTEST-000-314,KRAKEN-BACKTEST,KrakenBTCUSDResearchStrategy-000,BTC/USD.KRAKEN,KRAKEN-1-314,BTC/USD.KRAKEN-KrakenBTCUSDResearchStrategy-000,KRAKEN-001,T-7925f5b3515c5725-96297,MARKET,SELL,0.03137108,GTC,False,False,0.03137108,TAKER,70643.99,0.0,['8.86 USD'],NO_TRIGGER,FILLED,NO_CONTINGENCY,,,,,,,,1bed9a03-8a87-4263-9f29-4b38560e6b3e,2024-03-26 11:30:00+00:00,2024-03-26 11:30:00+00:00
O-20240327-003500-BACKTEST-000-315,KRAKEN-BACKTEST,KrakenBTCUSDResearchStrategy-000,BTC/USD.KRAKEN,KRAKEN-1-315,BTC/USD.KRAKEN-KrakenBTCUSDResearchStrategy-000,KRAKEN-001,T-632fdb61bc64b8a3-96910,MARKET,BUY,0.03143869,GTC,False,False,0.03143869,TAKER,70420.01,0.0,['8.86 USD'],NO_TRIGGER,FILLED,NO_CONTINGENCY,,,,,,,,c2eb9076-0c5e-416b-8409-d826221bfcc9,2024-03-27 00:35:00+00:00,2024-03-27 00:35:00+00:00
O-20240327-041500-BACKTEST-000-316,KRAKEN-BACKTEST,KrakenBTCUSDResearchStrategy-000,BTC/USD.KRAKEN,KRAKEN-1-316,BTC/USD.KRAKEN-KrakenBTCUSDResearchStrategy-000,KRAKEN-001,T-7a9aeac5dfe07aaf-97084,MARKET,SELL,0.03143869,GTC,False,False,0.03143869,TAKER,70272.38,0.0,['8.84 USD'],NO_TRIGGER,FILLED,NO_CONTINGENCY,,,,,,,,d511d8e3-4863-4a53-90ae-2b4b0d981f87,2024-03-27 04:15:00+00:00,2024-03-27 04:15:00+00:00
O-20240327-130000-BACKTEST-000-317,KRAKEN-BACKTEST,KrakenBTCUSDResearchStrategy-000,BTC/USD.KRAKEN,KRAKEN-1-317,BTC/USD.KRAKEN-KrakenBTCUSDResearchStrategy-000,KRAKEN-001,T-b5b1fd5e88dcde5d-97498,MARKET,BUY,0.03116067,GTC,False,False,0.03116067,TAKER,70833.22,0.0,['8.83 USD'],NO_TRIGGER,FILLED,NO_CONTINGENCY,,,,,,,,097646e9-7f6f-4558-a07a-bf147630956c,2024-03-27 13:00:00+00:00,2024-03-27 13:00:00+00:00
O-20240327-134500-BACKTEST-000-318,KRAKEN-BACKTEST,KrakenBTCUSDResearchStrategy-000,BTC/USD.KRAKEN,KRAKEN-1-318,BTC/USD.KRAKEN-KrakenBTCUSDResearchStrategy-000,KRAKEN-001,T-72d211e60dd9007e-97533,MARKET,SELL,0.03116067,GTC,False,False,0.03116067,TAKER,70268.48,0.0,['8.76 USD'],NO_TRIGGER,FILLED,NO_CONTINGENCY,,,,,,,,cf050070-870d-4c4b-9bc3-ace2fb6265a1,2024-03-27 13:45:00+00:00,2024-03-27 13:45:00+00:00
O-20240327-235000-BACKTEST-000-319,KRAKEN-BACKTEST,KrakenBTCUSDResearchStrategy-000,BTC/USD.KRAKEN,KRAKEN-1-319,BTC/USD.KRAKEN-KrakenBTCUSDResearchStrategy-000,KRAKEN-001,T-5ef5c95de4dacecf-98013,MARKET,BUY,0.03157927,GTC,False,False,0.03157927,TAKER,69559.99,0.0,['8.79 USD'],NO_TRIGGER,FILLED,NO_CONTINGENCY,,,,,,,,0829cbb1-4844-4d8e-9a87-582503223492,2024-03-27 23:50:00+00:00,2024-03-27 23:50:00+00:00
O-20240328-023000-BACKTEST-000-320,KRAKEN-BACKTEST,KrakenBTCUSDResearchStrategy-000,BTC/USD.KRAKEN,KRAKEN-1-320,BTC/USD.KRAKEN-KrakenBTCUSDResearchStrategy-000,KRAKEN-001,T-ae9b3bf887b885b4-98139,MARKET,SELL,0.03157927,GTC,False,False,0.03157927,TAKER,69081.01000000001,0.0,['8.73 USD'],NO_TRIGGER,FILLED,NO_CONTINGENCY,,,,,,,,d92002d4-57a8-4d41-9c0b-b550fb22ae42,2024-03-28 02:30:00+00:00,2024-03-28 02:30:00+00:00
O-20240328-052000-BACKTEST-000-321,KRAKEN-BACKTEST,KrakenBTCUSDResearchStrategy-000,BTC/USD.KRAKEN,KRAKEN-1-321,BTC/USD.KRAKEN-KrakenBTCUSDResearchStrategy-000,KRAKEN-001,T-72154d77f11845d7-98274,MARKET,BUY,0.03128557,GTC,False,False,0.03128557,TAKER,69900.0,0.0,['8.75 USD'],NO_TRIGGER,FILLED,NO_CONTINGENCY,,,,,,,,88c6f199-9f13-40ad-813f-af436f3d7bc1,2024-03-28 05:20:00+00:00,2024-03-28 05:20:00+00:00
O-20240328-053000-BACKTEST-000-322,KRAKEN-BACKTEST,KrakenBTCUSDResearchStrategy-000,BTC/USD.KRAKEN,KRAKEN-1-322,BTC/USD.KRAKEN-KrakenBTCUSDResearchStrategy-000,KRAKEN-001,T-98661c258913c2bf-98281,MARKET,SELL,0.03128557,GTC,False,False,0.03128557,TAKER,69631.61,0.0,['8.71 USD'],NO_TRIGGER,FILLED,NO_CONTINGENCY,,,,,,,,9f1c2297-c1c2-4725-a711-566a052fbc58,2024-03-28 05:30:00+00:00,2024-03-28 05:30:00+00:00
O-20240328-063000-BACKTEST-000-323,KRAKEN-BACKTEST,KrakenBTCUSDResearchStrategy-000,BTC/USD.KRAKEN,KRAKEN-1-323,BTC/USD.KRAKEN-KrakenBTCUSDResearchStrategy-000,KRAKEN-001,T-f082af09a1ac1f07-98329,MARKET,BUY,0.03108027,GTC,False,False,0.03108027,TAKER,70112.11,0.0,['8.72 USD'],NO_TRIGGER,FILLED,NO_CONTINGENCY,,,,,,,,41cb7665-9cfe-4c06-95fd-cd0619949508,2024-03-28 06:30:00+00:00,2024-03-28 06:30:00+00:00
O-20240328-161500-BACKTEST-000-324,KRAKEN-BACKTEST,KrakenBTCUSDResearchStrategy-000,BTC/USD.KRAKEN,KRAKEN-1-324,BTC/USD.KRAKEN-KrakenBTCUSDResearchStrategy-000,KRAKEN-001,T-5451a3946237026c-98790,MARKET,SELL,0.03108027,GTC,False,False,0.03108027,TAKER,70634.78,0.0,['8.78 USD'],NO_TRIGGER,FILLED,NO_CONTINGENCY,,,,,,,,021d4e63-f683-4e90-99fe-d878c4f8e0bd,2024-03-28 16:15:00+00:00,2024-03-28 16:15:00+00:00
O-20240328-231000-BACKTEST-000-325,KRAKEN-BACKTEST,KrakenBTCUSDResearchStrategy-000,BTC/USD.KRAKEN,KRAKEN-1-325,BTC/USD.KRAKEN-KrakenBTCUSDResearchStrategy-000,KRAKEN-001,T-a1e45f3de4a26b0b-99108,MARKET,BUY,0.03066361,GTC,False,False,0.03066361,TAKER,71052.59,0.0,['8.71 USD'],NO_TRIGGER,FILLED,NO_CONTINGENCY,,,,,,,,aa342ee4-c435-44ba-8967-aa3d6feda35a,2024-03-28 23:10:00+00:00,2024-03-28 23:10:00+00:00
O-20240328-233500-BACKTEST-000-326,KRAKEN-BACKTEST,KrakenBTCUSDResearchStrategy-000,BTC/USD.KRAKEN,KRAKEN-1-326,BTC/USD.KRAKEN-KrakenBTCUSDResearchStrategy-000,KRAKEN-001,T-5032b1d41ba90d88-99127,MARKET,SELL,0.03066361,GTC,False,False,0.03066361,TAKER,70804.71,0.0,['8.68 USD'],NO_TRIGGER,FILLED,NO_CONTINGENCY,,,,,,,,bfae483c-6024-4fcf-8c9d-281c1fb1f680,2024-03-28 23:35:00+00:00,2024-03-28 23:35:00+00:00
O-20240329-133500-BACKTEST-000-327,KRAKEN-BACKTEST,KrakenBTCUSDResearchStrategy-000,BTC/USD.KRAKEN,KRAKEN-1-327,BTC/USD.KRAKEN-KrakenBTCUSDResearchStrategy-000,KRAKEN-001,T-b963e4bde2b032fe-99779,MARKET,BUY,0.03078635,GTC,False,False,0.03078635,TAKER,70525.79,0.0,['8.68 USD'],NO_TRIGGER,FILLED,NO_CONTINGENCY,,,,,,,,26241325-08a7-43b8-a8bb-4043ad1f7526,2024-03-29 13:35:00+00:00,2024-03-29 13:35:00+00:00
O-20240329-145000-BACKTEST-000-328,KRAKEN-BACKTEST,KrakenBTCUSDResearchStrategy-000,BTC/USD.KRAKEN,KRAKEN-1-328,BTC/USD.KRAKEN-KrakenBTCUSDResearchStrategy-000,KRAKEN-001,T-c595b8465e4abc01-99838,MARKET,SELL,0.03078635,GTC,False,False,0.03078635,TAKER,70262.01,0.0,['8.65 USD'],NO_TRIGGER,FILLED,NO_CONTINGENCY,,,,,,,,459583ed-7dfc-4e59-b4f4-d0dc697293bd,2024-03-29 14:50:00+00:00,2024-03-29 14:50:00+00:00
O-20240330-005500-BACKTEST-000-329,KRAKEN-BACKTEST,KrakenBTCUSDResearchStrategy-000,BTC/USD.KRAKEN,KRAKEN-1-329,BTC/USD.KRAKEN-KrakenBTCUSDResearchStrategy-000,KRAKEN-001,T-2bb8ae7da24044eb-100313,MARKET,BUY,0.03093818,GTC,False,False,0.03093818,TAKER,69932.9,0.0,['8.65 USD'],NO_TRIGGER,FILLED,NO_CONTINGENCY,,,,,,,,09c45a7d-83bd-43df-9eb9-4cee4ad48604,2024-03-30 00:55:00+00:00,2024-03-30 00:55:00+00:00
O-20240330-034500-BACKTEST-000-330,KRAKEN-BACKTEST,KrakenBTCUSDResearchStrategy-000,BTC/USD.KRAKEN,KRAKEN-1-330,BTC/USD.KRAKEN-KrakenBTCUSDResearchStrategy-000,KRAKEN-001,T-1561f4e67ed38d40-100445,MARKET,SELL,0.03093818,GTC,False,False,0.03093818,TAKER,69811.99,0.0,['8.64 USD'],NO_TRIGGER,FILLED,NO_CONTINGENCY,,,,,,,,dbe07a01-7f20-4c80-a393-b020e489da89,2024-03-30 03:45:00+00:00,2024-03-30 03:45:00+00:00
O-20240330-050000-BACKTEST-000-331,KRAKEN-BACKTEST,KrakenBTCUSDResearchStrategy-000,BTC/USD.KRAKEN,KRAKEN-1-331,BTC/USD.KRAKEN-KrakenBTCUSDResearchStrategy-000,KRAKEN-001,T-a9bb1f02ab4de8f8-100505,MARKET,BUY,0.03071047,GTC,False,False,0.03071047,TAKER,70245.99,0.0,['8.63 USD'],NO_TRIGGER,FILLED,NO_CONTINGENCY,,,,,,,,7e3f2d2b-01ae-4096-863b-2acdd3c9ad2f,2024-03-30 05:00:00+00:00,2024-03-30 05:00:00+00:00
O-20240330-051000-BACKTEST-000-332,KRAKEN-BACKTEST,KrakenBTCUSDResearchStrategy-000,BTC/USD.KRAKEN,KRAKEN-1-332,BTC/USD.KRAKEN-KrakenBTCUSDResearchStrategy-000,KRAKEN-001,T-7a6a63c65519ae08-100512,MARKET,SELL,0.03071047,GTC,False,False,0.03071047,TAKER,70095.91,0.0,['8.61 USD'],NO_TRIGGER,FILLED,NO_CONTINGENCY,,,,,,,,33ad75a4-9064-4644-9dd5-4cfb1bec9b0c,2024-03-30 05:10:00+00:00,2024-03-30 05:10:00+00:00
O-20240330-115500-BACKTEST-000-333,KRAKEN-BACKTEST,KrakenBTCUSDResearchStrategy-000,BTC/USD.KRAKEN,KRAKEN-1-333,BTC/USD.KRAKEN-KrakenBTCUSDResearchStrategy-000,KRAKEN-001,T-adf44deea80b3dbe-100821,MARKET,BUY,0.03064440,GTC,False,False,0.03064440,TAKER,70183.54999999999,0.0,['8.60 USD'],NO_TRIGGER,FILLED,NO_CONTINGENCY,,,,,,,,975ee437-6f06-4f3c-a147-632f02358bc8,2024-03-30 11:55:00+00:00,2024-03-30 11:55:00+00:00
O-20240330-143500-BACKTEST-000-334,KRAKEN-BACKTEST,KrakenBTCUSDResearchStrategy-000,BTC/USD.KRAKEN,KRAKEN-1-334,BTC/USD.KRAKEN-KrakenBTCUSDResearchStrategy-000,KRAKEN-001,T-61eb79fbf3771692-100941,MARKET,SELL,0.03064440,GTC,False,False,0.03064440,TAKER,70090.0,0.0,['8.59 USD'],NO_TRIGGER,FILLED,NO_CONTINGENCY,,,,,,,,5a039495-5027-4773-8a15-402f78f6d121,2024-03-30 14:35:00+00:00,2024-03-30 14:35:00+00:00
O-20240331-021000-BACKTEST-000-335,KRAKEN-BACKTEST,KrakenBTCUSDResearchStrategy-000,BTC/USD.KRAKEN,KRAKEN-1-335,BTC/USD.KRAKEN-KrakenBTCUSDResearchStrategy-000,KRAKEN-001,T-73545a1eb001acd5-101477,MARKET,BUY,0.03058927,GTC,False,False,0.03058927,TAKER,70113.39,0.0,['8.58 USD'],NO_TRIGGER,FILLED,NO_CONTINGENCY,,,,,,,,c28e9796-50c8-4cb0-9f7a-73f65e9dfb4a,2024-03-31 02:10:00+00:00,2024-03-31 02:10:00+00:00
O-20240331-024500-BACKTEST-000-336,KRAKEN-BACKTEST,KrakenBTCUSDResearchStrategy-000,BTC/USD.KRAKEN,KRAKEN-1-336,BTC/USD.KRAKEN-KrakenBTCUSDResearchStrategy-000,KRAKEN-001,T-7f9ea374c31fcfc7-101503,MARKET,SELL,0.03058927,GTC,False,False,0.03058927,TAKER,69964.55,0.0,['8.56 USD'],NO_TRIGGER,FILLED,NO_CONTINGENCY,,,,,,,,5090661a-ffc8-4039-82a3-a964975576d0,2024-03-31 02:45:00+00:00,2024-03-31 02:45:00+00:00
O-20240331-051000-BACKTEST-000-337,KRAKEN-BACKTEST,KrakenBTCUSDResearchStrategy-000,BTC/USD.KRAKEN,KRAKEN-1-337,BTC/USD.KRAKEN-KrakenBTCUSDResearchStrategy-000,KRAKEN-001,T-31bd10537e89a6ed-101616,MARKET,BUY,0.03044619,GTC,False,False,0.03044619,TAKER,70229.06,0.0,['8.55 USD'],NO_TRIGGER,FILLED,NO_CONTINGENCY,,,,,,,,54016975-143a-4d30-98d2-9254ad119daa,2024-03-31 05:10:00+00:00,2024-03-31 05:10:00+00:00
O-20240331-152000-BACKTEST-000-338,KRAKEN-BACKTEST,KrakenBTCUSDResearchStrategy-000,BTC/USD.KRAKEN,KRAKEN-1-338,BTC/USD.KRAKEN-KrakenBTCUSDResearchStrategy-000,KRAKEN-001,T-159367dfc50bcbd8-102079,MARKET,SELL,0.03044619,GTC,False,False,0.03044619,TAKER,70363.92,0.0,['8.57 USD'],NO_TRIGGER,FILLED,NO_CONTINGENCY,,,,,,,,d5d95d9c-189e-4344-9ccb-24a23f8445ab,2024-03-31 15:20:00+00:00,2024-03-31 15:20:00+00:00
O-20240331-183500-BACKTEST-000-339,KRAKEN-BACKTEST,KrakenBTCUSDResearchStrategy-000,BTC/USD.KRAKEN,KRAKEN-1-339,BTC/USD.KRAKEN-KrakenBTCUSDResearchStrategy-000,KRAKEN-001,T-5aa6f3c9b788bc17-102228,MARKET,BUY,0.03007372,GTC,False,False,0.03007372,TAKER,70969.0,0.0,['8.54 USD'],NO_TRIGGER,FILLED,NO_CONTINGENCY,,,,,,,,64dca24d-7718-4de2-9426-2b8491199b16,2024-03-31 18:35:00+00:00,2024-03-31 18:35:00+00:00
O-20240331-190000-BACKTEST-000-340,KRAKEN-BACKTEST,KrakenBTCUSDResearchStrategy-000,BTC/USD.KRAKEN,KRAKEN-1-340,BTC/USD.KRAKEN-KrakenBTCUSDResearchStrategy-000,KRAKEN-001,T-acaa685ebf4bb459-102248,MARKET,SELL,0.03007372,GTC,False,False,0.03007372,TAKER,70692.0,0.0,['8.50 USD'],NO_TRIGGER,FILLED,NO_CONTINGENCY,,,,,,,,a48f4961-67fb-4f89-92bf-0113c86b403e,2024-03-31 19:00:00+00:00,2024-03-31 19:00:00+00:00
O-20240331-233000-BACKTEST-000-341,KRAKEN-BACKTEST,KrakenBTCUSDResearchStrategy-000,BTC/USD.KRAKEN,KRAKEN-1-341,BTC/USD.KRAKEN-KrakenBTCUSDResearchStrategy-000,KRAKEN-001,T-2ecfa153fe858947-102456,MARKET,BUY,0.02984099,GTC,False,False,0.02984099,TAKER,71267.43000000001,0.0,['8.51 USD'],NO_TRIGGER,FILLED,NO_CONTINGENCY,,,,,,,,e9d2d6f7-d8f1-4de8-b784-d08c4a716105,2024-03-31 23:30:00+00:00,2024-03-31 23:30:00+00:00
O-20240401-002500-BACKTEST-000-342,KRAKEN-BACKTEST,KrakenBTCUSDResearchStrategy-000,BTC/USD.KRAKEN,KRAKEN-1-342,BTC/USD.KRAKEN-KrakenBTCUSDResearchStrategy-000,KRAKEN-001,T-8d2a9db7b812af3e-102498,MARKET,SELL,0.02984099,GTC,False,False,0.02984099,TAKER,71078.0,0.0,['8.48 USD'],NO_TRIGGER,FILLED,NO_CONTINGENCY,,,,,,,,de7b7e74-cd2c-49ef-82a6-dc1f5f63f5ca,2024-04-01 00:25:00+00:00,2024-04-01 00:25:00+00:00
O-20240401-195500-BACKTEST-000-343,KRAKEN-BACKTEST,KrakenBTCUSDResearchStrategy-000,BTC/USD.KRAKEN,KRAKEN-1-343,BTC/USD.KRAKEN-KrakenBTCUSDResearchStrategy-000,KRAKEN-001,T-2d4a3bfc5f86464f-103402,MARKET,BUY,0.03043732,GTC,False,False,0.03043732,TAKER,69648.01,0.0,['8.48 USD'],NO_TRIGGER,FILLED,NO_CONTINGENCY,,,,,,,,d50bc480-2e1a-4bcc-b1fe-56c5a06d6049,2024-04-01 19:55:00+00:00,2024-04-01 19:55:00+00:00
O-20240402-001500-BACKTEST-000-344,KRAKEN-BACKTEST,KrakenBTCUSDResearchStrategy-000,BTC/USD.KRAKEN,KRAKEN-1-344,BTC/USD.KRAKEN-KrakenBTCUSDResearchStrategy-000,KRAKEN-001,T-3cf07ca71cb151f7-103604,MARKET,SELL,0.03043732,GTC,False,False,0.03043732,TAKER,69380.0,0.0,['8.45 USD'],NO_TRIGGER,FILLED,NO_CONTINGENCY,,,,,,,,499e186e-1676-4b67-bcae-5547830fb8a6,2024-04-02 00:15:00+00:00,2024-04-02 00:15:00+00:00
O-20240402-194000-BACKTEST-000-345,KRAKEN-BACKTEST,KrakenBTCUSDResearchStrategy-000,BTC/USD.KRAKEN,KRAKEN-1-345,BTC/USD.KRAKEN-KrakenBTCUSDResearchStrategy-000,KRAKEN-001,T-e50ebde287474f39-104528,MARKET,BUY,0.03192560,GTC,False,False,0.03192560,TAKER,66165.44,0.0,['8.45 USD'],NO_TRIGGER,FILLED,NO_CONTINGENCY,,,,,,,,8c6f74ba-6bea-4d9f-9d10-d3b05c3c8f68,2024-04-02 19:40:00+00:00,2024-04-02 19:40:00+00:00
O-20240402-203500-BACKTEST-000-346,KRAKEN-BACKTEST,KrakenBTCUSDResearchStrategy-000,BTC/USD.KRAKEN,KRAKEN-1-346,BTC/USD.KRAKEN-KrakenBTCUSDResearchStrategy-000,KRAKEN-001,T-411d5c1a0caf2a3f-104572,MARKET,SELL,0.03192560,GTC,False,False,0.03192560,TAKER,65859.75,0.0,['8.41 USD'],NO_TRIGGER,FILLED,NO_CONTINGENCY,,,,,,,,8776115c-29bc-433c-aa18-6b762f682d4a,2024-04-02 20:35:00+00:00,2024-04-02 20:35:00+00:00
O-20240403-034500-BACKTEST-000-347,KRAKEN-BACKTEST,KrakenBTCUSDResearchStrategy-000,BTC/USD.KRAKEN,KRAKEN-1-347,BTC/USD.KRAKEN-KrakenBTCUSDResearchStrategy-000,KRAKEN-001,T-5bf388b83cb15595-104916,MARKET,BUY,0.03182433,GTC,False,False,0.03182433,TAKER,66125.06,0.0,['8.42 USD'],NO_TRIGGER,FILLED,NO_CONTINGENCY,,,,,,,,a2f5df3d-8bd0-4f25-b63a-a0ff418b9025,2024-04-03 03:45:00+00:00,2024-04-03 03:45:00+00:00
O-20240403-104000-BACKTEST-000-348,KRAKEN-BACKTEST,KrakenBTCUSDResearchStrategy-000,BTC/USD.KRAKEN,KRAKEN-1-348,BTC/USD.KRAKEN-KrakenBTCUSDResearchStrategy-000,KRAKEN-001,T-96bc28599f33b93c-105242,MARKET,SELL,0.03182433,GTC,False,False,0.03182433,TAKER,66116.0,0.0,['8.42 USD'],NO_TRIGGER,FILLED,NO_CONTINGENCY,,,,,,,,86e5a36b-8b3b-4312-957d-6cc190a7f1c1,2024-04-03 10:40:00+00:00,2024-04-03 10:40:00+00:00
O-20240403-142500-BACKTEST-000-349,KRAKEN-BACKTEST,KrakenBTCUSDResearchStrategy-000,BTC/USD.KRAKEN,KRAKEN-1-349,BTC/USD.KRAKEN-KrakenBTCUSDResearchStrategy-000,KRAKEN-001,T-b8adda3ef18b4783-105420,MARKET,BUY,0.03144238,GTC,False,False,0.03144238,TAKER,66764.88,0.0,['8.40 USD'],NO_TRIGGER,FILLED,NO_CONTINGENCY,,,,,,,,4f1e8306-6047-4e03-a578-fdb44ad41518,2024-04-03 14:25:00+00:00,2024-04-03 14:25:00+00:00
O-20240403-152500-BACKTEST-000-350,KRAKEN-BACKTEST,KrakenBTCUSDResearchStrategy-000,BTC/USD.KRAKEN,KRAKEN-1-350,BTC/USD.KRAKEN-KrakenBTCUSDResearchStrategy-000,KRAKEN-001,T-be7a32458fa7f80e-105468,MARKET,SELL,0.03144238,GTC,False,False,0.03144238,TAKER,66279.43000000001,0.0,['8.34 USD'],NO_TRIGGER,FILLED,NO_CONTINGENCY,,,,,,,,050dc238-c607-428f-8e0a-27c58de35325,2024-04-03 15:25:00+00:00,2024-04-03 15:25:00+00:00
O-20240403-230000-BACKTEST-000-351,KRAKEN-BACKTEST,KrakenBTCUSDResearchStrategy-000,BTC/USD.KRAKEN,KRAKEN-1-351,BTC/USD.KRAKEN-KrakenBTCUSDResearchStrategy-000,KRAKEN-001,T-849aff308a801259-105828,MARKET,BUY,0.03154209,GTC,False,False,0.03154209,TAKER,66249.37999999999,0.0,['8.36 USD'],NO_TRIGGER,FILLED,NO_CONTINGENCY,,,,,,,,3b7e1255-43c0-4b1a-91b4-5d8a793025bd,2024-04-03 23:00:00+00:00,2024-04-03 23:00:00+00:00
O-20240403-233500-BACKTEST-000-352,KRAKEN-BACKTEST,KrakenBTCUSDResearchStrategy-000,BTC/USD.KRAKEN,KRAKEN-1-352,BTC/USD.KRAKEN-KrakenBTCUSDResearchStrategy-000,KRAKEN-001,T-996bf6de3ac2f215-105855,MARKET,SELL,0.03154209,GTC,False,False,0.03154209,TAKER,66064.51,0.0,['8.34 USD'],NO_TRIGGER,FILLED,NO_CONTINGENCY,,,,,,,,90ec2027-94ef-4c88-ade9-3066eb4ae0cf,2024-04-03 23:35:00+00:00,2024-04-03 23:35:00+00:00
O-20240404-004500-BACKTEST-000-353,KRAKEN-BACKTEST,KrakenBTCUSDResearchStrategy-000,BTC/USD.KRAKEN,KRAKEN-1-353,BTC/USD.KRAKEN-KrakenBTCUSDResearchStrategy-000,KRAKEN-001,T-45929f0aa173019e-105911,MARKET,BUY,0.03140280,GTC,False,False,0.03140280,TAKER,66327.99,0.0,['8.33 USD'],NO_TRIGGER,FILLED,NO_CONTINGENCY,,,,,,,,bde0190b-bf17-487b-8c98-402aeaaf0a9c,2024-04-04 00:45:00+00:00,2024-04-04 00:45:00+00:00
O-20240404-013500-BACKTEST-000-354,KRAKEN-BACKTEST,KrakenBTCUSDResearchStrategy-000,BTC/USD.KRAKEN,KRAKEN-1-354,BTC/USD.KRAKEN-KrakenBTCUSDResearchStrategy-000,KRAKEN-001,T-1e1d0446638b3d89-105948,MARKET,SELL,0.03140280,GTC,False,False,0.03140280,TAKER,66082.98999999999,0.0,['8.30 USD'],NO_TRIGGER,FILLED,NO_CONTINGENCY,,,,,,,,b775aa2c-d20e-4a9a-bffa-be89b80f2150,2024-04-04 01:35:00+00:00,2024-04-04 01:35:00+00:00
O-20240404-073500-BACKTEST-000-355,KRAKEN-BACKTEST,KrakenBTCUSDResearchStrategy-000,BTC/USD.KRAKEN,KRAKEN-1-355,BTC/USD.KRAKEN-KrakenBTCUSDResearchStrategy-000,KRAKEN-001,T-b87469631104c3ac-106230,MARKET,BUY,0.03133645,GTC,False,False,0.03133645,TAKER,66235.6,0.0,['8.30 USD'],NO_TRIGGER,FILLED,NO_CONTINGENCY,,,,,,,,36f5fd52-f230-4d76-958a-096224660b5c,2024-04-04 07:35:00+00:00,2024-04-04 07:35:00+00:00
O-20240404-074500-BACKTEST-000-356,KRAKEN-BACKTEST,KrakenBTCUSDResearchStrategy-000,BTC/USD.KRAKEN,KRAKEN-1-356,BTC/USD.KRAKEN-KrakenBTCUSDResearchStrategy-000,KRAKEN-001,T-9c17aee7e2ff6ec6-106239,MARKET,SELL,0.03133645,GTC,False,False,0.03133645,TAKER,66016.0,0.0,['8.27 USD'],NO_TRIGGER,FILLED,NO_CONTINGENCY,,,,,,,,fc508e99-8016-45e7-9815-d747979cdd13,2024-04-04 07:45:00+00:00,2024-04-04 07:45:00+00:00
O-20240404-102000-BACKTEST-000-357,KRAKEN-BACKTEST,KrakenBTCUSDResearchStrategy-000,BTC/USD.KRAKEN,KRAKEN-1-357,BTC/USD.KRAKEN-KrakenBTCUSDResearchStrategy-000,KRAKEN-001,T-94c50eb9f493cc56-106360,MARKET,BUY,0.03113127,GTC,False,False,0.03113127,TAKER,66446.18,0.0,['8.27 USD'],NO_TRIGGER,FILLED,NO_CONTINGENCY,,,,,,,,3802c57f-6246-4416-b044-319f6a76c09b,2024-04-04 10:20:00+00:00,2024-04-04 10:20:00+00:00
O-20240404-111000-BACKTEST-000-358,KRAKEN-BACKTEST,KrakenBTCUSDResearchStrategy-000,BTC/USD.KRAKEN,KRAKEN-1-358,BTC/USD.KRAKEN-KrakenBTCUSDResearchStrategy-000,KRAKEN-001,T-6abf8738699c4f1f-106399,MARKET,SELL,0.03113127,GTC,False,False,0.03113127,TAKER,66142.47,0.0,['8.24 USD'],NO_TRIGGER,FILLED,NO_CONTINGENCY,,,,,,,,1e5f5b93-599c-4e58-9fae-ffff0d483c08,2024-04-04 11:10:00+00:00,2024-04-04 11:10:00+00:00
O-20240404-121000-BACKTEST-000-359,KRAKEN-BACKTEST,KrakenBTCUSDResearchStrategy-000,BTC/USD.KRAKEN,KRAKEN-1-359,BTC/USD.KRAKEN-KrakenBTCUSDResearchStrategy-000,KRAKEN-001,T-45ba98bbd1ba75e2-106447,MARKET,BUY,0.03095472,GTC,False,False,0.03095472,TAKER,66573.56000000001,0.0,['8.24 USD'],NO_TRIGGER,FILLED,NO_CONTINGENCY,,,,,,,,eeffa4eb-7b13-46be-97cb-735d7f0f7fa1,2024-04-04 12:10:00+00:00,2024-04-04 12:10:00+00:00
O-20240404-200500-BACKTEST-000-360,KRAKEN-BACKTEST,KrakenBTCUSDResearchStrategy-000,BTC/USD.KRAKEN,KRAKEN-1-360,BTC/USD.KRAKEN-KrakenBTCUSDResearchStrategy-000,KRAKEN-001,T-ef3edaaff29763c2-106825,MARKET,SELL,0.03095472,GTC,False,False,0.03095472,TAKER,67714.73999999999,0.0,['8.38 USD'],NO_TRIGGER,FILLED,NO_CONTINGENCY,,,,,,,,c2c552e1-eed6-46d4-8dfd-827abdd1cd33,2024-04-04 20:05:00+00:00,2024-04-04 20:05:00+00:00
O-20240405-005500-BACKTEST-000-361,KRAKEN-BACKTEST,KrakenBTCUSDResearchStrategy-000,BTC/USD.KRAKEN,KRAKEN-1-361,BTC/USD.KRAKEN-KrakenBTCUSDResearchStrategy-000,KRAKEN-001,T-63f551ea8fb726c7-107054,MARKET,BUY,0.03011946,GTC,False,False,0.03011946,TAKER,68606.0,0.0,['8.27 USD'],NO_TRIGGER,FILLED,NO_CONTINGENCY,,,,,,,,8ce8f020-1f1f-4655-afec-c570e864fcc3,2024-04-05 00:55:00+00:00,2024-04-05 00:55:00+00:00
O-20240405-012000-BACKTEST-000-362,KRAKEN-BACKTEST,KrakenBTCUSDResearchStrategy-000,BTC/USD.KRAKEN,KRAKEN-1-362,BTC/USD.KRAKEN-KrakenBTCUSDResearchStrategy-000,KRAKEN-001,T-07a53a50951041a0-107074,MARKET,SELL,0.03011946,GTC,False,False,0.03011946,TAKER,68133.2,0.0,['8.21 USD'],NO_TRIGGER,FILLED,NO_CONTINGENCY,,,,,,,,2146e914-4e89-409f-8af3-61f47f3cf50c,2024-04-05 01:20:00+00:00,2024-04-05 01:20:00+00:00
O-20240405-141000-BACKTEST-000-363,KRAKEN-BACKTEST,KrakenBTCUSDResearchStrategy-000,BTC/USD.KRAKEN,KRAKEN-1-363,BTC/USD.KRAKEN-KrakenBTCUSDResearchStrategy-000,KRAKEN-001,T-8a6bce0d1a32ae44-107679,MARKET,BUY,0.03031476,GTC,False,False,0.03031476,TAKER,67860.01,0.0,['8.23 USD'],NO_TRIGGER,FILLED,NO_CONTINGENCY,,,,,,,,e7f536a4-511a-4602-90bf-19aefbc52f40,2024-04-05 14:10:00+00:00,2024-04-05 14:10:00+00:00
O-20240405-174500-BACKTEST-000-364,KRAKEN-BACKTEST,KrakenBTCUSDResearchStrategy-000,BTC/USD.KRAKEN,KRAKEN-1-364,BTC/USD.KRAKEN-KrakenBTCUSDResearchStrategy-000,KRAKEN-001,T-e5fe3c36900d0876-107850,MARKET,SELL,0.03031476,GTC,False,False,0.03031476,TAKER,67485.57,0.0,['8.18 USD'],NO_TRIGGER,FILLED,NO_CONTINGENCY,,,,,,,,9397911c-36bb-496f-b0d9-2355570dece4,2024-04-05 17:45:00+00:00,2024-04-05 17:45:00+00:00
O-20240406-003500-BACKTEST-000-365,KRAKEN-BACKTEST,KrakenBTCUSDResearchStrategy-000,BTC/USD.KRAKEN,KRAKEN-1-365,BTC/USD.KRAKEN-KrakenBTCUSDResearchStrategy-000,KRAKEN-001,T-b9ade9dce4a47863-108173,MARKET,BUY,0.03011743,GTC,False,False,0.03011743,TAKER,68028.11,0.0,['8.20 USD'],NO_TRIGGER,FILLED,NO_CONTINGENCY,,,,,,,,4b5b2db0-9633-4932-aab6-56378b4e249d,2024-04-06 00:35:00+00:00,2024-04-06 00:35:00+00:00
O-20240406-011000-BACKTEST-000-366,KRAKEN-BACKTEST,KrakenBTCUSDResearchStrategy-000,BTC/USD.KRAKEN,KRAKEN-1-366,BTC/USD.KRAKEN-KrakenBTCUSDResearchStrategy-000,KRAKEN-001,T-175deac991e2204f-108201,MARKET,SELL,0.03011743,GTC,False,False,0.03011743,TAKER,67818.0,0.0,['8.17 USD'],NO_TRIGGER,FILLED,NO_CONTINGENCY,,,,,,,,431c0c1e-54ad-48cd-a36a-491ad226a532,2024-04-06 01:10:00+00:00,2024-04-06 01:10:00+00:00
O-20240406-053000-BACKTEST-000-367,KRAKEN-BACKTEST,KrakenBTCUSDResearchStrategy-000,BTC/USD.KRAKEN,KRAKEN-1-367,BTC/USD.KRAKEN-KrakenBTCUSDResearchStrategy-000,KRAKEN-001,T-77f1042a5fc18ef2-108405,MARKET,BUY,0.02999004,GTC,False,False,0.02999004,TAKER,68090.0,0.0,['8.17 USD'],NO_TRIGGER,FILLED,NO_CONTINGENCY,,,,,,,,9e7b3db5-314f-4a02-9ec1-582ae888d739,2024-04-06 05:30:00+00:00,2024-04-06 05:30:00+00:00
O-20240406-081500-BACKTEST-000-368,KRAKEN-BACKTEST,KrakenBTCUSDResearchStrategy-000,BTC/USD.KRAKEN,KRAKEN-1-368,BTC/USD.KRAKEN-KrakenBTCUSDResearchStrategy-000,KRAKEN-001,T-e59a409db1618622-108534,MARKET,SELL,0.02999004,GTC,False,False,0.02999004,TAKER,67896.01,0.0,['8.14 USD'],NO_TRIGGER,FILLED,NO_CONTINGENCY,,,,,,,,686bd968-b94f-4883-9857-7727e5da6d84,2024-04-06 08:15:00+00:00,2024-04-06 08:15:00+00:00
O-20240406-151000-BACKTEST-000-369,KRAKEN-BACKTEST,KrakenBTCUSDResearchStrategy-000,BTC/USD.KRAKEN,KRAKEN-1-369,BTC/USD.KRAKEN-KrakenBTCUSDResearchStrategy-000,KRAKEN-001,T-527b2600aa750ba2-108853,MARKET,BUY,0.02982590,GTC,False,False,0.02982590,TAKER,68242.12,0.0,['8.14 USD'],NO_TRIGGER,FILLED,NO_CONTINGENCY,,,,,,,,952e232f-f4f7-4843-ab86-acec589a1ac5,2024-04-06 15:10:00+00:00,2024-04-06 15:10:00+00:00
O-20240406-161000-BACKTEST-000-370,KRAKEN-BACKTEST,KrakenBTCUSDResearchStrategy-000,BTC/USD.KRAKEN,KRAKEN-1-370,BTC/USD.KRAKEN-KrakenBTCUSDResearchStrategy-000,KRAKEN-001,T-e0952c0c33ae8dc7-108901,MARKET,SELL,0.02982590,GTC,False,False,0.02982590,TAKER,67998.09999999999,0.0,['8.11 USD'],NO_TRIGGER,FILLED,NO_CONTINGENCY,,,,,,,,68adfd3a-0cda-41eb-b9a4-0e8e69a49b5e,2024-04-06 16:10:00+00:00,2024-04-06 16:10:00+00:00
O-20240406-174000-BACKTEST-000-371,KRAKEN-BACKTEST,KrakenBTCUSDResearchStrategy-000,BTC/USD.KRAKEN,KRAKEN-1-371,BTC/USD.KRAKEN-KrakenBTCUSDResearchStrategy-000,KRAKEN-001,T-5b17e04ecd4afb3d-108972,MARKET,BUY,0.02964809,GTC,False,False,0.02964809,TAKER,68413.29,0.0,['8.11 USD'],NO_TRIGGER,FILLED,NO_CONTINGENCY,,,,,,,,b8afaf18-ea50-47a3-9ab8-37d7998e88c2,2024-04-06 17:40:00+00:00,2024-04-06 17:40:00+00:00
O-20240406-181500-BACKTEST-000-372,KRAKEN-BACKTEST,KrakenBTCUSDResearchStrategy-000,BTC/USD.KRAKEN,KRAKEN-1-372,BTC/USD.KRAKEN-KrakenBTCUSDResearchStrategy-000,KRAKEN-001,T-ac547b5cb966f41d-109000,MARKET,SELL,0.02964809,GTC,False,False,0.02964809,TAKER,68225.04,0.0,['8.09 USD'],NO_TRIGGER,FILLED,NO_CONTINGENCY,,,,,,,,b5315bf3-1ce9-43da-82aa-19149fbee766,2024-04-06 18:15:00+00:00,2024-04-06 18:15:00+00:00
O-20240406-220500-BACKTEST-000-373,KRAKEN-BACKTEST,KrakenBTCUSDResearchStrategy-000,BTC/USD.KRAKEN,KRAKEN-1-373,BTC/USD.KRAKEN-KrakenBTCUSDResearchStrategy-000,KRAKEN-001,T-42ad28dd5d0624f4-109179,MARKET,BUY,0.02951259,GTC,False,False,0.02951259,TAKER,68506.01,0.0,['8.09 USD'],NO_TRIGGER,FILLED,NO_CONTINGENCY,,,,,,,,2cd8631a-4ca9-4c67-adf3-3b70d1d056be,2024-04-06 22:05:00+00:00,2024-04-06 22:05:00+00:00
O-20240407-093500-BACKTEST-000-374,KRAKEN-BACKTEST,KrakenBTCUSDResearchStrategy-000,BTC/USD.KRAKEN,KRAKEN-1-374,BTC/USD.KRAKEN-KrakenBTCUSDResearchStrategy-000,KRAKEN-001,T-f7279f84663ae3e7-109713,MARKET,SELL,0.02951259,GTC,False,False,0.02951259,TAKER,69248.72,0.0,['8.17 USD'],NO_TRIGGER,FILLED,NO_CONTINGENCY,,,,,,,,a1b0d718-f2ce-4485-95c7-e7e16e439151,2024-04-07 09:35:00+00:00,2024-04-07 09:35:00+00:00
O-20240407-145000-BACKTEST-000-375,KRAKEN-BACKTEST,KrakenBTCUSDResearchStrategy-000,BTC/USD.KRAKEN,KRAKEN-1-375,BTC/USD.KRAKEN-KrakenBTCUSDResearchStrategy-000,KRAKEN-001,T-73b7d20f0af4beed-109958,MARKET,BUY,0.02906948,GTC,False,False,0.02906948,TAKER,69608.66,0.0,['8.09 USD'],NO_TRIGGER,FILLED,NO_CONTINGENCY,,,,,,,,91daf912-c5d6-4a31-be69-bc620c8e68c9,2024-04-07 14:50:00+00:00,2024-04-07 14:50:00+00:00
O-20240407-181000-BACKTEST-000-376,KRAKEN-BACKTEST,KrakenBTCUSDResearchStrategy-000,BTC/USD.KRAKEN,KRAKEN-1-376,BTC/USD.KRAKEN-KrakenBTCUSDResearchStrategy-000,KRAKEN-001,T-6796adbd955139a1-110116,MARKET,SELL,0.02906948,GTC,False,False,0.02906948,TAKER,69540.17,0.0,['8.09 USD'],NO_TRIGGER,FILLED,NO_CONTINGENCY,,,,,,,,f24b360c-9bac-4d76-b52e-5f6bb0266d27,2024-04-07 18:10:00+00:00,2024-04-07 18:10:00+00:00
O-20240408-060000-BACKTEST-000-377,KRAKEN-BACKTEST,KrakenBTCUSDResearchStrategy-000,BTC/USD.KRAKEN,KRAKEN-1-377,BTC/USD.KRAKEN-KrakenBTCUSDResearchStrategy-000,KRAKEN-001,T-8bd9642a24d9b6b5-110670,MARKET,BUY,0.02890755,GTC,False,False,0.02890755,TAKER,69810.01,0.0,['8.07 USD'],NO_TRIGGER,FILLED,NO_CONTINGENCY,,,,,,,,60622446-cf38-458b-b978-e4d441762fb8,2024-04-08 06:00:00+00:00,2024-04-08 06:00:00+00:00
O-20240408-143500-BACKTEST-000-378,KRAKEN-BACKTEST,KrakenBTCUSDResearchStrategy-000,BTC/USD.KRAKEN,KRAKEN-1-378,BTC/USD.KRAKEN-KrakenBTCUSDResearchStrategy-000,KRAKEN-001,T-d787ce95eb45e98e-111079,MARKET,SELL,0.02890755,GTC,False,False,0.02890755,TAKER,71554.0,0.0,['8.27 USD'],NO_TRIGGER,FILLED,NO_CONTINGENCY,,,,,,,,ae699fb8-76d9-450f-8dc1-ea145def7c8a,2024-04-08 14:35:00+00:00,2024-04-08 14:35:00+00:00
O-20240408-184000-BACKTEST-000-379,KRAKEN-BACKTEST,KrakenBTCUSDResearchStrategy-000,BTC/USD.KRAKEN,KRAKEN-1-379,BTC/USD.KRAKEN-KrakenBTCUSDResearchStrategy-000,KRAKEN-001,T-e9b9de465a61eff6-111274,MARKET,BUY,0.02814517,GTC,False,False,0.02814517,TAKER,72064.14,0.0,['8.11 USD'],NO_TRIGGER,FILLED,NO_CONTINGENCY,,,,,,,,2173f385-4c35-4b57-8447-5254265c6e66,2024-04-08 18:40:00+00:00,2024-04-08 18:40:00+00:00
O-20240408-192000-BACKTEST-000-380,KRAKEN-BACKTEST,KrakenBTCUSDResearchStrategy-000,BTC/USD.KRAKEN,KRAKEN-1-380,BTC/USD.KRAKEN-KrakenBTCUSDResearchStrategy-000,KRAKEN-001,T-327cfe2c4081dffd-111307,MARKET,SELL,0.02814517,GTC,False,False,0.02814517,TAKER,71702.0,0.0,['8.07 USD'],NO_TRIGGER,FILLED,NO_CONTINGENCY,,,,,,,,823ef1e1-ed79-4003-8c9d-52ae7cb5848a,2024-04-08 19:20:00+00:00,2024-04-08 19:20:00+00:00
O-20240410-165000-BACKTEST-000-381,KRAKEN-BACKTEST,KrakenBTCUSDResearchStrategy-000,BTC/USD.KRAKEN,KRAKEN-1-381,BTC/USD.KRAKEN-KrakenBTCUSDResearchStrategy-000,KRAKEN-001,T-c160523f21446a50-113429,MARKET,BUY,0.02909475,GTC,False,False,0.02909475,TAKER,69440.14,0.0,['8.08 USD'],NO_TRIGGER,FILLED,NO_CONTINGENCY,,,,,,,,699f475b-4c0c-4e7b-8c6b-8dcece02694a,2024-04-10 16:50:00+00:00,2024-04-10 16:50:00+00:00
O-20240411-093500-BACKTEST-000-382,KRAKEN-BACKTEST,KrakenBTCUSDResearchStrategy-000,BTC/USD.KRAKEN,KRAKEN-1-382,BTC/USD.KRAKEN-KrakenBTCUSDResearchStrategy-000,KRAKEN-001,T-5d6dcee096a0b14f-114216,MARKET,SELL,0.02909475,GTC,False,False,0.02909475,TAKER,70683.20999999999,0.0,['8.23 USD'],NO_TRIGGER,FILLED,NO_CONTINGENCY,,,,,,,,3ab2614a-4eb6-4c87-8b03-9b40c8d4b9ff,2024-04-11 09:35:00+00:00,2024-04-11 09:35:00+00:00
O-20240411-201000-BACKTEST-000-383,KRAKEN-BACKTEST,KrakenBTCUSDResearchStrategy-000,BTC/USD.KRAKEN,KRAKEN-1-383,BTC/USD.KRAKEN-KrakenBTCUSDResearchStrategy-000,KRAKEN-001,T-aa3adfa821fe4490-114713,MARKET,BUY,0.02872133,GTC,False,False,0.02872133,TAKER,70550.4,0.0,['8.11 USD'],NO_TRIGGER,FILLED,NO_CONTINGENCY,,,,,,,,dd2d6e01-777d-4a2a-b27d-5d7e9232d521,2024-04-11 20:10:00+00:00,2024-04-11 20:10:00+00:00
O-20240411-211500-BACKTEST-000-384,KRAKEN-BACKTEST,KrakenBTCUSDResearchStrategy-000,BTC/USD.KRAKEN,KRAKEN-1-384,BTC/USD.KRAKEN-KrakenBTCUSDResearchStrategy-000,KRAKEN-001,T-9993374dc6b70c10-114764,MARKET,SELL,0.02872133,GTC,False,False,0.02872133,TAKER,70298.88,0.0,['8.08 USD'],NO_TRIGGER,FILLED,NO_CONTINGENCY,,,,,,,,eff6301b-eb67-410e-8ebd-9a2f67b5fdec,2024-04-11 21:15:00+00:00,2024-04-11 21:15:00+00:00
O-20240412-020500-BACKTEST-000-385,KRAKEN-BACKTEST,KrakenBTCUSDResearchStrategy-000,BTC/USD.KRAKEN,KRAKEN-1-385,BTC/USD.KRAKEN-KrakenBTCUSDResearchStrategy-000,KRAKEN-001,T-3220c8198a054c1c-114993,MARKET,BUY,0.02867642,GTC,False,False,0.02867642,TAKER,70416.0,0.0,['8.08 USD'],NO_TRIGGER,FILLED,NO_CONTINGENCY,,,,,,,,4159265b-2fa8-4420-a2c3-88076706c7d6,2024-04-12 02:05:00+00:00,2024-04-12 02:05:00+00:00
O-20240412-073500-BACKTEST-000-386,KRAKEN-BACKTEST,KrakenBTCUSDResearchStrategy-000,BTC/USD.KRAKEN,KRAKEN-1-386,BTC/USD.KRAKEN-KrakenBTCUSDResearchStrategy-000,KRAKEN-001,T-990afe2f68cad8d4-115250,MARKET,SELL,0.02867642,GTC,False,False,0.02867642,TAKER,70639.99,0.0,['8.10 USD'],NO_TRIGGER,FILLED,NO_CONTINGENCY,,,,,,,,d7537dd5-2b76-4afd-88b2-6a0a74cffbf0,2024-04-12 07:35:00+00:00,2024-04-12 07:35:00+00:00
O-20240413-044500-BACKTEST-000-387,KRAKEN-BACKTEST,KrakenBTCUSDResearchStrategy-000,BTC/USD.KRAKEN,KRAKEN-1-387,BTC/USD.KRAKEN-KrakenBTCUSDResearchStrategy-000,KRAKEN-001,T-f9a81d93c7cd4c6c-116252,MARKET,BUY,0.02971295,GTC,False,False,0.02971295,TAKER,67861.0,0.0,['8.07 USD'],NO_TRIGGER,FILLED,NO_CONTINGENCY,,,,,,,,6ea7c73e-3046-4900-b832-dc99dc9f5010,2024-04-13 04:45:00+00:00,2024-04-13 04:45:00+00:00
O-20240413-053000-BACKTEST-000-388,KRAKEN-BACKTEST,KrakenBTCUSDResearchStrategy-000,BTC/USD.KRAKEN,KRAKEN-1-388,BTC/USD.KRAKEN-KrakenBTCUSDResearchStrategy-000,KRAKEN-001,T-c93fa44a098d9e0d-116289,MARKET,SELL,0.02971295,GTC,False,False,0.02971295,TAKER,67448.62000000001,0.0,['8.02 USD'],NO_TRIGGER,FILLED,NO_CONTINGENCY,,,,,,,,8cde5d3c-cb57-4f91-bfeb-a02818e6abac,2024-04-13 05:30:00+00:00,2024-04-13 05:30:00+00:00
O-20240413-110500-BACKTEST-000-389,KRAKEN-BACKTEST,KrakenBTCUSDResearchStrategy-000,BTC/USD.KRAKEN,KRAKEN-1-389,BTC/USD.KRAKEN-KrakenBTCUSDResearchStrategy-000,KRAKEN-001,T-a61908ba009ef3a1-116552,MARKET,BUY,0.02962652,GTC,False,False,0.02962652,TAKER,67772.0,0.0,['8.03 USD'],NO_TRIGGER,FILLED,NO_CONTINGENCY,,,,,,,,560ca385-6d28-4290-9575-5810eb9348c6,2024-04-13 11:05:00+00:00,2024-04-13 11:05:00+00:00
O-20240413-111000-BACKTEST-000-390,KRAKEN-BACKTEST,KrakenBTCUSDResearchStrategy-000,BTC/USD.KRAKEN,KRAKEN-1-390,BTC/USD.KRAKEN-KrakenBTCUSDResearchStrategy-000,KRAKEN-001,T-db2d68b66d908f51-116557,MARKET,SELL,0.02962652,GTC,False,False,0.02962652,TAKER,67559.05,0.0,['8.01 USD'],NO_TRIGGER,FILLED,NO_CONTINGENCY,,,,,,,,e5cf2e36-9496-4447-a97d-2c53384c593f,2024-04-13 11:10:00+00:00,2024-04-13 11:10:00+00:00
O-20240413-152500-BACKTEST-000-391,KRAKEN-BACKTEST,KrakenBTCUSDResearchStrategy-000,BTC/USD.KRAKEN,KRAKEN-1-391,BTC/USD.KRAKEN-KrakenBTCUSDResearchStrategy-000,KRAKEN-001,T-1eb88164477c2b9c-116758,MARKET,BUY,0.02947887,GTC,False,False,0.02947887,TAKER,67884.0,0.0,['8.00 USD'],NO_TRIGGER,FILLED,NO_CONTINGENCY,,,,,,,,5d3a465a-0a0e-4be9-807f-d44496c7d35f,2024-04-13 15:25:00+00:00,2024-04-13 15:25:00+00:00
O-20240413-160500-BACKTEST-000-392,KRAKEN-BACKTEST,KrakenBTCUSDResearchStrategy-000,BTC/USD.KRAKEN,KRAKEN-1-392,BTC/USD.KRAKEN-KrakenBTCUSDResearchStrategy-000,KRAKEN-001,T-f66ac2d3db0e67ed-116790,MARKET,SELL,0.02947887,GTC,False,False,0.02947887,TAKER,67568.0,0.0,['7.97 USD'],NO_TRIGGER,FILLED,NO_CONTINGENCY,,,,,,,,74e652da-2f7a-4e6c-9895-d5f0823148cf,2024-04-13 16:05:00+00:00,2024-04-13 16:05:00+00:00
O-20240414-062000-BACKTEST-000-393,KRAKEN-BACKTEST,KrakenBTCUSDResearchStrategy-000,BTC/USD.KRAKEN,KRAKEN-1-393,BTC/USD.KRAKEN-KrakenBTCUSDResearchStrategy-000,KRAKEN-001,T-e4d707b78c6f316a-117467,MARKET,BUY,0.03088557,GTC,False,False,0.03088557,TAKER,64546.64,0.0,['7.97 USD'],NO_TRIGGER,FILLED,NO_CONTINGENCY,,,,,,,,3e023e6d-2eac-4501-90b8-7366b15e9fca,2024-04-14 06:20:00+00:00,2024-04-14 06:20:00+00:00
O-20240414-093000-BACKTEST-000-394,KRAKEN-BACKTEST,KrakenBTCUSDResearchStrategy-000,BTC/USD.KRAKEN,KRAKEN-1-394,BTC/USD.KRAKEN-KrakenBTCUSDResearchStrategy-000,KRAKEN-001,T-a20b05e13e8421e2-117619,MARKET,SELL,0.03088557,GTC,False,False,0.03088557,TAKER,64256.99999999999,0.0,['7.94 USD'],NO_TRIGGER,FILLED,NO_CONTINGENCY,,,,,,,,32dee4f5-e9f6-481e-b2db-3fe2ed557f67,2024-04-14 09:30:00+00:00,2024-04-14 09:30:00+00:00
O-20240414-232000-BACKTEST-000-395,KRAKEN-BACKTEST,KrakenBTCUSDResearchStrategy-000,BTC/USD.KRAKEN,KRAKEN-1-395,BTC/USD.KRAKEN-KrakenBTCUSDResearchStrategy-000,KRAKEN-001,T-4505e3362cd73d39-118276,MARKET,BUY,0.02463925,GTC,False,False,0.02463925,TAKER,65521.92,0.0,['6.46 USD'],NO_TRIGGER,FILLED,NO_CONTINGENCY,,,,,,,,98cf08ef-efcc-406a-830d-3aad2b071d3e,2024-04-14 23:20:00+00:00,2024-04-14 23:20:00+00:00
O-20240415-021000-BACKTEST-000-396,KRAKEN-BACKTEST,KrakenBTCUSDResearchStrategy-000,BTC/USD.KRAKEN,KRAKEN-1-396,BTC/USD.KRAKEN-KrakenBTCUSDResearchStrategy-000,KRAKEN-001,T-39c310de4c0fdfae-118407,MARKET,SELL,0.02463925,GTC,False,False,0.02463925,TAKER,65140.12000000001,0.0,['6.42 USD'],NO_TRIGGER,FILLED,NO_CONTINGENCY,,,,,,,,e0bf9767-fbd2-403b-bcbe-ff3a51cd20e4,2024-04-15 02:10:00+00:00,2024-04-15 02:10:00+00:00
O-20240415-061500-BACKTEST-000-397,KRAKEN-BACKTEST,KrakenBTCUSDResearchStrategy-000,BTC/USD.KRAKEN,KRAKEN-1-397,BTC/USD.KRAKEN-KrakenBTCUSDResearchStrategy-000,KRAKEN-001,T-df85170c2c306a01-118604,MARKET,BUY,0.03001558,GTC,False,False,0.03001558,TAKER,65946.24,0.0,['7.92 USD'],NO_TRIGGER,FILLED,NO_CONTINGENCY,,,,,,,,0de226b4-db32-4167-8575-78d8b2f49e14,2024-04-15 06:15:00+00:00,2024-04-15 06:15:00+00:00
O-20240415-114000-BACKTEST-000-398,KRAKEN-BACKTEST,KrakenBTCUSDResearchStrategy-000,BTC/USD.KRAKEN,KRAKEN-1-398,BTC/USD.KRAKEN-KrakenBTCUSDResearchStrategy-000,KRAKEN-001,T-e7cf8bf6a3bb9704-118863,MARKET,SELL,0.03001558,GTC,False,False,0.03001558,TAKER,65999.99,0.0,['7.92 USD'],NO_TRIGGER,FILLED,NO_CONTINGENCY,,,,,,,,1ff832ff-f5f0-43cb-adaf-d6700a6d58c9,2024-04-15 11:40:00+00:00,2024-04-15 11:40:00+00:00
O-20240416-211500-BACKTEST-000-399,KRAKEN-BACKTEST,KrakenBTCUSDResearchStrategy-000,BTC/USD.KRAKEN,KRAKEN-1-399,BTC/USD.KRAKEN-KrakenBTCUSDResearchStrategy-000,KRAKEN-001,T-338987eee49d4901-120454,MARKET,BUY,0.03110045,GTC,False,False,0.03110045,TAKER,63508.69,0.0,['7.90 USD'],NO_TRIGGER,FILLED,NO_CONTINGENCY,,,,,,,,b973b859-111d-4eaf-b6ea-38c4e7412fe3,2024-04-16 21:15:00+00:00,2024-04-16 21:15:00+00:00
O-20240417-061500-BACKTEST-000-400,KRAKEN-BACKTEST,KrakenBTCUSDResearchStrategy-000,BTC/USD.KRAKEN,KRAKEN-1-400,BTC/USD.KRAKEN-KrakenBTCUSDResearchStrategy-000,KRAKEN-001,T-ed3dfabc3133076b-120876,MARKET,SELL,0.03110045,GTC,False,False,0.03110045,TAKER,63784.39,0.0,['7.93 USD'],NO_TRIGGER,FILLED,NO_CONTINGENCY,,,,,,,,1f015389-0563-4b18-b9fb-f9d2eb19afcc,2024-04-17 06:15:00+00:00,2024-04-17 06:15:00+00:00
O-20240418-020000-BACKTEST-000-401,KRAKEN-BACKTEST,KrakenBTCUSDResearchStrategy-000,BTC/USD.KRAKEN,KRAKEN-1-401,BTC/USD.KRAKEN-KrakenBTCUSDResearchStrategy-000,KRAKEN-001,T-ac8ed791a47c8531-121811,MARKET,BUY,0.03193543,GTC,False,False,0.03193543,TAKER,61780.0,0.0,['7.89 USD'],NO_TRIGGER,FILLED,NO_CONTINGENCY,,,,,,,,cea0cf18-5600-4e81-b79e-6f75a07ed0ef,2024-04-18 02:00:00+00:00,2024-04-18 02:00:00+00:00
O-20240418-051000-BACKTEST-000-402,KRAKEN-BACKTEST,KrakenBTCUSDResearchStrategy-000,BTC/USD.KRAKEN,KRAKEN-1-402,BTC/USD.KRAKEN-KrakenBTCUSDResearchStrategy-000,KRAKEN-001,T-a60f2a506c4c81c9-121962,MARKET,SELL,0.03193543,GTC,False,False,0.03193543,TAKER,61612.94,0.0,['7.87 USD'],NO_TRIGGER,FILLED,NO_CONTINGENCY,,,,,,,,ae0e7efd-8b14-4c16-bacd-b493e169a356,2024-04-18 05:10:00+00:00,2024-04-18 05:10:00+00:00
O-20240418-105500-BACKTEST-000-403,KRAKEN-BACKTEST,KrakenBTCUSDResearchStrategy-000,BTC/USD.KRAKEN,KRAKEN-1-403,BTC/USD.KRAKEN-KrakenBTCUSDResearchStrategy-000,KRAKEN-001,T-957a0a45739ec828-122236,MARKET,BUY,0.03181152,GTC,False,False,0.03181152,TAKER,61821.75,0.0,['7.87 USD'],NO_TRIGGER,FILLED,NO_CONTINGENCY,,,,,,,,2a220afa-ab4d-43a3-b400-05a07a765c30,2024-04-18 10:55:00+00:00,2024-04-18 10:55:00+00:00
O-20240418-123000-BACKTEST-000-404,KRAKEN-BACKTEST,KrakenBTCUSDResearchStrategy-000,BTC/USD.KRAKEN,KRAKEN-1-404,BTC/USD.KRAKEN-KrakenBTCUSDResearchStrategy-000,KRAKEN-001,T-0f821bb5d23dcd51-122313,MARKET,SELL,0.03181152,GTC,False,False,0.03181152,TAKER,61759.719999999994,0.0,['7.86 USD'],NO_TRIGGER,FILLED,NO_CONTINGENCY,,,,,,,,7c722650-ff71-4125-9cc7-cd875e0d39ec,2024-04-18 12:30:00+00:00,2024-04-18 12:30:00+00:00
O-20240418-140500-BACKTEST-000-405,KRAKEN-BACKTEST,KrakenBTCUSDResearchStrategy-000,BTC/USD.KRAKEN,KRAKEN-1-405,BTC/USD.KRAKEN-KrakenBTCUSDResearchStrategy-000,KRAKEN-001,T-4e6b6ec7e13bb048-122389,MARKET,BUY,0.02954346,GTC,False,False,0.02954346,TAKER,63175.31,0.0,['7.47 USD'],NO_TRIGGER,FILLED,NO_CONTINGENCY,,,,,,,,d670d082-9583-4f2b-bc77-9c2803be85b5,2024-04-18 14:05:00+00:00,2024-04-18 14:05:00+00:00
O-20240418-175000-BACKTEST-000-406,KRAKEN-BACKTEST,KrakenBTCUSDResearchStrategy-000,BTC/USD.KRAKEN,KRAKEN-1-406,BTC/USD.KRAKEN-KrakenBTCUSDResearchStrategy-000,KRAKEN-001,T-31d7c60b3dbfd6f5-122570,MARKET,SELL,0.02954346,GTC,False,False,0.02954346,TAKER,62790.62,0.0,['7.42 USD'],NO_TRIGGER,FILLED,NO_CONTINGENCY,,,,,,,,6d8ca5be-2938-407d-875f-d3ddbcfd041e,2024-04-18 17:50:00+00:00,2024-04-18 17:50:00+00:00
O-20240419-064500-BACKTEST-000-407,KRAKEN-BACKTEST,KrakenBTCUSDResearchStrategy-000,BTC/USD.KRAKEN,KRAKEN-1-407,BTC/USD.KRAKEN-KrakenBTCUSDResearchStrategy-000,KRAKEN-001,T-259210effe1df53d-123180,MARKET,BUY,0.03009420,GTC,False,False,0.03009420,TAKER,64000.009999999995,0.0,['7.70 USD'],NO_TRIGGER,FILLED,NO_CONTINGENCY,,,,,,,,7f0c3e94-a6ce-4e5d-8052-cfff59786ba3,2024-04-19 06:45:00+00:00,2024-04-19 06:45:00+00:00
O-20240419-142000-BACKTEST-000-408,KRAKEN-BACKTEST,KrakenBTCUSDResearchStrategy-000,BTC/USD.KRAKEN,KRAKEN-1-408,BTC/USD.KRAKEN-KrakenBTCUSDResearchStrategy-000,KRAKEN-001,T-cc562615d4bb26d0-123540,MARKET,SELL,0.03009420,GTC,False,False,0.03009420,TAKER,64339.85999999999,0.0,['7.75 USD'],NO_TRIGGER,FILLED,NO_CONTINGENCY,,,,,,,,5cfd7b6b-d438-4b5f-b673-3f648e7ab147,2024-04-19 14:20:00+00:00,2024-04-19 14:20:00+00:00
O-20240420-153000-BACKTEST-000-409,KRAKEN-BACKTEST,KrakenBTCUSDResearchStrategy-000,BTC/USD.KRAKEN,KRAKEN-1-409,BTC/USD.KRAKEN-KrakenBTCUSDResearchStrategy-000,KRAKEN-001,T-604af5e7fe2429b8-124737,MARKET,BUY,0.03042514,GTC,False,False,0.03042514,TAKER,64153.84,0.0,['7.81 USD'],NO_TRIGGER,FILLED,NO_CONTINGENCY,,,,,,,,4d88e884-53ab-4f72-ada4-39069646b5f2,2024-04-20 15:30:00+00:00,2024-04-20 15:30:00+00:00
O-20240420-220000-BACKTEST-000-410,KRAKEN-BACKTEST,KrakenBTCUSDResearchStrategy-000,BTC/USD.KRAKEN,KRAKEN-1-410,BTC/USD.KRAKEN-KrakenBTCUSDResearchStrategy-000,KRAKEN-001,T-203dc89e7c30b50c-125042,MARKET,SELL,0.03042514,GTC,False,False,0.03042514,TAKER,64630.36000000001,0.0,['7.87 USD'],NO_TRIGGER,FILLED,NO_CONTINGENCY,,,,,,,,e58428a1-cf4c-4163-be8b-e861309ffee5,2024-04-20 22:00:00+00:00,2024-04-20 22:00:00+00:00
O-20240421-022000-BACKTEST-000-411,KRAKEN-BACKTEST,KrakenBTCUSDResearchStrategy-000,BTC/USD.KRAKEN,KRAKEN-1-411,BTC/USD.KRAKEN-KrakenBTCUSDResearchStrategy-000,KRAKEN-001,T-2f774c18f1df3f51-125244,MARKET,BUY,0.02993153,GTC,False,False,0.02993153,TAKER,65199.990000000005,0.0,['7.81 USD'],NO_TRIGGER,FILLED,NO_CONTINGENCY,,,,,,,,5ee8f1b3-7f91-4b6f-a298-11253e2f818c,2024-04-21 02:20:00+00:00,2024-04-21 02:20:00+00:00
O-20240421-060000-BACKTEST-000-412,KRAKEN-BACKTEST,KrakenBTCUSDResearchStrategy-000,BTC/USD.KRAKEN,KRAKEN-1-412,BTC/USD.KRAKEN-KrakenBTCUSDResearchStrategy-000,KRAKEN-001,T-e48392016261c089-125419,MARKET,SELL,0.02993153,GTC,False,False,0.02993153,TAKER,65024.0,0.0,['7.79 USD'],NO_TRIGGER,FILLED,NO_CONTINGENCY,,,,,,,,cd5ef61f-2c11-4160-adec-217a3afbc424,2024-04-21 06:00:00+00:00,2024-04-21 06:00:00+00:00
O-20240422-011500-BACKTEST-000-413,KRAKEN-BACKTEST,KrakenBTCUSDResearchStrategy-000,BTC/USD.KRAKEN,KRAKEN-1-413,BTC/USD.KRAKEN-KrakenBTCUSDResearchStrategy-000,KRAKEN-001,T-f0d44ad33ff76011-126321,MARKET,BUY,0.02982511,GTC,False,False,0.02982511,TAKER,65222.71,0.0,['7.78 USD'],NO_TRIGGER,FILLED,NO_CONTINGENCY,,,,,,,,a10f0323-3bfb-4d92-a001-0423ecc4c788,2024-04-22 01:15:00+00:00,2024-04-22 01:15:00+00:00
O-20240422-012500-BACKTEST-000-414,KRAKEN-BACKTEST,KrakenBTCUSDResearchStrategy-000,BTC/USD.KRAKEN,KRAKEN-1-414,BTC/USD.KRAKEN-KrakenBTCUSDResearchStrategy-000,KRAKEN-001,T-6e8768a28c73c7da-126330,MARKET,SELL,0.02982511,GTC,False,False,0.02982511,TAKER,64913.990000000005,0.0,['7.74 USD'],NO_TRIGGER,FILLED,NO_CONTINGENCY,,,,,,,,8c0c583a-9569-4beb-9564-d1a81c557f2a,2024-04-22 01:25:00+00:00,2024-04-22 01:25:00+00:00
O-20240422-034000-BACKTEST-000-415,KRAKEN-BACKTEST,KrakenBTCUSDResearchStrategy-000,BTC/USD.KRAKEN,KRAKEN-1-415,BTC/USD.KRAKEN-KrakenBTCUSDResearchStrategy-000,KRAKEN-001,T-f3c3fd613508602c-126439,MARKET,BUY,0.02950059,GTC,False,False,0.02950059,TAKER,65688.81,0.0,['7.75 USD'],NO_TRIGGER,FILLED,NO_CONTINGENCY,,,,,,,,92efd4fd-b952-47eb-af06-cfe8af539f56,2024-04-22 03:40:00+00:00,2024-04-22 03:40:00+00:00
O-20240422-114000-BACKTEST-000-416,KRAKEN-BACKTEST,KrakenBTCUSDResearchStrategy-000,BTC/USD.KRAKEN,KRAKEN-1-416,BTC/USD.KRAKEN-KrakenBTCUSDResearchStrategy-000,KRAKEN-001,T-7d02421cbb49cbef-126818,MARKET,SELL,0.02950059,GTC,False,False,0.02950059,TAKER,65842.22,0.0,['7.77 USD'],NO_TRIGGER,FILLED,NO_CONTINGENCY,,,,,,,,43f95e0f-6420-43c7-91c2-15565c724063,2024-04-22 11:40:00+00:00,2024-04-22 11:40:00+00:00
O-20240422-130500-BACKTEST-000-417,KRAKEN-BACKTEST,KrakenBTCUSDResearchStrategy-000,BTC/USD.KRAKEN,KRAKEN-1-417,BTC/USD.KRAKEN-KrakenBTCUSDResearchStrategy-000,KRAKEN-001,T-5c8f9f794c775689-126886,MARKET,BUY,0.02921711,GTC,False,False,0.02921711,TAKER,66213.2,0.0,['7.74 USD'],NO_TRIGGER,FILLED,NO_CONTINGENCY,,,,,,,,d21bc1fc-bf12-476f-a022-284d20c4951e,2024-04-22 13:05:00+00:00,2024-04-22 13:05:00+00:00
O-20240422-133000-BACKTEST-000-418,KRAKEN-BACKTEST,KrakenBTCUSDResearchStrategy-000,BTC/USD.KRAKEN,KRAKEN-1-418,BTC/USD.KRAKEN-KrakenBTCUSDResearchStrategy-000,KRAKEN-001,T-bdac7c2a82795ae4-126907,MARKET,SELL,0.02921711,GTC,False,False,0.02921711,TAKER,65770.0,0.0,['7.69 USD'],NO_TRIGGER,FILLED,NO_CONTINGENCY,,,,,,,,a165362c-974e-4e87-9740-e07afa90f8ee,2024-04-22 13:30:00+00:00,2024-04-22 13:30:00+00:00
O-20240422-142500-BACKTEST-000-419,KRAKEN-BACKTEST,KrakenBTCUSDResearchStrategy-000,BTC/USD.KRAKEN,KRAKEN-1-419,BTC/USD.KRAKEN-KrakenBTCUSDResearchStrategy-000,KRAKEN-001,T-f349a9744ea54e07-126952,MARKET,BUY,0.02898268,GTC,False,False,0.02898268,TAKER,66455.03,0.0,['7.70 USD'],NO_TRIGGER,FILLED,NO_CONTINGENCY,,,,,,,,3222231a-3e07-42f5-a896-6c55c5b1f323,2024-04-22 14:25:00+00:00,2024-04-22 14:25:00+00:00
O-20240422-145500-BACKTEST-000-420,KRAKEN-BACKTEST,KrakenBTCUSDResearchStrategy-000,BTC/USD.KRAKEN,KRAKEN-1-420,BTC/USD.KRAKEN-KrakenBTCUSDResearchStrategy-000,KRAKEN-001,T-cd6e8a07b84a56bb-126977,MARKET,SELL,0.02898268,GTC,False,False,0.02898268,TAKER,66031.77,0.0,['7.66 USD'],NO_TRIGGER,FILLED,NO_CONTINGENCY,,,,,,,,18fc2c91-2bdf-4cdd-ad94-e5790e006790,2024-04-22 14:55:00+00:00,2024-04-22 14:55:00+00:00
O-20240422-172500-BACKTEST-000-421,KRAKEN-BACKTEST,KrakenBTCUSDResearchStrategy-000,BTC/USD.KRAKEN,KRAKEN-1-421,BTC/USD.KRAKEN-KrakenBTCUSDResearchStrategy-000,KRAKEN-001,T-a12c3c0f0a1f39ba-127096,MARKET,BUY,0.02873736,GTC,False,False,0.02873736,TAKER,66734.0,0.0,['7.67 USD'],NO_TRIGGER,FILLED,NO_CONTINGENCY,,,,,,,,16d08d72-46d6-4ef6-81c9-57e85a729004,2024-04-22 17:25:00+00:00,2024-04-22 17:25:00+00:00
O-20240422-183500-BACKTEST-000-422,KRAKEN-BACKTEST,KrakenBTCUSDResearchStrategy-000,BTC/USD.KRAKEN,KRAKEN-1-422,BTC/USD.KRAKEN-KrakenBTCUSDResearchStrategy-000,KRAKEN-001,T-9b6ef6e29216c659-127149,MARKET,SELL,0.02873736,GTC,False,False,0.02873736,TAKER,66412.28000000001,0.0,['7.63 USD'],NO_TRIGGER,FILLED,NO_CONTINGENCY,,,,,,,,6132008f-ca58-43f0-9077-82bfe7ffa96c,2024-04-22 18:35:00+00:00,2024-04-22 18:35:00+00:00
O-20240422-225000-BACKTEST-000-423,KRAKEN-BACKTEST,KrakenBTCUSDResearchStrategy-000,BTC/USD.KRAKEN,KRAKEN-1-423,BTC/USD.KRAKEN-KrakenBTCUSDResearchStrategy-000,KRAKEN-001,T-b32fa40752ee7fa9-127347,MARKET,BUY,0.02845092,GTC,False,False,0.02845092,TAKER,67146.98,0.0,['7.64 USD'],NO_TRIGGER,FILLED,NO_CONTINGENCY,,,,,,,,b7d21572-a9e6-46ad-967f-bca1c3ae738f,2024-04-22 22:50:00+00:00,2024-04-22 22:50:00+00:00
O-20240422-233000-BACKTEST-000-424,KRAKEN-BACKTEST,KrakenBTCUSDResearchStrategy-000,BTC/USD.KRAKEN,KRAKEN-1-424,BTC/USD.KRAKEN-KrakenBTCUSDResearchStrategy-000,KRAKEN-001,T-7634551dc240594a-127380,MARKET,SELL,0.02845092,GTC,False,False,0.02845092,TAKER,66847.14,0.0,['7.61 USD'],NO_TRIGGER,FILLED,NO_CONTINGENCY,,,,,,,,88e9a5ab-93fd-4444-bee7-17d36af9e1b9,2024-04-22 23:30:00+00:00,2024-04-22 23:30:00+00:00
O-20240423-140500-BACKTEST-000-425,KRAKEN-BACKTEST,KrakenBTCUSDResearchStrategy-000,BTC/USD.KRAKEN,KRAKEN-1-425,BTC/USD.KRAKEN-KrakenBTCUSDResearchStrategy-000,KRAKEN-001,T-36b91fbff774088e-128059,MARKET,BUY,0.02854760,GTC,False,False,0.02854760,TAKER,66669.68,0.0,['7.61 USD'],NO_TRIGGER,FILLED,NO_CONTINGENCY,,,,,,,,f4d4514f-a450-4f27-a1ed-4050f330f51c,2024-04-23 14:05:00+00:00,2024-04-23 14:05:00+00:00
O-20240423-193000-BACKTEST-000-426,KRAKEN-BACKTEST,KrakenBTCUSDResearchStrategy-000,BTC/USD.KRAKEN,KRAKEN-1-426,BTC/USD.KRAKEN-KrakenBTCUSDResearchStrategy-000,KRAKEN-001,T-0c89477314260554-128314,MARKET,SELL,0.02854760,GTC,False,False,0.02854760,TAKER,66528.0,0.0,['7.60 USD'],NO_TRIGGER,FILLED,NO_CONTINGENCY,,,,,,,,f9e9326c-a1fb-4eda-a3dc-f3bfa0544f29,2024-04-23 19:30:00+00:00,2024-04-23 19:30:00+00:00
O-20240424-004000-BACKTEST-000-427,KRAKEN-BACKTEST,KrakenBTCUSDResearchStrategy-000,BTC/USD.KRAKEN,KRAKEN-1-427,BTC/USD.KRAKEN-KrakenBTCUSDResearchStrategy-000,KRAKEN-001,T-d77003caf5b3967f-128556,MARKET,BUY,0.02843948,GTC,False,False,0.02843948,TAKER,66719.99,0.0,['7.59 USD'],NO_TRIGGER,FILLED,NO_CONTINGENCY,,,,,,,,f288e1c0-d55a-4bb1-86d7-1b5b029c8191,2024-04-24 00:40:00+00:00,2024-04-24 00:40:00+00:00
O-20240424-022500-BACKTEST-000-428,KRAKEN-BACKTEST,KrakenBTCUSDResearchStrategy-000,BTC/USD.KRAKEN,KRAKEN-1-428,BTC/USD.KRAKEN-KrakenBTCUSDResearchStrategy-000,KRAKEN-001,T-f76548206202e50c-128638,MARKET,SELL,0.02843948,GTC,False,False,0.02843948,TAKER,66557.99,0.0,['7.57 USD'],NO_TRIGGER,FILLED,NO_CONTINGENCY,,,,,,,,b95cc571-8e7a-448e-b51b-2d71aff2552e,2024-04-24 02:25:00+00:00,2024-04-24 02:25:00+00:00
O-20240424-044500-BACKTEST-000-429,KRAKEN-BACKTEST,KrakenBTCUSDResearchStrategy-000,BTC/USD.KRAKEN,KRAKEN-1-429,BTC/USD.KRAKEN-KrakenBTCUSDResearchStrategy-000,KRAKEN-001,T-594867cc16e0b7b4-128747,MARKET,BUY,0.02824409,GTC,False,False,0.02824409,TAKER,66971.56,0.0,['7.57 USD'],NO_TRIGGER,FILLED,NO_CONTINGENCY,,,,,,,,1dde4e17-021a-4740-a02c-714aa79aad88,2024-04-24 04:45:00+00:00,2024-04-24 04:45:00+00:00
O-20240424-052500-BACKTEST-000-430,KRAKEN-BACKTEST,KrakenBTCUSDResearchStrategy-000,BTC/USD.KRAKEN,KRAKEN-1-430,BTC/USD.KRAKEN-KrakenBTCUSDResearchStrategy-000,KRAKEN-001,T-0ea40950ff030d1a-128778,MARKET,SELL,0.02824409,GTC,False,False,0.02824409,TAKER,66767.45999999999,0.0,['7.54 USD'],NO_TRIGGER,FILLED,NO_CONTINGENCY,,,,,,,,1ffe95e8-1ee2-4fa9-8f00-0ea033b9e791,2024-04-24 05:25:00+00:00,2024-04-24 05:25:00+00:00
O-20240425-164500-BACKTEST-000-431,KRAKEN-BACKTEST,KrakenBTCUSDResearchStrategy-000,BTC/USD.KRAKEN,KRAKEN-1-431,BTC/USD.KRAKEN-KrakenBTCUSDResearchStrategy-000,KRAKEN-001,T-98c41593c058f5c3-130438,MARKET,BUY,0.02926378,GTC,False,False,0.02926378,TAKER,64423.990000000005,0.0,['7.54 USD'],NO_TRIGGER,FILLED,NO_CONTINGENCY,,,,,,,,be83af2a-ce88-489a-b48f-5076d307c23b,2024-04-25 16:45:00+00:00,2024-04-25 16:45:00+00:00
O-20240425-232500-BACKTEST-000-432,KRAKEN-BACKTEST,KrakenBTCUSDResearchStrategy-000,BTC/USD.KRAKEN,KRAKEN-1-432,BTC/USD.KRAKEN-KrakenBTCUSDResearchStrategy-000,KRAKEN-001,T-c069b2c85b5a8dac-130749,MARKET,SELL,0.02926378,GTC,False,False,0.02926378,TAKER,64520.909999999996,0.0,['7.55 USD'],NO_TRIGGER,FILLED,NO_CONTINGENCY,,,,,,,,964c76fe-3dd6-4106-a0b5-360d0e7c1e26,2024-04-25 23:25:00+00:00,2024-04-25 23:25:00+00:00
O-20240427-141000-BACKTEST-000-433,KRAKEN-BACKTEST,KrakenBTCUSDResearchStrategy-000,BTC/USD.KRAKEN,KRAKEN-1-433,BTC/USD.KRAKEN-KrakenBTCUSDResearchStrategy-000,KRAKEN-001,T-b09ddc9a9b57c521-132543,MARKET,BUY,0.02972273,GTC,False,False,0.02972273,TAKER,63305.58,0.0,['7.53 USD'],NO_TRIGGER,FILLED,NO_CONTINGENCY,,,,,,,,a1f8843d-8861-4318-838b-7a974edd4196,2024-04-27 14:10:00+00:00,2024-04-27 14:10:00+00:00
O-20240427-144000-BACKTEST-000-434,KRAKEN-BACKTEST,KrakenBTCUSDResearchStrategy-000,BTC/USD.KRAKEN,KRAKEN-1-434,BTC/USD.KRAKEN-KrakenBTCUSDResearchStrategy-000,KRAKEN-001,T-5bd9474757ef16ce-132567,MARKET,SELL,0.02972273,GTC,False,False,0.02972273,TAKER,63097.31,0.0,['7.50 USD'],NO_TRIGGER,FILLED,NO_CONTINGENCY,,,,,,,,6a933fae-81ea-4f50-9c7c-cb274b11f024,2024-04-27 14:40:00+00:00,2024-04-27 14:40:00+00:00
O-20240427-233500-BACKTEST-000-435,KRAKEN-BACKTEST,KrakenBTCUSDResearchStrategy-000,BTC/USD.KRAKEN,KRAKEN-1-435,BTC/USD.KRAKEN-KrakenBTCUSDResearchStrategy-000,KRAKEN-001,T-ab64bf9b1e7c2377-132982,MARKET,BUY,0.02953427,GTC,False,False,0.02953427,TAKER,63493.990000000005,0.0,['7.50 USD'],NO_TRIGGER,FILLED,NO_CONTINGENCY,,,,,,,,44049554-a7ec-4a68-9bc0-17e125c32ca5,2024-04-27 23:35:00+00:00,2024-04-27 23:35:00+00:00
O-20240428-084000-BACKTEST-000-436,KRAKEN-BACKTEST,KrakenBTCUSDResearchStrategy-000,BTC/USD.KRAKEN,KRAKEN-1-436,BTC/USD.KRAKEN-KrakenBTCUSDResearchStrategy-000,KRAKEN-001,T-8768c8cc5742eaf6-133401,MARKET,SELL,0.02953427,GTC,False,False,0.02953427,TAKER,63668.189999999995,0.0,['7.52 USD'],NO_TRIGGER,FILLED,NO_CONTINGENCY,,,,,,,,7524a1b2-45dd-4e28-8fbd-f5b5ec9580f9,2024-04-28 08:40:00+00:00,2024-04-28 08:40:00+00:00
O-20240428-184500-BACKTEST-000-437,KRAKEN-BACKTEST,KrakenBTCUSDResearchStrategy-000,BTC/USD.KRAKEN,KRAKEN-1-437,BTC/USD.KRAKEN-KrakenBTCUSDResearchStrategy-000,KRAKEN-001,T-cfc079d88b68c8ab-133868,MARKET,BUY,0.02928080,GTC,False,False,0.02928080,TAKER,63942.409999999996,0.0,['7.49 USD'],NO_TRIGGER,FILLED,NO_CONTINGENCY,,,,,,,,5cd48d56-58b4-4ebe-947c-04816626ae46,2024-04-28 18:45:00+00:00,2024-04-28 18:45:00+00:00
O-20240428-191500-BACKTEST-000-438,KRAKEN-BACKTEST,KrakenBTCUSDResearchStrategy-000,BTC/USD.KRAKEN,KRAKEN-1-438,BTC/USD.KRAKEN-KrakenBTCUSDResearchStrategy-000,KRAKEN-001,T-28678ee18f02a907-133893,MARKET,SELL,0.02928080,GTC,False,False,0.02928080,TAKER,63800.09,0.0,['7.47 USD'],NO_TRIGGER,FILLED,NO_CONTINGENCY,,,,,,,,5d19c1b0-b87d-4e7e-827d-52c7c697ff90,2024-04-28 19:15:00+00:00,2024-04-28 19:15:00+00:00
O-20240429-172500-BACKTEST-000-439,KRAKEN-BACKTEST,KrakenBTCUSDResearchStrategy-000,BTC/USD.KRAKEN,KRAKEN-1-439,BTC/USD.KRAKEN-KrakenBTCUSDResearchStrategy-000,KRAKEN-001,T-5a124f14b84e1dc4-134921,MARKET,BUY,0.02954137,GTC,False,False,0.02954137,TAKER,63184.22,0.0,['7.47 USD'],NO_TRIGGER,FILLED,NO_CONTINGENCY,,,,,,,,423b956d-297b-4345-8bdc-a3fd26c4eb63,2024-04-29 17:25:00+00:00,2024-04-29 17:25:00+00:00
O-20240429-180500-BACKTEST-000-440,KRAKEN-BACKTEST,KrakenBTCUSDResearchStrategy-000,BTC/USD.KRAKEN,KRAKEN-1-440,BTC/USD.KRAKEN-KrakenBTCUSDResearchStrategy-000,KRAKEN-001,T-c68bd40e4895a8f8-134951,MARKET,SELL,0.02954137,GTC,False,False,0.02954137,TAKER,62929.990000000005,0.0,['7.44 USD'],NO_TRIGGER,FILLED,NO_CONTINGENCY,,,,,,,,0ce3babd-8845-4955-a9f3-0d99cbed1007,2024-04-29 18:05:00+00:00,2024-04-29 18:05:00+00:00
O-20240429-221500-BACKTEST-000-441,KRAKEN-BACKTEST,KrakenBTCUSDResearchStrategy-000,BTC/USD.KRAKEN,KRAKEN-1-441,BTC/USD.KRAKEN-KrakenBTCUSDResearchStrategy-000,KRAKEN-001,T-8f3d3388d7a4064f-135148,MARKET,BUY,0.02934994,GTC,False,False,0.02934994,TAKER,63367.18,0.0,['7.44 USD'],NO_TRIGGER,FILLED,NO_CONTINGENCY,,,,,,,,d035c1cb-15bb-4e7a-8ab0-fd25a453d663,2024-04-29 22:15:00+00:00,2024-04-29 22:15:00+00:00
O-20240430-020000-BACKTEST-000-442,KRAKEN-BACKTEST,KrakenBTCUSDResearchStrategy-000,BTC/USD.KRAKEN,KRAKEN-1-442,BTC/USD.KRAKEN-KrakenBTCUSDResearchStrategy-000,KRAKEN-001,T-9611a6bb72f1c819-135325,MARKET,SELL,0.02934994,GTC,False,False,0.02934994,TAKER,63219.990000000005,0.0,['7.42 USD'],NO_TRIGGER,FILLED,NO_CONTINGENCY,,,,,,,,f3589da0-b2f5-46a7-b627-64cf71c7b98d,2024-04-30 02:00:00+00:00,2024-04-30 02:00:00+00:00
O-20240501-183500-BACKTEST-000-443,KRAKEN-BACKTEST,KrakenBTCUSDResearchStrategy-000,BTC/USD.KRAKEN,KRAKEN-1-443,BTC/USD.KRAKEN-KrakenBTCUSDResearchStrategy-000,KRAKEN-001,T-183eb3f1ca2ca919-137230,MARKET,BUY,0.02683211,GTC,False,False,0.02683211,TAKER,58422.0,0.0,['6.27 USD'],NO_TRIGGER,FILLED,NO_CONTINGENCY,,,,,,,,39dd2441-8b01-449c-ae66-9a01a4c152cc,2024-05-01 18:35:00+00:00,2024-05-01 18:35:00+00:00
O-20240501-193000-BACKTEST-000-444,KRAKEN-BACKTEST,KrakenBTCUSDResearchStrategy-000,BTC/USD.KRAKEN,KRAKEN-1-444,BTC/USD.KRAKEN-KrakenBTCUSDResearchStrategy-000,KRAKEN-001,T-0cb63767374c6ff7-137273,MARKET,SELL,0.02683211,GTC,False,False,0.02683211,TAKER,57207.38,0.0,['6.14 USD'],NO_TRIGGER,FILLED,NO_CONTINGENCY,,,,,,,,a61d3045-ff7a-469f-884f-c5984ce5e173,2024-05-01 19:30:00+00:00,2024-05-01 19:30:00+00:00
O-20240502-000000-BACKTEST-000-445,KRAKEN-BACKTEST,KrakenBTCUSDResearchStrategy-000,BTC/USD.KRAKEN,KRAKEN-1-445,BTC/USD.KRAKEN-KrakenBTCUSDResearchStrategy-000,KRAKEN-001,T-079874e1e6a2c97a-137486,MARKET,BUY,0.03140897,GTC,False,False,0.03140897,TAKER,58600.009999999995,0.0,['7.36 USD'],NO_TRIGGER,FILLED,NO_CONTINGENCY,,,,,,,,d0706666-562b-41b1-983b-66c4b3830ced,2024-05-02 00:00:00+00:00,2024-05-02 00:00:00+00:00
O-20240502-001000-BACKTEST-000-446,KRAKEN-BACKTEST,KrakenBTCUSDResearchStrategy-000,BTC/USD.KRAKEN,KRAKEN-1-446,BTC/USD.KRAKEN-KrakenBTCUSDResearchStrategy-000,KRAKEN-001,T-b1b40d4fc0bdcc0b-137493,MARKET,SELL,0.03140897,GTC,False,False,0.03140897,TAKER,58267.7,0.0,['7.32 USD'],NO_TRIGGER,FILLED,NO_CONTINGENCY,,,,,,,,341818ea-7363-4a39-b3bc-d643dbb5a8bc,2024-05-02 00:10:00+00:00,2024-05-02 00:10:00+00:00
O-20240502-110000-BACKTEST-000-447,KRAKEN-BACKTEST,KrakenBTCUSDResearchStrategy-000,BTC/USD.KRAKEN,KRAKEN-1-447,BTC/USD.KRAKEN-KrakenBTCUSDResearchStrategy-000,KRAKEN-001,T-7e244ab6599f594b-138010,MARKET,BUY,0.03159539,GTC,False,False,0.03159539,TAKER,58015.740000000005,0.0,['7.33 USD'],NO_TRIGGER,FILLED,NO_CONTINGENCY,,,,,,,,06f75e5d-06af-4281-bb61-ac7325a94955,2024-05-02 11:00:00+00:00,2024-05-02 11:00:00+00:00
O-20240502-203500-BACKTEST-000-448,KRAKEN-BACKTEST,KrakenBTCUSDResearchStrategy-000,BTC/USD.KRAKEN,KRAKEN-1-448,BTC/USD.KRAKEN-KrakenBTCUSDResearchStrategy-000,KRAKEN-001,T-c7e858677746929c-138464,MARKET,SELL,0.03159539,GTC,False,False,0.03159539,TAKER,58815.78,0.0,['7.43 USD'],NO_TRIGGER,FILLED,NO_CONTINGENCY,,,,,,,,f8ad3c83-fa33-4eef-8422-49e08d04fbd8,2024-05-02 20:35:00+00:00,2024-05-02 20:35:00+00:00
O-20240503-021000-BACKTEST-000-449,KRAKEN-BACKTEST,KrakenBTCUSDResearchStrategy-000,BTC/USD.KRAKEN,KRAKEN-1-449,BTC/USD.KRAKEN-KrakenBTCUSDResearchStrategy-000,KRAKEN-001,T-71c689892ec8b8b2-138725,MARKET,BUY,0.03073014,GTC,False,False,0.03073014,TAKER,59751.95,0.0,['7.34 USD'],NO_TRIGGER,FILLED,NO_CONTINGENCY,,,,,,,,d5e222b6-378b-4e79-90e9-9fee35729770,2024-05-03 02:10:00+00:00,2024-05-03 02:10:00+00:00
O-20240503-050000-BACKTEST-000-450,KRAKEN-BACKTEST,KrakenBTCUSDResearchStrategy-000,BTC/USD.KRAKEN,KRAKEN-1-450,BTC/USD.KRAKEN-KrakenBTCUSDResearchStrategy-000,KRAKEN-001,T-ee2919091cce07e2-138861,MARKET,SELL,0.03073014,GTC,False,False,0.03073014,TAKER,59542.0,0.0,['7.32 USD'],NO_TRIGGER,FILLED,NO_CONTINGENCY,,,,,,,,59ead0ec-da8c-47a2-a313-5c9e0c40fc34,2024-05-03 05:00:00+00:00,2024-05-03 05:00:00+00:00
O-20240503-124000-BACKTEST-000-451,KRAKEN-BACKTEST,KrakenBTCUSDResearchStrategy-000,BTC/USD.KRAKEN,KRAKEN-1-451,BTC/USD.KRAKEN-KrakenBTCUSDResearchStrategy-000,KRAKEN-001,T-90010c36dd0fc28a-139224,MARKET,BUY,0.03026449,GTC,False,False,0.03026449,TAKER,60461.939999999995,0.0,['7.32 USD'],NO_TRIGGER,FILLED,NO_CONTINGENCY,,,,,,,,1c1577be-4162-4283-9236-1a95e3b6f863,2024-05-03 12:40:00+00:00,2024-05-03 12:40:00+00:00
O-20240504-153000-BACKTEST-000-452,KRAKEN-BACKTEST,KrakenBTCUSDResearchStrategy-000,BTC/USD.KRAKEN,KRAKEN-1-452,BTC/USD.KRAKEN-KrakenBTCUSDResearchStrategy-000,KRAKEN-001,T-cad61b90c4ed82b4-140490,MARKET,SELL,0.03026449,GTC,False,False,0.03026449,TAKER,63440.0,0.0,['7.68 USD'],NO_TRIGGER,FILLED,NO_CONTINGENCY,,,,,,,,efc2950f-cd42-47e6-9078-3383e00034a3,2024-05-04 15:30:00+00:00,2024-05-04 15:30:00+00:00
O-20240504-195000-BACKTEST-000-453,KRAKEN-BACKTEST,KrakenBTCUSDResearchStrategy-000,BTC/USD.KRAKEN,KRAKEN-1-453,BTC/USD.KRAKEN-KrakenBTCUSDResearchStrategy-000,KRAKEN-001,T-8ed409bf9c677f9b-140693,MARKET,BUY,0.02893754,GTC,False,False,0.02893754,TAKER,64013.340000000004,0.0,['7.41 USD'],NO_TRIGGER,FILLED,NO_CONTINGENCY,,,,,,,,a73765e3-4d8b-4989-85c1-055015e755c8,2024-05-04 19:50:00+00:00,2024-05-04 19:50:00+00:00
O-20240504-213000-BACKTEST-000-454,KRAKEN-BACKTEST,KrakenBTCUSDResearchStrategy-000,BTC/USD.KRAKEN,KRAKEN-1-454,BTC/USD.KRAKEN-KrakenBTCUSDResearchStrategy-000,KRAKEN-001,T-9ef97209c0776f28-140772,MARKET,SELL,0.02893754,GTC,False,False,0.02893754,TAKER,63550.009999999995,0.0,['7.36 USD'],NO_TRIGGER,FILLED,NO_CONTINGENCY,,,,,,,,4936a4fd-98cd-44fd-b429-2f1322838a90,2024-05-04 21:30:00+00:00,2024-05-04 21:30:00+00:00
O-20240505-073500-BACKTEST-000-455,KRAKEN-BACKTEST,KrakenBTCUSDResearchStrategy-000,BTC/USD.KRAKEN,KRAKEN-1-455,BTC/USD.KRAKEN-KrakenBTCUSDResearchStrategy-000,KRAKEN-001,T-0a942dbd92ef5424-141245,MARKET,BUY,0.02888368,GTC,False,False,0.02888368,TAKER,63840.02999999999,0.0,['7.38 USD'],NO_TRIGGER,FILLED,NO_CONTINGENCY,,,,,,,,694af248-ee61-4af9-8a3f-8139fc21201e,2024-05-05 07:35:00+00:00,2024-05-05 07:35:00+00:00
O-20240505-090000-BACKTEST-000-456,KRAKEN-BACKTEST,KrakenBTCUSDResearchStrategy-000,BTC/USD.KRAKEN,KRAKEN-1-456,BTC/USD.KRAKEN-KrakenBTCUSDResearchStrategy-000,KRAKEN-001,T-c4b6f257e2317626-141312,MARKET,SELL,0.02888368,GTC,False,False,0.02888368,TAKER,63598.0,0.0,['7.35 USD'],NO_TRIGGER,FILLED,NO_CONTINGENCY,,,,,,,,431ccc6c-24b8-456c-a3e3-66c9ddcbf827,2024-05-05 09:00:00+00:00,2024-05-05 09:00:00+00:00
O-20240505-131500-BACKTEST-000-457,KRAKEN-BACKTEST,KrakenBTCUSDResearchStrategy-000,BTC/USD.KRAKEN,KRAKEN-1-457,BTC/USD.KRAKEN-KrakenBTCUSDResearchStrategy-000,KRAKEN-001,T-b3f4f02e1568f082-141513,MARKET,BUY,0.02866577,GTC,False,False,0.02866577,TAKER,64098.009999999995,0.0,['7.35 USD'],NO_TRIGGER,FILLED,NO_CONTINGENCY,,,,,,,,d2fe88df-26e3-41bb-8ea3-ba5a86728a49,2024-05-05 13:15:00+00:00,2024-05-05 13:15:00+00:00
O-20240505-133000-BACKTEST-000-458,KRAKEN-BACKTEST,KrakenBTCUSDResearchStrategy-000,BTC/USD.KRAKEN,KRAKEN-1-458,BTC/USD.KRAKEN-KrakenBTCUSDResearchStrategy-000,KRAKEN-001,T-30f71eed9e064322-141526,MARKET,SELL,0.02866577,GTC,False,False,0.02866577,TAKER,63892.0,0.0,['7.33 USD'],NO_TRIGGER,FILLED,NO_CONTINGENCY,,,,,,,,ac8fcb2d-cac9-4a04-be98-357fa3d611e1,2024-05-05 13:30:00+00:00,2024-05-05 13:30:00+00:00
O-20240505-152000-BACKTEST-000-459,KRAKEN-BACKTEST,KrakenBTCUSDResearchStrategy-000,BTC/USD.KRAKEN,KRAKEN-1-459,BTC/USD.KRAKEN-KrakenBTCUSDResearchStrategy-000,KRAKEN-001,T-a48f8781d903fd42-141612,MARKET,BUY,0.02846195,GTC,False,False,0.02846195,TAKER,64340.0,0.0,['7.32 USD'],NO_TRIGGER,FILLED,NO_CONTINGENCY,,,,,,,,6cc5c929-3408-4a14-920d-63b486704c20,2024-05-05 15:20:00+00:00,2024-05-05 15:20:00+00:00
O-20240505-180500-BACKTEST-000-460,KRAKEN-BACKTEST,KrakenBTCUSDResearchStrategy-000,BTC/USD.KRAKEN,KRAKEN-1-460,BTC/USD.KRAKEN-KrakenBTCUSDResearchStrategy-000,KRAKEN-001,T-b16d65772a1418e5-141741,MARKET,SELL,0.02846195,GTC,False,False,0.02846195,TAKER,64120.02,0.0,['7.30 USD'],NO_TRIGGER,FILLED,NO_CONTINGENCY,,,,,,,,112aaffd-2f94-4035-b308-a90cb11e2b96,2024-05-05 18:05:00+00:00,2024-05-05 18:05:00+00:00
O-20240506-002000-BACKTEST-000-461,KRAKEN-BACKTEST,KrakenBTCUSDResearchStrategy-000,BTC/USD.KRAKEN,KRAKEN-1-461,BTC/USD.KRAKEN-KrakenBTCUSDResearchStrategy-000,KRAKEN-001,T-b108e22d6c9e88c0-142033,MARKET,BUY,0.02840458,GTC,False,False,0.02840458,TAKER,64249.41,0.0,['7.30 USD'],NO_TRIGGER,FILLED,NO_CONTINGENCY,,,,,,,,bda30a9c-ff30-470a-a832-b871c396986d,2024-05-06 00:20:00+00:00,2024-05-06 00:20:00+00:00
O-20240506-020000-BACKTEST-000-462,KRAKEN-BACKTEST,KrakenBTCUSDResearchStrategy-000,BTC/USD.KRAKEN,KRAKEN-1-462,BTC/USD.KRAKEN-KrakenBTCUSDResearchStrategy-000,KRAKEN-001,T-7bbd067000d66ca5-142111,MARKET,SELL,0.02840458,GTC,False,False,0.02840458,TAKER,64036.509999999995,0.0,['7.28 USD'],NO_TRIGGER,FILLED,NO_CONTINGENCY,,,,,,,,73ef2e8d-8dc0-4009-94fd-dda2ccbd1adb,2024-05-06 02:00:00+00:00,2024-05-06 02:00:00+00:00
O-20240506-061000-BACKTEST-000-463,KRAKEN-BACKTEST,KrakenBTCUSDResearchStrategy-000,BTC/USD.KRAKEN,KRAKEN-1-463,BTC/USD.KRAKEN-KrakenBTCUSDResearchStrategy-000,KRAKEN-001,T-fcca9d654f4a4270-142308,MARKET,BUY,0.02824469,GTC,False,False,0.02824469,TAKER,64394.009999999995,0.0,['7.28 USD'],NO_TRIGGER,FILLED,NO_CONTINGENCY,,,,,,,,fbdd7c8e-d7b1-4bfb-9a12-b618100ab079,2024-05-06 06:10:00+00:00,2024-05-06 06:10:00+00:00
O-20240506-071000-BACKTEST-000-464,KRAKEN-BACKTEST,KrakenBTCUSDResearchStrategy-000,BTC/USD.KRAKEN,KRAKEN-1-464,BTC/USD.KRAKEN-KrakenBTCUSDResearchStrategy-000,KRAKEN-001,T-bb1c62238de3b450-142352,MARKET,SELL,0.02824469,GTC,False,False,0.02824469,TAKER,64189.31,0.0,['7.25 USD'],NO_TRIGGER,FILLED,NO_CONTINGENCY,,,,,,,,22d868a3-4f5f-4984-b310-dd3e1f5db357,2024-05-06 07:10:00+00:00,2024-05-06 07:10:00+00:00
O-20240506-075500-BACKTEST-000-465,KRAKEN-BACKTEST,KrakenBTCUSDResearchStrategy-000,BTC/USD.KRAKEN,KRAKEN-1-465,BTC/USD.KRAKEN-KrakenBTCUSDResearchStrategy-000,KRAKEN-001,T-90c3ff94f7290be5-142389,MARKET,BUY,0.02808606,GTC,False,False,0.02808606,TAKER,64540.74999999999,0.0,['7.25 USD'],NO_TRIGGER,FILLED,NO_CONTINGENCY,,,,,,,,09a0e9b9-4d14-4102-a8e2-4ce408ef1c22,2024-05-06 07:55:00+00:00,2024-05-06 07:55:00+00:00
O-20240506-103500-BACKTEST-000-466,KRAKEN-BACKTEST,KrakenBTCUSDResearchStrategy-000,BTC/USD.KRAKEN,KRAKEN-1-466,BTC/USD.KRAKEN-KrakenBTCUSDResearchStrategy-000,KRAKEN-001,T-8ec483ea0049f514-142516,MARKET,SELL,0.02808606,GTC,False,False,0.02808606,TAKER,64405.369999999995,0.0,['7.24 USD'],NO_TRIGGER,FILLED,NO_CONTINGENCY,,,,,,,,03c40ef6-ecf3-450d-b4f7-aff9c64a6a38,2024-05-06 10:35:00+00:00,2024-05-06 10:35:00+00:00
O-20240507-071500-BACKTEST-000-467,KRAKEN-BACKTEST,KrakenBTCUSDResearchStrategy-000,BTC/USD.KRAKEN,KRAKEN-1-467,BTC/USD.KRAKEN-KrakenBTCUSDResearchStrategy-000,KRAKEN-001,T-71363fabfeba9be8-143487,MARKET,BUY,0.02834573,GTC,False,False,0.02834573,TAKER,63755.84,0.0,['7.23 USD'],NO_TRIGGER,FILLED,NO_CONTINGENCY,,,,,,,,b499a245-fdc7-47e1-bfc7-a7278d00a10a,2024-05-07 07:15:00+00:00,2024-05-07 07:15:00+00:00
O-20240507-101500-BACKTEST-000-468,KRAKEN-BACKTEST,KrakenBTCUSDResearchStrategy-000,BTC/USD.KRAKEN,KRAKEN-1-468,BTC/USD.KRAKEN-KrakenBTCUSDResearchStrategy-000,KRAKEN-001,T-d2a992efefca3d1b-143628,MARKET,SELL,0.02834573,GTC,False,False,0.02834573,TAKER,63771.53999999999,0.0,['7.23 USD'],NO_TRIGGER,FILLED,NO_CONTINGENCY,,,,,,,,d905e479-1792-47a8-93eb-ea722f1af3bb,2024-05-07 10:15:00+00:00,2024-05-07 10:15:00+00:00
O-20240509-150500-BACKTEST-000-469,KRAKEN-BACKTEST,KrakenBTCUSDResearchStrategy-000,BTC/USD.KRAKEN,KRAKEN-1-469,BTC/USD.KRAKEN-KrakenBTCUSDResearchStrategy-000,KRAKEN-001,T-065ce3f3297fd1c2-146119,MARKET,BUY,0.02912933,GTC,False,False,0.02912933,TAKER,61896.35999999999,0.0,['7.21 USD'],NO_TRIGGER,FILLED,NO_CONTINGENCY,,,,,,,,b215da97-f893-44bf-9092-d9459467a890,2024-05-09 15:05:00+00:00,2024-05-09 15:05:00+00:00
O-20240510-052000-BACKTEST-000-470,KRAKEN-BACKTEST,KrakenBTCUSDResearchStrategy-000,BTC/USD.KRAKEN,KRAKEN-1-470,BTC/USD.KRAKEN-KrakenBTCUSDResearchStrategy-000,KRAKEN-001,T-f40aa8a5239946e3-146788,MARKET,SELL,0.02912933,GTC,False,False,0.02912933,TAKER,62731.77,0.0,['7.31 USD'],NO_TRIGGER,FILLED,NO_CONTINGENCY,,,,,,,,ec8588f8-eff4-4856-8e45-0cbb8f84b206,2024-05-10 05:20:00+00:00,2024-05-10 05:20:00+00:00
O-20240510-065000-BACKTEST-000-471,KRAKEN-BACKTEST,KrakenBTCUSDResearchStrategy-000,BTC/USD.KRAKEN,KRAKEN-1-471,BTC/USD.KRAKEN-KrakenBTCUSDResearchStrategy-000,KRAKEN-001,T-eb5385926e04e108-146860,MARKET,BUY,0.02857776,GTC,False,False,0.02857776,TAKER,63194.0,0.0,['7.22 USD'],NO_TRIGGER,FILLED,NO_CONTINGENCY,,,,,,,,b02207f8-01ca-40c7-941e-be39e27148ee,2024-05-10 06:50:00+00:00,2024-05-10 06:50:00+00:00
O-20240510-081000-BACKTEST-000-472,KRAKEN-BACKTEST,KrakenBTCUSDResearchStrategy-000,BTC/USD.KRAKEN,KRAKEN-1-472,BTC/USD.KRAKEN-KrakenBTCUSDResearchStrategy-000,KRAKEN-001,T-533247e97ec631fc-146923,MARKET,SELL,0.02857776,GTC,False,False,0.02857776,TAKER,62916.009999999995,0.0,['7.19 USD'],NO_TRIGGER,FILLED,NO_CONTINGENCY,,,,,,,,7f3d0bd0-0213-4c8f-9303-cf9cbfeadd04,2024-05-10 08:10:00+00:00,2024-05-10 08:10:00+00:00
O-20240510-120000-BACKTEST-000-473,KRAKEN-BACKTEST,KrakenBTCUSDResearchStrategy-000,BTC/USD.KRAKEN,KRAKEN-1-473,BTC/USD.KRAKEN-KrakenBTCUSDResearchStrategy-000,KRAKEN-001,T-acabe12840e1327a-147106,MARKET,BUY,0.02836394,GTC,False,False,0.02836394,TAKER,63433.98,0.0,['7.20 USD'],NO_TRIGGER,FILLED,NO_CONTINGENCY,,,,,,,,85a346fd-163f-4e20-b084-aab227c738d1,2024-05-10 12:00:00+00:00,2024-05-10 12:00:00+00:00
O-20240510-120500-BACKTEST-000-474,KRAKEN-BACKTEST,KrakenBTCUSDResearchStrategy-000,BTC/USD.KRAKEN,KRAKEN-1-474,BTC/USD.KRAKEN-KrakenBTCUSDResearchStrategy-000,KRAKEN-001,T-7c3fbc89f113f7e0-147111,MARKET,SELL,0.02836394,GTC,False,False,0.02836394,TAKER,63179.78999999999,0.0,['7.17 USD'],NO_TRIGGER,FILLED,NO_CONTINGENCY,,,,,,,,b4dd9297-5b28-480e-add5-1eb6f2a6df26,2024-05-10 12:05:00+00:00,2024-05-10 12:05:00+00:00
O-20240511-062500-BACKTEST-000-475,KRAKEN-BACKTEST,KrakenBTCUSDResearchStrategy-000,BTC/USD.KRAKEN,KRAKEN-1-475,BTC/USD.KRAKEN-KrakenBTCUSDResearchStrategy-000,KRAKEN-001,T-5eef3702fb5a68ba-147970,MARKET,BUY,0.02939920,GTC,False,False,0.02939920,TAKER,60980.009999999995,0.0,['7.17 USD'],NO_TRIGGER,FILLED,NO_CONTINGENCY,,,,,,,,5a230cb0-1d18-45f2-9964-81c437913092,2024-05-11 06:25:00+00:00,2024-05-11 06:25:00+00:00
O-20240511-081500-BACKTEST-000-476,KRAKEN-BACKTEST,KrakenBTCUSDResearchStrategy-000,BTC/USD.KRAKEN,KRAKEN-1-476,BTC/USD.KRAKEN-KrakenBTCUSDResearchStrategy-000,KRAKEN-001,T-55cc3f6af927c0c1-148054,MARKET,SELL,0.02939920,GTC,False,False,0.02939920,TAKER,60872.71,0.0,['7.16 USD'],NO_TRIGGER,FILLED,NO_CONTINGENCY,,,,,,,,4f660c6e-eb89-41e4-8e65-838be00ff812,2024-05-11 08:15:00+00:00,2024-05-11 08:15:00+00:00
O-20240511-151000-BACKTEST-000-477,KRAKEN-BACKTEST,KrakenBTCUSDResearchStrategy-000,BTC/USD.KRAKEN,KRAKEN-1-477,BTC/USD.KRAKEN-KrakenBTCUSDResearchStrategy-000,KRAKEN-001,T-66a7b4a8d0267143-148370,MARKET,BUY,0.02923172,GTC,False,False,0.02923172,TAKER,61150.0,0.0,['7.15 USD'],NO_TRIGGER,FILLED,NO_CONTINGENCY,,,,,,,,99ad1373-cbeb-4ad8-81ca-bd680206e92f,2024-05-11 15:10:00+00:00,2024-05-11 15:10:00+00:00
O-20240511-202500-BACKTEST-000-478,KRAKEN-BACKTEST,KrakenBTCUSDResearchStrategy-000,BTC/USD.KRAKEN,KRAKEN-1-478,BTC/USD.KRAKEN-KrakenBTCUSDResearchStrategy-000,KRAKEN-001,T-162aef753da608b7-148608,MARKET,SELL,0.02923172,GTC,False,False,0.02923172,TAKER,60964.0,0.0,['7.13 USD'],NO_TRIGGER,FILLED,NO_CONTINGENCY,,,,,,,,3ae0f058-0423-4c80-b62e-ba0e50aa4bba,2024-05-11 20:25:00+00:00,2024-05-11 20:25:00+00:00
O-20240512-101500-BACKTEST-000-479,KRAKEN-BACKTEST,KrakenBTCUSDResearchStrategy-000,BTC/USD.KRAKEN,KRAKEN-1-479,BTC/USD.KRAKEN-KrakenBTCUSDResearchStrategy-000,KRAKEN-001,T-4a554dcefe57fb74-149238,MARKET,BUY,0.02910721,GTC,False,False,0.02910721,TAKER,61208.32,0.0,['7.13 USD'],NO_TRIGGER,FILLED,NO_CONTINGENCY,,,,,,,,4c789ee8-e659-4779-8cf7-904393cc6c28,2024-05-12 10:15:00+00:00,2024-05-12 10:15:00+00:00
O-20240512-123500-BACKTEST-000-480,KRAKEN-BACKTEST,KrakenBTCUSDResearchStrategy-000,BTC/USD.KRAKEN,KRAKEN-1-480,BTC/USD.KRAKEN-KrakenBTCUSDResearchStrategy-000,KRAKEN-001,T-00334c9e102bf7a6-149347,MARKET,SELL,0.02910721,GTC,False,False,0.02910721,TAKER,61120.08,0.0,['7.12 USD'],NO_TRIGGER,FILLED,NO_CONTINGENCY,,,,,,,,db5c9502-2743-4978-b0bd-7d83d0f84d43,2024-05-12 12:35:00+00:00,2024-05-12 12:35:00+00:00
O-20240512-152500-BACKTEST-000-481,KRAKEN-BACKTEST,KrakenBTCUSDResearchStrategy-000,BTC/USD.KRAKEN,KRAKEN-1-481,BTC/USD.KRAKEN-KrakenBTCUSDResearchStrategy-000,KRAKEN-001,T-4e40cde5b63bb920-149479,MARKET,BUY,0.02896818,GTC,False,False,0.02896818,TAKER,61328.0,0.0,['7.11 USD'],NO_TRIGGER,FILLED,NO_CONTINGENCY,,,,,,,,fcc5c5da-84d6-4745-ad2e-6978586dc142,2024-05-12 15:25:00+00:00,2024-05-12 15:25:00+00:00
O-20240512-190000-BACKTEST-000-482,KRAKEN-BACKTEST,KrakenBTCUSDResearchStrategy-000,BTC/USD.KRAKEN,KRAKEN-1-482,BTC/USD.KRAKEN-KrakenBTCUSDResearchStrategy-000,KRAKEN-001,T-51b6fab0a82ac2e5-149645,MARKET,SELL,0.02896818,GTC,False,False,0.02896818,TAKER,61320.0,0.0,['7.11 USD'],NO_TRIGGER,FILLED,NO_CONTINGENCY,,,,,,,,c86f241b-c799-4d44-9cc5-dfb32351496d,2024-05-12 19:00:00+00:00,2024-05-12 19:00:00+00:00
O-20240512-234000-BACKTEST-000-483,KRAKEN-BACKTEST,KrakenBTCUSDResearchStrategy-000,BTC/USD.KRAKEN,KRAKEN-1-483,BTC/USD.KRAKEN-KrakenBTCUSDResearchStrategy-000,KRAKEN-001,T-2c095c8d58cff4aa-149859,MARKET,BUY,0.02882324,GTC,False,False,0.02882324,TAKER,61486.0,0.0,['7.09 USD'],NO_TRIGGER,FILLED,NO_CONTINGENCY,,,,,,,,fb45dd2b-4567-47c3-b970-d1a57cee46f4,2024-05-12 23:40:00+00:00,2024-05-12 23:40:00+00:00
O-20240513-011500-BACKTEST-000-484,KRAKEN-BACKTEST,KrakenBTCUSDResearchStrategy-000,BTC/USD.KRAKEN,KRAKEN-1-484,BTC/USD.KRAKEN-KrakenBTCUSDResearchStrategy-000,KRAKEN-001,T-3502ab1033486118-149933,MARKET,SELL,0.02882324,GTC,False,False,0.02882324,TAKER,61327.61,0.0,['7.07 USD'],NO_TRIGGER,FILLED,NO_CONTINGENCY,,,,,,,,91165080-e305-4331-b614-9696606e0635,2024-05-13 01:15:00+00:00,2024-05-13 01:15:00+00:00
O-20240513-070000-BACKTEST-000-485,KRAKEN-BACKTEST,KrakenBTCUSDResearchStrategy-000,BTC/USD.KRAKEN,KRAKEN-1-485,BTC/USD.KRAKEN-KrakenBTCUSDResearchStrategy-000,KRAKEN-001,T-61baf10a3773e5aa-150199,MARKET,BUY,0.02861055,GTC,False,False,0.02861055,TAKER,61746.69,0.0,['7.07 USD'],NO_TRIGGER,FILLED,NO_CONTINGENCY,,,,,,,,afb5e7de-7e30-4fcd-9115-32556280799f,2024-05-13 07:00:00+00:00,2024-05-13 07:00:00+00:00
O-20240513-071000-BACKTEST-000-486,KRAKEN-BACKTEST,KrakenBTCUSDResearchStrategy-000,BTC/USD.KRAKEN,KRAKEN-1-486,BTC/USD.KRAKEN-KrakenBTCUSDResearchStrategy-000,KRAKEN-001,T-1d1767676a4e0522-150208,MARKET,SELL,0.02861055,GTC,False,False,0.02861055,TAKER,61520.33,0.0,['7.04 USD'],NO_TRIGGER,FILLED,NO_CONTINGENCY,,,,,,,,07e9fefd-06ef-4eeb-b036-931d0710a972,2024-05-13 07:10:00+00:00,2024-05-13 07:10:00+00:00
O-20240513-081000-BACKTEST-000-487,KRAKEN-BACKTEST,KrakenBTCUSDResearchStrategy-000,BTC/USD.KRAKEN,KRAKEN-1-487,BTC/USD.KRAKEN-KrakenBTCUSDResearchStrategy-000,KRAKEN-001,T-efc6845c152e966b-150257,MARKET,BUY,0.02808958,GTC,False,False,0.02808958,TAKER,62671.990000000005,0.0,['7.04 USD'],NO_TRIGGER,FILLED,NO_CONTINGENCY,,,,,,,,5a7c75b3-d80e-4926-823f-bb8faf45ea75,2024-05-13 08:10:00+00:00,2024-05-13 08:10:00+00:00
O-20240513-172500-BACKTEST-000-488,KRAKEN-BACKTEST,KrakenBTCUSDResearchStrategy-000,BTC/USD.KRAKEN,KRAKEN-1-488,BTC/USD.KRAKEN-KrakenBTCUSDResearchStrategy-000,KRAKEN-001,T-2aec37d98bb21118-150698,MARKET,SELL,0.02808958,GTC,False,False,0.02808958,TAKER,62676.0,0.0,['7.04 USD'],NO_TRIGGER,FILLED,NO_CONTINGENCY,,,,,,,,a5d18044-a649-4070-be31-06c4a10a8101,2024-05-13 17:25:00+00:00,2024-05-13 17:25:00+00:00
O-20240515-021000-BACKTEST-000-489,KRAKEN-BACKTEST,KrakenBTCUSDResearchStrategy-000,BTC/USD.KRAKEN,KRAKEN-1-489,BTC/USD.KRAKEN-KrakenBTCUSDResearchStrategy-000,KRAKEN-001,T-9c96af4ca5c30be0-152227,MARKET,BUY,0.02839814,GTC,False,False,0.02839814,TAKER,61843.43,0.0,['7.02 USD'],NO_TRIGGER,FILLED,NO_CONTINGENCY,,,,,,,,c743c6eb-e9fa-490d-8b85-c73b386e4552,2024-05-15 02:10:00+00:00,2024-05-15 02:10:00+00:00
O-20240516-044500-BACKTEST-000-490,KRAKEN-BACKTEST,KrakenBTCUSDResearchStrategy-000,BTC/USD.KRAKEN,KRAKEN-1-490,BTC/USD.KRAKEN-KrakenBTCUSDResearchStrategy-000,KRAKEN-001,T-f1bbeb8300a4f024-153468,MARKET,SELL,0.02839814,GTC,False,False,0.02839814,TAKER,65821.45,0.0,['7.48 USD'],NO_TRIGGER,FILLED,NO_CONTINGENCY,,,,,,,,5bb1bb86-5457-413e-89a3-2a32443b896e,2024-05-16 04:45:00+00:00,2024-05-16 04:45:00+00:00
O-20240516-071500-BACKTEST-000-491,KRAKEN-BACKTEST,KrakenBTCUSDResearchStrategy-000,BTC/USD.KRAKEN,KRAKEN-1-491,BTC/USD.KRAKEN-KrakenBTCUSDResearchStrategy-000,KRAKEN-001,T-633424f5e1e626ec-153586,MARKET,BUY,0.02702117,GTC,False,False,0.02702117,TAKER,66088.16,0.0,['7.14 USD'],NO_TRIGGER,FILLED,NO_CONTINGENCY,,,,,,,,2a14be3a-f6e4-4b6c-bd82-4ae07c8e3b50,2024-05-16 07:15:00+00:00,2024-05-16 07:15:00+00:00
O-20240516-111000-BACKTEST-000-492,KRAKEN-BACKTEST,KrakenBTCUSDResearchStrategy-000,BTC/USD.KRAKEN,KRAKEN-1-492,BTC/USD.KRAKEN-KrakenBTCUSDResearchStrategy-000,KRAKEN-001,T-cc6d1dafac40d1c1-153765,MARKET,SELL,0.02702117,GTC,False,False,0.02702117,TAKER,66057.98000000001,0.0,['7.14 USD'],NO_TRIGGER,FILLED,NO_CONTINGENCY,,,,,,,,a7482a47-ebb1-4fc4-9ea6-d380a354ef60,2024-05-16 11:10:00+00:00,2024-05-16 11:10:00+00:00
O-20240517-034000-BACKTEST-000-493,KRAKEN-BACKTEST,KrakenBTCUSDResearchStrategy-000,BTC/USD.KRAKEN,KRAKEN-1-493,BTC/USD.KRAKEN-KrakenBTCUSDResearchStrategy-000,KRAKEN-001,T-99508e37606a2042-154537,MARKET,BUY,0.02706461,GTC,False,False,0.02706461,TAKER,65814.71,0.0,['7.13 USD'],NO_TRIGGER,FILLED,NO_CONTINGENCY,,,,,,,,a15440d9-2b9c-41f7-93bb-747861b830fa,2024-05-17 03:40:00+00:00,2024-05-17 03:40:00+00:00
O-20240517-034500-BACKTEST-000-494,KRAKEN-BACKTEST,KrakenBTCUSDResearchStrategy-000,BTC/USD.KRAKEN,KRAKEN-1-494,BTC/USD.KRAKEN-KrakenBTCUSDResearchStrategy-000,KRAKEN-001,T-ffedb1c3a0d906fe-154541,MARKET,SELL,0.02706461,GTC,False,False,0.02706461,TAKER,65624.56999999999,0.0,['7.10 USD'],NO_TRIGGER,FILLED,NO_CONTINGENCY,,,,,,,,50793cc4-c353-46f9-813d-1cfb53054740,2024-05-17 03:45:00+00:00,2024-05-17 03:45:00+00:00
O-20240517-064500-BACKTEST-000-495,KRAKEN-BACKTEST,KrakenBTCUSDResearchStrategy-000,BTC/USD.KRAKEN,KRAKEN-1-495,BTC/USD.KRAKEN-KrakenBTCUSDResearchStrategy-000,KRAKEN-001,T-cae6d80048f4fb4d-154682,MARKET,BUY,0.02691522,GTC,False,False,0.02691522,TAKER,65964.0,0.0,['7.10 USD'],NO_TRIGGER,FILLED,NO_CONTINGENCY,,,,,,,,07b9c558-80e8-4033-b031-965e90df99b7,2024-05-17 06:45:00+00:00,2024-05-17 06:45:00+00:00
O-20240517-133500-BACKTEST-000-496,KRAKEN-BACKTEST,KrakenBTCUSDResearchStrategy-000,BTC/USD.KRAKEN,KRAKEN-1-496,BTC/USD.KRAKEN-KrakenBTCUSDResearchStrategy-000,KRAKEN-001,T-7d8f4d1a6960ec9f-154997,MARKET,SELL,0.02691522,GTC,False,False,0.02691522,TAKER,66074.01999999999,0.0,['7.11 USD'],NO_TRIGGER,FILLED,NO_CONTINGENCY,,,,,,,,7e1d883d-6f98-4028-a1cc-5667eaaade8f,2024-05-17 13:35:00+00:00,2024-05-17 13:35:00+00:00
O-20240517-145500-BACKTEST-000-497,KRAKEN-BACKTEST,KrakenBTCUSDResearchStrategy-000,BTC/USD.KRAKEN,KRAKEN-1-497,BTC/USD.KRAKEN-KrakenBTCUSDResearchStrategy-000,KRAKEN-001,T-5ef4605324cf22a0-155061,MARKET,BUY,0.02652521,GTC,False,False,0.02652521,TAKER,66806.66,0.0,['7.09 USD'],NO_TRIGGER,FILLED,NO_CONTINGENCY,,,,,,,,661511d1-3013-4ad7-83cc-a4efad90da98,2024-05-17 14:55:00+00:00,2024-05-17 14:55:00+00:00
O-20240517-180000-BACKTEST-000-498,KRAKEN-BACKTEST,KrakenBTCUSDResearchStrategy-000,BTC/USD.KRAKEN,KRAKEN-1-498,BTC/USD.KRAKEN-KrakenBTCUSDResearchStrategy-000,KRAKEN-001,T-86826debf3dc9877-155208,MARKET,SELL,0.02652521,GTC,False,False,0.02652521,TAKER,66454.76,0.0,['7.05 USD'],NO_TRIGGER,FILLED,NO_CONTINGENCY,,,,,,,,5a090aa1-ac52-4510-bf4a-771250ea59d1,2024-05-17 18:00:00+00:00,2024-05-17 18:00:00+00:00
O-20240518-072000-BACKTEST-000-499,KRAKEN-BACKTEST,KrakenBTCUSDResearchStrategy-000,BTC/USD.KRAKEN,KRAKEN-1-499,BTC/USD.KRAKEN-KrakenBTCUSDResearchStrategy-000,KRAKEN-001,T-c97dbf2661aa515d-155819,MARKET,BUY,0.02624965,GTC,False,False,0.02624965,TAKER,67239.74,0.0,['7.06 USD'],NO_TRIGGER,FILLED,NO_CONTINGENCY,,,,,,,,1008ea06-03fa-497e-a153-25a59ed8a427,2024-05-18 07:20:00+00:00,2024-05-18 07:20:00+00:00
O-20240518-073000-BACKTEST-000-500,KRAKEN-BACKTEST,KrakenBTCUSDResearchStrategy-000,BTC/USD.KRAKEN,KRAKEN-1-500,BTC/USD.KRAKEN-KrakenBTCUSDResearchStrategy-000,KRAKEN-001,T-5e3db15e88aab10a-155827,MARKET,SELL,0.02624965,GTC,False,False,0.02624965,TAKER,67088.9,0.0,['7.04 USD'],NO_TRIGGER,FILLED,NO_CONTINGENCY,,,,,,,,d527fbcd-545b-467e-97ee-5dc0347acb90,2024-05-18 07:30:00+00:00,2024-05-18 07:30:00+00:00
O-20240518-102000-BACKTEST-000-501,KRAKEN-BACKTEST,KrakenBTCUSDResearchStrategy-000,BTC/USD.KRAKEN,KRAKEN-1-501,BTC/USD.KRAKEN-KrakenBTCUSDResearchStrategy-000,KRAKEN-001,T-c40e08a3620ebb01-155963,MARKET,BUY,0.02615641,GTC,False,False,0.02615641,TAKER,67272.28000000001,0.0,['7.04 USD'],NO_TRIGGER,FILLED,NO_CONTINGENCY,,,,,,,,3b3d5d95-eb78-4133-b8ec-0be728d7e624,2024-05-18 10:20:00+00:00,2024-05-18 10:20:00+00:00
O-20240518-104000-BACKTEST-000-502,KRAKEN-BACKTEST,KrakenBTCUSDResearchStrategy-000,BTC/USD.KRAKEN,KRAKEN-1-502,BTC/USD.KRAKEN-KrakenBTCUSDResearchStrategy-000,KRAKEN-001,T-15fa052a7ef0d293-155979,MARKET,SELL,0.02615641,GTC,False,False,0.02615641,TAKER,67113.66,0.0,['7.02 USD'],NO_TRIGGER,FILLED,NO_CONTINGENCY,,,,,,,,deea5f98-c80f-4301-b83b-e43d101fd857,2024-05-18 10:40:00+00:00,2024-05-18 10:40:00+00:00
O-20240519-022500-BACKTEST-000-503,KRAKEN-BACKTEST,KrakenBTCUSDResearchStrategy-000,BTC/USD.KRAKEN,KRAKEN-1-503,BTC/USD.KRAKEN-KrakenBTCUSDResearchStrategy-000,KRAKEN-001,T-f8322fd672a3f451-156699,MARKET,BUY,0.02615775,GTC,False,False,0.02615775,TAKER,67060.0,0.0,['7.02 USD'],NO_TRIGGER,FILLED,NO_CONTINGENCY,,,,,,,,98cd279d-dc36-46fc-9ea4-6e559c77f13c,2024-05-19 02:25:00+00:00,2024-05-19 02:25:00+00:00
O-20240519-023000-BACKTEST-000-504,KRAKEN-BACKTEST,KrakenBTCUSDResearchStrategy-000,BTC/USD.KRAKEN,KRAKEN-1-504,BTC/USD.KRAKEN-KrakenBTCUSDResearchStrategy-000,KRAKEN-001,T-1529bbc128a70200-156703,MARKET,SELL,0.02615775,GTC,False,False,0.02615775,TAKER,66982.49,0.0,['7.01 USD'],NO_TRIGGER,FILLED,NO_CONTINGENCY,,,,,,,,91f2a552-d342-4efd-9741-d7534ad84c21,2024-05-19 02:30:00+00:00,2024-05-19 02:30:00+00:00
O-20240519-075000-BACKTEST-000-505,KRAKEN-BACKTEST,KrakenBTCUSDResearchStrategy-000,BTC/USD.KRAKEN,KRAKEN-1-505,BTC/USD.KRAKEN-KrakenBTCUSDResearchStrategy-000,KRAKEN-001,T-90348d03434d5833-156945,MARKET,BUY,0.02598932,GTC,False,False,0.02598932,TAKER,67309.2,0.0,['7.00 USD'],NO_TRIGGER,FILLED,NO_CONTINGENCY,,,,,,,,5ea44396-4584-4b4d-93be-6aa1a023caf8,2024-05-19 07:50:00+00:00,2024-05-19 07:50:00+00:00
O-20240519-083500-BACKTEST-000-506,KRAKEN-BACKTEST,KrakenBTCUSDResearchStrategy-000,BTC/USD.KRAKEN,KRAKEN-1-506,BTC/USD.KRAKEN-KrakenBTCUSDResearchStrategy-000,KRAKEN-001,T-3c25a0cf206b51bb-156981,MARKET,SELL,0.02598932,GTC,False,False,0.02598932,TAKER,67140.0,0.0,['6.98 USD'],NO_TRIGGER,FILLED,NO_CONTINGENCY,,,,,,,,a811b9c6-53ac-4611-bab2-66089f9e8070,2024-05-19 08:35:00+00:00,2024-05-19 08:35:00+00:00
O-20240519-103000-BACKTEST-000-507,KRAKEN-BACKTEST,KrakenBTCUSDResearchStrategy-000,BTC/USD.KRAKEN,KRAKEN-1-507,BTC/USD.KRAKEN-KrakenBTCUSDResearchStrategy-000,KRAKEN-001,T-f0419a77d79b9dec-157071,MARKET,BUY,0.02582977,GTC,False,False,0.02582977,TAKER,67511.5,0.0,['6.98 USD'],NO_TRIGGER,FILLED,NO_CONTINGENCY,,,,,,,,019da61c-2d1a-41dc-95b0-b439c9c2ad0e,2024-05-19 10:30:00+00:00,2024-05-19 10:30:00+00:00
O-20240519-104500-BACKTEST-000-508,KRAKEN-BACKTEST,KrakenBTCUSDResearchStrategy-000,BTC/USD.KRAKEN,KRAKEN-1-508,BTC/USD.KRAKEN-KrakenBTCUSDResearchStrategy-000,KRAKEN-001,T-9c4655a3594c82cb-157084,MARKET,SELL,0.02582977,GTC,False,False,0.02582977,TAKER,67227.44,0.0,['6.95 USD'],NO_TRIGGER,FILLED,NO_CONTINGENCY,,,,,,,,df6d14d8-5d35-4879-8daa-cecabd799f36,2024-05-19 10:45:00+00:00,2024-05-19 10:45:00+00:00
O-20240520-022500-BACKTEST-000-509,KRAKEN-BACKTEST,KrakenBTCUSDResearchStrategy-000,BTC/USD.KRAKEN,KRAKEN-1-509,BTC/USD.KRAKEN-KrakenBTCUSDResearchStrategy-000,KRAKEN-001,T-64a6f7f6c3f3984f-157807,MARKET,BUY,0.02604931,GTC,False,False,0.02604931,TAKER,66697.58,0.0,['6.95 USD'],NO_TRIGGER,FILLED,NO_CONTINGENCY,,,,,,,,9b67cf44-d173-4bf0-89cb-2d735e88b107,2024-05-20 02:25:00+00:00,2024-05-20 02:25:00+00:00
O-20240520-065000-BACKTEST-000-510,KRAKEN-BACKTEST,KrakenBTCUSDResearchStrategy-000,BTC/USD.KRAKEN,KRAKEN-1-510,BTC/USD.KRAKEN-KrakenBTCUSDResearchStrategy-000,KRAKEN-001,T-d8f5dbc6e0721d90-158009,MARKET,SELL,0.02604931,GTC,False,False,0.02604931,TAKER,66447.8,0.0,['6.92 USD'],NO_TRIGGER,FILLED,NO_CONTINGENCY,,,,,,,,9d601f9e-b189-4cb5-9786-7bc959b72439,2024-05-20 06:50:00+00:00,2024-05-20 06:50:00+00:00
O-20240520-102000-BACKTEST-000-511,KRAKEN-BACKTEST,KrakenBTCUSDResearchStrategy-000,BTC/USD.KRAKEN,KRAKEN-1-511,BTC/USD.KRAKEN-KrakenBTCUSDResearchStrategy-000,KRAKEN-001,T-8d38a0d11050a8cd-158172,MARKET,BUY,0.02574681,GTC,False,False,0.02574681,TAKER,67243.74,0.0,['6.93 USD'],NO_TRIGGER,FILLED,NO_CONTINGENCY,,,,,,,,a378c4de-ee44-4bb9-a142-ac5b6bb350c6,2024-05-20 10:20:00+00:00,2024-05-20 10:20:00+00:00
O-20240520-115000-BACKTEST-000-512,KRAKEN-BACKTEST,KrakenBTCUSDResearchStrategy-000,BTC/USD.KRAKEN,KRAKEN-1-512,BTC/USD.KRAKEN-KrakenBTCUSDResearchStrategy-000,KRAKEN-001,T-faea8868b05f5892-158238,MARKET,SELL,0.02574681,GTC,False,False,0.02574681,TAKER,67019.99,0.0,['6.90 USD'],NO_TRIGGER,FILLED,NO_CONTINGENCY,,,,,,,,d7e51f0e-1774-40ca-a017-8094cf40dfb5,2024-05-20 11:50:00+00:00,2024-05-20 11:50:00+00:00
O-20240520-152000-BACKTEST-000-513,KRAKEN-BACKTEST,KrakenBTCUSDResearchStrategy-000,BTC/USD.KRAKEN,KRAKEN-1-513,BTC/USD.KRAKEN-KrakenBTCUSDResearchStrategy-000,KRAKEN-001,T-22adcb5eefe6dafc-158404,MARKET,BUY,0.02562882,GTC,False,False,0.02562882,TAKER,67324.01,0.0,['6.90 USD'],NO_TRIGGER,FILLED,NO_CONTINGENCY,,,,,,,,8edd9d82-46b3-4852-98d4-baf072839550,2024-05-20 15:20:00+00:00,2024-05-20 15:20:00+00:00
O-20240521-131000-BACKTEST-000-514,KRAKEN-BACKTEST,KrakenBTCUSDResearchStrategy-000,BTC/USD.KRAKEN,KRAKEN-1-514,BTC/USD.KRAKEN-KrakenBTCUSDResearchStrategy-000,KRAKEN-001,T-6d9c447b93ad6713-159430,MARKET,SELL,0.02562882,GTC,False,False,0.02562882,TAKER,71011.99,0.0,['7.28 USD'],NO_TRIGGER,FILLED,NO_CONTINGENCY,,,,,,,,f03651d2-818b-4df6-bfe5-c73f0ac2b6b3,2024-05-21 13:10:00+00:00,2024-05-21 13:10:00+00:00
O-20240521-232000-BACKTEST-000-515,KRAKEN-BACKTEST,KrakenBTCUSDResearchStrategy-000,BTC/USD.KRAKEN,KRAKEN-1-515,BTC/USD.KRAKEN-KrakenBTCUSDResearchStrategy-000,KRAKEN-001,T-a416e40f937ccf03-159911,MARKET,BUY,0.02490090,GTC,False,False,0.02490090,TAKER,70259.99,0.0,['7.00 USD'],NO_TRIGGER,FILLED,NO_CONTINGENCY,,,,,,,,2daf0f12-ce2b-429a-a247-be2717139aa1,2024-05-21 23:20:00+00:00,2024-05-21 23:20:00+00:00
O-20240522-010000-BACKTEST-000-516,KRAKEN-BACKTEST,KrakenBTCUSDResearchStrategy-000,BTC/USD.KRAKEN,KRAKEN-1-516,BTC/USD.KRAKEN-KrakenBTCUSDResearchStrategy-000,KRAKEN-001,T-a3dc8677c41a4f82-159992,MARKET,SELL,0.02490090,GTC,False,False,0.02490090,TAKER,70033.34,0.0,['6.98 USD'],NO_TRIGGER,FILLED,NO_CONTINGENCY,,,,,,,,51f017bd-f1dc-4450-868f-b0a250a5e2be,2024-05-22 01:00:00+00:00,2024-05-22 01:00:00+00:00
O-20240522-110000-BACKTEST-000-517,KRAKEN-BACKTEST,KrakenBTCUSDResearchStrategy-000,BTC/USD.KRAKEN,KRAKEN-1-517,BTC/USD.KRAKEN-KrakenBTCUSDResearchStrategy-000,KRAKEN-001,T-d8f407fbeecc1387-160457,MARKET,BUY,0.02482529,GTC,False,False,0.02482529,TAKER,70236.73999999999,0.0,['6.97 USD'],NO_TRIGGER,FILLED,NO_CONTINGENCY,,,,,,,,0566b115-83e1-47d8-9470-de5d768864e3,2024-05-22 11:00:00+00:00,2024-05-22 11:00:00+00:00
O-20240522-112500-BACKTEST-000-518,KRAKEN-BACKTEST,KrakenBTCUSDResearchStrategy-000,BTC/USD.KRAKEN,KRAKEN-1-518,BTC/USD.KRAKEN-KrakenBTCUSDResearchStrategy-000,KRAKEN-001,T-f1ca377994da7fcc-160478,MARKET,SELL,0.02482529,GTC,False,False,0.02482529,TAKER,70051.99,0.0,['6.96 USD'],NO_TRIGGER,FILLED,NO_CONTINGENCY,,,,,,,,9e99b81e-37eb-41dc-bf17-e4e2e614a549,2024-05-22 11:25:00+00:00,2024-05-22 11:25:00+00:00
O-20240522-154000-BACKTEST-000-519,KRAKEN-BACKTEST,KrakenBTCUSDResearchStrategy-000,BTC/USD.KRAKEN,KRAKEN-1-519,BTC/USD.KRAKEN-KrakenBTCUSDResearchStrategy-000,KRAKEN-001,T-a61a4e791364f523-160678,MARKET,BUY,0.02465361,GTC,False,False,0.02465361,TAKER,70500.5,0.0,['6.95 USD'],NO_TRIGGER,FILLED,NO_CONTINGENCY,,,,,,,,30b61370-f640-4dca-8c5b-f702a2eaabea,2024-05-22 15:40:00+00:00,2024-05-22 15:40:00+00:00
O-20240522-170000-BACKTEST-000-520,KRAKEN-BACKTEST,KrakenBTCUSDResearchStrategy-000,BTC/USD.KRAKEN,KRAKEN-1-520,BTC/USD.KRAKEN-KrakenBTCUSDResearchStrategy-000,KRAKEN-001,T-97a917d412087690-160743,MARKET,SELL,0.02465361,GTC,False,False,0.02465361,TAKER,70113.52,0.0,['6.91 USD'],NO_TRIGGER,FILLED,NO_CONTINGENCY,,,,,,,,6fc1d7ce-c858-458e-9549-688fdad801c0,2024-05-22 17:00:00+00:00,2024-05-22 17:00:00+00:00
O-20240523-073500-BACKTEST-000-521,KRAKEN-BACKTEST,KrakenBTCUSDResearchStrategy-000,BTC/USD.KRAKEN,KRAKEN-1-521,BTC/USD.KRAKEN-KrakenBTCUSDResearchStrategy-000,KRAKEN-001,T-0b0da3f1cc99f5f4-161428,MARKET,BUY,0.02480087,GTC,False,False,0.02480087,TAKER,69798.81999999999,0.0,['6.92 USD'],NO_TRIGGER,FILLED,NO_CONTINGENCY,,,,,,,,9c05babf-94d8-4d97-98bb-4349e936fbe6,2024-05-23 07:35:00+00:00,2024-05-23 07:35:00+00:00
O-20240523-085000-BACKTEST-000-522,KRAKEN-BACKTEST,KrakenBTCUSDResearchStrategy-000,BTC/USD.KRAKEN,KRAKEN-1-522,BTC/USD.KRAKEN-KrakenBTCUSDResearchStrategy-000,KRAKEN-001,T-bab5c553fdd6cbfd-161486,MARKET,SELL,0.02480087,GTC,False,False,0.02480087,TAKER,69606.96,0.0,['6.91 USD'],NO_TRIGGER,FILLED,NO_CONTINGENCY,,,,,,,,273bee86-fdb8-4479-9061-31ab08d18cf5,2024-05-23 08:50:00+00:00,2024-05-23 08:50:00+00:00
O-20240523-112000-BACKTEST-000-523,KRAKEN-BACKTEST,KrakenBTCUSDResearchStrategy-000,BTC/USD.KRAKEN,KRAKEN-1-523,BTC/USD.KRAKEN-KrakenBTCUSDResearchStrategy-000,KRAKEN-001,T-02317ee4b0cc463d-161605,MARKET,BUY,0.02468848,GTC,False,False,0.02468848,TAKER,69890.69,0.0,['6.90 USD'],NO_TRIGGER,FILLED,NO_CONTINGENCY,,,,,,,,2f666b2a-402c-4d1f-970e-ba8f88c61c24,2024-05-23 11:20:00+00:00,2024-05-23 11:20:00+00:00
O-20240523-125000-BACKTEST-000-524,KRAKEN-BACKTEST,KrakenBTCUSDResearchStrategy-000,BTC/USD.KRAKEN,KRAKEN-1-524,BTC/USD.KRAKEN-KrakenBTCUSDResearchStrategy-000,KRAKEN-001,T-793938219c1cdcf9-161677,MARKET,SELL,0.02468848,GTC,False,False,0.02468848,TAKER,69650.0,0.0,['6.88 USD'],NO_TRIGGER,FILLED,NO_CONTINGENCY,,,,,,,,b45395b8-802b-4e3c-b7ac-d6d5b01c7adc,2024-05-23 12:50:00+00:00,2024-05-23 12:50:00+00:00
O-20240524-150000-BACKTEST-000-525,KRAKEN-BACKTEST,KrakenBTCUSDResearchStrategy-000,BTC/USD.KRAKEN,KRAKEN-1-525,BTC/USD.KRAKEN-KrakenBTCUSDResearchStrategy-000,KRAKEN-001,T-bbcb4960bc0bae7a-162911,MARKET,BUY,0.02522961,GTC,False,False,0.02522961,TAKER,68157.17,0.0,['6.88 USD'],NO_TRIGGER,FILLED,NO_CONTINGENCY,,,,,,,,d0274f71-417a-43b2-968f-96bbb0b04a29,2024-05-24 15:00:00+00:00,2024-05-24 15:00:00+00:00
O-20240524-234000-BACKTEST-000-526,KRAKEN-BACKTEST,KrakenBTCUSDResearchStrategy-000,BTC/USD.KRAKEN,KRAKEN-1-526,BTC/USD.KRAKEN-KrakenBTCUSDResearchStrategy-000,KRAKEN-001,T-8ac9bb803416e1c9-163312,MARKET,SELL,0.02522961,GTC,False,False,0.02522961,TAKER,68616.75,0.0,['6.92 USD'],NO_TRIGGER,FILLED,NO_CONTINGENCY,,,,,,,,2ea8b084-4246-4610-b8c7-fc4b4bed0192,2024-05-24 23:40:00+00:00,2024-05-24 23:40:00+00:00
O-20240525-030000-BACKTEST-000-527,KRAKEN-BACKTEST,KrakenBTCUSDResearchStrategy-000,BTC/USD.KRAKEN,KRAKEN-1-527,BTC/USD.KRAKEN-KrakenBTCUSDResearchStrategy-000,KRAKEN-001,T-111ede39e38bde84-163468,MARKET,BUY,0.02494797,GTC,False,False,0.02494797,TAKER,68900.01,0.0,['6.88 USD'],NO_TRIGGER,FILLED,NO_CONTINGENCY,,,,,,,,1f872b7d-7338-43c1-a054-e489be83034b,2024-05-25 03:00:00+00:00,2024-05-25 03:00:00+00:00
O-20240525-030500-BACKTEST-000-528,KRAKEN-BACKTEST,KrakenBTCUSDResearchStrategy-000,BTC/USD.KRAKEN,KRAKEN-1-528,BTC/USD.KRAKEN-KrakenBTCUSDResearchStrategy-000,KRAKEN-001,T-bfe830ef599a4984-163472,MARKET,SELL,0.02494797,GTC,False,False,0.02494797,TAKER,68765.62999999999,0.0,['6.86 USD'],NO_TRIGGER,FILLED,NO_CONTINGENCY,,,,,,,,5b61c0bd-512e-4bcd-b2dd-0921ab23d98f,2024-05-25 03:05:00+00:00,2024-05-25 03:05:00+00:00
O-20240525-081500-BACKTEST-000-529,KRAKEN-BACKTEST,KrakenBTCUSDResearchStrategy-000,BTC/USD.KRAKEN,KRAKEN-1-529,BTC/USD.KRAKEN-KrakenBTCUSDResearchStrategy-000,KRAKEN-001,T-45cbb98c0197dd2e-163706,MARKET,BUY,0.02485955,GTC,False,False,0.02485955,TAKER,68938.72,0.0,['6.86 USD'],NO_TRIGGER,FILLED,NO_CONTINGENCY,,,,,,,,d03d12f4-58b1-4370-acad-bc6a78e476ff,2024-05-25 08:15:00+00:00,2024-05-25 08:15:00+00:00
O-20240525-133500-BACKTEST-000-530,KRAKEN-BACKTEST,KrakenBTCUSDResearchStrategy-000,BTC/USD.KRAKEN,KRAKEN-1-530,BTC/USD.KRAKEN-KrakenBTCUSDResearchStrategy-000,KRAKEN-001,T-9bf68558aac26732-163952,MARKET,SELL,0.02485955,GTC,False,False,0.02485955,TAKER,68987.11,0.0,['6.86 USD'],NO_TRIGGER,FILLED,NO_CONTINGENCY,,,,,,,,a7a3eb54-a443-4da9-a16e-e75659639522,2024-05-25 13:35:00+00:00,2024-05-25 13:35:00+00:00
O-20240525-181500-BACKTEST-000-531,KRAKEN-BACKTEST,KrakenBTCUSDResearchStrategy-000,BTC/USD.KRAKEN,KRAKEN-1-531,BTC/USD.KRAKEN-KrakenBTCUSDResearchStrategy-000,KRAKEN-001,T-6c4ecb80f654ecc1-164169,MARKET,BUY,0.02469954,GTC,False,False,0.02469954,TAKER,69233.27,0.0,['6.84 USD'],NO_TRIGGER,FILLED,NO_CONTINGENCY,,,,,,,,eefa4464-8039-4496-9612-ab892a4643d1,2024-05-25 18:15:00+00:00,2024-05-25 18:15:00+00:00
O-20240525-184000-BACKTEST-000-532,KRAKEN-BACKTEST,KrakenBTCUSDResearchStrategy-000,BTC/USD.KRAKEN,KRAKEN-1-532,BTC/USD.KRAKEN-KrakenBTCUSDResearchStrategy-000,KRAKEN-001,T-bbc1e6fe76672a37-164187,MARKET,SELL,0.02469954,GTC,False,False,0.02469954,TAKER,69136.01,0.0,['6.83 USD'],NO_TRIGGER,FILLED,NO_CONTINGENCY,,,,,,,,4d138419-8e44-41dc-9cbd-9fcf027cee35,2024-05-25 18:40:00+00:00,2024-05-25 18:40:00+00:00
O-20240525-230500-BACKTEST-000-533,KRAKEN-BACKTEST,KrakenBTCUSDResearchStrategy-000,BTC/USD.KRAKEN,KRAKEN-1-533,BTC/USD.KRAKEN-KrakenBTCUSDResearchStrategy-000,KRAKEN-001,T-1c60489015e63c2b-164392,MARKET,BUY,0.02460045,GTC,False,False,0.02460045,TAKER,69316.17,0.0,['6.82 USD'],NO_TRIGGER,FILLED,NO_CONTINGENCY,,,,,,,,ee5365fd-3702-41f2-82da-ca1c94c8054a,2024-05-25 23:05:00+00:00,2024-05-25 23:05:00+00:00
O-20240526-001000-BACKTEST-000-534,KRAKEN-BACKTEST,KrakenBTCUSDResearchStrategy-000,BTC/USD.KRAKEN,KRAKEN-1-534,BTC/USD.KRAKEN-KrakenBTCUSDResearchStrategy-000,KRAKEN-001,T-c44c148bf97e4e26-164439,MARKET,SELL,0.02460045,GTC,False,False,0.02460045,TAKER,69232.34999999999,0.0,['6.81 USD'],NO_TRIGGER,FILLED,NO_CONTINGENCY,,,,,,,,6e643b2d-1045-4ea8-b5e2-e1e98e3dc19a,2024-05-26 00:10:00+00:00,2024-05-26 00:10:00+00:00
O-20240526-073000-BACKTEST-000-535,KRAKEN-BACKTEST,KrakenBTCUSDResearchStrategy-000,BTC/USD.KRAKEN,KRAKEN-1-535,BTC/USD.KRAKEN-KrakenBTCUSDResearchStrategy-000,KRAKEN-001,T-2b459c5f429ac86a-164770,MARKET,BUY,0.02450290,GTC,False,False,0.02450290,TAKER,69400.01,0.0,['6.80 USD'],NO_TRIGGER,FILLED,NO_CONTINGENCY,,,,,,,,0b3883c6-efe1-40ec-875b-b46bdb38defa,2024-05-26 07:30:00+00:00,2024-05-26 07:30:00+00:00
O-20240526-074500-BACKTEST-000-536,KRAKEN-BACKTEST,KrakenBTCUSDResearchStrategy-000,BTC/USD.KRAKEN,KRAKEN-1-536,BTC/USD.KRAKEN-KrakenBTCUSDResearchStrategy-000,KRAKEN-001,T-4d92e8f68e5382e5-164782,MARKET,SELL,0.02450290,GTC,False,False,0.02450290,TAKER,69274.0,0.0,['6.79 USD'],NO_TRIGGER,FILLED,NO_CONTINGENCY,,,,,,,,4d677449-8f53-400d-acfa-9a57b15229d7,2024-05-26 07:45:00+00:00,2024-05-26 07:45:00+00:00
O-20240526-150000-BACKTEST-000-537,KRAKEN-BACKTEST,KrakenBTCUSDResearchStrategy-000,BTC/USD.KRAKEN,KRAKEN-1-537,BTC/USD.KRAKEN-KrakenBTCUSDResearchStrategy-000,KRAKEN-001,T-e4f9afe5f2137648-165117,MARKET,BUY,0.02445195,GTC,False,False,0.02445195,TAKER,69339.99,0.0,['6.78 USD'],NO_TRIGGER,FILLED,NO_CONTINGENCY,,,,,,,,0d75b46b-c3b1-4d21-bbeb-62971877d737,2024-05-26 15:00:00+00:00,2024-05-26 15:00:00+00:00
O-20240526-152000-BACKTEST-000-538,KRAKEN-BACKTEST,KrakenBTCUSDResearchStrategy-000,BTC/USD.KRAKEN,KRAKEN-1-538,BTC/USD.KRAKEN-KrakenBTCUSDResearchStrategy-000,KRAKEN-001,T-be9c063738b67e0c-165132,MARKET,SELL,0.02445195,GTC,False,False,0.02445195,TAKER,69200.0,0.0,['6.77 USD'],NO_TRIGGER,FILLED,NO_CONTINGENCY,,,,,,,,503eed09-5883-4d58-8a50-7c8dd4a9948c,2024-05-26 15:20:00+00:00,2024-05-26 15:20:00+00:00
O-20240527-014000-BACKTEST-000-539,KRAKEN-BACKTEST,KrakenBTCUSDResearchStrategy-000,BTC/USD.KRAKEN,KRAKEN-1-539,BTC/USD.KRAKEN-KrakenBTCUSDResearchStrategy-000,KRAKEN-001,T-849d5ad49019f754-165591,MARKET,BUY,0.02444970,GTC,False,False,0.02444970,TAKER,69138.0,0.0,['6.76 USD'],NO_TRIGGER,FILLED,NO_CONTINGENCY,,,,,,,,2d681c25-a51e-408c-9ea5-7f8e6624257c,2024-05-27 01:40:00+00:00,2024-05-27 01:40:00+00:00
O-20240527-034000-BACKTEST-000-540,KRAKEN-BACKTEST,KrakenBTCUSDResearchStrategy-000,BTC/USD.KRAKEN,KRAKEN-1-540,BTC/USD.KRAKEN-KrakenBTCUSDResearchStrategy-000,KRAKEN-001,T-433efa5902e4f022-165686,MARKET,SELL,0.02444970,GTC,False,False,0.02444970,TAKER,68919.81,0.0,['6.74 USD'],NO_TRIGGER,FILLED,NO_CONTINGENCY,,,,,,,,311bae6d-5336-498e-b7ec-e28ba6c3fc5d,2024-05-27 03:40:00+00:00,2024-05-27 03:40:00+00:00
O-20240527-142000-BACKTEST-000-541,KRAKEN-BACKTEST,KrakenBTCUSDResearchStrategy-000,BTC/USD.KRAKEN,KRAKEN-1-541,BTC/USD.KRAKEN-KrakenBTCUSDResearchStrategy-000,KRAKEN-001,T-6e28b94b70ad86b0-166180,MARKET,BUY,0.02439058,GTC,False,False,0.02439058,TAKER,69073.99,0.0,['6.74 USD'],NO_TRIGGER,FILLED,NO_CONTINGENCY,,,,,,,,a08edf4a-abc5-4bb8-aea0-f66ca4494def,2024-05-27 14:20:00+00:00,2024-05-27 14:20:00+00:00
O-20240527-194500-BACKTEST-000-542,KRAKEN-BACKTEST,KrakenBTCUSDResearchStrategy-000,BTC/USD.KRAKEN,KRAKEN-1-542,BTC/USD.KRAKEN-KrakenBTCUSDResearchStrategy-000,KRAKEN-001,T-5ad2a66a777e78ac-166431,MARKET,SELL,0.02439058,GTC,False,False,0.02439058,TAKER,69211.57,0.0,['6.75 USD'],NO_TRIGGER,FILLED,NO_CONTINGENCY,,,,,,,,0c28a1d4-21cf-4fb8-9f58-e7a01931abad,2024-05-27 19:45:00+00:00,2024-05-27 19:45:00+00:00
O-20240528-101500-BACKTEST-000-543,KRAKEN-BACKTEST,KrakenBTCUSDResearchStrategy-000,BTC/USD.KRAKEN,KRAKEN-1-543,BTC/USD.KRAKEN-KrakenBTCUSDResearchStrategy-000,KRAKEN-001,T-00e2473e82e5a230-167102,MARKET,BUY,0.02444211,GTC,False,False,0.02444211,TAKER,68804.01999999999,0.0,['6.73 USD'],NO_TRIGGER,FILLED,NO_CONTINGENCY,,,,,,,,1f5efbc3-849e-4168-8c2d-71b23d4c28fd,2024-05-28 10:15:00+00:00,2024-05-28 10:15:00+00:00
O-20240528-103500-BACKTEST-000-544,KRAKEN-BACKTEST,KrakenBTCUSDResearchStrategy-000,BTC/USD.KRAKEN,KRAKEN-1-544,BTC/USD.KRAKEN-KrakenBTCUSDResearchStrategy-000,KRAKEN-001,T-741dd66394bd203d-167117,MARKET,SELL,0.02444211,GTC,False,False,0.02444211,TAKER,68523.68,0.0,['6.70 USD'],NO_TRIGGER,FILLED,NO_CONTINGENCY,,,,,,,,2d87fcc6-394c-42a8-b769-3ae3a472e824,2024-05-28 10:35:00+00:00,2024-05-28 10:35:00+00:00
O-20240528-195000-BACKTEST-000-545,KRAKEN-BACKTEST,KrakenBTCUSDResearchStrategy-000,BTC/USD.KRAKEN,KRAKEN-1-545,BTC/USD.KRAKEN-KrakenBTCUSDResearchStrategy-000,KRAKEN-001,T-c70e949954eccb17-167549,MARKET,BUY,0.02446739,GTC,False,False,0.02446739,TAKER,68484.15000000001,0.0,['6.70 USD'],NO_TRIGGER,FILLED,NO_CONTINGENCY,,,,,,,,0e8cb1c7-d3b1-4342-8d3e-46350bdf93e6,2024-05-28 19:50:00+00:00,2024-05-28 19:50:00+00:00
O-20240528-204500-BACKTEST-000-546,KRAKEN-BACKTEST,KrakenBTCUSDResearchStrategy-000,BTC/USD.KRAKEN,KRAKEN-1-546,BTC/USD.KRAKEN-KrakenBTCUSDResearchStrategy-000,KRAKEN-001,T-39a522e045c16961-167593,MARKET,SELL,0.02446739,GTC,False,False,0.02446739,TAKER,68207.75,0.0,['6.68 USD'],NO_TRIGGER,FILLED,NO_CONTINGENCY,,,,,,,,32dd8a15-1e34-446f-a300-047125e4e1e8,2024-05-28 20:45:00+00:00,2024-05-28 20:45:00+00:00
O-20240529-014000-BACKTEST-000-547,KRAKEN-BACKTEST,KrakenBTCUSDResearchStrategy-000,BTC/USD.KRAKEN,KRAKEN-1-547,BTC/USD.KRAKEN-KrakenBTCUSDResearchStrategy-000,KRAKEN-001,T-223e3d9c84cd0b04-167821,MARKET,BUY,0.02431249,GTC,False,False,0.02431249,TAKER,68671.97,0.0,['6.68 USD'],NO_TRIGGER,FILLED,NO_CONTINGENCY,,,,,,,,b530054c-defc-40c4-9480-a9a7090691a1,2024-05-29 01:40:00+00:00,2024-05-29 01:40:00+00:00
O-20240529-055500-BACKTEST-000-548,KRAKEN-BACKTEST,KrakenBTCUSDResearchStrategy-000,BTC/USD.KRAKEN,KRAKEN-1-548,BTC/USD.KRAKEN-KrakenBTCUSDResearchStrategy-000,KRAKEN-001,T-9ffcb8a754fec6ad-168016,MARKET,SELL,0.02431249,GTC,False,False,0.02431249,TAKER,68584.73,0.0,['6.67 USD'],NO_TRIGGER,FILLED,NO_CONTINGENCY,,,,,,,,839182be-7268-4dcf-b561-6d329ebca591,2024-05-29 05:55:00+00:00,2024-05-29 05:55:00+00:00
O-20240530-020500-BACKTEST-000-549,KRAKEN-BACKTEST,KrakenBTCUSDResearchStrategy-000,BTC/USD.KRAKEN,KRAKEN-1-549,BTC/USD.KRAKEN-KrakenBTCUSDResearchStrategy-000,KRAKEN-001,T-cb5620b097f43a5a-168958,MARKET,BUY,0.02451324,GTC,False,False,0.02451324,TAKER,67920.26,0.0,['6.66 USD'],NO_TRIGGER,FILLED,NO_CONTINGENCY,,,,,,,,78109b64-3fd4-4194-8bef-9cd00f2c2124,2024-05-30 02:05:00+00:00,2024-05-30 02:05:00+00:00
O-20240530-062000-BACKTEST-000-550,KRAKEN-BACKTEST,KrakenBTCUSDResearchStrategy-000,BTC/USD.KRAKEN,KRAKEN-1-550,BTC/USD.KRAKEN-KrakenBTCUSDResearchStrategy-000,KRAKEN-001,T-5e7d3856b0d35036-169159,MARKET,SELL,0.02451324,GTC,False,False,0.02451324,TAKER,67821.88,0.0,['6.65 USD'],NO_TRIGGER,FILLED,NO_CONTINGENCY,,,,,,,,3ade0955-e215-4095-8d00-396551a5a2e6,2024-05-30 06:20:00+00:00,2024-05-30 06:20:00+00:00
O-20240530-112500-BACKTEST-000-551,KRAKEN-BACKTEST,KrakenBTCUSDResearchStrategy-000,BTC/USD.KRAKEN,KRAKEN-1-551,BTC/USD.KRAKEN-KrakenBTCUSDResearchStrategy-000,KRAKEN-001,T-24036f710f138617-169400,MARKET,BUY,0.02438194,GTC,False,False,0.02438194,TAKER,68092.47,0.0,['6.64 USD'],NO_TRIGGER,FILLED,NO_CONTINGENCY,,,,,,,,725f9013-7208-4b94-9a53-f7dc1340ee1a,2024-05-30 11:25:00+00:00,2024-05-30 11:25:00+00:00
O-20240530-115000-BACKTEST-000-552,KRAKEN-BACKTEST,KrakenBTCUSDResearchStrategy-000,BTC/USD.KRAKEN,KRAKEN-1-552,BTC/USD.KRAKEN-KrakenBTCUSDResearchStrategy-000,KRAKEN-001,T-87da17e84ebb532a-169419,MARKET,SELL,0.02438194,GTC,False,False,0.02438194,TAKER,67862.98999999999,0.0,['6.62 USD'],NO_TRIGGER,FILLED,NO_CONTINGENCY,,,,,,,,7104f5f6-a067-4799-bb1c-91a1e9219ced,2024-05-30 11:50:00+00:00,2024-05-30 11:50:00+00:00
O-20240530-134500-BACKTEST-000-553,KRAKEN-BACKTEST,KrakenBTCUSDResearchStrategy-000,BTC/USD.KRAKEN,KRAKEN-1-553,BTC/USD.KRAKEN-KrakenBTCUSDResearchStrategy-000,KRAKEN-001,T-c1a4f52dae25ba16-169511,MARKET,BUY,0.02411873,GTC,False,False,0.02411873,TAKER,68600.98999999999,0.0,['6.62 USD'],NO_TRIGGER,FILLED,NO_CONTINGENCY,,,,,,,,510f6298-ad3b-40b8-8bd6-70d9bea54358,2024-05-30 13:45:00+00:00,2024-05-30 13:45:00+00:00
O-20240530-194500-BACKTEST-000-554,KRAKEN-BACKTEST,KrakenBTCUSDResearchStrategy-000,BTC/USD.KRAKEN,KRAKEN-1-554,BTC/USD.KRAKEN-KrakenBTCUSDResearchStrategy-000,KRAKEN-001,T-0fc87474904da154-169797,MARKET,SELL,0.02411873,GTC,False,False,0.02411873,TAKER,68473.03,0.0,['6.61 USD'],NO_TRIGGER,FILLED,NO_CONTINGENCY,,,,,,,,5ab357ce-c861-4572-be0a-d571679f6c70,2024-05-30 19:45:00+00:00,2024-05-30 19:45:00+00:00
O-20240531-021500-BACKTEST-000-555,KRAKEN-BACKTEST,KrakenBTCUSDResearchStrategy-000,BTC/USD.KRAKEN,KRAKEN-1-555,BTC/USD.KRAKEN-KrakenBTCUSDResearchStrategy-000,KRAKEN-001,T-4320f4bbd5e56e9b-170096,MARKET,BUY,0.02402180,GTC,False,False,0.02402180,TAKER,68673.97,0.0,['6.60 USD'],NO_TRIGGER,FILLED,NO_CONTINGENCY,,,,,,,,d69a88a6-78a6-451d-9d81-a247aecd1ec6,2024-05-31 02:15:00+00:00,2024-05-31 02:15:00+00:00
O-20240531-030000-BACKTEST-000-556,KRAKEN-BACKTEST,KrakenBTCUSDResearchStrategy-000,BTC/USD.KRAKEN,KRAKEN-1-556,BTC/USD.KRAKEN-KrakenBTCUSDResearchStrategy-000,KRAKEN-001,T-a38094231a5f7a1d-170128,MARKET,SELL,0.02402180,GTC,False,False,0.02402180,TAKER,68530.0,0.0,['6.58 USD'],NO_TRIGGER,FILLED,NO_CONTINGENCY,,,,,,,,8222821a-243e-44ad-bd3f-792e11d72c5a,2024-05-31 03:00:00+00:00,2024-05-31 03:00:00+00:00
O-20240531-122000-BACKTEST-000-557,KRAKEN-BACKTEST,KrakenBTCUSDResearchStrategy-000,BTC/USD.KRAKEN,KRAKEN-1-557,BTC/USD.KRAKEN-KrakenBTCUSDResearchStrategy-000,KRAKEN-001,T-99ac0436e33210d4-170551,MARKET,BUY,0.02400091,GTC,False,False,0.02400091,TAKER,68525.75,0.0,['6.58 USD'],NO_TRIGGER,FILLED,NO_CONTINGENCY,,,,,,,,9d73cba4-1ca0-445a-b1de-120447f79772,2024-05-31 12:20:00+00:00,2024-05-31 12:20:00+00:00
O-20240531-133000-BACKTEST-000-558,KRAKEN-BACKTEST,KrakenBTCUSDResearchStrategy-000,BTC/USD.KRAKEN,KRAKEN-1-558,BTC/USD.KRAKEN-KrakenBTCUSDResearchStrategy-000,KRAKEN-001,T-c750094778127c72-170607,MARKET,SELL,0.02400091,GTC,False,False,0.02400091,TAKER,68201.0,0.0,['6.55 USD'],NO_TRIGGER,FILLED,NO_CONTINGENCY,,,,,,,,2dbef1f9-0864-4093-8745-ef03182655d4,2024-05-31 13:30:00+00:00,2024-05-31 13:30:00+00:00
