position_id,trader_id,strategy_id,instrument_id,account_id,opening_order_id,closing_order_id,entry,side,quantity,peak_qty,ts_init,ts_opened,ts_last,ts_closed,duration_ns,avg_px_open,avg_px_close,commissions,realized_return,realized_pnl,is_snapshot
BTC/USD.KRAKEN-KrakenBTCUSDResearchStrategy-000-7bde3b2e-65ba-44e7-b804-90ab5e80da0e,KRAKEN-BACKTEST,KrakenBTCUSDResearchStrategy-000,BTC/USD.KRAKEN,KRAKEN-001,O-20240101-085500-BACKTEST-000-1,O-20240101-144500-BACKTEST-000-2,BUY,FLAT,0.00000000,0.07050530,1704099300000000000,2024-01-01 08:55:00+00:00,1704120300000000000,2024-01-01 14:45:00+00:00,21000000000000,42549.990000000005,42601.100000000006,['24.01 USD'],0.0012,-20.41 USD,True
BTC/USD.KRAKEN-KrakenBTCUSDResearchStrategy-000-faebed4e-b727-4957-a3b3-0d652dce024c,KRAKEN-BACKTEST,KrakenBTCUSDResearchStrategy-000,BTC/USD.KRAKEN,KRAKEN-001,O-20240101-180000-BACKTEST-000-3,O-20240102-113500-BACKTEST-000-4,BUY,FLAT,0.00000000,0.06970571,1704132000000000000,2024-01-01 18:00:00+00:00,1704195300000000000,2024-01-02 11:35:00+00:00,63300000000000,42950.24,45322.0,['24.62 USD'],0.05522,140.71 USD,True
BTC/USD.KRAKEN-KrakenBTCUSDResearchStrategy-000-d671497f-4ffb-4261-bb5d-eb803d834bd2,KRAKEN-BACKTEST,KrakenBTCUSDResearchStrategy-000,BTC/USD.KRAKEN,KRAKEN-001,O-20240103-015000-BACKTEST-000-5,O-20240103-040500-BACKTEST-000-6,BUY,FLAT,0.00000000,0.06702567,1704246600000000000,2024-01-03 01:50:00+00:00,1704254700000000000,2024-01-03 04:05:00+00:00,8100000000000,45297.369999999995,45192.689999999995,['24.26 USD'],-0.00231,-31.28 USD,True
BTC/USD.KRAKEN-KrakenBTCUSDResearchStrategy-000-fe3dc36e-af57-4003-abd4-732258a08c79,KRAKEN-BACKTEST,KrakenBTCUSDResearchStrategy-000,BTC/USD.KRAKEN,KRAKEN-001,O-20240103-070500-BACKTEST-000-7,O-20240103-074000-BACKTEST-000-8,BUY,FLAT,0.00000000,0.06671135,1704265500000000000,2024-01-03 07:05:00+00:00,1704267600000000000,2024-01-03 07:40:00+00:00,2100000000000,45370.13,45150.270000000004,['24.16 USD'],-0.00485,-38.83 USD,True
BTC/USD.KRAKEN-KrakenBTCUSDResearchStrategy-000-1be0d760-b679-479b-b02b-9339eab21ae4,KRAKEN-BACKTEST,KrakenBTCUSDResearchStrategy-000,BTC/USD.KRAKEN,KRAKEN-001,O-20240103-093500-BACKTEST-000-9,O-20240103-101500-BACKTEST-000-10,BUY,FLAT,0.00000000,0.06627662,1704274500000000000,2024-01-03 09:35:00+00:00,1704276900000000000,2024-01-03 10:15:00+00:00,2400000000000,45492.009999999995,45336.12,['24.08 USD'],-0.00343,-34.41 USD,True
BTC/USD.KRAKEN-KrakenBTCUSDResearchStrategy-000-35641d2a-b7b2-4ee7-b0d3-2f219f7182a2,KRAKEN-BACKTEST,KrakenBTCUSDResearchStrategy-000,BTC/USD.KRAKEN,KRAKEN-001,O-20240104-025500-BACKTEST-000-11,O-20240104-040000-BACKTEST-000-12,BUY,FLAT,0.00000000,0.06965313,1704336900000000000,2024-01-04 02:55:00+00:00,1704340800000000000,2024-01-04 04:00:00+00:00,3900000000000,43138.49,42977.55,['23.99 USD'],-0.00373,-35.20 USD,True
BTC/USD.KRAKEN-KrakenBTCUSDResearchStrategy-000-45fcdd6d-2f7a-41e1-8469-7e14961468d1,KRAKEN-BACKTEST,KrakenBTCUSDResearchStrategy-000,BTC/USD.KRAKEN,KRAKEN-001,O-20240104-053500-BACKTEST-000-13,O-20240104-061000-BACKTEST-000-14,BUY,FLAT,0.00000000,0.06921656,1704346500000000000,2024-01-04 05:35:00+00:00,1704348600000000000,2024-01-04 06:10:00+00:00,2100000000000,43258.009999999995,43111.8,['23.92 USD'],-0.00338,-34.04 USD,True
BTC/USD.KRAKEN-KrakenBTCUSDResearchStrategy-000-983c7cc1-9f40-4369-8754-8a77f8461f9e,KRAKEN-BACKTEST,KrakenBTCUSDResearchStrategy-000,BTC/USD.KRAKEN,KRAKEN-001,O-20240104-121000-BACKTEST-000-15,O-20240105-003500-BACKTEST-000-16,BUY,FLAT,0.00000000,0.06900282,1704370200000000000,2024-01-04 12:10:00+00:00,1704414900000000000,2024-01-05 00:35:00+00:00,44700000000000,43244.009999999995,44059.53,['24.10 USD'],0.01886,32.17 USD,True
BTC/USD.KRAKEN-KrakenBTCUSDResearchStrategy-000-607f5c26-a9bc-4692-9173-6a8de3db5ed8,KRAKEN-BACKTEST,KrakenBTCUSDResearchStrategy-000,BTC/USD.KRAKEN,KRAKEN-001,O-20240105-090000-BACKTEST-000-17,O-20240105-104500-BACKTEST-000-18,BUY,FLAT,0.00000000,0.06784608,1704445200000000000,2024-01-05 09:00:00+00:00,1704451500000000000,2024-01-05 10:45:00+00:00,6300000000000,44123.55,43901.11,['23.88 USD'],-0.00504,-38.97 USD,True
BTC/USD.KRAKEN-KrakenBTCUSDResearchStrategy-000-3a00f4e0-ed86-4f8c-9c31-45a6460a8b01,KRAKEN-BACKTEST,KrakenBTCUSDResearchStrategy-000,BTC/USD.KRAKEN,KRAKEN-001,O-20240105-205000-BACKTEST-000-19,O-20240105-210000-BACKTEST-000-20,BUY,FLAT,0.00000000,0.06760188,1704487800000000000,2024-01-05 20:50:00+00:00,1704488400000000000,2024-01-05 21:00:00+00:00,600000000000,44110.0,43789.93,['23.77 USD'],-0.00726,-45.41 USD,True
BTC/USD.KRAKEN-KrakenBTCUSDResearchStrategy-000-64a2911c-d6c0-411b-a248-b7f4e0f35f37,KRAKEN-BACKTEST,KrakenBTCUSDResearchStrategy-000,BTC/USD.KRAKEN,KRAKEN-001,O-20240106-141500-BACKTEST-000-21,O-20240106-200500-BACKTEST-000-22,BUY,FLAT,0.00000000,0.06767495,1704550500000000000,2024-01-06 14:15:00+00:00,1704571500000000000,2024-01-06 20:05:00+00:00,21000000000000,43861.07,43857.53,['23.74 USD'],-8e-05,-23.98 USD,True
BTC/USD.KRAKEN-KrakenBTCUSDResearchStrategy-000-335fa091-55d2-453e-acad-83fd8bc22307,KRAKEN-BACKTEST,KrakenBTCUSDResearchStrategy-000,BTC/USD.KRAKEN,KRAKEN-001,O-20240107-001500-BACKTEST-000-23,O-20240107-023500-BACKTEST-000-24,BUY,FLAT,0.00000000,0.06730687,1704586500000000000,2024-01-07 00:15:00+00:00,1704594900000000000,2024-01-07 02:35:00+00:00,8400000000000,43994.049999999996,43848.2,['23.65 USD'],-0.00332,-33.47 USD,True
BTC/USD.KRAKEN-KrakenBTCUSDResearchStrategy-000-d48689af-c256-49d6-b6b6-f5f070cfffd7,KRAKEN-BACKTEST,KrakenBTCUSDResearchStrategy-000,BTC/USD.KRAKEN,KRAKEN-001,O-20240107-080000-BACKTEST-000-25,O-20240107-085500-BACKTEST-000-26,BUY,FLAT,0.00000000,0.06688559,1704614400000000000,2024-01-07 08:00:00+00:00,1704617700000000000,2024-01-07 08:55:00+00:00,3300000000000,44121.07,44017.990000000005,['23.58 USD'],-0.00234,-30.47 USD,True
BTC/USD.KRAKEN-KrakenBTCUSDResearchStrategy-000-3b6b5033-738e-41f4-903d-e00b68ee57ce,KRAKEN-BACKTEST,KrakenBTCUSDResearchStrategy-000,BTC/USD.KRAKEN,KRAKEN-001,O-20240107-131000-BACKTEST-000-27,O-20240107-153500-BACKTEST-000-28,BUY,FLAT,0.00000000,0.06651418,1704633000000000000,2024-01-07 13:10:00+00:00,1704641700000000000,2024-01-07 15:35:00+00:00,8700000000000,44230.009999999995,44129.990000000005,['23.51 USD'],-0.00226,-30.16 USD,True
BTC/USD.KRAKEN-KrakenBTCUSDResearchStrategy-000-c95038bc-c0e9-4edd-b103-f9f311d7e289,KRAKEN-BACKTEST,KrakenBTCUSDResearchStrategy-000,BTC/USD.KRAKEN,KRAKEN-001,O-20240108-111000-BACKTEST-000-29,O-20240109-003500-BACKTEST-000-30,BUY,FLAT,0.00000000,0.06638129,1704712200000000000,2024-01-08 11:10:00+00:00,1704760500000000000,2024-01-09 00:35:00+00:00,48300000000000,44182.25,46334.88,['24.03 USD'],0.04872,118.86 USD,True
BTC/USD.KRAKEN-KrakenBTCUSDResearchStrategy-000-958e7fc0-8ce6-45b2-bcde-abffe3bc2172,KRAKEN-BACKTEST,KrakenBTCUSDResearchStrategy-000,BTC/USD.KRAKEN,KRAKEN-001,O-20240109-211000-BACKTEST-000-31,O-20240109-211500-BACKTEST-000-32,BUY,FLAT,0.00000000,0.06194986,1704834600000000000,2024-01-09 21:10:00+00:00,1704834900000000000,2024-01-09 21:15:00+00:00,300000000000,47918.36,46522.02,['23.40 USD'],-0.02914,-109.90 USD,True
BTC/USD.KRAKEN-KrakenBTCUSDResearchStrategy-000-27c21215-7ea4-4f4d-84cc-cc54b8e9044a,KRAKEN-BACKTEST,KrakenBTCUSDResearchStrategy-000,BTC/USD.KRAKEN,KRAKEN-001,O-20240110-173500-BACKTEST-000-33,O-20240110-201000-BACKTEST-000-34,BUY,FLAT,0.00000000,0.06393536,1704908100000000000,2024-01-10 17:35:00+00:00,1704917400000000000,2024-01-10 20:10:00+00:00,9300000000000,45914.54,45548.56,['23.39 USD'],-0.00797,-46.79 USD,True
BTC/USD.KRAKEN-KrakenBTCUSDResearchStrategy-000-a36fbaaa-a4ff-424e-b1df-9304cd8f8a10,KRAKEN-BACKTEST,KrakenBTCUSDResearchStrategy-000,BTC/USD.KRAKEN,KRAKEN-001,O-20240110-225000-BACKTEST-000-35,O-20240111-001500-BACKTEST-000-36,BUY,FLAT,0.00000000,0.04250439,1704927000000000000,2024-01-10 22:50:00+00:00,1704932100000000000,2024-01-11 00:15:00+00:00,5100000000000,46925.0,46352.0,['15.86 USD'],-0.01221,-40.22 USD,True
BTC/USD.KRAKEN-KrakenBTCUSDResearchStrategy-000-15fb50a5-0b0a-4cb6-9efd-0bc938754b4f,KRAKEN-BACKTEST,KrakenBTCUSDResearchStrategy-000,BTC/USD.KRAKEN,KRAKEN-001,O-20240111-101500-BACKTEST-000-37,O-20240111-154500-BACKTEST-000-38,BUY,FLAT,0.00000000,0.06274041,1704968100000000000,2024-01-11 10:15:00+00:00,1704987900000000000,2024-01-11 15:45:00+00:00,19800000000000,46372.979999999996,46752.6,['23.37 USD'],0.00819,0.45 USD,True
BTC/USD.KRAKEN-KrakenBTCUSDResearchStrategy-000-61210b35-f3bd-4fa2-8d6e-c44a77d42e7f,KRAKEN-BACKTEST,KrakenBTCUSDResearchStrategy-000,BTC/USD.KRAKEN,KRAKEN-001,O-20240113-062000-BACKTEST-000-39,O-20240113-064000-BACKTEST-000-40,BUY,FLAT,0.00000000,0.06741623,1705126800000000000,2024-01-13 06:20:00+00:00,1705128000000000000,2024-01-13 06:40:00+00:00,1200000000000,43158.67,42988.5,['23.23 USD'],-0.00394,-34.70 USD,True
BTC/USD.KRAKEN-KrakenBTCUSDResearchStrategy-000-1e333a44-40a4-4404-8aec-e9931ccf7bdc,KRAKEN-BACKTEST,KrakenBTCUSDResearchStrategy-000,BTC/USD.KRAKEN,KRAKEN-001,O-20240113-152000-BACKTEST-000-41,O-20240113-163500-BACKTEST-000-42,BUY,FLAT,0.00000000,0.06728384,1705159200000000000,2024-01-13 15:20:00+00:00,1705163700000000000,2024-01-13 16:35:00+00:00,4500000000000,43088.87,42879.420000000006,['23.14 USD'],-0.00486,-37.23 USD,True
BTC/USD.KRAKEN-KrakenBTCUSDResearchStrategy-000-75c072a9-fc63-4ba8-8e29-d9b2f5cbec28,KRAKEN-BACKTEST,KrakenBTCUSDResearchStrategy-000,BTC/USD.KRAKEN,KRAKEN-001,O-20240113-220000-BACKTEST-000-43,O-20240113-232000-BACKTEST-000-44,BUY,FLAT,0.00000000,0.06713950,1705183200000000000,2024-01-13 22:00:00+00:00,1705188000000000000,2024-01-13 23:20:00+00:00,4800000000000,43015.15,42878.0,['23.07 USD'],-0.00319,-32.28 USD,True
BTC/USD.KRAKEN-KrakenBTCUSDResearchStrategy-000-18144b7b-e876-4b7a-b6a5-89726f181db3,KRAKEN-BACKTEST,KrakenBTCUSDResearchStrategy-000,BTC/USD.KRAKEN,KRAKEN-001,O-20240114-062500-BACKTEST-000-45,O-20240114-110000-BACKTEST-000-46,BUY,FLAT,0.00000000,0.06710485,1705213500000000000,2024-01-14 06:25:00+00:00,1705230000000000000,2024-01-14 11:00:00+00:00,16500000000000,42893.049999999996,42808.700000000004,['23.00 USD'],-0.00197,-28.66 USD,True
BTC/USD.KRAKEN-KrakenBTCUSDResearchStrategy-000-c48abed5-1957-494f-91ae-45295bd13f5c,KRAKEN-BACKTEST,KrakenBTCUSDResearchStrategy-000,BTC/USD.KRAKEN,KRAKEN-001,O-20240115-050000-BACKTEST-000-47,O-20240115-072500-BACKTEST-000-48,BUY,FLAT,0.00000000,0.06720011,1705294800000000000,2024-01-15 05:00:00+00:00,1705303500000000000,2024-01-15 07:25:00+00:00,8700000000000,42704.3,42599.990000000005,['22.93 USD'],-0.00244,-29.94 USD,True
BTC/USD.KRAKEN-KrakenBTCUSDResearchStrategy-000-809ca9a4-46e3-410c-97a4-dad2d4ad229e,KRAKEN-BACKTEST,KrakenBTCUSDResearchStrategy-000,BTC/USD.KRAKEN,KRAKEN-001,O-20240115-134500-BACKTEST-000-49,O-20240115-140500-BACKTEST-000-50,BUY,FLAT,0.00000000,0.06671999,1705326300000000000,2024-01-15 13:45:00+00:00,1705327500000000000,2024-01-15 14:05:00+00:00,1200000000000,42876.979999999996,42621.100000000006,['22.81 USD'],-0.00597,-39.88 USD,True
BTC/USD.KRAKEN-KrakenBTCUSDResearchStrategy-000-5356c133-5cb1-41d2-ad25-a1abee5ad026,KRAKEN-BACKTEST,KrakenBTCUSDResearchStrategy-000,BTC/USD.KRAKEN,KRAKEN-001,O-20240115-182500-BACKTEST-000-51,O-20240115-193500-BACKTEST-000-52,BUY,FLAT,0.00000000,0.06601140,1705343100000000000,2024-01-15 18:25:00+00:00,1705347300000000000,2024-01-15 19:35:00+00:00,4200000000000,43156.0,42886.86,['22.72 USD'],-0.00624,-40.49 USD,True
BTC/USD.KRAKEN-KrakenBTCUSDResearchStrategy-000-399c7614-1525-4b83-a5ba-e8a19a03de24,KRAKEN-BACKTEST,KrakenBTCUSDResearchStrategy-000,BTC/USD.KRAKEN,KRAKEN-001,O-20240116-035500-BACKTEST-000-53,O-20240116-044500-BACKTEST-000-54,BUY,FLAT,0.00000000,0.06608433,1705377300000000000,2024-01-16 03:55:00+00:00,1705380300000000000,2024-01-16 04:45:00+00:00,3000000000000,42924.56,42786.57,['22.66 USD'],-0.00321,-31.78 USD,True
BTC/USD.KRAKEN-KrakenBTCUSDResearchStrategy-000-af1295c5-8902-4be0-9186-4e8a59e6918a,KRAKEN-BACKTEST,KrakenBTCUSDResearchStrategy-000,BTC/USD.KRAKEN,KRAKEN-001,O-20240116-084500-BACKTEST-000-55,O-20240116-110500-BACKTEST-000-56,BUY,FLAT,0.00000000,0.06573449,1705394700000000000,2024-01-16 08:45:00+00:00,1705403100000000000,2024-01-16 11:05:00+00:00,8400000000000,43007.97,42872.36,['22.58 USD'],-0.00315,-31.49 USD,True
BTC/USD.KRAKEN-KrakenBTCUSDResearchStrategy-000-635cfa85-e554-4e97-8bd0-f7664c92ee97,KRAKEN-BACKTEST,KrakenBTCUSDResearchStrategy-000,BTC/USD.KRAKEN,KRAKEN-001,O-20240116-125500-BACKTEST-000-57,O-20240116-132000-BACKTEST-000-58,BUY,FLAT,0.00000000,0.06528985,1705409700000000000,2024-01-16 12:55:00+00:00,1705411200000000000,2024-01-16 13:20:00+00:00,1500000000000,43156.12,43016.42,['22.50 USD'],-0.00324,-31.62 USD,True
BTC/USD.KRAKEN-KrakenBTCUSDResearchStrategy-000-7d8690bb-7e13-44bb-9a33-444f023fa6d9,KRAKEN-BACKTEST,KrakenBTCUSDResearchStrategy-000,BTC/USD.KRAKEN,KRAKEN-001,O-20240117-203000-BACKTEST-000-59,O-20240117-222000-BACKTEST-000-60,BUY,FLAT,0.00000000,0.06567115,1705523400000000000,2024-01-17 20:30:00+00:00,1705530000000000000,2024-01-17 22:20:00+00:00,6600000000000,42761.100000000006,42504.16,['22.40 USD'],-0.00601,-39.27 USD,True
BTC/USD.KRAKEN-KrakenBTCUSDResearchStrategy-000-c8242dc1-d3fa-444c-b016-1df6b8313f3b,KRAKEN-BACKTEST,KrakenBTCUSDResearchStrategy-000,BTC/USD.KRAKEN,KRAKEN-001,O-20240118-051500-BACKTEST-000-61,O-20240118-085000-BACKTEST-000-62,BUY,FLAT,0.00000000,0.06543572,1705554900000000000,2024-01-18 05:15:00+00:00,1705567800000000000,2024-01-18 08:50:00+00:00,12900000000000,42734.91,42733.590000000004,['22.38 USD'],-3e-05,-22.47 USD,True
BTC/USD.KRAKEN-KrakenBTCUSDResearchStrategy-000-d5efd639-ad48-4a1f-8305-28da6bbe6b61,KRAKEN-BACKTEST,KrakenBTCUSDResearchStrategy-000,BTC/USD.KRAKEN,KRAKEN-001,O-20240119-184500-BACKTEST-000-63,O-20240120-003500-BACKTEST-000-64,BUY,FLAT,0.00000000,0.06705376,1705689900000000000,2024-01-19 18:45:00+00:00,1705710900000000000,2024-01-20 00:35:00+00:00,21000000000000,41603.17,41485.420000000006,['22.29 USD'],-0.00283,-30.19 USD,True
BTC/USD.KRAKEN-KrakenBTCUSDResearchStrategy-000-8c5d7520-8db6-47ac-988f-22a28b5f1446,KRAKEN-BACKTEST,KrakenBTCUSDResearchStrategy-000,BTC/USD.KRAKEN,KRAKEN-001,O-20240120-062000-BACKTEST-000-65,O-20240120-082500-BACKTEST-000-66,BUY,FLAT,0.00000000,0.06673207,1705731600000000000,2024-01-20 06:20:00+00:00,1705739100000000000,2024-01-20 08:25:00+00:00,7500000000000,41668.0,41585.97,['22.22 USD'],-0.00197,-27.69 USD,True
BTC/USD.KRAKEN-KrakenBTCUSDResearchStrategy-000-fb3bc356-8328-49f4-afbe-dc2a7bdb5c47,KRAKEN-BACKTEST,KrakenBTCUSDResearchStrategy-000,BTC/USD.KRAKEN,KRAKEN-001,O-20240120-201000-BACKTEST-000-67,O-20240120-235000-BACKTEST-000-68,BUY,FLAT,0.00000000,0.06649345,1705781400000000000,2024-01-20 20:10:00+00:00,1705794600000000000,2024-01-20 23:50:00+00:00,13200000000000,41692.6,41668.990000000005,['22.17 USD'],-0.00057,-23.74 USD,True
BTC/USD.KRAKEN-KrakenBTCUSDResearchStrategy-000-d8b882c5-77a9-4544-82e2-ea1acc80a526,KRAKEN-BACKTEST,KrakenBTCUSDResearchStrategy-000,BTC/USD.KRAKEN,KRAKEN-001,O-20240121-090000-BACKTEST-000-69,O-20240121-091000-BACKTEST-000-70,BUY,FLAT,0.00000000,0.06629156,1705827600000000000,2024-01-21 09:00:00+00:00,1705828200000000000,2024-01-21 09:10:00+00:00,600000000000,41712.14000000001,41677.11,['22.11 USD'],-0.00084,-24.43 USD,True
BTC/USD.KRAKEN-KrakenBTCUSDResearchStrategy-000-a3c359f8-564d-4cca-9ce0-4e609bab146a,KRAKEN-BACKTEST,KrakenBTCUSDResearchStrategy-000,BTC/USD.KRAKEN,KRAKEN-001,O-20240121-101500-BACKTEST-000-71,O-20240121-114500-BACKTEST-000-72,BUY,FLAT,0.00000000,0.06603042,1705832100000000000,2024-01-21 10:15:00+00:00,1705837500000000000,2024-01-21 11:45:00+00:00,5400000000000,41766.11,41701.420000000006,['22.04 USD'],-0.00155,-26.31 USD,True
BTC/USD.KRAKEN-KrakenBTCUSDResearchStrategy-000-fcd3e329-177f-428a-8c73-b94067740e73,KRAKEN-BACKTEST,KrakenBTCUSDResearchStrategy-000,BTC/USD.KRAKEN,KRAKEN-001,O-20240121-133500-BACKTEST-000-73,O-20240121-151500-BACKTEST-000-74,BUY,FLAT,0.00000000,0.06573096,1705844100000000000,2024-01-21 13:35:00+00:00,1705850100000000000,2024-01-21 15:15:00+00:00,6000000000000,41836.310000000005,41743.82,['21.98 USD'],-0.00221,-28.06 USD,True
BTC/USD.KRAKEN-KrakenBTCUSDResearchStrategy-000-5f5cfed8-0d76-45f9-a836-68e010cdb142,KRAKEN-BACKTEST,KrakenBTCUSDResearchStrategy-000,BTC/USD.KRAKEN,KRAKEN-001,O-20240123-041500-BACKTEST-000-75,O-20240123-055500-BACKTEST-000-76,BUY,FLAT,0.00000000,0.06830006,1705983300000000000,2024-01-23 04:15:00+00:00,1705989300000000000,2024-01-23 05:55:00+00:00,6000000000000,40139.39,40069.340000000004,['21.92 USD'],-0.00175,-26.70 USD,True
BTC/USD.KRAKEN-KrakenBTCUSDResearchStrategy-000-c44b1b96-23d1-44d6-af2c-91063d844975,KRAKEN-BACKTEST,KrakenBTCUSDResearchStrategy-000,BTC/USD.KRAKEN,KRAKEN-001,O-20240123-173000-BACKTEST-000-77,O-20240123-184000-BACKTEST-000-78,BUY,FLAT,0.00000000,0.06905940,1706031000000000000,2024-01-23 17:30:00+00:00,1706035200000000000,2024-01-23 18:40:00+00:00,4200000000000,39582.049999999996,39317.53999999999,['21.79 USD'],-0.00668,-40.06 USD,True
BTC/USD.KRAKEN-KrakenBTCUSDResearchStrategy-000-88ffd124-6719-4b58-8eb9-19b23990587b,KRAKEN-BACKTEST,KrakenBTCUSDResearchStrategy-000,BTC/USD.KRAKEN,KRAKEN-001,O-20240123-230500-BACKTEST-000-79,O-20240124-032500-BACKTEST-000-80,BUY,FLAT,0.00000000,0.06869002,1706051100000000000,2024-01-23 23:05:00+00:00,1706066700000000000,2024-01-24 03:25:00+00:00,15600000000000,39619.990000000005,39619.98,['21.78 USD'],-0.0,-21.78 USD,True
BTC/USD.KRAKEN-KrakenBTCUSDResearchStrategy-000-043e757d-8867-46f5-a1a1-5b1e8064a1c5,KRAKEN-BACKTEST,KrakenBTCUSDResearchStrategy-000,BTC/USD.KRAKEN,KRAKEN-001,O-20240124-071000-BACKTEST-000-81,O-20240124-130000-BACKTEST-000-82,BUY,FLAT,0.00000000,0.06799993,1706080200000000000,2024-01-24 07:10:00+00:00,1706101200000000000,2024-01-24 13:00:00+00:00,21000000000000,39925.98,40007.009999999995,['21.74 USD'],0.00203,-16.23 USD,True
BTC/USD.KRAKEN-KrakenBTCUSDResearchStrategy-000-e4c2ed93-d5c3-4c94-981f-2c816af45d3b,KRAKEN-BACKTEST,KrakenBTCUSDResearchStrategy-000,BTC/USD.KRAKEN,KRAKEN-001,O-20240124-232000-BACKTEST-000-83,O-20240125-013500-BACKTEST-000-84,BUY,FLAT,0.00000000,0.06757344,1706138400000000000,2024-01-24 23:20:00+00:00,1706146500000000000,2024-01-25 01:35:00+00:00,8100000000000,40105.92,39990.899999999994,['21.65 USD'],-0.00287,-29.42 USD,True
BTC/USD.KRAKEN-KrakenBTCUSDResearchStrategy-000-7989b689-3d57-445a-9e6c-6145bc371894,KRAKEN-BACKTEST,KrakenBTCUSDResearchStrategy-000,BTC/USD.KRAKEN,KRAKEN-001,O-20240125-075500-BACKTEST-000-85,O-20240125-083000-BACKTEST-000-86,BUY,FLAT,0.00000000,0.06731295,1706169300000000000,2024-01-25 07:55:00+00:00,1706171400000000000,2024-01-25 08:30:00+00:00,2100000000000,40130.0,40037.0,['21.59 USD'],-0.00232,-27.85 USD,True
BTC/USD.KRAKEN-KrakenBTCUSDResearchStrategy-000-6baf1f08-2228-4f79-a7aa-404dc153c231,KRAKEN-BACKTEST,KrakenBTCUSDResearchStrategy-000,BTC/USD.KRAKEN,KRAKEN-001,O-20240125-111000-BACKTEST-000-87,O-20240125-121500-BACKTEST-000-88,BUY,FLAT,0.00000000,0.06697546,1706181000000000000,2024-01-25 11:10:00+00:00,1706184900000000000,2024-01-25 12:15:00+00:00,3900000000000,40207.47,40077.56,['21.51 USD'],-0.00323,-30.21 USD,True
BTC/USD.KRAKEN-KrakenBTCUSDResearchStrategy-000-5ab921d2-944c-4a8d-bb99-fc96ba344ced,KRAKEN-BACKTEST,KrakenBTCUSDResearchStrategy-000,BTC/USD.KRAKEN,KRAKEN-001,O-20240126-021000-BACKTEST-000-89,O-20240126-064500-BACKTEST-000-90,BUY,FLAT,0.00000000,0.06699205,1706235000000000000,2024-01-26 02:10:00+00:00,1706251500000000000,2024-01-26 06:45:00+00:00,16500000000000,40062.23,40036.57,['21.47 USD'],-0.00064,-23.19 USD,True
BTC/USD.KRAKEN-KrakenBTCUSDResearchStrategy-000-d3aa6c33-8e3a-4333-9372-bef301fb600a,KRAKEN-BACKTEST,KrakenBTCUSDResearchStrategy-000,BTC/USD.KRAKEN,KRAKEN-001,O-20240126-094000-BACKTEST-000-91,O-20240126-095500-BACKTEST-000-92,BUY,FLAT,0.00000000,0.06641218,1706262000000000000,2024-01-26 09:40:00+00:00,1706262900000000000,2024-01-26 09:55:00+00:00,900000000000,40307.270000000004,40079.82,['21.36 USD'],-0.00564,-36.47 USD,True
BTC/USD.KRAKEN-KrakenBTCUSDResearchStrategy-000-9eb7e333-61a8-4cca-b7dc-28a59c76e5bb,KRAKEN-BACKTEST,KrakenBTCUSDResearchStrategy-000,BTC/USD.KRAKEN,KRAKEN-001,O-20240126-110000-BACKTEST-000-93,O-20240127-002000-BACKTEST-000-94,BUY,FLAT,0.00000000,0.06522056,1706266800000000000,2024-01-26 11:00:00+00:00,1706314800000000000,2024-01-27 00:20:00+00:00,48000000000000,40876.0,41784.96,['21.56 USD'],0.02224,37.72 USD,True
BTC/USD.KRAKEN-KrakenBTCUSDResearchStrategy-000-af73a901-2c39-473c-a0bc-704eeb9be7d7,KRAKEN-BACKTEST,KrakenBTCUSDResearchStrategy-000,BTC/USD.KRAKEN,KRAKEN-001,O-20240127-144000-BACKTEST-000-95,O-20240127-144500-BACKTEST-000-96,BUY,FLAT,0.00000000,0.06402140,1706366400000000000,2024-01-27 14:40:00+00:00,1706366700000000000,2024-01-27 14:45:00+00:00,300000000000,41818.39,41772.64,['21.41 USD'],-0.00109,-24.34 USD,True
BTC/USD.KRAKEN-KrakenBTCUSDResearchStrategy-000-060520cb-02ce-4824-a11c-c0f795312623,KRAKEN-BACKTEST,KrakenBTCUSDResearchStrategy-000,BTC/USD.KRAKEN,KRAKEN-001,O-20240127-193500-BACKTEST-000-97,O-20240128-002500-BACKTEST-000-98,BUY,FLAT,0.00000000,0.06364651,1706384100000000000,2024-01-27 19:35:00+00:00,1706401500000000000,2024-01-28 00:25:00+00:00,17400000000000,41949.98,41971.91,['21.37 USD'],0.00052,-19.97 USD,True
BTC/USD.KRAKEN-KrakenBTCUSDResearchStrategy-000-c10ccb2a-0fc5-4b53-b414-482a69fdb46d,KRAKEN-BACKTEST,KrakenBTCUSDResearchStrategy-000,BTC/USD.KRAKEN,KRAKEN-001,O-20240128-040000-BACKTEST-000-99,O-20240128-113000-BACKTEST-000-100,BUY,FLAT,0.00000000,0.06296948,1706414400000000000,2024-01-28 04:00:00+00:00,1706441400000000000,2024-01-28 11:30:00+00:00,27000000000000,42305.87,42421.340000000004,['21.35 USD'],0.00273,-14.08 USD,True
BTC/USD.KRAKEN-KrakenBTCUSDResearchStrategy-000-a55c99c4-1c07-4302-b5af-4a71eefcf52f,KRAKEN-BACKTEST,KrakenBTCUSDResearchStrategy-000,BTC/USD.KRAKEN,KRAKEN-001,O-20240129-031000-BACKTEST-000-101,O-20240129-045500-BACKTEST-000-102,BUY,FLAT,0.00000000,0.06281117,1706497800000000000,2024-01-29 03:10:00+00:00,1706504100000000000,2024-01-29 04:55:00+00:00,6300000000000,42345.25,42218.0,['21.25 USD'],-0.00301,-29.24 USD,True
BTC/USD.KRAKEN-KrakenBTCUSDResearchStrategy-000-f32fc6ba-0cf0-4729-92b7-0ecb5ef608da,KRAKEN-BACKTEST,KrakenBTCUSDResearchStrategy-000,BTC/USD.KRAKEN,KRAKEN-001,O-20240129-100000-BACKTEST-000-103,O-20240129-115000-BACKTEST-000-104,BUY,FLAT,0.00000000,0.06262506,1706522400000000000,2024-01-29 10:00:00+00:00,1706529000000000000,2024-01-29 11:50:00+00:00,6600000000000,42331.020000000004,42214.81,['21.17 USD'],-0.00275,-28.45 USD,True
BTC/USD.KRAKEN-KrakenBTCUSDResearchStrategy-000-047ae226-2014-43aa-b831-5c56cec7c82d,KRAKEN-BACKTEST,KrakenBTCUSDResearchStrategy-000,BTC/USD.KRAKEN,KRAKEN-001,O-20240129-160000-BACKTEST-000-105,O-20240130-063000-BACKTEST-000-106,BUY,FLAT,0.00000000,0.06189791,1706544000000000000,2024-01-29 16:00:00+00:00,1706596200000000000,2024-01-30 06:30:00+00:00,52200000000000,42690.47,43335.68,['21.30 USD'],0.01511,18.64 USD,True
BTC/USD.KRAKEN-KrakenBTCUSDResearchStrategy-000-49ebe8e8-a049-481c-97a0-28b0e74ebef8,KRAKEN-BACKTEST,KrakenBTCUSDResearchStrategy-000,BTC/USD.KRAKEN,KRAKEN-001,O-20240130-105500-BACKTEST-000-107,O-20240130-122500-BACKTEST-000-108,BUY,FLAT,0.00000000,0.06089973,1706612100000000000,2024-01-30 10:55:00+00:00,1706617500000000000,2024-01-30 12:25:00+00:00,5400000000000,43482.009999999995,43416.92,['21.17 USD'],-0.0015,-25.13 USD,True
BTC/USD.KRAKEN-KrakenBTCUSDResearchStrategy-000-646d3a5f-4ce0-4d77-afdb-f6fecf5e7022,KRAKEN-BACKTEST,KrakenBTCUSDResearchStrategy-000,BTC/USD.KRAKEN,KRAKEN-001,O-20240130-202500-BACKTEST-000-109,O-20240130-210000-BACKTEST-000-110,BUY,FLAT,0.00000000,0.06043448,1706646300000000000,2024-01-30 20:25:00+00:00,1706648400000000000,2024-01-30 21:00:00+00:00,2100000000000,43692.009999999995,43544.09,['21.09 USD'],-0.00339,-30.03 USD,True
BTC/USD.KRAKEN-KrakenBTCUSDResearchStrategy-000-f4001827-9b42-4166-a39b-54f1debcf9de,KRAKEN-BACKTEST,KrakenBTCUSDResearchStrategy-000,BTC/USD.KRAKEN,KRAKEN-001,O-20240131-152500-BACKTEST-000-111,O-20240131-191500-BACKTEST-000-112,BUY,FLAT,0.00000000,0.06117365,1706714700000000000,2024-01-31 15:25:00+00:00,1706728500000000000,2024-01-31 19:15:00+00:00,13800000000000,43016.8,43177.81,['21.10 USD'],0.00374,-11.25 USD,True
BTC/USD.KRAKEN-KrakenBTCUSDResearchStrategy-000-e9f327cf-8909-48ff-9786-8464f0f8dd78,KRAKEN-BACKTEST,KrakenBTCUSDResearchStrategy-000,BTC/USD.KRAKEN,KRAKEN-001,O-20240201-143500-BACKTEST-000-113,O-20240202-033500-BACKTEST-000-114,BUY,FLAT,0.00000000,0.06180401,1706798100000000000,2024-02-01 14:35:00+00:00,1706844900000000000,2024-02-02 03:35:00+00:00,46800000000000,42523.45,43033.29,['21.15 USD'],0.01199,10.36 USD,True
BTC/USD.KRAKEN-KrakenBTCUSDResearchStrategy-000-d0a78251-a176-4ae3-a5b9-fe4662ebb77c,KRAKEN-BACKTEST,KrakenBTCUSDResearchStrategy-000,BTC/USD.KRAKEN,KRAKEN-001,O-20240202-062500-BACKTEST-000-115,O-20240202-075500-BACKTEST-000-116,BUY,FLAT,0.00000000,0.06090267,1706855100000000000,2024-02-02 06:25:00+00:00,1706860500000000000,2024-02-02 07:55:00+00:00,5400000000000,43203.82,43086.89,['21.02 USD'],-0.00271,-28.14 USD,True
BTC/USD.KRAKEN-KrakenBTCUSDResearchStrategy-000-af884162-5ba8-4e3f-8f1a-c0fea60efc05,KRAKEN-BACKTEST,KrakenBTCUSDResearchStrategy-000,BTC/USD.KRAKEN,KRAKEN-001,O-20240202-160000-BACKTEST-000-117,O-20240202-163000-BACKTEST-000-118,BUY,FLAT,0.00000000,0.06043323,1706889600000000000,2024-02-02 16:00:00+00:00,1706891400000000000,2024-02-02 16:30:00+00:00,1800000000000,43399.729999999996,43173.72,['20.93 USD'],-0.00521,-34.59 USD,True
BTC/USD.KRAKEN-KrakenBTCUSDResearchStrategy-000-35099cba-809b-4877-b9fa-476e6fffaddc,KRAKEN-BACKTEST,KrakenBTCUSDResearchStrategy-000,BTC/USD.KRAKEN,KRAKEN-001,O-20240202-225500-BACKTEST-000-119,O-20240203-032000-BACKTEST-000-120,BUY,FLAT,0.00000000,0.06046880,1706914500000000000,2024-02-02 22:55:00+00:00,1706930400000000000,2024-02-03 03:20:00+00:00,15900000000000,43202.590000000004,43155.009999999995,['20.89 USD'],-0.0011,-23.77 USD,True
BTC/USD.KRAKEN-KrakenBTCUSDResearchStrategy-000-0cf78652-918c-45fc-90b4-bf2fe266aaf7,KRAKEN-BACKTEST,KrakenBTCUSDResearchStrategy-000,BTC/USD.KRAKEN,KRAKEN-001,O-20240203-174000-BACKTEST-000-121,O-20240203-183000-BACKTEST-000-122,BUY,FLAT,0.00000000,0.06031248,1706982000000000000,2024-02-03 17:40:00+00:00,1706985000000000000,2024-02-03 18:30:00+00:00,3000000000000,43196.33,43116.0,['20.82 USD'],-0.00186,-25.66 USD,True
BTC/USD.KRAKEN-KrakenBTCUSDResearchStrategy-000-b9510e1e-07c5-47b7-af7c-e6714b0c42a2,KRAKEN-BACKTEST,KrakenBTCUSDResearchStrategy-000,BTC/USD.KRAKEN,KRAKEN-001,O-20240204-111000-BACKTEST-000-123,O-20240204-141500-BACKTEST-000-124,BUY,FLAT,0.00000000,0.06040878,1707045000000000000,2024-02-04 11:10:00+00:00,1707056100000000000,2024-02-04 14:15:00+00:00,11100000000000,42999.990000000005,42965.17,['20.77 USD'],-0.00081,-22.87 USD,True
BTC/USD.KRAKEN-KrakenBTCUSDResearchStrategy-000-a9f0ade3-282b-4bdb-b02f-861054c5f8fe,KRAKEN-BACKTEST,KrakenBTCUSDResearchStrategy-000,BTC/USD.KRAKEN,KRAKEN-001,O-20240205-042000-BACKTEST-000-125,O-20240205-050500-BACKTEST-000-126,BUY,FLAT,0.00000000,0.06058748,1707106800000000000,2024-02-05 04:20:00+00:00,1707109500000000000,2024-02-05 05:05:00+00:00,2700000000000,42759.87,42675.53,['20.70 USD'],-0.00197,-25.81 USD,True
BTC/USD.KRAKEN-KrakenBTCUSDResearchStrategy-000-fe514018-8825-467f-884a-cbb906b9d403,KRAKEN-BACKTEST,KrakenBTCUSDResearchStrategy-000,BTC/USD.KRAKEN,KRAKEN-001,O-20240205-072000-BACKTEST-000-127,O-20240205-150000-BACKTEST-000-128,BUY,FLAT,0.00000000,0.06021713,1707117600000000000,2024-02-05 07:20:00+00:00,1707145200000000000,2024-02-05 15:00:00+00:00,27600000000000,42894.270000000004,43035.88,['20.70 USD'],0.0033,-12.17 USD,True
BTC/USD.KRAKEN-KrakenBTCUSDResearchStrategy-000-0cd9abca-36a5-4cea-9a9f-b689f5c8995a,KRAKEN-BACKTEST,KrakenBTCUSDResearchStrategy-000,BTC/USD.KRAKEN,KRAKEN-001,O-20240206-020500-BACKTEST-000-129,O-20240206-060500-BACKTEST-000-130,BUY,FLAT,0.00000000,0.06028244,1707185100000000000,2024-02-06 02:05:00+00:00,1707199500000000000,2024-02-06 06:05:00+00:00,14400000000000,42787.23,42750.0,['20.63 USD'],-0.00087,-22.87 USD,True
BTC/USD.KRAKEN-KrakenBTCUSDResearchStrategy-000-c945fde5-c2a5-4db8-9fa4-2a5f473f0a7f,KRAKEN-BACKTEST,KrakenBTCUSDResearchStrategy-000,BTC/USD.KRAKEN,KRAKEN-001,O-20240206-080500-BACKTEST-000-131,O-20240206-104000-BACKTEST-000-132,BUY,FLAT,0.00000000,0.05992208,1707206700000000000,2024-02-06 08:05:00+00:00,1707216000000000000,2024-02-06 10:40:00+00:00,9300000000000,42930.0,42849.57,['20.56 USD'],-0.00187,-25.38 USD,True
BTC/USD.KRAKEN-KrakenBTCUSDResearchStrategy-000-ca8a8f9b-ddb1-43ff-ad51-8dfafc747895,KRAKEN-BACKTEST,KrakenBTCUSDResearchStrategy-000,BTC/USD.KRAKEN,KRAKEN-001,O-20240206-151500-BACKTEST-000-133,O-20240206-204500-BACKTEST-000-134,BUY,FLAT,0.00000000,0.05950388,1707232500000000000,2024-02-06 15:15:00+00:00,1707252300000000000,2024-02-06 20:45:00+00:00,19800000000000,43103.81,43097.369999999995,['20.52 USD'],-0.00015,-20.90 USD,True
BTC/USD.KRAKEN-KrakenBTCUSDResearchStrategy-000-5dce1c24-8dc9-42c2-a412-2e4d52e9e0a5,KRAKEN-BACKTEST,KrakenBTCUSDResearchStrategy-000,BTC/USD.KRAKEN,KRAKEN-001,O-20240207-144500-BACKTEST-000-135,O-20240207-145000-BACKTEST-000-136,BUY,FLAT,0.00000000,0.05912312,1707317100000000000,2024-02-07 14:45:00+00:00,1707317400000000000,2024-02-07 14:50:00+00:00,300000000000,43275.35,43082.07,['20.42 USD'],-0.00447,-31.85 USD,True
BTC/USD.KRAKEN-KrakenBTCUSDResearchStrategy-000-a3cf0534-4fa2-425e-8832-22654440260e,KRAKEN-BACKTEST,KrakenBTCUSDResearchStrategy-000,BTC/USD.KRAKEN,KRAKEN-001,O-20240207-171500-BACKTEST-000-137,O-20240209-004000-BACKTEST-000-138,BUY,FLAT,0.00000000,0.05874674,1707326100000000000,2024-02-07 17:15:00+00:00,1707439200000000000,2024-02-09 00:40:00+00:00,113100000000000,43390.009999999995,45257.990000000005,['20.84 USD'],0.04305,88.90 USD,True
BTC/USD.KRAKEN-KrakenBTCUSDResearchStrategy-000-addcc401-1c63-4069-9f20-d6a4ec436626,KRAKEN-BACKTEST,KrakenBTCUSDResearchStrategy-000,BTC/USD.KRAKEN,KRAKEN-001,O-20240209-021500-BACKTEST-000-139,O-20240209-142000-BACKTEST-000-140,BUY,FLAT,0.00000000,0.05633784,1707444900000000000,2024-02-09 02:15:00+00:00,1707488400000000000,2024-02-09 14:20:00+00:00,43500000000000,45718.68,46830.14000000001,['20.85 USD'],0.02431,41.77 USD,True
BTC/USD.KRAKEN-KrakenBTCUSDResearchStrategy-000-54263f1a-0a28-4911-9248-4a5ab58f952e,KRAKEN-BACKTEST,KrakenBTCUSDResearchStrategy-000,BTC/USD.KRAKEN,KRAKEN-001,O-20240209-180000-BACKTEST-000-141,O-20240209-190500-BACKTEST-000-142,BUY,FLAT,0.00000000,0.05416729,1707501600000000000,2024-02-09 18:00:00+00:00,1707505500000000000,2024-02-09 19:05:00+00:00,3900000000000,47782.02,47358.25,['20.61 USD'],-0.00887,-43.56 USD,True
BTC/USD.KRAKEN-KrakenBTCUSDResearchStrategy-000-26a08711-cf74-45c8-93df-6045f177b04d,KRAKEN-BACKTEST,KrakenBTCUSDResearchStrategy-000,BTC/USD.KRAKEN,KRAKEN-001,O-20240210-031000-BACKTEST-000-143,O-20240210-042000-BACKTEST-000-144,BUY,FLAT,0.00000000,0.05428695,1707534600000000000,2024-02-10 03:10:00+00:00,1707538800000000000,2024-02-10 04:20:00+00:00,4200000000000,47435.98,47335.12,['20.58 USD'],-0.00213,-26.06 USD,True
BTC/USD.KRAKEN-KrakenBTCUSDResearchStrategy-000-d392e6d3-176d-4470-8f08-d87bf9745b0e,KRAKEN-BACKTEST,KrakenBTCUSDResearchStrategy-000,BTC/USD.KRAKEN,KRAKEN-001,O-20240210-134500-BACKTEST-000-145,O-20240210-162500-BACKTEST-000-146,BUY,FLAT,0.00000000,0.05423997,1707572700000000000,2024-02-10 13:45:00+00:00,1707582300000000000,2024-02-10 16:25:00+00:00,9600000000000,47332.990000000005,47254.049999999996,['20.52 USD'],-0.00167,-24.80 USD,True
BTC/USD.KRAKEN-KrakenBTCUSDResearchStrategy-000-59a2f6cb-ad9d-461e-80d8-acf11940db1d,KRAKEN-BACKTEST,KrakenBTCUSDResearchStrategy-000,BTC/USD.KRAKEN,KRAKEN-001,O-20240210-191000-BACKTEST-000-147,O-20240211-012500-BACKTEST-000-148,BUY,FLAT,0.00000000,0.05404511,1707592200000000000,2024-02-10 19:10:00+00:00,1707614700000000000,2024-02-11 01:25:00+00:00,22500000000000,47365.98,47608.579999999994,['20.53 USD'],0.00512,-7.42 USD,True
BTC/USD.KRAKEN-KrakenBTCUSDResearchStrategy-000-1a89de18-7315-46c9-9bb7-ab56028c0c38,KRAKEN-BACKTEST,KrakenBTCUSDResearchStrategy-000,BTC/USD.KRAKEN,KRAKEN-001,O-20240211-031500-BACKTEST-000-149,O-20240211-103500-BACKTEST-000-150,BUY,FLAT,0.00000000,0.05329374,1707621300000000000,2024-02-11 03:15:00+00:00,1707647700000000000,2024-02-11 10:35:00+00:00,26400000000000,47992.009999999995,48106.34,['20.49 USD'],0.00238,-14.40 USD,True
BTC/USD.KRAKEN-KrakenBTCUSDResearchStrategy-000-bbe58e1b-79cc-4e45-ae83-e568aafb9018,KRAKEN-BACKTEST,KrakenBTCUSDResearchStrategy-000,BTC/USD.KRAKEN,KRAKEN-001,O-20240211-115500-BACKTEST-000-151,O-20240211-131500-BACKTEST-000-152,BUY,FLAT,0.00000000,0.05274254,1707652500000000000,2024-02-11 11:55:00+00:00,1707657300000000000,2024-02-11 13:15:00+00:00,4800000000000,48411.71,48240.43,['20.39 USD'],-0.00354,-29.42 USD,True
BTC/USD.KRAKEN-KrakenBTCUSDResearchStrategy-000-46cfaf32-403d-4211-b4fb-79640b1eaf2b,KRAKEN-BACKTEST,KrakenBTCUSDResearchStrategy-000,BTC/USD.KRAKEN,KRAKEN-001,O-20240212-002000-BACKTEST-000-153,O-20240212-023500-BACKTEST-000-154,BUY,FLAT,0.00000000,0.05248262,1707697200000000000,2024-02-12 00:20:00+00:00,1707705300000000000,2024-02-12 02:35:00+00:00,8100000000000,48483.25,48182.780000000006,['20.30 USD'],-0.0062,-36.07 USD,True
BTC/USD.KRAKEN-KrakenBTCUSDResearchStrategy-000-2c6e1ed0-bbaa-4e76-a1d9-55d2cfcf7527,KRAKEN-BACKTEST,KrakenBTCUSDResearchStrategy-000,BTC/USD.KRAKEN,KRAKEN-001,O-20240212-143500-BACKTEST-000-155,O-20240213-031500-BACKTEST-000-156,BUY,FLAT,0.00000000,0.05237312,1707748500000000000,2024-02-12 14:35:00+00:00,1707794100000000000,2024-02-13 03:15:00+00:00,45600000000000,48378.0,49866.0,['20.58 USD'],0.03076,57.35 USD,True
BTC/USD.KRAKEN-KrakenBTCUSDResearchStrategy-000-21bd13c2-d8e3-4a49-a313-85a4d94a257a,KRAKEN-BACKTEST,KrakenBTCUSDResearchStrategy-000,BTC/USD.KRAKEN,KRAKEN-001,O-20240213-083500-BACKTEST-000-157,O-20240213-104000-BACKTEST-000-158,BUY,FLAT,0.00000000,0.05088966,1707813300000000000,2024-02-13 08:35:00+00:00,1707820800000000000,2024-02-13 10:40:00+00:00,7500000000000,50126.33,49945.46,['20.37 USD'],-0.00361,-29.57 USD,True
BTC/USD.KRAKEN-KrakenBTCUSDResearchStrategy-000-f6825d26-1b6e-4422-9e8e-7ed864bf7195,KRAKEN-BACKTEST,KrakenBTCUSDResearchStrategy-000,BTC/USD.KRAKEN,KRAKEN-001,O-20240213-210500-BACKTEST-000-159,O-20240213-230500-BACKTEST-000-160,BUY,FLAT,0.00000000,0.05129840,1707858300000000000,2024-02-13 21:05:00+00:00,1707865500000000000,2024-02-13 23:05:00+00:00,7200000000000,49554.0,49370.409999999996,['20.30 USD'],-0.0037,-29.72 USD,True
BTC/USD.KRAKEN-KrakenBTCUSDResearchStrategy-000-28f98f45-6507-4fdd-9321-f1b763ad7a19,KRAKEN-BACKTEST,KrakenBTCUSDResearchStrategy-000,BTC/USD.KRAKEN,KRAKEN-001,O-20240214-070000-BACKTEST-000-161,O-20240214-191000-BACKTEST-000-162,BUY,FLAT,0.00000000,0.05097932,1707894000000000000,2024-02-14 07:00:00+00:00,1707937800000000000,2024-02-14 19:10:00+00:00,43800000000000,49689.26,51350.34,['20.60 USD'],0.03343,64.08 USD,True
BTC/USD.KRAKEN-KrakenBTCUSDResearchStrategy-000-007ba35b-afc8-479f-a82e-15306c9cad0a,KRAKEN-BACKTEST,KrakenBTCUSDResearchStrategy-000,BTC/USD.KRAKEN,KRAKEN-001,O-20240215-001500-BACKTEST-000-163,O-20240215-013000-BACKTEST-000-164,BUY,FLAT,0.00000000,0.04913947,1707956100000000000,2024-02-15 00:15:00+00:00,1707960600000000000,2024-02-15 01:30:00+00:00,4500000000000,51940.97,51744.0,['20.38 USD'],-0.00379,-30.06 USD,True
BTC/USD.KRAKEN-KrakenBTCUSDResearchStrategy-000-9ec2dba1-a1fc-413b-a9d1-4b7bf6c28cb7,KRAKEN-BACKTEST,KrakenBTCUSDResearchStrategy-000,BTC/USD.KRAKEN,KRAKEN-001,O-20240215-101500-BACKTEST-000-165,O-20240215-132500-BACKTEST-000-166,BUY,FLAT,0.00000000,0.04864344,1707992100000000000,2024-02-15 10:15:00+00:00,1708003500000000000,2024-02-15 13:25:00+00:00,11400000000000,52285.24,52151.299999999996,['20.32 USD'],-0.00256,-26.84 USD,True
BTC/USD.KRAKEN-KrakenBTCUSDResearchStrategy-000-1ff9e4d4-caba-4412-9697-bdf6c2f96ddd,KRAKEN-BACKTEST,KrakenBTCUSDResearchStrategy-000,BTC/USD.KRAKEN,KRAKEN-001,O-20240216-012000-BACKTEST-000-167,O-20240216-020000-BACKTEST-000-168,BUY,FLAT,0.00000000,0.04874194,1708046400000000000,2024-02-16 01:20:00+00:00,1708048800000000000,2024-02-16 02:00:00+00:00,2400000000000,52014.44,51886.33,['20.26 USD'],-0.00246,-26.50 USD,True
BTC/USD.KRAKEN-KrakenBTCUSDResearchStrategy-000-90c251c5-9cb8-4e90-9470-5678164e762b,KRAKEN-BACKTEST,KrakenBTCUSDResearchStrategy-000,BTC/USD.KRAKEN,KRAKEN-001,O-20240216-025500-BACKTEST-000-169,O-20240216-055000-BACKTEST-000-170,BUY,FLAT,0.00000000,0.04844593,1708052100000000000,2024-02-16 02:55:00+00:00,1708062600000000000,2024-02-16 05:50:00+00:00,10500000000000,52168.15,52045.990000000005,['20.20 USD'],-0.00234,-26.12 USD,True
BTC/USD.KRAKEN-KrakenBTCUSDResearchStrategy-000-43145565-9aea-4b6c-af91-cad4460dcb71,KRAKEN-BACKTEST,KrakenBTCUSDResearchStrategy-000,BTC/USD.KRAKEN,KRAKEN-001,O-20240216-105500-BACKTEST-000-171,O-20240216-120000-BACKTEST-000-172,BUY,FLAT,0.00000000,0.04817403,1708080900000000000,2024-02-16 10:55:00+00:00,1708084800000000000,2024-02-16 12:00:00+00:00,3900000000000,52300.0,52103.21,['20.12 USD'],-0.00376,-29.60 USD,True
BTC/USD.KRAKEN-KrakenBTCUSDResearchStrategy-000-4b8f48db-e55e-4752-8d47-2b4521654128,KRAKEN-BACKTEST,KrakenBTCUSDResearchStrategy-000,BTC/USD.KRAKEN,KRAKEN-001,O-20240216-135500-BACKTEST-000-173,O-20240216-141000-BACKTEST-000-174,BUY,FLAT,0.00000000,0.04785418,1708091700000000000,2024-02-16 13:55:00+00:00,1708092600000000000,2024-02-16 14:10:00+00:00,900000000000,52464.0,52196.0,['20.03 USD'],-0.00511,-32.85 USD,True
BTC/USD.KRAKEN-KrakenBTCUSDResearchStrategy-000-60b026dd-e760-437d-84d9-27a016127d20,KRAKEN-BACKTEST,KrakenBTCUSDResearchStrategy-000,BTC/USD.KRAKEN,KRAKEN-001,O-20240216-232000-BACKTEST-000-175,O-20240217-011000-BACKTEST-000-176,BUY,FLAT,0.00000000,0.04803346,1708125600000000000,2024-02-16 23:20:00+00:00,1708132200000000000,2024-02-17 01:10:00+00:00,6600000000000,52063.020000000004,51968.729999999996,['19.98 USD'],-0.00181,-24.51 USD,True
BTC/USD.KRAKEN-KrakenBTCUSDResearchStrategy-000-7d85e701-a7a2-4419-8138-4bb8ad6861dd,KRAKEN-BACKTEST,KrakenBTCUSDResearchStrategy-000,BTC/USD.KRAKEN,KRAKEN-001,O-20240217-205000-BACKTEST-000-177,O-20240218-015500-BACKTEST-000-178,BUY,FLAT,0.00000000,0.04838635,1708203000000000000,2024-02-17 20:50:00+00:00,1708221300000000000,2024-02-18 01:55:00+00:00,18300000000000,51531.35,51530.83,['19.94 USD'],-1e-05,-19.97 USD,True
BTC/USD.KRAKEN-KrakenBTCUSDResearchStrategy-000-86541e0e-e4fa-4c50-b7d4-d91edc26bffb,KRAKEN-BACKTEST,KrakenBTCUSDResearchStrategy-000,BTC/USD.KRAKEN,KRAKEN-001,O-20240218-072000-BACKTEST-000-179,O-20240218-123000-BACKTEST-000-180,BUY,FLAT,0.00000000,0.04807699,1708240800000000000,2024-02-18 07:20:00+00:00,1708259400000000000,2024-02-18 12:30:00+00:00,18600000000000,51738.380000000005,51680.5,['19.89 USD'],-0.00112,-22.67 USD,True
BTC/USD.KRAKEN-KrakenBTCUSDResearchStrategy-000-6dbb6d2e-962d-4597-8cd9-d542e8c3ed09,KRAKEN-BACKTEST,KrakenBTCUSDResearchStrategy-000,BTC/USD.KRAKEN,KRAKEN-001,O-20240218-173500-BACKTEST-000-181,O-20240218-174500-BACKTEST-000-182,BUY,FLAT,0.00000000,0.04773179,1708277700000000000,2024-02-18 17:35:00+00:00,1708278300000000000,2024-02-18 17:45:00+00:00,600000000000,51970.009999999995,51799.96,['19.81 USD'],-0.00327,-27.93 USD,True
BTC/USD.KRAKEN-KrakenBTCUSDResearchStrategy-000-bc1abe06-dbe6-4f98-b5df-d8212897b98a,KRAKEN-BACKTEST,KrakenBTCUSDResearchStrategy-000,BTC/USD.KRAKEN,KRAKEN-001,O-20240218-221000-BACKTEST-000-183,O-20240219-013500-BACKTEST-000-184,BUY,FLAT,0.00000000,0.04736096,1708294200000000000,2024-02-18 22:10:00+00:00,1708306500000000000,2024-02-19 01:35:00+00:00,12300000000000,52200.009999999995,51961.96,['19.73 USD'],-0.00456,-31.00 USD,True
BTC/USD.KRAKEN-KrakenBTCUSDResearchStrategy-000-44ebb2c2-6082-4852-9192-f56c2f4416c5,KRAKEN-BACKTEST,KrakenBTCUSDResearchStrategy-000,BTC/USD.KRAKEN,KRAKEN-001,O-20240219-060500-BACKTEST-000-185,O-20240219-084500-BACKTEST-000-186,BUY,FLAT,0.00000000,0.04708144,1708322700000000000,2024-02-19 06:05:00+00:00,1708332300000000000,2024-02-19 08:45:00+00:00,9600000000000,52312.39,52110.0,['19.66 USD'],-0.00387,-29.19 USD,True
BTC/USD.KRAKEN-KrakenBTCUSDResearchStrategy-000-86bf9e8b-2faf-4f4f-bfa0-713978699df0,KRAKEN-BACKTEST,KrakenBTCUSDResearchStrategy-000,BTC/USD.KRAKEN,KRAKEN-001,O-20240220-061000-BACKTEST-000-187,O-20240220-073000-BACKTEST-000-188,BUY,FLAT,0.00000000,0.04717495,1708409400000000000,2024-02-20 06:10:00+00:00,1708414200000000000,2024-02-20 07:30:00+00:00,4800000000000,52023.07,51932.79,['19.62 USD'],-0.00174,-23.88 USD,True
BTC/USD.KRAKEN-KrakenBTCUSDResearchStrategy-000-3b6f002d-1240-418a-b0e2-2229f9acc539,KRAKEN-BACKTEST,KrakenBTCUSDResearchStrategy-000,BTC/USD.KRAKEN,KRAKEN-001,O-20240220-103000-BACKTEST-000-189,O-20240220-142000-BACKTEST-000-190,BUY,FLAT,0.00000000,0.04701630,1708425000000000000,2024-02-20 10:30:00+00:00,1708438800000000000,2024-02-20 14:20:00+00:00,13800000000000,52046.24,52058.049999999996,['19.58 USD'],0.00023,-19.02 USD,True
BTC/USD.KRAKEN-KrakenBTCUSDResearchStrategy-000-6e7f90f4-ec93-4edb-9e52-9a19460f26ff,KRAKEN-BACKTEST,KrakenBTCUSDResearchStrategy-000,BTC/USD.KRAKEN,KRAKEN-001,O-20240220-224000-BACKTEST-000-191,O-20240221-014000-BACKTEST-000-192,BUY,FLAT,0.00000000,0.04671684,1708468800000000000,2024-02-20 22:40:00+00:00,1708479600000000000,2024-02-21 01:40:00+00:00,10800000000000,52257.72,52084.899999999994,['19.50 USD'],-0.00331,-27.57 USD,True
BTC/USD.KRAKEN-KrakenBTCUSDResearchStrategy-000-7b4618ef-75b3-4fad-aa37-abeb366fd19b,KRAKEN-BACKTEST,KrakenBTCUSDResearchStrategy-000,BTC/USD.KRAKEN,KRAKEN-001,O-20240221-215500-BACKTEST-000-193,O-20240222-013000-BACKTEST-000-194,BUY,FLAT,0.00000000,0.04734895,1708552500000000000,2024-02-21 21:55:00+00:00,1708565400000000000,2024-02-22 01:30:00+00:00,12900000000000,51385.340000000004,51382.22,['19.46 USD'],-6e-05,-19.61 USD,True
BTC/USD.KRAKEN-KrakenBTCUSDResearchStrategy-000-92f02cc8-5cfe-448c-86de-44e460c03128,KRAKEN-BACKTEST,KrakenBTCUSDResearchStrategy-000,BTC/USD.KRAKEN,KRAKEN-001,O-20240222-063000-BACKTEST-000-195,O-20240222-104500-BACKTEST-000-196,BUY,FLAT,0.00000000,0.04693971,1708583400000000000,2024-02-22 06:30:00+00:00,1708598700000000000,2024-02-22 10:45:00+00:00,15300000000000,51708.009999999995,51683.85999999999,['19.41 USD'],-0.00047,-20.54 USD,True
BTC/USD.KRAKEN-KrakenBTCUSDResearchStrategy-000-d218f2e0-2094-432b-be64-13611408ad37,KRAKEN-BACKTEST,KrakenBTCUSDResearchStrategy-000,BTC/USD.KRAKEN,KRAKEN-001,O-20240222-202500-BACKTEST-000-197,O-20240222-211500-BACKTEST-000-198,BUY,FLAT,0.00000000,0.04663369,1708633500000000000,2024-02-22 20:25:00+00:00,1708636500000000000,2024-02-22 21:15:00+00:00,3000000000000,51915.19,51661.11,['19.32 USD'],-0.00489,-31.17 USD,True
BTC/USD.KRAKEN-KrakenBTCUSDResearchStrategy-000-ba3807b7-f99a-4c47-8d93-fcdd22244412,KRAKEN-BACKTEST,KrakenBTCUSDResearchStrategy-000,BTC/USD.KRAKEN,KRAKEN-001,O-20240224-044000-BACKTEST-000-199,O-20240225-003000-BACKTEST-000-200,BUY,FLAT,0.00000000,0.04729407,1708749600000000000,2024-02-24 04:40:00+00:00,1708821000000000000,2024-02-25 00:30:00+00:00,71400000000000,50992.56,51456.729999999996,['19.38 USD'],0.0091,2.57 USD,True
BTC/USD.KRAKEN-KrakenBTCUSDResearchStrategy-000-27c30ed9-28d6-46aa-8956-59cc80511d6f,KRAKEN-BACKTEST,KrakenBTCUSDResearchStrategy-000,BTC/USD.KRAKEN,KRAKEN-001,O-20240225-015500-BACKTEST-000-201,O-20240225-030500-BACKTEST-000-202,BUY,FLAT,0.00000000,0.04667627,1708826100000000000,2024-02-25 01:55:00+00:00,1708830300000000000,2024-02-25 03:05:00+00:00,4200000000000,51684.009999999995,51501.09,['19.27 USD'],-0.00354,-27.81 USD,True
BTC/USD.KRAKEN-KrakenBTCUSDResearchStrategy-000-8dc6965d-c8f2-4a6f-b725-42ecfc13a97f,KRAKEN-BACKTEST,KrakenBTCUSDResearchStrategy-000,BTC/USD.KRAKEN,KRAKEN-001,O-20240225-143500-BACKTEST-000-203,O-20240225-153500-BACKTEST-000-204,BUY,FLAT,0.00000000,0.04648249,1708871700000000000,2024-02-25 14:35:00+00:00,1708875300000000000,2024-02-25 15:35:00+00:00,3600000000000,51719.990000000005,51600.0,['19.21 USD'],-0.00232,-24.79 USD,True
BTC/USD.KRAKEN-KrakenBTCUSDResearchStrategy-000-3e62a4e2-18e2-4d1e-b674-8fbe32a0f22b,KRAKEN-BACKTEST,KrakenBTCUSDResearchStrategy-000,BTC/USD.KRAKEN,KRAKEN-001,O-20240225-200500-BACKTEST-000-205,O-20240225-211500-BACKTEST-000-206,BUY,FLAT,0.00000000,0.04624392,1708891500000000000,2024-02-25 20:05:00+00:00,1708895700000000000,2024-02-25 21:15:00+00:00,4200000000000,51826.049999999996,51687.990000000005,['19.15 USD'],-0.00266,-25.53 USD,True
BTC/USD.KRAKEN-KrakenBTCUSDResearchStrategy-000-1287a7ad-371e-4e73-96b4-524a94ece042,KRAKEN-BACKTEST,KrakenBTCUSDResearchStrategy-000,BTC/USD.KRAKEN,KRAKEN-001,O-20240226-143000-BACKTEST-000-207,O-20240227-160500-BACKTEST-000-208,BUY,FLAT,0.00000000,0.04641488,1708957800000000000,2024-02-26 14:30:00+00:00,1709049900000000000,2024-02-27 16:05:00+00:00,92100000000000,51470.15,56314.64,['20.02 USD'],0.09412,204.84 USD,True
BTC/USD.KRAKEN-KrakenBTCUSDResearchStrategy-000-c0629247-3c1a-46e0-9b56-4a039adde36b,KRAKEN-BACKTEST,KrakenBTCUSDResearchStrategy-000,BTC/USD.KRAKEN,KRAKEN-001,O-20240227-195000-BACKTEST-000-209,O-20240227-200000-BACKTEST-000-210,BUY,FLAT,0.00000000,0.04261240,1709063400000000000,2024-02-27 19:50:00+00:00,1709064000000000000,2024-02-27 20:00:00+00:00,600000000000,57505.16,57094.03,['19.53 USD'],-0.00715,-37.05 USD,True
BTC/USD.KRAKEN-KrakenBTCUSDResearchStrategy-000-893795f2-129f-4032-bd3e-fd58cd5916e7,KRAKEN-BACKTEST,KrakenBTCUSDResearchStrategy-000,BTC/USD.KRAKEN,KRAKEN-001,O-20240228-044500-BACKTEST-000-211,O-20240228-181500-BACKTEST-000-212,BUY,FLAT,0.00000000,0.04269767,1709095500000000000,2024-02-28 04:45:00+00:00,1709144100000000000,2024-02-28 18:15:00+00:00,48600000000000,57129.990000000005,60190.009999999995,['20.04 USD'],0.05356,110.62 USD,True
BTC/USD.KRAKEN-KrakenBTCUSDResearchStrategy-000-aaa2a9b3-2fe7-425b-a6fe-bbb5bf66b867,KRAKEN-BACKTEST,KrakenBTCUSDResearchStrategy-000,BTC/USD.KRAKEN,KRAKEN-001,O-20240228-230000-BACKTEST-000-213,O-20240229-011000-BACKTEST-000-214,BUY,FLAT,0.00000000,0.04020027,1709161200000000000,2024-02-28 23:00:00+00:00,1709169000000000000,2024-02-29 01:10:00+00:00,7800000000000,61504.579999999994,61091.100000000006,['19.71 USD'],-0.00672,-36.33 USD,True
BTC/USD.KRAKEN-KrakenBTCUSDResearchStrategy-000-a34c4123-fc06-441e-9530-d8f4e34befec,KRAKEN-BACKTEST,KrakenBTCUSDResearchStrategy-000,BTC/USD.KRAKEN,KRAKEN-001,O-20240229-044500-BACKTEST-000-215,O-20240229-051000-BACKTEST-000-216,BUY,FLAT,0.00000000,0.03942289,1709181900000000000,2024-02-29 04:45:00+00:00,1709183400000000000,2024-02-29 05:10:00+00:00,1500000000000,62440.93000000001,62053.43,['19.64 USD'],-0.00621,-34.92 USD,True
BTC/USD.KRAKEN-KrakenBTCUSDResearchStrategy-000-54417ea0-ae9c-47dd-ac5a-102d44324cd2,KRAKEN-BACKTEST,KrakenBTCUSDResearchStrategy-000,BTC/USD.KRAKEN,KRAKEN-001,O-20240229-060000-BACKTEST-000-217,O-20240229-092500-BACKTEST-000-218,BUY,FLAT,0.00000000,0.03898123,1709186400000000000,2024-02-29 06:00:00+00:00,1709198700000000000,2024-02-29 09:25:00+00:00,12300000000000,62879.70999999999,62414.22,['19.53 USD'],-0.0074,-37.68 USD,True
BTC/USD.KRAKEN-KrakenBTCUSDResearchStrategy-000-04001c64-981d-4fee-8bb0-5a99cbdfe0d0,KRAKEN-BACKTEST,KrakenBTCUSDResearchStrategy-000,BTC/USD.KRAKEN,KRAKEN-001,O-20240229-113500-BACKTEST-000-219,O-20240229-120000-BACKTEST-000-220,BUY,FLAT,0.00000000,0.03862389,1709206500000000000,2024-02-29 11:35:00+00:00,1709208000000000000,2024-02-29 12:00:00+00:00,1500000000000,63168.8,62830.850000000006,['19.47 USD'],-0.00535,-32.52 USD,True
BTC/USD.KRAKEN-KrakenBTCUSDResearchStrategy-000-dd59d0fe-b707-48e5-a800-5abea59ffd38,KRAKEN-BACKTEST,KrakenBTCUSDResearchStrategy-000,BTC/USD.KRAKEN,KRAKEN-001,O-20240229-143000-BACKTEST-000-221,O-20240229-145000-BACKTEST-000-222,BUY,FLAT,0.00000000,0.03832722,1709217000000000000,2024-02-29 14:30:00+00:00,1709218200000000000,2024-02-29 14:50:00+00:00,1200000000000,63403.21,62778.54,['19.34 USD'],-0.00985,-43.28 USD,True
BTC/USD.KRAKEN-KrakenBTCUSDResearchStrategy-000-721c9dc2-acbf-4321-8dbd-9b0f62e7b244,KRAKEN-BACKTEST,KrakenBTCUSDResearchStrategy-000,BTC/USD.KRAKEN,KRAKEN-001,O-20240301-061500-BACKTEST-000-223,O-20240301-065000-BACKTEST-000-224,BUY,FLAT,0.00000000,0.03914941,1709273700000000000,2024-03-01 06:15:00+00:00,1709275800000000000,2024-03-01 06:50:00+00:00,2100000000000,61740.0,61520.0,['19.30 USD'],-0.00356,-27.91 USD,True
BTC/USD.KRAKEN-KrakenBTCUSDResearchStrategy-000-d4fe1cb5-7f81-4fad-aeac-05986146db9a,KRAKEN-BACKTEST,KrakenBTCUSDResearchStrategy-000,BTC/USD.KRAKEN,KRAKEN-001,O-20240301-081500-BACKTEST-000-225,O-20240301-143000-BACKTEST-000-226,BUY,FLAT,0.00000000,0.03896964,1709280900000000000,2024-03-01 08:15:00+00:00,1709303400000000000,2024-03-01 14:30:00+00:00,22500000000000,61809.95,61980.0,['19.29 USD'],0.00275,-12.66 USD,True
BTC/USD.KRAKEN-KrakenBTCUSDResearchStrategy-000-63637337-94d0-4e77-9126-00f9bb3d895f,KRAKEN-BACKTEST,KrakenBTCUSDResearchStrategy-000,BTC/USD.KRAKEN,KRAKEN-001,O-20240301-202500-BACKTEST-000-227,O-20240302-001500-BACKTEST-000-228,BUY,FLAT,0.00000000,0.03847931,1709324700000000000,2024-03-01 20:25:00+00:00,1709338500000000000,2024-03-02 00:15:00+00:00,13800000000000,62498.87,62262.57,['19.20 USD'],-0.00378,-28.29 USD,True
BTC/USD.KRAKEN-KrakenBTCUSDResearchStrategy-000-99f59e4b-5528-4110-80b9-bc4081953e5c,KRAKEN-BACKTEST,KrakenBTCUSDResearchStrategy-000,BTC/USD.KRAKEN,KRAKEN-001,O-20240302-185500-BACKTEST-000-229,O-20240302-201000-BACKTEST-000-230,BUY,FLAT,0.00000000,0.03863691,1709405700000000000,2024-03-02 18:55:00+00:00,1709410200000000000,2024-03-02 20:10:00+00:00,4500000000000,62024.29000000001,61821.11,['19.14 USD'],-0.00328,-26.99 USD,True
BTC/USD.KRAKEN-KrakenBTCUSDResearchStrategy-000-b9aee10f-dc5b-48e8-b44e-ee7c040773d6,KRAKEN-BACKTEST,KrakenBTCUSDResearchStrategy-000,BTC/USD.KRAKEN,KRAKEN-001,O-20240303-042000-BACKTEST-000-231,O-20240303-051000-BACKTEST-000-232,BUY,FLAT,0.00000000,0.03848321,1709439600000000000,2024-03-03 04:20:00+00:00,1709442600000000000,2024-03-03 05:10:00+00:00,3000000000000,62061.6,61952.89,['19.09 USD'],-0.00175,-23.27 USD,True
BTC/USD.KRAKEN-KrakenBTCUSDResearchStrategy-000-79747d4c-907d-4ad6-a50a-de2dcf5a6a8e,KRAKEN-BACKTEST,KrakenBTCUSDResearchStrategy-000,BTC/USD.KRAKEN,KRAKEN-001,O-20240303-121000-BACKTEST-000-233,O-20240304-004500-BACKTEST-000-234,BUY,FLAT,0.00000000,0.03825951,1709467800000000000,2024-03-03 12:10:00+00:00,1709513100000000000,2024-03-04 00:45:00+00:00,45300000000000,62242.0,62404.920000000006,['19.08 USD'],0.00262,-12.85 USD,True
BTC/USD.KRAKEN-KrakenBTCUSDResearchStrategy-000-3967fddd-b7db-4591-b61e-c19a63aa3831,KRAKEN-BACKTEST,KrakenBTCUSDResearchStrategy-000,BTC/USD.KRAKEN,KRAKEN-001,O-20240304-073500-BACKTEST-000-235,O-20240305-031000-BACKTEST-000-236,BUY,FLAT,0.00000000,0.03722836,1709537700000000000,2024-03-04 07:35:00+00:00,1709608200000000000,2024-03-05 03:10:00+00:00,70500000000000,63862.439999999995,67642.45000000001,['19.58 USD'],0.05919,121.14 USD,True
BTC/USD.KRAKEN-KrakenBTCUSDResearchStrategy-000-521b41d9-9eab-468c-9a21-859eb4975ed0,KRAKEN-BACKTEST,KrakenBTCUSDResearchStrategy-000,BTC/USD.KRAKEN,KRAKEN-001,O-20240305-125500-BACKTEST-000-237,O-20240305-152500-BACKTEST-000-238,BUY,FLAT,0.00000000,0.03585351,1709643300000000000,2024-03-05 12:55:00+00:00,1709652300000000000,2024-03-05 15:25:00+00:00,9000000000000,67325.03,67170.01,['19.29 USD'],-0.0023,-24.85 USD,True
BTC/USD.KRAKEN-KrakenBTCUSDResearchStrategy-000-71cbf503-39bf-47ad-958d-68efff2a05b5,KRAKEN-BACKTEST,KrakenBTCUSDResearchStrategy-000,BTC/USD.KRAKEN,KRAKEN-001,O-20240306-050500-BACKTEST-000-239,O-20240306-124000-BACKTEST-000-240,BUY,FLAT,0.00000000,0.03706844,1709701500000000000,2024-03-06 05:05:00+00:00,1709728800000000000,2024-03-06 12:40:00+00:00,27300000000000,64917.31999999999,65980.0,['19.41 USD'],0.01637,19.98 USD,True
BTC/USD.KRAKEN-KrakenBTCUSDResearchStrategy-000-98107025-b9d4-4df6-aa6b-0d4dfda2483c,KRAKEN-BACKTEST,KrakenBTCUSDResearchStrategy-000,BTC/USD.KRAKEN,KRAKEN-001,O-20240306-175500-BACKTEST-000-241,O-20240306-183000-BACKTEST-000-242,BUY,FLAT,0.00000000,0.03583196,1709747700000000000,2024-03-06 17:55:00+00:00,1709749800000000000,2024-03-06 18:30:00+00:00,2100000000000,67324.84,66783.15,['19.22 USD'],-0.00805,-38.63 USD,True
BTC/USD.KRAKEN-KrakenBTCUSDResearchStrategy-000-3799033c-13df-4e52-b1c0-bcffdd3af724,KRAKEN-BACKTEST,KrakenBTCUSDResearchStrategy-000,BTC/USD.KRAKEN,KRAKEN-001,O-20240307-080000-BACKTEST-000-243,O-20240307-210500-BACKTEST-000-244,BUY,FLAT,0.00000000,0.03603353,1709798400000000000,2024-03-07 08:00:00+00:00,1709845500000000000,2024-03-07 21:05:00+00:00,47100000000000,66626.61,67273.40000000001,['19.30 USD'],0.00971,4.01 USD,True
BTC/USD.KRAKEN-KrakenBTCUSDResearchStrategy-000-237ab8cf-227c-46bc-b8d2-197db1ffa38b,KRAKEN-BACKTEST,KrakenBTCUSDResearchStrategy-000,BTC/USD.KRAKEN,KRAKEN-001,O-20240308-115000-BACKTEST-000-245,O-20240308-131500-BACKTEST-000-246,BUY,FLAT,0.00000000,0.03552826,1709898600000000000,2024-03-08 11:50:00+00:00,1709903700000000000,2024-03-08 13:15:00+00:00,5100000000000,67608.0,67367.8,['19.18 USD'],-0.00355,-27.71 USD,True
BTC/USD.KRAKEN-KrakenBTCUSDResearchStrategy-000-9249f29b-e047-4333-bef2-cd7db6e07256,KRAKEN-BACKTEST,KrakenBTCUSDResearchStrategy-000,BTC/USD.KRAKEN,KRAKEN-001,O-20240308-143000-BACKTEST-000-247,O-20240308-155500-BACKTEST-000-248,BUY,FLAT,0.00000000,0.03504351,1709908200000000000,2024-03-08 14:30:00+00:00,1709913300000000000,2024-03-08 15:55:00+00:00,5100000000000,68306.0,67617.6,['19.05 USD'],-0.01008,-43.17 USD,True
BTC/USD.KRAKEN-KrakenBTCUSDResearchStrategy-000-916bc43a-1b54-4038-b90a-58a71bdf6bf3,KRAKEN-BACKTEST,KrakenBTCUSDResearchStrategy-000,BTC/USD.KRAKEN,KRAKEN-001,O-20240309-063500-BACKTEST-000-249,O-20240309-090500-BACKTEST-000-250,BUY,FLAT,0.00000000,0.03481642,1709966100000000000,2024-03-09 06:35:00+00:00,1709975100000000000,2024-03-09 09:05:00+00:00,9000000000000,68379.54,68246.19,['19.02 USD'],-0.00195,-23.66 USD,True
BTC/USD.KRAKEN-KrakenBTCUSDResearchStrategy-000-d8bad597-e452-41f7-95ca-3ee4df07012c,KRAKEN-BACKTEST,KrakenBTCUSDResearchStrategy-000,BTC/USD.KRAKEN,KRAKEN-001,O-20240309-125500-BACKTEST-000-251,O-20240309-134500-BACKTEST-000-252,BUY,FLAT,0.00000000,0.03466413,1709988900000000000,2024-03-09 12:55:00+00:00,1709991900000000000,2024-03-09 13:45:00+00:00,3000000000000,68475.18000000001,68336.97,['18.97 USD'],-0.00202,-23.76 USD,True
BTC/USD.KRAKEN-KrakenBTCUSDResearchStrategy-000-8c67313e-7144-41e2-9028-f54a405636fe,KRAKEN-BACKTEST,KrakenBTCUSDResearchStrategy-000,BTC/USD.KRAKEN,KRAKEN-001,O-20240309-203500-BACKTEST-000-253,O-20240309-211500-BACKTEST-000-254,BUY,FLAT,0.00000000,0.03462599,1710016500000000000,2024-03-09 20:35:00+00:00,1710018900000000000,2024-03-09 21:15:00+00:00,2400000000000,68344.76000000001,68258.05,['18.92 USD'],-0.00127,-21.92 USD,True
BTC/USD.KRAKEN-KrakenBTCUSDResearchStrategy-000-34fa732d-eea1-4d59-b3d3-681b66390c4d,KRAKEN-BACKTEST,KrakenBTCUSDResearchStrategy-000,BTC/USD.KRAKEN,KRAKEN-001,O-20240309-231000-BACKTEST-000-255,O-20240309-232000-BACKTEST-000-256,BUY,FLAT,0.00000000,0.03448516,1710025800000000000,2024-03-09 23:10:00+00:00,1710026400000000000,2024-03-09 23:20:00+00:00,600000000000,68433.15999999999,68354.73999999999,['18.87 USD'],-0.00115,-21.57 USD,True
BTC/USD.KRAKEN-KrakenBTCUSDResearchStrategy-000-f23c8767-9b5f-4331-983a-03c2eb536041,KRAKEN-BACKTEST,KrakenBTCUSDResearchStrategy-000,BTC/USD.KRAKEN,KRAKEN-001,O-20240310-010000-BACKTEST-000-257,O-20240310-134500-BACKTEST-000-258,BUY,FLAT,0.00000000,0.03430391,1710032400000000000,2024-03-10 01:00:00+00:00,1710078300000000000,2024-03-10 13:45:00+00:00,45900000000000,68606.01,69501.06,['18.95 USD'],0.01305,11.75 USD,True
BTC/USD.KRAKEN-KrakenBTCUSDResearchStrategy-000-db614a93-326b-496a-aa3e-5a70ba149dfe,KRAKEN-BACKTEST,KrakenBTCUSDResearchStrategy-000,BTC/USD.KRAKEN,KRAKEN-001,O-20240311-065500-BACKTEST-000-259,O-20240311-194500-BACKTEST-000-260,BUY,FLAT,0.00000000,0.03400158,1710140100000000000,2024-03-11 06:55:00+00:00,1710186300000000000,2024-03-11 19:45:00+00:00,46200000000000,69319.79,71967.66,['19.22 USD'],0.0382,70.81 USD,True
BTC/USD.KRAKEN-KrakenBTCUSDResearchStrategy-000-05ac0bd1-dd1d-4f63-8692-b2a1f81f941f,KRAKEN-BACKTEST,KrakenBTCUSDResearchStrategy-000,BTC/USD.KRAKEN,KRAKEN-001,O-20240312-140000-BACKTEST-000-261,O-20240312-141000-BACKTEST-000-262,BUY,FLAT,0.00000000,0.03278661,1710252000000000000,2024-03-12 14:00:00+00:00,1710252600000000000,2024-03-12 14:10:00+00:00,600000000000,72536.49,71765.92,['18.92 USD'],-0.01062,-44.18 USD,True
BTC/USD.KRAKEN-KrakenBTCUSDResearchStrategy-000-8cdad91d-8f8d-4543-99b1-e0d35d439362,KRAKEN-BACKTEST,KrakenBTCUSDResearchStrategy-000,BTC/USD.KRAKEN,KRAKEN-001,O-20240313-000500-BACKTEST-000-263,O-20240313-123000-BACKTEST-000-264,BUY,FLAT,0.00000000,0.03302858,1710288300000000000,2024-03-13 00:05:00+00:00,1710333000000000000,2024-03-13 12:30:00+00:00,44700000000000,71603.70999999999,72849.1,['19.08 USD'],0.01739,22.05 USD,True
BTC/USD.KRAKEN-KrakenBTCUSDResearchStrategy-000-2477c844-1362-4251-85ba-e577b20f9136,KRAKEN-BACKTEST,KrakenBTCUSDResearchStrategy-000,BTC/USD.KRAKEN,KRAKEN-001,O-20240313-195500-BACKTEST-000-265,O-20240313-203000-BACKTEST-000-266,BUY,FLAT,0.00000000,0.03233276,1710359700000000000,2024-03-13 19:55:00+00:00,1710361800000000000,2024-03-13 20:30:00+00:00,2100000000000,73349.24,72941.81,['18.92 USD'],-0.00555,-32.09 USD,True
BTC/USD.KRAKEN-KrakenBTCUSDResearchStrategy-000-cebcf13e-af76-41cb-b0b2-1347c0bb29fe,KRAKEN-BACKTEST,KrakenBTCUSDResearchStrategy-000,BTC/USD.KRAKEN,KRAKEN-001,O-20240314-032000-BACKTEST-000-267,O-20240314-043500-BACKTEST-000-268,BUY,FLAT,0.00000000,0.03225472,1710386400000000000,2024-03-14 03:20:00+00:00,1710390900000000000,2024-03-14 04:35:00+00:00,4500000000000,73228.25,73041.1,['18.87 USD'],-0.00256,-24.91 USD,True
BTC/USD.KRAKEN-KrakenBTCUSDResearchStrategy-000-0d12ec0c-c4ed-4778-a977-f06a5158ff71,KRAKEN-BACKTEST,KrakenBTCUSDResearchStrategy-000,BTC/USD.KRAKEN,KRAKEN-001,O-20240314-231000-BACKTEST-000-269,O-20240315-001000-BACKTEST-000-270,BUY,FLAT,0.00000000,0.03283798,1710457800000000000,2024-03-14 23:10:00+00:00,1710461400000000000,2024-03-15 00:10:00+00:00,3600000000000,71700.01,71380.0,['18.80 USD'],-0.00446,-29.31 USD,True
BTC/USD.KRAKEN-KrakenBTCUSDResearchStrategy-000-f3d9a7fa-b2e4-40d7-b530-dcea45431623,KRAKEN-BACKTEST,KrakenBTCUSDResearchStrategy-000,BTC/USD.KRAKEN,KRAKEN-001,O-20240315-002000-BACKTEST-000-271,O-20240315-021500-BACKTEST-000-272,BUY,FLAT,0.00000000,0.03266310,1710462000000000000,2024-03-15 00:20:00+00:00,1710468900000000000,2024-03-15 02:15:00+00:00,6900000000000,71814.8,71437.13,['18.71 USD'],-0.00526,-31.05 USD,True
BTC/USD.KRAKEN-KrakenBTCUSDResearchStrategy-000-56116934-cd45-4919-80dd-2eb3d66e9173,KRAKEN-BACKTEST,KrakenBTCUSDResearchStrategy-000,BTC/USD.KRAKEN,KRAKEN-001,O-20240315-184000-BACKTEST-000-273,O-20240315-200500-BACKTEST-000-274,BUY,FLAT,0.00000000,0.03373351,1710528000000000000,2024-03-15 18:40:00+00:00,1710533100000000000,2024-03-15 20:05:00+00:00,5100000000000,69259.97,67767.62999999999,['18.49 USD'],-0.02155,-68.83 USD,True
BTC/USD.KRAKEN-KrakenBTCUSDResearchStrategy-000-4321743a-ee2a-4982-8fbf-2f1c86fb7224,KRAKEN-BACKTEST,KrakenBTCUSDResearchStrategy-000,BTC/USD.KRAKEN,KRAKEN-001,O-20240317-101500-BACKTEST-000-275,O-20240317-124500-BACKTEST-000-276,BUY,FLAT,0.00000000,0.03454257,1710670500000000000,2024-03-17 10:15:00+00:00,1710679500000000000,2024-03-17 12:45:00+00:00,9000000000000,67039.96,66673.73000000001,['18.47 USD'],-0.00546,-31.12 USD,True
BTC/USD.KRAKEN-KrakenBTCUSDResearchStrategy-000-cfba1ba7-d949-4ac9-9811-174630231e1e,KRAKEN-BACKTEST,KrakenBTCUSDResearchStrategy-000,BTC/USD.KRAKEN,KRAKEN-001,O-20240317-145500-BACKTEST-000-277,O-20240318-000500-BACKTEST-000-278,BUY,FLAT,0.00000000,0.03411325,1710687300000000000,2024-03-17 14:55:00+00:00,1710720300000000000,2024-03-18 00:05:00+00:00,33000000000000,67609.99,68071.57,['18.52 USD'],0.00683,-2.77 USD,True
BTC/USD.KRAKEN-KrakenBTCUSDResearchStrategy-000-7428d921-67a1-4558-92fd-ebd2601b7d90,KRAKEN-BACKTEST,KrakenBTCUSDResearchStrategy-000,BTC/USD.KRAKEN,KRAKEN-001,O-20240318-044500-BACKTEST-000-279,O-20240318-072500-BACKTEST-000-280,BUY,FLAT,0.00000000,0.03367165,1710737100000000000,2024-03-18 04:45:00+00:00,1710746700000000000,2024-03-18 07:25:00+00:00,9600000000000,68471.92,68214.81999999999,['18.41 USD'],-0.00375,-27.07 USD,True
BTC/USD.KRAKEN-KrakenBTCUSDResearchStrategy-000-54b488cd-9b9c-4b45-b24c-1b7723be6701,KRAKEN-BACKTEST,KrakenBTCUSDResearchStrategy-000,BTC/USD.KRAKEN,KRAKEN-001,O-20240318-125000-BACKTEST-000-281,O-20240318-130000-BACKTEST-000-282,BUY,FLAT,0.00000000,0.03349259,1710766200000000000,2024-03-18 12:50:00+00:00,1710766800000000000,2024-03-18 13:00:00+00:00,600000000000,68595.62,68279.37999999999,['18.34 USD'],-0.00461,-28.93 USD,True
BTC/USD.KRAKEN-KrakenBTCUSDResearchStrategy-000-e23738c5-3335-4437-b874-88343925860a,KRAKEN-BACKTEST,KrakenBTCUSDResearchStrategy-000,BTC/USD.KRAKEN,KRAKEN-001,O-20240318-231500-BACKTEST-000-283,O-20240318-235500-BACKTEST-000-284,BUY,FLAT,0.00000000,0.03366634,1710803700000000000,2024-03-18 23:15:00+00:00,1710806100000000000,2024-03-18 23:55:00+00:00,2400000000000,67983.8,67609.99,['18.26 USD'],-0.0055,-30.84 USD,True
BTC/USD.KRAKEN-KrakenBTCUSDResearchStrategy-000-7cc007fb-8f8d-4d2a-8a84-44c250f8673e,KRAKEN-BACKTEST,KrakenBTCUSDResearchStrategy-000,BTC/USD.KRAKEN,KRAKEN-001,O-20240319-164000-BACKTEST-000-285,O-20240319-200000-BACKTEST-000-286,BUY,FLAT,0.00000000,0.03069770,1710866400000000000,2024-03-19 16:40:00+00:00,1710878400000000000,2024-03-19 20:00:00+00:00,12000000000000,64860.0,63960.380000000005,['15.81 USD'],-0.01387,-43.43 USD,True
BTC/USD.KRAKEN-KrakenBTCUSDResearchStrategy-000-07623f4d-4f38-451c-9f3f-c0b58a803259,KRAKEN-BACKTEST,KrakenBTCUSDResearchStrategy-000,BTC/USD.KRAKEN,KRAKEN-001,O-20240320-083000-BACKTEST-000-287,O-20240320-162000-BACKTEST-000-288,BUY,FLAT,0.00000000,0.03585012,1710923400000000000,2024-03-20 08:30:00+00:00,1710951600000000000,2024-03-20 16:20:00+00:00,28200000000000,63221.11,63161.090000000004,['18.13 USD'],-0.00095,-20.28 USD,True
BTC/USD.KRAKEN-KrakenBTCUSDResearchStrategy-000-ad61e8fe-e4c6-441c-b8c9-ceca4a6f4fc0,KRAKEN-BACKTEST,KrakenBTCUSDResearchStrategy-000,BTC/USD.KRAKEN,KRAKEN-001,O-20240320-181000-BACKTEST-000-289,O-20240321-034000-BACKTEST-000-290,BUY,FLAT,0.00000000,0.02175515,1710958200000000000,2024-03-20 18:10:00+00:00,1710992400000000000,2024-03-21 03:40:00+00:00,34200000000000,64779.87999999999,66969.06999999999,['11.47 USD'],0.03379,36.16 USD,True
BTC/USD.KRAKEN-KrakenBTCUSDResearchStrategy-000-93de1dc4-a39c-4f1e-84b2-ccf1a7a48431,KRAKEN-BACKTEST,KrakenBTCUSDResearchStrategy-000,BTC/USD.KRAKEN,KRAKEN-001,O-20240321-081500-BACKTEST-000-291,O-20240321-082500-BACKTEST-000-292,BUY,FLAT,0.00000000,0.03357843,1711008900000000000,2024-03-21 08:15:00+00:00,1711009500000000000,2024-03-21 08:25:00+00:00,600000000000,67640.01,67322.52,['18.13 USD'],-0.00469,-28.79 USD,True
BTC/USD.KRAKEN-KrakenBTCUSDResearchStrategy-000-319c643a-ad3b-4291-bb32-4fe635f1af75,KRAKEN-BACKTEST,KrakenBTCUSDResearchStrategy-000,BTC/USD.KRAKEN,KRAKEN-001,O-20240322-045000-BACKTEST-000-293,O-20240322-084000-BACKTEST-000-294,BUY,FLAT,0.00000000,0.03414745,1711083000000000000,2024-03-22 04:50:00+00:00,1711096800000000000,2024-03-22 08:40:00+00:00,13800000000000,66259.87999999999,65932.0,['18.06 USD'],-0.00495,-29.26 USD,True
BTC/USD.KRAKEN-KrakenBTCUSDResearchStrategy-000-8bb123b2-bd95-4830-bcbc-57be25ad25e0,KRAKEN-BACKTEST,KrakenBTCUSDResearchStrategy-000,BTC/USD.KRAKEN,KRAKEN-001,O-20240323-012000-BACKTEST-000-295,O-20240323-030000-BACKTEST-000-296,BUY,FLAT,0.00000000,0.03527190,1711156800000000000,2024-03-23 01:20:00+00:00,1711162800000000000,2024-03-23 03:00:00+00:00,6000000000000,63898.68000000001,63647.98,['18.00 USD'],-0.00392,-26.84 USD,True
BTC/USD.KRAKEN-KrakenBTCUSDResearchStrategy-000-7b23e14c-c28f-4132-9dc8-069d0fd7dc7d,KRAKEN-BACKTEST,KrakenBTCUSDResearchStrategy-000,BTC/USD.KRAKEN,KRAKEN-001,O-20240323-070500-BACKTEST-000-297,O-20240323-091000-BACKTEST-000-298,BUY,FLAT,0.00000000,0.03479772,1711177500000000000,2024-03-23 07:05:00+00:00,1711185000000000000,2024-03-23 09:10:00+00:00,7500000000000,64538.009999999995,64200.0,['17.92 USD'],-0.00524,-29.68 USD,True
BTC/USD.KRAKEN-KrakenBTCUSDResearchStrategy-000-f7f54da9-3919-4093-bed9-cb5828a06d41,KRAKEN-BACKTEST,KrakenBTCUSDResearchStrategy-000,BTC/USD.KRAKEN,KRAKEN-001,O-20240323-125000-BACKTEST-000-299,O-20240323-130000-BACKTEST-000-300,BUY,FLAT,0.00000000,0.03449296,1711198200000000000,2024-03-23 12:50:00+00:00,1711198800000000000,2024-03-23 13:00:00+00:00,600000000000,64850.0,64623.020000000004,['17.87 USD'],-0.0035,-25.70 USD,True
BTC/USD.KRAKEN-KrakenBTCUSDResearchStrategy-000-ad5ae37a-208b-4cd8-995a-1757652d4b5d,KRAKEN-BACKTEST,KrakenBTCUSDResearchStrategy-000,BTC/USD.KRAKEN,KRAKEN-001,O-20240323-143000-BACKTEST-000-301,O-20240323-151500-BACKTEST-000-302,BUY,FLAT,0.00000000,0.03414253,1711204200000000000,2024-03-23 14:30:00+00:00,1711206900000000000,2024-03-23 15:15:00+00:00,2700000000000,65289.78999999999,64872.0,['17.78 USD'],-0.0064,-32.04 USD,True
BTC/USD.KRAKEN-KrakenBTCUSDResearchStrategy-000-e7693c6d-2e49-4131-b2aa-1865109f1dc6,KRAKEN-BACKTEST,KrakenBTCUSDResearchStrategy-000,BTC/USD.KRAKEN,KRAKEN-001,O-20240323-163000-BACKTEST-000-303,O-20240323-192500-BACKTEST-000-304,BUY,FLAT,0.00000000,0.03389527,1711211400000000000,2024-03-23 16:30:00+00:00,1711221900000000000,2024-03-23 19:25:00+00:00,10500000000000,65482.4,65121.98,['17.71 USD'],-0.0055,-29.93 USD,True
BTC/USD.KRAKEN-KrakenBTCUSDResearchStrategy-000-a4f16a41-f214-456b-9afa-8ce47c79bf92,KRAKEN-BACKTEST,KrakenBTCUSDResearchStrategy-000,BTC/USD.KRAKEN,KRAKEN-001,O-20240324-085000-BACKTEST-000-305,O-20240324-165000-BACKTEST-000-306,BUY,FLAT,0.00000000,0.03397736,1711270200000000000,2024-03-24 08:50:00+00:00,1711299000000000000,2024-03-24 16:50:00+00:00,28800000000000,65060.009999999995,65307.44,['17.72 USD'],0.0038,-9.31 USD,True
BTC/USD.KRAKEN-KrakenBTCUSDResearchStrategy-000-994acc60-9cdd-4fda-94c7-c2ac8693fe4a,KRAKEN-BACKTEST,KrakenBTCUSDResearchStrategy-000,BTC/USD.KRAKEN,KRAKEN-001,O-20240324-183000-BACKTEST-000-307,O-20240325-074500-BACKTEST-000-308,BUY,FLAT,0.00000000,0.03344494,1711305000000000000,2024-03-24 18:30:00+00:00,1711352700000000000,2024-03-25 07:45:00+00:00,47700000000000,66012.13,66829.95,['17.77 USD'],0.01239,9.58 USD,True
BTC/USD.KRAKEN-KrakenBTCUSDResearchStrategy-000-b33025e2-c309-4a6e-b7b7-8e19b74b9305,KRAKEN-BACKTEST,KrakenBTCUSDResearchStrategy-000,BTC/USD.KRAKEN,KRAKEN-001,O-20240325-135000-BACKTEST-000-309,O-20240325-212500-BACKTEST-000-310,BUY,FLAT,0.00000000,0.03273933,1711374600000000000,2024-03-25 13:50:00+00:00,1711401900000000000,2024-03-25 21:25:00+00:00,27300000000000,67522.62000000001,69810.0,['17.98 USD'],0.03388,56.91 USD,True
BTC/USD.KRAKEN-KrakenBTCUSDResearchStrategy-000-89f6e97b-c9c5-4c2f-a43e-ea7f781df09a,KRAKEN-BACKTEST,KrakenBTCUSDResearchStrategy-000,BTC/USD.KRAKEN,KRAKEN-001,O-20240326-034000-BACKTEST-000-311,O-20240326-052500-BACKTEST-000-312,BUY,FLAT,0.00000000,0.03157659,1711424400000000000,2024-03-26 03:40:00+00:00,1711430700000000000,2024-03-26 05:25:00+00:00,6300000000000,70549.59,70356.56999999999,['17.80 USD'],-0.00274,-23.89 USD,True
BTC/USD.KRAKEN-KrakenBTCUSDResearchStrategy-000-4f424500-e369-44a9-90aa-c38c514f6337,KRAKEN-BACKTEST,KrakenBTCUSDResearchStrategy-000,BTC/USD.KRAKEN,KRAKEN-001,O-20240326-070000-BACKTEST-000-313,O-20240326-113000-BACKTEST-000-314,BUY,FLAT,0.00000000,0.03137108,1711436400000000000,2024-03-26 07:00:00+00:00,1711452600000000000,2024-03-26 11:30:00+00:00,16200000000000,70783.20999999999,70643.99,['17.74 USD'],-0.00197,-22.11 USD,True
BTC/USD.KRAKEN-KrakenBTCUSDResearchStrategy-000-fad2c67d-a33b-4bfa-b5bb-cc649823752b,KRAKEN-BACKTEST,KrakenBTCUSDResearchStrategy-000,BTC/USD.KRAKEN,KRAKEN-001,O-20240327-003500-BACKTEST-000-315,O-20240327-041500-BACKTEST-000-316,BUY,FLAT,0.00000000,0.03143869,1711499700000000000,2024-03-27 00:35:00+00:00,1711512900000000000,2024-03-27 04:15:00+00:00,13200000000000,70420.01,70272.38,['17.70 USD'],-0.0021,-22.34 USD,True
BTC/USD.KRAKEN-KrakenBTCUSDResearchStrategy-000-dd884d42-254e-4568-bd3e-2c790031faf7,KRAKEN-BACKTEST,KrakenBTCUSDResearchStrategy-000,BTC/USD.KRAKEN,KRAKEN-001,O-20240327-130000-BACKTEST-000-317,O-20240327-134500-BACKTEST-000-318,BUY,FLAT,0.00000000,0.03116067,1711544400000000000,2024-03-27 13:00:00+00:00,1711547100000000000,2024-03-27 13:45:00+00:00,2700000000000,70833.22,70268.48,['17.59 USD'],-0.00797,-35.19 USD,True
BTC/USD.KRAKEN-KrakenBTCUSDResearchStrategy-000-c51ad37b-4978-437b-9bb4-91fa940ccd13,KRAKEN-BACKTEST,KrakenBTCUSDResearchStrategy-000,BTC/USD.KRAKEN,KRAKEN-001,O-20240327-235000-BACKTEST-000-319,O-20240328-023000-BACKTEST-000-320,BUY,FLAT,0.00000000,0.03157927,1711583400000000000,2024-03-27 23:50:00+00:00,1711593000000000000,2024-03-28 02:30:00+00:00,9600000000000,69559.99,69081.01000000001,['17.52 USD'],-0.00689,-32.65 USD,True
BTC/USD.KRAKEN-KrakenBTCUSDResearchStrategy-000-95b3c013-ef27-4fce-afd5-c26834e4d0d4,KRAKEN-BACKTEST,KrakenBTCUSDResearchStrategy-000,BTC/USD.KRAKEN,KRAKEN-001,O-20240328-052000-BACKTEST-000-321,O-20240328-053000-BACKTEST-000-322,BUY,FLAT,0.00000000,0.03128557,1711603200000000000,2024-03-28 05:20:00+00:00,1711603800000000000,2024-03-28 05:30:00+00:00,600000000000,69900.0,69631.61,['17.46 USD'],-0.00384,-25.86 USD,True
BTC/USD.KRAKEN-KrakenBTCUSDResearchStrategy-000-f6e1fa5c-e887-4fd0-8120-26f1985e596d,KRAKEN-BACKTEST,KrakenBTCUSDResearchStrategy-000,BTC/USD.KRAKEN,KRAKEN-001,O-20240328-063000-BACKTEST-000-323,O-20240328-161500-BACKTEST-000-324,BUY,FLAT,0.00000000,0.03108027,1711607400000000000,2024-03-28 06:30:00+00:00,1711642500000000000,2024-03-28 16:15:00+00:00,35100000000000,70112.11,70634.78,['17.50 USD'],0.00745,-1.26 USD,True
BTC/USD.KRAKEN-KrakenBTCUSDResearchStrategy-000-15a11567-76fd-48b5-847e-62624d00190c,KRAKEN-BACKTEST,KrakenBTCUSDResearchStrategy-000,BTC/USD.KRAKEN,KRAKEN-001,O-20240328-231000-BACKTEST-000-325,O-20240328-233500-BACKTEST-000-326,BUY,FLAT,0.00000000,0.03066361,1711667400000000000,2024-03-28 23:10:00+00:00,1711668900000000000,2024-03-28 23:35:00+00:00,1500000000000,71052.59,70804.71,['17.39 USD'],-0.00349,-24.99 USD,True
BTC/USD.KRAKEN-KrakenBTCUSDResearchStrategy-000-37f9fa39-73e7-4907-8b53-7e5886213102,KRAKEN-BACKTEST,KrakenBTCUSDResearchStrategy-000,BTC/USD.KRAKEN,KRAKEN-001,O-20240329-133500-BACKTEST-000-327,O-20240329-145000-BACKTEST-000-328,BUY,FLAT,0.00000000,0.03078635,1711719300000000000,2024-03-29 13:35:00+00:00,1711723800000000000,2024-03-29 14:50:00+00:00,4500000000000,70525.79,70262.01,['17.33 USD'],-0.00374,-25.45 USD,True
BTC/USD.KRAKEN-KrakenBTCUSDResearchStrategy-000-d2991d32-784c-472a-b470-14f06928c93f,KRAKEN-BACKTEST,KrakenBTCUSDResearchStrategy-000,BTC/USD.KRAKEN,KRAKEN-001,O-20240330-005500-BACKTEST-000-329,O-20240330-034500-BACKTEST-000-330,BUY,FLAT,0.00000000,0.03093818,1711760100000000000,2024-03-30 00:55:00+00:00,1711770300000000000,2024-03-30 03:45:00+00:00,10200000000000,69932.9,69811.99,['17.29 USD'],-0.00173,-21.03 USD,True
BTC/USD.KRAKEN-KrakenBTCUSDResearchStrategy-000-b2c13444-5948-4a36-b834-c14b8ce22949,KRAKEN-BACKTEST,KrakenBTCUSDResearchStrategy-000,BTC/USD.KRAKEN,KRAKEN-001,O-20240330-050000-BACKTEST-000-331,O-20240330-051000-BACKTEST-000-332,BUY,FLAT,0.00000000,0.03071047,1711774800000000000,2024-03-30 05:00:00+00:00,1711775400000000000,2024-03-30 05:10:00+00:00,600000000000,70245.99,70095.91,['17.24 USD'],-0.00214,-21.85 USD,True
BTC/USD.KRAKEN-KrakenBTCUSDResearchStrategy-000-8431c3cb-9d3e-41ee-a7e4-c0c542ea59e5,KRAKEN-BACKTEST,KrakenBTCUSDResearchStrategy-000,BTC/USD.KRAKEN,KRAKEN-001,O-20240330-115500-BACKTEST-000-333,O-20240330-143500-BACKTEST-000-334,BUY,FLAT,0.00000000,0.03064440,1711799700000000000,2024-03-30 11:55:00+00:00,1711809300000000000,2024-03-30 14:35:00+00:00,9600000000000,70183.54999999999,70090.0,['17.19 USD'],-0.00133,-20.06 USD,True
BTC/USD.KRAKEN-KrakenBTCUSDResearchStrategy-000-72fe16c0-2258-4073-ad39-a2259c54258a,KRAKEN-BACKTEST,KrakenBTCUSDResearchStrategy-000,BTC/USD.KRAKEN,KRAKEN-001,O-20240331-021000-BACKTEST-000-335,O-20240331-024500-BACKTEST-000-336,BUY,FLAT,0.00000000,0.03058927,1711851000000000000,2024-03-31 02:10:00+00:00,1711853100000000000,2024-03-31 02:45:00+00:00,2100000000000,70113.39,69964.55,['17.14 USD'],-0.00212,-21.69 USD,True
BTC/USD.KRAKEN-KrakenBTCUSDResearchStrategy-000-648c80f5-2bd3-4152-8180-4288f2376c8f,KRAKEN-BACKTEST,KrakenBTCUSDResearchStrategy-000,BTC/USD.KRAKEN,KRAKEN-001,O-20240331-051000-BACKTEST-000-337,O-20240331-152000-BACKTEST-000-338,BUY,FLAT,0.00000000,0.03044619,1711861800000000000,2024-03-31 05:10:00+00:00,1711898400000000000,2024-03-31 15:20:00+00:00,36600000000000,70229.06,70363.92,['17.12 USD'],0.00192,-13.01 USD,True
BTC/USD.KRAKEN-KrakenBTCUSDResearchStrategy-000-dc9611be-13cc-4e8c-9428-2444a97c086b,KRAKEN-BACKTEST,KrakenBTCUSDResearchStrategy-000,BTC/USD.KRAKEN,KRAKEN-001,O-20240331-183500-BACKTEST-000-339,O-20240331-190000-BACKTEST-000-340,BUY,FLAT,0.00000000,0.03007372,1711910100000000000,2024-03-31 18:35:00+00:00,1711911600000000000,2024-03-31 19:00:00+00:00,1500000000000,70969.0,70692.0,['17.04 USD'],-0.0039,-25.37 USD,True
BTC/USD.KRAKEN-KrakenBTCUSDResearchStrategy-000-fb1aa1af-1c87-4452-b0a4-7c3bd5e04dfa,KRAKEN-BACKTEST,KrakenBTCUSDResearchStrategy-000,BTC/USD.KRAKEN,KRAKEN-001,O-20240331-233000-BACKTEST-000-341,O-20240401-002500-BACKTEST-000-342,BUY,FLAT,0.00000000,0.02984099,1711927800000000000,2024-03-31 23:30:00+00:00,1711931100000000000,2024-04-01 00:25:00+00:00,3300000000000,71267.43000000001,71078.0,['16.99 USD'],-0.00266,-22.64 USD,True
BTC/USD.KRAKEN-KrakenBTCUSDResearchStrategy-000-40dad3d9-766a-43d0-b100-c2c5c5727abe,KRAKEN-BACKTEST,KrakenBTCUSDResearchStrategy-000,BTC/USD.KRAKEN,KRAKEN-001,O-20240401-195500-BACKTEST-000-343,O-20240402-001500-BACKTEST-000-344,BUY,FLAT,0.00000000,0.03043732,1712001300000000000,2024-04-01 19:55:00+00:00,1712016900000000000,2024-04-02 00:15:00+00:00,15600000000000,69648.01,69380.0,['16.93 USD'],-0.00385,-25.09 USD,True
BTC/USD.KRAKEN-KrakenBTCUSDResearchStrategy-000-a169b0e8-2b09-48a3-a2db-b7ca41ade5a2,KRAKEN-BACKTEST,KrakenBTCUSDResearchStrategy-000,BTC/USD.KRAKEN,KRAKEN-001,O-20240402-194000-BACKTEST-000-345,O-20240402-203500-BACKTEST-000-346,BUY,FLAT,0.00000000,0.03192560,1712086800000000000,2024-04-02 19:40:00+00:00,1712090100000000000,2024-04-02 20:35:00+00:00,3300000000000,66165.44,65859.75,['16.86 USD'],-0.00462,-26.62 USD,True
BTC/USD.KRAKEN-KrakenBTCUSDResearchStrategy-000-ad3653c8-145e-4350-8904-1ec3fccdc98b,KRAKEN-BACKTEST,KrakenBTCUSDResearchStrategy-000,BTC/USD.KRAKEN,KRAKEN-001,O-20240403-034500-BACKTEST-000-347,O-20240403-104000-BACKTEST-000-348,BUY,FLAT,0.00000000,0.03182433,1712115900000000000,2024-04-03 03:45:00+00:00,1712140800000000000,2024-04-03 10:40:00+00:00,24900000000000,66125.06,66116.0,['16.84 USD'],-0.00014,-17.13 USD,True
BTC/USD.KRAKEN-KrakenBTCUSDResearchStrategy-000-943728e9-609d-48b9-b9a5-016c09bf39fc,KRAKEN-BACKTEST,KrakenBTCUSDResearchStrategy-000,BTC/USD.KRAKEN,KRAKEN-001,O-20240403-142500-BACKTEST-000-349,O-20240403-152500-BACKTEST-000-350,BUY,FLAT,0.00000000,0.03144238,1712154300000000000,2024-04-03 14:25:00+00:00,1712157900000000000,2024-04-03 15:25:00+00:00,3600000000000,66764.88,66279.43000000001,['16.74 USD'],-0.00727,-32.00 USD,True
BTC/USD.KRAKEN-KrakenBTCUSDResearchStrategy-000-d3556761-db70-4c1d-8c49-000ab5904a69,KRAKEN-BACKTEST,KrakenBTCUSDResearchStrategy-000,BTC/USD.KRAKEN,KRAKEN-001,O-20240403-230000-BACKTEST-000-351,O-20240403-233500-BACKTEST-000-352,BUY,FLAT,0.00000000,0.03154209,1712185200000000000,2024-04-03 23:00:00+00:00,1712187300000000000,2024-04-03 23:35:00+00:00,2100000000000,66249.37999999999,66064.51,['16.70 USD'],-0.00279,-22.53 USD,True
BTC/USD.KRAKEN-KrakenBTCUSDResearchStrategy-000-abaae2e1-9990-41c8-865b-895133189a76,KRAKEN-BACKTEST,KrakenBTCUSDResearchStrategy-000,BTC/USD.KRAKEN,KRAKEN-001,O-20240404-004500-BACKTEST-000-353,O-20240404-013500-BACKTEST-000-354,BUY,FLAT,0.00000000,0.03140280,1712191500000000000,2024-04-04 00:45:00+00:00,1712194500000000000,2024-04-04 01:35:00+00:00,3000000000000,66327.99,66082.98999999999,['16.63 USD'],-0.00369,-24.32 USD,True
BTC/USD.KRAKEN-KrakenBTCUSDResearchStrategy-000-9703caaa-a5bf-4db6-bc9b-56211e298a68,KRAKEN-BACKTEST,KrakenBTCUSDResearchStrategy-000,BTC/USD.KRAKEN,KRAKEN-001,O-20240404-073500-BACKTEST-000-355,O-20240404-074500-BACKTEST-000-356,BUY,FLAT,0.00000000,0.03133645,1712216100000000000,2024-04-04 07:35:00+00:00,1712216700000000000,2024-04-04 07:45:00+00:00,600000000000,66235.6,66016.0,['16.57 USD'],-0.00332,-23.45 USD,True
BTC/USD.KRAKEN-KrakenBTCUSDResearchStrategy-000-1e246960-00b8-4e88-8421-8d8667641a4b,KRAKEN-BACKTEST,KrakenBTCUSDResearchStrategy-000,BTC/USD.KRAKEN,KRAKEN-001,O-20240404-102000-BACKTEST-000-357,O-20240404-111000-BACKTEST-000-358,BUY,FLAT,0.00000000,0.03113127,1712226000000000000,2024-04-04 10:20:00+00:00,1712229000000000000,2024-04-04 11:10:00+00:00,3000000000000,66446.18,66142.47,['16.51 USD'],-0.00457,-25.96 USD,True
BTC/USD.KRAKEN-KrakenBTCUSDResearchStrategy-000-2bf89af5-4d60-4514-aa99-87867620d870,KRAKEN-BACKTEST,KrakenBTCUSDResearchStrategy-000,BTC/USD.KRAKEN,KRAKEN-001,O-20240404-121000-BACKTEST-000-359,O-20240404-200500-BACKTEST-000-360,BUY,FLAT,0.00000000,0.03095472,1712232600000000000,2024-04-04 12:10:00+00:00,1712261100000000000,2024-04-04 20:05:00+00:00,28500000000000,66573.56000000001,67714.73999999999,['16.62 USD'],0.01714,18.70 USD,True
BTC/USD.KRAKEN-KrakenBTCUSDResearchStrategy-000-198c0c06-bf96-447e-9762-845044ddfa78,KRAKEN-BACKTEST,KrakenBTCUSDResearchStrategy-000,BTC/USD.KRAKEN,KRAKEN-001,O-20240405-005500-BACKTEST-000-361,O-20240405-012000-BACKTEST-000-362,BUY,FLAT,0.00000000,0.03011946,1712278500000000000,2024-04-05 00:55:00+00:00,1712280000000000000,2024-04-05 01:20:00+00:00,1500000000000,68606.0,68133.2,['16.48 USD'],-0.00689,-30.72 USD,True
BTC/USD.KRAKEN-KrakenBTCUSDResearchStrategy-000-b87c536e-3a50-4e3a-92d7-4957a56d2c70,KRAKEN-BACKTEST,KrakenBTCUSDResearchStrategy-000,BTC/USD.KRAKEN,KRAKEN-001,O-20240405-141000-BACKTEST-000-363,O-20240405-174500-BACKTEST-000-364,BUY,FLAT,0.00000000,0.03031476,1712326200000000000,2024-04-05 14:10:00+00:00,1712339100000000000,2024-04-05 17:45:00+00:00,12900000000000,67860.01,67485.57,['16.41 USD'],-0.00552,-27.76 USD,True
BTC/USD.KRAKEN-KrakenBTCUSDResearchStrategy-000-8a223f76-b517-491d-9d2a-7696c9602ff0,KRAKEN-BACKTEST,KrakenBTCUSDResearchStrategy-000,BTC/USD.KRAKEN,KRAKEN-001,O-20240406-003500-BACKTEST-000-365,O-20240406-011000-BACKTEST-000-366,BUY,FLAT,0.00000000,0.03011743,1712363700000000000,2024-04-06 00:35:00+00:00,1712365800000000000,2024-04-06 01:10:00+00:00,2100000000000,68028.11,67818.0,['16.37 USD'],-0.00309,-22.70 USD,True
BTC/USD.KRAKEN-KrakenBTCUSDResearchStrategy-000-f0924b57-6b79-43cc-a95d-1f28db1feafc,KRAKEN-BACKTEST,KrakenBTCUSDResearchStrategy-000,BTC/USD.KRAKEN,KRAKEN-001,O-20240406-053000-BACKTEST-000-367,O-20240406-081500-BACKTEST-000-368,BUY,FLAT,0.00000000,0.02999004,1712381400000000000,2024-04-06 05:30:00+00:00,1712391300000000000,2024-04-06 08:15:00+00:00,9900000000000,68090.0,67896.01,['16.31 USD'],-0.00285,-22.13 USD,True
BTC/USD.KRAKEN-KrakenBTCUSDResearchStrategy-000-b01ea6e8-1e78-43e5-867b-556fb1258cca,KRAKEN-BACKTEST,KrakenBTCUSDResearchStrategy-000,BTC/USD.KRAKEN,KRAKEN-001,O-20240406-151000-BACKTEST-000-369,O-20240406-161000-BACKTEST-000-370,BUY,FLAT,0.00000000,0.02982590,1712416200000000000,2024-04-06 15:10:00+00:00,1712419800000000000,2024-04-06 16:10:00+00:00,3600000000000,68242.12,67998.09999999999,['16.25 USD'],-0.00358,-23.53 USD,True
BTC/USD.KRAKEN-KrakenBTCUSDResearchStrategy-000-ed9fe443-6ec4-4c7c-9d13-aed5de5427bf,KRAKEN-BACKTEST,KrakenBTCUSDResearchStrategy-000,BTC/USD.KRAKEN,KRAKEN-001,O-20240406-174000-BACKTEST-000-371,O-20240406-181500-BACKTEST-000-372,BUY,FLAT,0.00000000,0.02964809,1712425200000000000,2024-04-06 17:40:00+00:00,1712427300000000000,2024-04-06 18:15:00+00:00,2100000000000,68413.29,68225.04,['16.20 USD'],-0.00275,-21.78 USD,True
BTC/USD.KRAKEN-KrakenBTCUSDResearchStrategy-000-dabf6d73-e343-4fcd-92a1-0faf1c1e1657,KRAKEN-BACKTEST,KrakenBTCUSDResearchStrategy-000,BTC/USD.KRAKEN,KRAKEN-001,O-20240406-220500-BACKTEST-000-373,O-20240407-093500-BACKTEST-000-374,BUY,FLAT,0.00000000,0.02951259,1712441100000000000,2024-04-06 22:05:00+00:00,1712482500000000000,2024-04-07 09:35:00+00:00,41400000000000,68506.01,69248.72,['16.26 USD'],0.01084,5.66 USD,True
BTC/USD.KRAKEN-KrakenBTCUSDResearchStrategy-000-7b205333-8ccc-44b9-a190-d3eb2f4bac19,KRAKEN-BACKTEST,KrakenBTCUSDResearchStrategy-000,BTC/USD.KRAKEN,KRAKEN-001,O-20240407-145000-BACKTEST-000-375,O-20240407-181000-BACKTEST-000-376,BUY,FLAT,0.00000000,0.02906948,1712501400000000000,2024-04-07 14:50:00+00:00,1712513400000000000,2024-04-07 18:10:00+00:00,12000000000000,69608.66,69540.17,['16.18 USD'],-0.00098,-18.17 USD,True
BTC/USD.KRAKEN-KrakenBTCUSDResearchStrategy-000-5e40da4a-40aa-4734-a07f-4694bdccadf3,KRAKEN-BACKTEST,KrakenBTCUSDResearchStrategy-000,BTC/USD.KRAKEN,KRAKEN-001,O-20240408-060000-BACKTEST-000-377,O-20240408-143500-BACKTEST-000-378,BUY,FLAT,0.00000000,0.02890755,1712556000000000000,2024-04-08 06:00:00+00:00,1712586900000000000,2024-04-08 14:35:00+00:00,30900000000000,69810.01,71554.0,['16.34 USD'],0.02498,34.07 USD,True
BTC/USD.KRAKEN-KrakenBTCUSDResearchStrategy-000-6738d411-18fe-4726-bceb-30b9eb4c0977,KRAKEN-BACKTEST,KrakenBTCUSDResearchStrategy-000,BTC/USD.KRAKEN,KRAKEN-001,O-20240408-184000-BACKTEST-000-379,O-20240408-192000-BACKTEST-000-380,BUY,FLAT,0.00000000,0.02814517,1712601600000000000,2024-04-08 18:40:00+00:00,1712604000000000000,2024-04-08 19:20:00+00:00,2400000000000,72064.14,71702.0,['16.18 USD'],-0.00503,-26.37 USD,True
BTC/USD.KRAKEN-KrakenBTCUSDResearchStrategy-000-6714ab20-11b1-4d3c-9a06-301710180bba,KRAKEN-BACKTEST,KrakenBTCUSDResearchStrategy-000,BTC/USD.KRAKEN,KRAKEN-001,O-20240410-165000-BACKTEST-000-381,O-20240411-093500-BACKTEST-000-382,BUY,FLAT,0.00000000,0.02909475,1712767800000000000,2024-04-10 16:50:00+00:00,1712828100000000000,2024-04-11 09:35:00+00:00,60300000000000,69440.14,70683.20999999999,['16.31 USD'],0.0179,19.86 USD,True
BTC/USD.KRAKEN-KrakenBTCUSDResearchStrategy-000-7c84f53c-778e-4ba8-bd15-7721de066797,KRAKEN-BACKTEST,KrakenBTCUSDResearchStrategy-000,BTC/USD.KRAKEN,KRAKEN-001,O-20240411-201000-BACKTEST-000-383,O-20240411-211500-BACKTEST-000-384,BUY,FLAT,0.00000000,0.02872133,1712866200000000000,2024-04-11 20:10:00+00:00,1712870100000000000,2024-04-11 21:15:00+00:00,3900000000000,70550.4,70298.88,['16.19 USD'],-0.00357,-23.41 USD,True
BTC/USD.KRAKEN-KrakenBTCUSDResearchStrategy-000-e8595a20-50a5-4c56-9241-3f3f2aa4adb1,KRAKEN-BACKTEST,KrakenBTCUSDResearchStrategy-000,BTC/USD.KRAKEN,KRAKEN-001,O-20240412-020500-BACKTEST-000-385,O-20240412-073500-BACKTEST-000-386,BUY,FLAT,0.00000000,0.02867642,1712887500000000000,2024-04-12 02:05:00+00:00,1712907300000000000,2024-04-12 07:35:00+00:00,19800000000000,70416.0,70639.99,['16.18 USD'],0.00318,-9.76 USD,True
BTC/USD.KRAKEN-KrakenBTCUSDResearchStrategy-000-17629cc5-00c0-42f0-9146-e9bc00120b42,KRAKEN-BACKTEST,KrakenBTCUSDResearchStrategy-000,BTC/USD.KRAKEN,KRAKEN-001,O-20240413-044500-BACKTEST-000-387,O-20240413-053000-BACKTEST-000-388,BUY,FLAT,0.00000000,0.02971295,1712983500000000000,2024-04-13 04:45:00+00:00,1712986200000000000,2024-04-13 05:30:00+00:00,2700000000000,67861.0,67448.62000000001,['16.09 USD'],-0.00608,-28.34 USD,True
BTC/USD.KRAKEN-KrakenBTCUSDResearchStrategy-000-fee3f666-dc4f-4dee-975f-32d966c83bec,KRAKEN-BACKTEST,KrakenBTCUSDResearchStrategy-000,BTC/USD.KRAKEN,KRAKEN-001,O-20240413-110500-BACKTEST-000-389,O-20240413-111000-BACKTEST-000-390,BUY,FLAT,0.00000000,0.02962652,1713006300000000000,2024-04-13 11:05:00+00:00,1713006600000000000,2024-04-13 11:10:00+00:00,300000000000,67772.0,67559.05,['16.04 USD'],-0.00314,-22.35 USD,True
BTC/USD.KRAKEN-KrakenBTCUSDResearchStrategy-000-9a982502-9595-4333-b883-7c19b5cdcc31,KRAKEN-BACKTEST,KrakenBTCUSDResearchStrategy-000,BTC/USD.KRAKEN,KRAKEN-001,O-20240413-152500-BACKTEST-000-391,O-20240413-160500-BACKTEST-000-392,BUY,FLAT,0.00000000,0.02947887,1713021900000000000,2024-04-13 15:25:00+00:00,1713024300000000000,2024-04-13 16:05:00+00:00,2400000000000,67884.0,67568.0,['15.97 USD'],-0.00465,-25.29 USD,True
BTC/USD.KRAKEN-KrakenBTCUSDResearchStrategy-000-df62e269-bd62-4383-bef6-6c88eedfd8fe,KRAKEN-BACKTEST,KrakenBTCUSDResearchStrategy-000,BTC/USD.KRAKEN,KRAKEN-001,O-20240414-062000-BACKTEST-000-393,O-20240414-093000-BACKTEST-000-394,BUY,FLAT,0.00000000,0.03088557,1713075600000000000,2024-04-14 06:20:00+00:00,1713087000000000000,2024-04-14 09:30:00+00:00,11400000000000,64546.64,64256.99999999999,['15.91 USD'],-0.00449,-24.86 USD,True
BTC/USD.KRAKEN-KrakenBTCUSDResearchStrategy-000-f583e4a4-159b-4370-a7a2-67f63b8c506e,KRAKEN-BACKTEST,KrakenBTCUSDResearchStrategy-000,BTC/USD.KRAKEN,KRAKEN-001,O-20240414-232000-BACKTEST-000-395,O-20240415-021000-BACKTEST-000-396,BUY,FLAT,0.00000000,0.02463925,1713136800000000000,2024-04-14 23:20:00+00:00,1713147000000000000,2024-04-15 02:10:00+00:00,10200000000000,65521.92,65140.12000000001,['12.88 USD'],-0.00583,-22.29 USD,True
BTC/USD.KRAKEN-KrakenBTCUSDResearchStrategy-000-63cb4962-2417-4f23-a843-8b2d353b5a25,KRAKEN-BACKTEST,KrakenBTCUSDResearchStrategy-000,BTC/USD.KRAKEN,KRAKEN-001,O-20240415-061500-BACKTEST-000-397,O-20240415-114000-BACKTEST-000-398,BUY,FLAT,0.00000000,0.03001558,1713161700000000000,2024-04-15 06:15:00+00:00,1713181200000000000,2024-04-15 11:40:00+00:00,19500000000000,65946.24,65999.99,['15.84 USD'],0.00082,-14.23 USD,True
BTC/USD.KRAKEN-KrakenBTCUSDResearchStrategy-000-053537b5-5f5d-4335-bcb4-19193c67f2c7,KRAKEN-BACKTEST,KrakenBTCUSDResearchStrategy-000,BTC/USD.KRAKEN,KRAKEN-001,O-20240416-211500-BACKTEST-000-399,O-20240417-061500-BACKTEST-000-400,BUY,FLAT,0.00000000,0.03110045,1713302100000000000,2024-04-16 21:15:00+00:00,1713334500000000000,2024-04-17 06:15:00+00:00,32400000000000,63508.69,63784.39,['15.83 USD'],0.00434,-7.26 USD,True
BTC/USD.KRAKEN-KrakenBTCUSDResearchStrategy-000-5eed9f76-efc3-4c8a-9446-e32202d52041,KRAKEN-BACKTEST,KrakenBTCUSDResearchStrategy-000,BTC/USD.KRAKEN,KRAKEN-001,O-20240418-020000-BACKTEST-000-401,O-20240418-051000-BACKTEST-000-402,BUY,FLAT,0.00000000,0.03193543,1713405600000000000,2024-04-18 02:00:00+00:00,1713417000000000000,2024-04-18 05:10:00+00:00,11400000000000,61780.0,61612.94,['15.76 USD'],-0.0027,-21.10 USD,True
BTC/USD.KRAKEN-KrakenBTCUSDResearchStrategy-000-e0f59689-0a52-426f-9384-2c48ee2d109e,KRAKEN-BACKTEST,KrakenBTCUSDResearchStrategy-000,BTC/USD.KRAKEN,KRAKEN-001,O-20240418-105500-BACKTEST-000-403,O-20240418-123000-BACKTEST-000-404,BUY,FLAT,0.00000000,0.03181152,1713437700000000000,2024-04-18 10:55:00+00:00,1713443400000000000,2024-04-18 12:30:00+00:00,5700000000000,61821.75,61759.719999999994,['15.73 USD'],-0.001,-17.70 USD,True
BTC/USD.KRAKEN-KrakenBTCUSDResearchStrategy-000-93a76f5e-be6c-42ca-af95-69200a81200d,KRAKEN-BACKTEST,KrakenBTCUSDResearchStrategy-000,BTC/USD.KRAKEN,KRAKEN-001,O-20240418-140500-BACKTEST-000-405,O-20240418-175000-BACKTEST-000-406,BUY,FLAT,0.00000000,0.02954346,1713449100000000000,2024-04-18 14:05:00+00:00,1713462600000000000,2024-04-18 17:50:00+00:00,13500000000000,63175.31,62790.62,['14.89 USD'],-0.00609,-26.26 USD,True
BTC/USD.KRAKEN-KrakenBTCUSDResearchStrategy-000-459b8497-f5cd-4d94-a97f-5c1fd653edb7,KRAKEN-BACKTEST,KrakenBTCUSDResearchStrategy-000,BTC/USD.KRAKEN,KRAKEN-001,O-20240419-064500-BACKTEST-000-407,O-20240419-142000-BACKTEST-000-408,BUY,FLAT,0.00000000,0.03009420,1713509100000000000,2024-04-19 06:45:00+00:00,1713536400000000000,2024-04-19 14:20:00+00:00,27300000000000,64000.009999999995,64339.85999999999,['15.45 USD'],0.00531,-5.22 USD,True
BTC/USD.KRAKEN-KrakenBTCUSDResearchStrategy-000-52709ca8-8f94-4b19-aa83-38e1b8361cb7,KRAKEN-BACKTEST,KrakenBTCUSDResearchStrategy-000,BTC/USD.KRAKEN,KRAKEN-001,O-20240420-153000-BACKTEST-000-409,O-20240420-220000-BACKTEST-000-410,BUY,FLAT,0.00000000,0.03042514,1713627000000000000,2024-04-20 15:30:00+00:00,1713650400000000000,2024-04-20 22:00:00+00:00,23400000000000,64153.84,64630.36000000001,['15.68 USD'],0.00743,-1.18 USD,True
BTC/USD.KRAKEN-KrakenBTCUSDResearchStrategy-000-aca45a34-107f-4137-bac2-0a4593e9bf94,KRAKEN-BACKTEST,KrakenBTCUSDResearchStrategy-000,BTC/USD.KRAKEN,KRAKEN-001,O-20240421-022000-BACKTEST-000-411,O-20240421-060000-BACKTEST-000-412,BUY,FLAT,0.00000000,0.02993153,1713666000000000000,2024-04-21 02:20:00+00:00,1713679200000000000,2024-04-21 06:00:00+00:00,13200000000000,65199.990000000005,65024.0,['15.60 USD'],-0.0027,-20.87 USD,True
BTC/USD.KRAKEN-KrakenBTCUSDResearchStrategy-000-c664797c-3f62-405b-9689-a10d729bdb9c,KRAKEN-BACKTEST,KrakenBTCUSDResearchStrategy-000,BTC/USD.KRAKEN,KRAKEN-001,O-20240422-011500-BACKTEST-000-413,O-20240422-012500-BACKTEST-000-414,BUY,FLAT,0.00000000,0.02982511,1713748500000000000,2024-04-22 01:15:00+00:00,1713749100000000000,2024-04-22 01:25:00+00:00,600000000000,65222.71,64913.990000000005,['15.52 USD'],-0.00473,-24.73 USD,True
BTC/USD.KRAKEN-KrakenBTCUSDResearchStrategy-000-2197fec8-71cb-4d99-a254-ab619941b57c,KRAKEN-BACKTEST,KrakenBTCUSDResearchStrategy-000,BTC/USD.KRAKEN,KRAKEN-001,O-20240422-034000-BACKTEST-000-415,O-20240422-114000-BACKTEST-000-416,BUY,FLAT,0.00000000,0.02950059,1713757200000000000,2024-04-22 03:40:00+00:00,1713786000000000000,2024-04-22 11:40:00+00:00,28800000000000,65688.81,65842.22,['15.52 USD'],0.00234,-10.99 USD,True
BTC/USD.KRAKEN-KrakenBTCUSDResearchStrategy-000-bcb2bdf0-559f-4c4e-a943-559990d527f3,KRAKEN-BACKTEST,KrakenBTCUSDResearchStrategy-000,BTC/USD.KRAKEN,KRAKEN-001,O-20240422-130500-BACKTEST-000-417,O-20240422-133000-BACKTEST-000-418,BUY,FLAT,0.00000000,0.02921711,1713791100000000000,2024-04-22 13:05:00+00:00,1713792600000000000,2024-04-22 13:30:00+00:00,1500000000000,66213.2,65770.0,['15.43 USD'],-0.00669,-28.38 USD,True
BTC/USD.KRAKEN-KrakenBTCUSDResearchStrategy-000-9506890d-9bac-4484-9273-de0a8c9fe74a,KRAKEN-BACKTEST,KrakenBTCUSDResearchStrategy-000,BTC/USD.KRAKEN,KRAKEN-001,O-20240422-142500-BACKTEST-000-419,O-20240422-145500-BACKTEST-000-420,BUY,FLAT,0.00000000,0.02898268,1713795900000000000,2024-04-22 14:25:00+00:00,1713797700000000000,2024-04-22 14:55:00+00:00,1800000000000,66455.03,66031.77,['15.36 USD'],-0.00637,-27.63 USD,True
BTC/USD.KRAKEN-KrakenBTCUSDResearchStrategy-000-1c7cebb1-8912-4ae8-a5de-5b228066a5d4,KRAKEN-BACKTEST,KrakenBTCUSDResearchStrategy-000,BTC/USD.KRAKEN,KRAKEN-001,O-20240422-172500-BACKTEST-000-421,O-20240422-183500-BACKTEST-000-422,BUY,FLAT,0.00000000,0.02873736,1713806700000000000,2024-04-22 17:25:00+00:00,1713810900000000000,2024-04-22 18:35:00+00:00,4200000000000,66734.0,66412.28000000001,['15.30 USD'],-0.00482,-24.55 USD,True
BTC/USD.KRAKEN-KrakenBTCUSDResearchStrategy-000-609d72a8-6b34-4b92-94dc-10a74809e879,KRAKEN-BACKTEST,KrakenBTCUSDResearchStrategy-000,BTC/USD.KRAKEN,KRAKEN-001,O-20240422-225000-BACKTEST-000-423,O-20240422-233000-BACKTEST-000-424,BUY,FLAT,0.00000000,0.02845092,1713826200000000000,2024-04-22 22:50:00+00:00,1713828600000000000,2024-04-22 23:30:00+00:00,2400000000000,67146.98,66847.14,['15.25 USD'],-0.00447,-23.78 USD,True
BTC/USD.KRAKEN-KrakenBTCUSDResearchStrategy-000-d323923d-5fac-4292-b4de-41d7ff315a3d,KRAKEN-BACKTEST,KrakenBTCUSDResearchStrategy-000,BTC/USD.KRAKEN,KRAKEN-001,O-20240423-140500-BACKTEST-000-425,O-20240423-193000-BACKTEST-000-426,BUY,FLAT,0.00000000,0.02854760,1713881100000000000,2024-04-23 14:05:00+00:00,1713900600000000000,2024-04-23 19:30:00+00:00,19500000000000,66669.68,66528.0,['15.21 USD'],-0.00213,-19.25 USD,True
BTC/USD.KRAKEN-KrakenBTCUSDResearchStrategy-000-9c747174-5385-4fa5-a11d-efdacf1065eb,KRAKEN-BACKTEST,KrakenBTCUSDResearchStrategy-000,BTC/USD.KRAKEN,KRAKEN-001,O-20240424-004000-BACKTEST-000-427,O-20240424-022500-BACKTEST-000-428,BUY,FLAT,0.00000000,0.02843948,1713919200000000000,2024-04-24 00:40:00+00:00,1713925500000000000,2024-04-24 02:25:00+00:00,6300000000000,66719.99,66557.99,['15.16 USD'],-0.00243,-19.77 USD,True
BTC/USD.KRAKEN-KrakenBTCUSDResearchStrategy-000-020ad7e2-0111-4f75-b395-6e90a48c34fa,KRAKEN-BACKTEST,KrakenBTCUSDResearchStrategy-000,BTC/USD.KRAKEN,KRAKEN-001,O-20240424-044500-BACKTEST-000-429,O-20240424-052500-BACKTEST-000-430,BUY,FLAT,0.00000000,0.02824409,1713933900000000000,2024-04-24 04:45:00+00:00,1713936300000000000,2024-04-24 05:25:00+00:00,2400000000000,66971.56,66767.45999999999,['15.11 USD'],-0.00305,-20.87 USD,True
BTC/USD.KRAKEN-KrakenBTCUSDResearchStrategy-000-ca9c6792-85b3-4e52-8b44-74a393f29bc5,KRAKEN-BACKTEST,KrakenBTCUSDResearchStrategy-000,BTC/USD.KRAKEN,KRAKEN-001,O-20240425-164500-BACKTEST-000-431,O-20240425-232500-BACKTEST-000-432,BUY,FLAT,0.00000000,0.02926378,1714063500000000000,2024-04-25 16:45:00+00:00,1714087500000000000,2024-04-25 23:25:00+00:00,24000000000000,64423.990000000005,64520.909999999996,['15.09 USD'],0.0015,-12.25 USD,True
BTC/USD.KRAKEN-KrakenBTCUSDResearchStrategy-000-88db249a-a70b-4026-ad5e-86140ea5d1ad,KRAKEN-BACKTEST,KrakenBTCUSDResearchStrategy-000,BTC/USD.KRAKEN,KRAKEN-001,O-20240427-141000-BACKTEST-000-433,O-20240427-144000-BACKTEST-000-434,BUY,FLAT,0.00000000,0.02972273,1714227000000000000,2024-04-27 14:10:00+00:00,1714228800000000000,2024-04-27 14:40:00+00:00,1800000000000,63305.58,63097.31,['15.03 USD'],-0.00329,-21.22 USD,True
BTC/USD.KRAKEN-KrakenBTCUSDResearchStrategy-000-517b2abe-a33a-4b95-8b6d-cbf339394b3f,KRAKEN-BACKTEST,KrakenBTCUSDResearchStrategy-000,BTC/USD.KRAKEN,KRAKEN-001,O-20240427-233500-BACKTEST-000-435,O-20240428-084000-BACKTEST-000-436,BUY,FLAT,0.00000000,0.02953427,1714260900000000000,2024-04-27 23:35:00+00:00,1714293600000000000,2024-04-28 08:40:00+00:00,32700000000000,63493.990000000005,63668.189999999995,['15.02 USD'],0.00274,-9.88 USD,True
BTC/USD.KRAKEN-KrakenBTCUSDResearchStrategy-000-0513f341-5e04-4efb-8143-887860810145,KRAKEN-BACKTEST,KrakenBTCUSDResearchStrategy-000,BTC/USD.KRAKEN,KRAKEN-001,O-20240428-184500-BACKTEST-000-437,O-20240428-191500-BACKTEST-000-438,BUY,FLAT,0.00000000,0.02928080,1714329900000000000,2024-04-28 18:45:00+00:00,1714331700000000000,2024-04-28 19:15:00+00:00,1800000000000,63942.409999999996,63800.09,['14.96 USD'],-0.00223,-19.13 USD,True
BTC/USD.KRAKEN-KrakenBTCUSDResearchStrategy-000-2eca53a5-40f8-42d2-bc83-1caa5e892a79,KRAKEN-BACKTEST,KrakenBTCUSDResearchStrategy-000,BTC/USD.KRAKEN,KRAKEN-001,O-20240429-172500-BACKTEST-000-439,O-20240429-180500-BACKTEST-000-440,BUY,FLAT,0.00000000,0.02954137,1714411500000000000,2024-04-29 17:25:00+00:00,1714413900000000000,2024-04-29 18:05:00+00:00,2400000000000,63184.22,62929.990000000005,['14.91 USD'],-0.00402,-22.42 USD,True
BTC/USD.KRAKEN-KrakenBTCUSDResearchStrategy-000-4600b823-41b5-402b-9020-39e01faa06bb,KRAKEN-BACKTEST,KrakenBTCUSDResearchStrategy-000,BTC/USD.KRAKEN,KRAKEN-001,O-20240429-221500-BACKTEST-000-441,O-20240430-020000-BACKTEST-000-442,BUY,FLAT,0.00000000,0.02934994,1714428900000000000,2024-04-29 22:15:00+00:00,1714442400000000000,2024-04-30 02:00:00+00:00,13500000000000,63367.18,63219.990000000005,['14.86 USD'],-0.00232,-19.18 USD,True
BTC/USD.KRAKEN-KrakenBTCUSDResearchStrategy-000-b0a61def-7d03-4a7f-97d4-fbd2031fe001,KRAKEN-BACKTEST,KrakenBTCUSDResearchStrategy-000,BTC/USD.KRAKEN,KRAKEN-001,O-20240501-183500-BACKTEST-000-443,O-20240501-193000-BACKTEST-000-444,BUY,FLAT,0.00000000,0.02683211,1714588500000000000,2024-05-01 18:35:00+00:00,1714591800000000000,2024-05-01 19:30:00+00:00,3300000000000,58422.0,57207.38,['12.41 USD'],-0.02079,-45.00 USD,True
BTC/USD.KRAKEN-KrakenBTCUSDResearchStrategy-000-1b3d82b3-19e0-451a-8878-f8a1302af641,KRAKEN-BACKTEST,KrakenBTCUSDResearchStrategy-000,BTC/USD.KRAKEN,KRAKEN-001,O-20240502-000000-BACKTEST-000-445,O-20240502-001000-BACKTEST-000-446,BUY,FLAT,0.00000000,0.03140897,1714608000000000000,2024-05-02 00:00:00+00:00,1714608600000000000,2024-05-02 00:10:00+00:00,600000000000,58600.009999999995,58267.7,['14.68 USD'],-0.00567,-25.12 USD,True
BTC/USD.KRAKEN-KrakenBTCUSDResearchStrategy-000-ad0d8f9f-2909-45a3-a31a-0299bdee4af6,KRAKEN-BACKTEST,KrakenBTCUSDResearchStrategy-000,BTC/USD.KRAKEN,KRAKEN-001,O-20240502-110000-BACKTEST-000-447,O-20240502-203500-BACKTEST-000-448,BUY,FLAT,0.00000000,0.03159539,1714647600000000000,2024-05-02 11:00:00+00:00,1714682100000000000,2024-05-02 20:35:00+00:00,34500000000000,58015.740000000005,58815.78,['14.76 USD'],0.01379,10.52 USD,True
BTC/USD.KRAKEN-KrakenBTCUSDResearchStrategy-000-5ea5d7e4-3018-474a-8e22-85bbb4d8e23a,KRAKEN-BACKTEST,KrakenBTCUSDResearchStrategy-000,BTC/USD.KRAKEN,KRAKEN-001,O-20240503-021000-BACKTEST-000-449,O-20240503-050000-BACKTEST-000-450,BUY,FLAT,0.00000000,0.03073014,1714702200000000000,2024-05-03 02:10:00+00:00,1714712400000000000,2024-05-03 05:00:00+00:00,10200000000000,59751.95,59542.0,['14.66 USD'],-0.00351,-21.11 USD,True
BTC/USD.KRAKEN-KrakenBTCUSDResearchStrategy-000-7b9bfeb0-7fc8-4371-9bdd-1320cbcfcf85,KRAKEN-BACKTEST,KrakenBTCUSDResearchStrategy-000,BTC/USD.KRAKEN,KRAKEN-001,O-20240503-124000-BACKTEST-000-451,O-20240504-153000-BACKTEST-000-452,BUY,FLAT,0.00000000,0.03026449,1714740000000000000,2024-05-03 12:40:00+00:00,1714836600000000000,2024-05-04 15:30:00+00:00,96600000000000,60461.939999999995,63440.0,['15.00 USD'],0.04926,75.13 USD,True
BTC/USD.KRAKEN-KrakenBTCUSDResearchStrategy-000-0a498280-125c-4996-b604-36fc0c53ca0d,KRAKEN-BACKTEST,KrakenBTCUSDResearchStrategy-000,BTC/USD.KRAKEN,KRAKEN-001,O-20240504-195000-BACKTEST-000-453,O-20240504-213000-BACKTEST-000-454,BUY,FLAT,0.00000000,0.02893754,1714852200000000000,2024-05-04 19:50:00+00:00,1714858200000000000,2024-05-04 21:30:00+00:00,6000000000000,64013.340000000004,63550.009999999995,['14.77 USD'],-0.00724,-28.18 USD,True
BTC/USD.KRAKEN-KrakenBTCUSDResearchStrategy-000-f77145dc-090f-4ed3-81d8-82255236e9b2,KRAKEN-BACKTEST,KrakenBTCUSDResearchStrategy-000,BTC/USD.KRAKEN,KRAKEN-001,O-20240505-073500-BACKTEST-000-455,O-20240505-090000-BACKTEST-000-456,BUY,FLAT,0.00000000,0.02888368,1714894500000000000,2024-05-05 07:35:00+00:00,1714899600000000000,2024-05-05 09:00:00+00:00,5100000000000,63840.02999999999,63598.0,['14.73 USD'],-0.00379,-21.72 USD,True
BTC/USD.KRAKEN-KrakenBTCUSDResearchStrategy-000-491a6de4-a129-4f9e-8c59-0aeebbc94d07,KRAKEN-BACKTEST,KrakenBTCUSDResearchStrategy-000,BTC/USD.KRAKEN,KRAKEN-001,O-20240505-131500-BACKTEST-000-457,O-20240505-133000-BACKTEST-000-458,BUY,FLAT,0.00000000,0.02866577,1714914900000000000,2024-05-05 13:15:00+00:00,1714915800000000000,2024-05-05 13:30:00+00:00,900000000000,64098.009999999995,63892.0,['14.68 USD'],-0.00321,-20.59 USD,True
BTC/USD.KRAKEN-KrakenBTCUSDResearchStrategy-000-dd2974f7-7655-44f2-8d7b-b8f82374005b,KRAKEN-BACKTEST,KrakenBTCUSDResearchStrategy-000,BTC/USD.KRAKEN,KRAKEN-001,O-20240505-152000-BACKTEST-000-459,O-20240505-180500-BACKTEST-000-460,BUY,FLAT,0.00000000,0.02846195,1714922400000000000,2024-05-05 15:20:00+00:00,1714932300000000000,2024-05-05 18:05:00+00:00,9900000000000,64340.0,64120.02,['14.62 USD'],-0.00342,-20.88 USD,True
BTC/USD.KRAKEN-KrakenBTCUSDResearchStrategy-000-697aa00c-2365-403a-8d98-f8217bbe9f8a,KRAKEN-BACKTEST,KrakenBTCUSDResearchStrategy-000,BTC/USD.KRAKEN,KRAKEN-001,O-20240506-002000-BACKTEST-000-461,O-20240506-020000-BACKTEST-000-462,BUY,FLAT,0.00000000,0.02840458,1714954800000000000,2024-05-06 00:20:00+00:00,1714960800000000000,2024-05-06 02:00:00+00:00,6000000000000,64249.41,64036.509999999995,['14.58 USD'],-0.00331,-20.63 USD,True
BTC/USD.KRAKEN-KrakenBTCUSDResearchStrategy-000-12fb3c5e-9a3a-4436-b177-c29a60353e87,KRAKEN-BACKTEST,KrakenBTCUSDResearchStrategy-000,BTC/USD.KRAKEN,KRAKEN-001,O-20240506-061000-BACKTEST-000-463,O-20240506-071000-BACKTEST-000-464,BUY,FLAT,0.00000000,0.02824469,1714975800000000000,2024-05-06 06:10:00+00:00,1714979400000000000,2024-05-06 07:10:00+00:00,3600000000000,64394.009999999995,64189.31,['14.53 USD'],-0.00318,-20.31 USD,True
BTC/USD.KRAKEN-KrakenBTCUSDResearchStrategy-000-37edccba-1ad5-40cd-95a8-2a7b6d43a37f,KRAKEN-BACKTEST,KrakenBTCUSDResearchStrategy-000,BTC/USD.KRAKEN,KRAKEN-001,O-20240506-075500-BACKTEST-000-465,O-20240506-103500-BACKTEST-000-466,BUY,FLAT,0.00000000,0.02808606,1714982100000000000,2024-05-06 07:55:00+00:00,1714991700000000000,2024-05-06 10:35:00+00:00,9600000000000,64540.74999999999,64405.369999999995,['14.49 USD'],-0.0021,-18.29 USD,True
BTC/USD.KRAKEN-KrakenBTCUSDResearchStrategy-000-4e1ce3f4-0e75-4f84-b2f7-0fd196008a9e,KRAKEN-BACKTEST,KrakenBTCUSDResearchStrategy-000,BTC/USD.KRAKEN,KRAKEN-001,O-20240507-071500-BACKTEST-000-467,O-20240507-101500-BACKTEST-000-468,BUY,FLAT,0.00000000,0.02834573,1715066100000000000,2024-05-07 07:15:00+00:00,1715076900000000000,2024-05-07 10:15:00+00:00,10800000000000,63755.84,63771.53999999999,['14.46 USD'],0.00025,-14.01 USD,True
BTC/USD.KRAKEN-KrakenBTCUSDResearchStrategy-000-09f48073-dace-455d-91dc-4728974d93ba,KRAKEN-BACKTEST,KrakenBTCUSDResearchStrategy-000,BTC/USD.KRAKEN,KRAKEN-001,O-20240509-150500-BACKTEST-000-469,O-20240510-052000-BACKTEST-000-470,BUY,FLAT,0.00000000,0.02912933,1715267100000000000,2024-05-09 15:05:00+00:00,1715318400000000000,2024-05-10 05:20:00+00:00,51300000000000,61896.35999999999,62731.77,['14.52 USD'],0.0135,9.81 USD,True
BTC/USD.KRAKEN-KrakenBTCUSDResearchStrategy-000-6850253e-65fc-42c0-bd1c-90a62f77e753,KRAKEN-BACKTEST,KrakenBTCUSDResearchStrategy-000,BTC/USD.KRAKEN,KRAKEN-001,O-20240510-065000-BACKTEST-000-471,O-20240510-081000-BACKTEST-000-472,BUY,FLAT,0.00000000,0.02857776,1715323800000000000,2024-05-10 06:50:00+00:00,1715328600000000000,2024-05-10 08:10:00+00:00,4800000000000,63194.0,62916.009999999995,['14.41 USD'],-0.0044,-22.35 USD,True
BTC/USD.KRAKEN-KrakenBTCUSDResearchStrategy-000-61a5af78-0b72-4825-bebe-57445dab8739,KRAKEN-BACKTEST,KrakenBTCUSDResearchStrategy-000,BTC/USD.KRAKEN,KRAKEN-001,O-20240510-120000-BACKTEST-000-473,O-20240510-120500-BACKTEST-000-474,BUY,FLAT,0.00000000,0.02836394,1715342400000000000,2024-05-10 12:00:00+00:00,1715342700000000000,2024-05-10 12:05:00+00:00,300000000000,63433.98,63179.78999999999,['14.37 USD'],-0.00401,-21.58 USD,True
BTC/USD.KRAKEN-KrakenBTCUSDResearchStrategy-000-e2381a5c-6074-4f46-b300-cae00c8f2575,KRAKEN-BACKTEST,KrakenBTCUSDResearchStrategy-000,BTC/USD.KRAKEN,KRAKEN-001,O-20240511-062500-BACKTEST-000-475,O-20240511-081500-BACKTEST-000-476,BUY,FLAT,0.00000000,0.02939920,1715408700000000000,2024-05-11 06:25:00+00:00,1715415300000000000,2024-05-11 08:15:00+00:00,6600000000000,60980.009999999995,60872.71,['14.33 USD'],-0.00176,-17.48 USD,True
BTC/USD.KRAKEN-KrakenBTCUSDResearchStrategy-000-02fc6b72-4a9e-41ae-a8b1-477b4ba2bfb8,KRAKEN-BACKTEST,KrakenBTCUSDResearchStrategy-000,BTC/USD.KRAKEN,KRAKEN-001,O-20240511-151000-BACKTEST-000-477,O-20240511-202500-BACKTEST-000-478,BUY,FLAT,0.00000000,0.02923172,1715440200000000000,2024-05-11 15:10:00+00:00,1715459100000000000,2024-05-11 20:25:00+00:00,18900000000000,61150.0,60964.0,['14.28 USD'],-0.00304,-19.72 USD,True
BTC/USD.KRAKEN-KrakenBTCUSDResearchStrategy-000-1a77cbb0-4fe2-4d98-ac37-71dbccb4b3a5,KRAKEN-BACKTEST,KrakenBTCUSDResearchStrategy-000,BTC/USD.KRAKEN,KRAKEN-001,O-20240512-101500-BACKTEST-000-479,O-20240512-123500-BACKTEST-000-480,BUY,FLAT,0.00000000,0.02910721,1715508900000000000,2024-05-12 10:15:00+00:00,1715517300000000000,2024-05-12 12:35:00+00:00,8400000000000,61208.32,61120.08,['14.25 USD'],-0.00144,-16.82 USD,True
BTC/USD.KRAKEN-KrakenBTCUSDResearchStrategy-000-f61f4b37-1259-41df-a372-638afb7c2a32,KRAKEN-BACKTEST,KrakenBTCUSDResearchStrategy-000,BTC/USD.KRAKEN,KRAKEN-001,O-20240512-152500-BACKTEST-000-481,O-20240512-190000-BACKTEST-000-482,BUY,FLAT,0.00000000,0.02896818,1715527500000000000,2024-05-12 15:25:00+00:00,1715540400000000000,2024-05-12 19:00:00+00:00,12900000000000,61328.0,61320.0,['14.22 USD'],-0.00013,-14.45 USD,True
BTC/USD.KRAKEN-KrakenBTCUSDResearchStrategy-000-ee93a997-587b-4092-b62c-cc525f7cfb40,KRAKEN-BACKTEST,KrakenBTCUSDResearchStrategy-000,BTC/USD.KRAKEN,KRAKEN-001,O-20240512-234000-BACKTEST-000-483,O-20240513-011500-BACKTEST-000-484,BUY,FLAT,0.00000000,0.02882324,1715557200000000000,2024-05-12 23:40:00+00:00,1715562900000000000,2024-05-13 01:15:00+00:00,5700000000000,61486.0,61327.61,['14.16 USD'],-0.00258,-18.73 USD,True
BTC/USD.KRAKEN-KrakenBTCUSDResearchStrategy-000-422c0193-353b-4866-be29-45e1a79a521f,KRAKEN-BACKTEST,KrakenBTCUSDResearchStrategy-000,BTC/USD.KRAKEN,KRAKEN-001,O-20240513-070000-BACKTEST-000-485,O-20240513-071000-BACKTEST-000-486,BUY,FLAT,0.00000000,0.02861055,1715583600000000000,2024-05-13 07:00:00+00:00,1715584200000000000,2024-05-13 07:10:00+00:00,600000000000,61746.69,61520.33,['14.11 USD'],-0.00367,-20.59 USD,True
BTC/USD.KRAKEN-KrakenBTCUSDResearchStrategy-000-26f05c8c-e265-41d5-baed-ff963df21d60,KRAKEN-BACKTEST,KrakenBTCUSDResearchStrategy-000,BTC/USD.KRAKEN,KRAKEN-001,O-20240513-081000-BACKTEST-000-487,O-20240513-172500-BACKTEST-000-488,BUY,FLAT,0.00000000,0.02808958,1715587800000000000,2024-05-13 08:10:00+00:00,1715621100000000000,2024-05-13 17:25:00+00:00,33300000000000,62671.990000000005,62676.0,['14.08 USD'],6e-05,-13.97 USD,True
BTC/USD.KRAKEN-KrakenBTCUSDResearchStrategy-000-3b1ababf-e53c-4048-a79a-89b51bc5582a,KRAKEN-BACKTEST,KrakenBTCUSDResearchStrategy-000,BTC/USD.KRAKEN,KRAKEN-001,O-20240515-021000-BACKTEST-000-489,O-20240516-044500-BACKTEST-000-490,BUY,FLAT,0.00000000,0.02839814,1715739000000000000,2024-05-15 02:10:00+00:00,1715834700000000000,2024-05-16 04:45:00+00:00,95700000000000,61843.43,65821.45,['14.50 USD'],0.06432,98.47 USD,True
BTC/USD.KRAKEN-KrakenBTCUSDResearchStrategy-000-321b2ebf-1067-4af2-aa44-2c4e9c59e1c2,KRAKEN-BACKTEST,KrakenBTCUSDResearchStrategy-000,BTC/USD.KRAKEN,KRAKEN-001,O-20240516-071500-BACKTEST-000-491,O-20240516-111000-BACKTEST-000-492,BUY,FLAT,0.00000000,0.02702117,1715843700000000000,2024-05-16 07:15:00+00:00,1715857800000000000,2024-05-16 11:10:00+00:00,14100000000000,66088.16,66057.98000000001,['14.28 USD'],-0.00046,-15.10 USD,True
BTC/USD.KRAKEN-KrakenBTCUSDResearchStrategy-000-ac93710b-9818-4247-8d82-7cf5345c1b6b,KRAKEN-BACKTEST,KrakenBTCUSDResearchStrategy-000,BTC/USD.KRAKEN,KRAKEN-001,O-20240517-034000-BACKTEST-000-493,O-20240517-034500-BACKTEST-000-494,BUY,FLAT,0.00000000,0.02706461,1715917200000000000,2024-05-17 03:40:00+00:00,1715917500000000000,2024-05-17 03:45:00+00:00,300000000000,65814.71,65624.56999999999,['14.23 USD'],-0.00289,-19.38 USD,True
BTC/USD.KRAKEN-KrakenBTCUSDResearchStrategy-000-d9f12582-599a-4b03-b0ff-68414075e73c,KRAKEN-BACKTEST,KrakenBTCUSDResearchStrategy-000,BTC/USD.KRAKEN,KRAKEN-001,O-20240517-064500-BACKTEST-000-495,O-20240517-133500-BACKTEST-000-496,BUY,FLAT,0.00000000,0.02691522,1715928300000000000,2024-05-17 06:45:00+00:00,1715952900000000000,2024-05-17 13:35:00+00:00,24600000000000,65964.0,66074.01999999999,['14.21 USD'],0.00167,-11.25 USD,True
BTC/USD.KRAKEN-KrakenBTCUSDResearchStrategy-000-b1bd997f-8e98-4e85-a65c-47e193e1f6fe,KRAKEN-BACKTEST,KrakenBTCUSDResearchStrategy-000,BTC/USD.KRAKEN,KRAKEN-001,O-20240517-145500-BACKTEST-000-497,O-20240517-180000-BACKTEST-000-498,BUY,FLAT,0.00000000,0.02652521,1715957700000000000,2024-05-17 14:55:00+00:00,1715968800000000000,2024-05-17 18:00:00+00:00,11100000000000,66806.66,66454.76,['14.14 USD'],-0.00527,-23.47 USD,True
BTC/USD.KRAKEN-KrakenBTCUSDResearchStrategy-000-c9455264-9fc5-4644-a9ed-34fe80667eb9,KRAKEN-BACKTEST,KrakenBTCUSDResearchStrategy-000,BTC/USD.KRAKEN,KRAKEN-001,O-20240518-072000-BACKTEST-000-499,O-20240518-073000-BACKTEST-000-500,BUY,FLAT,0.00000000,0.02624965,1716016800000000000,2024-05-18 07:20:00+00:00,1716017400000000000,2024-05-18 07:30:00+00:00,600000000000,67239.74,67088.9,['14.10 USD'],-0.00224,-18.06 USD,True
BTC/USD.KRAKEN-KrakenBTCUSDResearchStrategy-000-72cadc4c-eeec-4e5e-a386-1165bb5d9da3,KRAKEN-BACKTEST,KrakenBTCUSDResearchStrategy-000,BTC/USD.KRAKEN,KRAKEN-001,O-20240518-102000-BACKTEST-000-501,O-20240518-104000-BACKTEST-000-502,BUY,FLAT,0.00000000,0.02615641,1716027600000000000,2024-05-18 10:20:00+00:00,1716028800000000000,2024-05-18 10:40:00+00:00,1200000000000,67272.28000000001,67113.66,['14.06 USD'],-0.00236,-18.21 USD,True
BTC/USD.KRAKEN-KrakenBTCUSDResearchStrategy-000-2c5a4428-57ca-4ab9-8a2d-bb57dfb6dfc9,KRAKEN-BACKTEST,KrakenBTCUSDResearchStrategy-000,BTC/USD.KRAKEN,KRAKEN-001,O-20240519-022500-BACKTEST-000-503,O-20240519-023000-BACKTEST-000-504,BUY,FLAT,0.00000000,0.02615775,1716085500000000000,2024-05-19 02:25:00+00:00,1716085800000000000,2024-05-19 02:30:00+00:00,300000000000,67060.0,66982.49,['14.03 USD'],-0.00116,-16.06 USD,True
BTC/USD.KRAKEN-KrakenBTCUSDResearchStrategy-000-6b0cae61-8a67-4c66-8f30-2ab5d38a2bc4,KRAKEN-BACKTEST,KrakenBTCUSDResearchStrategy-000,BTC/USD.KRAKEN,KRAKEN-001,O-20240519-075000-BACKTEST-000-505,O-20240519-083500-BACKTEST-000-506,BUY,FLAT,0.00000000,0.02598932,1716105000000000000,2024-05-19 07:50:00+00:00,1716107700000000000,2024-05-19 08:35:00+00:00,2700000000000,67309.2,67140.0,['13.98 USD'],-0.00251,-18.38 USD,True
BTC/USD.KRAKEN-KrakenBTCUSDResearchStrategy-000-4fe930a2-6920-4523-899d-09f7df0877c4,KRAKEN-BACKTEST,KrakenBTCUSDResearchStrategy-000,BTC/USD.KRAKEN,KRAKEN-001,O-20240519-103000-BACKTEST-000-507,O-20240519-104500-BACKTEST-000-508,BUY,FLAT,0.00000000,0.02582977,1716114600000000000,2024-05-19 10:30:00+00:00,1716115500000000000,2024-05-19 10:45:00+00:00,900000000000,67511.5,67227.44,['13.93 USD'],-0.00421,-21.27 USD,True
BTC/USD.KRAKEN-KrakenBTCUSDResearchStrategy-000-b4346561-3fef-456f-aaf4-0c12684e1862,KRAKEN-BACKTEST,KrakenBTCUSDResearchStrategy-000,BTC/USD.KRAKEN,KRAKEN-001,O-20240520-022500-BACKTEST-000-509,O-20240520-065000-BACKTEST-000-510,BUY,FLAT,0.00000000,0.02604931,1716171900000000000,2024-05-20 02:25:00+00:00,1716187800000000000,2024-05-20 06:50:00+00:00,15900000000000,66697.58,66447.8,['13.87 USD'],-0.00374,-20.38 USD,True
BTC/USD.KRAKEN-KrakenBTCUSDResearchStrategy-000-5ef2305a-1ad0-443a-93d7-54c1b68038d8,KRAKEN-BACKTEST,KrakenBTCUSDResearchStrategy-000,BTC/USD.KRAKEN,KRAKEN-001,O-20240520-102000-BACKTEST-000-511,O-20240520-115000-BACKTEST-000-512,BUY,FLAT,0.00000000,0.02574681,1716200400000000000,2024-05-20 10:20:00+00:00,1716205800000000000,2024-05-20 11:50:00+00:00,5400000000000,67243.74,67019.99,['13.83 USD'],-0.00333,-19.59 USD,True
BTC/USD.KRAKEN-KrakenBTCUSDResearchStrategy-000-974bad00-cf1f-4040-85e5-9ea0d3b67b4f,KRAKEN-BACKTEST,KrakenBTCUSDResearchStrategy-000,BTC/USD.KRAKEN,KRAKEN-001,O-20240520-152000-BACKTEST-000-513,O-20240521-131000-BACKTEST-000-514,BUY,FLAT,0.00000000,0.02562882,1716218400000000000,2024-05-20 15:20:00+00:00,1716297000000000000,2024-05-21 13:10:00+00:00,78600000000000,67324.01,71011.99,['14.18 USD'],0.05478,80.34 USD,True
BTC/USD.KRAKEN-KrakenBTCUSDResearchStrategy-000-938684d9-696f-4d4a-a746-978733697583,KRAKEN-BACKTEST,KrakenBTCUSDResearchStrategy-000,BTC/USD.KRAKEN,KRAKEN-001,O-20240521-232000-BACKTEST-000-515,O-20240522-010000-BACKTEST-000-516,BUY,FLAT,0.00000000,0.02490090,1716333600000000000,2024-05-21 23:20:00+00:00,1716339600000000000,2024-05-22 01:00:00+00:00,6000000000000,70259.99,70033.34,['13.98 USD'],-0.00323,-19.62 USD,True
BTC/USD.KRAKEN-KrakenBTCUSDResearchStrategy-000-e2427e97-d593-4590-81b5-b4965ef79f12,KRAKEN-BACKTEST,KrakenBTCUSDResearchStrategy-000,BTC/USD.KRAKEN,KRAKEN-001,O-20240522-110000-BACKTEST-000-517,O-20240522-112500-BACKTEST-000-518,BUY,FLAT,0.00000000,0.02482529,1716375600000000000,2024-05-22 11:00:00+00:00,1716377100000000000,2024-05-22 11:25:00+00:00,1500000000000,70236.73999999999,70051.99,['13.93 USD'],-0.00263,-18.52 USD,True
BTC/USD.KRAKEN-KrakenBTCUSDResearchStrategy-000-ecb9bb82-5512-4543-bc3c-756565d6b828,KRAKEN-BACKTEST,KrakenBTCUSDResearchStrategy-000,BTC/USD.KRAKEN,KRAKEN-001,O-20240522-154000-BACKTEST-000-519,O-20240522-170000-BACKTEST-000-520,BUY,FLAT,0.00000000,0.02465361,1716392400000000000,2024-05-22 15:40:00+00:00,1716397200000000000,2024-05-22 17:00:00+00:00,4800000000000,70500.5,70113.52,['13.86 USD'],-0.00549,-23.40 USD,True
BTC/USD.KRAKEN-KrakenBTCUSDResearchStrategy-000-5fd0f1da-bb96-4aea-93d5-e48562ce494b,KRAKEN-BACKTEST,KrakenBTCUSDResearchStrategy-000,BTC/USD.KRAKEN,KRAKEN-001,O-20240523-073500-BACKTEST-000-521,O-20240523-085000-BACKTEST-000-522,BUY,FLAT,0.00000000,0.02480087,1716449700000000000,2024-05-23 07:35:00+00:00,1716454200000000000,2024-05-23 08:50:00+00:00,4500000000000,69798.81999999999,69606.96,['13.83 USD'],-0.00275,-18.59 USD,True
BTC/USD.KRAKEN-KrakenBTCUSDResearchStrategy-000-d3329fc6-ef33-40bd-99f2-9c49f85d6880,KRAKEN-BACKTEST,KrakenBTCUSDResearchStrategy-000,BTC/USD.KRAKEN,KRAKEN-001,O-20240523-112000-BACKTEST-000-523,O-20240523-125000-BACKTEST-000-524,BUY,FLAT,0.00000000,0.02468848,1716463200000000000,2024-05-23 11:20:00+00:00,1716468600000000000,2024-05-23 12:50:00+00:00,5400000000000,69890.69,69650.0,['13.78 USD'],-0.00344,-19.72 USD,True
BTC/USD.KRAKEN-KrakenBTCUSDResearchStrategy-000-25aecec4-263f-41e2-a9c6-1a6ecdb4881a,KRAKEN-BACKTEST,KrakenBTCUSDResearchStrategy-000,BTC/USD.KRAKEN,KRAKEN-001,O-20240524-150000-BACKTEST-000-525,O-20240524-234000-BACKTEST-000-526,BUY,FLAT,0.00000000,0.02522961,1716562800000000000,2024-05-24 15:00:00+00:00,1716594000000000000,2024-05-24 23:40:00+00:00,31200000000000,68157.17,68616.75,['13.80 USD'],0.00674,-2.20 USD,True
BTC/USD.KRAKEN-KrakenBTCUSDResearchStrategy-000-d4688a1c-93fa-4395-bc0c-845bed85c10d,KRAKEN-BACKTEST,KrakenBTCUSDResearchStrategy-000,BTC/USD.KRAKEN,KRAKEN-001,O-20240525-030000-BACKTEST-000-527,O-20240525-030500-BACKTEST-000-528,BUY,FLAT,0.00000000,0.02494797,1716606000000000000,2024-05-25 03:00:00+00:00,1716606300000000000,2024-05-25 03:05:00+00:00,300000000000,68900.01,68765.62999999999,['13.74 USD'],-0.00195,-17.09 USD,True
BTC/USD.KRAKEN-KrakenBTCUSDResearchStrategy-000-b9084b56-6d48-4664-8668-0f5a35a6ace6,KRAKEN-BACKTEST,KrakenBTCUSDResearchStrategy-000,BTC/USD.KRAKEN,KRAKEN-001,O-20240525-081500-BACKTEST-000-529,O-20240525-133500-BACKTEST-000-530,BUY,FLAT,0.00000000,0.02485955,1716624900000000000,2024-05-25 08:15:00+00:00,1716644100000000000,2024-05-25 13:35:00+00:00,19200000000000,68938.72,68987.11,['13.72 USD'],0.0007,-12.52 USD,True
BTC/USD.KRAKEN-KrakenBTCUSDResearchStrategy-000-cd495889-4efb-4ca5-b4a6-592b9da79336,KRAKEN-BACKTEST,KrakenBTCUSDResearchStrategy-000,BTC/USD.KRAKEN,KRAKEN-001,O-20240525-181500-BACKTEST-000-531,O-20240525-184000-BACKTEST-000-532,BUY,FLAT,0.00000000,0.02469954,1716660900000000000,2024-05-25 18:15:00+00:00,1716662400000000000,2024-05-25 18:40:00+00:00,1500000000000,69233.27,69136.01,['13.67 USD'],-0.0014,-16.07 USD,True
BTC/USD.KRAKEN-KrakenBTCUSDResearchStrategy-000-02da24f5-7372-4441-bec6-1836c0659d31,KRAKEN-BACKTEST,KrakenBTCUSDResearchStrategy-000,BTC/USD.KRAKEN,KRAKEN-001,O-20240525-230500-BACKTEST-000-533,O-20240526-001000-BACKTEST-000-534,BUY,FLAT,0.00000000,0.02460045,1716678300000000000,2024-05-25 23:05:00+00:00,1716682200000000000,2024-05-26 00:10:00+00:00,3900000000000,69316.17,69232.34999999999,['13.63 USD'],-0.00121,-15.69 USD,True
BTC/USD.KRAKEN-KrakenBTCUSDResearchStrategy-000-115bb78c-4caa-4865-a8ec-a5a010a2da3d,KRAKEN-BACKTEST,KrakenBTCUSDResearchStrategy-000,BTC/USD.KRAKEN,KRAKEN-001,O-20240526-073000-BACKTEST-000-535,O-20240526-074500-BACKTEST-000-536,BUY,FLAT,0.00000000,0.02450290,1716708600000000000,2024-05-26 07:30:00+00:00,1716709500000000000,2024-05-26 07:45:00+00:00,900000000000,69400.01,69274.0,['13.59 USD'],-0.00182,-16.68 USD,True
BTC/USD.KRAKEN-KrakenBTCUSDResearchStrategy-000-11e8fe44-04f5-470c-8180-79f5925a721f,KRAKEN-BACKTEST,KrakenBTCUSDResearchStrategy-000,BTC/USD.KRAKEN,KRAKEN-001,O-20240526-150000-BACKTEST-000-537,O-20240526-152000-BACKTEST-000-538,BUY,FLAT,0.00000000,0.02445195,1716735600000000000,2024-05-26 15:00:00+00:00,1716736800000000000,2024-05-26 15:20:00+00:00,1200000000000,69339.99,69200.0,['13.55 USD'],-0.00202,-16.97 USD,True
BTC/USD.KRAKEN-KrakenBTCUSDResearchStrategy-000-5c4328d9-ece6-4e1d-82b9-37e0fe8e0640,KRAKEN-BACKTEST,KrakenBTCUSDResearchStrategy-000,BTC/USD.KRAKEN,KRAKEN-001,O-20240527-014000-BACKTEST-000-539,O-20240527-034000-BACKTEST-000-540,BUY,FLAT,0.00000000,0.02444970,1716774000000000000,2024-05-27 01:40:00+00:00,1716781200000000000,2024-05-27 03:40:00+00:00,7200000000000,69138.0,68919.81,['13.50 USD'],-0.00316,-18.83 USD,True
BTC/USD.KRAKEN-KrakenBTCUSDResearchStrategy-000-a5b1600e-6942-47db-9ff9-26d731a4258e,KRAKEN-BACKTEST,KrakenBTCUSDResearchStrategy-000,BTC/USD.KRAKEN,KRAKEN-001,O-20240527-142000-BACKTEST-000-541,O-20240527-194500-BACKTEST-000-542,BUY,FLAT,0.00000000,0.02439058,1716819600000000000,2024-05-27 14:20:00+00:00,1716839100000000000,2024-05-27 19:45:00+00:00,19500000000000,69073.99,69211.57,['13.49 USD'],0.00199,-10.13 USD,True
BTC/USD.KRAKEN-KrakenBTCUSDResearchStrategy-000-c0f7c0bf-eb32-4665-bc1d-73c1e3d57440,KRAKEN-BACKTEST,KrakenBTCUSDResearchStrategy-000,BTC/USD.KRAKEN,KRAKEN-001,O-20240528-101500-BACKTEST-000-543,O-20240528-103500-BACKTEST-000-544,BUY,FLAT,0.00000000,0.02444211,1716891300000000000,2024-05-28 10:15:00+00:00,1716892500000000000,2024-05-28 10:35:00+00:00,1200000000000,68804.01999999999,68523.68,['13.43 USD'],-0.00407,-20.28 USD,True
BTC/USD.KRAKEN-KrakenBTCUSDResearchStrategy-000-aadea1b9-4bfd-496f-994b-f4f4dec23cec,KRAKEN-BACKTEST,KrakenBTCUSDResearchStrategy-000,BTC/USD.KRAKEN,KRAKEN-001,O-20240528-195000-BACKTEST-000-545,O-20240528-204500-BACKTEST-000-546,BUY,FLAT,0.00000000,0.02446739,1716925800000000000,2024-05-28 19:50:00+00:00,1716929100000000000,2024-05-28 20:45:00+00:00,3300000000000,68484.15000000001,68207.75,['13.38 USD'],-0.00404,-20.14 USD,True
BTC/USD.KRAKEN-KrakenBTCUSDResearchStrategy-000-567df233-854d-4948-8bed-3035f5cf0d08,KRAKEN-BACKTEST,KrakenBTCUSDResearchStrategy-000,BTC/USD.KRAKEN,KRAKEN-001,O-20240529-014000-BACKTEST-000-547,O-20240529-055500-BACKTEST-000-548,BUY,FLAT,0.00000000,0.02431249,1716946800000000000,2024-05-29 01:40:00+00:00,1716962100000000000,2024-05-29 05:55:00+00:00,15300000000000,68671.97,68584.73,['13.35 USD'],-0.00127,-15.47 USD,True
BTC/USD.KRAKEN-KrakenBTCUSDResearchStrategy-000-4a8e2fa4-382e-45b2-a205-41ef816fd304,KRAKEN-BACKTEST,KrakenBTCUSDResearchStrategy-000,BTC/USD.KRAKEN,KRAKEN-001,O-20240530-020500-BACKTEST-000-549,O-20240530-062000-BACKTEST-000-550,BUY,FLAT,0.00000000,0.02451324,1717034700000000000,2024-05-30 02:05:00+00:00,1717050000000000000,2024-05-30 06:20:00+00:00,15300000000000,67920.26,67821.88,['13.31 USD'],-0.00145,-15.72 USD,True
BTC/USD.KRAKEN-KrakenBTCUSDResearchStrategy-000-aa9ca84e-6684-4be5-bfa5-6ed848d98b49,KRAKEN-BACKTEST,KrakenBTCUSDResearchStrategy-000,BTC/USD.KRAKEN,KRAKEN-001,O-20240530-112500-BACKTEST-000-551,O-20240530-115000-BACKTEST-000-552,BUY,FLAT,0.00000000,0.02438194,1717068300000000000,2024-05-30 11:25:00+00:00,1717069800000000000,2024-05-30 11:50:00+00:00,1500000000000,68092.47,67862.98999999999,['13.26 USD'],-0.00337,-18.86 USD,True
BTC/USD.KRAKEN-KrakenBTCUSDResearchStrategy-000-36dfd34b-4b71-48b5-9058-8fb60bd1de27,KRAKEN-BACKTEST,KrakenBTCUSDResearchStrategy-000,BTC/USD.KRAKEN,KRAKEN-001,O-20240530-134500-BACKTEST-000-553,O-20240530-194500-BACKTEST-000-554,BUY,FLAT,0.00000000,0.02411873,1717076700000000000,2024-05-30 13:45:00+00:00,1717098300000000000,2024-05-30 19:45:00+00:00,21600000000000,68600.98999999999,68473.03,['13.23 USD'],-0.00187,-16.32 USD,True
BTC/USD.KRAKEN-KrakenBTCUSDResearchStrategy-000-a1962ce3-6210-4ccd-8070-8e64658aac0d,KRAKEN-BACKTEST,KrakenBTCUSDResearchStrategy-000,BTC/USD.KRAKEN,KRAKEN-001,O-20240531-021500-BACKTEST-000-555,O-20240531-030000-BACKTEST-000-556,BUY,FLAT,0.00000000,0.02402180,1717121700000000000,2024-05-31 02:15:00+00:00,1717124400000000000,2024-05-31 03:00:00+00:00,2700000000000,68673.97,68530.0,['13.18 USD'],-0.0021,-16.64 USD,True
BTC/USD.KRAKEN-KrakenBTCUSDResearchStrategy-000,KRAKEN-BACKTEST,KrakenBTCUSDResearchStrategy-000,BTC/USD.KRAKEN,KRAKEN-001,O-20240531-122000-BACKTEST-000-557,O-20240531-133000-BACKTEST-000-558,BUY,FLAT,0.00000000,0.02400091,1717158000000000000,2024-05-31 12:20:00+00:00,1717162200000000000,2024-05-31 13:30:00+00:00,4200000000000,68525.75,68201.0,['13.13 USD'],-0.00474,-20.92 USD,False
