client_order_id,trader_id,strategy_id,instrument_id,venue_order_id,position_id,account_id,last_trade_id,type,side,quantity,time_in_force,is_reduce_only,is_quote_quantity,filled_qty,liquidity_side,avg_px,slippage,commissions,emulation_trigger,status,contingency_type,order_list_id,linked_order_ids,parent_order_id,exec_algorithm_id,exec_algorithm_params,exec_spawn_id,tags,init_id,ts_init,ts_last
O-20260101-091500-BACKTEST-000-1,KRAKEN-BACKTEST,KrakenBTCUSDResearchStrategy-000,BTC/USD.KRAKEN,KRAKEN-1-001,BTC/USD.KRAKEN-KrakenBTCUSDResearchStrategy-000,KRAKEN-001,T-e49d7ccc65843abe-412,MARKET,BUY,0.03411198,GTC,False,False,0.03411198,TAKER,87945.62,0.0,['12.00 USD'],NO_TRIGGER,FILLED,NO_CONTINGENCY,,,,,,,,72a35294-248b-42fc-b359-a06d56eb3e59,2026-01-01 09:15:00+00:00,2026-01-01 09:15:00+00:00
O-20260101-092500-BACKTEST-000-2,KRAKEN-BACKTEST,KrakenBTCUSDResearchStrategy-000,BTC/USD.KRAKEN,KRAKEN-1-002,BTC/USD.KRAKEN-KrakenBTCUSDResearchStrategy-000,KRAKEN-001,T-fda446aa115a9c47-421,MARKET,SELL,0.03411198,GTC,False,False,0.03411198,TAKER,87836.01999999999,0.0,['11.99 USD'],NO_TRIGGER,FILLED,NO_CONTINGENCY,,,,,,,,68a38911-7d19-46ea-941e-a66a9ed53d7e,2026-01-01 09:25:00+00:00,2026-01-01 09:25:00+00:00
O-20260101-115000-BACKTEST-000-3,KRAKEN-BACKTEST,KrakenBTCUSDResearchStrategy-000,BTC/USD.KRAKEN,KRAKEN-1-003,BTC/USD.KRAKEN-KrakenBTCUSDResearchStrategy-000,KRAKEN-001,T-72a3ea2958d401de-528,MARKET,BUY,0.03400038,GTC,False,False,0.03400038,TAKER,87989.62,0.0,['11.97 USD'],NO_TRIGGER,FILLED,NO_CONTINGENCY,,,,,,,,f4ef7698-e650-4e74-bc83-7ea7a757f72f,2026-01-01 11:50:00+00:00,2026-01-01 11:50:00+00:00
O-20260101-134500-BACKTEST-000-4,KRAKEN-BACKTEST,KrakenBTCUSDResearchStrategy-000,BTC/USD.KRAKEN,KRAKEN-1-004,BTC/USD.KRAKEN-KrakenBTCUSDResearchStrategy-000,KRAKEN-001,T-7abf7a8b45b1f2db-611,MARKET,SELL,0.03400038,GTC,False,False,0.03400038,TAKER,87898.09,0.0,['11.95 USD'],NO_TRIGGER,FILLED,NO_CONTINGENCY,,,,,,,,31bbb0ce-9f04-4bdf-b460-2296622a01a0,2026-01-01 13:45:00+00:00,2026-01-01 13:45:00+00:00
O-20260101-172000-BACKTEST-000-5,KRAKEN-BACKTEST,KrakenBTCUSDResearchStrategy-000,BTC/USD.KRAKEN,KRAKEN-1-005,BTC/USD.KRAKEN-KrakenBTCUSDResearchStrategy-000,KRAKEN-001,T-72609b4fb08f25fd-775,MARKET,BUY,0.03382718,GTC,False,False,0.03382718,TAKER,88200.42,0.0,['11.93 USD'],NO_TRIGGER,FILLED,NO_CONTINGENCY,,,,,,,,5e35938e-126c-48a5-b630-c1874f2f2b64,2026-01-01 17:20:00+00:00,2026-01-01 17:20:00+00:00
O-20260102-020500-BACKTEST-000-6,KRAKEN-BACKTEST,KrakenBTCUSDResearchStrategy-000,BTC/USD.KRAKEN,KRAKEN-1-006,BTC/USD.KRAKEN-KrakenBTCUSDResearchStrategy-000,KRAKEN-001,T-182b972c63dab4d1-1179,MARKET,SELL,0.03382718,GTC,False,False,0.03382718,TAKER,88471.89,0.0,['11.97 USD'],NO_TRIGGER,FILLED,NO_CONTINGENCY,,,,,,,,8feaace8-9a0d-4c2c-9282-6162bcccf893,2026-01-02 02:05:00+00:00,2026-01-02 02:05:00+00:00
O-20260102-083000-BACKTEST-000-7,KRAKEN-BACKTEST,KrakenBTCUSDResearchStrategy-000,BTC/USD.KRAKEN,KRAKEN-1-007,BTC/USD.KRAKEN-KrakenBTCUSDResearchStrategy-000,KRAKEN-001,T-a4244eb5d10fa002-1482,MARKET,BUY,0.03342746,GTC,False,False,0.03342746,TAKER,89123.01000000001,0.0,['11.92 USD'],NO_TRIGGER,FILLED,NO_CONTINGENCY,,,,,,,,37355259-2c66-4566-899d-1cce38f3eb03,2026-01-02 08:30:00+00:00,2026-01-02 08:30:00+00:00
O-20260102-141000-BACKTEST-000-8,KRAKEN-BACKTEST,KrakenBTCUSDResearchStrategy-000,BTC/USD.KRAKEN,KRAKEN-1-008,BTC/USD.KRAKEN-KrakenBTCUSDResearchStrategy-000,KRAKEN-001,T-41f5dbedaf5e245a-1753,MARKET,SELL,0.03342746,GTC,False,False,0.03342746,TAKER,89133.35,0.0,['11.92 USD'],NO_TRIGGER,FILLED,NO_CONTINGENCY,,,,,,,,84e46cb3-9ff1-49f1-b1ce-dfa19e1e1b2f,2026-01-02 14:10:00+00:00,2026-01-02 14:10:00+00:00
O-20260102-163000-BACKTEST-000-9,KRAKEN-BACKTEST,KrakenBTCUSDResearchStrategy-000,BTC/USD.KRAKEN,KRAKEN-1-009,BTC/USD.KRAKEN-KrakenBTCUSDResearchStrategy-000,KRAKEN-001,T-55598533d5dabf28-1866,MARKET,BUY,0.03275362,GTC,False,False,0.03275362,TAKER,90741.29,0.0,['11.89 USD'],NO_TRIGGER,FILLED,NO_CONTINGENCY,,,,,,,,a2b68ced-d995-4dd5-ad8e-272cbbb54f3b,2026-01-02 16:30:00+00:00,2026-01-02 16:30:00+00:00
O-20260102-183000-BACKTEST-000-10,KRAKEN-BACKTEST,KrakenBTCUSDResearchStrategy-000,BTC/USD.KRAKEN,KRAKEN-1-010,BTC/USD.KRAKEN-KrakenBTCUSDResearchStrategy-000,KRAKEN-001,T-38d7aebe8b13e042-1962,MARKET,SELL,0.03275362,GTC,False,False,0.03275362,TAKER,90133.72,0.0,['11.81 USD'],NO_TRIGGER,FILLED,NO_CONTINGENCY,,,,,,,,cc98c4b8-63be-4025-b0c2-a65ab73ea4a3,2026-01-02 18:30:00+00:00,2026-01-02 18:30:00+00:00
O-20260103-142000-BACKTEST-000-11,KRAKEN-BACKTEST,KrakenBTCUSDResearchStrategy-000,BTC/USD.KRAKEN,KRAKEN-1-011,BTC/USD.KRAKEN-KrakenBTCUSDResearchStrategy-000,KRAKEN-001,T-af273cd6de748669-2867,MARKET,BUY,0.03280761,GTC,False,False,0.03280761,TAKER,90193.27,0.0,['11.84 USD'],NO_TRIGGER,FILLED,NO_CONTINGENCY,,,,,,,,4e2f5cb0-5323-4c97-8f6d-f7fddf9ac879,2026-01-03 14:20:00+00:00,2026-01-03 14:20:00+00:00
O-20260103-150000-BACKTEST-000-12,KRAKEN-BACKTEST,KrakenBTCUSDResearchStrategy-000,BTC/USD.KRAKEN,KRAKEN-1-012,BTC/USD.KRAKEN-KrakenBTCUSDResearchStrategy-000,KRAKEN-001,T-5e5afe34942b144a-2898,MARKET,SELL,0.03280761,GTC,False,False,0.03280761,TAKER,90058.71,0.0,['11.82 USD'],NO_TRIGGER,FILLED,NO_CONTINGENCY,,,,,,,,ac91b2a3-5499-49fb-b2de-d40379fc3e60,2026-01-03 15:00:00+00:00,2026-01-03 15:00:00+00:00
O-20260103-203000-BACKTEST-000-13,KRAKEN-BACKTEST,KrakenBTCUSDResearchStrategy-000,BTC/USD.KRAKEN,KRAKEN-1-013,BTC/USD.KRAKEN-KrakenBTCUSDResearchStrategy-000,KRAKEN-001,T-c361bd42c1996def-3149,MARKET,BUY,0.03270452,GTC,False,False,0.03270452,TAKER,90220.0,0.0,['11.80 USD'],NO_TRIGGER,FILLED,NO_CONTINGENCY,,,,,,,,087688c1-ec1e-4a3a-bad7-40078b5f8aa0,2026-01-03 20:30:00+00:00,2026-01-03 20:30:00+00:00
O-20260104-115000-BACKTEST-000-14,KRAKEN-BACKTEST,KrakenBTCUSDResearchStrategy-000,BTC/USD.KRAKEN,KRAKEN-1-014,BTC/USD.KRAKEN-KrakenBTCUSDResearchStrategy-000,KRAKEN-001,T-8569b15a68e658d7-3852,MARKET,SELL,0.03270452,GTC,False,False,0.03270452,TAKER,91245.99,0.0,['11.94 USD'],NO_TRIGGER,FILLED,NO_CONTINGENCY,,,,,,,,b2e46979-156f-4c37-84d6-8945ca67f44c,2026-01-04 11:50:00+00:00,2026-01-04 11:50:00+00:00
O-20260104-235500-BACKTEST-000-15,KRAKEN-BACKTEST,KrakenBTCUSDResearchStrategy-000,BTC/USD.KRAKEN,KRAKEN-1-015,BTC/USD.KRAKEN-KrakenBTCUSDResearchStrategy-000,KRAKEN-001,T-0fda088b9c935451-4404,MARKET,BUY,0.03226872,GTC,False,False,0.03226872,TAKER,91529.73000000001,0.0,['11.81 USD'],NO_TRIGGER,FILLED,NO_CONTINGENCY,,,,,,,,ca5ffff4-11e1-42d9-908b-e0427fb33489,2026-01-04 23:55:00+00:00,2026-01-04 23:55:00+00:00
O-20260105-055500-BACKTEST-000-16,KRAKEN-BACKTEST,KrakenBTCUSDResearchStrategy-000,BTC/USD.KRAKEN,KRAKEN-1-016,BTC/USD.KRAKEN-KrakenBTCUSDResearchStrategy-000,KRAKEN-001,T-3a1141e8cc4a9b41-4684,MARKET,SELL,0.03226872,GTC,False,False,0.03226872,TAKER,92359.99,0.0,['11.92 USD'],NO_TRIGGER,FILLED,NO_CONTINGENCY,,,,,,,,78eaff2c-d4b1-477f-a331-35b1cf4cdc17,2026-01-05 05:55:00+00:00,2026-01-05 05:55:00+00:00
O-20260105-101000-BACKTEST-000-17,KRAKEN-BACKTEST,KrakenBTCUSDResearchStrategy-000,BTC/USD.KRAKEN,KRAKEN-1-017,BTC/USD.KRAKEN-KrakenBTCUSDResearchStrategy-000,KRAKEN-001,T-5b006e98dfd4d035-4881,MARKET,BUY,0.03179729,GTC,False,False,0.03179729,TAKER,92915.65000000001,0.0,['11.82 USD'],NO_TRIGGER,FILLED,NO_CONTINGENCY,,,,,,,,9233da69-9f53-4118-8417-db6eb9f3dd95,2026-01-05 10:10:00+00:00,2026-01-05 10:10:00+00:00
O-20260105-133000-BACKTEST-000-18,KRAKEN-BACKTEST,KrakenBTCUSDResearchStrategy-000,BTC/USD.KRAKEN,KRAKEN-1-018,BTC/USD.KRAKEN-KrakenBTCUSDResearchStrategy-000,KRAKEN-001,T-491876714ae81408-5033,MARKET,SELL,0.03179729,GTC,False,False,0.03179729,TAKER,92712.0,0.0,['11.79 USD'],NO_TRIGGER,FILLED,NO_CONTINGENCY,,,,,,,,4a1ce6a8-97e6-45d3-8683-217ea71ededb,2026-01-05 13:30:00+00:00,2026-01-05 13:30:00+00:00
O-20260105-144000-BACKTEST-000-19,KRAKEN-BACKTEST,KrakenBTCUSDResearchStrategy-000,BTC/USD.KRAKEN,KRAKEN-1-019,BTC/USD.KRAKEN-KrakenBTCUSDResearchStrategy-000,KRAKEN-001,T-f2537ed86a97bfb8-5089,MARKET,BUY,0.03157520,GTC,False,False,0.03157520,TAKER,93283.28,0.0,['11.78 USD'],NO_TRIGGER,FILLED,NO_CONTINGENCY,,,,,,,,887fea4a-98fa-4781-a040-0a2f247b1ce1,2026-01-05 14:40:00+00:00,2026-01-05 14:40:00+00:00
O-20260105-233500-BACKTEST-000-20,KRAKEN-BACKTEST,KrakenBTCUSDResearchStrategy-000,BTC/USD.KRAKEN,KRAKEN-1-020,BTC/USD.KRAKEN-KrakenBTCUSDResearchStrategy-000,KRAKEN-001,T-142cb5dd17d59683-5511,MARKET,SELL,0.03157520,GTC,False,False,0.03157520,TAKER,93874.03,0.0,['11.86 USD'],NO_TRIGGER,FILLED,NO_CONTINGENCY,,,,,,,,9cce2f29-5908-4b7a-92ac-8e45232ce95a,2026-01-05 23:35:00+00:00,2026-01-05 23:35:00+00:00
O-20260106-114500-BACKTEST-000-21,KRAKEN-BACKTEST,KrakenBTCUSDResearchStrategy-000,BTC/USD.KRAKEN,KRAKEN-1-021,BTC/USD.KRAKEN-KrakenBTCUSDResearchStrategy-000,KRAKEN-001,T-f74137241093841e-6068,MARKET,BUY,0.03135560,GTC,False,False,0.03135560,TAKER,93888.87,0.0,['11.78 USD'],NO_TRIGGER,FILLED,NO_CONTINGENCY,,,,,,,,c7a6c7c8-23a1-4b2b-8c28-8dba74cf9321,2026-01-06 11:45:00+00:00,2026-01-06 11:45:00+00:00
O-20260106-132500-BACKTEST-000-22,KRAKEN-BACKTEST,KrakenBTCUSDResearchStrategy-000,BTC/USD.KRAKEN,KRAKEN-1-022,BTC/USD.KRAKEN-KrakenBTCUSDResearchStrategy-000,KRAKEN-001,T-4933de8ae4c5ae3d-6145,MARKET,SELL,0.03135560,GTC,False,False,0.03135560,TAKER,93729.88,0.0,['11.76 USD'],NO_TRIGGER,FILLED,NO_CONTINGENCY,,,,,,,,ada1d949-041d-4c55-916e-cece62006864,2026-01-06 13:25:00+00:00,2026-01-06 13:25:00+00:00
O-20260108-155500-BACKTEST-000-23,KRAKEN-BACKTEST,KrakenBTCUSDResearchStrategy-000,BTC/USD.KRAKEN,KRAKEN-1-023,BTC/USD.KRAKEN-KrakenBTCUSDResearchStrategy-000,KRAKEN-001,T-ecb72a8dce10965a-8504,MARKET,BUY,0.03233460,GTC,False,False,0.03233460,TAKER,90781.57,0.0,['11.74 USD'],NO_TRIGGER,FILLED,NO_CONTINGENCY,,,,,,,,8a7a95c7-1208-4eb4-927c-eb3b5b6dc5f9,2026-01-08 15:55:00+00:00,2026-01-08 15:55:00+00:00
O-20260108-200000-BACKTEST-000-24,KRAKEN-BACKTEST,KrakenBTCUSDResearchStrategy-000,BTC/USD.KRAKEN,KRAKEN-1-024,BTC/USD.KRAKEN-KrakenBTCUSDResearchStrategy-000,KRAKEN-001,T-9b689cd77deb2a8c-8689,MARKET,SELL,0.03233460,GTC,False,False,0.03233460,TAKER,90712.66,0.0,['11.73 USD'],NO_TRIGGER,FILLED,NO_CONTINGENCY,,,,,,,,edbba6bf-cd07-4d4e-a93a-792f59e0009d,2026-01-08 20:00:00+00:00,2026-01-08 20:00:00+00:00
O-20260109-012500-BACKTEST-000-25,KRAKEN-BACKTEST,KrakenBTCUSDResearchStrategy-000,BTC/USD.KRAKEN,KRAKEN-1-025,BTC/USD.KRAKEN-KrakenBTCUSDResearchStrategy-000,KRAKEN-001,T-431845a3b67a418c-8939,MARKET,BUY,0.03199715,GTC,False,False,0.03199715,TAKER,91498.0,0.0,['11.71 USD'],NO_TRIGGER,FILLED,NO_CONTINGENCY,,,,,,,,4f230b45-158e-4934-8297-612c57b61258,2026-01-09 01:25:00+00:00,2026-01-09 01:25:00+00:00
O-20260109-013000-BACKTEST-000-26,KRAKEN-BACKTEST,KrakenBTCUSDResearchStrategy-000,BTC/USD.KRAKEN,KRAKEN-1-026,BTC/USD.KRAKEN-KrakenBTCUSDResearchStrategy-000,KRAKEN-001,T-9ae73707a8e2fe7d-8943,MARKET,SELL,0.03199715,GTC,False,False,0.03199715,TAKER,91147.27,0.0,['11.67 USD'],NO_TRIGGER,FILLED,NO_CONTINGENCY,,,,,,,,7000be27-a916-4606-a11f-44ca04299f82,2026-01-09 01:30:00+00:00,2026-01-09 01:30:00+00:00
O-20260110-020000-BACKTEST-000-27,KRAKEN-BACKTEST,KrakenBTCUSDResearchStrategy-000,BTC/USD.KRAKEN,KRAKEN-1-027,BTC/USD.KRAKEN-KrakenBTCUSDResearchStrategy-000,KRAKEN-001,T-b064f25e1189f0ff-10074,MARKET,BUY,0.03215207,GTC,False,False,0.03215207,TAKER,90734.20000000001,0.0,['11.67 USD'],NO_TRIGGER,FILLED,NO_CONTINGENCY,,,,,,,,36d1109c-e6a4-44c6-b4d7-04b75876f1ae,2026-01-10 02:00:00+00:00,2026-01-10 02:00:00+00:00
O-20260110-023500-BACKTEST-000-28,KRAKEN-BACKTEST,KrakenBTCUSDResearchStrategy-000,BTC/USD.KRAKEN,KRAKEN-1-028,BTC/USD.KRAKEN-KrakenBTCUSDResearchStrategy-000,KRAKEN-001,T-33db0307f5c3bd5e-10099,MARKET,SELL,0.03215207,GTC,False,False,0.03215207,TAKER,90652.42,0.0,['11.66 USD'],NO_TRIGGER,FILLED,NO_CONTINGENCY,,,,,,,,bb50d9ca-20bb-4a6b-b54b-2e9255f06d2f,2026-01-10 02:35:00+00:00,2026-01-10 02:35:00+00:00
O-20260110-080000-BACKTEST-000-29,KRAKEN-BACKTEST,KrakenBTCUSDResearchStrategy-000,BTC/USD.KRAKEN,KRAKEN-1-029,BTC/USD.KRAKEN-KrakenBTCUSDResearchStrategy-000,KRAKEN-001,T-12c3593e24ae33f5-10335,MARKET,BUY,0.03206704,GTC,False,False,0.03206704,TAKER,90731.94,0.0,['11.64 USD'],NO_TRIGGER,FILLED,NO_CONTINGENCY,,,,,,,,8a3745d0-a7ef-4ff2-ba9f-85cbb4867056,2026-01-10 08:00:00+00:00,2026-01-10 08:00:00+00:00
O-20260110-080500-BACKTEST-000-30,KRAKEN-BACKTEST,KrakenBTCUSDResearchStrategy-000,BTC/USD.KRAKEN,KRAKEN-1-030,BTC/USD.KRAKEN-KrakenBTCUSDResearchStrategy-000,KRAKEN-001,T-86186cc53bd670af-10340,MARKET,SELL,0.03206704,GTC,False,False,0.03206704,TAKER,90650.01,0.0,['11.63 USD'],NO_TRIGGER,FILLED,NO_CONTINGENCY,,,,,,,,7c19cac5-7338-4a0a-900f-5646abc8b0b6,2026-01-10 08:05:00+00:00,2026-01-10 08:05:00+00:00
O-20260110-095000-BACKTEST-000-31,KRAKEN-BACKTEST,KrakenBTCUSDResearchStrategy-000,BTC/USD.KRAKEN,KRAKEN-1-031,BTC/USD.KRAKEN-KrakenBTCUSDResearchStrategy-000,KRAKEN-001,T-efab7d2052b37656-10420,MARKET,BUY,0.03197619,GTC,False,False,0.03197619,TAKER,90746.81,0.0,['11.61 USD'],NO_TRIGGER,FILLED,NO_CONTINGENCY,,,,,,,,9616c64f-6014-49e1-b545-c97df27ecccb,2026-01-10 09:50:00+00:00,2026-01-10 09:50:00+00:00
O-20260110-123000-BACKTEST-000-32,KRAKEN-BACKTEST,KrakenBTCUSDResearchStrategy-000,BTC/USD.KRAKEN,KRAKEN-1-032,BTC/USD.KRAKEN-KrakenBTCUSDResearchStrategy-000,KRAKEN-001,T-7c2e07ff567d960f-10536,MARKET,SELL,0.03197619,GTC,False,False,0.03197619,TAKER,90665.76,0.0,['11.60 USD'],NO_TRIGGER,FILLED,NO_CONTINGENCY,,,,,,,,7b36695f-ef6c-4013-b4cf-044ba313183e,2026-01-10 12:30:00+00:00,2026-01-10 12:30:00+00:00
O-20260111-010500-BACKTEST-000-33,KRAKEN-BACKTEST,KrakenBTCUSDResearchStrategy-000,BTC/USD.KRAKEN,KRAKEN-1-033,BTC/USD.KRAKEN-KrakenBTCUSDResearchStrategy-000,KRAKEN-001,T-d1a30f1c80bb593f-11084,MARKET,BUY,0.03192116,GTC,False,False,0.03192116,TAKER,90660.8,0.0,['11.58 USD'],NO_TRIGGER,FILLED,NO_CONTINGENCY,,,,,,,,e4941cd8-2d24-4af2-9375-289d001e2ef2,2026-01-11 01:05:00+00:00,2026-01-11 01:05:00+00:00
O-20260111-012000-BACKTEST-000-34,KRAKEN-BACKTEST,KrakenBTCUSDResearchStrategy-000,BTC/USD.KRAKEN,KRAKEN-1-034,BTC/USD.KRAKEN-KrakenBTCUSDResearchStrategy-000,KRAKEN-001,T-83d82ffdf4e32076-11095,MARKET,SELL,0.03192116,GTC,False,False,0.03192116,TAKER,90583.06,0.0,['11.57 USD'],NO_TRIGGER,FILLED,NO_CONTINGENCY,,,,,,,,1efc39ac-bacf-4852-9885-2ece7b0a8555,2026-01-11 01:20:00+00:00,2026-01-11 01:20:00+00:00
O-20260111-024500-BACKTEST-000-35,KRAKEN-BACKTEST,KrakenBTCUSDResearchStrategy-000,BTC/USD.KRAKEN,KRAKEN-1-035,BTC/USD.KRAKEN-KrakenBTCUSDResearchStrategy-000,KRAKEN-001,T-ced2712354730ec0-11161,MARKET,BUY,0.03181502,GTC,False,False,0.03181502,TAKER,90721.58,0.0,['11.55 USD'],NO_TRIGGER,FILLED,NO_CONTINGENCY,,,,,,,,0ddaec51-f580-4a15-849d-d281b645b22d,2026-01-11 02:45:00+00:00,2026-01-11 02:45:00+00:00
O-20260111-030500-BACKTEST-000-36,KRAKEN-BACKTEST,KrakenBTCUSDResearchStrategy-000,BTC/USD.KRAKEN,KRAKEN-1-036,BTC/USD.KRAKEN-KrakenBTCUSDResearchStrategy-000,KRAKEN-001,T-54510985129c3f81-11176,MARKET,SELL,0.03181502,GTC,False,False,0.03181502,TAKER,90656.90999999999,0.0,['11.54 USD'],NO_TRIGGER,FILLED,NO_CONTINGENCY,,,,,,,,bbfc8e54-0fcd-44be-8cd3-16b6627775f4,2026-01-11 03:05:00+00:00,2026-01-11 03:05:00+00:00
O-20260111-043500-BACKTEST-000-37,KRAKEN-BACKTEST,KrakenBTCUSDResearchStrategy-000,BTC/USD.KRAKEN,KRAKEN-1-037,BTC/USD.KRAKEN-KrakenBTCUSDResearchStrategy-000,KRAKEN-001,T-ec32c9bbf9014309-11244,MARKET,BUY,0.03171909,GTC,False,False,0.03171909,TAKER,90758.08,0.0,['11.52 USD'],NO_TRIGGER,FILLED,NO_CONTINGENCY,,,,,,,,2df4d8ea-e41d-4fee-8390-1b88fc9691d5,2026-01-11 04:35:00+00:00,2026-01-11 04:35:00+00:00
O-20260111-061500-BACKTEST-000-38,KRAKEN-BACKTEST,KrakenBTCUSDResearchStrategy-000,BTC/USD.KRAKEN,KRAKEN-1-038,BTC/USD.KRAKEN-KrakenBTCUSDResearchStrategy-000,KRAKEN-001,T-c030bdbb50cc04cd-11315,MARKET,SELL,0.03171909,GTC,False,False,0.03171909,TAKER,90695.62,0.0,['11.51 USD'],NO_TRIGGER,FILLED,NO_CONTINGENCY,,,,,,,,636a4448-91aa-4a25-8b51-1986c1f3c750,2026-01-11 06:15:00+00:00,2026-01-11 06:15:00+00:00
O-20260111-121500-BACKTEST-000-39,KRAKEN-BACKTEST,KrakenBTCUSDResearchStrategy-000,BTC/USD.KRAKEN,KRAKEN-1-039,BTC/USD.KRAKEN-KrakenBTCUSDResearchStrategy-000,KRAKEN-001,T-b9dc22bc99693104-11576,MARKET,BUY,0.03160646,GTC,False,False,0.03160646,TAKER,90844.09999999999,0.0,['11.49 USD'],NO_TRIGGER,FILLED,NO_CONTINGENCY,,,,,,,,35eb9b01-9f33-4b6e-86c5-a70d2af3b501,2026-01-11 12:15:00+00:00,2026-01-11 12:15:00+00:00
O-20260111-154000-BACKTEST-000-40,KRAKEN-BACKTEST,KrakenBTCUSDResearchStrategy-000,BTC/USD.KRAKEN,KRAKEN-1-040,BTC/USD.KRAKEN-KrakenBTCUSDResearchStrategy-000,KRAKEN-001,T-973ba4d98868a441-11735,MARKET,SELL,0.03160646,GTC,False,False,0.03160646,TAKER,90844.2,0.0,['11.49 USD'],NO_TRIGGER,FILLED,NO_CONTINGENCY,,,,,,,,15fa68aa-739c-41a2-8086-a5a5e504a9c6,2026-01-11 15:40:00+00:00,2026-01-11 15:40:00+00:00
O-20260112-001500-BACKTEST-000-41,KRAKEN-BACKTEST,KrakenBTCUSDResearchStrategy-000,BTC/USD.KRAKEN,KRAKEN-1-041,BTC/USD.KRAKEN-KrakenBTCUSDResearchStrategy-000,KRAKEN-001,T-6f7d4b1a2d0efb8a-12126,MARKET,BUY,0.03141039,GTC,False,False,0.03141039,TAKER,91191.7,0.0,['11.46 USD'],NO_TRIGGER,FILLED,NO_CONTINGENCY,,,,,,,,c20d5c3e-567c-473d-801f-983b392cfd63,2026-01-12 00:15:00+00:00,2026-01-12 00:15:00+00:00
O-20260112-073500-BACKTEST-000-42,KRAKEN-BACKTEST,KrakenBTCUSDResearchStrategy-000,BTC/USD.KRAKEN,KRAKEN-1-042,BTC/USD.KRAKEN-KrakenBTCUSDResearchStrategy-000,KRAKEN-001,T-899e38d66011637b-12470,MARKET,SELL,0.03141039,GTC,False,False,0.03141039,TAKER,91668.09999999999,0.0,['11.52 USD'],NO_TRIGGER,FILLED,NO_CONTINGENCY,,,,,,,,be269048-01b2-4dfa-b6ec-44d7ce15410c,2026-01-12 07:35:00+00:00,2026-01-12 07:35:00+00:00
O-20260112-153500-BACKTEST-000-43,KRAKEN-BACKTEST,KrakenBTCUSDResearchStrategy-000,BTC/USD.KRAKEN,KRAKEN-1-043,BTC/USD.KRAKEN-KrakenBTCUSDResearchStrategy-000,KRAKEN-001,T-2baeae64df727977-12839,MARKET,BUY,0.03127612,GTC,False,False,0.03127612,TAKER,91506.25,0.0,['11.45 USD'],NO_TRIGGER,FILLED,NO_CONTINGENCY,,,,,,,,9a4945a8-889b-49ba-ba4b-fec473c412d1,2026-01-12 15:35:00+00:00,2026-01-12 15:35:00+00:00
O-20260112-173000-BACKTEST-000-44,KRAKEN-BACKTEST,KrakenBTCUSDResearchStrategy-000,BTC/USD.KRAKEN,KRAKEN-1-044,BTC/USD.KRAKEN-KrakenBTCUSDResearchStrategy-000,KRAKEN-001,T-db864752a8d4c21d-12929,MARKET,SELL,0.03127612,GTC,False,False,0.03127612,TAKER,91127.17,0.0,['11.40 USD'],NO_TRIGGER,FILLED,NO_CONTINGENCY,,,,,,,,7af77b23-65e2-45d7-8ee2-e0620ab57668,2026-01-12 17:30:00+00:00,2026-01-12 17:30:00+00:00
O-20260113-051000-BACKTEST-000-45,KRAKEN-BACKTEST,KrakenBTCUSDResearchStrategy-000,BTC/USD.KRAKEN,KRAKEN-1-045,BTC/USD.KRAKEN-KrakenBTCUSDResearchStrategy-000,KRAKEN-001,T-2f41ac96075a13bb-13472,MARKET,BUY,0.03108024,GTC,False,False,0.03108024,TAKER,91747.94,0.0,['11.41 USD'],NO_TRIGGER,FILLED,NO_CONTINGENCY,,,,,,,,53d9480e-13ab-40bc-a6aa-57861e76badb,2026-01-13 05:10:00+00:00,2026-01-13 05:10:00+00:00
O-20260113-120000-BACKTEST-000-46,KRAKEN-BACKTEST,KrakenBTCUSDResearchStrategy-000,BTC/USD.KRAKEN,KRAKEN-1-046,BTC/USD.KRAKEN-KrakenBTCUSDResearchStrategy-000,KRAKEN-001,T-6620016e1c61545c-13784,MARKET,SELL,0.03108024,GTC,False,False,0.03108024,TAKER,91968.43,0.0,['11.43 USD'],NO_TRIGGER,FILLED,NO_CONTINGENCY,,,,,,,,abe3f627-cc9b-40b9-b8fb-7d3425651370,2026-01-13 12:00:00+00:00,2026-01-13 12:00:00+00:00
O-20260113-143500-BACKTEST-000-47,KRAKEN-BACKTEST,KrakenBTCUSDResearchStrategy-000,BTC/USD.KRAKEN,KRAKEN-1-047,BTC/USD.KRAKEN-KrakenBTCUSDResearchStrategy-000,KRAKEN-001,T-2f309edce4457cd3-13903,MARKET,BUY,0.03070251,GTC,False,False,0.03070251,TAKER,92720.44,0.0,['11.39 USD'],NO_TRIGGER,FILLED,NO_CONTINGENCY,,,,,,,,6348f171-e0e2-491d-b3dc-7f79872fe1e1,2026-01-13 14:35:00+00:00,2026-01-13 14:35:00+00:00
O-20260113-150000-BACKTEST-000-48,KRAKEN-BACKTEST,KrakenBTCUSDResearchStrategy-000,BTC/USD.KRAKEN,KRAKEN-1-048,BTC/USD.KRAKEN-KrakenBTCUSDResearchStrategy-000,KRAKEN-001,T-007f66799f429f88-13923,MARKET,SELL,0.03070251,GTC,False,False,0.03070251,TAKER,92258.31,0.0,['11.33 USD'],NO_TRIGGER,FILLED,NO_CONTINGENCY,,,,,,,,9ba4e358-5966-49a7-b9f0-91cf58f168c9,2026-01-13 15:00:00+00:00,2026-01-13 15:00:00+00:00
O-20260113-155500-BACKTEST-000-49,KRAKEN-BACKTEST,KrakenBTCUSDResearchStrategy-000,BTC/USD.KRAKEN,KRAKEN-1-049,BTC/USD.KRAKEN-KrakenBTCUSDResearchStrategy-000,KRAKEN-001,T-9834b4bbf0865b8c-13967,MARKET,BUY,0.03034433,GTC,False,False,0.03034433,TAKER,93449.99,0.0,['11.34 USD'],NO_TRIGGER,FILLED,NO_CONTINGENCY,,,,,,,,3472cc2a-4f44-4b15-b511-99cb6f63085b,2026-01-13 15:55:00+00:00,2026-01-13 15:55:00+00:00
O-20260114-052000-BACKTEST-000-50,KRAKEN-BACKTEST,KrakenBTCUSDResearchStrategy-000,BTC/USD.KRAKEN,KRAKEN-1-050,BTC/USD.KRAKEN-KrakenBTCUSDResearchStrategy-000,KRAKEN-001,T-e3341712a56f4803-14587,MARKET,SELL,0.03034433,GTC,False,False,0.03034433,TAKER,95028.0,0.0,['11.53 USD'],NO_TRIGGER,FILLED,NO_CONTINGENCY,,,,,,,,8fac9820-2ec6-49a9-a0a5-38775c1844cb,2026-01-14 05:20:00+00:00,2026-01-14 05:20:00+00:00
O-20260114-140500-BACKTEST-000-51,KRAKEN-BACKTEST,KrakenBTCUSDResearchStrategy-000,BTC/USD.KRAKEN,KRAKEN-1-051,BTC/USD.KRAKEN-KrakenBTCUSDResearchStrategy-000,KRAKEN-001,T-2368735b2e0523a6-14991,MARKET,BUY,0.02983570,GTC,False,False,0.02983570,TAKER,95294.59,0.0,['11.37 USD'],NO_TRIGGER,FILLED,NO_CONTINGENCY,,,,,,,,27544a99-9a81-4538-a62d-0c5f8fe9d059,2026-01-14 14:05:00+00:00,2026-01-14 14:05:00+00:00
O-20260114-225000-BACKTEST-000-52,KRAKEN-BACKTEST,KrakenBTCUSDResearchStrategy-000,BTC/USD.KRAKEN,KRAKEN-1-052,BTC/USD.KRAKEN-KrakenBTCUSDResearchStrategy-000,KRAKEN-001,T-cdf0d662a29a46c0-15402,MARKET,SELL,0.02983570,GTC,False,False,0.02983570,TAKER,96971.94,0.0,['11.57 USD'],NO_TRIGGER,FILLED,NO_CONTINGENCY,,,,,,,,0cf75cab-8fec-45b5-a02a-4c9fac1720d1,2026-01-14 22:50:00+00:00,2026-01-14 22:50:00+00:00
O-20260115-093500-BACKTEST-000-53,KRAKEN-BACKTEST,KrakenBTCUSDResearchStrategy-000,BTC/USD.KRAKEN,KRAKEN-1-053,BTC/USD.KRAKEN-KrakenBTCUSDResearchStrategy-000,KRAKEN-001,T-66fd0b25d3d10787-15897,MARKET,BUY,0.02940257,GTC,False,False,0.02940257,TAKER,96974.98,0.0,['11.41 USD'],NO_TRIGGER,FILLED,NO_CONTINGENCY,,,,,,,,ec697358-8572-44dd-939b-9ecf55bd8ba1,2026-01-15 09:35:00+00:00,2026-01-15 09:35:00+00:00
O-20260115-110500-BACKTEST-000-54,KRAKEN-BACKTEST,KrakenBTCUSDResearchStrategy-000,BTC/USD.KRAKEN,KRAKEN-1-054,BTC/USD.KRAKEN-KrakenBTCUSDResearchStrategy-000,KRAKEN-001,T-48773d366df03f8d-15968,MARKET,SELL,0.02940257,GTC,False,False,0.02940257,TAKER,96748.26999999999,0.0,['11.38 USD'],NO_TRIGGER,FILLED,NO_CONTINGENCY,,,,,,,,c46709b5-e942-4b24-98e7-d15736c0b894,2026-01-15 11:05:00+00:00,2026-01-15 11:05:00+00:00
O-20260117-121000-BACKTEST-000-55,KRAKEN-BACKTEST,KrakenBTCUSDResearchStrategy-000,BTC/USD.KRAKEN,KRAKEN-1-055,BTC/USD.KRAKEN-KrakenBTCUSDResearchStrategy-000,KRAKEN-001,T-09f3f5c13062a650-18204,MARKET,BUY,0.02980717,GTC,False,False,0.02980717,TAKER,95362.25,0.0,['11.37 USD'],NO_TRIGGER,FILLED,NO_CONTINGENCY,,,,,,,,8433b601-2741-471f-9451-2ce24d89ce8a,2026-01-17 12:10:00+00:00,2026-01-17 12:10:00+00:00
O-20260117-121500-BACKTEST-000-56,KRAKEN-BACKTEST,KrakenBTCUSDResearchStrategy-000,BTC/USD.KRAKEN,KRAKEN-1-056,BTC/USD.KRAKEN-KrakenBTCUSDResearchStrategy-000,KRAKEN-001,T-634042a92e12c9fc-18209,MARKET,SELL,0.02980717,GTC,False,False,0.02980717,TAKER,95292.32,0.0,['11.36 USD'],NO_TRIGGER,FILLED,NO_CONTINGENCY,,,,,,,,bdf0f20b-c343-4efa-9dfb-f3805da239fe,2026-01-17 12:15:00+00:00,2026-01-17 12:15:00+00:00
O-20260117-133000-BACKTEST-000-57,KRAKEN-BACKTEST,KrakenBTCUSDResearchStrategy-000,BTC/USD.KRAKEN,KRAKEN-1-057,BTC/USD.KRAKEN-KrakenBTCUSDResearchStrategy-000,KRAKEN-001,T-dcc92765153b0058-18263,MARKET,BUY,0.02972290,GTC,False,False,0.02972290,TAKER,95382.09,0.0,['11.34 USD'],NO_TRIGGER,FILLED,NO_CONTINGENCY,,,,,,,,2146d0c0-0dbd-4261-9bd4-a6fb3780ae3e,2026-01-17 13:30:00+00:00,2026-01-17 13:30:00+00:00
O-20260117-162000-BACKTEST-000-58,KRAKEN-BACKTEST,KrakenBTCUSDResearchStrategy-000,BTC/USD.KRAKEN,KRAKEN-1-058,BTC/USD.KRAKEN-KrakenBTCUSDResearchStrategy-000,KRAKEN-001,T-de06a6632f8f76fd-18394,MARKET,SELL,0.02972290,GTC,False,False,0.02972290,TAKER,95322.56999999999,0.0,['11.33 USD'],NO_TRIGGER,FILLED,NO_CONTINGENCY,,,,,,,,1945d3b7-5345-4647-832c-d2d0f4e982f8,2026-01-17 16:20:00+00:00,2026-01-17 16:20:00+00:00
O-20260118-094500-BACKTEST-000-59,KRAKEN-BACKTEST,KrakenBTCUSDResearchStrategy-000,BTC/USD.KRAKEN,KRAKEN-1-059,BTC/USD.KRAKEN-KrakenBTCUSDResearchStrategy-000,KRAKEN-001,T-cd41dccb12990e8c-19158,MARKET,BUY,0.02967817,GTC,False,False,0.02967817,TAKER,95278.8,0.0,['11.31 USD'],NO_TRIGGER,FILLED,NO_CONTINGENCY,,,,,,,,d1b14dc7-7f6a-4395-bfb6-e6373cd19685,2026-01-18 09:45:00+00:00,2026-01-18 09:45:00+00:00
O-20260118-100000-BACKTEST-000-60,KRAKEN-BACKTEST,KrakenBTCUSDResearchStrategy-000,BTC/USD.KRAKEN,KRAKEN-1-060,BTC/USD.KRAKEN-KrakenBTCUSDResearchStrategy-000,KRAKEN-001,T-dabd903be3f0613c-19171,MARKET,SELL,0.02967817,GTC,False,False,0.02967817,TAKER,95089.45,0.0,['11.29 USD'],NO_TRIGGER,FILLED,NO_CONTINGENCY,,,,,,,,e2dae2d8-22a8-4533-b784-8dfc3e5c69ef,2026-01-18 10:00:00+00:00,2026-01-18 10:00:00+00:00
O-20260118-184500-BACKTEST-000-61,KRAKEN-BACKTEST,KrakenBTCUSDResearchStrategy-000,BTC/USD.KRAKEN,KRAKEN-1-061,BTC/USD.KRAKEN-KrakenBTCUSDResearchStrategy-000,KRAKEN-001,T-baef6259c577f132-19560,MARKET,BUY,0.02953953,GTC,False,False,0.02953953,TAKER,95439.37999999999,0.0,['11.28 USD'],NO_TRIGGER,FILLED,NO_CONTINGENCY,,,,,,,,4f108278-f9ef-493a-a30a-c923a09a2b86,2026-01-18 18:45:00+00:00,2026-01-18 18:45:00+00:00
O-20260118-200500-BACKTEST-000-62,KRAKEN-BACKTEST,KrakenBTCUSDResearchStrategy-000,BTC/USD.KRAKEN,KRAKEN-1-062,BTC/USD.KRAKEN-KrakenBTCUSDResearchStrategy-000,KRAKEN-001,T-6bf36ae14422618b-19622,MARKET,SELL,0.02953953,GTC,False,False,0.02953953,TAKER,95303.3,0.0,['11.26 USD'],NO_TRIGGER,FILLED,NO_CONTINGENCY,,,,,,,,5f96ff57-253a-49b4-9325-734d29ec68a2,2026-01-18 20:05:00+00:00,2026-01-18 20:05:00+00:00
O-20260118-221000-BACKTEST-000-63,KRAKEN-BACKTEST,KrakenBTCUSDResearchStrategy-000,BTC/USD.KRAKEN,KRAKEN-1-063,BTC/USD.KRAKEN-KrakenBTCUSDResearchStrategy-000,KRAKEN-001,T-4144283e18dd9076-19718,MARKET,BUY,0.02943065,GTC,False,False,0.02943065,TAKER,95521.74,0.0,['11.25 USD'],NO_TRIGGER,FILLED,NO_CONTINGENCY,,,,,,,,e8e9e38e-cbe2-42d9-b5d7-5557cce37f5e,2026-01-18 22:10:00+00:00,2026-01-18 22:10:00+00:00
O-20260118-223000-BACKTEST-000-64,KRAKEN-BACKTEST,KrakenBTCUSDResearchStrategy-000,BTC/USD.KRAKEN,KRAKEN-1-064,BTC/USD.KRAKEN-KrakenBTCUSDResearchStrategy-000,KRAKEN-001,T-9c05c439c71d2fed-19728,MARKET,SELL,0.02943065,GTC,False,False,0.02943065,TAKER,95450.0,0.0,['11.24 USD'],NO_TRIGGER,FILLED,NO_CONTINGENCY,,,,,,,,5b820bfe-ab9d-479a-ae38-19d2cd88213d,2026-01-18 22:30:00+00:00,2026-01-18 22:30:00+00:00
O-20260119-163000-BACKTEST-000-65,KRAKEN-BACKTEST,KrakenBTCUSDResearchStrategy-000,BTC/USD.KRAKEN,KRAKEN-1-065,BTC/USD.KRAKEN-KrakenBTCUSDResearchStrategy-000,KRAKEN-001,T-b7ae21a63466288b-20559,MARKET,BUY,0.03006892,GTC,False,False,0.03006892,TAKER,93248.66,0.0,['11.22 USD'],NO_TRIGGER,FILLED,NO_CONTINGENCY,,,,,,,,eacb3e32-a9dd-4677-8e0d-c510645e5135,2026-01-19 16:30:00+00:00,2026-01-19 16:30:00+00:00
O-20260119-182000-BACKTEST-000-66,KRAKEN-BACKTEST,KrakenBTCUSDResearchStrategy-000,BTC/USD.KRAKEN,KRAKEN-1-066,BTC/USD.KRAKEN-KrakenBTCUSDResearchStrategy-000,KRAKEN-001,T-d6a6e16c3e582c6a-20647,MARKET,SELL,0.03006892,GTC,False,False,0.03006892,TAKER,93064.41,0.0,['11.19 USD'],NO_TRIGGER,FILLED,NO_CONTINGENCY,,,,,,,,c54edbf7-242f-4021-87d0-a408a0eabfd0,2026-01-19 18:20:00+00:00,2026-01-19 18:20:00+00:00
O-20260121-053000-BACKTEST-000-67,KRAKEN-BACKTEST,KrakenBTCUSDResearchStrategy-000,BTC/USD.KRAKEN,KRAKEN-1-067,BTC/USD.KRAKEN-KrakenBTCUSDResearchStrategy-000,KRAKEN-001,T-f70403f963ee71d1-22283,MARKET,BUY,0.03116397,GTC,False,False,0.03116397,TAKER,89703.01000000001,0.0,['11.18 USD'],NO_TRIGGER,FILLED,NO_CONTINGENCY,,,,,,,,2c4cbcf5-73b9-4646-ba16-b60f2c3f9392,2026-01-21 05:30:00+00:00,2026-01-21 05:30:00+00:00
O-20260121-073000-BACKTEST-000-68,KRAKEN-BACKTEST,KrakenBTCUSDResearchStrategy-000,BTC/USD.KRAKEN,KRAKEN-1-068,BTC/USD.KRAKEN-KrakenBTCUSDResearchStrategy-000,KRAKEN-001,T-0c9467d683e00402-22376,MARKET,SELL,0.03116397,GTC,False,False,0.03116397,TAKER,89432.84,0.0,['11.15 USD'],NO_TRIGGER,FILLED,NO_CONTINGENCY,,,,,,,,5c9bd2dd-d7ad-44de-b44c-8e2cde73de68,2026-01-21 07:30:00+00:00,2026-01-21 07:30:00+00:00
O-20260121-150500-BACKTEST-000-69,KRAKEN-BACKTEST,KrakenBTCUSDResearchStrategy-000,BTC/USD.KRAKEN,KRAKEN-1-069,BTC/USD.KRAKEN-KrakenBTCUSDResearchStrategy-000,KRAKEN-001,T-08df591c20b23260-22730,MARKET,BUY,0.03090964,GTC,False,False,0.03090964,TAKER,90142.64,0.0,['11.15 USD'],NO_TRIGGER,FILLED,NO_CONTINGENCY,,,,,,,,8bd6dabb-26dd-4af6-8e68-bb8aa1a7fd5c,2026-01-21 15:05:00+00:00,2026-01-21 15:05:00+00:00
O-20260121-162000-BACKTEST-000-70,KRAKEN-BACKTEST,KrakenBTCUSDResearchStrategy-000,BTC/USD.KRAKEN,KRAKEN-1-070,BTC/USD.KRAKEN-KrakenBTCUSDResearchStrategy-000,KRAKEN-001,T-e2593414def2485d-22790,MARKET,SELL,0.03090964,GTC,False,False,0.03090964,TAKER,89457.79999999999,0.0,['11.06 USD'],NO_TRIGGER,FILLED,NO_CONTINGENCY,,,,,,,,d7b56f3f-70fe-4d64-a4d2-28d57e5f2311,2026-01-21 16:20:00+00:00,2026-01-21 16:20:00+00:00
O-20260122-132500-BACKTEST-000-71,KRAKEN-BACKTEST,KrakenBTCUSDResearchStrategy-000,BTC/USD.KRAKEN,KRAKEN-1-071,BTC/USD.KRAKEN-KrakenBTCUSDResearchStrategy-000,KRAKEN-001,T-2478c4f6a5e645bf-23772,MARKET,BUY,0.03074667,GTC,False,False,0.03074667,TAKER,90197.15999999999,0.0,['11.09 USD'],NO_TRIGGER,FILLED,NO_CONTINGENCY,,,,,,,,667ac74e-c9d0-4c8e-8ac1-3bc7bdb28a30,2026-01-22 13:25:00+00:00,2026-01-22 13:25:00+00:00
O-20260122-133000-BACKTEST-000-72,KRAKEN-BACKTEST,KrakenBTCUSDResearchStrategy-000,BTC/USD.KRAKEN,KRAKEN-1-072,BTC/USD.KRAKEN-KrakenBTCUSDResearchStrategy-000,KRAKEN-001,T-e6c4e7662414d4da-23777,MARKET,SELL,0.03074667,GTC,False,False,0.03074667,TAKER,89975.0,0.0,['11.07 USD'],NO_TRIGGER,FILLED,NO_CONTINGENCY,,,,,,,,e64460ae-042c-42ce-a729-d958db7b907d,2026-01-22 13:30:00+00:00,2026-01-22 13:30:00+00:00
O-20260123-012500-BACKTEST-000-73,KRAKEN-BACKTEST,KrakenBTCUSDResearchStrategy-000,BTC/USD.KRAKEN,KRAKEN-1-073,BTC/USD.KRAKEN-KrakenBTCUSDResearchStrategy-000,KRAKEN-001,T-9d83e36c6b030afd-24329,MARKET,BUY,0.03082248,GTC,False,False,0.03082248,TAKER,89693.15999999999,0.0,['11.06 USD'],NO_TRIGGER,FILLED,NO_CONTINGENCY,,,,,,,,78275a61-6b65-4ca5-962e-d716961cdc10,2026-01-23 01:25:00+00:00,2026-01-23 01:25:00+00:00
O-20260123-052000-BACKTEST-000-74,KRAKEN-BACKTEST,KrakenBTCUSDResearchStrategy-000,BTC/USD.KRAKEN,KRAKEN-1-074,BTC/USD.KRAKEN-KrakenBTCUSDResearchStrategy-000,KRAKEN-001,T-3d73f80b08a952b8-24511,MARKET,SELL,0.03082248,GTC,False,False,0.03082248,TAKER,89643.52,0.0,['11.05 USD'],NO_TRIGGER,FILLED,NO_CONTINGENCY,,,,,,,,f6cee7e1-58ff-4879-bfa7-09ed5a81a069,2026-01-23 05:20:00+00:00,2026-01-23 05:20:00+00:00
O-20260123-142000-BACKTEST-000-75,KRAKEN-BACKTEST,KrakenBTCUSDResearchStrategy-000,BTC/USD.KRAKEN,KRAKEN-1-075,BTC/USD.KRAKEN-KrakenBTCUSDResearchStrategy-000,KRAKEN-001,T-21546224592d6738-24927,MARKET,BUY,0.03077384,GTC,False,False,0.03077384,TAKER,89604.47,0.0,['11.03 USD'],NO_TRIGGER,FILLED,NO_CONTINGENCY,,,,,,,,c8179012-526c-4b37-a776-78268ce393f5,2026-01-23 14:20:00+00:00,2026-01-23 14:20:00+00:00
O-20260123-143000-BACKTEST-000-76,KRAKEN-BACKTEST,KrakenBTCUSDResearchStrategy-000,BTC/USD.KRAKEN,KRAKEN-1-076,BTC/USD.KRAKEN-KrakenBTCUSDResearchStrategy-000,KRAKEN-001,T-72ed5bc961e78563-24935,MARKET,SELL,0.03077384,GTC,False,False,0.03077384,TAKER,89145.6,0.0,['10.97 USD'],NO_TRIGGER,FILLED,NO_CONTINGENCY,,,,,,,,9b4eb029-15f8-467e-a66f-8fcd621136f9,2026-01-23 14:30:00+00:00,2026-01-23 14:30:00+00:00
O-20260123-163500-BACKTEST-000-77,KRAKEN-BACKTEST,KrakenBTCUSDResearchStrategy-000,BTC/USD.KRAKEN,KRAKEN-1-077,BTC/USD.KRAKEN-KrakenBTCUSDResearchStrategy-000,KRAKEN-001,T-98e02519f0fbaab5-25034,MARKET,BUY,0.03045122,GTC,False,False,0.03045122,TAKER,90197.95,0.0,['10.99 USD'],NO_TRIGGER,FILLED,NO_CONTINGENCY,,,,,,,,f82aab53-d9a3-43ed-b78d-6f0f68806920,2026-01-23 16:35:00+00:00,2026-01-23 16:35:00+00:00
O-20260123-192500-BACKTEST-000-78,KRAKEN-BACKTEST,KrakenBTCUSDResearchStrategy-000,BTC/USD.KRAKEN,KRAKEN-1-078,BTC/USD.KRAKEN-KrakenBTCUSDResearchStrategy-000,KRAKEN-001,T-2413f40139344efa-25171,MARKET,SELL,0.03045122,GTC,False,False,0.03045122,TAKER,89845.83,0.0,['10.94 USD'],NO_TRIGGER,FILLED,NO_CONTINGENCY,,,,,,,,45a06341-b0eb-4c78-aacb-d94d329f0d5d,2026-01-23 19:25:00+00:00,2026-01-23 19:25:00+00:00
O-20260124-031000-BACKTEST-000-79,KRAKEN-BACKTEST,KrakenBTCUSDResearchStrategy-000,BTC/USD.KRAKEN,KRAKEN-1-079,BTC/USD.KRAKEN-KrakenBTCUSDResearchStrategy-000,KRAKEN-001,T-ca4392622cbc21b3-25529,MARKET,BUY,0.03045222,GTC,False,False,0.03045222,TAKER,89873.31999999999,0.0,['10.95 USD'],NO_TRIGGER,FILLED,NO_CONTINGENCY,,,,,,,,b3229a3f-ac06-453f-be15-6803a7ba9b45,2026-01-24 03:10:00+00:00,2026-01-24 03:10:00+00:00
O-20260124-034500-BACKTEST-000-80,KRAKEN-BACKTEST,KrakenBTCUSDResearchStrategy-000,BTC/USD.KRAKEN,KRAKEN-1-080,BTC/USD.KRAKEN-KrakenBTCUSDResearchStrategy-000,KRAKEN-001,T-57677b7e9fd817e7-25556,MARKET,SELL,0.03045222,GTC,False,False,0.03045222,TAKER,89750.0,0.0,['10.93 USD'],NO_TRIGGER,FILLED,NO_CONTINGENCY,,,,,,,,8aeeadb7-0692-46a6-96be-1bc69f9ac901,2026-01-24 03:45:00+00:00,2026-01-24 03:45:00+00:00
O-20260125-134500-BACKTEST-000-81,KRAKEN-BACKTEST,KrakenBTCUSDResearchStrategy-000,BTC/USD.KRAKEN,KRAKEN-1-081,BTC/USD.KRAKEN-KrakenBTCUSDResearchStrategy-000,KRAKEN-001,T-ade1d804f990efb9-27012,MARKET,BUY,0.03070240,GTC,False,False,0.03070240,TAKER,88890.55,0.0,['10.92 USD'],NO_TRIGGER,FILLED,NO_CONTINGENCY,,,,,,,,9be881c5-cc83-4604-82ac-47ba46d1e6f7,2026-01-25 13:45:00+00:00,2026-01-25 13:45:00+00:00
O-20260125-142000-BACKTEST-000-82,KRAKEN-BACKTEST,KrakenBTCUSDResearchStrategy-000,BTC/USD.KRAKEN,KRAKEN-1-082,BTC/USD.KRAKEN-KrakenBTCUSDResearchStrategy-000,KRAKEN-001,T-32c8d589696cbc99-27041,MARKET,SELL,0.03070240,GTC,False,False,0.03070240,TAKER,88702.81,0.0,['10.89 USD'],NO_TRIGGER,FILLED,NO_CONTINGENCY,,,,,,,,d6b1ef85-8e68-4e50-916e-ffa64f8aa3d1,2026-01-25 14:20:00+00:00,2026-01-25 14:20:00+00:00
O-20260126-022000-BACKTEST-000-83,KRAKEN-BACKTEST,KrakenBTCUSDResearchStrategy-000,BTC/USD.KRAKEN,KRAKEN-1-083,BTC/USD.KRAKEN-KrakenBTCUSDResearchStrategy-000,KRAKEN-001,T-92c3ee56673ff11b-27605,MARKET,BUY,0.03098364,GTC,False,False,0.03098364,TAKER,87816.76000000001,0.0,['10.88 USD'],NO_TRIGGER,FILLED,NO_CONTINGENCY,,,,,,,,4ead3581-0eeb-4ec6-a135-b7dc83c658a2,2026-01-26 02:20:00+00:00,2026-01-26 02:20:00+00:00
O-20260126-032000-BACKTEST-000-84,KRAKEN-BACKTEST,KrakenBTCUSDResearchStrategy-000,BTC/USD.KRAKEN,KRAKEN-1-084,BTC/USD.KRAKEN-KrakenBTCUSDResearchStrategy-000,KRAKEN-001,T-ecea3ad0b2d73196-27652,MARKET,SELL,0.03098364,GTC,False,False,0.03098364,TAKER,87501.62999999999,0.0,['10.84 USD'],NO_TRIGGER,FILLED,NO_CONTINGENCY,,,,,,,,a7a1347b-b15e-452d-a38e-abc4e67c92f1,2026-01-26 03:20:00+00:00,2026-01-26 03:20:00+00:00
O-20260126-080000-BACKTEST-000-85,KRAKEN-BACKTEST,KrakenBTCUSDResearchStrategy-000,BTC/USD.KRAKEN,KRAKEN-1-085,BTC/USD.KRAKEN-KrakenBTCUSDResearchStrategy-000,KRAKEN-001,T-ccb9ee60b0cce6e8-27870,MARKET,BUY,0.03077054,GTC,False,False,0.03077054,TAKER,88118.01,0.0,['10.85 USD'],NO_TRIGGER,FILLED,NO_CONTINGENCY,,,,,,,,65ee4f9b-22e1-4a6e-ad25-fd7fe3632b93,2026-01-26 08:00:00+00:00,2026-01-26 08:00:00+00:00
O-20260126-090000-BACKTEST-000-86,KRAKEN-BACKTEST,KrakenBTCUSDResearchStrategy-000,BTC/USD.KRAKEN,KRAKEN-1-086,BTC/USD.KRAKEN-KrakenBTCUSDResearchStrategy-000,KRAKEN-001,T-a45ae3b095319b16-27919,MARKET,SELL,0.03077054,GTC,False,False,0.03077054,TAKER,87825.93,0.0,['10.81 USD'],NO_TRIGGER,FILLED,NO_CONTINGENCY,,,,,,,,d06cb61a-6bad-452d-bab5-16704a06aa01,2026-01-26 09:00:00+00:00,2026-01-26 09:00:00+00:00
O-20260126-143500-BACKTEST-000-87,KRAKEN-BACKTEST,KrakenBTCUSDResearchStrategy-000,BTC/USD.KRAKEN,KRAKEN-1-087,BTC/USD.KRAKEN-KrakenBTCUSDResearchStrategy-000,KRAKEN-001,T-4031993a7d396201-28180,MARKET,BUY,0.03066660,GTC,False,False,0.03066660,TAKER,88116.81999999999,0.0,['10.81 USD'],NO_TRIGGER,FILLED,NO_CONTINGENCY,,,,,,,,0b03918b-3073-4481-940c-3a27999a7399,2026-01-26 14:35:00+00:00,2026-01-26 14:35:00+00:00
O-20260126-154000-BACKTEST-000-88,KRAKEN-BACKTEST,KrakenBTCUSDResearchStrategy-000,BTC/USD.KRAKEN,KRAKEN-1-088,BTC/USD.KRAKEN-KrakenBTCUSDResearchStrategy-000,KRAKEN-001,T-a306cdc2be2a9f61-28232,MARKET,SELL,0.03066660,GTC,False,False,0.03066660,TAKER,87476.6,0.0,['10.73 USD'],NO_TRIGGER,FILLED,NO_CONTINGENCY,,,,,,,,5dab563a-8543-4080-92a2-410204703de3,2026-01-26 15:40:00+00:00,2026-01-26 15:40:00+00:00
O-20260126-233000-BACKTEST-000-89,KRAKEN-BACKTEST,KrakenBTCUSDResearchStrategy-000,BTC/USD.KRAKEN,KRAKEN-1-089,BTC/USD.KRAKEN-KrakenBTCUSDResearchStrategy-000,KRAKEN-001,T-e155f41a82dcb26a-28599,MARKET,BUY,0.03037710,GTC,False,False,0.03037710,TAKER,88550.01,0.0,['10.76 USD'],NO_TRIGGER,FILLED,NO_CONTINGENCY,,,,,,,,49918253-7ea8-4776-9390-33d4ca132098,2026-01-26 23:30:00+00:00,2026-01-26 23:30:00+00:00
O-20260127-000000-BACKTEST-000-90,KRAKEN-BACKTEST,KrakenBTCUSDResearchStrategy-000,BTC/USD.KRAKEN,KRAKEN-1-090,BTC/USD.KRAKEN-KrakenBTCUSDResearchStrategy-000,KRAKEN-001,T-b7f36c81a960d603-28622,MARKET,SELL,0.03037710,GTC,False,False,0.03037710,TAKER,88272.77,0.0,['10.73 USD'],NO_TRIGGER,FILLED,NO_CONTINGENCY,,,,,,,,1eebda0e-6599-4007-bd23-620bc7adbf29,2026-01-27 00:00:00+00:00,2026-01-27 00:00:00+00:00
O-20260127-020000-BACKTEST-000-91,KRAKEN-BACKTEST,KrakenBTCUSDResearchStrategy-000,BTC/USD.KRAKEN,KRAKEN-1-091,BTC/USD.KRAKEN-KrakenBTCUSDResearchStrategy-000,KRAKEN-001,T-db52a31b33f79d26-28714,MARKET,BUY,0.03020142,GTC,False,False,0.03020142,TAKER,88767.99,0.0,['10.72 USD'],NO_TRIGGER,FILLED,NO_CONTINGENCY,,,,,,,,d79fdb3f-8bf4-4795-8fc2-5147cb39a8fb,2026-01-27 02:00:00+00:00,2026-01-27 02:00:00+00:00
O-20260127-045000-BACKTEST-000-92,KRAKEN-BACKTEST,KrakenBTCUSDResearchStrategy-000,BTC/USD.KRAKEN,KRAKEN-1-092,BTC/USD.KRAKEN-KrakenBTCUSDResearchStrategy-000,KRAKEN-001,T-f3062805fd4a1de5-28842,MARKET,SELL,0.03020142,GTC,False,False,0.03020142,TAKER,88544.49,0.0,['10.70 USD'],NO_TRIGGER,FILLED,NO_CONTINGENCY,,,,,,,,1d57263c-9ecc-4499-b517-fec49b0c24c7,2026-01-27 04:50:00+00:00,2026-01-27 04:50:00+00:00
O-20260127-164000-BACKTEST-000-93,KRAKEN-BACKTEST,KrakenBTCUSDResearchStrategy-000,BTC/USD.KRAKEN,KRAKEN-1-093,BTC/USD.KRAKEN-KrakenBTCUSDResearchStrategy-000,KRAKEN-001,T-ab53cac6d403ed42-29391,MARKET,BUY,0.03011601,GTC,False,False,0.03011601,TAKER,88739.13,0.0,['10.69 USD'],NO_TRIGGER,FILLED,NO_CONTINGENCY,,,,,,,,c45d5955-c0fb-4e5b-8d7f-05f82601c9fc,2026-01-27 16:40:00+00:00,2026-01-27 16:40:00+00:00
O-20260127-170500-BACKTEST-000-94,KRAKEN-BACKTEST,KrakenBTCUSDResearchStrategy-000,BTC/USD.KRAKEN,KRAKEN-1-094,BTC/USD.KRAKEN-KrakenBTCUSDResearchStrategy-000,KRAKEN-001,T-7f2b487796284a68-29412,MARKET,SELL,0.03011601,GTC,False,False,0.03011601,TAKER,88171.6,0.0,['10.62 USD'],NO_TRIGGER,FILLED,NO_CONTINGENCY,,,,,,,,ad61234a-a975-48cc-9688-9639aa680f00,2026-01-27 17:05:00+00:00,2026-01-27 17:05:00+00:00
O-20260127-201500-BACKTEST-000-95,KRAKEN-BACKTEST,KrakenBTCUSDResearchStrategy-000,BTC/USD.KRAKEN,KRAKEN-1-095,BTC/USD.KRAKEN-KrakenBTCUSDResearchStrategy-000,KRAKEN-001,T-7cf819a4303e9b0f-29561,MARKET,BUY,0.02993933,GTC,False,False,0.02993933,TAKER,88878.04000000001,0.0,['10.64 USD'],NO_TRIGGER,FILLED,NO_CONTINGENCY,,,,,,,,6cbf363c-8051-4fb8-b7cb-04d5ec4fcd6a,2026-01-27 20:15:00+00:00,2026-01-27 20:15:00+00:00
O-20260128-031500-BACKTEST-000-96,KRAKEN-BACKTEST,KrakenBTCUSDResearchStrategy-000,BTC/USD.KRAKEN,KRAKEN-1-096,BTC/USD.KRAKEN-KrakenBTCUSDResearchStrategy-000,KRAKEN-001,T-787415bf451b7975-29890,MARKET,SELL,0.02993933,GTC,False,False,0.02993933,TAKER,89014.11,0.0,['10.66 USD'],NO_TRIGGER,FILLED,NO_CONTINGENCY,,,,,,,,4450c248-07a0-40d0-a0cf-bab684051f5d,2026-01-28 03:15:00+00:00,2026-01-28 03:15:00+00:00
O-20260128-095500-BACKTEST-000-97,KRAKEN-BACKTEST,KrakenBTCUSDResearchStrategy-000,BTC/USD.KRAKEN,KRAKEN-1-097,BTC/USD.KRAKEN-KrakenBTCUSDResearchStrategy-000,KRAKEN-001,T-aaf3fcd19ca8d6b8-30196,MARKET,BUY,0.02965123,GTC,False,False,0.02965123,TAKER,89567.25,0.0,['10.62 USD'],NO_TRIGGER,FILLED,NO_CONTINGENCY,,,,,,,,8d1eec2f-f626-412e-8b0e-07d5f45bcf7f,2026-01-28 09:55:00+00:00,2026-01-28 09:55:00+00:00
O-20260128-144500-BACKTEST-000-98,KRAKEN-BACKTEST,KrakenBTCUSDResearchStrategy-000,BTC/USD.KRAKEN,KRAKEN-1-098,BTC/USD.KRAKEN-KrakenBTCUSDResearchStrategy-000,KRAKEN-001,T-dcbeab4c9cf4ea23-30423,MARKET,SELL,0.02965123,GTC,False,False,0.02965123,TAKER,89606.48,0.0,['10.63 USD'],NO_TRIGGER,FILLED,NO_CONTINGENCY,,,,,,,,2a06dbca-f4ae-4717-84b6-3e4c6905fc61,2026-01-28 14:45:00+00:00,2026-01-28 14:45:00+00:00
O-20260130-143500-BACKTEST-000-99,KRAKEN-BACKTEST,KrakenBTCUSDResearchStrategy-000,BTC/USD.KRAKEN,KRAKEN-1-099,BTC/USD.KRAKEN-KrakenBTCUSDResearchStrategy-000,KRAKEN-001,T-e7596965389a238f-32646,MARKET,BUY,0.03174763,GTC,False,False,0.03174763,TAKER,83463.0,0.0,['10.60 USD'],NO_TRIGGER,FILLED,NO_CONTINGENCY,,,,,,,,263807e1-2bb6-4ede-a212-af1499a79c46,2026-01-30 14:35:00+00:00,2026-01-30 14:35:00+00:00
O-20260130-152500-BACKTEST-000-100,KRAKEN-BACKTEST,KrakenBTCUSDResearchStrategy-000,BTC/USD.KRAKEN,KRAKEN-1-100,BTC/USD.KRAKEN-KrakenBTCUSDResearchStrategy-000,KRAKEN-001,T-3efb00b20f881cea-32687,MARKET,SELL,0.03174763,GTC,False,False,0.03174763,TAKER,82620.28000000001,0.0,['10.49 USD'],NO_TRIGGER,FILLED,NO_CONTINGENCY,,,,,,,,f2f1ae69-e001-4da5-9481-54a1209ef7a7,2026-01-30 15:25:00+00:00,2026-01-30 15:25:00+00:00
O-20260130-185500-BACKTEST-000-101,KRAKEN-BACKTEST,KrakenBTCUSDResearchStrategy-000,BTC/USD.KRAKEN,KRAKEN-1-101,BTC/USD.KRAKEN-KrakenBTCUSDResearchStrategy-000,KRAKEN-001,T-86e4560209fd2256-32854,MARKET,BUY,0.02909343,GTC,False,False,0.02909343,TAKER,83931.13,0.0,['9.77 USD'],NO_TRIGGER,FILLED,NO_CONTINGENCY,,,,,,,,50105c30-e6df-4038-b162-1e557d733b73,2026-01-30 18:55:00+00:00,2026-01-30 18:55:00+00:00
O-20260131-022000-BACKTEST-000-102,KRAKEN-BACKTEST,KrakenBTCUSDResearchStrategy-000,BTC/USD.KRAKEN,KRAKEN-1-102,BTC/USD.KRAKEN-KrakenBTCUSDResearchStrategy-000,KRAKEN-001,T-6bc46d9055062166-33202,MARKET,SELL,0.02909343,GTC,False,False,0.02909343,TAKER,83868.48,0.0,['9.76 USD'],NO_TRIGGER,FILLED,NO_CONTINGENCY,,,,,,,,5af6c28a-fa61-43cb-9edd-4d812234cdbd,2026-01-31 02:20:00+00:00,2026-01-31 02:20:00+00:00
O-20260201-095500-BACKTEST-000-103,KRAKEN-BACKTEST,KrakenBTCUSDResearchStrategy-000,BTC/USD.KRAKEN,KRAKEN-1-103,BTC/USD.KRAKEN-KrakenBTCUSDResearchStrategy-000,KRAKEN-001,T-39cbe585bc0cb657-34693,MARKET,BUY,0.03326392,GTC,False,False,0.03326392,TAKER,79034.45000000001,0.0,['10.52 USD'],NO_TRIGGER,FILLED,NO_CONTINGENCY,,,,,,,,d89d341b-f09b-4a39-9f5b-0cc863b6b570,2026-02-01 09:55:00+00:00,2026-02-01 09:55:00+00:00
O-20260201-103500-BACKTEST-000-104,KRAKEN-BACKTEST,KrakenBTCUSDResearchStrategy-000,BTC/USD.KRAKEN,KRAKEN-1-104,BTC/USD.KRAKEN-KrakenBTCUSDResearchStrategy-000,KRAKEN-001,T-9837658d467a4eaf-34725,MARKET,SELL,0.03326392,GTC,False,False,0.03326392,TAKER,78520.44,0.0,['10.45 USD'],NO_TRIGGER,FILLED,NO_CONTINGENCY,,,,,,,,d0d992ff-2d5b-4b39-8cdb-acc252860f39,2026-02-01 10:35:00+00:00,2026-02-01 10:35:00+00:00
O-20260202-081500-BACKTEST-000-105,KRAKEN-BACKTEST,KrakenBTCUSDResearchStrategy-000,BTC/USD.KRAKEN,KRAKEN-1-105,BTC/USD.KRAKEN-KrakenBTCUSDResearchStrategy-000,KRAKEN-001,T-6df411cd9a55444e-35750,MARKET,BUY,0.02873778,GTC,False,False,0.02873778,TAKER,77187.1,0.0,['8.87 USD'],NO_TRIGGER,FILLED,NO_CONTINGENCY,,,,,,,,5004fcb8-58c7-49c8-88ca-c09b0281a629,2026-02-02 08:15:00+00:00,2026-02-02 08:15:00+00:00
O-20260202-193000-BACKTEST-000-106,KRAKEN-BACKTEST,KrakenBTCUSDResearchStrategy-000,BTC/USD.KRAKEN,KRAKEN-1-106,BTC/USD.KRAKEN-KrakenBTCUSDResearchStrategy-000,KRAKEN-001,T-d868e3047d5d9eeb-36278,MARKET,SELL,0.02873778,GTC,False,False,0.02873778,TAKER,78329.03,0.0,['9.00 USD'],NO_TRIGGER,FILLED,NO_CONTINGENCY,,,,,,,,53d41631-2ab3-45f1-84ad-aa39978ad738,2026-02-02 19:30:00+00:00,2026-02-02 19:30:00+00:00
O-20260202-233500-BACKTEST-000-107,KRAKEN-BACKTEST,KrakenBTCUSDResearchStrategy-000,BTC/USD.KRAKEN,KRAKEN-1-107,BTC/USD.KRAKEN-KrakenBTCUSDResearchStrategy-000,KRAKEN-001,T-d49115f8e31c5bc8-36471,MARKET,BUY,0.03322687,GTC,False,False,0.03322687,TAKER,78913.75,0.0,['10.49 USD'],NO_TRIGGER,FILLED,NO_CONTINGENCY,,,,,,,,35834099-b5e0-4d00-a058-da4bf4107466,2026-02-02 23:35:00+00:00,2026-02-02 23:35:00+00:00
O-20260203-000000-BACKTEST-000-108,KRAKEN-BACKTEST,KrakenBTCUSDResearchStrategy-000,BTC/USD.KRAKEN,KRAKEN-1-108,BTC/USD.KRAKEN-KrakenBTCUSDResearchStrategy-000,KRAKEN-001,T-3358cd09a3195285-36488,MARKET,SELL,0.03322687,GTC,False,False,0.03322687,TAKER,78534.0,0.0,['10.44 USD'],NO_TRIGGER,FILLED,NO_CONTINGENCY,,,,,,,,bb0ae653-2593-4b31-ae1e-d3c5ae44789d,2026-02-03 00:00:00+00:00,2026-02-03 00:00:00+00:00
O-20260203-005500-BACKTEST-000-109,KRAKEN-BACKTEST,KrakenBTCUSDResearchStrategy-000,BTC/USD.KRAKEN,KRAKEN-1-109,BTC/USD.KRAKEN-KrakenBTCUSDResearchStrategy-000,KRAKEN-001,T-43df19be06c36a4d-36532,MARKET,BUY,0.03303590,GTC,False,False,0.03303590,TAKER,79065.24,0.0,['10.45 USD'],NO_TRIGGER,FILLED,NO_CONTINGENCY,,,,,,,,a53c0937-8167-4647-a9dc-8218c35883da,2026-02-03 00:55:00+00:00,2026-02-03 00:55:00+00:00
O-20260203-020500-BACKTEST-000-110,KRAKEN-BACKTEST,KrakenBTCUSDResearchStrategy-000,BTC/USD.KRAKEN,KRAKEN-1-110,BTC/USD.KRAKEN-KrakenBTCUSDResearchStrategy-000,KRAKEN-001,T-923c1ad1774e71b1-36587,MARKET,SELL,0.03303590,GTC,False,False,0.03303590,TAKER,78745.2,0.0,['10.41 USD'],NO_TRIGGER,FILLED,NO_CONTINGENCY,,,,,,,,9f2b0198-8831-4970-a7ff-c25a90f1b203,2026-02-03 02:05:00+00:00,2026-02-03 02:05:00+00:00
O-20260204-033500-BACKTEST-000-111,KRAKEN-BACKTEST,KrakenBTCUSDResearchStrategy-000,BTC/USD.KRAKEN,KRAKEN-1-111,BTC/USD.KRAKEN-KrakenBTCUSDResearchStrategy-000,KRAKEN-001,T-f6e1511748d710e5-37787,MARKET,BUY,0.03387078,GTC,False,False,0.03387078,TAKER,76837.99,0.0,['10.41 USD'],NO_TRIGGER,FILLED,NO_CONTINGENCY,,,,,,,,cf9e6344-fbc1-4242-9ba6-62dc8d29b765,2026-02-04 03:35:00+00:00,2026-02-04 03:35:00+00:00
O-20260204-045000-BACKTEST-000-112,KRAKEN-BACKTEST,KrakenBTCUSDResearchStrategy-000,BTC/USD.KRAKEN,KRAKEN-1-112,BTC/USD.KRAKEN-KrakenBTCUSDResearchStrategy-000,KRAKEN-001,T-81064f03d30bd66d-37848,MARKET,SELL,0.03387078,GTC,False,False,0.03387078,TAKER,76480.0,0.0,['10.36 USD'],NO_TRIGGER,FILLED,NO_CONTINGENCY,,,,,,,,6ed2b47c-d393-4f9d-89b8-f302acda8e42,2026-02-04 04:50:00+00:00,2026-02-04 04:50:00+00:00
O-20260206-055000-BACKTEST-000-113,KRAKEN-BACKTEST,KrakenBTCUSDResearchStrategy-000,BTC/USD.KRAKEN,KRAKEN-1-113,BTC/USD.KRAKEN-KrakenBTCUSDResearchStrategy-000,KRAKEN-001,T-38841292e9fd5748-40174,MARKET,BUY,0.03845467,GTC,False,False,0.03845467,TAKER,66826.49,0.0,['10.28 USD'],NO_TRIGGER,FILLED,NO_CONTINGENCY,,,,,,,,942faf2e-e00d-46f2-838f-03f758a811bb,2026-02-06 05:50:00+00:00,2026-02-06 05:50:00+00:00
O-20260206-061000-BACKTEST-000-114,KRAKEN-BACKTEST,KrakenBTCUSDResearchStrategy-000,BTC/USD.KRAKEN,KRAKEN-1-114,BTC/USD.KRAKEN-KrakenBTCUSDResearchStrategy-000,KRAKEN-001,T-c246ad6a3fae6372-40190,MARKET,SELL,0.03845467,GTC,False,False,0.03845467,TAKER,66176.69,0.0,['10.18 USD'],NO_TRIGGER,FILLED,NO_CONTINGENCY,,,,,,,,3d66b010-24c1-4a3d-ad29-7501d9c0ef72,2026-02-06 06:10:00+00:00,2026-02-06 06:10:00+00:00
O-20260206-115000-BACKTEST-000-115,KRAKEN-BACKTEST,KrakenBTCUSDResearchStrategy-000,BTC/USD.KRAKEN,KRAKEN-1-115,BTC/USD.KRAKEN-KrakenBTCUSDResearchStrategy-000,KRAKEN-001,T-34ef6c6b1778a816-40459,MARKET,BUY,0.03876836,GTC,False,False,0.03876836,TAKER,66524.88,0.0,['10.32 USD'],NO_TRIGGER,FILLED,NO_CONTINGENCY,,,,,,,,e9a26905-165e-4fe4-b52c-f52e2e6ddeb9,2026-02-06 11:50:00+00:00,2026-02-06 11:50:00+00:00
O-20260207-003000-BACKTEST-000-116,KRAKEN-BACKTEST,KrakenBTCUSDResearchStrategy-000,BTC/USD.KRAKEN,KRAKEN-1-116,BTC/USD.KRAKEN-KrakenBTCUSDResearchStrategy-000,KRAKEN-001,T-ad099887f20c4b27-41057,MARKET,SELL,0.03876836,GTC,False,False,0.03876836,TAKER,70007.76,0.0,['10.86 USD'],NO_TRIGGER,FILLED,NO_CONTINGENCY,,,,,,,,5affbd6b-2558-4265-8214-0d4da0983aee,2026-02-07 00:30:00+00:00,2026-02-07 00:30:00+00:00
O-20260207-040000-BACKTEST-000-117,KRAKEN-BACKTEST,KrakenBTCUSDResearchStrategy-000,BTC/USD.KRAKEN,KRAKEN-1-117,BTC/USD.KRAKEN-KrakenBTCUSDResearchStrategy-000,KRAKEN-001,T-4cc8ba0600b7524e-41221,MARKET,BUY,0.03675523,GTC,False,False,0.03675523,TAKER,71097.79,0.0,['10.45 USD'],NO_TRIGGER,FILLED,NO_CONTINGENCY,,,,,,,,9ece926a-dcd5-4ab3-a644-097b377bd8a1,2026-02-07 04:00:00+00:00,2026-02-07 04:00:00+00:00
O-20260207-052500-BACKTEST-000-118,KRAKEN-BACKTEST,KrakenBTCUSDResearchStrategy-000,BTC/USD.KRAKEN,KRAKEN-1-118,BTC/USD.KRAKEN-KrakenBTCUSDResearchStrategy-000,KRAKEN-001,T-8ecfa7563de3d706-41289,MARKET,SELL,0.03675523,GTC,False,False,0.03675523,TAKER,70271.97,0.0,['10.33 USD'],NO_TRIGGER,FILLED,NO_CONTINGENCY,,,,,,,,6861f0b3-5153-4cc6-a66c-911103889e86,2026-02-07 05:25:00+00:00,2026-02-07 05:25:00+00:00
O-20260208-073000-BACKTEST-000-119,KRAKEN-BACKTEST,KrakenBTCUSDResearchStrategy-000,BTC/USD.KRAKEN,KRAKEN-1-119,BTC/USD.KRAKEN-KrakenBTCUSDResearchStrategy-000,KRAKEN-001,T-0de491f629b25dfa-42515,MARKET,BUY,0.03733390,GTC,False,False,0.03733390,TAKER,69584.85,0.0,['10.39 USD'],NO_TRIGGER,FILLED,NO_CONTINGENCY,,,,,,,,6bd3dd39-0faf-49e5-8879-b085b5a1b1cf,2026-02-08 07:30:00+00:00,2026-02-08 07:30:00+00:00
O-20260208-164000-BACKTEST-000-120,KRAKEN-BACKTEST,KrakenBTCUSDResearchStrategy-000,BTC/USD.KRAKEN,KRAKEN-1-120,BTC/USD.KRAKEN-KrakenBTCUSDResearchStrategy-000,KRAKEN-001,T-06da7b0f436daa26-42945,MARKET,SELL,0.03733390,GTC,False,False,0.03733390,TAKER,70784.36,0.0,['10.57 USD'],NO_TRIGGER,FILLED,NO_CONTINGENCY,,,,,,,,b404ac88-c770-493a-b444-ba9455a70b25,2026-02-08 16:40:00+00:00,2026-02-08 16:40:00+00:00
O-20260208-195000-BACKTEST-000-121,KRAKEN-BACKTEST,KrakenBTCUSDResearchStrategy-000,BTC/USD.KRAKEN,KRAKEN-1-121,BTC/USD.KRAKEN-KrakenBTCUSDResearchStrategy-000,KRAKEN-001,T-c01e625918c31e4a-43097,MARKET,BUY,0.03644538,GTC,False,False,0.03644538,TAKER,71477.44,0.0,['10.42 USD'],NO_TRIGGER,FILLED,NO_CONTINGENCY,,,,,,,,f5a07976-cab0-47d8-b0ec-9308dcf12a4b,2026-02-08 19:50:00+00:00,2026-02-08 19:50:00+00:00
O-20260208-200000-BACKTEST-000-122,KRAKEN-BACKTEST,KrakenBTCUSDResearchStrategy-000,BTC/USD.KRAKEN,KRAKEN-1-122,BTC/USD.KRAKEN-KrakenBTCUSDResearchStrategy-000,KRAKEN-001,T-07cb13d6a976fd42-43106,MARKET,SELL,0.03644538,GTC,False,False,0.03644538,TAKER,71059.53,0.0,['10.36 USD'],NO_TRIGGER,FILLED,NO_CONTINGENCY,,,,,,,,0e6fd5bd-7553-49c2-bc60-c792ea31fb0b,2026-02-08 20:00:00+00:00,2026-02-08 20:00:00+00:00
O-20260208-230500-BACKTEST-000-123,KRAKEN-BACKTEST,KrakenBTCUSDResearchStrategy-000,BTC/USD.KRAKEN,KRAKEN-1-123,BTC/USD.KRAKEN-KrakenBTCUSDResearchStrategy-000,KRAKEN-001,T-e0aaa02de821d712-43252,MARKET,BUY,0.03607257,GTC,False,False,0.03607257,TAKER,71916.68,0.0,['10.38 USD'],NO_TRIGGER,FILLED,NO_CONTINGENCY,,,,,,,,6b4bd71f-8193-41f6-a07a-e6aad3aee359,2026-02-08 23:05:00+00:00,2026-02-08 23:05:00+00:00
O-20260208-231000-BACKTEST-000-124,KRAKEN-BACKTEST,KrakenBTCUSDResearchStrategy-000,BTC/USD.KRAKEN,KRAKEN-1-124,BTC/USD.KRAKEN-KrakenBTCUSDResearchStrategy-000,KRAKEN-001,T-3e9d9b9a82ab5fa7-43257,MARKET,SELL,0.03607257,GTC,False,False,0.03607257,TAKER,71366.0,0.0,['10.30 USD'],NO_TRIGGER,FILLED,NO_CONTINGENCY,,,,,,,,33958be5-fb30-4044-a5ba-ae8193f96500,2026-02-08 23:10:00+00:00,2026-02-08 23:10:00+00:00
O-20260209-173500-BACKTEST-000-125,KRAKEN-BACKTEST,KrakenBTCUSDResearchStrategy-000,BTC/USD.KRAKEN,KRAKEN-1-125,BTC/USD.KRAKEN-KrakenBTCUSDResearchStrategy-000,KRAKEN-001,T-7d4db1652b186bed-44126,MARKET,BUY,0.03659960,GTC,False,False,0.03659960,TAKER,70548.79000000001,0.0,['10.33 USD'],NO_TRIGGER,FILLED,NO_CONTINGENCY,,,,,,,,eb87e1c2-1e4c-4330-9646-5af3c828aa2c,2026-02-09 17:35:00+00:00,2026-02-09 17:35:00+00:00
O-20260209-213000-BACKTEST-000-126,KRAKEN-BACKTEST,KrakenBTCUSDResearchStrategy-000,BTC/USD.KRAKEN,KRAKEN-1-126,BTC/USD.KRAKEN-KrakenBTCUSDResearchStrategy-000,KRAKEN-001,T-14edc181d4c4dcfa-44313,MARKET,SELL,0.03659960,GTC,False,False,0.03659960,TAKER,70001.64,0.0,['10.25 USD'],NO_TRIGGER,FILLED,NO_CONTINGENCY,,,,,,,,0589f7b8-5f1b-46bf-b8af-bc636bdc41a0,2026-02-09 21:30:00+00:00,2026-02-09 21:30:00+00:00
O-20260210-161000-BACKTEST-000-127,KRAKEN-BACKTEST,KrakenBTCUSDResearchStrategy-000,BTC/USD.KRAKEN,KRAKEN-1-127,BTC/USD.KRAKEN-KrakenBTCUSDResearchStrategy-000,KRAKEN-001,T-6a98d71d1a2b55bc-45184,MARKET,BUY,0.02702498,GTC,False,False,0.02702498,TAKER,69679.8,0.0,['7.53 USD'],NO_TRIGGER,FILLED,NO_CONTINGENCY,,,,,,,,59a07a5a-7dd1-4a66-81b9-f2062de3514e,2026-02-10 16:10:00+00:00,2026-02-10 16:10:00+00:00
O-20260210-182500-BACKTEST-000-128,KRAKEN-BACKTEST,KrakenBTCUSDResearchStrategy-000,BTC/USD.KRAKEN,KRAKEN-1-128,BTC/USD.KRAKEN-KrakenBTCUSDResearchStrategy-000,KRAKEN-001,T-451406d8545e637c-45292,MARKET,SELL,0.02702498,GTC,False,False,0.02702498,TAKER,68903.74,0.0,['7.45 USD'],NO_TRIGGER,FILLED,NO_CONTINGENCY,,,,,,,,c3efb903-5c3c-415d-9e6e-9f811d64f54c,2026-02-10 18:25:00+00:00,2026-02-10 18:25:00+00:00
O-20260211-010000-BACKTEST-000-129,KRAKEN-BACKTEST,KrakenBTCUSDResearchStrategy-000,BTC/USD.KRAKEN,KRAKEN-1-129,BTC/USD.KRAKEN-KrakenBTCUSDResearchStrategy-000,KRAKEN-001,T-f9e72cba27eb316a-45603,MARKET,BUY,0.03693896,GTC,False,False,0.03693896,TAKER,69278.79000000001,0.0,['10.24 USD'],NO_TRIGGER,FILLED,NO_CONTINGENCY,,,,,,,,69738375-d2dd-488d-a5e1-78ccfd2f5958,2026-02-11 01:00:00+00:00,2026-02-11 01:00:00+00:00
O-20260211-012000-BACKTEST-000-130,KRAKEN-BACKTEST,KrakenBTCUSDResearchStrategy-000,BTC/USD.KRAKEN,KRAKEN-1-130,BTC/USD.KRAKEN-KrakenBTCUSDResearchStrategy-000,KRAKEN-001,T-0078df21aa7f34c0-45619,MARKET,SELL,0.03693896,GTC,False,False,0.03693896,TAKER,68996.90999999999,0.0,['10.19 USD'],NO_TRIGGER,FILLED,NO_CONTINGENCY,,,,,,,,df1f7c06-5f07-48b7-920f-34819f0d5a73,2026-02-11 01:20:00+00:00,2026-02-11 01:20:00+00:00
O-20260211-140500-BACKTEST-000-131,KRAKEN-BACKTEST,KrakenBTCUSDResearchStrategy-000,BTC/USD.KRAKEN,KRAKEN-1-131,BTC/USD.KRAKEN-KrakenBTCUSDResearchStrategy-000,KRAKEN-001,T-4475433a2311b50d-46221,MARKET,BUY,0.03749108,GTC,False,False,0.03749108,TAKER,68011.68,0.0,['10.20 USD'],NO_TRIGGER,FILLED,NO_CONTINGENCY,,,,,,,,af9061b0-bf3a-48e5-8d1b-25d106558c9a,2026-02-11 14:05:00+00:00,2026-02-11 14:05:00+00:00
O-20260211-143500-BACKTEST-000-132,KRAKEN-BACKTEST,KrakenBTCUSDResearchStrategy-000,BTC/USD.KRAKEN,KRAKEN-1-132,BTC/USD.KRAKEN-KrakenBTCUSDResearchStrategy-000,KRAKEN-001,T-cc8efcb5e6388133-46245,MARKET,SELL,0.03749108,GTC,False,False,0.03749108,TAKER,67253.0,0.0,['10.09 USD'],NO_TRIGGER,FILLED,NO_CONTINGENCY,,,,,,,,f0f3474e-4b0b-4e45-850d-30643494e70f,2026-02-11 14:35:00+00:00,2026-02-11 14:35:00+00:00
O-20260211-194000-BACKTEST-000-133,KRAKEN-BACKTEST,KrakenBTCUSDResearchStrategy-000,BTC/USD.KRAKEN,KRAKEN-1-133,BTC/USD.KRAKEN-KrakenBTCUSDResearchStrategy-000,KRAKEN-001,T-0d293affa43121fa-46489,MARKET,BUY,0.03739515,GTC,False,False,0.03739515,TAKER,67795.22,0.0,['10.14 USD'],NO_TRIGGER,FILLED,NO_CONTINGENCY,,,,,,,,6572fbbe-7f01-477b-8d74-d89f7fc0cae6,2026-02-11 19:40:00+00:00,2026-02-11 19:40:00+00:00
O-20260211-202500-BACKTEST-000-134,KRAKEN-BACKTEST,KrakenBTCUSDResearchStrategy-000,BTC/USD.KRAKEN,KRAKEN-1-134,BTC/USD.KRAKEN-KrakenBTCUSDResearchStrategy-000,KRAKEN-001,T-dbb728c2616ae323-46525,MARKET,SELL,0.03739515,GTC,False,False,0.03739515,TAKER,67213.3,0.0,['10.05 USD'],NO_TRIGGER,FILLED,NO_CONTINGENCY,,,,,,,,f26fb84b-2046-4111-aa6a-a86194d312df,2026-02-11 20:25:00+00:00,2026-02-11 20:25:00+00:00
O-20260211-212000-BACKTEST-000-135,KRAKEN-BACKTEST,KrakenBTCUSDResearchStrategy-000,BTC/USD.KRAKEN,KRAKEN-1-135,BTC/USD.KRAKEN-KrakenBTCUSDResearchStrategy-000,KRAKEN-001,T-96949fe7cb8ce8d9-46570,MARKET,BUY,0.03711825,GTC,False,False,0.03711825,TAKER,67961.92,0.0,['10.09 USD'],NO_TRIGGER,FILLED,NO_CONTINGENCY,,,,,,,,2f50c3ed-233e-4aad-ada1-b47c0c042654,2026-02-11 21:20:00+00:00,2026-02-11 21:20:00+00:00
O-20260211-223000-BACKTEST-000-136,KRAKEN-BACKTEST,KrakenBTCUSDResearchStrategy-000,BTC/USD.KRAKEN,KRAKEN-1-136,BTC/USD.KRAKEN-KrakenBTCUSDResearchStrategy-000,KRAKEN-001,T-4d9d15cb2969a4bc-46626,MARKET,SELL,0.03711825,GTC,False,False,0.03711825,TAKER,67545.19,0.0,['10.03 USD'],NO_TRIGGER,FILLED,NO_CONTINGENCY,,,,,,,,fdbe960b-15c4-4f04-9afc-e586bb0cc03c,2026-02-11 22:30:00+00:00,2026-02-11 22:30:00+00:00
O-20260212-103000-BACKTEST-000-137,KRAKEN-BACKTEST,KrakenBTCUSDResearchStrategy-000,BTC/USD.KRAKEN,KRAKEN-1-137,BTC/USD.KRAKEN-KrakenBTCUSDResearchStrategy-000,KRAKEN-001,T-2f995e0a2abf8ef6-47193,MARKET,BUY,0.03708756,GTC,False,False,0.03708756,TAKER,67730.26999999999,0.0,['10.05 USD'],NO_TRIGGER,FILLED,NO_CONTINGENCY,,,,,,,,08d53f3c-94b6-426d-9910-94b5abb821fd,2026-02-12 10:30:00+00:00,2026-02-12 10:30:00+00:00
O-20260212-144000-BACKTEST-000-138,KRAKEN-BACKTEST,KrakenBTCUSDResearchStrategy-000,BTC/USD.KRAKEN,KRAKEN-1-138,BTC/USD.KRAKEN-KrakenBTCUSDResearchStrategy-000,KRAKEN-001,T-54d88158fe0af81c-47391,MARKET,SELL,0.03708756,GTC,False,False,0.03708756,TAKER,67625.01000000001,0.0,['10.03 USD'],NO_TRIGGER,FILLED,NO_CONTINGENCY,,,,,,,,3b53dcfc-b42f-4dad-8ab0-1de7da03cbf8,2026-02-12 14:40:00+00:00,2026-02-12 14:40:00+00:00
O-20260213-014500-BACKTEST-000-139,KRAKEN-BACKTEST,KrakenBTCUSDResearchStrategy-000,BTC/USD.KRAKEN,KRAKEN-1-139,BTC/USD.KRAKEN-KrakenBTCUSDResearchStrategy-000,KRAKEN-001,T-58310d08007136be-47913,MARKET,BUY,0.03763428,GTC,False,False,0.03763428,TAKER,66555.19,0.0,['10.02 USD'],NO_TRIGGER,FILLED,NO_CONTINGENCY,,,,,,,,c5461b61-7fac-4d2a-a443-638e7e3294b7,2026-02-13 01:45:00+00:00,2026-02-13 01:45:00+00:00
O-20260213-044000-BACKTEST-000-140,KRAKEN-BACKTEST,KrakenBTCUSDResearchStrategy-000,BTC/USD.KRAKEN,KRAKEN-1-140,BTC/USD.KRAKEN-KrakenBTCUSDResearchStrategy-000,KRAKEN-001,T-5b608910bff4867f-48047,MARKET,SELL,0.03763428,GTC,False,False,0.03763428,TAKER,66365.87,0.0,['9.99 USD'],NO_TRIGGER,FILLED,NO_CONTINGENCY,,,,,,,,4588be56-966b-44e8-9794-30f233eab49d,2026-02-13 04:40:00+00:00,2026-02-13 04:40:00+00:00
O-20260213-090500-BACKTEST-000-141,KRAKEN-BACKTEST,KrakenBTCUSDResearchStrategy-000,BTC/USD.KRAKEN,KRAKEN-1-141,BTC/USD.KRAKEN-KrakenBTCUSDResearchStrategy-000,KRAKEN-001,T-6d764a3ffb55426c-48250,MARKET,BUY,0.03738902,GTC,False,False,0.03738902,TAKER,66774.0,0.0,['9.99 USD'],NO_TRIGGER,FILLED,NO_CONTINGENCY,,,,,,,,71a82770-3e89-4c7b-b8f2-225b4c1fe8cf,2026-02-13 09:05:00+00:00,2026-02-13 09:05:00+00:00
O-20260214-043500-BACKTEST-000-142,KRAKEN-BACKTEST,KrakenBTCUSDResearchStrategy-000,BTC/USD.KRAKEN,KRAKEN-1-142,BTC/USD.KRAKEN-KrakenBTCUSDResearchStrategy-000,KRAKEN-001,T-409c6497d81968f1-49167,MARKET,SELL,0.03738902,GTC,False,False,0.03738902,TAKER,68860.0,0.0,['10.30 USD'],NO_TRIGGER,FILLED,NO_CONTINGENCY,,,,,,,,fb43380d-3c4c-43f0-985b-2b1067ff0fee,2026-02-14 04:35:00+00:00,2026-02-14 04:35:00+00:00
O-20260214-074000-BACKTEST-000-143,KRAKEN-BACKTEST,KrakenBTCUSDResearchStrategy-000,BTC/USD.KRAKEN,KRAKEN-1-143,BTC/USD.KRAKEN-KrakenBTCUSDResearchStrategy-000,KRAKEN-001,T-45f70bc66c58f8c2-49312,MARKET,BUY,0.03633810,GTC,False,False,0.03633810,TAKER,69181.6,0.0,['10.06 USD'],NO_TRIGGER,FILLED,NO_CONTINGENCY,,,,,,,,d02da71c-3553-4825-8fd4-7dcb1cd17da0,2026-02-14 07:40:00+00:00,2026-02-14 07:40:00+00:00
O-20260214-130000-BACKTEST-000-144,KRAKEN-BACKTEST,KrakenBTCUSDResearchStrategy-000,BTC/USD.KRAKEN,KRAKEN-1-144,BTC/USD.KRAKEN-KrakenBTCUSDResearchStrategy-000,KRAKEN-001,T-faa01a04994a5979-49563,MARKET,SELL,0.03633810,GTC,False,False,0.03633810,TAKER,69455.02,0.0,['10.10 USD'],NO_TRIGGER,FILLED,NO_CONTINGENCY,,,,,,,,9c10183d-0ce5-4071-b81f-97e22be0150c,2026-02-14 13:00:00+00:00,2026-02-14 13:00:00+00:00
O-20260214-204500-BACKTEST-000-145,KRAKEN-BACKTEST,KrakenBTCUSDResearchStrategy-000,BTC/USD.KRAKEN,KRAKEN-1-145,BTC/USD.KRAKEN-KrakenBTCUSDResearchStrategy-000,KRAKEN-001,T-a54fa5c8bab5d052-49926,MARKET,BUY,0.03587133,GTC,False,False,0.03587133,TAKER,69996.26,0.0,['10.04 USD'],NO_TRIGGER,FILLED,NO_CONTINGENCY,,,,,,,,a1781f50-0c91-48f5-9d09-61119046c270,2026-02-14 20:45:00+00:00,2026-02-14 20:45:00+00:00
O-20260214-213500-BACKTEST-000-146,KRAKEN-BACKTEST,KrakenBTCUSDResearchStrategy-000,BTC/USD.KRAKEN,KRAKEN-1-146,BTC/USD.KRAKEN-KrakenBTCUSDResearchStrategy-000,KRAKEN-001,T-c4a685d3ddc08ca1-49966,MARKET,SELL,0.03587133,GTC,False,False,0.03587133,TAKER,69749.69,0.0,['10.01 USD'],NO_TRIGGER,FILLED,NO_CONTINGENCY,,,,,,,,989b4cf9-4049-4a13-8261-05478ec0d627,2026-02-14 21:35:00+00:00,2026-02-14 21:35:00+00:00
O-20260215-071500-BACKTEST-000-147,KRAKEN-BACKTEST,KrakenBTCUSDResearchStrategy-000,BTC/USD.KRAKEN,KRAKEN-1-147,BTC/USD.KRAKEN-KrakenBTCUSDResearchStrategy-000,KRAKEN-001,T-99ca185130b65c49-50417,MARKET,BUY,0.03534574,GTC,False,False,0.03534574,TAKER,70791.8,0.0,['10.01 USD'],NO_TRIGGER,FILLED,NO_CONTINGENCY,,,,,,,,bbd96a9c-a4af-4ea4-b01d-23dbf36ba237,2026-02-15 07:15:00+00:00,2026-02-15 07:15:00+00:00
O-20260215-083000-BACKTEST-000-148,KRAKEN-BACKTEST,KrakenBTCUSDResearchStrategy-000,BTC/USD.KRAKEN,KRAKEN-1-148,BTC/USD.KRAKEN-KrakenBTCUSDResearchStrategy-000,KRAKEN-001,T-63857964d0649f08-50477,MARKET,SELL,0.03534574,GTC,False,False,0.03534574,TAKER,70278.13,0.0,['9.94 USD'],NO_TRIGGER,FILLED,NO_CONTINGENCY,,,,,,,,48467db1-2691-4e70-ac72-69db4a815252,2026-02-15 08:30:00+00:00,2026-02-15 08:30:00+00:00
O-20260216-090000-BACKTEST-000-149,KRAKEN-BACKTEST,KrakenBTCUSDResearchStrategy-000,BTC/USD.KRAKEN,KRAKEN-1-149,BTC/USD.KRAKEN-KrakenBTCUSDResearchStrategy-000,KRAKEN-001,T-767595805cf61a1a-51615,MARKET,BUY,0.03612040,GTC,False,False,0.03612040,TAKER,68957.04,0.0,['9.96 USD'],NO_TRIGGER,FILLED,NO_CONTINGENCY,,,,,,,,90369f52-9338-4096-a6de-4d4a64b65b01,2026-02-16 09:00:00+00:00,2026-02-16 09:00:00+00:00
O-20260216-102000-BACKTEST-000-150,KRAKEN-BACKTEST,KrakenBTCUSDResearchStrategy-000,BTC/USD.KRAKEN,KRAKEN-1-150,BTC/USD.KRAKEN-KrakenBTCUSDResearchStrategy-000,KRAKEN-001,T-2e47781dc27b3c9e-51679,MARKET,SELL,0.03612040,GTC,False,False,0.03612040,TAKER,68778.09999999999,0.0,['9.94 USD'],NO_TRIGGER,FILLED,NO_CONTINGENCY,,,,,,,,caef4cbc-5635-40ec-9c94-843bc30fc88c,2026-02-16 10:20:00+00:00,2026-02-16 10:20:00+00:00
O-20260216-122500-BACKTEST-000-151,KRAKEN-BACKTEST,KrakenBTCUSDResearchStrategy-000,BTC/USD.KRAKEN,KRAKEN-1-151,BTC/USD.KRAKEN-KrakenBTCUSDResearchStrategy-000,KRAKEN-001,T-43944dfbb86aac5a-51774,MARKET,BUY,0.03572181,GTC,False,False,0.03572181,TAKER,69505.01000000001,0.0,['9.93 USD'],NO_TRIGGER,FILLED,NO_CONTINGENCY,,,,,,,,e41cf521-3269-4b3c-83c1-3e87d793dc60,2026-02-16 12:25:00+00:00,2026-02-16 12:25:00+00:00
O-20260216-132500-BACKTEST-000-152,KRAKEN-BACKTEST,KrakenBTCUSDResearchStrategy-000,BTC/USD.KRAKEN,KRAKEN-1-152,BTC/USD.KRAKEN-KrakenBTCUSDResearchStrategy-000,KRAKEN-001,T-150ff56984f52206-51822,MARKET,SELL,0.03572181,GTC,False,False,0.03572181,TAKER,68611.0,0.0,['9.80 USD'],NO_TRIGGER,FILLED,NO_CONTINGENCY,,,,,,,,ec63c574-bb7e-462d-ad61-ea6dea7d711d,2026-02-16 13:25:00+00:00,2026-02-16 13:25:00+00:00
O-20260216-215500-BACKTEST-000-153,KRAKEN-BACKTEST,KrakenBTCUSDResearchStrategy-000,BTC/USD.KRAKEN,KRAKEN-1-153,BTC/USD.KRAKEN-KrakenBTCUSDResearchStrategy-000,KRAKEN-001,T-ea8671b5a37171b9-52221,MARKET,BUY,0.03582985,GTC,False,False,0.03582985,TAKER,68862.88,0.0,['9.87 USD'],NO_TRIGGER,FILLED,NO_CONTINGENCY,,,,,,,,2a9d3075-51e2-4dd8-a192-0997e3d1f80c,2026-02-16 21:55:00+00:00,2026-02-16 21:55:00+00:00
O-20260216-222500-BACKTEST-000-154,KRAKEN-BACKTEST,KrakenBTCUSDResearchStrategy-000,BTC/USD.KRAKEN,KRAKEN-1-154,BTC/USD.KRAKEN-KrakenBTCUSDResearchStrategy-000,KRAKEN-001,T-85b633f24188cef3-52246,MARKET,SELL,0.03582985,GTC,False,False,0.03582985,TAKER,68601.0,0.0,['9.83 USD'],NO_TRIGGER,FILLED,NO_CONTINGENCY,,,,,,,,bdad507f-35ef-4a01-8fee-711bd628d47b,2026-02-16 22:25:00+00:00,2026-02-16 22:25:00+00:00
O-20260216-235000-BACKTEST-000-155,KRAKEN-BACKTEST,KrakenBTCUSDResearchStrategy-000,BTC/USD.KRAKEN,KRAKEN-1-155,BTC/USD.KRAKEN-KrakenBTCUSDResearchStrategy-000,KRAKEN-001,T-39909715ee6c2a2e-52313,MARKET,BUY,0.03564320,GTC,False,False,0.03564320,TAKER,68978.65,0.0,['9.83 USD'],NO_TRIGGER,FILLED,NO_CONTINGENCY,,,,,,,,07fda4b0-b209-4afc-b1da-6a80acac4e0f,2026-02-16 23:50:00+00:00,2026-02-16 23:50:00+00:00
O-20260217-001500-BACKTEST-000-156,KRAKEN-BACKTEST,KrakenBTCUSDResearchStrategy-000,BTC/USD.KRAKEN,KRAKEN-1-156,BTC/USD.KRAKEN-KrakenBTCUSDResearchStrategy-000,KRAKEN-001,T-7d62374fd0fb9378-52332,MARKET,SELL,0.03564320,GTC,False,False,0.03564320,TAKER,68744.98999999999,0.0,['9.80 USD'],NO_TRIGGER,FILLED,NO_CONTINGENCY,,,,,,,,a9cb00a9-fe9e-430d-b0a2-220f4c95aa26,2026-02-17 00:15:00+00:00,2026-02-17 00:15:00+00:00
O-20260217-021000-BACKTEST-000-157,KRAKEN-BACKTEST,KrakenBTCUSDResearchStrategy-000,BTC/USD.KRAKEN,KRAKEN-1-157,BTC/USD.KRAKEN-KrakenBTCUSDResearchStrategy-000,KRAKEN-001,T-56c1af5ff80316d4-52421,MARKET,BUY,0.03544652,GTC,False,False,0.03544652,TAKER,69124.73999999999,0.0,['9.80 USD'],NO_TRIGGER,FILLED,NO_CONTINGENCY,,,,,,,,c1c40a53-5e04-43fc-833d-35d8a77c7c8f,2026-02-17 02:10:00+00:00,2026-02-17 02:10:00+00:00
O-20260217-030000-BACKTEST-000-158,KRAKEN-BACKTEST,KrakenBTCUSDResearchStrategy-000,BTC/USD.KRAKEN,KRAKEN-1-158,BTC/USD.KRAKEN-KrakenBTCUSDResearchStrategy-000,KRAKEN-001,T-0b8414a33e0b4999-52460,MARKET,SELL,0.03544652,GTC,False,False,0.03544652,TAKER,68653.54,0.0,['9.73 USD'],NO_TRIGGER,FILLED,NO_CONTINGENCY,,,,,,,,0379d726-263d-48d4-8917-af9d0967cdf3,2026-02-17 03:00:00+00:00,2026-02-17 03:00:00+00:00
O-20260218-043000-BACKTEST-000-159,KRAKEN-BACKTEST,KrakenBTCUSDResearchStrategy-000,BTC/USD.KRAKEN,KRAKEN-1-159,BTC/USD.KRAKEN-KrakenBTCUSDResearchStrategy-000,KRAKEN-001,T-74af4f225eb76256-53655,MARKET,BUY,0.03601280,GTC,False,False,0.03601280,TAKER,67735.99,0.0,['9.76 USD'],NO_TRIGGER,FILLED,NO_CONTINGENCY,,,,,,,,3897ea15-759f-4ae5-92ec-6f1610b11603,2026-02-18 04:30:00+00:00,2026-02-18 04:30:00+00:00
O-20260218-103500-BACKTEST-000-160,KRAKEN-BACKTEST,KrakenBTCUSDResearchStrategy-000,BTC/USD.KRAKEN,KRAKEN-1-160,BTC/USD.KRAKEN-KrakenBTCUSDResearchStrategy-000,KRAKEN-001,T-b0e88065e0dad061-53940,MARKET,SELL,0.03601280,GTC,False,False,0.03601280,TAKER,67899.98000000001,0.0,['9.78 USD'],NO_TRIGGER,FILLED,NO_CONTINGENCY,,,,,,,,840dfc6b-fd98-441a-bb59-e7765b6c7dc7,2026-02-18 10:35:00+00:00,2026-02-18 10:35:00+00:00
O-20260219-015500-BACKTEST-000-161,KRAKEN-BACKTEST,KrakenBTCUSDResearchStrategy-000,BTC/USD.KRAKEN,KRAKEN-1-161,BTC/USD.KRAKEN-KrakenBTCUSDResearchStrategy-000,KRAKEN-001,T-c1cfc710cbec3af1-54665,MARKET,BUY,0.03641987,GTC,False,False,0.03641987,TAKER,66866.62000000001,0.0,['9.74 USD'],NO_TRIGGER,FILLED,NO_CONTINGENCY,,,,,,,,71e80ea8-9448-48d8-9769-2d69d74377c1,2026-02-19 01:55:00+00:00,2026-02-19 01:55:00+00:00
O-20260219-050500-BACKTEST-000-162,KRAKEN-BACKTEST,KrakenBTCUSDResearchStrategy-000,BTC/USD.KRAKEN,KRAKEN-1-162,BTC/USD.KRAKEN-KrakenBTCUSDResearchStrategy-000,KRAKEN-001,T-88679f885feb22c3-54813,MARKET,SELL,0.03641987,GTC,False,False,0.03641987,TAKER,66744.13,0.0,['9.72 USD'],NO_TRIGGER,FILLED,NO_CONTINGENCY,,,,,,,,293d14e7-9ac1-41b7-88e5-978e475511e4,2026-02-19 05:05:00+00:00,2026-02-19 05:05:00+00:00
O-20260219-061500-BACKTEST-000-163,KRAKEN-BACKTEST,KrakenBTCUSDResearchStrategy-000,BTC/USD.KRAKEN,KRAKEN-1-163,BTC/USD.KRAKEN-KrakenBTCUSDResearchStrategy-000,KRAKEN-001,T-dcfc666c3c598dc4-54868,MARKET,BUY,0.03617218,GTC,False,False,0.03617218,TAKER,67126.11,0.0,['9.71 USD'],NO_TRIGGER,FILLED,NO_CONTINGENCY,,,,,,,,c23f32f6-767a-4f04-a238-4769d08daaa3,2026-02-19 06:15:00+00:00,2026-02-19 06:15:00+00:00
O-20260219-082500-BACKTEST-000-164,KRAKEN-BACKTEST,KrakenBTCUSDResearchStrategy-000,BTC/USD.KRAKEN,KRAKEN-1-164,BTC/USD.KRAKEN-KrakenBTCUSDResearchStrategy-000,KRAKEN-001,T-166a063b01b9cc2c-54971,MARKET,SELL,0.03617218,GTC,False,False,0.03617218,TAKER,66914.43,0.0,['9.68 USD'],NO_TRIGGER,FILLED,NO_CONTINGENCY,,,,,,,,29dbcc6c-2e7f-430e-9f37-e692ba9361ac,2026-02-19 08:25:00+00:00,2026-02-19 08:25:00+00:00
O-20260219-190500-BACKTEST-000-165,KRAKEN-BACKTEST,KrakenBTCUSDResearchStrategy-000,BTC/USD.KRAKEN,KRAKEN-1-165,BTC/USD.KRAKEN-KrakenBTCUSDResearchStrategy-000,KRAKEN-001,T-0907439c189956c1-55463,MARKET,BUY,0.03607004,GTC,False,False,0.03607004,TAKER,67091.20999999999,0.0,['9.68 USD'],NO_TRIGGER,FILLED,NO_CONTINGENCY,,,,,,,,2fb2b93e-8de7-41e0-b6fb-2d8a762c3d6b,2026-02-19 19:05:00+00:00,2026-02-19 19:05:00+00:00
O-20260219-220000-BACKTEST-000-166,KRAKEN-BACKTEST,KrakenBTCUSDResearchStrategy-000,BTC/USD.KRAKEN,KRAKEN-1-166,BTC/USD.KRAKEN-KrakenBTCUSDResearchStrategy-000,KRAKEN-001,T-cc80757b6cb23b37-55601,MARKET,SELL,0.03607004,GTC,False,False,0.03607004,TAKER,66771.71999999999,0.0,['9.63 USD'],NO_TRIGGER,FILLED,NO_CONTINGENCY,,,,,,,,3ad8877b-38c9-4176-869b-f78f3d09f67e,2026-02-19 22:00:00+00:00,2026-02-19 22:00:00+00:00
O-20260220-001000-BACKTEST-000-167,KRAKEN-BACKTEST,KrakenBTCUSDResearchStrategy-000,BTC/USD.KRAKEN,KRAKEN-1-167,BTC/USD.KRAKEN-KrakenBTCUSDResearchStrategy-000,KRAKEN-001,T-92025bc201474b07-55702,MARKET,BUY,0.03587843,GTC,False,False,0.03587843,TAKER,67191.71999999999,0.0,['9.64 USD'],NO_TRIGGER,FILLED,NO_CONTINGENCY,,,,,,,,74b0daee-999c-4fbd-848d-339e231a8a65,2026-02-20 00:10:00+00:00,2026-02-20 00:10:00+00:00
O-20260220-113500-BACKTEST-000-168,KRAKEN-BACKTEST,KrakenBTCUSDResearchStrategy-000,BTC/USD.KRAKEN,KRAKEN-1-168,BTC/USD.KRAKEN-KrakenBTCUSDResearchStrategy-000,KRAKEN-001,T-644359aa37460947-56238,MARKET,SELL,0.03587843,GTC,False,False,0.03587843,TAKER,67708.72,0.0,['9.72 USD'],NO_TRIGGER,FILLED,NO_CONTINGENCY,,,,,,,,0b4e620f-ca39-45d1-8427-9f015ef78510,2026-02-20 11:35:00+00:00,2026-02-20 11:35:00+00:00
O-20260221-081500-BACKTEST-000-169,KRAKEN-BACKTEST,KrakenBTCUSDResearchStrategy-000,BTC/USD.KRAKEN,KRAKEN-1-169,BTC/USD.KRAKEN-KrakenBTCUSDResearchStrategy-000,KRAKEN-001,T-c910437987916bad-57201,MARKET,BUY,0.03547916,GTC,False,False,0.03547916,TAKER,67941.03,0.0,['9.64 USD'],NO_TRIGGER,FILLED,NO_CONTINGENCY,,,,,,,,f91b2986-3860-4cb1-a509-dfab26a23615,2026-02-21 08:15:00+00:00,2026-02-21 08:15:00+00:00
O-20260221-120500-BACKTEST-000-170,KRAKEN-BACKTEST,KrakenBTCUSDResearchStrategy-000,BTC/USD.KRAKEN,KRAKEN-1-170,BTC/USD.KRAKEN-KrakenBTCUSDResearchStrategy-000,KRAKEN-001,T-f41f2191ad55b409-57374,MARKET,SELL,0.03547916,GTC,False,False,0.03547916,TAKER,68010.36,0.0,['9.65 USD'],NO_TRIGGER,FILLED,NO_CONTINGENCY,,,,,,,,928fcf11-9389-4e12-8783-b25f63286358,2026-02-21 12:05:00+00:00,2026-02-21 12:05:00+00:00
O-20260221-142000-BACKTEST-000-171,KRAKEN-BACKTEST,KrakenBTCUSDResearchStrategy-000,BTC/USD.KRAKEN,KRAKEN-1-171,BTC/USD.KRAKEN-KrakenBTCUSDResearchStrategy-000,KRAKEN-001,T-fd9830852f0cec32-57476,MARKET,BUY,0.03511594,GTC,False,False,0.03511594,TAKER,68499.99,0.0,['9.62 USD'],NO_TRIGGER,FILLED,NO_CONTINGENCY,,,,,,,,4a8b614e-894d-4b8a-997d-f5f7e0af1f8e,2026-02-21 14:20:00+00:00,2026-02-21 14:20:00+00:00
O-20260221-161500-BACKTEST-000-172,KRAKEN-BACKTEST,KrakenBTCUSDResearchStrategy-000,BTC/USD.KRAKEN,KRAKEN-1-172,BTC/USD.KRAKEN-KrakenBTCUSDResearchStrategy-000,KRAKEN-001,T-6ceecb6ed3197a11-57566,MARKET,SELL,0.03511594,GTC,False,False,0.03511594,TAKER,68262.34999999999,0.0,['9.59 USD'],NO_TRIGGER,FILLED,NO_CONTINGENCY,,,,,,,,a1e638ea-334b-49e3-9005-3c0073029469,2026-02-21 16:15:00+00:00,2026-02-21 16:15:00+00:00
O-20260222-110000-BACKTEST-000-173,KRAKEN-BACKTEST,KrakenBTCUSDResearchStrategy-000,BTC/USD.KRAKEN,KRAKEN-1-173,BTC/USD.KRAKEN-KrakenBTCUSDResearchStrategy-000,KRAKEN-001,T-e7a5c359eeb46b24-58409,MARKET,BUY,0.03515625,GTC,False,False,0.03515625,TAKER,68186.36,0.0,['9.59 USD'],NO_TRIGGER,FILLED,NO_CONTINGENCY,,,,,,,,4800d4f5-a4e8-4707-8849-4e80449f89a2,2026-02-22 11:00:00+00:00,2026-02-22 11:00:00+00:00
O-20260222-120500-BACKTEST-000-174,KRAKEN-BACKTEST,KrakenBTCUSDResearchStrategy-000,BTC/USD.KRAKEN,KRAKEN-1-174,BTC/USD.KRAKEN-KrakenBTCUSDResearchStrategy-000,KRAKEN-001,T-c07154c2121d0179-58462,MARKET,SELL,0.03515625,GTC,False,False,0.03515625,TAKER,68031.99,0.0,['9.57 USD'],NO_TRIGGER,FILLED,NO_CONTINGENCY,,,,,,,,3cf30c96-75f8-44b0-9325-c72b27703563,2026-02-22 12:05:00+00:00,2026-02-22 12:05:00+00:00
O-20260222-225000-BACKTEST-000-175,KRAKEN-BACKTEST,KrakenBTCUSDResearchStrategy-000,BTC/USD.KRAKEN,KRAKEN-1-175,BTC/USD.KRAKEN-KrakenBTCUSDResearchStrategy-000,KRAKEN-001,T-4201313465086b30-58960,MARKET,BUY,0.03527723,GTC,False,False,0.03527723,TAKER,67743.4,0.0,['9.56 USD'],NO_TRIGGER,FILLED,NO_CONTINGENCY,,,,,,,,9f45e9c3-a923-46be-adc4-00d7add2957e,2026-02-22 22:50:00+00:00,2026-02-22 22:50:00+00:00
O-20260222-230500-BACKTEST-000-176,KRAKEN-BACKTEST,KrakenBTCUSDResearchStrategy-000,BTC/USD.KRAKEN,KRAKEN-1-176,BTC/USD.KRAKEN-KrakenBTCUSDResearchStrategy-000,KRAKEN-001,T-dbce481bde7def2a-58971,MARKET,SELL,0.03527723,GTC,False,False,0.03527723,TAKER,67580.47,0.0,['9.54 USD'],NO_TRIGGER,FILLED,NO_CONTINGENCY,,,,,,,,4ae8e9c3-7689-4471-b0e3-d63d54899169,2026-02-22 23:05:00+00:00,2026-02-22 23:05:00+00:00
O-20260223-093000-BACKTEST-000-177,KRAKEN-BACKTEST,KrakenBTCUSDResearchStrategy-000,BTC/USD.KRAKEN,KRAKEN-1-177,BTC/USD.KRAKEN-KrakenBTCUSDResearchStrategy-000,KRAKEN-001,T-7a9e084769262a34-59456,MARKET,BUY,0.03601415,GTC,False,False,0.03601415,TAKER,66150.24,0.0,['9.53 USD'],NO_TRIGGER,FILLED,NO_CONTINGENCY,,,,,,,,52b57624-7af3-4fe6-b7a6-a287c9a05b86,2026-02-23 09:30:00+00:00,2026-02-23 09:30:00+00:00
O-20260223-123000-BACKTEST-000-178,KRAKEN-BACKTEST,KrakenBTCUSDResearchStrategy-000,BTC/USD.KRAKEN,KRAKEN-1-178,BTC/USD.KRAKEN-KrakenBTCUSDResearchStrategy-000,KRAKEN-001,T-ca83f4213b39bb6d-59594,MARKET,SELL,0.03601415,GTC,False,False,0.03601415,TAKER,65954.54000000001,0.0,['9.50 USD'],NO_TRIGGER,FILLED,NO_CONTINGENCY,,,,,,,,edf025e6-51ac-4350-9395-f22c634976bd,2026-02-23 12:30:00+00:00,2026-02-23 12:30:00+00:00
O-20260224-152000-BACKTEST-000-179,KRAKEN-BACKTEST,KrakenBTCUSDResearchStrategy-000,BTC/USD.KRAKEN,KRAKEN-1-179,BTC/USD.KRAKEN-KrakenBTCUSDResearchStrategy-000,KRAKEN-001,T-e8945690142f8b33-60863,MARKET,BUY,0.03716659,GTC,False,False,0.03716659,TAKER,63888.659999999996,0.0,['9.50 USD'],NO_TRIGGER,FILLED,NO_CONTINGENCY,,,,,,,,87d91197-3ee4-42dc-89e0-db01a42c94bf,2026-02-24 15:20:00+00:00,2026-02-24 15:20:00+00:00
O-20260224-211500-BACKTEST-000-180,KRAKEN-BACKTEST,KrakenBTCUSDResearchStrategy-000,BTC/USD.KRAKEN,KRAKEN-1-180,BTC/USD.KRAKEN-KrakenBTCUSDResearchStrategy-000,KRAKEN-001,T-b611defc754cca26-61145,MARKET,SELL,0.03716659,GTC,False,False,0.03716659,TAKER,64027.01,0.0,['9.52 USD'],NO_TRIGGER,FILLED,NO_CONTINGENCY,,,,,,,,ffab5751-4f84-487d-9ed5-7b1d7fe90975,2026-02-24 21:15:00+00:00,2026-02-24 21:15:00+00:00
O-20260225-011000-BACKTEST-000-181,KRAKEN-BACKTEST,KrakenBTCUSDResearchStrategy-000,BTC/USD.KRAKEN,KRAKEN-1-181,BTC/USD.KRAKEN-KrakenBTCUSDResearchStrategy-000,KRAKEN-001,T-1bdd149303c52e08-61329,MARKET,BUY,0.03613009,GTC,False,False,0.03613009,TAKER,65606.34,0.0,['9.48 USD'],NO_TRIGGER,FILLED,NO_CONTINGENCY,,,,,,,,a7faad55-c4ce-439d-95cd-de1276f62861,2026-02-25 01:10:00+00:00,2026-02-25 01:10:00+00:00
O-20260225-040000-BACKTEST-000-182,KRAKEN-BACKTEST,KrakenBTCUSDResearchStrategy-000,BTC/USD.KRAKEN,KRAKEN-1-182,BTC/USD.KRAKEN-KrakenBTCUSDResearchStrategy-000,KRAKEN-001,T-6591a15782d9dafe-61466,MARKET,SELL,0.03613009,GTC,False,False,0.03613009,TAKER,65300.060000000005,0.0,['9.44 USD'],NO_TRIGGER,FILLED,NO_CONTINGENCY,,,,,,,,73e8e441-77c3-49dc-8717-b10418dbf2af,2026-02-25 04:00:00+00:00,2026-02-25 04:00:00+00:00
O-20260225-121500-BACKTEST-000-183,KRAKEN-BACKTEST,KrakenBTCUSDResearchStrategy-000,BTC/USD.KRAKEN,KRAKEN-1-183,BTC/USD.KRAKEN-KrakenBTCUSDResearchStrategy-000,KRAKEN-001,T-d7110640547e29db-61856,MARKET,BUY,0.03593270,GTC,False,False,0.03593270,TAKER,65716.43,0.0,['9.45 USD'],NO_TRIGGER,FILLED,NO_CONTINGENCY,,,,,,,,cef4d776-3bd6-4b17-a024-ebc9313737cc,2026-02-25 12:15:00+00:00,2026-02-25 12:15:00+00:00
O-20260225-225000-BACKTEST-000-184,KRAKEN-BACKTEST,KrakenBTCUSDResearchStrategy-000,BTC/USD.KRAKEN,KRAKEN-1-184,BTC/USD.KRAKEN-KrakenBTCUSDResearchStrategy-000,KRAKEN-001,T-894460abe0614916-62357,MARKET,SELL,0.03593270,GTC,False,False,0.03593270,TAKER,68137.2,0.0,['9.79 USD'],NO_TRIGGER,FILLED,NO_CONTINGENCY,,,,,,,,3d7a4086-d4b8-44fa-bba4-5005a8932654,2026-02-25 22:50:00+00:00,2026-02-25 22:50:00+00:00
O-20260226-043000-BACKTEST-000-185,KRAKEN-BACKTEST,KrakenBTCUSDResearchStrategy-000,BTC/USD.KRAKEN,KRAKEN-1-185,BTC/USD.KRAKEN-KrakenBTCUSDResearchStrategy-000,KRAKEN-001,T-71b906d98c30142d-62624,MARKET,BUY,0.03464915,GTC,False,False,0.03464915,TAKER,68737.35,0.0,['9.53 USD'],NO_TRIGGER,FILLED,NO_CONTINGENCY,,,,,,,,02c7cf87-e30c-4989-bff5-ead53ac2ac9e,2026-02-26 04:30:00+00:00,2026-02-26 04:30:00+00:00
O-20260226-050500-BACKTEST-000-186,KRAKEN-BACKTEST,KrakenBTCUSDResearchStrategy-000,BTC/USD.KRAKEN,KRAKEN-1-186,BTC/USD.KRAKEN-KrakenBTCUSDResearchStrategy-000,KRAKEN-001,T-fd8e283929217013-62651,MARKET,SELL,0.03464915,GTC,False,False,0.03464915,TAKER,68346.98,0.0,['9.47 USD'],NO_TRIGGER,FILLED,NO_CONTINGENCY,,,,,,,,8edeef57-a6dd-47df-8df5-884cfdab4cbb,2026-02-26 05:05:00+00:00,2026-02-26 05:05:00+00:00
O-20260227-041000-BACKTEST-000-187,KRAKEN-BACKTEST,KrakenBTCUSDResearchStrategy-000,BTC/USD.KRAKEN,KRAKEN-1-187,BTC/USD.KRAKEN-KrakenBTCUSDResearchStrategy-000,KRAKEN-001,T-3ff2b0a792a7eea4-63735,MARKET,BUY,0.03491843,GTC,False,False,0.03491843,TAKER,67927.79,0.0,['9.49 USD'],NO_TRIGGER,FILLED,NO_CONTINGENCY,,,,,,,,e1d00614-1a4a-4be3-a0d2-81ca7558e6a2,2026-02-27 04:10:00+00:00,2026-02-27 04:10:00+00:00
O-20260227-061000-BACKTEST-000-188,KRAKEN-BACKTEST,KrakenBTCUSDResearchStrategy-000,BTC/USD.KRAKEN,KRAKEN-1-188,BTC/USD.KRAKEN-KrakenBTCUSDResearchStrategy-000,KRAKEN-001,T-1c455b8420beff29-63831,MARKET,SELL,0.03491843,GTC,False,False,0.03491843,TAKER,67667.13,0.0,['9.45 USD'],NO_TRIGGER,FILLED,NO_CONTINGENCY,,,,,,,,93adcbc2-37c7-494a-9a39-e62ab555a749,2026-02-27 06:10:00+00:00,2026-02-27 06:10:00+00:00
O-20260228-001000-BACKTEST-000-189,KRAKEN-BACKTEST,KrakenBTCUSDResearchStrategy-000,BTC/USD.KRAKEN,KRAKEN-1-189,BTC/USD.KRAKEN-KrakenBTCUSDResearchStrategy-000,KRAKEN-001,T-4d4b72223404325d-64676,MARKET,BUY,0.03581197,GTC,False,False,0.03581197,TAKER,65998.04000000001,0.0,['9.45 USD'],NO_TRIGGER,FILLED,NO_CONTINGENCY,,,,,,,,063e3c45-fff7-4ec8-8b2a-488213eed18e,2026-02-28 00:10:00+00:00,2026-02-28 00:10:00+00:00
O-20260228-002500-BACKTEST-000-190,KRAKEN-BACKTEST,KrakenBTCUSDResearchStrategy-000,BTC/USD.KRAKEN,KRAKEN-1-190,BTC/USD.KRAKEN-KrakenBTCUSDResearchStrategy-000,KRAKEN-001,T-87997da392435b1e-64689,MARKET,SELL,0.03581197,GTC,False,False,0.03581197,TAKER,65775.8,0.0,['9.42 USD'],NO_TRIGGER,FILLED,NO_CONTINGENCY,,,,,,,,a2e7c640-9a1e-4f64-99b8-4b1dc76ba5d5,2026-02-28 00:25:00+00:00,2026-02-28 00:25:00+00:00
O-20260228-175500-BACKTEST-000-191,KRAKEN-BACKTEST,KrakenBTCUSDResearchStrategy-000,BTC/USD.KRAKEN,KRAKEN-1-191,BTC/USD.KRAKEN-KrakenBTCUSDResearchStrategy-000,KRAKEN-001,T-dca698516cd533f1-65513,MARKET,BUY,0.03599292,GTC,False,False,0.03599292,TAKER,65442.62,0.0,['9.42 USD'],NO_TRIGGER,FILLED,NO_CONTINGENCY,,,,,,,,9c4402a6-0fef-483c-b87e-9d93708d0f7d,2026-02-28 17:55:00+00:00,2026-02-28 17:55:00+00:00
O-20260301-011000-BACKTEST-000-192,KRAKEN-BACKTEST,KrakenBTCUSDResearchStrategy-000,BTC/USD.KRAKEN,KRAKEN-1-192,BTC/USD.KRAKEN-KrakenBTCUSDResearchStrategy-000,KRAKEN-001,T-d4b54aeb52fef14e-65856,MARKET,SELL,0.03599292,GTC,False,False,0.03599292,TAKER,66303.12,0.0,['9.55 USD'],NO_TRIGGER,FILLED,NO_CONTINGENCY,,,,,,,,d148caa5-b561-4e22-8797-bd2d4a6bce64,2026-03-01 01:10:00+00:00,2026-03-01 01:10:00+00:00
O-20260302-011000-BACKTEST-000-193,KRAKEN-BACKTEST,KrakenBTCUSDResearchStrategy-000,BTC/USD.KRAKEN,KRAKEN-1-193,BTC/USD.KRAKEN-KrakenBTCUSDResearchStrategy-000,KRAKEN-001,T-0c2e38e08bd97c1b-66986,MARKET,BUY,0.03525050,GTC,False,False,0.03525050,TAKER,66923.05,0.0,['9.44 USD'],NO_TRIGGER,FILLED,NO_CONTINGENCY,,,,,,,,f61a7490-1b26-45e1-bb23-e55fcb49e745,2026-03-02 01:10:00+00:00,2026-03-02 01:10:00+00:00
O-20260302-020500-BACKTEST-000-194,KRAKEN-BACKTEST,KrakenBTCUSDResearchStrategy-000,BTC/USD.KRAKEN,KRAKEN-1-194,BTC/USD.KRAKEN-KrakenBTCUSDResearchStrategy-000,KRAKEN-001,T-5afb421db714dfa3-67030,MARKET,SELL,0.03525050,GTC,False,False,0.03525050,TAKER,66181.87,0.0,['9.33 USD'],NO_TRIGGER,FILLED,NO_CONTINGENCY,,,,,,,,9f3d9b18-63a3-412e-adca-3ccc53c51ef2,2026-03-02 02:05:00+00:00,2026-03-02 02:05:00+00:00
O-20260302-150000-BACKTEST-000-195,KRAKEN-BACKTEST,KrakenBTCUSDResearchStrategy-000,BTC/USD.KRAKEN,KRAKEN-1-195,BTC/USD.KRAKEN-KrakenBTCUSDResearchStrategy-000,KRAKEN-001,T-b80676d4b82c5417-67641,MARKET,BUY,0.03447148,GTC,False,False,0.03447148,TAKER,67258.81999999999,0.0,['9.27 USD'],NO_TRIGGER,FILLED,NO_CONTINGENCY,,,,,,,,268e6fc7-fcaa-439a-8b3a-56a2d3942eee,2026-03-02 15:00:00+00:00,2026-03-02 15:00:00+00:00
O-20260303-001500-BACKTEST-000-196,KRAKEN-BACKTEST,KrakenBTCUSDResearchStrategy-000,BTC/USD.KRAKEN,KRAKEN-1-196,BTC/USD.KRAKEN-KrakenBTCUSDResearchStrategy-000,KRAKEN-001,T-2ad1921a99ae97dd-68080,MARKET,SELL,0.03447148,GTC,False,False,0.03447148,TAKER,68720.01,0.0,['9.48 USD'],NO_TRIGGER,FILLED,NO_CONTINGENCY,,,,,,,,131b5940-8e97-4d66-bfca-f86bf619c344,2026-03-03 00:15:00+00:00,2026-03-03 00:15:00+00:00
O-20260303-162000-BACKTEST-000-197,KRAKEN-BACKTEST,KrakenBTCUSDResearchStrategy-000,BTC/USD.KRAKEN,KRAKEN-1-197,BTC/USD.KRAKEN-KrakenBTCUSDResearchStrategy-000,KRAKEN-001,T-a436e6da16910841-68833,MARKET,BUY,0.02637614,GTC,False,False,0.02637614,TAKER,68888.64,0.0,['7.27 USD'],NO_TRIGGER,FILLED,NO_CONTINGENCY,,,,,,,,23202fc9-4d23-4dc1-9ad7-d4ce44bf0778,2026-03-03 16:20:00+00:00,2026-03-03 16:20:00+00:00
O-20260303-163500-BACKTEST-000-198,KRAKEN-BACKTEST,KrakenBTCUSDResearchStrategy-000,BTC/USD.KRAKEN,KRAKEN-1-198,BTC/USD.KRAKEN-KrakenBTCUSDResearchStrategy-000,KRAKEN-001,T-4ca69b726d028b04-68845,MARKET,SELL,0.02637614,GTC,False,False,0.02637614,TAKER,67849.14,0.0,['7.16 USD'],NO_TRIGGER,FILLED,NO_CONTINGENCY,,,,,,,,beae35f0-19b2-4634-aba2-97dcb6c5b6c7,2026-03-03 16:35:00+00:00,2026-03-03 16:35:00+00:00
O-20260304-063000-BACKTEST-000-199,KRAKEN-BACKTEST,KrakenBTCUSDResearchStrategy-000,BTC/USD.KRAKEN,KRAKEN-1-199,BTC/USD.KRAKEN-KrakenBTCUSDResearchStrategy-000,KRAKEN-001,T-b3f1fa9cd1164bda-69504,MARKET,BUY,0.03420129,GTC,False,False,0.03420129,TAKER,68492.49,0.0,['9.37 USD'],NO_TRIGGER,FILLED,NO_CONTINGENCY,,,,,,,,06f5a266-81cf-4aa9-bc98-fd89f0894f62,2026-03-04 06:30:00+00:00,2026-03-04 06:30:00+00:00
O-20260304-224500-BACKTEST-000-200,KRAKEN-BACKTEST,KrakenBTCUSDResearchStrategy-000,BTC/USD.KRAKEN,KRAKEN-1-200,BTC/USD.KRAKEN-KrakenBTCUSDResearchStrategy-000,KRAKEN-001,T-9588e36340a1936b-70274,MARKET,SELL,0.03420129,GTC,False,False,0.03420129,TAKER,72821.99,0.0,['9.96 USD'],NO_TRIGGER,FILLED,NO_CONTINGENCY,,,,,,,,a8385e45-2b5c-4642-99a1-6a4c235ca103,2026-03-04 22:45:00+00:00,2026-03-04 22:45:00+00:00
O-20260305-102000-BACKTEST-000-201,KRAKEN-BACKTEST,KrakenBTCUSDResearchStrategy-000,BTC/USD.KRAKEN,KRAKEN-1-201,BTC/USD.KRAKEN-KrakenBTCUSDResearchStrategy-000,KRAKEN-001,T-782f9873a8c025d4-70823,MARKET,BUY,0.03265242,GTC,False,False,0.03265242,TAKER,72924.34999999999,0.0,['9.52 USD'],NO_TRIGGER,FILLED,NO_CONTINGENCY,,,,,,,,46a4c1b6-be68-4b72-a01c-ae98566c019d,2026-03-05 10:20:00+00:00,2026-03-05 10:20:00+00:00
O-20260305-130500-BACKTEST-000-202,KRAKEN-BACKTEST,KrakenBTCUSDResearchStrategy-000,BTC/USD.KRAKEN,KRAKEN-1-202,BTC/USD.KRAKEN-KrakenBTCUSDResearchStrategy-000,KRAKEN-001,T-43c8f0f0363a6848-70951,MARKET,SELL,0.03265242,GTC,False,False,0.03265242,TAKER,72698.9,0.0,['9.50 USD'],NO_TRIGGER,FILLED,NO_CONTINGENCY,,,,,,,,1eac7770-a15b-40d1-9de0-970879c028e6,2026-03-05 13:05:00+00:00,2026-03-05 13:05:00+00:00
O-20260308-084000-BACKTEST-000-203,KRAKEN-BACKTEST,KrakenBTCUSDResearchStrategy-000,BTC/USD.KRAKEN,KRAKEN-1-203,BTC/USD.KRAKEN-KrakenBTCUSDResearchStrategy-000,KRAKEN-001,T-a37d9ca58515a8be-74121,MARKET,BUY,0.03515909,GTC,False,False,0.03515909,TAKER,67500.11,0.0,['9.49 USD'],NO_TRIGGER,FILLED,NO_CONTINGENCY,,,,,,,,ee5a280b-ac17-438b-9fab-6d01dc146598,2026-03-08 08:40:00+00:00,2026-03-08 08:40:00+00:00
O-20260308-120500-BACKTEST-000-204,KRAKEN-BACKTEST,KrakenBTCUSDResearchStrategy-000,BTC/USD.KRAKEN,KRAKEN-1-204,BTC/USD.KRAKEN-KrakenBTCUSDResearchStrategy-000,KRAKEN-001,T-133b6f3d94a242d9-74279,MARKET,SELL,0.03515909,GTC,False,False,0.03515909,TAKER,67301.98000000001,0.0,['9.47 USD'],NO_TRIGGER,FILLED,NO_CONTINGENCY,,,,,,,,aeba9377-f3d6-40dc-beeb-23d714d25069,2026-03-08 12:05:00+00:00,2026-03-08 12:05:00+00:00
O-20260309-031500-BACKTEST-000-205,KRAKEN-BACKTEST,KrakenBTCUSDResearchStrategy-000,BTC/USD.KRAKEN,KRAKEN-1-205,BTC/USD.KRAKEN-KrakenBTCUSDResearchStrategy-000,KRAKEN-001,T-1b11378d08a9b234-74991,MARKET,BUY,0.03497157,GTC,False,False,0.03497157,TAKER,67639.7,0.0,['9.46 USD'],NO_TRIGGER,FILLED,NO_CONTINGENCY,,,,,,,,1881cee0-e7df-4bc2-9f31-301fdc349c3c,2026-03-09 03:15:00+00:00,2026-03-09 03:15:00+00:00
O-20260309-032000-BACKTEST-000-206,KRAKEN-BACKTEST,KrakenBTCUSDResearchStrategy-000,BTC/USD.KRAKEN,KRAKEN-1-206,BTC/USD.KRAKEN-KrakenBTCUSDResearchStrategy-000,KRAKEN-001,T-32f13030c99bcb36-74996,MARKET,SELL,0.03497157,GTC,False,False,0.03497157,TAKER,67145.76,0.0,['9.39 USD'],NO_TRIGGER,FILLED,NO_CONTINGENCY,,,,,,,,66ab3a14-9feb-4890-bae8-20d0574697b0,2026-03-09 03:20:00+00:00,2026-03-09 03:20:00+00:00
O-20260309-054000-BACKTEST-000-207,KRAKEN-BACKTEST,KrakenBTCUSDResearchStrategy-000,BTC/USD.KRAKEN,KRAKEN-1-207,BTC/USD.KRAKEN-KrakenBTCUSDResearchStrategy-000,KRAKEN-001,T-c09756966f1dbf40-75108,MARKET,BUY,0.03466141,GTC,False,False,0.03466141,TAKER,67932.25,0.0,['9.42 USD'],NO_TRIGGER,FILLED,NO_CONTINGENCY,,,,,,,,864ac865-8417-42f1-b19c-65bc9e3eabae,2026-03-09 05:40:00+00:00,2026-03-09 05:40:00+00:00
O-20260309-062000-BACKTEST-000-208,KRAKEN-BACKTEST,KrakenBTCUSDResearchStrategy-000,BTC/USD.KRAKEN,KRAKEN-1-208,BTC/USD.KRAKEN-KrakenBTCUSDResearchStrategy-000,KRAKEN-001,T-41be72b4cb644820-75141,MARKET,SELL,0.03466141,GTC,False,False,0.03466141,TAKER,67577.11,0.0,['9.37 USD'],NO_TRIGGER,FILLED,NO_CONTINGENCY,,,,,,,,a35d84e0-fdc6-49c4-ae2a-abb1610a0dfd,2026-03-09 06:20:00+00:00,2026-03-09 06:20:00+00:00
O-20260309-093000-BACKTEST-000-209,KRAKEN-BACKTEST,KrakenBTCUSDResearchStrategy-000,BTC/USD.KRAKEN,KRAKEN-1-209,BTC/USD.KRAKEN-KrakenBTCUSDResearchStrategy-000,KRAKEN-001,T-ca7c23d7e5d08d81-75291,MARKET,BUY,0.03439894,GTC,False,False,0.03439894,TAKER,68179.35,0.0,['9.38 USD'],NO_TRIGGER,FILLED,NO_CONTINGENCY,,,,,,,,ae4c9407-08ea-4961-aa04-0e8c8682c7d9,2026-03-09 09:30:00+00:00,2026-03-09 09:30:00+00:00
O-20260309-102500-BACKTEST-000-210,KRAKEN-BACKTEST,KrakenBTCUSDResearchStrategy-000,BTC/USD.KRAKEN,KRAKEN-1-210,BTC/USD.KRAKEN-KrakenBTCUSDResearchStrategy-000,KRAKEN-001,T-a3c85828fca19584-75336,MARKET,SELL,0.03439894,GTC,False,False,0.03439894,TAKER,67800.0,0.0,['9.33 USD'],NO_TRIGGER,FILLED,NO_CONTINGENCY,,,,,,,,ed050f51-1014-4949-81da-dde5017fac4c,2026-03-09 10:25:00+00:00,2026-03-09 10:25:00+00:00
O-20260309-131000-BACKTEST-000-211,KRAKEN-BACKTEST,KrakenBTCUSDResearchStrategy-000,BTC/USD.KRAKEN,KRAKEN-1-211,BTC/USD.KRAKEN-KrakenBTCUSDResearchStrategy-000,KRAKEN-001,T-592c59973ff992d4-75468,MARKET,BUY,0.03411767,GTC,False,False,0.03411767,TAKER,68462.16,0.0,['9.34 USD'],NO_TRIGGER,FILLED,NO_CONTINGENCY,,,,,,,,f673cb38-f88e-4eea-9145-de4b4d4dc762,2026-03-09 13:10:00+00:00,2026-03-09 13:10:00+00:00
O-20260309-173500-BACKTEST-000-212,KRAKEN-BACKTEST,KrakenBTCUSDResearchStrategy-000,BTC/USD.KRAKEN,KRAKEN-1-212,BTC/USD.KRAKEN-KrakenBTCUSDResearchStrategy-000,KRAKEN-001,T-f3d3b2e2e73fc8dc-75679,MARKET,SELL,0.03411767,GTC,False,False,0.03411767,TAKER,68423.0,0.0,['9.34 USD'],NO_TRIGGER,FILLED,NO_CONTINGENCY,,,,,,,,775044f3-4583-4784-b1ec-156598118aba,2026-03-09 17:35:00+00:00,2026-03-09 17:35:00+00:00
O-20260310-004500-BACKTEST-000-213,KRAKEN-BACKTEST,KrakenBTCUSDResearchStrategy-000,BTC/USD.KRAKEN,KRAKEN-1-213,BTC/USD.KRAKEN-KrakenBTCUSDResearchStrategy-000,KRAKEN-001,T-da86dd720ca948d9-76014,MARKET,BUY,0.03364795,GTC,False,False,0.03364795,TAKER,69239.4,0.0,['9.32 USD'],NO_TRIGGER,FILLED,NO_CONTINGENCY,,,,,,,,d45c1a3a-6ee7-45de-b684-b34579ce8f69,2026-03-10 00:45:00+00:00,2026-03-10 00:45:00+00:00
O-20260310-011500-BACKTEST-000-214,KRAKEN-BACKTEST,KrakenBTCUSDResearchStrategy-000,BTC/USD.KRAKEN,KRAKEN-1-214,BTC/USD.KRAKEN-KrakenBTCUSDResearchStrategy-000,KRAKEN-001,T-fc156df6155149db-76037,MARKET,SELL,0.03364795,GTC,False,False,0.03364795,TAKER,68902.01,0.0,['9.27 USD'],NO_TRIGGER,FILLED,NO_CONTINGENCY,,,,,,,,e507e0bd-c707-4712-be50-a31ea7929105,2026-03-10 01:15:00+00:00,2026-03-10 01:15:00+00:00
O-20260310-023000-BACKTEST-000-215,KRAKEN-BACKTEST,KrakenBTCUSDResearchStrategy-000,BTC/USD.KRAKEN,KRAKEN-1-215,BTC/USD.KRAKEN-KrakenBTCUSDResearchStrategy-000,KRAKEN-001,T-5e5d7b700538a221-76098,MARKET,BUY,0.03315346,GTC,False,False,0.03315346,TAKER,70001.2,0.0,['9.28 USD'],NO_TRIGGER,FILLED,NO_CONTINGENCY,,,,,,,,9ce851d6-d63c-42f5-aa5a-9d0e0d3946fe,2026-03-10 02:30:00+00:00,2026-03-10 02:30:00+00:00
O-20260310-034500-BACKTEST-000-216,KRAKEN-BACKTEST,KrakenBTCUSDResearchStrategy-000,BTC/USD.KRAKEN,KRAKEN-1-216,BTC/USD.KRAKEN-KrakenBTCUSDResearchStrategy-000,KRAKEN-001,T-be802764ebd42a1d-76157,MARKET,SELL,0.03315346,GTC,False,False,0.03315346,TAKER,69580.01,0.0,['9.23 USD'],NO_TRIGGER,FILLED,NO_CONTINGENCY,,,,,,,,2fe53766-7a67-42e8-b28c-16b7860af163,2026-03-10 03:45:00+00:00,2026-03-10 03:45:00+00:00
O-20260310-080500-BACKTEST-000-217,KRAKEN-BACKTEST,KrakenBTCUSDResearchStrategy-000,BTC/USD.KRAKEN,KRAKEN-1-217,BTC/USD.KRAKEN-KrakenBTCUSDResearchStrategy-000,KRAKEN-001,T-76ca3a7309966227-76363,MARKET,BUY,0.03258449,GTC,False,False,0.03258449,TAKER,70924.56999999999,0.0,['9.24 USD'],NO_TRIGGER,FILLED,NO_CONTINGENCY,,,,,,,,bc88cbcc-c337-4c59-b875-02efbb86a235,2026-03-10 08:05:00+00:00,2026-03-10 08:05:00+00:00
O-20260310-111000-BACKTEST-000-218,KRAKEN-BACKTEST,KrakenBTCUSDResearchStrategy-000,BTC/USD.KRAKEN,KRAKEN-1-218,BTC/USD.KRAKEN-KrakenBTCUSDResearchStrategy-000,KRAKEN-001,T-89cf45b204acf416-76510,MARKET,SELL,0.03258449,GTC,False,False,0.03258449,TAKER,70618.08,0.0,['9.20 USD'],NO_TRIGGER,FILLED,NO_CONTINGENCY,,,,,,,,4cc1c781-e8fa-4843-bd15-e48f5bb8c553,2026-03-10 11:10:00+00:00,2026-03-10 11:10:00+00:00
O-20260310-150000-BACKTEST-000-219,KRAKEN-BACKTEST,KrakenBTCUSDResearchStrategy-000,BTC/USD.KRAKEN,KRAKEN-1-219,BTC/USD.KRAKEN-KrakenBTCUSDResearchStrategy-000,KRAKEN-001,T-b15a89249f9d928a-76693,MARKET,BUY,0.02725128,GTC,False,False,0.02725128,TAKER,71776.98999999999,0.0,['7.82 USD'],NO_TRIGGER,FILLED,NO_CONTINGENCY,,,,,,,,4cf81be6-b772-44ba-938a-d109180dedbb,2026-03-10 15:00:00+00:00,2026-03-10 15:00:00+00:00
O-20260310-154500-BACKTEST-000-220,KRAKEN-BACKTEST,KrakenBTCUSDResearchStrategy-000,BTC/USD.KRAKEN,KRAKEN-1-220,BTC/USD.KRAKEN-KrakenBTCUSDResearchStrategy-000,KRAKEN-001,T-8caa51f2ada5f65f-76729,MARKET,SELL,0.02725128,GTC,False,False,0.02725128,TAKER,71068.75,0.0,['7.75 USD'],NO_TRIGGER,FILLED,NO_CONTINGENCY,,,,,,,,f224484a-0fe7-4049-b7b3-76248585a61f,2026-03-10 15:45:00+00:00,2026-03-10 15:45:00+00:00
O-20260311-133000-BACKTEST-000-221,KRAKEN-BACKTEST,KrakenBTCUSDResearchStrategy-000,BTC/USD.KRAKEN,KRAKEN-1-221,BTC/USD.KRAKEN-KrakenBTCUSDResearchStrategy-000,KRAKEN-001,T-2e8fcd1c2475b2ca-77748,MARKET,BUY,0.03240673,GTC,False,False,0.03240673,TAKER,70727.61,0.0,['9.17 USD'],NO_TRIGGER,FILLED,NO_CONTINGENCY,,,,,,,,4d37e7f5-edcc-49ea-b8f7-5362d3567048,2026-03-11 13:30:00+00:00,2026-03-11 13:30:00+00:00
O-20260311-135000-BACKTEST-000-222,KRAKEN-BACKTEST,KrakenBTCUSDResearchStrategy-000,BTC/USD.KRAKEN,KRAKEN-1-222,BTC/USD.KRAKEN-KrakenBTCUSDResearchStrategy-000,KRAKEN-001,T-c4d3602e0450ffaf-77764,MARKET,SELL,0.03240673,GTC,False,False,0.03240673,TAKER,69982.96,0.0,['9.07 USD'],NO_TRIGGER,FILLED,NO_CONTINGENCY,,,,,,,,242226b2-3881-4545-90a3-5538d4f9904f,2026-03-11 13:50:00+00:00,2026-03-11 13:50:00+00:00
O-20260311-172000-BACKTEST-000-223,KRAKEN-BACKTEST,KrakenBTCUSDResearchStrategy-000,BTC/USD.KRAKEN,KRAKEN-1-223,BTC/USD.KRAKEN-KrakenBTCUSDResearchStrategy-000,KRAKEN-001,T-71541843836c6e27-77931,MARKET,BUY,0.03202156,GTC,False,False,0.03202156,TAKER,71181.41,0.0,['9.12 USD'],NO_TRIGGER,FILLED,NO_CONTINGENCY,,,,,,,,f08f02c6-4a08-4069-809d-4e8921a51f5a,2026-03-11 17:20:00+00:00,2026-03-11 17:20:00+00:00
O-20260311-173500-BACKTEST-000-224,KRAKEN-BACKTEST,KrakenBTCUSDResearchStrategy-000,BTC/USD.KRAKEN,KRAKEN-1-224,BTC/USD.KRAKEN-KrakenBTCUSDResearchStrategy-000,KRAKEN-001,T-505ea1ffaa84c033-77944,MARKET,SELL,0.03202156,GTC,False,False,0.03202156,TAKER,70699.99,0.0,['9.06 USD'],NO_TRIGGER,FILLED,NO_CONTINGENCY,,,,,,,,68ab4ef0-1bf1-4c47-9aa9-fe8eb61131ed,2026-03-11 17:35:00+00:00,2026-03-11 17:35:00+00:00
O-20260312-094000-BACKTEST-000-225,KRAKEN-BACKTEST,KrakenBTCUSDResearchStrategy-000,BTC/USD.KRAKEN,KRAKEN-1-225,BTC/USD.KRAKEN-KrakenBTCUSDResearchStrategy-000,KRAKEN-001,T-37693df49c62ecd6-78693,MARKET,BUY,0.03228957,GTC,False,False,0.03228957,TAKER,70278.4,0.0,['9.08 USD'],NO_TRIGGER,FILLED,NO_CONTINGENCY,,,,,,,,ee5cfaf1-5f22-4cdd-a4d4-f560cfcfb3b5,2026-03-12 09:40:00+00:00,2026-03-12 09:40:00+00:00
O-20260312-094500-BACKTEST-000-226,KRAKEN-BACKTEST,KrakenBTCUSDResearchStrategy-000,BTC/USD.KRAKEN,KRAKEN-1-226,BTC/USD.KRAKEN-KrakenBTCUSDResearchStrategy-000,KRAKEN-001,T-4b10ee3c825dadfe-78698,MARKET,SELL,0.03228957,GTC,False,False,0.03228957,TAKER,69939.65000000001,0.0,['9.03 USD'],NO_TRIGGER,FILLED,NO_CONTINGENCY,,,,,,,,11635388-3a43-4a76-bbfd-bb78107570ed,2026-03-12 09:45:00+00:00,2026-03-12 09:45:00+00:00
O-20260312-113500-BACKTEST-000-227,KRAKEN-BACKTEST,KrakenBTCUSDResearchStrategy-000,BTC/USD.KRAKEN,KRAKEN-1-227,BTC/USD.KRAKEN-KrakenBTCUSDResearchStrategy-000,KRAKEN-001,T-d50491f9ca017bca-78787,MARKET,BUY,0.03199993,GTC,False,False,0.03199993,TAKER,70642.17,0.0,['9.04 USD'],NO_TRIGGER,FILLED,NO_CONTINGENCY,,,,,,,,8977e276-3765-4c3b-ad19-3781a1ada190,2026-03-12 11:35:00+00:00,2026-03-12 11:35:00+00:00
O-20260312-120000-BACKTEST-000-228,KRAKEN-BACKTEST,KrakenBTCUSDResearchStrategy-000,BTC/USD.KRAKEN,KRAKEN-1-228,BTC/USD.KRAKEN-KrakenBTCUSDResearchStrategy-000,KRAKEN-001,T-c09695747afa0872-78808,MARKET,SELL,0.03199993,GTC,False,False,0.03199993,TAKER,70340.54000000001,0.0,['9.00 USD'],NO_TRIGGER,FILLED,NO_CONTINGENCY,,,,,,,,a88ea6b9-1fdf-4be8-a02c-16fbdb9e6ba7,2026-03-12 12:00:00+00:00,2026-03-12 12:00:00+00:00
O-20260312-231500-BACKTEST-000-229,KRAKEN-BACKTEST,KrakenBTCUSDResearchStrategy-000,BTC/USD.KRAKEN,KRAKEN-1-229,BTC/USD.KRAKEN-KrakenBTCUSDResearchStrategy-000,KRAKEN-001,T-f0a8f4f94d62cd28-79332,MARKET,BUY,0.03190376,GTC,False,False,0.03190376,TAKER,70594.73,0.0,['9.01 USD'],NO_TRIGGER,FILLED,NO_CONTINGENCY,,,,,,,,840cc6a2-ffe5-47f6-89e7-9ae01255a283,2026-03-12 23:15:00+00:00,2026-03-12 23:15:00+00:00
O-20260313-145500-BACKTEST-000-230,KRAKEN-BACKTEST,KrakenBTCUSDResearchStrategy-000,BTC/USD.KRAKEN,KRAKEN-1-230,BTC/USD.KRAKEN-KrakenBTCUSDResearchStrategy-000,KRAKEN-001,T-3cc229dc97585646-80071,MARKET,SELL,0.03190376,GTC,False,False,0.03190376,TAKER,72382.72,0.0,['9.24 USD'],NO_TRIGGER,FILLED,NO_CONTINGENCY,,,,,,,,9e7d9a51-81ce-4eef-825c-cd986f4a3d17,2026-03-13 14:55:00+00:00,2026-03-13 14:55:00+00:00
O-20260314-043000-BACKTEST-000-231,KRAKEN-BACKTEST,KrakenBTCUSDResearchStrategy-000,BTC/USD.KRAKEN,KRAKEN-1-231,BTC/USD.KRAKEN-KrakenBTCUSDResearchStrategy-000,KRAKEN-001,T-d69ad5476a6ae287-80711,MARKET,BUY,0.03178839,GTC,False,False,0.03178839,TAKER,71217.03,0.0,['9.06 USD'],NO_TRIGGER,FILLED,NO_CONTINGENCY,,,,,,,,c3d728cb-bc22-4415-88f1-91c469acc341,2026-03-14 04:30:00+00:00,2026-03-14 04:30:00+00:00
O-20260314-045500-BACKTEST-000-232,KRAKEN-BACKTEST,KrakenBTCUSDResearchStrategy-000,BTC/USD.KRAKEN,KRAKEN-1-232,BTC/USD.KRAKEN-KrakenBTCUSDResearchStrategy-000,KRAKEN-001,T-dda6b1b518524af7-80732,MARKET,SELL,0.03178839,GTC,False,False,0.03178839,TAKER,71039.58,0.0,['9.03 USD'],NO_TRIGGER,FILLED,NO_CONTINGENCY,,,,,,,,607fbdea-bfa2-4c28-a90f-74142689fd13,2026-03-14 04:55:00+00:00,2026-03-14 04:55:00+00:00
O-20260314-132000-BACKTEST-000-233,KRAKEN-BACKTEST,KrakenBTCUSDResearchStrategy-000,BTC/USD.KRAKEN,KRAKEN-1-233,BTC/USD.KRAKEN-KrakenBTCUSDResearchStrategy-000,KRAKEN-001,T-8df3e99a9e7c99e5-81124,MARKET,BUY,0.03182029,GTC,False,False,0.03182029,TAKER,70921.91,0.0,['9.03 USD'],NO_TRIGGER,FILLED,NO_CONTINGENCY,,,,,,,,2d17e0ab-76a7-466a-b097-854de2e9d024,2026-03-14 13:20:00+00:00,2026-03-14 13:20:00+00:00
O-20260314-141000-BACKTEST-000-234,KRAKEN-BACKTEST,KrakenBTCUSDResearchStrategy-000,BTC/USD.KRAKEN,KRAKEN-1-234,BTC/USD.KRAKEN-KrakenBTCUSDResearchStrategy-000,KRAKEN-001,T-48e1cc91732fded2-81162,MARKET,SELL,0.03182029,GTC,False,False,0.03182029,TAKER,70746.05,0.0,['9.00 USD'],NO_TRIGGER,FILLED,NO_CONTINGENCY,,,,,,,,29521ba2-2919-4453-8132-ed3bac33f999,2026-03-14 14:10:00+00:00,2026-03-14 14:10:00+00:00
O-20260314-204000-BACKTEST-000-235,KRAKEN-BACKTEST,KrakenBTCUSDResearchStrategy-000,BTC/USD.KRAKEN,KRAKEN-1-235,BTC/USD.KRAKEN-KrakenBTCUSDResearchStrategy-000,KRAKEN-001,T-bb1dafb0211aedf5-81461,MARKET,BUY,0.03175253,GTC,False,False,0.03175253,TAKER,70850.0,0.0,['9.00 USD'],NO_TRIGGER,FILLED,NO_CONTINGENCY,,,,,,,,3dfe422b-967b-488c-8f48-672483fc7e4e,2026-03-14 20:40:00+00:00,2026-03-14 20:40:00+00:00
O-20260314-210000-BACKTEST-000-236,KRAKEN-BACKTEST,KrakenBTCUSDResearchStrategy-000,BTC/USD.KRAKEN,KRAKEN-1-236,BTC/USD.KRAKEN-KrakenBTCUSDResearchStrategy-000,KRAKEN-001,T-185927c622856958-81477,MARKET,SELL,0.03175253,GTC,False,False,0.03175253,TAKER,70758.90999999999,0.0,['8.99 USD'],NO_TRIGGER,FILLED,NO_CONTINGENCY,,,,,,,,6f74a4e7-d840-446e-a92a-53cfa2bb48a9,2026-03-14 21:00:00+00:00,2026-03-14 21:00:00+00:00
O-20260314-230000-BACKTEST-000-237,KRAKEN-BACKTEST,KrakenBTCUSDResearchStrategy-000,BTC/USD.KRAKEN,KRAKEN-1-237,BTC/USD.KRAKEN-KrakenBTCUSDResearchStrategy-000,KRAKEN-001,T-794cc432b790f80e-81568,MARKET,BUY,0.03165087,GTC,False,False,0.03165087,TAKER,70879.54999999999,0.0,['8.97 USD'],NO_TRIGGER,FILLED,NO_CONTINGENCY,,,,,,,,db5af181-e984-4fb5-8b1a-9f47346bf8c3,2026-03-14 23:00:00+00:00,2026-03-14 23:00:00+00:00
O-20260315-124000-BACKTEST-000-238,KRAKEN-BACKTEST,KrakenBTCUSDResearchStrategy-000,BTC/USD.KRAKEN,KRAKEN-1-238,BTC/USD.KRAKEN-KrakenBTCUSDResearchStrategy-000,KRAKEN-001,T-4d6d9c6f0707289a-82203,MARKET,SELL,0.03165087,GTC,False,False,0.03165087,TAKER,71567.28,0.0,['9.06 USD'],NO_TRIGGER,FILLED,NO_CONTINGENCY,,,,,,,,75650551-a4d3-44d9-b95d-088095606384,2026-03-15 12:40:00+00:00,2026-03-15 12:40:00+00:00
O-20260315-213500-BACKTEST-000-239,KRAKEN-BACKTEST,KrakenBTCUSDResearchStrategy-000,BTC/USD.KRAKEN,KRAKEN-1-239,BTC/USD.KRAKEN-KrakenBTCUSDResearchStrategy-000,KRAKEN-001,T-b1d1c85138bd253f-82619,MARKET,BUY,0.03113413,GTC,False,False,0.03113413,TAKER,72092.0,0.0,['8.98 USD'],NO_TRIGGER,FILLED,NO_CONTINGENCY,,,,,,,,00095a7c-9c46-4ac0-9db7-7de4f0110169,2026-03-15 21:35:00+00:00,2026-03-15 21:35:00+00:00
O-20260315-221000-BACKTEST-000-240,KRAKEN-BACKTEST,KrakenBTCUSDResearchStrategy-000,BTC/USD.KRAKEN,KRAKEN-1-240,BTC/USD.KRAKEN-KrakenBTCUSDResearchStrategy-000,KRAKEN-001,T-f656472f3bb72539-82648,MARKET,SELL,0.03113413,GTC,False,False,0.03113413,TAKER,71796.79000000001,0.0,['8.94 USD'],NO_TRIGGER,FILLED,NO_CONTINGENCY,,,,,,,,6b34b6a9-99a2-471c-8e55-de604a88ee19,2026-03-15 22:10:00+00:00,2026-03-15 22:10:00+00:00
O-20260315-225000-BACKTEST-000-241,KRAKEN-BACKTEST,KrakenBTCUSDResearchStrategy-000,BTC/USD.KRAKEN,KRAKEN-1-241,BTC/USD.KRAKEN-KrakenBTCUSDResearchStrategy-000,KRAKEN-001,T-a8058194d11b086e-82681,MARKET,BUY,0.03076546,GTC,False,False,0.03076546,TAKER,72691.54999999999,0.0,['8.95 USD'],NO_TRIGGER,FILLED,NO_CONTINGENCY,,,,,,,,a72c338e-22e5-4b3d-adb5-1420a59a7581,2026-03-15 22:50:00+00:00,2026-03-15 22:50:00+00:00
O-20260316-011000-BACKTEST-000-242,KRAKEN-BACKTEST,KrakenBTCUSDResearchStrategy-000,BTC/USD.KRAKEN,KRAKEN-1-242,BTC/USD.KRAKEN-KrakenBTCUSDResearchStrategy-000,KRAKEN-001,T-e27f88ba2b54a225-82792,MARKET,SELL,0.03076546,GTC,False,False,0.03076546,TAKER,72317.19,0.0,['8.90 USD'],NO_TRIGGER,FILLED,NO_CONTINGENCY,,,,,,,,b2b72bf4-7718-4c0a-9e53-60875bfe744f,2026-03-16 01:10:00+00:00,2026-03-16 01:10:00+00:00
O-20260316-033000-BACKTEST-000-243,KRAKEN-BACKTEST,KrakenBTCUSDResearchStrategy-000,BTC/USD.KRAKEN,KRAKEN-1-243,BTC/USD.KRAKEN-KrakenBTCUSDResearchStrategy-000,KRAKEN-001,T-9f831b665036b1a3-82898,MARKET,BUY,0.03021319,GTC,False,False,0.03021319,TAKER,73728.64,0.0,['8.91 USD'],NO_TRIGGER,FILLED,NO_CONTINGENCY,,,,,,,,f28043f6-332e-488c-81b2-38913b6d57d4,2026-03-16 03:30:00+00:00,2026-03-16 03:30:00+00:00
O-20260316-074500-BACKTEST-000-244,KRAKEN-BACKTEST,KrakenBTCUSDResearchStrategy-000,BTC/USD.KRAKEN,KRAKEN-1-244,BTC/USD.KRAKEN-KrakenBTCUSDResearchStrategy-000,KRAKEN-001,T-e24a587648967dac-83100,MARKET,SELL,0.03021319,GTC,False,False,0.03021319,TAKER,73458.34999999999,0.0,['8.88 USD'],NO_TRIGGER,FILLED,NO_CONTINGENCY,,,,,,,,649f4f11-1445-4658-9a73-51d66a72c6e3,2026-03-16 07:45:00+00:00,2026-03-16 07:45:00+00:00
O-20260316-122500-BACKTEST-000-245,KRAKEN-BACKTEST,KrakenBTCUSDResearchStrategy-000,BTC/USD.KRAKEN,KRAKEN-1-245,BTC/USD.KRAKEN-KrakenBTCUSDResearchStrategy-000,KRAKEN-001,T-9dea1bcc8e19479a-83322,MARKET,BUY,0.03004668,GTC,False,False,0.03004668,TAKER,73878.04000000001,0.0,['8.88 USD'],NO_TRIGGER,FILLED,NO_CONTINGENCY,,,,,,,,c996c14a-5d8b-4107-941c-8aded3dcdccb,2026-03-16 12:25:00+00:00,2026-03-16 12:25:00+00:00
O-20260316-142500-BACKTEST-000-246,KRAKEN-BACKTEST,KrakenBTCUSDResearchStrategy-000,BTC/USD.KRAKEN,KRAKEN-1-246,BTC/USD.KRAKEN-KrakenBTCUSDResearchStrategy-000,KRAKEN-001,T-8b8da33123c6c13d-83418,MARKET,SELL,0.03004668,GTC,False,False,0.03004668,TAKER,73618.49,0.0,['8.85 USD'],NO_TRIGGER,FILLED,NO_CONTINGENCY,,,,,,,,792a7e8b-6c1e-4c7d-a59e-e97abf42f170,2026-03-16 14:25:00+00:00,2026-03-16 14:25:00+00:00
O-20260316-210000-BACKTEST-000-247,KRAKEN-BACKTEST,KrakenBTCUSDResearchStrategy-000,BTC/USD.KRAKEN,KRAKEN-1-247,BTC/USD.KRAKEN-KrakenBTCUSDResearchStrategy-000,KRAKEN-001,T-89103b4688f72b92-83729,MARKET,BUY,0.02970971,GTC,False,False,0.02970971,TAKER,74458.16,0.0,['8.85 USD'],NO_TRIGGER,FILLED,NO_CONTINGENCY,,,,,,,,05620754-d543-4c97-bc10-c976307b38c9,2026-03-16 21:00:00+00:00,2026-03-16 21:00:00+00:00
O-20260317-032000-BACKTEST-000-248,KRAKEN-BACKTEST,KrakenBTCUSDResearchStrategy-000,BTC/USD.KRAKEN,KRAKEN-1-248,BTC/USD.KRAKEN-KrakenBTCUSDResearchStrategy-000,KRAKEN-001,T-d5ab4ac73705b479-84027,MARKET,SELL,0.02970971,GTC,False,False,0.02970971,TAKER,74810.18,0.0,['8.89 USD'],NO_TRIGGER,FILLED,NO_CONTINGENCY,,,,,,,,33405d8b-65dc-4ed9-89c1-2db996c4a4aa,2026-03-17 03:20:00+00:00,2026-03-17 03:20:00+00:00
O-20260318-032000-BACKTEST-000-249,KRAKEN-BACKTEST,KrakenBTCUSDResearchStrategy-000,BTC/USD.KRAKEN,KRAKEN-1-249,BTC/USD.KRAKEN-KrakenBTCUSDResearchStrategy-000,KRAKEN-001,T-e0db6f45653c485e-85157,MARKET,BUY,0.02966279,GTC,False,False,0.02966279,TAKER,74502.33,0.0,['8.84 USD'],NO_TRIGGER,FILLED,NO_CONTINGENCY,,,,,,,,76c283b6-7d48-488f-9981-b709faee815a,2026-03-18 03:20:00+00:00,2026-03-18 03:20:00+00:00
O-20260318-042500-BACKTEST-000-250,KRAKEN-BACKTEST,KrakenBTCUSDResearchStrategy-000,BTC/USD.KRAKEN,KRAKEN-1-250,BTC/USD.KRAKEN-KrakenBTCUSDResearchStrategy-000,KRAKEN-001,T-dddc6a535e9c3939-85206,MARKET,SELL,0.02966279,GTC,False,False,0.02966279,TAKER,74253.78,0.0,['8.81 USD'],NO_TRIGGER,FILLED,NO_CONTINGENCY,,,,,,,,a8182978-5be5-48e0-8bd8-5b3e1b3b70ea,2026-03-18 04:25:00+00:00,2026-03-18 04:25:00+00:00
O-20260319-191000-BACKTEST-000-251,KRAKEN-BACKTEST,KrakenBTCUSDResearchStrategy-000,BTC/USD.KRAKEN,KRAKEN-1-251,BTC/USD.KRAKEN-KrakenBTCUSDResearchStrategy-000,KRAKEN-001,T-bde7163b078ea57c-87008,MARKET,BUY,0.03130232,GTC,False,False,0.03130232,TAKER,70360.2,0.0,['8.81 USD'],NO_TRIGGER,FILLED,NO_CONTINGENCY,,,,,,,,7200e224-c559-4075-acae-9c5c3cfd563e,2026-03-19 19:10:00+00:00,2026-03-19 19:10:00+00:00
O-20260319-223500-BACKTEST-000-252,KRAKEN-BACKTEST,KrakenBTCUSDResearchStrategy-000,BTC/USD.KRAKEN,KRAKEN-1-252,BTC/USD.KRAKEN-KrakenBTCUSDResearchStrategy-000,KRAKEN-001,T-aeec6eb6edf9dcd3-87167,MARKET,SELL,0.03130232,GTC,False,False,0.03130232,TAKER,70035.68,0.0,['8.77 USD'],NO_TRIGGER,FILLED,NO_CONTINGENCY,,,,,,,,67ecadb1-6ce8-4076-bf18-e131036e0879,2026-03-19 22:35:00+00:00,2026-03-19 22:35:00+00:00
O-20260320-032500-BACKTEST-000-253,KRAKEN-BACKTEST,KrakenBTCUSDResearchStrategy-000,BTC/USD.KRAKEN,KRAKEN-1-253,BTC/USD.KRAKEN-KrakenBTCUSDResearchStrategy-000,KRAKEN-001,T-24f6c841a1adc3f6-87393,MARKET,BUY,0.03104936,GTC,False,False,0.03104936,TAKER,70665.41,0.0,['8.78 USD'],NO_TRIGGER,FILLED,NO_CONTINGENCY,,,,,,,,a6a859f0-8267-485e-bdfa-d082e8804c64,2026-03-20 03:25:00+00:00,2026-03-20 03:25:00+00:00
O-20260320-062000-BACKTEST-000-254,KRAKEN-BACKTEST,KrakenBTCUSDResearchStrategy-000,BTC/USD.KRAKEN,KRAKEN-1-254,BTC/USD.KRAKEN-KrakenBTCUSDResearchStrategy-000,KRAKEN-001,T-31aaf62fe69ffcd7-87530,MARKET,SELL,0.03104936,GTC,False,False,0.03104936,TAKER,70463.12,0.0,['8.75 USD'],NO_TRIGGER,FILLED,NO_CONTINGENCY,,,,,,,,e315501e-f085-48d8-b56c-ee35ba217031,2026-03-20 06:20:00+00:00,2026-03-20 06:20:00+00:00
O-20260320-080500-BACKTEST-000-255,KRAKEN-BACKTEST,KrakenBTCUSDResearchStrategy-000,BTC/USD.KRAKEN,KRAKEN-1-255,BTC/USD.KRAKEN-KrakenBTCUSDResearchStrategy-000,KRAKEN-001,T-b79fd04903c9b88b-87613,MARKET,BUY,0.03073182,GTC,False,False,0.03073182,TAKER,71163.04,0.0,['8.75 USD'],NO_TRIGGER,FILLED,NO_CONTINGENCY,,,,,,,,f2e02f4c-308a-4c72-a47c-84344cf64ccc,2026-03-20 08:05:00+00:00,2026-03-20 08:05:00+00:00
O-20260320-091000-BACKTEST-000-256,KRAKEN-BACKTEST,KrakenBTCUSDResearchStrategy-000,BTC/USD.KRAKEN,KRAKEN-1-256,BTC/USD.KRAKEN-KrakenBTCUSDResearchStrategy-000,KRAKEN-001,T-81010ed5499eda9a-87660,MARKET,SELL,0.03073182,GTC,False,False,0.03073182,TAKER,70849.27,0.0,['8.71 USD'],NO_TRIGGER,FILLED,NO_CONTINGENCY,,,,,,,,3a07d4c3-de43-4b59-b60f-02f994436022,2026-03-20 09:10:00+00:00,2026-03-20 09:10:00+00:00
O-20260320-220000-BACKTEST-000-257,KRAKEN-BACKTEST,KrakenBTCUSDResearchStrategy-000,BTC/USD.KRAKEN,KRAKEN-1-257,BTC/USD.KRAKEN-KrakenBTCUSDResearchStrategy-000,KRAKEN-001,T-1e4f50979cc4e203-88263,MARKET,BUY,0.03074930,GTC,False,False,0.03074930,TAKER,70858.19,0.0,['8.72 USD'],NO_TRIGGER,FILLED,NO_CONTINGENCY,,,,,,,,fca33bb2-6c22-46d3-8832-673f7446f442,2026-03-20 22:00:00+00:00,2026-03-20 22:00:00+00:00
O-20260320-230500-BACKTEST-000-258,KRAKEN-BACKTEST,KrakenBTCUSDResearchStrategy-000,BTC/USD.KRAKEN,KRAKEN-1-258,BTC/USD.KRAKEN-KrakenBTCUSDResearchStrategy-000,KRAKEN-001,T-e290f72da52a0e7e-88315,MARKET,SELL,0.03074930,GTC,False,False,0.03074930,TAKER,70567.98000000001,0.0,['8.68 USD'],NO_TRIGGER,FILLED,NO_CONTINGENCY,,,,,,,,3df65849-14a8-4108-9349-13f2bb5f218c,2026-03-20 23:05:00+00:00,2026-03-20 23:05:00+00:00
O-20260321-072500-BACKTEST-000-259,KRAKEN-BACKTEST,KrakenBTCUSDResearchStrategy-000,BTC/USD.KRAKEN,KRAKEN-1-259,BTC/USD.KRAKEN-KrakenBTCUSDResearchStrategy-000,KRAKEN-001,T-888b2970d9aaed68-88702,MARKET,BUY,0.03063019,GTC,False,False,0.03063019,TAKER,70875.94,0.0,['8.68 USD'],NO_TRIGGER,FILLED,NO_CONTINGENCY,,,,,,,,8cab9d37-7ebc-47f3-9a46-b0af0796c949,2026-03-21 07:25:00+00:00,2026-03-21 07:25:00+00:00
O-20260321-073500-BACKTEST-000-260,KRAKEN-BACKTEST,KrakenBTCUSDResearchStrategy-000,BTC/USD.KRAKEN,KRAKEN-1-260,BTC/USD.KRAKEN-KrakenBTCUSDResearchStrategy-000,KRAKEN-001,T-c8ae5083d348a7b9-88709,MARKET,SELL,0.03063019,GTC,False,False,0.03063019,TAKER,70769.49,0.0,['8.67 USD'],NO_TRIGGER,FILLED,NO_CONTINGENCY,,,,,,,,08474e0e-0cc0-4643-b0dc-9f16c8865168,2026-03-21 07:35:00+00:00,2026-03-21 07:35:00+00:00
O-20260321-122000-BACKTEST-000-261,KRAKEN-BACKTEST,KrakenBTCUSDResearchStrategy-000,BTC/USD.KRAKEN,KRAKEN-1-261,BTC/USD.KRAKEN-KrakenBTCUSDResearchStrategy-000,KRAKEN-001,T-6620648bbf4764ea-88930,MARKET,BUY,0.03058735,GTC,False,False,0.03058735,TAKER,70773.06,0.0,['8.66 USD'],NO_TRIGGER,FILLED,NO_CONTINGENCY,,,,,,,,519642d0-ed24-4840-8117-4356ffd4ecde,2026-03-21 12:20:00+00:00,2026-03-21 12:20:00+00:00
O-20260321-145000-BACKTEST-000-262,KRAKEN-BACKTEST,KrakenBTCUSDResearchStrategy-000,BTC/USD.KRAKEN,KRAKEN-1-262,BTC/USD.KRAKEN-KrakenBTCUSDResearchStrategy-000,KRAKEN-001,T-bf7ffde4f3207760-89045,MARKET,SELL,0.03058735,GTC,False,False,0.03058735,TAKER,70693.49,0.0,['8.65 USD'],NO_TRIGGER,FILLED,NO_CONTINGENCY,,,,,,,,3a2ab7e1-739f-4412-899b-e3011fc94424,2026-03-21 14:50:00+00:00,2026-03-21 14:50:00+00:00
O-20260323-050000-BACKTEST-000-263,KRAKEN-BACKTEST,KrakenBTCUSDResearchStrategy-000,BTC/USD.KRAKEN,KRAKEN-1-263,BTC/USD.KRAKEN-KrakenBTCUSDResearchStrategy-000,KRAKEN-001,T-c140634d636d48a7-90826,MARKET,BUY,0.03142414,GTC,False,False,0.03142414,TAKER,68700.0,0.0,['8.64 USD'],NO_TRIGGER,FILLED,NO_CONTINGENCY,,,,,,,,19c0f5f3-cfc6-4fc4-9e72-802f31ee2477,2026-03-23 05:00:00+00:00,2026-03-23 05:00:00+00:00
O-20260323-063500-BACKTEST-000-264,KRAKEN-BACKTEST,KrakenBTCUSDResearchStrategy-000,BTC/USD.KRAKEN,KRAKEN-1-264,BTC/USD.KRAKEN-KrakenBTCUSDResearchStrategy-000,KRAKEN-001,T-ac9e2b6ec855161f-90902,MARKET,SELL,0.03142414,GTC,False,False,0.03142414,TAKER,68116.56,0.0,['8.56 USD'],NO_TRIGGER,FILLED,NO_CONTINGENCY,,,,,,,,cfb816b0-8c64-465c-a5e0-204a698102f6,2026-03-23 06:35:00+00:00,2026-03-23 06:35:00+00:00
O-20260323-110500-BACKTEST-000-265,KRAKEN-BACKTEST,KrakenBTCUSDResearchStrategy-000,BTC/USD.KRAKEN,KRAKEN-1-265,BTC/USD.KRAKEN-KrakenBTCUSDResearchStrategy-000,KRAKEN-001,T-049a1feedf6a9956-91117,MARKET,BUY,0.03016407,GTC,False,False,0.03016407,TAKER,71216.41,0.0,['8.59 USD'],NO_TRIGGER,FILLED,NO_CONTINGENCY,,,,,,,,8089cb4c-280b-4f67-874d-ce8f90794d0f,2026-03-23 11:05:00+00:00,2026-03-23 11:05:00+00:00
O-20260323-112000-BACKTEST-000-266,KRAKEN-BACKTEST,KrakenBTCUSDResearchStrategy-000,BTC/USD.KRAKEN,KRAKEN-1-266,BTC/USD.KRAKEN-KrakenBTCUSDResearchStrategy-000,KRAKEN-001,T-c29867141c427917-91130,MARKET,SELL,0.03016407,GTC,False,False,0.03016407,TAKER,70556.18,0.0,['8.51 USD'],NO_TRIGGER,FILLED,NO_CONTINGENCY,,,,,,,,190eee30-a22c-43b2-9783-b471c33645c3,2026-03-23 11:20:00+00:00,2026-03-23 11:20:00+00:00
O-20260324-075500-BACKTEST-000-267,KRAKEN-BACKTEST,KrakenBTCUSDResearchStrategy-000,BTC/USD.KRAKEN,KRAKEN-1-267,BTC/USD.KRAKEN-KrakenBTCUSDResearchStrategy-000,KRAKEN-001,T-922d2fd24f69adab-92101,MARKET,BUY,0.02997643,GTC,False,False,0.02997643,TAKER,71291.7,0.0,['8.55 USD'],NO_TRIGGER,FILLED,NO_CONTINGENCY,,,,,,,,da37474a-804b-4267-b47c-3c0f95895974,2026-03-24 07:55:00+00:00,2026-03-24 07:55:00+00:00
O-20260324-081500-BACKTEST-000-268,KRAKEN-BACKTEST,KrakenBTCUSDResearchStrategy-000,BTC/USD.KRAKEN,KRAKEN-1-268,BTC/USD.KRAKEN-KrakenBTCUSDResearchStrategy-000,KRAKEN-001,T-9179b6da06fcb5e8-92117,MARKET,SELL,0.02997643,GTC,False,False,0.02997643,TAKER,70944.01,0.0,['8.51 USD'],NO_TRIGGER,FILLED,NO_CONTINGENCY,,,,,,,,3a6f2a8b-c5ab-4f77-a3e3-341084c8ff67,2026-03-24 08:15:00+00:00,2026-03-24 08:15:00+00:00
O-20260324-220500-BACKTEST-000-269,KRAKEN-BACKTEST,KrakenBTCUSDResearchStrategy-000,BTC/USD.KRAKEN,KRAKEN-1-269,BTC/USD.KRAKEN-KrakenBTCUSDResearchStrategy-000,KRAKEN-001,T-e8be8eff0ce02821-92770,MARKET,BUY,0.03019081,GTC,False,False,0.03019081,TAKER,70512.41,0.0,['8.52 USD'],NO_TRIGGER,FILLED,NO_CONTINGENCY,,,,,,,,de1718a4-07bf-4b7b-b595-c2aeac1605d4,2026-03-24 22:05:00+00:00,2026-03-24 22:05:00+00:00
O-20260325-081000-BACKTEST-000-270,KRAKEN-BACKTEST,KrakenBTCUSDResearchStrategy-000,BTC/USD.KRAKEN,KRAKEN-1-270,BTC/USD.KRAKEN-KrakenBTCUSDResearchStrategy-000,KRAKEN-001,T-b02755423f0ee5f9-93244,MARKET,SELL,0.03019081,GTC,False,False,0.03019081,TAKER,70811.41,0.0,['8.55 USD'],NO_TRIGGER,FILLED,NO_CONTINGENCY,,,,,,,,f11042f6-9205-4f5b-bda5-20a4990e1adf,2026-03-25 08:10:00+00:00,2026-03-25 08:10:00+00:00
O-20260325-104500-BACKTEST-000-271,KRAKEN-BACKTEST,KrakenBTCUSDResearchStrategy-000,BTC/USD.KRAKEN,KRAKEN-1-271,BTC/USD.KRAKEN-KrakenBTCUSDResearchStrategy-000,KRAKEN-001,T-383d5d808dd5947d-93368,MARKET,BUY,0.02972062,GTC,False,False,0.02972062,TAKER,71546.67,0.0,['8.51 USD'],NO_TRIGGER,FILLED,NO_CONTINGENCY,,,,,,,,b5b54f61-f9a0-4a14-9b97-c7fcbb960618,2026-03-25 10:45:00+00:00,2026-03-25 10:45:00+00:00
O-20260325-122000-BACKTEST-000-272,KRAKEN-BACKTEST,KrakenBTCUSDResearchStrategy-000,BTC/USD.KRAKEN,KRAKEN-1-272,BTC/USD.KRAKEN-KrakenBTCUSDResearchStrategy-000,KRAKEN-001,T-c02010897faa1065-93444,MARKET,SELL,0.02972062,GTC,False,False,0.02972062,TAKER,71225.61,0.0,['8.47 USD'],NO_TRIGGER,FILLED,NO_CONTINGENCY,,,,,,,,a1a8ab94-637f-466a-9604-64aff48a4f38,2026-03-25 12:20:00+00:00,2026-03-25 12:20:00+00:00
O-20260327-235500-BACKTEST-000-273,KRAKEN-BACKTEST,KrakenBTCUSDResearchStrategy-000,BTC/USD.KRAKEN,KRAKEN-1-273,BTC/USD.KRAKEN-KrakenBTCUSDResearchStrategy-000,KRAKEN-001,T-8188cdc507cabec7-96210,MARKET,BUY,0.03190096,GTC,False,False,0.03190096,TAKER,66407.28,0.0,['8.47 USD'],NO_TRIGGER,FILLED,NO_CONTINGENCY,,,,,,,,ad9b096b-c73e-4d7a-a972-d846113af0dd,2026-03-27 23:55:00+00:00,2026-03-27 23:55:00+00:00
O-20260328-011000-BACKTEST-000-274,KRAKEN-BACKTEST,KrakenBTCUSDResearchStrategy-000,BTC/USD.KRAKEN,KRAKEN-1-274,BTC/USD.KRAKEN-KrakenBTCUSDResearchStrategy-000,KRAKEN-001,T-c9168610d7d12876-96271,MARKET,SELL,0.03190096,GTC,False,False,0.03190096,TAKER,66154.94,0.0,['8.44 USD'],NO_TRIGGER,FILLED,NO_CONTINGENCY,,,,,,,,1d41c132-bb58-4558-8b7a-bce107ae6721,2026-03-28 01:10:00+00:00,2026-03-28 01:10:00+00:00
O-20260328-061500-BACKTEST-000-275,KRAKEN-BACKTEST,KrakenBTCUSDResearchStrategy-000,BTC/USD.KRAKEN,KRAKEN-1-275,BTC/USD.KRAKEN-KrakenBTCUSDResearchStrategy-000,KRAKEN-001,T-01210991d5f6d52f-96505,MARKET,BUY,0.03175447,GTC,False,False,0.03175447,TAKER,66477.81,0.0,['8.44 USD'],NO_TRIGGER,FILLED,NO_CONTINGENCY,,,,,,,,b5a5ec80-bda5-4d09-8827-73355528b672,2026-03-28 06:15:00+00:00,2026-03-28 06:15:00+00:00
O-20260328-090000-BACKTEST-000-276,KRAKEN-BACKTEST,KrakenBTCUSDResearchStrategy-000,BTC/USD.KRAKEN,KRAKEN-1-276,BTC/USD.KRAKEN-KrakenBTCUSDResearchStrategy-000,KRAKEN-001,T-2ebc5215447f4e11-96632,MARKET,SELL,0.03175447,GTC,False,False,0.03175447,TAKER,66370.01,0.0,['8.43 USD'],NO_TRIGGER,FILLED,NO_CONTINGENCY,,,,,,,,e5894b7c-8c1c-43d5-98ca-27fdeca95a6e,2026-03-28 09:00:00+00:00,2026-03-28 09:00:00+00:00
O-20260328-133000-BACKTEST-000-277,KRAKEN-BACKTEST,KrakenBTCUSDResearchStrategy-000,BTC/USD.KRAKEN,KRAKEN-1-277,BTC/USD.KRAKEN-KrakenBTCUSDResearchStrategy-000,KRAKEN-001,T-74370d1809bbe43d-96843,MARKET,BUY,0.03159421,GTC,False,False,0.03159421,TAKER,66622.26,0.0,['8.42 USD'],NO_TRIGGER,FILLED,NO_CONTINGENCY,,,,,,,,5f43f1b9-b25f-44ed-b598-b02961cfea83,2026-03-28 13:30:00+00:00,2026-03-28 13:30:00+00:00
O-20260328-214500-BACKTEST-000-278,KRAKEN-BACKTEST,KrakenBTCUSDResearchStrategy-000,BTC/USD.KRAKEN,KRAKEN-1-278,BTC/USD.KRAKEN-KrakenBTCUSDResearchStrategy-000,KRAKEN-001,T-9c9b4770efd096be-97221,MARKET,SELL,0.03159421,GTC,False,False,0.03159421,TAKER,66777.45,0.0,['8.44 USD'],NO_TRIGGER,FILLED,NO_CONTINGENCY,,,,,,,,8c9d923b-75aa-476c-a88b-09d8907ee31f,2026-03-28 21:45:00+00:00,2026-03-28 21:45:00+00:00
O-20260329-031500-BACKTEST-000-279,KRAKEN-BACKTEST,KrakenBTCUSDResearchStrategy-000,BTC/USD.KRAKEN,KRAKEN-1-279,BTC/USD.KRAKEN-KrakenBTCUSDResearchStrategy-000,KRAKEN-001,T-0f358e9d76a8c112-97475,MARKET,BUY,0.03133701,GTC,False,False,0.03133701,TAKER,67054.56999999999,0.0,['8.41 USD'],NO_TRIGGER,FILLED,NO_CONTINGENCY,,,,,,,,6a1058ec-8b21-4f0f-aca2-750cf47c03d3,2026-03-29 03:15:00+00:00,2026-03-29 03:15:00+00:00
O-20260329-040000-BACKTEST-000-280,KRAKEN-BACKTEST,KrakenBTCUSDResearchStrategy-000,BTC/USD.KRAKEN,KRAKEN-1-280,BTC/USD.KRAKEN-KrakenBTCUSDResearchStrategy-000,KRAKEN-001,T-a19ea7f018b88fe1-97510,MARKET,SELL,0.03133701,GTC,False,False,0.03133701,TAKER,66872.23,0.0,['8.38 USD'],NO_TRIGGER,FILLED,NO_CONTINGENCY,,,,,,,,b11d7f8c-986d-40dc-bcd8-017c80f79c77,2026-03-29 04:00:00+00:00,2026-03-29 04:00:00+00:00
O-20260329-113500-BACKTEST-000-281,KRAKEN-BACKTEST,KrakenBTCUSDResearchStrategy-000,BTC/USD.KRAKEN,KRAKEN-1-281,BTC/USD.KRAKEN-KrakenBTCUSDResearchStrategy-000,KRAKEN-001,T-34e2547da130c766-97859,MARKET,BUY,0.03132013,GTC,False,False,0.03132013,TAKER,66875.2,0.0,['8.38 USD'],NO_TRIGGER,FILLED,NO_CONTINGENCY,,,,,,,,357c20bf-464a-47a0-8caf-04d1ae40fdf5,2026-03-29 11:35:00+00:00,2026-03-29 11:35:00+00:00
O-20260329-123000-BACKTEST-000-282,KRAKEN-BACKTEST,KrakenBTCUSDResearchStrategy-000,BTC/USD.KRAKEN,KRAKEN-1-282,BTC/USD.KRAKEN-KrakenBTCUSDResearchStrategy-000,KRAKEN-001,T-259a3331ccf160c0-97902,MARKET,SELL,0.03132013,GTC,False,False,0.03132013,TAKER,66722.67,0.0,['8.36 USD'],NO_TRIGGER,FILLED,NO_CONTINGENCY,,,,,,,,15298e27-dd3d-42fa-a513-8f504e72e6e8,2026-03-29 12:30:00+00:00,2026-03-29 12:30:00+00:00
O-20260330-024500-BACKTEST-000-283,KRAKEN-BACKTEST,KrakenBTCUSDResearchStrategy-000,BTC/USD.KRAKEN,KRAKEN-1-283,BTC/USD.KRAKEN-KrakenBTCUSDResearchStrategy-000,KRAKEN-001,T-754b312d1157ad45-98564,MARKET,BUY,0.03101267,GTC,False,False,0.03101267,TAKER,67330.01,0.0,['8.35 USD'],NO_TRIGGER,FILLED,NO_CONTINGENCY,,,,,,,,11dda503-d8de-44f4-adce-ef7046ebe9c4,2026-03-30 02:45:00+00:00,2026-03-30 02:45:00+00:00
O-20260330-135500-BACKTEST-000-284,KRAKEN-BACKTEST,KrakenBTCUSDResearchStrategy-000,BTC/USD.KRAKEN,KRAKEN-1-284,BTC/USD.KRAKEN-KrakenBTCUSDResearchStrategy-000,KRAKEN-001,T-13b386da15268dfc-99085,MARKET,SELL,0.03101267,GTC,False,False,0.03101267,TAKER,67529.52,0.0,['8.38 USD'],NO_TRIGGER,FILLED,NO_CONTINGENCY,,,,,,,,79e68908-077f-4e79-9454-5f2c318ba215,2026-03-30 13:55:00+00:00,2026-03-30 13:55:00+00:00
O-20260331-011500-BACKTEST-000-285,KRAKEN-BACKTEST,KrakenBTCUSDResearchStrategy-000,BTC/USD.KRAKEN,KRAKEN-1-285,BTC/USD.KRAKEN-KrakenBTCUSDResearchStrategy-000,KRAKEN-001,T-1c52f625b2d7d96d-99618,MARKET,BUY,0.03092516,GTC,False,False,0.03092516,TAKER,67418.3,0.0,['8.34 USD'],NO_TRIGGER,FILLED,NO_CONTINGENCY,,,,,,,,8a110e8d-5da5-47ec-b50a-f63b2b5a4214,2026-03-31 01:15:00+00:00,2026-03-31 01:15:00+00:00
O-20260331-051000-BACKTEST-000-286,KRAKEN-BACKTEST,KrakenBTCUSDResearchStrategy-000,BTC/USD.KRAKEN,KRAKEN-1-286,BTC/USD.KRAKEN-KrakenBTCUSDResearchStrategy-000,KRAKEN-001,T-630e5963ecc8d275-99802,MARKET,SELL,0.03092516,GTC,False,False,0.03092516,TAKER,67428.25,0.0,['8.34 USD'],NO_TRIGGER,FILLED,NO_CONTINGENCY,,,,,,,,7b415084-99e7-4f25-ab80-42571fe55151,2026-03-31 05:10:00+00:00,2026-03-31 05:10:00+00:00
O-20260331-141500-BACKTEST-000-287,KRAKEN-BACKTEST,KrakenBTCUSDResearchStrategy-000,BTC/USD.KRAKEN,KRAKEN-1-287,BTC/USD.KRAKEN-KrakenBTCUSDResearchStrategy-000,KRAKEN-001,T-5edc8881ca62789a-100224,MARKET,BUY,0.03070717,GTC,False,False,0.03070717,TAKER,67736.96,0.0,['8.32 USD'],NO_TRIGGER,FILLED,NO_CONTINGENCY,,,,,,,,6663e03c-02e5-46c6-98ab-d0ee9809eb36,2026-03-31 14:15:00+00:00,2026-03-31 14:15:00+00:00
O-20260331-143500-BACKTEST-000-288,KRAKEN-BACKTEST,KrakenBTCUSDResearchStrategy-000,BTC/USD.KRAKEN,KRAKEN-1-288,BTC/USD.KRAKEN-KrakenBTCUSDResearchStrategy-000,KRAKEN-001,T-b16881dda8bcedea-100240,MARKET,SELL,0.03070717,GTC,False,False,0.03070717,TAKER,67338.13,0.0,['8.27 USD'],NO_TRIGGER,FILLED,NO_CONTINGENCY,,,,,,,,c47602d0-6b86-4390-b043-3d0d733ee985,2026-03-31 14:35:00+00:00,2026-03-31 14:35:00+00:00
O-20260331-164000-BACKTEST-000-289,KRAKEN-BACKTEST,KrakenBTCUSDResearchStrategy-000,BTC/USD.KRAKEN,KRAKEN-1-289,BTC/USD.KRAKEN-KrakenBTCUSDResearchStrategy-000,KRAKEN-001,T-6684e30e2ea78f30-100339,MARKET,BUY,0.03056181,GTC,False,False,0.03056181,TAKER,67776.04,0.0,['8.29 USD'],NO_TRIGGER,FILLED,NO_CONTINGENCY,,,,,,,,e5e6a405-df88-4aab-9310-88d59ff5b43c,2026-03-31 16:40:00+00:00,2026-03-31 16:40:00+00:00
O-20260401-013000-BACKTEST-000-290,KRAKEN-BACKTEST,KrakenBTCUSDResearchStrategy-000,BTC/USD.KRAKEN,KRAKEN-1-290,BTC/USD.KRAKEN-KrakenBTCUSDResearchStrategy-000,KRAKEN-001,T-e799af52bfb7b407-100749,MARKET,SELL,0.03056181,GTC,False,False,0.03056181,TAKER,67940.03,0.0,['8.31 USD'],NO_TRIGGER,FILLED,NO_CONTINGENCY,,,,,,,,665497e3-9bc5-4adb-85a9-26acc8bca4a6,2026-04-01 01:30:00+00:00,2026-04-01 01:30:00+00:00
O-20260401-051500-BACKTEST-000-291,KRAKEN-BACKTEST,KrakenBTCUSDResearchStrategy-000,BTC/USD.KRAKEN,KRAKEN-1-291,BTC/USD.KRAKEN-KrakenBTCUSDResearchStrategy-000,KRAKEN-001,T-8566bc5cc81868d8-100927,MARKET,BUY,0.03019744,GTC,False,False,0.03019744,TAKER,68478.71,0.0,['8.27 USD'],NO_TRIGGER,FILLED,NO_CONTINGENCY,,,,,,,,2426707c-368d-4dcb-987b-5146b6dabc0c,2026-04-01 05:15:00+00:00,2026-04-01 05:15:00+00:00
O-20260401-091500-BACKTEST-000-292,KRAKEN-BACKTEST,KrakenBTCUSDResearchStrategy-000,BTC/USD.KRAKEN,KRAKEN-1-292,BTC/USD.KRAKEN-KrakenBTCUSDResearchStrategy-000,KRAKEN-001,T-6128487bc6e55ddf-101118,MARKET,SELL,0.03019744,GTC,False,False,0.03019744,TAKER,68454.62000000001,0.0,['8.27 USD'],NO_TRIGGER,FILLED,NO_CONTINGENCY,,,,,,,,36011191-206f-4c61-9ef6-f5d2e1ed9e21,2026-04-01 09:15:00+00:00,2026-04-01 09:15:00+00:00
O-20260401-170000-BACKTEST-000-293,KRAKEN-BACKTEST,KrakenBTCUSDResearchStrategy-000,BTC/USD.KRAKEN,KRAKEN-1-293,BTC/USD.KRAKEN-KrakenBTCUSDResearchStrategy-000,KRAKEN-001,T-f04c76a7e2f62ac6-101488,MARKET,BUY,0.02986081,GTC,False,False,0.02986081,TAKER,69077.18000000001,0.0,['8.25 USD'],NO_TRIGGER,FILLED,NO_CONTINGENCY,,,,,,,,93bd2f90-3e00-47cb-9639-da3845be13ce,2026-04-01 17:00:00+00:00,2026-04-01 17:00:00+00:00
O-20260401-171000-BACKTEST-000-294,KRAKEN-BACKTEST,KrakenBTCUSDResearchStrategy-000,BTC/USD.KRAKEN,KRAKEN-1-294,BTC/USD.KRAKEN-KrakenBTCUSDResearchStrategy-000,KRAKEN-001,T-599d02cbf424f535-101495,MARKET,SELL,0.02986081,GTC,False,False,0.02986081,TAKER,68747.3,0.0,['8.21 USD'],NO_TRIGGER,FILLED,NO_CONTINGENCY,,,,,,,,a346f329-af84-4b25-b2ec-078b1e56ff92,2026-04-01 17:10:00+00:00,2026-04-01 17:10:00+00:00
O-20260402-163500-BACKTEST-000-295,KRAKEN-BACKTEST,KrakenBTCUSDResearchStrategy-000,BTC/USD.KRAKEN,KRAKEN-1-295,BTC/USD.KRAKEN-KrakenBTCUSDResearchStrategy-000,KRAKEN-001,T-c67536cf98abeb94-102595,MARKET,BUY,0.03061513,GTC,False,False,0.03061513,TAKER,67117.40000000001,0.0,['8.22 USD'],NO_TRIGGER,FILLED,NO_CONTINGENCY,,,,,,,,a4271d29-3b4f-4280-84ef-6da19f2ed656,2026-04-02 16:35:00+00:00,2026-04-02 16:35:00+00:00
O-20260402-175500-BACKTEST-000-296,KRAKEN-BACKTEST,KrakenBTCUSDResearchStrategy-000,BTC/USD.KRAKEN,KRAKEN-1-296,BTC/USD.KRAKEN-KrakenBTCUSDResearchStrategy-000,KRAKEN-001,T-c5ad1acc6a688f1b-102660,MARKET,SELL,0.03061513,GTC,False,False,0.03061513,TAKER,66679.16,0.0,['8.17 USD'],NO_TRIGGER,FILLED,NO_CONTINGENCY,,,,,,,,580c146e-4c76-4ede-b840-11220d3364ea,2026-04-02 17:55:00+00:00,2026-04-02 17:55:00+00:00
O-20260403-070500-BACKTEST-000-297,KRAKEN-BACKTEST,KrakenBTCUSDResearchStrategy-000,BTC/USD.KRAKEN,KRAKEN-1-297,BTC/USD.KRAKEN-KrakenBTCUSDResearchStrategy-000,KRAKEN-001,T-3b97aad73e240d42-103270,MARKET,BUY,0.03058809,GTC,False,False,0.03058809,TAKER,66884.34999999999,0.0,['8.18 USD'],NO_TRIGGER,FILLED,NO_CONTINGENCY,,,,,,,,46003df1-3148-4d9f-b3b0-c6b2af4e9553,2026-04-03 07:05:00+00:00,2026-04-03 07:05:00+00:00
O-20260403-092000-BACKTEST-000-298,KRAKEN-BACKTEST,KrakenBTCUSDResearchStrategy-000,BTC/USD.KRAKEN,KRAKEN-1-298,BTC/USD.KRAKEN-KrakenBTCUSDResearchStrategy-000,KRAKEN-001,T-c5d98ee586c03ba7-103376,MARKET,SELL,0.03058809,GTC,False,False,0.03058809,TAKER,66778.41,0.0,['8.17 USD'],NO_TRIGGER,FILLED,NO_CONTINGENCY,,,,,,,,87135f08-3136-4add-a94c-5bf602fed382,2026-04-03 09:20:00+00:00,2026-04-03 09:20:00+00:00
O-20260403-215500-BACKTEST-000-299,KRAKEN-BACKTEST,KrakenBTCUSDResearchStrategy-000,BTC/USD.KRAKEN,KRAKEN-1-299,BTC/USD.KRAKEN-KrakenBTCUSDResearchStrategy-000,KRAKEN-001,T-23e64ecc9e4d64b2-103965,MARKET,BUY,0.03046385,GTC,False,False,0.03046385,TAKER,66964.21,0.0,['8.16 USD'],NO_TRIGGER,FILLED,NO_CONTINGENCY,,,,,,,,e4fb2316-3c27-4935-aa80-526da5a0fc33,2026-04-03 21:55:00+00:00,2026-04-03 21:55:00+00:00
O-20260403-220500-BACKTEST-000-300,KRAKEN-BACKTEST,KrakenBTCUSDResearchStrategy-000,BTC/USD.KRAKEN,KRAKEN-1-300,BTC/USD.KRAKEN-KrakenBTCUSDResearchStrategy-000,KRAKEN-001,T-eedf5b9067987551-103974,MARKET,SELL,0.03046385,GTC,False,False,0.03046385,TAKER,66850.0,0.0,['8.15 USD'],NO_TRIGGER,FILLED,NO_CONTINGENCY,,,,,,,,e62dadf0-8d37-48da-acca-28ff790f8d6a,2026-04-03 22:05:00+00:00,2026-04-03 22:05:00+00:00
O-20260404-061000-BACKTEST-000-301,KRAKEN-BACKTEST,KrakenBTCUSDResearchStrategy-000,BTC/USD.KRAKEN,KRAKEN-1-301,BTC/USD.KRAKEN-KrakenBTCUSDResearchStrategy-000,KRAKEN-001,T-6aa7e32294623a14-104341,MARKET,BUY,0.03037926,GTC,False,False,0.03037926,TAKER,66955.23999999999,0.0,['8.14 USD'],NO_TRIGGER,FILLED,NO_CONTINGENCY,,,,,,,,549cc6a7-0049-4e54-a703-db9649f9272b,2026-04-04 06:10:00+00:00,2026-04-04 06:10:00+00:00
O-20260404-085000-BACKTEST-000-302,KRAKEN-BACKTEST,KrakenBTCUSDResearchStrategy-000,BTC/USD.KRAKEN,KRAKEN-1-302,BTC/USD.KRAKEN-KrakenBTCUSDResearchStrategy-000,KRAKEN-001,T-95e1e8a670652eae-104460,MARKET,SELL,0.03037926,GTC,False,False,0.03037926,TAKER,66921.06999999999,0.0,['8.13 USD'],NO_TRIGGER,FILLED,NO_CONTINGENCY,,,,,,,,e5c5f3d2-e408-4e71-b1e3-6fb9766e3d92,2026-04-04 08:50:00+00:00,2026-04-04 08:50:00+00:00
O-20260404-104500-BACKTEST-000-303,KRAKEN-BACKTEST,KrakenBTCUSDResearchStrategy-000,BTC/USD.KRAKEN,KRAKEN-1-303,BTC/USD.KRAKEN-KrakenBTCUSDResearchStrategy-000,KRAKEN-001,T-a7dd54e8945af4d3-104545,MARKET,BUY,0.03021637,GTC,False,False,0.03021637,TAKER,67144.32,0.0,['8.12 USD'],NO_TRIGGER,FILLED,NO_CONTINGENCY,,,,,,,,fe7eedba-71bf-4609-a16e-222a3dfe99b1,2026-04-04 10:45:00+00:00,2026-04-04 10:45:00+00:00
O-20260404-124000-BACKTEST-000-304,KRAKEN-BACKTEST,KrakenBTCUSDResearchStrategy-000,BTC/USD.KRAKEN,KRAKEN-1-304,BTC/USD.KRAKEN-KrakenBTCUSDResearchStrategy-000,KRAKEN-001,T-c6a5b008dbf24f34-104634,MARKET,SELL,0.03021637,GTC,False,False,0.03021637,TAKER,67060.56999999999,0.0,['8.11 USD'],NO_TRIGGER,FILLED,NO_CONTINGENCY,,,,,,,,74134e72-8d4d-4c92-b364-6883fd53f552,2026-04-04 12:40:00+00:00,2026-04-04 12:40:00+00:00
O-20260404-150500-BACKTEST-000-305,KRAKEN-BACKTEST,KrakenBTCUSDResearchStrategy-000,BTC/USD.KRAKEN,KRAKEN-1-305,BTC/USD.KRAKEN-KrakenBTCUSDResearchStrategy-000,KRAKEN-001,T-14e6fe031ac3fad7-104747,MARKET,BUY,0.03006032,GTC,False,False,0.03006032,TAKER,67305.67,0.0,['8.09 USD'],NO_TRIGGER,FILLED,NO_CONTINGENCY,,,,,,,,47cec3ad-4ed7-4381-b02f-f4a1f3924213,2026-04-04 15:05:00+00:00,2026-04-04 15:05:00+00:00
O-20260404-200000-BACKTEST-000-306,KRAKEN-BACKTEST,KrakenBTCUSDResearchStrategy-000,BTC/USD.KRAKEN,KRAKEN-1-306,BTC/USD.KRAKEN-KrakenBTCUSDResearchStrategy-000,KRAKEN-001,T-56d6908db5878635-104969,MARKET,SELL,0.03006032,GTC,False,False,0.03006032,TAKER,67194.25,0.0,['8.08 USD'],NO_TRIGGER,FILLED,NO_CONTINGENCY,,,,,,,,eb780dad-acf9-4086-a0a4-45b1fbdec2a4,2026-04-04 20:00:00+00:00,2026-04-04 20:00:00+00:00
O-20260405-203500-BACKTEST-000-307,KRAKEN-BACKTEST,KrakenBTCUSDResearchStrategy-000,BTC/USD.KRAKEN,KRAKEN-1-307,BTC/USD.KRAKEN-KrakenBTCUSDResearchStrategy-000,KRAKEN-001,T-fe1132685841312b-106084,MARKET,BUY,0.02980374,GTC,False,False,0.02980374,TAKER,67688.6,0.0,['8.07 USD'],NO_TRIGGER,FILLED,NO_CONTINGENCY,,,,,,,,19c01008-792e-4cdc-917a-bd60dc46dee0,2026-04-05 20:35:00+00:00,2026-04-05 20:35:00+00:00
O-20260405-204000-BACKTEST-000-308,KRAKEN-BACKTEST,KrakenBTCUSDResearchStrategy-000,BTC/USD.KRAKEN,KRAKEN-1-308,BTC/USD.KRAKEN-KrakenBTCUSDResearchStrategy-000,KRAKEN-001,T-fa69c038d4598afc-106089,MARKET,SELL,0.02980374,GTC,False,False,0.02980374,TAKER,67554.7,0.0,['8.05 USD'],NO_TRIGGER,FILLED,NO_CONTINGENCY,,,,,,,,d415d829-2b7c-4972-b043-71939a9907d0,2026-04-05 20:40:00+00:00,2026-04-05 20:40:00+00:00
O-20260405-220000-BACKTEST-000-309,KRAKEN-BACKTEST,KrakenBTCUSDResearchStrategy-000,BTC/USD.KRAKEN,KRAKEN-1-309,BTC/USD.KRAKEN-KrakenBTCUSDResearchStrategy-000,KRAKEN-001,T-ad5e7e940c8aa1ef-106151,MARKET,BUY,0.02968943,GTC,False,False,0.02968943,TAKER,67746.01,0.0,['8.05 USD'],NO_TRIGGER,FILLED,NO_CONTINGENCY,,,,,,,,52ce7308-b978-47e5-826b-27be7f939ef3,2026-04-05 22:00:00+00:00,2026-04-05 22:00:00+00:00
O-20260405-221000-BACKTEST-000-310,KRAKEN-BACKTEST,KrakenBTCUSDResearchStrategy-000,BTC/USD.KRAKEN,KRAKEN-1-310,BTC/USD.KRAKEN-KrakenBTCUSDResearchStrategy-000,KRAKEN-001,T-89b520f2c9785183-106159,MARKET,SELL,0.02968943,GTC,False,False,0.02968943,TAKER,67534.8,0.0,['8.02 USD'],NO_TRIGGER,FILLED,NO_CONTINGENCY,,,,,,,,3b09fad7-ba63-482f-8430-327351a9774b,2026-04-05 22:10:00+00:00,2026-04-05 22:10:00+00:00
O-20260405-231000-BACKTEST-000-311,KRAKEN-BACKTEST,KrakenBTCUSDResearchStrategy-000,BTC/USD.KRAKEN,KRAKEN-1-311,BTC/USD.KRAKEN-KrakenBTCUSDResearchStrategy-000,KRAKEN-001,T-416723ce366f3e9b-106208,MARKET,BUY,0.02922214,GTC,False,False,0.02922214,TAKER,68599.99,0.0,['8.02 USD'],NO_TRIGGER,FILLED,NO_CONTINGENCY,,,,,,,,3c664848-2386-4389-a2d2-ff1f5aadf953,2026-04-05 23:10:00+00:00,2026-04-05 23:10:00+00:00
O-20260406-070500-BACKTEST-000-312,KRAKEN-BACKTEST,KrakenBTCUSDResearchStrategy-000,BTC/USD.KRAKEN,KRAKEN-1-312,BTC/USD.KRAKEN-KrakenBTCUSDResearchStrategy-000,KRAKEN-001,T-4915e8414751cf0e-106579,MARKET,SELL,0.02922214,GTC,False,False,0.02922214,TAKER,68833.78,0.0,['8.05 USD'],NO_TRIGGER,FILLED,NO_CONTINGENCY,,,,,,,,b23e3f7e-671b-4453-9987-ca949de81b38,2026-04-06 07:05:00+00:00,2026-04-06 07:05:00+00:00
O-20260406-091000-BACKTEST-000-313,KRAKEN-BACKTEST,KrakenBTCUSDResearchStrategy-000,BTC/USD.KRAKEN,KRAKEN-1-313,BTC/USD.KRAKEN-KrakenBTCUSDResearchStrategy-000,KRAKEN-001,T-638dab87d7d1dc36-106678,MARKET,BUY,0.02874858,GTC,False,False,0.02874858,TAKER,69633.59,0.0,['8.01 USD'],NO_TRIGGER,FILLED,NO_CONTINGENCY,,,,,,,,d8c4ac2d-a8d1-43a9-b403-3b752fa923ce,2026-04-06 09:10:00+00:00,2026-04-06 09:10:00+00:00
O-20260406-122500-BACKTEST-000-314,KRAKEN-BACKTEST,KrakenBTCUSDResearchStrategy-000,BTC/USD.KRAKEN,KRAKEN-1-314,BTC/USD.KRAKEN-KrakenBTCUSDResearchStrategy-000,KRAKEN-001,T-305f0852380f526b-106830,MARKET,SELL,0.02874858,GTC,False,False,0.02874858,TAKER,69465.27,0.0,['7.99 USD'],NO_TRIGGER,FILLED,NO_CONTINGENCY,,,,,,,,783a41db-1fc9-4986-bfd0-433b23f60168,2026-04-06 12:25:00+00:00,2026-04-06 12:25:00+00:00
O-20260406-154000-BACKTEST-000-315,KRAKEN-BACKTEST,KrakenBTCUSDResearchStrategy-000,BTC/USD.KRAKEN,KRAKEN-1-315,BTC/USD.KRAKEN-KrakenBTCUSDResearchStrategy-000,KRAKEN-001,T-869dd8fff278e78e-106985,MARKET,BUY,0.02857996,GTC,False,False,0.02857996,TAKER,69825.66,0.0,['7.98 USD'],NO_TRIGGER,FILLED,NO_CONTINGENCY,,,,,,,,3469c5f9-2e96-4d03-b8c4-e5e7fb383f85,2026-04-06 15:40:00+00:00,2026-04-06 15:40:00+00:00
O-20260406-170000-BACKTEST-000-316,KRAKEN-BACKTEST,KrakenBTCUSDResearchStrategy-000,BTC/USD.KRAKEN,KRAKEN-1-316,BTC/USD.KRAKEN-KrakenBTCUSDResearchStrategy-000,KRAKEN-001,T-170129fdb848c282-107050,MARKET,SELL,0.02857996,GTC,False,False,0.02857996,TAKER,69587.99,0.0,['7.96 USD'],NO_TRIGGER,FILLED,NO_CONTINGENCY,,,,,,,,38f877bd-8614-4a46-9b7f-d004cde75e6b,2026-04-06 17:00:00+00:00,2026-04-06 17:00:00+00:00
O-20260407-090000-BACKTEST-000-317,KRAKEN-BACKTEST,KrakenBTCUSDResearchStrategy-000,BTC/USD.KRAKEN,KRAKEN-1-317,BTC/USD.KRAKEN-KrakenBTCUSDResearchStrategy-000,KRAKEN-001,T-9d97fd5426feccbe-107794,MARKET,BUY,0.02882897,GTC,False,False,0.02882897,TAKER,68986.0,0.0,['7.96 USD'],NO_TRIGGER,FILLED,NO_CONTINGENCY,,,,,,,,d9d94fb3-c860-4960-9c84-60c0deae769c,2026-04-07 09:00:00+00:00,2026-04-07 09:00:00+00:00
O-20260407-102500-BACKTEST-000-318,KRAKEN-BACKTEST,KrakenBTCUSDResearchStrategy-000,BTC/USD.KRAKEN,KRAKEN-1-318,BTC/USD.KRAKEN-KrakenBTCUSDResearchStrategy-000,KRAKEN-001,T-e61742a11037898d-107862,MARKET,SELL,0.02882897,GTC,False,False,0.02882897,TAKER,68736.98999999999,0.0,['7.93 USD'],NO_TRIGGER,FILLED,NO_CONTINGENCY,,,,,,,,5e67d43a-d549-4f5d-8313-957d97283193,2026-04-07 10:25:00+00:00,2026-04-07 10:25:00+00:00
O-20260407-195000-BACKTEST-000-319,KRAKEN-BACKTEST,KrakenBTCUSDResearchStrategy-000,BTC/USD.KRAKEN,KRAKEN-1-319,BTC/USD.KRAKEN-KrakenBTCUSDResearchStrategy-000,KRAKEN-001,T-555d4a5420230df8-108306,MARKET,BUY,0.02871048,GTC,False,False,0.02871048,TAKER,69029.65000000001,0.0,['7.93 USD'],NO_TRIGGER,FILLED,NO_CONTINGENCY,,,,,,,,25a7c31f-6fba-41ef-891d-0b5d8aba7791,2026-04-07 19:50:00+00:00,2026-04-07 19:50:00+00:00
O-20260408-103000-BACKTEST-000-320,KRAKEN-BACKTEST,KrakenBTCUSDResearchStrategy-000,BTC/USD.KRAKEN,KRAKEN-1-320,BTC/USD.KRAKEN-KrakenBTCUSDResearchStrategy-000,KRAKEN-001,T-8f7d31c002cbc6ae-108988,MARKET,SELL,0.02871048,GTC,False,False,0.02871048,TAKER,71483.92,0.0,['8.21 USD'],NO_TRIGGER,FILLED,NO_CONTINGENCY,,,,,,,,fb472b00-0a65-418e-a47c-97dabf6fe917,2026-04-08 10:30:00+00:00,2026-04-08 10:30:00+00:00
O-20260408-125500-BACKTEST-000-321,KRAKEN-BACKTEST,KrakenBTCUSDResearchStrategy-000,BTC/USD.KRAKEN,KRAKEN-1-321,BTC/USD.KRAKEN-KrakenBTCUSDResearchStrategy-000,KRAKEN-001,T-62776cf9e789d97f-109103,MARKET,BUY,0.02772471,GTC,False,False,0.02772471,TAKER,72071.95,0.0,['7.99 USD'],NO_TRIGGER,FILLED,NO_CONTINGENCY,,,,,,,,f427e57b-77be-4730-a3ec-e8d7fcddb041,2026-04-08 12:55:00+00:00,2026-04-08 12:55:00+00:00
O-20260408-134000-BACKTEST-000-322,KRAKEN-BACKTEST,KrakenBTCUSDResearchStrategy-000,BTC/USD.KRAKEN,KRAKEN-1-322,BTC/USD.KRAKEN-KrakenBTCUSDResearchStrategy-000,KRAKEN-001,T-62b0c483de2fe7c4-109139,MARKET,SELL,0.02772471,GTC,False,False,0.02772471,TAKER,71676.19,0.0,['7.95 USD'],NO_TRIGGER,FILLED,NO_CONTINGENCY,,,,,,,,1b9ac443-d342-4cb7-9777-d0c95edd5f80,2026-04-08 13:40:00+00:00,2026-04-08 13:40:00+00:00
O-20260409-170000-BACKTEST-000-323,KRAKEN-BACKTEST,KrakenBTCUSDResearchStrategy-000,BTC/USD.KRAKEN,KRAKEN-1-323,BTC/USD.KRAKEN-KrakenBTCUSDResearchStrategy-000,KRAKEN-001,T-ac93eac79480424e-110415,MARKET,BUY,0.02746081,GTC,False,False,0.02746081,TAKER,72470.56999999999,0.0,['7.96 USD'],NO_TRIGGER,FILLED,NO_CONTINGENCY,,,,,,,,a5d64e06-4af4-4f15-9568-dca6e72a62f6,2026-04-09 17:00:00+00:00,2026-04-09 17:00:00+00:00
O-20260409-180000-BACKTEST-000-324,KRAKEN-BACKTEST,KrakenBTCUSDResearchStrategy-000,BTC/USD.KRAKEN,KRAKEN-1-324,BTC/USD.KRAKEN-KrakenBTCUSDResearchStrategy-000,KRAKEN-001,T-1ddbcb220f289a76-110464,MARKET,SELL,0.02746081,GTC,False,False,0.02746081,TAKER,71921.04,0.0,['7.90 USD'],NO_TRIGGER,FILLED,NO_CONTINGENCY,,,,,,,,bbf7cd1b-d3e5-43f6-85fa-a95ce089a79f,2026-04-09 18:00:00+00:00,2026-04-09 18:00:00+00:00
O-20260409-221500-BACKTEST-000-325,KRAKEN-BACKTEST,KrakenBTCUSDResearchStrategy-000,BTC/USD.KRAKEN,KRAKEN-1-325,BTC/USD.KRAKEN-KrakenBTCUSDResearchStrategy-000,KRAKEN-001,T-8735eb5cebf23438-110663,MARKET,BUY,0.02720527,GTC,False,False,0.02720527,TAKER,72810.0,0.0,['7.92 USD'],NO_TRIGGER,FILLED,NO_CONTINGENCY,,,,,,,,ff5aa533-23ca-495e-b39e-4187a50416b3,2026-04-09 22:15:00+00:00,2026-04-09 22:15:00+00:00
O-20260409-223500-BACKTEST-000-326,KRAKEN-BACKTEST,KrakenBTCUSDResearchStrategy-000,BTC/USD.KRAKEN,KRAKEN-1-326,BTC/USD.KRAKEN-KrakenBTCUSDResearchStrategy-000,KRAKEN-001,T-2241d927ac3563e8-110677,MARKET,SELL,0.02720527,GTC,False,False,0.02720527,TAKER,72351.36,0.0,['7.87 USD'],NO_TRIGGER,FILLED,NO_CONTINGENCY,,,,,,,,38368439-0b83-4477-973f-c5d7ecdee5f3,2026-04-09 22:35:00+00:00,2026-04-09 22:35:00+00:00
O-20260410-113500-BACKTEST-000-327,KRAKEN-BACKTEST,KrakenBTCUSDResearchStrategy-000,BTC/USD.KRAKEN,KRAKEN-1-327,BTC/USD.KRAKEN-KrakenBTCUSDResearchStrategy-000,KRAKEN-001,T-fa7256387612a5ad-111289,MARKET,BUY,0.02730253,GTC,False,False,0.02730253,TAKER,72240.0,0.0,['7.89 USD'],NO_TRIGGER,FILLED,NO_CONTINGENCY,,,,,,,,36f25ba1-fe50-4111-a805-fc27812051d3,2026-04-10 11:35:00+00:00,2026-04-10 11:35:00+00:00
O-20260410-133500-BACKTEST-000-328,KRAKEN-BACKTEST,KrakenBTCUSDResearchStrategy-000,BTC/USD.KRAKEN,KRAKEN-1-328,BTC/USD.KRAKEN-KrakenBTCUSDResearchStrategy-000,KRAKEN-001,T-4d7204d3517c34b0-111383,MARKET,SELL,0.02730253,GTC,False,False,0.02730253,TAKER,71943.86,0.0,['7.86 USD'],NO_TRIGGER,FILLED,NO_CONTINGENCY,,,,,,,,e175e9e9-df64-4f99-83e2-829b1db3fd1a,2026-04-10 13:35:00+00:00,2026-04-10 13:35:00+00:00
O-20260410-152000-BACKTEST-000-329,KRAKEN-BACKTEST,KrakenBTCUSDResearchStrategy-000,BTC/USD.KRAKEN,KRAKEN-1-329,BTC/USD.KRAKEN-KrakenBTCUSDResearchStrategy-000,KRAKEN-001,T-c6f06405a5ca5666-111468,MARKET,BUY,0.02682374,GTC,False,False,0.02682374,TAKER,73262.92,0.0,['7.86 USD'],NO_TRIGGER,FILLED,NO_CONTINGENCY,,,,,,,,c15999c6-3a2b-40e5-a6eb-50d6409bfdad,2026-04-10 15:20:00+00:00,2026-04-10 15:20:00+00:00
O-20260410-152500-BACKTEST-000-330,KRAKEN-BACKTEST,KrakenBTCUSDResearchStrategy-000,BTC/USD.KRAKEN,KRAKEN-1-330,BTC/USD.KRAKEN-KrakenBTCUSDResearchStrategy-000,KRAKEN-001,T-9f5ad05f3e0792eb-111472,MARKET,SELL,0.02682374,GTC,False,False,0.02682374,TAKER,72782.95,0.0,['7.81 USD'],NO_TRIGGER,FILLED,NO_CONTINGENCY,,,,,,,,ed956104-9ae5-4f8a-a29f-6d0135ff6ff4,2026-04-10 15:25:00+00:00,2026-04-10 15:25:00+00:00
O-20260410-201500-BACKTEST-000-331,KRAKEN-BACKTEST,KrakenBTCUSDResearchStrategy-000,BTC/USD.KRAKEN,KRAKEN-1-331,BTC/USD.KRAKEN-KrakenBTCUSDResearchStrategy-000,KRAKEN-001,T-0d8ef9ab67fa2473-111701,MARKET,BUY,0.02670527,GTC,False,False,0.02670527,TAKER,73267.22,0.0,['7.83 USD'],NO_TRIGGER,FILLED,NO_CONTINGENCY,,,,,,,,de638650-9883-4cbf-be3e-da52e55d344b,2026-04-10 20:15:00+00:00,2026-04-10 20:15:00+00:00
O-20260410-221500-BACKTEST-000-332,KRAKEN-BACKTEST,KrakenBTCUSDResearchStrategy-000,BTC/USD.KRAKEN,KRAKEN-1-332,BTC/USD.KRAKEN-KrakenBTCUSDResearchStrategy-000,KRAKEN-001,T-7dbe928c5340c2b5-111796,MARKET,SELL,0.02670527,GTC,False,False,0.02670527,TAKER,73042.45000000001,0.0,['7.80 USD'],NO_TRIGGER,FILLED,NO_CONTINGENCY,,,,,,,,4d314576-9c90-471c-9e19-ff93ae65a03a,2026-04-10 22:15:00+00:00,2026-04-10 22:15:00+00:00
O-20260411-120000-BACKTEST-000-333,KRAKEN-BACKTEST,KrakenBTCUSDResearchStrategy-000,BTC/USD.KRAKEN,KRAKEN-1-333,BTC/USD.KRAKEN-KrakenBTCUSDResearchStrategy-000,KRAKEN-001,T-3595738cfa47d8e8-112420,MARKET,BUY,0.02674201,GTC,False,False,0.02674201,TAKER,72923.91,0.0,['7.80 USD'],NO_TRIGGER,FILLED,NO_CONTINGENCY,,,,,,,,a3a07d3f-3a2e-4b87-a551-464f8f30adda,2026-04-11 12:00:00+00:00,2026-04-11 12:00:00+00:00
O-20260411-122000-BACKTEST-000-334,KRAKEN-BACKTEST,KrakenBTCUSDResearchStrategy-000,BTC/USD.KRAKEN,KRAKEN-1-334,BTC/USD.KRAKEN-KrakenBTCUSDResearchStrategy-000,KRAKEN-001,T-089361006ec36ea2-112436,MARKET,SELL,0.02674201,GTC,False,False,0.02674201,TAKER,72820.98,0.0,['7.79 USD'],NO_TRIGGER,FILLED,NO_CONTINGENCY,,,,,,,,94478bfb-d3a9-4616-850f-1d7f866e4823,2026-04-11 12:20:00+00:00,2026-04-11 12:20:00+00:00
O-20260411-164000-BACKTEST-000-335,KRAKEN-BACKTEST,KrakenBTCUSDResearchStrategy-000,BTC/USD.KRAKEN,KRAKEN-1-335,BTC/USD.KRAKEN-KrakenBTCUSDResearchStrategy-000,KRAKEN-001,T-b4a389e279a74125-112638,MARKET,BUY,0.02659958,GTC,False,False,0.02659958,TAKER,73107.53,0.0,['7.78 USD'],NO_TRIGGER,FILLED,NO_CONTINGENCY,,,,,,,,a271a4a5-bcbc-4b45-a90d-84da197a3f56,2026-04-11 16:40:00+00:00,2026-04-11 16:40:00+00:00
O-20260411-230000-BACKTEST-000-336,KRAKEN-BACKTEST,KrakenBTCUSDResearchStrategy-000,BTC/USD.KRAKEN,KRAKEN-1-336,BTC/USD.KRAKEN-KrakenBTCUSDResearchStrategy-000,KRAKEN-001,T-c2dd163ce4602dec-112932,MARKET,SELL,0.02659958,GTC,False,False,0.02659958,TAKER,73108.56999999999,0.0,['7.78 USD'],NO_TRIGGER,FILLED,NO_CONTINGENCY,,,,,,,,ed001cab-51e4-4454-b014-041a38caefd3,2026-04-11 23:00:00+00:00,2026-04-11 23:00:00+00:00
O-20260413-125000-BACKTEST-000-337,KRAKEN-BACKTEST,KrakenBTCUSDResearchStrategy-000,BTC/USD.KRAKEN,KRAKEN-1-337,BTC/USD.KRAKEN-KrakenBTCUSDResearchStrategy-000,KRAKEN-001,T-9297d222c1e2c392-114677,MARKET,BUY,0.02724370,GTC,False,False,0.02724370,TAKER,71208.05,0.0,['7.76 USD'],NO_TRIGGER,FILLED,NO_CONTINGENCY,,,,,,,,02df67e3-c0f5-46fd-bd44-2701284c3ddb,2026-04-13 12:50:00+00:00,2026-04-13 12:50:00+00:00
O-20260413-133500-BACKTEST-000-338,KRAKEN-BACKTEST,KrakenBTCUSDResearchStrategy-000,BTC/USD.KRAKEN,KRAKEN-1-338,BTC/USD.KRAKEN-KrakenBTCUSDResearchStrategy-000,KRAKEN-001,T-df211b4466cae052-114711,MARKET,SELL,0.02724370,GTC,False,False,0.02724370,TAKER,70845.26000000001,0.0,['7.72 USD'],NO_TRIGGER,FILLED,NO_CONTINGENCY,,,,,,,,5c85bc86-af3f-4ad8-a705-1e30a6cdbb19,2026-04-13 13:35:00+00:00,2026-04-13 13:35:00+00:00
O-20260413-143000-BACKTEST-000-339,KRAKEN-BACKTEST,KrakenBTCUSDResearchStrategy-000,BTC/USD.KRAKEN,KRAKEN-1-339,BTC/USD.KRAKEN-KrakenBTCUSDResearchStrategy-000,KRAKEN-001,T-0b9ae1d4a193fca8-114756,MARKET,BUY,0.02692095,GTC,False,False,0.02692095,TAKER,71779.13,0.0,['7.73 USD'],NO_TRIGGER,FILLED,NO_CONTINGENCY,,,,,,,,8f7fa1d1-0874-45d0-a373-4426bdf10e4e,2026-04-13 14:30:00+00:00,2026-04-13 14:30:00+00:00
O-20260414-103500-BACKTEST-000-340,KRAKEN-BACKTEST,KrakenBTCUSDResearchStrategy-000,BTC/USD.KRAKEN,KRAKEN-1-340,BTC/USD.KRAKEN-KrakenBTCUSDResearchStrategy-000,KRAKEN-001,T-bfa08cad8af549f4-115695,MARKET,SELL,0.02692095,GTC,False,False,0.02692095,TAKER,74400.0,0.0,['8.01 USD'],NO_TRIGGER,FILLED,NO_CONTINGENCY,,,,,,,,5ed76d5f-9379-4b98-9a56-5b3314c6c225,2026-04-14 10:35:00+00:00,2026-04-14 10:35:00+00:00
O-20260414-134000-BACKTEST-000-341,KRAKEN-BACKTEST,KrakenBTCUSDResearchStrategy-000,BTC/USD.KRAKEN,KRAKEN-1-341,BTC/USD.KRAKEN-KrakenBTCUSDResearchStrategy-000,KRAKEN-001,T-66f83a274c2dccd4-115839,MARKET,BUY,0.02591897,GTC,False,False,0.02591897,TAKER,75188.5,0.0,['7.80 USD'],NO_TRIGGER,FILLED,NO_CONTINGENCY,,,,,,,,ac6a6ceb-4761-4970-8981-56500bbccab5,2026-04-14 13:40:00+00:00,2026-04-14 13:40:00+00:00
O-20260414-150500-BACKTEST-000-342,KRAKEN-BACKTEST,KrakenBTCUSDResearchStrategy-000,BTC/USD.KRAKEN,KRAKEN-1-342,BTC/USD.KRAKEN-KrakenBTCUSDResearchStrategy-000,KRAKEN-001,T-2b5485bc90ff7941-115907,MARKET,SELL,0.02591897,GTC,False,False,0.02591897,TAKER,74694.58,0.0,['7.74 USD'],NO_TRIGGER,FILLED,NO_CONTINGENCY,,,,,,,,dd497725-7bcc-4346-a00c-edd62ca74d17,2026-04-14 15:05:00+00:00,2026-04-14 15:05:00+00:00
O-20260415-010500-BACKTEST-000-343,KRAKEN-BACKTEST,KrakenBTCUSDResearchStrategy-000,BTC/USD.KRAKEN,KRAKEN-1-343,BTC/USD.KRAKEN-KrakenBTCUSDResearchStrategy-000,KRAKEN-001,T-4785e709ab23a5f0-116378,MARKET,BUY,0.02597004,GTC,False,False,0.02597004,TAKER,74713.26000000001,0.0,['7.76 USD'],NO_TRIGGER,FILLED,NO_CONTINGENCY,,,,,,,,26b65dc8-5dae-452d-843a-8d85c8b1a5df,2026-04-15 01:05:00+00:00,2026-04-15 01:05:00+00:00
O-20260415-022000-BACKTEST-000-344,KRAKEN-BACKTEST,KrakenBTCUSDResearchStrategy-000,BTC/USD.KRAKEN,KRAKEN-1-344,BTC/USD.KRAKEN-KrakenBTCUSDResearchStrategy-000,KRAKEN-001,T-4d87bb9ddc7addc7-116437,MARKET,SELL,0.02597004,GTC,False,False,0.02597004,TAKER,74459.22,0.0,['7.73 USD'],NO_TRIGGER,FILLED,NO_CONTINGENCY,,,,,,,,9199196d-c527-4ebc-886f-81e920ece6c7,2026-04-15 02:20:00+00:00,2026-04-15 02:20:00+00:00
O-20260415-123500-BACKTEST-000-345,KRAKEN-BACKTEST,KrakenBTCUSDResearchStrategy-000,BTC/USD.KRAKEN,KRAKEN-1-345,BTC/USD.KRAKEN-KrakenBTCUSDResearchStrategy-000,KRAKEN-001,T-0505714bdca239af-116916,MARKET,BUY,0.02597190,GTC,False,False,0.02597190,TAKER,74452.75,0.0,['7.73 USD'],NO_TRIGGER,FILLED,NO_CONTINGENCY,,,,,,,,358cfa38-9e00-4a6f-ae34-e8b5707de9e5,2026-04-15 12:35:00+00:00,2026-04-15 12:35:00+00:00
O-20260415-130000-BACKTEST-000-346,KRAKEN-BACKTEST,KrakenBTCUSDResearchStrategy-000,BTC/USD.KRAKEN,KRAKEN-1-346,BTC/USD.KRAKEN-KrakenBTCUSDResearchStrategy-000,KRAKEN-001,T-71fc322cd657d481-116936,MARKET,SELL,0.02597190,GTC,False,False,0.02597190,TAKER,74232.68,0.0,['7.71 USD'],NO_TRIGGER,FILLED,NO_CONTINGENCY,,,,,,,,8154f500-00da-4424-9165-fc2fbebdec4b,2026-04-15 13:00:00+00:00,2026-04-15 13:00:00+00:00
O-20260415-190500-BACKTEST-000-347,KRAKEN-BACKTEST,KrakenBTCUSDResearchStrategy-000,BTC/USD.KRAKEN,KRAKEN-1-347,BTC/USD.KRAKEN-KrakenBTCUSDResearchStrategy-000,KRAKEN-001,T-610ab6b65df8c162-117226,MARKET,BUY,0.02580793,GTC,False,False,0.02580793,TAKER,74679.83,0.0,['7.71 USD'],NO_TRIGGER,FILLED,NO_CONTINGENCY,,,,,,,,8899cd46-d13b-4e79-a885-cb0f6bff8d88,2026-04-15 19:05:00+00:00,2026-04-15 19:05:00+00:00
O-20260416-001000-BACKTEST-000-348,KRAKEN-BACKTEST,KrakenBTCUSDResearchStrategy-000,BTC/USD.KRAKEN,KRAKEN-1-348,BTC/USD.KRAKEN-KrakenBTCUSDResearchStrategy-000,KRAKEN-001,T-1650a3d69c74680e-117465,MARKET,SELL,0.02580793,GTC,False,False,0.02580793,TAKER,74607.54,0.0,['7.70 USD'],NO_TRIGGER,FILLED,NO_CONTINGENCY,,,,,,,,9b6e8394-ae30-4ff5-9e1a-684dcb70bd26,2026-04-16 00:10:00+00:00,2026-04-16 00:10:00+00:00
O-20260416-132500-BACKTEST-000-349,KRAKEN-BACKTEST,KrakenBTCUSDResearchStrategy-000,BTC/USD.KRAKEN,KRAKEN-1-349,BTC/USD.KRAKEN-KrakenBTCUSDResearchStrategy-000,KRAKEN-001,T-4dcd2f8affad636d-118085,MARKET,BUY,0.02563705,GTC,False,False,0.02563705,TAKER,74975.5,0.0,['7.69 USD'],NO_TRIGGER,FILLED,NO_CONTINGENCY,,,,,,,,ffbf2fc1-0441-45a3-b34c-e469b471f28c,2026-04-16 13:25:00+00:00,2026-04-16 13:25:00+00:00
O-20260416-133500-BACKTEST-000-350,KRAKEN-BACKTEST,KrakenBTCUSDResearchStrategy-000,BTC/USD.KRAKEN,KRAKEN-1-350,BTC/USD.KRAKEN-KrakenBTCUSDResearchStrategy-000,KRAKEN-001,T-3575a526818f00ad-118094,MARKET,SELL,0.02563705,GTC,False,False,0.02563705,TAKER,74615.75,0.0,['7.65 USD'],NO_TRIGGER,FILLED,NO_CONTINGENCY,,,,,,,,1112713a-82a6-420c-9368-793bd8196ddf,2026-04-16 13:35:00+00:00,2026-04-16 13:35:00+00:00
O-20260416-194000-BACKTEST-000-351,KRAKEN-BACKTEST,KrakenBTCUSDResearchStrategy-000,BTC/USD.KRAKEN,KRAKEN-1-351,BTC/USD.KRAKEN-KrakenBTCUSDResearchStrategy-000,KRAKEN-001,T-65dc837665f8db14-118384,MARKET,BUY,0.02545170,GTC,False,False,0.02545170,TAKER,75232.0,0.0,['7.66 USD'],NO_TRIGGER,FILLED,NO_CONTINGENCY,,,,,,,,93fc23d6-de38-422c-a2ac-52f027b1c217,2026-04-16 19:40:00+00:00,2026-04-16 19:40:00+00:00
O-20260416-212000-BACKTEST-000-352,KRAKEN-BACKTEST,KrakenBTCUSDResearchStrategy-000,BTC/USD.KRAKEN,KRAKEN-1-352,BTC/USD.KRAKEN-KrakenBTCUSDResearchStrategy-000,KRAKEN-001,T-7bfb11720083b1ce-118462,MARKET,SELL,0.02545170,GTC,False,False,0.02545170,TAKER,74878.0,0.0,['7.62 USD'],NO_TRIGGER,FILLED,NO_CONTINGENCY,,,,,,,,55d8df15-5c58-4f11-baaa-57263ed8f36d,2026-04-16 21:20:00+00:00,2026-04-16 21:20:00+00:00
O-20260417-070000-BACKTEST-000-353,KRAKEN-BACKTEST,KrakenBTCUSDResearchStrategy-000,BTC/USD.KRAKEN,KRAKEN-1-353,BTC/USD.KRAKEN-KrakenBTCUSDResearchStrategy-000,KRAKEN-001,T-51cb3fc738f86911-118910,MARKET,BUY,0.02543667,GTC,False,False,0.02543667,TAKER,74989.98000000001,0.0,['7.63 USD'],NO_TRIGGER,FILLED,NO_CONTINGENCY,,,,,,,,60b5d921-4850-415b-b799-70253eca6b9a,2026-04-17 07:00:00+00:00,2026-04-17 07:00:00+00:00
O-20260417-230500-BACKTEST-000-354,KRAKEN-BACKTEST,KrakenBTCUSDResearchStrategy-000,BTC/USD.KRAKEN,KRAKEN-1-354,BTC/USD.KRAKEN-KrakenBTCUSDResearchStrategy-000,KRAKEN-001,T-cd5a1c7be8779d1f-119668,MARKET,SELL,0.02543667,GTC,False,False,0.02543667,TAKER,77211.0,0.0,['7.86 USD'],NO_TRIGGER,FILLED,NO_CONTINGENCY,,,,,,,,060d0720-3b70-48fe-9a8c-9947098778a0,2026-04-17 23:05:00+00:00,2026-04-17 23:05:00+00:00
O-20260419-121000-BACKTEST-000-355,KRAKEN-BACKTEST,KrakenBTCUSDResearchStrategy-000,BTC/USD.KRAKEN,KRAKEN-1-355,BTC/USD.KRAKEN-KrakenBTCUSDResearchStrategy-000,KRAKEN-001,T-90c42b20133cf2b0-121372,MARKET,BUY,0.02536961,GTC,False,False,0.02536961,TAKER,75673.04,0.0,['7.68 USD'],NO_TRIGGER,FILLED,NO_CONTINGENCY,,,,,,,,ab2c033f-e214-4107-b945-2ccc7bb62880,2026-04-19 12:10:00+00:00,2026-04-19 12:10:00+00:00
O-20260419-123500-BACKTEST-000-356,KRAKEN-BACKTEST,KrakenBTCUSDResearchStrategy-000,BTC/USD.KRAKEN,KRAKEN-1-356,BTC/USD.KRAKEN-KrakenBTCUSDResearchStrategy-000,KRAKEN-001,T-477c2d1a1cef1460-121391,MARKET,SELL,0.02536961,GTC,False,False,0.02536961,TAKER,75471.35,0.0,['7.66 USD'],NO_TRIGGER,FILLED,NO_CONTINGENCY,,,,,,,,2e367438-0489-4a92-9638-a439a328eecc,2026-04-19 12:35:00+00:00,2026-04-19 12:35:00+00:00
O-20260420-071500-BACKTEST-000-357,KRAKEN-BACKTEST,KrakenBTCUSDResearchStrategy-000,BTC/USD.KRAKEN,KRAKEN-1-357,BTC/USD.KRAKEN-KrakenBTCUSDResearchStrategy-000,KRAKEN-001,T-2c89ca37929ef87c-122258,MARKET,BUY,0.02554544,GTC,False,False,0.02554544,TAKER,74911.91,0.0,['7.65 USD'],NO_TRIGGER,FILLED,NO_CONTINGENCY,,,,,,,,ee26c8bd-0a3a-4930-b341-ee8415f7c03a,2026-04-20 07:15:00+00:00,2026-04-20 07:15:00+00:00
O-20260420-145000-BACKTEST-000-358,KRAKEN-BACKTEST,KrakenBTCUSDResearchStrategy-000,BTC/USD.KRAKEN,KRAKEN-1-358,BTC/USD.KRAKEN-KrakenBTCUSDResearchStrategy-000,KRAKEN-001,T-e212fd92c13a2032-122614,MARKET,SELL,0.02554544,GTC,False,False,0.02554544,TAKER,75025.42,0.0,['7.67 USD'],NO_TRIGGER,FILLED,NO_CONTINGENCY,,,,,,,,e405b2d8-be33-4248-86b3-cf8dd841811c,2026-04-20 14:50:00+00:00,2026-04-20 14:50:00+00:00
O-20260420-171500-BACKTEST-000-359,KRAKEN-BACKTEST,KrakenBTCUSDResearchStrategy-000,BTC/USD.KRAKEN,KRAKEN-1-359,BTC/USD.KRAKEN-KrakenBTCUSDResearchStrategy-000,KRAKEN-001,T-38ec93cc1db7d022-122728,MARKET,BUY,0.02517843,GTC,False,False,0.02517843,TAKER,75855.87999999999,0.0,['7.64 USD'],NO_TRIGGER,FILLED,NO_CONTINGENCY,,,,,,,,0b28cc61-c28f-4f64-9bd0-d05a987dde2d,2026-04-20 17:15:00+00:00,2026-04-20 17:15:00+00:00
O-20260420-230000-BACKTEST-000-360,KRAKEN-BACKTEST,KrakenBTCUSDResearchStrategy-000,BTC/USD.KRAKEN,KRAKEN-1-360,BTC/USD.KRAKEN-KrakenBTCUSDResearchStrategy-000,KRAKEN-001,T-d78cb1b1f68e8732-123001,MARKET,SELL,0.02517843,GTC,False,False,0.02517843,TAKER,75818.4,0.0,['7.64 USD'],NO_TRIGGER,FILLED,NO_CONTINGENCY,,,,,,,,ec3f74f7-9617-4c95-be76-d997143ce3a9,2026-04-20 23:00:00+00:00,2026-04-20 23:00:00+00:00
O-20260421-072000-BACKTEST-000-361,KRAKEN-BACKTEST,KrakenBTCUSDResearchStrategy-000,BTC/USD.KRAKEN,KRAKEN-1-361,BTC/USD.KRAKEN-KrakenBTCUSDResearchStrategy-000,KRAKEN-001,T-184ac2f2c5f70b8c-123390,MARKET,BUY,0.02502119,GTC,False,False,0.02502119,TAKER,76138.08,0.0,['7.62 USD'],NO_TRIGGER,FILLED,NO_CONTINGENCY,,,,,,,,c2100f32-61ae-4e4e-ab95-765da3db7fe8,2026-04-21 07:20:00+00:00,2026-04-21 07:20:00+00:00
O-20260421-123500-BACKTEST-000-362,KRAKEN-BACKTEST,KrakenBTCUSDResearchStrategy-000,BTC/USD.KRAKEN,KRAKEN-1-362,BTC/USD.KRAKEN-KrakenBTCUSDResearchStrategy-000,KRAKEN-001,T-3f5b8f2bef8ce524-123634,MARKET,SELL,0.02502119,GTC,False,False,0.02502119,TAKER,76128.79000000001,0.0,['7.62 USD'],NO_TRIGGER,FILLED,NO_CONTINGENCY,,,,,,,,429a7808-ff9f-49bd-abf1-bc331e660fdb,2026-04-21 12:35:00+00:00,2026-04-21 12:35:00+00:00
O-20260421-234000-BACKTEST-000-363,KRAKEN-BACKTEST,KrakenBTCUSDResearchStrategy-000,BTC/USD.KRAKEN,KRAKEN-1-363,BTC/USD.KRAKEN-KrakenBTCUSDResearchStrategy-000,KRAKEN-001,T-e9d21b1e4c3ca045-124153,MARKET,BUY,0.02497807,GTC,False,False,0.02497807,TAKER,76083.62,0.0,['7.60 USD'],NO_TRIGGER,FILLED,NO_CONTINGENCY,,,,,,,,cec8d878-f3e8-464c-ace4-4265fe748ae2,2026-04-21 23:40:00+00:00,2026-04-21 23:40:00+00:00
O-20260422-201500-BACKTEST-000-364,KRAKEN-BACKTEST,KrakenBTCUSDResearchStrategy-000,BTC/USD.KRAKEN,KRAKEN-1-364,BTC/USD.KRAKEN-KrakenBTCUSDResearchStrategy-000,KRAKEN-001,T-261cb17cb3f7d163-125121,MARKET,SELL,0.02497807,GTC,False,False,0.02497807,TAKER,78667.15,0.0,['7.86 USD'],NO_TRIGGER,FILLED,NO_CONTINGENCY,,,,,,,,eeadb27f-d5d0-48ee-834b-36e0e324a441,2026-04-22 20:15:00+00:00,2026-04-22 20:15:00+00:00
O-20260423-151500-BACKTEST-000-365,KRAKEN-BACKTEST,KrakenBTCUSDResearchStrategy-000,BTC/USD.KRAKEN,KRAKEN-1-365,BTC/USD.KRAKEN-KrakenBTCUSDResearchStrategy-000,KRAKEN-001,T-dbc062d3f432e93b-126013,MARKET,BUY,0.02442706,GTC,False,False,0.02442706,TAKER,78402.5,0.0,['7.66 USD'],NO_TRIGGER,FILLED,NO_CONTINGENCY,,,,,,,,03976f00-5a59-4027-adff-3f4a646cfb9e,2026-04-23 15:15:00+00:00,2026-04-23 15:15:00+00:00
O-20260423-170000-BACKTEST-000-366,KRAKEN-BACKTEST,KrakenBTCUSDResearchStrategy-000,BTC/USD.KRAKEN,KRAKEN-1-366,BTC/USD.KRAKEN-KrakenBTCUSDResearchStrategy-000,KRAKEN-001,T-c04ca2a1950edb9b-126096,MARKET,SELL,0.02442706,GTC,False,False,0.02442706,TAKER,77917.20999999999,0.0,['7.61 USD'],NO_TRIGGER,FILLED,NO_CONTINGENCY,,,,,,,,c14d0552-05a3-4a7c-b751-9f1d790c221f,2026-04-23 17:00:00+00:00,2026-04-23 17:00:00+00:00
O-20260423-221500-BACKTEST-000-367,KRAKEN-BACKTEST,KrakenBTCUSDResearchStrategy-000,BTC/USD.KRAKEN,KRAKEN-1-367,BTC/USD.KRAKEN-KrakenBTCUSDResearchStrategy-000,KRAKEN-001,T-977daea3f051b4f9-126343,MARKET,BUY,0.02437689,GTC,False,False,0.02437689,TAKER,78230.11,0.0,['7.63 USD'],NO_TRIGGER,FILLED,NO_CONTINGENCY,,,,,,,,23828725-b9db-4994-b578-85cc1eb590ac,2026-04-23 22:15:00+00:00,2026-04-23 22:15:00+00:00
O-20260424-011500-BACKTEST-000-368,KRAKEN-BACKTEST,KrakenBTCUSDResearchStrategy-000,BTC/USD.KRAKEN,KRAKEN-1-368,BTC/USD.KRAKEN-KrakenBTCUSDResearchStrategy-000,KRAKEN-001,T-046ddf137376eb08-126483,MARKET,SELL,0.02437689,GTC,False,False,0.02437689,TAKER,78078.94,0.0,['7.61 USD'],NO_TRIGGER,FILLED,NO_CONTINGENCY,,,,,,,,c63efeaa-f060-43fe-86ab-f49dd8137bdc,2026-04-24 01:15:00+00:00,2026-04-24 01:15:00+00:00
O-20260424-112500-BACKTEST-000-369,KRAKEN-BACKTEST,KrakenBTCUSDResearchStrategy-000,BTC/USD.KRAKEN,KRAKEN-1-369,BTC/USD.KRAKEN-KrakenBTCUSDResearchStrategy-000,KRAKEN-001,T-fb4980f5779c0696-126957,MARKET,BUY,0.02427515,GTC,False,False,0.02427515,TAKER,78324.01999999999,0.0,['7.61 USD'],NO_TRIGGER,FILLED,NO_CONTINGENCY,,,,,,,,55673fc1-6b8e-434f-8ca0-43ed9f3b07fb,2026-04-24 11:25:00+00:00,2026-04-24 11:25:00+00:00
O-20260424-125000-BACKTEST-000-370,KRAKEN-BACKTEST,KrakenBTCUSDResearchStrategy-000,BTC/USD.KRAKEN,KRAKEN-1-370,BTC/USD.KRAKEN-KrakenBTCUSDResearchStrategy-000,KRAKEN-001,T-be0f15d6326e4c97-127023,MARKET,SELL,0.02427515,GTC,False,False,0.02427515,TAKER,78038.0,0.0,['7.58 USD'],NO_TRIGGER,FILLED,NO_CONTINGENCY,,,,,,,,2ce0106b-cfc9-4279-b97c-935c99e9f2c1,2026-04-24 12:50:00+00:00,2026-04-24 12:50:00+00:00
O-20260425-093500-BACKTEST-000-371,KRAKEN-BACKTEST,KrakenBTCUSDResearchStrategy-000,BTC/USD.KRAKEN,KRAKEN-1-371,BTC/USD.KRAKEN-KrakenBTCUSDResearchStrategy-000,KRAKEN-001,T-701ce357a8ef4752-127971,MARKET,BUY,0.02437705,GTC,False,False,0.02437705,TAKER,77724.15000000001,0.0,['7.58 USD'],NO_TRIGGER,FILLED,NO_CONTINGENCY,,,,,,,,15d5f863-7d62-47d5-bd6a-8044a067483d,2026-04-25 09:35:00+00:00,2026-04-25 09:35:00+00:00
O-20260425-114000-BACKTEST-000-372,KRAKEN-BACKTEST,KrakenBTCUSDResearchStrategy-000,BTC/USD.KRAKEN,KRAKEN-1-372,BTC/USD.KRAKEN-KrakenBTCUSDResearchStrategy-000,KRAKEN-001,T-a6f3a37eb190d082-128061,MARKET,SELL,0.02437705,GTC,False,False,0.02437705,TAKER,77644.63,0.0,['7.57 USD'],NO_TRIGGER,FILLED,NO_CONTINGENCY,,,,,,,,7a00fd00-decc-4ecd-b96c-d5bd21631bd2,2026-04-25 11:40:00+00:00,2026-04-25 11:40:00+00:00
O-20260425-220500-BACKTEST-000-373,KRAKEN-BACKTEST,KrakenBTCUSDResearchStrategy-000,BTC/USD.KRAKEN,KRAKEN-1-373,BTC/USD.KRAKEN-KrakenBTCUSDResearchStrategy-000,KRAKEN-001,T-8175784f0e7ba2d1-128533,MARKET,BUY,0.02437128,GTC,False,False,0.02437128,TAKER,77532.18,0.0,['7.56 USD'],NO_TRIGGER,FILLED,NO_CONTINGENCY,,,,,,,,7c8def98-250d-41a4-948c-39f562cf862c,2026-04-25 22:05:00+00:00,2026-04-25 22:05:00+00:00
O-20260426-001500-BACKTEST-000-374,KRAKEN-BACKTEST,KrakenBTCUSDResearchStrategy-000,BTC/USD.KRAKEN,KRAKEN-1-374,BTC/USD.KRAKEN-KrakenBTCUSDResearchStrategy-000,KRAKEN-001,T-4bfd3b51768cc3a3-128630,MARKET,SELL,0.02437128,GTC,False,False,0.02437128,TAKER,77484.48,0.0,['7.55 USD'],NO_TRIGGER,FILLED,NO_CONTINGENCY,,,,,,,,ef7d914f-6bb4-4706-b8ef-263fab342453,2026-04-26 00:15:00+00:00,2026-04-26 00:15:00+00:00
O-20260426-051000-BACKTEST-000-375,KRAKEN-BACKTEST,KrakenBTCUSDResearchStrategy-000,BTC/USD.KRAKEN,KRAKEN-1-375,BTC/USD.KRAKEN-KrakenBTCUSDResearchStrategy-000,KRAKEN-001,T-bad6dd2c114f11e6-128855,MARKET,BUY,0.02411959,GTC,False,False,0.02411959,TAKER,78138.86,0.0,['7.54 USD'],NO_TRIGGER,FILLED,NO_CONTINGENCY,,,,,,,,bdf74964-d37b-4d09-82c0-a00f689a0241,2026-04-26 05:10:00+00:00,2026-04-26 05:10:00+00:00
O-20260426-061500-BACKTEST-000-376,KRAKEN-BACKTEST,KrakenBTCUSDResearchStrategy-000,BTC/USD.KRAKEN,KRAKEN-1-376,BTC/USD.KRAKEN-KrakenBTCUSDResearchStrategy-000,KRAKEN-001,T-04bc1ba7a6661a23-128904,MARKET,SELL,0.02411959,GTC,False,False,0.02411959,TAKER,77938.34999999999,0.0,['7.52 USD'],NO_TRIGGER,FILLED,NO_CONTINGENCY,,,,,,,,9d628420-9796-4492-b0cf-b7b177203d5f,2026-04-26 06:15:00+00:00,2026-04-26 06:15:00+00:00
O-20260426-181500-BACKTEST-000-377,KRAKEN-BACKTEST,KrakenBTCUSDResearchStrategy-000,BTC/USD.KRAKEN,KRAKEN-1-377,BTC/USD.KRAKEN-KrakenBTCUSDResearchStrategy-000,KRAKEN-001,T-ae1be8c836b241b6-129458,MARKET,BUY,0.02402415,GTC,False,False,0.02402415,TAKER,78200.78,0.0,['7.51 USD'],NO_TRIGGER,FILLED,NO_CONTINGENCY,,,,,,,,ffa807ea-9bbe-4db5-8b87-763309d3f3c9,2026-04-26 18:15:00+00:00,2026-04-26 18:15:00+00:00
O-20260426-213000-BACKTEST-000-378,KRAKEN-BACKTEST,KrakenBTCUSDResearchStrategy-000,BTC/USD.KRAKEN,KRAKEN-1-378,BTC/USD.KRAKEN-KrakenBTCUSDResearchStrategy-000,KRAKEN-001,T-a13cbb4e870448ca-129605,MARKET,SELL,0.02402415,GTC,False,False,0.02402415,TAKER,78039.36,0.0,['7.50 USD'],NO_TRIGGER,FILLED,NO_CONTINGENCY,,,,,,,,b985d3c7-6cc2-4c87-bfed-b1772b91c811,2026-04-26 21:30:00+00:00,2026-04-26 21:30:00+00:00
O-20260427-005000-BACKTEST-000-379,KRAKEN-BACKTEST,KrakenBTCUSDResearchStrategy-000,BTC/USD.KRAKEN,KRAKEN-1-379,BTC/USD.KRAKEN-KrakenBTCUSDResearchStrategy-000,KRAKEN-001,T-80d696329a6f463a-129764,MARKET,BUY,0.02372059,GTC,False,False,0.02372059,TAKER,78962.66,0.0,['7.49 USD'],NO_TRIGGER,FILLED,NO_CONTINGENCY,,,,,,,,6ddfdeeb-ff3c-4be2-8ee6-afb0b67a3f2f,2026-04-27 00:50:00+00:00,2026-04-27 00:50:00+00:00
O-20260427-050000-BACKTEST-000-380,KRAKEN-BACKTEST,KrakenBTCUSDResearchStrategy-000,BTC/USD.KRAKEN,KRAKEN-1-380,BTC/USD.KRAKEN-KrakenBTCUSDResearchStrategy-000,KRAKEN-001,T-5316321491aa76be-129957,MARKET,SELL,0.02372059,GTC,False,False,0.02372059,TAKER,78766.67,0.0,['7.47 USD'],NO_TRIGGER,FILLED,NO_CONTINGENCY,,,,,,,,7c986a0a-929b-4b30-8404-733834a13404,2026-04-27 05:00:00+00:00,2026-04-27 05:00:00+00:00
O-20260427-234000-BACKTEST-000-381,KRAKEN-BACKTEST,KrakenBTCUSDResearchStrategy-000,BTC/USD.KRAKEN,KRAKEN-1-381,BTC/USD.KRAKEN-KrakenBTCUSDResearchStrategy-000,KRAKEN-001,T-8b7d1d7fab339820-130817,MARKET,BUY,0.02415291,GTC,False,False,0.02415291,TAKER,77305.7,0.0,['7.47 USD'],NO_TRIGGER,FILLED,NO_CONTINGENCY,,,,,,,,501a95a5-6462-4580-b564-b0c2169ebc86,2026-04-27 23:40:00+00:00,2026-04-27 23:40:00+00:00
O-20260428-013000-BACKTEST-000-382,KRAKEN-BACKTEST,KrakenBTCUSDResearchStrategy-000,BTC/USD.KRAKEN,KRAKEN-1-382,BTC/USD.KRAKEN-KrakenBTCUSDResearchStrategy-000,KRAKEN-001,T-df3be4d1a4ea59ab-130904,MARKET,SELL,0.02415291,GTC,False,False,0.02415291,TAKER,77117.20999999999,0.0,['7.45 USD'],NO_TRIGGER,FILLED,NO_CONTINGENCY,,,,,,,,4c22a7c5-8a39-44ed-8307-8d4f313f4732,2026-04-28 01:30:00+00:00,2026-04-28 01:30:00+00:00
O-20260428-200000-BACKTEST-000-383,KRAKEN-BACKTEST,KrakenBTCUSDResearchStrategy-000,BTC/USD.KRAKEN,KRAKEN-1-383,BTC/USD.KRAKEN-KrakenBTCUSDResearchStrategy-000,KRAKEN-001,T-2976f4b1e13fd0c1-131764,MARKET,BUY,0.02435011,GTC,False,False,0.02435011,TAKER,76439.77,0.0,['7.45 USD'],NO_TRIGGER,FILLED,NO_CONTINGENCY,,,,,,,,26b44bda-481c-452f-bf91-301538d5a422,2026-04-28 20:00:00+00:00,2026-04-28 20:00:00+00:00
O-20260428-212500-BACKTEST-000-384,KRAKEN-BACKTEST,KrakenBTCUSDResearchStrategy-000,BTC/USD.KRAKEN,KRAKEN-1-384,BTC/USD.KRAKEN-KrakenBTCUSDResearchStrategy-000,KRAKEN-001,T-cce1ed6408530dbf-131832,MARKET,SELL,0.02435011,GTC,False,False,0.02435011,TAKER,76301.3,0.0,['7.43 USD'],NO_TRIGGER,FILLED,NO_CONTINGENCY,,,,,,,,18f0caea-b1f0-4b73-9ad0-16ad178c978a,2026-04-28 21:25:00+00:00,2026-04-28 21:25:00+00:00
O-20260429-005000-BACKTEST-000-385,KRAKEN-BACKTEST,KrakenBTCUSDResearchStrategy-000,BTC/USD.KRAKEN,KRAKEN-1-385,BTC/USD.KRAKEN-KrakenBTCUSDResearchStrategy-000,KRAKEN-001,T-9a776d20e6aa0629-131988,MARKET,BUY,0.02424724,GTC,False,False,0.02424724,TAKER,76538.26,0.0,['7.42 USD'],NO_TRIGGER,FILLED,NO_CONTINGENCY,,,,,,,,3af07aba-ecc8-413d-adc9-61e16c48a3db,2026-04-29 00:50:00+00:00,2026-04-29 00:50:00+00:00
O-20260429-010500-BACKTEST-000-386,KRAKEN-BACKTEST,KrakenBTCUSDResearchStrategy-000,BTC/USD.KRAKEN,KRAKEN-1-386,BTC/USD.KRAKEN-KrakenBTCUSDResearchStrategy-000,KRAKEN-001,T-dde9456bb8e86771-132001,MARKET,SELL,0.02424724,GTC,False,False,0.02424724,TAKER,76357.93,0.0,['7.41 USD'],NO_TRIGGER,FILLED,NO_CONTINGENCY,,,,,,,,6300eca5-5c8f-4f0d-81db-ad2adfcbbd3c,2026-04-29 01:05:00+00:00,2026-04-29 01:05:00+00:00
O-20260429-031500-BACKTEST-000-387,KRAKEN-BACKTEST,KrakenBTCUSDResearchStrategy-000,BTC/USD.KRAKEN,KRAKEN-1-387,BTC/USD.KRAKEN-KrakenBTCUSDResearchStrategy-000,KRAKEN-001,T-24da4b21c2c2d538-132101,MARKET,BUY,0.02407940,GTC,False,False,0.02407940,TAKER,76832.55,0.0,['7.40 USD'],NO_TRIGGER,FILLED,NO_CONTINGENCY,,,,,,,,6ddf0d6f-2884-4963-99fb-923e361fcf27,2026-04-29 03:15:00+00:00,2026-04-29 03:15:00+00:00
O-20260429-122000-BACKTEST-000-388,KRAKEN-BACKTEST,KrakenBTCUSDResearchStrategy-000,BTC/USD.KRAKEN,KRAKEN-1-388,BTC/USD.KRAKEN-KrakenBTCUSDResearchStrategy-000,KRAKEN-001,T-999de5381053a42f-132528,MARKET,SELL,0.02407940,GTC,False,False,0.02407940,TAKER,77136.86,0.0,['7.43 USD'],NO_TRIGGER,FILLED,NO_CONTINGENCY,,,,,,,,721df36b-c9fc-44ad-b794-9a64d2467a9b,2026-04-29 12:20:00+00:00,2026-04-29 12:20:00+00:00
O-20260430-074500-BACKTEST-000-389,KRAKEN-BACKTEST,KrakenBTCUSDResearchStrategy-000,BTC/USD.KRAKEN,KRAKEN-1-389,BTC/USD.KRAKEN-KrakenBTCUSDResearchStrategy-000,KRAKEN-001,T-cd8df2fce2b1c35a-133435,MARKET,BUY,0.02426149,GTC,False,False,0.02426149,TAKER,76163.15,0.0,['7.39 USD'],NO_TRIGGER,FILLED,NO_CONTINGENCY,,,,,,,,9d29483b-6ef0-492e-9581-0160ebfd0c5c,2026-04-30 07:45:00+00:00,2026-04-30 07:45:00+00:00
O-20260430-102000-BACKTEST-000-390,KRAKEN-BACKTEST,KrakenBTCUSDResearchStrategy-000,BTC/USD.KRAKEN,KRAKEN-1-390,BTC/USD.KRAKEN-KrakenBTCUSDResearchStrategy-000,KRAKEN-001,T-72654ff7191b6958-133553,MARKET,SELL,0.02426149,GTC,False,False,0.02426149,TAKER,76008.21,0.0,['7.38 USD'],NO_TRIGGER,FILLED,NO_CONTINGENCY,,,,,,,,10c792a8-f75a-4f7c-804d-d7d60a18777a,2026-04-30 10:20:00+00:00,2026-04-30 10:20:00+00:00
O-20260430-122000-BACKTEST-000-391,KRAKEN-BACKTEST,KrakenBTCUSDResearchStrategy-000,BTC/USD.KRAKEN,KRAKEN-1-391,BTC/USD.KRAKEN-KrakenBTCUSDResearchStrategy-000,KRAKEN-001,T-cadce87902a68b75-133645,MARKET,BUY,0.02412672,GTC,False,False,0.02412672,TAKER,76358.19,0.0,['7.37 USD'],NO_TRIGGER,FILLED,NO_CONTINGENCY,,,,,,,,2be37c38-727a-4af2-a8bb-b9bbb74f9255,2026-04-30 12:20:00+00:00,2026-04-30 12:20:00+00:00
O-20260430-171000-BACKTEST-000-392,KRAKEN-BACKTEST,KrakenBTCUSDResearchStrategy-000,BTC/USD.KRAKEN,KRAKEN-1-392,BTC/USD.KRAKEN-KrakenBTCUSDResearchStrategy-000,KRAKEN-001,T-6906b31cc30b4917-133870,MARKET,SELL,0.02412672,GTC,False,False,0.02412672,TAKER,76224.25,0.0,['7.36 USD'],NO_TRIGGER,FILLED,NO_CONTINGENCY,,,,,,,,2d8bde18-3ecd-4fd4-bab5-c34b95d4d99b,2026-04-30 17:10:00+00:00,2026-04-30 17:10:00+00:00
O-20260501-011500-BACKTEST-000-393,KRAKEN-BACKTEST,KrakenBTCUSDResearchStrategy-000,BTC/USD.KRAKEN,KRAKEN-1-393,BTC/USD.KRAKEN-KrakenBTCUSDResearchStrategy-000,KRAKEN-001,T-97bde1e539c05fbd-134245,MARKET,BUY,0.02397499,GTC,False,False,0.02397499,TAKER,76616.7,0.0,['7.35 USD'],NO_TRIGGER,FILLED,NO_CONTINGENCY,,,,,,,,f71cafbb-1425-4697-8963-d4acb74857c1,2026-05-01 01:15:00+00:00,2026-05-01 01:15:00+00:00
O-20260501-201500-BACKTEST-000-394,KRAKEN-BACKTEST,KrakenBTCUSDResearchStrategy-000,BTC/USD.KRAKEN,KRAKEN-1-394,BTC/USD.KRAKEN-KrakenBTCUSDResearchStrategy-000,KRAKEN-001,T-6e07af7d7fa8abef-135118,MARKET,SELL,0.02397499,GTC,False,False,0.02397499,TAKER,78192.43,0.0,['7.50 USD'],NO_TRIGGER,FILLED,NO_CONTINGENCY,,,,,,,,a4cbfc5f-b58e-40d7-a5d6-27edd7cb4099,2026-05-01 20:15:00+00:00,2026-05-01 20:15:00+00:00
O-20260502-013000-BACKTEST-000-395,KRAKEN-BACKTEST,KrakenBTCUSDResearchStrategy-000,BTC/USD.KRAKEN,KRAKEN-1-395,BTC/USD.KRAKEN-KrakenBTCUSDResearchStrategy-000,KRAKEN-001,T-c045a4aea600db59-135362,MARKET,BUY,0.02351017,GTC,False,False,0.02351017,TAKER,78424.09999999999,0.0,['7.38 USD'],NO_TRIGGER,FILLED,NO_CONTINGENCY,,,,,,,,63194083-6db2-40d2-9630-8c81fb302270,2026-05-02 01:30:00+00:00,2026-05-02 01:30:00+00:00
O-20260502-020500-BACKTEST-000-396,KRAKEN-BACKTEST,KrakenBTCUSDResearchStrategy-000,BTC/USD.KRAKEN,KRAKEN-1-396,BTC/USD.KRAKEN-KrakenBTCUSDResearchStrategy-000,KRAKEN-001,T-5002ff4525aecbf9-135388,MARKET,SELL,0.02351017,GTC,False,False,0.02351017,TAKER,78301.2,0.0,['7.36 USD'],NO_TRIGGER,FILLED,NO_CONTINGENCY,,,,,,,,52274b0d-58f8-4150-b561-2e147a2e0fff,2026-05-02 02:05:00+00:00,2026-05-02 02:05:00+00:00
O-20260502-155500-BACKTEST-000-397,KRAKEN-BACKTEST,KrakenBTCUSDResearchStrategy-000,BTC/USD.KRAKEN,KRAKEN-1-397,BTC/USD.KRAKEN-KrakenBTCUSDResearchStrategy-000,KRAKEN-001,T-860e38d0a82576c4-136009,MARKET,BUY,0.02342374,GTC,False,False,0.02342374,TAKER,78487.67,0.0,['7.35 USD'],NO_TRIGGER,FILLED,NO_CONTINGENCY,,,,,,,,3cd1702f-944b-4b9b-aa60-b614a547f49b,2026-05-02 15:55:00+00:00,2026-05-02 15:55:00+00:00
O-20260502-174500-BACKTEST-000-398,KRAKEN-BACKTEST,KrakenBTCUSDResearchStrategy-000,BTC/USD.KRAKEN,KRAKEN-1-398,BTC/USD.KRAKEN-KrakenBTCUSDResearchStrategy-000,KRAKEN-001,T-485eb5aa71f133ec-136093,MARKET,SELL,0.02342374,GTC,False,False,0.02342374,TAKER,78400.01,0.0,['7.35 USD'],NO_TRIGGER,FILLED,NO_CONTINGENCY,,,,,,,,fb323dee-ce12-4741-b6de-d510d5e6bffe,2026-05-02 17:45:00+00:00,2026-05-02 17:45:00+00:00
O-20260502-213000-BACKTEST-000-399,KRAKEN-BACKTEST,KrakenBTCUSDResearchStrategy-000,BTC/USD.KRAKEN,KRAKEN-1-399,BTC/USD.KRAKEN-KrakenBTCUSDResearchStrategy-000,KRAKEN-001,T-4f5173f33c0ac99d-136256,MARKET,BUY,0.02334518,GTC,False,False,0.02334518,TAKER,78536.53,0.0,['7.33 USD'],NO_TRIGGER,FILLED,NO_CONTINGENCY,,,,,,,,4d8e6571-f75c-436f-b6e1-f895100658a6,2026-05-02 21:30:00+00:00,2026-05-02 21:30:00+00:00
O-20260503-004500-BACKTEST-000-400,KRAKEN-BACKTEST,KrakenBTCUSDResearchStrategy-000,BTC/USD.KRAKEN,KRAKEN-1-400,BTC/USD.KRAKEN-KrakenBTCUSDResearchStrategy-000,KRAKEN-001,T-c497f4ef74b7f657-136403,MARKET,SELL,0.02334518,GTC,False,False,0.02334518,TAKER,78539.99,0.0,['7.33 USD'],NO_TRIGGER,FILLED,NO_CONTINGENCY,,,,,,,,5d529d58-64e9-4c43-8b8e-e0acc87bd41a,2026-05-03 00:45:00+00:00,2026-05-03 00:45:00+00:00
O-20260503-093500-BACKTEST-000-401,KRAKEN-BACKTEST,KrakenBTCUSDResearchStrategy-000,BTC/USD.KRAKEN,KRAKEN-1-401,BTC/USD.KRAKEN-KrakenBTCUSDResearchStrategy-000,KRAKEN-001,T-781146d2924f2f00-136793,MARKET,BUY,0.02326983,GTC,False,False,0.02326983,TAKER,78602.88,0.0,['7.32 USD'],NO_TRIGGER,FILLED,NO_CONTINGENCY,,,,,,,,579242af-1b29-4ed6-bdd9-25ae9c1cbb25,2026-05-03 09:35:00+00:00,2026-05-03 09:35:00+00:00
O-20260503-094000-BACKTEST-000-402,KRAKEN-BACKTEST,KrakenBTCUSDResearchStrategy-000,BTC/USD.KRAKEN,KRAKEN-1-402,BTC/USD.KRAKEN-KrakenBTCUSDResearchStrategy-000,KRAKEN-001,T-4f7cf6ca8dd9efd5-136798,MARKET,SELL,0.02326983,GTC,False,False,0.02326983,TAKER,78514.83,0.0,['7.31 USD'],NO_TRIGGER,FILLED,NO_CONTINGENCY,,,,,,,,3743ec44-4275-4c97-84d4-11ebe43f818d,2026-05-03 09:40:00+00:00,2026-05-03 09:40:00+00:00
O-20260503-114000-BACKTEST-000-403,KRAKEN-BACKTEST,KrakenBTCUSDResearchStrategy-000,BTC/USD.KRAKEN,KRAKEN-1-403,BTC/USD.KRAKEN-KrakenBTCUSDResearchStrategy-000,KRAKEN-001,T-8056e5fc16d1d3f5-136886,MARKET,BUY,0.02317250,GTC,False,False,0.02317250,TAKER,78717.09000000001,0.0,['7.30 USD'],NO_TRIGGER,FILLED,NO_CONTINGENCY,,,,,,,,c60912e4-b8a7-4330-9d6b-a3d30e9e9c74,2026-05-03 11:40:00+00:00,2026-05-03 11:40:00+00:00
O-20260503-160500-BACKTEST-000-404,KRAKEN-BACKTEST,KrakenBTCUSDResearchStrategy-000,BTC/USD.KRAKEN,KRAKEN-1-404,BTC/USD.KRAKEN-KrakenBTCUSDResearchStrategy-000,KRAKEN-001,T-19f0b9a3d5e30fed-137083,MARKET,SELL,0.02317250,GTC,False,False,0.02317250,TAKER,78633.25,0.0,['7.29 USD'],NO_TRIGGER,FILLED,NO_CONTINGENCY,,,,,,,,2f5bb74b-1bca-42d8-a094-b37973e5a9fc,2026-05-03 16:05:00+00:00,2026-05-03 16:05:00+00:00
O-20260503-193000-BACKTEST-000-405,KRAKEN-BACKTEST,KrakenBTCUSDResearchStrategy-000,BTC/USD.KRAKEN,KRAKEN-1-405,BTC/USD.KRAKEN-KrakenBTCUSDResearchStrategy-000,KRAKEN-001,T-60a5aa1b69febe14-137237,MARKET,BUY,0.02307624,GTC,False,False,0.02307624,TAKER,78830.54000000001,0.0,['7.28 USD'],NO_TRIGGER,FILLED,NO_CONTINGENCY,,,,,,,,e69f3f9f-80c5-45f6-9412-8a2348eff41b,2026-05-03 19:30:00+00:00,2026-05-03 19:30:00+00:00
O-20260503-200000-BACKTEST-000-406,KRAKEN-BACKTEST,KrakenBTCUSDResearchStrategy-000,BTC/USD.KRAKEN,KRAKEN-1-406,BTC/USD.KRAKEN-KrakenBTCUSDResearchStrategy-000,KRAKEN-001,T-cf31a9a8ee11752a-137261,MARKET,SELL,0.02307624,GTC,False,False,0.02307624,TAKER,78736.36,0.0,['7.27 USD'],NO_TRIGGER,FILLED,NO_CONTINGENCY,,,,,,,,40211460-302f-4b11-ad79-217e7b97a9cb,2026-05-03 20:00:00+00:00,2026-05-03 20:00:00+00:00
O-20260504-024000-BACKTEST-000-407,KRAKEN-BACKTEST,KrakenBTCUSDResearchStrategy-000,BTC/USD.KRAKEN,KRAKEN-1-407,BTC/USD.KRAKEN-KrakenBTCUSDResearchStrategy-000,KRAKEN-001,T-a5ebecb58432d0a7-137568,MARKET,BUY,0.02262985,GTC,False,False,0.02262985,TAKER,80163.87,0.0,['7.26 USD'],NO_TRIGGER,FILLED,NO_CONTINGENCY,,,,,,,,3bc41035-1d50-4594-9903-18d06a742557,2026-05-04 02:40:00+00:00,2026-05-04 02:40:00+00:00
O-20260504-060500-BACKTEST-000-408,KRAKEN-BACKTEST,KrakenBTCUSDResearchStrategy-000,BTC/USD.KRAKEN,KRAKEN-1-408,BTC/USD.KRAKEN-KrakenBTCUSDResearchStrategy-000,KRAKEN-001,T-0483c6a20063a33e-137730,MARKET,SELL,0.02262985,GTC,False,False,0.02262985,TAKER,79945.88,0.0,['7.24 USD'],NO_TRIGGER,FILLED,NO_CONTINGENCY,,,,,,,,764d6af3-07e3-459d-a2cc-668c216523d1,2026-05-04 06:05:00+00:00,2026-05-04 06:05:00+00:00
O-20260505-020000-BACKTEST-000-409,KRAKEN-BACKTEST,KrakenBTCUSDResearchStrategy-000,BTC/USD.KRAKEN,KRAKEN-1-409,BTC/USD.KRAKEN-KrakenBTCUSDResearchStrategy-000,KRAKEN-001,T-ab6be2bf47bb63be-138663,MARKET,BUY,0.02246363,GTC,False,False,0.02246363,TAKER,80497.43000000001,0.0,['7.23 USD'],NO_TRIGGER,FILLED,NO_CONTINGENCY,,,,,,,,05d541c7-d774-401d-8998-6108c0ef31cb,2026-05-05 02:00:00+00:00,2026-05-05 02:00:00+00:00
O-20260505-090000-BACKTEST-000-410,KRAKEN-BACKTEST,KrakenBTCUSDResearchStrategy-000,BTC/USD.KRAKEN,KRAKEN-1-410,BTC/USD.KRAKEN-KrakenBTCUSDResearchStrategy-000,KRAKEN-001,T-6c9fce34bacada6e-138986,MARKET,SELL,0.02246363,GTC,False,False,0.02246363,TAKER,80694.7,0.0,['7.25 USD'],NO_TRIGGER,FILLED,NO_CONTINGENCY,,,,,,,,af1d306a-0905-428f-b328-b625060e0180,2026-05-05 09:00:00+00:00,2026-05-05 09:00:00+00:00
O-20260505-122500-BACKTEST-000-411,KRAKEN-BACKTEST,KrakenBTCUSDResearchStrategy-000,BTC/USD.KRAKEN,KRAKEN-1-411,BTC/USD.KRAKEN-KrakenBTCUSDResearchStrategy-000,KRAKEN-001,T-4a9fee7baa39359b-139143,MARKET,BUY,0.02222591,GTC,False,False,0.02222591,TAKER,81222.9,0.0,['7.22 USD'],NO_TRIGGER,FILLED,NO_CONTINGENCY,,,,,,,,691e32de-78bf-4e15-8836-0110db38b590,2026-05-05 12:25:00+00:00,2026-05-05 12:25:00+00:00
O-20260505-163500-BACKTEST-000-412,KRAKEN-BACKTEST,KrakenBTCUSDResearchStrategy-000,BTC/USD.KRAKEN,KRAKEN-1-412,BTC/USD.KRAKEN-KrakenBTCUSDResearchStrategy-000,KRAKEN-001,T-3c87bf5e82c5b258-139339,MARKET,SELL,0.02222591,GTC,False,False,0.02222591,TAKER,81134.0,0.0,['7.21 USD'],NO_TRIGGER,FILLED,NO_CONTINGENCY,,,,,,,,66461eaf-8a09-46a3-a806-eb90b0068cbc,2026-05-05 16:35:00+00:00,2026-05-05 16:35:00+00:00
O-20260505-200000-BACKTEST-000-413,KRAKEN-BACKTEST,KrakenBTCUSDResearchStrategy-000,BTC/USD.KRAKEN,KRAKEN-1-413,BTC/USD.KRAKEN-KrakenBTCUSDResearchStrategy-000,KRAKEN-001,T-e62f9ed3801064e3-139497,MARKET,BUY,0.02203534,GTC,False,False,0.02203534,TAKER,81702.05,0.0,['7.20 USD'],NO_TRIGGER,FILLED,NO_CONTINGENCY,,,,,,,,e229a50f-f41c-4bda-b413-9754d7c807e9,2026-05-05 20:00:00+00:00,2026-05-05 20:00:00+00:00
O-20260505-212500-BACKTEST-000-414,KRAKEN-BACKTEST,KrakenBTCUSDResearchStrategy-000,BTC/USD.KRAKEN,KRAKEN-1-414,BTC/USD.KRAKEN-KrakenBTCUSDResearchStrategy-000,KRAKEN-001,T-5817a816110e4565-139563,MARKET,SELL,0.02203534,GTC,False,False,0.02203534,TAKER,81474.85,0.0,['7.18 USD'],NO_TRIGGER,FILLED,NO_CONTINGENCY,,,,,,,,eaf0969b-e699-423f-9c5b-36eb34aa30d3,2026-05-05 21:25:00+00:00,2026-05-05 21:25:00+00:00
O-20260506-032000-BACKTEST-000-415,KRAKEN-BACKTEST,KrakenBTCUSDResearchStrategy-000,BTC/USD.KRAKEN,KRAKEN-1-415,BTC/USD.KRAKEN-KrakenBTCUSDResearchStrategy-000,KRAKEN-001,T-220dd5fd2451230b-139836,MARKET,BUY,0.02197783,GTC,False,False,0.02197783,TAKER,81651.32,0.0,['7.18 USD'],NO_TRIGGER,FILLED,NO_CONTINGENCY,,,,,,,,76732b3d-91a1-4095-ac85-8060d291d54e,2026-05-06 03:20:00+00:00,2026-05-06 03:20:00+00:00
O-20260506-042500-BACKTEST-000-416,KRAKEN-BACKTEST,KrakenBTCUSDResearchStrategy-000,BTC/USD.KRAKEN,KRAKEN-1-416,BTC/USD.KRAKEN-KrakenBTCUSDResearchStrategy-000,KRAKEN-001,T-22813dcf000109c7-139889,MARKET,SELL,0.02197783,GTC,False,False,0.02197783,TAKER,81431.84,0.0,['7.16 USD'],NO_TRIGGER,FILLED,NO_CONTINGENCY,,,,,,,,17af25ce-f3be-4412-93fd-0692d320965e,2026-05-06 04:25:00+00:00,2026-05-06 04:25:00+00:00
O-20260506-083000-BACKTEST-000-417,KRAKEN-BACKTEST,KrakenBTCUSDResearchStrategy-000,BTC/USD.KRAKEN,KRAKEN-1-417,BTC/USD.KRAKEN-KrakenBTCUSDResearchStrategy-000,KRAKEN-001,T-986e451f9f8ae03c-140077,MARKET,BUY,0.02189023,GTC,False,False,0.02189023,TAKER,81715.48000000001,0.0,['7.16 USD'],NO_TRIGGER,FILLED,NO_CONTINGENCY,,,,,,,,947637dd-02de-4c32-9b4b-2e982891e3d1,2026-05-06 08:30:00+00:00,2026-05-06 08:30:00+00:00
O-20260506-132500-BACKTEST-000-418,KRAKEN-BACKTEST,KrakenBTCUSDResearchStrategy-000,BTC/USD.KRAKEN,KRAKEN-1-418,BTC/USD.KRAKEN-KrakenBTCUSDResearchStrategy-000,KRAKEN-001,T-bb19930a144896a7-140307,MARKET,SELL,0.02189023,GTC,False,False,0.02189023,TAKER,81952.97,0.0,['7.18 USD'],NO_TRIGGER,FILLED,NO_CONTINGENCY,,,,,,,,24bca16a-127a-4566-bb13-ee1f7094e339,2026-05-06 13:25:00+00:00,2026-05-06 13:25:00+00:00
O-20260507-071000-BACKTEST-000-419,KRAKEN-BACKTEST,KrakenBTCUSDResearchStrategy-000,BTC/USD.KRAKEN,KRAKEN-1-419,BTC/USD.KRAKEN-KrakenBTCUSDResearchStrategy-000,KRAKEN-001,T-daf37218cae70676-141136,MARKET,BUY,0.02187239,GTC,False,False,0.02187239,TAKER,81656.75,0.0,['7.14 USD'],NO_TRIGGER,FILLED,NO_CONTINGENCY,,,,,,,,aacc52d6-6d58-4ff0-8a49-17a9cb3f5cce,2026-05-07 07:10:00+00:00,2026-05-07 07:10:00+00:00
O-20260507-081500-BACKTEST-000-420,KRAKEN-BACKTEST,KrakenBTCUSDResearchStrategy-000,BTC/USD.KRAKEN,KRAKEN-1-420,BTC/USD.KRAKEN-KrakenBTCUSDResearchStrategy-000,KRAKEN-001,T-50bd9a0a87702b96-141186,MARKET,SELL,0.02187239,GTC,False,False,0.02187239,TAKER,81397.98000000001,0.0,['7.12 USD'],NO_TRIGGER,FILLED,NO_CONTINGENCY,,,,,,,,722924f0-83a5-405c-8374-a3c621cae3e7,2026-05-07 08:15:00+00:00,2026-05-07 08:15:00+00:00
O-20260508-084500-BACKTEST-000-421,KRAKEN-BACKTEST,KrakenBTCUSDResearchStrategy-000,BTC/USD.KRAKEN,KRAKEN-1-421,BTC/USD.KRAKEN-KrakenBTCUSDResearchStrategy-000,KRAKEN-001,T-2465dc2610d22739-142317,MARKET,BUY,0.02226522,GTC,False,False,0.02226522,TAKER,79947.66,0.0,['7.12 USD'],NO_TRIGGER,FILLED,NO_CONTINGENCY,,,,,,,,fa70771e-e78f-4b71-8054-d8ab4cc835b7,2026-05-08 08:45:00+00:00,2026-05-08 08:45:00+00:00
O-20260508-100500-BACKTEST-000-422,KRAKEN-BACKTEST,KrakenBTCUSDResearchStrategy-000,BTC/USD.KRAKEN,KRAKEN-1-422,BTC/USD.KRAKEN-KrakenBTCUSDResearchStrategy-000,KRAKEN-001,T-a010e09ce41d4efa-142380,MARKET,SELL,0.02226522,GTC,False,False,0.02226522,TAKER,79800.71,0.0,['7.11 USD'],NO_TRIGGER,FILLED,NO_CONTINGENCY,,,,,,,,a7bb7793-d454-4267-87df-f9ef41e343ff,2026-05-08 10:05:00+00:00,2026-05-08 10:05:00+00:00
O-20260508-220000-BACKTEST-000-423,KRAKEN-BACKTEST,KrakenBTCUSDResearchStrategy-000,BTC/USD.KRAKEN,KRAKEN-1-423,BTC/USD.KRAKEN-KrakenBTCUSDResearchStrategy-000,KRAKEN-001,T-e417da9b3317c09b-142933,MARKET,BUY,0.02209931,GTC,False,False,0.02209931,TAKER,80310.31,0.0,['7.10 USD'],NO_TRIGGER,FILLED,NO_CONTINGENCY,,,,,,,,2618f1d8-14cd-4b96-bd1f-f02a6b71b804,2026-05-08 22:00:00+00:00,2026-05-08 22:00:00+00:00
O-20260508-232000-BACKTEST-000-424,KRAKEN-BACKTEST,KrakenBTCUSDResearchStrategy-000,BTC/USD.KRAKEN,KRAKEN-1-424,BTC/USD.KRAKEN-KrakenBTCUSDResearchStrategy-000,KRAKEN-001,T-ba1c3221ecd89438-142993,MARKET,SELL,0.02209931,GTC,False,False,0.02209931,TAKER,80189.43000000001,0.0,['7.09 USD'],NO_TRIGGER,FILLED,NO_CONTINGENCY,,,,,,,,d49130c4-08bc-4b0c-9f90-a27ea014f9dd,2026-05-08 23:20:00+00:00,2026-05-08 23:20:00+00:00
O-20260509-015000-BACKTEST-000-425,KRAKEN-BACKTEST,KrakenBTCUSDResearchStrategy-000,BTC/USD.KRAKEN,KRAKEN-1-425,BTC/USD.KRAKEN-KrakenBTCUSDResearchStrategy-000,KRAKEN-001,T-a919264b5374f08b-143106,MARKET,BUY,0.02200506,GTC,False,False,0.02200506,TAKER,80424.43,0.0,['7.08 USD'],NO_TRIGGER,FILLED,NO_CONTINGENCY,,,,,,,,6ed9262b-3563-4e36-ba5c-30216f2a33c7,2026-05-09 01:50:00+00:00,2026-05-09 01:50:00+00:00
O-20260509-015500-BACKTEST-000-426,KRAKEN-BACKTEST,KrakenBTCUSDResearchStrategy-000,BTC/USD.KRAKEN,KRAKEN-1-426,BTC/USD.KRAKEN-KrakenBTCUSDResearchStrategy-000,KRAKEN-001,T-1951e247c3520ded-143109,MARKET,SELL,0.02200506,GTC,False,False,0.02200506,TAKER,80327.75,0.0,['7.07 USD'],NO_TRIGGER,FILLED,NO_CONTINGENCY,,,,,,,,371fe15d-1f81-46b4-bfdf-68e741cda538,2026-05-09 01:55:00+00:00,2026-05-09 01:55:00+00:00
O-20260509-031500-BACKTEST-000-427,KRAKEN-BACKTEST,KrakenBTCUSDResearchStrategy-000,BTC/USD.KRAKEN,KRAKEN-1-427,BTC/USD.KRAKEN-KrakenBTCUSDResearchStrategy-000,KRAKEN-001,T-8e54f9c9fe95f697-143173,MARKET,BUY,0.02192577,GTC,False,False,0.02192577,TAKER,80492.67,0.0,['7.06 USD'],NO_TRIGGER,FILLED,NO_CONTINGENCY,,,,,,,,730bca6b-4790-46b5-a917-8a03843156e7,2026-05-09 03:15:00+00:00,2026-05-09 03:15:00+00:00
O-20260509-033000-BACKTEST-000-428,KRAKEN-BACKTEST,KrakenBTCUSDResearchStrategy-000,BTC/USD.KRAKEN,KRAKEN-1-428,BTC/USD.KRAKEN-KrakenBTCUSDResearchStrategy-000,KRAKEN-001,T-52a2c18d6dbacaeb-143185,MARKET,SELL,0.02192577,GTC,False,False,0.02192577,TAKER,80372.3,0.0,['7.05 USD'],NO_TRIGGER,FILLED,NO_CONTINGENCY,,,,,,,,4e776210-7875-4958-92a8-8639144947fe,2026-05-09 03:30:00+00:00,2026-05-09 03:30:00+00:00
O-20260509-153000-BACKTEST-000-429,KRAKEN-BACKTEST,KrakenBTCUSDResearchStrategy-000,BTC/USD.KRAKEN,KRAKEN-1-429,BTC/USD.KRAKEN-KrakenBTCUSDResearchStrategy-000,KRAKEN-001,T-16547feee3d2c33f-143727,MARKET,BUY,0.02187720,GTC,False,False,0.02187720,TAKER,80441.66,0.0,['7.04 USD'],NO_TRIGGER,FILLED,NO_CONTINGENCY,,,,,,,,1ddb20b4-15d0-411b-aaae-d33c6ead9f81,2026-05-09 15:30:00+00:00,2026-05-09 15:30:00+00:00
O-20260509-230500-BACKTEST-000-430,KRAKEN-BACKTEST,KrakenBTCUSDResearchStrategy-000,BTC/USD.KRAKEN,KRAKEN-1-430,BTC/USD.KRAKEN-KrakenBTCUSDResearchStrategy-000,KRAKEN-001,T-849bd2b80b6bfbf2-144072,MARKET,SELL,0.02187720,GTC,False,False,0.02187720,TAKER,80714.90999999999,0.0,['7.06 USD'],NO_TRIGGER,FILLED,NO_CONTINGENCY,,,,,,,,99351f6e-3518-43ad-a68d-8abfbef4f3f8,2026-05-09 23:05:00+00:00,2026-05-09 23:05:00+00:00
O-20260510-033500-BACKTEST-000-431,KRAKEN-BACKTEST,KrakenBTCUSDResearchStrategy-000,BTC/USD.KRAKEN,KRAKEN-1-431,BTC/USD.KRAKEN-KrakenBTCUSDResearchStrategy-000,KRAKEN-001,T-1f440be4a0338555-144275,MARKET,BUY,0.02173390,GTC,False,False,0.02173390,TAKER,80859.99,0.0,['7.03 USD'],NO_TRIGGER,FILLED,NO_CONTINGENCY,,,,,,,,d2b76a87-d3d4-4260-af88-d90df6311579,2026-05-10 03:35:00+00:00,2026-05-10 03:35:00+00:00
O-20260510-040000-BACKTEST-000-432,KRAKEN-BACKTEST,KrakenBTCUSDResearchStrategy-000,BTC/USD.KRAKEN,KRAKEN-1-432,BTC/USD.KRAKEN-KrakenBTCUSDResearchStrategy-000,KRAKEN-001,T-30c3a183bc7a431b-144294,MARKET,SELL,0.02173390,GTC,False,False,0.02173390,TAKER,80750.0,0.0,['7.02 USD'],NO_TRIGGER,FILLED,NO_CONTINGENCY,,,,,,,,678ffc4a-245c-471e-a453-450388b10bcc,2026-05-10 04:00:00+00:00,2026-05-10 04:00:00+00:00
O-20260510-082500-BACKTEST-000-433,KRAKEN-BACKTEST,KrakenBTCUSDResearchStrategy-000,BTC/USD.KRAKEN,KRAKEN-1-433,BTC/USD.KRAKEN-KrakenBTCUSDResearchStrategy-000,KRAKEN-001,T-908da2ede8c3f86b-144493,MARKET,BUY,0.02166924,GTC,False,False,0.02166924,TAKER,80873.64,0.0,['7.01 USD'],NO_TRIGGER,FILLED,NO_CONTINGENCY,,,,,,,,e0147c38-cd9b-41dd-b928-3cd8ba1854eb,2026-05-10 08:25:00+00:00,2026-05-10 08:25:00+00:00
O-20260510-093500-BACKTEST-000-434,KRAKEN-BACKTEST,KrakenBTCUSDResearchStrategy-000,BTC/USD.KRAKEN,KRAKEN-1-434,BTC/USD.KRAKEN-KrakenBTCUSDResearchStrategy-000,KRAKEN-001,T-022c9e2cb0f5b64f-144544,MARKET,SELL,0.02166924,GTC,False,False,0.02166924,TAKER,80784.19,0.0,['7.00 USD'],NO_TRIGGER,FILLED,NO_CONTINGENCY,,,,,,,,f05e1029-52ec-462f-a6a6-9b314e2ddc61,2026-05-10 09:35:00+00:00,2026-05-10 09:35:00+00:00
O-20260510-110000-BACKTEST-000-435,KRAKEN-BACKTEST,KrakenBTCUSDResearchStrategy-000,BTC/USD.KRAKEN,KRAKEN-1-435,BTC/USD.KRAKEN-KrakenBTCUSDResearchStrategy-000,KRAKEN-001,T-8f141eea85dc965f-144607,MARKET,BUY,0.02159384,GTC,False,False,0.02159384,TAKER,80934.45000000001,0.0,['6.99 USD'],NO_TRIGGER,FILLED,NO_CONTINGENCY,,,,,,,,a4264588-b436-4336-bf07-011794f98beb,2026-05-10 11:00:00+00:00,2026-05-10 11:00:00+00:00
O-20260510-112000-BACKTEST-000-436,KRAKEN-BACKTEST,KrakenBTCUSDResearchStrategy-000,BTC/USD.KRAKEN,KRAKEN-1-436,BTC/USD.KRAKEN-KrakenBTCUSDResearchStrategy-000,KRAKEN-001,T-0b82599526fd7a34-144621,MARKET,SELL,0.02159384,GTC,False,False,0.02159384,TAKER,80803.06999999999,0.0,['6.98 USD'],NO_TRIGGER,FILLED,NO_CONTINGENCY,,,,,,,,133db44f-f43c-4bc9-9647-d7d81b5c4ca5,2026-05-10 11:20:00+00:00,2026-05-10 11:20:00+00:00
O-20260510-150000-BACKTEST-000-437,KRAKEN-BACKTEST,KrakenBTCUSDResearchStrategy-000,BTC/USD.KRAKEN,KRAKEN-1-437,BTC/USD.KRAKEN-KrakenBTCUSDResearchStrategy-000,KRAKEN-001,T-cd98f5faf5cf95c9-144793,MARKET,BUY,0.02150117,GTC,False,False,0.02150117,TAKER,81048.73999999999,0.0,['6.97 USD'],NO_TRIGGER,FILLED,NO_CONTINGENCY,,,,,,,,3b5c0430-a56d-4f4d-9e2f-0eb042bd5545,2026-05-10 15:00:00+00:00,2026-05-10 15:00:00+00:00
O-20260510-201000-BACKTEST-000-438,KRAKEN-BACKTEST,KrakenBTCUSDResearchStrategy-000,BTC/USD.KRAKEN,KRAKEN-1-438,BTC/USD.KRAKEN-KrakenBTCUSDResearchStrategy-000,KRAKEN-001,T-0afac906cbf4fa2a-145030,MARKET,SELL,0.02150117,GTC,False,False,0.02150117,TAKER,81191.73000000001,0.0,['6.98 USD'],NO_TRIGGER,FILLED,NO_CONTINGENCY,,,,,,,,39e12e27-0410-49c2-8c95-3313fbe07dfc,2026-05-10 20:10:00+00:00,2026-05-10 20:10:00+00:00
O-20260510-230000-BACKTEST-000-439,KRAKEN-BACKTEST,KrakenBTCUSDResearchStrategy-000,BTC/USD.KRAKEN,KRAKEN-1-439,BTC/USD.KRAKEN-KrakenBTCUSDResearchStrategy-000,KRAKEN-001,T-f09914ee854141e1-145161,MARKET,BUY,0.02115294,GTC,False,False,0.02115294,TAKER,82228.81999999999,0.0,['6.96 USD'],NO_TRIGGER,FILLED,NO_CONTINGENCY,,,,,,,,87ae88d5-79d0-4a1a-b631-989b91d2c806,2026-05-10 23:00:00+00:00,2026-05-10 23:00:00+00:00
O-20260511-001500-BACKTEST-000-440,KRAKEN-BACKTEST,KrakenBTCUSDResearchStrategy-000,BTC/USD.KRAKEN,KRAKEN-1-440,BTC/USD.KRAKEN-KrakenBTCUSDResearchStrategy-000,KRAKEN-001,T-2f4b3732f71ada6d-145220,MARKET,SELL,0.02115294,GTC,False,False,0.02115294,TAKER,81579.77,0.0,['6.90 USD'],NO_TRIGGER,FILLED,NO_CONTINGENCY,,,,,,,,b8b13fdd-e50b-44c6-ade5-c45b31dd1e64,2026-05-11 00:15:00+00:00,2026-05-11 00:15:00+00:00
O-20260511-102500-BACKTEST-000-441,KRAKEN-BACKTEST,KrakenBTCUSDResearchStrategy-000,BTC/USD.KRAKEN,KRAKEN-1-441,BTC/USD.KRAKEN-KrakenBTCUSDResearchStrategy-000,KRAKEN-001,T-9d6d15aeecc62c98-145691,MARKET,BUY,0.02132427,GTC,False,False,0.02132427,TAKER,81180.01,0.0,['6.92 USD'],NO_TRIGGER,FILLED,NO_CONTINGENCY,,,,,,,,79534bdc-1fe6-4696-9df6-1082e745efe8,2026-05-11 10:25:00+00:00,2026-05-11 10:25:00+00:00
O-20260511-103500-BACKTEST-000-442,KRAKEN-BACKTEST,KrakenBTCUSDResearchStrategy-000,BTC/USD.KRAKEN,KRAKEN-1-442,BTC/USD.KRAKEN-KrakenBTCUSDResearchStrategy-000,KRAKEN-001,T-33fdcbc192252f26-145700,MARKET,SELL,0.02132427,GTC,False,False,0.02132427,TAKER,81027.01000000001,0.0,['6.91 USD'],NO_TRIGGER,FILLED,NO_CONTINGENCY,,,,,,,,c2c61a80-3c6b-45b8-bf28-3b0ed689ef31,2026-05-11 10:35:00+00:00,2026-05-11 10:35:00+00:00
O-20260511-122000-BACKTEST-000-443,KRAKEN-BACKTEST,KrakenBTCUSDResearchStrategy-000,BTC/USD.KRAKEN,KRAKEN-1-443,BTC/USD.KRAKEN-KrakenBTCUSDResearchStrategy-000,KRAKEN-001,T-12a45d16c986d83f-145781,MARKET,BUY,0.02122615,GTC,False,False,0.02122615,TAKER,81313.75,0.0,['6.90 USD'],NO_TRIGGER,FILLED,NO_CONTINGENCY,,,,,,,,a74af17a-c597-41bd-adc9-f3a97891fb70,2026-05-11 12:20:00+00:00,2026-05-11 12:20:00+00:00
O-20260511-124500-BACKTEST-000-444,KRAKEN-BACKTEST,KrakenBTCUSDResearchStrategy-000,BTC/USD.KRAKEN,KRAKEN-1-444,BTC/USD.KRAKEN-KrakenBTCUSDResearchStrategy-000,KRAKEN-001,T-bbfaf344dd5d61f9-145800,MARKET,SELL,0.02122615,GTC,False,False,0.02122615,TAKER,81151.96,0.0,['6.89 USD'],NO_TRIGGER,FILLED,NO_CONTINGENCY,,,,,,,,c85d3d4c-c7dc-4a4e-aeca-bea8938425ff,2026-05-11 12:45:00+00:00,2026-05-11 12:45:00+00:00
O-20260511-155500-BACKTEST-000-445,KRAKEN-BACKTEST,KrakenBTCUSDResearchStrategy-000,BTC/USD.KRAKEN,KRAKEN-1-445,BTC/USD.KRAKEN-KrakenBTCUSDResearchStrategy-000,KRAKEN-001,T-aa08b04d5b47869c-145949,MARKET,BUY,0.02112824,GTC,False,False,0.02112824,TAKER,81445.90000000001,0.0,['6.88 USD'],NO_TRIGGER,FILLED,NO_CONTINGENCY,,,,,,,,9427af2c-15b8-4dd5-bcd5-ee65bb5adf25,2026-05-11 15:55:00+00:00,2026-05-11 15:55:00+00:00
O-20260511-213000-BACKTEST-000-446,KRAKEN-BACKTEST,KrakenBTCUSDResearchStrategy-000,BTC/USD.KRAKEN,KRAKEN-1-446,BTC/USD.KRAKEN-KrakenBTCUSDResearchStrategy-000,KRAKEN-001,T-34c9ccd7d547d770-146208,MARKET,SELL,0.02112824,GTC,False,False,0.02112824,TAKER,81604.04,0.0,['6.90 USD'],NO_TRIGGER,FILLED,NO_CONTINGENCY,,,,,,,,078e7bf8-1e3c-447c-ae75-86b2905de5ab,2026-05-11 21:30:00+00:00,2026-05-11 21:30:00+00:00
