timestamp,open,high,low,close,volume
1778007780.0,2371.82,2371.97,2371.52,2371.97,69.6024
1778007840.0,2371.98,2372.41,2371.78,2371.79,32.4849
1778007900.0,2371.79,2372.68,2371.3,2371.3,101.9952
1778007960.0,2371.29,2371.92,2371.06,2371.91,18.2152
1778008020.0,2371.91,2371.92,2371.91,2371.91,22.0692
1778008080.0,2371.92,2371.92,2371.06,2371.06,23.2951
1778008140.0,2371.07,2371.37,2371.06,2371.36,33.2308
1778008200.0,2371.36,2371.55,2371.36,2371.54,24.4945
1778008260.0,2371.55,2371.67,2370.57,2370.58,55.7692
1778008320.0,2370.58,2370.86,2369.48,2369.49,135.6828
1778008380.0,2369.48,2370.34,2369.48,2370.33,67.4759
1778008440.0,2370.33,2370.42,2370.0,2370.42,18.2262
1778008500.0,2370.43,2370.49,2369.33,2369.5,80.5485
1778008560.0,2369.49,2371.02,2369.45,2371.02,47.8016
1778008620.0,2371.03,2372.84,2371.03,2372.84,105.2893
1778008680.0,2372.83,2373.25,2371.78,2371.79,71.7257
1778008740.0,2371.79,2373.0,2371.78,2373.0,65.5952
1778008800.0,2373.0,2373.0,2371.88,2371.88,51.8524
1778008860.0,2371.89,2372.26,2371.78,2372.26,61.1456
1778008920.0,2372.25,2372.81,2372.25,2372.39,48.3087
1778008980.0,2372.4,2372.4,2371.3,2371.55,28.1685
1778009040.0,2371.55,2372.66,2371.54,2372.65,30.3742
1778009100.0,2372.66,2372.91,2372.21,2372.21,33.0867
1778009160.0,2372.21,2373.28,2371.86,2373.27,84.4612
1778009220.0,2373.27,2373.27,2372.72,2372.72,23.5189
1778009280.0,2372.71,2372.95,2372.03,2372.03,29.9992
1778009340.0,2372.04,2372.04,2371.31,2371.31,59.6343
1778009400.0,2371.3,2371.3,2370.67,2371.0,31.7012
1778009460.0,2371.01,2371.51,2371.0,2371.5,34.1847
1778009520.0,2371.51,2372.25,2371.5,2372.24,67.0358
1778009580.0,2372.24,2373.79,2371.56,2373.36,145.363
1778009640.0,2373.36,2373.87,2371.7,2371.71,288.3141
1778009700.0,2371.71,2372.31,2371.32,2371.32,60.2064
1778009760.0,2371.32,2371.32,2370.72,2370.73,25.4642
1778009820.0,2370.72,2370.73,2370.33,2370.33,47.0529
1778009880.0,2370.33,2371.32,2370.09,2371.32,98.3618
1778009940.0,2371.31,2371.54,2370.67,2371.54,63.3648
1778010000.0,2371.53,2372.14,2371.32,2372.13,28.1045
1778010060.0,2372.14,2373.6,2372.14,2373.52,78.9829
1778010120.0,2373.51,2373.51,2372.27,2372.28,36.5589
1778010180.0,2372.29,2373.26,2372.29,2373.25,93.365
1778010240.0,2373.24,2374.31,2373.24,2374.23,120.4606
1778010300.0,2374.23,2375.28,2374.23,2375.05,83.4059
1778010360.0,2375.06,2375.11,2373.82,2374.27,83.3169
1778010420.0,2374.26,2374.96,2373.91,2374.95,46.7501
1778010480.0,2374.96,2376.73,2374.96,2376.37,226.1102
1778010540.0,2376.36,2376.36,2375.07,2375.07,80.5939
1778010600.0,2375.06,2375.06,2372.58,2372.74,133.2952
1778010660.0,2372.73,2373.14,2371.45,2371.45,63.6017
1778010720.0,2371.45,2371.46,2369.56,2370.6,152.3968
1778010780.0,2370.59,2372.05,2370.55,2371.78,199.7196
1778010840.0,2371.79,2371.91,2371.36,2371.56,68.1924
1778010900.0,2371.56,2371.56,2370.72,2371.15,62.1971
1778010960.0,2371.16,2372.14,2371.16,2372.14,50.948
1778011020.0,2372.14,2373.56,2372.13,2373.54,52.5076
1778011080.0,2373.55,2373.55,2372.44,2372.44,24.1892
1778011140.0,2372.45,2372.65,2371.57,2371.94,116.7119
1778011200.0,2371.94,2372.63,2371.55,2371.79,173.1033
1778011260.0,2371.78,2373.0,2371.78,2372.42,36.1846
1778011320.0,2372.41,2373.83,2372.41,2373.83,58.4251
1778011380.0,2373.83,2377.0,2373.82,2375.56,296.2665
1778011440.0,2375.55,2376.2,2375.21,2375.86,234.3388
1778011500.0,2375.85,2376.05,2375.0,2376.05,29.8984
1778011560.0,2376.05,2376.05,2374.01,2374.02,113.3247
1778011620.0,2374.02,2374.02,2371.21,2372.92,119.0781
1778011680.0,2372.91,2376.0,2372.91,2375.26,314.0905
1778011740.0,2375.26,2375.56,2374.44,2375.56,183.7895
1778011800.0,2375.56,2376.25,2375.56,2376.25,38.3384
1778011860.0,2376.25,2377.41,2375.85,2377.14,199.8893
1778011920.0,2377.14,2377.14,2376.48,2376.48,37.1829
1778011980.0,2376.48,2381.96,2376.48,2380.83,1021.4343
1778012040.0,2380.82,2382.37,2380.26,2380.47,532.1561
1778012100.0,2380.47,2381.03,2378.4,2381.02,540.1718
1778012160.0,2381.02,2381.02,2379.12,2380.17,430.5763
1778012220.0,2380.16,2380.76,2380.08,2380.76,35.6662
1778012280.0,2380.76,2380.77,2379.93,2379.94,46.7473
1778012340.0,2379.94,2380.54,2378.53,2380.54,123.9931
1778012400.0,2380.54,2380.7,2380.31,2380.68,92.1326
1778012460.0,2380.68,2380.69,2379.94,2379.94,33.7459
1778012520.0,2379.95,2383.14,2379.94,2383.14,169.9242
1778012580.0,2383.13,2384.0,2382.18,2383.06,505.1962
1778012640.0,2383.07,2383.07,2381.45,2382.2,159.1918
1778012700.0,2382.21,2384.57,2382.07,2383.99,180.0214
1778012760.0,2383.99,2386.51,2383.99,2384.34,1330.8942
1778012820.0,2384.33,2384.34,2382.52,2382.52,152.721
1778012880.0,2382.53,2382.53,2381.64,2381.65,41.3801
1778012940.0,2381.64,2381.65,2380.48,2380.93,144.9996
1778013000.0,2380.94,2381.17,2380.53,2381.02,43.0396
1778013060.0,2381.02,2381.07,2380.56,2380.63,73.2528
1778013120.0,2380.63,2382.19,2380.0,2382.17,156.0106
1778013180.0,2382.18,2383.41,2382.17,2382.28,379.4952
1778013240.0,2382.29,2383.33,2382.29,2382.97,341.9323
1778013300.0,2382.98,2384.28,2382.97,2384.0,372.435
1778013360.0,2384.01,2386.04,2384.01,2385.82,258.3115
1778013420.0,2385.83,2387.0,2385.82,2386.85,436.4176
1778013480.0,2386.85,2386.99,2386.03,2386.04,465.2605
1778013540.0,2386.04,2386.04,2384.05,2384.05,88.9157
1778013600.0,2384.06,2384.06,2382.47,2383.27,60.5406
1778013660.0,2383.26,2386.16,2383.26,2385.47,445.7705
1778013720.0,2385.48,2386.83,2385.47,2386.2,413.1607
1778013780.0,2386.2,2386.2,2384.3,2384.3,54.047
1778013840.0,2384.3,2384.78,2383.99,2383.99,80.7687
1778013900.0,2383.99,2384.79,2383.63,2383.63,98.7933
1778013960.0,2383.63,2383.64,2382.24,2382.7,68.4348
1778014020.0,2382.7,2383.05,2382.4,2383.01,58.4206
1778014080.0,2383.02,2383.02,2382.24,2382.45,69.7972
1778014140.0,2382.45,2382.45,2381.98,2382.43,43.7168
1778014200.0,2382.43,2383.1,2382.38,2383.09,41.264
1778014260.0,2383.1,2383.42,2383.1,2383.41,25.4067
1778014320.0,2383.42,2383.42,2382.86,2382.86,41.856
1778014380.0,2382.86,2383.41,2382.86,2383.41,30.2516
1778014440.0,2383.41,2383.41,2382.33,2382.33,84.396
1778014500.0,2382.33,2382.33,2382.18,2382.24,19.5124
1778014560.0,2382.25,2382.61,2382.25,2382.48,51.3526
1778014620.0,2382.49,2382.49,2382.21,2382.41,51.5227
1778014680.0,2382.41,2382.98,2382.41,2382.98,89.6638
1778014740.0,2382.98,2383.11,2382.41,2382.41,47.5063
1778014800.0,2382.41,2382.7,2382.28,2382.28,57.7292
1778014860.0,2382.28,2382.29,2381.97,2382.01,46.1288
1778014920.0,2382.01,2383.12,2382.01,2383.12,64.5045
1778014980.0,2383.11,2388.54,2383.11,2387.75,888.7022
1778015040.0,2387.75,2387.76,2385.0,2385.26,303.9332
1778015100.0,2385.27,2386.2,2385.26,2386.16,128.5974
1778015160.0,2386.16,2386.79,2384.77,2384.77,138.047
1778015220.0,2384.76,2385.01,2383.56,2384.01,166.04
1778015280.0,2384.01,2384.02,2383.13,2383.99,121.3604
1778015340.0,2384.0,2384.0,2383.24,2383.24,277.4067
1778015400.0,2383.25,2383.29,2381.99,2381.99,520.7145
1778015460.0,2382.0,2382.0,2381.64,2381.89,153.8223
1778015520.0,2381.89,2382.27,2381.6,2381.88,161.9864
1778015580.0,2381.88,2381.88,2378.86,2379.61,347.9455
1778015640.0,2379.61,2379.65,2378.17,2378.17,535.4594
1778015700.0,2378.17,2380.95,2377.8,2380.86,1153.4109
1778015760.0,2380.86,2380.87,2379.36,2379.36,59.6235
1778015820.0,2379.37,2379.37,2377.89,2377.89,87.3123
1778015880.0,2377.89,2378.38,2377.8,2378.24,107.2681
1778015940.0,2378.24,2378.24,2377.89,2377.9,84.4086
1778016000.0,2377.89,2378.58,2377.89,2378.31,45.05
1778016060.0,2378.32,2378.77,2377.8,2378.76,97.5524
1778016120.0,2378.77,2379.48,2378.25,2379.1,127.3824
1778016180.0,2379.1,2379.21,2378.4,2378.4,26.3016
1778016240.0,2378.4,2379.2,2378.4,2379.2,51.1496
1778016300.0,2379.2,2380.44,2379.19,2379.93,147.3486
1778016360.0,2379.93,2379.93,2378.65,2378.65,60.6228
1778016420.0,2378.66,2379.09,2378.65,2379.08,48.2241
1778016480.0,2379.09,2379.09,2375.85,2375.96,240.9707
1778016540.0,2375.96,2375.98,2374.33,2375.9,209.1775
1778016600.0,2375.91,2375.91,2373.88,2375.25,104.1408
1778016660.0,2375.25,2375.25,2373.36,2373.83,97.5268
1778016720.0,2373.83,2375.17,2373.82,2374.64,75.8565
1778016780.0,2374.65,2374.65,2372.77,2373.56,109.5565
1778016840.0,2373.56,2373.56,2370.21,2370.21,227.0328
1778016900.0,2370.21,2370.21,2368.9,2369.7,163.3632
1778016960.0,2369.71,2370.6,2369.31,2370.59,81.0715
1778017020.0,2370.6,2373.33,2370.59,2373.32,153.5334
1778017080.0,2373.32,2373.32,2372.3,2373.25,55.7656
1778017140.0,2373.25,2373.25,2372.22,2372.22,22.7713
1778017200.0,2372.22,2372.75,2370.51,2371.44,104.8722
1778017260.0,2371.44,2372.32,2371.44,2372.05,62.3837
1778017320.0,2372.05,2373.71,2372.05,2373.16,99.5439
1778017380.0,2373.15,2373.15,2372.04,2372.04,112.4298
1778017440.0,2372.03,2372.04,2371.78,2371.78,27.223
1778017500.0,2371.78,2373.02,2370.89,2372.95,135.0456
1778017560.0,2372.95,2374.35,2372.03,2373.34,174.8217
1778017620.0,2373.35,2375.07,2372.93,2375.07,91.3823
1778017680.0,2375.06,2375.07,2374.14,2374.14,22.8919
1778017740.0,2374.14,2375.07,2374.13,2375.06,23.2331
1778017800.0,2375.06,2377.02,2374.91,2375.67,249.3779
1778017860.0,2375.68,2377.34,2375.68,2377.27,145.6196
1778017920.0,2377.28,2377.28,2375.44,2376.16,105.9424
1778017980.0,2376.16,2377.02,2375.85,2377.02,53.2955
1778018040.0,2377.01,2377.9,2376.98,2377.42,42.8853
1778018100.0,2377.43,2377.78,2377.11,2377.77,17.4755
1778018160.0,2377.77,2377.77,2376.91,2376.91,47.0474
1778018220.0,2376.91,2377.06,2376.7,2377.05,16.7817
1778018280.0,2377.06,2377.06,2375.85,2375.86,24.6426
1778018340.0,2375.85,2376.1,2375.43,2375.43,60.6765
1778018400.0,2375.43,2378.24,2375.3,2377.43,179.0711
1778018460.0,2377.43,2378.88,2377.15,2378.87,100.3491
1778018520.0,2378.86,2380.68,2378.55,2380.59,212.7947
1778018580.0,2380.6,2381.68,2380.34,2381.51,135.2647
1778018640.0,2381.51,2381.51,2378.97,2378.98,76.754
1778018700.0,2378.98,2379.3,2378.09,2379.29,74.557
1778018760.0,2379.29,2379.29,2377.42,2377.43,128.1862
1778018820.0,2377.42,2377.43,2376.08,2376.32,97.6518
1778018880.0,2376.33,2376.97,2374.91,2376.96,127.382
1778018940.0,2376.96,2376.96,2375.64,2376.78,68.2911
1778019000.0,2376.78,2376.78,2374.9,2375.29,76.1312
1778019060.0,2375.28,2375.28,2374.0,2374.0,109.8951
1778019120.0,2374.01,2374.47,2373.82,2374.12,136.7476
1778019180.0,2374.13,2375.79,2374.13,2375.79,39.7304
1778019240.0,2375.79,2375.79,2375.0,2375.01,35.9543
1778019300.0,2375.02,2375.02,2373.83,2374.05,31.9557
1778019360.0,2374.04,2374.04,2372.9,2373.64,94.9085
1778019420.0,2373.65,2374.24,2373.65,2374.14,57.0249
1778019480.0,2374.14,2374.51,2374.0,2374.0,30.7758
1778019540.0,2374.01,2375.34,2374.01,2375.22,39.4199
1778019600.0,2375.22,2375.85,2375.01,2375.06,20.7743
1778019660.0,2375.06,2375.23,2374.64,2374.97,45.5686
1778019720.0,2374.98,2375.47,2374.63,2374.64,58.9849
1778019780.0,2374.64,2374.64,2374.09,2374.18,23.6538
1778019840.0,2374.18,2375.61,2373.69,2375.61,79.1473
1778019900.0,2375.62,2376.87,2375.62,2375.86,81.9922
1778019960.0,2375.86,2376.79,2375.86,2376.79,56.5088
1778020020.0,2376.79,2379.65,2376.79,2378.74,159.7548
1778020080.0,2378.73,2378.73,2378.3,2378.3,27.0897
1778020140.0,2378.3,2378.58,2376.69,2376.77,175.0818
1778020200.0,2376.77,2376.77,2375.0,2375.15,181.0912
1778020260.0,2375.15,2375.19,2372.91,2372.91,112.3173
1778020320.0,2372.9,2372.94,2370.28,2370.29,376.4914
1778020380.0,2370.29,2370.78,2366.85,2368.34,564.1103
1778020440.0,2368.33,2369.76,2366.85,2367.03,597.915
1778020500.0,2367.03,2368.31,2366.15,2367.21,341.3462
1778020560.0,2367.22,2367.65,2365.35,2367.64,326.3526
1778020620.0,2367.64,2367.64,2365.67,2366.91,118.3292
1778020680.0,2366.91,2367.13,2361.82,2362.44,1033.2636
1778020740.0,2362.45,2363.19,2359.94,2361.78,820.5104
1778020800.0,2361.79,2365.62,2361.79,2364.96,218.6203
1778020860.0,2364.96,2364.96,2356.73,2357.56,1006.4004
1778020920.0,2357.57,2359.23,2354.34,2358.77,621.1643
1778020980.0,2358.77,2361.59,2358.14,2361.59,161.7087
1778021040.0,2361.58,2361.75,2360.8,2361.74,139.6989
1778021100.0,2361.75,2361.75,2360.8,2361.17,167.7435
1778021160.0,2361.18,2361.23,2360.38,2360.38,82.826
1778021220.0,2360.39,2360.39,2358.54,2358.76,196.4811
1778021280.0,2358.77,2362.44,2358.77,2362.35,163.5921
1778021340.0,2362.36,2363.08,2361.5,2362.85,130.3586
1778021400.0,2362.86,2363.76,2362.7,2363.51,168.73
1778021460.0,2363.52,2363.52,2362.03,2362.03,173.6195
1778021520.0,2362.03,2375.35,2362.0,2372.13,2214.3523
1778021580.0,2372.13,2372.42,2366.94,2366.95,451.7602
1778021640.0,2366.94,2371.96,2366.13,2370.1,356.1614
1778021700.0,2370.11,2371.24,2369.74,2370.76,302.8907
1778021760.0,2370.76,2371.48,2369.74,2369.74,161.8559
1778021820.0,2369.75,2369.93,2367.92,2367.93,99.517
1778021880.0,2367.92,2368.11,2366.97,2367.52,205.2888
1778021940.0,2367.51,2367.84,2367.34,2367.51,108.6389
1778022000.0,2367.51,2367.84,2366.33,2367.58,172.1239
1778022060.0,2367.57,2367.57,2365.16,2365.29,209.3619
1778022120.0,2365.29,2366.16,2363.65,2364.23,262.7835
1778022180.0,2364.22,2365.23,2363.82,2364.88,117.3441
1778022240.0,2364.89,2366.91,2364.88,2366.91,120.2065
1778022300.0,2366.91,2367.53,2365.21,2365.31,230.185
1778022360.0,2365.32,2365.94,2365.31,2365.93,225.9273
1778022420.0,2365.93,2366.55,2365.01,2365.57,95.5179
1778022480.0,2365.56,2365.57,2364.82,2365.46,91.1058
1778022540.0,2365.46,2366.84,2365.03,2366.82,128.3606
1778022600.0,2366.83,2368.98,2366.82,2368.98,122.262
1778022660.0,2368.97,2369.48,2368.64,2369.08,138.8561
1778022720.0,2369.07,2369.54,2368.5,2369.54,120.1283
1778022780.0,2369.53,2369.75,2369.0,2369.0,144.9922
1778022840.0,2369.0,2369.75,2369.0,2369.75,79.0506
1778022900.0,2369.75,2369.75,2367.54,2367.54,120.8134
1778022960.0,2367.53,2367.72,2366.36,2366.61,190.5834
1778023020.0,2366.6,2367.2,2366.53,2367.19,207.4148
1778023080.0,2367.19,2367.8,2367.08,2367.79,192.5402
1778023140.0,2367.8,2367.8,2366.11,2366.6,246.497
1778023200.0,2366.6,2367.64,2365.67,2367.16,225.3916
1778023260.0,2367.15,2367.15,2365.89,2366.34,108.6616
1778023320.0,2366.34,2366.48,2365.83,2365.83,95.7633
1778023380.0,2365.83,2365.83,2362.03,2362.17,412.6579
1778023440.0,2362.18,2362.82,2362.17,2362.81,116.7376
1778023500.0,2362.82,2363.1,2362.73,2362.75,82.115
1778023560.0,2362.74,2362.74,2360.0,2360.02,207.4315
1778023620.0,2360.02,2360.93,2359.57,2360.04,219.8582
1778023680.0,2360.04,2360.04,2357.69,2357.69,305.342
1778023740.0,2357.7,2358.7,2357.7,2358.56,199.2276
1778023800.0,2358.55,2358.94,2357.1,2358.32,94.2428
1778023860.0,2358.31,2358.55,2357.54,2358.54,145.0154
1778023920.0,2358.54,2359.95,2358.09,2358.77,163.5097
1778023980.0,2358.78,2358.78,2356.69,2357.2,103.498
1778024040.0,2357.21,2357.36,2355.37,2356.5,251.7082
1778024100.0,2356.5,2356.5,2355.45,2355.95,150.5574
1778024160.0,2355.95,2356.36,2355.54,2356.23,70.5188
1778024220.0,2356.23,2356.38,2355.0,2355.47,878.7253
1778024280.0,2355.47,2356.47,2355.15,2356.47,180.8101
1778024340.0,2356.47,2356.99,2355.36,2356.6,192.7407
1778024400.0,2356.6,2358.15,2356.37,2356.37,262.7295
1778024460.0,2356.37,2358.07,2356.36,2357.91,121.0448
1778024520.0,2357.92,2359.58,2357.53,2359.58,67.7511
1778024580.0,2359.58,2360.77,2359.06,2360.77,187.39
1778024640.0,2360.77,2360.84,2359.52,2359.53,146.8208
1778024700.0,2359.52,2360.77,2359.39,2360.68,164.1421
1778024760.0,2360.69,2360.69,2359.57,2359.64,100.0934
1778024820.0,2359.64,2360.17,2359.57,2360.16,23.0798
1778024880.0,2360.17,2360.17,2359.57,2360.17,31.4907
1778024940.0,2360.17,2362.91,2360.16,2362.6,269.4404
1778025000.0,2362.61,2363.62,2361.85,2362.84,293.3266
1778025060.0,2362.84,2363.62,2362.52,2363.38,79.6687
1778025120.0,2363.38,2363.38,2361.75,2361.75,22.6545
1778025180.0,2361.75,2361.75,2361.51,2361.75,25.0913
1778025240.0,2361.76,2362.27,2361.38,2362.27,30.9777
1778025300.0,2362.26,2362.27,2360.74,2361.1,232.9242
1778025360.0,2361.1,2361.11,2360.61,2360.61,48.2927
1778025420.0,2360.62,2362.49,2360.62,2362.24,172.7973
1778025480.0,2362.23,2362.23,2361.2,2361.59,143.6865
1778025540.0,2361.59,2361.59,2360.75,2360.77,66.4084
1778025600.0,2360.76,2361.26,2359.95,2361.26,193.6384
1778025660.0,2361.25,2362.31,2360.37,2360.62,147.1415
1778025720.0,2360.63,2362.57,2360.53,2361.01,113.0942
1778025780.0,2361.01,2363.79,2360.33,2361.83,358.1282
1778025840.0,2361.82,2365.0,2361.6,2363.68,278.2153
1778025900.0,2363.69,2363.86,2362.38,2362.38,107.8098
1778025960.0,2362.38,2363.03,2361.4,2362.97,257.7633
1778026020.0,2362.96,2364.81,2362.6,2364.0,227.3014
1778026080.0,2364.0,2364.81,2362.99,2364.61,141.5321
1778026140.0,2364.61,2364.81,2363.67,2364.31,51.3199
1778026200.0,2364.31,2365.0,2363.29,2364.99,543.5129
1778026260.0,2365.0,2365.88,2364.06,2365.68,344.6641
1778026320.0,2365.68,2365.9,2364.46,2364.47,71.9405
1778026380.0,2364.47,2364.91,2363.88,2363.89,265.4343
1778026440.0,2363.89,2364.99,2363.88,2364.37,41.0099
1778026500.0,2364.37,2365.82,2364.01,2365.82,86.153
1778026560.0,2365.81,2366.72,2364.1,2364.16,216.3183
1778026620.0,2364.15,2364.16,2363.37,2363.81,60.8147
1778026680.0,2363.81,2365.2,2363.64,2364.43,45.5693
1778026740.0,2364.43,2364.43,2362.92,2362.92,65.9119
1778026800.0,2362.93,2362.93,2362.0,2362.08,68.1276
1778026860.0,2362.08,2362.18,2359.08,2359.44,390.2895
1778026920.0,2359.43,2359.93,2358.0,2359.6,256.7366
1778026980.0,2359.59,2359.59,2357.01,2358.44,156.7164
1778027040.0,2358.44,2359.54,2358.44,2359.14,142.8677
1778027100.0,2359.13,2360.65,2359.01,2360.36,79.1725
1778027160.0,2360.37,2361.99,2360.37,2361.17,102.2191
1778027220.0,2361.18,2361.18,2359.21,2359.21,53.7759
1778027280.0,2359.2,2359.21,2357.68,2357.68,45.6257
1778027340.0,2357.67,2358.74,2357.26,2357.54,142.3162
1778027400.0,2357.54,2358.87,2357.3,2358.86,98.1411
1778027460.0,2358.85,2358.85,2357.26,2357.98,81.2554
1778027520.0,2357.99,2359.94,2357.99,2359.7,110.4844
1778027580.0,2359.71,2359.91,2358.11,2358.46,186.4991
1778027640.0,2358.47,2360.75,2358.46,2360.75,61.7279
1778027700.0,2360.75,2361.06,2360.21,2361.05,47.5612
1778027760.0,2361.05,2361.39,2360.97,2361.0,38.4644
1778027820.0,2361.0,2362.41,2361.0,2362.1,71.735
1778027880.0,2362.09,2362.22,2361.01,2362.22,67.3008
1778027940.0,2362.23,2362.9,2361.73,2361.73,86.9769
1778028000.0,2361.74,2362.93,2361.62,2361.69,34.9403
1778028060.0,2361.7,2362.67,2361.21,2361.23,71.5747
1778028120.0,2361.22,2361.47,2361.0,2361.46,106.6747
1778028180.0,2361.47,2362.43,2361.13,2362.43,143.384
1778028240.0,2362.44,2362.44,2361.06,2361.07,43.9661
1778028300.0,2361.06,2362.27,2361.06,2361.17,73.5777
1778028360.0,2361.18,2361.18,2360.13,2360.14,66.1628
1778028420.0,2360.13,2360.13,2358.0,2358.23,138.68
1778028480.0,2358.23,2358.55,2357.81,2358.08,84.2046
1778028540.0,2358.07,2358.52,2355.0,2357.54,1502.6759
1778028600.0,2357.53,2362.43,2357.53,2362.43,358.6902
1778028660.0,2362.44,2364.2,2362.44,2363.18,244.2255
1778028720.0,2363.17,2363.25,2362.47,2363.25,74.99
1778028780.0,2363.24,2364.21,2363.17,2364.2,40.4965
1778028840.0,2364.21,2366.99,2364.21,2365.78,309.7415
1778028900.0,2365.78,2367.72,2365.78,2367.37,202.0911
1778028960.0,2367.36,2367.37,2365.55,2365.55,127.4619
1778029020.0,2365.56,2365.56,2364.74,2364.75,60.0382
1778029080.0,2364.76,2365.78,2364.75,2364.81,49.9139
1778029140.0,2364.82,2365.18,2364.54,2364.63,31.8569
1778029200.0,2364.63,2365.95,2363.65,2363.65,100.4887
1778029260.0,2363.64,2365.16,2362.75,2364.8,68.0554
1778029320.0,2364.8,2365.98,2364.51,2365.86,85.8309
1778029380.0,2365.87,2366.99,2365.74,2366.23,59.5781
1778029440.0,2366.23,2367.0,2366.23,2366.85,265.398
1778029500.0,2366.85,2367.4,2365.96,2365.96,122.8308
1778029560.0,2365.97,2367.21,2365.42,2367.19,140.1767
1778029620.0,2367.2,2367.2,2366.24,2366.25,54.2277
1778029680.0,2366.25,2367.4,2366.0,2367.28,70.2487
1778029740.0,2367.29,2368.0,2367.28,2367.95,308.2554
1778029800.0,2367.96,2368.32,2367.86,2367.87,191.0622
1778029860.0,2367.87,2368.13,2367.63,2368.13,36.5691
1778029920.0,2368.12,2368.9,2366.32,2367.74,1740.6015
1778029980.0,2367.74,2369.0,2367.19,2369.0,217.7047
1778030040.0,2368.99,2368.99,2368.31,2368.86,41.4508
1778030100.0,2368.87,2369.22,2368.33,2368.88,320.059
1778030160.0,2368.89,2369.99,2368.88,2369.99,201.4592
1778030220.0,2370.0,2371.77,2369.99,2371.59,545.0409
1778030280.0,2371.59,2374.41,2371.59,2374.07,433.698
1778030340.0,2374.07,2374.4,2372.19,2372.54,112.6906
1778030400.0,2372.55,2373.41,2371.89,2373.26,70.0205
1778030460.0,2373.26,2373.44,2372.48,2372.48,55.1643
1778030520.0,2372.48,2372.55,2371.29,2371.29,54.3571
1778030580.0,2371.28,2372.6,2371.28,2371.93,151.0643
1778030640.0,2371.94,2374.13,2371.93,2374.12,96.4435
1778030700.0,2374.13,2374.41,2372.31,2373.93,295.7066
1778030760.0,2373.92,2373.92,2370.84,2371.35,161.5046
1778030820.0,2371.36,2372.56,2371.36,2372.55,32.2787
1778030880.0,2372.54,2372.54,2370.37,2370.37,103.8767
1778030940.0,2370.37,2370.38,2370.0,2370.01,9.4599
1778031000.0,2370.01,2370.95,2369.74,2369.75,57.6406
1778031060.0,2369.75,2371.32,2369.74,2370.69,38.5075
1778031120.0,2370.69,2371.03,2369.97,2371.03,79.8409
1778031180.0,2371.03,2372.61,2371.02,2372.61,23.9178
1778031240.0,2372.6,2373.34,2371.84,2372.98,62.0337
1778031300.0,2372.98,2373.36,2371.16,2371.17,95.7758
1778031360.0,2371.17,2371.17,2369.74,2370.73,73.2863
1778031420.0,2370.73,2370.73,2369.74,2369.92,41.0142
1778031480.0,2369.92,2370.94,2369.41,2370.43,68.9915
1778031540.0,2370.43,2371.52,2370.43,2371.02,66.7415
1778031600.0,2371.03,2371.25,2370.34,2371.01,58.2115
1778031660.0,2371.02,2371.02,2370.36,2370.37,73.648
1778031720.0,2370.37,2371.5,2370.21,2371.5,126.6855
1778031780.0,2371.49,2371.79,2370.86,2371.24,92.5829
1778031840.0,2371.23,2371.23,2370.34,2370.35,56.9559
1778031900.0,2370.34,2370.92,2370.22,2370.65,50.3594
1778031960.0,2370.65,2370.65,2370.0,2370.0,50.2917
1778032020.0,2370.01,2374.41,2370.0,2374.31,214.7244
1778032080.0,2374.31,2374.31,2371.29,2371.93,180.0581
1778032140.0,2371.92,2372.51,2371.82,2372.51,55.5334
1778032200.0,2372.51,2373.83,2372.33,2373.82,80.7081
1778032260.0,2373.82,2373.83,2372.39,2373.55,83.5154
1778032320.0,2373.56,2376.99,2373.55,2374.87,563.3354
1778032380.0,2374.88,2375.48,2374.58,2375.44,116.5671
1778032440.0,2375.44,2375.44,2373.82,2374.52,141.9248
1778032500.0,2374.52,2374.53,2372.83,2372.83,69.5347
1778032560.0,2372.84,2373.53,2372.71,2373.36,37.5378
1778032620.0,2373.35,2373.35,2372.41,2372.41,34.177
1778032680.0,2372.41,2372.55,2371.33,2372.2,67.2779
1778032740.0,2372.21,2373.2,2372.04,2373.19,41.5929
1778032800.0,2373.2,2373.7,2371.01,2371.01,89.1221
1778032860.0,2371.01,2371.31,2370.33,2371.31,74.921
1778032920.0,2371.31,2371.71,2371.16,2371.17,225.2865
1778032980.0,2371.17,2371.62,2370.72,2371.31,59.3504
1778033040.0,2371.32,2371.87,2370.1,2370.1,77.9864
1778033100.0,2370.11,2370.76,2369.74,2369.97,119.4864
1778033160.0,2369.97,2370.08,2369.07,2369.12,53.5806
1778033220.0,2369.11,2370.32,2368.92,2369.97,47.7733
1778033280.0,2369.97,2370.81,2369.97,2370.81,26.194
1778033340.0,2370.81,2372.43,2370.81,2371.99,92.6596
1778033400.0,2371.99,2372.43,2371.78,2372.39,36.0717
1778033460.0,2372.39,2372.42,2371.78,2372.42,56.2154
1778033520.0,2372.42,2372.99,2371.34,2371.49,66.3726
1778033580.0,2371.49,2371.5,2370.76,2370.76,204.7431
1778033640.0,2370.76,2371.45,2370.63,2371.45,49.959
1778033700.0,2371.45,2371.45,2370.43,2370.44,42.5852
1778033760.0,2370.43,2370.46,2369.46,2369.46,52.0494
1778033820.0,2369.47,2370.72,2369.47,2369.74,31.0871
1778033880.0,2369.74,2369.81,2369.19,2369.19,45.4448
1778033940.0,2369.19,2369.78,2369.19,2369.45,72.3378
1778034000.0,2369.44,2370.19,2369.18,2370.19,23.257
1778034060.0,2370.2,2370.55,2369.01,2369.01,34.1352
1778034120.0,2369.0,2369.0,2368.28,2368.3,66.0882
1778034180.0,2368.3,2369.19,2368.29,2369.16,27.6294
1778034240.0,2369.15,2369.7,2368.8,2368.82,61.8072
1778034300.0,2368.82,2368.82,2368.29,2368.29,31.5769
1778034360.0,2368.3,2368.3,2365.63,2366.02,304.446
1778034420.0,2366.01,2366.02,2364.9,2364.9,55.7828
1778034480.0,2364.9,2364.91,2363.27,2364.16,160.5382
1778034540.0,2364.17,2364.65,2363.36,2363.37,50.1265
1778034600.0,2363.36,2363.42,2362.36,2362.36,125.4535
1778034660.0,2362.35,2363.26,2361.13,2362.37,340.6378
1778034720.0,2362.37,2363.96,2362.36,2363.96,71.6329
1778034780.0,2363.96,2363.96,2362.8,2362.8,131.543
1778034840.0,2362.81,2362.81,2361.13,2361.14,217.7674
1778034900.0,2361.14,2361.65,2360.0,2361.49,292.8047
1778034960.0,2361.48,2362.58,2360.9,2361.63,91.105
1778035020.0,2361.64,2362.67,2361.04,2362.66,39.7466
1778035080.0,2362.66,2364.0,2362.29,2363.65,52.3886
1778035140.0,2363.64,2364.0,2363.0,2363.29,63.3582
1778035200.0,2363.3,2363.98,2363.3,2363.98,33.4026
1778035260.0,2363.98,2365.2,2363.98,2365.19,225.656
1778035320.0,2365.2,2366.28,2365.0,2365.01,101.8172
1778035380.0,2365.0,2365.01,2363.42,2363.45,89.2756
1778035440.0,2363.45,2364.12,2363.45,2364.12,37.9175
1778035500.0,2364.11,2364.46,2363.86,2364.46,33.8403
1778035560.0,2364.46,2366.16,2364.46,2365.48,377.1085
1778035620.0,2365.49,2365.49,2365.0,2365.39,18.8806
1778035680.0,2365.38,2365.84,2365.17,2365.84,115.1829
1778035740.0,2365.84,2366.61,2365.84,2366.61,75.6404
1778035800.0,2366.6,2367.08,2366.54,2366.9,51.7704
1778035860.0,2366.91,2366.91,2365.67,2365.68,32.1181
1778035920.0,2365.68,2365.68,2364.63,2365.59,81.4226
1778035980.0,2365.59,2366.01,2365.58,2365.68,30.6156
1778036040.0,2365.68,2366.55,2365.68,2366.55,27.5193
1778036100.0,2366.55,2367.08,2366.55,2366.96,35.9056
1778036160.0,2366.97,2368.16,2366.96,2368.16,183.2017
1778036220.0,2368.16,2370.69,2368.16,2370.02,311.5787
1778036280.0,2370.02,2370.05,2369.21,2369.92,123.7481
1778036340.0,2369.91,2369.92,2369.0,2369.75,787.5596
1778036400.0,2369.75,2370.95,2368.82,2370.44,433.1009
1778036460.0,2370.45,2370.45,2369.19,2369.73,139.3197
1778036520.0,2369.73,2371.05,2369.73,2370.23,111.1083
1778036580.0,2370.23,2371.53,2370.23,2371.53,186.7403
1778036640.0,2371.53,2372.34,2370.73,2371.52,370.1119
1778036700.0,2371.53,2373.31,2371.32,2372.69,196.9426
1778036760.0,2372.69,2372.69,2371.23,2371.8,311.4752
1778036820.0,2371.81,2372.28,2371.28,2372.16,212.4421
1778036880.0,2372.17,2372.17,2369.87,2369.93,102.8154
1778036940.0,2369.94,2370.19,2368.6,2369.2,59.6832
1778037000.0,2369.2,2369.72,2368.8,2369.1,62.8161
1778037060.0,2369.1,2369.59,2368.89,2369.12,30.503
1778037120.0,2369.11,2369.72,2368.83,2369.72,49.809
1778037180.0,2369.72,2369.91,2369.66,2369.66,52.0366
1778037240.0,2369.66,2370.1,2368.08,2368.38,369.3579
1778037300.0,2368.39,2369.62,2368.13,2369.62,140.2574
1778037360.0,2369.63,2369.77,2368.44,2368.93,42.6337
1778037420.0,2368.92,2369.02,2368.47,2368.47,23.0971
1778037480.0,2368.47,2369.43,2368.47,2369.43,65.6801
1778037540.0,2369.43,2370.4,2369.43,2370.39,38.0358
1778037600.0,2370.4,2371.78,2370.39,2370.79,82.4764
1778037660.0,2370.8,2371.01,2370.53,2370.75,297.8328
1778037720.0,2370.75,2371.47,2370.42,2370.77,36.7286
1778037780.0,2370.76,2371.79,2370.76,2370.93,106.8735
1778037840.0,2370.93,2375.99,2370.93,2375.27,426.9306
1778037900.0,2375.27,2380.87,2375.27,2380.46,918.4196
1778037960.0,2380.47,2380.47,2377.51,2377.93,191.8992
1778038020.0,2377.93,2377.94,2374.7,2375.48,178.8676
1778038080.0,2375.48,2376.56,2375.48,2376.44,266.2618
1778038140.0,2376.45,2377.05,2376.33,2376.37,131.2773
1778038200.0,2376.38,2377.25,2376.37,2376.99,73.8706
1778038260.0,2377.0,2377.65,2376.99,2377.54,66.8496
1778038320.0,2377.54,2378.68,2377.53,2378.03,116.7823
1778038380.0,2378.04,2378.84,2377.03,2377.04,112.0084
1778038440.0,2377.04,2378.25,2377.04,2378.2,45.6808
1778038500.0,2378.2,2379.67,2377.9,2379.66,181.0479
1778038560.0,2379.67,2379.67,2378.2,2378.43,57.6091
1778038620.0,2378.44,2379.16,2378.44,2379.07,129.3006
1778038680.0,2379.08,2379.84,2378.59,2378.59,117.0103
1778038740.0,2378.6,2378.88,2377.78,2377.78,189.4667
1778038800.0,2377.78,2377.78,2375.25,2375.26,99.8066
1778038860.0,2375.27,2376.17,2375.04,2375.9,106.5494
1778038920.0,2375.89,2375.92,2375.48,2375.91,54.0114
1778038980.0,2375.91,2375.91,2375.2,2375.83,49.2943
1778039040.0,2375.84,2376.36,2375.33,2376.35,59.0715
1778039100.0,2376.36,2376.58,2376.18,2376.19,17.0743
1778039160.0,2376.18,2376.19,2375.34,2375.34,58.0809
1778039220.0,2375.34,2376.2,2374.86,2375.86,52.978
1778039280.0,2375.85,2376.2,2375.26,2376.2,36.0438
1778039340.0,2376.2,2376.46,2375.43,2375.44,75.1375
1778039400.0,2375.43,2375.44,2373.94,2374.19,55.5408
1778039460.0,2374.19,2374.82,2374.15,2374.81,33.8527
1778039520.0,2374.82,2376.3,2374.81,2376.29,56.9943
1778039580.0,2376.29,2376.43,2375.91,2376.43,15.6938
1778039640.0,2376.42,2376.42,2374.94,2374.94,35.2469
1778039700.0,2374.95,2376.9,2374.95,2376.9,32.7671
1778039760.0,2376.9,2377.6,2376.89,2377.07,48.7109
1778039820.0,2377.07,2377.9,2376.83,2377.7,135.2815
1778039880.0,2377.69,2377.81,2377.02,2377.04,94.8314
1778039940.0,2377.04,2377.04,2376.46,2376.8,54.5761
1778040000.0,2376.81,2377.38,2376.41,2376.41,138.9626
1778040060.0,2376.41,2376.41,2375.85,2376.15,55.3704
1778040120.0,2376.16,2376.79,2375.85,2376.63,44.9599
1778040180.0,2376.63,2376.63,2374.57,2375.07,41.7868
1778040240.0,2375.07,2376.0,2375.07,2375.86,37.0001
1778040300.0,2375.86,2376.82,2375.86,2376.63,33.5329
1778040360.0,2376.64,2379.0,2376.63,2379.0,241.9806
1778040420.0,2379.0,2379.4,2377.98,2377.98,91.5757
1778040480.0,2377.99,2378.19,2377.07,2377.28,77.148
1778040540.0,2377.29,2378.6,2377.28,2377.55,51.0419
1778040600.0,2377.56,2378.79,2377.56,2377.58,105.7877
1778040660.0,2377.57,2378.61,2377.57,2378.29,62.4434
1778040720.0,2378.29,2378.3,2377.89,2377.9,11.4618
1778040780.0,2377.89,2377.9,2376.81,2376.81,101.259
1778040840.0,2376.82,2377.28,2375.85,2377.27,57.6514
1778040900.0,2377.27,2377.9,2376.62,2376.62,61.655
1778040960.0,2376.63,2377.71,2376.62,2377.06,49.5841
1778041020.0,2377.06,2377.06,2376.77,2376.88,19.6852
1778041080.0,2376.88,2376.88,2375.37,2375.37,52.8187
1778041140.0,2375.36,2376.51,2375.36,2376.29,25.8488
1778041200.0,2376.3,2376.3,2375.64,2376.22,75.9842
1778041260.0,2376.22,2376.48,2375.91,2376.02,30.5215
1778041320.0,2376.02,2376.84,2375.0,2375.0,78.1361
1778041380.0,2375.01,2375.21,2374.77,2375.12,57.3085
1778041440.0,2375.13,2375.17,2374.88,2375.13,31.0846
1778041500.0,2375.14,2375.34,2374.3,2374.6,40.731
1778041560.0,2374.6,2375.12,2374.21,2374.23,96.5917
1778041620.0,2374.23,2376.33,2374.23,2376.32,203.1645
1778041680.0,2376.33,2376.33,2373.62,2373.62,195.7968
1778041740.0,2373.63,2373.86,2372.92,2372.92,95.7208
1778041800.0,2372.92,2373.03,2369.45,2370.62,607.8777
1778041860.0,2370.63,2371.78,2370.56,2371.78,76.0661
1778041920.0,2371.79,2372.36,2371.5,2371.5,71.65
1778041980.0,2371.5,2372.38,2371.5,2372.37,58.3615
1778042040.0,2372.37,2372.38,2370.8,2370.8,46.9707
1778042100.0,2370.8,2371.4,2370.42,2370.42,102.4269
1778042160.0,2370.43,2370.6,2370.0,2370.48,57.6752
1778042220.0,2370.49,2370.6,2370.0,2370.0,113.3012
1778042280.0,2370.01,2371.1,2370.01,2370.79,65.5504
1778042340.0,2370.8,2370.8,2369.5,2369.51,89.846
1778042400.0,2369.51,2369.85,2369.02,2369.02,108.7483
1778042460.0,2369.02,2369.39,2369.01,2369.19,141.9347
1778042520.0,2369.2,2370.63,2369.19,2370.63,28.069
1778042580.0,2370.63,2370.73,2370.22,2370.73,49.4681
1778042640.0,2370.72,2371.64,2370.72,2371.4,18.8913
1778042700.0,2371.4,2371.61,2370.84,2370.85,32.424
1778042760.0,2370.84,2371.06,2369.74,2371.06,61.0178
1778042820.0,2371.07,2372.66,2371.06,2372.65,92.1039
1778042880.0,2372.66,2373.68,2372.66,2373.22,97.2812
1778042940.0,2373.21,2373.26,2372.57,2373.26,83.3999
1778043000.0,2373.26,2373.35,2372.51,2373.03,85.0874
1778043060.0,2373.03,2373.03,2365.58,2365.58,1032.8851
1778043120.0,2365.59,2366.42,2361.25,2363.44,904.7705
1778043180.0,2363.45,2366.81,2363.45,2366.81,453.4302
1778043240.0,2366.81,2367.94,2366.8,2367.29,286.878
1778043300.0,2367.29,2367.29,2366.25,2366.28,170.1101
1778043360.0,2366.28,2367.02,2365.68,2366.1,278.3763
1778043420.0,2366.1,2366.66,2365.32,2365.32,232.4262
1778043480.0,2365.33,2366.42,2365.32,2366.42,162.6869
1778043540.0,2366.42,2366.42,2366.08,2366.08,34.2932
1778043600.0,2366.08,2366.66,2365.72,2366.31,209.3585
1778043660.0,2366.3,2366.66,2365.91,2366.02,58.8187
1778043720.0,2366.01,2366.42,2364.8,2364.81,85.9645
1778043780.0,2364.81,2365.01,2363.64,2365.0,52.8922
1778043840.0,2365.0,2366.5,2364.69,2366.5,61.4172
1778043900.0,2366.49,2366.99,2365.47,2366.66,68.1961
1778043960.0,2366.66,2366.85,2365.07,2365.08,137.202
1778044020.0,2365.07,2365.07,2363.87,2364.75,142.4266
1778044080.0,2364.76,2364.76,2363.88,2364.63,101.9916
1778044140.0,2364.62,2364.62,2364.05,2364.4,51.0872
1778044200.0,2364.4,2365.36,2364.09,2364.1,61.4927
1778044260.0,2364.09,2364.09,2363.0,2363.52,52.3116
1778044320.0,2363.52,2363.52,2362.56,2362.66,75.3173
1778044380.0,2362.67,2364.44,2362.67,2364.0,41.1904
1778044440.0,2364.01,2364.43,2363.89,2364.43,32.4392
1778044500.0,2364.43,2364.43,2363.0,2364.26,71.1825
1778044560.0,2364.25,2364.65,2363.29,2364.58,125.3941
1778044620.0,2364.58,2366.12,2364.57,2365.76,138.4876
1778044680.0,2365.75,2365.99,2365.36,2365.68,105.6548
1778044740.0,2365.67,2365.67,2365.39,2365.39,73.2329
1778044800.0,2365.4,2365.4,2364.44,2364.69,33.6822
1778044860.0,2364.69,2364.69,2363.65,2363.65,54.6785
1778044920.0,2363.64,2364.6,2363.1,2363.79,122.6744
1778044980.0,2363.79,2364.7,2363.78,2364.7,40.4834
1778045040.0,2364.71,2365.18,2364.52,2365.18,70.4301
1778045100.0,2365.19,2365.87,2365.07,2365.19,119.5062
1778045160.0,2365.19,2365.96,2364.16,2364.16,129.0968
1778045220.0,2364.17,2364.45,2364.16,2364.44,18.5044
1778045280.0,2364.44,2364.96,2364.44,2364.95,66.1282
1778045340.0,2364.96,2365.43,2364.95,2365.42,26.7937
1778045400.0,2365.42,2365.43,2364.72,2365.32,58.5944
1778045460.0,2365.33,2365.33,2364.33,2364.52,54.8631
1778045520.0,2364.53,2364.88,2364.19,2364.2,51.1413
1778045580.0,2364.19,2364.43,2363.64,2363.89,100.0781
1778045640.0,2363.89,2364.36,2363.64,2363.72,46.4935
1778045700.0,2363.72,2363.72,2358.53,2359.64,2187.9759
1778045760.0,2359.64,2359.99,2357.74,2359.36,533.2701
1778045820.0,2359.36,2359.4,2357.73,2359.4,230.0082
1778045880.0,2359.39,2359.5,2358.44,2358.95,103.5532
1778045940.0,2358.96,2359.43,2355.0,2355.13,850.1141
1778046000.0,2355.13,2357.07,2355.04,2357.07,338.8686
1778046060.0,2357.06,2360.01,2357.06,2359.47,1977.2691
1778046120.0,2359.47,2360.54,2359.19,2360.34,301.8187
1778046180.0,2360.35,2361.06,2360.35,2360.9,243.8553
1778046240.0,2360.9,2361.27,2360.38,2360.42,229.3623
1778046300.0,2360.43,2361.23,2360.37,2361.23,134.7391
1778046360.0,2361.23,2361.89,2361.22,2361.32,96.4374
1778046420.0,2361.31,2362.91,2361.31,2362.91,101.1213
1778046480.0,2362.92,2363.37,2362.71,2362.87,71.3668
1778046540.0,2362.88,2363.89,2362.74,2363.72,322.5885
1778046600.0,2363.72,2364.05,2363.72,2364.02,48.4426
1778046660.0,2364.01,2364.02,2362.44,2362.44,57.5368
1778046720.0,2362.43,2362.43,2362.06,2362.07,11.8706
1778046780.0,2362.06,2362.49,2362.06,2362.15,88.4509
1778046840.0,2362.15,2362.84,2362.13,2362.14,141.5773
1778046900.0,2362.14,2362.76,2362.13,2362.75,43.582
1778046960.0,2362.76,2364.05,2362.75,2363.98,121.4762
1778047020.0,2363.99,2364.41,2363.88,2364.41,185.1713
1778047080.0,2364.41,2364.72,2364.08,2364.72,130.0815
1778047140.0,2364.71,2365.26,2364.71,2365.03,160.8344
1778047200.0,2365.03,2366.22,2365.03,2366.22,422.7985
1778047260.0,2366.22,2366.6,2365.67,2366.14,160.6743
1778047320.0,2366.14,2366.15,2365.23,2365.25,56.3153
1778047380.0,2365.24,2366.2,2365.24,2366.05,185.8536
1778047440.0,2366.04,2366.05,2366.04,2366.05,27.6602
1778047500.0,2366.05,2366.71,2366.05,2366.33,64.4889
1778047560.0,2366.33,2366.33,2364.77,2364.78,74.1851
1778047620.0,2364.77,2364.77,2362.75,2362.75,130.7315
1778047680.0,2362.75,2363.8,2362.74,2363.27,128.7234
1778047740.0,2363.26,2363.26,2362.72,2362.76,106.7293
1778047800.0,2362.76,2363.04,2361.46,2362.54,141.4565
1778047860.0,2362.54,2362.91,2362.53,2362.91,28.5902
1778047920.0,2362.91,2363.42,2362.9,2363.36,23.9742
1778047980.0,2363.35,2363.58,2362.91,2363.58,54.9026
1778048040.0,2363.57,2363.58,2362.95,2363.21,51.2044
1778048100.0,2363.21,2363.22,2362.12,2362.87,120.2739
1778048160.0,2362.87,2362.87,2361.87,2361.88,34.2684
1778048220.0,2361.87,2361.88,2361.23,2361.39,121.1882
1778048280.0,2361.39,2361.4,2361.07,2361.08,40.2091
1778048340.0,2361.08,2362.23,2361.07,2362.23,78.5321
1778048400.0,2362.22,2362.22,2361.6,2361.9,69.2065
1778048460.0,2361.9,2362.44,2361.2,2362.39,134.563
1778048520.0,2362.38,2362.39,2361.0,2361.0,118.3084
1778048580.0,2361.01,2362.06,2361.01,2362.06,60.2987
1778048640.0,2362.05,2362.92,2362.05,2362.91,18.2582
1778048700.0,2362.92,2362.92,2361.69,2361.69,49.4948
1778048760.0,2361.69,2362.54,2361.69,2362.54,51.4125
1778048820.0,2362.53,2364.93,2362.53,2364.93,67.6765
1778048880.0,2364.93,2365.93,2364.93,2365.93,64.9112
1778048940.0,2365.92,2366.55,2365.5,2365.51,113.1645
1778049000.0,2365.5,2365.74,2364.52,2365.74,70.0977
1778049060.0,2365.74,2365.88,2365.05,2365.51,27.622
1778049120.0,2365.5,2366.8,2365.5,2366.79,42.0703
1778049180.0,2366.8,2367.23,2366.27,2366.28,115.7526
1778049240.0,2366.27,2366.44,2365.83,2366.15,36.5558
1778049300.0,2366.15,2367.23,2366.14,2367.0,49.0694
1778049360.0,2366.99,2367.55,2366.78,2366.79,72.9101
1778049420.0,2366.78,2368.05,2366.78,2367.96,207.3291
1778049480.0,2367.96,2368.71,2367.83,2368.3,96.2759
1778049540.0,2368.31,2368.71,2367.71,2367.71,64.6081
1778049600.0,2367.71,2369.13,2367.71,2368.22,100.5542
1778049660.0,2368.22,2370.0,2368.22,2369.59,171.1281
1778049720.0,2369.59,2369.59,2367.41,2368.97,215.8494
1778049780.0,2368.96,2369.75,2368.82,2369.75,24.0693
1778049840.0,2369.74,2370.45,2369.4,2370.45,320.0478
1778049900.0,2370.45,2371.0,2369.17,2369.19,96.7456
1778049960.0,2369.18,2369.4,2368.56,2369.24,43.5309
1778050020.0,2369.24,2369.86,2369.13,2369.77,79.4335
1778050080.0,2369.78,2371.0,2369.66,2370.43,242.3411
1778050140.0,2370.42,2370.86,2370.09,2370.5,153.6828
1778050200.0,2370.5,2370.5,2369.61,2369.98,336.6374
1778050260.0,2369.97,2369.97,2368.94,2368.95,64.6929
1778050320.0,2368.95,2369.44,2368.56,2369.18,143.146
1778050380.0,2369.19,2369.76,2369.11,2369.76,75.8658
1778050440.0,2369.75,2369.76,2368.49,2369.64,135.7218
1778050500.0,2369.63,2369.64,2368.16,2368.34,98.767
1778050560.0,2368.33,2369.29,2368.33,2369.28,49.7934
1778050620.0,2369.28,2369.56,2369.28,2369.56,45.5027
1778050680.0,2369.57,2370.34,2369.57,2370.34,47.745
1778050740.0,2370.35,2371.29,2370.35,2370.52,283.727
1778050800.0,2370.53,2371.25,2370.1,2370.1,82.2234
1778050860.0,2370.1,2370.64,2370.1,2370.64,57.1747
1778050920.0,2370.63,2371.14,2369.42,2369.49,114.594
1778050980.0,2369.49,2371.62,2369.49,2370.48,137.2787
1778051040.0,2370.48,2371.22,2369.45,2369.45,119.7285
1778051100.0,2369.46,2370.27,2369.32,2369.88,239.9568
1778051160.0,2369.89,2370.15,2368.67,2369.02,231.9404
1778051220.0,2369.03,2369.96,2368.57,2369.95,132.6577
1778051280.0,2369.96,2370.79,2369.74,2370.79,51.3949
1778051340.0,2370.8,2371.79,2370.79,2371.42,208.2
1778051400.0,2371.42,2371.79,2371.0,2371.79,1104.5267
1778051460.0,2371.78,2373.59,2371.78,2373.17,977.6419
1778051520.0,2373.17,2373.75,2372.46,2372.46,176.8772
1778051580.0,2372.47,2372.56,2371.16,2371.24,68.4347
1778051640.0,2371.23,2371.25,2370.04,2370.04,107.3671
1778051700.0,2370.05,2371.46,2370.05,2371.45,61.7379
1778051760.0,2371.44,2371.64,2370.48,2370.48,44.0557
1778051820.0,2370.48,2370.64,2369.53,2369.75,87.128
1778051880.0,2369.74,2371.12,2369.74,2371.11,138.3102
1778051940.0,2371.11,2371.22,2370.53,2370.98,48.1034
1778052000.0,2370.99,2371.14,2370.57,2370.57,21.5458
1778052060.0,2370.58,2371.12,2370.21,2371.12,24.3956
1778052120.0,2371.12,2374.42,2371.12,2374.1,331.5079
1778052180.0,2374.1,2374.16,2372.29,2372.33,88.9942
1778052240.0,2372.33,2372.57,2371.49,2372.57,70.0797
1778052300.0,2372.57,2374.08,2372.56,2374.08,59.0978
1778052360.0,2374.08,2374.71,2373.7,2374.71,95.3146
1778052420.0,2374.7,2375.0,2374.05,2374.06,79.1218
1778052480.0,2374.05,2374.76,2373.82,2374.06,80.752
1778052540.0,2374.06,2374.59,2374.0,2374.0,62.4396
1778052600.0,2374.0,2374.01,2372.58,2373.28,99.1105
1778052660.0,2373.28,2373.28,2372.0,2372.26,113.0742
1778052720.0,2372.26,2372.87,2372.25,2372.62,57.6869
1778052780.0,2372.62,2372.62,2371.62,2371.63,99.6624
1778052840.0,2371.63,2371.92,2371.39,2371.4,129.7206
1778052900.0,2371.39,2372.08,2371.39,2371.79,37.7942
1778052960.0,2371.79,2371.79,2370.78,2370.91,80.5815
1778053020.0,2370.9,2370.91,2370.18,2370.61,57.9692
1778053080.0,2370.61,2372.04,2370.6,2372.04,42.4091
1778053140.0,2372.04,2372.04,2371.78,2372.02,79.5168
1778053200.0,2372.02,2372.02,2371.78,2371.79,55.1222
1778053260.0,2371.78,2371.78,2371.12,2371.46,74.9118
1778053320.0,2371.46,2371.46,2370.49,2370.5,107.4801
1778053380.0,2370.5,2370.5,2370.15,2370.5,90.2366
1778053440.0,2370.5,2371.79,2370.49,2371.49,97.5091
1778053500.0,2371.49,2372.59,2371.48,2371.79,181.0849
1778053560.0,2371.79,2373.39,2371.78,2372.85,148.5866
1778053620.0,2372.85,2372.85,2372.0,2372.01,103.0438
1778053680.0,2372.01,2372.36,2371.78,2371.78,106.0307
1778053740.0,2371.79,2372.97,2371.78,2372.96,85.0616
1778053800.0,2372.97,2372.97,2371.2,2371.2,87.1072
1778053860.0,2371.21,2372.04,2370.74,2371.84,89.9858
1778053920.0,2371.85,2371.91,2370.61,2370.74,122.4098
1778053980.0,2370.75,2370.91,2370.1,2370.86,109.6862
1778054040.0,2370.87,2371.0,2370.86,2370.99,28.3641
1778054100.0,2371.0,2371.56,2371.0,2371.03,38.547
1778054160.0,2371.04,2371.04,2369.74,2369.75,190.7783
1778054220.0,2369.75,2370.99,2369.63,2370.99,58.5354
1778054280.0,2370.99,2371.72,2370.98,2371.34,76.7764
1778054340.0,2371.34,2371.79,2370.77,2371.74,90.8022
1778054400.0,2371.74,2371.78,2370.12,2370.6,267.13
1778054460.0,2370.61,2371.78,2369.16,2371.77,163.1497
1778054520.0,2371.77,2373.78,2371.77,2373.78,90.8639
1778054580.0,2373.77,2376.75,2373.77,2375.44,575.3855
1778054640.0,2375.44,2376.27,2374.48,2375.58,128.186
1778054700.0,2375.58,2377.82,2375.58,2377.47,189.5573
1778054760.0,2377.47,2377.79,2376.85,2377.25,131.806
1778054820.0,2377.25,2377.9,2376.89,2377.31,203.8721
1778054880.0,2377.31,2378.93,2377.31,2377.34,270.7604
1778054940.0,2377.34,2377.76,2376.12,2376.14,119.8611
1778055000.0,2376.13,2378.4,2376.0,2376.71,188.3213
1778055060.0,2376.71,2377.32,2375.64,2375.86,197.2679
1778055120.0,2375.86,2375.99,2374.27,2374.56,118.7455
1778055180.0,2374.56,2376.82,2374.56,2376.81,116.6727
1778055240.0,2376.81,2377.03,2376.5,2376.5,140.9242
1778055300.0,2376.5,2376.79,2375.85,2376.11,42.7075
1778055360.0,2376.1,2376.1,2375.44,2375.61,66.7088
1778055420.0,2375.61,2376.15,2375.51,2376.14,120.8821
1778055480.0,2376.15,2376.39,2375.51,2376.39,66.5592
1778055540.0,2376.39,2376.79,2376.05,2376.05,49.7499
1778055600.0,2376.05,2376.06,2375.3,2375.48,64.6575
1778055660.0,2375.48,2375.86,2375.47,2375.86,36.3577
1778055720.0,2375.86,2376.01,2374.82,2375.98,169.759
1778055780.0,2375.98,2376.55,2375.89,2376.55,22.0597
1778055840.0,2376.54,2377.6,2376.47,2376.48,64.0258
1778055900.0,2376.48,2376.48,2375.75,2375.87,87.6832
1778055960.0,2375.87,2376.59,2375.87,2376.46,84.3256
1778056020.0,2376.46,2376.86,2376.46,2376.47,54.4114
1778056080.0,2376.47,2376.61,2376.47,2376.5,83.6669
1778056140.0,2376.5,2377.9,2376.5,2377.89,311.0777
1778056200.0,2377.9,2378.57,2377.55,2378.57,214.4682
1778056260.0,2378.57,2379.0,2378.57,2378.74,305.4144
1778056320.0,2378.73,2381.97,2378.73,2380.78,826.0419
1778056380.0,2380.78,2384.94,2379.71,2383.86,1208.7293
1778056440.0,2383.87,2386.35,2381.45,2382.16,1121.4175
1778056500.0,2382.17,2384.77,2382.17,2384.39,209.5772
1778056560.0,2384.39,2385.48,2383.41,2384.43,296.1441
1778056620.0,2384.44,2385.24,2383.55,2383.56,164.3618
1778056680.0,2383.56,2384.05,2382.17,2382.18,162.8517
1778056740.0,2382.17,2382.17,2379.92,2380.91,202.1135
1778056800.0,2380.9,2380.9,2380.16,2380.32,107.0742
1778056860.0,2380.32,2381.13,2380.31,2381.13,47.453
1778056920.0,2381.13,2383.13,2381.13,2383.12,98.7941
1778056980.0,2383.12,2383.43,2383.07,2383.16,123.101
1778057040.0,2383.17,2383.36,2382.0,2382.48,383.6926
1778057100.0,2382.48,2383.25,2382.15,2382.26,235.8531
1778057160.0,2382.27,2382.86,2381.85,2381.85,174.6674
1778057220.0,2381.85,2382.49,2381.4,2381.68,369.1035
1778057280.0,2381.68,2381.69,2380.53,2380.54,142.3321
1778057340.0,2380.54,2380.74,2380.33,2380.5,58.4952
1778057400.0,2380.5,2388.75,2380.0,2385.54,1660.9852
1778057460.0,2385.54,2388.32,2385.1,2386.82,456.4521
1778057520.0,2386.82,2389.88,2386.05,2389.49,874.7985
1778057580.0,2389.5,2391.64,2387.21,2387.8,1145.5409
1778057640.0,2387.8,2391.88,2387.8,2391.1,407.4666
1778057700.0,2391.1,2395.6,2390.42,2395.52,1419.2097
1778057760.0,2395.51,2396.19,2393.78,2394.16,766.6877
1778057820.0,2394.16,2394.39,2390.51,2391.48,717.8202
1778057880.0,2391.45,2392.85,2391.24,2392.33,181.1854
1778057940.0,2392.33,2394.33,2392.14,2394.33,145.8703
1778058000.0,2394.32,2395.99,2393.44,2393.44,291.9541
1778058060.0,2393.45,2393.45,2390.48,2391.97,456.4099
1778058120.0,2391.97,2392.46,2391.08,2391.5,345.7735
1778058180.0,2391.5,2392.0,2391.45,2391.77,393.485
1778058240.0,2391.78,2391.92,2390.48,2391.32,577.5871
1778058300.0,2391.32,2391.84,2388.47,2390.61,586.6879
1778058360.0,2390.62,2392.94,2390.27,2391.76,2135.5051
1778058420.0,2391.75,2396.0,2391.3,2395.0,912.9616
1778058480.0,2395.01,2395.41,2392.67,2392.67,265.8859
1778058540.0,2392.68,2392.85,2390.08,2392.04,1224.6795
1778058600.0,2392.05,2394.5,2392.04,2393.98,439.6951
1778058660.0,2393.98,2396.22,2393.95,2396.21,416.7241
1778058720.0,2396.21,2396.22,2395.14,2395.85,272.2909
1778058780.0,2395.85,2395.86,2393.9,2393.9,262.6111
1778058840.0,2393.9,2393.9,2391.46,2391.46,593.7062
1778058900.0,2391.47,2392.12,2391.33,2392.11,186.847
1778058960.0,2392.12,2393.3,2392.12,2392.92,250.9589
1778059020.0,2392.92,2393.59,2392.63,2393.32,232.2837
1778059080.0,2393.32,2393.32,2391.32,2391.38,162.6101
1778059140.0,2391.38,2392.15,2391.38,2391.55,136.9733
1778059200.0,2391.55,2391.62,2390.39,2390.99,296.8285
1778059260.0,2391.0,2391.35,2389.39,2389.39,274.7906
1778059320.0,2389.39,2390.32,2386.01,2386.01,597.7376
1778059380.0,2386.01,2386.57,2385.05,2385.3,911.7546
1778059440.0,2385.3,2386.12,2384.8,2386.11,191.4392
1778059500.0,2386.12,2386.46,2385.28,2385.9,166.2369
1778059560.0,2385.9,2386.92,2385.9,2386.9,114.2839
1778059620.0,2386.9,2387.55,2386.79,2387.55,99.5092
1778059680.0,2387.55,2389.61,2387.54,2388.53,413.1307
1778059740.0,2388.53,2390.1,2388.53,2390.1,170.0681
1778059800.0,2390.1,2390.66,2389.55,2390.31,395.7629
1778059860.0,2390.31,2390.88,2390.31,2390.87,71.1929
1778059920.0,2390.88,2405.0,2390.87,2392.9,8465.7789
1778059980.0,2392.9,2398.57,2392.14,2397.71,736.1298
1778060040.0,2397.7,2399.14,2397.36,2398.05,311.9389
1778060100.0,2398.05,2399.0,2396.77,2398.04,312.5375
1778060160.0,2398.05,2402.43,2397.65,2399.31,1777.2794
1778060220.0,2399.32,2402.9,2399.05,2400.2,719.0252
1778060280.0,2400.2,2406.0,2400.2,2405.54,1007.8833
1778060340.0,2405.53,2410.7,2405.53,2409.13,3375.2482
1778060400.0,2409.12,2414.7,2408.28,2412.39,1847.3068
1778060460.0,2412.39,2415.71,2411.99,2415.17,2105.8747
1778060520.0,2415.18,2417.77,2412.96,2413.07,2517.582
1778060580.0,2413.08,2414.24,2412.3,2412.83,1147.9029
1778060640.0,2412.82,2418.39,2412.63,2417.76,1402.4723
1778060700.0,2417.76,2417.76,2411.99,2412.3,730.7596
1778060760.0,2412.3,2412.97,2408.91,2409.06,1097.6605
1778060820.0,2409.07,2411.05,2408.0,2408.42,686.9831
1778060880.0,2408.42,2408.43,2406.55,2407.34,2108.8227
1778060940.0,2407.35,2410.83,2407.24,2410.68,461.9225
1778061000.0,2410.68,2410.68,2407.83,2408.2,349.0546
1778061060.0,2408.19,2409.84,2408.19,2409.83,233.2988
1778061120.0,2409.84,2410.9,2409.59,2410.9,454.0192
1778061180.0,2410.91,2410.97,2409.97,2410.73,415.2811
1778061240.0,2410.72,2410.9,2410.54,2410.89,114.3293
1778061300.0,2410.89,2412.29,2410.46,2411.79,393.5922
1778061360.0,2411.8,2412.29,2410.76,2411.54,164.8231
1778061420.0,2411.54,2411.54,2410.6,2411.43,191.5655
1778061480.0,2411.43,2411.91,2410.9,2411.91,312.9034
1778061540.0,2411.91,2413.0,2410.91,2412.76,428.0359
1778061600.0,2412.77,2413.74,2410.92,2411.34,614.2232
1778061660.0,2411.34,2412.42,2411.07,2411.19,384.1616
1778061720.0,2411.18,2413.31,2410.01,2410.99,305.6542
1778061780.0,2410.99,2411.0,2410.2,2410.66,129.403
1778061840.0,2410.65,2411.5,2410.0,2410.01,172.2208
1778061900.0,2410.01,2410.02,2405.18,2405.89,463.3663
1778061960.0,2405.89,2409.14,2405.88,2408.96,403.3463
1778062020.0,2408.97,2408.97,2407.68,2408.83,206.7326
1778062080.0,2408.82,2408.83,2406.77,2406.9,151.1953
1778062140.0,2406.9,2408.96,2406.9,2408.96,108.328
1778062200.0,2408.96,2410.99,2408.95,2410.54,246.5156
1778062260.0,2410.53,2412.32,2410.53,2411.33,456.5724
1778062320.0,2411.32,2411.32,2410.49,2411.21,220.4262
1778062380.0,2411.2,2412.5,2410.57,2412.23,187.5784
1778062440.0,2412.23,2413.78,2411.14,2411.14,436.1614
1778062500.0,2411.14,2411.48,2410.0,2410.0,161.713
1778062560.0,2410.0,2411.57,2409.7,2411.56,350.1576
1778062620.0,2411.56,2412.32,2410.94,2411.64,270.9394
1778062680.0,2411.64,2412.13,2411.6,2412.01,121.8089
1778062740.0,2412.01,2412.27,2412.01,2412.26,84.2957
1778062800.0,2412.27,2413.88,2412.1,2412.91,414.5874
1778062860.0,2412.92,2413.99,2410.66,2410.83,835.9997
1778062920.0,2410.82,2413.77,2410.82,2412.49,429.0887
1778062980.0,2412.5,2412.61,2411.1,2411.32,179.6659
1778063040.0,2411.32,2411.73,2411.0,2411.18,111.5319
1778063100.0,2411.19,2412.45,2411.19,2411.54,270.734
1778063160.0,2411.53,2411.58,2410.76,2411.48,198.5909
1778063220.0,2411.49,2411.91,2411.38,2411.46,117.9846
1778063280.0,2411.47,2411.47,2410.0,2410.15,108.8733
1778063340.0,2410.15,2411.17,2408.85,2411.16,423.4081
1778063400.0,2411.16,2411.73,2410.69,2410.69,119.2699
1778063460.0,2410.69,2411.5,2410.59,2411.07,109.1861
1778063520.0,2411.08,2411.35,2409.91,2409.92,104.8859
1778063580.0,2409.91,2410.87,2409.91,2410.84,426.5579
1778063640.0,2410.84,2412.72,2410.39,2410.39,285.425
1778063700.0,2410.38,2414.43,2410.32,2413.1,711.1921
1778063760.0,2413.11,2413.3,2410.99,2411.0,731.8353
1778063820.0,2411.0,2411.78,2410.02,2411.77,334.952
1778063880.0,2411.77,2413.54,2411.77,2413.54,130.0884
1778063940.0,2413.53,2413.54,2412.89,2412.89,67.9255
1778064000.0,2412.89,2413.5,2412.49,2413.5,104.1718
1778064060.0,2413.5,2414.2,2412.79,2413.18,178.3714
1778064120.0,2413.17,2413.85,2411.99,2413.79,191.6106
1778064180.0,2413.79,2414.12,2410.63,2410.64,535.572
1778064240.0,2410.63,2411.99,2409.37,2409.63,925.9103
1778064300.0,2409.63,2411.44,2409.0,2411.44,195.5319
1778064360.0,2411.44,2411.46,2410.89,2411.41,127.6167
1778064420.0,2411.41,2411.8,2411.21,2411.41,147.9065
1778064480.0,2411.41,2412.22,2411.41,2411.63,112.4653
1778064540.0,2411.62,2412.06,2408.0,2408.64,833.2732
1778064600.0,2408.65,2410.46,2408.0,2409.92,316.3769
1778064660.0,2409.92,2410.06,2408.79,2408.8,155.5057
1778064720.0,2408.8,2410.44,2408.8,2409.62,113.1791
1778064780.0,2409.61,2412.87,2409.24,2412.25,466.099
1778064840.0,2412.25,2414.35,2412.25,2412.84,236.6732
1778064900.0,2412.83,2413.38,2411.99,2413.38,190.0451
1778064960.0,2413.38,2413.99,2411.53,2411.53,345.8596
1778065020.0,2411.53,2412.71,2411.23,2412.71,107.6441
1778065080.0,2412.71,2412.82,2411.66,2411.67,164.348
1778065140.0,2411.66,2411.67,2410.2,2410.2,158.1543
1778065200.0,2410.2,2410.3,2408.42,2409.27,509.0511
1778065260.0,2409.27,2411.73,2408.58,2411.56,192.9463
1778065320.0,2411.56,2411.94,2410.07,2411.5,134.2506
1778065380.0,2411.5,2411.5,2409.56,2410.66,169.5055
1778065440.0,2410.66,2412.16,2410.66,2411.0,230.045
1778065500.0,2411.0,2413.13,2411.0,2413.13,324.7971
1778065560.0,2413.14,2413.89,2411.71,2411.72,235.0379
1778065620.0,2411.72,2412.01,2410.34,2410.36,282.7313
1778065680.0,2410.35,2410.6,2409.15,2410.06,235.1092
1778065740.0,2410.06,2410.6,2409.51,2410.4,199.9534
1778065800.0,2410.41,2411.5,2410.41,2411.49,99.6434
1778065860.0,2411.49,2413.5,2411.49,2413.49,170.997
1778065920.0,2413.49,2414.4,2412.72,2413.27,599.5987
1778065980.0,2413.28,2414.42,2413.27,2413.82,360.1133
1778066040.0,2413.83,2413.83,2412.5,2413.57,194.4815
1778066100.0,2413.58,2416.35,2413.56,2416.35,648.6362
1778066160.0,2416.35,2417.69,2415.17,2415.88,699.6396
1778066220.0,2415.88,2419.99,2415.88,2419.73,1589.2862
1778066280.0,2419.73,2423.0,2416.76,2417.0,2709.3975
1778066340.0,2417.01,2418.35,2416.59,2417.44,182.0586
1778066400.0,2417.41,2421.0,2417.29,2421.0,676.7136
1778066460.0,2420.99,2420.99,2418.78,2420.76,267.2015
1778066520.0,2420.76,2423.74,2420.64,2423.65,1170.2315
1778066580.0,2423.65,2423.65,2419.69,2420.81,1983.8438
1778066640.0,2420.81,2421.71,2419.69,2419.69,450.5117
1778066700.0,2419.7,2420.79,2418.0,2418.0,317.3573
1778066760.0,2418.0,2418.01,2416.69,2416.9,496.0442
1778066820.0,2416.9,2416.9,2414.1,2415.79,572.2071
1778066880.0,2415.8,2416.74,2415.12,2415.12,182.601
1778066940.0,2415.13,2416.11,2415.12,2415.13,220.2408
1778067000.0,2415.14,2415.86,2414.53,2414.83,164.2964
1778067060.0,2414.83,2415.6,2414.53,2415.59,157.7517
1778067120.0,2415.59,2415.88,2414.87,2415.02,244.087
1778067180.0,2415.02,2415.86,2414.53,2415.51,87.8808
1778067240.0,2415.5,2416.8,2415.15,2416.79,76.1848
1778067300.0,2416.79,2417.48,2416.66,2417.16,352.7589
1778067360.0,2417.16,2418.66,2417.08,2418.66,592.9097
1778067420.0,2418.66,2418.78,2417.34,2418.28,2148.3875
1778067480.0,2418.28,2418.66,2418.0,2418.0,1060.8579
1778067540.0,2418.0,2418.3,2417.34,2418.03,1369.0666
1778067600.0,2418.03,2418.94,2416.57,2416.58,522.3952
1778067660.0,2416.57,2416.57,2410.0,2412.13,1012.3809
1778067720.0,2412.13,2413.18,2410.74,2410.76,660.6377
1778067780.0,2410.77,2412.28,2410.0,2411.55,508.4761
1778067840.0,2411.56,2411.56,2409.72,2410.0,451.6239
1778067900.0,2410.01,2411.59,2408.57,2411.4,925.8127
1778067960.0,2411.4,2411.87,2410.56,2411.8,251.6683
1778068020.0,2411.81,2414.19,2411.81,2413.01,326.3967
1778068080.0,2413.0,2413.53,2411.8,2411.85,249.174
1778068140.0,2411.85,2413.3,2411.81,2412.36,206.8689
1778068200.0,2412.36,2414.26,2412.33,2414.16,97.6323
1778068260.0,2414.16,2414.17,2412.49,2413.71,236.3495
1778068320.0,2413.7,2413.7,2412.28,2412.8,146.1294
1778068380.0,2412.81,2413.21,2412.08,2412.56,116.4754
1778068440.0,2412.57,2412.57,2408.34,2410.47,938.3705
1778068500.0,2410.47,2411.41,2410.46,2411.4,76.5005
1778068560.0,2411.4,2411.72,2408.92,2409.35,416.5047
1778068620.0,2409.34,2410.88,2409.34,2410.69,348.3413
1778068680.0,2410.69,2410.88,2409.83,2409.95,342.8825
1778068740.0,2409.95,2410.47,2409.49,2410.47,241.9012
1778068800.0,2410.47,2412.21,2410.46,2412.21,458.3045
1778068860.0,2412.2,2412.39,2409.6,2410.85,286.0033
1778068920.0,2410.86,2412.44,2410.86,2411.57,611.9893
1778068980.0,2411.57,2411.58,2407.81,2407.81,257.645
1778069040.0,2407.81,2408.5,2407.36,2407.79,314.5268
1778069100.0,2407.8,2409.21,2406.39,2408.43,428.3906
1778069160.0,2408.43,2408.43,2405.96,2406.69,447.8932
1778069220.0,2406.69,2410.0,2406.18,2410.0,360.9755
1778069280.0,2409.99,2410.47,2409.78,2409.78,94.7615
1778069340.0,2409.78,2409.79,2408.13,2408.61,226.4723
1778069400.0,2408.62,2409.95,2408.11,2409.92,174.7975
1778069460.0,2409.92,2410.11,2409.33,2409.89,88.7853
1778069520.0,2409.89,2410.44,2408.25,2408.44,472.785
1778069580.0,2408.44,2409.45,2408.42,2408.83,489.9966
1778069640.0,2408.84,2410.47,2403.0,2403.01,2836.9416
1778069700.0,2403.01,2406.67,2400.72,2406.06,3735.4091
1778069760.0,2406.06,2406.6,2404.55,2406.44,324.0984
1778069820.0,2406.44,2406.88,2404.07,2406.48,543.4678
1778069880.0,2406.48,2408.75,2406.48,2407.43,412.1359
1778069940.0,2407.43,2407.65,2405.29,2407.57,329.2189
1778070000.0,2407.58,2410.74,2407.57,2410.65,503.4086
1778070060.0,2410.65,2411.24,2409.97,2409.98,229.6233
1778070120.0,2409.97,2412.99,2409.97,2411.95,483.4806
1778070180.0,2411.96,2413.59,2411.96,2412.6,294.2167
1778070240.0,2412.61,2412.61,2410.46,2410.46,135.0496
1778070300.0,2410.47,2411.3,2410.46,2410.46,150.6557
1778070360.0,2410.46,2410.82,2410.0,2410.67,78.9867
1778070420.0,2410.67,2410.68,2409.62,2409.62,181.7507
1778070480.0,2409.62,2409.89,2408.89,2409.72,119.4397
1778070540.0,2409.71,2409.73,2409.56,2409.72,99.0326
1778070600.0,2409.71,2409.99,2409.22,2409.5,189.3488
1778070660.0,2409.5,2409.5,2409.0,2409.49,180.471
1778070720.0,2409.5,2411.04,2409.5,2411.04,180.0063
1778070780.0,2411.04,2411.29,2410.0,2410.0,133.1082
1778070840.0,2410.0,2411.51,2409.56,2411.51,91.7251
1778070900.0,2411.5,2412.2,2411.14,2411.81,246.1538
1778070960.0,2411.82,2411.82,2410.86,2411.8,122.8614
1778071020.0,2411.79,2411.8,2409.57,2410.39,423.4932
1778071080.0,2410.39,2410.4,2408.43,2408.43,132.2498
1778071140.0,2408.43,2408.96,2408.43,2408.89,212.1363
1778071200.0,2408.88,2408.9,2407.45,2408.9,204.0394
1778071260.0,2408.89,2408.89,2407.51,2407.61,239.8609
1778071320.0,2407.61,2408.62,2407.61,2408.6,80.4669
1778071380.0,2408.6,2408.61,2407.46,2407.68,156.0691
1778071440.0,2407.69,2409.1,2407.68,2409.1,200.6612
1778071500.0,2409.11,2409.12,2407.9,2408.29,235.2392
1778071560.0,2408.3,2409.17,2408.02,2409.17,157.0978
1778071620.0,2409.17,2410.87,2409.17,2410.77,174.976
1778071680.0,2410.77,2411.04,2409.51,2409.51,85.6849
1778071740.0,2409.51,2409.52,2408.61,2409.48,68.8256
1778071800.0,2409.48,2409.69,2409.24,2409.37,255.5001
1778071860.0,2409.36,2410.5,2409.36,2410.5,66.2445
1778071920.0,2410.5,2411.04,2410.49,2411.02,133.4044
1778071980.0,2411.02,2411.03,2410.48,2410.71,61.0664
1778072040.0,2410.72,2410.72,2401.78,2404.12,1720.1971
1778072100.0,2404.12,2405.64,2400.55,2401.43,528.2512
1778072160.0,2401.43,2405.49,2401.42,2404.81,337.7674
1778072220.0,2404.82,2405.58,2404.81,2405.02,161.5867
1778072280.0,2405.02,2405.23,2403.99,2404.45,165.0591
1778072340.0,2404.46,2405.62,2404.46,2405.11,168.335
1778072400.0,2405.11,2405.11,2398.8,2399.35,704.8195
1778072460.0,2399.35,2399.35,2394.93,2396.11,1053.9485
1778072520.0,2396.11,2399.38,2395.82,2399.23,326.2634
1778072580.0,2399.23,2400.54,2399.23,2399.57,490.7385
1778072640.0,2399.57,2399.58,2395.76,2396.07,475.3578
1778072700.0,2396.06,2397.94,2395.48,2395.48,604.5763
1778072760.0,2395.48,2395.48,2390.31,2393.52,2576.6622
1778072820.0,2393.53,2393.53,2385.0,2387.22,1863.1382
1778072880.0,2387.22,2392.85,2384.22,2392.2,1454.3503
1778072940.0,2392.2,2392.49,2391.24,2391.97,256.9867
1778073000.0,2391.97,2394.18,2391.5,2393.88,631.6382
1778073060.0,2393.89,2394.54,2392.34,2394.37,2232.0361
1778073120.0,2394.38,2394.68,2393.09,2393.55,227.1608
1778073180.0,2393.56,2393.56,2392.04,2392.15,208.5305
1778073240.0,2392.14,2392.14,2385.14,2389.72,1540.6506
1778073300.0,2389.72,2390.0,2388.95,2389.07,477.5874
1778073360.0,2389.08,2392.81,2387.14,2392.53,896.0981
1778073420.0,2392.53,2393.42,2391.21,2393.42,440.3666
1778073480.0,2393.41,2393.42,2390.15,2390.15,202.9016
1778073540.0,2390.15,2390.15,2388.07,2388.07,341.2215
1778073600.0,2388.07,2390.24,2385.83,2388.51,733.5149
1778073660.0,2388.52,2388.52,2386.74,2387.77,407.4338
1778073720.0,2387.77,2388.19,2386.24,2388.19,200.4264
1778073780.0,2388.2,2388.37,2386.84,2387.39,362.3062
1778073840.0,2387.39,2387.8,2384.77,2385.23,288.7848
1778073900.0,2385.24,2385.65,2381.99,2382.92,891.8975
1778073960.0,2382.91,2383.31,2381.0,2382.16,811.1703
1778074020.0,2382.15,2383.8,2380.41,2383.65,495.2028
1778074080.0,2383.64,2383.64,2381.36,2382.89,502.5841
1778074140.0,2382.89,2384.0,2382.23,2383.39,264.6993
1778074200.0,2383.38,2383.38,2378.69,2381.53,1487.7777
1778074260.0,2381.54,2387.67,2380.54,2386.86,1126.3303
1778074320.0,2386.87,2387.14,2385.36,2387.14,519.704
1778074380.0,2387.13,2387.14,2383.16,2383.71,434.2861
1778074440.0,2383.71,2385.9,2383.28,2385.52,246.3015
1778074500.0,2385.52,2386.04,2382.57,2383.09,605.5078
1778074560.0,2383.1,2384.1,2380.47,2381.01,500.2937
1778074620.0,2381.0,2381.0,2376.95,2377.51,755.5726
1778074680.0,2377.51,2378.95,2375.16,2378.11,704.3588
1778074740.0,2378.11,2379.69,2376.85,2376.99,537.8371
1778074800.0,2376.98,2379.54,2376.37,2377.55,464.6763
1778074860.0,2377.55,2379.66,2376.1,2377.01,505.5841
1778074920.0,2377.01,2377.59,2375.85,2376.38,587.4282
1778074980.0,2376.38,2378.36,2375.2,2377.7,446.7302
1778075040.0,2377.7,2377.79,2376.0,2377.37,241.3409
1778075100.0,2377.37,2377.38,2372.82,2372.82,729.1895
1778075160.0,2372.83,2372.83,2368.36,2368.36,1162.5441
1778075220.0,2368.35,2369.18,2365.17,2368.97,1381.624
1778075280.0,2368.97,2370.75,2368.07,2369.81,603.455
1778075340.0,2369.8,2373.37,2369.74,2370.82,784.0264
1778075400.0,2370.82,2370.82,2366.34,2366.35,946.4717
1778075460.0,2366.34,2368.93,2365.01,2367.27,1432.9659
1778075520.0,2367.28,2369.24,2365.41,2365.83,465.83
1778075580.0,2365.82,2367.44,2365.56,2366.74,443.469
1778075640.0,2366.75,2369.09,2366.51,2369.09,933.8166
1778075700.0,2369.09,2370.68,2368.68,2369.5,277.1349
1778075760.0,2369.5,2370.31,2367.71,2370.13,611.2363
1778075820.0,2370.13,2371.79,2370.13,2371.29,381.6895
1778075880.0,2371.29,2371.46,2369.75,2369.75,572.6449
1778075940.0,2369.74,2370.34,2368.51,2368.51,698.6833
1778076000.0,2368.52,2369.34,2365.51,2365.51,4450.2546
1778076060.0,2365.51,2366.74,2364.62,2365.18,958.311
1778076120.0,2365.18,2367.12,2364.88,2365.33,447.2775
1778076180.0,2365.33,2367.04,2365.07,2365.1,393.5822
1778076240.0,2365.09,2365.52,2360.51,2360.97,1752.5739
1778076300.0,2360.97,2362.02,2358.6,2361.4,1657.4624
1778076360.0,2361.4,2361.63,2355.01,2355.21,2009.327
1778076420.0,2355.2,2355.2,2346.68,2352.5,6074.006
1778076480.0,2352.5,2355.49,2351.62,2355.49,884.1971
1778076540.0,2355.49,2358.79,2355.49,2358.79,796.1691
1778076600.0,2358.78,2358.79,2356.4,2356.84,637.6745
1778076660.0,2356.84,2356.95,2352.97,2354.05,544.0737
1778076720.0,2354.05,2356.63,2353.56,2356.33,1019.1341
1778076780.0,2356.32,2356.98,2354.7,2356.01,645.3424
1778076840.0,2356.01,2358.58,2355.56,2358.21,876.6163
1778076900.0,2358.21,2361.19,2356.73,2359.48,1071.1532
1778076960.0,2359.47,2361.19,2358.33,2359.08,994.6853
1778077020.0,2359.09,2359.09,2354.46,2357.89,900.7233
1778077080.0,2357.88,2358.23,2356.61,2357.61,859.6524
1778077140.0,2357.62,2359.47,2356.95,2357.58,419.7953
1778077200.0,2357.58,2358.39,2357.32,2358.36,399.5701
1778077260.0,2358.37,2361.19,2358.37,2359.34,737.57
1778077320.0,2359.33,2361.61,2359.33,2360.57,533.0542
1778077380.0,2360.57,2362.49,2359.62,2361.9,836.8892
1778077440.0,2361.91,2364.37,2361.6,2363.8,735.1754
1778077500.0,2363.8,2367.39,2363.46,2365.21,1034.4016
1778077560.0,2365.2,2366.57,2364.51,2365.25,501.0106
1778077620.0,2365.25,2366.98,2364.6,2366.52,618.6719
1778077680.0,2366.51,2366.55,2363.99,2365.28,569.7822
1778077740.0,2365.28,2366.75,2362.88,2362.88,535.3118
1778077800.0,2362.88,2367.72,2362.69,2367.32,619.1724
1778077860.0,2367.32,2368.0,2366.09,2367.71,797.98
1778077920.0,2367.71,2368.73,2366.63,2367.72,733.3932
1778077980.0,2367.71,2367.95,2366.92,2367.43,410.1816
1778078040.0,2367.44,2368.75,2366.69,2366.82,558.5751
1778078100.0,2366.82,2367.68,2366.0,2366.26,914.8036
1778078160.0,2366.26,2366.65,2365.0,2365.2,705.6325
1778078220.0,2365.2,2365.44,2363.87,2363.87,678.5209
1778078280.0,2363.87,2364.25,2362.19,2364.23,677.7649
1778078340.0,2364.23,2366.67,2364.22,2366.29,545.849
1778078400.0,2366.3,2368.14,2366.24,2367.14,465.9909
1778078460.0,2367.14,2367.7,2364.68,2365.4,438.5925
1778078520.0,2365.4,2366.33,2363.6,2366.33,500.9715
1778078580.0,2366.32,2368.13,2365.8,2367.83,793.8062
1778078640.0,2367.82,2369.98,2367.7,2369.9,708.3383
1778078700.0,2369.9,2373.29,2369.9,2371.59,796.4509
1778078760.0,2371.59,2371.74,2368.51,2368.66,532.3962
1778078820.0,2368.66,2368.7,2366.69,2366.7,492.7499
1778078880.0,2366.69,2366.8,2365.05,2365.11,467.1191
1778078940.0,2365.12,2367.6,2364.42,2367.36,487.4579
1778079000.0,2367.36,2367.36,2365.11,2365.11,352.5747
1778079060.0,2365.12,2366.33,2362.73,2363.25,642.4719
1778079120.0,2363.25,2363.51,2358.99,2362.59,1164.5806
1778079180.0,2362.6,2363.37,2361.75,2361.88,374.5486
1778079240.0,2361.88,2362.04,2361.0,2361.44,383.2101
1778079300.0,2361.44,2362.87,2361.44,2361.63,368.1575
1778079360.0,2361.63,2362.4,2359.52,2359.53,399.1077
1778079420.0,2359.53,2360.62,2358.5,2359.48,624.5497
1778079480.0,2359.48,2359.48,2357.09,2358.63,788.4947
1778079540.0,2358.62,2359.61,2358.49,2359.23,460.4277
1778079600.0,2359.23,2360.23,2358.31,2358.45,812.9549
1778079660.0,2358.44,2359.76,2357.44,2358.55,511.7144
1778079720.0,2358.54,2360.73,2358.19,2360.73,489.0719
1778079780.0,2360.72,2360.73,2358.42,2359.85,357.0275
1778079840.0,2359.85,2361.78,2359.84,2361.78,414.7216
1778079900.0,2361.78,2361.98,2360.55,2360.65,293.8408
1778079960.0,2360.65,2361.12,2360.47,2360.51,340.1014
1778080020.0,2360.52,2361.08,2359.92,2360.21,373.4631
1778080080.0,2360.2,2361.28,2359.54,2359.64,499.1083
1778080140.0,2359.64,2361.02,2359.0,2360.33,366.0248
1778080200.0,2360.32,2360.33,2359.75,2359.76,182.4869
1778080260.0,2359.76,2359.89,2359.0,2359.87,247.9313
1778080320.0,2359.87,2359.87,2358.42,2358.84,604.3606
1778080380.0,2358.85,2358.85,2355.0,2356.27,687.3818
1778080440.0,2356.27,2357.14,2355.0,2357.13,316.6701
1778080500.0,2357.13,2360.0,2356.79,2360.0,168.9206
1778080560.0,2360.0,2363.29,2359.23,2363.2,296.2769
1778080620.0,2363.21,2365.63,2363.19,2364.85,857.7328
1778080680.0,2364.86,2365.86,2363.91,2363.92,158.6736
1778080740.0,2363.92,2365.65,2363.91,2365.53,669.6067
1778080800.0,2365.54,2365.54,2364.0,2364.9,195.4171
1778080860.0,2364.89,2366.0,2364.51,2365.58,345.8139
1778080920.0,2365.59,2365.8,2363.54,2363.55,167.1621
1778080980.0,2363.54,2364.35,2362.55,2363.26,369.2947
1778081040.0,2363.27,2363.7,2363.0,2363.13,179.2328
1778081100.0,2363.14,2363.3,2362.66,2363.3,120.3796
1778081160.0,2363.3,2363.3,2362.37,2362.82,242.4809
1778081220.0,2362.81,2362.82,2361.51,2361.69,269.9414
1778081280.0,2361.69,2361.7,2360.54,2361.69,256.4656
1778081340.0,2361.69,2361.69,2359.47,2359.96,1342.1492
1778081400.0,2359.97,2361.41,2359.96,2360.21,277.9919
1778081460.0,2360.21,2360.76,2359.67,2359.82,338.22
1778081520.0,2359.82,2361.15,2359.5,2360.01,151.358
1778081580.0,2360.01,2361.15,2359.63,2360.54,173.0847
1778081640.0,2360.55,2360.85,2360.3,2360.3,129.4118
1778081700.0,2360.3,2360.31,2357.84,2358.44,350.3316
1778081760.0,2358.43,2359.05,2358.04,2358.28,187.0369
1778081820.0,2358.28,2358.96,2356.27,2356.68,392.5662
1778081880.0,2356.68,2357.95,2355.78,2355.79,398.8244
1778081940.0,2355.78,2356.13,2355.12,2355.49,231.737
1778082000.0,2355.49,2356.35,2354.98,2356.29,958.9151
1778082060.0,2356.3,2356.92,2356.1,2356.17,179.6182
1778082120.0,2356.17,2357.45,2355.4,2357.45,406.5444
1778082180.0,2357.45,2357.45,2356.75,2357.1,165.84
1778082240.0,2357.11,2362.51,2357.0,2359.68,1147.1605
1778082300.0,2359.68,2362.4,2359.68,2360.08,467.1192
1778082360.0,2360.08,2361.38,2359.76,2361.13,188.799
1778082420.0,2361.13,2361.13,2358.95,2359.99,218.3746
1778082480.0,2360.0,2360.66,2359.7,2359.74,185.2259
1778082540.0,2359.73,2359.73,2358.21,2358.22,164.5156
1778082600.0,2358.21,2359.08,2356.86,2357.99,316.9944
1778082660.0,2358.0,2359.8,2358.0,2359.62,286.5325
1778082720.0,2359.62,2360.11,2359.47,2359.48,268.3465
1778082780.0,2359.48,2359.48,2358.87,2359.47,133.7036
1778082840.0,2359.48,2360.63,2359.47,2360.63,159.2874
1778082900.0,2360.63,2361.05,2359.67,2359.67,163.7524
1778082960.0,2359.68,2359.9,2358.95,2359.9,119.6211
1778083020.0,2359.9,2359.9,2358.16,2358.28,182.2131
1778083080.0,2358.29,2359.15,2358.17,2359.15,177.1212
1778083140.0,2359.16,2359.51,2359.1,2359.1,194.8765
1778083200.0,2359.1,2359.1,2358.25,2358.42,303.7303
1778083260.0,2358.42,2359.26,2358.03,2358.67,185.0247
1778083320.0,2358.66,2358.94,2357.44,2357.44,190.6198
1778083380.0,2357.44,2357.45,2355.45,2357.21,320.1398
1778083440.0,2357.21,2360.38,2357.21,2360.38,220.0409
1778083500.0,2360.38,2362.03,2360.38,2361.54,348.5259
1778083560.0,2361.54,2361.54,2359.29,2360.19,499.2689
1778083620.0,2360.2,2361.64,2360.19,2361.39,146.921
1778083680.0,2361.39,2362.03,2360.59,2361.51,282.0932
1778083740.0,2361.52,2363.41,2361.51,2362.64,183.5898
1778083800.0,2362.64,2363.25,2362.3,2362.73,215.6125
1778083860.0,2362.72,2363.41,2362.42,2362.78,209.9268
1778083920.0,2362.78,2367.47,2362.77,2364.16,1234.9508
1778083980.0,2364.16,2364.68,2363.28,2363.33,294.5219
1778084040.0,2363.33,2364.4,2363.23,2363.45,216.7431
1778084100.0,2363.46,2364.86,2363.06,2364.37,529.5029
1778084160.0,2364.36,2364.37,2363.01,2363.01,128.8657
1778084220.0,2363.01,2363.85,2363.0,2363.08,187.7872
1778084280.0,2363.07,2363.07,2360.92,2362.27,268.5023
1778084340.0,2362.26,2362.26,2359.91,2359.91,416.8598
1778084400.0,2359.9,2360.01,2357.94,2358.2,283.9575
1778084460.0,2358.21,2358.21,2355.47,2355.72,367.3493
1778084520.0,2355.72,2356.79,2355.2,2355.53,333.5268
1778084580.0,2355.52,2357.85,2355.52,2357.82,348.7403
1778084640.0,2357.82,2359.35,2357.62,2358.1,311.7037
1778084700.0,2358.1,2359.05,2357.44,2357.44,176.3471
1778084760.0,2357.45,2358.41,2356.42,2356.42,602.8879
1778084820.0,2356.42,2357.14,2355.8,2356.43,467.5947
1778084880.0,2356.43,2356.5,2355.96,2355.97,199.0092
1778084940.0,2355.96,2355.97,2351.61,2351.61,1776.5485
1778085000.0,2351.62,2354.17,2351.46,2353.38,381.4056
1778085060.0,2353.38,2353.63,2351.83,2351.84,167.9149
1778085120.0,2351.84,2353.14,2350.56,2353.14,359.091
1778085180.0,2353.15,2353.8,2352.73,2353.7,555.0239
1778085240.0,2353.71,2355.73,2353.45,2355.72,295.1439
1778085300.0,2355.72,2355.72,2353.38,2353.39,153.7399
1778085360.0,2353.38,2355.67,2352.2,2355.67,202.8527
1778085420.0,2355.67,2356.2,2355.15,2355.41,177.4775
1778085480.0,2355.41,2355.69,2354.53,2355.27,160.6314
1778085540.0,2355.27,2358.2,2355.27,2357.9,284.43
1778085600.0,2357.9,2357.9,2356.65,2357.75,122.3664
1778085660.0,2357.74,2359.8,2357.74,2359.79,160.0558
1778085720.0,2359.79,2359.79,2358.33,2358.44,88.693
1778085780.0,2358.44,2359.54,2357.82,2357.83,136.653
1778085840.0,2357.83,2359.54,2357.77,2358.89,118.6488
1778085900.0,2358.88,2359.22,2358.84,2358.87,117.9676
1778085960.0,2358.87,2359.46,2358.26,2358.28,192.138
1778086020.0,2358.28,2358.77,2357.85,2358.03,305.6278
1778086080.0,2358.04,2358.68,2357.85,2358.52,135.8482
1778086140.0,2358.51,2359.44,2357.96,2359.43,255.9036
1778086200.0,2359.43,2360.57,2358.78,2360.37,370.7671
1778086260.0,2360.37,2362.0,2360.37,2360.43,602.2282
1778086320.0,2360.43,2360.43,2358.95,2359.99,137.3064
1778086380.0,2359.99,2360.35,2359.77,2360.33,124.5292
1778086440.0,2360.34,2360.34,2358.24,2358.24,120.1133
1778086500.0,2358.24,2358.86,2357.19,2358.83,220.6543
1778086560.0,2358.84,2359.92,2358.48,2359.91,156.4427
1778086620.0,2359.92,2360.02,2357.45,2357.72,316.2228
1778086680.0,2357.73,2359.9,2357.4,2359.89,1146.247
1778086740.0,2359.89,2359.9,2357.88,2358.08,185.534
1778086800.0,2358.09,2358.77,2357.4,2357.4,225.322
1778086860.0,2357.41,2357.89,2357.4,2357.58,122.6644
1778086920.0,2357.58,2359.15,2357.58,2358.63,136.6112
1778086980.0,2358.63,2358.71,2357.4,2358.51,415.3242
1778087040.0,2358.52,2358.97,2358.14,2358.29,107.6238
1778087100.0,2358.29,2359.18,2357.78,2358.3,129.1903
1778087160.0,2358.3,2358.31,2357.44,2357.65,89.2723
1778087220.0,2357.65,2358.7,2357.64,2358.34,138.3746
1778087280.0,2358.34,2359.66,2358.34,2359.11,166.3794
1778087340.0,2359.11,2359.97,2358.29,2358.29,151.278
1778087400.0,2358.28,2359.64,2358.16,2359.63,116.0272
1778087460.0,2359.63,2360.99,2358.41,2358.41,149.6562
1778087520.0,2358.41,2360.36,2358.41,2360.35,98.1114
1778087580.0,2360.36,2360.36,2359.5,2359.59,107.2553
1778087640.0,2359.6,2360.04,2359.28,2359.5,331.6588
1778087700.0,2359.5,2359.5,2357.0,2357.0,709.9058
1778087760.0,2357.0,2357.01,2351.95,2353.06,540.9815
1778087820.0,2353.06,2355.0,2352.9,2352.9,225.9016
1778087880.0,2352.9,2353.32,2352.19,2353.26,199.1194
1778087940.0,2353.27,2355.32,2353.26,2355.32,141.7909
1778088000.0,2355.31,2355.79,2355.03,2355.7,147.1764
1778088060.0,2355.71,2357.01,2355.71,2356.99,109.4942
1778088120.0,2357.0,2357.06,2356.34,2357.06,126.2849
1778088180.0,2357.05,2357.36,2356.91,2357.36,102.5163
1778088240.0,2357.35,2357.36,2355.81,2356.24,186.9525
1778088300.0,2356.24,2356.56,2355.99,2356.25,101.6412
1778088360.0,2356.26,2356.26,2354.13,2354.81,166.2627
1778088420.0,2354.81,2355.0,2354.81,2354.98,104.1868
1778088480.0,2354.98,2355.11,2354.64,2355.1,253.164
1778088540.0,2355.11,2355.3,2353.79,2353.8,224.3099
1778088600.0,2353.79,2354.71,2353.79,2354.34,113.802
1778088660.0,2354.35,2354.71,2353.18,2353.75,301.8447
1778088720.0,2353.74,2353.74,2352.0,2352.83,323.4164
1778088780.0,2352.82,2353.23,2352.21,2352.77,224.5747
1778088840.0,2352.77,2353.14,2351.95,2351.96,185.5961
1778088900.0,2351.95,2352.54,2351.68,2352.08,425.3439
1778088960.0,2352.07,2352.28,2351.64,2352.0,112.9537
1778089020.0,2352.0,2352.17,2351.1,2351.11,179.0915
1778089080.0,2351.11,2351.7,2350.92,2350.98,343.5554
1778089140.0,2350.97,2351.73,2350.3,2351.72,155.147
1778089200.0,2351.72,2351.92,2351.03,2351.04,241.3161
1778089260.0,2351.04,2351.19,2350.5,2350.77,233.0863
1778089320.0,2350.77,2350.77,2350.27,2350.27,116.2648
1778089380.0,2350.28,2351.46,2350.27,2351.45,238.9189
1778089440.0,2351.46,2354.24,2351.46,2353.09,296.5833
1778089500.0,2353.09,2353.17,2351.67,2351.68,587.8929
1778089560.0,2351.67,2352.0,2350.44,2350.44,190.4411
1778089620.0,2350.44,2351.76,2347.71,2351.02,1423.4965
1778089680.0,2351.02,2352.49,2350.74,2351.75,227.4322
1778089740.0,2351.75,2351.75,2351.02,2351.2,131.1672
1778089800.0,2351.2,2351.37,2350.35,2351.19,192.379
1778089860.0,2351.19,2351.19,2349.92,2350.64,136.8851
1778089920.0,2350.65,2350.65,2349.44,2349.96,174.583
1778089980.0,2349.95,2350.52,2348.87,2350.52,216.1023
1778090040.0,2350.52,2351.19,2350.52,2351.16,166.2177
1778090100.0,2351.15,2351.56,2350.11,2350.29,189.6588
1778090160.0,2350.3,2352.91,2350.29,2352.15,190.4968
1778090220.0,2352.15,2352.16,2350.0,2350.01,160.6241
1778090280.0,2350.01,2350.33,2349.7,2349.78,179.0758
1778090340.0,2349.78,2349.78,2349.7,2349.7,78.8128
1778090400.0,2349.71,2350.49,2349.71,2350.05,454.5314
1778090460.0,2350.05,2350.52,2349.8,2350.1,331.4826
1778090520.0,2350.1,2350.48,2349.03,2349.04,295.0946
1778090580.0,2349.04,2351.01,2349.03,2349.3,143.9548
1778090640.0,2349.31,2349.37,2348.38,2348.53,158.5499
1778090700.0,2348.52,2350.02,2348.52,2348.85,285.0602
1778090760.0,2348.86,2349.67,2348.58,2349.44,146.9181
1778090820.0,2349.44,2349.45,2348.91,2348.91,131.1014
1778090880.0,2348.92,2348.92,2347.45,2347.72,215.0981
1778090940.0,2347.72,2348.97,2347.0,2348.97,538.0456
1778091000.0,2348.96,2349.14,2347.0,2347.1,170.3244
1778091060.0,2347.11,2347.25,2346.0,2347.03,767.1043
1778091120.0,2347.03,2347.03,2338.0,2340.49,4077.6841
1778091180.0,2340.49,2347.65,2338.2,2346.86,1246.9294
1778091240.0,2346.87,2349.46,2346.81,2349.46,345.8304
1778091300.0,2349.47,2350.82,2348.74,2348.78,498.4508
1778091360.0,2348.78,2351.01,2348.55,2351.01,172.7284
1778091420.0,2351.02,2351.99,2350.65,2351.68,233.9056
1778091480.0,2351.67,2352.55,2351.34,2351.68,240.8203
1778091540.0,2351.69,2351.98,2349.7,2349.73,135.7555
1778091600.0,2349.73,2350.0,2349.4,2349.86,173.006
1778091660.0,2349.86,2349.86,2348.13,2349.14,200.4812
1778091720.0,2349.14,2349.15,2348.0,2348.14,147.993
1778091780.0,2348.15,2349.69,2348.04,2348.48,155.7256
1778091840.0,2348.47,2348.65,2348.02,2348.29,146.0829
1778091900.0,2348.28,2348.54,2347.49,2348.06,169.6942
1778091960.0,2348.06,2348.25,2347.73,2347.73,145.9414
1778092020.0,2347.73,2347.79,2346.84,2346.96,203.4132
1778092080.0,2346.96,2347.48,2346.96,2347.47,123.7739
1778092140.0,2347.47,2347.48,2344.88,2344.89,234.1651
1778092200.0,2344.88,2345.73,2343.71,2345.72,276.7951
1778092260.0,2345.73,2347.16,2345.0,2345.0,178.845
1778092320.0,2345.0,2345.01,2343.22,2343.57,507.2747
1778092380.0,2343.57,2347.7,2341.79,2347.69,1009.1373
1778092440.0,2347.69,2348.07,2346.49,2346.8,214.3257
1778092500.0,2346.81,2347.53,2346.33,2346.33,96.2098
1778092560.0,2346.34,2346.34,2345.23,2345.24,126.2437
1778092620.0,2345.23,2345.89,2344.62,2345.88,181.1424
1778092680.0,2345.89,2345.92,2345.05,2345.89,128.8858
1778092740.0,2345.89,2346.24,2345.25,2345.25,88.7788
1778092800.0,2345.26,2347.2,2345.25,2345.71,118.6865
1778092860.0,2345.72,2345.96,2345.33,2345.33,339.1441
1778092920.0,2345.33,2345.59,2345.23,2345.58,88.0271
1778092980.0,2345.59,2346.93,2345.58,2346.92,185.7617
1778093040.0,2346.93,2347.28,2346.19,2346.19,132.8895
1778093100.0,2346.19,2347.78,2346.19,2347.65,117.419
1778093160.0,2347.66,2348.43,2347.27,2347.27,133.0252
1778093220.0,2347.27,2347.28,2345.9,2345.9,116.0283
1778093280.0,2345.9,2346.09,2345.57,2345.57,126.5265
1778093340.0,2345.57,2346.26,2344.7,2344.7,139.6343
1778093400.0,2344.71,2344.98,2344.09,2344.09,161.8635
1778093460.0,2344.1,2344.82,2343.46,2344.82,148.5557
1778093520.0,2344.82,2347.04,2344.82,2347.04,172.3674
1778093580.0,2347.04,2348.14,2347.04,2348.11,142.4726
1778093640.0,2348.12,2348.12,2346.4,2347.36,183.8344
1778093700.0,2347.35,2347.77,2347.15,2347.76,108.7482
1778093760.0,2347.77,2348.32,2346.55,2347.93,176.8063
1778093820.0,2347.92,2347.92,2347.09,2347.09,131.4679
1778093880.0,2347.09,2347.09,2346.08,2346.08,92.9954
1778093940.0,2346.09,2346.25,2345.0,2345.0,103.5391
1778094000.0,2345.0,2346.44,2344.71,2346.43,147.1584
1778094060.0,2346.44,2346.44,2345.35,2345.65,85.1217
1778094120.0,2345.65,2346.33,2345.0,2346.33,169.0561
1778094180.0,2346.32,2347.75,2346.32,2347.57,108.8435
1778094240.0,2347.58,2347.77,2345.42,2345.42,147.2023
1778094300.0,2345.42,2346.31,2345.0,2346.3,133.2838
1778094360.0,2346.31,2346.91,2345.91,2346.78,210.5139
1778094420.0,2346.78,2347.12,2345.71,2345.72,129.1317
1778094480.0,2345.72,2345.73,2343.48,2343.49,359.279
1778094540.0,2343.5,2346.02,2343.49,2346.0,148.6884
1778094600.0,2346.0,2346.0,2344.55,2344.55,160.5318
1778094660.0,2344.55,2344.55,2343.51,2344.05,189.087
1778094720.0,2344.05,2344.45,2343.52,2343.52,161.7177
1778094780.0,2343.52,2344.47,2343.23,2344.31,179.355
1778094840.0,2344.31,2345.45,2344.28,2345.15,121.7617
1778094900.0,2345.15,2345.32,2343.46,2343.97,136.5828
1778094960.0,2343.98,2345.22,2343.73,2345.21,115.3088
1778095020.0,2345.21,2345.22,2344.72,2344.94,103.6025
1778095080.0,2344.95,2345.19,2344.56,2344.86,167.4722
1778095140.0,2344.85,2345.7,2344.71,2345.69,91.5165
1778095200.0,2345.69,2346.07,2345.38,2345.38,118.7424
1778095260.0,2345.39,2346.59,2345.38,2346.59,106.5317
1778095320.0,2346.58,2348.72,2346.58,2348.71,138.3856
1778095380.0,2348.71,2348.71,2347.47,2347.62,187.3313
1778095440.0,2347.62,2347.62,2345.0,2345.01,189.8899
1778095500.0,2345.0,2345.01,2343.21,2344.66,175.0969
1778095560.0,2344.66,2344.67,2343.28,2344.06,177.6939
1778095620.0,2344.05,2344.31,2343.29,2343.4,136.4029
1778095680.0,2343.4,2344.03,2343.0,2344.03,119.4444
1778095740.0,2344.03,2345.01,2344.03,2344.96,118.8225
1778095800.0,2344.97,2344.97,2343.37,2343.79,133.4641
1778095860.0,2343.79,2343.96,2343.3,2343.94,149.6206
1778095920.0,2343.94,2344.59,2343.69,2344.32,129.773
1778095980.0,2344.33,2344.33,2342.5,2343.16,185.5601
1778096040.0,2343.17,2343.37,2342.51,2342.51,188.2759
1778096100.0,2342.51,2343.0,2342.49,2342.94,235.837
1778096160.0,2342.94,2343.22,2342.53,2343.21,99.739
1778096220.0,2343.21,2343.41,2342.14,2342.48,105.7635
1778096280.0,2342.48,2344.97,2342.48,2344.96,118.2298
1778096340.0,2344.97,2346.61,2344.94,2346.61,135.7988
1778096400.0,2346.6,2346.61,2344.78,2344.81,134.3764
1778096460.0,2344.82,2345.45,2344.81,2345.44,188.1285
1778096520.0,2345.45,2346.1,2345.45,2346.09,111.2674
1778096580.0,2346.09,2347.23,2346.03,2347.22,210.0529
1778096640.0,2347.22,2347.23,2345.63,2345.63,97.3099
1778096700.0,2345.63,2346.68,2345.63,2346.68,122.9659
1778096760.0,2346.68,2346.88,2346.24,2346.25,110.0183
1778096820.0,2346.24,2346.9,2345.85,2346.1,254.0926
1778096880.0,2346.09,2346.11,2345.65,2345.66,76.1826
1778096940.0,2345.66,2345.66,2345.28,2345.29,116.3364
1778097000.0,2345.29,2347.87,2345.29,2346.71,256.5101
1778097060.0,2346.72,2347.84,2346.71,2347.74,140.2075
1778097120.0,2347.73,2348.0,2347.09,2347.09,133.4343
1778097180.0,2347.1,2348.37,2347.1,2348.37,148.2843
1778097240.0,2348.37,2348.5,2348.31,2348.5,89.8378
1778097300.0,2348.5,2349.31,2348.5,2349.14,428.2645
1778097360.0,2349.13,2349.58,2349.13,2349.58,250.4727
1778097420.0,2349.58,2349.67,2348.73,2348.73,134.0293
1778097480.0,2348.73,2349.64,2348.73,2349.64,95.9911
1778097540.0,2349.64,2350.0,2348.49,2348.5,128.4746
1778097600.0,2348.49,2349.47,2348.48,2348.74,434.5735
1778097660.0,2348.75,2350.82,2348.75,2350.82,150.3132
1778097720.0,2350.83,2352.2,2350.82,2352.2,238.3873
1778097780.0,2352.19,2352.73,2351.44,2351.79,264.1199
1778097840.0,2351.79,2354.04,2351.79,2354.04,298.191
1778097900.0,2354.04,2354.28,2352.4,2353.32,346.461
1778097960.0,2353.33,2353.33,2352.96,2353.01,117.7132
1778098020.0,2353.02,2354.42,2353.02,2353.89,221.403
1778098080.0,2353.88,2353.89,2353.01,2353.28,203.3506
1778098140.0,2353.28,2353.9,2352.75,2352.76,191.2432
1778098200.0,2352.75,2353.31,2352.75,2353.26,131.4996
1778098260.0,2353.27,2353.98,2352.85,2353.83,157.7498
1778098320.0,2353.84,2354.69,2353.81,2354.41,87.4348
1778098380.0,2354.41,2354.45,2353.52,2354.44,205.3188
1778098440.0,2354.45,2354.56,2353.2,2353.2,344.3472
1778098500.0,2353.21,2353.88,2353.21,2353.31,102.9319
1778098560.0,2353.3,2353.61,2352.87,2353.61,118.2242
1778098620.0,2353.61,2353.7,2352.87,2352.9,259.1867
1778098680.0,2352.9,2352.9,2352.18,2352.9,230.0238
1778098740.0,2352.9,2352.9,2352.28,2352.45,132.6924
1778098800.0,2352.46,2352.78,2352.45,2352.76,83.1942
1778098860.0,2352.77,2352.86,2351.05,2351.1,157.98
1778098920.0,2351.11,2351.72,2351.11,2351.71,96.4633
1778098980.0,2351.72,2353.04,2351.71,2353.03,100.5815
1778099040.0,2353.03,2353.03,2352.19,2352.19,92.4776
1778099100.0,2352.2,2353.75,2352.19,2353.55,98.3097
1778099160.0,2353.56,2356.75,2353.55,2356.21,833.3215
1778099220.0,2356.21,2357.04,2355.64,2355.65,229.5917
1778099280.0,2355.65,2355.65,2353.37,2353.44,200.0116
1778099340.0,2353.43,2353.82,2352.65,2352.65,161.7615
1778099400.0,2352.66,2352.8,2350.0,2350.32,243.9802
1778099460.0,2350.32,2350.34,2349.89,2349.89,150.5553
1778099520.0,2349.9,2350.22,2346.73,2346.73,303.0653
1778099580.0,2346.73,2346.73,2345.23,2346.54,434.5631
1778099640.0,2346.55,2346.78,2346.5,2346.51,89.5436
1778099700.0,2346.51,2347.59,2346.29,2347.58,131.3332
1778099760.0,2347.59,2348.56,2347.27,2347.27,117.4198
1778099820.0,2347.27,2347.83,2347.14,2347.82,106.3332
1778099880.0,2347.82,2347.96,2345.7,2346.11,242.1166
1778099940.0,2346.12,2347.23,2346.08,2347.22,176.6381
1778100000.0,2347.23,2348.26,2347.22,2348.01,96.3229
1778100060.0,2348.0,2348.6,2346.17,2346.53,274.8999
1778100120.0,2346.53,2348.17,2346.52,2347.86,252.5284
1778100180.0,2347.87,2348.43,2347.31,2347.31,379.9469
1778100240.0,2347.31,2348.14,2347.31,2347.58,180.7473
1778100300.0,2347.58,2348.41,2346.8,2348.4,139.4713
1778100360.0,2348.41,2348.49,2348.07,2348.07,84.0849
1778100420.0,2348.08,2348.08,2346.17,2346.78,1028.9658
1778100480.0,2346.79,2347.47,2345.75,2345.76,1159.9536
1778100540.0,2345.75,2346.65,2345.43,2346.64,141.5996
1778100600.0,2346.65,2346.65,2345.77,2345.78,95.2724
1778100660.0,2345.77,2345.78,2345.52,2345.52,64.8902
1778100720.0,2345.53,2345.9,2345.52,2345.87,183.8921
1778100780.0,2345.86,2346.35,2345.66,2346.16,96.9198
1778100840.0,2346.17,2347.48,2346.16,2347.33,204.131
1778100900.0,2347.33,2348.68,2347.27,2348.5,155.3625
1778100960.0,2348.5,2349.31,2348.41,2349.23,138.2218
1778101020.0,2349.24,2349.79,2349.23,2349.79,137.8824
1778101080.0,2349.78,2350.2,2349.53,2349.53,201.0662
1778101140.0,2349.54,2350.94,2349.35,2350.94,183.654
1778101200.0,2350.94,2352.02,2350.94,2351.87,156.9146
1778101260.0,2351.87,2351.87,2350.61,2350.61,77.1972
1778101320.0,2350.61,2351.43,2350.61,2351.43,95.3662
1778101380.0,2351.43,2351.43,2350.97,2351.43,83.6408
1778101440.0,2351.42,2351.66,2351.42,2351.65,74.0226
1778101500.0,2351.66,2351.66,2350.84,2350.84,102.0417
1778101560.0,2350.84,2351.94,2350.83,2351.47,144.8888
1778101620.0,2351.48,2352.01,2351.34,2352.01,72.4672
1778101680.0,2352.0,2352.02,2352.0,2352.01,96.3183
1778101740.0,2352.02,2352.38,2352.01,2352.32,77.5252
1778101800.0,2352.31,2352.31,2351.34,2351.35,110.7346
1778101860.0,2351.35,2351.35,2349.97,2349.98,118.5087
1778101920.0,2349.97,2349.98,2347.78,2347.78,179.5898
1778101980.0,2347.78,2348.35,2345.83,2348.34,306.8086
1778102040.0,2348.34,2348.64,2348.34,2348.63,102.3475
1778102100.0,2348.64,2349.31,2348.64,2349.19,105.4789
1778102160.0,2349.2,2350.1,2349.19,2350.1,89.7152
1778102220.0,2350.1,2350.16,2349.3,2349.3,137.2377
1778102280.0,2349.3,2349.31,2348.72,2348.72,63.6308
1778102340.0,2348.72,2349.78,2348.62,2349.72,147.6465
1778102400.0,2349.71,2349.71,2349.0,2349.31,112.3393
1778102460.0,2349.3,2350.12,2349.3,2350.11,121.272
1778102520.0,2350.12,2350.94,2349.85,2349.85,107.4916
1778102580.0,2349.86,2350.17,2349.55,2350.17,121.6469
1778102640.0,2350.16,2351.34,2350.16,2351.34,91.7044
1778102700.0,2351.33,2351.34,2350.75,2351.34,104.0043
1778102760.0,2351.34,2351.35,2351.34,2351.34,191.3095
1778102820.0,2351.35,2351.35,2351.34,2351.35,70.8192
1778102880.0,2351.34,2351.34,2350.88,2350.88,100.1613
1778102940.0,2350.89,2351.47,2350.88,2351.47,128.3579
1778103000.0,2351.47,2351.47,2350.09,2350.11,115.6088
1778103060.0,2350.12,2351.88,2350.1,2351.87,136.1512
1778103120.0,2351.87,2352.22,2351.87,2352.21,127.0335
1778103180.0,2352.22,2353.99,2352.22,2353.98,207.379
1778103240.0,2353.98,2353.99,2351.87,2351.94,163.2864
1778103300.0,2351.93,2352.54,2351.51,2352.44,521.8811
1778103360.0,2352.43,2353.02,2352.27,2352.27,164.0263
1778103420.0,2352.27,2353.86,2352.11,2353.37,1916.9518
1778103480.0,2353.38,2355.12,2353.38,2355.01,279.3644
1778103540.0,2355.01,2355.72,2355.0,2355.72,141.9636
1778103600.0,2355.72,2356.18,2354.47,2355.44,233.4008
1778103660.0,2355.43,2356.07,2355.02,2355.02,113.608
1778103720.0,2355.01,2356.13,2355.01,2356.12,112.6592
1778103780.0,2356.12,2357.04,2356.12,2357.03,187.6179
1778103840.0,2357.04,2357.45,2355.4,2355.4,223.7382
1778103900.0,2355.41,2355.54,2354.07,2355.51,173.2463
1778103960.0,2355.5,2355.51,2353.63,2354.72,231.7957
1778104020.0,2354.72,2355.49,2353.73,2354.83,216.3661
1778104080.0,2354.83,2356.0,2354.33,2354.66,161.3941
1778104140.0,2354.67,2355.78,2354.67,2354.76,133.2317
1778104200.0,2354.77,2354.99,2352.46,2354.87,356.7175
1778104260.0,2354.87,2354.89,2354.13,2354.13,129.5892
1778104320.0,2354.14,2354.47,2353.82,2354.46,128.8142
1778104380.0,2354.47,2355.05,2354.46,2355.05,63.9567
1778104440.0,2355.05,2356.0,2355.05,2355.26,113.221
1778104500.0,2355.27,2355.83,2355.24,2355.82,82.445
1778104560.0,2355.83,2355.83,2355.39,2355.53,115.2676
1778104620.0,2355.53,2355.54,2355.51,2355.52,75.2447
1778104680.0,2355.51,2355.52,2354.19,2354.19,121.3389
1778104740.0,2354.2,2354.52,2353.37,2354.52,178.2724
1778104800.0,2354.52,2355.05,2353.03,2353.04,168.1479
1778104860.0,2353.03,2353.82,2352.5,2352.51,183.0405
1778104920.0,2352.5,2354.34,2351.86,2354.25,208.039
1778104980.0,2354.24,2354.58,2352.08,2352.08,209.0934
1778105040.0,2352.08,2352.93,2351.86,2352.01,174.3393
1778105100.0,2352.01,2355.02,2352.0,2353.57,495.6995
1778105160.0,2353.57,2353.58,2351.96,2351.96,121.2593
1778105220.0,2351.95,2351.95,2349.3,2349.43,388.0256
1778105280.0,2349.43,2351.15,2349.43,2350.49,136.1463
1778105340.0,2350.48,2351.01,2349.78,2349.79,89.9913
1778105400.0,2349.79,2350.08,2348.88,2350.08,144.7821
1778105460.0,2350.07,2350.74,2349.94,2350.6,151.9803
1778105520.0,2350.6,2351.76,2350.0,2350.66,215.4129
1778105580.0,2350.66,2350.66,2349.99,2350.44,128.8425
1778105640.0,2350.45,2351.02,2350.45,2350.64,105.3061
1778105700.0,2350.64,2350.89,2349.83,2350.0,157.9338
1778105760.0,2350.0,2350.0,2348.89,2349.3,102.9975
1778105820.0,2349.3,2349.43,2348.86,2348.86,107.9281
1778105880.0,2348.86,2349.62,2348.71,2348.71,115.2492
1778105940.0,2348.7,2348.7,2347.59,2348.06,178.6828
1778106000.0,2348.05,2348.49,2347.55,2347.97,103.9282
1778106060.0,2347.96,2348.13,2347.5,2347.5,82.4522
1778106120.0,2347.5,2347.63,2346.8,2347.28,176.4136
1778106180.0,2347.28,2347.35,2346.46,2346.56,135.3277
1778106240.0,2346.56,2347.33,2346.55,2346.93,109.7818
1778106300.0,2346.94,2346.94,2345.9,2346.43,141.2794
1778106360.0,2346.44,2346.78,2345.92,2345.92,66.8746
1778106420.0,2345.92,2346.08,2345.38,2345.38,150.6945
1778106480.0,2345.38,2345.39,2345.01,2345.02,110.8366
1778106540.0,2345.02,2345.56,2344.99,2345.56,171.056
1778106600.0,2345.57,2347.54,2345.56,2347.49,126.553
1778106660.0,2347.49,2349.0,2347.47,2349.0,108.5748
1778106720.0,2349.0,2349.0,2348.54,2348.77,150.444
1778106780.0,2348.77,2348.99,2348.27,2348.27,146.9175
1778106840.0,2348.27,2348.91,2348.27,2348.43,111.2139
1778106900.0,2348.43,2349.0,2348.01,2348.45,127.198
1778106960.0,2348.45,2348.45,2347.27,2347.27,97.4006
1778107020.0,2347.28,2347.54,2347.23,2347.45,105.7438
1778107080.0,2347.46,2348.37,2347.27,2348.36,74.3536
1778107140.0,2348.36,2348.37,2347.24,2347.69,112.1057
1778107200.0,2347.7,2347.71,2347.31,2347.31,150.389
1778107260.0,2347.31,2348.25,2347.31,2347.51,69.7932
1778107320.0,2347.51,2347.66,2347.23,2347.66,71.1553
1778107380.0,2347.66,2347.71,2347.32,2347.53,80.5891
1778107440.0,2347.54,2348.13,2347.46,2348.13,152.8342
1778107500.0,2348.13,2348.95,2348.13,2348.94,90.6214
1778107560.0,2348.94,2349.0,2346.59,2346.59,149.8101
1778107620.0,2346.6,2346.6,2345.29,2345.29,95.3267
1778107680.0,2345.29,2345.9,2345.13,2345.54,152.0568
1778107740.0,2345.54,2346.44,2345.54,2346.44,73.8447
1778107800.0,2346.44,2347.66,2346.44,2347.65,89.8393
1778107860.0,2347.65,2347.66,2346.81,2346.95,96.6679
1778107920.0,2346.96,2347.67,2346.41,2347.59,123.9236
1778107980.0,2347.59,2349.02,2347.59,2349.01,76.7848
1778108040.0,2349.01,2349.54,2348.9,2349.3,145.3987
1778108100.0,2349.31,2349.31,2348.32,2348.32,101.9004
1778108160.0,2348.33,2348.33,2347.16,2348.24,146.5229
1778108220.0,2348.24,2348.24,2347.82,2348.03,64.4384
1778108280.0,2348.03,2348.03,2347.5,2347.72,83.0287
1778108340.0,2347.73,2347.73,2347.27,2347.28,69.561
1778108400.0,2347.28,2347.28,2345.77,2346.43,157.809
1778108460.0,2346.44,2346.44,2343.14,2344.22,359.2052
1778108520.0,2344.21,2344.88,2343.29,2343.42,241.1682
1778108580.0,2343.42,2343.64,2338.76,2339.42,1529.2664
1778108640.0,2339.43,2341.13,2338.74,2339.26,365.0271
1778108700.0,2339.26,2340.26,2339.13,2339.19,433.9614
1778108760.0,2339.2,2339.2,2338.51,2338.88,181.9708
1778108820.0,2338.89,2342.04,2338.28,2342.04,955.643
1778108880.0,2342.04,2343.21,2342.04,2342.31,214.1865
1778108940.0,2342.31,2343.85,2342.31,2343.2,145.4104
1778109000.0,2343.21,2344.87,2343.05,2344.46,182.8294
1778109060.0,2344.45,2345.81,2344.12,2345.63,185.8144
1778109120.0,2345.62,2345.62,2344.82,2344.92,280.4965
1778109180.0,2344.92,2345.48,2344.92,2345.05,109.7743
1778109240.0,2345.05,2345.23,2343.81,2344.21,154.9424
1778109300.0,2344.22,2345.66,2344.21,2345.65,114.5956
1778109360.0,2345.66,2345.66,2344.04,2344.04,121.4935
1778109420.0,2344.04,2344.42,2343.93,2344.36,160.2513
1778109480.0,2344.37,2345.65,2344.37,2345.64,103.5635
1778109540.0,2345.64,2346.57,2345.54,2345.54,177.3192
1778109600.0,2345.55,2346.55,2345.54,2346.54,105.958
1778109660.0,2346.55,2346.71,2346.08,2346.37,104.6268
1778109720.0,2346.37,2346.93,2346.36,2346.92,85.6115
1778109780.0,2346.92,2347.56,2346.92,2347.55,138.1622
1778109840.0,2347.55,2348.88,2347.55,2348.87,186.9552
1778109900.0,2348.88,2348.92,2347.83,2347.84,122.3455
1778109960.0,2347.84,2348.88,2347.84,2348.48,253.2706
1778110020.0,2348.49,2348.88,2348.08,2348.88,83.4926
1778110080.0,2348.88,2349.31,2348.87,2348.9,159.3334
1778110140.0,2348.9,2349.41,2348.89,2349.4,145.2335
1778110200.0,2349.41,2349.41,2349.1,2349.29,97.4108
1778110260.0,2349.29,2349.29,2347.43,2347.43,135.1298
1778110320.0,2347.43,2348.52,2347.43,2348.51,86.9781
1778110380.0,2348.52,2349.01,2348.51,2349.0,78.2039
1778110440.0,2349.0,2349.78,2349.0,2349.44,96.4507
1778110500.0,2349.44,2349.44,2348.06,2348.38,106.9923
1778110560.0,2348.39,2348.4,2348.09,2348.16,97.3816
1778110620.0,2348.16,2348.17,2347.71,2347.71,126.547
1778110680.0,2347.72,2347.9,2347.27,2347.89,168.8433
1778110740.0,2347.9,2347.91,2347.31,2347.31,79.7553
1778110800.0,2347.32,2347.45,2346.86,2347.44,94.4579
1778110860.0,2347.45,2348.16,2347.44,2348.15,100.4771
1778110920.0,2348.16,2349.17,2348.15,2349.16,85.1198
1778110980.0,2349.17,2349.96,2349.16,2349.73,111.7573
1778111040.0,2349.73,2349.73,2348.98,2348.99,114.4267
1778111100.0,2348.98,2349.66,2348.98,2349.27,138.1803
1778111160.0,2349.26,2349.57,2349.11,2349.11,93.9016
1778111220.0,2349.11,2349.11,2348.0,2348.01,135.409
1778111280.0,2348.01,2348.46,2347.3,2348.3,146.4465
1778111340.0,2348.31,2348.69,2348.04,2348.38,151.758
1778111400.0,2348.37,2348.56,2347.68,2348.55,98.8403
1778111460.0,2348.55,2349.66,2348.39,2349.66,92.2313
1778111520.0,2349.66,2349.67,2348.93,2349.67,117.6501
1778111580.0,2349.67,2350.49,2349.66,2350.45,192.9073
1778111640.0,2350.45,2350.83,2349.96,2350.83,156.9603
1778111700.0,2350.83,2351.17,2350.5,2351.16,175.8964
1778111760.0,2351.16,2351.34,2351.16,2351.34,73.842
1778111820.0,2351.34,2351.34,2350.68,2350.69,134.7655
1778111880.0,2350.68,2351.02,2350.5,2351.01,105.3887
1778111940.0,2351.01,2351.2,2350.84,2350.84,80.235
1778112000.0,2350.84,2350.99,2350.18,2350.98,190.586
1778112060.0,2350.99,2351.88,2350.74,2350.87,196.6291
1778112120.0,2350.86,2351.42,2350.54,2351.0,147.6022
1778112180.0,2351.01,2351.88,2350.56,2351.47,138.5628
1778112240.0,2351.47,2352.0,2350.14,2350.41,199.9723
1778112300.0,2350.4,2351.33,2350.4,2350.48,134.4767
1778112360.0,2350.48,2351.45,2350.41,2350.73,117.4609
1778112420.0,2350.74,2350.74,2348.16,2348.52,268.3109
1778112480.0,2348.53,2349.9,2348.53,2349.89,215.2828
1778112540.0,2349.89,2350.84,2349.89,2350.1,91.1966
1778112600.0,2350.1,2351.65,2350.1,2351.59,116.5423
1778112660.0,2351.6,2352.3,2350.85,2351.86,179.1573
1778112720.0,2351.87,2352.13,2351.37,2351.73,107.4138
1778112780.0,2351.73,2351.98,2350.7,2350.71,144.8514
1778112840.0,2350.71,2350.71,2350.0,2350.0,130.3003
1778112900.0,2350.0,2350.22,2349.05,2349.3,116.6121
1778112960.0,2349.31,2349.89,2349.3,2349.3,81.9645
1778113020.0,2349.31,2349.31,2347.46,2347.46,111.3502
1778113080.0,2347.46,2348.47,2347.25,2348.1,122.9575
1778113140.0,2348.11,2349.88,2348.1,2349.8,87.2815
1778113200.0,2349.81,2349.81,2347.79,2347.79,109.5658
1778113260.0,2347.79,2347.8,2346.51,2347.05,145.6154
1778113320.0,2347.06,2348.17,2346.51,2348.01,128.3481
1778113380.0,2348.0,2348.01,2346.69,2346.71,100.9025
1778113440.0,2346.7,2346.78,2345.66,2346.37,188.9754
1778113500.0,2346.37,2346.37,2345.0,2345.0,143.5964
1778113560.0,2345.01,2345.94,2344.87,2345.81,126.3384
1778113620.0,2345.81,2345.81,2345.46,2345.67,108.4712
1778113680.0,2345.67,2346.68,2345.67,2346.03,168.1218
1778113740.0,2346.02,2346.02,2344.72,2344.72,112.1321
1778113800.0,2344.72,2345.61,2343.01,2345.54,288.949
1778113860.0,2345.54,2345.64,2344.53,2345.28,128.7978
1778113920.0,2345.29,2345.29,2342.93,2343.47,182.9707
1778113980.0,2343.48,2345.24,2343.47,2343.6,132.5487
1778114040.0,2343.6,2345.12,2343.14,2345.12,149.1597
1778114100.0,2345.12,2346.46,2344.71,2345.65,167.0991
1778114160.0,2345.66,2345.86,2344.42,2344.44,118.6334
1778114220.0,2344.44,2345.19,2344.08,2344.09,101.474
1778114280.0,2344.09,2344.09,2342.45,2342.46,487.0342
1778114340.0,2342.46,2342.69,2342.09,2342.59,139.1191
1778114400.0,2342.59,2342.86,2340.04,2340.04,282.2153
1778114460.0,2340.05,2341.61,2340.0,2340.01,240.9775
1778114520.0,2340.01,2340.43,2339.18,2339.19,212.4514
1778114580.0,2339.18,2339.77,2338.75,2339.0,231.4656
1778114640.0,2339.0,2339.01,2334.94,2336.62,1227.0252
1778114700.0,2336.63,2339.08,2335.63,2337.11,166.4837
1778114760.0,2337.11,2337.12,2335.21,2335.55,442.7717
1778114820.0,2335.55,2336.38,2332.66,2335.26,921.9016
1778114880.0,2335.27,2339.03,2335.26,2337.81,250.1422
1778114940.0,2337.81,2338.66,2337.1,2338.13,153.212
1778115000.0,2338.13,2338.67,2337.53,2337.54,108.8031
1778115060.0,2337.53,2338.14,2336.75,2336.75,114.1201
1778115120.0,2336.76,2337.0,2334.68,2334.8,271.5564
1778115180.0,2334.81,2335.71,2334.47,2335.06,208.2837
1778115240.0,2335.06,2335.06,2332.02,2332.34,389.4859
1778115300.0,2332.34,2335.43,2332.0,2335.43,196.7552
1778115360.0,2335.43,2335.43,2333.15,2333.46,251.5541
1778115420.0,2333.47,2334.19,2333.37,2333.38,201.4795
1778115480.0,2333.38,2333.38,2330.0,2331.07,663.049
1778115540.0,2331.08,2331.08,2329.05,2329.65,962.2262
1778115600.0,2329.66,2330.18,2326.98,2326.99,770.2291
1778115660.0,2326.99,2328.05,2322.8,2327.63,1666.4796
1778115720.0,2327.64,2327.8,2325.31,2325.74,284.5716
1778115780.0,2325.75,2326.62,2323.44,2323.85,418.8027
1778115840.0,2323.85,2324.97,2320.23,2321.85,868.1196
1778115900.0,2321.84,2321.84,2320.23,2320.28,408.6104
1778115960.0,2320.28,2320.29,2315.69,2315.69,1895.6142
1778116020.0,2315.7,2325.44,2314.16,2325.24,2436.2549
1778116080.0,2325.24,2326.64,2324.66,2326.55,303.749
1778116140.0,2326.56,2328.28,2326.08,2327.57,236.9861
1778116200.0,2327.58,2330.0,2327.57,2329.0,343.6282
1778116260.0,2329.01,2329.01,2325.78,2325.79,308.1316
1778116320.0,2325.79,2328.95,2325.55,2328.34,142.6055
1778116380.0,2328.34,2328.49,2327.04,2328.05,154.3598
1778116440.0,2328.06,2329.32,2328.05,2329.29,187.1714
1778116500.0,2329.3,2330.05,2328.25,2330.05,242.0495
1778116560.0,2330.04,2330.04,2327.04,2327.62,160.7195
1778116620.0,2327.63,2327.78,2325.1,2325.1,177.1527
1778116680.0,2325.1,2325.1,2323.08,2323.27,255.2586
1778116740.0,2323.27,2325.37,2323.0,2324.96,213.2539
1778116800.0,2324.96,2325.4,2323.97,2324.66,118.6712
1778116860.0,2324.66,2325.2,2320.64,2320.75,294.0347
1778116920.0,2320.74,2323.61,2320.74,2323.34,182.1373
1778116980.0,2323.34,2326.1,2323.11,2325.76,175.7223
1778117040.0,2325.77,2327.28,2325.77,2326.85,180.9029
1778117100.0,2326.86,2328.55,2326.17,2326.79,195.5632
1778117160.0,2326.78,2328.25,2326.78,2328.12,233.3645
1778117220.0,2328.12,2329.05,2328.05,2328.74,133.2304
1778117280.0,2328.74,2330.13,2328.55,2330.13,228.0185
1778117340.0,2330.13,2332.04,2330.12,2332.03,263.2881
1778117400.0,2332.03,2334.0,2331.4,2334.0,252.7882
1778117460.0,2334.0,2334.0,2331.46,2331.95,213.032
1778117520.0,2331.94,2333.07,2331.51,2333.06,173.9399
1778117580.0,2333.07,2333.74,2330.06,2330.52,220.6839
1778117640.0,2330.52,2330.52,2328.31,2328.46,166.9779
1778117700.0,2328.46,2330.07,2328.46,2330.06,87.552
1778117760.0,2330.06,2331.4,2330.06,2330.52,165.4586
1778117820.0,2330.59,2332.08,2330.59,2332.08,139.7051
1778117880.0,2332.06,2332.55,2331.76,2331.76,80.262
1778117940.0,2331.77,2333.98,2331.77,2333.77,199.9192
1778118000.0,2333.77,2334.72,2333.77,2334.54,235.5548
1778118060.0,2334.55,2334.73,2333.85,2334.26,253.8782
1778118120.0,2334.27,2334.75,2334.22,2334.75,186.7369
1778118180.0,2334.74,2334.75,2333.98,2334.55,143.154
1778118240.0,2334.55,2335.0,2334.31,2334.41,122.9158
1778118300.0,2334.41,2334.41,2333.03,2333.1,243.8841
1778118360.0,2333.11,2333.12,2332.39,2333.11,166.6478
1778118420.0,2333.11,2333.94,2332.48,2333.93,160.3048
1778118480.0,2333.93,2333.97,2333.04,2333.1,140.708
1778118540.0,2333.11,2334.41,2333.1,2334.4,117.188
1778118600.0,2334.41,2334.51,2332.29,2332.41,191.4264
1778118660.0,2332.41,2333.01,2330.08,2330.09,297.0807
1778118720.0,2330.09,2330.09,2327.91,2328.44,223.3317
1778118780.0,2328.44,2329.63,2327.5,2327.73,306.8291
1778118840.0,2327.74,2329.14,2327.74,2327.98,131.3572
1778118900.0,2327.99,2329.07,2327.66,2328.18,182.2825
1778118960.0,2328.18,2328.61,2327.48,2327.73,163.1249
1778119020.0,2327.73,2328.84,2327.58,2327.59,135.3092
1778119080.0,2327.59,2327.59,2326.09,2327.21,180.6484
1778119140.0,2327.22,2327.99,2327.15,2327.41,141.387
1778119200.0,2327.4,2327.41,2326.0,2326.64,126.4147
1778119260.0,2326.64,2327.95,2325.99,2326.0,149.415
1778119320.0,2325.99,2327.23,2324.99,2324.99,204.4425
1778119380.0,2324.99,2326.59,2324.59,2326.38,178.3649
1778119440.0,2326.38,2326.38,2323.7,2324.06,212.1103
1778119500.0,2324.06,2324.1,2320.83,2321.13,1362.9264
1778119560.0,2321.14,2322.8,2320.02,2321.65,1156.6562
1778119620.0,2321.65,2322.27,2319.62,2320.15,598.2736
1778119680.0,2320.16,2321.55,2320.16,2320.72,179.8305
1778119740.0,2320.72,2321.26,2318.0,2318.12,555.3787
1778119800.0,2318.12,2319.41,2318.12,2318.94,295.5402
1778119860.0,2318.94,2319.43,2317.83,2317.83,294.1267
1778119920.0,2317.84,2318.94,2316.86,2317.66,515.1036
1778119980.0,2317.65,2317.65,2315.45,2315.49,581.1342
1778120040.0,2315.49,2316.88,2315.49,2315.7,401.0747
1778120100.0,2315.71,2317.96,2314.83,2317.46,625.0657
1778120160.0,2317.46,2317.46,2316.0,2316.77,365.5715
1778120220.0,2316.76,2317.31,2316.05,2316.36,348.7446
1778120280.0,2316.36,2317.89,2316.36,2317.69,250.0329
1778120340.0,2317.7,2317.7,2315.01,2315.02,246.362
1778120400.0,2315.01,2317.09,2314.84,2317.09,344.762
1778120460.0,2317.09,2317.09,2314.9,2314.9,245.7623
1778120520.0,2314.91,2316.4,2313.89,2316.04,326.1976
1778120580.0,2316.04,2320.01,2316.04,2318.85,477.6756
1778120640.0,2318.85,2318.85,2317.34,2317.51,212.1758
1778120700.0,2317.51,2318.21,2316.48,2316.48,260.949
1778120760.0,2316.48,2317.93,2316.48,2317.92,228.975
1778120820.0,2317.92,2318.05,2316.0,2316.97,398.8558
1778120880.0,2316.97,2318.21,2316.96,2317.45,246.5324
1778120940.0,2317.45,2318.21,2317.18,2317.87,181.1754
1778121000.0,2317.88,2318.79,2316.9,2317.19,301.2149
1778121060.0,2317.2,2318.59,2315.99,2318.59,362.9158
1778121120.0,2318.59,2320.9,2318.58,2320.9,385.7066
1778121180.0,2320.9,2321.24,2319.24,2319.24,361.7959
1778121240.0,2319.24,2320.38,2319.24,2320.37,253.2655
1778121300.0,2320.37,2320.37,2318.98,2318.98,181.5491
1778121360.0,2318.98,2318.99,2317.75,2318.12,251.2514
1778121420.0,2318.13,2318.37,2317.99,2317.99,181.1972
1778121480.0,2317.99,2320.0,2317.99,2319.41,194.9929
1778121540.0,2319.42,2319.65,2318.58,2318.58,180.7821
1778121600.0,2318.59,2318.59,2317.5,2317.65,195.9269
1778121660.0,2317.65,2318.29,2317.18,2317.18,330.7356
1778121720.0,2317.18,2317.97,2317.18,2317.47,411.1896
1778121780.0,2317.47,2317.48,2317.07,2317.48,365.2702
1778121840.0,2317.48,2319.16,2317.47,2317.52,370.9285
1778121900.0,2317.53,2318.85,2315.45,2318.68,674.018
1778121960.0,2318.68,2319.5,2318.56,2319.15,287.1554
1778122020.0,2319.16,2320.45,2319.15,2320.4,233.7193
1778122080.0,2320.4,2320.9,2319.53,2319.63,179.1349
1778122140.0,2319.62,2320.11,2319.62,2320.11,130.4791
1778122200.0,2320.11,2320.4,2318.81,2318.81,128.0099
1778122260.0,2318.82,2319.12,2318.25,2319.12,207.9989
1778122320.0,2319.11,2321.57,2319.11,2321.37,242.444
1778122380.0,2321.37,2322.36,2320.73,2321.89,379.9568
1778122440.0,2321.9,2322.77,2321.82,2321.83,170.0207
1778122500.0,2321.83,2322.16,2321.23,2321.23,151.9519
1778122560.0,2321.23,2323.77,2321.22,2323.2,269.4154
1778122620.0,2323.2,2323.31,2322.85,2322.86,153.9234
1778122680.0,2322.86,2323.02,2321.99,2322.0,146.9948
1778122740.0,2322.0,2322.1,2321.11,2321.88,185.6204
1778122800.0,2321.89,2321.89,2320.98,2320.98,174.3058
1778122860.0,2320.99,2320.99,2320.23,2320.37,182.5046
1778122920.0,2320.36,2321.7,2320.04,2320.04,261.8355
1778122980.0,2320.05,2321.39,2320.04,2321.39,171.902
1778123040.0,2321.39,2321.39,2320.2,2320.2,174.1165
1778123100.0,2320.21,2320.34,2319.47,2319.81,258.9105
1778123160.0,2319.81,2319.86,2319.48,2319.85,76.6153
1778123220.0,2319.85,2320.49,2319.24,2320.49,179.7582
1778123280.0,2320.5,2323.38,2320.5,2322.57,129.5428
1778123340.0,2322.58,2322.58,2321.35,2321.35,155.8346
1778123400.0,2321.36,2322.47,2320.87,2321.4,1023.2123
1778123460.0,2321.4,2321.87,2321.39,2321.39,231.1292
1778123520.0,2321.4,2321.4,2320.41,2320.42,925.5165
1778123580.0,2320.41,2320.63,2320.14,2320.62,248.1739
1778123640.0,2320.63,2320.63,2319.13,2319.82,207.6222
1778123700.0,2319.82,2321.52,2319.82,2321.51,100.6842
1778123760.0,2321.52,2322.21,2321.44,2322.21,157.2071
1778123820.0,2322.21,2322.21,2320.27,2320.27,136.4563
1778123880.0,2320.28,2320.84,2319.55,2320.82,209.5106
1778123940.0,2320.82,2320.97,2320.28,2320.29,182.9964
1778124000.0,2320.3,2320.3,2319.07,2319.07,275.8289
1778124060.0,2319.08,2319.08,2315.74,2316.31,313.2294
1778124120.0,2316.32,2317.49,2316.32,2317.04,160.5187
1778124180.0,2317.04,2317.77,2315.74,2316.23,151.5099
1778124240.0,2316.23,2317.23,2315.74,2317.04,160.4338
1778124300.0,2317.04,2317.62,2317.04,2317.37,85.9375
1778124360.0,2317.38,2319.07,2317.09,2319.0,94.1331
1778124420.0,2319.0,2319.89,2318.65,2319.89,62.4565
1778124480.0,2319.9,2320.0,2319.9,2319.93,23.033
1778124540.0,2319.92,2320.21,2319.9,2320.2,119.9562
1778124600.0,2320.2,2320.21,2319.11,2319.25,437.901
1778124660.0,2319.25,2320.04,2319.24,2320.04,281.7767
1778124720.0,2320.04,2320.55,2319.25,2320.55,140.9274
1778124780.0,2320.56,2321.14,2320.5,2320.51,118.5584
1778124840.0,2320.51,2320.51,2318.45,2319.62,138.6076
1778124900.0,2319.62,2321.13,2319.62,2321.13,65.5586
1778124960.0,2321.13,2321.14,2320.01,2321.14,80.8565
1778125020.0,2321.13,2321.72,2320.84,2321.72,38.3595
1778125080.0,2321.72,2322.44,2321.72,2322.02,66.051
1778125140.0,2322.03,2322.78,2321.71,2322.51,63.4107
1778125200.0,2322.51,2323.17,2322.13,2323.17,101.6132
1778125260.0,2323.16,2323.39,2322.37,2323.06,77.364
1778125320.0,2323.06,2323.07,2322.21,2322.22,62.0617
1778125380.0,2322.23,2323.17,2322.22,2323.17,35.1424
1778125440.0,2323.18,2323.39,2322.7,2323.29,43.8171
1778125500.0,2323.29,2323.55,2323.0,2323.0,111.1119
1778125560.0,2323.01,2323.4,2322.98,2323.05,85.9619
1778125620.0,2323.05,2323.62,2322.7,2322.7,90.9703
1778125680.0,2322.7,2323.39,2322.7,2323.39,105.13
1778125740.0,2323.38,2323.77,2322.85,2323.77,56.5988
1778125800.0,2323.77,2325.41,2323.75,2325.41,185.3697
1778125860.0,2325.41,2326.2,2324.92,2325.65,903.3634
1778125920.0,2325.65,2326.03,2324.94,2325.53,472.3412
1778125980.0,2325.54,2325.55,2325.52,2325.52,16.4175
1778126040.0,2325.52,2325.53,2324.75,2324.97,97.4945
1778126100.0,2324.98,2324.98,2323.4,2323.41,84.9786
1778126160.0,2323.4,2324.53,2322.86,2323.49,215.1124
1778126220.0,2323.49,2323.59,2322.86,2322.86,294.7614
1778126280.0,2322.87,2323.25,2322.0,2323.24,276.0176
1778126340.0,2323.25,2323.28,2321.66,2322.39,157.5432
1778126400.0,2322.39,2322.52,2320.87,2321.59,250.0497
1778126460.0,2321.6,2322.4,2321.53,2321.95,185.7213
1778126520.0,2321.95,2323.11,2321.94,2323.1,244.7715
1778126580.0,2323.11,2323.48,2321.92,2322.88,410.2737
1778126640.0,2322.87,2322.88,2321.36,2321.37,426.4982
1778126700.0,2321.36,2322.04,2320.37,2320.69,338.8557
1778126760.0,2320.69,2321.27,2320.37,2320.37,203.3871
1778126820.0,2320.38,2321.42,2320.2,2320.51,152.0658
1778126880.0,2320.52,2320.52,2319.61,2319.61,253.8584
1778126940.0,2319.62,2320.03,2317.8,2318.73,468.8747
1778127000.0,2318.74,2321.42,2318.74,2321.41,164.9802
1778127060.0,2321.41,2321.47,2320.98,2321.47,108.8388
1778127120.0,2321.46,2322.39,2321.46,2321.47,129.6119
1778127180.0,2321.48,2322.39,2321.47,2322.39,158.3831
1778127240.0,2322.39,2324.88,2322.38,2324.03,203.8556
1778127300.0,2324.02,2325.07,2323.79,2325.07,108.7
1778127360.0,2325.07,2325.38,2324.87,2325.38,146.0399
1778127420.0,2325.38,2326.6,2325.38,2326.32,235.696
1778127480.0,2326.33,2327.16,2325.59,2326.37,438.4667
1778127540.0,2326.38,2327.16,2326.21,2326.82,156.5134
1778127600.0,2326.82,2326.93,2325.76,2326.92,142.1453
1778127660.0,2326.93,2327.27,2326.64,2326.64,161.1638
1778127720.0,2326.65,2326.65,2325.61,2325.61,165.8568
1778127780.0,2325.62,2325.76,2325.0,2325.76,130.1568
1778127840.0,2325.77,2326.64,2325.73,2326.63,141.1363
1778127900.0,2326.64,2327.31,2326.63,2326.99,207.2891
1778127960.0,2326.99,2326.99,2325.75,2326.05,139.0559
1778128020.0,2326.04,2326.19,2325.89,2325.9,107.7696
1778128080.0,2325.89,2325.9,2325.53,2325.54,93.5705
1778128140.0,2325.54,2326.27,2325.53,2326.25,233.4563
1778128200.0,2326.25,2326.25,2325.36,2326.15,187.8684
1778128260.0,2326.16,2326.25,2325.2,2325.39,121.1381
1778128320.0,2325.39,2327.0,2325.39,2326.99,100.5694
1778128380.0,2327.0,2327.39,2326.99,2327.36,122.5078
1778128440.0,2327.36,2327.37,2325.01,2325.01,266.6295
1778128500.0,2325.02,2325.21,2324.47,2325.07,140.5264
1778128560.0,2325.08,2325.47,2325.06,2325.46,74.8817
1778128620.0,2325.47,2325.77,2324.99,2325.43,96.3957
1778128680.0,2325.44,2325.7,2324.85,2324.85,180.3783
1778128740.0,2324.84,2325.42,2323.65,2323.67,207.3402
1778128800.0,2323.67,2323.98,2323.08,2323.08,129.805
1778128860.0,2323.08,2323.68,2322.9,2322.91,123.1582
1778128920.0,2322.9,2323.98,2322.9,2323.85,106.7113
1778128980.0,2323.86,2324.4,2323.85,2324.39,112.9271
1778129040.0,2324.4,2324.4,2324.1,2324.1,104.0702
1778129100.0,2324.11,2325.58,2324.1,2325.57,169.114
1778129160.0,2325.57,2325.57,2324.84,2325.22,131.7533
1778129220.0,2325.22,2325.32,2324.98,2325.31,96.1827
1778129280.0,2325.32,2325.76,2325.31,2325.76,104.4983
1778129340.0,2325.76,2326.14,2325.7,2325.7,253.1322
1778129400.0,2325.71,2325.71,2325.0,2325.29,113.3568
1778129460.0,2325.29,2327.03,2325.28,2327.02,163.4436
1778129520.0,2327.02,2327.02,2326.4,2326.4,144.1314
1778129580.0,2326.4,2326.84,2326.4,2326.83,75.0085
1778129640.0,2326.84,2327.45,2326.73,2327.36,131.7218
1778129700.0,2327.35,2327.52,2326.32,2327.27,243.0869
1778129760.0,2327.27,2327.27,2326.7,2326.71,75.6318
1778129820.0,2326.71,2327.28,2326.71,2327.14,142.5453
1778129880.0,2327.14,2327.14,2326.71,2327.04,111.7494
1778129940.0,2327.04,2327.51,2327.04,2327.51,80.2324
1778130000.0,2327.51,2328.95,2327.02,2328.56,236.362
1778130060.0,2328.56,2329.0,2327.99,2328.92,446.5366
1778130120.0,2328.92,2331.32,2328.92,2330.68,842.6137
1778130180.0,2330.68,2331.67,2330.67,2331.01,290.464
1778130240.0,2331.01,2331.58,2330.4,2331.58,210.3577
1778130300.0,2331.58,2331.74,2330.68,2330.68,319.2918
1778130360.0,2330.68,2330.74,2330.27,2330.39,151.5653
1778130420.0,2330.39,2330.39,2329.52,2329.53,135.5629
1778130480.0,2329.53,2329.95,2329.52,2329.86,100.4075
1778130540.0,2329.85,2330.45,2329.76,2330.29,133.8649
1778130600.0,2330.28,2330.45,2329.77,2330.45,220.7293
1778130660.0,2330.45,2330.45,2330.13,2330.45,116.6024
1778130720.0,2330.44,2332.0,2330.44,2332.0,108.9714
1778130780.0,2332.0,2333.61,2332.0,2332.69,214.5483
1778130840.0,2332.7,2332.7,2330.94,2331.27,132.7506
1778130900.0,2331.28,2331.67,2331.27,2331.61,153.4999
1778130960.0,2331.61,2332.25,2331.61,2332.13,306.503
1778131020.0,2332.12,2332.13,2331.74,2331.76,113.2706
1778131080.0,2331.76,2332.06,2331.28,2331.29,157.6516
1778131140.0,2331.28,2331.75,2331.13,2331.15,113.8398
1778131200.0,2331.14,2331.14,2330.02,2330.15,126.8926
1778131260.0,2330.15,2330.36,2329.79,2329.79,164.3749
1778131320.0,2329.79,2330.2,2329.71,2329.73,122.139
1778131380.0,2329.74,2330.12,2329.66,2330.12,84.9525
1778131440.0,2330.12,2330.46,2329.79,2330.46,142.37
1778131500.0,2330.45,2330.46,2329.99,2329.99,77.1033
1778131560.0,2329.99,2329.99,2329.5,2329.59,488.0303
1778131620.0,2329.59,2329.69,2329.58,2329.58,112.2544
1778131680.0,2329.59,2332.64,2329.58,2332.64,129.2191
1778131740.0,2332.63,2332.64,2331.83,2331.83,110.1442
1778131800.0,2331.84,2333.97,2331.84,2332.8,493.6609
1778131860.0,2332.8,2333.35,2332.8,2333.15,192.3803
1778131920.0,2333.16,2333.16,2331.86,2331.86,267.5679
1778131980.0,2331.87,2331.98,2331.17,2331.19,303.5699
1778132040.0,2331.19,2331.2,2330.1,2330.1,235.2935
1778132100.0,2330.11,2331.34,2330.1,2331.33,127.788
1778132160.0,2331.34,2331.34,2330.75,2330.77,133.7033
1778132220.0,2330.76,2331.39,2330.66,2331.08,368.2831
1778132280.0,2331.08,2331.55,2331.08,2331.54,144.1244
1778132340.0,2331.54,2331.54,2330.07,2330.07,326.2254
1778132400.0,2330.07,2330.08,2329.95,2329.96,108.8196
1778132460.0,2329.97,2329.99,2329.66,2329.98,261.429
1778132520.0,2329.98,2330.73,2329.98,2330.72,117.6245
1778132580.0,2330.73,2331.12,2330.39,2331.12,118.3786
1778132640.0,2331.12,2331.31,2331.12,2331.3,76.2112
1778132700.0,2331.3,2331.31,2330.5,2330.7,102.8029
1778132760.0,2330.71,2330.76,2329.92,2329.92,76.4111
1778132820.0,2329.92,2330.69,2329.68,2330.52,137.2809
1778132880.0,2330.52,2331.24,2330.1,2331.24,125.5102
1778132940.0,2331.24,2331.72,2331.24,2331.33,96.2103
1778133000.0,2331.33,2331.5,2331.14,2331.49,89.0842
1778133060.0,2331.49,2331.54,2330.71,2330.71,116.7092
1778133120.0,2330.71,2330.71,2330.36,2330.56,81.8559
1778133180.0,2330.56,2330.56,2330.16,2330.16,92.0796
1778133240.0,2330.17,2330.34,2329.13,2330.33,161.5804
1778133300.0,2330.33,2330.34,2329.52,2329.53,131.807
1778133360.0,2329.54,2329.87,2329.53,2329.87,88.7659
1778133420.0,2329.87,2329.95,2329.86,2329.94,93.4169
1778133480.0,2329.94,2329.95,2329.87,2329.88,96.4193
1778133540.0,2329.88,2331.08,2329.87,2331.08,143.0522
1778133600.0,2331.08,2331.08,2330.8,2330.8,120.4458
1778133660.0,2330.8,2330.96,2330.01,2330.01,239.4805
1778133720.0,2330.01,2330.95,2330.01,2330.02,217.3878
1778133780.0,2330.03,2330.03,2330.02,2330.02,110.2499
1778133840.0,2330.03,2330.78,2330.03,2330.78,169.4093
1778133900.0,2330.78,2330.78,2329.45,2329.48,257.2785
1778133960.0,2329.49,2330.05,2329.27,2329.28,226.4714
1778134020.0,2329.27,2329.85,2329.27,2329.79,147.2634
1778134080.0,2329.79,2329.8,2325.91,2325.91,622.442
1778134140.0,2325.91,2326.15,2324.95,2326.15,464.7325
1778134200.0,2326.14,2326.14,2324.46,2324.71,224.5467
1778134260.0,2324.7,2325.1,2324.25,2325.1,169.8753
1778134320.0,2325.1,2325.1,2322.71,2322.9,532.8564
1778134380.0,2322.89,2323.25,2322.38,2323.25,134.9815
1778134440.0,2323.25,2323.25,2321.39,2321.84,280.1458
1778134500.0,2321.83,2322.5,2321.73,2322.24,247.8829
1778134560.0,2322.25,2323.2,2322.06,2322.55,179.187
1778134620.0,2322.54,2323.05,2322.21,2322.35,164.5722
1778134680.0,2322.35,2322.35,2321.7,2321.71,201.6402
1778134740.0,2321.7,2322.08,2320.68,2321.16,264.7629
1778134800.0,2321.17,2321.27,2320.48,2321.26,154.0142
1778134860.0,2321.26,2321.39,2320.33,2321.38,285.1127
1778134920.0,2321.38,2322.08,2321.17,2321.42,212.662
1778134980.0,2321.43,2321.84,2321.0,2321.0,214.4401
1778135040.0,2321.01,2321.01,2320.0,2320.7,332.1909
1778135100.0,2320.71,2320.89,2320.0,2320.88,184.4078
1778135160.0,2320.88,2321.6,2320.61,2321.59,217.0208
1778135220.0,2321.6,2322.3,2321.59,2322.07,189.8789
1778135280.0,2322.06,2322.24,2321.5,2322.23,123.8025
1778135340.0,2322.23,2323.64,2322.23,2323.64,220.1266
1778135400.0,2323.65,2325.17,2323.65,2325.16,140.8884
1778135460.0,2325.17,2328.22,2325.16,2328.21,273.3991
1778135520.0,2328.22,2329.93,2328.22,2328.83,288.061
1778135580.0,2328.83,2331.12,2328.49,2331.08,253.5107
1778135640.0,2331.08,2332.72,2330.45,2332.72,240.5857
1778135700.0,2332.73,2335.48,2332.73,2333.32,497.59
1778135760.0,2333.32,2335.32,2333.32,2335.05,184.9746
1778135820.0,2335.04,2335.04,2332.56,2332.57,156.5613
1778135880.0,2332.56,2333.58,2332.56,2333.04,107.5283
1778135940.0,2333.04,2333.36,2332.16,2332.45,180.8355
1778136000.0,2332.44,2333.57,2332.44,2333.57,136.1617
1778136060.0,2333.56,2334.25,2333.48,2334.24,137.0912
1778136120.0,2334.25,2335.0,2333.82,2334.46,227.3113
1778136180.0,2334.46,2337.0,2333.76,2336.65,416.2011
1778136240.0,2336.64,2336.65,2335.55,2336.23,298.9965
1778136300.0,2336.24,2336.69,2335.0,2335.08,196.9431
1778136360.0,2335.09,2335.09,2333.34,2334.21,318.8706
1778136420.0,2334.21,2334.21,2333.48,2333.71,286.4196
1778136480.0,2333.71,2333.72,2332.65,2333.38,183.4655
1778136540.0,2333.38,2334.4,2333.37,2334.38,127.4069
1778136600.0,2334.38,2336.6,2334.38,2336.32,165.245
1778136660.0,2336.33,2336.48,2335.77,2336.48,140.9472
1778136720.0,2336.48,2337.52,2336.48,2336.69,236.19
1778136780.0,2336.7,2336.71,2336.0,2336.09,144.2643
1778136840.0,2336.08,2337.0,2335.99,2337.0,125.9505
1778136900.0,2337.0,2337.38,2336.8,2337.28,133.0514
1778136960.0,2337.29,2338.57,2336.14,2336.43,536.5159
1778137020.0,2336.43,2336.97,2336.42,2336.44,146.0024
1778137080.0,2336.45,2336.45,2336.16,2336.17,242.3185
1778137140.0,2336.17,2337.4,2336.0,2337.13,376.8258
1778137200.0,2337.14,2338.61,2336.72,2338.46,585.0028
1778137260.0,2338.47,2338.6,2337.26,2337.27,309.7847
1778137320.0,2337.27,2338.4,2337.26,2337.65,166.9838
1778137380.0,2337.65,2337.65,2337.3,2337.45,100.5598
1778137440.0,2337.45,2338.12,2337.44,2338.11,133.7126
1778137500.0,2338.12,2338.88,2338.05,2338.05,115.03
1778137560.0,2338.06,2338.62,2338.03,2338.61,114.1304
1778137620.0,2338.62,2341.03,2338.4,2340.97,315.3176
1778137680.0,2340.98,2341.6,2338.77,2339.3,337.9984
1778137740.0,2339.29,2339.95,2338.35,2338.35,191.9559
1778137800.0,2338.36,2338.54,2337.64,2338.37,203.4079
1778137860.0,2338.37,2339.78,2338.37,2339.78,217.9698
1778137920.0,2339.77,2342.0,2339.77,2340.67,191.0111
1778137980.0,2340.68,2342.17,2340.68,2342.17,189.1554
1778138040.0,2342.18,2343.53,2342.0,2343.33,1168.1125
1778138100.0,2343.33,2343.69,2342.62,2342.62,251.9987
1778138160.0,2342.63,2344.92,2342.31,2344.48,290.8638
1778138220.0,2344.49,2344.99,2344.33,2344.36,271.3953
1778138280.0,2344.35,2344.36,2340.75,2340.75,382.1433
1778138340.0,2340.75,2340.75,2339.48,2340.24,281.7428
1778138400.0,2340.23,2340.86,2340.06,2340.77,262.4966
1778138460.0,2340.78,2341.27,2340.65,2341.06,152.9555
1778138520.0,2341.06,2342.46,2341.06,2342.4,134.6511
1778138580.0,2342.4,2342.41,2340.98,2341.07,226.7676
1778138640.0,2341.08,2341.22,2340.6,2340.91,244.982
1778138700.0,2340.92,2340.92,2339.84,2339.84,553.2418
1778138760.0,2339.84,2340.25,2339.26,2340.14,273.802
1778138820.0,2340.15,2340.73,2340.01,2340.02,162.2492
1778138880.0,2340.02,2340.27,2339.7,2339.71,296.6204
1778138940.0,2339.71,2340.44,2339.71,2340.23,161.8962
1778139000.0,2340.24,2340.65,2339.95,2340.05,206.564
1778139060.0,2340.06,2342.82,2340.06,2342.33,782.5475
1778139120.0,2342.34,2343.22,2342.02,2343.21,202.1363
1778139180.0,2343.22,2345.28,2343.21,2345.28,677.118
1778139240.0,2345.28,2345.67,2344.28,2344.57,275.7266
1778139300.0,2344.58,2345.32,2344.28,2345.26,213.1319
1778139360.0,2345.27,2345.29,2344.45,2345.18,315.9165
1778139420.0,2345.19,2346.82,2344.7,2345.85,300.2152
1778139480.0,2345.85,2346.28,2344.55,2345.06,249.5931
1778139540.0,2345.07,2346.12,2345.06,2346.11,117.88
1778139600.0,2346.11,2346.11,2345.4,2345.41,168.4887
1778139660.0,2345.41,2345.41,2345.2,2345.4,166.8608
1778139720.0,2345.4,2346.89,2345.22,2346.81,296.8699
1778139780.0,2346.82,2346.82,2346.11,2346.11,266.0818
1778139840.0,2346.11,2346.11,2344.5,2345.35,297.0988
1778139900.0,2345.36,2345.88,2345.21,2345.22,197.5519
1778139960.0,2345.22,2346.28,2345.21,2346.21,188.1824
1778140020.0,2346.22,2346.74,2346.08,2346.08,223.6813
1778140080.0,2346.08,2346.08,2344.1,2344.1,209.609
1778140140.0,2344.11,2344.11,2342.87,2343.99,238.7408
1778140200.0,2344.0,2344.66,2343.86,2344.63,264.2866
1778140260.0,2344.64,2345.9,2344.63,2345.89,228.9405
1778140320.0,2345.9,2346.02,2345.45,2345.45,233.4321
1778140380.0,2345.44,2345.45,2343.44,2343.44,377.1244
1778140440.0,2343.45,2343.45,2341.72,2341.73,281.3018
1778140500.0,2341.73,2342.57,2341.72,2342.29,195.1089
1778140560.0,2342.3,2343.29,2342.1,2343.28,144.7723
1778140620.0,2343.29,2343.99,2343.28,2343.99,130.3581
1778140680.0,2343.99,2344.34,2343.98,2344.33,155.2119
1778140740.0,2344.34,2345.28,2344.33,2344.59,227.7012
1778140800.0,2344.59,2344.93,2343.24,2343.25,302.5829
1778140860.0,2343.25,2345.36,2343.19,2345.35,449.9093
1778140920.0,2345.35,2346.6,2345.34,2345.92,323.7824
1778140980.0,2345.93,2346.57,2345.74,2345.85,186.3623
1778141040.0,2345.84,2345.84,2344.85,2344.86,105.8032
1778141100.0,2344.85,2345.36,2344.33,2344.48,200.5735
1778141160.0,2344.48,2345.17,2344.24,2344.75,168.4105
1778141220.0,2344.76,2345.17,2344.47,2344.81,184.2305
1778141280.0,2344.8,2345.17,2344.62,2344.97,188.8842
1778141340.0,2344.97,2345.35,2344.97,2344.97,182.684
1778141400.0,2344.98,2344.98,2342.01,2342.01,258.6569
1778141460.0,2342.01,2342.67,2341.35,2341.36,312.8116
1778141520.0,2341.36,2342.09,2341.24,2341.96,228.4175
1778141580.0,2341.97,2342.45,2341.96,2342.45,229.6636
1778141640.0,2342.44,2342.76,2341.77,2341.78,244.3092
1778141700.0,2341.78,2342.01,2340.0,2340.41,506.8149
1778141760.0,2340.41,2341.11,2340.36,2340.4,291.3235
1778141820.0,2340.4,2341.4,2340.4,2341.02,213.9266
1778141880.0,2341.02,2341.03,2337.8,2337.8,557.3565
1778141940.0,2337.8,2338.09,2336.71,2337.41,417.5678
1778142000.0,2337.41,2337.41,2336.0,2337.19,287.7258
1778142060.0,2337.19,2337.2,2335.77,2336.0,277.3574
1778142120.0,2335.99,2337.99,2335.77,2337.98,219.2012
1778142180.0,2337.99,2337.99,2336.28,2336.78,347.0579
1778142240.0,2336.78,2338.66,2336.78,2338.65,167.5791
1778142300.0,2338.66,2339.19,2335.29,2336.22,482.9186
1778142360.0,2336.21,2336.99,2335.7,2336.98,201.4106
1778142420.0,2336.98,2336.98,2336.07,2336.31,175.3048
1778142480.0,2336.3,2337.5,2336.08,2337.5,233.1303
1778142540.0,2337.5,2337.83,2337.06,2337.62,201.9596
1778142600.0,2337.62,2339.25,2337.41,2338.81,136.8035
1778142660.0,2338.81,2340.96,2338.81,2340.07,148.8351
1778142720.0,2340.06,2340.06,2338.54,2339.13,136.1486
1778142780.0,2339.12,2339.13,2337.91,2337.91,161.4694
1778142840.0,2337.92,2337.92,2335.8,2336.27,233.6646
1778142900.0,2336.27,2336.38,2335.9,2336.3,126.6457
1778142960.0,2336.3,2337.0,2335.91,2336.86,198.7161
1778143020.0,2336.87,2336.92,2335.84,2335.84,135.258
1778143080.0,2335.84,2335.85,2333.88,2335.11,286.5632
1778143140.0,2335.11,2336.86,2335.11,2336.85,125.3552
1778143200.0,2336.85,2336.85,2334.72,2335.08,239.7617
1778143260.0,2335.09,2336.91,2335.08,2335.5,594.8623
1778143320.0,2335.49,2335.49,2334.33,2335.18,443.9028
1778143380.0,2335.17,2335.58,2335.11,2335.19,169.758
1778143440.0,2335.2,2335.2,2334.41,2334.42,114.9198
1778143500.0,2334.41,2334.85,2333.62,2333.63,190.7241
1778143560.0,2333.63,2333.78,2332.64,2332.91,253.8276
1778143620.0,2332.92,2333.1,2332.21,2332.21,228.4317
1778143680.0,2332.21,2332.42,2332.0,2332.42,140.2697
1778143740.0,2332.42,2335.24,2332.41,2335.24,276.7929
1778143800.0,2335.24,2335.62,2334.87,2335.48,176.3536
1778143860.0,2335.49,2336.21,2335.44,2336.19,117.2242
1778143920.0,2336.2,2336.32,2335.53,2335.74,250.5398
1778143980.0,2335.73,2339.45,2335.73,2338.16,878.8047
1778144040.0,2338.16,2338.16,2336.69,2336.7,174.9009
1778144100.0,2336.69,2336.7,2334.97,2334.97,159.3659
1778144160.0,2334.97,2334.97,2334.18,2334.25,92.0819
1778144220.0,2334.25,2335.22,2334.25,2335.12,360.0382
1778144280.0,2335.11,2335.11,2333.2,2333.21,225.3968
1778144340.0,2333.2,2333.82,2333.2,2333.73,195.4279
1778144400.0,2333.73,2333.95,2332.65,2332.66,224.689
1778144460.0,2332.66,2334.35,2332.66,2333.69,260.6722
1778144520.0,2333.69,2334.04,2332.65,2332.76,366.4354
1778144580.0,2332.77,2332.77,2331.42,2331.81,355.5331
1778144640.0,2331.81,2333.29,2331.8,2333.29,180.5838
1778144700.0,2333.29,2333.69,2332.29,2332.32,171.6094
1778144760.0,2332.32,2332.68,2332.11,2332.54,215.401
1778144820.0,2332.54,2334.0,2331.99,2333.99,302.651
1778144880.0,2333.99,2334.03,2333.13,2333.13,188.0389
1778144940.0,2333.14,2334.27,2333.14,2334.26,164.1637
1778145000.0,2334.26,2335.44,2334.26,2334.96,176.993
1778145060.0,2334.96,2334.96,2333.98,2333.99,135.415
1778145120.0,2333.98,2334.57,2333.9,2334.56,271.4656
1778145180.0,2334.57,2335.25,2334.56,2335.02,160.2274
1778145240.0,2335.02,2335.53,2334.7,2335.53,155.754
1778145300.0,2335.53,2336.18,2335.22,2335.68,161.7024
1778145360.0,2335.68,2336.62,2334.79,2336.61,182.5619
1778145420.0,2336.61,2337.11,2336.01,2336.29,196.1086
1778145480.0,2336.29,2336.3,2334.73,2334.73,204.3704
1778145540.0,2334.73,2335.35,2334.72,2335.27,183.9885
1778145600.0,2335.28,2335.48,2333.02,2333.39,329.23
1778145660.0,2333.39,2333.39,2332.14,2332.72,439.2849
1778145720.0,2332.72,2332.73,2331.67,2332.45,128.238
1778145780.0,2332.44,2332.98,2332.35,2332.96,163.7436
1778145840.0,2332.97,2333.87,2332.96,2333.22,136.774
1778145900.0,2333.23,2333.47,2332.46,2333.22,164.296
1778145960.0,2333.22,2333.23,2332.39,2332.4,112.5921
1778146020.0,2332.4,2332.61,2330.45,2330.45,377.3016
1778146080.0,2330.45,2330.46,2328.76,2329.92,772.5312
1778146140.0,2329.92,2331.68,2329.92,2331.18,299.4958
1778146200.0,2331.18,2331.4,2330.49,2331.26,212.3813
1778146260.0,2331.25,2332.83,2331.24,2331.97,257.7048
1778146320.0,2331.97,2331.98,2331.06,2331.25,110.77
1778146380.0,2331.25,2331.56,2329.82,2330.99,297.8432
1778146440.0,2331.0,2333.51,2330.67,2333.06,574.9912
1778146500.0,2333.06,2333.76,2332.23,2333.41,429.1841
1778146560.0,2333.4,2333.4,2331.02,2331.47,203.6491
1778146620.0,2331.47,2332.32,2331.25,2331.25,153.6811
1778146680.0,2331.25,2331.25,2327.82,2328.0,396.3551
1778146740.0,2328.0,2330.21,2327.99,2328.62,311.702
1778146800.0,2328.62,2330.28,2328.02,2329.49,281.0019
1778146860.0,2329.5,2331.02,2329.5,2330.38,231.0629
1778146920.0,2330.39,2330.39,2328.27,2328.47,274.4312
1778146980.0,2328.47,2328.52,2326.83,2327.81,366.4729
1778147040.0,2327.82,2328.86,2327.81,2328.25,160.1053
1778147100.0,2328.25,2328.59,2327.9,2327.96,179.953
1778147160.0,2327.97,2329.02,2327.96,2328.68,234.082
1778147220.0,2328.68,2329.22,2328.42,2328.86,170.6576
1778147280.0,2328.86,2329.92,2328.86,2329.62,211.3434
1778147340.0,2329.63,2330.11,2329.42,2330.02,157.7399
1778147400.0,2330.03,2330.4,2328.48,2328.48,366.8467
1778147460.0,2328.49,2329.74,2328.49,2329.02,153.9678
1778147520.0,2329.02,2329.02,2327.66,2328.55,194.6621
1778147580.0,2328.55,2328.8,2328.03,2328.03,119.1605
1778147640.0,2328.04,2329.06,2328.04,2329.05,154.057
1778147700.0,2329.06,2329.23,2328.9,2329.22,73.9204
1778147760.0,2329.22,2329.35,2328.62,2328.83,112.1445
1778147820.0,2328.82,2328.83,2327.5,2327.5,124.0466
1778147880.0,2327.51,2328.88,2327.24,2328.87,119.9513
1778147940.0,2328.87,2329.05,2328.87,2329.05,104.0279
1778148000.0,2329.04,2329.66,2328.07,2329.66,204.5492
1778148060.0,2329.65,2331.37,2329.65,2331.36,167.5617
1778148120.0,2331.37,2331.63,2330.3,2330.57,191.4691
1778148180.0,2330.57,2331.58,2330.56,2331.44,181.634
1778148240.0,2331.44,2331.44,2330.21,2330.32,145.746
1778148300.0,2330.32,2330.5,2330.18,2330.22,103.7943
1778148360.0,2330.23,2330.23,2329.56,2329.56,102.8807
1778148420.0,2329.56,2330.23,2329.07,2330.22,173.9157
1778148480.0,2330.23,2331.21,2330.22,2331.02,273.6722
1778148540.0,2331.02,2331.02,2329.57,2329.58,196.4844
1778148600.0,2329.57,2329.58,2327.99,2328.01,158.0938
1778148660.0,2328.01,2328.31,2324.27,2324.88,629.6695
1778148720.0,2324.88,2325.61,2322.22,2325.5,494.9008
1778148780.0,2325.5,2326.07,2325.24,2326.0,243.3808
1778148840.0,2326.0,2326.6,2325.54,2325.54,232.8018
1778148900.0,2325.55,2326.4,2325.54,2326.39,153.4432
1778148960.0,2326.4,2328.18,2326.39,2327.39,365.1402
1778149020.0,2327.39,2328.39,2327.38,2328.07,124.7816
1778149080.0,2328.06,2328.06,2325.84,2326.32,204.426
1778149140.0,2326.32,2326.32,2325.0,2325.01,164.6095
1778149200.0,2325.0,2326.05,2324.7,2326.05,213.6407
1778149260.0,2326.05,2326.68,2325.74,2325.74,148.4813
1778149320.0,2325.74,2325.76,2325.13,2325.25,160.8908
1778149380.0,2325.26,2326.07,2325.03,2325.15,209.1617
1778149440.0,2325.16,2325.5,2323.13,2323.13,218.7014
1778149500.0,2323.12,2323.58,2322.69,2323.36,267.1126
1778149560.0,2323.35,2323.51,2322.01,2322.08,275.7118
1778149620.0,2322.08,2322.32,2320.98,2321.46,311.3118
1778149680.0,2321.47,2321.72,2317.86,2318.0,1020.4165
1778149740.0,2318.01,2318.67,2317.35,2318.6,296.8586
1778149800.0,2318.61,2320.4,2318.16,2320.4,243.9444
1778149860.0,2320.4,2322.11,2319.32,2321.63,272.4287
1778149920.0,2321.63,2321.63,2321.04,2321.21,128.5517
1778149980.0,2321.2,2322.86,2320.84,2322.47,257.3056
1778150040.0,2322.47,2322.47,2321.29,2321.75,173.7022
1778150100.0,2321.74,2322.4,2320.46,2322.39,197.3517
1778150160.0,2322.4,2323.98,2322.35,2323.0,232.5143
1778150220.0,2323.0,2324.12,2322.99,2323.56,200.107
1778150280.0,2323.55,2324.12,2323.19,2324.12,184.8525
1778150340.0,2324.12,2325.5,2324.11,2325.3,244.1081
1778150400.0,2325.31,2325.5,2325.09,2325.26,162.9048
1778150460.0,2325.27,2327.28,2325.27,2327.03,281.1877
1778150520.0,2327.04,2327.04,2325.81,2326.35,174.7434
1778150580.0,2326.34,2327.27,2326.34,2327.05,127.4836
1778150640.0,2327.04,2328.01,2327.04,2328.01,154.265
1778150700.0,2328.01,2329.22,2328.0,2329.21,198.0015
1778150760.0,2329.21,2329.4,2327.26,2327.45,260.8846
1778150820.0,2327.45,2328.56,2327.43,2327.84,255.1624
1778150880.0,2327.84,2328.15,2326.74,2327.03,516.0114
1778150940.0,2327.03,2327.17,2326.32,2326.32,130.8408
1778151000.0,2326.33,2326.77,2326.03,2326.77,133.1857
1778151060.0,2326.76,2327.5,2326.5,2327.14,116.9737
1778151120.0,2327.14,2327.45,2326.4,2326.41,108.3059
1778151180.0,2326.41,2327.14,2326.21,2327.13,122.4423
1778151240.0,2327.14,2328.0,2327.13,2327.8,108.021
1778151300.0,2327.79,2327.79,2326.95,2327.09,140.6687
1778151360.0,2327.1,2328.12,2326.96,2327.91,181.9612
1778151420.0,2327.91,2327.91,2327.29,2327.29,129.7449
1778151480.0,2327.29,2327.29,2327.01,2327.01,193.4488
1778151540.0,2327.01,2327.79,2326.78,2326.78,330.1212
1778151600.0,2326.78,2327.98,2326.78,2326.92,164.2479
1778151660.0,2326.91,2326.92,2325.45,2326.07,192.7933
1778151720.0,2326.07,2328.66,2326.07,2328.48,179.3893
1778151780.0,2328.48,2329.92,2328.12,2328.59,185.8245
1778151840.0,2328.6,2330.03,2328.59,2330.02,148.7332
1778151900.0,2330.02,2331.27,2330.02,2330.9,175.9921
1778151960.0,2330.9,2331.22,2330.43,2330.44,185.8807
1778152020.0,2330.44,2330.44,2327.37,2327.99,378.1211
1778152080.0,2327.99,2328.38,2327.55,2327.91,177.4826
1778152140.0,2327.91,2330.17,2327.91,2330.08,146.6735
1778152200.0,2330.08,2330.08,2328.83,2328.83,256.3687
1778152260.0,2328.83,2330.07,2328.56,2329.82,174.6003
1778152320.0,2329.81,2330.04,2329.24,2330.04,139.5714
1778152380.0,2330.04,2330.04,2329.34,2329.99,104.7875
1778152440.0,2329.99,2330.0,2329.27,2329.28,111.7765
1778152500.0,2329.28,2329.38,2328.96,2329.37,100.6781
1778152560.0,2329.38,2329.64,2329.14,2329.53,135.048
1778152620.0,2329.53,2329.53,2327.83,2329.32,288.5887
1778152680.0,2329.31,2330.0,2328.81,2329.56,218.7308
1778152740.0,2329.57,2329.57,2328.37,2328.88,146.2948
1778152800.0,2328.89,2329.27,2328.88,2329.01,135.4189
1778152860.0,2329.01,2329.27,2328.18,2329.26,119.9271
1778152920.0,2329.27,2330.0,2329.03,2329.99,175.8769
1778152980.0,2330.0,2330.16,2329.98,2330.0,103.6967
1778153040.0,2330.0,2330.98,2330.0,2330.89,333.2307
1778153100.0,2330.89,2330.89,2330.15,2330.16,144.2852
1778153160.0,2330.15,2330.15,2329.31,2329.32,144.2891
1778153220.0,2329.31,2329.31,2328.09,2328.78,137.8776
1778153280.0,2328.78,2329.07,2328.01,2328.29,155.7002
1778153340.0,2328.3,2328.51,2327.99,2328.07,155.4433
1778153400.0,2328.06,2328.36,2328.03,2328.31,121.3311
1778153460.0,2328.31,2330.03,2328.31,2329.6,207.3524
1778153520.0,2329.6,2329.75,2329.2,2329.73,167.1623
1778153580.0,2329.73,2330.52,2329.47,2329.47,234.7132
1778153640.0,2329.47,2330.45,2329.47,2330.07,195.3866
1778153700.0,2330.08,2330.51,2330.06,2330.08,134.0701
1778153760.0,2330.08,2330.09,2329.42,2329.43,155.2597
1778153820.0,2329.43,2329.92,2329.11,2329.92,180.8671
1778153880.0,2329.92,2331.29,2329.91,2330.22,401.3279
1778153940.0,2330.23,2331.01,2330.22,2330.94,264.5888
1778154000.0,2330.94,2331.42,2330.93,2331.3,199.4107
1778154060.0,2331.31,2331.59,2331.0,2331.0,194.1861
1778154120.0,2331.0,2331.01,2330.8,2330.8,149.3035
1778154180.0,2330.8,2330.81,2329.98,2330.25,183.888
1778154240.0,2330.26,2330.98,2330.26,2330.59,254.8253
1778154300.0,2330.58,2330.9,2330.35,2330.9,280.0187
1778154360.0,2330.89,2331.17,2330.66,2331.17,168.0786
1778154420.0,2331.16,2331.17,2330.56,2330.84,141.3116
1778154480.0,2330.84,2331.0,2330.07,2330.07,219.0631
1778154540.0,2330.08,2331.15,2328.1,2328.1,247.0383
1778154600.0,2328.09,2328.99,2325.9,2326.5,430.3574
1778154660.0,2326.5,2327.62,2325.57,2327.56,569.2098
1778154720.0,2327.56,2328.62,2327.55,2328.0,153.859
1778154780.0,2327.99,2328.38,2327.47,2327.78,121.8934
1778154840.0,2327.78,2328.85,2327.77,2328.83,158.9693
1778154900.0,2328.84,2330.52,2328.83,2330.44,159.2432
1778154960.0,2330.44,2330.44,2328.67,2329.11,198.3455
1778155020.0,2329.12,2330.16,2329.11,2330.16,121.9056
1778155080.0,2330.16,2330.42,2330.07,2330.42,142.2706
1778155140.0,2330.41,2330.5,2329.92,2329.94,130.4413
1778155200.0,2329.94,2330.24,2329.04,2330.24,241.3793
1778155260.0,2330.25,2330.6,2329.99,2330.27,233.7217
1778155320.0,2330.28,2331.96,2330.17,2331.83,244.5972
1778155380.0,2331.82,2333.64,2331.5,2332.81,316.0749
1778155440.0,2332.81,2334.4,2332.69,2333.17,333.2888
1778155500.0,2333.18,2333.65,2332.67,2333.28,206.2425
1778155560.0,2333.29,2333.29,2331.93,2332.17,161.6529
1778155620.0,2332.17,2332.59,2331.7,2331.71,128.6649
1778155680.0,2331.71,2332.38,2331.71,2332.21,144.9594
1778155740.0,2332.22,2333.16,2332.21,2333.16,170.6387
1778155800.0,2333.17,2334.36,2333.17,2333.65,207.9713
1778155860.0,2333.65,2335.29,2333.65,2334.76,302.9116
1778155920.0,2334.75,2335.28,2334.63,2335.06,248.705
1778155980.0,2335.06,2336.09,2335.05,2335.73,233.8606
1778156040.0,2335.72,2335.82,2335.06,2335.81,200.8334
1778156100.0,2335.82,2336.01,2335.44,2335.44,197.6293
1778156160.0,2335.44,2335.44,2333.78,2334.94,205.1224
1778156220.0,2334.95,2334.95,2332.65,2333.17,228.4652
1778156280.0,2333.18,2337.13,2332.98,2335.44,556.8276
1778156340.0,2335.45,2335.45,2333.6,2333.99,161.8114
1778156400.0,2333.98,2333.99,2332.06,2333.05,448.4142
1778156460.0,2333.06,2333.57,2332.09,2332.1,154.0655
1778156520.0,2332.1,2333.16,2332.04,2332.04,276.0348
1778156580.0,2332.05,2333.07,2332.05,2332.43,211.8086
1778156640.0,2332.43,2333.3,2332.22,2332.91,160.6338
1778156700.0,2332.91,2334.64,2332.32,2333.44,195.4169
1778156760.0,2333.43,2334.21,2333.43,2333.51,115.2232
1778156820.0,2333.51,2333.75,2333.28,2333.52,120.0142
1778156880.0,2333.52,2333.99,2333.0,2333.0,143.6044
1778156940.0,2333.0,2333.29,2332.61,2333.06,152.3648
1778157000.0,2333.06,2333.18,2332.09,2332.1,127.8609
1778157060.0,2332.1,2332.1,2331.67,2331.92,139.8398
1778157120.0,2331.92,2336.11,2331.91,2336.01,599.7272
1778157180.0,2336.01,2336.02,2335.45,2335.59,325.1994
1778157240.0,2335.59,2335.6,2334.38,2334.39,107.9979
1778157300.0,2334.4,2334.44,2333.91,2334.16,118.8829
1778157360.0,2334.15,2334.16,2333.09,2333.73,279.2994
1778157420.0,2333.74,2333.74,2332.56,2332.56,231.0924
1778157480.0,2332.55,2333.43,2332.31,2333.43,137.4172
1778157540.0,2333.44,2334.17,2333.44,2333.69,142.4918
1778157600.0,2333.69,2333.7,2332.3,2332.31,110.7224
1778157660.0,2332.31,2332.63,2332.06,2332.61,107.8036
1778157720.0,2332.61,2332.61,2332.0,2332.31,163.2343
1778157780.0,2332.31,2333.02,2331.94,2333.02,179.3472
1778157840.0,2333.03,2333.23,2332.87,2333.22,93.0979
1778157900.0,2333.23,2334.66,2333.12,2333.92,179.1425
1778157960.0,2333.91,2333.92,2332.68,2332.68,160.7023
1778158020.0,2332.68,2332.69,2331.74,2331.74,118.1776
1778158080.0,2331.75,2331.98,2330.99,2330.99,141.9019
1778158140.0,2331.0,2331.94,2330.54,2331.94,181.9807
1778158200.0,2331.94,2332.95,2331.26,2331.27,127.813
1778158260.0,2331.26,2332.56,2331.04,2332.56,142.2829
1778158320.0,2332.55,2333.29,2332.04,2333.01,225.7173
1778158380.0,2333.02,2333.5,2333.01,2333.08,111.6068
1778158440.0,2333.09,2333.43,2332.4,2333.39,216.9599
1778158500.0,2333.4,2333.4,2332.0,2332.0,163.6279
1778158560.0,2332.01,2332.62,2331.97,2332.38,326.9799
1778158620.0,2332.38,2332.38,2331.31,2332.17,184.4304
1778158680.0,2332.17,2333.67,2332.17,2333.65,349.2892
1778158740.0,2333.65,2333.94,2333.01,2333.01,188.3297
1778158800.0,2333.02,2333.02,2330.33,2330.33,306.4925
1778158860.0,2330.33,2330.57,2329.29,2329.66,320.4734
1778158920.0,2329.65,2331.1,2329.02,2331.1,336.3999
1778158980.0,2331.1,2331.1,2330.28,2330.88,167.8345
1778159040.0,2330.88,2330.88,2329.92,2330.34,138.2566
1778159100.0,2330.35,2330.35,2328.87,2329.24,181.8189
1778159160.0,2329.23,2329.71,2328.0,2328.01,341.0579
1778159220.0,2328.0,2328.01,2325.89,2325.89,543.3189
1778159280.0,2325.89,2327.03,2325.89,2327.03,368.5479
1778159340.0,2327.02,2328.73,2327.02,2327.22,341.5555
1778159400.0,2327.21,2327.45,2325.59,2327.45,404.4536
1778159460.0,2327.44,2327.48,2326.99,2327.09,189.1539
1778159520.0,2327.09,2327.36,2326.2,2326.46,203.3833
1778159580.0,2326.47,2326.47,2323.12,2323.9,905.2418
1778159640.0,2323.91,2324.08,2322.56,2324.07,464.4594
1778159700.0,2324.08,2325.45,2322.98,2323.42,445.8486
1778159760.0,2323.42,2325.4,2323.42,2325.17,378.8698
1778159820.0,2325.17,2326.34,2325.17,2326.33,273.4515
1778159880.0,2326.33,2328.11,2326.33,2327.89,277.254
1778159940.0,2327.88,2328.61,2327.4,2328.0,602.2762
1778160000.0,2328.0,2328.01,2326.93,2327.83,155.5152
1778160060.0,2327.82,2329.4,2327.82,2329.4,206.1711
1778160120.0,2329.39,2329.95,2327.47,2328.06,405.3682
1778160180.0,2328.06,2328.06,2327.43,2327.9,204.6266
1778160240.0,2327.91,2329.26,2327.91,2328.1,391.8832
1778160300.0,2328.1,2328.1,2326.4,2326.67,301.1867
1778160360.0,2326.67,2327.64,2326.67,2326.69,320.0041
1778160420.0,2326.68,2327.31,2324.25,2324.6,607.1156
1778160480.0,2324.59,2324.67,2323.02,2324.02,387.8086
1778160540.0,2324.01,2325.11,2324.01,2324.94,209.7294
1778160600.0,2324.94,2324.94,2322.85,2323.43,639.7572
1778160660.0,2323.42,2323.85,2321.47,2321.48,359.9933
1778160720.0,2321.49,2322.17,2319.0,2322.07,907.5138
1778160780.0,2322.08,2323.3,2321.4,2321.85,459.3903
1778160840.0,2321.85,2322.46,2320.36,2321.19,322.2547
1778160900.0,2321.2,2322.6,2321.14,2322.14,288.6227
1778160960.0,2322.15,2322.15,2319.49,2320.25,422.4234
1778161020.0,2320.26,2320.61,2319.0,2320.6,474.5838
1778161080.0,2320.6,2321.2,2318.19,2319.81,727.5419
1778161140.0,2319.82,2319.82,2317.96,2317.96,407.9093
1778161200.0,2317.95,2319.33,2315.9,2317.2,1638.2125
1778161260.0,2317.2,2318.07,2314.95,2316.84,2524.2884
1778161320.0,2316.83,2318.71,2316.22,2316.52,3948.0126
1778161380.0,2316.53,2317.76,2315.59,2316.39,498.3897
1778161440.0,2316.39,2317.51,2314.8,2314.81,363.1102
1778161500.0,2314.81,2316.6,2310.46,2310.46,2018.0019
1778161560.0,2310.46,2314.21,2307.42,2312.71,3397.6661
1778161620.0,2312.72,2313.64,2305.4,2308.62,3730.5042
1778161680.0,2308.62,2310.49,2306.7,2310.49,597.7232
1778161740.0,2310.49,2310.49,2306.99,2308.89,569.9463
1778161800.0,2308.9,2309.56,2307.99,2309.41,417.755
1778161860.0,2309.4,2310.39,2307.01,2308.81,718.7702
1778161920.0,2308.81,2313.71,2307.78,2313.71,493.5733
1778161980.0,2313.71,2313.71,2311.83,2312.76,434.119
1778162040.0,2312.79,2316.01,2312.79,2314.57,501.4038
1778162100.0,2314.57,2315.76,2314.56,2315.01,299.5574
1778162160.0,2315.01,2317.07,2315.01,2316.63,340.9885
1778162220.0,2316.63,2317.59,2315.63,2315.63,282.5294
1778162280.0,2315.64,2316.35,2313.76,2314.56,356.8051
1778162340.0,2314.58,2315.27,2313.92,2314.32,490.7646
1778162400.0,2314.32,2314.59,2312.62,2313.43,363.8099
1778162460.0,2313.43,2314.35,2312.71,2314.01,194.9033
1778162520.0,2314.01,2314.16,2312.35,2312.35,194.0925
1778162580.0,2312.34,2313.02,2311.65,2313.01,226.5416
1778162640.0,2313.01,2313.01,2309.23,2310.17,424.6803
1778162700.0,2310.17,2310.37,2307.76,2309.97,488.1064
1778162760.0,2309.97,2312.64,2309.97,2311.66,283.4667
1778162820.0,2311.66,2312.49,2310.61,2312.49,206.5517
1778162880.0,2312.49,2312.49,2310.66,2310.82,215.0685
1778162940.0,2310.82,2313.04,2310.82,2312.74,216.6514
1778163000.0,2312.74,2315.0,2312.3,2314.95,335.1946
1778163060.0,2314.95,2317.11,2314.57,2316.6,523.7324
1778163120.0,2316.59,2318.75,2315.32,2318.31,353.3698
1778163180.0,2318.32,2318.32,2316.36,2316.9,261.6438
1778163240.0,2316.91,2317.62,2316.76,2316.76,198.2185
1778163300.0,2316.76,2317.15,2313.27,2313.27,432.0013
1778163360.0,2313.35,2315.15,2311.8,2313.39,725.7682
1778163420.0,2313.39,2313.39,2310.63,2311.14,385.9147
1778163480.0,2311.15,2311.77,2309.46,2311.26,367.2678
1778163540.0,2311.26,2312.77,2310.92,2310.92,411.8354
1778163600.0,2310.92,2311.82,2309.6,2311.63,1152.0468
1778163660.0,2311.62,2312.48,2310.44,2310.59,1284.0754
1778163720.0,2310.59,2312.9,2310.58,2311.54,490.9294
1778163780.0,2311.54,2311.54,2310.0,2311.46,1379.4107
1778163840.0,2311.45,2313.37,2311.45,2312.38,1517.253
1778163900.0,2312.38,2312.38,2310.72,2311.33,1024.9455
1778163960.0,2311.34,2311.47,2310.66,2311.08,724.0865
1778164020.0,2311.07,2311.98,2310.41,2311.96,984.7439
1778164080.0,2311.96,2313.37,2308.97,2308.97,717.1181
1778164140.0,2308.97,2310.2,2308.57,2309.78,351.2527
1778164200.0,2309.78,2310.6,2306.26,2307.14,870.518
1778164260.0,2307.14,2307.14,2302.48,2305.8,1664.8351
1778164320.0,2305.81,2305.84,2295.0,2300.87,6549.7365
1778164380.0,2300.87,2300.87,2297.82,2298.27,1252.9799
1778164440.0,2298.28,2300.79,2297.97,2300.0,1199.6914
1778164500.0,2300.01,2300.31,2297.31,2297.57,632.4678
1778164560.0,2297.59,2299.2,2297.39,2297.5,424.9911
1778164620.0,2297.5,2298.68,2294.54,2294.55,1128.1646
1778164680.0,2294.55,2295.27,2289.51,2291.95,2591.2844
1778164740.0,2291.94,2293.96,2289.6,2293.07,1290.4492
1778164800.0,2293.08,2295.0,2292.51,2292.68,843.7642
1778164860.0,2292.67,2292.67,2291.36,2292.41,818.5383
1778164920.0,2292.41,2295.36,2292.41,2295.28,445.6064
1778164980.0,2295.29,2296.58,2294.6,2296.48,510.9248
1778165040.0,2296.47,2297.5,2296.23,2296.59,627.9602
1778165100.0,2296.58,2297.23,2296.13,2297.0,589.9969
1778165160.0,2297.0,2298.4,2295.02,2298.25,778.9489
1778165220.0,2298.24,2300.84,2297.03,2297.03,589.0215
1778165280.0,2297.03,2297.89,2294.62,2296.74,549.0779
1778165340.0,2296.74,2298.02,2296.33,2298.0,331.5719
1778165400.0,2297.99,2300.04,2297.74,2299.8,350.4694
1778165460.0,2299.79,2300.54,2298.63,2300.54,361.3598
1778165520.0,2300.54,2301.12,2299.6,2299.6,596.7511
1778165580.0,2299.59,2301.73,2299.59,2301.73,177.0538
1778165640.0,2301.73,2302.09,2295.17,2299.9,3023.8086
1778165700.0,2299.9,2301.32,2299.9,2300.23,364.0416
1778165760.0,2300.24,2300.24,2299.6,2299.85,324.2783
1778165820.0,2299.85,2299.85,2298.28,2298.29,153.6862
1778165880.0,2298.28,2298.28,2296.95,2296.96,246.7139
1778165940.0,2296.95,2299.48,2296.85,2298.98,1057.8509
1778166000.0,2298.98,2299.1,2297.13,2297.15,365.3735
1778166060.0,2297.14,2298.5,2295.99,2297.79,247.0787
1778166120.0,2297.8,2299.99,2297.79,2298.59,416.3554
1778166180.0,2298.6,2300.43,2298.49,2300.13,151.5937
1778166240.0,2300.14,2300.14,2298.29,2299.43,243.5073
1778166300.0,2299.42,2300.07,2297.14,2297.14,238.5953
1778166360.0,2297.13,2298.28,2296.58,2297.84,390.8526
1778166420.0,2297.83,2300.56,2297.83,2300.56,203.5023
1778166480.0,2300.56,2304.17,2300.56,2303.73,855.3651
1778166540.0,2303.72,2304.52,2303.31,2304.04,310.4718
1778166600.0,2304.03,2304.04,2301.51,2301.52,399.278
1778166660.0,2301.52,2301.52,2299.62,2300.02,342.2525
1778166720.0,2300.01,2300.56,2299.2,2300.33,330.5318
1778166780.0,2300.33,2300.33,2297.85,2298.41,304.3062
1778166840.0,2298.41,2299.36,2298.41,2298.5,138.5234
1778166900.0,2298.49,2299.35,2298.04,2299.35,207.7558
1778166960.0,2299.34,2301.09,2298.96,2300.08,253.9564
1778167020.0,2300.08,2300.67,2298.52,2298.55,228.131
1778167080.0,2298.56,2298.57,2293.86,2294.59,3346.1573
1778167140.0,2294.58,2295.66,2294.06,2294.68,580.2429
1778167200.0,2294.69,2295.12,2292.49,2292.49,346.8286
1778167260.0,2292.49,2292.71,2290.0,2290.01,1053.7021
1778167320.0,2290.0,2292.49,2289.05,2292.49,628.1831
1778167380.0,2292.5,2293.42,2290.8,2292.0,1265.9564
1778167440.0,2291.99,2293.18,2290.23,2291.21,538.9884
1778167500.0,2291.21,2293.58,2291.2,2292.71,457.4089
1778167560.0,2292.7,2293.87,2285.95,2286.65,1995.8777
1778167620.0,2286.65,2288.94,2286.05,2288.93,1050.6174
1778167680.0,2288.94,2288.94,2286.63,2288.83,737.3162
1778167740.0,2288.83,2291.2,2287.88,2291.19,473.7526
1778167800.0,2291.19,2293.59,2289.32,2293.59,775.939
1778167860.0,2293.58,2295.2,2293.38,2295.2,329.8074
1778167920.0,2295.19,2298.02,2295.19,2297.17,560.4538
1778167980.0,2297.18,2297.31,2295.69,2296.15,339.8712
1778168040.0,2296.14,2297.3,2295.84,2296.54,284.6711
1778168100.0,2296.55,2296.9,2295.78,2296.44,259.5001
1778168160.0,2296.44,2298.46,2296.43,2298.18,510.7384
1778168220.0,2298.18,2298.59,2297.74,2297.74,309.1786
1778168280.0,2297.74,2298.17,2297.42,2297.43,207.0855
1778168340.0,2297.42,2297.42,2293.6,2295.11,1047.1149
1778168400.0,2295.1,2295.45,2294.38,2294.4,540.5267
1778168460.0,2294.41,2295.92,2294.04,2295.91,336.3721
1778168520.0,2295.92,2298.5,2295.58,2298.5,184.0625
1778168580.0,2298.5,2298.81,2297.01,2297.01,274.3087
1778168640.0,2297.0,2297.0,2295.88,2296.01,616.7744
1778168700.0,2296.01,2298.12,2295.27,2297.71,420.4538
1778168760.0,2297.71,2298.44,2296.43,2298.43,405.9903
1778168820.0,2298.44,2298.44,2296.77,2296.96,360.7615
1778168880.0,2296.95,2298.32,2296.95,2296.97,255.2263
1778168940.0,2296.98,2297.9,2296.9,2296.9,164.7201
1778169000.0,2296.9,2297.5,2296.32,2297.5,374.4991
1778169060.0,2297.5,2297.62,2295.68,2296.12,405.2375
1778169120.0,2296.12,2296.12,2294.27,2294.35,348.7253
1778169180.0,2294.36,2295.79,2294.3,2295.79,286.4923
1778169240.0,2295.78,2297.85,2295.78,2296.07,308.4819
1778169300.0,2296.08,2296.08,2293.86,2294.65,393.5292
1778169360.0,2294.65,2295.38,2294.36,2295.37,352.3733
1778169420.0,2295.38,2296.4,2294.36,2294.36,735.9363
1778169480.0,2294.37,2294.37,2293.15,2293.15,541.5249
1778169540.0,2293.14,2295.91,2292.49,2294.82,1295.3468
1778169600.0,2294.82,2294.82,2292.3,2292.95,719.5547
1778169660.0,2292.95,2294.67,2292.3,2292.38,479.6742
1778169720.0,2292.38,2294.37,2291.63,2294.36,721.6908
1778169780.0,2294.37,2295.15,2293.28,2294.75,490.9921
1778169840.0,2294.75,2294.75,2291.2,2291.21,502.5441
1778169900.0,2291.21,2291.21,2289.69,2291.05,819.3481
1778169960.0,2291.05,2291.41,2289.24,2289.93,541.8829
1778170020.0,2289.92,2290.21,2288.09,2288.29,734.8449
1778170080.0,2288.3,2290.91,2288.21,2289.97,611.6307
1778170140.0,2289.98,2292.07,2289.55,2291.89,490.4523
1778170200.0,2291.88,2291.88,2290.0,2290.21,408.0106
1778170260.0,2290.21,2290.81,2288.09,2288.94,575.5199
1778170320.0,2288.93,2289.08,2287.1,2288.23,456.6403
1778170380.0,2288.23,2290.22,2288.17,2288.64,350.5516
1778170440.0,2288.64,2290.3,2288.24,2290.05,466.579
1778170500.0,2290.02,2290.02,2285.61,2287.76,1058.2844
1778170560.0,2287.76,2288.18,2286.24,2288.1,695.7159
1778170620.0,2288.1,2289.4,2287.0,2289.2,536.8132
1778170680.0,2289.21,2289.22,2286.79,2286.79,431.4655
1778170740.0,2286.79,2288.22,2285.37,2288.18,758.8425
1778170800.0,2288.18,2291.63,2288.08,2291.02,648.3805
1778170860.0,2291.03,2293.28,2290.23,2291.44,543.378
1778170920.0,2291.44,2293.86,2291.44,2293.43,800.9646
1778170980.0,2293.43,2294.54,2292.76,2294.49,479.0821
1778171040.0,2294.49,2294.5,2292.78,2294.02,448.0624
1778171100.0,2294.02,2295.82,2294.02,2295.82,388.4069
1778171160.0,2295.82,2297.71,2295.82,2297.71,541.198
1778171220.0,2297.71,2298.17,2296.92,2297.22,497.7346
1778171280.0,2297.22,2298.2,2296.6,2297.46,615.8172
1778171340.0,2297.46,2297.46,2296.43,2297.35,456.6531
1778171400.0,2297.35,2297.68,2297.0,2297.01,367.8453
1778171460.0,2297.01,2297.02,2295.81,2296.04,328.4192
1778171520.0,2296.04,2297.29,2296.03,2296.99,315.7365
1778171580.0,2296.99,2297.92,2295.9,2295.92,346.9444
1778171640.0,2295.93,2296.21,2294.36,2294.36,338.0967
1778171700.0,2294.37,2294.37,2291.99,2292.47,490.0542
1778171760.0,2292.48,2293.47,2292.1,2293.43,400.0603
1778171820.0,2293.44,2293.47,2292.1,2293.13,490.5237
1778171880.0,2293.13,2293.15,2290.81,2291.3,405.2829
1778171940.0,2291.29,2292.98,2290.99,2292.97,336.0944
1778172000.0,2292.97,2292.97,2291.85,2292.91,459.8396
1778172060.0,2292.91,2294.37,2292.84,2294.37,327.0089
1778172120.0,2294.36,2294.4,2293.25,2293.38,326.9264
1778172180.0,2293.39,2294.88,2292.77,2292.77,306.5869
1778172240.0,2292.77,2294.92,2292.77,2294.91,295.0846
1778172300.0,2294.91,2295.45,2294.11,2294.92,295.7994
1778172360.0,2294.91,2295.37,2294.39,2294.98,352.9702
1778172420.0,2294.97,2296.04,2294.41,2295.16,346.0071
1778172480.0,2295.16,2295.99,2294.8,2295.75,323.9968
1778172540.0,2295.74,2296.05,2294.82,2295.26,294.6317
1778172600.0,2295.25,2295.59,2294.59,2294.97,303.0185
1778172660.0,2294.96,2294.97,2293.57,2293.6,315.7102
1778172720.0,2293.6,2294.27,2293.14,2293.29,276.1911
1778172780.0,2293.28,2294.41,2293.17,2293.72,338.6603
1778172840.0,2293.72,2295.17,2293.72,2294.68,312.9379
1778172900.0,2294.68,2295.48,2293.88,2293.88,337.9591
1778172960.0,2293.87,2294.22,2291.59,2291.59,453.8612
1778173020.0,2291.59,2292.18,2289.61,2289.93,627.1951
1778173080.0,2289.93,2291.39,2289.71,2291.38,327.8975
1778173140.0,2291.38,2292.29,2291.38,2291.81,289.1385
1778173200.0,2291.81,2292.31,2291.33,2292.26,332.2352
1778173260.0,2292.26,2292.27,2291.12,2291.67,296.6685
1778173320.0,2291.67,2293.83,2290.59,2292.99,441.9845
1778173380.0,2292.99,2293.7,2292.3,2293.7,289.5259
1778173440.0,2293.69,2293.7,2291.79,2292.2,251.6979
1778173500.0,2292.2,2293.16,2291.55,2291.79,354.0507
1778173560.0,2291.8,2294.37,2291.8,2294.36,343.706
1778173620.0,2294.36,2295.2,2294.06,2294.2,395.2635
1778173680.0,2294.2,2294.84,2294.06,2294.83,371.3079
1778173740.0,2294.83,2294.84,2291.77,2291.96,301.8931
1778173800.0,2291.96,2292.62,2291.57,2291.57,371.9852
1778173860.0,2291.57,2292.92,2291.0,2292.91,448.0239
1778173920.0,2292.91,2293.78,2292.3,2292.53,281.4036
1778173980.0,2292.53,2293.44,2292.5,2293.04,257.5951
1778174040.0,2293.03,2293.74,2292.96,2293.55,282.9542
1778174100.0,2293.54,2293.54,2291.34,2293.05,397.4077
1778174160.0,2293.05,2293.06,2291.62,2291.8,492.105
1778174220.0,2291.8,2291.8,2289.71,2289.81,395.6571
1778174280.0,2289.8,2290.08,2287.64,2287.64,524.7404
1778174340.0,2287.63,2288.69,2287.22,2288.36,351.1772
1778174400.0,2288.36,2288.6,2287.33,2288.57,414.3682
1778174460.0,2288.56,2290.23,2288.56,2290.09,404.5089
1778174520.0,2290.09,2292.63,2290.09,2292.62,473.6099
1778174580.0,2292.62,2293.73,2292.16,2292.31,266.2096
1778174640.0,2292.3,2293.34,2292.28,2292.84,379.844
1778174700.0,2292.84,2295.2,2288.17,2289.07,1029.2689
1778174760.0,2289.07,2289.07,2281.59,2282.62,2482.5102
1778174820.0,2282.63,2286.13,2280.1,2285.6,1025.6712
1778174880.0,2285.6,2290.35,2284.67,2289.39,748.7607
1778174940.0,2289.4,2291.47,2287.67,2288.25,435.3268
1778175000.0,2288.25,2288.88,2286.3,2288.72,407.1196
1778175060.0,2288.71,2289.0,2287.44,2288.91,397.5352
1778175120.0,2288.92,2291.57,2288.43,2290.8,492.1927
1778175180.0,2290.79,2290.79,2286.52,2286.89,329.1526
1778175240.0,2286.88,2289.69,2286.41,2289.33,468.5828
1778175300.0,2289.33,2290.53,2288.25,2290.52,449.8161
1778175360.0,2290.52,2290.92,2289.7,2290.56,512.035
1778175420.0,2290.56,2292.31,2289.37,2291.39,514.274
1778175480.0,2291.39,2291.67,2289.63,2290.74,893.5146
1778175540.0,2290.74,2291.84,2290.65,2291.4,509.2179
1778175600.0,2291.4,2293.09,2291.28,2291.52,442.4881
1778175660.0,2291.53,2292.92,2291.53,2292.06,314.4199
1778175720.0,2292.05,2292.57,2291.57,2292.31,335.6942
1778175780.0,2292.3,2292.35,2291.15,2292.34,306.9806
1778175840.0,2292.35,2292.35,2291.47,2291.73,325.2583
1778175900.0,2291.73,2292.73,2291.64,2292.48,320.6825
1778175960.0,2292.48,2292.86,2292.09,2292.43,304.6471
1778176020.0,2292.42,2293.7,2292.42,2293.36,418.2866
1778176080.0,2293.36,2293.49,2291.21,2291.21,296.4548
1778176140.0,2291.21,2291.29,2289.2,2291.28,389.158
1778176200.0,2291.28,2291.65,2290.23,2291.59,276.9275
1778176260.0,2291.59,2293.17,2291.59,2292.86,458.2533
1778176320.0,2292.86,2293.0,2292.08,2292.2,340.1974
1778176380.0,2292.19,2293.43,2291.65,2293.42,328.635
1778176440.0,2293.42,2295.05,2293.42,2294.31,649.2072
1778176500.0,2294.32,2296.0,2294.32,2294.81,333.0292
1778176560.0,2294.81,2299.35,2294.0,2296.8,1051.8831
1778176620.0,2296.8,2300.43,2296.79,2299.94,686.086
1778176680.0,2299.93,2300.15,2299.45,2300.1,412.3141
1778176740.0,2300.1,2301.25,2298.93,2299.6,573.1536
1778176800.0,2299.61,2302.64,2299.12,2301.81,678.9021
1778176860.0,2301.8,2302.3,2300.84,2301.05,549.1382
1778176920.0,2301.05,2302.41,2300.64,2302.09,627.873
1778176980.0,2302.09,2302.15,2300.89,2301.64,517.8584
1778177040.0,2301.65,2302.62,2301.13,2301.51,419.6045
1778177100.0,2301.51,2303.46,2300.89,2303.44,475.8322
1778177160.0,2303.44,2304.0,2302.86,2303.48,367.6418
1778177220.0,2303.47,2303.99,2301.51,2303.31,414.6508
1778177280.0,2303.31,2303.5,2300.9,2301.06,402.4043
1778177340.0,2301.05,2301.36,2298.5,2298.81,500.1118
1778177400.0,2298.81,2299.67,2297.71,2299.5,402.3505
1778177460.0,2299.51,2300.2,2299.18,2299.55,381.5194
1778177520.0,2299.56,2299.93,2298.12,2298.55,416.5989
1778177580.0,2298.56,2299.15,2297.9,2299.14,371.1493
1778177640.0,2299.15,2300.51,2299.14,2300.07,304.9279
1778177700.0,2300.08,2301.05,2299.6,2300.27,386.5284
1778177760.0,2300.28,2301.29,2300.07,2300.07,326.794
1778177820.0,2300.08,2301.26,2300.07,2301.25,352.0615
1778177880.0,2301.26,2301.93,2300.8,2301.12,375.75
1778177940.0,2301.12,2301.42,2299.89,2300.07,332.9718
1778178000.0,2300.07,2301.14,2299.99,2300.14,480.0328
1778178060.0,2300.15,2300.23,2299.72,2299.79,762.5853
1778178120.0,2299.8,2300.88,2299.79,2299.87,390.8992
1778178180.0,2299.87,2300.55,2299.7,2300.19,500.1339
1778178240.0,2300.19,2301.21,2300.06,2301.08,556.2457
1778178300.0,2301.08,2301.08,2300.21,2300.41,294.0845
1778178360.0,2300.41,2300.87,2300.05,2300.05,285.3865
1778178420.0,2300.05,2300.29,2299.19,2300.28,332.1904
1778178480.0,2300.29,2301.17,2300.28,2300.65,289.7963
1778178540.0,2300.64,2301.02,2299.38,2299.39,309.9349
1778178600.0,2299.38,2301.5,2299.38,2301.49,313.1459
1778178660.0,2301.5,2302.85,2301.49,2302.84,722.8123
1778178720.0,2302.85,2303.89,2302.24,2302.93,623.9796
1778178780.0,2302.94,2303.31,2302.49,2302.49,278.2081
1778178840.0,2302.49,2302.86,2302.07,2302.46,419.9134
1778178900.0,2302.46,2303.32,2302.04,2302.28,403.3007
1778178960.0,2302.29,2303.58,2302.28,2303.57,328.5225
1778179020.0,2303.57,2304.0,2300.83,2301.31,291.4381
1778179080.0,2301.31,2301.47,2299.7,2300.74,313.9521
1778179140.0,2300.75,2302.26,2300.48,2302.26,336.3153
1778179200.0,2302.27,2302.47,2299.31,2300.07,443.4601
1778179260.0,2300.07,2301.0,2299.86,2299.87,250.6397
1778179320.0,2299.87,2300.15,2298.74,2299.69,310.9123
1778179380.0,2299.7,2300.93,2298.33,2298.64,441.9552
1778179440.0,2298.64,2298.65,2294.39,2295.98,717.04
1778179500.0,2295.98,2296.78,2294.0,2296.78,322.9246
1778179560.0,2296.78,2297.53,2296.49,2297.48,215.7251
1778179620.0,2297.48,2297.56,2295.36,2295.75,233.919
1778179680.0,2295.76,2296.69,2295.0,2295.0,229.4485
1778179740.0,2295.0,2295.24,2294.01,2294.01,214.7703
1778179800.0,2294.0,2294.0,2291.27,2292.77,529.8156
1778179860.0,2292.76,2294.07,2291.75,2293.8,304.7632
1778179920.0,2293.8,2294.21,2293.04,2294.21,157.8943
1778179980.0,2294.22,2294.68,2293.15,2294.54,271.9984
1778180040.0,2294.53,2294.61,2294.36,2294.6,754.2002
1778180100.0,2294.6,2299.22,2294.48,2297.98,679.8276
1778180160.0,2297.98,2299.22,2297.49,2299.21,232.9447
1778180220.0,2299.22,2299.62,2298.06,2298.06,301.8746
1778180280.0,2298.07,2298.25,2296.47,2296.47,200.4227
1778180340.0,2296.48,2297.28,2296.19,2296.19,208.2662
1778180400.0,2296.18,2296.92,2295.5,2295.5,184.1753
1778180460.0,2295.49,2296.02,2295.27,2295.27,310.6844
1778180520.0,2295.28,2295.28,2293.54,2294.27,265.6275
1778180580.0,2294.26,2296.06,2293.95,2293.99,386.0441
1778180640.0,2294.0,2294.0,2291.99,2291.99,133.9559
1778180700.0,2292.0,2292.82,2291.36,2291.39,201.6587
1778180760.0,2291.39,2291.66,2290.76,2291.66,189.1785
1778180820.0,2291.67,2292.73,2290.23,2292.65,393.3895
1778180880.0,2292.65,2292.85,2292.04,2292.27,207.4772
1778180940.0,2292.28,2292.52,2291.2,2291.57,244.1618
1778181000.0,2291.57,2292.57,2290.98,2292.01,530.6527
1778181060.0,2292.01,2294.37,2292.0,2294.36,256.7497
1778181120.0,2294.36,2295.59,2294.36,2295.58,109.9124
1778181180.0,2295.59,2295.96,2294.81,2294.84,185.3067
1778181240.0,2294.83,2295.51,2294.83,2295.27,158.1692
1778181300.0,2295.27,2295.27,2294.26,2294.68,235.5392
1778181360.0,2294.68,2296.09,2294.48,2296.08,135.6986
1778181420.0,2296.09,2296.15,2292.01,2292.02,272.5389
1778181480.0,2292.02,2292.78,2290.59,2292.33,383.9551
1778181540.0,2292.32,2292.86,2290.0,2292.07,237.242
1778181600.0,2292.06,2293.03,2291.68,2292.74,271.7296
1778181660.0,2292.74,2292.79,2291.65,2292.28,135.9793
1778181720.0,2292.29,2293.61,2292.29,2292.85,138.7505
1778181780.0,2292.85,2292.85,2291.58,2292.04,214.4673
1778181840.0,2292.05,2292.19,2290.65,2290.99,211.8922
1778181900.0,2290.99,2291.3,2290.0,2290.63,203.3581
1778181960.0,2290.63,2291.22,2290.23,2291.22,182.4792
1778182020.0,2291.22,2291.66,2290.93,2291.59,277.2159
1778182080.0,2291.59,2292.14,2290.67,2290.67,85.998
1778182140.0,2290.67,2291.64,2290.67,2290.69,135.8292
1778182200.0,2290.69,2292.53,2290.61,2292.53,479.1907
1778182260.0,2292.53,2293.59,2292.5,2292.88,161.9428
1778182320.0,2292.88,2292.98,2292.19,2292.19,149.312
1778182380.0,2292.18,2293.24,2291.74,2293.23,255.4839
1778182440.0,2293.23,2293.76,2292.07,2292.82,285.5709
1778182500.0,2292.83,2293.78,2292.6,2292.6,312.604
1778182560.0,2292.59,2293.77,2292.54,2293.14,179.4715
1778182620.0,2293.14,2294.37,2292.72,2294.37,251.4955
1778182680.0,2294.37,2295.19,2294.36,2294.73,263.4745
1778182740.0,2294.74,2296.0,2294.73,2295.99,140.7412
1778182800.0,2295.99,2296.44,2295.86,2295.89,211.6618
1778182860.0,2295.89,2296.44,2295.5,2295.57,347.7083
1778182920.0,2295.57,2295.58,2295.13,2295.27,447.3028
1778182980.0,2295.27,2295.84,2295.0,2295.01,343.7496
1778183040.0,2295.0,2295.01,2293.6,2293.7,430.3187
1778183100.0,2293.69,2293.84,2292.8,2293.17,415.2864
1778183160.0,2293.17,2293.41,2292.79,2292.79,355.6169
1778183220.0,2292.79,2293.4,2292.34,2293.32,323.347
1778183280.0,2293.32,2293.33,2292.23,2292.69,318.7855
1778183340.0,2292.69,2295.06,2292.68,2294.13,369.3019
1778183400.0,2294.13,2296.44,2294.13,2295.59,572.335
1778183460.0,2295.6,2297.09,2294.51,2295.34,407.7069
1778183520.0,2295.35,2295.51,2287.88,2291.32,1373.943
1778183580.0,2291.33,2292.36,2290.71,2290.78,788.2772
1778183640.0,2290.79,2291.46,2290.23,2290.85,435.6628
1778183700.0,2290.85,2293.24,2290.43,2293.04,494.8417
1778183760.0,2293.04,2293.7,2292.62,2293.09,257.9483
1778183820.0,2293.09,2294.79,2293.09,2293.95,398.4226
1778183880.0,2293.95,2293.95,2293.09,2293.75,377.7486
1778183940.0,2293.75,2295.98,2293.65,2295.98,488.213
1778184000.0,2295.98,2296.32,2293.73,2294.86,943.4971
1778184060.0,2294.86,2297.46,2294.31,2297.46,572.8502
1778184120.0,2297.46,2302.57,2297.46,2299.92,1134.6603
1778184180.0,2299.92,2300.32,2298.01,2298.77,588.6234
1778184240.0,2298.77,2301.0,2298.64,2298.88,566.8522
1778184300.0,2298.88,2299.08,2298.24,2298.24,558.4832
1778184360.0,2298.24,2298.24,2297.06,2297.61,532.9042
1778184420.0,2297.61,2298.44,2296.72,2298.44,688.9047
1778184480.0,2298.44,2298.44,2296.77,2296.78,755.439
1778184540.0,2296.78,2297.36,2296.77,2296.8,560.9388
1778184600.0,2296.8,2297.45,2296.79,2297.06,661.4698
1778184660.0,2297.07,2297.07,2296.19,2296.47,539.0347
1778184720.0,2296.47,2297.01,2296.4,2296.4,607.6643
1778184780.0,2296.4,2296.41,2295.4,2295.4,500.1088
1778184840.0,2295.4,2295.77,2295.01,2295.01,555.1977
1778184900.0,2295.02,2295.87,2295.02,2295.33,504.7866
1778184960.0,2295.33,2295.66,2295.11,2295.56,582.2764
1778185020.0,2295.55,2296.08,2294.44,2294.44,647.2299
1778185080.0,2294.44,2294.44,2293.49,2293.72,495.4712
1778185140.0,2293.72,2294.37,2293.54,2293.55,498.8464
1778185200.0,2293.55,2293.78,2292.8,2292.8,537.2224
1778185260.0,2292.8,2293.39,2292.77,2292.93,511.5529
1778185320.0,2292.94,2294.13,2292.94,2294.13,592.8697
1778185380.0,2294.13,2295.02,2294.12,2294.98,592.6982
1778185440.0,2294.98,2294.99,2294.27,2294.28,508.6774
1778185500.0,2294.27,2294.28,2293.57,2294.06,266.2756
1778185560.0,2294.06,2294.19,2294.06,2294.19,145.1422
1778185620.0,2294.18,2294.37,2294.17,2294.31,140.251
1778185680.0,2294.31,2294.91,2294.3,2294.78,227.6434
1778185740.0,2294.78,2295.15,2294.42,2294.43,499.9137
1778185800.0,2294.42,2294.42,2291.97,2291.97,689.0444
1778185860.0,2291.97,2293.68,2291.73,2292.59,681.4062
1778185920.0,2292.6,2293.0,2292.27,2292.98,564.5521
1778185980.0,2292.99,2292.99,2292.01,2292.23,530.0414
1778186040.0,2292.23,2292.36,2291.8,2291.8,588.7436
1778186100.0,2291.8,2292.22,2291.76,2292.22,486.9777
1778186160.0,2292.22,2292.23,2291.43,2291.43,491.4497
1778186220.0,2291.43,2291.55,2287.94,2288.83,1416.1666
1778186280.0,2288.84,2291.16,2288.84,2290.57,1016.888
1778186340.0,2290.58,2291.63,2289.86,2290.17,744.8605
1778186400.0,2290.17,2290.97,2288.82,2289.95,879.4868
1778186460.0,2289.96,2290.84,2289.95,2290.61,717.1014
1778186520.0,2290.61,2290.62,2289.25,2289.76,687.7134
1778186580.0,2289.76,2289.76,2289.01,2289.3,556.9817
1778186640.0,2289.3,2290.31,2289.3,2290.0,572.6292
1778186700.0,2290.01,2290.01,2288.85,2288.85,555.202
1778186760.0,2288.85,2289.64,2288.52,2289.15,652.4496
1778186820.0,2289.16,2289.21,2288.82,2289.21,549.3131
1778186880.0,2289.21,2290.05,2289.21,2289.46,518.0329
1778186940.0,2289.46,2290.51,2289.39,2290.3,556.5599
1778187000.0,2290.31,2290.74,2290.04,2290.04,626.6332
1778187060.0,2290.04,2290.05,2289.41,2289.41,445.0018
1778187120.0,2289.42,2289.5,2289.0,2289.49,558.2524
1778187180.0,2289.49,2290.2,2288.77,2289.11,771.0693
1778187240.0,2289.1,2289.36,2288.95,2288.96,154.1528
1778187300.0,2288.95,2288.95,2288.94,2288.94,108.9923
1778187360.0,2288.94,2288.95,2288.33,2288.81,191.6304
1778187420.0,2288.82,2289.4,2288.42,2289.4,366.0123
1778187480.0,2289.4,2289.56,2288.08,2288.56,596.8752
1778187540.0,2288.55,2289.11,2288.55,2289.1,209.1531
1778187600.0,2289.1,2289.76,2289.1,2289.62,120.5809
1778187660.0,2289.61,2290.47,2289.61,2290.46,122.3913
1778187720.0,2290.46,2290.47,2288.62,2289.93,235.3661
1778187780.0,2289.93,2290.16,2289.92,2290.16,121.5874
1778187840.0,2290.15,2290.16,2290.08,2290.08,116.8576
1778187900.0,2290.09,2290.09,2289.66,2289.66,85.0223
1778187960.0,2289.66,2289.67,2286.57,2286.58,346.3078
1778188020.0,2286.58,2286.58,2284.04,2284.92,851.3476
1778188080.0,2284.92,2284.93,2281.97,2281.98,1361.9757
1778188140.0,2281.97,2283.18,2281.29,2282.51,372.2643
1778188200.0,2282.5,2283.92,2282.28,2283.59,187.8483
1778188260.0,2283.59,2284.14,2283.59,2284.14,168.8739
1778188320.0,2284.13,2285.91,2284.13,2285.51,269.0372
1778188380.0,2285.51,2287.15,2285.5,2287.15,343.576
1778188440.0,2287.15,2287.26,2286.46,2286.46,155.9646
1778188500.0,2286.46,2286.47,2285.91,2285.91,136.0402
1778188560.0,2285.9,2287.6,2285.34,2287.6,250.3623
1778188620.0,2287.59,2288.6,2287.59,2288.6,193.6545
1778188680.0,2288.6,2290.46,2288.59,2290.45,261.6233
1778188740.0,2290.45,2290.9,2290.23,2290.59,183.9447
1778188800.0,2290.58,2290.58,2290.1,2290.11,200.759
1778188860.0,2290.11,2290.97,2290.1,2290.96,183.0242
1778188920.0,2290.96,2291.15,2288.85,2288.85,204.2943
1778188980.0,2288.85,2289.85,2288.85,2289.84,89.2021
1778189040.0,2289.85,2290.7,2289.85,2290.7,96.11
1778189100.0,2290.71,2291.73,2290.7,2291.72,148.6104
1778189160.0,2291.73,2292.5,2291.73,2292.5,319.6844
1778189220.0,2292.49,2293.16,2292.49,2292.72,154.4505
1778189280.0,2292.71,2293.8,2292.71,2293.79,175.1335
1778189340.0,2293.79,2293.83,2293.79,2293.82,78.9623
1778189400.0,2293.83,2294.29,2291.31,2292.1,368.4034
1778189460.0,2292.09,2292.89,2292.09,2292.36,177.9505
1778189520.0,2292.36,2293.41,2292.3,2292.85,407.6524
1778189580.0,2292.85,2293.58,2292.45,2292.74,232.4656
1778189640.0,2292.74,2293.66,2292.74,2293.58,159.526
1778189700.0,2293.59,2294.03,2292.86,2292.87,264.0426
1778189760.0,2292.86,2292.87,2291.8,2291.99,227.0801
1778189820.0,2291.99,2292.26,2291.85,2291.85,128.9928
1778189880.0,2291.85,2292.73,2291.83,2292.73,103.0878
1778189940.0,2292.72,2292.94,2291.8,2292.94,162.5283
1778190000.0,2292.94,2293.27,2291.4,2291.4,137.7456
1778190060.0,2291.39,2291.84,2291.25,2291.84,98.5531
1778190120.0,2291.84,2292.06,2291.08,2291.08,133.5134
1778190180.0,2291.08,2292.07,2290.23,2291.64,241.5558
1778190240.0,2291.65,2292.19,2290.62,2290.62,168.2638
1778190300.0,2290.61,2292.34,2290.5,2290.99,147.8075
1778190360.0,2290.99,2292.06,2290.89,2291.79,159.5499
1778190420.0,2291.8,2292.35,2291.02,2292.33,227.581
1778190480.0,2292.33,2292.34,2291.22,2291.22,119.8733
1778190540.0,2291.22,2292.6,2291.19,2291.97,192.6158
1778190600.0,2291.96,2291.98,2291.14,2291.15,152.0395
1778190660.0,2291.14,2291.3,2290.88,2291.3,91.3898
1778190720.0,2291.3,2291.3,2290.23,2290.25,147.391
1778190780.0,2290.25,2290.95,2290.23,2290.23,128.6213
1778190840.0,2290.24,2290.87,2290.24,2290.87,157.3242
1778190900.0,2290.86,2290.87,2288.95,2288.95,133.0669
1778190960.0,2288.96,2290.43,2288.96,2290.42,113.507
1778191020.0,2290.42,2290.43,2290.37,2290.38,85.5601
1778191080.0,2290.38,2291.6,2290.28,2291.59,189.5959
1778191140.0,2291.6,2291.87,2287.67,2287.68,206.9452
1778191200.0,2287.68,2288.37,2286.75,2287.05,545.5142
1778191260.0,2287.04,2288.96,2287.04,2287.56,177.0057
1778191320.0,2287.55,2287.56,2285.28,2285.35,333.4699
1778191380.0,2285.34,2287.0,2284.32,2285.09,538.2106
1778191440.0,2285.09,2287.12,2284.57,2285.86,815.0987
1778191500.0,2285.87,2285.87,2281.04,2282.48,1527.8368
1778191560.0,2282.48,2283.93,2281.57,2282.91,816.1396
1778191620.0,2282.92,2283.03,2281.04,2282.14,387.8968
1778191680.0,2282.15,2282.61,2281.28,2281.5,301.6795
1778191740.0,2281.49,2283.33,2281.49,2281.86,437.1729
1778191800.0,2281.86,2283.59,2281.61,2283.59,272.1646
1778191860.0,2283.58,2285.9,2283.58,2285.9,176.7868
1778191920.0,2285.91,2289.01,2285.9,2288.72,238.4248
1778191980.0,2288.72,2289.36,2288.06,2288.21,169.3296
1778192040.0,2288.21,2288.64,2287.2,2287.77,221.6029
1778192100.0,2287.77,2288.33,2286.65,2286.65,233.7859
1778192160.0,2286.65,2289.5,2286.44,2287.5,430.3775
1778192220.0,2287.5,2288.57,2286.46,2288.57,689.8135
1778192280.0,2288.58,2289.04,2287.38,2287.38,217.7296
1778192340.0,2287.38,2288.21,2287.38,2288.21,76.7861
1778192400.0,2288.21,2289.58,2287.28,2287.44,198.8504
1778192460.0,2287.43,2290.24,2287.43,2290.23,177.7125
1778192520.0,2290.23,2290.24,2286.67,2287.1,645.2981
1778192580.0,2287.1,2288.04,2286.59,2287.01,285.4401
1778192640.0,2287.01,2287.52,2286.73,2287.51,131.8804
1778192700.0,2287.52,2288.27,2287.51,2288.26,90.6396
1778192760.0,2288.27,2288.27,2286.39,2287.53,263.6405
1778192820.0,2287.53,2287.54,2286.99,2287.08,94.045
1778192880.0,2287.08,2287.3,2286.27,2286.89,184.5015
1778192940.0,2286.9,2286.9,2286.12,2286.12,93.2965
1778193000.0,2286.12,2288.13,2285.83,2288.03,190.9555
1778193060.0,2288.03,2288.56,2287.68,2288.47,140.0324
1778193120.0,2288.47,2288.73,2288.17,2288.17,126.5324
1778193180.0,2288.17,2288.67,2288.17,2288.6,122.2499
1778193240.0,2288.59,2288.59,2281.57,2281.65,1048.7984
1778193300.0,2281.65,2283.82,2281.65,2283.81,187.6852
1778193360.0,2283.82,2284.42,2283.47,2284.13,169.791
1778193420.0,2284.13,2284.74,2283.48,2283.72,299.08
1778193480.0,2283.73,2285.22,2283.72,2285.22,126.0421
1778193540.0,2285.22,2286.02,2285.22,2285.58,124.5595
1778193600.0,2285.59,2286.11,2285.08,2285.08,122.6204
1778193660.0,2285.08,2285.22,2284.28,2284.46,168.1681
1778193720.0,2284.45,2284.96,2283.95,2283.95,152.0893
1778193780.0,2283.95,2284.9,2283.92,2284.04,187.7703
1778193840.0,2284.04,2284.05,2283.56,2283.63,127.5262
1778193900.0,2283.63,2283.63,2283.04,2283.49,147.6535
1778193960.0,2283.5,2284.94,2283.5,2283.78,249.2318
1778194020.0,2283.78,2285.06,2283.1,2285.06,264.5775
1778194080.0,2285.05,2285.73,2285.05,2285.72,134.6116
1778194140.0,2285.71,2286.11,2285.71,2286.1,104.5627
1778194200.0,2286.1,2286.11,2285.72,2285.99,192.6624
1778194260.0,2285.98,2287.08,2285.98,2286.51,117.2817
1778194320.0,2286.5,2286.7,2285.96,2286.4,110.5806
1778194380.0,2286.39,2287.08,2286.39,2286.89,97.8942
1778194440.0,2286.89,2286.9,2286.29,2286.29,84.6634
1778194500.0,2286.29,2286.33,2286.1,2286.32,75.2201
1778194560.0,2286.33,2287.78,2286.32,2287.78,128.1479
1778194620.0,2287.78,2288.18,2286.38,2286.4,320.7855
1778194680.0,2286.39,2287.17,2286.39,2287.01,205.2286
1778194740.0,2287.0,2287.76,2287.0,2287.03,125.2101
1778194800.0,2287.03,2287.03,2286.11,2286.41,167.1413
1778194860.0,2286.41,2287.19,2286.41,2286.56,283.2172
1778194920.0,2286.56,2288.18,2286.55,2288.17,134.0692
1778194980.0,2288.17,2288.18,2287.76,2288.18,125.87
1778195040.0,2288.18,2288.84,2287.69,2288.82,227.3311
1778195100.0,2288.82,2288.84,2288.04,2288.04,125.8993
1778195160.0,2288.05,2289.25,2288.04,2289.25,254.0376
1778195220.0,2289.25,2289.26,2288.7,2289.26,213.0476
1778195280.0,2289.26,2290.24,2289.08,2289.49,259.3864
1778195340.0,2289.49,2290.35,2289.48,2290.34,182.4563
1778195400.0,2290.35,2290.92,2290.23,2290.87,143.0972
1778195460.0,2290.86,2291.49,2290.34,2290.55,185.326
1778195520.0,2290.55,2290.75,2290.46,2290.6,125.4817
1778195580.0,2290.61,2290.91,2289.59,2289.59,216.4575
1778195640.0,2289.58,2289.69,2289.51,2289.69,116.7747
1778195700.0,2289.69,2290.54,2289.69,2290.38,125.398
1778195760.0,2290.39,2290.39,2289.57,2289.57,87.6007
1778195820.0,2289.58,2289.72,2287.92,2287.92,191.2844
1778195880.0,2287.92,2287.93,2287.54,2287.54,114.7248
1778195940.0,2287.54,2287.55,2286.75,2286.75,85.6967
1778196000.0,2286.76,2288.7,2286.75,2288.7,122.9156
1778196060.0,2288.69,2290.21,2288.69,2289.97,155.5639
1778196120.0,2289.96,2289.96,2289.03,2289.45,122.4186
1778196180.0,2289.45,2289.45,2288.74,2289.0,89.6492
1778196240.0,2289.0,2289.01,2288.4,2288.4,125.8403
1778196300.0,2288.4,2289.21,2288.4,2289.13,186.0506
1778196360.0,2289.14,2289.66,2289.13,2289.59,86.3539
1778196420.0,2289.58,2290.77,2289.58,2290.77,122.0369
1778196480.0,2290.76,2290.76,2289.52,2289.52,347.0523
1778196540.0,2289.52,2289.52,2289.35,2289.35,68.7497
1778196600.0,2289.35,2289.65,2289.18,2289.19,186.0706
1778196660.0,2289.19,2289.2,2289.0,2289.0,172.7364
1778196720.0,2289.01,2289.01,2288.46,2288.92,107.8129
1778196780.0,2288.92,2289.47,2288.71,2288.71,114.7643
1778196840.0,2288.72,2288.72,2288.23,2288.26,146.0492
1778196900.0,2288.26,2288.27,2287.25,2287.53,191.9067
1778196960.0,2287.53,2288.81,2287.53,2288.81,151.4078
1778197020.0,2288.81,2290.55,2288.81,2290.55,112.901
1778197080.0,2290.55,2290.99,2290.54,2290.84,105.2826
1778197140.0,2290.85,2290.99,2290.23,2290.54,114.0371
1778197200.0,2290.54,2290.79,2290.54,2290.56,99.1088
1778197260.0,2290.55,2291.2,2290.55,2290.57,162.4378
1778197320.0,2290.58,2291.16,2290.57,2291.16,124.3132
1778197380.0,2291.16,2291.16,2291.0,2291.0,103.2419
1778197440.0,2291.0,2291.42,2291.0,2291.42,86.6125
1778197500.0,2291.42,2292.31,2291.41,2292.3,149.7259
1778197560.0,2292.31,2292.31,2291.75,2291.75,154.4524
1778197620.0,2291.75,2292.17,2291.75,2291.88,123.9835
1778197680.0,2291.87,2292.5,2291.87,2292.26,102.706
1778197740.0,2292.26,2293.24,2292.26,2293.21,115.3353
1778197800.0,2293.2,2293.24,2292.49,2293.24,154.5196
1778197860.0,2293.23,2293.24,2292.13,2292.14,132.9316
1778197920.0,2292.13,2292.44,2291.16,2291.24,234.0126
1778197980.0,2291.24,2291.94,2291.23,2291.92,84.7014
1778198040.0,2291.92,2291.92,2290.89,2290.89,119.8604
1778198100.0,2290.89,2290.9,2290.6,2290.6,126.2545
1778198160.0,2290.61,2291.19,2290.52,2291.18,241.5561
1778198220.0,2291.17,2291.52,2291.17,2291.17,95.7316
1778198280.0,2291.18,2291.29,2291.13,2291.13,126.1297
1778198340.0,2291.12,2291.12,2290.63,2291.06,139.5949
1778198400.0,2291.06,2292.0,2290.83,2291.83,226.1839
1778198460.0,2291.82,2291.83,2291.22,2291.8,95.6693
1778198520.0,2291.79,2291.79,2291.13,2291.68,210.8473
1778198580.0,2291.68,2292.41,2291.68,2292.33,130.0746
1778198640.0,2292.33,2293.24,2292.33,2292.34,167.4444
1778198700.0,2292.34,2292.74,2292.33,2292.73,111.0651
1778198760.0,2292.74,2293.44,2292.73,2293.17,284.0505
1778198820.0,2293.17,2293.17,2291.98,2291.98,121.0482
1778198880.0,2291.98,2293.82,2291.98,2293.81,263.4236
1778198940.0,2293.82,2293.84,2292.85,2292.85,157.7717
1778199000.0,2292.85,2293.21,2292.16,2293.2,234.6027
1778199060.0,2293.2,2294.04,2292.96,2294.04,153.4875
1778199120.0,2294.03,2294.04,2293.56,2293.62,385.5747
1778199180.0,2293.62,2293.62,2292.37,2292.44,106.4566
1778199240.0,2292.44,2293.3,2291.9,2293.3,134.401
1778199300.0,2293.3,2293.44,2292.56,2292.94,171.5305
1778199360.0,2292.95,2293.3,2292.66,2292.66,119.4686
1778199420.0,2292.67,2292.67,2290.24,2290.7,182.2483
1778199480.0,2290.7,2290.71,2289.68,2290.36,172.1442
1778199540.0,2290.36,2292.46,2290.36,2292.04,198.3912
1778199600.0,2292.04,2292.05,2290.44,2291.19,230.5851
1778199660.0,2291.18,2292.03,2291.18,2292.0,153.8924
1778199720.0,2292.0,2293.14,2291.99,2292.77,130.8503
1778199780.0,2292.77,2293.23,2292.77,2293.06,144.9521
1778199840.0,2293.06,2293.42,2293.05,2293.42,128.6545
1778199900.0,2293.41,2294.28,2292.63,2293.29,392.085
1778199960.0,2293.3,2294.0,2293.29,2293.99,86.2253
1778200020.0,2294.0,2294.0,2290.27,2290.34,391.7628
1778200080.0,2290.34,2291.08,2290.33,2290.79,120.8045
1778200140.0,2290.79,2291.08,2290.47,2290.47,99.5063
1778200200.0,2290.47,2291.01,2290.4,2290.82,135.7593
1778200260.0,2290.82,2290.82,2290.01,2290.23,164.4535
1778200320.0,2290.23,2290.68,2289.92,2290.15,160.3218
1778200380.0,2290.15,2291.22,2290.09,2290.1,95.513
1778200440.0,2290.09,2290.77,2289.53,2289.53,158.7118
1778200500.0,2289.53,2290.12,2289.35,2290.1,119.9892
1778200560.0,2290.1,2290.1,2289.46,2289.47,121.4503
1778200620.0,2289.47,2289.47,2288.53,2288.54,149.4095
1778200680.0,2288.54,2288.54,2287.59,2287.59,257.8328
1778200740.0,2287.59,2287.75,2287.21,2287.55,157.1349
1778200800.0,2287.55,2288.22,2287.54,2288.21,90.8216
1778200860.0,2288.21,2288.85,2288.21,2288.85,121.0693
1778200920.0,2288.85,2288.85,2288.24,2288.24,88.817
1778200980.0,2288.25,2288.57,2288.24,2288.27,67.9999
1778201040.0,2288.28,2288.28,2287.76,2287.94,138.4711
1778201100.0,2287.94,2287.95,2286.92,2287.16,179.3976
1778201160.0,2287.16,2287.17,2286.46,2286.89,156.0201
1778201220.0,2286.89,2286.99,2286.1,2286.1,94.5504
1778201280.0,2286.1,2286.74,2285.7,2286.66,157.359
1778201340.0,2286.65,2287.17,2286.65,2286.81,150.0672
1778201400.0,2286.81,2286.82,2286.25,2286.26,112.2229
1778201460.0,2286.26,2286.33,2284.87,2284.87,115.3514
1778201520.0,2284.88,2285.18,2283.91,2284.45,244.8126
1778201580.0,2284.45,2285.2,2284.45,2285.19,206.1116
1778201640.0,2285.19,2285.2,2284.22,2284.23,108.3232
1778201700.0,2284.23,2284.94,2284.0,2284.94,133.4871
1778201760.0,2284.93,2285.42,2283.66,2283.91,192.3842
1778201820.0,2283.9,2284.92,2283.9,2284.79,257.7441
1778201880.0,2284.8,2285.0,2284.79,2284.99,185.196
1778201940.0,2285.0,2286.83,2284.99,2286.83,171.2935
1778202000.0,2286.83,2288.9,2286.83,2288.45,201.7016
1778202060.0,2288.44,2289.31,2288.19,2288.59,154.76
1778202120.0,2288.59,2288.59,2288.18,2288.18,157.3113
1778202180.0,2288.17,2288.18,2287.38,2287.66,78.6588
1778202240.0,2287.66,2288.04,2287.43,2287.43,184.4221
1778202300.0,2287.43,2287.43,2286.36,2286.37,82.9365
1778202360.0,2286.36,2286.48,2285.66,2285.67,176.394
1778202420.0,2285.67,2285.67,2283.43,2283.43,160.82
1778202480.0,2283.44,2285.56,2283.44,2285.55,119.1008
1778202540.0,2285.55,2285.56,2285.01,2285.01,125.8428
1778202600.0,2285.0,2285.0,2283.43,2283.92,157.5766
1778202660.0,2283.92,2284.81,2283.74,2284.81,244.3215
1778202720.0,2284.81,2285.07,2284.04,2284.27,121.232
1778202780.0,2284.27,2284.27,2283.38,2283.38,108.0812
1778202840.0,2283.38,2283.38,2282.88,2283.09,152.9749
1778202900.0,2283.08,2283.09,2280.28,2281.59,812.7579
1778202960.0,2281.59,2282.74,2281.57,2282.5,204.9959
1778203020.0,2282.5,2284.89,2281.76,2284.88,216.6092
1778203080.0,2284.88,2285.83,2284.28,2285.82,160.1079
1778203140.0,2285.82,2285.87,2285.42,2285.87,224.2198
1778203200.0,2285.86,2285.91,2284.29,2284.9,367.6998
1778203260.0,2284.89,2285.43,2284.89,2285.42,85.8985
1778203320.0,2285.42,2285.79,2284.51,2284.51,105.0904
1778203380.0,2284.52,2284.52,2284.04,2284.04,91.8292
1778203440.0,2284.05,2284.54,2282.8,2283.78,118.9812
1778203500.0,2283.79,2284.43,2283.61,2283.62,103.0337
1778203560.0,2283.62,2284.41,2283.62,2284.4,129.1187
1778203620.0,2284.4,2284.89,2284.13,2284.89,134.5557
1778203680.0,2284.88,2284.89,2284.63,2284.63,86.6639
1778203740.0,2284.64,2285.72,2284.64,2285.71,119.1429
1778203800.0,2285.72,2286.11,2285.25,2286.11,458.1187
1778203860.0,2286.1,2287.01,2286.1,2287.01,179.5593
1778203920.0,2287.01,2287.82,2287.0,2287.82,125.6969
1778203980.0,2287.81,2287.82,2286.55,2286.55,146.9592
1778204040.0,2286.55,2287.16,2286.54,2287.15,102.4606
1778204100.0,2287.16,2287.16,2285.13,2285.54,140.3069
1778204160.0,2285.53,2285.54,2284.11,2284.12,89.0054
1778204220.0,2284.12,2284.92,2284.11,2284.91,150.8022
1778204280.0,2284.91,2285.37,2284.85,2284.85,139.9731
1778204340.0,2284.85,2286.45,2284.85,2286.29,122.0094
1778204400.0,2286.3,2287.16,2286.1,2287.16,110.4695
1778204460.0,2287.15,2287.22,2286.1,2286.12,88.1134
1778204520.0,2286.13,2286.58,2286.12,2286.41,85.5536
1778204580.0,2286.41,2286.57,2286.19,2286.5,76.7518
1778204640.0,2286.49,2286.79,2285.74,2285.74,99.4007
1778204700.0,2285.74,2286.1,2285.74,2285.82,86.5223
1778204760.0,2285.83,2287.22,2285.82,2287.04,166.7083
1778204820.0,2287.03,2287.04,2284.06,2284.07,330.9767
1778204880.0,2284.07,2284.61,2284.07,2284.19,102.4923
1778204940.0,2284.2,2284.47,2284.16,2284.16,99.0993
1778205000.0,2284.16,2284.31,2283.84,2283.85,118.4677
1778205060.0,2283.85,2284.38,2283.51,2283.52,342.3799
1778205120.0,2283.51,2283.67,2283.16,2283.38,204.6202
1778205180.0,2283.38,2284.5,2283.38,2284.5,135.1248
1778205240.0,2284.5,2284.85,2284.15,2284.15,125.5212
1778205300.0,2284.16,2284.79,2284.15,2284.23,186.6893
1778205360.0,2284.22,2284.98,2284.22,2284.98,299.2301
1778205420.0,2284.97,2286.22,2283.72,2283.74,294.0148
1778205480.0,2283.75,2284.41,2283.75,2284.4,182.8075
1778205540.0,2284.4,2285.06,2284.34,2285.06,102.5242
1778205600.0,2285.06,2285.71,2284.14,2284.14,157.0725
1778205660.0,2284.14,2284.15,2275.52,2277.28,2678.3337
1778205720.0,2277.28,2277.6,2273.0,2277.6,1505.1733
1778205780.0,2277.6,2280.23,2277.59,2280.16,987.2521
1778205840.0,2280.16,2281.74,2278.81,2278.81,292.3039
1778205900.0,2278.82,2280.16,2277.89,2278.73,254.0928
1778205960.0,2278.74,2279.01,2277.13,2278.1,160.3114
1778206020.0,2278.1,2278.11,2275.12,2276.16,284.7842
1778206080.0,2276.16,2276.85,2276.08,2276.84,202.4533
1778206140.0,2276.84,2277.74,2276.84,2276.94,121.2475
1778206200.0,2276.94,2277.21,2276.44,2276.45,159.6056
1778206260.0,2276.46,2279.01,2276.46,2278.2,150.2078
1778206320.0,2278.2,2279.01,2277.89,2277.89,147.0165
1778206380.0,2277.89,2277.9,2277.55,2277.76,135.6605
1778206440.0,2277.77,2278.6,2277.76,2277.84,160.3533
1778206500.0,2277.85,2277.95,2277.0,2277.0,120.546
1778206560.0,2277.01,2277.85,2275.3,2275.3,175.5245
1778206620.0,2275.29,2275.29,2268.0,2270.36,3226.5822
1778206680.0,2270.36,2271.9,2269.58,2270.82,339.5325
1778206740.0,2270.82,2272.13,2270.79,2271.56,422.8022
1778206800.0,2271.56,2273.28,2271.32,2273.28,213.1016
1778206860.0,2273.27,2274.63,2273.04,2273.04,380.3928
1778206920.0,2273.04,2273.9,2272.49,2273.7,173.1447
1778206980.0,2273.7,2274.35,2272.92,2274.34,141.0411
1778207040.0,2274.35,2274.77,2273.7,2274.74,173.1034
1778207100.0,2274.73,2275.96,2274.7,2275.78,232.3034
1778207160.0,2275.77,2276.24,2275.19,2275.79,203.332
1778207220.0,2275.78,2276.21,2275.34,2276.01,138.581
1778207280.0,2276.01,2276.22,2275.34,2276.21,155.7364
1778207340.0,2276.21,2276.36,2275.85,2276.35,135.7281
1778207400.0,2276.36,2276.52,2275.31,2275.83,207.3662
1778207460.0,2275.84,2277.68,2275.78,2277.67,211.7547
1778207520.0,2277.68,2281.14,2277.68,2281.14,311.3348
1778207580.0,2281.13,2283.17,2281.13,2282.89,454.712
1778207640.0,2282.89,2283.03,2281.13,2282.39,159.9403
1778207700.0,2282.38,2282.96,2280.0,2280.57,284.3944
1778207760.0,2280.58,2280.58,2277.54,2278.37,179.8709
1778207820.0,2278.37,2279.29,2278.27,2279.29,175.2783
1778207880.0,2279.29,2279.4,2277.25,2278.11,138.1181
1778207940.0,2278.11,2278.86,2277.5,2278.85,100.0938
1778208000.0,2278.85,2280.15,2278.75,2280.15,103.3789
1778208060.0,2280.15,2280.16,2279.42,2279.69,125.5132
1778208120.0,2279.7,2280.71,2279.7,2280.71,172.4331
1778208180.0,2280.71,2281.05,2279.82,2280.3,173.6497
1778208240.0,2280.31,2280.31,2279.49,2279.49,96.1895
1778208300.0,2279.49,2280.91,2279.49,2280.91,118.5742
1778208360.0,2280.9,2281.64,2280.9,2281.51,89.6815
1778208420.0,2281.51,2281.51,2280.0,2280.01,158.9289
1778208480.0,2280.0,2280.53,2280.0,2280.19,113.8402
1778208540.0,2280.19,2281.76,2279.86,2281.63,156.0824
1778208600.0,2281.63,2282.15,2280.78,2280.79,110.814
1778208660.0,2280.78,2281.33,2280.15,2280.63,117.1311
1778208720.0,2280.63,2280.83,2280.28,2280.28,108.3477
1778208780.0,2280.27,2280.35,2279.88,2280.33,143.2891
1778208840.0,2280.33,2280.33,2279.22,2279.65,382.651
1778208900.0,2279.65,2279.65,2278.0,2278.0,121.8415
1778208960.0,2278.01,2278.29,2277.0,2277.17,168.0853
1778209020.0,2277.18,2277.99,2277.01,2277.98,131.8909
1778209080.0,2277.98,2278.65,2277.98,2278.32,124.9822
1778209140.0,2278.32,2279.18,2278.31,2279.15,119.8709
1778209200.0,2279.15,2279.15,2276.08,2276.08,163.684
1778209260.0,2276.09,2276.09,2273.05,2273.66,609.6312
1778209320.0,2273.66,2274.17,2271.92,2272.43,766.2701
1778209380.0,2272.43,2273.0,2271.84,2272.59,138.5929
1778209440.0,2272.59,2272.79,2270.45,2270.62,629.1604
1778209500.0,2270.62,2272.1,2265.61,2270.62,2392.1776
1778209560.0,2270.62,2271.16,2265.71,2266.73,1080.7998
1778209620.0,2266.73,2269.44,2265.85,2268.23,299.3303
1778209680.0,2268.23,2269.47,2267.37,2269.46,316.0923
1778209740.0,2269.47,2269.76,2268.37,2268.86,361.1807
1778209800.0,2268.87,2271.96,2268.87,2271.88,212.7204
1778209860.0,2271.88,2271.88,2270.99,2271.48,186.4334
1778209920.0,2271.49,2272.5,2270.81,2272.49,269.5765
1778209980.0,2272.5,2273.51,2272.49,2272.5,239.3158
1778210040.0,2272.5,2273.14,2272.25,2273.13,152.1498
1778210100.0,2273.13,2275.5,2272.76,2275.34,396.3958
1778210160.0,2275.35,2279.21,2274.88,2278.77,894.057
1778210220.0,2278.77,2279.52,2277.33,2277.89,361.889
1778210280.0,2277.89,2277.89,2277.0,2277.33,214.2689
1778210340.0,2277.34,2278.11,2277.33,2278.09,80.5352
1778210400.0,2278.09,2278.71,2277.84,2277.85,124.6839
1778210460.0,2277.85,2279.14,2277.77,2279.08,137.9888
1778210520.0,2279.08,2279.16,2278.48,2279.16,223.4782
1778210580.0,2279.15,2279.16,2277.87,2278.14,158.1322
1778210640.0,2278.14,2279.16,2277.99,2279.15,87.3753
1778210700.0,2279.15,2279.16,2278.41,2278.95,119.4255
1778210760.0,2278.95,2278.95,2277.84,2277.84,120.2081
1778210820.0,2277.84,2278.88,2277.3,2278.3,157.6481
1778210880.0,2278.31,2278.88,2278.0,2278.88,102.0786
1778210940.0,2278.88,2279.05,2278.34,2278.8,143.6605
1778211000.0,2278.79,2279.5,2278.79,2279.16,156.1771
1778211060.0,2279.15,2279.99,2278.81,2278.87,404.1047
1778211120.0,2278.88,2280.68,2278.87,2279.3,424.7799
1778211180.0,2279.3,2280.35,2279.21,2279.99,167.1544
1778211240.0,2279.99,2280.53,2279.99,2280.41,220.5434
1778211300.0,2280.4,2280.53,2280.09,2280.52,80.2414
1778211360.0,2280.52,2281.35,2280.07,2280.08,157.8985
1778211420.0,2280.08,2280.38,2280.07,2280.17,115.819
1778211480.0,2280.18,2280.18,2280.08,2280.09,84.9048
1778211540.0,2280.09,2280.18,2279.46,2279.97,245.6061
1778211600.0,2279.98,2280.54,2279.97,2280.34,106.3004
1778211660.0,2280.34,2280.35,2279.68,2280.06,165.6227
1778211720.0,2280.05,2280.52,2280.05,2280.51,85.0554
1778211780.0,2280.51,2280.65,2280.5,2280.57,95.5393
1778211840.0,2280.58,2280.96,2280.57,2280.78,94.6732
1778211900.0,2280.79,2281.02,2280.19,2280.19,111.2093
1778211960.0,2280.2,2281.6,2280.2,2280.85,183.5772
1778212020.0,2280.85,2280.86,2280.57,2280.57,95.5251
1778212080.0,2280.58,2280.58,2279.09,2279.91,186.3112
1778212140.0,2279.91,2279.98,2279.3,2279.3,85.8982
1778212200.0,2279.3,2279.72,2279.3,2279.71,83.6115
1778212260.0,2279.71,2280.7,2279.4,2280.7,133.9765
1778212320.0,2280.69,2281.04,2280.33,2281.03,123.152
1778212380.0,2281.04,2281.14,2280.78,2280.78,106.4324
1778212440.0,2280.78,2280.79,2280.06,2280.42,125.3718
1778212500.0,2280.42,2280.42,2280.0,2280.0,141.4226
1778212560.0,2280.01,2280.01,2279.3,2279.31,99.0605
1778212620.0,2279.3,2279.93,2279.14,2279.93,130.2153
1778212680.0,2279.92,2280.14,2279.74,2279.74,98.8512
1778212740.0,2279.73,2279.73,2278.76,2278.76,157.2154
1778212800.0,2278.77,2279.49,2278.76,2279.49,210.8746
1778212860.0,2279.48,2280.44,2279.48,2280.44,125.594
1778212920.0,2280.45,2280.81,2280.15,2280.72,245.2524
1778212980.0,2280.72,2281.12,2279.9,2281.12,156.1273
1778213040.0,2281.12,2281.13,2280.59,2280.59,114.9828
1778213100.0,2280.59,2281.3,2280.59,2280.86,147.6894
1778213160.0,2280.86,2281.18,2280.6,2281.17,141.6589
1778213220.0,2281.18,2281.66,2281.08,2281.08,183.5603
1778213280.0,2281.08,2281.61,2281.08,2281.6,111.4504
1778213340.0,2281.6,2281.77,2281.57,2281.76,93.8399
1778213400.0,2281.76,2282.76,2281.61,2282.26,193.1084
1778213460.0,2282.26,2282.72,2282.26,2282.71,139.0977
1778213520.0,2282.72,2282.83,2282.16,2282.83,123.9183
1778213580.0,2282.82,2282.96,2282.66,2282.95,122.2482
1778213640.0,2282.95,2282.96,2282.1,2282.51,117.4029
1778213700.0,2282.51,2282.6,2281.42,2281.42,118.5111
1778213760.0,2281.42,2281.99,2281.09,2281.98,140.8962
1778213820.0,2281.98,2282.39,2281.98,2282.38,274.9544
1778213880.0,2282.39,2282.62,2282.38,2282.62,90.8512
1778213940.0,2282.61,2283.14,2282.61,2283.09,289.7132
1778214000.0,2283.09,2283.73,2282.88,2283.0,322.2154
1778214060.0,2282.99,2283.75,2282.98,2283.74,121.7273
1778214120.0,2283.74,2284.38,2283.74,2284.37,200.0717
1778214180.0,2284.37,2284.54,2284.37,2284.53,95.4301
1778214240.0,2284.53,2284.54,2283.17,2283.17,173.7706
1778214300.0,2283.18,2283.46,2282.93,2282.93,112.1274
1778214360.0,2282.94,2282.94,2281.3,2281.32,242.2818
1778214420.0,2281.32,2282.09,2281.31,2282.08,108.9811
1778214480.0,2282.09,2282.23,2281.64,2281.64,140.1079
1778214540.0,2281.63,2282.59,2281.37,2282.58,168.1586
1778214600.0,2282.59,2282.86,2282.12,2282.13,140.9919
1778214660.0,2282.13,2282.13,2281.26,2281.68,167.8046
1778214720.0,2281.69,2281.77,2280.86,2281.02,102.572
1778214780.0,2281.02,2281.03,2280.0,2280.0,143.1978
1778214840.0,2280.0,2280.24,2279.2,2279.2,199.762
1778214900.0,2279.2,2279.78,2278.7,2278.71,140.9962
1778214960.0,2278.71,2279.63,2278.71,2278.93,121.7135
1778215020.0,2278.93,2278.94,2278.58,2278.88,181.8354
1778215080.0,2278.88,2278.89,2277.96,2277.96,168.0887
1778215140.0,2277.97,2278.32,2277.73,2278.31,134.5376
1778215200.0,2278.31,2278.31,2277.0,2277.55,707.734
1778215260.0,2277.54,2277.55,2276.5,2276.65,168.3665
1778215320.0,2276.66,2277.17,2276.65,2277.17,179.9319
1778215380.0,2277.16,2277.73,2276.8,2277.63,262.2284
1778215440.0,2277.63,2277.66,2277.31,2277.65,122.0604
1778215500.0,2277.65,2279.27,2277.65,2278.62,258.0312
1778215560.0,2278.62,2279.77,2278.62,2279.77,91.6867
1778215620.0,2279.76,2279.92,2279.69,2279.69,126.3542
1778215680.0,2279.7,2279.7,2278.94,2279.56,146.6434
1778215740.0,2279.55,2280.28,2279.54,2280.28,107.0768
1778215800.0,2280.27,2280.79,2280.27,2280.31,133.0572
1778215860.0,2280.3,2280.31,2279.51,2280.04,136.8981
1778215920.0,2280.04,2280.47,2280.03,2280.46,76.6511
1778215980.0,2280.47,2281.84,2280.47,2281.83,118.2542
1778216040.0,2281.83,2282.54,2281.83,2282.27,126.038
1778216100.0,2282.27,2282.27,2281.83,2281.95,92.7875
1778216160.0,2281.95,2281.96,2281.73,2281.86,126.6851
1778216220.0,2281.86,2281.99,2281.71,2281.71,103.6069
1778216280.0,2281.71,2281.72,2281.26,2281.26,87.1265
1778216340.0,2281.27,2281.65,2281.09,2281.63,148.1742
1778216400.0,2281.63,2282.15,2281.57,2282.14,130.1848
1778216460.0,2282.15,2282.48,2280.75,2280.85,256.453
1778216520.0,2280.85,2280.86,2280.35,2280.43,146.9764
1778216580.0,2280.43,2280.44,2280.25,2280.25,85.2417
1778216640.0,2280.25,2281.16,2280.0,2281.15,181.5651
1778216700.0,2281.15,2281.65,2280.86,2281.65,123.8617
1778216760.0,2281.64,2281.64,2280.86,2280.86,168.2856
1778216820.0,2280.86,2280.98,2280.23,2280.97,180.7956
1778216880.0,2280.97,2281.0,2280.96,2281.0,74.6753
1778216940.0,2280.99,2281.0,2280.59,2280.59,118.827
1778217000.0,2280.59,2280.63,2280.15,2280.3,294.1975
1778217060.0,2280.3,2280.63,2280.0,2280.62,136.1451
1778217120.0,2280.62,2280.88,2280.53,2280.88,139.1934
1778217180.0,2280.89,2281.56,2280.89,2281.55,312.6942
1778217240.0,2281.56,2281.74,2280.97,2280.97,134.4323
1778217300.0,2280.98,2280.98,2280.77,2280.97,124.027
1778217360.0,2280.98,2282.15,2280.97,2282.15,166.0692
1778217420.0,2282.15,2282.54,2282.14,2282.46,101.9338
1778217480.0,2282.46,2282.47,2281.8,2281.8,150.5643
1778217540.0,2281.81,2281.81,2280.37,2280.37,90.6055
1778217600.0,2280.36,2280.36,2279.66,2279.75,184.4875
1778217660.0,2279.74,2279.75,2279.34,2279.34,143.5143
1778217720.0,2279.35,2279.59,2279.12,2279.12,119.4344
1778217780.0,2279.12,2279.71,2279.0,2279.7,283.0272
1778217840.0,2279.7,2279.78,2279.35,2279.78,181.4406
1778217900.0,2279.77,2280.45,2279.67,2280.05,128.661
1778217960.0,2280.05,2280.54,2280.05,2280.53,78.7488
1778218020.0,2280.54,2280.54,2279.83,2279.83,169.3293
1778218080.0,2279.83,2279.84,2279.75,2279.8,103.4423
1778218140.0,2279.8,2280.88,2279.8,2280.27,116.4094
1778218200.0,2280.27,2283.51,2280.27,2283.4,173.6727
1778218260.0,2283.4,2283.4,2281.87,2281.87,124.9874
1778218320.0,2281.87,2282.38,2281.58,2282.36,146.4616
1778218380.0,2282.36,2282.37,2281.69,2282.01,120.244
1778218440.0,2282.02,2282.32,2282.02,2282.31,97.9365
1778218500.0,2282.31,2282.43,2281.33,2281.33,132.6419
1778218560.0,2281.33,2282.29,2281.07,2282.28,169.5319
1778218620.0,2282.28,2282.29,2282.09,2282.09,101.2948
1778218680.0,2282.09,2282.09,2281.4,2281.57,135.3363
1778218740.0,2281.56,2282.19,2281.56,2282.19,95.2295
1778218800.0,2282.18,2282.19,2281.93,2281.97,102.8767
1778218860.0,2281.97,2282.55,2281.97,2282.4,117.2133
1778218920.0,2282.4,2283.01,2282.4,2283.0,121.4387
1778218980.0,2283.0,2283.01,2282.92,2282.98,100.3337
1778219040.0,2282.98,2283.54,2282.97,2283.31,101.9578
1778219100.0,2283.3,2284.0,2283.1,2283.3,172.6131
1778219160.0,2283.3,2283.82,2283.3,2283.58,149.8114
1778219220.0,2283.57,2283.58,2278.56,2278.67,648.337
1778219280.0,2278.67,2280.37,2278.67,2280.05,164.9102
1778219340.0,2280.05,2280.63,2280.04,2280.63,95.7365
1778219400.0,2280.64,2281.22,2280.64,2281.05,99.7212
1778219460.0,2281.05,2281.06,2280.64,2280.64,91.6454
1778219520.0,2280.65,2280.74,2279.58,2279.59,170.4735
1778219580.0,2279.58,2279.77,2279.12,2279.12,492.6111
1778219640.0,2279.13,2279.77,2278.94,2278.94,529.2187
1778219700.0,2278.95,2279.6,2278.95,2279.53,513.1965
1778219760.0,2279.53,2279.53,2278.3,2278.47,474.4312
1778219820.0,2278.48,2278.54,2277.93,2277.93,470.8748
1778219880.0,2277.93,2277.93,2276.95,2276.95,520.9953
1778219940.0,2276.95,2276.96,2275.97,2275.97,572.302
1778220000.0,2275.98,2275.98,2270.0,2270.75,1026.0934
1778220060.0,2270.74,2271.82,2270.4,2271.82,682.7021
1778220120.0,2271.79,2273.38,2271.79,2273.38,901.3814
1778220180.0,2273.37,2274.07,2272.53,2274.01,670.1594
1778220240.0,2274.0,2275.19,2274.0,2274.42,593.1484
1778220300.0,2274.42,2274.66,2272.6,2272.97,621.4069
1778220360.0,2272.98,2274.07,2272.98,2274.05,721.995
1778220420.0,2274.05,2274.07,2273.7,2273.7,656.9681
1778220480.0,2273.7,2273.9,2271.39,2271.4,998.0616
1778220540.0,2271.39,2272.25,2270.57,2271.92,862.2813
1778220600.0,2271.91,2273.19,2271.91,2273.19,699.6017
1778220660.0,2273.18,2274.2,2272.92,2274.19,607.2219
1778220720.0,2274.2,2275.0,2274.19,2274.99,604.5631
1778220780.0,2274.99,2277.22,2274.99,2275.86,728.3733
1778220840.0,2275.87,2276.42,2275.44,2276.18,880.7791
1778220900.0,2276.18,2277.39,2276.16,2277.39,715.8983
1778220960.0,2277.39,2277.67,2276.79,2277.63,720.9329
1778221020.0,2277.63,2278.5,2277.21,2277.21,598.0805
1778221080.0,2277.22,2278.1,2277.18,2277.97,589.4033
1778221140.0,2277.97,2278.4,2277.49,2277.49,819.4849
1778221200.0,2277.49,2278.2,2277.32,2277.96,513.9981
1778221260.0,2277.97,2278.06,2277.47,2278.05,138.2416
1778221320.0,2278.04,2278.15,2277.61,2277.61,123.8149
1778221380.0,2277.61,2277.76,2277.14,2277.32,130.3702
1778221440.0,2277.32,2278.02,2276.79,2276.8,267.3199
1778221500.0,2276.8,2276.8,2275.83,2275.92,230.3713
1778221560.0,2275.92,2276.8,2275.77,2276.33,582.3736
1778221620.0,2276.32,2276.35,2275.12,2276.06,559.9498
1778221680.0,2276.07,2276.8,2275.72,2275.92,712.8583
1778221740.0,2275.93,2275.93,2275.01,2275.02,591.3041
1778221800.0,2275.02,2275.88,2274.59,2274.59,618.6052
1778221860.0,2274.6,2275.01,2274.26,2274.26,1161.4322
1778221920.0,2274.27,2274.29,2273.5,2273.51,643.2304
1778221980.0,2273.5,2273.54,2272.96,2272.96,564.9266
1778222040.0,2272.96,2272.97,2270.71,2270.9,2421.5348
1778222100.0,2270.89,2271.42,2268.6,2270.0,1366.0521
1778222160.0,2270.01,2271.44,2269.54,2271.43,729.1695
1778222220.0,2271.43,2272.44,2271.15,2272.44,796.7377
1778222280.0,2272.43,2273.69,2272.43,2273.47,682.8474
1778222340.0,2273.47,2274.61,2273.46,2274.61,615.0581
1778222400.0,2274.61,2275.34,2273.77,2273.91,225.4157
1778222460.0,2273.92,2275.57,2273.91,2275.56,161.845
1778222520.0,2275.56,2276.69,2275.56,2276.69,164.0451
1778222580.0,2276.69,2277.22,2276.68,2277.22,115.5639
1778222640.0,2277.21,2277.22,2275.73,2275.73,215.4206
1778222700.0,2275.74,2276.24,2275.45,2275.45,188.5785
1778222760.0,2275.46,2275.99,2273.71,2273.93,248.7692
1778222820.0,2273.93,2274.74,2273.93,2274.07,130.001
1778222880.0,2274.08,2274.41,2273.47,2274.4,185.6113
1778222940.0,2274.4,2275.24,2274.23,2275.0,168.6998
1778223000.0,2275.0,2275.54,2275.0,2275.54,127.4986
1778223060.0,2275.55,2275.55,2275.44,2275.5,103.6802
1778223120.0,2275.49,2275.5,2274.83,2274.84,133.687
1778223180.0,2274.84,2274.88,2274.43,2274.44,94.1948
1778223240.0,2274.43,2275.09,2274.42,2275.08,116.5399
1778223300.0,2275.08,2275.09,2274.18,2274.18,139.0309
1778223360.0,2274.17,2274.17,2273.01,2273.02,218.5387
1778223420.0,2273.02,2273.91,2273.02,2273.76,138.2117
1778223480.0,2273.76,2274.72,2273.75,2274.58,180.1733
1778223540.0,2274.58,2275.23,2274.57,2275.22,144.0323
1778223600.0,2275.23,2275.23,2273.54,2273.72,138.255
1778223660.0,2273.71,2273.71,2272.34,2272.88,129.6081
1778223720.0,2272.87,2273.25,2271.86,2271.86,194.9552
1778223780.0,2271.86,2272.49,2271.86,2271.86,189.9776
1778223840.0,2271.87,2272.4,2271.77,2271.93,202.5819
1778223900.0,2271.93,2271.93,2270.23,2270.23,160.7949
1778223960.0,2270.23,2270.24,2269.17,2270.07,330.3684
1778224020.0,2270.07,2270.07,2267.69,2269.53,505.0123
1778224080.0,2269.52,2269.52,2268.26,2268.8,158.5255
1778224140.0,2268.8,2270.72,2268.42,2270.72,219.3342
1778224200.0,2270.71,2270.72,2269.79,2269.83,189.6308
1778224260.0,2269.83,2270.41,2269.83,2270.41,207.1264
1778224320.0,2270.41,2271.31,2270.4,2271.3,173.8148
1778224380.0,2271.3,2271.3,2269.35,2269.35,210.9804
1778224440.0,2269.36,2270.49,2268.21,2268.51,271.0976
1778224500.0,2268.51,2269.8,2268.02,2269.8,291.6976
1778224560.0,2269.79,2271.26,2269.75,2271.03,213.681
1778224620.0,2271.03,2271.03,2270.0,2270.7,148.4986
1778224680.0,2270.7,2271.02,2270.1,2270.15,123.2171
1778224740.0,2270.15,2271.21,2270.15,2270.48,161.6915
1778224800.0,2270.48,2271.92,2270.24,2271.44,463.6012
1778224860.0,2271.44,2271.72,2271.11,2271.71,169.84
1778224920.0,2271.71,2271.71,2270.0,2270.09,270.7794
1778224980.0,2270.09,2270.09,2269.44,2269.77,149.9791
1778225040.0,2269.76,2269.77,2268.64,2268.82,289.6723
1778225100.0,2268.82,2268.83,2267.53,2267.77,227.0825
1778225160.0,2267.77,2268.0,2267.15,2267.99,286.7762
1778225220.0,2267.99,2268.65,2267.63,2268.63,206.2807
1778225280.0,2268.63,2269.48,2268.63,2269.47,154.1774
1778225340.0,2269.48,2270.73,2269.47,2270.73,210.1712
1778225400.0,2270.72,2273.25,2270.72,2273.13,741.0462
1778225460.0,2273.1,2274.09,2272.71,2274.08,330.9519
1778225520.0,2274.09,2274.66,2273.19,2273.61,530.4619
1778225580.0,2273.62,2274.43,2273.62,2274.41,455.636
1778225640.0,2274.41,2274.9,2274.06,2274.06,570.894
1778225700.0,2274.07,2275.19,2274.06,2275.18,332.6425
1778225760.0,2275.19,2275.89,2274.71,2275.49,657.6025
1778225820.0,2275.5,2277.15,2275.5,2276.95,839.2213
1778225880.0,2276.95,2277.14,2276.67,2277.13,469.074
1778225940.0,2277.14,2277.3,2276.34,2276.92,574.6487
1778226000.0,2276.93,2277.98,2276.84,2277.97,460.8486
1778226060.0,2277.98,2280.0,2277.97,2279.94,567.7934
1778226120.0,2279.95,2280.04,2279.53,2279.56,544.7895
1778226180.0,2279.57,2279.68,2278.93,2279.68,463.465
1778226240.0,2279.69,2279.74,2279.29,2279.53,700.0986
1778226300.0,2279.54,2280.42,2279.53,2280.41,413.8104
1778226360.0,2280.42,2280.42,2279.5,2279.52,558.7927
1778226420.0,2279.53,2279.93,2279.0,2279.0,655.8466
1778226480.0,2279.01,2281.35,2279.0,2281.34,399.9791
1778226540.0,2281.35,2282.1,2280.66,2281.33,502.9708
1778226600.0,2281.34,2282.69,2281.26,2281.44,477.7915
1778226660.0,2281.45,2281.48,2280.45,2281.47,302.3938
1778226720.0,2281.48,2281.48,2280.59,2281.14,399.3059
1778226780.0,2281.14,2281.34,2281.08,2281.28,357.2503
1778226840.0,2281.28,2281.96,2280.63,2281.91,538.0223
1778226900.0,2281.92,2282.69,2281.86,2282.13,411.477
1778226960.0,2282.14,2282.23,2280.37,2280.54,424.1982
1778227020.0,2280.54,2280.58,2280.42,2280.43,354.8168
1778227080.0,2280.44,2281.21,2280.43,2281.2,278.6128
1778227140.0,2281.21,2281.84,2281.14,2281.35,300.7903
1778227200.0,2281.37,2281.49,2280.91,2281.09,170.2363
1778227260.0,2281.08,2281.18,2280.45,2280.45,384.5927
1778227320.0,2280.46,2280.61,2280.45,2280.45,144.8607
1778227380.0,2280.45,2280.73,2280.15,2280.25,328.6528
1778227440.0,2280.26,2280.63,2280.25,2280.39,137.7479
1778227500.0,2280.39,2280.68,2280.38,2280.68,326.7582
1778227560.0,2280.67,2280.99,2280.3,2280.96,309.3874
1778227620.0,2280.96,2281.62,2280.26,2280.57,382.1198
1778227680.0,2280.56,2280.68,2280.39,2280.57,257.2062
1778227740.0,2280.57,2281.07,2280.46,2280.61,309.3177
1778227800.0,2280.61,2281.44,2280.54,2281.17,310.8928
1778227860.0,2281.16,2282.33,2281.16,2282.16,270.04
1778227920.0,2282.15,2283.21,2282.15,2282.74,367.6112
1778227980.0,2282.74,2282.74,2281.81,2282.13,358.8025
1778228040.0,2282.13,2282.14,2281.65,2281.72,434.357
1778228100.0,2281.71,2282.55,2281.71,2281.97,292.442
1778228160.0,2281.97,2283.05,2281.97,2282.72,353.5526
1778228220.0,2282.71,2282.72,2282.02,2282.02,281.4789
1778228280.0,2282.02,2282.02,2281.55,2281.63,366.3979
1778228340.0,2281.62,2281.85,2281.35,2281.35,399.7385
1778228400.0,2281.35,2281.75,2280.79,2281.28,426.3639
1778228460.0,2281.27,2282.0,2280.97,2281.99,284.315
1778228520.0,2281.99,2282.0,2281.07,2281.07,131.263
1778228580.0,2281.07,2281.21,2280.72,2281.2,116.1948
1778228640.0,2281.2,2281.46,2281.15,2281.16,185.674
1778228700.0,2281.15,2281.46,2280.92,2281.46,241.7492
1778228760.0,2281.45,2281.6,2281.13,2281.13,198.9109
1778228820.0,2281.13,2281.51,2281.13,2281.51,117.7343
1778228880.0,2281.5,2282.08,2281.44,2281.45,237.9168
1778228940.0,2281.46,2281.49,2281.45,2281.48,126.878
1778229000.0,2281.47,2282.05,2281.47,2282.04,195.4198
1778229060.0,2282.04,2282.53,2282.04,2282.45,125.8126
1778229120.0,2282.45,2283.03,2282.45,2282.99,187.7602
1778229180.0,2282.99,2283.06,2282.52,2282.52,204.0327
1778229240.0,2282.52,2282.52,2282.49,2282.49,94.8247
1778229300.0,2282.5,2283.36,2282.5,2283.35,159.8047
1778229360.0,2283.35,2283.75,2283.22,2283.74,160.2193
1778229420.0,2283.74,2284.14,2283.34,2284.09,295.0675
1778229480.0,2284.09,2285.64,2284.09,2285.63,503.7299
1778229540.0,2285.63,2286.51,2285.63,2286.12,512.4019
1778229600.0,2286.12,2286.13,2284.75,2284.75,290.8452
1778229660.0,2284.75,2285.39,2284.7,2285.38,455.3331
1778229720.0,2285.38,2285.77,2285.38,2285.53,354.6425
1778229780.0,2285.53,2285.53,2285.06,2285.42,344.0984
1778229840.0,2285.42,2285.75,2285.41,2285.45,365.581
1778229900.0,2285.45,2285.76,2285.19,2285.31,439.5955
1778229960.0,2285.31,2285.69,2285.16,2285.68,342.0605
1778230020.0,2285.68,2288.01,2285.68,2287.93,522.4637
1778230080.0,2287.94,2289.13,2287.57,2288.36,565.8751
1778230140.0,2288.35,2288.67,2286.56,2286.56,421.857
1778230200.0,2286.56,2287.18,2286.41,2286.41,361.8428
1778230260.0,2286.41,2286.42,2285.84,2285.84,363.1202
1778230320.0,2285.84,2285.84,2285.37,2285.57,190.7956
1778230380.0,2285.57,2286.19,2285.1,2285.41,155.0435
1778230440.0,2285.41,2285.69,2285.35,2285.66,275.7155
1778230500.0,2285.66,2285.66,2285.26,2285.26,110.7351
1778230560.0,2285.26,2285.27,2284.78,2284.85,257.0697
1778230620.0,2284.85,2284.85,2284.54,2284.55,116.8699
1778230680.0,2284.54,2284.64,2283.91,2283.91,281.0784
1778230740.0,2283.92,2284.11,2283.56,2283.56,303.5024
1778230800.0,2283.56,2283.71,2282.7,2282.7,247.5149
1778230860.0,2282.7,2282.71,2280.67,2280.73,255.7323
1778230920.0,2280.72,2281.03,2280.35,2281.03,226.3302
1778230980.0,2281.03,2281.55,2280.55,2280.62,167.9001
1778231040.0,2280.61,2281.03,2280.61,2281.02,110.7273
1778231100.0,2281.02,2281.07,2280.83,2281.06,154.8452
1778231160.0,2281.07,2281.81,2281.06,2281.81,133.0603
1778231220.0,2281.81,2283.08,2281.8,2283.07,129.4457
1778231280.0,2283.08,2283.82,2282.99,2283.81,164.8928
1778231340.0,2283.81,2286.46,2283.81,2286.45,203.3427
1778231400.0,2286.45,2286.61,2285.83,2286.6,158.8758
1778231460.0,2286.61,2287.68,2286.6,2287.68,181.9488
1778231520.0,2287.68,2288.7,2287.68,2288.45,308.6454
1778231580.0,2288.44,2288.7,2287.74,2287.99,339.5336
1778231640.0,2288.0,2289.22,2287.99,2289.2,227.9541
1778231700.0,2289.2,2289.39,2289.04,2289.14,340.3773
1778231760.0,2289.15,2289.15,2287.19,2287.42,501.8937
1778231820.0,2287.43,2287.44,2287.02,2287.03,171.9369
1778231880.0,2287.02,2287.57,2287.02,2287.47,189.1722
1778231940.0,2287.47,2288.98,2287.47,2288.85,223.9625
1778232000.0,2288.85,2289.63,2288.85,2289.63,110.3636
1778232060.0,2289.62,2290.49,2289.62,2290.4,431.2417
1778232120.0,2290.4,2290.49,2290.1,2290.11,177.4079
1778232180.0,2290.1,2290.49,2289.53,2290.48,353.4688
1778232240.0,2290.48,2290.49,2290.34,2290.34,140.6898
1778232300.0,2290.35,2290.35,2289.95,2290.03,161.4134
1778232360.0,2290.04,2291.49,2290.03,2291.05,172.9547
1778232420.0,2291.05,2292.12,2290.0,2290.0,230.808
1778232480.0,2290.01,2290.05,2290.0,2290.04,142.674
1778232540.0,2290.04,2290.04,2287.62,2287.62,224.9762
1778232600.0,2287.62,2288.27,2287.19,2287.69,235.547
1778232660.0,2287.69,2287.69,2286.95,2286.95,129.8862
1778232720.0,2286.95,2286.98,2286.29,2286.34,161.8346
1778232780.0,2286.34,2286.34,2285.98,2286.27,187.1513
1778232840.0,2286.27,2287.89,2286.0,2287.89,242.2096
1778232900.0,2287.88,2288.4,2287.88,2288.17,191.1207
1778232960.0,2288.17,2288.18,2287.09,2287.09,192.7764
1778233020.0,2287.1,2287.34,2286.42,2287.33,185.9372
1778233080.0,2287.33,2288.01,2287.33,2287.75,175.6393
1778233140.0,2287.74,2287.75,2286.56,2286.56,229.2633
1778233200.0,2286.56,2286.56,2285.76,2286.34,294.7154
1778233260.0,2286.33,2286.4,2285.84,2286.36,205.543
1778233320.0,2286.35,2286.36,2285.84,2285.84,164.9861
1778233380.0,2285.84,2285.9,2285.58,2285.7,328.9598
1778233440.0,2285.69,2285.71,2285.69,2285.7,152.7126
1778233500.0,2285.7,2285.71,2284.06,2284.35,1704.5693
1778233560.0,2284.34,2284.67,2282.99,2283.0,800.5269
1778233620.0,2282.99,2283.0,2282.45,2282.46,247.1547
1778233680.0,2282.46,2282.46,2281.78,2281.79,228.551
1778233740.0,2281.79,2283.26,2281.78,2283.04,198.0895
1778233800.0,2283.03,2283.03,2282.23,2282.24,256.2043
1778233860.0,2282.24,2283.59,2282.23,2282.88,333.2357
1778233920.0,2282.87,2283.14,2282.37,2282.72,228.3743
1778233980.0,2282.72,2283.09,2282.13,2283.08,203.793
1778234040.0,2283.09,2283.61,2283.08,2283.59,157.2056
1778234100.0,2283.58,2283.59,2283.2,2283.39,173.9963
1778234160.0,2283.39,2283.61,2282.78,2282.78,168.4194
1778234220.0,2282.78,2283.63,2282.78,2283.4,274.309
1778234280.0,2283.41,2283.41,2283.21,2283.4,159.3328
1778234340.0,2283.4,2284.77,2283.39,2284.34,219.6055
1778234400.0,2284.34,2286.19,2284.33,2285.64,224.14
1778234460.0,2285.65,2285.65,2285.32,2285.34,232.294
1778234520.0,2285.33,2287.38,2285.22,2287.37,255.1271
1778234580.0,2287.38,2287.78,2287.3,2287.47,249.9272
1778234640.0,2287.47,2287.77,2287.02,2287.58,246.8574
1778234700.0,2287.57,2287.57,2286.09,2286.1,199.893
1778234760.0,2286.1,2286.52,2286.09,2286.38,177.5822
1778234820.0,2286.39,2287.25,2285.6,2285.61,210.7116
1778234880.0,2285.6,2285.82,2284.11,2284.21,299.9276
1778234940.0,2284.2,2284.2,2281.75,2282.77,269.2975
1778235000.0,2282.78,2284.83,2282.78,2283.66,497.1602
1778235060.0,2283.66,2283.67,2282.57,2282.99,213.5784
1778235120.0,2282.99,2283.2,2282.98,2282.99,175.1854
1778235180.0,2282.99,2283.13,2282.66,2283.12,151.0626
1778235240.0,2283.12,2283.15,2282.98,2282.98,186.0016
1778235300.0,2282.99,2283.84,2282.97,2283.43,361.8227
1778235360.0,2283.42,2283.42,2282.74,2282.94,206.2893
1778235420.0,2282.95,2283.12,2282.65,2282.99,168.7576
1778235480.0,2282.99,2283.79,2282.98,2283.78,221.4608
1778235540.0,2283.78,2283.78,2283.36,2283.37,271.1741
1778235600.0,2283.37,2283.37,2281.83,2281.87,175.0259
1778235660.0,2281.87,2281.87,2281.75,2281.75,144.6138
1778235720.0,2281.75,2282.61,2281.17,2282.38,340.111
1778235780.0,2282.39,2283.93,2282.21,2283.92,180.7906
1778235840.0,2283.92,2284.04,2283.38,2283.39,218.3806
1778235900.0,2283.4,2283.58,2282.65,2282.66,390.5546
1778235960.0,2282.66,2285.13,2282.66,2284.84,262.9889
1778236020.0,2284.83,2284.84,2283.88,2283.88,173.0654
1778236080.0,2283.88,2283.89,2282.95,2283.7,207.5874
1778236140.0,2283.7,2283.71,2283.7,2283.7,132.0106
1778236200.0,2283.71,2285.64,2283.69,2285.64,199.2677
1778236260.0,2285.65,2285.96,2284.97,2285.96,262.0602
1778236320.0,2285.95,2285.95,2285.61,2285.63,185.4392
1778236380.0,2285.62,2286.63,2285.16,2286.62,184.9332
1778236440.0,2286.63,2286.82,2286.21,2286.79,190.6119
1778236500.0,2286.78,2287.05,2286.53,2287.04,174.5247
1778236560.0,2287.04,2288.05,2287.04,2288.05,197.3615
1778236620.0,2288.05,2289.78,2288.04,2289.78,230.4924
1778236680.0,2289.78,2290.0,2288.33,2288.57,626.1159
1778236740.0,2288.56,2288.63,2288.25,2288.25,212.0779
1778236800.0,2288.26,2288.52,2287.68,2288.07,293.6007
1778236860.0,2288.06,2288.13,2287.76,2288.12,264.2024
1778236920.0,2288.11,2288.39,2288.1,2288.18,186.4953
1778236980.0,2288.18,2290.24,2288.17,2289.69,351.2085
1778237040.0,2289.69,2290.2,2289.68,2290.15,332.2467
1778237100.0,2290.14,2290.96,2289.38,2289.39,282.0877
1778237160.0,2289.39,2289.94,2289.38,2289.64,225.8292
1778237220.0,2289.63,2289.63,2289.3,2289.32,210.733
1778237280.0,2289.31,2289.31,2288.25,2289.02,273.4849
1778237340.0,2289.01,2289.02,2288.27,2288.96,195.5174
1778237400.0,2288.95,2290.34,2288.95,2290.06,348.3646
1778237460.0,2290.07,2290.33,2289.91,2290.02,261.8031
1778237520.0,2290.02,2290.52,2290.01,2290.09,295.3164
1778237580.0,2290.08,2290.29,2289.73,2289.73,691.1918
1778237640.0,2289.73,2290.17,2288.98,2289.48,407.7435
1778237700.0,2289.47,2289.69,2287.07,2287.79,489.3742
1778237760.0,2287.79,2288.81,2287.75,2288.8,343.533
1778237820.0,2288.8,2289.91,2288.17,2288.5,309.6976
1778237880.0,2288.49,2288.5,2287.89,2287.89,189.177
1778237940.0,2287.9,2288.05,2287.24,2287.94,273.6371
1778238000.0,2287.95,2292.31,2287.95,2291.63,580.56
1778238060.0,2291.62,2292.5,2290.79,2290.79,345.4276
1778238120.0,2290.79,2290.79,2289.0,2290.03,299.283
1778238180.0,2290.02,2290.74,2289.67,2290.74,365.575
1778238240.0,2290.75,2291.6,2290.74,2291.12,247.071
1778238300.0,2291.12,2291.95,2290.68,2291.63,637.4928
1778238360.0,2291.63,2291.64,2290.83,2291.29,150.531
1778238420.0,2291.29,2292.25,2291.09,2291.09,256.1132
1778238480.0,2291.1,2291.71,2290.31,2290.32,503.2515
1778238540.0,2290.31,2290.98,2289.63,2289.98,433.0261
1778238600.0,2289.98,2290.19,2288.87,2289.17,818.8442
1778238660.0,2289.16,2289.38,2289.08,2289.08,214.8363
1778238720.0,2289.08,2290.35,2289.08,2290.35,225.3933
1778238780.0,2290.34,2291.24,2290.34,2290.76,954.7693
1778238840.0,2290.75,2290.81,2290.4,2290.81,391.6588
1778238900.0,2290.8,2291.04,2290.13,2290.13,474.8459
1778238960.0,2290.14,2291.19,2290.13,2290.89,498.8649
1778239020.0,2290.9,2290.9,2290.45,2290.51,135.0225
1778239080.0,2290.51,2291.67,2290.51,2291.67,140.3514
1778239140.0,2291.67,2292.07,2291.66,2292.07,256.9364
1778239200.0,2292.07,2294.37,2292.06,2292.58,874.891
1778239260.0,2292.58,2293.41,2292.22,2293.25,242.9858
1778239320.0,2293.24,2293.25,2292.6,2292.62,207.7383
1778239380.0,2292.63,2292.63,2290.86,2291.96,197.4767
1778239440.0,2291.95,2293.11,2291.51,2293.11,280.3954
1778239500.0,2293.1,2293.98,2293.1,2293.11,207.8524
1778239560.0,2293.11,2294.4,2293.11,2293.99,271.3044
1778239620.0,2293.98,2294.52,2293.93,2293.96,235.3877
1778239680.0,2293.96,2293.96,2293.28,2293.31,292.9146
1778239740.0,2293.3,2293.67,2292.91,2292.91,204.1231
1778239800.0,2292.92,2293.66,2292.9,2292.91,222.5873
1778239860.0,2292.91,2292.91,2291.31,2291.97,201.9986
1778239920.0,2291.97,2292.84,2291.96,2292.84,248.0317
1778239980.0,2292.84,2292.98,2292.3,2292.84,239.0462
1778240040.0,2292.88,2292.89,2292.63,2292.72,210.639
1778240100.0,2292.71,2294.18,2292.71,2294.17,207.8107
1778240160.0,2294.17,2294.18,2293.59,2293.7,147.6164
1778240220.0,2293.7,2293.71,2293.17,2293.17,99.9445
1778240280.0,2293.17,2293.19,2291.6,2291.61,133.0402
1778240340.0,2291.6,2291.71,2290.94,2291.7,117.2121
1778240400.0,2291.71,2292.07,2291.3,2291.31,207.2727
1778240460.0,2291.3,2291.31,2290.01,2290.01,143.9598
1778240520.0,2290.01,2290.42,2289.9,2290.42,273.6437
1778240580.0,2290.42,2290.65,2290.41,2290.65,175.906
1778240640.0,2290.64,2290.65,2290.03,2290.49,259.5844
1778240700.0,2290.49,2291.34,2290.49,2291.34,195.4454
1778240760.0,2291.33,2292.48,2291.33,2292.48,183.4322
1778240820.0,2292.49,2293.14,2292.17,2292.17,260.0155
1778240880.0,2292.18,2292.35,2291.8,2292.35,239.9105
1778240940.0,2292.35,2292.74,2292.17,2292.73,250.1219
1778241000.0,2292.74,2295.34,2292.73,2295.17,265.5149
1778241060.0,2295.17,2295.66,2295.17,2295.31,187.6524
1778241120.0,2295.32,2295.32,2293.96,2294.38,315.786
1778241180.0,2294.37,2295.01,2293.96,2295.01,233.1716
1778241240.0,2295.0,2295.07,2294.57,2295.06,226.1862
1778241300.0,2295.06,2295.07,2294.03,2294.41,229.9364
1778241360.0,2294.4,2295.01,2294.4,2294.8,177.603
1778241420.0,2294.79,2295.28,2294.79,2295.28,113.4986
1778241480.0,2295.28,2298.01,2295.19,2296.09,864.3977
1778241540.0,2296.09,2296.1,2295.38,2295.38,185.6092
1778241600.0,2295.38,2297.08,2295.38,2295.65,314.7683
1778241660.0,2295.65,2295.73,2294.68,2295.73,215.5007
1778241720.0,2295.72,2297.12,2295.72,2296.72,299.8294
1778241780.0,2296.72,2296.72,2295.43,2295.43,169.6242
1778241840.0,2295.43,2295.44,2293.36,2293.37,165.5467
1778241900.0,2293.36,2294.01,2292.74,2293.44,144.5333
1778241960.0,2293.43,2294.56,2293.43,2293.86,246.3566
1778242020.0,2293.87,2293.89,2293.45,2293.47,128.7321
1778242080.0,2293.47,2294.06,2292.82,2293.01,135.8543
1778242140.0,2293.01,2293.39,2292.87,2292.87,124.6797
1778242200.0,2292.88,2293.13,2290.57,2291.28,290.9042
1778242260.0,2291.29,2291.82,2291.28,2291.64,112.1353
1778242320.0,2291.64,2292.55,2291.62,2292.55,125.3001
1778242380.0,2292.54,2292.98,2292.34,2292.98,110.4796
1778242440.0,2292.98,2293.41,2292.54,2293.41,146.8387
1778242500.0,2293.41,2294.15,2292.75,2292.75,138.4592
1778242560.0,2292.76,2293.76,2292.75,2293.46,271.3498
1778242620.0,2293.46,2293.47,2293.12,2293.4,189.7978
1778242680.0,2293.39,2293.39,2292.42,2292.88,488.7928
1778242740.0,2292.89,2292.89,2292.32,2292.5,161.2575
1778242800.0,2292.49,2292.5,2291.14,2291.15,135.9893
1778242860.0,2291.15,2291.65,2290.64,2291.45,156.4618
1778242920.0,2291.44,2291.44,2291.32,2291.37,86.5686
1778242980.0,2291.38,2291.39,2290.61,2290.61,156.3589
1778243040.0,2290.61,2291.02,2290.47,2290.72,140.2877
1778243100.0,2290.71,2290.71,2289.67,2289.67,124.3231
1778243160.0,2289.67,2289.79,2289.24,2289.78,174.9371
1778243220.0,2289.78,2290.16,2289.78,2290.16,159.2634
1778243280.0,2290.16,2291.03,2290.15,2291.03,384.08
1778243340.0,2291.03,2293.2,2291.03,2293.2,480.8879
1778243400.0,2293.2,2302.0,2290.62,2290.65,3005.2474
1778243460.0,2290.65,2293.0,2289.54,2289.69,353.5179
1778243520.0,2289.69,2291.79,2289.69,2291.79,270.57
1778243580.0,2291.79,2292.87,2291.62,2292.14,259.8771
1778243640.0,2292.14,2292.69,2291.05,2292.69,332.69
1778243700.0,2292.69,2293.43,2292.0,2292.01,158.391
1778243760.0,2292.0,2293.3,2292.0,2293.29,139.0449
1778243820.0,2293.29,2293.8,2291.0,2291.09,282.6946
1778243880.0,2291.1,2291.4,2290.58,2291.32,145.0983
1778243940.0,2291.31,2291.31,2290.15,2291.27,128.1246
1778244000.0,2291.26,2291.41,2290.48,2291.18,177.4911
1778244060.0,2291.17,2291.32,2290.27,2291.02,419.963
1778244120.0,2291.01,2292.14,2290.31,2292.13,212.7172
1778244180.0,2292.14,2292.31,2291.27,2292.3,121.708
1778244240.0,2292.31,2292.32,2291.21,2291.24,193.8435
1778244300.0,2291.23,2291.24,2289.0,2289.45,204.8162
1778244360.0,2289.45,2290.53,2289.17,2290.52,152.9552
1778244420.0,2290.53,2291.0,2289.76,2289.94,190.5093
1778244480.0,2289.94,2289.94,2289.08,2289.21,442.1612
1778244540.0,2289.21,2289.36,2286.79,2286.79,431.1129
1778244600.0,2286.8,2287.09,2283.98,2285.09,626.5245
1778244660.0,2285.09,2285.82,2284.35,2285.81,195.1893
1778244720.0,2285.81,2285.87,2284.74,2285.27,255.7053
1778244780.0,2285.26,2287.37,2285.23,2286.88,199.2574
1778244840.0,2286.89,2287.64,2286.22,2287.64,289.8381
1778244900.0,2287.64,2287.91,2287.36,2287.9,230.1517
1778244960.0,2287.9,2289.02,2287.9,2288.17,230.8619
1778245020.0,2288.18,2288.31,2288.17,2288.3,110.722
1778245080.0,2288.3,2288.31,2284.67,2284.89,215.7787
1778245140.0,2284.9,2284.9,2282.46,2284.53,478.5804
1778245200.0,2284.53,2285.6,2283.83,2285.48,205.9261
1778245260.0,2285.47,2286.11,2284.84,2286.11,176.1104
1778245320.0,2286.1,2287.0,2285.04,2285.04,225.9282
1778245380.0,2285.04,2286.61,2284.89,2286.33,133.8095
1778245440.0,2286.33,2286.34,2284.01,2284.67,353.5307
1778245500.0,2284.66,2286.0,2283.0,2283.01,139.4667
1778245560.0,2283.01,2283.01,2279.57,2280.77,756.8032
1778245620.0,2280.77,2283.23,2279.76,2281.54,761.0898
1778245680.0,2281.55,2282.22,2281.07,2281.08,233.1844
1778245740.0,2281.07,2281.6,2280.54,2281.6,224.4832
1778245800.0,2281.59,2282.34,2281.06,2281.74,186.1096
1778245860.0,2281.74,2282.29,2281.23,2282.11,305.6869
1778245920.0,2282.11,2282.53,2279.54,2279.55,425.8516
1778245980.0,2279.54,2279.63,2278.65,2279.03,484.1658
1778246040.0,2279.02,2279.81,2275.05,2276.12,1444.1495
1778246100.0,2276.12,2278.3,2275.68,2277.95,614.4937
1778246160.0,2277.96,2279.42,2277.8,2279.17,220.4463
1778246220.0,2279.17,2279.77,2279.0,2279.46,368.0231
1778246280.0,2279.47,2279.77,2278.08,2278.08,397.7362
1778246340.0,2278.09,2279.2,2277.92,2278.72,437.8153
1778246400.0,2278.74,2279.77,2278.74,2279.64,407.2014
1778246460.0,2279.63,2279.66,2278.72,2279.23,524.6205
1778246520.0,2279.23,2279.42,2277.72,2278.73,451.0308
1778246580.0,2278.73,2279.5,2278.51,2278.64,424.8722
1778246640.0,2278.63,2278.8,2278.52,2278.56,487.7915
1778246700.0,2278.56,2279.26,2278.01,2279.01,589.3067
1778246760.0,2279.01,2279.01,2276.0,2276.0,485.7444
1778246820.0,2276.0,2276.88,2275.22,2276.08,508.4435
1778246880.0,2276.07,2276.07,2273.22,2273.9,880.1485
1778246940.0,2273.9,2274.21,2273.12,2273.85,438.5128
1778247000.0,2273.86,2274.97,2272.8,2272.93,905.9688
1778247060.0,2272.93,2274.03,2272.35,2274.03,645.3712
1778247120.0,2274.03,2275.79,2274.03,2274.47,618.3602
1778247180.0,2274.47,2276.0,2274.09,2275.99,561.197
1778247240.0,2276.0,2278.41,2275.04,2278.08,695.0415
1778247300.0,2278.08,2278.32,2276.41,2277.17,499.438
1778247360.0,2277.16,2278.65,2276.93,2278.31,586.2928
1778247420.0,2278.31,2279.09,2276.1,2276.1,734.4812
1778247480.0,2276.1,2276.7,2274.91,2276.4,742.284
1778247540.0,2276.39,2276.39,2271.85,2271.92,663.287
1778247600.0,2271.93,2272.84,2269.96,2272.67,711.4762
1778247660.0,2272.67,2273.05,2270.74,2270.92,373.4187
1778247720.0,2270.92,2272.46,2270.74,2271.4,371.2648
1778247780.0,2271.39,2272.89,2271.39,2272.62,525.421
1778247840.0,2272.63,2273.42,2271.93,2272.01,404.5062
1778247900.0,2272.02,2274.4,2271.99,2272.44,405.3705
1778247960.0,2272.43,2272.96,2271.29,2271.99,325.2943
1778248020.0,2271.99,2273.25,2271.6,2273.14,304.4313
1778248080.0,2273.14,2276.03,2272.89,2275.49,371.6802
1778248140.0,2275.49,2276.97,2274.49,2275.24,365.9333
1778248200.0,2275.24,2276.5,2275.05,2275.45,298.446
1778248260.0,2275.45,2276.33,2274.57,2275.58,296.1775
1778248320.0,2275.58,2277.38,2274.99,2276.86,380.2706
1778248380.0,2276.86,2277.53,2276.33,2276.63,258.8799
1778248440.0,2276.63,2276.63,2274.69,2275.66,598.4201
1778248500.0,2275.65,2276.0,2274.39,2275.28,485.3891
1778248560.0,2275.29,2275.87,2274.6,2275.19,530.6759
1778248620.0,2275.19,2276.0,2275.18,2275.68,497.7305
1778248680.0,2275.68,2275.68,2275.24,2275.51,484.2613
1778248740.0,2275.52,2276.96,2275.17,2276.46,535.549
1778248800.0,2276.46,2278.87,2275.0,2275.14,767.5726
1778248860.0,2275.13,2276.98,2275.08,2276.85,433.9396
1778248920.0,2276.85,2278.83,2276.62,2278.82,393.9696
1778248980.0,2278.82,2280.17,2278.47,2279.48,595.1712
1778249040.0,2279.48,2280.98,2278.67,2280.86,457.6537
1778249100.0,2280.85,2285.48,2279.91,2284.71,1228.3069
1778249160.0,2284.71,2285.06,2281.83,2282.5,508.8109
1778249220.0,2282.5,2282.89,2280.39,2281.9,533.7369
1778249280.0,2281.91,2282.22,2280.73,2281.87,413.9797
1778249340.0,2281.86,2281.86,2280.21,2281.19,463.7279
1778249400.0,2281.2,2282.82,2280.56,2280.91,910.5369
1778249460.0,2280.92,2281.06,2278.83,2280.36,411.5046
1778249520.0,2280.37,2281.49,2279.72,2280.7,321.9059
1778249580.0,2280.7,2281.1,2279.69,2280.82,375.4468
1778249640.0,2280.82,2281.36,2280.41,2281.24,378.7537
1778249700.0,2281.25,2282.07,2280.1,2282.06,474.5824
1778249760.0,2282.06,2284.97,2282.05,2284.21,521.5651
1778249820.0,2284.21,2284.52,2283.27,2283.49,520.9035
1778249880.0,2283.5,2292.66,2283.45,2289.26,1283.5366
1778249940.0,2289.27,2290.54,2286.79,2290.15,719.5057
1778250000.0,2290.15,2291.66,2288.96,2290.25,581.8217
1778250060.0,2290.25,2291.12,2289.43,2289.95,488.845
1778250120.0,2289.95,2290.52,2287.13,2287.14,421.1687
1778250180.0,2287.14,2287.72,2285.64,2286.71,603.378
1778250240.0,2286.71,2288.74,2286.7,2288.74,385.9919
1778250300.0,2288.74,2289.02,2287.74,2289.0,396.5162
1778250360.0,2289.0,2289.0,2286.61,2286.61,433.1324
1778250420.0,2286.62,2286.84,2285.56,2285.64,473.8089
1778250480.0,2285.63,2285.63,2283.38,2284.19,450.3512
1778250540.0,2284.2,2284.2,2281.48,2281.48,638.9646
1778250600.0,2281.49,2281.64,2274.41,2274.41,1117.9886
1778250660.0,2274.41,2279.53,2273.32,2279.37,770.5407
1778250720.0,2279.37,2279.96,2277.54,2277.61,392.9257
1778250780.0,2277.61,2280.24,2277.46,2279.91,565.3247
1778250840.0,2279.92,2284.13,2279.83,2283.4,665.9195
1778250900.0,2283.4,2283.4,2281.0,2281.27,314.5733
1778250960.0,2281.27,2284.0,2280.1,2284.0,278.1277
1778251020.0,2284.0,2285.54,2284.0,2285.18,443.1141
1778251080.0,2285.18,2288.3,2284.83,2287.54,398.4187
1778251140.0,2287.55,2288.99,2286.63,2288.4,269.9324
1778251200.0,2288.4,2288.41,2286.48,2286.67,152.9379
1778251260.0,2286.66,2287.12,2285.9,2286.55,199.2748
1778251320.0,2286.56,2287.8,2286.43,2286.62,153.9722
1778251380.0,2286.62,2287.66,2286.47,2287.62,158.7892
1778251440.0,2287.62,2288.35,2287.61,2287.9,164.4932
1778251500.0,2287.9,2288.17,2286.4,2286.41,162.2254
1778251560.0,2286.41,2287.73,2286.35,2287.72,149.5921
1778251620.0,2287.73,2289.99,2287.73,2289.98,290.184
1778251680.0,2289.99,2289.99,2287.19,2287.31,197.8361
1778251740.0,2287.31,2287.88,2285.88,2286.43,186.4929
1778251800.0,2286.44,2287.62,2285.82,2287.4,180.1067
1778251860.0,2287.4,2287.49,2285.98,2285.98,160.3131
1778251920.0,2285.99,2285.99,2284.22,2284.22,136.4042
1778251980.0,2284.23,2285.87,2283.9,2285.73,230.7282
1778252040.0,2285.73,2286.88,2285.73,2286.88,151.7273
1778252100.0,2286.88,2286.88,2286.0,2286.41,509.5533
1778252160.0,2286.4,2286.4,2284.49,2284.66,116.3458
1778252220.0,2284.66,2284.96,2282.97,2284.15,292.5945
1778252280.0,2284.16,2284.8,2283.83,2284.43,141.4623
1778252340.0,2284.43,2285.73,2284.43,2285.72,99.1163
1778252400.0,2285.72,2287.2,2285.44,2286.82,335.0305
1778252460.0,2286.82,2287.34,2286.11,2287.34,100.0062
1778252520.0,2287.34,2288.02,2285.0,2285.0,133.7673
1778252580.0,2285.0,2285.47,2282.08,2283.24,216.5236
1778252640.0,2283.23,2283.57,2282.4,2282.48,174.13
1778252700.0,2282.49,2283.13,2281.5,2281.71,252.738
1778252760.0,2281.71,2284.14,2281.71,2284.14,247.9558
1778252820.0,2284.14,2285.5,2283.92,2283.92,165.5484
1778252880.0,2283.93,2283.93,2281.34,2281.34,185.4002
1778252940.0,2281.35,2282.05,2280.04,2281.33,219.9569
1778253000.0,2281.33,2282.27,2281.0,2282.27,151.8045
1778253060.0,2282.28,2283.99,2282.28,2283.2,110.7265
1778253120.0,2283.19,2283.19,2280.07,2281.41,480.8209
1778253180.0,2281.4,2281.43,2280.0,2281.42,143.4913
1778253240.0,2281.43,2281.64,2280.4,2281.28,162.1205
1778253300.0,2281.28,2281.28,2278.32,2278.75,245.5474
1778253360.0,2278.75,2280.7,2278.15,2280.7,423.7777
1778253420.0,2280.69,2280.69,2279.75,2280.57,322.1869
1778253480.0,2280.56,2280.82,2278.13,2278.86,207.5247
1778253540.0,2278.87,2280.49,2278.87,2280.22,304.5225
1778253600.0,2280.22,2280.39,2279.41,2279.67,195.0955
1778253660.0,2279.67,2281.1,2278.77,2281.1,269.6251
1778253720.0,2281.1,2282.38,2280.7,2280.96,205.4251
1778253780.0,2280.96,2280.96,2276.78,2276.78,300.7982
1778253840.0,2276.78,2277.1,2275.42,2275.89,503.8928
1778253900.0,2275.89,2276.48,2275.11,2276.02,278.1788
1778253960.0,2276.02,2276.8,2275.11,2275.4,158.4608
1778254020.0,2275.4,2276.71,2275.3,2276.45,350.2757
1778254080.0,2276.45,2276.92,2275.0,2275.92,563.7473
1778254140.0,2275.93,2277.72,2275.56,2277.72,155.7409
1778254200.0,2277.72,2279.11,2275.53,2276.05,295.6437
1778254260.0,2276.06,2278.69,2274.94,2278.68,248.6354
1778254320.0,2278.68,2280.96,2278.53,2280.5,195.1073
1778254380.0,2280.5,2280.5,2279.42,2279.92,158.6735
1778254440.0,2279.92,2282.24,2279.92,2282.24,229.8363
1778254500.0,2282.24,2282.57,2281.07,2281.45,124.7845
1778254560.0,2281.46,2282.45,2281.46,2282.37,100.2719
1778254620.0,2282.38,2282.38,2281.15,2281.16,86.3784
1778254680.0,2281.15,2282.24,2281.15,2281.9,129.4585
1778254740.0,2281.91,2283.31,2281.87,2283.09,167.5164
1778254800.0,2283.1,2285.03,2282.5,2285.02,216.6712
1778254860.0,2285.03,2286.06,2285.03,2285.95,201.5562
1778254920.0,2285.95,2287.0,2285.17,2286.02,271.1136
1778254980.0,2286.02,2286.75,2283.25,2284.49,384.0093
1778255040.0,2284.49,2285.82,2284.04,2285.14,175.6176
1778255100.0,2285.15,2285.66,2284.83,2285.59,205.7909
1778255160.0,2285.59,2285.59,2284.57,2285.46,123.1137
1778255220.0,2285.45,2288.18,2285.39,2288.0,207.0637
1778255280.0,2288.0,2290.24,2287.7,2290.24,339.4355
1778255340.0,2290.24,2290.51,2287.99,2287.99,261.8073
1778255400.0,2288.0,2289.46,2287.99,2288.61,144.0329
1778255460.0,2288.61,2289.86,2288.61,2289.4,147.1744
1778255520.0,2289.41,2289.78,2287.71,2288.62,191.0329
1778255580.0,2288.62,2289.84,2288.62,2289.33,194.576
1778255640.0,2289.34,2292.34,2289.2,2291.74,721.2255
1778255700.0,2291.75,2294.14,2291.75,2293.04,560.5403
1778255760.0,2293.05,2293.95,2292.91,2293.43,213.5394
1778255820.0,2293.43,2294.44,2291.93,2292.03,289.9475
1778255880.0,2292.02,2292.33,2291.34,2291.35,239.6559
1778255940.0,2291.34,2293.2,2291.31,2293.2,268.3673
1778256000.0,2293.2,2294.37,2293.2,2293.98,317.5046
1778256060.0,2293.99,2293.99,2291.46,2291.84,330.0571
1778256120.0,2291.84,2292.09,2289.24,2290.42,358.0898
1778256180.0,2290.41,2290.42,2288.67,2289.44,299.6693
1778256240.0,2289.45,2290.0,2288.86,2290.0,217.8277
1778256300.0,2290.0,2293.48,2289.99,2292.08,422.4619
1778256360.0,2292.09,2292.69,2291.41,2292.53,138.7229
1778256420.0,2292.54,2292.86,2290.42,2291.03,178.0158
1778256480.0,2291.03,2291.04,2289.56,2290.37,269.2442
1778256540.0,2290.38,2290.53,2289.94,2290.38,236.0924
1778256600.0,2290.38,2291.74,2290.24,2290.24,157.4094
1778256660.0,2290.23,2291.4,2289.57,2291.24,142.3694
1778256720.0,2291.24,2291.6,2290.68,2291.13,237.3936
1778256780.0,2291.13,2291.26,2290.46,2290.54,232.9315
1778256840.0,2290.54,2290.98,2290.05,2290.38,229.6441
1778256900.0,2290.38,2290.97,2290.31,2290.97,163.7769
1778256960.0,2290.97,2290.98,2289.33,2289.86,282.6706
1778257020.0,2289.86,2292.3,2289.85,2292.28,239.2301
1778257080.0,2292.29,2292.29,2290.96,2291.0,112.2299
1778257140.0,2291.0,2291.01,2290.24,2290.24,106.9917
1778257200.0,2290.23,2290.96,2289.15,2289.3,190.3496
1778257260.0,2289.29,2289.3,2288.49,2289.1,237.0758
1778257320.0,2289.1,2290.53,2289.09,2289.94,233.9965
1778257380.0,2289.95,2289.95,2288.91,2289.45,240.3111
1778257440.0,2289.45,2290.87,2289.44,2290.8,182.1652
1778257500.0,2290.81,2293.11,2290.81,2291.0,244.0877
1778257560.0,2291.01,2292.29,2291.0,2291.91,274.7585
1778257620.0,2291.9,2291.91,2290.82,2290.82,104.5597
1778257680.0,2290.83,2290.83,2290.0,2290.01,171.7334
1778257740.0,2290.0,2290.88,2290.0,2290.01,204.5999
1778257800.0,2290.01,2290.41,2287.78,2288.08,622.6626
1778257860.0,2288.08,2288.88,2286.91,2287.1,262.553
1778257920.0,2287.11,2287.68,2286.42,2287.62,177.7856
1778257980.0,2287.63,2288.43,2287.62,2287.7,126.0729
1778258040.0,2287.7,2288.78,2287.7,2288.78,146.939
1778258100.0,2288.77,2288.77,2287.76,2288.03,204.4369
1778258160.0,2288.04,2289.84,2288.03,2289.17,218.6196
1778258220.0,2289.18,2289.97,2288.59,2288.59,143.9332
1778258280.0,2288.6,2288.6,2287.3,2287.45,146.2508
1778258340.0,2287.45,2288.16,2287.33,2288.16,375.1579
1778258400.0,2288.15,2288.3,2287.02,2287.02,123.6832
1778258460.0,2287.02,2287.78,2286.84,2287.67,218.4428
1778258520.0,2287.67,2290.01,2287.67,2290.01,217.4528
1778258580.0,2290.01,2291.99,2290.01,2291.05,493.9045
1778258640.0,2291.06,2291.68,2290.38,2291.67,197.4947
1778258700.0,2291.67,2292.67,2291.31,2291.84,384.9945
1778258760.0,2291.84,2291.85,2290.86,2290.86,183.5913
1778258820.0,2290.86,2291.28,2290.23,2290.47,140.88
1778258880.0,2290.47,2291.12,2290.35,2290.89,164.3891
1778258940.0,2290.89,2291.0,2290.0,2290.17,205.8354
1778259000.0,2290.17,2290.17,2289.79,2290.05,113.5794
1778259060.0,2290.04,2290.81,2289.85,2290.49,268.2697
1778259120.0,2290.5,2291.01,2290.23,2291.01,232.9506
1778259180.0,2291.01,2292.43,2291.0,2292.42,152.6749
1778259240.0,2292.42,2292.67,2289.84,2289.85,178.3793
1778259300.0,2289.85,2290.21,2289.3,2289.62,266.3408
1778259360.0,2289.63,2290.0,2289.37,2289.37,227.3753
1778259420.0,2289.38,2290.61,2289.38,2290.01,181.808
1778259480.0,2290.01,2290.17,2289.76,2289.76,139.3156
1778259540.0,2289.76,2290.42,2289.47,2289.93,182.2531
1778259600.0,2289.93,2291.18,2289.39,2291.1,165.8062
1778259660.0,2291.1,2293.45,2291.09,2291.69,196.8338
1778259720.0,2291.7,2293.7,2291.7,2292.44,218.0608
1778259780.0,2292.45,2293.53,2292.44,2292.9,136.7011
1778259840.0,2292.91,2295.81,2292.9,2295.42,384.5038
1778259900.0,2295.42,2298.23,2295.26,2297.66,993.4877
1778259960.0,2297.66,2298.22,2296.67,2298.03,253.1288
1778260020.0,2298.03,2298.04,2295.28,2295.28,406.6207
1778260080.0,2295.29,2295.29,2294.0,2294.09,138.3718
1778260140.0,2294.09,2294.72,2294.0,2294.34,207.2184
1778260200.0,2294.35,2294.57,2292.98,2292.98,244.5426
1778260260.0,2292.98,2293.71,2292.3,2293.7,161.7324
1778260320.0,2293.7,2294.88,2293.7,2294.68,121.5503
1778260380.0,2294.68,2295.53,2294.68,2294.99,97.084
1778260440.0,2294.99,2296.0,2294.87,2295.85,350.8754
1778260500.0,2295.86,2296.73,2295.79,2296.35,597.7052
1778260560.0,2296.34,2297.0,2295.7,2296.67,497.7554
1778260620.0,2296.68,2298.72,2296.68,2297.43,358.8906
1778260680.0,2297.44,2298.47,2297.38,2298.46,121.7052
1778260740.0,2298.47,2300.22,2298.47,2300.16,627.5155
1778260800.0,2300.16,2300.43,2298.93,2299.02,204.5914
1778260860.0,2299.02,2299.02,2298.15,2298.66,315.4311
1778260920.0,2298.67,2299.5,2298.66,2299.01,261.2269
1778260980.0,2299.02,2299.13,2297.63,2297.75,158.6389
1778261040.0,2297.76,2298.12,2297.76,2297.84,226.3449
1778261100.0,2297.84,2298.95,2297.26,2298.67,184.6107
1778261160.0,2298.67,2300.05,2298.67,2299.19,259.5195
1778261220.0,2299.2,2302.47,2299.2,2299.48,928.6695
1778261280.0,2299.49,2301.23,2299.38,2300.36,392.1776
1778261340.0,2300.37,2301.62,2300.36,2301.62,130.8856
1778261400.0,2301.62,2308.67,2301.62,2307.48,1611.633
1778261460.0,2307.49,2311.49,2307.38,2309.37,959.8011
1778261520.0,2309.37,2310.36,2307.84,2309.41,518.3635
1778261580.0,2309.42,2312.27,2309.42,2309.53,685.4692
1778261640.0,2309.54,2312.74,2308.36,2312.74,342.5029
1778261700.0,2312.74,2313.86,2311.77,2313.71,678.0355
1778261760.0,2313.71,2315.0,2311.16,2311.17,834.4531
1778261820.0,2311.17,2311.65,2308.19,2308.84,584.4684
1778261880.0,2308.84,2309.37,2307.0,2307.96,710.6423
1778261940.0,2307.97,2309.93,2307.97,2309.84,309.7738
1778262000.0,2309.84,2311.13,2309.46,2309.98,366.5069
1778262060.0,2309.98,2310.24,2308.01,2308.42,284.0821
1778262120.0,2308.43,2308.81,2308.0,2308.0,158.3478
1778262180.0,2308.01,2308.56,2307.34,2308.55,172.6618
1778262240.0,2308.55,2310.0,2308.39,2309.99,104.0361
1778262300.0,2310.0,2313.05,2310.0,2310.9,682.6694
1778262360.0,2310.91,2313.04,2310.91,2313.01,251.506
1778262420.0,2313.01,2315.03,2313.01,2313.08,568.4634
1778262480.0,2313.08,2313.91,2312.0,2313.89,252.2703
1778262540.0,2313.89,2315.63,2313.82,2315.63,290.1429
1778262600.0,2315.62,2315.62,2312.67,2312.67,316.7606
1778262660.0,2312.68,2312.99,2311.44,2312.8,250.5383
1778262720.0,2312.79,2313.55,2311.85,2313.4,212.7541
1778262780.0,2313.41,2313.41,2312.08,2313.09,152.0849
1778262840.0,2313.1,2313.1,2312.76,2312.81,119.0971
1778262900.0,2312.81,2313.54,2312.03,2312.03,181.9317
1778262960.0,2312.03,2312.03,2310.15,2310.15,168.8577
1778263020.0,2310.16,2310.24,2308.4,2308.65,499.3961
1778263080.0,2308.65,2308.66,2303.89,2303.9,1009.2403
1778263140.0,2303.9,2304.86,2300.7,2304.86,979.8975
1778263200.0,2304.87,2313.05,2304.87,2307.81,1559.581
1778263260.0,2307.82,2310.28,2306.77,2309.99,776.6955
1778263320.0,2309.98,2310.41,2308.94,2310.41,227.4919
1778263380.0,2310.41,2311.13,2309.79,2310.99,371.2235
1778263440.0,2311.0,2311.65,2310.44,2311.64,225.229
1778263500.0,2311.65,2312.07,2310.14,2311.17,156.7966
1778263560.0,2311.17,2311.95,2310.75,2310.75,148.2246
1778263620.0,2310.76,2310.9,2309.8,2310.15,280.528
1778263680.0,2310.16,2311.15,2310.16,2310.6,210.2651
1778263740.0,2310.6,2311.08,2310.07,2310.9,210.7876
1778263800.0,2310.91,2312.07,2310.9,2311.79,433.4608
1778263860.0,2311.8,2312.24,2311.14,2312.03,280.8668
1778263920.0,2312.04,2312.82,2311.22,2312.12,286.1999
1778263980.0,2312.12,2312.8,2311.79,2312.13,385.6248
1778264040.0,2312.12,2312.8,2312.12,2312.44,138.2928
1778264100.0,2312.45,2312.96,2311.96,2311.96,295.9954
1778264160.0,2311.96,2312.37,2309.83,2311.4,472.131
1778264220.0,2311.41,2316.99,2311.41,2316.4,1299.5445
1778264280.0,2316.41,2317.27,2315.05,2315.58,481.0829
1778264340.0,2315.58,2317.68,2315.58,2316.61,426.9951
1778264400.0,2316.61,2317.56,2316.11,2316.92,275.1257
1778264460.0,2316.93,2319.05,2316.93,2317.49,337.9288
1778264520.0,2317.49,2318.46,2317.08,2318.17,282.1
1778264580.0,2318.18,2318.32,2316.31,2317.99,192.9049
1778264640.0,2318.0,2319.57,2318.0,2318.81,445.2703
1778264700.0,2318.81,2320.53,2318.65,2320.24,846.1964
1778264760.0,2320.24,2320.35,2319.85,2320.35,289.28
1778264820.0,2320.34,2320.34,2319.15,2319.16,203.5968
1778264880.0,2319.16,2319.87,2317.57,2317.57,214.1078
1778264940.0,2317.58,2319.05,2317.57,2318.49,201.9607
1778265000.0,2318.49,2318.9,2317.83,2318.9,242.2777
1778265060.0,2318.89,2318.98,2317.4,2317.97,201.4212
1778265120.0,2317.97,2320.34,2317.97,2319.98,288.6667
1778265180.0,2319.99,2321.22,2319.98,2321.22,729.6017
1778265240.0,2321.22,2321.22,2318.87,2318.91,226.6337
1778265300.0,2318.91,2320.55,2318.21,2320.29,211.3265
1778265360.0,2320.29,2320.3,2318.43,2318.43,126.1276
1778265420.0,2318.43,2318.66,2315.88,2316.02,323.6257
1778265480.0,2316.02,2316.5,2315.59,2315.98,390.7461
1778265540.0,2315.98,2317.49,2315.98,2317.49,245.075
1778265600.0,2317.5,2317.5,2315.99,2315.99,151.8251
1778265660.0,2316.0,2316.89,2315.67,2315.68,341.9473
1778265720.0,2315.68,2319.55,2315.67,2318.97,430.0303
1778265780.0,2318.96,2320.44,2318.77,2319.55,516.2138
1778265840.0,2319.56,2319.77,2318.35,2318.35,291.1722
1778265900.0,2318.34,2319.36,2318.18,2319.15,125.8797
1778265960.0,2319.16,2319.76,2319.15,2319.75,238.823
1778266020.0,2319.76,2319.82,2317.71,2317.71,131.2008
1778266080.0,2317.71,2317.71,2317.08,2317.62,172.6899
1778266140.0,2317.62,2318.75,2317.62,2318.75,146.3897
1778266200.0,2318.76,2321.0,2318.76,2320.99,220.2716
1778266260.0,2320.98,2321.04,2320.0,2320.0,208.9537
1778266320.0,2319.99,2319.99,2318.64,2319.27,168.2247
1778266380.0,2319.28,2320.18,2319.27,2320.12,135.0932
1778266440.0,2320.13,2320.13,2318.57,2319.21,167.1718
1778266500.0,2319.22,2319.28,2316.61,2316.87,204.8959
1778266560.0,2316.88,2318.66,2316.87,2318.11,149.3203
1778266620.0,2318.12,2318.12,2317.87,2317.96,79.9838
1778266680.0,2317.96,2318.4,2317.81,2317.96,97.4745
1778266740.0,2317.96,2317.96,2313.11,2313.49,735.4608
1778266800.0,2313.49,2314.05,2312.7,2313.96,591.5185
1778266860.0,2313.95,2313.95,2312.95,2313.14,210.9479
1778266920.0,2313.14,2313.36,2312.48,2312.82,238.0173
1778266980.0,2312.83,2313.94,2312.81,2313.27,243.1382
1778267040.0,2313.28,2315.03,2312.74,2313.12,308.5532
1778267100.0,2313.12,2313.52,2312.65,2313.17,229.9599
1778267160.0,2313.18,2314.77,2313.17,2314.72,101.847
1778267220.0,2314.71,2319.36,2314.71,2319.35,915.7746
1778267280.0,2319.36,2319.49,2318.22,2318.22,234.1356
1778267340.0,2318.22,2318.35,2316.99,2317.0,410.3642
1778267400.0,2316.99,2317.0,2315.8,2315.96,215.828
1778267460.0,2315.96,2316.18,2315.14,2315.42,348.9463
1778267520.0,2315.43,2316.8,2315.43,2316.75,272.2491
1778267580.0,2316.74,2318.42,2316.52,2318.41,248.1074
1778267640.0,2318.42,2318.42,2317.23,2317.5,208.0623
1778267700.0,2317.51,2318.41,2317.09,2318.03,361.1897
1778267760.0,2318.04,2320.36,2318.03,2319.45,293.1654
1778267820.0,2319.44,2319.45,2318.02,2318.04,415.3323
1778267880.0,2318.05,2318.9,2317.11,2317.11,279.0558
1778267940.0,2317.12,2318.0,2316.84,2318.0,394.0377
1778268000.0,2317.99,2318.0,2316.69,2317.34,263.2404
1778268060.0,2317.34,2317.93,2316.76,2317.93,218.6204
1778268120.0,2317.93,2318.0,2316.53,2316.54,306.8366
1778268180.0,2316.54,2317.11,2316.26,2316.96,616.3271
1778268240.0,2316.95,2317.53,2315.94,2315.94,323.019
1778268300.0,2315.95,2315.96,2315.55,2315.85,248.181
1778268360.0,2315.86,2315.86,2314.77,2315.63,199.0251
1778268420.0,2315.63,2315.85,2315.31,2315.31,157.9139
1778268480.0,2315.31,2315.39,2314.46,2314.79,255.8164
1778268540.0,2314.79,2315.48,2314.78,2315.47,338.5686
1778268600.0,2315.48,2316.86,2315.01,2316.85,360.0563
1778268660.0,2316.85,2317.69,2316.85,2317.35,251.0321
1778268720.0,2317.35,2317.36,2316.78,2316.78,191.295
1778268780.0,2316.78,2316.84,2316.41,2316.73,176.5898
1778268840.0,2316.73,2317.56,2316.72,2317.08,307.1261
1778268900.0,2317.09,2317.61,2316.41,2316.41,222.6516
1778268960.0,2316.42,2316.91,2315.99,2316.9,481.2644
1778269020.0,2316.9,2318.98,2316.4,2317.35,1343.2307
1778269080.0,2317.36,2317.82,2317.15,2317.15,339.8831
1778269140.0,2317.15,2317.16,2315.9,2316.01,298.2556
1778269200.0,2316.02,2318.39,2315.9,2317.48,563.0876
1778269260.0,2317.48,2318.29,2317.19,2317.59,560.0732
1778269320.0,2317.58,2318.05,2317.32,2317.32,218.3295
1778269380.0,2317.33,2318.05,2314.63,2316.16,611.985
1778269440.0,2316.15,2316.16,2315.45,2315.99,192.8603
1778269500.0,2315.99,2316.53,2315.02,2315.02,319.0904
1778269560.0,2315.03,2315.84,2315.02,2315.02,269.0304
1778269620.0,2315.03,2315.89,2315.02,2315.62,200.8493
1778269680.0,2315.63,2315.82,2315.03,2315.03,244.9404
1778269740.0,2315.04,2315.89,2315.03,2315.51,202.4355
1778269800.0,2315.51,2316.06,2315.5,2315.64,291.7562
1778269860.0,2315.64,2315.83,2315.64,2315.82,246.6459
1778269920.0,2315.82,2315.97,2315.59,2315.59,204.5752
1778269980.0,2315.6,2315.6,2314.32,2314.46,393.7152
1778270040.0,2314.47,2314.84,2314.46,2314.81,238.1202
1778270100.0,2314.81,2314.81,2313.92,2314.0,228.0284
1778270160.0,2313.99,2314.09,2313.72,2313.78,439.7648
1778270220.0,2313.79,2314.83,2313.78,2314.82,208.6756
1778270280.0,2314.82,2315.59,2314.82,2315.44,181.7831
1778270340.0,2315.43,2316.06,2314.65,2316.05,543.0282
1778270400.0,2316.06,2317.0,2315.58,2315.58,409.0827
1778270460.0,2315.58,2316.16,2315.46,2315.83,217.1653
1778270520.0,2315.84,2315.84,2315.26,2315.27,189.9922
1778270580.0,2315.27,2315.27,2313.98,2314.2,251.4007
1778270640.0,2314.21,2314.44,2314.11,2314.43,167.417
1778270700.0,2314.43,2314.44,2313.35,2313.49,248.9525
1778270760.0,2313.5,2314.09,2313.5,2313.67,196.1507
1778270820.0,2313.67,2313.67,2312.95,2312.95,171.2312
1778270880.0,2312.96,2312.96,2312.53,2312.89,250.2382
1778270940.0,2312.88,2313.12,2311.78,2312.76,445.8104
1778271000.0,2312.77,2313.6,2312.77,2313.59,192.3009
1778271060.0,2313.6,2313.68,2313.33,2313.33,157.7242
1778271120.0,2313.34,2314.03,2313.33,2313.59,211.475
1778271180.0,2313.58,2313.82,2313.49,2313.5,154.6021
1778271240.0,2313.49,2313.5,2313.13,2313.28,149.0904
1778271300.0,2313.28,2313.32,2313.27,2313.3,151.1979
1778271360.0,2313.3,2314.44,2313.3,2314.43,226.6602
1778271420.0,2314.44,2314.44,2312.52,2312.52,323.4673
1778271480.0,2312.52,2312.52,2311.57,2311.63,547.9615
1778271540.0,2311.64,2311.64,2311.16,2311.16,688.3235
1778271600.0,2311.17,2311.48,2310.52,2310.6,810.7001
1778271660.0,2310.61,2312.59,2310.6,2312.24,898.8434
1778271720.0,2312.24,2312.31,2311.73,2311.74,733.2707
1778271780.0,2311.73,2312.39,2311.2,2312.39,742.0603
1778271840.0,2312.38,2313.57,2312.02,2313.48,796.8749
1778271900.0,2313.48,2313.49,2312.51,2312.51,583.5013
1778271960.0,2312.51,2313.24,2312.51,2313.23,550.7271
1778272020.0,2313.23,2313.4,2311.99,2312.02,698.6519
1778272080.0,2312.01,2312.16,2311.32,2311.98,687.6137
1778272140.0,2311.98,2312.31,2311.98,2312.3,535.1003
1778272200.0,2312.3,2312.32,2311.03,2311.03,589.4914
1778272260.0,2311.03,2311.03,2308.62,2309.06,949.451
1778272320.0,2309.06,2310.81,2309.05,2310.79,716.6241
1778272380.0,2310.78,2311.54,2310.78,2311.53,658.3457
1778272440.0,2311.53,2311.54,2310.98,2311.39,679.2469
1778272500.0,2311.38,2311.39,2310.77,2310.77,530.1816
1778272560.0,2310.77,2310.85,2310.09,2310.84,672.0623
1778272620.0,2310.84,2311.43,2310.67,2310.68,634.3883
1778272680.0,2310.67,2311.16,2309.85,2309.86,621.0833
1778272740.0,2309.86,2309.87,2309.15,2309.48,717.7206
1778272800.0,2309.49,2309.49,2308.8,2308.81,769.7241
1778272860.0,2308.81,2309.5,2308.8,2308.82,653.2209
1778272920.0,2308.82,2308.9,2308.41,2308.89,600.7068
1778272980.0,2308.9,2308.9,2308.36,2308.36,628.6949
1778273040.0,2308.36,2308.42,2307.11,2308.41,765.7899
1778273100.0,2308.41,2308.83,2308.34,2308.82,651.9698
1778273160.0,2308.82,2309.91,2308.82,2309.91,274.2169
1778273220.0,2309.9,2309.91,2309.9,2309.9,152.3039
1778273280.0,2309.91,2309.91,2309.21,2309.24,226.8685
1778273340.0,2309.25,2309.25,2309.19,2309.19,166.0771
1778273400.0,2309.2,2309.2,2308.7,2308.87,228.1778
1778273460.0,2308.88,2308.88,2307.17,2307.18,221.8739
1778273520.0,2307.17,2307.68,2306.91,2307.68,240.4823
1778273580.0,2307.67,2307.68,2307.17,2307.17,157.5381
1778273640.0,2307.18,2307.47,2306.97,2306.97,171.4203
1778273700.0,2306.98,2306.98,2306.19,2306.44,251.8506
1778273760.0,2306.44,2306.45,2305.6,2305.6,420.3533
1778273820.0,2305.6,2305.99,2305.36,2305.83,230.4185
1778273880.0,2305.83,2306.64,2305.67,2306.63,213.7551
1778273940.0,2306.64,2306.65,2306.41,2306.65,235.9954
1778274000.0,2306.64,2307.2,2305.58,2305.58,209.3435
1778274060.0,2305.59,2305.73,2305.51,2305.72,160.0037
1778274120.0,2305.73,2306.4,2305.72,2306.39,133.6721
1778274180.0,2306.4,2307.01,2306.39,2307.01,192.7727
1778274240.0,2307.0,2308.38,2307.0,2308.36,186.5999
1778274300.0,2308.36,2308.72,2308.36,2308.71,154.886
1778274360.0,2308.72,2308.92,2307.66,2307.66,435.9228
1778274420.0,2307.67,2307.67,2306.92,2306.92,146.7481
1778274480.0,2306.93,2307.21,2305.33,2305.68,260.0279
1778274540.0,2305.69,2305.69,2304.37,2304.58,418.3549
1778274600.0,2304.58,2304.58,2304.35,2304.35,168.686
1778274660.0,2304.35,2304.67,2304.21,2304.67,233.7126
1778274720.0,2304.66,2305.5,2304.65,2305.49,231.7244
1778274780.0,2305.5,2306.7,2305.49,2306.05,199.8939
1778274840.0,2306.05,2306.06,2305.43,2305.64,181.7993
1778274900.0,2305.65,2306.53,2305.65,2305.88,419.9224
1778274960.0,2305.89,2306.77,2305.53,2306.76,310.876
1778275020.0,2306.77,2308.68,2306.76,2308.67,272.8409
1778275080.0,2308.68,2308.68,2307.84,2307.85,192.6717
1778275140.0,2307.84,2308.41,2307.84,2308.4,176.9359
1778275200.0,2308.41,2309.4,2308.4,2309.36,217.9596
1778275260.0,2309.36,2310.01,2309.02,2309.02,366.6516
1778275320.0,2309.02,2309.49,2309.02,2309.17,176.9129
1778275380.0,2309.18,2309.66,2309.01,2309.66,225.2433
1778275440.0,2309.65,2309.96,2308.4,2308.4,206.8986
1778275500.0,2308.41,2308.41,2308.02,2308.02,264.8365
1778275560.0,2308.03,2309.25,2308.03,2309.24,174.0652
1778275620.0,2309.25,2310.13,2309.24,2310.13,201.4741
1778275680.0,2310.13,2310.13,2309.4,2309.41,344.6694
1778275740.0,2309.41,2309.41,2308.17,2308.76,256.6587
1778275800.0,2308.77,2310.14,2308.76,2310.07,292.6412
1778275860.0,2310.07,2310.07,2309.16,2309.16,183.747
1778275920.0,2309.17,2310.03,2309.16,2310.02,189.8281
1778275980.0,2310.03,2310.03,2310.02,2310.02,112.9416
1778276040.0,2310.03,2311.18,2310.02,2310.94,398.9625
1778276100.0,2310.95,2313.57,2310.95,2312.95,457.5206
1778276160.0,2312.96,2313.72,2312.39,2313.71,408.505
1778276220.0,2313.71,2313.97,2311.94,2311.94,251.6058
1778276280.0,2311.94,2312.28,2311.63,2312.27,199.4479
1778276340.0,2312.27,2313.02,2312.27,2313.01,244.4814
1778276400.0,2313.02,2313.17,2312.07,2312.07,204.3952
1778276460.0,2312.07,2312.21,2311.69,2312.2,148.3885
1778276520.0,2312.21,2312.21,2311.86,2311.86,135.8657
1778276580.0,2311.86,2313.31,2311.66,2312.54,304.526
1778276640.0,2312.54,2314.13,2312.54,2313.9,181.888
1778276700.0,2313.91,2313.91,2312.57,2312.58,213.2228
1778276760.0,2312.58,2312.58,2310.34,2310.35,191.8681
1778276820.0,2310.34,2311.69,2310.34,2310.99,305.9621
1778276880.0,2310.99,2311.8,2310.98,2311.79,142.5941
1778276940.0,2311.8,2314.13,2311.46,2313.71,370.1529
1778277000.0,2313.72,2313.82,2312.49,2312.93,246.9585
1778277060.0,2312.93,2313.2,2312.92,2313.19,126.2924
1778277120.0,2313.2,2314.3,2313.19,2314.29,201.4348
1778277180.0,2314.3,2314.3,2313.7,2313.77,201.0803
1778277240.0,2313.76,2313.81,2313.17,2313.65,170.3413
1778277300.0,2313.66,2313.66,2312.73,2313.17,345.3878
1778277360.0,2313.18,2313.22,2313.15,2313.21,131.9996
1778277420.0,2313.22,2313.96,2313.21,2313.76,161.9487
1778277480.0,2313.77,2313.77,2313.21,2313.37,166.7813
1778277540.0,2313.37,2314.94,2313.37,2314.63,264.9723
1778277600.0,2314.62,2315.51,2314.31,2314.86,401.4632
1778277660.0,2314.86,2318.67,2314.86,2318.66,570.3682
1778277720.0,2318.67,2319.15,2315.86,2315.86,359.2368
1778277780.0,2315.86,2316.66,2315.52,2316.02,297.4045
1778277840.0,2316.02,2317.37,2316.01,2317.08,286.1786
1778277900.0,2317.09,2318.45,2317.08,2317.63,290.8786
1778277960.0,2317.64,2318.3,2316.29,2316.29,320.8368
1778278020.0,2316.3,2316.5,2315.74,2316.49,219.1542
1778278080.0,2316.5,2316.5,2316.08,2316.08,182.7682
1778278140.0,2316.09,2316.09,2315.89,2316.03,200.4955
1778278200.0,2316.04,2316.04,2315.52,2315.52,232.2046
1778278260.0,2315.52,2316.48,2315.52,2316.47,157.4175
1778278320.0,2316.48,2316.84,2316.47,2316.76,157.9354
1778278380.0,2316.76,2316.96,2316.0,2316.96,227.914
1778278440.0,2316.95,2317.84,2316.95,2317.71,201.257
1778278500.0,2317.71,2318.68,2317.56,2318.48,306.3909
1778278560.0,2318.48,2318.48,2317.29,2317.29,269.3099
1778278620.0,2317.3,2317.6,2316.22,2316.23,256.7629
1778278680.0,2316.23,2316.27,2315.59,2315.78,167.8632
1778278740.0,2315.78,2315.78,2315.17,2315.19,286.7048
1778278800.0,2315.2,2315.2,2314.56,2315.03,214.3907
1778278860.0,2315.02,2315.03,2314.0,2314.0,175.6699
1778278920.0,2314.0,2314.15,2313.18,2313.28,291.8101
1778278980.0,2313.29,2313.29,2313.28,2313.28,145.6758
1778279040.0,2313.29,2314.15,2313.28,2313.9,285.6787
1778279100.0,2313.89,2313.9,2313.28,2313.39,266.633
1778279160.0,2313.4,2313.44,2313.39,2313.43,143.1968
1778279220.0,2313.44,2313.75,2313.43,2313.75,150.9392
1778279280.0,2313.74,2313.75,2313.11,2313.11,157.3496
1778279340.0,2313.11,2313.11,2312.95,2313.1,130.8261
1778279400.0,2313.11,2313.68,2312.53,2312.53,209.4078
1778279460.0,2312.54,2312.79,2312.53,2312.79,147.3418
1778279520.0,2312.79,2313.56,2312.78,2313.55,146.0921
1778279580.0,2313.56,2314.13,2313.35,2314.13,288.2917
1778279640.0,2314.13,2315.03,2313.95,2313.95,222.3823
1778279700.0,2313.96,2314.84,2313.95,2314.83,166.8201
1778279760.0,2314.83,2314.83,2314.31,2314.76,145.5096
1778279820.0,2314.76,2314.77,2314.16,2314.46,176.4472
1778279880.0,2314.46,2314.46,2313.29,2313.7,186.7032
1778279940.0,2313.71,2313.71,2312.95,2312.95,151.1044
1778280000.0,2312.96,2313.57,2312.34,2312.35,214.1574
1778280060.0,2312.35,2312.93,2312.35,2312.93,182.5275
1778280120.0,2312.92,2312.93,2312.68,2312.68,157.1442
1778280180.0,2312.67,2312.67,2312.04,2312.16,234.9981
1778280240.0,2312.17,2312.17,2311.99,2312.07,155.6949
1778280300.0,2312.08,2312.5,2311.99,2312.49,219.0714
1778280360.0,2312.49,2312.56,2312.49,2312.55,127.1732
1778280420.0,2312.56,2312.56,2312.55,2312.55,129.2076
1778280480.0,2312.56,2313.05,2312.14,2313.04,218.8326
1778280540.0,2313.04,2313.05,2313.04,2313.04,132.2581
1778280600.0,2313.05,2313.05,2311.92,2311.93,225.8925
1778280660.0,2311.93,2311.93,2311.66,2311.66,131.6512
1778280720.0,2311.67,2311.67,2311.34,2311.34,131.4049
1778280780.0,2311.34,2311.34,2310.89,2310.89,145.8733
1778280840.0,2310.9,2311.44,2310.89,2311.14,266.3848
1778280900.0,2311.15,2311.15,2310.58,2310.58,138.4927
1778280960.0,2310.59,2310.87,2310.26,2310.87,266.684
1778281020.0,2310.87,2310.99,2310.87,2310.99,118.9555
1778281080.0,2310.99,2310.99,2310.98,2310.98,131.61
1778281140.0,2310.98,2311.14,2310.98,2310.98,210.1433
1778281200.0,2310.98,2310.98,2310.36,2310.36,181.9365
1778281260.0,2310.37,2310.37,2310.27,2310.27,127.8795
1778281320.0,2310.28,2310.52,2310.27,2310.27,210.6444
1778281380.0,2310.28,2310.51,2310.27,2310.5,161.425
1778281440.0,2310.51,2310.51,2310.0,2310.0,159.3715
1778281500.0,2310.0,2310.0,2308.5,2308.72,246.934
1778281560.0,2308.72,2308.73,2308.0,2308.01,194.3964
1778281620.0,2308.01,2308.81,2308.01,2308.8,200.8679
1778281680.0,2308.8,2309.03,2308.8,2309.02,127.5059
1778281740.0,2309.02,2309.02,2308.65,2308.65,175.6779
1778281800.0,2308.65,2308.65,2308.03,2308.03,159.956
1778281860.0,2308.04,2308.51,2308.03,2308.5,184.8837
1778281920.0,2308.5,2308.78,2308.5,2308.77,119.3388
1778281980.0,2308.78,2308.78,2307.31,2307.47,286.9696
1778282040.0,2307.47,2307.77,2307.0,2307.0,206.7697
1778282100.0,2307.01,2307.01,2306.11,2306.11,238.2551
1778282160.0,2306.12,2307.0,2306.11,2306.98,416.9524
1778282220.0,2306.99,2308.48,2306.98,2308.47,197.3276
1778282280.0,2308.47,2308.74,2308.47,2308.71,217.8447
1778282340.0,2308.72,2309.16,2308.71,2309.15,156.8885
1778282400.0,2309.16,2309.78,2309.15,2309.77,157.2771
1778282460.0,2309.78,2309.78,2308.6,2308.6,304.7748
1778282520.0,2308.61,2308.61,2308.31,2308.34,173.6493
1778282580.0,2308.34,2308.35,2308.34,2308.34,123.09
1778282640.0,2308.34,2308.35,2307.66,2307.66,167.0873
1778282700.0,2307.67,2308.17,2307.44,2308.16,161.2018
1778282760.0,2308.17,2308.17,2307.22,2307.36,171.7503
1778282820.0,2307.36,2307.69,2307.35,2307.69,183.4024
1778282880.0,2307.69,2307.98,2307.68,2307.97,190.8792
1778282940.0,2307.98,2308.02,2307.97,2308.01,165.4466
1778283000.0,2308.01,2308.01,2307.33,2307.33,555.6651
1778283060.0,2307.34,2307.34,2306.28,2306.28,163.7665
1778283120.0,2306.29,2306.82,2306.28,2306.76,208.9028
1778283180.0,2306.77,2306.77,2305.48,2305.48,252.4681
1778283240.0,2305.48,2305.65,2304.95,2305.64,195.9812
1778283300.0,2305.64,2305.64,2304.96,2304.97,172.4831
1778283360.0,2304.96,2304.96,2303.56,2303.75,398.2054
1778283420.0,2303.76,2303.97,2303.42,2303.96,229.0055
1778283480.0,2303.96,2303.96,2303.19,2303.21,157.4579
1778283540.0,2303.21,2304.2,2303.2,2304.17,248.5506
1778283600.0,2304.18,2304.66,2304.17,2304.64,167.3609
1778283660.0,2304.65,2304.65,2303.82,2303.82,214.1065
1778283720.0,2303.83,2304.92,2303.82,2304.92,221.331
1778283780.0,2304.92,2305.57,2304.91,2305.56,137.2047
1778283840.0,2305.56,2305.57,2304.7,2304.7,193.6659
1778283900.0,2304.7,2306.6,2304.01,2306.52,461.0546
1778283960.0,2306.51,2306.52,2306.05,2306.05,245.198
1778284020.0,2306.05,2306.12,2306.05,2306.11,151.9252
1778284080.0,2306.12,2306.12,2305.58,2305.58,187.1188
1778284140.0,2305.58,2305.59,2305.24,2305.43,147.9881
1778284200.0,2305.44,2306.06,2305.42,2306.05,189.7496
1778284260.0,2306.06,2307.4,2306.05,2306.87,244.4095
1778284320.0,2306.88,2307.04,2306.87,2307.03,144.881
1778284380.0,2307.03,2307.04,2306.74,2306.74,148.9295
1778284440.0,2306.74,2306.75,2306.24,2306.24,134.3242
1778284500.0,2306.25,2307.01,2306.25,2307.01,182.9187
1778284560.0,2307.0,2307.24,2306.96,2307.23,124.6103
1778284620.0,2307.24,2307.24,2307.11,2307.11,182.885
1778284680.0,2307.11,2307.22,2306.77,2306.77,149.2527
1778284740.0,2306.77,2307.07,2306.76,2307.06,156.7838
1778284800.0,2307.07,2307.11,2306.65,2307.1,185.5991
1778284860.0,2307.11,2307.11,2306.5,2306.5,135.2163
1778284920.0,2306.51,2306.51,2305.53,2305.53,177.8096
1778284980.0,2305.54,2305.54,2305.01,2305.34,172.849
1778285040.0,2305.35,2305.55,2305.07,2305.08,169.0856
1778285100.0,2305.08,2305.65,2305.0,2305.23,229.582
1778285160.0,2305.24,2305.24,2304.7,2304.7,124.7943
1778285220.0,2304.71,2304.84,2304.41,2304.42,151.4577
1778285280.0,2304.42,2304.59,2304.41,2304.59,145.4482
1778285340.0,2304.59,2304.59,2304.19,2304.19,172.2577
1778285400.0,2304.2,2304.67,2304.19,2304.67,159.5562
1778285460.0,2304.66,2305.5,2304.66,2305.5,183.199
1778285520.0,2305.5,2305.5,2305.29,2305.49,161.4906
1778285580.0,2305.48,2306.53,2305.48,2306.15,386.9507
1778285640.0,2306.15,2306.32,2305.73,2306.31,201.0904
1778285700.0,2306.32,2306.44,2306.2,2306.44,155.1242
1778285760.0,2306.43,2306.77,2306.06,2306.15,201.3501
1778285820.0,2306.15,2307.0,2306.15,2306.76,151.4031
1778285880.0,2306.77,2307.43,2306.76,2307.42,158.4174
1778285940.0,2307.42,2308.18,2307.29,2307.29,247.403
1778286000.0,2307.29,2308.83,2307.29,2308.83,362.3904
1778286060.0,2308.83,2309.88,2308.83,2309.43,240.4062
1778286120.0,2309.44,2310.78,2309.43,2310.44,351.5813
1778286180.0,2310.45,2310.78,2310.0,2310.0,189.1092
1778286240.0,2310.01,2310.02,2308.88,2308.88,160.3808
1778286300.0,2308.89,2308.89,2308.57,2308.57,215.0362
1778286360.0,2308.58,2308.86,2308.57,2308.76,151.6749
1778286420.0,2308.76,2308.77,2308.01,2308.18,151.6548
1778286480.0,2308.18,2308.19,2308.02,2308.02,125.8349
1778286540.0,2308.03,2308.34,2308.02,2308.33,151.029
1778286600.0,2308.34,2309.52,2308.34,2309.23,198.4798
1778286660.0,2309.23,2309.9,2309.23,2309.9,150.8578
1778286720.0,2309.9,2310.87,2309.9,2310.16,244.7149
1778286780.0,2310.17,2311.13,2309.67,2311.12,299.0422
1778286840.0,2311.13,2311.13,2310.89,2311.05,179.3007
1778286900.0,2311.05,2311.06,2310.99,2311.04,249.7742
1778286960.0,2311.05,2311.29,2311.04,2311.28,173.4995
1778287020.0,2311.29,2311.93,2311.28,2311.3,187.5865
1778287080.0,2311.29,2311.3,2311.12,2311.17,199.0805
1778287140.0,2311.17,2311.17,2310.33,2310.33,141.6769
1778287200.0,2310.33,2310.88,2310.23,2310.7,200.7985
1778287260.0,2310.69,2310.84,2310.52,2310.74,149.9896
1778287320.0,2310.74,2310.75,2310.74,2310.74,141.826
1778287380.0,2310.74,2310.75,2310.22,2310.23,142.8993
1778287440.0,2310.22,2310.36,2310.22,2310.36,179.8799
1778287500.0,2310.36,2311.07,2310.36,2311.06,208.8889
1778287560.0,2311.07,2311.07,2310.74,2310.74,188.2352
1778287620.0,2310.74,2310.74,2310.3,2310.7,187.4386
1778287680.0,2310.71,2311.6,2310.42,2311.59,173.8582
1778287740.0,2311.59,2312.03,2311.13,2311.13,199.7276
1778287800.0,2311.14,2311.14,2310.16,2310.34,145.9553
1778287860.0,2310.35,2310.83,2310.26,2310.52,220.1543
1778287920.0,2310.51,2310.72,2310.16,2310.71,182.6924
1778287980.0,2310.72,2310.72,2310.19,2310.19,145.3778
1778288040.0,2310.2,2310.96,2310.19,2310.55,239.9033
1778288100.0,2310.56,2310.56,2308.36,2308.36,295.4028
1778288160.0,2308.37,2308.37,2307.66,2307.66,181.7554
1778288220.0,2307.67,2308.25,2307.37,2308.24,228.1801
1778288280.0,2308.25,2308.56,2308.25,2308.55,193.5633
1778288340.0,2308.55,2308.66,2308.55,2308.55,152.2326
1778288400.0,2308.55,2309.13,2308.23,2309.12,262.74
1778288460.0,2309.13,2310.04,2309.13,2309.66,210.1391
1778288520.0,2309.65,2309.66,2309.02,2309.02,492.602
1778288580.0,2309.03,2309.49,2309.02,2309.49,201.4931
1778288640.0,2309.48,2309.98,2309.48,2309.57,188.6562
1778288700.0,2309.58,2309.58,2308.57,2308.59,264.7745
1778288760.0,2308.59,2309.88,2308.58,2309.87,199.4624
1778288820.0,2309.87,2309.88,2309.0,2309.35,198.0465
1778288880.0,2309.35,2309.73,2309.34,2309.72,165.677
1778288940.0,2309.73,2310.71,2309.72,2310.7,165.665
1778289000.0,2310.71,2310.89,2310.7,2310.89,97.9749
1778289060.0,2310.89,2312.02,2310.88,2311.88,173.4168
1778289120.0,2311.88,2312.62,2311.88,2312.62,167.8978
1778289180.0,2312.62,2312.96,2312.62,2312.95,133.6202
1778289240.0,2312.96,2313.37,2312.96,2313.36,123.1011
1778289300.0,2313.36,2314.4,2313.2,2313.2,239.9314
1778289360.0,2313.21,2313.21,2311.64,2311.64,119.4614
1778289420.0,2311.64,2311.65,2311.32,2311.32,78.7955
1778289480.0,2311.32,2311.34,2310.91,2310.96,138.8123
1778289540.0,2310.97,2311.33,2310.96,2311.32,107.9496
1778289600.0,2311.33,2311.33,2311.05,2311.06,77.4207
1778289660.0,2311.06,2311.06,2310.28,2310.29,181.354
1778289720.0,2310.29,2310.29,2309.69,2310.07,164.6786
1778289780.0,2310.06,2310.06,2309.22,2309.85,165.9369
1778289840.0,2309.85,2309.85,2309.84,2309.85,68.2212
1778289900.0,2309.84,2309.86,2309.84,2309.85,84.8996
1778289960.0,2309.86,2309.86,2309.85,2309.86,90.1754
1778290020.0,2309.85,2310.44,2309.85,2310.43,101.9285
1778290080.0,2310.44,2312.32,2310.43,2311.77,389.4333
1778290140.0,2311.77,2311.77,2311.42,2311.42,97.3498
1778290200.0,2311.43,2312.32,2311.17,2312.32,157.3697
1778290260.0,2312.32,2313.84,2312.31,2313.83,158.2154
1778290320.0,2313.84,2314.7,2313.53,2314.54,184.1559
1778290380.0,2314.54,2315.03,2314.3,2315.03,243.0385
1778290440.0,2315.03,2315.03,2314.65,2314.83,175.8821
1778290500.0,2314.84,2314.84,2314.6,2314.84,101.2742
1778290560.0,2314.83,2315.97,2314.83,2315.67,183.9771
1778290620.0,2315.68,2316.23,2315.67,2316.22,184.0898
1778290680.0,2316.22,2316.22,2315.02,2315.02,98.0386
1778290740.0,2315.02,2315.03,2314.17,2314.76,117.8312
1778290800.0,2314.76,2315.12,2314.76,2314.91,166.4058
1778290860.0,2314.91,2316.61,2314.42,2316.61,242.7934
1778290920.0,2316.61,2316.61,2315.48,2316.23,312.3095
1778290980.0,2316.24,2316.38,2315.66,2315.66,175.3783
1778291040.0,2315.67,2315.67,2315.63,2315.63,68.4534
1778291100.0,2315.64,2316.58,2315.51,2316.51,241.4281
1778291160.0,2316.51,2316.52,2316.04,2316.08,100.1463
1778291220.0,2316.09,2316.61,2316.09,2316.61,107.2626
1778291280.0,2316.61,2316.88,2316.52,2316.52,89.8086
1778291340.0,2316.52,2316.83,2316.52,2316.82,93.5251
1778291400.0,2316.83,2317.48,2315.94,2317.37,509.1186
1778291460.0,2317.36,2317.92,2316.73,2317.3,412.6283
1778291520.0,2317.3,2317.84,2317.29,2317.62,199.2693
1778291580.0,2317.63,2318.45,2317.39,2317.39,272.2517
1778291640.0,2317.4,2317.82,2316.95,2316.95,173.8479
1778291700.0,2316.96,2317.0,2316.01,2316.01,197.2731
1778291760.0,2316.02,2316.47,2315.23,2315.82,153.0309
1778291820.0,2315.82,2316.06,2315.44,2315.44,395.4252
1778291880.0,2315.45,2315.45,2314.41,2314.41,90.2084
1778291940.0,2314.41,2314.41,2314.13,2314.22,101.7249
1778292000.0,2314.23,2315.49,2314.22,2315.48,126.7949
1778292060.0,2315.49,2315.49,2314.32,2314.32,150.0743
1778292120.0,2314.33,2315.77,2313.8,2315.77,122.6629
1778292180.0,2315.76,2316.21,2315.22,2315.24,336.7201
1778292240.0,2315.24,2316.72,2315.23,2316.71,131.4107
1778292300.0,2316.72,2316.72,2315.6,2315.61,156.1505
1778292360.0,2315.61,2316.49,2315.6,2315.75,194.1391
1778292420.0,2315.76,2317.08,2315.75,2317.08,168.4844
1778292480.0,2317.08,2318.04,2317.07,2318.03,71.4823
1778292540.0,2318.04,2318.41,2318.03,2318.38,73.2908
1778292600.0,2318.39,2318.39,2317.69,2317.69,112.6641
1778292660.0,2317.69,2317.7,2317.19,2317.68,54.0295
1778292720.0,2317.68,2318.04,2317.25,2317.35,107.7709
1778292780.0,2317.34,2317.37,2317.25,2317.26,66.0162
1778292840.0,2317.25,2317.26,2316.56,2316.77,72.5492
1778292900.0,2316.78,2316.92,2316.77,2316.92,67.2843
1778292960.0,2316.91,2317.0,2316.44,2316.44,87.7611
1778293020.0,2316.45,2316.64,2314.2,2315.81,1236.6187
1778293080.0,2315.8,2316.95,2315.8,2316.84,167.9306
1778293140.0,2316.85,2316.85,2315.81,2315.82,103.4999
1778293200.0,2315.81,2316.05,2315.58,2315.58,160.9389
1778293260.0,2315.59,2316.39,2315.52,2316.3,241.2798
1778293320.0,2316.31,2316.31,2315.85,2315.98,119.3421
1778293380.0,2315.99,2316.07,2315.19,2315.19,85.3485
1778293440.0,2315.19,2315.39,2314.77,2315.39,91.8829
1778293500.0,2315.4,2315.4,2315.02,2315.25,73.1392
1778293560.0,2315.25,2315.63,2315.24,2315.63,87.4086
1778293620.0,2315.62,2316.0,2315.62,2315.74,84.9847
1778293680.0,2315.74,2315.96,2315.59,2315.87,196.5566
1778293740.0,2315.86,2316.28,2315.86,2316.27,87.0551
1778293800.0,2316.28,2317.06,2316.27,2317.05,84.3499
1778293860.0,2317.06,2320.3,2317.05,2320.19,931.5891
1778293920.0,2320.2,2320.2,2319.04,2319.18,111.1686
1778293980.0,2319.18,2319.19,2318.71,2318.72,84.0129
1778294040.0,2318.71,2319.38,2318.69,2318.69,131.3398
1778294100.0,2318.69,2318.7,2318.3,2318.69,84.4423
1778294160.0,2318.68,2318.88,2318.28,2318.51,152.2867
1778294220.0,2318.52,2319.44,2318.52,2318.64,132.2743
1778294280.0,2318.64,2319.12,2318.64,2318.95,44.1254
1778294340.0,2318.95,2318.96,2318.81,2318.81,65.0947
1778294400.0,2318.81,2318.81,2317.82,2317.82,53.9915
1778294460.0,2317.81,2318.15,2317.62,2318.15,67.5947
1778294520.0,2318.14,2318.28,2317.63,2318.28,79.2072
1778294580.0,2318.28,2318.28,2317.66,2317.7,70.3532
1778294640.0,2317.71,2317.93,2317.16,2317.93,197.4295
1778294700.0,2317.93,2318.18,2317.9,2317.9,74.0416
1778294760.0,2317.9,2317.91,2317.17,2317.18,187.1304
1778294820.0,2317.17,2317.18,2316.68,2316.68,810.4487
1778294880.0,2316.69,2317.42,2316.69,2317.41,368.3033
1778294940.0,2317.41,2317.72,2317.08,2317.71,88.5488
1778295000.0,2317.71,2317.71,2316.59,2316.59,211.5476
1778295060.0,2316.59,2317.56,2316.59,2317.55,85.3525
1778295120.0,2317.56,2317.7,2317.55,2317.7,64.9336
1778295180.0,2317.69,2317.9,2317.69,2317.89,66.0308
1778295240.0,2317.9,2317.99,2317.89,2317.99,55.8354
1778295300.0,2317.99,2318.28,2317.98,2318.27,72.8665
1778295360.0,2318.28,2318.28,2317.31,2317.31,110.9398
1778295420.0,2317.3,2317.31,2317.08,2317.09,49.2868
1778295480.0,2317.08,2317.09,2317.08,2317.09,39.3314
1778295540.0,2317.08,2317.09,2316.67,2317.07,59.0451
1778295600.0,2317.07,2317.07,2316.36,2316.37,97.1433
1778295660.0,2316.37,2316.37,2315.54,2315.54,87.2885
1778295720.0,2315.55,2315.65,2315.01,2315.64,115.5356
1778295780.0,2315.65,2315.95,2315.64,2315.94,48.427
1778295840.0,2315.94,2317.08,2315.94,2317.08,100.4611
1778295900.0,2317.08,2318.27,2317.08,2318.27,92.3057
1778295960.0,2318.28,2318.28,2317.08,2317.09,120.5121
1778296020.0,2317.08,2317.92,2317.08,2317.92,89.4455
1778296080.0,2317.92,2317.92,2317.32,2317.33,95.0039
1778296140.0,2317.32,2317.33,2317.23,2317.23,46.5724
1778296200.0,2317.24,2317.25,2317.23,2317.25,130.118
1778296260.0,2317.25,2317.91,2317.24,2317.9,54.2755
1778296320.0,2317.91,2318.52,2317.91,2318.51,83.3585
1778296380.0,2318.51,2318.88,2318.51,2318.88,101.0741
1778296440.0,2318.88,2319.16,2318.21,2318.22,90.7987
1778296500.0,2318.21,2318.67,2318.21,2318.55,152.8163
1778296560.0,2318.55,2318.55,2318.32,2318.33,57.4582
1778296620.0,2318.33,2318.34,2317.93,2318.27,60.1642
1778296680.0,2318.26,2318.34,2318.18,2318.27,43.3125
1778296740.0,2318.26,2319.49,2318.26,2319.48,170.7056
1778296800.0,2319.48,2320.22,2319.48,2320.22,197.1043
1778296860.0,2320.22,2320.23,2320.12,2320.12,85.7134
1778296920.0,2320.12,2320.12,2319.15,2319.21,129.489
1778296980.0,2319.21,2320.77,2318.76,2319.16,273.2128
1778297040.0,2319.15,2319.16,2317.27,2317.28,176.3825
1778297100.0,2317.28,2317.28,2317.08,2317.09,73.9463
1778297160.0,2317.08,2317.09,2316.0,2316.23,165.1896
1778297220.0,2316.23,2316.32,2316.21,2316.31,371.2841
1778297280.0,2316.32,2316.59,2316.32,2316.59,51.6715
1778297340.0,2316.58,2317.29,2316.0,2316.83,268.4738
1778297400.0,2316.83,2316.84,2315.81,2315.82,97.6707
1778297460.0,2315.81,2315.82,2314.37,2314.37,187.1494
1778297520.0,2314.38,2314.8,2314.37,2314.79,107.5487
1778297580.0,2314.79,2315.45,2314.58,2314.58,282.6386
1778297640.0,2314.58,2314.65,2313.83,2314.57,231.9166
1778297700.0,2314.57,2314.74,2314.56,2314.73,60.6195
1778297760.0,2314.73,2314.74,2314.55,2314.55,51.3757
1778297820.0,2314.56,2314.72,2314.08,2314.08,70.6393
1778297880.0,2314.07,2314.24,2313.29,2314.18,141.6693
1778297940.0,2314.18,2314.56,2313.85,2314.35,146.6314
1778298000.0,2314.36,2314.36,2314.11,2314.27,176.9883
1778298060.0,2314.27,2314.27,2313.29,2313.3,104.3519
1778298120.0,2313.3,2313.3,2312.79,2312.8,194.3313
1778298180.0,2312.79,2313.09,2312.6,2313.09,75.5732
1778298240.0,2313.08,2314.08,2313.08,2313.65,127.8295
1778298300.0,2313.64,2313.66,2313.4,2313.65,114.0402
1778298360.0,2313.65,2314.49,2313.65,2314.43,136.3316
1778298420.0,2314.43,2315.45,2313.95,2314.99,235.6316
1778298480.0,2314.98,2314.99,2314.6,2314.61,96.0692
1778298540.0,2314.6,2314.6,2314.19,2314.2,56.2258
1778298600.0,2314.19,2314.2,2314.03,2314.03,52.2683
1778298660.0,2314.03,2314.04,2313.15,2313.9,191.7599
1778298720.0,2313.91,2314.43,2313.9,2314.43,63.5536
1778298780.0,2314.43,2314.99,2314.42,2314.98,69.2579
1778298840.0,2314.99,2315.83,2314.98,2315.82,114.0031
1778298900.0,2315.82,2316.08,2315.82,2316.07,55.6541
1778298960.0,2316.07,2316.08,2316.01,2316.02,47.6797
1778299020.0,2316.01,2316.35,2315.61,2315.61,217.3266
1778299080.0,2315.61,2315.62,2315.03,2315.03,66.8787
1778299140.0,2315.03,2315.63,2315.03,2315.33,87.9574
1778299200.0,2315.33,2315.71,2315.33,2315.71,76.7786
1778299260.0,2315.71,2315.88,2315.7,2315.87,47.4015
1778299320.0,2315.88,2316.52,2315.87,2316.34,75.4156
1778299380.0,2316.33,2317.54,2316.33,2317.53,148.0418
1778299440.0,2317.53,2318.25,2317.53,2318.25,108.6854
1778299500.0,2318.25,2319.59,2318.24,2319.59,190.9628
1778299560.0,2319.59,2325.33,2319.59,2323.3,2179.8038
1778299620.0,2323.29,2323.29,2321.21,2321.22,611.9897
1778299680.0,2321.21,2322.67,2321.21,2322.34,165.0701
1778299740.0,2322.34,2323.83,2322.33,2323.29,123.9854
1778299800.0,2323.29,2323.61,2321.21,2321.94,145.6534
1778299860.0,2321.94,2322.38,2321.42,2321.67,162.0499
1778299920.0,2321.68,2322.01,2321.66,2322.01,60.4045
1778299980.0,2322.0,2322.6,2321.7,2321.71,108.2199
1778300040.0,2321.72,2321.9,2321.4,2321.41,47.2952
1778300100.0,2321.4,2321.53,2320.06,2320.07,312.6723
1778300160.0,2320.07,2320.07,2318.16,2318.65,485.394
1778300220.0,2318.66,2319.62,2318.4,2319.6,457.3486
1778300280.0,2319.6,2319.61,2317.98,2317.98,548.295
1778300340.0,2317.99,2318.43,2317.88,2317.89,527.1373
1778300400.0,2317.88,2317.89,2317.46,2317.46,454.0452
1778300460.0,2317.47,2318.0,2316.87,2317.23,545.5349
1778300520.0,2317.24,2318.23,2317.23,2318.22,513.4196
1778300580.0,2318.22,2318.23,2317.73,2318.13,481.4992
1778300640.0,2318.13,2318.29,2318.13,2318.14,421.7242
1778300700.0,2318.15,2318.15,2317.3,2317.59,465.2274
1778300760.0,2317.59,2317.6,2316.92,2316.92,440.4353
1778300820.0,2316.92,2316.92,2316.38,2316.38,463.8723
1778300880.0,2316.38,2316.38,2315.88,2315.88,460.4008
1778300940.0,2315.89,2316.77,2315.88,2316.76,574.7063
1778301000.0,2316.76,2317.14,2316.76,2316.91,446.9945
1778301060.0,2316.9,2316.91,2316.01,2316.84,467.781
1778301120.0,2316.83,2317.3,2316.25,2316.29,567.9041
1778301180.0,2316.28,2316.82,2316.28,2316.41,473.0956
1778301240.0,2316.41,2316.97,2316.41,2316.54,482.5488
1778301300.0,2316.53,2316.8,2316.08,2316.09,490.5043
1778301360.0,2316.08,2316.09,2316.0,2316.01,407.7118
1778301420.0,2316.0,2316.01,2314.15,2314.81,523.415
1778301480.0,2314.8,2315.02,2314.67,2314.68,485.4757
1778301540.0,2314.68,2314.8,2314.62,2314.63,514.8054
1778301600.0,2314.62,2314.63,2313.62,2313.63,461.168
1778301660.0,2313.62,2314.97,2313.58,2314.24,426.8144
1778301720.0,2314.23,2314.88,2314.23,2314.87,496.2617
1778301780.0,2314.86,2314.86,2312.71,2313.09,625.2401
1778301840.0,2313.09,2314.0,2313.08,2313.38,732.021
1778301900.0,2313.37,2314.52,2313.1,2314.33,926.8686
1778301960.0,2314.33,2314.79,2314.33,2314.6,476.3709
1778302020.0,2314.6,2314.6,2313.83,2314.15,525.7135
1778302080.0,2314.16,2314.5,2313.42,2314.49,560.2628
1778302140.0,2314.49,2314.5,2313.78,2313.89,553.6397
1778302200.0,2313.89,2314.65,2313.89,2314.37,588.1097
1778302260.0,2314.37,2314.65,2313.89,2314.22,473.7869
1778302320.0,2314.22,2314.61,2314.11,2314.32,488.2596
1778302380.0,2314.32,2314.32,2313.64,2313.64,424.843
1778302440.0,2313.64,2313.65,2312.0,2312.26,568.6871
1778302500.0,2312.25,2313.46,2312.25,2312.98,773.3275
1778302560.0,2312.98,2312.99,2311.6,2311.89,503.8046
1778302620.0,2311.89,2312.19,2311.43,2311.81,654.0728
1778302680.0,2311.8,2312.44,2311.27,2312.26,591.2604
1778302740.0,2312.25,2312.36,2312.25,2312.35,70.6225
1778302800.0,2312.35,2312.36,2311.86,2311.88,141.9843
1778302860.0,2311.87,2313.02,2311.87,2312.16,425.6238
1778302920.0,2312.16,2312.16,2310.9,2311.14,165.914
1778302980.0,2311.14,2312.16,2311.13,2312.14,162.3294
1778303040.0,2312.13,2312.29,2312.13,2312.28,60.7727
1778303100.0,2312.28,2313.0,2312.28,2313.0,73.2386
1778303160.0,2313.0,2313.5,2313.0,2313.26,164.1288
1778303220.0,2313.26,2313.27,2312.98,2313.02,61.6052
1778303280.0,2313.01,2313.42,2312.95,2312.95,112.181
1778303340.0,2312.96,2313.4,2312.95,2313.4,111.6148
1778303400.0,2313.41,2314.61,2313.41,2314.61,81.6886
1778303460.0,2314.61,2314.62,2314.6,2314.61,45.5724
1778303520.0,2314.62,2314.62,2314.39,2314.4,150.3557
1778303580.0,2314.4,2314.4,2313.46,2313.47,50.8144
1778303640.0,2313.46,2313.82,2313.46,2313.81,51.6729
1778303700.0,2313.81,2313.82,2313.5,2313.5,40.5526
1778303760.0,2313.5,2313.5,2313.27,2313.44,58.3597
1778303820.0,2313.44,2314.18,2313.44,2314.18,59.5264
1778303880.0,2314.18,2315.34,2314.17,2315.33,201.0614
1778303940.0,2315.34,2315.55,2315.33,2315.55,56.2974
1778304000.0,2315.55,2317.09,2315.54,2317.09,119.2023
1778304060.0,2317.08,2317.09,2316.1,2316.35,134.2598
1778304120.0,2316.35,2316.67,2316.35,2316.66,65.0997
1778304180.0,2316.67,2317.08,2316.66,2317.08,59.4471
1778304240.0,2317.08,2317.09,2317.07,2317.09,53.4555
1778304300.0,2317.09,2317.25,2316.24,2316.25,368.8937
1778304360.0,2316.25,2316.25,2315.74,2315.75,38.0994
1778304420.0,2315.75,2315.75,2314.94,2314.94,54.566
1778304480.0,2314.94,2315.56,2314.85,2315.56,74.6997
1778304540.0,2315.55,2315.57,2315.35,2315.56,113.7052
1778304600.0,2315.57,2315.57,2315.1,2315.53,111.6379
1778304660.0,2315.53,2315.97,2315.53,2315.96,46.2898
1778304720.0,2315.97,2316.45,2315.97,2316.44,60.548
1778304780.0,2316.44,2317.47,2316.44,2317.46,94.1058
1778304840.0,2317.46,2317.47,2317.46,2317.47,39.0234
1778304900.0,2317.46,2317.92,2317.12,2317.13,126.8955
1778304960.0,2317.12,2317.64,2317.12,2317.64,139.2275
1778305020.0,2317.63,2317.64,2317.62,2317.63,34.7148
1778305080.0,2317.63,2317.97,2317.62,2317.96,254.405
1778305140.0,2317.96,2317.97,2317.96,2317.97,51.8725
1778305200.0,2317.97,2318.29,2317.97,2318.28,70.9496
1778305260.0,2318.28,2318.29,2317.33,2317.33,98.7038
1778305320.0,2317.33,2317.34,2317.05,2317.05,59.5904
1778305380.0,2317.06,2317.22,2317.0,2317.22,252.6924
1778305440.0,2317.22,2317.34,2317.15,2317.15,56.7377
1778305500.0,2317.15,2317.15,2317.08,2317.08,39.92
1778305560.0,2317.08,2317.09,2316.62,2316.63,41.6108
1778305620.0,2316.63,2316.63,2316.0,2316.11,41.532
1778305680.0,2316.1,2316.11,2315.65,2315.74,77.765
1778305740.0,2315.74,2315.75,2315.21,2315.21,68.9198
1778305800.0,2315.21,2315.47,2315.21,2315.46,44.9633
1778305860.0,2315.46,2315.47,2314.8,2314.81,73.0794
1778305920.0,2314.8,2314.81,2314.74,2314.74,56.7531
1778305980.0,2314.74,2314.94,2314.51,2314.93,95.2326
1778306040.0,2314.93,2315.15,2314.91,2315.14,250.7003
1778306100.0,2315.13,2315.64,2315.13,2315.63,51.2021
1778306160.0,2315.63,2315.64,2315.5,2315.51,102.1549
1778306220.0,2315.5,2315.51,2315.15,2315.16,41.6359
1778306280.0,2315.15,2315.17,2315.15,2315.17,41.5011
1778306340.0,2315.16,2315.17,2314.82,2314.82,37.3465
1778306400.0,2314.82,2315.76,2314.8,2315.3,318.4827
1778306460.0,2315.3,2316.5,2315.3,2316.45,315.377
1778306520.0,2316.45,2316.45,2316.39,2316.39,203.0801
1778306580.0,2316.39,2316.52,2316.33,2316.51,217.8701
1778306640.0,2316.51,2317.79,2316.5,2317.67,320.0878
1778306700.0,2317.68,2318.3,2317.66,2318.28,403.8787
1778306760.0,2318.28,2318.28,2318.27,2318.27,43.3783
1778306820.0,2318.28,2318.28,2317.69,2317.83,155.1849
1778306880.0,2317.84,2318.58,2317.83,2318.51,587.8618
1778306940.0,2318.52,2318.52,2318.51,2318.51,34.1151
1778307000.0,2318.51,2319.11,2318.51,2319.1,94.2176
1778307060.0,2319.1,2319.16,2317.74,2317.74,357.9907
1778307120.0,2317.75,2317.9,2317.74,2317.9,51.8426
1778307180.0,2317.89,2318.75,2317.89,2318.74,111.8015
1778307240.0,2318.75,2318.81,2318.43,2318.58,133.5436
1778307300.0,2318.58,2318.59,2317.84,2317.84,54.7504
1778307360.0,2317.84,2317.84,2317.48,2317.48,95.7977
1778307420.0,2317.48,2317.48,2316.23,2316.67,348.1824
1778307480.0,2316.67,2317.41,2316.07,2316.07,351.4231
1778307540.0,2316.07,2316.07,2315.36,2315.37,323.3369
1778307600.0,2315.37,2315.81,2315.36,2315.81,119.2948
1778307660.0,2315.81,2316.38,2315.8,2316.05,296.2496
1778307720.0,2316.05,2316.73,2316.04,2316.64,398.3925
1778307780.0,2316.64,2316.83,2315.96,2316.29,407.4665
1778307840.0,2316.3,2316.3,2315.79,2316.09,126.0279
1778307900.0,2316.09,2316.72,2315.92,2316.32,260.784
1778307960.0,2316.31,2316.32,2316.25,2316.25,37.2876
1778308020.0,2316.25,2316.55,2316.25,2316.54,47.8373
1778308080.0,2316.55,2316.57,2316.54,2316.57,56.182
1778308140.0,2316.57,2317.37,2316.19,2316.99,290.7994
1778308200.0,2316.99,2317.73,2316.99,2317.57,41.3032
1778308260.0,2317.56,2317.56,2317.32,2317.33,63.5123
1778308320.0,2317.33,2317.77,2317.3,2317.77,83.1027
1778308380.0,2317.77,2318.28,2317.77,2318.28,89.3083
1778308440.0,2318.27,2319.59,2318.27,2319.17,265.9342
1778308500.0,2319.17,2319.18,2317.72,2317.72,81.913
1778308560.0,2317.72,2317.73,2317.08,2317.08,58.1881
1778308620.0,2317.09,2317.09,2315.62,2315.99,129.0489
1778308680.0,2315.99,2316.16,2315.02,2315.31,140.1559
1778308740.0,2315.3,2315.31,2313.46,2314.63,373.9298
1778308800.0,2314.64,2315.63,2314.63,2315.15,289.7435
1778308860.0,2315.16,2315.37,2315.15,2315.36,53.2693
1778308920.0,2315.36,2315.98,2315.06,2315.98,137.4711
1778308980.0,2315.99,2315.99,2315.85,2315.85,60.5307
1778309040.0,2315.86,2315.86,2315.06,2315.07,46.5417
1778309100.0,2315.06,2315.06,2314.79,2314.81,80.2246
1778309160.0,2314.81,2314.81,2313.77,2314.29,150.83
1778309220.0,2314.28,2315.58,2314.28,2315.35,185.1865
1778309280.0,2315.35,2315.35,2315.02,2315.29,54.5596
1778309340.0,2315.28,2315.37,2315.28,2315.36,72.4986
1778309400.0,2315.36,2315.36,2313.92,2313.92,61.7661
1778309460.0,2313.92,2314.21,2313.55,2313.93,359.7216
1778309520.0,2313.93,2313.94,2313.05,2313.71,120.6897
1778309580.0,2313.7,2313.71,2312.95,2312.96,86.9803
1778309640.0,2312.95,2312.96,2312.95,2312.95,43.2687
1778309700.0,2312.96,2314.99,2312.95,2314.05,365.3106
1778309760.0,2314.05,2314.06,2313.81,2314.06,61.0776
1778309820.0,2314.06,2314.2,2314.05,2314.19,44.1326
1778309880.0,2314.2,2314.2,2313.91,2313.91,52.8205
1778309940.0,2313.91,2314.35,2313.9,2314.35,92.3673
1778310000.0,2314.35,2315.62,2314.34,2315.09,271.5491
1778310060.0,2315.09,2315.94,2315.09,2315.48,281.1428
1778310120.0,2315.48,2315.69,2315.02,2315.03,100.3328
1778310180.0,2315.02,2315.63,2314.87,2314.87,186.3806
1778310240.0,2314.87,2314.88,2313.97,2314.35,138.8789
1778310300.0,2314.34,2314.35,2314.11,2314.11,38.4588
1778310360.0,2314.11,2314.12,2313.83,2313.97,88.6831
1778310420.0,2313.98,2313.98,2313.13,2313.13,287.4165
1778310480.0,2313.13,2313.13,2312.04,2312.04,128.3485
1778310540.0,2312.04,2312.05,2311.34,2312.0,188.629
1778310600.0,2311.99,2312.41,2311.99,2312.41,72.4095
1778310660.0,2312.41,2312.87,2312.4,2312.67,85.972
1778310720.0,2312.68,2312.81,2312.18,2312.66,154.0517
1778310780.0,2312.67,2313.31,2312.67,2313.3,43.1071
1778310840.0,2313.31,2313.31,2312.99,2313.05,59.0076
1778310900.0,2313.05,2314.2,2313.04,2314.19,274.5998
1778310960.0,2314.19,2314.2,2314.01,2314.01,64.1407
1778311020.0,2314.01,2314.23,2314.01,2314.22,72.8212
1778311080.0,2314.22,2315.88,2314.22,2315.88,466.856
1778311140.0,2315.87,2316.11,2315.87,2315.89,110.2193
1778311200.0,2315.88,2316.29,2315.88,2316.03,150.1154
1778311260.0,2316.03,2316.69,2316.02,2316.69,78.0504
1778311320.0,2316.69,2316.76,2316.68,2316.76,68.4118
1778311380.0,2316.76,2316.76,2316.7,2316.71,44.7658
1778311440.0,2316.71,2317.11,2316.7,2317.1,142.1518
1778311500.0,2317.11,2317.93,2317.11,2317.49,209.3305
1778311560.0,2317.49,2317.8,2317.49,2317.8,134.542
1778311620.0,2317.79,2318.56,2317.08,2317.08,144.671
1778311680.0,2317.08,2317.08,2316.66,2316.66,54.8115
1778311740.0,2316.66,2316.66,2315.98,2316.2,94.6746
1778311800.0,2316.19,2316.57,2316.19,2316.57,95.5744
1778311860.0,2316.56,2317.5,2316.56,2317.35,405.039
1778311920.0,2317.35,2317.36,2317.08,2317.28,65.1294
1778311980.0,2317.27,2317.28,2316.46,2316.47,72.8697
1778312040.0,2316.46,2317.74,2316.46,2317.23,365.9467
1778312100.0,2317.23,2317.24,2316.46,2316.47,74.9938
1778312160.0,2316.46,2316.47,2316.01,2316.01,88.3202
1778312220.0,2316.01,2316.02,2315.52,2315.97,224.6401
1778312280.0,2315.96,2316.04,2315.96,2316.04,74.2183
1778312340.0,2316.03,2316.04,2315.33,2315.74,154.3223
1778312400.0,2315.74,2315.75,2315.74,2315.75,57.4742
1778312460.0,2315.74,2316.45,2315.74,2315.9,321.9287
1778312520.0,2315.9,2315.9,2315.51,2315.54,66.2524
1778312580.0,2315.53,2315.91,2315.53,2315.78,203.4388
1778312640.0,2315.77,2316.0,2315.77,2315.99,118.4547
1778312700.0,2315.99,2316.0,2315.03,2315.41,320.2301
1778312760.0,2315.41,2315.42,2315.02,2315.02,49.275
1778312820.0,2315.02,2315.02,2314.16,2314.16,70.7777
1778312880.0,2314.15,2315.2,2314.15,2315.09,331.6853
1778312940.0,2315.08,2315.09,2315.08,2315.08,52.3444
1778313000.0,2315.08,2315.43,2315.08,2315.42,122.9351
1778313060.0,2315.42,2315.43,2315.09,2315.09,52.7898
1778313120.0,2315.09,2315.96,2315.09,2315.57,192.6043
1778313180.0,2315.57,2315.58,2315.41,2315.41,66.1091
1778313240.0,2315.41,2315.42,2315.3,2315.41,135.6491
1778313300.0,2315.41,2315.42,2315.16,2315.24,62.1825
1778313360.0,2315.24,2315.25,2315.04,2315.13,56.9938
1778313420.0,2315.12,2315.32,2315.06,2315.08,119.6425
1778313480.0,2315.08,2315.09,2314.87,2314.87,45.0171
1778313540.0,2314.88,2314.88,2314.69,2314.69,48.5367
1778313600.0,2314.69,2315.0,2314.23,2314.8,224.5781
1778313660.0,2314.8,2315.66,2314.8,2315.65,239.9734
1778313720.0,2315.65,2319.16,2315.65,2319.15,371.0122
1778313780.0,2319.15,2319.16,2318.47,2318.96,205.8419
1778313840.0,2318.96,2318.96,2318.25,2318.8,175.2291
1778313900.0,2318.8,2318.8,2318.13,2318.14,86.056
1778313960.0,2318.13,2318.24,2317.99,2318.0,121.6234
1778314020.0,2317.99,2318.67,2317.99,2318.23,99.3643
1778314080.0,2318.24,2318.24,2317.89,2317.89,64.6686
1778314140.0,2317.88,2318.13,2317.52,2317.77,278.1479
1778314200.0,2317.77,2317.96,2317.41,2317.96,73.5147
1778314260.0,2317.95,2317.96,2317.95,2317.96,45.9727
1778314320.0,2317.95,2318.64,2317.95,2318.64,120.827
1778314380.0,2318.64,2319.0,2318.63,2318.99,53.0875
1778314440.0,2318.99,2319.09,2318.64,2318.64,93.7642
1778314500.0,2318.64,2319.58,2318.52,2319.55,543.5081
1778314560.0,2319.54,2319.73,2318.28,2318.29,524.6246
1778314620.0,2318.28,2318.95,2318.28,2318.53,168.0243
1778314680.0,2318.54,2318.76,2318.1,2318.28,151.0525
1778314740.0,2318.28,2319.47,2318.1,2319.2,555.4975
1778314800.0,2319.2,2319.2,2318.16,2318.22,277.78
1778314860.0,2318.21,2318.31,2318.05,2318.05,59.6009
1778314920.0,2318.05,2318.06,2318.05,2318.06,70.1245
1778314980.0,2318.05,2318.86,2318.05,2318.52,250.1383
1778315040.0,2318.52,2318.52,2318.51,2318.52,40.176
1778315100.0,2318.52,2318.52,2318.13,2318.14,157.3812
1778315160.0,2318.13,2318.13,2318.05,2318.05,56.6097
1778315220.0,2318.05,2319.36,2318.03,2318.73,388.4393
1778315280.0,2318.72,2318.9,2318.72,2318.89,67.2962
1778315340.0,2318.89,2319.06,2318.89,2319.05,90.635
1778315400.0,2319.06,2320.03,2319.05,2320.03,121.3682
1778315460.0,2320.03,2320.53,2320.03,2320.22,317.7757
1778315520.0,2320.23,2320.23,2318.68,2319.4,279.8934
1778315580.0,2319.39,2319.39,2318.69,2318.7,371.6351
1778315640.0,2318.69,2319.56,2317.86,2318.13,342.9071
1778315700.0,2318.13,2319.11,2318.13,2318.54,131.6609
1778315760.0,2318.53,2318.74,2318.53,2318.74,55.111
1778315820.0,2318.74,2319.05,2318.73,2319.04,54.2989
1778315880.0,2319.04,2319.09,2318.16,2318.61,86.4994
1778315940.0,2318.61,2318.61,2318.45,2318.45,89.1088
1778316000.0,2318.45,2318.46,2317.83,2317.83,68.881
1778316060.0,2317.83,2317.84,2317.74,2317.75,37.6857
1778316120.0,2317.75,2317.75,2317.2,2317.44,87.4299
1778316180.0,2317.43,2318.32,2317.43,2318.25,57.1117
1778316240.0,2318.24,2318.25,2317.8,2317.8,47.1414
1778316300.0,2317.81,2317.81,2317.52,2317.53,42.6972
1778316360.0,2317.52,2317.53,2317.2,2317.2,77.5122
1778316420.0,2317.2,2317.2,2317.08,2317.09,47.5435
1778316480.0,2317.09,2317.09,2317.0,2317.0,50.1625
1778316540.0,2317.01,2317.01,2316.29,2316.29,43.096
1778316600.0,2316.3,2316.71,2316.29,2316.7,73.1867
1778316660.0,2316.7,2317.49,2316.7,2317.48,92.3876
1778316720.0,2317.48,2317.58,2317.48,2317.57,42.1361
1778316780.0,2317.57,2317.58,2317.12,2317.12,51.3756
1778316840.0,2317.12,2317.47,2317.12,2317.35,55.1878
1778316900.0,2317.35,2317.36,2317.35,2317.36,30.7939
1778316960.0,2317.35,2317.36,2316.77,2316.77,69.9705
1778317020.0,2316.78,2316.97,2316.34,2316.97,107.9474
1778317080.0,2316.97,2316.97,2316.96,2316.96,45.5825
1778317140.0,2316.96,2317.29,2316.96,2317.16,65.694
1778317200.0,2317.16,2317.16,2316.89,2316.89,42.9035
1778317260.0,2316.89,2316.9,2316.89,2316.9,33.0793
1778317320.0,2316.9,2316.91,2316.89,2316.9,89.8185
1778317380.0,2316.9,2317.52,2316.9,2317.51,108.4048
1778317440.0,2317.51,2317.52,2317.09,2317.09,246.1147
1778317500.0,2317.09,2317.09,2317.08,2317.08,39.1712
1778317560.0,2317.09,2317.09,2316.77,2316.77,48.1505
1778317620.0,2316.77,2316.77,2316.47,2316.67,71.7016
1778317680.0,2316.68,2316.68,2316.38,2316.39,45.441
1778317740.0,2316.39,2316.85,2316.27,2316.84,162.0579
1778317800.0,2316.84,2316.85,2315.76,2315.76,107.2512
1778317860.0,2315.76,2315.79,2315.61,2315.61,98.2664
1778317920.0,2315.62,2315.87,2315.61,2315.86,71.6937
1778317980.0,2315.87,2315.87,2315.0,2315.3,94.5106
1778318040.0,2315.29,2315.34,2315.29,2315.34,41.1207
1778318100.0,2315.33,2315.33,2314.85,2314.85,85.4122
1778318160.0,2314.85,2314.86,2312.61,2312.61,419.676
1778318220.0,2312.62,2313.23,2311.37,2311.64,523.3434
1778318280.0,2311.64,2312.84,2311.37,2312.78,316.055
1778318340.0,2312.78,2313.71,2312.7,2313.44,163.2638
1778318400.0,2313.45,2313.45,2312.95,2312.95,154.3167
1778318460.0,2312.95,2313.32,2312.95,2313.32,76.1163
1778318520.0,2313.32,2313.76,2313.32,2313.74,291.8716
1778318580.0,2313.73,2314.43,2313.73,2314.18,156.4608
1778318640.0,2314.19,2314.59,2314.18,2314.59,43.4922
1778318700.0,2314.59,2314.59,2314.3,2314.3,45.3774
1778318760.0,2314.31,2314.31,2313.66,2313.67,71.7163
1778318820.0,2313.66,2313.67,2313.03,2313.03,35.0549
1778318880.0,2313.03,2313.19,2313.02,2313.18,57.9106
1778318940.0,2313.18,2313.19,2313.18,2313.19,41.2443
1778319000.0,2313.18,2313.79,2313.18,2313.77,128.4358
1778319060.0,2313.77,2313.78,2312.95,2312.95,113.8196
1778319120.0,2312.96,2314.31,2312.95,2314.3,187.9665
1778319180.0,2314.31,2314.57,2314.21,2314.23,86.1897
1778319240.0,2314.22,2314.57,2313.86,2314.57,161.6049
1778319300.0,2314.56,2315.23,2314.48,2314.49,151.9324
1778319360.0,2314.48,2314.58,2314.16,2314.58,57.2316
1778319420.0,2314.57,2314.79,2314.57,2314.79,42.9507
1778319480.0,2314.79,2314.79,2314.54,2314.55,166.8758
1778319540.0,2314.55,2314.55,2314.04,2314.2,51.1029
1778319600.0,2314.2,2314.21,2314.2,2314.21,56.6328
1778319660.0,2314.21,2314.21,2313.54,2313.59,77.8852
1778319720.0,2313.59,2314.32,2313.59,2314.32,158.6642
1778319780.0,2314.31,2314.31,2313.61,2313.61,71.3423
1778319840.0,2313.62,2313.62,2313.61,2313.61,75.8859
1778319900.0,2313.61,2313.61,2313.42,2313.42,54.9032
1778319960.0,2313.42,2313.99,2313.42,2313.98,166.7289
1778320020.0,2313.99,2313.99,2313.65,2313.88,90.1822
1778320080.0,2313.88,2313.89,2313.88,2313.89,39.5375
1778320140.0,2313.89,2313.89,2312.55,2312.55,120.7212
1778320200.0,2312.56,2313.33,2312.16,2312.76,275.161
1778320260.0,2312.77,2312.79,2312.76,2312.79,51.6915
1778320320.0,2312.78,2312.92,2312.78,2312.91,39.3853
1778320380.0,2312.92,2313.13,2312.91,2313.13,42.6459
1778320440.0,2313.12,2313.84,2313.01,2313.01,156.3369
1778320500.0,2313.01,2313.49,2313.01,2313.48,42.3481
1778320560.0,2313.49,2313.49,2312.66,2312.75,162.8096
1778320620.0,2312.75,2312.79,2312.74,2312.78,53.2692
1778320680.0,2312.78,2312.79,2312.78,2312.78,31.5975
1778320740.0,2312.78,2313.29,2312.78,2313.28,50.1226
1778320800.0,2313.28,2313.29,2313.06,2313.07,80.1863
1778320860.0,2313.07,2313.07,2312.32,2312.75,130.6045
1778320920.0,2312.75,2312.76,2311.71,2311.71,259.6554
1778320980.0,2311.71,2311.72,2311.48,2311.5,140.9156
1778321040.0,2311.49,2312.78,2311.49,2312.59,283.6023
1778321100.0,2312.57,2312.57,2311.97,2311.98,84.3963
1778321160.0,2311.98,2311.98,2311.78,2311.78,90.2385
1778321220.0,2311.78,2311.78,2311.2,2311.21,187.8952
1778321280.0,2311.2,2311.21,2310.89,2310.9,198.0294
1778321340.0,2310.9,2310.9,2310.24,2310.25,104.3132
1778321400.0,2310.25,2310.75,2310.25,2310.75,62.2616
1778321460.0,2310.74,2311.66,2310.74,2311.66,82.8657
1778321520.0,2311.66,2311.98,2311.65,2311.98,47.6938
1778321580.0,2311.98,2312.48,2311.97,2312.48,68.3021
1778321640.0,2312.47,2312.87,2312.47,2312.86,38.6046
1778321700.0,2312.87,2313.3,2312.86,2313.3,61.6912
1778321760.0,2313.29,2314.34,2313.29,2314.33,75.4716
1778321820.0,2314.34,2314.55,2313.47,2313.47,105.0419
1778321880.0,2313.47,2313.48,2313.39,2313.39,50.6179
1778321940.0,2313.39,2313.4,2312.96,2312.96,90.8915
1778322000.0,2312.96,2312.96,2312.95,2312.96,47.6168
1778322060.0,2312.96,2312.96,2312.63,2312.63,50.3488
1778322120.0,2312.62,2312.63,2312.24,2312.25,58.0713
1778322180.0,2312.25,2312.25,2311.7,2311.7,45.8261
1778322240.0,2311.7,2311.71,2310.96,2311.46,119.5959
1778322300.0,2311.47,2311.83,2311.46,2311.82,42.2485
1778322360.0,2311.81,2312.17,2311.81,2312.16,245.3415
1778322420.0,2312.15,2312.24,2312.15,2312.23,62.988
1778322480.0,2312.24,2312.43,2312.23,2312.42,57.722
1778322540.0,2312.42,2312.43,2311.68,2311.68,89.2557
1778322600.0,2311.68,2311.89,2311.58,2311.88,61.3755
1778322660.0,2311.88,2312.64,2311.88,2312.63,80.0786
1778322720.0,2312.63,2312.86,2312.63,2312.86,55.7482
1778322780.0,2312.86,2312.86,2312.85,2312.85,53.5323
1778322840.0,2312.85,2313.29,2312.85,2313.28,94.4843
1778322900.0,2313.29,2313.72,2313.28,2313.72,66.3048
1778322960.0,2313.71,2313.72,2313.71,2313.71,42.7791
1778323020.0,2313.71,2313.71,2313.08,2313.23,78.1184
1778323080.0,2313.22,2313.36,2313.22,2313.35,35.0391
1778323140.0,2313.36,2314.68,2313.36,2314.68,73.1882
1778323200.0,2314.68,2315.03,2314.67,2314.68,123.1382
1778323260.0,2314.69,2314.69,2314.35,2314.36,52.1791
1778323320.0,2314.35,2314.36,2314.35,2314.35,36.5324
1778323380.0,2314.36,2314.44,2314.35,2314.43,41.2258
1778323440.0,2314.43,2314.44,2314.07,2314.08,66.0889
1778323500.0,2314.08,2314.08,2313.87,2313.87,46.8735
1778323560.0,2313.87,2314.06,2313.87,2314.06,65.236
1778323620.0,2314.06,2314.06,2313.17,2313.18,98.3177
1778323680.0,2313.17,2313.18,2312.95,2312.96,33.9892
1778323740.0,2312.95,2312.96,2312.79,2312.79,47.3943
1778323800.0,2312.79,2312.79,2312.63,2312.63,41.4478
1778323860.0,2312.64,2312.64,2312.49,2312.49,33.9578
1778323920.0,2312.49,2312.85,2312.49,2312.84,74.0601
1778323980.0,2312.84,2312.85,2312.84,2312.84,32.9077
1778324040.0,2312.85,2312.85,2312.59,2312.59,37.0054
1778324100.0,2312.59,2312.85,2312.59,2312.85,43.0649
1778324160.0,2312.84,2312.85,2312.84,2312.85,48.2055
1778324220.0,2312.84,2312.85,2312.48,2312.48,66.6267
1778324280.0,2312.49,2312.49,2312.36,2312.36,44.8699
1778324340.0,2312.36,2312.5,2312.36,2312.5,42.5293
1778324400.0,2312.49,2312.5,2312.49,2312.49,56.9258
1778324460.0,2312.5,2312.68,2312.49,2312.68,48.2456
1778324520.0,2312.67,2313.64,2312.67,2313.64,67.3328
1778324580.0,2313.64,2313.64,2313.63,2313.63,64.9436
1778324640.0,2313.64,2313.85,2313.63,2313.84,37.1038
1778324700.0,2313.85,2313.85,2313.49,2313.5,108.2017
1778324760.0,2313.5,2313.5,2313.27,2313.28,52.3929
1778324820.0,2313.28,2313.57,2313.27,2313.57,65.8192
1778324880.0,2313.57,2313.84,2313.56,2313.83,42.3857
1778324940.0,2313.83,2313.84,2313.49,2313.62,255.8743
1778325000.0,2313.62,2314.08,2313.61,2314.08,48.1651
1778325060.0,2314.08,2314.69,2314.08,2314.48,94.7844
1778325120.0,2314.48,2314.48,2314.07,2314.07,48.2928
1778325180.0,2314.06,2315.4,2314.06,2314.69,440.7962
1778325240.0,2314.68,2314.69,2314.56,2314.56,83.2681
1778325300.0,2314.56,2314.57,2314.47,2314.47,39.9567
1778325360.0,2314.48,2314.48,2313.82,2313.83,73.9727
1778325420.0,2313.83,2314.68,2313.59,2314.68,96.7566
1778325480.0,2314.67,2314.68,2313.87,2314.1,260.4675
1778325540.0,2314.1,2314.68,2314.1,2314.67,68.7722
1778325600.0,2314.67,2314.68,2314.67,2314.67,41.8538
1778325660.0,2314.67,2315.08,2314.67,2315.07,58.9694
1778325720.0,2315.07,2315.28,2315.07,2315.27,47.0574
1778325780.0,2315.28,2315.45,2315.06,2315.09,156.5429
1778325840.0,2315.09,2315.32,2315.06,2315.06,77.2478
1778325900.0,2315.07,2315.07,2315.06,2315.06,31.8247
1778325960.0,2315.07,2315.07,2315.02,2315.03,49.6087
1778326020.0,2315.02,2315.03,2314.75,2314.88,46.04
1778326080.0,2314.89,2314.89,2314.88,2314.88,36.3562
1778326140.0,2314.88,2315.2,2314.88,2315.2,53.8693
1778326200.0,2315.19,2315.2,2314.92,2314.93,263.7159
1778326260.0,2314.92,2314.93,2314.92,2314.92,47.6609
1778326320.0,2314.93,2314.93,2314.92,2314.92,49.1255
1778326380.0,2314.93,2315.24,2314.92,2315.23,137.3209
1778326440.0,2315.23,2315.56,2314.6,2314.78,470.9476
1778326500.0,2314.79,2314.88,2314.79,2314.88,47.975
1778326560.0,2314.87,2314.87,2314.26,2314.27,115.5723
1778326620.0,2314.26,2314.27,2314.1,2314.1,41.7675
1778326680.0,2314.11,2314.11,2314.0,2314.0,45.8061
1778326740.0,2314.0,2314.01,2314.0,2314.01,34.9626
1778326800.0,2314.0,2314.01,2313.79,2313.79,45.6225
1778326860.0,2313.8,2313.8,2313.68,2313.68,45.2762
1778326920.0,2313.69,2313.69,2313.68,2313.68,41.7378
1778326980.0,2313.68,2313.69,2313.6,2313.61,46.8882
1778327040.0,2313.61,2313.61,2313.54,2313.55,79.5885
1778327100.0,2313.54,2313.83,2313.54,2313.64,353.8005
1778327160.0,2313.64,2313.98,2313.64,2313.98,109.0581
1778327220.0,2313.98,2314.18,2313.97,2314.17,77.3839
1778327280.0,2314.17,2314.18,2314.17,2314.17,46.2545
1778327340.0,2314.17,2314.18,2313.75,2313.75,93.8797
1778327400.0,2313.74,2313.75,2313.74,2313.74,31.8328
1778327460.0,2313.74,2314.08,2313.74,2314.08,61.3915
1778327520.0,2314.08,2314.08,2314.07,2314.07,35.3377
1778327580.0,2314.07,2314.08,2313.94,2313.94,56.8586
1778327640.0,2313.94,2313.95,2313.94,2313.94,28.4448
1778327700.0,2313.94,2313.95,2313.94,2313.94,38.8541
1778327760.0,2313.94,2314.78,2313.94,2314.78,96.2941
1778327820.0,2314.78,2314.78,2314.77,2314.77,46.193
1778327880.0,2314.78,2314.78,2314.77,2314.77,35.8996
1778327940.0,2314.78,2315.38,2314.57,2314.57,156.569
1778328000.0,2314.56,2315.05,2314.53,2315.05,102.1443
1778328060.0,2315.05,2315.29,2315.04,2315.28,91.3149
1778328120.0,2315.29,2315.67,2315.28,2315.67,68.584
1778328180.0,2315.67,2315.67,2315.66,2315.66,38.0784
1778328240.0,2315.67,2316.4,2315.66,2316.4,104.4017
1778328300.0,2316.4,2317.08,2316.39,2317.07,180.587
1778328360.0,2317.07,2317.08,2315.85,2315.85,130.6671
1778328420.0,2315.85,2315.86,2315.34,2315.34,63.835
1778328480.0,2315.34,2315.35,2314.54,2314.54,61.4273
1778328540.0,2314.54,2314.69,2314.08,2314.69,104.3167
1778328600.0,2314.68,2314.92,2314.68,2314.91,40.2612
1778328660.0,2314.91,2315.25,2314.91,2315.25,55.1568
1778328720.0,2315.24,2315.64,2315.24,2315.62,126.8022
1778328780.0,2315.62,2315.62,2314.87,2314.87,139.7757
1778328840.0,2314.88,2314.88,2314.18,2314.19,65.0666
1778328900.0,2314.18,2314.19,2314.18,2314.18,37.6991
1778328960.0,2314.18,2314.19,2313.5,2313.51,140.9926
1778329020.0,2313.5,2313.51,2313.24,2313.24,77.2286
1778329080.0,2313.24,2313.27,2313.24,2313.26,68.747
1778329140.0,2313.26,2314.63,2313.26,2314.63,113.2071
1778329200.0,2314.62,2314.63,2314.62,2314.62,69.6961
1778329260.0,2314.63,2316.24,2314.63,2316.23,68.184
1778329320.0,2316.24,2317.37,2316.23,2317.37,263.0632
1778329380.0,2317.37,2317.65,2317.08,2317.09,124.3788
1778329440.0,2317.08,2317.68,2317.08,2317.68,166.7943
1778329500.0,2317.68,2318.27,2317.67,2317.67,501.9384
1778329560.0,2317.67,2317.68,2317.21,2317.21,184.1248
1778329620.0,2317.21,2317.22,2316.6,2316.82,70.2855
1778329680.0,2316.82,2317.11,2316.81,2317.1,64.2908
1778329740.0,2317.11,2317.11,2316.68,2316.85,93.1427
1778329800.0,2316.85,2316.85,2316.46,2316.46,62.809
1778329860.0,2316.46,2316.47,2316.0,2316.0,43.2835
1778329920.0,2316.0,2316.01,2315.65,2315.65,38.3451
1778329980.0,2315.66,2315.66,2315.17,2315.17,50.6181
1778330040.0,2315.17,2315.94,2315.17,2315.82,98.6564
1778330100.0,2315.83,2315.83,2315.3,2315.3,64.3549
1778330160.0,2315.31,2315.31,2315.3,2315.31,35.9342
1778330220.0,2315.3,2315.31,2315.25,2315.26,48.5743
1778330280.0,2315.26,2315.52,2315.02,2315.02,70.7609
1778330340.0,2315.02,2315.03,2314.47,2314.48,75.6538
1778330400.0,2314.47,2314.69,2314.34,2314.68,55.86
1778330460.0,2314.68,2314.69,2314.68,2314.68,42.0618
1778330520.0,2314.68,2315.15,2314.68,2315.14,55.0728
1778330580.0,2315.15,2315.48,2315.14,2315.47,52.117
1778330640.0,2315.48,2315.48,2315.28,2315.28,65.6034
1778330700.0,2315.28,2315.29,2315.02,2315.02,51.1519
1778330760.0,2315.03,2315.76,2315.03,2315.75,69.0335
1778330820.0,2315.75,2315.83,2315.75,2315.82,42.9568
1778330880.0,2315.83,2316.22,2315.82,2316.22,60.679
1778330940.0,2316.21,2316.46,2316.21,2316.45,57.5734
1778331000.0,2316.45,2316.68,2316.45,2316.67,61.1399
1778331060.0,2316.67,2316.68,2316.66,2316.66,75.624
1778331120.0,2316.67,2316.67,2316.52,2316.67,79.7694
1778331180.0,2316.66,2316.67,2316.66,2316.67,40.3691
1778331240.0,2316.66,2316.67,2316.41,2316.42,81.1356
1778331300.0,2316.42,2316.42,2315.96,2315.97,47.169
1778331360.0,2315.97,2315.97,2315.96,2315.97,50.1736
1778331420.0,2315.97,2316.14,2315.96,2316.13,89.326
1778331480.0,2316.14,2316.55,2316.13,2316.55,91.1928
1778331540.0,2316.54,2316.55,2316.54,2316.54,46.1152
1778331600.0,2316.54,2316.55,2316.54,2316.54,38.3823
1778331660.0,2316.54,2316.55,2316.54,2316.54,52.8285
1778331720.0,2316.55,2316.55,2316.54,2316.54,37.0528
1778331780.0,2316.54,2316.55,2315.08,2315.09,85.9814
1778331840.0,2315.08,2315.3,2315.08,2315.3,59.7084
1778331900.0,2315.3,2315.89,2315.3,2315.42,106.3009
1778331960.0,2315.42,2316.12,2315.28,2316.12,90.4326
1778332020.0,2316.12,2316.12,2316.11,2316.12,68.9649
1778332080.0,2316.12,2316.48,2316.11,2316.48,69.2002
1778332140.0,2316.47,2316.48,2316.46,2316.47,51.2679
1778332200.0,2316.46,2316.47,2316.19,2316.19,91.055
1778332260.0,2316.19,2316.19,2315.53,2315.53,42.2769
1778332320.0,2315.54,2315.54,2315.32,2315.33,29.2071
1778332380.0,2315.32,2315.33,2315.32,2315.33,34.4343
1778332440.0,2315.32,2315.68,2315.11,2315.68,123.4361
1778332500.0,2315.68,2316.01,2315.68,2316.0,154.134
1778332560.0,2316.0,2316.01,2315.54,2315.54,129.8244
1778332620.0,2315.54,2315.61,2315.54,2315.61,72.5563
1778332680.0,2315.61,2315.61,2315.6,2315.6,46.7734
1778332740.0,2315.6,2315.61,2315.6,2315.61,36.3334
1778332800.0,2315.6,2315.61,2314.23,2314.35,105.3031
1778332860.0,2314.36,2314.67,2313.74,2313.74,147.4053
1778332920.0,2313.74,2313.74,2313.07,2313.08,71.0568
1778332980.0,2313.08,2313.35,2313.07,2313.08,122.9181
1778333040.0,2313.09,2313.09,2313.08,2313.08,50.2249
1778333100.0,2313.08,2313.56,2313.02,2313.56,162.7546
1778333160.0,2313.55,2314.37,2313.55,2314.37,84.927
1778333220.0,2314.36,2314.78,2314.36,2314.77,55.9576
1778333280.0,2314.77,2315.1,2314.77,2315.1,55.1578
1778333340.0,2315.1,2315.1,2314.05,2314.05,131.7118
1778333400.0,2314.05,2314.28,2314.05,2314.28,52.3407
1778333460.0,2314.28,2314.28,2314.09,2314.09,59.0345
1778333520.0,2314.09,2314.36,2314.09,2314.35,69.8729
1778333580.0,2314.35,2314.51,2314.35,2314.5,44.5929
1778333640.0,2314.5,2314.52,2314.17,2314.17,98.736
1778333700.0,2314.17,2314.29,2314.0,2314.28,70.126
1778333760.0,2314.28,2314.77,2314.28,2314.76,64.2271
1778333820.0,2314.77,2314.77,2314.53,2314.54,108.9156
1778333880.0,2314.54,2314.54,2314.09,2314.1,59.1611
1778333940.0,2314.09,2314.1,2313.34,2313.34,49.2553
1778334000.0,2313.34,2313.34,2311.69,2311.7,267.2089
1778334060.0,2311.7,2312.3,2311.69,2312.03,117.8339
1778334120.0,2312.03,2312.4,2312.03,2312.39,94.4924
1778334180.0,2312.4,2312.87,2312.39,2312.86,63.4299
1778334240.0,2312.87,2313.01,2312.86,2313.01,52.2906
1778334300.0,2313.01,2313.78,2313.01,2313.78,81.6117
1778334360.0,2313.77,2313.78,2313.77,2313.77,44.5123
1778334420.0,2313.78,2313.78,2313.77,2313.77,45.5483
1778334480.0,2313.78,2313.9,2313.77,2313.89,49.1311
1778334540.0,2313.89,2313.89,2313.39,2313.4,178.1568
1778334600.0,2313.39,2313.4,2313.1,2313.1,32.0045
1778334660.0,2313.1,2313.11,2312.6,2312.6,136.978
1778334720.0,2312.6,2312.61,2312.49,2312.49,41.845
1778334780.0,2312.49,2312.5,2312.15,2312.15,105.8643
1778334840.0,2312.16,2312.5,2312.16,2312.5,162.3382
1778334900.0,2312.5,2313.13,2312.49,2313.12,70.9417
1778334960.0,2313.13,2313.57,2313.12,2313.56,17.7504
1778335020.0,2313.56,2314.08,2313.56,2314.07,35.044
1778335080.0,2314.08,2314.35,2314.07,2314.35,47.5665
1778335140.0,2314.34,2314.35,2314.34,2314.34,44.9564
1778335200.0,2314.34,2314.67,2314.02,2314.02,77.0717
1778335260.0,2314.02,2314.02,2313.85,2313.85,21.703
1778335320.0,2313.85,2313.86,2313.85,2313.86,8.0067
1778335380.0,2313.85,2313.86,2313.0,2313.01,88.1687
1778335440.0,2313.01,2313.01,2312.61,2312.99,58.6197
1778335500.0,2312.99,2313.0,2312.62,2312.76,45.6472
1778335560.0,2312.76,2313.44,2312.75,2313.43,42.5157
1778335620.0,2313.44,2313.44,2313.23,2313.23,29.9538
1778335680.0,2313.24,2313.25,2313.23,2313.25,15.9661
1778335740.0,2313.25,2313.44,2312.95,2312.96,65.0652
1778335800.0,2312.96,2313.72,2312.96,2313.71,63.3269
1778335860.0,2313.72,2314.06,2313.27,2314.06,194.9837
1778335920.0,2314.05,2315.32,2314.05,2314.99,195.0017
1778335980.0,2315.0,2315.0,2313.62,2313.62,39.5293
1778336040.0,2313.63,2313.63,2312.96,2313.61,102.9863
1778336100.0,2313.6,2313.6,2313.36,2313.36,42.4201
1778336160.0,2313.36,2313.36,2312.53,2312.68,123.6403
1778336220.0,2312.68,2313.26,2312.68,2313.25,60.416
1778336280.0,2313.25,2313.5,2312.95,2313.15,88.2289
1778336340.0,2313.14,2313.14,2312.67,2312.93,58.7501
1778336400.0,2312.93,2313.44,2312.92,2312.95,66.1425
1778336460.0,2312.96,2312.96,2312.95,2312.96,28.2177
1778336520.0,2312.96,2313.67,2312.0,2312.01,86.3364
1778336580.0,2312.0,2312.0,2307.42,2307.71,668.6123
1778336640.0,2307.7,2309.11,2306.91,2308.92,583.0578
1778336700.0,2308.92,2308.98,2307.82,2308.43,213.7824
1778336760.0,2308.44,2308.44,2306.91,2307.3,369.1869
1778336820.0,2307.29,2307.55,2306.57,2307.34,316.9491
1778336880.0,2307.33,2307.34,2305.77,2306.07,371.9675
1778336940.0,2306.07,2308.7,2306.07,2308.03,356.9887
1778337000.0,2308.03,2308.81,2308.03,2308.47,120.9457
1778337060.0,2308.47,2308.47,2307.0,2307.76,99.2672
1778337120.0,2307.75,2307.95,2306.54,2307.94,195.3575
1778337180.0,2307.94,2307.98,2306.9,2307.45,150.3255
1778337240.0,2307.45,2307.86,2306.76,2306.77,126.4668
1778337300.0,2306.76,2306.91,2306.05,2306.07,73.7682
1778337360.0,2306.07,2307.55,2306.06,2307.54,137.8025
1778337420.0,2307.55,2307.55,2305.87,2305.87,118.8087
1778337480.0,2305.88,2306.87,2305.87,2306.75,187.949
1778337540.0,2306.76,2306.76,2306.27,2306.74,244.1936
1778337600.0,2306.73,2306.74,2305.21,2305.33,149.1987
1778337660.0,2305.34,2306.56,2305.33,2306.55,60.5238
1778337720.0,2306.55,2307.67,2306.55,2307.66,267.8089
1778337780.0,2307.67,2308.83,2307.66,2308.83,66.5271
1778337840.0,2308.82,2309.07,2308.82,2308.84,181.2778
1778337900.0,2308.83,2309.02,2308.59,2308.97,123.7157
1778337960.0,2308.97,2309.0,2308.97,2309.0,31.6894
1778338020.0,2309.0,2310.65,2308.99,2310.64,134.0442
1778338080.0,2310.65,2311.4,2310.07,2310.07,226.08
1778338140.0,2310.06,2310.06,2309.18,2309.18,24.9162
1778338200.0,2309.18,2309.18,2308.55,2308.55,44.3105
1778338260.0,2308.55,2308.55,2306.76,2307.46,238.3566
1778338320.0,2307.46,2307.46,2305.9,2307.1,232.5667
1778338380.0,2307.1,2307.76,2307.09,2307.75,82.278
1778338440.0,2307.75,2307.76,2307.67,2307.67,45.5764
1778338500.0,2307.67,2307.67,2307.28,2307.48,57.6609
1778338560.0,2307.48,2307.68,2307.48,2307.51,42.0064
1778338620.0,2307.51,2308.0,2307.48,2307.48,45.1547
1778338680.0,2307.49,2307.86,2307.49,2307.76,126.3895
1778338740.0,2307.76,2308.68,2307.76,2308.27,128.8746
1778338800.0,2308.27,2308.27,2307.36,2307.96,129.9892
1778338860.0,2307.96,2308.24,2307.53,2308.24,72.7772
1778338920.0,2308.24,2309.25,2308.24,2309.2,43.2804
1778338980.0,2309.21,2309.68,2308.82,2308.82,82.4582
1778339040.0,2308.82,2308.83,2308.21,2308.22,37.374
1778339100.0,2308.22,2308.34,2304.32,2305.57,664.6425
1778339160.0,2305.57,2306.1,2304.79,2306.1,129.7842
1778339220.0,2306.1,2306.1,2305.44,2305.85,109.5948
1778339280.0,2305.86,2306.09,2305.55,2305.56,56.132
1778339340.0,2305.56,2305.56,2302.32,2303.73,834.9251
1778339400.0,2303.73,2304.69,2303.73,2303.88,87.2549
1778339460.0,2303.87,2303.88,2300.0,2301.08,1058.1206
1778339520.0,2301.08,2302.48,2301.08,2302.34,182.244
1778339580.0,2302.35,2303.65,2302.35,2303.35,123.6578
1778339640.0,2303.36,2304.12,2302.63,2304.12,111.9496
1778339700.0,2304.12,2305.56,2304.11,2305.56,297.824
1778339760.0,2305.56,2305.68,2305.17,2305.67,35.6693
1778339820.0,2305.68,2306.64,2305.67,2306.63,62.8945
1778339880.0,2306.64,2307.25,2306.11,2306.37,181.9403
1778339940.0,2306.36,2306.6,2306.18,2306.19,48.2045
1778340000.0,2306.18,2307.29,2306.18,2307.28,224.6674
1778340060.0,2307.29,2308.06,2307.09,2307.38,123.8787
1778340120.0,2307.37,2307.95,2307.01,2307.95,110.6626
1778340180.0,2307.95,2308.67,2307.94,2308.59,137.5159
1778340240.0,2308.59,2308.6,2307.77,2308.4,349.1903
1778340300.0,2308.4,2309.38,2308.39,2309.37,178.8688
1778340360.0,2309.38,2309.74,2308.93,2309.74,133.3924
1778340420.0,2309.73,2310.04,2309.27,2310.04,131.115
1778340480.0,2310.03,2310.15,2309.55,2310.0,77.9854
1778340540.0,2310.0,2311.06,2310.0,2310.9,281.5906
1778340600.0,2310.9,2311.88,2310.54,2311.87,187.9965
1778340660.0,2311.87,2312.16,2310.32,2310.72,167.5572
1778340720.0,2310.72,2311.25,2310.41,2311.25,249.2448
1778340780.0,2311.25,2311.3,2310.89,2311.08,87.9239
1778340840.0,2311.08,2311.8,2311.07,2311.67,177.1483
1778340900.0,2311.66,2312.91,2311.66,2312.74,276.8736
1778340960.0,2312.73,2313.5,2312.58,2313.5,369.9895
1778341020.0,2313.5,2314.28,2313.08,2313.08,241.023
1778341080.0,2313.07,2314.55,2312.95,2314.54,177.3679
1778341140.0,2314.54,2314.55,2313.92,2314.53,190.4352
1778341200.0,2314.53,2315.0,2314.08,2314.15,298.4211
1778341260.0,2314.15,2315.31,2314.15,2315.14,240.7284
1778341320.0,2315.14,2316.87,2314.26,2314.98,548.2574
1778341380.0,2314.98,2314.98,2313.35,2314.56,271.3384
1778341440.0,2314.55,2314.67,2313.25,2313.83,221.7155
1778341500.0,2313.84,2315.0,2313.84,2315.0,277.2537
1778341560.0,2315.0,2315.85,2314.99,2315.85,177.3861
1778341620.0,2315.84,2316.94,2315.84,2316.82,314.2598
1778341680.0,2316.83,2317.0,2316.35,2316.35,294.4746
1778341740.0,2316.36,2316.36,2315.03,2315.54,214.6947
1778341800.0,2315.53,2315.54,2315.36,2315.37,151.7745
1778341860.0,2315.37,2315.45,2315.0,2315.01,198.1961
1778341920.0,2315.0,2316.45,2315.0,2315.67,236.7653
1778341980.0,2315.67,2316.77,2315.66,2316.51,154.3045
1778342040.0,2316.5,2316.87,2316.5,2316.86,93.6214
1778342100.0,2316.87,2316.87,2316.86,2316.87,101.1142
1778342160.0,2316.87,2316.87,2315.91,2316.25,250.7352
1778342220.0,2316.25,2316.97,2316.24,2316.96,167.8993
1778342280.0,2316.97,2317.35,2316.21,2317.35,350.8575
1778342340.0,2317.35,2317.64,2317.35,2317.63,77.1137
1778342400.0,2317.64,2318.1,2316.65,2316.66,384.3662
1778342460.0,2316.65,2316.66,2315.29,2315.67,232.1305
1778342520.0,2315.68,2317.72,2315.67,2317.71,192.1392
1778342580.0,2317.72,2318.36,2317.72,2318.36,196.4057
1778342640.0,2318.36,2318.36,2317.08,2317.25,185.6696
1778342700.0,2317.25,2319.48,2317.25,2319.16,446.0326
1778342760.0,2319.15,2320.0,2318.49,2319.99,366.022
1778342820.0,2320.0,2320.82,2319.99,2320.17,306.4187
1778342880.0,2320.17,2320.95,2319.98,2320.74,384.3611
1778342940.0,2320.74,2321.18,2320.61,2321.18,394.0202
1778343000.0,2321.18,2321.91,2320.45,2321.85,467.8239
1778343060.0,2321.85,2321.85,2321.21,2321.21,196.6665
1778343120.0,2321.21,2321.21,2319.99,2320.59,193.4206
1778343180.0,2320.58,2320.79,2320.58,2320.66,134.1711
1778343240.0,2320.66,2321.0,2320.32,2321.0,200.5419
1778343300.0,2320.99,2321.72,2320.99,2321.67,168.0175
1778343360.0,2321.67,2322.59,2321.67,2322.36,431.2252
1778343420.0,2322.36,2323.57,2322.35,2323.56,439.7047
1778343480.0,2323.57,2323.57,2322.21,2322.22,279.0119
1778343540.0,2322.22,2322.22,2321.31,2322.06,240.7443
1778343600.0,2322.06,2325.28,2321.41,2323.61,526.1073
1778343660.0,2323.61,2323.93,2322.03,2322.97,298.7934
1778343720.0,2322.97,2323.32,2322.6,2323.22,186.9021
1778343780.0,2323.22,2323.22,2322.55,2323.11,238.3429
1778343840.0,2323.11,2323.37,2322.6,2323.37,192.5076
1778343900.0,2323.36,2324.3,2323.28,2323.3,208.2074
1778343960.0,2323.3,2323.62,2322.07,2322.07,195.0066
1778344020.0,2322.05,2322.32,2321.76,2321.9,268.911
1778344080.0,2321.91,2321.91,2320.72,2320.73,200.0997
1778344140.0,2320.72,2320.72,2319.62,2319.9,253.0605
1778344200.0,2319.89,2320.42,2319.39,2319.6,307.1042
1778344260.0,2319.59,2321.21,2319.59,2320.6,261.9353
1778344320.0,2320.6,2321.79,2320.6,2321.05,334.1534
1778344380.0,2321.05,2321.63,2320.5,2320.63,302.3722
1778344440.0,2320.64,2320.86,2319.32,2320.39,248.6365
1778344500.0,2320.4,2320.77,2320.31,2320.77,196.917
1778344560.0,2320.77,2321.0,2320.18,2321.0,332.5537
1778344620.0,2321.0,2321.23,2320.89,2320.89,267.5099
1778344680.0,2320.9,2320.9,2320.11,2320.11,145.3079
1778344740.0,2320.12,2320.12,2319.16,2319.17,184.7809
1778344800.0,2319.17,2319.17,2317.18,2317.6,551.3919
1778344860.0,2317.61,2319.36,2317.6,2318.13,307.0339
1778344920.0,2318.14,2318.98,2317.63,2318.35,308.8394
1778344980.0,2318.36,2319.74,2318.35,2319.17,315.1365
1778345040.0,2319.18,2320.58,2319.17,2320.58,271.6601
1778345100.0,2320.58,2320.92,2320.34,2320.35,149.1275
1778345160.0,2320.35,2321.04,2320.06,2320.07,233.2759
1778345220.0,2320.07,2320.92,2319.86,2319.86,175.7394
1778345280.0,2319.87,2321.0,2319.86,2320.69,257.2764
1778345340.0,2320.69,2321.0,2320.34,2320.76,225.837
1778345400.0,2320.77,2321.0,2319.04,2319.35,211.3674
1778345460.0,2319.36,2319.36,2318.19,2318.65,138.9689
1778345520.0,2318.66,2319.68,2318.65,2319.68,150.3882
1778345580.0,2319.68,2320.4,2319.68,2320.21,156.2458
1778345640.0,2320.21,2320.21,2319.18,2320.1,118.6506
1778345700.0,2320.1,2320.84,2320.0,2320.01,238.1987
1778345760.0,2320.01,2320.85,2320.0,2320.84,111.4049
1778345820.0,2320.85,2320.85,2320.24,2320.24,167.6119
1778345880.0,2320.25,2320.99,2320.17,2320.17,269.6549
1778345940.0,2320.18,2320.44,2319.73,2319.99,120.0977
1778346000.0,2320.0,2320.68,2320.0,2320.68,110.5805
1778346060.0,2320.68,2321.68,2320.68,2320.69,206.7538
1778346120.0,2320.69,2321.05,2320.53,2321.05,120.4352
1778346180.0,2321.05,2321.83,2321.04,2321.82,216.3196
1778346240.0,2321.83,2323.77,2321.83,2323.2,483.3799
1778346300.0,2323.2,2330.0,2323.2,2328.51,2156.1054
1778346360.0,2328.51,2329.94,2326.76,2328.41,523.2047
1778346420.0,2328.41,2331.99,2328.41,2331.55,1890.0842
1778346480.0,2331.55,2333.22,2330.11,2332.78,989.3398
1778346540.0,2332.78,2332.78,2330.26,2331.45,373.6199
1778346600.0,2331.44,2331.98,2330.3,2331.54,513.0355
1778346660.0,2331.55,2333.61,2331.54,2332.55,459.892
1778346720.0,2332.55,2333.18,2332.0,2332.0,324.813
1778346780.0,2332.01,2332.22,2330.29,2330.62,407.2297
1778346840.0,2330.63,2330.63,2329.88,2330.33,144.5938
1778346900.0,2330.34,2331.2,2330.34,2330.44,250.1337
1778346960.0,2330.45,2330.94,2329.47,2329.92,131.1782
1778347020.0,2329.92,2330.1,2328.78,2329.48,282.4563
1778347080.0,2329.48,2329.92,2326.38,2328.93,927.2953
1778347140.0,2328.93,2329.6,2328.72,2329.6,190.3167
1778347200.0,2329.6,2329.66,2328.01,2328.58,245.2216
1778347260.0,2328.58,2329.6,2328.47,2328.99,292.7796
1778347320.0,2328.99,2329.37,2328.48,2329.36,212.6905
1778347380.0,2329.36,2329.36,2328.4,2328.4,113.847
1778347440.0,2328.41,2328.79,2328.15,2328.37,363.2847
1778347500.0,2328.38,2330.0,2328.38,2329.48,122.6359
1778347560.0,2329.48,2330.12,2329.47,2329.62,134.9492
1778347620.0,2329.62,2331.49,2328.82,2330.85,510.6952
1778347680.0,2330.86,2331.81,2330.54,2331.81,360.6688
1778347740.0,2331.81,2332.0,2331.52,2331.87,160.3852
1778347800.0,2331.87,2333.27,2331.87,2332.23,499.7525
1778347860.0,2332.24,2333.02,2332.24,2332.53,217.0661
1778347920.0,2332.54,2332.54,2331.43,2331.43,160.4465
1778347980.0,2331.44,2331.61,2331.0,2331.61,618.035
1778348040.0,2331.61,2332.34,2330.88,2331.35,860.2486
1778348100.0,2331.36,2332.55,2331.35,2331.99,467.6474
1778348160.0,2332.0,2332.43,2331.32,2331.32,304.3308
1778348220.0,2331.33,2332.34,2331.32,2332.05,175.1879
1778348280.0,2332.05,2332.05,2331.5,2331.51,325.4606
1778348340.0,2331.51,2331.91,2330.67,2331.28,336.958
1778348400.0,2331.28,2331.66,2331.27,2331.66,109.1314
1778348460.0,2331.66,2331.67,2331.27,2331.27,141.7487
1778348520.0,2331.28,2331.69,2331.27,2331.64,112.5302
1778348580.0,2331.64,2332.29,2331.4,2331.4,179.1293
1778348640.0,2331.41,2331.41,2330.49,2330.49,249.2378
1778348700.0,2330.5,2330.78,2329.8,2330.78,271.6803
1778348760.0,2330.78,2331.01,2330.77,2331.0,96.1805
1778348820.0,2331.01,2331.01,2330.28,2330.28,136.6551
1778348880.0,2330.28,2330.29,2329.21,2329.21,212.292
1778348940.0,2329.22,2329.45,2328.45,2328.45,436.9407
1778349000.0,2328.46,2328.81,2328.45,2328.8,176.795
1778349060.0,2328.81,2328.81,2328.0,2328.01,133.5495
1778349120.0,2328.01,2328.78,2328.0,2328.55,134.0239
1778349180.0,2328.56,2328.78,2327.96,2327.96,160.2001
1778349240.0,2327.97,2327.98,2327.96,2327.98,73.3507
1778349300.0,2327.98,2327.98,2327.13,2327.45,165.7529
1778349360.0,2327.46,2327.7,2327.45,2327.7,89.0466
1778349420.0,2327.7,2329.46,2326.9,2329.05,516.745
1778349480.0,2329.05,2330.62,2328.97,2330.17,371.7431
1778349540.0,2330.18,2330.18,2329.45,2329.45,149.7011
1778349600.0,2329.46,2330.74,2329.45,2330.73,330.4743
1778349660.0,2330.74,2332.97,2330.73,2332.72,323.3399
1778349720.0,2332.72,2332.72,2331.83,2331.83,212.8159
1778349780.0,2331.84,2332.01,2331.44,2331.45,217.4917
1778349840.0,2331.45,2332.53,2331.44,2331.55,212.9036
1778349900.0,2331.55,2331.62,2331.54,2331.61,101.337
1778349960.0,2331.61,2331.81,2331.4,2331.4,103.3993
1778350020.0,2331.41,2332.7,2331.4,2332.69,119.9223
1778350080.0,2332.69,2332.69,2331.76,2331.76,146.6825
1778350140.0,2331.77,2332.24,2331.76,2332.13,145.0846
1778350200.0,2332.13,2332.13,2331.0,2331.0,137.4872
1778350260.0,2331.01,2331.01,2330.82,2330.83,67.7116
1778350320.0,2330.83,2330.83,2330.41,2330.42,80.9645
1778350380.0,2330.42,2330.42,2329.73,2329.73,114.3302
1778350440.0,2329.74,2330.07,2329.27,2330.06,201.7625
1778350500.0,2330.07,2330.61,2330.06,2330.61,216.7123
1778350560.0,2330.61,2331.13,2330.6,2330.7,136.2362
1778350620.0,2330.71,2331.07,2330.62,2331.07,104.6337
1778350680.0,2331.07,2331.55,2330.86,2330.86,135.7191
1778350740.0,2330.86,2330.86,2330.56,2330.56,105.9345
1778350800.0,2330.57,2330.79,2330.42,2330.42,94.3903
1778350860.0,2330.43,2330.43,2330.42,2330.42,84.095
1778350920.0,2330.43,2330.43,2330.42,2330.43,66.0503
1778350980.0,2330.43,2330.43,2329.5,2330.43,150.3405
1778351040.0,2330.43,2330.86,2330.42,2330.86,92.0841
1778351100.0,2330.86,2333.11,2330.85,2333.11,121.1483
1778351160.0,2333.1,2338.37,2333.1,2338.07,2092.6643
1778351220.0,2338.07,2338.33,2336.26,2336.72,379.7775
1778351280.0,2336.73,2337.66,2336.28,2337.36,498.6619
1778351340.0,2337.37,2337.39,2336.16,2336.76,179.7843
1778351400.0,2336.77,2337.93,2335.14,2335.14,549.1346
1778351460.0,2335.14,2335.86,2334.35,2334.36,211.0786
1778351520.0,2334.36,2335.48,2334.35,2334.7,164.5609
1778351580.0,2334.7,2334.84,2334.1,2334.76,182.7971
1778351640.0,2334.76,2334.76,2334.36,2334.6,81.7366
1778351700.0,2334.6,2334.6,2333.16,2333.16,289.1574
1778351760.0,2333.16,2333.62,2332.73,2332.96,136.1503
1778351820.0,2332.96,2333.37,2332.65,2332.96,100.7365
1778351880.0,2332.96,2332.96,2332.42,2332.43,92.3246
1778351940.0,2332.43,2332.82,2332.12,2332.13,106.3936
1778352000.0,2332.13,2332.24,2332.0,2332.23,89.1529
1778352060.0,2332.24,2332.24,2331.67,2331.68,108.284
1778352120.0,2331.67,2331.79,2331.01,2331.79,186.2179
1778352180.0,2331.79,2331.79,2331.61,2331.62,101.7429
1778352240.0,2331.62,2331.63,2331.33,2331.33,76.3394
1778352300.0,2331.33,2331.34,2330.52,2330.52,108.2961
1778352360.0,2330.53,2330.53,2329.94,2329.95,98.4697
1778352420.0,2329.94,2330.39,2329.65,2330.39,157.412
1778352480.0,2330.39,2331.02,2330.36,2330.37,127.0205
1778352540.0,2330.36,2330.89,2330.36,2330.88,82.279
1778352600.0,2330.88,2330.88,2330.33,2330.33,89.3102
1778352660.0,2330.33,2330.34,2330.11,2330.23,111.2107
1778352720.0,2330.22,2330.23,2330.22,2330.22,67.5689
1778352780.0,2330.22,2330.99,2330.22,2330.45,129.622
1778352840.0,2330.46,2330.46,2329.78,2329.78,93.1041
1778352900.0,2329.77,2329.77,2328.8,2329.04,202.9048
1778352960.0,2329.04,2329.48,2329.03,2329.47,68.543
1778353020.0,2329.48,2329.99,2329.48,2329.85,148.3525
1778353080.0,2329.86,2329.92,2329.85,2329.91,143.7768
1778353140.0,2329.92,2330.76,2329.91,2330.22,170.929
1778353200.0,2330.23,2331.15,2330.22,2330.72,166.1032
1778353260.0,2330.72,2330.72,2330.31,2330.31,72.6842
1778353320.0,2330.31,2330.32,2330.19,2330.19,75.72
1778353380.0,2330.19,2330.2,2329.11,2329.11,91.1838
1778353440.0,2329.11,2329.12,2328.81,2328.81,58.4106
1778353500.0,2328.81,2331.08,2328.81,2330.47,875.8128
1778353560.0,2330.47,2330.48,2330.08,2330.09,75.7466
1778353620.0,2330.08,2330.09,2329.72,2329.73,72.3744
1778353680.0,2329.72,2331.65,2329.72,2330.88,766.0023
1778353740.0,2330.87,2330.88,2330.87,2330.87,61.9285
1778353800.0,2330.88,2330.88,2329.84,2330.6,108.098
1778353860.0,2330.59,2330.6,2330.46,2330.46,65.6992
1778353920.0,2330.46,2330.47,2330.43,2330.44,65.0023
1778353980.0,2330.44,2330.44,2330.22,2330.23,78.0913
1778354040.0,2330.22,2330.22,2329.98,2329.98,66.6491
1778354100.0,2329.98,2329.99,2329.1,2329.1,84.071
1778354160.0,2329.1,2329.29,2328.92,2328.92,114.3387
1778354220.0,2328.93,2328.93,2327.55,2327.56,173.2871
1778354280.0,2327.55,2328.07,2327.55,2328.07,119.5096
1778354340.0,2328.07,2328.93,2328.06,2328.93,182.6637
1778354400.0,2328.92,2328.93,2328.4,2328.4,99.8352
1778354460.0,2328.4,2328.84,2328.24,2328.83,87.6654
1778354520.0,2328.83,2329.1,2328.83,2329.09,119.0554
1778354580.0,2329.1,2329.1,2329.09,2329.09,59.2653
1778354640.0,2329.09,2329.1,2328.77,2328.77,85.9715
1778354700.0,2328.77,2328.77,2327.55,2327.55,109.8913
1778354760.0,2327.55,2327.56,2327.51,2327.51,69.6335
1778354820.0,2327.52,2327.52,2326.54,2326.78,147.0918
1778354880.0,2326.79,2328.95,2326.79,2328.38,757.2399
1778354940.0,2328.37,2328.55,2328.37,2328.54,83.1742
1778355000.0,2328.55,2328.85,2328.12,2328.12,126.1857
1778355060.0,2328.12,2328.43,2328.12,2328.15,100.8982
1778355120.0,2328.15,2328.56,2328.15,2328.56,80.1702
1778355180.0,2328.55,2328.79,2328.55,2328.79,80.5131
1778355240.0,2328.78,2328.79,2328.31,2328.32,91.8585
1778355300.0,2328.31,2328.32,2327.76,2328.09,109.7825
1778355360.0,2328.1,2328.1,2327.81,2327.82,87.9301
1778355420.0,2327.81,2327.82,2327.34,2327.66,119.9526
1778355480.0,2327.66,2328.1,2327.66,2328.02,80.7651
1778355540.0,2328.03,2328.03,2327.96,2327.96,72.3698
1778355600.0,2327.97,2328.73,2327.97,2328.72,69.6423
1778355660.0,2328.72,2328.73,2327.62,2327.63,140.4251
1778355720.0,2327.63,2327.63,2327.62,2327.63,73.4842
1778355780.0,2327.62,2327.76,2327.62,2327.75,76.0943
1778355840.0,2327.76,2328.73,2327.75,2328.36,154.0211
1778355900.0,2328.35,2328.6,2328.35,2328.59,191.8329
1778355960.0,2328.6,2328.6,2327.45,2327.45,89.3437
1778356020.0,2327.46,2328.49,2327.45,2328.39,98.4706
1778356080.0,2328.39,2328.73,2328.39,2328.72,80.7857
1778356140.0,2328.73,2329.48,2328.72,2329.48,75.113
1778356200.0,2329.47,2330.82,2329.47,2330.81,191.9129
1778356260.0,2330.81,2330.82,2330.46,2330.81,345.9925
1778356320.0,2330.81,2330.82,2330.72,2330.72,102.818
1778356380.0,2330.72,2331.38,2330.72,2331.29,321.9173
1778356440.0,2331.3,2332.2,2330.44,2332.15,336.8298
1778356500.0,2332.16,2333.1,2332.16,2332.76,296.2223
1778356560.0,2332.75,2332.89,2331.98,2331.98,162.1824
1778356620.0,2331.99,2332.19,2331.98,2332.18,135.0213
1778356680.0,2332.19,2332.19,2331.82,2331.82,85.0338
1778356740.0,2331.82,2332.18,2331.82,2332.01,133.8313
1778356800.0,2332.02,2332.81,2332.02,2332.32,174.9853
1778356860.0,2332.33,2332.44,2332.26,2332.44,104.9955
1778356920.0,2332.43,2332.76,2332.28,2332.29,122.5506
1778356980.0,2332.28,2332.28,2330.89,2330.89,71.3242
1778357040.0,2330.9,2330.9,2330.35,2330.35,109.9593
1778357100.0,2330.35,2330.36,2330.02,2330.02,84.2483
1778357160.0,2330.02,2330.03,2329.22,2329.29,94.885
1778357220.0,2329.29,2329.79,2329.28,2329.57,108.3517
1778357280.0,2329.58,2329.83,2329.47,2329.83,104.9892
1778357340.0,2329.83,2329.83,2329.75,2329.76,76.952
1778357400.0,2329.76,2329.76,2329.48,2329.48,70.7005
1778357460.0,2329.48,2329.49,2328.99,2328.99,71.4511
1778357520.0,2328.99,2328.99,2328.44,2328.45,135.7356
1778357580.0,2328.44,2328.45,2328.21,2328.21,76.696
1778357640.0,2328.21,2328.22,2327.97,2327.98,109.3187
1778357700.0,2327.98,2327.98,2327.82,2327.82,66.3341
1778357760.0,2327.82,2329.69,2327.82,2329.69,635.1717
1778357820.0,2329.68,2329.68,2328.86,2328.86,100.0828
1778357880.0,2328.85,2328.85,2328.29,2328.29,62.3613
1778357940.0,2328.3,2328.47,2328.29,2328.46,73.1084
1778358000.0,2328.46,2329.04,2328.46,2329.04,71.5106
1778358060.0,2329.04,2329.04,2329.03,2329.03,73.5692
1778358120.0,2329.03,2329.04,2329.03,2329.04,70.1383
1778358180.0,2329.03,2329.04,2328.9,2328.9,79.1686
1778358240.0,2328.9,2328.9,2328.01,2328.01,86.7959
1778358300.0,2328.02,2328.02,2327.64,2327.98,74.8462
1778358360.0,2327.99,2328.76,2327.98,2328.75,75.3751
1778358420.0,2328.76,2328.76,2328.75,2328.75,75.6222
1778358480.0,2328.76,2328.76,2328.65,2328.66,60.0656
1778358540.0,2328.65,2328.78,2328.65,2328.73,65.5603
1778358600.0,2328.73,2329.09,2328.73,2328.78,93.4133
1778358660.0,2328.78,2328.79,2328.68,2328.68,70.9922
1778358720.0,2328.67,2328.67,2328.61,2328.62,87.2761
1778358780.0,2328.62,2328.62,2327.75,2327.75,82.6756
1778358840.0,2327.76,2327.76,2327.26,2327.67,156.0082
1778358900.0,2327.67,2328.23,2327.61,2328.23,96.5697
1778358960.0,2328.22,2328.23,2328.17,2328.17,71.9826
1778359020.0,2328.18,2328.59,2328.17,2328.58,83.8177
1778359080.0,2328.59,2328.69,2328.58,2328.68,58.2286
1778359140.0,2328.68,2329.17,2328.68,2329.07,127.1666
1778359200.0,2329.06,2329.35,2328.68,2329.35,98.5614
1778359260.0,2329.34,2329.56,2329.34,2329.56,106.4189
1778359320.0,2329.56,2329.85,2329.55,2329.84,91.1756
1778359380.0,2329.85,2330.12,2329.84,2330.11,75.5407
1778359440.0,2330.12,2330.12,2329.48,2329.48,94.3403
1778359500.0,2329.47,2329.48,2328.84,2328.84,75.1135
1778359560.0,2328.85,2328.85,2328.7,2328.71,69.4113
1778359620.0,2328.71,2328.71,2328.69,2328.69,72.2765
1778359680.0,2328.7,2328.71,2328.68,2328.71,75.6588
1778359740.0,2328.7,2328.71,2328.7,2328.7,73.6757
1778359800.0,2328.71,2329.32,2328.7,2329.32,92.5229
1778359860.0,2329.32,2329.56,2329.32,2329.56,77.2467
1778359920.0,2329.56,2329.56,2329.55,2329.56,57.7273
1778359980.0,2329.56,2330.06,2329.55,2330.06,75.7658
1778360040.0,2330.06,2330.06,2329.47,2329.47,124.2579
1778360100.0,2329.47,2330.05,2329.47,2329.6,99.1783
1778360160.0,2329.61,2330.03,2329.42,2330.03,112.0231
1778360220.0,2330.02,2330.03,2330.02,2330.02,72.6078
1778360280.0,2330.02,2330.03,2329.47,2329.47,167.3846
1778360340.0,2329.47,2329.47,2329.17,2329.18,76.4908
1778360400.0,2329.17,2329.72,2329.07,2329.07,159.39
1778360460.0,2329.08,2329.49,2329.0,2329.48,181.7541
1778360520.0,2329.48,2329.8,2329.48,2329.8,89.6096
1778360580.0,2329.8,2329.96,2329.79,2329.96,89.2209
1778360640.0,2329.96,2329.96,2329.65,2329.66,129.7975
1778360700.0,2329.65,2330.3,2329.65,2330.29,118.2144
1778360760.0,2330.29,2330.65,2330.29,2330.64,75.0777
1778360820.0,2330.65,2330.83,2330.64,2330.83,54.5983
1778360880.0,2330.83,2330.83,2330.38,2330.64,152.5053
1778360940.0,2330.64,2330.65,2330.64,2330.65,53.7304
1778361000.0,2330.64,2330.65,2330.64,2330.65,63.6596
1778361060.0,2330.65,2330.65,2330.64,2330.64,70.5911
1778361120.0,2330.64,2330.75,2330.64,2330.74,74.4004
1778361180.0,2330.75,2331.51,2330.75,2330.87,335.2637
1778361240.0,2330.86,2330.87,2330.62,2330.62,73.9841
1778361300.0,2330.63,2330.63,2330.62,2330.63,66.4431
1778361360.0,2330.62,2331.19,2330.62,2331.19,84.9379
1778361420.0,2331.18,2331.19,2330.82,2330.82,97.0167
1778361480.0,2330.83,2330.83,2330.76,2330.76,54.6057
1778361540.0,2330.76,2330.77,2330.62,2330.62,85.6093
1778361600.0,2330.63,2330.63,2329.9,2329.91,76.913
1778361660.0,2329.9,2329.91,2329.47,2329.48,168.2998
1778361720.0,2329.48,2329.85,2329.47,2329.66,104.4364
1778361780.0,2329.66,2329.66,2329.19,2329.19,87.529
1778361840.0,2329.19,2329.2,2328.76,2328.76,60.907
1778361900.0,2328.76,2329.32,2328.62,2329.31,109.1932
1778361960.0,2329.31,2329.31,2328.67,2328.69,117.3083
1778362020.0,2328.68,2329.67,2328.68,2329.66,154.4272
1778362080.0,2329.66,2330.27,2329.66,2330.27,83.5086
1778362140.0,2330.26,2330.49,2330.26,2330.49,63.6005
1778362200.0,2330.49,2330.49,2330.28,2330.29,121.5813
1778362260.0,2330.28,2330.29,2329.8,2329.81,118.0244
1778362320.0,2329.8,2329.8,2329.66,2329.67,65.02
1778362380.0,2329.66,2329.67,2329.66,2329.66,66.1187
1778362440.0,2329.66,2329.67,2329.66,2329.66,72.9309
1778362500.0,2329.66,2329.67,2329.66,2329.66,64.5915
1778362560.0,2329.66,2329.67,2329.66,2329.67,65.0082
1778362620.0,2329.66,2329.67,2329.66,2329.67,68.1462
1778362680.0,2329.66,2329.66,2329.39,2329.39,94.6411
1778362740.0,2329.39,2329.4,2329.27,2329.28,62.2613
1778362800.0,2329.28,2329.53,2329.23,2329.52,120.5347
1778362860.0,2329.53,2330.7,2329.52,2330.7,138.1962
1778362920.0,2330.71,2330.92,2330.55,2330.56,101.4886
1778362980.0,2330.55,2330.56,2329.43,2329.99,186.0401
1778363040.0,2330.0,2330.24,2329.88,2329.88,107.4998
1778363100.0,2329.89,2329.89,2329.73,2329.73,74.3182
1778363160.0,2329.73,2329.74,2329.47,2329.48,58.3774
1778363220.0,2329.47,2329.47,2328.92,2328.93,93.2097
1778363280.0,2328.93,2329.84,2328.92,2329.83,96.9752
1778363340.0,2329.83,2330.6,2329.83,2330.53,76.6211
1778363400.0,2330.54,2331.55,2330.54,2330.59,204.0784
1778363460.0,2330.59,2330.59,2330.58,2330.59,66.9414
1778363520.0,2330.59,2330.59,2330.15,2330.16,62.8211
1778363580.0,2330.16,2330.16,2330.11,2330.11,58.0499
1778363640.0,2330.12,2331.55,2330.11,2330.95,249.746
1778363700.0,2330.96,2330.96,2330.83,2330.83,61.9013
1778363760.0,2330.83,2330.84,2330.83,2330.83,70.9076
1778363820.0,2330.83,2331.55,2330.83,2331.32,128.1891
1778363880.0,2331.31,2331.32,2330.88,2331.31,107.4553
1778363940.0,2331.32,2331.32,2330.81,2330.82,95.3096
1778364000.0,2330.82,2331.55,2330.82,2331.19,125.8183
1778364060.0,2331.19,2331.2,2330.1,2330.79,100.3236
1778364120.0,2330.79,2331.53,2330.79,2331.41,418.9952
1778364180.0,2331.41,2331.42,2330.51,2330.56,110.6195
1778364240.0,2330.56,2331.08,2330.13,2331.08,175.5258
1778364300.0,2331.08,2331.09,2331.05,2331.05,90.1041
1778364360.0,2331.06,2331.21,2330.15,2330.53,122.1452
1778364420.0,2330.52,2330.66,2330.52,2330.52,71.7608
1778364480.0,2330.53,2330.53,2329.76,2329.76,76.4031
1778364540.0,2329.77,2330.06,2329.47,2330.05,113.3555
1778364600.0,2330.05,2330.05,2329.8,2329.8,78.7517
1778364660.0,2329.8,2330.66,2329.72,2330.65,168.8721
1778364720.0,2330.66,2330.66,2329.66,2329.67,98.4224
1778364780.0,2329.67,2329.77,2329.66,2329.76,61.492
1778364840.0,2329.76,2330.15,2329.76,2330.15,71.4844
1778364900.0,2330.15,2330.58,2330.14,2330.57,93.4892
1778364960.0,2330.58,2331.99,2330.58,2331.54,451.0048
1778365020.0,2331.54,2331.6,2331.54,2331.59,80.062
1778365080.0,2331.6,2331.82,2331.6,2331.81,108.4496
1778365140.0,2331.81,2331.81,2331.22,2331.23,91.9576
1778365200.0,2331.24,2331.48,2331.23,2331.47,94.3976
1778365260.0,2331.47,2331.79,2331.47,2331.55,140.3825
1778365320.0,2331.54,2331.54,2331.12,2331.13,99.0018
1778365380.0,2331.13,2331.36,2330.87,2331.35,106.2635
1778365440.0,2331.35,2331.36,2331.05,2331.17,114.34
1778365500.0,2331.17,2331.18,2331.05,2331.05,69.4984
1778365560.0,2331.06,2331.06,2331.05,2331.05,67.8145
1778365620.0,2331.05,2331.06,2331.05,2331.06,65.1284
1778365680.0,2331.05,2331.11,2331.05,2331.11,89.395
1778365740.0,2331.11,2331.11,2330.98,2330.98,77.7566
1778365800.0,2330.98,2330.98,2328.28,2328.61,157.4607
1778365860.0,2328.62,2329.23,2328.41,2328.41,139.1236
1778365920.0,2328.42,2328.42,2327.22,2328.41,224.1073
1778365980.0,2328.42,2328.91,2328.21,2328.91,139.7022
1778366040.0,2328.91,2331.05,2328.91,2331.05,113.9445
1778366100.0,2331.05,2331.05,2330.92,2330.92,82.7586
1778366160.0,2330.93,2330.93,2330.28,2330.28,87.2721
1778366220.0,2330.28,2330.89,2330.17,2330.88,98.033
1778366280.0,2330.89,2331.22,2330.88,2331.22,97.5933
1778366340.0,2331.22,2331.55,2331.21,2331.54,90.8625
1778366400.0,2331.54,2331.55,2331.54,2331.54,64.0373
1778366460.0,2331.54,2332.0,2331.42,2332.0,162.5649
1778366520.0,2332.0,2332.92,2332.0,2332.92,188.8211
1778366580.0,2332.92,2333.47,2332.91,2333.47,142.9091
1778366640.0,2333.47,2333.47,2332.43,2332.43,183.8873
1778366700.0,2332.44,2332.44,2332.43,2332.44,80.4311
1778366760.0,2332.44,2333.07,2332.44,2333.06,95.1672
1778366820.0,2333.06,2333.07,2332.4,2332.41,90.6334
1778366880.0,2332.41,2332.41,2331.87,2331.88,67.1178
1778366940.0,2331.87,2331.87,2331.39,2331.39,73.0131
1778367000.0,2331.4,2331.4,2331.23,2331.23,119.2203
1778367060.0,2331.23,2331.72,2331.23,2331.71,75.9376
1778367120.0,2331.72,2331.76,2331.71,2331.75,70.5373
1778367180.0,2331.76,2331.76,2330.76,2330.76,97.8115
1778367240.0,2330.77,2330.77,2330.4,2330.4,103.9248
1778367300.0,2330.41,2330.61,2330.18,2330.61,81.2227
1778367360.0,2330.61,2330.61,2330.03,2330.03,91.1425
1778367420.0,2330.03,2330.04,2330.03,2330.03,58.2461
1778367480.0,2330.04,2330.04,2329.78,2329.78,69.0185
1778367540.0,2329.78,2329.89,2329.47,2329.89,88.6085
1778367600.0,2329.89,2330.61,2329.16,2330.6,230.9792
1778367660.0,2330.6,2330.77,2330.6,2330.76,95.2323
1778367720.0,2330.76,2330.77,2330.76,2330.76,59.9471
1778367780.0,2330.76,2331.79,2330.76,2331.78,114.094
1778367840.0,2331.78,2331.96,2330.27,2330.27,129.9458
1778367900.0,2330.28,2330.56,2329.72,2329.72,127.8277
1778367960.0,2329.72,2329.74,2329.08,2329.09,91.7931
1778368020.0,2329.09,2329.09,2328.24,2328.3,74.6943
1778368080.0,2328.31,2328.37,2328.15,2328.15,86.4413
1778368140.0,2328.16,2328.28,2327.91,2328.05,125.4686
1778368200.0,2328.05,2328.35,2327.85,2327.85,145.0022
1778368260.0,2327.85,2328.1,2327.5,2328.09,149.4121
1778368320.0,2328.1,2328.31,2328.09,2328.25,100.9719
1778368380.0,2328.24,2328.83,2328.24,2328.25,156.136
1778368440.0,2328.25,2328.25,2328.24,2328.25,64.2564
1778368500.0,2328.25,2328.25,2327.5,2327.5,81.2008
1778368560.0,2327.49,2327.84,2327.49,2327.83,102.432
1778368620.0,2327.83,2327.84,2327.49,2327.5,92.5167
1778368680.0,2327.49,2327.5,2327.21,2327.21,64.5927
1778368740.0,2327.21,2327.22,2327.21,2327.21,87.3431
1778368800.0,2327.21,2327.22,2327.21,2327.21,81.678
1778368860.0,2327.21,2327.22,2327.01,2327.02,110.8114
1778368920.0,2327.01,2327.02,2326.68,2326.68,117.7108
1778368980.0,2326.68,2326.87,2326.68,2326.81,100.8665
1778369040.0,2326.81,2326.81,2326.8,2326.81,100.6676
1778369100.0,2326.8,2327.0,2326.73,2327.0,142.6306
1778369160.0,2327.0,2327.0,2326.4,2326.4,130.6719
1778369220.0,2326.4,2326.67,2325.78,2326.67,177.8516
1778369280.0,2326.66,2326.67,2326.65,2326.66,70.4426
1778369340.0,2326.65,2326.66,2326.38,2326.39,84.6055
1778369400.0,2326.38,2326.4,2326.25,2326.25,130.8362
1778369460.0,2326.26,2326.26,2325.78,2325.78,84.0996
1778369520.0,2325.78,2325.85,2325.24,2325.84,136.2859
1778369580.0,2325.84,2326.66,2325.84,2326.11,119.5248
1778369640.0,2326.11,2326.59,2326.03,2326.11,119.9716
1778369700.0,2326.11,2326.92,2326.11,2326.92,119.2028
1778369760.0,2326.93,2326.99,2326.92,2326.98,78.3277
1778369820.0,2326.98,2326.99,2326.46,2326.63,137.8397
1778369880.0,2326.64,2326.64,2326.63,2326.63,78.3041
1778369940.0,2326.64,2326.64,2325.33,2325.33,106.8775
1778370000.0,2325.33,2325.33,2325.0,2325.01,188.705
1778370060.0,2325.0,2325.0,2324.78,2324.99,114.0187
1778370120.0,2324.99,2325.0,2324.79,2324.79,94.9316
1778370180.0,2324.78,2324.99,2324.7,2324.99,117.8816
1778370240.0,2324.99,2324.99,2324.86,2324.87,114.4283
1778370300.0,2324.87,2326.05,2324.86,2326.05,171.5775
1778370360.0,2326.05,2326.05,2325.68,2326.0,167.5218
1778370420.0,2326.01,2326.01,2326.0,2326.0,73.3149
1778370480.0,2326.01,2326.52,2326.0,2326.52,87.9031
1778370540.0,2326.52,2327.84,2326.52,2327.84,190.1892
1778370600.0,2327.83,2327.85,2327.83,2327.83,76.0503
1778370660.0,2327.83,2328.08,2327.83,2328.08,132.1607
1778370720.0,2328.07,2328.07,2327.58,2327.58,130.5409
1778370780.0,2327.58,2327.58,2327.31,2327.32,92.4694
1778370840.0,2327.32,2328.08,2327.31,2328.07,216.0219
1778370900.0,2328.07,2328.08,2328.0,2328.01,84.3804
1778370960.0,2328.0,2328.0,2327.41,2327.42,78.1645
1778371020.0,2327.41,2327.42,2327.07,2327.07,70.5085
1778371080.0,2327.08,2327.08,2326.66,2326.69,107.217
1778371140.0,2326.69,2326.83,2326.43,2326.44,236.7081
1778371200.0,2326.43,2327.25,2326.21,2327.24,336.4159
1778371260.0,2327.25,2327.71,2327.25,2327.7,92.6847
1778371320.0,2327.7,2328.07,2327.41,2327.41,115.2089
1778371380.0,2327.41,2327.41,2325.4,2325.4,141.6926
1778371440.0,2325.41,2325.41,2324.9,2324.9,155.9022
1778371500.0,2324.9,2325.57,2324.47,2325.56,144.7051
1778371560.0,2325.56,2325.57,2325.13,2325.14,80.348
1778371620.0,2325.14,2325.14,2324.46,2324.85,110.2312
1778371680.0,2324.86,2325.57,2323.93,2325.35,391.174
1778371740.0,2325.36,2325.57,2325.36,2325.45,103.3343
1778371800.0,2325.45,2326.75,2325.44,2326.74,234.6781
1778371860.0,2326.75,2326.86,2326.73,2326.86,95.4591
1778371920.0,2326.86,2327.1,2326.85,2327.1,59.0619
1778371980.0,2327.1,2327.89,2327.09,2327.77,166.8747
1778372040.0,2327.77,2327.78,2327.07,2327.08,100.4696
1778372100.0,2327.07,2327.78,2326.98,2327.78,133.4685
1778372160.0,2327.77,2327.78,2327.01,2327.16,104.8904
1778372220.0,2327.17,2327.22,2326.79,2326.8,85.72
1778372280.0,2326.79,2326.8,2326.68,2326.68,73.5158
1778372340.0,2326.69,2328.27,2326.68,2328.27,137.3802
1778372400.0,2328.27,2329.1,2328.26,2328.93,121.5971
1778372460.0,2328.93,2329.71,2328.28,2329.71,200.1999
1778372520.0,2329.71,2329.71,2329.48,2329.48,97.734
1778372580.0,2329.48,2329.48,2328.86,2328.87,72.0659
1778372640.0,2328.87,2328.87,2327.94,2327.94,129.1045
1778372700.0,2327.94,2327.94,2327.28,2327.29,90.9088
1778372760.0,2327.29,2327.29,2326.92,2327.13,105.0009
1778372820.0,2327.12,2327.76,2327.12,2327.75,87.7331
1778372880.0,2327.76,2328.15,2327.75,2328.14,68.961
1778372940.0,2328.14,2328.15,2327.41,2327.42,77.5892
1778373000.0,2327.41,2327.41,2326.96,2327.2,76.362
1778373060.0,2327.2,2327.2,2326.7,2326.7,101.6274
1778373120.0,2326.7,2326.71,2325.52,2325.52,130.1214
1778373180.0,2325.53,2327.32,2325.53,2327.32,162.3575
1778373240.0,2327.31,2328.4,2327.31,2328.4,88.2259
1778373300.0,2328.39,2328.59,2327.92,2327.92,109.0171
1778373360.0,2327.93,2328.53,2327.92,2328.19,106.1593
1778373420.0,2328.18,2328.18,2327.58,2327.73,95.7269
1778373480.0,2327.74,2327.74,2326.67,2326.67,101.8651
1778373540.0,2326.67,2327.0,2325.81,2327.0,215.3135
1778373600.0,2326.99,2326.99,2326.2,2326.2,185.9338
1778373660.0,2326.2,2326.46,2326.06,2326.44,133.8078
1778373720.0,2326.44,2327.47,2326.44,2327.46,108.1031
1778373780.0,2327.46,2328.2,2327.46,2327.91,124.5908
1778373840.0,2327.9,2327.91,2327.24,2327.24,149.8567
1778373900.0,2327.24,2327.35,2326.19,2326.19,146.1873
1778373960.0,2326.19,2326.38,2325.61,2326.05,109.1461
1778374020.0,2326.05,2326.05,2325.44,2325.57,125.5694
1778374080.0,2325.57,2325.58,2325.34,2325.57,96.2056
1778374140.0,2325.57,2325.76,2324.88,2325.75,150.7805
1778374200.0,2325.76,2325.76,2324.6,2324.61,104.9701
1778374260.0,2324.61,2325.12,2324.18,2324.68,162.7877
1778374320.0,2324.69,2324.69,2324.21,2324.62,80.6493
1778374380.0,2324.63,2324.76,2324.07,2324.07,91.1709
1778374440.0,2324.07,2324.36,2323.92,2324.35,84.5424
1778374500.0,2324.35,2324.65,2324.13,2324.54,106.9761
1778374560.0,2324.55,2324.61,2324.27,2324.27,164.6278
1778374620.0,2324.28,2324.28,2324.27,2324.27,87.9351
1778374680.0,2324.27,2324.28,2321.16,2322.61,487.2503
1778374740.0,2322.61,2323.9,2322.61,2323.89,111.8469
1778374800.0,2323.9,2323.9,2322.66,2322.67,555.7556
1778374860.0,2322.66,2322.67,2321.56,2322.1,172.3923
1778374920.0,2322.1,2322.11,2321.36,2321.84,213.0268
1778374980.0,2321.83,2322.9,2321.31,2322.89,167.6111
1778375040.0,2322.89,2323.12,2322.89,2322.93,230.6992
1778375100.0,2322.94,2322.94,2322.04,2322.04,101.4386
1778375160.0,2322.04,2322.05,2321.3,2321.47,191.1657
1778375220.0,2321.48,2322.36,2321.36,2322.06,239.1253
1778375280.0,2322.06,2322.84,2321.75,2322.84,119.6341
1778375340.0,2322.84,2322.94,2322.68,2322.68,84.2433
1778375400.0,2322.69,2322.69,2321.52,2321.54,131.3978
1778375460.0,2321.53,2322.46,2321.53,2322.46,116.1053
1778375520.0,2322.46,2322.84,2322.2,2322.83,100.1293
1778375580.0,2322.83,2322.94,2321.95,2321.96,139.5456
1778375640.0,2321.95,2322.26,2321.95,2322.26,115.8144
1778375700.0,2322.26,2322.47,2321.38,2321.39,150.8446
1778375760.0,2321.38,2322.02,2321.21,2322.01,108.9082
1778375820.0,2322.02,2322.02,2321.92,2322.01,87.9729
1778375880.0,2322.02,2323.18,2322.02,2323.18,109.3818
1778375940.0,2323.18,2324.41,2322.62,2322.62,232.0942
1778376000.0,2322.62,2322.63,2322.26,2322.26,83.2017
1778376060.0,2322.26,2322.87,2322.26,2322.86,110.8053
1778376120.0,2322.86,2323.3,2322.55,2322.55,173.127
1778376180.0,2322.55,2322.55,2321.37,2321.37,99.2353
1778376240.0,2321.38,2321.38,2319.67,2320.63,770.9582
1778376300.0,2320.64,2320.82,2320.22,2320.43,241.7544
1778376360.0,2320.43,2320.85,2319.63,2319.64,209.6176
1778376420.0,2319.63,2319.96,2319.63,2319.68,189.837
1778376480.0,2319.67,2319.67,2319.26,2319.39,156.9794
1778376540.0,2319.39,2319.96,2319.39,2319.96,105.2148
1778376600.0,2319.96,2321.04,2319.96,2321.04,109.769
1778376660.0,2321.04,2321.77,2321.03,2321.76,99.7979
1778376720.0,2321.77,2321.77,2321.01,2321.02,239.2858
1778376780.0,2321.02,2321.02,2320.57,2320.57,88.7214
1778376840.0,2320.57,2321.22,2319.42,2319.71,168.6067
1778376900.0,2319.72,2319.88,2319.28,2319.29,99.1949
1778376960.0,2319.29,2319.3,2318.4,2318.71,161.563
1778377020.0,2318.71,2320.23,2318.68,2319.79,234.1823
1778377080.0,2319.79,2319.79,2319.02,2319.02,98.3226
1778377140.0,2319.02,2319.03,2318.33,2318.71,118.6848
1778377200.0,2318.7,2319.32,2318.7,2319.31,99.572
1778377260.0,2319.32,2319.96,2319.31,2319.96,97.0568
1778377320.0,2319.96,2320.17,2319.95,2320.16,79.1965
1778377380.0,2320.17,2320.17,2320.16,2320.16,68.273
1778377440.0,2320.17,2320.17,2319.95,2319.95,141.6941
1778377500.0,2319.96,2320.91,2319.95,2320.9,142.3377
1778377560.0,2320.91,2321.22,2320.9,2321.21,80.8661
1778377620.0,2321.22,2321.89,2321.21,2321.43,199.9964
1778377680.0,2321.43,2321.44,2321.21,2321.22,103.0973
1778377740.0,2321.22,2321.29,2321.21,2321.29,96.8066
1778377800.0,2321.29,2323.15,2321.28,2322.91,136.5677
1778377860.0,2322.9,2323.29,2322.9,2323.29,131.5861
1778377920.0,2323.29,2324.97,2323.28,2324.8,227.4965
1778377980.0,2324.79,2324.79,2323.28,2323.28,146.932
1778378040.0,2323.29,2324.74,2323.28,2324.74,107.8747
1778378100.0,2324.74,2324.74,2324.12,2324.12,87.3579
1778378160.0,2324.12,2324.12,2323.16,2323.28,271.7681
1778378220.0,2323.29,2323.29,2323.14,2323.14,82.0197
1778378280.0,2323.14,2323.29,2323.14,2323.15,95.1566
1778378340.0,2323.15,2323.68,2323.13,2323.67,133.9245
1778378400.0,2323.68,2323.68,2323.26,2323.26,90.919
1778378460.0,2323.25,2323.25,2320.33,2320.33,160.4248
1778378520.0,2320.33,2320.72,2320.08,2320.72,125.0399
1778378580.0,2320.71,2321.02,2320.71,2321.01,77.2116
1778378640.0,2321.01,2321.99,2321.01,2321.98,138.9559
1778378700.0,2321.98,2322.51,2321.98,2322.51,134.326
1778378760.0,2322.5,2323.27,2322.5,2323.09,109.4267
1778378820.0,2323.09,2323.09,2322.58,2322.58,100.4451
1778378880.0,2322.58,2322.58,2321.56,2321.56,91.6847
1778378940.0,2321.57,2322.42,2321.57,2322.41,83.9424
1778379000.0,2322.41,2322.43,2322.3,2322.3,82.5617
1778379060.0,2322.3,2322.3,2320.81,2320.81,140.2284
1778379120.0,2320.81,2321.03,2320.78,2321.02,108.3539
1778379180.0,2321.02,2321.76,2321.02,2321.7,114.2771
1778379240.0,2321.7,2321.7,2321.59,2321.59,73.1515
1778379300.0,2321.6,2321.6,2321.21,2321.22,80.6718
1778379360.0,2321.22,2322.12,2321.04,2322.11,103.8459
1778379420.0,2322.12,2323.18,2322.11,2322.54,152.0852
1778379480.0,2322.54,2322.55,2322.25,2322.34,65.1662
1778379540.0,2322.33,2322.73,2322.33,2322.41,110.2294
1778379600.0,2322.4,2322.42,2322.08,2322.42,92.5861
1778379660.0,2322.42,2322.98,2322.41,2322.97,114.7623
1778379720.0,2322.97,2323.45,2322.97,2323.42,122.1055
1778379780.0,2323.43,2324.51,2323.42,2324.5,88.0646
1778379840.0,2324.51,2325.35,2324.51,2325.35,162.3817
1778379900.0,2325.35,2326.21,2325.34,2326.21,169.8269
1778379960.0,2326.21,2326.64,2326.21,2326.63,97.5313
1778380020.0,2326.64,2327.25,2326.61,2326.77,206.7114
1778380080.0,2326.78,2327.24,2326.77,2327.24,154.7188
1778380140.0,2327.23,2327.24,2325.75,2325.96,357.1169
1778380200.0,2325.96,2325.97,2325.15,2325.15,93.2897
1778380260.0,2325.15,2325.15,2324.32,2324.97,128.2908
1778380320.0,2324.97,2325.96,2324.96,2325.79,129.9154
1778380380.0,2325.78,2325.78,2324.69,2324.69,89.073
1778380440.0,2324.7,2324.7,2324.5,2324.51,66.854
1778380500.0,2324.51,2325.71,2324.5,2325.71,94.6441
1778380560.0,2325.72,2326.64,2325.71,2326.64,101.6549
1778380620.0,2326.63,2327.23,2326.27,2326.27,167.7807
1778380680.0,2326.28,2326.34,2326.03,2326.03,90.6223
1778380740.0,2326.04,2326.04,2325.53,2325.53,79.3132
1778380800.0,2325.53,2325.56,2325.28,2325.55,94.924
1778380860.0,2325.56,2325.97,2325.55,2325.63,111.2567
1778380920.0,2325.63,2326.02,2325.55,2326.01,154.8214
1778380980.0,2326.01,2326.02,2325.54,2325.54,194.4556
1778381040.0,2325.54,2326.2,2325.54,2326.19,124.4499
1778381100.0,2326.2,2326.59,2325.57,2325.57,146.7014
1778381160.0,2325.57,2326.54,2325.5,2326.53,96.8381
1778381220.0,2326.53,2326.83,2326.53,2326.74,88.7376
1778381280.0,2326.74,2327.36,2326.74,2327.36,145.8227
1778381340.0,2327.35,2328.0,2327.35,2328.0,161.2426
1778381400.0,2327.99,2328.0,2327.28,2327.28,77.1651
1778381460.0,2327.28,2327.29,2327.28,2327.28,66.6298
1778381520.0,2327.29,2327.47,2327.05,2327.05,113.1588
1778381580.0,2327.06,2327.06,2326.78,2326.79,102.386
1778381640.0,2326.79,2327.51,2326.78,2327.5,139.997
1778381700.0,2327.5,2327.51,2326.88,2326.88,74.3311
1778381760.0,2326.89,2326.89,2326.78,2326.78,47.9326
1778381820.0,2326.79,2326.89,2326.41,2326.89,182.3052
1778381880.0,2326.89,2327.56,2326.88,2327.55,155.311
1778381940.0,2327.55,2327.94,2326.65,2327.94,168.8282
1778382000.0,2327.94,2327.94,2327.41,2327.41,140.6694
1778382060.0,2327.41,2327.41,2327.04,2327.04,109.2423
1778382120.0,2327.04,2328.32,2327.04,2328.32,129.5082
1778382180.0,2328.32,2329.01,2328.31,2329.01,155.6007
1778382240.0,2329.01,2329.51,2328.92,2329.4,364.2599
1778382300.0,2329.41,2329.71,2329.14,2329.14,116.7294
1778382360.0,2329.14,2329.15,2328.39,2328.39,214.9587
1778382420.0,2328.4,2328.4,2328.21,2328.39,84.4733
1778382480.0,2328.39,2328.49,2327.91,2328.48,133.8211
1778382540.0,2328.48,2328.49,2328.03,2328.03,62.3043
1778382600.0,2328.04,2328.04,2327.73,2327.73,91.2986
1778382660.0,2327.73,2327.73,2327.3,2327.3,95.1063
1778382720.0,2327.31,2327.42,2327.25,2327.42,97.4238
1778382780.0,2327.42,2328.42,2327.41,2328.42,130.7019
1778382840.0,2328.42,2328.85,2328.13,2328.13,130.8267
1778382900.0,2328.14,2328.29,2327.83,2328.29,121.6516
1778382960.0,2328.29,2328.29,2327.53,2327.53,95.8477
1778383020.0,2327.54,2327.73,2327.07,2327.25,193.3805
1778383080.0,2327.24,2327.41,2326.81,2327.4,107.5448
1778383140.0,2327.4,2327.79,2327.4,2327.41,102.1027
1778383200.0,2327.41,2327.42,2326.63,2326.63,77.3802
1778383260.0,2326.64,2326.64,2325.83,2325.84,81.654
1778383320.0,2325.83,2326.03,2325.41,2326.03,190.7169
1778383380.0,2326.03,2326.56,2326.02,2326.54,106.9527
1778383440.0,2326.54,2326.54,2326.14,2326.14,102.6269
1778383500.0,2326.15,2326.15,2325.76,2325.76,68.8995
1778383560.0,2325.76,2325.77,2325.59,2325.59,64.2747
1778383620.0,2325.6,2325.6,2325.42,2325.43,102.386
1778383680.0,2325.44,2325.56,2325.43,2325.56,94.5015
1778383740.0,2325.56,2325.68,2325.55,2325.67,96.3851
1778383800.0,2325.67,2326.38,2324.88,2324.88,221.3433
1778383860.0,2324.87,2324.87,2323.7,2323.7,108.648
1778383920.0,2323.7,2325.57,2323.7,2325.57,173.5445
1778383980.0,2325.56,2326.25,2325.56,2326.25,126.9948
1778384040.0,2326.24,2327.32,2326.24,2327.31,82.6872
1778384100.0,2327.32,2327.42,2327.31,2327.42,81.7508
1778384160.0,2327.42,2328.98,2327.41,2328.98,141.6977
1778384220.0,2328.98,2329.07,2328.54,2329.06,154.2979
1778384280.0,2329.07,2329.48,2329.06,2329.47,124.6415
1778384340.0,2329.48,2332.86,2329.47,2331.34,771.9594
1778384400.0,2331.34,2332.91,2331.21,2331.21,373.8259
1778384460.0,2331.22,2331.22,2330.3,2330.31,207.5863
1778384520.0,2330.31,2330.31,2329.88,2329.88,82.4358
1778384580.0,2329.89,2329.89,2327.72,2328.52,285.8843
1778384640.0,2328.52,2328.87,2328.51,2328.87,120.9925
1778384700.0,2328.87,2329.67,2328.87,2329.61,169.8517
1778384760.0,2329.61,2329.61,2329.47,2329.48,71.3094
1778384820.0,2329.48,2329.96,2328.83,2328.83,143.655
1778384880.0,2328.84,2328.84,2328.24,2328.25,66.1851
1778384940.0,2328.25,2328.25,2327.41,2327.92,126.8852
1778385000.0,2327.93,2328.96,2327.93,2328.63,115.3065
1778385060.0,2328.63,2328.82,2328.4,2328.82,127.97
1778385120.0,2328.82,2328.82,2328.21,2328.21,100.868
1778385180.0,2328.22,2328.34,2327.86,2327.87,90.79
1778385240.0,2327.86,2327.86,2327.76,2327.77,154.348
1778385300.0,2327.76,2327.9,2327.41,2327.89,192.3945
1778385360.0,2327.9,2327.9,2327.63,2327.64,88.965
1778385420.0,2327.64,2328.15,2327.63,2328.15,135.2681
1778385480.0,2328.14,2328.15,2327.92,2327.93,101.0013
1778385540.0,2327.93,2328.66,2327.75,2327.76,304.785
1778385600.0,2327.75,2328.66,2327.75,2328.65,124.3621
1778385660.0,2328.65,2328.65,2326.1,2326.7,498.0091
1778385720.0,2326.71,2328.0,2326.7,2327.99,162.3853
1778385780.0,2328.0,2328.38,2327.21,2327.42,157.3015
1778385840.0,2327.42,2328.04,2327.04,2327.05,123.3841
1778385900.0,2327.05,2327.65,2326.8,2327.64,129.7075
1778385960.0,2327.64,2328.16,2327.64,2328.15,78.6823
1778386020.0,2328.15,2328.15,2327.33,2327.34,113.9224
1778386080.0,2327.33,2327.34,2326.79,2326.8,179.2247
1778386140.0,2326.8,2327.78,2326.8,2327.45,196.1657
1778386200.0,2327.46,2327.46,2326.83,2326.84,131.5079
1778386260.0,2326.84,2327.07,2326.43,2326.44,342.1823
1778386320.0,2326.43,2326.56,2326.18,2326.55,148.5419
1778386380.0,2326.55,2327.04,2326.55,2327.0,133.4198
1778386440.0,2327.0,2327.38,2326.7,2327.37,175.6388
1778386500.0,2327.37,2328.08,2327.28,2327.95,202.5821
1778386560.0,2327.95,2328.72,2327.95,2328.71,163.9894
1778386620.0,2328.71,2328.72,2328.25,2328.25,134.5116
1778386680.0,2328.25,2328.26,2327.87,2327.87,143.4991
1778386740.0,2327.87,2327.87,2327.01,2327.01,191.4376
1778386800.0,2327.02,2327.02,2326.2,2326.7,138.9158
1778386860.0,2326.71,2326.84,2326.58,2326.58,156.8571
1778386920.0,2326.59,2327.25,2326.58,2327.11,161.9992
1778386980.0,2327.12,2327.26,2326.63,2327.26,136.2985
1778387040.0,2327.25,2327.26,2327.14,2327.14,81.033
1778387100.0,2327.14,2328.02,2327.14,2328.01,84.7577
1778387160.0,2328.01,2328.67,2328.01,2328.67,83.2346
1778387220.0,2328.67,2328.86,2328.65,2328.77,85.2549
1778387280.0,2328.77,2328.77,2327.75,2327.75,89.078
1778387340.0,2327.76,2329.25,2327.75,2329.24,107.5331
1778387400.0,2329.24,2329.48,2329.24,2329.48,68.115
1778387460.0,2329.48,2330.51,2329.47,2330.28,199.2843
1778387520.0,2330.27,2330.98,2330.27,2330.63,133.2083
1778387580.0,2330.62,2330.62,2329.67,2330.58,170.3375
1778387640.0,2330.58,2330.59,2329.78,2329.78,108.0656
1778387700.0,2329.79,2330.02,2329.62,2330.01,116.3458
1778387760.0,2330.01,2330.02,2329.72,2329.78,94.4383
1778387820.0,2329.78,2329.79,2329.49,2329.49,92.7914
1778387880.0,2329.49,2330.31,2329.49,2330.31,110.4702
1778387940.0,2330.3,2330.31,2329.67,2330.03,108.3098
1778388000.0,2330.04,2330.04,2329.89,2329.89,57.6725
1778388060.0,2329.89,2329.9,2329.81,2329.89,68.8441
1778388120.0,2329.9,2329.9,2329.71,2329.71,61.7307
1778388180.0,2329.71,2329.71,2328.71,2328.72,100.5477
1778388240.0,2328.72,2328.72,2327.7,2327.7,59.3658
1778388300.0,2327.7,2327.82,2327.03,2327.82,150.5062
1778388360.0,2327.82,2327.82,2327.13,2327.28,119.7195
1778388420.0,2327.28,2327.8,2327.27,2327.72,69.6643
1778388480.0,2327.72,2327.82,2327.61,2327.62,84.7189
1778388540.0,2327.61,2327.82,2327.45,2327.81,116.6824
1778388600.0,2327.81,2328.04,2327.61,2328.04,274.2657
1778388660.0,2328.04,2328.74,2328.03,2328.74,86.3502
1778388720.0,2328.74,2328.74,2328.58,2328.58,68.5484
1778388780.0,2328.58,2329.2,2328.58,2328.9,107.6525
1778388840.0,2328.9,2328.91,2328.9,2328.9,48.7823
1778388900.0,2328.91,2329.41,2328.9,2328.95,112.7848
1778388960.0,2328.96,2329.3,2328.95,2328.99,58.8601
1778389020.0,2328.99,2329.0,2328.67,2328.67,83.6734
1778389080.0,2328.67,2328.67,2328.53,2328.53,67.211
1778389140.0,2328.53,2328.54,2328.27,2328.27,61.7705
1778389200.0,2328.28,2328.28,2327.55,2327.55,63.9225
1778389260.0,2327.55,2327.55,2327.0,2327.0,75.1446
1778389320.0,2327.0,2327.13,2326.72,2327.13,111.8893
1778389380.0,2327.12,2328.08,2327.12,2327.58,117.5736
1778389440.0,2327.58,2328.35,2327.58,2328.07,87.59
1778389500.0,2328.07,2328.84,2328.07,2328.1,141.0381
1778389560.0,2328.1,2328.15,2327.69,2327.7,106.3238
1778389620.0,2327.69,2328.15,2327.5,2327.59,107.2871
1778389680.0,2327.59,2328.1,2327.41,2328.1,68.9708
1778389740.0,2328.1,2328.23,2328.09,2328.23,87.033
1778389800.0,2328.23,2328.74,2328.23,2328.74,86.8108
1778389860.0,2328.74,2328.74,2328.34,2328.34,97.1187
1778389920.0,2328.35,2328.7,2327.5,2327.5,159.5177
1778389980.0,2327.5,2327.88,2327.16,2327.17,149.0868
1778390040.0,2327.17,2328.27,2327.16,2328.26,114.3101
1778390100.0,2328.26,2329.31,2328.26,2329.3,95.8852
1778390160.0,2329.31,2329.44,2328.56,2328.56,169.9236
1778390220.0,2328.57,2329.08,2328.43,2329.07,89.5912
1778390280.0,2329.07,2329.08,2329.07,2329.08,58.2374
1778390340.0,2329.08,2329.08,2328.6,2328.6,93.0885
1778390400.0,2328.61,2328.96,2328.6,2328.67,94.0353
1778390460.0,2328.67,2328.86,2328.0,2328.85,115.954
1778390520.0,2328.85,2328.86,2328.8,2328.86,59.9559
1778390580.0,2328.85,2329.27,2328.85,2329.27,75.5176
1778390640.0,2329.27,2330.0,2329.26,2329.99,162.5202
1778390700.0,2329.99,2329.99,2329.74,2329.74,115.4469
1778390760.0,2329.74,2329.97,2329.6,2329.97,95.0129
1778390820.0,2329.96,2329.97,2329.63,2329.64,116.8694
1778390880.0,2329.64,2329.65,2329.47,2329.64,113.1599
1778390940.0,2329.64,2329.65,2328.93,2328.93,100.1651
1778391000.0,2328.93,2329.57,2328.93,2329.57,86.9884
1778391060.0,2329.57,2329.57,2329.04,2329.33,85.5692
1778391120.0,2329.33,2329.34,2328.98,2328.99,59.9223
1778391180.0,2328.99,2329.0,2328.82,2328.82,55.1728
1778391240.0,2328.83,2329.13,2328.82,2329.11,111.4594
1778391300.0,2329.12,2329.12,2328.86,2329.05,64.8727
1778391360.0,2329.04,2329.74,2329.04,2329.73,111.0658
1778391420.0,2329.74,2329.74,2328.86,2329.21,151.7968
1778391480.0,2329.21,2329.99,2329.2,2329.99,130.2142
1778391540.0,2329.99,2329.99,2329.75,2329.75,78.191
1778391600.0,2329.76,2329.76,2328.97,2328.97,106.8491
1778391660.0,2328.98,2328.98,2328.92,2328.92,62.782
1778391720.0,2328.93,2328.93,2328.25,2328.45,165.8976
1778391780.0,2328.46,2328.46,2328.08,2328.09,124.4913
1778391840.0,2328.08,2328.09,2328.0,2328.02,80.4742
1778391900.0,2328.01,2328.02,2328.0,2328.01,66.0381
1778391960.0,2328.01,2328.79,2328.0,2328.44,126.7633
1778392020.0,2328.44,2328.64,2328.08,2328.08,91.6051
1778392080.0,2328.07,2328.55,2328.07,2328.21,115.7724
1778392140.0,2328.21,2328.22,2328.0,2328.21,78.3158
1778392200.0,2328.21,2328.36,2327.41,2327.42,298.1244
1778392260.0,2327.42,2327.42,2326.94,2326.94,69.9778
1778392320.0,2326.95,2327.4,2326.94,2327.07,105.0731
1778392380.0,2327.08,2327.08,2326.74,2326.74,78.4778
1778392440.0,2326.75,2326.96,2326.51,2326.57,157.0238
1778392500.0,2326.57,2327.09,2326.56,2326.78,111.0718
1778392560.0,2326.78,2327.39,2326.78,2327.38,122.7444
1778392620.0,2327.38,2327.38,2327.04,2327.05,76.5963
1778392680.0,2327.05,2327.42,2327.04,2327.42,76.7745
1778392740.0,2327.42,2327.42,2327.3,2327.3,65.8422
1778392800.0,2327.3,2328.36,2327.15,2328.36,441.5254
1778392860.0,2328.35,2328.78,2328.35,2328.77,98.5691
1778392920.0,2328.78,2328.78,2328.54,2328.54,103.7729
1778392980.0,2328.55,2328.55,2328.12,2328.13,120.3973
1778393040.0,2328.13,2328.74,2328.12,2328.48,172.5352
1778393100.0,2328.48,2328.77,2328.48,2328.76,95.2947
1778393160.0,2328.76,2328.77,2328.76,2328.77,45.3796
1778393220.0,2328.76,2328.77,2328.69,2328.69,98.6325
1778393280.0,2328.69,2328.84,2328.69,2328.83,86.5988
1778393340.0,2328.84,2328.84,2328.83,2328.83,99.1654
1778393400.0,2328.83,2328.84,2328.55,2328.55,83.0071
1778393460.0,2328.55,2328.56,2327.54,2327.54,137.7054
1778393520.0,2327.54,2327.93,2327.54,2327.92,93.1189
1778393580.0,2327.92,2328.51,2327.92,2328.36,160.1284
1778393640.0,2328.37,2329.02,2328.25,2329.01,211.337
1778393700.0,2329.01,2329.02,2328.5,2328.95,128.3106
1778393760.0,2328.95,2328.96,2328.76,2328.76,93.0622
1778393820.0,2328.77,2328.77,2328.76,2328.76,56.3437
1778393880.0,2328.76,2328.86,2328.51,2328.86,102.6472
1778393940.0,2328.85,2328.86,2327.82,2327.83,101.9627
1778394000.0,2327.82,2327.82,2327.24,2327.45,287.5497
1778394060.0,2327.47,2328.75,2327.47,2328.74,98.0135
1778394120.0,2328.75,2328.95,2328.71,2328.72,199.1365
1778394180.0,2328.71,2328.72,2327.98,2327.98,79.5175
1778394240.0,2327.98,2327.98,2327.73,2327.73,43.2084
1778394300.0,2327.73,2327.74,2327.65,2327.65,54.5946
1778394360.0,2327.65,2327.65,2326.81,2326.82,161.8269
1778394420.0,2326.82,2327.12,2326.81,2327.12,94.65
1778394480.0,2327.12,2327.12,2326.79,2326.8,199.3183
1778394540.0,2326.8,2326.8,2326.65,2326.65,114.9109
1778394600.0,2326.65,2327.05,2326.65,2327.05,103.1505
1778394660.0,2327.05,2327.62,2327.04,2327.61,126.7175
1778394720.0,2327.61,2327.88,2327.61,2327.88,55.2004
1778394780.0,2327.88,2327.88,2327.63,2327.63,57.7429
1778394840.0,2327.63,2328.0,2327.63,2328.0,121.1661
1778394900.0,2328.0,2328.79,2327.99,2328.78,86.5344
1778394960.0,2328.79,2328.79,2328.34,2328.35,123.2904
1778395020.0,2328.35,2329.48,2328.35,2329.48,186.6675
1778395080.0,2329.48,2330.0,2329.21,2329.22,192.0086
1778395140.0,2329.21,2329.22,2328.99,2329.21,90.1074
1778395200.0,2329.22,2329.22,2328.36,2328.89,125.6689
1778395260.0,2328.9,2330.75,2328.89,2330.07,336.2118
1778395320.0,2330.07,2330.07,2329.73,2329.73,91.0009
1778395380.0,2329.74,2329.88,2329.11,2329.56,184.7088
1778395440.0,2329.56,2329.57,2329.11,2329.12,62.6711
1778395500.0,2329.11,2329.12,2329.05,2329.06,52.2437
1778395560.0,2329.06,2329.06,2329.05,2329.05,47.3704
1778395620.0,2329.06,2329.06,2328.81,2328.81,53.3955
1778395680.0,2328.81,2328.88,2328.62,2328.88,91.3564
1778395740.0,2328.87,2329.8,2328.87,2329.79,87.2229
1778395800.0,2329.79,2330.3,2329.79,2330.3,116.1304
1778395860.0,2330.29,2330.3,2329.83,2329.84,79.1546
1778395920.0,2329.83,2329.84,2329.47,2329.61,94.5105
1778395980.0,2329.6,2329.61,2329.6,2329.6,61.3113
1778396040.0,2329.61,2329.62,2329.6,2329.61,68.6433
1778396100.0,2329.62,2329.62,2328.94,2328.94,83.4063
1778396160.0,2328.95,2328.95,2328.94,2328.95,61.4982
1778396220.0,2328.94,2328.95,2328.94,2328.94,70.1644
1778396280.0,2328.95,2328.95,2328.94,2328.94,71.09
1778396340.0,2328.94,2329.31,2328.94,2329.3,126.1183
1778396400.0,2329.31,2330.06,2329.3,2330.06,144.8611
1778396460.0,2330.06,2330.82,2330.05,2330.81,121.0025
1778396520.0,2330.82,2331.08,2330.73,2331.08,196.2863
1778396580.0,2331.07,2332.09,2330.5,2330.51,327.4017
1778396640.0,2330.5,2330.51,2329.61,2329.62,60.7795
1778396700.0,2329.62,2329.8,2329.09,2329.09,139.7126
1778396760.0,2329.1,2330.28,2329.1,2330.27,115.8336
1778396820.0,2330.27,2330.28,2329.65,2329.66,114.5898
1778396880.0,2329.65,2330.0,2329.27,2329.99,89.8324
1778396940.0,2330.0,2330.0,2329.76,2329.77,67.6622
1778397000.0,2329.77,2329.77,2329.47,2329.48,67.6217
1778397060.0,2329.47,2329.48,2329.01,2329.01,61.6623
1778397120.0,2329.01,2329.02,2328.4,2328.4,110.34
1778397180.0,2328.4,2328.41,2328.37,2328.37,57.3735
1778397240.0,2328.37,2328.38,2327.55,2327.55,296.9427
1778397300.0,2327.55,2328.44,2327.55,2328.44,136.3293
1778397360.0,2328.44,2328.68,2328.43,2328.53,67.6543
1778397420.0,2328.52,2329.28,2328.52,2329.27,88.9294
1778397480.0,2329.28,2329.36,2329.27,2329.36,58.7477
1778397540.0,2329.36,2329.36,2329.07,2329.07,154.4567
1778397600.0,2329.07,2329.08,2328.94,2328.94,55.0273
1778397660.0,2328.95,2329.65,2328.94,2329.64,102.8324
1778397720.0,2329.64,2330.64,2329.64,2330.61,128.2863
1778397780.0,2330.61,2330.62,2330.0,2330.0,90.51
1778397840.0,2330.0,2330.01,2329.8,2329.8,57.9581
1778397900.0,2329.8,2329.81,2329.8,2329.81,61.8899
1778397960.0,2329.8,2330.56,2329.8,2330.36,153.7922
1778398020.0,2330.36,2330.36,2329.48,2329.49,71.1096
1778398080.0,2329.49,2329.49,2329.48,2329.48,54.1707
1778398140.0,2329.48,2329.49,2329.48,2329.49,47.7278
1778398200.0,2329.48,2329.49,2329.0,2329.0,68.2209
1778398260.0,2329.0,2329.01,2328.84,2328.85,97.8079
1778398320.0,2328.85,2329.13,2328.76,2328.77,107.9237
1778398380.0,2328.77,2328.89,2328.77,2328.89,99.4502
1778398440.0,2328.88,2328.89,2328.59,2328.61,180.9345
1778398500.0,2328.6,2328.61,2328.6,2328.61,70.9208
1778398560.0,2328.6,2328.62,2328.6,2328.62,73.5073
1778398620.0,2328.62,2329.91,2328.62,2329.9,146.1367
1778398680.0,2329.91,2330.37,2329.9,2330.03,147.0282
1778398740.0,2330.03,2330.04,2329.4,2329.41,114.8284
1778398800.0,2329.4,2329.41,2328.92,2328.93,78.6466
1778398860.0,2328.92,2329.13,2328.92,2329.13,103.8679
1778398920.0,2329.12,2329.13,2328.36,2328.36,83.4543
1778398980.0,2328.36,2328.81,2328.36,2328.8,111.1739
1778399040.0,2328.8,2329.02,2328.8,2329.01,71.8753
1778399100.0,2329.02,2329.44,2329.01,2329.44,82.2828
1778399160.0,2329.44,2329.73,2329.43,2329.73,77.9063
1778399220.0,2329.73,2329.73,2329.72,2329.73,65.2369
1778399280.0,2329.72,2329.73,2329.59,2329.6,93.5251
1778399340.0,2329.59,2329.6,2329.15,2329.15,85.7008
1778399400.0,2329.14,2329.14,2328.55,2328.56,63.192
1778399460.0,2328.55,2328.56,2328.33,2328.33,53.3853
1778399520.0,2328.33,2328.33,2328.07,2328.08,74.397
1778399580.0,2328.07,2328.08,2327.65,2327.65,76.9282
1778399640.0,2327.65,2327.7,2327.65,2327.7,104.1389
1778399700.0,2327.71,2328.21,2327.7,2328.01,140.2313
1778399760.0,2328.01,2328.01,2327.75,2327.75,60.5913
1778399820.0,2327.75,2327.75,2327.42,2327.43,71.4584
1778399880.0,2327.42,2327.42,2327.36,2327.36,65.4766
1778399940.0,2327.37,2327.37,2327.36,2327.36,63.0548
1778400000.0,2327.36,2327.37,2327.0,2327.01,65.6564
1778400060.0,2327.0,2327.01,2327.0,2327.0,76.4042
1778400120.0,2327.0,2327.01,2326.16,2326.17,131.2106
1778400180.0,2326.16,2326.71,2326.16,2326.7,123.0059
1778400240.0,2326.71,2326.71,2326.36,2326.37,94.838
1778400300.0,2326.37,2327.03,2326.36,2326.89,98.973
1778400360.0,2326.9,2326.9,2326.53,2326.62,104.3764
1778400420.0,2326.61,2327.47,2326.61,2327.47,106.5177
1778400480.0,2327.47,2327.98,2327.46,2327.98,119.9135
1778400540.0,2327.98,2329.81,2327.98,2329.81,150.7115
1778400600.0,2329.81,2331.22,2329.59,2329.6,337.1546
1778400660.0,2329.6,2329.6,2328.53,2328.54,143.3224
1778400720.0,2328.54,2328.54,2328.53,2328.53,89.6647
1778400780.0,2328.54,2328.54,2328.53,2328.54,90.3521
1778400840.0,2328.54,2328.61,2328.53,2328.61,114.9549
1778400900.0,2328.6,2328.6,2328.16,2328.17,98.087
1778400960.0,2328.16,2328.86,2327.69,2328.85,144.6228
1778401020.0,2328.86,2328.86,2328.57,2328.86,120.7647
1778401080.0,2328.86,2329.19,2328.85,2329.19,90.8008
1778401140.0,2329.18,2329.19,2328.57,2328.71,251.7745
1778401200.0,2328.72,2329.29,2328.71,2329.28,133.0994
1778401260.0,2329.27,2329.28,2329.27,2329.28,91.1636
1778401320.0,2329.28,2329.68,2329.27,2329.68,242.2102
1778401380.0,2329.68,2330.13,2329.67,2330.04,146.4619
1778401440.0,2330.03,2330.51,2330.03,2330.38,104.8141
1778401500.0,2330.37,2331.83,2330.37,2331.09,269.8448
1778401560.0,2331.09,2331.31,2330.71,2331.14,218.302
1778401620.0,2331.13,2331.13,2330.87,2330.88,85.6913
1778401680.0,2330.87,2331.25,2330.2,2330.21,179.6368
1778401740.0,2330.21,2330.54,2330.12,2330.53,108.5048
1778401800.0,2330.53,2331.69,2330.53,2331.68,126.7178
1778401860.0,2331.69,2331.69,2331.01,2331.23,123.7671
1778401920.0,2331.23,2331.23,2330.65,2330.66,103.0915
1778401980.0,2330.66,2330.76,2329.83,2329.86,214.7225
1778402040.0,2329.86,2329.86,2329.45,2329.46,499.0083
1778402100.0,2329.45,2330.56,2329.45,2330.47,172.2043
1778402160.0,2330.47,2330.47,2329.85,2329.92,117.9615
1778402220.0,2329.91,2329.96,2329.89,2329.9,80.9747
1778402280.0,2329.9,2329.9,2329.88,2329.89,104.1837
1778402340.0,2329.89,2329.89,2329.75,2329.76,95.0472
1778402400.0,2329.75,2329.76,2328.97,2328.98,117.8469
1778402460.0,2328.97,2329.13,2328.97,2329.12,104.6253
1778402520.0,2329.12,2329.45,2329.12,2329.45,143.3181
1778402580.0,2329.45,2329.45,2329.44,2329.44,78.3635
1778402640.0,2329.44,2329.45,2329.15,2329.16,85.0386
1778402700.0,2329.16,2329.16,2329.15,2329.15,68.0982
1778402760.0,2329.15,2329.16,2329.0,2329.0,106.0137
1778402820.0,2329.01,2329.76,2328.9,2329.76,109.6323
1778402880.0,2329.76,2329.98,2329.75,2329.98,89.8326
1778402940.0,2329.98,2330.0,2329.97,2330.0,98.6102
1778403000.0,2330.0,2330.0,2329.99,2330.0,69.9571
1778403060.0,2330.0,2330.0,2329.9,2329.91,80.0058
1778403120.0,2329.9,2329.91,2329.82,2329.82,92.2977
1778403180.0,2329.83,2329.84,2329.82,2329.83,134.3258
1778403240.0,2329.83,2330.14,2329.83,2330.14,148.6008
1778403300.0,2330.14,2330.16,2330.14,2330.16,105.006
1778403360.0,2330.15,2330.16,2330.15,2330.15,56.3512
1778403420.0,2330.15,2330.16,2329.83,2329.83,95.1378
1778403480.0,2329.83,2329.84,2329.83,2329.83,52.4128
1778403540.0,2329.83,2330.16,2329.83,2330.15,63.5131
1778403600.0,2330.16,2332.09,2330.15,2331.21,268.9777
1778403660.0,2331.21,2331.57,2330.63,2331.27,116.8019
1778403720.0,2331.27,2331.8,2331.26,2331.8,69.2454
1778403780.0,2331.8,2333.59,2331.79,2333.29,369.5378
1778403840.0,2333.28,2333.29,2332.31,2333.16,161.3283
1778403900.0,2333.16,2333.16,2332.1,2332.22,85.5396
1778403960.0,2332.21,2332.22,2331.69,2331.98,228.2196
1778404020.0,2331.97,2331.97,2331.19,2331.48,140.4918
1778404080.0,2331.48,2331.49,2330.99,2331.2,317.6381
1778404140.0,2331.2,2331.21,2331.01,2331.01,137.0275
1778404200.0,2331.01,2331.02,2330.14,2330.14,85.8889
1778404260.0,2330.15,2330.21,2329.83,2329.84,82.5924
1778404320.0,2329.84,2331.0,2329.84,2330.81,201.0006
1778404380.0,2330.8,2330.8,2330.2,2330.35,122.893
1778404440.0,2330.36,2330.77,2330.35,2330.75,97.4845
1778404500.0,2330.75,2330.95,2330.37,2330.51,99.7063
1778404560.0,2330.52,2330.52,2329.83,2329.84,55.006
1778404620.0,2329.84,2329.84,2329.83,2329.83,58.9141
1778404680.0,2329.83,2330.5,2329.83,2330.5,92.0655
1778404740.0,2330.49,2330.5,2330.3,2330.31,91.8983
1778404800.0,2330.31,2330.31,2329.48,2329.49,158.1972
1778404860.0,2329.48,2329.6,2329.47,2329.6,74.2502
1778404920.0,2329.59,2329.77,2329.59,2329.77,57.6196
1778404980.0,2329.76,2329.77,2329.61,2329.62,48.8666
1778405040.0,2329.62,2329.84,2329.61,2329.84,80.9782
1778405100.0,2329.84,2329.99,2329.83,2329.99,71.3901
1778405160.0,2329.98,2330.16,2329.98,2330.11,74.495
1778405220.0,2330.11,2330.11,2329.74,2329.74,97.2366
1778405280.0,2329.75,2329.75,2329.54,2329.55,69.9435
1778405340.0,2329.55,2329.55,2329.18,2329.18,109.6968
1778405400.0,2329.18,2329.47,2329.0,2329.46,91.71
1778405460.0,2329.47,2329.47,2329.46,2329.46,55.4844
1778405520.0,2329.47,2329.47,2329.46,2329.47,62.0705
1778405580.0,2329.46,2329.47,2329.46,2329.47,63.6029
1778405640.0,2329.47,2329.75,2329.0,2329.03,176.0342
1778405700.0,2329.04,2329.04,2328.21,2328.46,104.4873
1778405760.0,2328.46,2328.47,2327.69,2327.69,124.6298
1778405820.0,2327.69,2327.75,2327.45,2327.75,98.6436
1778405880.0,2327.74,2327.75,2327.64,2327.73,78.2799
1778405940.0,2327.73,2328.72,2327.73,2328.71,75.6832
1778406000.0,2328.72,2328.72,2328.49,2328.49,91.6349
1778406060.0,2328.49,2328.49,2327.9,2327.9,62.2763
1778406120.0,2327.91,2327.91,2327.52,2327.52,70.3117
1778406180.0,2327.52,2327.53,2327.46,2327.47,57.761
1778406240.0,2327.46,2327.5,2327.22,2327.49,88.6876
1778406300.0,2327.5,2327.62,2327.5,2327.62,76.5724
1778406360.0,2327.62,2327.62,2327.52,2327.52,72.4734
1778406420.0,2327.53,2328.17,2327.52,2328.16,56.7819
1778406480.0,2328.16,2328.69,2328.16,2328.69,68.0544
1778406540.0,2328.68,2328.91,2328.68,2328.91,85.069
1778406600.0,2328.9,2328.91,2328.48,2328.48,77.2506
1778406660.0,2328.48,2328.49,2328.29,2328.29,64.6431
1778406720.0,2328.29,2328.3,2328.03,2328.03,59.1262
1778406780.0,2328.04,2328.04,2326.92,2326.92,194.2416
1778406840.0,2326.93,2328.29,2326.92,2328.29,130.0512
1778406900.0,2328.28,2328.42,2328.28,2328.42,63.0102
1778406960.0,2328.42,2328.43,2328.25,2328.26,99.7745
1778407020.0,2328.26,2328.26,2328.23,2328.24,59.6043
1778407080.0,2328.24,2328.43,2328.23,2328.43,129.4571
1778407140.0,2328.42,2328.43,2328.22,2328.22,50.7327
1778407200.0,2328.23,2328.36,2327.93,2328.35,100.5613
1778407260.0,2328.35,2328.82,2327.88,2327.88,159.0045
1778407320.0,2327.88,2327.89,2327.41,2327.42,56.3525
1778407380.0,2327.41,2327.42,2326.12,2326.38,140.118
1778407440.0,2326.39,2326.39,2324.01,2325.14,364.6727
1778407500.0,2325.13,2325.58,2325.01,2325.47,116.5535
1778407560.0,2325.46,2325.73,2324.85,2325.73,171.9792
1778407620.0,2325.72,2325.73,2324.71,2324.71,209.4598
1778407680.0,2324.72,2325.6,2324.71,2325.6,98.6869
1778407740.0,2325.59,2327.42,2325.34,2327.41,420.2544
1778407800.0,2327.41,2327.41,2326.48,2326.6,110.1173
1778407860.0,2326.6,2326.6,2325.34,2325.34,177.8284
1778407920.0,2325.34,2325.4,2325.34,2325.39,85.832
1778407980.0,2325.39,2325.83,2324.72,2324.72,143.2927
1778408040.0,2324.73,2324.73,2324.72,2324.73,64.1995
1778408100.0,2324.72,2324.96,2324.65,2324.96,78.7973
1778408160.0,2324.95,2324.96,2323.41,2324.2,378.0117
1778408220.0,2324.19,2324.27,2323.48,2323.71,290.4812
1778408280.0,2323.7,2324.56,2323.7,2324.2,112.4453
1778408340.0,2324.21,2324.64,2324.19,2324.2,104.3662
1778408400.0,2324.19,2325.9,2324.19,2325.71,132.5177
1778408460.0,2325.71,2325.88,2325.34,2325.34,108.7502
1778408520.0,2325.34,2325.75,2325.34,2325.74,64.8066
1778408580.0,2325.75,2326.14,2325.74,2326.13,111.8447
1778408640.0,2326.13,2326.8,2325.83,2326.8,103.0656
1778408700.0,2326.79,2326.8,2326.21,2326.21,85.4023
1778408760.0,2326.21,2326.61,2326.21,2326.61,92.7889
1778408820.0,2326.61,2326.9,2326.61,2326.9,71.2232
1778408880.0,2326.9,2326.9,2326.89,2326.89,55.6215
1778408940.0,2326.89,2326.9,2326.33,2326.33,74.6506
1778409000.0,2326.33,2326.34,2326.33,2326.33,50.2042
1778409060.0,2326.33,2326.33,2325.73,2325.73,70.1796
1778409120.0,2325.74,2325.8,2325.49,2325.49,93.3074
1778409180.0,2325.49,2326.72,2325.49,2326.71,112.4192
1778409240.0,2326.71,2326.89,2326.11,2326.11,91.6229
1778409300.0,2326.11,2326.27,2326.11,2326.12,74.0442
1778409360.0,2326.12,2326.12,2325.49,2325.5,88.3362
1778409420.0,2325.5,2326.0,2325.48,2326.0,75.078
1778409480.0,2325.99,2326.0,2325.34,2325.34,89.0194
1778409540.0,2325.35,2325.35,2325.34,2325.35,65.814
1778409600.0,2325.35,2325.35,2324.78,2324.78,97.2636
1778409660.0,2324.78,2324.79,2324.25,2324.25,111.6885
1778409720.0,2324.25,2324.27,2324.25,2324.25,61.126
1778409780.0,2324.25,2324.25,2323.38,2323.38,131.212
1778409840.0,2323.38,2324.12,2323.38,2324.11,107.1151
1778409900.0,2324.11,2324.11,2323.5,2323.52,209.7973
1778409960.0,2323.52,2324.23,2323.51,2324.23,143.2451
1778410020.0,2324.22,2324.41,2324.22,2324.4,56.2115
1778410080.0,2324.4,2324.82,2324.01,2324.02,168.2741
1778410140.0,2324.02,2324.02,2323.85,2323.85,61.9714
1778410200.0,2323.86,2324.02,2323.85,2324.02,58.9663
1778410260.0,2324.01,2324.67,2323.49,2324.67,114.3658
1778410320.0,2324.67,2325.5,2324.66,2325.5,181.5783
1778410380.0,2325.5,2326.14,2325.35,2325.35,211.4298
1778410440.0,2325.35,2325.97,2325.35,2325.63,148.4723
1778410500.0,2325.63,2325.63,2325.48,2325.49,76.1952
1778410560.0,2325.49,2325.49,2325.48,2325.49,66.4787
1778410620.0,2325.49,2325.57,2325.47,2325.55,103.7276
1778410680.0,2325.54,2325.55,2325.54,2325.55,61.982
1778410740.0,2325.54,2325.55,2325.45,2325.46,81.7043
1778410800.0,2325.46,2325.46,2325.45,2325.46,70.0815
1778410860.0,2325.45,2326.42,2325.45,2326.42,277.1918
1778410920.0,2326.42,2327.42,2326.42,2327.11,158.1968
1778410980.0,2327.11,2327.42,2327.02,2327.42,152.4582
1778411040.0,2327.41,2327.42,2326.14,2326.15,77.4183
1778411100.0,2326.14,2326.15,2325.74,2325.74,215.066
1778411160.0,2325.75,2325.93,2325.63,2325.93,71.4749
1778411220.0,2325.93,2326.04,2325.92,2325.97,69.8819
1778411280.0,2325.97,2325.97,2324.72,2324.72,125.0845
1778411340.0,2324.73,2324.76,2324.4,2324.41,83.2223
1778411400.0,2324.4,2324.41,2323.75,2324.28,173.4418
1778411460.0,2324.28,2324.29,2323.34,2323.4,180.1421
1778411520.0,2323.4,2324.69,2323.34,2324.6,381.2062
1778411580.0,2324.6,2324.61,2324.58,2324.59,70.7231
1778411640.0,2324.59,2324.59,2324.16,2324.17,65.5707
1778411700.0,2324.16,2324.94,2324.16,2324.92,78.3459
1778411760.0,2324.92,2325.06,2324.92,2325.05,110.41
1778411820.0,2325.05,2325.51,2325.05,2325.43,102.9642
1778411880.0,2325.44,2325.44,2323.77,2323.78,136.4132
1778411940.0,2323.77,2323.77,2323.0,2323.26,113.2819
1778412000.0,2323.25,2323.25,2322.22,2322.22,106.4239
1778412060.0,2322.21,2322.21,2321.46,2321.46,173.348
1778412120.0,2321.46,2321.88,2321.35,2321.35,163.5407
1778412180.0,2321.36,2321.36,2319.0,2321.01,589.1397
1778412240.0,2321.0,2321.64,2321.0,2321.52,197.9368
1778412300.0,2321.52,2322.6,2321.11,2321.73,243.3909
1778412360.0,2321.74,2322.0,2321.73,2322.0,93.6389
1778412420.0,2321.99,2322.25,2321.92,2322.18,114.7428
1778412480.0,2322.18,2322.45,2321.83,2322.45,111.857
1778412540.0,2322.45,2322.84,2322.0,2322.0,102.633
1778412600.0,2322.0,2322.09,2321.91,2322.09,86.778
1778412660.0,2322.09,2322.09,2322.05,2322.05,70.3072
1778412720.0,2322.05,2322.42,2322.05,2322.07,96.5744
1778412780.0,2322.07,2322.07,2321.82,2321.82,90.5002
1778412840.0,2321.81,2321.82,2321.4,2321.81,73.3261
1778412900.0,2321.81,2322.03,2321.6,2321.61,100.9749
1778412960.0,2321.6,2321.61,2321.21,2321.22,102.0431
1778413020.0,2321.21,2321.22,2320.98,2320.99,82.7278
1778413080.0,2320.98,2320.99,2320.94,2320.94,70.5118
1778413140.0,2320.95,2320.95,2320.57,2320.94,169.805
1778413200.0,2320.94,2320.95,2320.9,2320.9,80.0477
1778413260.0,2320.91,2320.91,2320.3,2320.3,116.6354
1778413320.0,2320.29,2320.91,2320.29,2320.9,101.6393
1778413380.0,2320.9,2320.91,2320.9,2320.9,86.4544
1778413440.0,2320.9,2322.06,2320.9,2321.3,215.7992
1778413500.0,2321.29,2321.5,2321.29,2321.49,143.0441
1778413560.0,2321.49,2322.05,2321.49,2322.05,119.1584
1778413620.0,2322.05,2322.13,2321.81,2321.81,110.0978
1778413680.0,2321.81,2321.82,2321.65,2321.66,69.0563
1778413740.0,2321.65,2321.66,2321.35,2321.35,75.0787
1778413800.0,2321.35,2321.45,2321.21,2321.45,83.6747
1778413860.0,2321.45,2322.17,2321.35,2321.36,286.9423
1778413920.0,2321.36,2322.0,2321.36,2322.0,60.5703
1778413980.0,2322.0,2322.43,2321.99,2322.42,22.5164
1778414040.0,2322.43,2322.43,2322.33,2322.33,38.4623
1778414100.0,2322.33,2322.36,2322.32,2322.36,96.5214
1778414160.0,2322.36,2322.47,2322.35,2322.46,47.0581
1778414220.0,2322.46,2322.47,2322.13,2322.14,68.5967
1778414280.0,2322.14,2322.15,2322.14,2322.15,40.0424
1778414340.0,2322.15,2323.29,2322.14,2322.58,136.7404
1778414400.0,2322.59,2323.89,2322.37,2323.01,246.6539
1778414460.0,2323.01,2323.02,2322.86,2322.87,48.53
1778414520.0,2322.87,2322.87,2322.0,2322.01,66.7492
1778414580.0,2322.01,2322.01,2320.87,2320.87,70.6186
1778414640.0,2320.88,2321.5,2320.87,2321.5,80.2828
1778414700.0,2321.5,2321.79,2321.21,2321.21,74.9661
1778414760.0,2321.22,2321.59,2321.22,2321.59,54.4686
1778414820.0,2321.59,2321.59,2321.58,2321.58,49.0218
1778414880.0,2321.59,2322.41,2321.59,2322.11,108.9793
1778414940.0,2322.11,2322.12,2321.59,2321.59,59.0506
1778415000.0,2321.59,2321.75,2321.21,2321.75,63.8204
1778415060.0,2321.75,2322.37,2321.74,2322.37,75.1085
1778415120.0,2322.36,2322.37,2322.36,2322.37,55.5328
1778415180.0,2322.37,2322.94,2322.36,2322.94,64.4555
1778415240.0,2322.93,2323.65,2322.64,2323.59,137.7375
1778415300.0,2323.59,2323.91,2323.58,2323.9,58.6742
1778415360.0,2323.9,2324.77,2323.9,2324.09,131.8644
1778415420.0,2324.09,2324.35,2324.01,2324.02,87.5334
1778415480.0,2324.01,2324.02,2324.0,2324.0,51.0441
1778415540.0,2324.0,2324.01,2322.74,2323.06,115.5055
1778415600.0,2323.07,2323.68,2323.06,2323.68,66.9644
1778415660.0,2323.67,2323.68,2323.67,2323.68,62.4217
1778415720.0,2323.67,2323.68,2323.59,2323.6,74.0982
1778415780.0,2323.59,2324.99,2323.59,2324.92,129.0552
1778415840.0,2324.92,2325.0,2324.88,2324.99,131.0022
1778415900.0,2324.99,2325.06,2324.05,2324.05,110.8085
1778415960.0,2324.06,2324.06,2323.5,2323.5,73.3728
1778416020.0,2323.5,2324.2,2323.28,2324.19,89.2286
1778416080.0,2324.2,2324.29,2323.77,2323.78,66.2888
1778416140.0,2323.77,2324.22,2323.77,2324.21,90.4792
1778416200.0,2324.22,2324.22,2324.08,2324.08,79.0032
1778416260.0,2324.08,2324.84,2324.08,2324.83,101.4813
1778416320.0,2324.83,2325.35,2324.73,2324.8,290.4622
1778416380.0,2324.79,2324.8,2324.4,2324.4,75.4632
1778416440.0,2324.41,2324.41,2323.37,2323.37,149.1028
1778416500.0,2323.36,2323.36,2322.69,2323.06,131.4702
1778416560.0,2323.06,2323.48,2323.03,2323.47,182.9852
1778416620.0,2323.48,2323.48,2322.92,2322.92,183.0309
1778416680.0,2322.92,2322.93,2322.75,2322.75,69.8207
1778416740.0,2322.76,2324.06,2322.62,2324.06,161.1608
1778416800.0,2324.05,2324.06,2323.56,2323.56,112.7974
1778416860.0,2323.56,2323.57,2323.56,2323.56,70.5309
1778416920.0,2323.56,2323.57,2323.56,2323.57,65.758
1778416980.0,2323.57,2323.57,2323.2,2323.28,86.8261
1778417040.0,2323.29,2323.88,2323.28,2323.88,93.2121
1778417100.0,2323.88,2324.06,2323.87,2324.05,66.8289
1778417160.0,2324.05,2324.4,2323.37,2323.37,123.4924
1778417220.0,2323.37,2323.72,2323.28,2323.72,79.982
1778417280.0,2323.71,2323.72,2323.14,2323.67,115.3389
1778417340.0,2323.68,2323.95,2323.28,2323.28,189.0772
1778417400.0,2323.29,2323.62,2323.28,2323.62,86.0695
1778417460.0,2323.62,2323.62,2323.08,2323.28,90.0656
1778417520.0,2323.28,2323.8,2323.27,2323.8,83.1262
1778417580.0,2323.79,2323.8,2323.71,2323.71,55.5289
1778417640.0,2323.71,2323.71,2323.29,2323.3,73.242
1778417700.0,2323.29,2323.3,2323.26,2323.26,70.8243
1778417760.0,2323.26,2323.35,2323.15,2323.35,77.0105
1778417820.0,2323.34,2323.35,2323.19,2323.2,93.1014
1778417880.0,2323.2,2323.2,2323.03,2323.04,65.7795
1778417940.0,2323.04,2324.13,2323.03,2324.12,125.0061
1778418000.0,2324.12,2324.13,2323.28,2323.83,168.8283
1778418060.0,2323.82,2324.71,2323.82,2324.71,114.0294
1778418120.0,2324.71,2325.89,2324.7,2324.95,342.7934
1778418180.0,2324.95,2325.19,2324.95,2325.18,94.7998
1778418240.0,2325.19,2325.25,2325.18,2325.24,75.0931
1778418300.0,2325.25,2325.61,2325.24,2325.6,73.6957
1778418360.0,2325.6,2325.8,2324.77,2324.78,216.5248
1778418420.0,2324.78,2324.78,2324.39,2324.75,103.6123
1778418480.0,2324.75,2326.12,2324.75,2326.11,247.373
1778418540.0,2326.12,2326.12,2325.55,2325.56,108.2242
1778418600.0,2325.55,2326.25,2325.55,2326.24,90.6118
1778418660.0,2326.23,2326.44,2325.9,2325.91,100.7235
1778418720.0,2325.9,2326.63,2325.58,2326.62,113.8699
1778418780.0,2326.62,2327.42,2326.62,2327.41,208.6295
1778418840.0,2327.42,2328.77,2327.41,2328.48,321.5971
1778418900.0,2328.48,2328.8,2328.37,2328.63,164.2581
1778418960.0,2328.64,2328.64,2327.84,2327.85,170.7278
1778419020.0,2327.84,2328.52,2326.84,2328.51,268.0529
1778419080.0,2328.52,2329.18,2328.51,2329.18,658.3577
1778419140.0,2329.18,2330.0,2329.18,2329.84,462.0289
1778419200.0,2329.84,2330.43,2329.83,2330.43,156.1102
1778419260.0,2330.42,2330.77,2330.42,2330.76,175.0621
1778419320.0,2330.76,2330.76,2329.79,2330.34,223.1955
1778419380.0,2330.34,2330.75,2330.04,2330.56,315.032
1778419440.0,2330.55,2330.56,2330.47,2330.55,158.7069
1778419500.0,2330.56,2330.56,2330.21,2330.44,198.8866
1778419560.0,2330.45,2330.79,2330.44,2330.78,144.8854
1778419620.0,2330.78,2331.99,2329.99,2329.99,603.7408
1778419680.0,2329.99,2329.99,2328.94,2328.94,163.168
1778419740.0,2328.93,2329.57,2328.48,2329.47,225.4919
1778419800.0,2329.47,2329.47,2328.0,2328.23,189.2235
1778419860.0,2328.23,2329.57,2328.23,2328.43,185.5272
1778419920.0,2328.42,2328.9,2328.35,2328.89,121.079
1778419980.0,2328.89,2330.24,2328.89,2330.24,165.57
1778420040.0,2330.24,2330.77,2330.23,2330.53,142.6024
1778420100.0,2330.54,2330.54,2329.88,2330.03,156.2043
1778420160.0,2330.03,2330.64,2330.03,2330.09,255.9274
1778420220.0,2330.09,2330.09,2329.78,2329.78,189.2483
1778420280.0,2329.79,2329.79,2329.07,2329.09,198.2602
1778420340.0,2329.09,2329.56,2328.77,2328.78,187.9031
1778420400.0,2328.77,2329.13,2328.38,2329.13,168.0452
1778420460.0,2329.13,2329.72,2328.78,2329.43,187.0899
1778420520.0,2329.43,2329.43,2329.4,2329.42,183.761
1778420580.0,2329.42,2329.42,2328.78,2329.14,161.1041
1778420640.0,2329.14,2329.42,2329.14,2329.34,162.2528
1778420700.0,2329.33,2329.34,2328.96,2329.03,128.912
1778420760.0,2329.04,2329.56,2329.03,2329.51,187.1181
1778420820.0,2329.51,2330.27,2329.51,2330.27,163.9489
1778420880.0,2330.26,2330.27,2330.04,2330.04,224.5822
1778420940.0,2330.05,2330.05,2329.47,2329.48,132.0091
1778421000.0,2329.49,2330.33,2329.48,2330.32,167.0309
1778421060.0,2330.33,2330.33,2329.66,2329.66,160.6748
1778421120.0,2329.66,2330.0,2329.08,2329.99,192.4285
1778421180.0,2329.98,2329.98,2328.95,2328.95,174.8568
1778421240.0,2328.94,2329.54,2328.88,2329.44,140.2424
1778421300.0,2329.43,2329.44,2329.08,2329.08,171.0869
1778421360.0,2329.08,2329.08,2328.42,2328.62,129.5922
1778421420.0,2328.62,2329.05,2328.61,2329.04,332.4727
1778421480.0,2329.04,2329.06,2329.04,2329.05,120.9425
1778421540.0,2329.06,2330.07,2329.05,2329.8,271.1589
1778421600.0,2329.8,2330.07,2329.47,2330.07,175.1951
1778421660.0,2330.08,2330.08,2329.29,2329.33,224.9969
1778421720.0,2329.32,2330.0,2329.32,2329.99,155.5073
1778421780.0,2329.99,2330.88,2329.83,2329.83,198.4674
1778421840.0,2329.83,2330.3,2329.69,2329.7,129.9351
1778421900.0,2329.69,2329.71,2329.18,2329.19,124.9951
1778421960.0,2329.18,2329.19,2328.53,2328.91,119.5852
1778422020.0,2328.9,2329.07,2328.24,2328.24,117.3656
1778422080.0,2328.24,2328.45,2328.0,2328.45,136.7132
1778422140.0,2328.45,2328.94,2328.44,2328.94,155.6887
1778422200.0,2328.94,2330.36,2328.94,2330.35,147.5369
1778422260.0,2330.36,2330.36,2330.09,2330.1,118.3337
1778422320.0,2330.1,2330.1,2329.04,2329.73,184.0364
1778422380.0,2329.73,2329.73,2328.94,2328.94,167.9831
1778422440.0,2328.95,2329.31,2328.71,2328.72,148.6683
1778422500.0,2328.72,2328.72,2328.08,2328.31,171.7403
1778422560.0,2328.31,2328.7,2328.31,2328.69,117.7539
1778422620.0,2328.69,2328.7,2328.04,2328.05,108.919
1778422680.0,2328.04,2328.12,2327.41,2328.11,158.5325
1778422740.0,2328.11,2328.12,2327.75,2328.11,128.3035
1778422800.0,2328.12,2328.12,2327.41,2327.41,133.8425
1778422860.0,2327.41,2327.41,2326.94,2326.94,138.0156
1778422920.0,2326.94,2327.59,2326.94,2327.58,156.8672
1778422980.0,2327.58,2328.56,2327.58,2328.55,239.3759
1778423040.0,2328.56,2328.7,2328.55,2328.7,113.1023
1778423100.0,2328.7,2328.7,2328.69,2328.69,107.6195
1778423160.0,2328.69,2328.7,2327.92,2327.92,176.2409
1778423220.0,2327.92,2327.93,2327.84,2327.84,145.0217
1778423280.0,2327.84,2327.85,2327.51,2327.51,114.4826
1778423340.0,2327.51,2327.58,2327.16,2327.58,135.976
1778423400.0,2327.57,2327.71,2327.41,2327.42,141.4548
1778423460.0,2327.41,2327.42,2327.41,2327.42,105.1635
1778423520.0,2327.42,2329.14,2327.41,2329.13,160.5849
1778423580.0,2329.14,2329.78,2329.13,2329.74,308.1589
1778423640.0,2329.74,2329.74,2329.33,2329.34,152.7875
1778423700.0,2329.34,2330.3,2329.34,2330.24,208.0921
1778423760.0,2330.23,2330.23,2329.51,2329.51,144.9415
1778423820.0,2329.51,2330.22,2329.51,2330.22,132.3521
1778423880.0,2330.21,2330.39,2330.21,2330.39,130.2644
1778423940.0,2330.39,2330.47,2330.38,2330.47,139.2838
1778424000.0,2330.46,2335.0,2330.46,2332.96,1278.8546
1778424060.0,2332.95,2333.88,2331.93,2332.63,391.3419
1778424120.0,2332.62,2332.63,2331.84,2332.07,165.6116
1778424180.0,2332.07,2332.55,2331.21,2331.21,427.4833
1778424240.0,2331.21,2331.22,2330.28,2330.43,144.2889
1778424300.0,2330.43,2331.1,2330.43,2330.71,204.5518
1778424360.0,2330.71,2330.72,2329.73,2329.73,149.2565
1778424420.0,2329.73,2329.74,2327.8,2327.8,357.168
1778424480.0,2327.8,2328.54,2327.14,2328.52,173.5104
1778424540.0,2328.52,2328.52,2327.75,2328.25,147.5367
1778424600.0,2328.26,2330.87,2328.26,2330.57,324.0342
1778424660.0,2330.57,2331.39,2330.12,2331.31,234.8916
1778424720.0,2331.32,2331.32,2330.37,2330.95,187.1722
1778424780.0,2330.95,2332.34,2330.95,2331.55,273.9502
1778424840.0,2331.54,2332.56,2331.54,2331.86,321.7047
1778424900.0,2331.86,2332.19,2331.0,2331.17,204.443
1778424960.0,2331.17,2331.37,2330.88,2330.88,119.2216
1778425020.0,2330.89,2330.89,2330.52,2330.52,336.2961
1778425080.0,2330.52,2330.53,2330.01,2330.01,104.982
1778425140.0,2330.02,2330.91,2330.0,2330.9,160.5666
1778425200.0,2330.9,2330.92,2330.9,2330.92,183.6841
1778425260.0,2330.92,2332.18,2330.92,2332.02,242.2163
1778425320.0,2332.02,2335.21,2332.01,2334.85,760.3402
1778425380.0,2334.86,2335.47,2333.91,2335.1,473.7894
1778425440.0,2335.1,2337.24,2334.98,2335.68,694.1247
1778425500.0,2335.68,2337.37,2335.47,2336.84,438.3557
1778425560.0,2336.84,2337.66,2335.67,2335.67,252.0474
1778425620.0,2335.68,2336.02,2335.62,2335.63,244.0614
1778425680.0,2335.62,2336.14,2333.21,2334.3,406.8225
1778425740.0,2334.31,2334.86,2333.6,2334.05,273.6538
1778425800.0,2334.04,2334.05,2332.74,2333.88,146.5549
1778425860.0,2333.87,2334.6,2333.6,2334.24,162.4505
1778425920.0,2334.25,2334.25,2333.6,2333.9,181.5551
1778425980.0,2333.9,2334.82,2333.9,2334.82,214.2723
1778426040.0,2334.81,2335.46,2334.81,2335.28,188.3705
1778426100.0,2335.27,2335.28,2334.11,2334.8,272.54
1778426160.0,2334.8,2334.8,2334.02,2334.09,228.5236
1778426220.0,2334.08,2334.69,2334.08,2334.6,151.3315
1778426280.0,2334.59,2335.45,2334.59,2335.45,158.9812
1778426340.0,2335.44,2335.44,2334.32,2334.68,367.8814
1778426400.0,2334.69,2334.69,2334.32,2334.32,177.6035
1778426460.0,2334.32,2335.45,2334.32,2335.44,361.2066
1778426520.0,2335.44,2335.45,2335.0,2335.0,292.5616
1778426580.0,2335.0,2335.01,2334.82,2334.82,132.6468
1778426640.0,2334.83,2334.83,2333.6,2333.6,268.1444
1778426700.0,2333.6,2334.83,2333.6,2334.82,255.5022
1778426760.0,2334.82,2335.36,2334.4,2334.4,179.429
1778426820.0,2334.4,2334.41,2333.88,2334.01,148.6503
1778426880.0,2334.01,2334.02,2333.5,2333.8,189.4549
1778426940.0,2333.81,2334.6,2333.8,2334.45,180.2425
1778427000.0,2334.44,2335.8,2334.44,2335.68,336.1275
1778427060.0,2335.67,2336.52,2334.56,2336.51,436.4754
1778427120.0,2336.51,2336.52,2335.86,2336.37,357.3603
1778427180.0,2336.37,2337.0,2335.94,2335.94,227.9473
1778427240.0,2335.94,2336.98,2335.94,2336.46,313.3378
1778427300.0,2336.45,2337.17,2336.45,2337.16,181.7878
1778427360.0,2337.16,2342.61,2337.16,2339.8,1604.2027
1778427420.0,2339.8,2340.03,2338.48,2340.0,313.4117
1778427480.0,2339.99,2340.73,2339.55,2340.39,253.9098
1778427540.0,2340.39,2341.81,2340.38,2340.44,586.0672
1778427600.0,2340.44,2343.81,2340.44,2341.87,379.7949
1778427660.0,2341.86,2342.17,2340.52,2341.51,278.7408
1778427720.0,2341.52,2341.88,2341.1,2341.37,252.0281
1778427780.0,2341.37,2341.86,2340.49,2340.49,148.3193
1778427840.0,2340.5,2341.74,2340.49,2341.73,219.068
1778427900.0,2341.73,2342.44,2340.62,2342.21,294.7316
1778427960.0,2342.21,2347.43,2342.21,2346.63,1660.7008
1778428020.0,2346.64,2351.66,2346.17,2349.01,3335.2406
1778428080.0,2349.0,2349.55,2347.1,2347.15,289.2182
1778428140.0,2347.14,2348.2,2347.08,2347.08,313.5393
1778428200.0,2347.08,2347.7,2346.82,2347.08,264.1944
1778428260.0,2347.08,2348.06,2346.55,2346.55,528.5952
1778428320.0,2346.55,2348.98,2346.25,2348.71,232.1175
1778428380.0,2348.7,2348.86,2346.15,2346.47,172.95
1778428440.0,2346.47,2346.47,2345.22,2346.03,153.236
1778428500.0,2346.02,2347.14,2345.98,2346.64,378.9858
1778428560.0,2346.65,2348.22,2346.64,2348.1,251.0797
1778428620.0,2348.11,2348.11,2347.53,2347.89,126.6318
1778428680.0,2347.9,2348.79,2347.89,2348.23,193.3732
1778428740.0,2348.23,2348.23,2347.24,2347.56,175.1946
1778428800.0,2347.56,2350.5,2347.56,2349.75,1166.0766
1778428860.0,2349.75,2350.85,2349.52,2350.22,616.7102
1778428920.0,2350.22,2350.81,2348.0,2348.11,346.6142
1778428980.0,2348.11,2348.43,2348.01,2348.42,297.4747
1778429040.0,2348.43,2348.49,2347.25,2347.42,372.6143
1778429100.0,2347.42,2347.42,2344.86,2345.69,388.5276
1778429160.0,2345.68,2347.22,2345.68,2347.09,159.1935
1778429220.0,2347.09,2347.09,2345.92,2345.99,146.2828
1778429280.0,2346.0,2346.0,2344.91,2345.55,234.5799
1778429340.0,2345.55,2346.61,2345.55,2346.61,158.2512
1778429400.0,2346.61,2347.18,2346.6,2347.18,171.1476
1778429460.0,2347.17,2348.2,2347.17,2347.75,142.7764
1778429520.0,2347.74,2347.74,2346.4,2346.41,103.6743
1778429580.0,2346.41,2346.41,2345.5,2346.09,174.2869
1778429640.0,2346.08,2346.31,2345.7,2346.3,148.4137
1778429700.0,2346.31,2346.67,2345.15,2345.16,152.9253
1778429760.0,2345.15,2345.15,2344.56,2344.74,194.6181
1778429820.0,2344.75,2344.84,2343.12,2343.12,156.9763
1778429880.0,2343.12,2343.25,2342.97,2343.2,215.8723
1778429940.0,2343.21,2344.22,2343.21,2343.43,198.3255
1778430000.0,2343.44,2344.11,2343.43,2343.7,109.8815
1778430060.0,2343.7,2343.7,2342.31,2342.31,198.18
1778430120.0,2342.31,2342.88,2342.3,2342.58,127.6488
1778430180.0,2342.57,2342.88,2342.33,2342.34,117.966
1778430240.0,2342.33,2342.34,2341.27,2341.27,97.7694
1778430300.0,2341.27,2341.27,2340.11,2340.29,176.6831
1778430360.0,2340.29,2343.47,2340.29,2343.47,314.0052
1778430420.0,2343.47,2344.68,2343.47,2344.67,127.7952
1778430480.0,2344.68,2346.12,2344.68,2345.02,216.5185
1778430540.0,2345.03,2345.42,2344.69,2345.35,121.9322
1778430600.0,2345.35,2346.01,2345.35,2346.0,145.0711
1778430660.0,2346.01,2346.16,2344.89,2344.9,310.2127
1778430720.0,2344.9,2345.21,2344.8,2344.86,134.3154
1778430780.0,2344.85,2345.03,2344.29,2344.82,339.7355
1778430840.0,2344.81,2345.73,2344.81,2345.73,126.9803
1778430900.0,2345.73,2345.73,2345.01,2345.61,115.0062
1778430960.0,2345.62,2346.32,2344.47,2345.27,332.8172
1778431020.0,2345.28,2346.37,2345.28,2346.36,227.9912
1778431080.0,2346.36,2347.51,2346.36,2347.51,162.8221
1778431140.0,2347.51,2349.0,2347.5,2348.31,311.258
1778431200.0,2348.32,2349.99,2348.31,2349.99,362.2064
1778431260.0,2349.99,2350.0,2348.39,2348.9,117.9742
1778431320.0,2348.89,2348.9,2347.61,2347.62,140.2706
1778431380.0,2347.62,2348.41,2347.62,2348.3,117.1644
1778431440.0,2348.29,2348.3,2346.15,2346.21,237.1615
1778431500.0,2346.21,2346.23,2345.41,2346.23,191.3237
1778431560.0,2346.23,2348.48,2346.22,2348.48,475.9718
1778431620.0,2348.48,2350.0,2348.48,2349.98,927.4825
1778431680.0,2349.98,2350.0,2349.5,2349.5,515.5447
1778431740.0,2349.5,2350.0,2349.35,2350.0,396.4282
1778431800.0,2349.99,2350.0,2348.73,2348.75,2359.0443
1778431860.0,2348.75,2349.57,2347.73,2347.73,298.3498
1778431920.0,2347.73,2350.0,2347.73,2349.67,833.538
1778431980.0,2349.67,2350.0,2349.44,2349.85,251.604
1778432040.0,2349.85,2349.85,2349.57,2349.59,55.3282
1778432100.0,2349.6,2349.85,2348.75,2348.76,84.8246
1778432160.0,2348.76,2349.23,2348.4,2348.41,206.6844
1778432220.0,2348.41,2349.0,2348.41,2348.79,130.9782
1778432280.0,2348.78,2350.0,2348.35,2349.84,298.7986
1778432340.0,2349.84,2350.0,2349.73,2350.0,388.5411
1778432400.0,2349.99,2350.0,2349.99,2349.99,857.035
1778432460.0,2350.0,2350.0,2349.84,2349.99,1046.1633
1778432520.0,2350.0,2350.0,2349.75,2349.89,289.1154
1778432580.0,2349.89,2350.0,2349.89,2350.0,894.0296
1778432640.0,2349.99,2350.0,2349.99,2350.0,20379.1938
1778432700.0,2350.0,2355.0,2349.99,2354.11,12228.0804
1778432760.0,2354.1,2354.11,2349.46,2350.04,720.0272
1778432820.0,2350.05,2350.27,2348.89,2348.89,211.3009
1778432880.0,2348.89,2348.89,2347.18,2347.5,323.6217
1778432940.0,2347.5,2347.5,2346.25,2346.51,176.8146
1778433000.0,2346.51,2346.51,2345.4,2345.77,304.0322
1778433060.0,2345.77,2348.0,2345.76,2347.63,1201.8519
1778433120.0,2347.62,2348.0,2347.62,2347.99,11034.6898
1778433180.0,2348.0,2348.0,2347.99,2348.0,11895.5121
1778433240.0,2348.0,2348.0,2347.99,2348.0,18403.9523
1778433300.0,2348.0,2353.56,2347.99,2352.67,13806.2193
1778433360.0,2352.67,2352.68,2349.56,2349.6,1724.5326
1778433420.0,2349.61,2349.61,2348.8,2349.17,492.1081
1778433480.0,2349.17,2351.02,2349.17,2350.77,494.3265
1778433540.0,2350.76,2351.02,2349.9,2350.68,475.1733
1778433600.0,2350.69,2350.9,2350.52,2350.77,188.1552
1778433660.0,2350.76,2353.57,2350.76,2353.57,764.652
1778433720.0,2353.57,2354.11,2352.63,2354.0,369.7616
1778433780.0,2354.0,2357.94,2354.0,2356.12,1830.1321
1778433840.0,2356.11,2357.07,2355.37,2355.98,256.5263
1778433900.0,2355.99,2356.08,2354.4,2354.4,226.3131
1778433960.0,2354.41,2355.65,2354.4,2355.65,281.4083
1778434020.0,2355.64,2355.65,2354.4,2354.59,224.1149
1778434080.0,2354.59,2355.32,2354.13,2354.61,328.5367
1778434140.0,2354.62,2356.0,2354.61,2355.86,537.9141
1778434200.0,2355.85,2356.0,2355.49,2355.81,948.9619
1778434260.0,2355.82,2359.6,2355.81,2358.35,2160.9342
1778434320.0,2358.35,2358.35,2355.78,2355.78,215.1834
1778434380.0,2355.78,2356.2,2355.0,2356.2,287.2504
1778434440.0,2356.2,2356.59,2355.0,2355.01,144.6722
1778434500.0,2355.01,2355.38,2354.4,2354.75,133.809
1778434560.0,2354.75,2354.94,2353.56,2353.7,202.6987
1778434620.0,2353.69,2353.92,2352.71,2352.99,137.6359
1778434680.0,2352.99,2353.92,2352.98,2353.09,116.5734
1778434740.0,2353.1,2353.1,2352.8,2352.8,44.7139
1778434800.0,2352.81,2353.5,2352.8,2353.49,87.8475
1778434860.0,2353.5,2353.5,2353.3,2353.3,154.6931
1778434920.0,2353.31,2353.85,2353.3,2353.85,85.8314
1778434980.0,2353.85,2354.28,2353.78,2353.78,359.5356
1778435040.0,2353.79,2356.0,2353.78,2356.0,145.7266
1778435100.0,2356.0,2356.0,2354.4,2354.5,170.0489
1778435160.0,2354.49,2355.22,2354.49,2355.22,103.733
1778435220.0,2355.22,2357.29,2355.22,2357.28,72.2011
1778435280.0,2357.28,2358.03,2357.28,2357.88,155.4071
1778435340.0,2357.89,2357.89,2356.47,2356.47,118.9045
1778435400.0,2356.47,2360.37,2355.48,2360.36,983.4451
1778435460.0,2360.36,2363.62,2360.1,2363.17,1573.0051
1778435520.0,2363.17,2367.1,2363.17,2365.14,1300.1814
1778435580.0,2365.15,2368.0,2365.08,2365.25,684.5704
1778435640.0,2365.25,2366.11,2363.52,2364.24,488.0735
1778435700.0,2364.23,2365.16,2363.48,2363.48,746.1416
1778435760.0,2363.49,2363.57,2363.34,2363.34,192.1081
1778435820.0,2363.34,2363.45,2363.01,2363.12,253.6007
1778435880.0,2363.12,2363.28,2363.1,2363.27,247.3691
1778435940.0,2363.28,2364.11,2363.11,2364.1,255.0855
1778436000.0,2364.11,2365.59,2363.39,2363.57,598.4387
1778436060.0,2363.58,2364.86,2363.57,2363.8,448.1701
1778436120.0,2363.81,2366.06,2363.8,2365.89,315.6223
1778436180.0,2365.89,2366.79,2364.73,2364.73,308.4098
1778436240.0,2364.72,2365.7,2364.72,2365.52,211.0244
1778436300.0,2365.52,2365.81,2364.85,2364.86,230.3847
1778436360.0,2364.86,2365.66,2364.12,2364.64,254.1264
1778436420.0,2364.64,2365.08,2364.27,2364.28,422.8712
1778436480.0,2364.28,2364.28,2363.84,2363.85,99.5571
1778436540.0,2363.85,2363.85,2363.42,2363.7,96.0634
1778436600.0,2363.71,2364.48,2363.7,2364.27,97.6565
1778436660.0,2364.27,2364.28,2363.84,2364.25,82.0994
1778436720.0,2364.25,2364.76,2364.25,2364.76,87.0743
1778436780.0,2364.76,2364.76,2364.27,2364.27,115.5236
1778436840.0,2364.27,2365.5,2364.27,2365.5,272.0893
1778436900.0,2365.5,2365.5,2364.72,2364.78,170.3757
1778436960.0,2364.79,2364.79,2363.56,2363.56,190.9103
1778437020.0,2363.55,2363.58,2363.55,2363.58,49.4342
1778437080.0,2363.57,2363.57,2363.05,2363.05,235.9916
1778437140.0,2363.05,2363.06,2361.17,2361.63,1122.1912
1778437200.0,2361.62,2362.25,2361.4,2362.15,302.289
1778437260.0,2362.15,2364.46,2362.15,2363.75,234.9159
1778437320.0,2363.75,2363.76,2363.35,2363.35,86.1225
1778437380.0,2363.35,2363.36,2362.66,2362.81,347.3191
1778437440.0,2362.81,2363.66,2362.71,2363.66,134.3398
1778437500.0,2363.67,2365.0,2363.39,2363.88,238.2464
1778437560.0,2363.88,2364.2,2362.95,2362.96,224.1693
1778437620.0,2362.96,2362.96,2361.74,2361.96,167.5313
1778437680.0,2361.96,2362.36,2361.42,2361.43,329.9899
1778437740.0,2361.43,2361.85,2361.05,2361.84,189.9451
1778437800.0,2361.84,2361.91,2361.77,2361.77,61.3961
1778437860.0,2361.77,2363.54,2361.77,2363.0,117.4636
1778437920.0,2363.0,2363.01,2360.59,2360.62,206.2678
1778437980.0,2360.63,2361.06,2358.88,2361.06,456.9412
1778438040.0,2361.06,2361.06,2360.03,2360.03,75.6047
1778438100.0,2360.04,2360.04,2359.91,2359.91,37.3696
1778438160.0,2359.92,2359.92,2358.88,2358.89,83.4992
1778438220.0,2358.89,2359.25,2358.53,2358.81,121.123
1778438280.0,2358.81,2359.56,2358.8,2359.43,73.3692
1778438340.0,2359.42,2359.43,2358.29,2358.29,50.6392
1778438400.0,2358.3,2358.54,2357.93,2357.93,66.4699
1778438460.0,2357.94,2358.98,2357.93,2358.78,108.573
1778438520.0,2358.78,2358.78,2357.37,2357.37,121.4968
1778438580.0,2357.38,2357.63,2356.89,2357.63,276.6674
1778438640.0,2357.63,2357.63,2356.75,2356.76,64.3302
1778438700.0,2356.76,2357.28,2356.63,2357.0,175.2917
1778438760.0,2356.99,2357.37,2356.99,2357.06,167.2281
1778438820.0,2357.07,2357.07,2356.92,2357.01,192.9345
1778438880.0,2357.01,2358.96,2357.0,2358.96,90.0481
1778438940.0,2358.96,2359.58,2358.95,2359.58,75.6029
1778439000.0,2359.58,2359.92,2358.53,2358.53,116.8124
1778439060.0,2358.54,2359.02,2357.89,2357.9,57.1952
1778439120.0,2357.9,2359.28,2357.89,2359.26,127.1548
1778439180.0,2359.27,2359.27,2358.87,2358.87,64.9651
1778439240.0,2358.88,2359.79,2358.87,2359.79,100.5516
1778439300.0,2359.79,2359.79,2359.29,2359.29,74.0828
1778439360.0,2359.3,2359.3,2358.53,2358.54,36.1713
1778439420.0,2358.54,2358.54,2358.5,2358.5,27.4468
1778439480.0,2358.5,2359.27,2358.25,2359.11,153.9602
1778439540.0,2359.1,2359.11,2358.54,2358.54,117.9891
1778439600.0,2358.53,2358.6,2355.38,2355.38,470.3475
1778439660.0,2355.39,2355.39,2353.35,2353.49,418.7615
1778439720.0,2353.49,2353.49,2351.25,2352.13,337.6088
1778439780.0,2352.12,2353.82,2351.99,2353.75,174.7682
1778439840.0,2353.76,2354.2,2353.75,2353.8,178.7062
1778439900.0,2353.8,2355.0,2353.8,2354.99,156.2232
1778439960.0,2354.99,2355.0,2353.81,2354.73,114.0605
1778440020.0,2354.74,2354.74,2354.14,2354.15,64.4357
1778440080.0,2354.14,2355.56,2354.14,2355.55,169.2054
1778440140.0,2355.55,2356.48,2355.55,2356.47,58.4488
1778440200.0,2356.48,2357.81,2356.47,2357.81,146.5379
1778440260.0,2357.81,2357.81,2357.05,2357.68,115.7878
1778440320.0,2357.67,2357.68,2357.09,2357.09,44.2428
1778440380.0,2357.09,2358.82,2357.09,2358.81,246.0906
1778440440.0,2358.82,2358.82,2357.81,2357.81,208.3718
1778440500.0,2357.81,2359.78,2357.59,2359.72,199.3912
1778440560.0,2359.72,2363.12,2359.72,2361.25,556.2986
1778440620.0,2361.26,2361.57,2360.36,2361.56,163.3428
1778440680.0,2361.57,2361.86,2361.0,2361.86,206.8894
1778440740.0,2361.86,2362.23,2360.67,2360.68,130.8447
1778440800.0,2360.68,2361.25,2360.67,2361.25,33.2722
1778440860.0,2361.25,2361.5,2360.59,2361.01,60.0572
1778440920.0,2361.01,2362.19,2361.01,2362.19,93.4686
1778440980.0,2362.19,2363.53,2362.19,2363.52,230.509
1778441040.0,2363.53,2364.73,2363.32,2364.65,267.5718
1778441100.0,2364.66,2366.73,2364.65,2365.62,664.2664
1778441160.0,2365.63,2365.63,2363.88,2365.25,225.2188
1778441220.0,2365.26,2365.56,2365.04,2365.05,344.1557
1778441280.0,2365.05,2365.59,2365.02,2365.58,119.0327
1778441340.0,2365.59,2366.67,2365.59,2366.65,266.7864
1778441400.0,2366.65,2366.79,2365.18,2365.31,197.4925
1778441460.0,2365.31,2365.56,2364.51,2365.01,277.8687
1778441520.0,2365.01,2365.88,2364.73,2365.87,609.5717
1778441580.0,2365.88,2365.88,2364.25,2364.77,214.3557
1778441640.0,2364.78,2365.77,2364.74,2365.76,94.8456
1778441700.0,2365.76,2365.77,2364.36,2364.66,203.6596
1778441760.0,2364.66,2364.89,2364.66,2364.81,86.1068
1778441820.0,2364.82,2365.23,2364.37,2364.38,98.4086
1778441880.0,2364.37,2364.38,2362.76,2362.76,145.5439
1778441940.0,2362.75,2363.36,2362.75,2363.28,139.7762
1778442000.0,2363.29,2363.81,2363.28,2363.81,72.2885
1778442060.0,2363.8,2364.72,2363.8,2364.31,88.1013
1778442120.0,2364.31,2365.31,2364.23,2365.23,133.8719
1778442180.0,2365.24,2365.78,2364.94,2364.96,115.2403
1778442240.0,2364.96,2365.09,2364.8,2365.07,107.217
1778442300.0,2365.06,2365.16,2365.06,2365.16,18.5016
1778442360.0,2365.16,2365.16,2364.47,2364.47,158.0329
1778442420.0,2364.46,2365.15,2364.3,2365.14,97.6507
1778442480.0,2365.13,2365.13,2363.93,2363.93,104.8602
1778442540.0,2363.94,2363.94,2362.99,2363.29,151.7936
1778442600.0,2363.28,2363.68,2360.9,2361.71,206.3965
1778442660.0,2361.72,2361.72,2359.37,2360.14,223.9487
1778442720.0,2360.15,2360.88,2359.44,2360.87,170.6507
1778442780.0,2360.87,2361.01,2360.59,2360.59,44.0241
1778442840.0,2360.6,2362.27,2360.59,2362.27,83.7627
1778442900.0,2362.26,2364.32,2362.26,2364.32,261.2089
1778442960.0,2364.31,2364.32,2363.86,2364.17,99.3305
1778443020.0,2364.17,2364.67,2364.17,2364.56,102.142
1778443080.0,2364.56,2365.58,2364.56,2365.32,124.5304
1778443140.0,2365.32,2365.54,2365.26,2365.54,82.7611
1778443200.0,2365.54,2366.78,2365.53,2366.78,87.7408
1778443260.0,2366.78,2369.31,2366.07,2368.54,732.0608
1778443320.0,2368.54,2369.42,2368.0,2368.47,233.8514
1778443380.0,2368.47,2369.2,2368.46,2368.91,133.8074
1778443440.0,2368.91,2368.92,2368.0,2368.01,127.1906
1778443500.0,2368.0,2368.75,2368.0,2368.48,190.3936
1778443560.0,2368.49,2368.63,2367.11,2367.12,501.951
1778443620.0,2367.11,2367.68,2366.87,2367.29,124.5837
1778443680.0,2367.3,2368.08,2366.78,2368.07,90.5655
1778443740.0,2368.08,2369.86,2368.07,2369.86,210.4493
1778443800.0,2369.85,2369.86,2367.86,2368.31,130.2836
1778443860.0,2368.31,2368.43,2367.25,2367.25,62.4011
1778443920.0,2367.26,2367.26,2360.64,2360.78,608.7029
1778443980.0,2360.79,2361.59,2357.96,2357.97,535.3592
1778444040.0,2357.97,2358.46,2353.75,2354.76,744.0036
1778444100.0,2354.76,2356.07,2354.49,2354.58,346.9763
1778444160.0,2354.57,2354.57,2346.52,2348.54,2144.9622
1778444220.0,2348.54,2352.34,2348.41,2351.72,858.112
1778444280.0,2351.72,2351.95,2350.28,2351.03,258.435
1778444340.0,2351.03,2352.51,2351.02,2352.06,155.8316
1778444400.0,2352.06,2356.17,2352.05,2356.09,286.1445
1778444460.0,2356.09,2356.8,2354.4,2354.52,295.6787
1778444520.0,2354.52,2354.72,2352.34,2352.36,171.0074
1778444580.0,2352.35,2352.35,2350.21,2352.34,280.3941
1778444640.0,2352.34,2353.52,2352.34,2352.99,138.9031
1778444700.0,2353.0,2353.4,2352.56,2353.18,108.0165
1778444760.0,2353.18,2354.0,2353.17,2353.4,104.1408
1778444820.0,2353.4,2355.19,2353.39,2355.19,213.1646
1778444880.0,2355.19,2355.55,2352.72,2353.24,383.6603
1778444940.0,2353.24,2353.87,2353.24,2353.55,101.438
1778445000.0,2353.55,2353.55,2351.02,2351.65,103.9672
1778445060.0,2351.64,2351.77,2349.34,2350.14,382.5173
1778445120.0,2350.13,2351.27,2346.98,2347.08,385.8828
1778445180.0,2347.09,2347.76,2343.28,2346.59,809.7752
1778445240.0,2346.59,2348.62,2346.59,2346.6,186.0033
1778445300.0,2346.6,2347.82,2345.23,2346.84,301.5483
1778445360.0,2346.85,2346.85,2342.57,2345.8,979.1795
1778445420.0,2345.79,2347.19,2345.16,2346.15,521.7054
1778445480.0,2346.16,2347.38,2345.47,2347.36,155.5297
1778445540.0,2347.37,2348.0,2343.72,2343.99,286.5708
1778445600.0,2343.99,2345.75,2343.15,2345.46,199.5183
1778445660.0,2345.47,2346.54,2345.31,2346.53,157.0786
1778445720.0,2346.54,2346.54,2345.31,2345.32,76.5563
1778445780.0,2345.32,2345.32,2342.27,2342.77,269.9001
1778445840.0,2342.78,2342.78,2335.29,2335.31,1560.9094
1778445900.0,2335.32,2335.57,2330.74,2333.65,2205.5765
1778445960.0,2333.66,2334.25,2328.76,2330.22,1224.426
1778446020.0,2330.22,2331.97,2327.34,2329.25,744.0715
1778446080.0,2329.25,2329.25,2324.04,2325.28,1314.8952
1778446140.0,2325.27,2325.27,2312.14,2315.89,3570.3473
1778446200.0,2315.88,2320.68,2311.83,2320.47,1239.9761
1778446260.0,2320.48,2328.55,2320.48,2326.96,1280.4033
1778446320.0,2326.96,2329.33,2324.43,2324.63,521.1846
1778446380.0,2324.63,2325.26,2322.68,2322.69,444.139
1778446440.0,2322.69,2326.79,2322.02,2326.79,325.3458
1778446500.0,2326.79,2328.39,2326.59,2328.39,255.0195
1778446560.0,2328.39,2328.92,2324.72,2327.01,332.4635
1778446620.0,2327.01,2329.58,2326.32,2329.58,269.4794
1778446680.0,2329.58,2329.58,2327.58,2327.76,262.1247
1778446740.0,2327.76,2329.4,2327.58,2328.76,206.9764
1778446800.0,2328.76,2329.28,2327.06,2329.28,551.6096
1778446860.0,2329.28,2330.39,2327.97,2328.0,924.4701
1778446920.0,2328.0,2334.12,2327.7,2333.62,509.7156
1778446980.0,2333.62,2333.62,2330.71,2331.31,385.0064
1778447040.0,2331.32,2331.74,2329.13,2329.76,240.3644
1778447100.0,2329.76,2333.08,2328.71,2333.08,357.3781
1778447160.0,2333.07,2333.38,2331.83,2332.61,275.7106
1778447220.0,2332.61,2333.98,2332.2,2333.29,125.5009
1778447280.0,2333.29,2334.78,2333.08,2334.44,275.6658
1778447340.0,2334.45,2334.45,2332.73,2332.93,137.1783
1778447400.0,2332.93,2332.94,2331.82,2332.29,233.011
1778447460.0,2332.28,2332.29,2327.0,2327.9,550.7082
1778447520.0,2327.91,2329.31,2324.02,2324.83,810.2889
1778447580.0,2324.83,2328.33,2324.1,2327.99,484.9281
1778447640.0,2328.0,2328.0,2325.84,2325.98,256.6653
1778447700.0,2325.99,2327.07,2324.87,2325.82,550.462
1778447760.0,2325.81,2327.19,2325.8,2327.19,162.7909
1778447820.0,2327.18,2328.8,2326.75,2328.54,140.3679
1778447880.0,2328.55,2330.4,2328.55,2330.01,230.3696
1778447940.0,2330.01,2332.94,2329.51,2332.19,304.7508
1778448000.0,2332.2,2332.63,2331.44,2331.45,195.8312
1778448060.0,2331.44,2331.55,2330.03,2330.03,107.4127
1778448120.0,2330.03,2330.42,2328.0,2330.41,226.9048
1778448180.0,2330.41,2333.75,2330.41,2333.38,538.6591
1778448240.0,2333.38,2333.38,2331.71,2332.44,193.6585
1778448300.0,2332.44,2332.44,2330.71,2331.21,279.874
1778448360.0,2331.22,2331.37,2330.61,2330.73,218.1773
1778448420.0,2330.74,2332.64,2330.73,2331.94,124.713
1778448480.0,2331.94,2333.77,2331.93,2333.77,50.198
1778448540.0,2333.78,2335.0,2333.77,2335.0,111.5674
1778448600.0,2335.0,2335.59,2334.99,2335.18,274.8995
1778448660.0,2335.17,2335.6,2331.75,2334.29,482.515
1778448720.0,2334.3,2336.63,2334.3,2336.62,161.7582
1778448780.0,2336.61,2336.85,2335.8,2336.36,371.0832
1778448840.0,2336.36,2336.37,2335.4,2336.32,70.0709
1778448900.0,2336.33,2336.68,2335.41,2336.1,108.7927
1778448960.0,2336.09,2336.49,2336.09,2336.49,115.8525
1778449020.0,2336.49,2336.68,2335.32,2335.32,426.3951
1778449080.0,2335.33,2335.94,2333.66,2333.81,306.115
1778449140.0,2333.81,2333.82,2329.83,2330.48,489.3334
1778449200.0,2330.48,2332.47,2330.48,2331.51,130.4272
1778449260.0,2331.51,2331.51,2331.5,2331.51,15.6419
1778449320.0,2331.51,2334.54,2331.51,2334.23,232.0943
1778449380.0,2334.22,2335.0,2333.5,2333.5,346.5204
1778449440.0,2333.5,2335.54,2333.27,2335.54,445.7981
1778449500.0,2335.54,2336.04,2335.54,2336.03,31.8056
1778449560.0,2336.04,2336.14,2336.03,2336.14,51.5311
1778449620.0,2336.14,2336.14,2335.83,2335.93,113.4709
1778449680.0,2335.93,2336.0,2335.53,2335.63,53.7965
1778449740.0,2335.64,2335.64,2334.72,2334.97,163.7843
1778449800.0,2334.97,2335.96,2334.97,2335.95,51.6932
1778449860.0,2335.96,2336.25,2335.94,2336.25,69.1082
1778449920.0,2336.24,2336.36,2333.77,2333.77,190.9623
1778449980.0,2333.77,2334.65,2331.35,2331.65,145.4903
1778450040.0,2331.66,2332.81,2331.29,2331.3,222.2079
1778450100.0,2331.3,2332.92,2331.29,2332.56,221.2084
1778450160.0,2332.55,2332.56,2331.48,2331.48,100.1049
1778450220.0,2331.49,2332.31,2330.93,2332.22,262.9416
1778450280.0,2332.22,2332.23,2331.3,2331.31,61.5482
1778450340.0,2331.3,2331.64,2330.68,2330.8,93.0334
1778450400.0,2330.79,2334.11,2327.92,2333.88,522.7903
1778450460.0,2333.87,2338.03,2333.77,2338.03,511.7415
1778450520.0,2338.04,2343.7,2338.04,2339.04,1142.0419
1778450580.0,2339.04,2340.84,2335.3,2339.97,532.0173
1778450640.0,2339.96,2340.82,2338.0,2338.93,150.8122
1778450700.0,2338.93,2340.58,2338.08,2339.83,241.6871
1778450760.0,2339.82,2342.09,2337.25,2341.87,423.9185
1778450820.0,2341.86,2346.35,2341.71,2342.61,785.0485
1778450880.0,2342.6,2344.68,2341.7,2344.68,138.7606
1778450940.0,2344.68,2344.81,2342.37,2342.38,182.1628
1778451000.0,2342.37,2346.65,2342.26,2345.22,169.0784
1778451060.0,2345.22,2346.34,2344.79,2345.63,202.9453
1778451120.0,2345.63,2347.13,2344.24,2344.25,149.7284
1778451180.0,2344.25,2344.25,2342.08,2342.87,96.908
1778451240.0,2342.88,2343.0,2342.01,2342.82,203.1669
1778451300.0,2342.82,2343.72,2342.41,2342.61,127.148
1778451360.0,2342.6,2342.76,2340.35,2340.48,449.295
1778451420.0,2340.47,2348.76,2340.04,2346.72,1226.8909
1778451480.0,2346.72,2352.3,2346.46,2349.57,1845.5473
1778451540.0,2349.56,2352.85,2349.56,2351.44,397.6365
1778451600.0,2351.44,2352.63,2350.03,2351.53,376.8994
1778451660.0,2351.53,2352.19,2349.83,2349.83,266.1616
1778451720.0,2349.83,2349.83,2348.36,2349.38,292.9695
1778451780.0,2349.37,2349.72,2348.39,2348.39,207.1932
1778451840.0,2348.39,2349.85,2348.21,2349.22,170.9646
1778451900.0,2349.21,2349.71,2348.41,2349.14,98.3086
1778451960.0,2349.15,2354.0,2349.14,2353.56,607.234
1778452020.0,2353.56,2361.75,2353.55,2359.39,1220.2781
1778452080.0,2359.39,2362.03,2357.11,2357.45,750.8103
1778452140.0,2357.45,2357.55,2355.0,2355.36,246.7203
1778452200.0,2355.36,2355.61,2352.08,2352.97,377.5528
1778452260.0,2352.96,2355.17,2352.37,2354.74,373.0191
1778452320.0,2354.74,2365.81,2354.2,2362.4,2162.9735
1778452380.0,2362.39,2374.0,2360.51,2371.88,3031.2748
1778452440.0,2371.85,2374.05,2368.1,2369.7,1027.9624
1778452500.0,2369.7,2370.75,2366.74,2366.89,695.2922
1778452560.0,2366.88,2366.89,2364.93,2364.94,479.1853
1778452620.0,2364.94,2365.43,2363.9,2363.91,247.587
1778452680.0,2363.92,2365.25,2363.0,2364.22,715.0269
1778452740.0,2364.22,2365.41,2363.4,2364.29,408.4015
1778452800.0,2364.29,2367.88,2364.29,2367.54,333.1906
1778452860.0,2367.54,2368.51,2366.04,2368.31,560.783
1778452920.0,2368.3,2369.24,2367.75,2367.84,547.894
1778452980.0,2367.84,2368.43,2365.58,2365.65,435.1352
1778453040.0,2365.65,2366.51,2365.42,2366.51,222.0001
1778453100.0,2366.51,2370.92,2366.51,2369.62,554.1506
1778453160.0,2369.63,2371.2,2369.62,2370.71,545.2622
1778453220.0,2370.7,2370.7,2368.19,2370.45,288.9321
1778453280.0,2370.46,2371.15,2369.87,2370.34,220.1156
1778453340.0,2370.33,2373.0,2369.52,2372.77,942.0479
1778453400.0,2372.76,2376.23,2371.81,2373.71,1109.9876
1778453460.0,2373.71,2373.71,2368.9,2369.39,627.0468
1778453520.0,2369.4,2372.2,2369.39,2371.32,338.7265
1778453580.0,2371.32,2373.55,2371.32,2373.22,411.5669
1778453640.0,2373.22,2373.22,2371.08,2371.38,209.071
1778453700.0,2371.38,2377.1,2371.37,2375.94,806.3411
1778453760.0,2375.95,2377.64,2373.71,2377.26,698.0127
1778453820.0,2377.26,2377.26,2372.83,2373.7,309.4574
1778453880.0,2373.7,2375.05,2373.25,2374.01,468.1719
1778453940.0,2374.01,2374.23,2371.4,2373.78,785.5004
1778454000.0,2373.78,2380.75,2373.78,2377.72,2771.275
1778454060.0,2377.71,2378.89,2375.3,2377.67,420.645
1778454120.0,2377.66,2382.53,2377.52,2379.95,1838.5818
1778454180.0,2379.95,2379.95,2375.13,2375.13,459.808
1778454240.0,2375.13,2375.99,2374.48,2375.55,434.2778
1778454300.0,2375.56,2377.73,2375.56,2376.37,379.3195
1778454360.0,2376.37,2378.42,2375.2,2375.46,289.8619
1778454420.0,2375.46,2376.8,2375.45,2376.69,278.5114
1778454480.0,2376.69,2380.26,2376.69,2379.07,595.5674
1778454540.0,2379.06,2379.53,2378.3,2379.17,228.5602
1778454600.0,2379.17,2382.46,2378.92,2381.13,938.6289
1778454660.0,2381.14,2381.15,2379.46,2379.46,405.9384
1778454720.0,2379.46,2380.63,2377.72,2377.73,131.7925
1778454780.0,2377.73,2378.4,2376.8,2377.92,246.1196
1778454840.0,2377.92,2379.17,2377.11,2379.1,422.6596
1778454900.0,2379.1,2381.17,2379.1,2379.75,339.1739
1778454960.0,2379.75,2379.93,2378.62,2379.16,237.739
1778455020.0,2379.16,2379.17,2374.52,2375.5,397.232
1778455080.0,2375.49,2375.65,2374.14,2375.34,219.1036
1778455140.0,2375.34,2376.21,2374.82,2374.83,237.5638
1778455200.0,2374.82,2374.97,2373.94,2374.34,250.0084
1778455260.0,2374.35,2375.0,2374.1,2374.16,254.6742
1778455320.0,2374.16,2374.53,2373.75,2373.76,196.4746
1778455380.0,2373.75,2373.75,2370.28,2371.04,622.0268
1778455440.0,2371.05,2372.98,2370.91,2372.39,308.423
1778455500.0,2372.4,2373.28,2371.88,2372.71,224.0891
1778455560.0,2372.71,2375.05,2372.18,2375.05,390.6289
1778455620.0,2375.05,2377.7,2375.04,2376.5,376.1894
1778455680.0,2376.51,2376.51,2374.54,2375.05,91.3194
1778455740.0,2375.04,2375.04,2373.65,2374.45,221.2216
1778455800.0,2374.46,2375.94,2373.93,2375.92,333.6575
1778455860.0,2375.92,2376.18,2371.92,2374.26,672.4033
1778455920.0,2374.25,2375.36,2374.25,2375.36,165.0499
1778455980.0,2375.36,2377.34,2374.61,2376.14,465.5539
1778456040.0,2376.14,2377.7,2376.08,2377.64,348.5597
1778456100.0,2377.65,2379.1,2376.78,2378.01,409.7742
1778456160.0,2378.01,2379.09,2378.01,2378.6,303.9719
1778456220.0,2378.6,2379.65,2378.01,2379.62,226.8158
1778456280.0,2379.63,2380.22,2379.16,2379.33,342.3466
1778456340.0,2379.34,2379.66,2378.93,2379.57,321.2916
1778456400.0,2379.57,2379.85,2377.63,2377.63,114.77
1778456460.0,2377.64,2378.4,2376.24,2376.25,300.39
1778456520.0,2376.25,2377.72,2376.25,2377.72,251.3587
1778456580.0,2377.72,2378.29,2377.2,2377.56,226.0397
1778456640.0,2377.56,2379.58,2377.55,2378.77,154.3689
1778456700.0,2378.77,2379.64,2376.99,2377.0,228.9762
1778456760.0,2376.99,2376.99,2375.94,2376.83,328.5549
1778456820.0,2376.82,2376.82,2375.28,2375.71,237.3557
1778456880.0,2375.72,2375.73,2375.13,2375.13,134.4057
1778456940.0,2375.13,2376.0,2375.12,2375.27,189.3261
1778457000.0,2375.26,2375.7,2373.31,2374.46,276.2452
1778457060.0,2374.46,2374.47,2373.29,2373.89,121.9675
1778457120.0,2373.9,2374.65,2373.12,2373.55,162.749
1778457180.0,2373.56,2373.96,2372.97,2372.99,105.6318
1778457240.0,2372.99,2372.99,2371.98,2372.33,98.7266
1778457300.0,2372.32,2372.32,2369.79,2369.86,379.9884
1778457360.0,2369.86,2369.86,2367.95,2368.79,625.4124
1778457420.0,2368.78,2370.02,2368.78,2370.01,294.2806
1778457480.0,2370.01,2370.01,2368.8,2369.5,145.5519
1778457540.0,2369.5,2371.55,2368.08,2371.27,510.1617
1778457600.0,2371.26,2374.92,2370.96,2372.91,611.5542
1778457660.0,2372.91,2373.83,2372.51,2372.51,184.49
1778457720.0,2372.51,2373.59,2370.92,2373.58,221.4469
1778457780.0,2373.58,2373.59,2372.24,2372.81,128.3403
1778457840.0,2372.82,2372.82,2370.23,2370.44,200.1193
1778457900.0,2370.44,2372.59,2370.44,2371.86,274.9342
1778457960.0,2371.86,2371.86,2368.05,2368.06,153.82
1778458020.0,2368.05,2368.36,2366.78,2367.46,298.5516
1778458080.0,2367.45,2369.63,2366.66,2369.62,225.1306
1778458140.0,2369.62,2369.63,2367.89,2368.22,273.2356
1778458200.0,2368.22,2369.82,2368.22,2369.81,197.6021
1778458260.0,2369.82,2369.9,2368.85,2368.93,85.6016
1778458320.0,2368.93,2369.08,2366.36,2366.37,298.0434
1778458380.0,2366.37,2366.75,2366.12,2366.12,113.9955
1778458440.0,2366.12,2366.13,2363.05,2363.12,847.634
1778458500.0,2363.13,2363.38,2353.03,2353.88,1881.5522
1778458560.0,2353.89,2354.99,2352.03,2352.7,970.9179
1778458620.0,2352.7,2354.41,2351.52,2352.86,730.5233
1778458680.0,2352.85,2356.48,2352.34,2354.55,315.7132
1778458740.0,2354.57,2354.99,2352.91,2353.55,568.2565
1778458800.0,2353.54,2355.0,2350.68,2353.67,752.1115
1778458860.0,2353.66,2359.0,2353.4,2357.83,762.9212
1778458920.0,2357.83,2357.98,2352.04,2352.35,1268.6237
1778458980.0,2352.35,2356.94,2352.35,2356.66,272.5064
1778459040.0,2356.66,2358.5,2356.66,2358.5,102.4427
1778459100.0,2358.5,2359.86,2357.43,2359.01,166.7748
1778459160.0,2359.0,2359.01,2357.38,2358.14,82.1444
1778459220.0,2358.13,2358.14,2355.42,2355.42,47.9299
1778459280.0,2355.41,2355.99,2353.47,2355.13,265.8821
1778459340.0,2355.12,2355.58,2354.66,2355.57,162.1128
1778459400.0,2355.57,2357.46,2355.38,2357.27,96.6923
1778459460.0,2357.27,2361.79,2357.27,2361.58,732.9686
1778459520.0,2361.57,2363.65,2361.36,2363.34,225.6491
1778459580.0,2363.35,2363.35,2361.87,2361.88,67.5864
1778459640.0,2361.88,2361.88,2359.56,2360.95,298.2994
1778459700.0,2360.95,2361.15,2360.8,2360.88,93.0473
1778459760.0,2360.89,2362.48,2360.89,2361.21,168.1065
1778459820.0,2361.22,2362.21,2360.77,2360.77,101.2024
1778459880.0,2360.76,2360.99,2359.26,2359.26,207.2244
1778459940.0,2359.26,2359.26,2358.2,2358.79,180.8423
1778460000.0,2358.79,2359.2,2358.26,2358.54,78.3115
1778460060.0,2358.53,2358.54,2352.85,2353.23,440.098
1778460120.0,2353.23,2354.37,2351.28,2354.37,261.3541
1778460180.0,2354.37,2356.4,2353.97,2355.95,107.7112
1778460240.0,2355.95,2355.95,2354.54,2354.55,110.9377
1778460300.0,2354.54,2356.39,2353.39,2356.0,328.0379
1778460360.0,2355.99,2357.0,2355.77,2357.0,83.0859
1778460420.0,2356.99,2357.34,2354.97,2356.24,117.6738
1778460480.0,2356.24,2356.59,2355.65,2356.49,138.372
1778460540.0,2356.49,2356.49,2355.49,2355.49,57.4764
1778460600.0,2355.49,2355.79,2351.56,2354.94,336.932
1778460660.0,2354.94,2356.48,2354.41,2354.84,119.4658
1778460720.0,2354.84,2354.85,2347.8,2348.73,784.8445
1778460780.0,2348.72,2348.73,2344.59,2347.02,581.0633
1778460840.0,2347.03,2348.45,2346.39,2348.33,217.8695
1778460900.0,2348.34,2348.34,2346.32,2347.48,180.6495
1778460960.0,2347.49,2349.49,2347.13,2348.56,225.9407
1778461020.0,2348.56,2351.23,2348.04,2351.08,156.6717
1778461080.0,2351.07,2351.23,2349.13,2350.86,168.5419
1778461140.0,2350.86,2352.94,2350.86,2352.35,192.1304
1778461200.0,2352.36,2353.01,2350.6,2350.61,106.544
1778461260.0,2350.6,2350.6,2346.16,2348.0,185.3877
1778461320.0,2348.0,2348.68,2345.33,2346.62,225.4122
1778461380.0,2346.62,2350.28,2346.34,2348.22,158.3718
1778461440.0,2348.22,2348.8,2347.22,2347.22,70.4004
1778461500.0,2347.22,2349.47,2346.15,2349.46,275.4424
1778461560.0,2349.47,2350.0,2348.22,2348.6,78.1523
1778461620.0,2348.61,2350.29,2348.61,2350.22,70.2155
1778461680.0,2350.21,2351.6,2349.03,2351.16,195.3055
1778461740.0,2351.15,2351.16,2349.04,2349.05,95.5805
1778461800.0,2349.04,2350.0,2347.65,2348.85,121.2001
1778461860.0,2348.85,2354.06,2348.85,2354.06,295.0731
1778461920.0,2354.05,2360.0,2353.79,2358.43,683.2074
1778461980.0,2358.42,2358.42,2355.83,2355.96,134.1988
1778462040.0,2355.95,2356.34,2355.53,2356.19,80.1693
1778462100.0,2356.2,2356.87,2354.58,2356.86,83.2846
1778462160.0,2356.87,2358.1,2356.47,2357.56,87.7155
1778462220.0,2357.57,2360.6,2357.25,2360.27,254.9909
1778462280.0,2360.27,2361.61,2359.47,2360.99,209.8087
1778462340.0,2360.99,2365.0,2360.99,2364.07,424.2239
1778462400.0,2364.07,2364.56,2362.48,2362.8,241.8787
1778462460.0,2362.81,2362.81,2361.72,2362.36,167.4472
1778462520.0,2362.35,2363.35,2361.91,2363.35,257.2118
1778462580.0,2363.35,2365.58,2363.35,2365.22,214.9168
1778462640.0,2365.22,2365.22,2363.59,2363.67,253.3078
1778462700.0,2363.68,2364.49,2362.55,2363.34,386.6923
1778462760.0,2363.35,2364.01,2362.99,2363.2,76.222
1778462820.0,2363.2,2363.3,2361.2,2361.28,46.5076
1778462880.0,2361.28,2362.88,2361.0,2362.71,90.2572
1778462940.0,2362.7,2362.7,2362.06,2362.06,39.2672
1778463000.0,2362.07,2362.07,2359.23,2359.91,124.3918
1778463060.0,2359.91,2360.6,2357.55,2360.59,309.8787
1778463120.0,2360.6,2361.92,2360.04,2361.9,118.466
1778463180.0,2361.91,2365.21,2361.9,2364.46,279.7516
1778463240.0,2364.45,2364.45,2360.89,2360.89,44.2114
1778463300.0,2360.9,2361.85,2359.75,2359.75,145.4729
1778463360.0,2359.77,2360.6,2358.43,2360.42,152.6545
1778463420.0,2360.41,2360.75,2358.43,2358.9,49.7411
1778463480.0,2358.9,2360.31,2358.53,2359.95,44.5717
1778463540.0,2359.95,2359.95,2357.99,2358.71,243.4606
1778463600.0,2358.71,2359.01,2357.25,2359.01,181.2121
1778463660.0,2359.02,2360.85,2359.01,2360.85,131.6251
1778463720.0,2360.84,2362.0,2360.39,2361.99,174.3433
1778463780.0,2361.99,2362.0,2360.7,2360.84,57.0203
1778463840.0,2360.84,2360.84,2358.53,2358.54,86.6306
1778463900.0,2358.54,2358.82,2355.25,2356.91,247.4118
1778463960.0,2356.92,2357.4,2355.92,2357.34,67.728
1778464020.0,2357.34,2359.67,2357.19,2358.79,135.7038
1778464080.0,2358.8,2359.57,2358.33,2359.38,56.3623
1778464140.0,2359.38,2361.8,2359.38,2361.74,181.986
1778464200.0,2361.74,2362.0,2360.13,2360.13,94.4967
1778464260.0,2360.13,2360.13,2358.19,2358.19,55.0585
1778464320.0,2358.2,2359.54,2357.86,2359.53,268.1664
1778464380.0,2359.54,2360.45,2359.54,2359.77,64.8018
1778464440.0,2359.77,2360.12,2358.53,2358.54,81.5119
1778464500.0,2358.53,2358.54,2357.32,2357.36,53.0791
1778464560.0,2357.36,2358.06,2356.93,2358.05,48.0985
1778464620.0,2358.06,2358.06,2357.0,2357.01,31.1962
1778464680.0,2357.02,2358.27,2356.82,2358.26,97.6198
1778464740.0,2358.27,2359.41,2358.25,2358.54,58.7858
1778464800.0,2358.54,2358.92,2358.04,2358.2,79.8292
1778464860.0,2358.21,2358.21,2357.22,2357.64,43.4085
1778464920.0,2357.65,2360.24,2356.64,2359.38,199.3954
1778464980.0,2359.39,2360.79,2359.14,2359.15,80.0989
1778465040.0,2359.15,2360.22,2357.89,2357.89,78.8631
1778465100.0,2357.89,2358.93,2357.31,2358.54,68.5654
1778465160.0,2358.53,2358.53,2356.9,2356.9,53.734
1778465220.0,2356.9,2356.91,2352.62,2354.88,283.4107
1778465280.0,2354.89,2355.29,2353.77,2354.63,56.2821
1778465340.0,2354.62,2355.12,2353.6,2354.11,61.7135
1778465400.0,2354.11,2355.47,2354.11,2355.47,56.5052
1778465460.0,2355.47,2356.19,2355.46,2356.18,53.6845
1778465520.0,2356.19,2356.82,2354.71,2355.57,86.9257
1778465580.0,2355.58,2356.17,2354.3,2354.35,72.7835
1778465640.0,2354.35,2355.02,2353.41,2355.02,48.2373
1778465700.0,2355.02,2355.02,2350.0,2351.21,382.3661
1778465760.0,2351.2,2352.35,2351.05,2352.35,199.5188
1778465820.0,2352.34,2353.79,2352.08,2353.7,110.2254
1778465880.0,2353.69,2354.11,2353.51,2353.92,61.6403
1778465940.0,2353.92,2353.99,2352.93,2352.94,128.4858
1778466000.0,2352.94,2353.28,2350.03,2351.19,281.363
1778466060.0,2351.19,2351.47,2350.0,2350.74,197.846
1778466120.0,2350.74,2350.84,2348.89,2348.9,161.1849
1778466180.0,2348.89,2350.0,2347.16,2349.98,511.5822
1778466240.0,2349.97,2350.7,2349.61,2350.11,154.7081
1778466300.0,2350.12,2350.52,2349.09,2349.11,91.861
1778466360.0,2349.1,2350.45,2348.69,2349.8,128.9905
1778466420.0,2349.8,2350.21,2349.06,2350.21,178.4779
1778466480.0,2350.21,2351.06,2349.86,2351.05,110.441
1778466540.0,2351.06,2351.06,2350.19,2350.19,27.9849
1778466600.0,2350.18,2350.71,2350.0,2350.65,147.165
1778466660.0,2350.66,2350.66,2348.0,2348.0,65.4695
1778466720.0,2348.0,2348.0,2345.0,2345.68,573.3088
1778466780.0,2345.67,2346.88,2345.0,2345.32,246.1252
1778466840.0,2345.32,2346.32,2345.0,2346.32,162.016
1778466900.0,2346.33,2347.04,2346.28,2346.29,119.4419
1778466960.0,2346.29,2347.5,2345.99,2346.19,53.2702
1778467020.0,2346.19,2346.65,2345.0,2346.65,342.7147
1778467080.0,2346.65,2346.65,2345.42,2345.42,95.9375
1778467140.0,2345.41,2346.23,2343.51,2345.81,1527.7529
1778467200.0,2345.81,2345.99,2344.61,2344.62,68.5234
1778467260.0,2344.62,2345.31,2344.1,2344.45,142.6234
1778467320.0,2344.46,2344.86,2344.26,2344.59,208.6476
1778467380.0,2344.59,2345.72,2344.58,2345.24,78.3445
1778467440.0,2345.25,2345.79,2343.59,2344.87,332.504
1778467500.0,2344.88,2346.3,2344.73,2346.3,47.9501
1778467560.0,2346.3,2346.9,2345.43,2345.44,55.7929
1778467620.0,2345.44,2346.19,2344.68,2345.3,196.3354
1778467680.0,2345.3,2345.75,2343.57,2344.1,99.4095
1778467740.0,2344.1,2345.43,2343.38,2343.4,76.8278
1778467800.0,2343.4,2344.47,2343.38,2344.41,45.1959
1778467860.0,2344.41,2346.33,2344.41,2346.32,100.7279
1778467920.0,2346.33,2346.64,2345.88,2346.55,46.2446
1778467980.0,2346.54,2346.54,2345.34,2345.34,40.0485
1778468040.0,2345.34,2346.81,2345.33,2346.81,49.2692
1778468100.0,2346.81,2347.03,2345.9,2345.97,72.8091
1778468160.0,2345.96,2345.97,2345.43,2345.67,85.3477
1778468220.0,2345.68,2345.81,2345.17,2345.4,61.2042
1778468280.0,2345.39,2345.43,2344.77,2344.77,16.327
1778468340.0,2344.76,2345.4,2344.76,2345.39,72.7394
1778468400.0,2345.4,2345.4,2344.17,2344.17,83.0974
1778468460.0,2344.16,2344.16,2342.23,2344.02,142.4132
1778468520.0,2344.02,2344.02,2342.47,2343.36,76.1295
1778468580.0,2343.37,2343.85,2341.64,2342.24,278.8944
1778468640.0,2342.24,2343.72,2340.85,2341.72,216.381
1778468700.0,2341.73,2342.79,2341.04,2341.65,195.9926
1778468760.0,2341.66,2342.78,2340.0,2340.01,313.041
1778468820.0,2340.01,2340.12,2338.36,2338.36,723.3776
1778468880.0,2338.36,2339.27,2337.49,2338.81,398.092
1778468940.0,2338.81,2338.97,2337.4,2338.26,381.1864
1778469000.0,2338.27,2338.91,2337.32,2337.86,252.4361
1778469060.0,2337.86,2338.88,2337.6,2338.33,95.6914
1778469120.0,2338.33,2338.35,2332.95,2332.96,946.1193
1778469180.0,2332.95,2332.95,2330.0,2330.02,1252.0968
1778469240.0,2330.02,2331.71,2326.35,2327.04,1714.1425
1778469300.0,2327.04,2329.3,2325.54,2329.08,614.5939
1778469360.0,2329.08,2331.35,2328.22,2330.27,581.0905
1778469420.0,2330.27,2331.22,2329.47,2329.5,167.7706
1778469480.0,2329.5,2331.84,2329.5,2331.84,290.2201
1778469540.0,2331.83,2331.98,2330.62,2330.63,285.2234
1778469600.0,2330.63,2330.68,2329.52,2330.67,336.9256
1778469660.0,2330.68,2330.85,2325.89,2327.94,406.5395
1778469720.0,2327.94,2327.99,2323.52,2324.06,1100.6577
1778469780.0,2324.06,2325.34,2322.78,2324.62,423.0447
1778469840.0,2324.63,2327.3,2324.63,2325.79,313.2026
1778469900.0,2325.79,2326.07,2325.15,2325.89,89.5143
1778469960.0,2325.89,2326.29,2323.68,2324.97,630.641
1778470020.0,2324.96,2325.77,2324.61,2325.66,183.289
1778470080.0,2325.65,2325.98,2325.29,2325.29,216.2406
1778470140.0,2325.3,2325.76,2325.29,2325.69,187.4763
1778470200.0,2325.69,2326.08,2324.6,2326.08,266.1959
1778470260.0,2326.07,2326.35,2325.44,2326.35,615.2566
1778470320.0,2326.35,2326.51,2325.71,2326.18,402.234
1778470380.0,2326.19,2327.83,2324.62,2325.1,774.2027
1778470440.0,2325.1,2325.68,2323.07,2323.46,219.1241
1778470500.0,2323.46,2325.02,2323.46,2324.17,207.3665
1778470560.0,2324.17,2324.67,2321.52,2322.29,759.4219
1778470620.0,2322.3,2322.89,2320.01,2322.89,750.8805
1778470680.0,2322.88,2324.92,2322.37,2324.75,195.1184
1778470740.0,2324.75,2325.25,2323.99,2325.25,434.9204
1778470800.0,2325.25,2326.59,2324.71,2326.59,203.7898
1778470860.0,2326.6,2327.85,2326.6,2327.02,323.5786
1778470920.0,2327.01,2328.09,2327.01,2328.08,158.9271
1778470980.0,2328.09,2328.96,2328.08,2328.33,177.3253
1778471040.0,2328.34,2329.87,2328.34,2329.66,664.3643
1778471100.0,2329.66,2329.66,2328.45,2328.75,216.0805
1778471160.0,2328.76,2330.81,2328.76,2330.61,724.0484
1778471220.0,2330.62,2330.62,2329.15,2329.16,253.3051
1778471280.0,2329.15,2329.2,2328.04,2329.19,604.1866
1778471340.0,2329.19,2329.31,2328.68,2328.69,274.7026
1778471400.0,2328.68,2329.08,2327.86,2329.07,211.3491
1778471460.0,2329.07,2329.31,2328.18,2328.19,186.6243
1778471520.0,2328.19,2329.51,2328.18,2329.51,102.9299
1778471580.0,2329.51,2330.72,2329.5,2330.71,87.015
1778471640.0,2330.72,2330.72,2330.37,2330.56,126.9511
1778471700.0,2330.55,2330.55,2330.37,2330.37,107.785
1778471760.0,2330.38,2330.57,2330.37,2330.38,108.4356
1778471820.0,2330.38,2330.38,2329.65,2329.65,231.7256
1778471880.0,2329.66,2329.66,2329.65,2329.65,58.5369
1778471940.0,2329.66,2330.57,2329.65,2330.56,84.6522
1778472000.0,2330.56,2330.56,2328.61,2329.27,659.4852
1778472060.0,2329.28,2329.28,2327.76,2327.77,282.5315
1778472120.0,2327.77,2329.18,2327.76,2329.17,219.8014
1778472180.0,2329.18,2329.26,2327.89,2328.96,220.793
1778472240.0,2328.97,2329.95,2328.97,2329.43,161.4471
1778472300.0,2329.44,2331.0,2329.43,2330.96,94.5574
1778472360.0,2330.97,2331.04,2330.37,2331.04,176.3232
1778472420.0,2331.04,2331.33,2329.39,2329.78,450.7396
1778472480.0,2329.79,2329.91,2328.26,2328.27,237.0492
1778472540.0,2328.26,2328.71,2326.85,2326.85,210.5735
1778472600.0,2326.85,2327.4,2326.66,2327.11,154.6005
1778472660.0,2327.11,2328.7,2327.11,2328.48,182.638
1778472720.0,2328.48,2329.14,2328.24,2329.14,80.0029
1778472780.0,2329.14,2329.93,2328.64,2328.75,151.3954
1778472840.0,2328.74,2329.18,2328.65,2328.65,182.4985
1778472900.0,2328.65,2330.2,2328.65,2330.2,75.2797
1778472960.0,2330.2,2330.35,2329.56,2329.57,182.1596
1778473020.0,2329.57,2330.09,2329.4,2330.09,123.6512
1778473080.0,2330.09,2330.52,2329.82,2330.51,117.0003
1778473140.0,2330.51,2330.51,2329.74,2329.74,163.5756
1778473200.0,2329.75,2329.86,2329.1,2329.64,155.8475
1778473260.0,2329.64,2330.22,2329.63,2330.22,106.9253
1778473320.0,2330.23,2331.92,2330.13,2331.92,118.6167
1778473380.0,2331.92,2332.2,2331.92,2332.2,81.2799
1778473440.0,2332.2,2332.33,2331.84,2331.84,255.2921
1778473500.0,2331.85,2332.0,2331.84,2331.99,42.8522
1778473560.0,2331.99,2332.32,2331.23,2331.52,195.237
1778473620.0,2331.53,2331.69,2330.5,2330.53,127.5769
1778473680.0,2330.53,2331.26,2330.52,2331.26,103.1434
1778473740.0,2331.25,2331.86,2331.25,2331.85,101.1285
1778473800.0,2331.85,2331.86,2330.88,2330.88,166.8737
1778473860.0,2330.89,2332.66,2330.88,2332.65,177.3528
1778473920.0,2332.66,2333.73,2332.43,2333.72,416.2483
1778473980.0,2333.73,2333.93,2333.01,2333.59,173.0658
1778474040.0,2333.58,2334.17,2333.36,2333.89,187.6261
1778474100.0,2333.89,2334.48,2333.67,2334.02,570.7674
1778474160.0,2334.03,2334.03,2333.5,2333.82,249.2419
1778474220.0,2333.81,2333.82,2333.36,2333.62,193.3511
1778474280.0,2333.62,2333.8,2333.61,2333.8,69.6338
1778474340.0,2333.8,2333.8,2333.19,2333.8,283.0495
1778474400.0,2333.79,2334.0,2333.51,2333.52,183.5719
1778474460.0,2333.51,2334.54,2333.46,2334.14,304.2469
1778474520.0,2334.14,2335.0,2334.14,2335.0,162.4245
1778474580.0,2335.0,2335.0,2334.99,2335.0,18.9343
1778474640.0,2335.0,2335.0,2334.99,2335.0,24.9678
1778474700.0,2334.99,2335.99,2334.99,2335.34,271.7988
1778474760.0,2335.33,2335.75,2335.33,2335.5,126.6534
1778474820.0,2335.51,2335.51,2335.43,2335.44,281.4292
1778474880.0,2335.43,2335.48,2335.17,2335.47,90.0129
1778474940.0,2335.47,2335.48,2330.0,2330.0,460.005
1778475000.0,2330.0,2332.56,2330.0,2331.93,300.7251
1778475060.0,2331.92,2332.45,2331.92,2332.45,130.3753
1778475120.0,2332.45,2333.48,2332.44,2333.48,114.9593
1778475180.0,2333.47,2334.4,2333.47,2334.4,96.141
1778475240.0,2334.4,2335.38,2334.4,2335.38,27.355
1778475300.0,2335.38,2335.38,2334.25,2334.83,162.0435
1778475360.0,2334.83,2334.83,2334.25,2334.25,61.1705
1778475420.0,2334.25,2334.62,2334.14,2334.62,46.5881
1778475480.0,2334.61,2334.74,2334.18,2334.18,70.9831
1778475540.0,2334.18,2334.18,2332.85,2332.85,27.1792
1778475600.0,2332.85,2332.85,2332.05,2332.61,167.8775
1778475660.0,2332.62,2334.04,2332.61,2334.04,232.9282
1778475720.0,2334.04,2334.53,2334.03,2334.13,103.061
1778475780.0,2334.13,2335.16,2334.12,2334.85,182.6075
1778475840.0,2334.85,2335.16,2334.75,2334.75,121.4855
1778475900.0,2334.76,2335.14,2334.75,2335.13,57.223
1778475960.0,2335.14,2335.14,2334.03,2334.03,217.6747
1778476020.0,2334.03,2334.04,2332.79,2332.95,77.5226
1778476080.0,2332.94,2332.95,2332.3,2332.74,88.7814
1778476140.0,2332.74,2332.95,2332.52,2332.94,85.448
1778476200.0,2332.94,2333.52,2332.93,2333.52,49.262
1778476260.0,2333.51,2334.35,2333.51,2334.24,71.3094
1778476320.0,2334.24,2334.24,2333.64,2333.94,329.2904
1778476380.0,2333.94,2334.3,2333.76,2333.76,85.9996
1778476440.0,2333.77,2333.77,2333.4,2333.4,58.4639
1778476500.0,2333.4,2333.57,2333.15,2333.56,89.7216
1778476560.0,2333.56,2334.53,2333.56,2334.52,60.8188
1778476620.0,2334.52,2335.34,2334.52,2335.34,68.7659
1778476680.0,2335.35,2335.59,2335.35,2335.58,58.6981
1778476740.0,2335.58,2335.78,2335.08,2335.71,190.7222
1778476800.0,2335.7,2336.23,2335.38,2336.23,135.3804
1778476860.0,2336.23,2336.23,2335.86,2336.22,75.9214
1778476920.0,2336.23,2336.56,2336.17,2336.28,248.8188
1778476980.0,2336.29,2336.78,2336.29,2336.77,45.3913
1778477040.0,2336.77,2336.9,2336.11,2336.89,332.9321
1778477100.0,2336.9,2336.99,2336.4,2336.41,385.2759
1778477160.0,2336.41,2337.38,2336.4,2337.38,222.8716
1778477220.0,2337.38,2338.57,2337.38,2338.57,304.8687
1778477280.0,2338.57,2338.71,2338.13,2338.71,234.295
1778477340.0,2338.7,2338.71,2337.64,2337.66,213.7924
1778477400.0,2337.66,2339.26,2337.66,2337.85,377.3808
1778477460.0,2337.86,2338.41,2337.85,2338.41,37.7843
1778477520.0,2338.41,2338.86,2338.4,2338.86,85.7373
1778477580.0,2338.86,2339.87,2338.86,2339.59,117.5148
1778477640.0,2339.59,2340.49,2339.58,2340.0,179.7557
1778477700.0,2340.0,2340.01,2338.92,2339.39,430.0442
1778477760.0,2339.39,2339.39,2337.35,2337.36,144.9973
1778477820.0,2337.35,2337.68,2337.15,2337.68,73.6567
1778477880.0,2337.68,2337.68,2336.57,2336.59,110.8078
1778477940.0,2336.59,2336.59,2335.67,2336.33,110.6528
1778478000.0,2336.33,2336.92,2336.24,2336.55,118.4898
1778478060.0,2336.56,2337.0,2336.55,2336.82,41.6201
1778478120.0,2336.81,2336.82,2336.0,2336.29,176.0569
1778478180.0,2336.29,2336.29,2334.83,2335.34,647.2902
1778478240.0,2335.34,2335.35,2334.1,2334.32,176.2623
1778478300.0,2334.32,2334.85,2333.64,2334.85,103.3686
1778478360.0,2334.84,2335.66,2334.84,2335.66,62.0781
1778478420.0,2335.66,2335.94,2335.65,2335.66,53.1176
1778478480.0,2335.65,2336.21,2335.31,2335.99,237.0325
1778478540.0,2335.98,2337.06,2335.9,2337.06,153.1259
1778478600.0,2337.06,2337.59,2336.75,2337.02,154.4869
1778478660.0,2337.02,2337.65,2335.96,2336.04,103.3988
1778478720.0,2336.04,2336.05,2335.04,2335.9,325.8002
1778478780.0,2335.9,2336.23,2334.79,2334.79,468.6572
1778478840.0,2334.8,2335.84,2334.5,2335.84,349.8384
1778478900.0,2335.84,2336.14,2335.44,2336.13,142.9828
1778478960.0,2336.14,2336.14,2335.56,2335.56,66.0285
1778479020.0,2335.57,2335.75,2335.4,2335.74,62.7811
1778479080.0,2335.75,2335.75,2335.74,2335.74,15.4881
1778479140.0,2335.75,2336.0,2335.29,2335.3,111.2213
1778479200.0,2335.29,2335.29,2334.47,2334.64,167.9137
1778479260.0,2334.64,2334.64,2333.54,2334.52,206.5615
1778479320.0,2334.52,2334.79,2334.0,2334.01,139.868
1778479380.0,2334.0,2334.15,2333.48,2333.76,307.822
1778479440.0,2333.76,2334.98,2333.48,2334.98,50.6388
1778479500.0,2334.99,2335.54,2334.95,2335.5,76.6847
1778479560.0,2335.49,2335.5,2334.42,2334.8,72.1696
1778479620.0,2334.79,2335.37,2334.79,2335.36,30.371
1778479680.0,2335.37,2337.51,2335.36,2337.51,90.0777
1778479740.0,2337.52,2338.6,2337.52,2338.41,141.6792
1778479800.0,2338.41,2339.54,2338.31,2339.51,301.4311
1778479860.0,2339.52,2340.1,2339.51,2340.08,122.101
1778479920.0,2340.08,2340.09,2339.09,2339.14,137.8465
1778479980.0,2339.15,2339.15,2338.38,2338.94,409.9859
1778480040.0,2338.95,2338.95,2337.4,2337.42,172.7877
1778480100.0,2337.43,2337.95,2336.69,2337.94,140.4353
1778480160.0,2337.94,2337.94,2337.59,2337.92,45.2289
1778480220.0,2337.92,2338.34,2337.59,2338.33,104.3025
1778480280.0,2338.34,2338.63,2335.02,2335.57,253.1553
1778480340.0,2335.58,2336.06,2335.57,2336.06,225.1712
1778480400.0,2336.07,2336.56,2336.07,2336.55,70.9577
1778480460.0,2336.55,2337.83,2336.55,2337.83,67.9458
1778480520.0,2337.82,2338.86,2337.82,2338.86,116.4146
1778480580.0,2338.86,2339.81,2338.86,2339.21,195.1336
1778480640.0,2339.21,2339.37,2338.54,2339.36,65.4719
1778480700.0,2339.37,2340.02,2339.01,2340.01,144.4376
1778480760.0,2340.01,2340.77,2339.55,2339.55,209.9482
1778480820.0,2339.56,2340.08,2339.16,2339.39,124.3434
1778480880.0,2339.38,2339.38,2339.06,2339.34,34.3844
1778480940.0,2339.35,2339.54,2339.11,2339.47,44.4543
1778481000.0,2339.46,2342.44,2338.77,2341.52,557.8293
1778481060.0,2341.53,2341.53,2339.74,2339.74,172.7474
1778481120.0,2339.74,2340.22,2338.99,2339.83,117.9071
1778481180.0,2339.83,2339.92,2339.06,2339.92,84.3501
1778481240.0,2339.92,2339.92,2338.13,2338.21,64.9761
1778481300.0,2338.21,2338.21,2337.71,2337.72,35.0073
1778481360.0,2337.71,2338.44,2336.62,2336.68,282.6812
1778481420.0,2336.69,2338.4,2336.69,2338.39,74.8078
1778481480.0,2338.4,2338.76,2338.06,2338.6,125.8057
1778481540.0,2338.6,2338.6,2337.07,2337.08,99.5917
1778481600.0,2337.08,2337.08,2336.14,2336.14,124.8525
1778481660.0,2336.14,2336.28,2335.38,2335.38,507.9706
1778481720.0,2335.38,2335.39,2331.81,2332.04,343.0334
1778481780.0,2332.03,2333.25,2331.92,2333.18,133.2725
1778481840.0,2333.18,2333.18,2332.69,2333.12,124.78
1778481900.0,2333.13,2333.2,2332.0,2332.61,379.8566
1778481960.0,2332.62,2333.12,2332.62,2333.08,119.274
1778482020.0,2333.09,2333.2,2331.49,2331.49,157.4319
1778482080.0,2331.49,2332.18,2330.86,2332.18,126.0651
1778482140.0,2332.17,2332.18,2330.05,2330.38,181.7513
1778482200.0,2330.38,2330.97,2330.31,2330.96,319.7886
1778482260.0,2330.96,2332.11,2330.8,2332.11,105.6031
1778482320.0,2332.1,2332.11,2331.53,2331.7,168.483
1778482380.0,2331.7,2333.62,2331.7,2332.94,110.7475
1778482440.0,2332.93,2333.02,2332.25,2332.88,127.4367
1778482500.0,2332.88,2333.56,2332.78,2333.56,53.3562
1778482560.0,2333.56,2333.6,2333.02,2333.48,66.8364
1778482620.0,2333.49,2333.53,2333.23,2333.23,40.9577
1778482680.0,2333.24,2334.13,2333.17,2334.13,48.3574
1778482740.0,2334.12,2334.39,2333.48,2333.48,90.3867
1778482800.0,2333.49,2333.49,2332.0,2332.0,77.6749
1778482860.0,2332.01,2332.01,2331.26,2331.86,121.3735
1778482920.0,2331.86,2332.41,2331.86,2331.94,79.0756
1778482980.0,2331.93,2331.93,2330.5,2331.0,57.0783
1778483040.0,2331.0,2331.38,2330.68,2330.68,56.6386
1778483100.0,2330.69,2330.69,2329.51,2330.0,272.2998
1778483160.0,2330.01,2330.77,2329.17,2329.17,94.0009
1778483220.0,2329.18,2330.19,2329.17,2330.12,20.5998
1778483280.0,2330.13,2330.13,2329.45,2329.68,46.3066
1778483340.0,2329.68,2331.16,2329.61,2331.15,111.8551
1778483400.0,2331.15,2331.63,2330.24,2331.62,74.0875
1778483460.0,2331.62,2331.62,2331.32,2331.41,36.3201
1778483520.0,2331.41,2331.63,2331.04,2331.04,42.299
1778483580.0,2331.04,2331.05,2331.04,2331.04,19.8386
1778483640.0,2331.05,2331.64,2330.35,2330.35,133.6519
1778483700.0,2330.35,2331.86,2330.34,2331.53,76.4814
1778483760.0,2331.53,2331.54,2328.45,2329.2,540.9317
1778483820.0,2329.21,2330.89,2329.2,2330.88,58.1919
1778483880.0,2330.89,2332.52,2330.89,2332.52,37.4777
1778483940.0,2332.52,2333.23,2331.86,2333.23,107.4796
1778484000.0,2333.22,2333.39,2332.52,2332.92,49.9631
1778484060.0,2332.93,2332.93,2330.73,2330.74,120.8016
1778484120.0,2330.74,2331.0,2330.32,2330.56,39.1613
1778484180.0,2330.56,2331.4,2330.56,2331.39,41.1478
1778484240.0,2331.4,2331.65,2331.37,2331.61,109.4892
1778484300.0,2331.62,2331.69,2331.06,2331.06,30.9326
1778484360.0,2331.06,2332.28,2331.0,2332.27,37.6533
1778484420.0,2332.28,2332.28,2331.13,2331.13,57.3434
1778484480.0,2331.12,2331.13,2330.41,2330.41,18.3636
1778484540.0,2330.42,2330.42,2329.47,2330.14,41.411
1778484600.0,2330.14,2330.85,2330.14,2330.72,143.6702
1778484660.0,2330.71,2330.71,2329.88,2330.26,141.8986
1778484720.0,2330.25,2330.85,2330.25,2330.68,29.0281
1778484780.0,2330.68,2330.69,2328.25,2328.75,250.7451
1778484840.0,2328.74,2329.98,2328.74,2329.69,49.8685
1778484900.0,2329.7,2330.4,2329.69,2329.9,103.5839
1778484960.0,2329.89,2329.9,2329.49,2329.5,82.8396
1778485020.0,2329.49,2330.0,2328.97,2330.0,138.3526
1778485080.0,2329.99,2330.13,2329.54,2329.67,90.0222
1778485140.0,2329.68,2330.1,2329.68,2330.1,47.373
1778485200.0,2330.09,2330.1,2328.97,2329.09,80.868
1778485260.0,2329.09,2331.46,2329.09,2331.2,127.1594
1778485320.0,2331.2,2331.21,2329.67,2329.69,107.5619
1778485380.0,2329.68,2330.05,2329.68,2329.76,52.1224
1778485440.0,2329.76,2329.77,2329.04,2329.04,55.5495
1778485500.0,2329.04,2330.46,2329.04,2330.45,78.0161
1778485560.0,2330.45,2331.5,2330.45,2330.81,65.0056
1778485620.0,2330.81,2330.82,2330.05,2330.17,38.7048
1778485680.0,2330.16,2330.32,2329.82,2329.83,49.0535
1778485740.0,2329.82,2329.95,2329.34,2329.94,53.0616
1778485800.0,2329.94,2331.36,2329.94,2330.43,123.1369
1778485860.0,2330.43,2331.26,2330.27,2331.26,53.2825
1778485920.0,2331.26,2331.27,2330.59,2330.59,46.8052
1778485980.0,2330.58,2331.3,2330.39,2330.79,63.1938
1778486040.0,2330.78,2330.88,2330.31,2330.32,61.5281
1778486100.0,2330.31,2330.63,2330.0,2330.01,54.4354
1778486160.0,2330.0,2330.45,2329.73,2329.73,101.2441
1778486220.0,2329.75,2329.75,2328.88,2329.68,101.7446
1778486280.0,2329.68,2330.41,2329.68,2330.32,263.4642
1778486340.0,2330.32,2330.95,2330.3,2330.54,132.9158
1778486400.0,2330.55,2331.48,2330.37,2331.47,123.7545
1778486460.0,2331.47,2332.77,2331.04,2331.04,129.9495
1778486520.0,2331.04,2331.19,2329.88,2329.89,186.4602
1778486580.0,2329.88,2330.65,2329.46,2330.53,109.9757
1778486640.0,2330.53,2330.86,2329.48,2329.54,136.7132
1778486700.0,2329.55,2331.19,2329.55,2330.93,144.6122
1778486760.0,2330.93,2331.3,2330.84,2331.3,84.0555
1778486820.0,2331.3,2331.3,2329.7,2330.69,119.3603
1778486880.0,2330.7,2330.7,2328.19,2328.61,153.3599
1778486940.0,2328.6,2328.6,2327.06,2327.3,214.5559
1778487000.0,2327.29,2328.01,2326.66,2327.81,129.3902
1778487060.0,2327.82,2328.58,2327.21,2328.11,183.7216
1778487120.0,2328.11,2329.7,2328.11,2329.3,115.8443
1778487180.0,2329.29,2329.62,2328.99,2329.53,120.2472
1778487240.0,2329.53,2330.58,2329.53,2330.58,100.1081
1778487300.0,2330.57,2331.75,2330.57,2331.75,51.6326
1778487360.0,2331.75,2332.36,2330.75,2330.89,184.9184
1778487420.0,2330.89,2331.09,2330.31,2330.31,112.2625
1778487480.0,2330.32,2332.02,2330.31,2331.79,96.632
1778487540.0,2331.8,2332.35,2331.56,2332.35,103.4386
1778487600.0,2332.34,2332.36,2331.24,2331.24,237.2576
1778487660.0,2331.25,2332.06,2330.64,2332.05,98.4883
1778487720.0,2332.05,2332.21,2331.41,2331.41,120.5294
1778487780.0,2331.42,2332.49,2331.29,2332.48,72.4898
1778487840.0,2332.49,2333.09,2332.36,2333.01,387.3508
1778487900.0,2333.01,2333.84,2333.0,2333.31,139.7728
1778487960.0,2333.31,2333.31,2332.34,2332.89,94.1803
1778488020.0,2332.89,2332.89,2331.08,2331.66,242.2742
1778488080.0,2331.65,2331.65,2328.67,2328.67,262.2144
1778488140.0,2328.66,2328.67,2327.81,2327.81,114.3519
1778488200.0,2327.81,2330.14,2326.86,2329.53,154.3301
1778488260.0,2329.53,2329.93,2328.8,2329.49,142.1363
1778488320.0,2329.5,2330.38,2329.49,2330.1,41.7638
1778488380.0,2330.11,2330.49,2329.74,2330.12,50.7589
1778488440.0,2330.11,2330.27,2329.55,2329.55,95.6949
1778488500.0,2329.55,2329.71,2329.37,2329.38,69.4096
1778488560.0,2329.38,2330.19,2329.37,2330.19,56.0216
1778488620.0,2330.2,2332.16,2330.19,2332.16,58.3695
1778488680.0,2332.16,2333.1,2331.94,2333.1,96.4437
1778488740.0,2333.09,2333.1,2331.53,2331.72,64.7816
1778488800.0,2331.72,2332.65,2331.45,2332.65,26.2554
1778488860.0,2332.65,2334.09,2332.64,2333.95,55.7883
1778488920.0,2333.94,2334.09,2333.33,2333.34,67.2164
1778488980.0,2333.34,2334.09,2333.32,2334.06,49.9288
1778489040.0,2334.07,2334.52,2333.87,2333.87,138.1649
1778489100.0,2333.88,2334.52,2333.68,2334.4,83.6304
1778489160.0,2334.4,2334.66,2333.3,2333.63,116.9908
1778489220.0,2333.64,2333.8,2333.23,2333.59,225.0429
1778489280.0,2333.59,2333.6,2332.63,2333.01,169.8736
1778489340.0,2333.01,2334.1,2333.01,2334.1,152.0267
1778489400.0,2334.09,2334.25,2333.74,2333.74,41.7366
1778489460.0,2333.74,2333.74,2332.93,2332.93,117.5196
1778489520.0,2332.93,2333.01,2332.9,2333.0,58.8726
1778489580.0,2333.0,2333.3,2332.89,2333.3,159.8751
1778489640.0,2333.3,2333.3,2331.98,2331.98,110.0926
1778489700.0,2331.99,2332.72,2331.98,2332.71,35.004
1778489760.0,2332.71,2332.72,2332.43,2332.44,81.6778
1778489820.0,2332.44,2332.44,2331.52,2331.53,99.5147
1778489880.0,2331.53,2331.53,2330.08,2330.09,42.7607
1778489940.0,2330.08,2330.83,2329.68,2330.48,117.4364
1778490000.0,2330.48,2330.82,2330.26,2330.74,76.3995
1778490060.0,2330.73,2331.68,2330.73,2331.44,71.7713
1778490120.0,2331.44,2331.72,2331.24,2331.72,37.1631
1778490180.0,2331.71,2332.71,2331.71,2332.6,66.3946
1778490240.0,2332.61,2333.64,2332.61,2333.64,62.3804
1778490300.0,2333.64,2334.22,2333.51,2334.22,76.18
1778490360.0,2334.22,2334.32,2333.79,2334.31,71.8064
1778490420.0,2334.32,2334.32,2333.63,2333.66,125.6932
1778490480.0,2333.66,2334.26,2333.48,2334.16,103.1838
1778490540.0,2334.15,2335.59,2334.15,2335.58,129.2236
1778490600.0,2335.59,2335.98,2335.11,2335.42,142.9512
1778490660.0,2335.42,2335.97,2335.08,2335.97,76.9323
1778490720.0,2335.96,2336.0,2335.35,2336.0,97.4791
1778490780.0,2336.0,2336.63,2335.98,2336.15,71.4498
1778490840.0,2336.16,2336.63,2336.15,2336.62,184.6484
1778490900.0,2336.63,2337.0,2336.23,2336.46,109.7082
1778490960.0,2336.45,2336.76,2336.0,2336.0,80.298
1778491020.0,2336.0,2336.43,2335.49,2336.21,132.9455
1778491080.0,2336.21,2336.7,2336.21,2336.59,86.1631
1778491140.0,2336.59,2336.59,2335.49,2335.5,67.1465
1778491200.0,2335.49,2336.05,2335.49,2336.04,44.518
1778491260.0,2336.05,2336.34,2336.04,2336.34,22.6073
1778491320.0,2336.33,2337.0,2336.33,2336.84,36.0577
1778491380.0,2336.83,2337.3,2335.97,2337.3,113.14
1778491440.0,2337.3,2337.31,2336.42,2336.54,78.8899
1778491500.0,2336.54,2336.69,2336.21,2336.39,26.8967
1778491560.0,2336.39,2336.92,2336.29,2336.92,34.8005
1778491620.0,2336.92,2336.96,2336.43,2336.91,28.1494
1778491680.0,2336.91,2336.91,2336.42,2336.42,40.0533
1778491740.0,2336.42,2336.42,2336.0,2336.0,20.1713
1778491800.0,2336.0,2336.82,2336.0,2336.69,35.3372
1778491860.0,2336.68,2336.69,2335.5,2335.96,159.8235
1778491920.0,2335.96,2336.27,2335.51,2335.72,129.8813
1778491980.0,2335.72,2336.18,2335.58,2335.59,26.7135
1778492040.0,2335.59,2335.59,2335.07,2335.49,47.3151
1778492100.0,2335.49,2335.81,2335.01,2335.09,32.6449
1778492160.0,2335.1,2335.39,2334.89,2334.9,33.0945
1778492220.0,2334.9,2334.9,2334.58,2334.6,25.7347
1778492280.0,2334.61,2334.66,2334.36,2334.65,33.6148
1778492340.0,2334.65,2334.66,2333.51,2333.92,59.5683
1778492400.0,2333.92,2333.93,2333.03,2333.71,50.2588
1778492460.0,2333.7,2334.72,2333.7,2334.71,72.3007
1778492520.0,2334.71,2335.92,2334.67,2335.92,59.8184
1778492580.0,2335.91,2335.92,2335.25,2335.51,51.0068
1778492640.0,2335.51,2335.51,2335.02,2335.02,25.3349
1778492700.0,2335.02,2335.03,2334.73,2334.88,25.7994
1778492760.0,2334.88,2335.51,2334.88,2335.5,45.4446
1778492820.0,2335.5,2336.81,2335.5,2336.49,78.4798
1778492880.0,2336.49,2338.61,2336.36,2338.6,110.6289
1778492940.0,2338.61,2338.61,2336.94,2337.44,98.7047
1778493000.0,2337.45,2337.45,2337.1,2337.1,61.3991
1778493060.0,2337.11,2337.11,2336.06,2336.13,76.9886
1778493120.0,2336.12,2336.39,2335.94,2335.94,44.7601
1778493180.0,2335.94,2336.53,2335.74,2336.37,43.2436
1778493240.0,2336.38,2336.38,2335.83,2336.07,15.6791
1778493300.0,2336.07,2336.46,2335.06,2335.06,175.1616
1778493360.0,2335.07,2335.8,2335.06,2335.8,24.8711
1778493420.0,2335.79,2336.92,2335.79,2336.18,122.6711
1778493480.0,2336.18,2336.18,2336.17,2336.18,8.747
1778493540.0,2336.17,2336.18,2336.07,2336.08,19.9221
1778493600.0,2336.07,2336.07,2335.56,2336.0,47.996
1778493660.0,2336.0,2337.17,2336.0,2336.24,64.7434
1778493720.0,2336.24,2336.81,2336.19,2336.2,66.7786
1778493780.0,2336.2,2337.01,2335.55,2335.55,146.6238
1778493840.0,2335.56,2335.61,2335.0,2335.01,33.9913
1778493900.0,2335.01,2335.65,2335.01,2335.54,43.6174
1778493960.0,2335.53,2335.53,2334.97,2335.0,57.9035
1778494020.0,2335.0,2336.06,2335.0,2335.97,40.9282
1778494080.0,2335.97,2337.1,2335.97,2337.06,52.5721
1778494140.0,2337.07,2338.28,2337.06,2338.27,58.8987
1778494200.0,2338.28,2338.28,2336.99,2337.75,101.3693
1778494260.0,2337.76,2338.33,2337.76,2338.32,87.9988
1778494320.0,2338.33,2339.24,2338.12,2338.32,330.9972
1778494380.0,2338.32,2338.32,2336.77,2337.03,141.0622
1778494440.0,2337.02,2337.03,2336.74,2336.74,114.7657
1778494500.0,2336.74,2336.74,2336.11,2336.63,123.9051
1778494560.0,2336.63,2337.78,2336.44,2337.72,172.3801
1778494620.0,2337.73,2338.15,2337.72,2338.14,139.9746
1778494680.0,2338.14,2338.4,2337.71,2338.37,90.7489
1778494740.0,2338.37,2339.9,2338.36,2338.78,127.325
1778494800.0,2338.78,2339.17,2337.86,2337.88,129.8334
1778494860.0,2337.88,2338.25,2337.88,2338.25,40.5976
1778494920.0,2338.24,2338.44,2338.24,2338.43,31.3293
1778494980.0,2338.42,2338.43,2337.66,2337.66,54.7379
1778495040.0,2337.67,2339.28,2337.67,2338.55,98.5925
1778495100.0,2338.56,2338.89,2337.75,2338.89,65.4939
1778495160.0,2338.89,2338.89,2338.15,2338.69,64.1119
1778495220.0,2338.69,2338.86,2338.03,2338.04,64.7173
1778495280.0,2338.04,2338.04,2337.5,2338.04,318.2414
1778495340.0,2338.04,2338.3,2337.51,2337.52,63.3935
1778495400.0,2337.51,2337.51,2335.5,2336.5,124.5044
1778495460.0,2336.49,2337.85,2336.49,2337.69,41.6781
1778495520.0,2337.69,2337.95,2337.68,2337.89,37.4223
1778495580.0,2337.89,2337.95,2336.77,2336.78,74.7843
1778495640.0,2336.77,2336.78,2333.97,2333.97,96.7361
1778495700.0,2333.97,2334.85,2333.96,2334.23,38.7185
1778495760.0,2334.23,2334.46,2333.46,2333.78,75.1245
1778495820.0,2333.78,2333.89,2332.0,2332.25,472.6562
1778495880.0,2332.25,2333.02,2332.25,2332.31,52.1757
1778495940.0,2332.32,2332.32,2330.0,2331.32,264.4458
1778496000.0,2331.32,2332.19,2331.32,2332.03,42.9346
1778496060.0,2332.04,2333.4,2332.03,2333.15,57.3199
1778496120.0,2333.15,2333.15,2333.14,2333.14,21.364
1778496180.0,2333.14,2333.17,2332.35,2332.36,53.413
1778496240.0,2332.36,2332.91,2332.36,2332.5,25.4531
1778496300.0,2332.5,2333.2,2331.62,2332.79,196.9909
1778496360.0,2332.79,2332.8,2331.4,2331.4,43.762
1778496420.0,2331.41,2331.58,2330.58,2331.55,64.049
1778496480.0,2331.55,2332.34,2331.55,2332.34,37.2726
1778496540.0,2332.34,2333.06,2332.34,2333.06,10.8949
1778496600.0,2333.05,2333.8,2333.05,2333.8,41.2216
1778496660.0,2333.8,2333.8,2333.56,2333.79,21.8966
1778496720.0,2333.8,2334.34,2333.52,2333.53,33.6266
1778496780.0,2333.53,2333.53,2332.73,2333.02,61.3701
1778496840.0,2333.02,2333.1,2332.56,2332.57,157.4851
1778496900.0,2332.56,2332.67,2332.02,2332.66,68.8655
1778496960.0,2332.66,2332.84,2332.44,2332.45,38.0929
1778497020.0,2332.45,2332.45,2331.19,2331.19,32.1458
1778497080.0,2331.19,2331.22,2330.4,2330.41,91.4536
1778497140.0,2330.4,2330.42,2329.93,2329.94,116.7983
1778497200.0,2329.93,2330.94,2329.93,2330.93,68.1064
1778497260.0,2330.94,2331.74,2330.74,2330.74,88.1832
1778497320.0,2330.74,2331.31,2330.74,2330.86,35.739
1778497380.0,2330.86,2332.45,2330.86,2332.44,42.6109
1778497440.0,2332.45,2332.45,2331.73,2331.73,53.1545
1778497500.0,2331.74,2332.14,2331.73,2332.04,29.7471
1778497560.0,2332.04,2332.05,2330.88,2330.89,333.6363
1778497620.0,2330.89,2331.73,2330.75,2331.39,166.437
1778497680.0,2331.39,2331.39,2331.05,2331.05,32.7495
1778497740.0,2331.06,2332.14,2331.06,2332.11,33.2964
1778497800.0,2332.12,2332.12,2331.0,2331.01,54.512
1778497860.0,2331.0,2331.01,2329.93,2329.93,33.8003
1778497920.0,2329.94,2329.94,2327.43,2329.92,240.496
1778497980.0,2329.93,2331.23,2329.92,2331.23,61.3139
1778498040.0,2331.22,2331.22,2330.83,2330.83,39.5941
1778498100.0,2330.83,2331.18,2330.77,2331.06,61.1903
1778498160.0,2331.06,2331.7,2330.74,2331.45,104.5925
1778498220.0,2331.44,2332.83,2331.2,2332.83,53.2054
1778498280.0,2332.82,2334.81,2332.63,2334.8,99.7131
1778498340.0,2334.81,2334.81,2334.0,2334.0,116.0222
1778498400.0,2334.01,2334.19,2334.0,2334.0,16.6474
1778498460.0,2334.0,2334.9,2333.82,2334.9,73.8011
1778498520.0,2334.9,2335.0,2333.98,2334.1,46.3056
1778498580.0,2334.1,2334.17,2332.89,2332.9,478.0647
1778498640.0,2332.9,2333.53,2332.89,2333.52,45.9694
1778498700.0,2333.53,2333.86,2333.52,2333.85,20.017
1778498760.0,2333.85,2333.86,2333.09,2333.09,65.1305
1778498820.0,2333.09,2333.42,2332.74,2333.38,93.8571
1778498880.0,2333.38,2334.17,2333.37,2333.38,79.075
1778498940.0,2333.38,2333.4,2333.38,2333.4,18.6768
1778499000.0,2333.4,2334.46,2333.4,2334.32,100.5196
1778499060.0,2334.32,2334.93,2333.86,2334.43,84.222
1778499120.0,2334.43,2334.44,2333.87,2333.87,40.4462
1778499180.0,2333.88,2334.57,2333.76,2333.97,58.0201
1778499240.0,2333.97,2334.71,2333.97,2334.7,23.1712
1778499300.0,2334.71,2335.55,2334.7,2335.55,59.0696
1778499360.0,2335.55,2335.8,2335.05,2335.05,60.2227
1778499420.0,2335.06,2335.11,2335.05,2335.1,12.3512
1778499480.0,2335.11,2335.11,2334.47,2334.56,101.6972
1778499540.0,2334.56,2335.29,2334.55,2335.12,43.7638
1778499600.0,2335.11,2335.12,2334.93,2334.93,35.5689
1778499660.0,2334.94,2335.0,2334.69,2334.7,52.2937
1778499720.0,2334.7,2335.76,2334.69,2335.19,64.9905
1778499780.0,2335.19,2335.2,2335.0,2335.04,48.2028
1778499840.0,2335.03,2335.71,2335.03,2335.28,85.6529
1778499900.0,2335.27,2335.27,2334.69,2334.86,34.1356
1778499960.0,2334.86,2335.5,2334.86,2334.96,51.3322
1778500020.0,2334.97,2335.39,2334.64,2335.32,98.0393
1778500080.0,2335.31,2335.32,2335.11,2335.2,42.2011
1778500140.0,2335.2,2335.2,2334.06,2334.07,130.8393
1778500200.0,2334.07,2334.33,2333.13,2333.22,101.4457
1778500260.0,2333.23,2333.23,2332.05,2332.05,218.323
1778500320.0,2332.05,2333.24,2332.04,2333.24,57.374
1778500380.0,2333.24,2334.32,2333.23,2334.17,32.337
1778500440.0,2334.16,2335.0,2334.16,2335.0,103.9095
1778500500.0,2335.0,2335.74,2334.99,2335.05,70.6314
1778500560.0,2335.05,2335.05,2334.07,2334.07,41.7053
1778500620.0,2334.07,2334.62,2334.07,2334.62,36.5676
1778500680.0,2334.61,2335.2,2334.61,2335.2,22.6338
1778500740.0,2335.2,2335.8,2335.19,2335.8,12.3191
1778500800.0,2335.8,2336.49,2335.55,2335.93,119.265
1778500860.0,2335.93,2336.45,2335.85,2336.14,77.8879
1778500920.0,2336.14,2336.15,2335.39,2335.39,194.1076
1778500980.0,2335.39,2335.39,2334.0,2334.01,121.8474
1778501040.0,2334.01,2334.1,2333.52,2333.7,87.9744
1778501100.0,2333.7,2333.9,2333.47,2333.48,72.6203
1778501160.0,2333.47,2333.47,2331.23,2332.19,242.3014
1778501220.0,2332.18,2332.18,2331.11,2331.82,76.514
1778501280.0,2331.81,2332.6,2331.71,2332.59,34.4302
1778501340.0,2332.59,2332.59,2331.38,2331.67,49.1297
1778501400.0,2331.68,2331.68,2330.0,2330.0,189.3035
1778501460.0,2330.0,2330.28,2329.41,2329.41,111.8732
1778501520.0,2329.41,2330.38,2329.22,2330.38,54.8794
1778501580.0,2330.37,2330.79,2330.37,2330.78,26.5212
1778501640.0,2330.78,2330.79,2330.13,2330.13,33.9577
1778501700.0,2330.13,2330.97,2329.43,2330.96,104.8598
1778501760.0,2330.96,2331.36,2330.96,2331.36,36.8833
1778501820.0,2331.36,2332.0,2330.23,2330.72,346.9589
1778501880.0,2330.72,2332.21,2330.71,2332.17,38.8556
1778501940.0,2332.17,2332.72,2331.28,2331.56,136.3024
1778502000.0,2331.55,2331.95,2331.54,2331.83,39.7644
1778502060.0,2331.84,2332.24,2331.45,2332.14,75.0898
1778502120.0,2332.14,2332.69,2332.14,2332.68,34.5706
1778502180.0,2332.69,2335.04,2332.69,2335.03,47.3042
1778502240.0,2335.04,2338.89,2335.03,2338.24,617.1322
1778502300.0,2338.23,2338.23,2336.66,2336.85,132.2481
1778502360.0,2336.84,2337.02,2336.31,2336.71,99.2733
1778502420.0,2336.72,2337.3,2336.71,2337.03,71.2118
1778502480.0,2337.03,2337.03,2336.37,2336.37,76.2248
1778502540.0,2336.37,2337.32,2336.37,2337.02,49.6464
1778502600.0,2337.01,2337.41,2336.18,2337.0,145.5877
1778502660.0,2337.0,2337.72,2336.99,2337.17,79.4816
1778502720.0,2337.17,2338.86,2337.08,2338.01,184.5259
1778502780.0,2338.01,2338.84,2337.59,2337.59,155.6384
1778502840.0,2337.6,2338.04,2336.02,2336.02,216.2724
1778502900.0,2336.01,2337.33,2335.94,2337.33,38.0598
1778502960.0,2337.32,2337.33,2336.52,2336.86,68.9388
1778503020.0,2336.85,2336.96,2336.64,2336.95,94.5661
1778503080.0,2336.94,2336.94,2335.0,2335.07,133.1235
1778503140.0,2335.08,2335.08,2334.55,2334.88,103.9745
1778503200.0,2334.88,2335.29,2334.5,2335.2,121.5862
1778503260.0,2335.21,2335.29,2334.69,2335.26,47.8588
1778503320.0,2335.27,2335.27,2334.46,2334.6,23.578
1778503380.0,2334.6,2335.16,2334.0,2334.0,87.7843
1778503440.0,2334.0,2334.0,2332.91,2333.05,207.8257
1778503500.0,2333.04,2333.73,2332.74,2333.72,36.2103
1778503560.0,2333.73,2334.19,2333.72,2334.19,31.894
1778503620.0,2334.19,2335.3,2330.4,2332.54,484.3354
1778503680.0,2332.54,2332.54,2330.92,2331.9,125.1878
1778503740.0,2331.9,2332.42,2331.02,2332.4,62.7827
1778503800.0,2332.4,2332.41,2330.53,2330.54,98.6258
1778503860.0,2330.53,2330.54,2328.79,2328.93,229.6861
1778503920.0,2328.93,2330.3,2328.92,2330.14,568.9736
1778503980.0,2330.14,2330.47,2329.92,2330.23,52.0032
1778504040.0,2330.22,2331.06,2329.78,2331.06,41.4457
1778504100.0,2331.05,2331.06,2330.12,2330.41,40.3035
1778504160.0,2330.41,2331.06,2330.4,2330.84,52.6711
1778504220.0,2330.84,2331.06,2330.84,2331.0,19.8727
1778504280.0,2331.01,2331.01,2330.18,2330.32,79.0679
1778504340.0,2330.32,2330.44,2329.5,2329.5,110.1535
1778504400.0,2329.51,2330.8,2329.06,2330.8,279.3642
1778504460.0,2330.79,2330.8,2329.09,2329.49,223.0617
1778504520.0,2329.49,2331.14,2329.49,2330.8,63.7518
1778504580.0,2330.79,2332.11,2330.45,2331.1,131.0632
1778504640.0,2331.1,2331.42,2330.71,2330.72,73.3104
1778504700.0,2330.71,2330.72,2330.71,2330.71,13.5402
1778504760.0,2330.72,2331.8,2330.71,2331.15,47.4769
1778504820.0,2331.16,2331.16,2330.0,2330.81,39.9719
1778504880.0,2330.8,2332.04,2330.8,2332.04,85.1233
1778504940.0,2332.03,2332.86,2331.56,2331.56,149.1604
1778505000.0,2331.56,2331.56,2330.58,2330.58,60.6742
1778505060.0,2330.57,2330.81,2330.57,2330.58,47.6289
1778505120.0,2330.58,2331.27,2330.58,2331.2,77.6725
1778505180.0,2331.2,2331.2,2330.26,2330.6,60.0636
1778505240.0,2330.61,2331.55,2330.61,2331.22,34.3812
1778505300.0,2331.23,2331.23,2330.81,2331.03,59.3458
1778505360.0,2331.03,2332.21,2331.03,2331.8,75.0137
1778505420.0,2331.81,2331.81,2330.63,2330.99,86.5274
1778505480.0,2331.0,2331.65,2331.0,2331.14,53.1073
1778505540.0,2331.13,2331.14,2328.36,2328.49,562.1015
1778505600.0,2328.49,2330.24,2328.0,2329.41,149.5233
1778505660.0,2329.41,2330.56,2329.4,2329.88,94.0143
1778505720.0,2329.88,2330.2,2329.87,2330.19,30.8932
1778505780.0,2330.2,2330.2,2329.31,2329.35,52.3245
1778505840.0,2329.34,2329.76,2328.99,2329.74,47.0909
1778505900.0,2329.74,2329.74,2327.04,2327.89,234.738
1778505960.0,2327.89,2327.89,2327.14,2327.57,124.4953
1778506020.0,2327.57,2327.8,2326.35,2326.35,147.1967
1778506080.0,2326.35,2327.55,2325.56,2327.55,198.7962
1778506140.0,2327.55,2327.89,2327.11,2327.57,105.6893
1778506200.0,2327.57,2328.2,2324.47,2326.44,548.8163
1778506260.0,2326.43,2326.84,2323.0,2323.82,509.2221
1778506320.0,2323.82,2325.74,2323.0,2325.42,353.354
1778506380.0,2325.41,2325.42,2323.24,2323.24,221.546
1778506440.0,2323.23,2323.23,2317.47,2320.03,2479.8088
1778506500.0,2320.03,2320.94,2318.29,2319.0,826.0798
1778506560.0,2319.01,2319.32,2315.65,2316.51,1068.2744
1778506620.0,2316.51,2318.2,2314.77,2315.64,861.5642
1778506680.0,2315.63,2319.33,2315.3,2317.99,361.6192
1778506740.0,2317.99,2319.36,2317.1,2319.36,404.7152
1778506800.0,2319.35,2319.66,2318.0,2319.05,285.1822
1778506860.0,2319.05,2321.15,2319.04,2321.15,316.8077
1778506920.0,2321.15,2328.05,2321.15,2326.92,671.9733
1778506980.0,2326.91,2329.56,2326.27,2328.07,364.8102
1778507040.0,2328.06,2328.33,2325.34,2326.06,213.5184
1778507100.0,2326.06,2327.52,2325.1,2325.1,307.5252
1778507160.0,2325.09,2325.1,2323.01,2323.2,299.8943
1778507220.0,2323.2,2324.21,2323.17,2323.55,424.9959
1778507280.0,2323.54,2323.55,2320.39,2323.2,369.2918
1778507340.0,2323.2,2323.46,2322.69,2323.45,78.1498
1778507400.0,2323.46,2324.22,2322.22,2322.22,177.2139
1778507460.0,2322.22,2323.71,2321.26,2322.16,256.8837
1778507520.0,2322.16,2325.0,2322.16,2323.49,208.0607
1778507580.0,2323.49,2325.09,2323.38,2323.38,163.2883
1778507640.0,2323.39,2323.5,2320.54,2320.55,145.1395
1778507700.0,2320.55,2320.55,2320.0,2320.54,148.5594
1778507760.0,2320.55,2322.17,2320.54,2322.17,106.6164
1778507820.0,2322.17,2322.69,2322.15,2322.19,60.829
1778507880.0,2322.18,2322.19,2321.53,2321.78,65.2215
1778507940.0,2321.79,2323.03,2321.16,2322.32,113.9443
1778508000.0,2322.31,2323.94,2322.03,2323.73,137.7694
1778508060.0,2323.73,2326.61,2323.73,2325.12,258.4341
1778508120.0,2325.12,2326.24,2324.13,2325.03,502.0378
1778508180.0,2325.04,2326.37,2325.04,2326.36,119.1837
1778508240.0,2326.36,2326.37,2325.22,2325.84,225.5285
1778508300.0,2325.84,2328.32,2325.19,2327.96,188.7066
1778508360.0,2327.95,2328.49,2327.17,2328.12,221.322
1778508420.0,2328.11,2328.49,2327.47,2327.96,293.3592
1778508480.0,2327.95,2328.37,2327.54,2327.54,60.0118
1778508540.0,2327.54,2328.44,2327.36,2328.44,67.9014
1778508600.0,2328.44,2328.44,2327.75,2328.07,85.0798
1778508660.0,2328.08,2328.8,2326.73,2328.0,116.0324
1778508720.0,2328.0,2328.14,2325.54,2325.54,126.0629
1778508780.0,2325.54,2326.84,2325.0,2326.84,145.8378
1778508840.0,2326.84,2326.92,2325.34,2326.28,192.4857
1778508900.0,2326.29,2326.92,2326.0,2326.13,84.0983
1778508960.0,2326.13,2327.0,2326.13,2327.0,166.9562
1778509020.0,2327.0,2327.0,2325.2,2325.21,103.8101
1778509080.0,2325.2,2326.38,2324.0,2326.34,678.5857
1778509140.0,2326.33,2326.33,2324.69,2325.95,148.1493
1778509200.0,2325.96,2325.96,2324.0,2324.01,137.6444
1778509260.0,2324.01,2324.39,2321.74,2323.53,212.4
1778509320.0,2323.53,2323.53,2321.59,2322.26,92.5036
1778509380.0,2322.26,2322.27,2319.99,2322.08,283.3177
1778509440.0,2322.07,2322.47,2321.92,2322.2,85.1102
1778509500.0,2322.2,2322.41,2321.29,2321.29,40.4805
1778509560.0,2321.3,2321.71,2320.56,2321.07,133.7597
1778509620.0,2321.07,2321.07,2315.89,2316.25,437.2914
1778509680.0,2316.25,2317.79,2315.7,2316.59,264.3548
1778509740.0,2316.59,2317.4,2312.91,2313.13,978.4235
1778509800.0,2313.13,2316.0,2312.61,2314.66,505.4098
1778509860.0,2314.66,2316.37,2306.1,2308.45,2453.0381
1778509920.0,2308.44,2311.68,2304.0,2309.66,1939.4443
1778509980.0,2309.65,2309.65,2307.48,2308.3,426.8988
1778510040.0,2308.3,2308.95,2306.64,2308.95,307.4489
1778510100.0,2308.95,2310.91,2308.24,2309.85,445.0782
1778510160.0,2309.85,2310.6,2308.47,2310.49,301.5595
1778510220.0,2310.5,2313.5,2310.4,2313.28,369.846
1778510280.0,2313.29,2315.05,2313.24,2313.24,332.5432
1778510340.0,2313.25,2317.08,2313.25,2316.8,352.3126
1778510400.0,2316.79,2317.58,2314.83,2315.36,267.5838
1778510460.0,2315.35,2315.47,2314.01,2315.47,278.2724
1778510520.0,2315.48,2315.87,2313.59,2313.59,132.8735
1778510580.0,2313.59,2315.07,2313.59,2313.73,190.9699
1778510640.0,2313.73,2314.12,2312.58,2312.69,103.9472
1778510700.0,2312.68,2313.02,2312.0,2312.01,172.3838
1778510760.0,2312.0,2312.37,2309.82,2312.36,278.9546
1778510820.0,2312.36,2312.49,2311.4,2311.46,173.5142
1778510880.0,2311.47,2312.11,2310.53,2311.31,140.8337
1778510940.0,2311.3,2311.57,2310.0,2311.48,325.789
1778511000.0,2311.49,2311.86,2310.76,2311.7,330.5126
1778511060.0,2311.71,2314.02,2311.71,2314.02,182.6462
1778511120.0,2314.02,2314.7,2313.26,2314.62,233.3759
1778511180.0,2314.61,2317.43,2314.61,2316.68,451.5451
1778511240.0,2316.68,2316.68,2314.91,2315.83,91.5095
1778511300.0,2315.83,2316.85,2315.75,2316.84,50.7202
1778511360.0,2316.85,2317.43,2313.53,2315.37,538.2016
1778511420.0,2315.37,2315.83,2314.62,2315.83,135.4387
1778511480.0,2315.84,2317.97,2315.83,2317.03,89.6808
1778511540.0,2317.03,2317.63,2315.72,2316.48,118.6357
1778511600.0,2316.48,2316.87,2315.21,2315.21,167.1771
1778511660.0,2315.2,2315.3,2313.45,2313.53,212.9844
1778511720.0,2313.53,2314.91,2313.4,2314.82,160.2593
1778511780.0,2314.81,2315.67,2314.03,2314.41,208.5961
1778511840.0,2314.41,2316.0,2314.4,2315.86,53.0659
1778511900.0,2315.86,2315.86,2314.35,2314.41,89.1906
1778511960.0,2314.42,2316.0,2314.42,2315.19,61.044
1778512020.0,2315.2,2316.64,2315.2,2316.45,33.7086
1778512080.0,2316.44,2317.1,2315.63,2316.67,100.004
1778512140.0,2316.66,2317.04,2316.16,2317.04,119.0471
1778512200.0,2317.03,2317.04,2315.67,2316.16,334.3382
1778512260.0,2316.16,2320.47,2316.16,2320.47,292.2482
1778512320.0,2320.46,2321.52,2319.38,2320.06,265.4164
1778512380.0,2320.07,2323.12,2320.07,2322.66,174.2733
1778512440.0,2322.66,2323.26,2320.63,2321.16,235.6127
1778512500.0,2321.17,2323.52,2321.17,2323.52,97.9926
1778512560.0,2323.52,2324.94,2322.46,2322.47,527.6283
1778512620.0,2322.47,2323.29,2321.63,2321.87,261.7244
1778512680.0,2321.87,2321.88,2320.34,2321.76,177.5425
1778512740.0,2321.76,2321.93,2320.01,2320.02,142.0338
1778512800.0,2320.01,2321.69,2319.41,2321.69,216.6737
1778512860.0,2321.7,2323.37,2321.24,2323.37,92.8915
1778512920.0,2323.37,2323.37,2322.39,2323.06,55.7477
1778512980.0,2323.07,2323.3,2321.97,2323.29,77.1286
1778513040.0,2323.3,2325.15,2323.3,2324.47,185.5614
1778513100.0,2324.47,2325.88,2324.35,2325.88,200.5805
1778513160.0,2325.88,2330.25,2325.88,2329.12,815.021
1778513220.0,2329.11,2334.65,2329.11,2333.39,774.3059
1778513280.0,2333.38,2334.18,2331.26,2332.67,449.2331
1778513340.0,2332.67,2333.39,2332.49,2332.73,183.2028
1778513400.0,2332.72,2334.79,2330.55,2333.7,716.4072
1778513460.0,2333.69,2335.6,2333.69,2334.49,1002.4873
1778513520.0,2334.48,2334.48,2328.9,2329.11,456.2035
1778513580.0,2329.12,2330.46,2328.95,2330.45,151.7808
1778513640.0,2330.45,2331.12,2328.58,2328.58,205.1142
1778513700.0,2328.58,2329.4,2327.95,2327.96,205.1068
1778513760.0,2327.95,2329.01,2327.95,2329.01,68.046
1778513820.0,2329.01,2329.81,2329.01,2329.66,79.3786
1778513880.0,2329.66,2329.83,2328.39,2329.11,164.1488
1778513940.0,2329.1,2329.89,2329.1,2329.89,129.4101
1778514000.0,2329.88,2329.89,2328.55,2328.56,123.6754
1778514060.0,2328.56,2329.24,2328.56,2328.68,99.5246
1778514120.0,2328.69,2328.69,2327.95,2328.2,153.0463
1778514180.0,2328.18,2329.58,2328.17,2328.46,166.6865
1778514240.0,2328.46,2329.77,2327.04,2327.92,426.6088
1778514300.0,2327.91,2327.91,2326.9,2327.88,246.821
1778514360.0,2327.88,2327.89,2326.68,2326.69,139.5434
1778514420.0,2326.69,2327.89,2326.68,2327.87,94.4579
1778514480.0,2327.88,2328.5,2327.58,2328.5,43.9858
1778514540.0,2328.49,2328.5,2327.41,2327.42,60.6504
1778514600.0,2327.42,2328.85,2327.41,2328.85,99.4236
1778514660.0,2328.84,2331.79,2328.84,2330.99,138.6779
1778514720.0,2330.98,2332.44,2330.98,2331.2,70.4672
1778514780.0,2331.2,2332.46,2331.06,2332.43,63.6007
1778514840.0,2332.42,2332.43,2331.41,2331.66,87.3475
1778514900.0,2331.66,2333.95,2331.66,2332.52,276.3527
1778514960.0,2332.53,2333.31,2332.1,2333.31,77.0898
1778515020.0,2333.32,2334.0,2332.86,2332.86,64.3176
1778515080.0,2332.86,2334.99,2331.48,2332.81,530.7963
1778515140.0,2332.82,2333.48,2332.81,2333.48,114.2682
1778515200.0,2333.48,2333.49,2331.19,2331.45,261.9252
1778515260.0,2331.44,2331.45,2330.96,2331.16,93.3449
1778515320.0,2331.16,2331.76,2330.93,2330.93,135.2122
1778515380.0,2330.94,2330.94,2330.69,2330.69,77.112
1778515440.0,2330.69,2331.65,2330.62,2331.63,95.9854
1778515500.0,2331.63,2332.47,2331.44,2332.46,190.7065
1778515560.0,2332.46,2334.77,2332.46,2334.77,113.5567
1778515620.0,2334.77,2336.98,2334.76,2335.79,435.157
1778515680.0,2335.78,2336.25,2334.33,2335.62,219.1554
1778515740.0,2335.62,2337.47,2335.62,2336.39,304.0558
1778515800.0,2336.38,2339.77,2336.26,2339.75,493.3833
1778515860.0,2339.76,2341.21,2338.45,2338.77,696.2944
1778515920.0,2338.76,2339.51,2337.17,2338.92,374.2375
1778515980.0,2338.92,2339.26,2337.17,2338.03,572.8885
1778516040.0,2338.04,2339.82,2337.28,2339.82,265.801
1778516100.0,2339.82,2341.0,2337.72,2337.72,372.2338
1778516160.0,2337.72,2338.09,2336.63,2337.75,337.1063
1778516220.0,2337.76,2339.04,2337.18,2339.03,221.6626
1778516280.0,2339.02,2340.31,2337.53,2337.64,308.1358
1778516340.0,2337.63,2340.53,2337.48,2340.53,854.2951
1778516400.0,2340.52,2341.0,2339.53,2339.53,322.8408
1778516460.0,2339.53,2339.61,2339.01,2339.02,241.6919
1778516520.0,2339.02,2339.3,2338.8,2339.29,163.1787
1778516580.0,2339.3,2340.0,2338.8,2340.0,168.0124
1778516640.0,2339.99,2340.78,2338.97,2340.2,646.8572
1778516700.0,2340.2,2340.24,2339.16,2340.01,147.2397
1778516760.0,2340.01,2340.77,2339.5,2339.51,186.3159
1778516820.0,2339.51,2339.74,2339.23,2339.36,163.1798
1778516880.0,2339.36,2339.36,2335.88,2335.88,234.7316
1778516940.0,2335.88,2336.84,2334.91,2336.83,201.174
1778517000.0,2336.83,2338.5,2336.83,2338.31,97.1465
1778517060.0,2338.31,2339.05,2336.8,2337.67,198.2679
1778517120.0,2337.68,2338.52,2337.26,2337.64,199.0432
1778517180.0,2337.65,2338.54,2337.53,2337.83,186.8503
1778517240.0,2337.82,2338.88,2337.82,2338.19,70.6236
1778517300.0,2338.19,2338.2,2335.41,2336.38,210.2017
1778517360.0,2336.39,2336.91,2336.29,2336.29,260.8323
1778517420.0,2336.29,2336.29,2333.95,2334.17,271.8702
1778517480.0,2334.18,2335.91,2334.18,2335.32,123.2656
1778517540.0,2335.33,2336.14,2335.21,2335.43,93.1632
1778517600.0,2335.43,2335.91,2334.6,2335.04,120.5883
1778517660.0,2335.04,2335.29,2333.47,2333.74,405.6221
1778517720.0,2333.73,2333.73,2328.78,2329.71,819.2471
1778517780.0,2329.71,2331.21,2327.38,2331.21,307.9787
1778517840.0,2331.2,2331.21,2328.75,2329.78,247.1834
1778517900.0,2329.78,2331.84,2329.33,2330.58,531.095
1778517960.0,2330.59,2331.12,2329.88,2330.09,419.9755
1778518020.0,2330.08,2333.06,2330.01,2333.06,153.2693
1778518080.0,2333.07,2334.26,2333.06,2333.7,148.243
1778518140.0,2333.71,2334.05,2332.99,2332.99,136.9617
1778518200.0,2332.98,2333.84,2332.4,2333.0,84.019
1778518260.0,2333.0,2333.8,2331.8,2331.81,256.3937
1778518320.0,2331.81,2331.88,2330.7,2330.74,50.7737
1778518380.0,2330.73,2331.23,2330.18,2331.21,104.3377
1778518440.0,2331.21,2331.83,2331.21,2331.83,120.9245
1778518500.0,2331.83,2332.21,2331.21,2331.21,162.6731
1778518560.0,2331.22,2331.22,2330.25,2330.94,108.994
1778518620.0,2330.94,2331.22,2330.3,2330.58,74.5235
1778518680.0,2330.58,2331.39,2330.33,2331.26,59.5344
1778518740.0,2331.26,2331.26,2329.78,2329.78,90.4663
1778518800.0,2329.79,2330.68,2327.0,2327.01,246.6731
1778518860.0,2327.01,2327.53,2324.8,2326.86,686.6556
1778518920.0,2326.86,2326.86,2325.3,2326.14,159.0551
1778518980.0,2326.14,2327.39,2326.14,2327.1,98.1492
1778519040.0,2327.1,2328.22,2326.63,2327.98,180.0778
1778519100.0,2327.97,2328.5,2327.43,2327.43,223.6679
1778519160.0,2327.43,2327.52,2325.13,2326.48,235.465
1778519220.0,2326.48,2326.48,2324.26,2325.0,205.3145
1778519280.0,2325.0,2325.01,2324.3,2325.0,135.5234
1778519340.0,2325.01,2326.06,2323.68,2326.06,188.3296
1778519400.0,2326.06,2326.66,2325.18,2326.65,108.7524
1778519460.0,2326.66,2328.36,2326.65,2328.3,139.5049
1778519520.0,2328.3,2328.31,2326.02,2326.33,160.2645
1778519580.0,2326.33,2328.04,2326.32,2328.03,126.3989
1778519640.0,2328.04,2328.14,2327.48,2327.78,74.0043
1778519700.0,2327.77,2328.12,2327.55,2328.12,93.6396
1778519760.0,2328.12,2329.33,2328.12,2328.91,158.1009
1778519820.0,2328.91,2330.74,2328.91,2330.04,285.3822
1778519880.0,2330.03,2330.03,2328.88,2328.95,96.3337
1778519940.0,2328.96,2329.19,2328.23,2329.11,171.8461
1778520000.0,2329.11,2329.51,2328.66,2329.44,67.4091
1778520060.0,2329.45,2330.15,2329.38,2329.98,74.1934
1778520120.0,2329.99,2329.99,2329.0,2329.19,52.7741
1778520180.0,2329.19,2329.19,2328.76,2329.13,63.0336
1778520240.0,2329.13,2329.79,2329.09,2329.52,46.5766
1778520300.0,2329.51,2329.78,2328.72,2328.72,169.2714
1778520360.0,2328.73,2329.6,2328.69,2329.32,225.6813
1778520420.0,2329.31,2329.31,2328.42,2328.49,94.7807
1778520480.0,2328.5,2328.86,2328.42,2328.86,89.1253
1778520540.0,2328.85,2329.58,2328.85,2329.57,97.5937
1778520600.0,2329.58,2330.0,2328.7,2328.7,113.8411
1778520660.0,2328.7,2328.71,2328.19,2328.19,104.613
1778520720.0,2328.18,2329.1,2327.94,2329.1,156.8689
1778520780.0,2329.09,2329.9,2329.09,2329.54,114.7837
1778520840.0,2329.55,2330.15,2329.54,2330.15,83.5483
1778520900.0,2330.15,2330.73,2329.8,2330.5,91.9028
1778520960.0,2330.5,2332.37,2330.06,2332.36,368.9422
1778521020.0,2332.37,2333.11,2331.67,2332.79,192.1694
1778521080.0,2332.79,2334.25,2332.56,2333.98,141.7166
1778521140.0,2333.98,2335.36,2333.88,2334.36,271.5466
1778521200.0,2334.35,2335.36,2334.19,2335.35,140.5556
1778521260.0,2335.36,2337.06,2335.35,2336.25,308.1529
1778521320.0,2336.25,2337.94,2336.24,2337.47,205.4364
1778521380.0,2337.46,2338.47,2337.25,2338.47,164.7914
1778521440.0,2338.46,2341.6,2338.46,2340.13,462.2768
1778521500.0,2340.13,2343.83,2340.12,2340.9,674.3642
1778521560.0,2340.9,2341.74,2340.56,2341.73,200.5089
1778521620.0,2341.73,2341.74,2338.56,2338.56,171.6816
1778521680.0,2338.56,2338.56,2337.99,2338.1,220.9331
1778521740.0,2338.1,2338.41,2337.52,2338.17,225.428
1778521800.0,2338.16,2339.37,2338.16,2339.36,175.8318
1778521860.0,2339.36,2340.73,2338.82,2339.74,146.6988
1778521920.0,2339.73,2339.84,2338.36,2338.84,167.0333
1778521980.0,2338.83,2339.63,2338.69,2339.62,91.5874
1778522040.0,2339.63,2339.83,2337.24,2337.24,183.3104
1778522100.0,2337.23,2337.46,2336.68,2337.46,132.3738
1778522160.0,2337.46,2338.28,2337.46,2338.28,94.3288
1778522220.0,2338.27,2338.27,2337.66,2337.73,138.4779
1778522280.0,2337.73,2337.75,2337.5,2337.5,78.5587
1778522340.0,2337.5,2337.51,2336.44,2336.71,89.6968
1778522400.0,2336.71,2337.23,2336.13,2337.15,185.0313
1778522460.0,2337.16,2337.78,2337.16,2337.53,143.5826
1778522520.0,2337.53,2338.55,2337.42,2337.43,158.9007
1778522580.0,2337.43,2339.28,2337.43,2339.28,192.093
1778522640.0,2339.28,2340.69,2339.27,2340.16,240.3813
1778522700.0,2340.17,2340.17,2339.58,2340.12,124.1579
1778522760.0,2340.11,2342.0,2340.05,2342.0,200.7803
1778522820.0,2342.0,2343.33,2341.73,2343.14,608.1595
1778522880.0,2343.14,2343.73,2343.14,2343.32,207.8402
1778522940.0,2343.31,2343.31,2341.58,2341.89,255.2405
1778523000.0,2341.9,2342.63,2341.9,2342.15,237.1398
1778523060.0,2342.16,2342.45,2341.19,2341.19,128.789
1778523120.0,2341.19,2341.8,2340.3,2341.8,313.3348
1778523180.0,2341.79,2342.4,2341.79,2341.86,167.0161
1778523240.0,2341.87,2342.01,2340.88,2340.89,134.7999
1778523300.0,2340.89,2341.2,2339.3,2339.55,195.1503
1778523360.0,2339.54,2339.71,2338.61,2338.61,232.9899
1778523420.0,2338.62,2338.83,2338.17,2338.31,125.3683
1778523480.0,2338.32,2338.35,2336.53,2337.52,228.1443
1778523540.0,2337.52,2338.0,2337.49,2337.49,72.7639
1778523600.0,2337.5,2337.99,2335.89,2337.84,376.8745
1778523660.0,2337.83,2339.06,2337.83,2339.06,109.4699
1778523720.0,2339.06,2339.53,2338.77,2339.37,89.5022
1778523780.0,2339.37,2339.54,2339.36,2339.36,72.2126
1778523840.0,2339.36,2339.66,2338.91,2338.91,234.2419
1778523900.0,2338.92,2338.99,2338.48,2338.48,64.1362
1778523960.0,2338.48,2338.67,2336.66,2338.28,236.1547
1778524020.0,2338.28,2340.77,2338.27,2340.77,87.0056
1778524080.0,2340.76,2342.2,2340.76,2341.85,204.1755
1778524140.0,2341.84,2342.0,2341.05,2341.49,80.8184
1778524200.0,2341.49,2341.9,2340.77,2340.77,184.9855
1778524260.0,2340.77,2342.44,2340.77,2341.93,302.8452
1778524320.0,2341.93,2344.35,2341.51,2343.78,491.5411
1778524380.0,2343.78,2343.96,2342.51,2342.52,142.5798
1778524440.0,2342.51,2342.52,2340.37,2340.74,284.6785
1778524500.0,2340.75,2341.4,2339.68,2340.91,291.6488
1778524560.0,2340.91,2341.07,2339.37,2339.73,164.1554
1778524620.0,2339.74,2339.87,2339.37,2339.79,61.4154
1778524680.0,2339.8,2340.2,2339.64,2340.2,127.1714
1778524740.0,2340.19,2340.47,2339.53,2339.63,116.4524
1778524800.0,2339.63,2339.98,2339.01,2339.97,137.2234
1778524860.0,2339.96,2339.96,2339.23,2339.58,152.7295
1778524920.0,2339.59,2339.81,2339.58,2339.67,163.5604
1778524980.0,2339.66,2340.07,2339.43,2340.06,98.8832
1778525040.0,2340.06,2340.1,2339.0,2339.01,116.4891
1778525100.0,2339.0,2339.01,2337.22,2338.11,156.7525
1778525160.0,2338.11,2341.25,2338.1,2341.17,254.5755
1778525220.0,2341.17,2342.93,2341.16,2342.93,158.3451
1778525280.0,2342.93,2343.77,2342.31,2342.51,221.3027
1778525340.0,2342.51,2342.66,2341.53,2341.53,213.0928
1778525400.0,2341.53,2341.9,2341.43,2341.74,130.1096
1778525460.0,2341.73,2341.84,2340.95,2341.83,118.9453
1778525520.0,2341.83,2341.83,2340.76,2340.77,72.3573
1778525580.0,2340.76,2340.88,2339.44,2339.44,70.2345
1778525640.0,2339.44,2339.44,2337.18,2338.03,137.2425
1778525700.0,2338.04,2339.21,2337.69,2339.21,144.3292
1778525760.0,2339.21,2339.74,2339.2,2339.46,87.4783
1778525820.0,2339.45,2339.46,2337.53,2338.18,76.3977
1778525880.0,2338.18,2338.18,2336.66,2336.66,152.2075
1778525940.0,2336.66,2337.0,2334.55,2335.35,262.4442
1778526000.0,2335.35,2336.08,2335.01,2335.01,123.1431
1778526060.0,2335.02,2336.12,2335.02,2335.33,135.4598
1778526120.0,2335.33,2335.33,2331.92,2333.07,355.9804
1778526180.0,2333.07,2333.97,2333.07,2333.97,50.8358
1778526240.0,2333.96,2334.71,2333.7,2333.88,116.5028
1778526300.0,2333.87,2336.22,2333.54,2336.21,150.3783
1778526360.0,2336.22,2337.87,2336.22,2337.86,123.8509
1778526420.0,2337.87,2339.4,2337.86,2339.4,156.6484
1778526480.0,2339.4,2339.71,2337.85,2338.15,171.3085
1778526540.0,2338.16,2338.67,2338.15,2338.66,56.7975
1778526600.0,2338.67,2339.08,2337.76,2338.13,225.439
1778526660.0,2338.14,2338.43,2338.13,2338.34,49.2698
1778526720.0,2338.34,2339.14,2338.34,2338.65,91.7116
1778526780.0,2338.64,2339.16,2338.61,2338.61,197.0338
1778526840.0,2338.61,2338.62,2337.81,2338.38,70.0719
1778526900.0,2338.39,2338.7,2337.27,2337.53,74.4956
1778526960.0,2337.52,2337.87,2337.28,2337.59,87.7212
1778527020.0,2337.6,2338.08,2336.97,2336.97,66.4106
1778527080.0,2336.98,2338.14,2336.97,2338.14,46.9021
1778527140.0,2338.13,2338.98,2338.01,2338.17,59.0255
1778527200.0,2338.18,2339.76,2338.18,2338.64,73.2425
1778527260.0,2338.63,2338.67,2338.29,2338.62,43.4125
1778527320.0,2338.62,2338.63,2336.96,2337.75,79.0817
1778527380.0,2337.76,2343.0,2337.76,2342.05,493.1612
1778527440.0,2342.05,2342.67,2340.88,2340.89,167.4938
1778527500.0,2340.88,2340.9,2340.54,2340.59,118.2957
1778527560.0,2340.6,2340.6,2339.44,2339.44,103.9872
1778527620.0,2339.44,2339.44,2337.86,2337.86,139.2353
1778527680.0,2337.85,2338.11,2337.48,2337.58,89.4929
1778527740.0,2337.57,2337.91,2337.06,2337.16,107.9178
1778527800.0,2337.16,2337.89,2337.16,2337.81,106.6569
1778527860.0,2337.81,2339.08,2337.8,2339.07,94.4118
1778527920.0,2339.08,2339.17,2338.86,2339.16,73.8041
1778527980.0,2339.17,2339.29,2338.75,2338.78,85.9928
1778528040.0,2338.78,2338.78,2337.85,2337.85,61.9291
1778528100.0,2337.85,2338.99,2337.84,2338.98,100.8301
1778528160.0,2338.98,2339.27,2338.63,2339.27,112.0953
1778528220.0,2339.27,2339.86,2339.26,2339.39,86.9251
1778528280.0,2339.39,2339.67,2339.26,2339.37,81.7673
1778528340.0,2339.37,2340.26,2339.17,2340.26,150.6315
1778528400.0,2340.27,2341.51,2340.27,2341.11,86.7383
1778528460.0,2341.11,2341.12,2340.49,2340.49,82.7404
1778528520.0,2340.49,2344.0,2340.48,2343.23,395.9928
1778528580.0,2343.23,2343.23,2342.69,2342.76,121.1742
1778528640.0,2342.75,2342.75,2341.5,2341.5,123.2638
1778528700.0,2341.5,2341.76,2341.01,2341.02,76.9123
1778528760.0,2341.02,2341.02,2341.01,2341.02,34.0589
1778528820.0,2341.02,2341.12,2340.95,2341.03,60.156
1778528880.0,2341.03,2341.12,2339.85,2340.38,212.567
1778528940.0,2340.38,2340.79,2340.2,2340.2,126.5189
1778529000.0,2340.2,2340.68,2340.17,2340.48,124.2398
1778529060.0,2340.49,2340.49,2339.0,2339.0,80.2153
1778529120.0,2339.01,2339.85,2339.01,2339.85,24.8452
1778529180.0,2339.85,2340.53,2339.85,2340.36,67.3492
1778529240.0,2340.36,2340.76,2339.37,2339.37,72.5227
1778529300.0,2339.38,2340.67,2339.38,2340.66,70.588
1778529360.0,2340.65,2340.66,2339.74,2339.88,147.128
1778529420.0,2339.88,2340.25,2339.88,2340.09,43.1746
1778529480.0,2340.1,2340.25,2338.82,2339.18,63.4748
1778529540.0,2339.19,2340.44,2339.18,2340.43,317.3473
1778529600.0,2340.44,2343.41,2340.44,2343.35,243.1249
1778529660.0,2343.34,2343.89,2342.69,2343.11,294.1895
1778529720.0,2343.12,2343.12,2341.6,2341.71,64.5268
1778529780.0,2341.72,2342.55,2341.5,2342.19,163.7503
1778529840.0,2342.19,2343.63,2342.19,2343.56,60.079
1778529900.0,2343.56,2343.57,2343.15,2343.37,106.3091
1778529960.0,2343.38,2345.44,2343.38,2344.62,339.9428
1778530020.0,2344.63,2344.92,2342.92,2343.68,65.444
1778530080.0,2343.68,2344.31,2343.57,2343.57,122.1251
1778530140.0,2343.58,2343.58,2342.92,2343.49,204.6767
1778530200.0,2343.48,2343.84,2343.42,2343.78,81.9632
1778530260.0,2343.78,2344.33,2336.27,2336.4,1251.2912
1778530320.0,2336.4,2339.25,2336.39,2338.66,611.0334
1778530380.0,2338.67,2339.79,2338.24,2339.55,349.2598
1778530440.0,2339.56,2339.61,2337.66,2338.07,529.5279
1778530500.0,2338.08,2338.33,2337.29,2338.33,92.3522
1778530560.0,2338.33,2339.97,2338.18,2339.55,136.9197
1778530620.0,2339.55,2339.55,2338.86,2339.05,90.5811
1778530680.0,2339.05,2339.77,2338.8,2338.81,123.0504
1778530740.0,2338.8,2340.0,2338.8,2339.8,72.78
1778530800.0,2339.8,2339.95,2338.39,2338.4,69.5332
1778530860.0,2338.39,2338.39,2337.01,2337.01,80.817
1778530920.0,2337.0,2338.08,2336.56,2337.97,64.3921
1778530980.0,2337.97,2338.24,2337.56,2338.23,58.7792
1778531040.0,2338.24,2339.51,2338.24,2339.12,47.325
1778531100.0,2339.13,2339.39,2339.05,2339.23,72.62
1778531160.0,2339.23,2339.23,2338.12,2338.13,52.5292
1778531220.0,2338.12,2338.87,2338.12,2338.86,39.7304
1778531280.0,2338.87,2338.88,2338.36,2338.36,75.8635
1778531340.0,2338.36,2338.37,2338.36,2338.37,16.5686
1778531400.0,2338.38,2339.11,2338.23,2338.55,53.8165
1778531460.0,2338.54,2338.91,2337.63,2337.63,42.9695
1778531520.0,2337.64,2337.96,2337.63,2337.96,56.2477
1778531580.0,2337.96,2339.11,2337.96,2339.11,30.024
1778531640.0,2339.11,2340.92,2339.11,2340.61,66.2549
1778531700.0,2340.6,2341.32,2340.6,2340.74,60.8567
1778531760.0,2340.74,2340.86,2339.92,2340.1,49.0607
1778531820.0,2340.11,2340.63,2339.8,2340.05,110.5483
1778531880.0,2340.04,2340.05,2339.81,2339.99,52.7972
1778531940.0,2339.99,2340.26,2339.77,2340.26,53.1129
1778532000.0,2340.26,2340.26,2339.39,2339.4,54.1987
1778532060.0,2339.41,2340.01,2339.41,2339.45,78.2778
1778532120.0,2339.45,2339.46,2336.37,2336.37,219.93
1778532180.0,2336.37,2337.68,2336.37,2337.68,83.5291
1778532240.0,2337.68,2338.18,2337.67,2337.97,81.0871
1778532300.0,2337.97,2338.16,2337.38,2338.16,61.2174
1778532360.0,2338.16,2338.55,2338.0,2338.0,49.8983
1778532420.0,2338.01,2338.8,2337.79,2338.8,55.8774
1778532480.0,2338.8,2340.55,2338.79,2340.55,67.845
1778532540.0,2340.55,2341.32,2339.64,2339.82,122.7907
1778532600.0,2339.81,2339.81,2338.42,2338.44,67.0075
1778532660.0,2338.43,2338.73,2338.43,2338.71,35.8506
1778532720.0,2338.7,2338.71,2338.7,2338.71,11.0923
1778532780.0,2338.7,2339.12,2338.7,2339.11,55.7496
1778532840.0,2339.1,2339.76,2338.71,2338.8,57.1272
1778532900.0,2338.79,2338.91,2338.44,2338.82,53.9539
1778532960.0,2338.81,2338.82,2338.65,2338.66,21.9021
1778533020.0,2338.65,2338.65,2338.0,2338.0,44.3907
1778533080.0,2338.01,2338.01,2337.43,2337.44,170.2479
1778533140.0,2337.44,2338.16,2337.44,2338.15,44.8232
1778533200.0,2338.16,2338.83,2338.15,2338.82,28.8052
1778533260.0,2338.82,2339.09,2338.82,2339.08,13.6324
1778533320.0,2339.08,2339.55,2339.08,2339.55,31.7472
1778533380.0,2339.55,2339.92,2339.55,2339.91,13.067
1778533440.0,2339.91,2340.81,2339.26,2339.26,84.9574
1778533500.0,2339.25,2339.85,2339.25,2339.52,29.903
1778533560.0,2339.52,2339.53,2338.73,2338.74,57.8661
1778533620.0,2338.73,2338.9,2338.73,2338.89,15.758
1778533680.0,2338.89,2338.9,2337.97,2338.49,74.5497
1778533740.0,2338.48,2339.14,2338.12,2338.14,57.7834
1778533800.0,2338.14,2338.46,2337.79,2337.79,80.5623
1778533860.0,2337.79,2339.27,2337.5,2339.26,126.7217
1778533920.0,2339.26,2339.4,2338.93,2339.33,47.3672
1778533980.0,2339.34,2339.91,2338.46,2339.91,138.7336
1778534040.0,2339.9,2340.49,2339.69,2340.49,127.7095
1778534100.0,2340.48,2340.67,2340.06,2340.67,83.4613
1778534160.0,2340.67,2340.71,2340.45,2340.71,29.4627
1778534220.0,2340.71,2340.78,2339.7,2339.7,44.4442
1778534280.0,2339.7,2339.7,2338.62,2338.62,77.2511
1778534340.0,2338.63,2338.63,2337.65,2337.87,69.7522
1778534400.0,2337.87,2338.43,2337.87,2338.42,34.8054
1778534460.0,2338.43,2339.14,2338.42,2339.13,64.7643
1778534520.0,2339.14,2339.14,2338.03,2338.03,92.077
1778534580.0,2338.04,2338.04,2337.01,2337.01,100.844
1778534640.0,2337.01,2337.01,2336.36,2337.0,98.7045
1778534700.0,2337.0,2338.23,2337.0,2338.22,117.1708
1778534760.0,2338.23,2338.34,2337.96,2337.96,28.8377
1778534820.0,2337.97,2337.98,2337.17,2337.17,17.8688
1778534880.0,2337.18,2337.37,2337.17,2337.36,68.9026
1778534940.0,2337.37,2337.37,2337.36,2337.37,3.1958
1778535000.0,2337.36,2337.95,2337.19,2337.89,93.4067
1778535060.0,2337.88,2337.95,2337.36,2337.95,52.4812
1778535120.0,2337.94,2337.94,2337.62,2337.62,30.9053
1778535180.0,2337.63,2337.63,2337.23,2337.23,36.2029
1778535240.0,2337.23,2337.32,2337.22,2337.32,10.7487
1778535300.0,2337.32,2341.3,2337.31,2340.98,279.3914
1778535360.0,2340.98,2340.98,2340.03,2340.03,93.4425
1778535420.0,2340.03,2341.18,2340.03,2340.47,149.8476
1778535480.0,2340.47,2340.47,2339.09,2339.09,64.322
1778535540.0,2339.09,2339.59,2338.76,2339.58,189.535
1778535600.0,2339.58,2339.75,2339.2,2339.47,119.0689
1778535660.0,2339.47,2340.88,2339.47,2340.58,126.0458
1778535720.0,2340.58,2340.88,2340.58,2340.87,21.3673
1778535780.0,2340.88,2340.88,2339.94,2340.11,145.526
1778535840.0,2340.12,2340.35,2339.36,2340.34,31.9143
1778535900.0,2340.35,2340.4,2339.49,2339.97,84.5423
1778535960.0,2339.97,2339.98,2339.97,2339.98,11.5286
1778536020.0,2339.97,2339.97,2339.05,2339.05,37.9466
1778536080.0,2339.05,2339.79,2338.02,2339.15,212.3291
1778536140.0,2339.16,2340.01,2338.99,2339.29,89.0784
1778536200.0,2339.28,2339.8,2338.98,2339.8,83.9674
1778536260.0,2339.8,2340.0,2339.28,2339.99,33.6104
1778536320.0,2339.99,2340.51,2339.9,2340.24,68.8229
1778536380.0,2340.25,2341.19,2339.89,2340.99,122.1823
1778536440.0,2340.99,2341.41,2340.53,2341.41,296.2163
1778536500.0,2341.41,2342.49,2341.41,2342.24,402.2548
1778536560.0,2342.24,2342.35,2340.22,2340.35,77.569
1778536620.0,2340.34,2340.46,2340.34,2340.39,171.4696
1778536680.0,2340.4,2341.0,2340.07,2340.7,97.6153
1778536740.0,2340.69,2340.72,2340.05,2340.71,27.2806
1778536800.0,2340.71,2341.53,2340.01,2340.45,55.2197
1778536860.0,2340.45,2343.38,2340.44,2343.38,115.8714
1778536920.0,2343.37,2343.66,2342.66,2343.21,185.7091
1778536980.0,2343.2,2345.68,2343.15,2345.42,468.4946
1778537040.0,2345.42,2345.42,2343.83,2344.52,172.1177
1778537100.0,2344.52,2344.73,2344.19,2344.43,54.9307
1778537160.0,2344.42,2344.99,2344.42,2344.49,50.3828
1778537220.0,2344.48,2344.49,2343.77,2343.84,48.2619
1778537280.0,2343.84,2343.85,2342.79,2342.79,45.0368
1778537340.0,2342.79,2342.79,2341.21,2341.95,72.2806
1778537400.0,2341.96,2342.31,2340.49,2340.49,120.246
1778537460.0,2340.5,2341.57,2340.5,2341.56,69.5815
1778537520.0,2341.57,2341.71,2341.1,2341.1,41.4826
1778537580.0,2341.11,2341.64,2341.1,2341.61,76.9004
1778537640.0,2341.61,2342.25,2341.6,2342.14,63.77
1778537700.0,2342.13,2342.59,2341.81,2342.58,48.1865
1778537760.0,2342.57,2342.58,2341.28,2342.29,75.7995
1778537820.0,2342.29,2342.29,2341.49,2342.2,50.917
1778537880.0,2342.21,2342.4,2341.54,2342.39,59.1642
1778537940.0,2342.4,2342.96,2342.4,2342.9,30.9951
1778538000.0,2342.91,2343.26,2342.64,2342.64,129.8538
1778538060.0,2342.64,2342.83,2341.18,2341.19,47.528
1778538120.0,2341.19,2341.42,2340.57,2340.57,45.3007
1778538180.0,2340.57,2340.57,2339.3,2339.72,68.8584
1778538240.0,2339.72,2340.58,2339.71,2340.37,92.8522
1778538300.0,2340.37,2340.37,2339.31,2339.38,130.2325
1778538360.0,2339.37,2339.37,2336.63,2336.64,314.8489
1778538420.0,2336.63,2337.83,2336.63,2337.83,136.1317
1778538480.0,2337.83,2339.57,2337.49,2338.8,477.3451
1778538540.0,2338.8,2339.0,2338.52,2338.8,44.2685
1778538600.0,2338.8,2339.57,2338.79,2339.47,60.6649
1778538660.0,2339.48,2339.49,2339.29,2339.48,25.9103
1778538720.0,2339.48,2340.08,2339.46,2339.54,72.7608
1778538780.0,2339.54,2339.72,2338.88,2338.88,22.4293
1778538840.0,2338.89,2339.28,2338.86,2338.86,43.495
1778538900.0,2338.87,2339.54,2338.65,2339.2,56.0547
1778538960.0,2339.2,2339.81,2339.19,2339.79,22.3539
1778539020.0,2339.8,2340.57,2339.77,2340.36,39.2267
1778539080.0,2340.36,2340.84,2340.11,2340.83,26.4718
1778539140.0,2340.84,2340.85,2340.29,2340.3,44.9352
1778539200.0,2340.31,2340.52,2340.18,2340.18,39.3377
1778539260.0,2340.19,2341.0,2339.52,2340.58,476.8826
1778539320.0,2340.58,2340.58,2339.96,2340.1,47.3673
1778539380.0,2340.1,2340.2,2339.7,2340.19,90.6995
1778539440.0,2340.19,2340.77,2340.19,2340.77,35.5513
1778539500.0,2340.76,2340.98,2340.3,2340.6,62.4199
1778539560.0,2340.61,2341.76,2339.85,2341.75,117.3821
1778539620.0,2341.75,2341.97,2341.75,2341.88,43.2946
1778539680.0,2341.89,2342.59,2341.75,2341.76,94.0224
1778539740.0,2341.76,2341.85,2341.4,2341.79,24.6168
1778539800.0,2341.78,2342.76,2341.78,2342.69,58.2081
1778539860.0,2342.68,2342.89,2342.28,2342.89,50.0192
1778539920.0,2342.89,2345.0,2342.84,2344.88,259.0272
1778539980.0,2344.89,2344.92,2342.88,2342.99,102.9852
1778540040.0,2342.99,2343.06,2341.98,2342.82,65.6151
1778540100.0,2342.83,2342.83,2341.99,2341.99,50.8954
1778540160.0,2341.99,2342.53,2341.99,2342.24,82.3535
1778540220.0,2342.24,2342.4,2342.13,2342.33,27.4916
1778540280.0,2342.34,2342.5,2341.39,2341.4,302.087
1778540340.0,2341.4,2341.91,2341.39,2341.43,30.4406
1778540400.0,2341.43,2341.44,2341.16,2341.17,32.7057
1778540460.0,2341.17,2341.17,2339.35,2339.47,54.157
1778540520.0,2339.48,2339.64,2338.74,2339.28,90.0536
1778540580.0,2339.27,2339.28,2338.42,2338.93,93.8438
1778540640.0,2338.93,2339.45,2338.63,2339.45,59.3689
1778540700.0,2339.45,2339.99,2339.45,2339.56,62.1393
1778540760.0,2339.57,2339.57,2338.51,2338.51,43.7287
1778540820.0,2338.51,2338.87,2338.13,2338.87,100.8317
1778540880.0,2338.87,2339.19,2338.65,2338.65,43.5502
1778540940.0,2338.65,2338.66,2338.03,2338.04,21.3525
1778541000.0,2338.03,2338.68,2338.03,2338.66,65.423
1778541060.0,2338.66,2338.67,2337.87,2337.87,51.3872
1778541120.0,2337.87,2338.33,2337.87,2338.13,32.0897
1778541180.0,2338.14,2339.17,2338.13,2339.17,61.5234
1778541240.0,2339.17,2339.32,2339.16,2339.31,65.6373
1778541300.0,2339.31,2339.64,2338.78,2338.78,59.2542
1778541360.0,2338.79,2339.01,2338.78,2339.0,24.3156
1778541420.0,2339.01,2339.01,2337.87,2337.87,11.8799
1778541480.0,2337.88,2338.0,2337.87,2338.0,43.4631
1778541540.0,2337.99,2338.25,2337.69,2338.25,75.2648
1778541600.0,2338.24,2338.24,2337.69,2337.69,42.6137
1778541660.0,2337.7,2338.02,2337.62,2338.02,45.2205
1778541720.0,2338.02,2338.51,2336.8,2336.81,112.9281
1778541780.0,2336.81,2337.5,2336.8,2337.49,20.078
1778541840.0,2337.5,2338.17,2337.49,2338.16,26.7853
1778541900.0,2338.16,2338.17,2337.03,2337.59,58.0014
1778541960.0,2337.59,2337.8,2337.59,2337.8,17.9961
1778542020.0,2337.8,2337.84,2337.03,2337.03,39.9511
1778542080.0,2337.03,2337.03,2336.66,2336.67,30.9815
1778542140.0,2336.66,2336.67,2335.64,2336.36,238.5117
1778542200.0,2336.36,2336.94,2335.08,2336.94,196.6421
1778542260.0,2336.94,2337.97,2336.94,2337.97,53.1776
1778542320.0,2337.96,2338.75,2337.89,2338.74,66.3382
1778542380.0,2338.74,2338.92,2338.73,2338.91,30.6794
1778542440.0,2338.92,2339.21,2338.91,2339.21,21.549
1778542500.0,2339.21,2340.13,2339.21,2339.96,88.1608
1778542560.0,2339.96,2340.24,2339.69,2339.69,46.3472
1778542620.0,2339.69,2339.69,2338.74,2339.32,46.0618
1778542680.0,2339.31,2339.6,2339.31,2339.59,24.1392
1778542740.0,2339.6,2340.97,2339.59,2340.82,84.5253
1778542800.0,2340.83,2340.83,2340.33,2340.33,26.1797
1778542860.0,2340.34,2342.0,2340.1,2342.0,156.1284
1778542920.0,2342.0,2342.23,2341.65,2341.66,99.2261
1778542980.0,2341.66,2341.66,2341.14,2341.45,94.87
1778543040.0,2341.45,2341.58,2341.26,2341.27,43.5443
1778543100.0,2341.27,2342.0,2341.27,2342.0,104.0181
1778543160.0,2341.99,2341.99,2340.93,2341.11,40.0213
1778543220.0,2341.1,2341.16,2340.26,2340.55,170.6018
1778543280.0,2340.54,2341.03,2340.54,2341.03,46.2706
1778543340.0,2341.02,2341.03,2340.79,2340.8,52.0822
1778543400.0,2340.8,2340.97,2340.79,2340.8,66.9919
1778543460.0,2340.79,2340.96,2340.44,2340.95,66.9639
1778543520.0,2340.95,2341.55,2340.95,2341.54,46.9646
1778543580.0,2341.54,2341.55,2340.46,2340.47,45.297
1778543640.0,2340.46,2340.74,2340.26,2340.74,33.798
1778543700.0,2340.74,2340.74,2340.7,2340.71,7.2092
1778543760.0,2340.7,2340.7,2340.15,2340.21,56.455
1778543820.0,2340.2,2340.96,2340.03,2340.03,71.3028
1778543880.0,2340.03,2340.04,2339.72,2339.72,57.7071
1778543940.0,2339.72,2339.88,2339.58,2339.87,64.5785
1778544000.0,2339.88,2339.9,2337.84,2337.85,134.296
1778544060.0,2337.84,2338.81,2336.78,2338.8,123.2946
1778544120.0,2338.8,2339.99,2338.69,2339.64,72.6067
1778544180.0,2339.64,2340.85,2339.31,2339.32,122.0776
1778544240.0,2339.32,2339.32,2338.38,2338.38,50.4495
1778544300.0,2338.38,2338.53,2337.94,2338.14,54.1849
1778544360.0,2338.14,2338.38,2337.52,2337.52,41.412
1778544420.0,2337.53,2337.53,2336.77,2337.18,65.7111
1778544480.0,2337.18,2338.28,2337.18,2338.27,168.4975
1778544540.0,2338.26,2338.26,2337.57,2337.92,36.1502
1778544600.0,2337.92,2337.92,2337.2,2337.75,54.9238
1778544660.0,2337.76,2338.31,2337.57,2337.57,64.9424
1778544720.0,2337.58,2337.91,2336.54,2336.55,105.0067
1778544780.0,2336.54,2337.1,2335.88,2337.1,117.8366
1778544840.0,2337.09,2337.1,2336.32,2336.32,33.507
1778544900.0,2336.31,2337.11,2336.21,2336.94,28.7044
1778544960.0,2336.95,2336.95,2336.15,2336.15,27.0101
1778545020.0,2336.16,2337.53,2336.15,2337.53,48.804
1778545080.0,2337.53,2337.89,2337.36,2337.41,46.8496
1778545140.0,2337.4,2337.4,2336.08,2336.31,89.7984
1778545200.0,2336.31,2337.95,2336.31,2336.88,50.6972
1778545260.0,2336.88,2336.88,2335.43,2335.5,149.2565
1778545320.0,2335.49,2335.96,2334.22,2334.22,151.5125
1778545380.0,2334.23,2335.19,2333.89,2334.24,161.0595
1778545440.0,2334.24,2334.6,2333.89,2333.99,108.7779
1778545500.0,2333.98,2334.15,2333.54,2333.96,97.2829
1778545560.0,2333.96,2335.11,2333.85,2335.1,130.0437
1778545620.0,2335.1,2335.27,2334.51,2334.51,47.2634
1778545680.0,2334.52,2335.41,2334.24,2334.75,140.087
1778545740.0,2334.74,2335.1,2334.74,2335.09,57.4224
1778545800.0,2335.1,2336.34,2334.9,2335.7,124.7017
1778545860.0,2335.71,2335.83,2334.79,2334.98,88.1262
1778545920.0,2334.98,2336.06,2334.97,2335.78,73.4267
1778545980.0,2335.78,2335.78,2333.76,2333.76,41.6609
1778546040.0,2333.77,2334.78,2333.76,2333.76,82.321
1778546100.0,2333.77,2334.0,2332.91,2332.91,73.5666
1778546160.0,2332.9,2333.32,2332.45,2333.05,108.2397
1778546220.0,2333.05,2333.44,2332.75,2333.43,81.3464
1778546280.0,2333.44,2335.88,2333.44,2335.87,252.9438
1778546340.0,2335.88,2335.88,2335.07,2335.07,53.5317
1778546400.0,2335.08,2335.56,2335.08,2335.46,40.6151
1778546460.0,2335.45,2335.45,2334.15,2334.16,274.0893
1778546520.0,2334.15,2334.34,2333.98,2334.17,61.7681
1778546580.0,2334.16,2334.25,2333.01,2333.02,166.5229
1778546640.0,2333.01,2333.01,2332.13,2332.14,41.8573
1778546700.0,2332.15,2334.29,2332.14,2334.09,163.6842
1778546760.0,2334.09,2334.46,2333.35,2333.36,58.4604
1778546820.0,2333.35,2333.7,2332.89,2333.7,54.4151
1778546880.0,2333.71,2333.92,2333.71,2333.91,16.1105
1778546940.0,2333.91,2334.55,2333.91,2334.55,33.1664
1778547000.0,2334.54,2335.2,2334.54,2335.2,58.5796
1778547060.0,2335.2,2335.41,2334.21,2334.47,65.8126
1778547120.0,2334.47,2335.19,2334.2,2334.46,68.9643
1778547180.0,2334.46,2335.4,2334.46,2335.21,104.3788
1778547240.0,2335.22,2335.81,2335.22,2335.43,83.9035
1778547300.0,2335.43,2336.0,2335.43,2336.0,37.4887
1778547360.0,2336.0,2336.0,2334.74,2335.65,124.2779
1778547420.0,2335.66,2335.66,2334.64,2334.65,12.502
1778547480.0,2334.65,2334.65,2333.67,2333.68,23.888
1778547540.0,2333.67,2333.68,2333.41,2333.54,34.0803
1778547600.0,2333.54,2335.18,2333.27,2335.18,110.5317
1778547660.0,2335.18,2335.66,2335.06,2335.28,44.6435
1778547720.0,2335.28,2335.29,2334.42,2335.23,65.6541
1778547780.0,2335.23,2335.24,2334.1,2334.1,42.9289
1778547840.0,2334.1,2334.1,2328.96,2329.73,377.7101
1778547900.0,2329.73,2331.25,2329.56,2330.83,309.5362
1778547960.0,2330.84,2330.84,2328.38,2329.43,189.9428
1778548020.0,2329.44,2329.44,2328.84,2328.84,63.4309
1778548080.0,2328.85,2328.85,2327.21,2327.32,194.1797
1778548140.0,2327.33,2328.52,2326.68,2328.51,290.0919
1778548200.0,2328.51,2328.51,2327.49,2327.62,94.2489
1778548260.0,2327.63,2327.97,2326.99,2327.44,116.7523
1778548320.0,2327.44,2327.93,2327.04,2327.04,80.1617
1778548380.0,2327.04,2327.04,2326.0,2326.23,146.8853
1778548440.0,2326.24,2326.57,2325.89,2325.89,108.543
1778548500.0,2325.9,2326.27,2325.01,2326.26,118.1228
1778548560.0,2326.27,2326.27,2320.93,2323.43,865.31
1778548620.0,2323.42,2324.66,2322.91,2324.61,187.2077
1778548680.0,2324.61,2324.94,2324.38,2324.7,105.1422
1778548740.0,2324.7,2325.78,2324.69,2325.26,104.0226
1778548800.0,2325.25,2325.66,2324.02,2324.29,114.2105
1778548860.0,2324.3,2324.3,2321.0,2321.71,257.7021
1778548920.0,2321.72,2321.9,2319.03,2320.98,550.8556
1778548980.0,2320.98,2322.57,2320.08,2322.57,223.7108
1778549040.0,2322.56,2325.63,2322.35,2325.63,223.4595
1778549100.0,2325.62,2327.36,2325.61,2326.43,251.3974
1778549160.0,2326.43,2326.43,2324.27,2324.27,50.0118
1778549220.0,2324.27,2325.02,2323.22,2323.39,141.5757
1778549280.0,2323.39,2323.7,2322.68,2323.25,87.112
1778549340.0,2323.26,2324.34,2323.26,2323.67,79.4415
1778549400.0,2323.67,2323.67,2321.7,2322.82,283.6311
1778549460.0,2322.82,2323.72,2322.81,2323.38,155.7301
1778549520.0,2323.37,2323.62,2322.93,2323.0,78.5762
1778549580.0,2322.99,2322.99,2320.88,2320.94,227.9449
1778549640.0,2320.93,2320.93,2314.32,2315.61,1447.4262
1778549700.0,2315.61,2316.87,2312.75,2314.44,944.0244
1778549760.0,2314.44,2314.61,2312.17,2313.93,376.9133
1778549820.0,2313.93,2314.07,2310.79,2311.77,440.2252
1778549880.0,2311.78,2311.87,2307.53,2307.64,2295.7824
1778549940.0,2307.64,2308.39,2302.15,2304.23,3591.7745
1778550000.0,2304.24,2305.57,2302.45,2304.01,739.2707
1778550060.0,2304.02,2304.02,2295.01,2299.87,3966.6617
1778550120.0,2299.87,2303.83,2299.07,2303.81,901.4444
1778550180.0,2303.81,2306.49,2301.36,2306.48,681.5252
1778550240.0,2306.49,2308.9,2305.73,2308.64,541.5006
1778550300.0,2308.64,2308.64,2306.73,2308.34,601.8909
1778550360.0,2308.34,2308.84,2307.2,2308.83,344.3633
1778550420.0,2308.84,2309.97,2308.63,2309.96,251.3963
1778550480.0,2309.97,2311.31,2309.69,2311.1,814.5498
1778550540.0,2311.1,2313.0,2311.07,2312.99,290.871
1778550600.0,2312.99,2314.74,2312.98,2313.59,262.9049
1778550660.0,2313.59,2315.89,2313.59,2315.23,337.4943
1778550720.0,2315.23,2315.48,2314.2,2314.21,271.0622
1778550780.0,2314.21,2314.6,2313.1,2313.61,532.6038
1778550840.0,2313.6,2314.18,2312.5,2312.5,178.9869
1778550900.0,2312.49,2312.55,2311.6,2311.86,227.8659
1778550960.0,2311.86,2313.1,2311.86,2313.1,185.977
1778551020.0,2313.09,2313.66,2310.73,2311.28,229.7758
1778551080.0,2311.29,2311.98,2310.95,2311.65,172.7596
1778551140.0,2311.65,2311.83,2310.01,2311.41,280.8926
1778551200.0,2311.4,2312.64,2309.37,2312.64,381.8542
1778551260.0,2312.64,2313.95,2312.44,2313.95,128.5101
1778551320.0,2313.94,2314.84,2313.94,2314.51,125.4499
1778551380.0,2314.5,2314.5,2313.0,2313.22,414.9067
1778551440.0,2313.22,2314.91,2313.22,2314.82,110.544
1778551500.0,2314.82,2315.68,2314.82,2315.16,144.6275
1778551560.0,2315.16,2315.89,2314.38,2315.89,151.7267
1778551620.0,2315.88,2316.64,2315.5,2316.16,176.136
1778551680.0,2316.16,2316.46,2315.99,2316.0,117.2706
1778551740.0,2316.0,2316.0,2314.93,2315.04,75.4006
1778551800.0,2315.05,2317.0,2315.05,2317.0,113.6038
1778551860.0,2317.0,2317.0,2316.09,2316.1,28.5649
1778551920.0,2316.11,2317.0,2316.1,2317.0,174.9587
1778551980.0,2316.99,2317.0,2315.55,2315.81,85.8292
1778552040.0,2315.8,2316.74,2315.8,2315.81,73.8488
1778552100.0,2315.8,2315.81,2314.11,2314.21,89.4417
1778552160.0,2314.21,2314.21,2311.96,2311.96,203.7449
1778552220.0,2311.97,2312.75,2311.0,2312.75,147.5807
1778552280.0,2312.74,2312.75,2311.04,2311.18,144.7595
1778552340.0,2311.19,2311.48,2308.36,2308.37,348.2768
1778552400.0,2308.37,2309.79,2307.2,2309.79,349.81
1778552460.0,2309.79,2312.75,2309.79,2312.75,117.2064
1778552520.0,2312.74,2313.37,2312.55,2312.65,190.1401
1778552580.0,2312.66,2313.84,2312.65,2313.84,57.8574
1778552640.0,2313.83,2314.06,2313.38,2313.38,35.7024
1778552700.0,2313.38,2314.64,2313.38,2313.82,83.8378
1778552760.0,2313.81,2313.95,2312.51,2313.1,762.2582
1778552820.0,2313.1,2313.68,2312.96,2313.23,415.3243
1778552880.0,2313.23,2314.96,2312.98,2314.96,198.4228
1778552940.0,2314.96,2315.07,2314.48,2314.84,284.6859
1778553000.0,2314.84,2315.07,2313.32,2313.33,115.9752
1778553060.0,2313.33,2313.33,2312.02,2312.21,137.6139
1778553120.0,2312.22,2313.66,2312.21,2313.66,70.0436
1778553180.0,2313.66,2313.66,2312.55,2313.0,154.6144
1778553240.0,2313.0,2313.0,2311.07,2311.07,256.485
1778553300.0,2311.07,2311.07,2308.0,2310.73,354.5124
1778553360.0,2310.73,2311.11,2310.22,2311.09,146.4655
1778553420.0,2311.09,2311.16,2310.25,2310.25,66.0001
1778553480.0,2310.26,2310.42,2309.15,2309.48,118.8394
1778553540.0,2309.47,2310.03,2309.44,2309.48,48.6561
1778553600.0,2309.47,2310.04,2309.47,2310.04,48.3774
1778553660.0,2310.04,2310.46,2309.85,2310.01,35.2299
1778553720.0,2310.01,2310.92,2310.01,2310.82,59.9524
1778553780.0,2310.82,2311.37,2310.81,2311.37,42.42
1778553840.0,2311.36,2311.52,2310.0,2310.0,117.8767
1778553900.0,2310.01,2312.13,2310.01,2311.32,62.9665
1778553960.0,2311.32,2311.61,2310.98,2311.09,48.0759
1778554020.0,2311.08,2311.15,2310.6,2310.61,77.5994
1778554080.0,2310.61,2311.0,2310.18,2311.0,53.7398
1778554140.0,2311.0,2311.14,2310.55,2311.14,37.8506
1778554200.0,2311.14,2313.68,2311.13,2313.38,180.0679
1778554260.0,2313.38,2313.87,2312.78,2313.87,48.2023
1778554320.0,2313.87,2315.3,2313.87,2315.3,96.3777
1778554380.0,2315.29,2315.66,2314.5,2314.5,56.2018
1778554440.0,2314.5,2315.44,2314.49,2315.44,36.728
1778554500.0,2315.44,2315.45,2314.41,2314.42,52.1912
1778554560.0,2314.42,2315.02,2314.34,2314.36,142.631
1778554620.0,2314.36,2315.18,2314.36,2315.15,70.4655
1778554680.0,2315.16,2315.33,2315.03,2315.07,110.5267
1778554740.0,2315.07,2315.89,2315.01,2315.89,137.2301
1778554800.0,2315.89,2316.0,2315.39,2315.99,129.3923
1778554860.0,2316.0,2316.94,2315.99,2316.72,147.0121
1778554920.0,2316.72,2316.72,2315.46,2316.34,110.8644
1778554980.0,2316.33,2316.52,2315.8,2315.82,128.3128
1778555040.0,2315.82,2315.9,2314.63,2315.12,177.757
1778555100.0,2315.11,2315.12,2313.87,2314.84,204.1664
1778555160.0,2314.83,2315.8,2314.83,2315.79,123.6935
1778555220.0,2315.8,2317.31,2315.71,2317.31,59.97
1778555280.0,2317.3,2317.3,2316.26,2316.27,64.1281
1778555340.0,2316.27,2316.78,2316.26,2316.29,33.21
1778555400.0,2316.29,2316.32,2315.48,2315.49,46.5886
1778555460.0,2315.48,2315.48,2314.41,2314.42,86.6296
1778555520.0,2314.41,2314.41,2312.12,2312.12,220.0295
1778555580.0,2312.13,2312.13,2311.6,2312.09,79.5923
1778555640.0,2312.09,2313.24,2312.09,2313.24,23.6948
1778555700.0,2313.24,2313.24,2312.21,2312.21,86.3103
1778555760.0,2312.22,2313.59,2312.21,2313.59,98.3106
1778555820.0,2313.59,2313.73,2313.45,2313.52,40.0518
1778555880.0,2313.52,2313.52,2312.49,2312.5,48.1671
1778555940.0,2312.49,2313.09,2312.49,2312.71,35.5539
1778556000.0,2312.71,2312.71,2311.9,2312.2,77.7995
1778556060.0,2312.21,2313.12,2312.19,2312.6,68.0004
1778556120.0,2312.6,2312.6,2312.04,2312.07,74.3701
1778556180.0,2312.07,2312.61,2310.64,2310.64,205.6134
1778556240.0,2310.65,2312.29,2310.64,2312.21,70.4255
1778556300.0,2312.21,2312.22,2311.8,2311.82,87.9901
1778556360.0,2311.81,2312.13,2311.81,2312.13,175.8982
1778556420.0,2312.13,2312.13,2311.11,2311.35,78.1039
1778556480.0,2311.34,2312.02,2311.34,2312.02,26.2559
1778556540.0,2312.01,2312.02,2311.54,2311.57,59.1276
1778556600.0,2311.57,2312.61,2311.57,2312.17,88.7609
1778556660.0,2312.16,2312.6,2312.05,2312.6,21.2695
1778556720.0,2312.59,2312.89,2312.2,2312.64,47.6762
1778556780.0,2312.63,2312.63,2312.18,2312.19,28.3283
1778556840.0,2312.19,2312.8,2312.19,2312.3,55.7113
1778556900.0,2312.3,2312.3,2311.53,2311.54,60.3277
1778556960.0,2311.55,2313.01,2311.54,2313.0,79.5598
1778557020.0,2313.0,2313.79,2312.7,2313.6,93.5422
1778557080.0,2313.59,2313.59,2312.25,2312.99,142.8161
1778557140.0,2313.0,2313.0,2311.99,2312.14,129.4333
1778557200.0,2312.15,2312.6,2312.14,2312.59,59.3115
1778557260.0,2312.6,2312.6,2311.83,2312.43,74.9744
1778557320.0,2312.44,2313.24,2312.43,2313.0,62.0397
1778557380.0,2313.0,2313.16,2312.7,2313.16,43.623
1778557440.0,2313.15,2313.46,2312.51,2313.13,118.2463
1778557500.0,2313.13,2313.13,2311.13,2311.38,114.8457
1778557560.0,2311.37,2311.37,2309.09,2309.1,240.6757
1778557620.0,2309.09,2309.6,2308.0,2309.58,189.3351
1778557680.0,2309.58,2311.0,2309.31,2309.72,74.047
1778557740.0,2309.72,2310.28,2309.66,2310.27,83.2033
1778557800.0,2310.27,2310.27,2308.1,2308.58,190.3115
1778557860.0,2308.57,2309.25,2307.2,2309.17,201.8103
1778557920.0,2309.16,2309.16,2308.57,2309.07,94.5975
1778557980.0,2309.08,2309.69,2309.07,2309.69,23.781
1778558040.0,2309.69,2309.69,2308.8,2308.81,69.3999
1778558100.0,2308.8,2308.81,2308.67,2308.67,11.1562
1778558160.0,2308.67,2308.68,2307.85,2308.3,166.9241
1778558220.0,2308.3,2308.42,2307.69,2307.71,65.2669
1778558280.0,2307.71,2309.32,2307.71,2309.32,112.6378
1778558340.0,2309.32,2309.9,2308.99,2309.37,131.4165
1778558400.0,2309.36,2309.36,2308.26,2308.8,64.0692
1778558460.0,2308.8,2309.67,2308.8,2309.01,91.2242
1778558520.0,2309.01,2309.65,2309.0,2309.64,46.6308
1778558580.0,2309.64,2309.65,2308.44,2308.68,71.8508
1778558640.0,2308.67,2308.81,2307.78,2308.32,75.6119
1778558700.0,2308.32,2308.67,2307.73,2308.31,112.5058
1778558760.0,2308.32,2309.0,2308.31,2308.95,46.1971
1778558820.0,2308.94,2309.74,2308.57,2309.47,44.563
1778558880.0,2309.47,2309.47,2308.95,2309.3,61.3346
1778558940.0,2309.31,2309.67,2308.56,2308.8,65.6511
1778559000.0,2308.8,2309.0,2308.59,2308.99,21.2916
1778559060.0,2308.99,2309.0,2307.56,2307.56,104.4326
1778559120.0,2307.57,2308.68,2307.32,2307.54,214.2113
1778559180.0,2307.54,2307.61,2307.22,2307.59,148.5325
1778559240.0,2307.6,2307.99,2306.88,2306.91,231.2389
1778559300.0,2306.91,2309.63,2305.65,2309.63,438.7294
1778559360.0,2309.62,2311.0,2309.4,2310.75,218.2285
1778559420.0,2310.75,2311.41,2310.72,2311.24,183.3027
1778559480.0,2311.24,2311.25,2310.34,2310.34,68.0212
1778559540.0,2310.35,2311.33,2310.34,2311.12,35.4082
1778559600.0,2311.12,2311.41,2310.8,2311.41,18.653
1778559660.0,2311.4,2311.89,2311.4,2311.55,61.2359
1778559720.0,2311.55,2312.22,2311.54,2312.21,60.314
1778559780.0,2312.22,2312.22,2311.43,2311.44,78.5145
1778559840.0,2311.43,2311.92,2311.0,2311.72,63.7216
1778559900.0,2311.71,2312.11,2311.53,2311.9,42.5276
1778559960.0,2311.9,2312.22,2311.45,2312.22,218.2661
1778560020.0,2312.22,2312.67,2311.83,2312.06,54.3457
1778560080.0,2312.07,2312.31,2312.06,2312.31,33.2654
1778560140.0,2312.31,2312.31,2312.07,2312.08,51.9385
1778560200.0,2312.08,2312.41,2311.83,2312.41,129.6586
1778560260.0,2312.4,2312.66,2311.98,2312.27,26.1964
1778560320.0,2312.27,2312.74,2312.27,2312.58,52.3493
1778560380.0,2312.58,2312.59,2312.57,2312.58,40.8622
1778560440.0,2312.59,2312.59,2311.83,2312.2,69.2714
1778560500.0,2312.19,2312.36,2311.93,2312.36,35.0152
1778560560.0,2312.36,2313.18,2312.36,2313.16,32.1791
1778560620.0,2313.15,2313.16,2312.62,2312.62,44.3471
1778560680.0,2312.63,2312.65,2312.63,2312.63,326.6806
1778560740.0,2312.63,2313.55,2312.63,2313.55,61.2912
1778560800.0,2313.55,2314.06,2313.54,2313.59,151.2871
1778560860.0,2313.59,2313.59,2313.17,2313.17,100.0822
1778560920.0,2313.17,2313.17,2312.76,2312.78,43.748
1778560980.0,2312.78,2312.78,2312.09,2312.09,150.4345
1778561040.0,2312.1,2312.1,2311.83,2311.85,50.7434
1778561100.0,2311.85,2313.35,2311.85,2313.35,27.0676
1778561160.0,2313.34,2313.85,2313.34,2313.44,57.639
1778561220.0,2313.44,2314.02,2313.44,2314.02,22.7714
1778561280.0,2314.02,2314.49,2314.01,2314.23,25.5873
1778561340.0,2314.23,2314.23,2313.52,2313.75,48.183
1778561400.0,2313.76,2313.76,2312.99,2313.0,53.892
1778561460.0,2312.99,2312.99,2312.06,2312.36,172.9927
1778561520.0,2312.35,2312.35,2310.6,2310.7,202.1823
1778561580.0,2310.71,2310.71,2310.01,2310.5,131.5017
1778561640.0,2310.51,2311.27,2310.51,2311.27,44.3962
1778561700.0,2311.27,2311.81,2310.87,2311.8,29.6931
1778561760.0,2311.8,2311.81,2311.02,2311.3,50.8196
1778561820.0,2311.31,2312.05,2311.31,2311.63,49.7604
1778561880.0,2311.62,2311.63,2310.93,2311.63,57.743
1778561940.0,2311.63,2311.63,2310.91,2310.92,30.3178
1778562000.0,2310.92,2311.27,2310.6,2311.27,116.8279
1778562060.0,2311.27,2311.99,2311.26,2311.97,53.94
1778562120.0,2311.97,2311.97,2311.75,2311.96,22.0151
1778562180.0,2311.95,2312.0,2311.69,2312.0,203.5478
1778562240.0,2311.99,2312.64,2311.81,2312.63,406.5551
1778562300.0,2312.64,2313.23,2312.64,2312.91,25.6734
1778562360.0,2312.91,2313.22,2312.17,2312.36,325.4772
1778562420.0,2312.36,2312.36,2311.62,2311.63,56.078
1778562480.0,2311.63,2311.78,2311.14,2311.77,40.3475
1778562540.0,2311.77,2312.12,2310.95,2310.95,59.0887
1778562600.0,2310.96,2311.27,2310.96,2311.22,37.2573
1778562660.0,2311.21,2311.22,2310.68,2310.69,46.3086
1778562720.0,2310.69,2310.69,2309.8,2309.8,451.2226
1778562780.0,2309.81,2310.41,2309.74,2310.41,24.2046
1778562840.0,2310.4,2311.01,2310.2,2311.01,33.4409
1778562900.0,2311.01,2311.63,2311.0,2311.31,21.2528
1778562960.0,2311.31,2311.32,2310.76,2310.87,59.6056
1778563020.0,2310.88,2311.24,2310.88,2311.23,8.209
1778563080.0,2311.24,2312.0,2311.23,2312.0,16.4185
1778563140.0,2312.0,2312.43,2311.18,2311.28,201.5024
1778563200.0,2311.29,2312.69,2311.28,2312.49,57.0621
1778563260.0,2312.5,2312.5,2312.02,2312.31,41.6079
1778563320.0,2312.31,2312.77,2312.31,2312.77,20.9675
1778563380.0,2312.76,2312.93,2312.61,2312.78,57.9615
1778563440.0,2312.79,2313.0,2312.5,2312.5,31.6358
1778563500.0,2312.51,2312.56,2312.35,2312.56,43.3236
1778563560.0,2312.57,2313.85,2312.57,2313.64,280.6471
1778563620.0,2313.64,2313.67,2313.35,2313.35,44.0161
1778563680.0,2313.35,2313.36,2313.02,2313.03,34.94
1778563740.0,2313.03,2313.07,2313.02,2313.07,7.9008
1778563800.0,2313.06,2313.89,2313.06,2313.36,28.9411
1778563860.0,2313.36,2314.08,2313.36,2314.07,30.4033
1778563920.0,2314.07,2314.08,2313.08,2313.09,35.9144
1778563980.0,2313.09,2313.09,2312.18,2312.53,54.1034
1778564040.0,2312.53,2312.53,2309.86,2310.08,618.8123
1778564100.0,2310.07,2311.01,2310.07,2311.01,38.0785
1778564160.0,2311.01,2311.07,2311.01,2311.02,11.9669
1778564220.0,2311.02,2311.74,2311.01,2311.55,254.2634
1778564280.0,2311.55,2311.61,2311.15,2311.61,50.2433
1778564340.0,2311.61,2313.14,2311.49,2312.89,44.4657
1778564400.0,2312.89,2312.89,2312.19,2312.21,36.5012
1778564460.0,2312.2,2312.75,2312.02,2312.75,31.6477
1778564520.0,2312.75,2312.94,2312.73,2312.94,21.4771
1778564580.0,2312.94,2313.69,2312.94,2313.69,23.319
1778564640.0,2313.69,2313.69,2312.26,2312.27,228.2685
1778564700.0,2312.27,2312.95,2312.27,2312.57,166.0654
1778564760.0,2312.57,2312.57,2312.0,2312.01,166.0668
1778564820.0,2312.0,2312.41,2311.68,2312.34,236.6464
1778564880.0,2312.33,2312.62,2312.09,2312.52,422.5697
1778564940.0,2312.51,2312.69,2312.41,2312.69,29.548
1778565000.0,2312.7,2312.82,2311.6,2311.6,97.1792
1778565060.0,2311.6,2311.82,2311.16,2311.81,56.7154
1778565120.0,2311.82,2311.82,2311.53,2311.53,52.6702
1778565180.0,2311.54,2312.33,2311.53,2312.33,17.0816
1778565240.0,2312.34,2312.34,2311.82,2311.83,39.8525
1778565300.0,2311.83,2312.8,2311.83,2312.79,80.5406
1778565360.0,2312.8,2313.07,2312.12,2312.12,104.4183
1778565420.0,2312.13,2312.13,2311.89,2311.9,129.673
1778565480.0,2311.9,2311.9,2311.16,2311.16,99.8905
1778565540.0,2311.16,2311.17,2310.12,2310.12,123.5271
1778565600.0,2310.13,2310.13,2308.69,2309.86,621.7673
1778565660.0,2309.86,2311.02,2309.71,2311.02,61.1561
1778565720.0,2311.01,2311.49,2311.01,2311.2,84.1268
1778565780.0,2311.21,2311.49,2311.09,2311.09,36.1931
1778565840.0,2311.1,2311.29,2311.0,2311.01,56.6003
1778565900.0,2311.01,2311.26,2310.34,2310.34,49.4836
1778565960.0,2310.34,2311.0,2310.01,2310.99,50.2673
1778566020.0,2311.0,2311.0,2310.24,2310.99,64.1443
1778566080.0,2311.0,2311.12,2310.15,2310.15,157.5201
1778566140.0,2310.16,2311.12,2310.16,2311.11,27.6373
1778566200.0,2311.11,2311.42,2311.11,2311.41,130.6563
1778566260.0,2311.42,2311.5,2311.22,2311.22,39.9962
1778566320.0,2311.23,2311.69,2311.22,2311.68,11.2807
1778566380.0,2311.68,2311.69,2311.24,2311.51,72.7033
1778566440.0,2311.5,2311.99,2311.5,2311.92,18.4117
1778566500.0,2311.91,2312.75,2311.85,2312.5,195.2462
1778566560.0,2312.51,2312.61,2312.36,2312.6,23.356
1778566620.0,2312.61,2313.84,2312.6,2313.83,256.1569
1778566680.0,2313.83,2313.83,2313.25,2313.34,73.5716
1778566740.0,2313.34,2313.34,2312.6,2312.61,124.3956
1778566800.0,2312.6,2312.82,2312.6,2312.72,27.2327
1778566860.0,2312.72,2313.27,2312.14,2313.27,267.6722
1778566920.0,2313.27,2313.62,2312.72,2313.21,116.8141
1778566980.0,2313.2,2313.21,2312.5,2312.5,22.2384
1778567040.0,2312.51,2312.88,2312.0,2312.55,144.2389
1778567100.0,2312.54,2313.26,2312.54,2313.26,28.2683
1778567160.0,2313.26,2313.5,2313.0,2313.01,62.9609
1778567220.0,2313.0,2313.0,2311.4,2311.41,77.9988
1778567280.0,2311.4,2311.41,2311.28,2311.28,31.2548
1778567340.0,2311.28,2311.28,2310.33,2310.43,246.1257
1778567400.0,2310.44,2310.77,2309.4,2309.4,131.1521
1778567460.0,2309.4,2310.5,2308.09,2308.61,220.0448
1778567520.0,2308.62,2309.26,2308.3,2308.96,81.4925
1778567580.0,2308.96,2308.96,2306.98,2306.98,488.8726
1778567640.0,2306.98,2308.26,2306.98,2308.26,148.2714
1778567700.0,2308.26,2309.16,2308.25,2309.16,70.8219
1778567760.0,2309.15,2309.16,2308.22,2308.32,92.5329
1778567820.0,2308.32,2308.79,2307.62,2307.62,99.7224
1778567880.0,2307.62,2307.66,2307.1,2307.11,109.8396
1778567940.0,2307.1,2307.11,2306.13,2306.57,211.3518
1778568000.0,2306.58,2307.88,2306.57,2307.85,73.2217
1778568060.0,2307.86,2307.86,2306.87,2306.93,84.1675
1778568120.0,2306.93,2306.94,2306.36,2306.37,162.229
1778568180.0,2306.36,2306.57,2306.36,2306.47,19.7806
1778568240.0,2306.47,2306.79,2306.38,2306.61,70.5402
1778568300.0,2306.6,2306.96,2306.6,2306.96,27.8284
1778568360.0,2306.96,2308.22,2306.96,2307.64,46.2191
1778568420.0,2307.63,2308.1,2307.63,2308.1,22.4544
1778568480.0,2308.1,2308.1,2307.37,2307.84,156.2442
1778568540.0,2307.83,2307.83,2307.22,2307.22,62.1119
1778568600.0,2307.22,2307.22,2305.81,2306.0,171.5117
1778568660.0,2305.99,2306.0,2302.63,2302.97,1026.9457
1778568720.0,2302.97,2303.68,2302.75,2303.68,221.7424
1778568780.0,2303.68,2304.45,2303.68,2304.11,67.6726
1778568840.0,2304.11,2304.37,2304.0,2304.0,82.814
1778568900.0,2304.0,2304.0,2303.3,2303.7,114.8175
1778568960.0,2303.71,2304.24,2303.01,2304.09,461.0338
1778569020.0,2304.09,2304.09,2303.0,2303.51,87.8575
1778569080.0,2303.51,2304.35,2303.5,2304.19,278.4583
1778569140.0,2304.19,2304.19,2303.6,2303.89,37.7855
1778569200.0,2303.9,2303.93,2303.3,2303.3,185.2155
1778569260.0,2303.31,2303.73,2303.13,2303.13,102.4728
1778569320.0,2303.14,2303.36,2296.49,2297.9,2073.6821
1778569380.0,2297.91,2299.22,2297.06,2297.66,380.0307
1778569440.0,2297.66,2298.2,2297.25,2297.79,400.9109
1778569500.0,2297.8,2298.01,2296.66,2296.82,292.9626
1778569560.0,2296.82,2298.77,2295.15,2298.57,1279.2189
1778569620.0,2298.56,2298.57,2296.98,2297.45,370.6673
1778569680.0,2297.45,2299.9,2297.44,2299.9,188.2648
1778569740.0,2299.89,2299.93,2299.31,2299.93,212.73
1778569800.0,2299.93,2299.93,2299.39,2299.7,120.6094
1778569860.0,2299.69,2302.79,2299.69,2302.79,253.4624
1778569920.0,2302.78,2304.57,2302.54,2304.57,180.9814
1778569980.0,2304.57,2304.82,2304.0,2304.0,98.0631
1778570040.0,2304.0,2304.01,2303.05,2303.39,124.7943
1778570100.0,2303.4,2303.56,2299.04,2302.08,538.6932
1778570160.0,2302.08,2303.04,2302.08,2303.03,41.7053
1778570220.0,2303.04,2303.25,2301.55,2301.55,132.5991
1778570280.0,2301.56,2302.11,2301.32,2301.37,56.1116
1778570340.0,2301.38,2302.93,2301.38,2302.92,65.5319
1778570400.0,2302.93,2303.04,2302.7,2302.93,92.3791
1778570460.0,2302.93,2302.93,2302.17,2302.22,170.5039
1778570520.0,2302.22,2302.45,2301.97,2302.45,84.2735
1778570580.0,2302.44,2303.17,2302.04,2303.09,89.9003
1778570640.0,2303.09,2304.06,2303.08,2303.86,71.7812
1778570700.0,2303.87,2304.2,2303.43,2303.43,80.5818
1778570760.0,2303.44,2303.44,2303.0,2303.02,84.6363
1778570820.0,2303.03,2303.03,2302.31,2302.38,119.7201
1778570880.0,2302.38,2302.38,2300.97,2300.98,116.929
1778570940.0,2300.97,2301.11,2300.36,2300.87,96.6032
1778571000.0,2300.88,2301.19,2300.0,2301.14,200.3366
1778571060.0,2301.14,2301.39,2301.11,2301.39,72.6473
1778571120.0,2301.39,2301.7,2300.88,2300.89,113.4645
1778571180.0,2300.89,2301.7,2300.75,2300.92,89.3303
1778571240.0,2300.92,2300.92,2300.66,2300.66,89.6059
1778571300.0,2300.67,2300.67,2299.43,2299.43,209.3121
1778571360.0,2299.44,2299.44,2298.7,2299.09,182.0776
1778571420.0,2299.09,2300.27,2299.08,2300.06,137.3278
1778571480.0,2300.06,2300.36,2299.55,2299.56,127.4349
1778571540.0,2299.56,2299.77,2298.9,2299.56,185.5246
1778571600.0,2299.56,2299.71,2299.4,2299.71,109.9009
1778571660.0,2299.71,2300.13,2298.85,2299.18,230.6523
1778571720.0,2299.18,2299.53,2299.17,2299.53,51.9088
1778571780.0,2299.53,2299.53,2298.0,2298.0,337.7826
1778571840.0,2298.01,2298.47,2296.95,2296.96,259.7586
1778571900.0,2296.96,2298.94,2296.91,2297.35,336.8089
1778571960.0,2297.36,2297.36,2295.4,2295.92,370.7864
1778572020.0,2295.92,2297.14,2295.1,2297.14,440.8099
1778572080.0,2297.14,2297.14,2291.63,2294.45,1200.6566
1778572140.0,2294.45,2297.31,2293.72,2297.12,427.1172
1778572200.0,2297.13,2298.77,2296.68,2298.77,272.6273
1778572260.0,2298.77,2299.55,2298.77,2299.29,207.3984
1778572320.0,2299.3,2299.74,2298.64,2299.69,162.5881
1778572380.0,2299.69,2299.73,2298.94,2298.94,151.7287
1778572440.0,2298.94,2300.1,2298.48,2299.88,331.3239
1778572500.0,2299.89,2299.9,2299.17,2299.17,314.1003
1778572560.0,2299.18,2299.18,2298.99,2298.99,174.4975
1778572620.0,2299.0,2299.54,2298.99,2299.04,316.2004
1778572680.0,2299.05,2299.05,2296.0,2296.01,301.1612
1778572740.0,2296.01,2296.11,2295.2,2295.2,257.4169
1778572800.0,2295.2,2295.21,2290.79,2294.52,1466.0959
1778572860.0,2294.53,2296.27,2293.05,2293.06,691.5872
1778572920.0,2293.06,2293.83,2291.53,2293.2,527.3285
1778572980.0,2293.2,2293.2,2290.86,2292.71,389.1936
1778573040.0,2292.71,2292.72,2290.58,2290.59,366.4359
1778573100.0,2290.59,2291.55,2288.0,2290.32,2029.1357
1778573160.0,2290.31,2290.32,2288.31,2288.72,697.8802
1778573220.0,2288.71,2290.34,2288.71,2290.34,149.225
1778573280.0,2290.33,2290.54,2289.48,2289.74,251.0157
1778573340.0,2289.75,2290.93,2289.56,2290.29,198.3981
1778573400.0,2290.3,2290.3,2288.49,2288.73,354.4763
1778573460.0,2288.73,2289.0,2288.08,2288.93,442.389
1778573520.0,2288.94,2288.94,2285.0,2286.84,1691.9138
1778573580.0,2286.83,2286.84,2285.19,2285.97,422.5451
1778573640.0,2285.97,2286.46,2285.01,2285.01,850.1778
1778573700.0,2285.02,2285.16,2280.0,2284.64,2781.3937
1778573760.0,2284.63,2285.16,2283.44,2284.7,494.4066
1778573820.0,2284.7,2285.64,2284.52,2284.6,440.7196
1778573880.0,2284.6,2286.11,2284.31,2286.11,288.7786
1778573940.0,2286.11,2286.83,2286.1,2286.68,222.6003
1778574000.0,2286.69,2286.84,2285.76,2286.51,417.9888
1778574060.0,2286.52,2286.86,2285.76,2286.2,177.094
1778574120.0,2286.21,2287.01,2285.57,2287.01,184.0383
1778574180.0,2287.01,2288.71,2287.0,2288.71,346.3265
1778574240.0,2288.71,2288.85,2286.6,2286.61,227.3493
1778574300.0,2286.61,2286.61,2285.01,2285.01,317.4549
1778574360.0,2285.01,2287.33,2285.01,2286.95,291.5186
1778574420.0,2286.95,2287.62,2286.93,2287.12,175.966
1778574480.0,2287.13,2287.7,2286.51,2287.7,242.739
1778574540.0,2287.7,2287.7,2287.45,2287.64,84.0084
1778574600.0,2287.65,2287.9,2287.4,2287.61,209.5271
1778574660.0,2287.61,2288.77,2287.6,2288.77,51.6733
1778574720.0,2288.77,2289.09,2288.43,2288.82,300.6975
1778574780.0,2288.82,2289.7,2288.81,2289.33,197.5307
1778574840.0,2289.34,2289.82,2288.72,2289.82,194.5577
1778574900.0,2289.82,2290.35,2289.81,2290.35,105.1368
1778574960.0,2290.35,2292.34,2290.35,2291.7,243.9773
1778575020.0,2291.69,2291.69,2290.95,2291.34,215.3902
1778575080.0,2291.34,2291.42,2291.23,2291.34,91.4203
1778575140.0,2291.34,2291.69,2290.88,2291.63,248.0354
1778575200.0,2291.63,2291.63,2290.7,2291.16,458.2896
1778575260.0,2291.15,2291.16,2290.0,2290.02,255.5952
1778575320.0,2290.02,2290.36,2290.01,2290.36,62.6544
1778575380.0,2290.35,2291.65,2290.35,2291.65,303.4227
1778575440.0,2291.65,2292.22,2291.31,2292.19,321.7273
1778575500.0,2292.2,2292.72,2291.55,2292.42,264.2204
1778575560.0,2292.43,2292.43,2291.33,2291.33,130.2195
1778575620.0,2291.33,2291.34,2290.2,2290.2,154.0954
1778575680.0,2290.2,2291.04,2290.2,2290.76,97.8859
1778575740.0,2290.75,2290.75,2289.5,2289.88,193.9783
1778575800.0,2289.87,2290.05,2289.65,2290.05,76.5935
1778575860.0,2290.05,2290.96,2290.04,2290.95,93.2103
1778575920.0,2290.95,2290.95,2289.89,2289.9,123.4528
1778575980.0,2289.9,2289.9,2286.62,2286.73,966.8964
1778576040.0,2286.73,2287.87,2286.21,2286.79,1327.8429
1778576100.0,2286.78,2286.87,2286.18,2286.36,175.0166
1778576160.0,2286.36,2286.86,2285.99,2286.0,149.5366
1778576220.0,2286.0,2286.77,2285.99,2286.77,1335.0008
1778576280.0,2286.77,2288.17,2286.76,2287.76,117.7883
1778576340.0,2287.77,2288.59,2287.76,2288.01,114.878
1778576400.0,2288.0,2288.0,2286.7,2286.71,352.1204
1778576460.0,2286.71,2287.05,2286.57,2286.79,119.5796
1778576520.0,2286.78,2288.18,2286.78,2288.18,113.3087
1778576580.0,2288.18,2288.93,2288.18,2288.89,72.6638
1778576640.0,2288.9,2288.9,2288.0,2288.67,144.607
1778576700.0,2288.67,2288.67,2285.99,2286.11,116.523
1778576760.0,2286.11,2286.52,2285.34,2285.62,297.7602
1778576820.0,2285.62,2285.69,2283.24,2285.0,301.4085
1778576880.0,2285.01,2285.21,2283.94,2284.46,2004.7214
1778576940.0,2284.45,2285.41,2284.01,2284.82,144.2547
1778577000.0,2284.83,2285.54,2284.82,2285.53,90.1204
1778577060.0,2285.52,2286.61,2285.34,2286.02,231.8796
1778577120.0,2286.02,2286.21,2285.03,2285.04,123.5059
1778577180.0,2285.04,2285.04,2284.0,2284.01,105.7983
1778577240.0,2284.0,2284.45,2283.83,2284.05,204.0971
1778577300.0,2284.05,2284.35,2283.82,2283.83,65.1362
1778577360.0,2283.83,2284.5,2282.5,2282.65,481.4006
1778577420.0,2282.65,2283.59,2282.44,2283.38,265.8177
1778577480.0,2283.36,2283.46,2282.37,2283.07,452.2264
1778577540.0,2283.06,2283.07,2281.1,2282.15,659.2724
1778577600.0,2282.15,2283.0,2281.88,2282.67,194.5581
1778577660.0,2282.67,2284.06,2282.65,2283.61,148.4654
1778577720.0,2283.6,2283.9,2282.57,2283.9,211.1789
1778577780.0,2283.9,2284.11,2282.77,2282.77,118.1403
1778577840.0,2282.78,2284.61,2282.57,2284.61,101.3647
1778577900.0,2284.61,2284.87,2284.44,2284.87,106.1918
1778577960.0,2284.86,2284.86,2284.19,2284.35,60.0703
1778578020.0,2284.35,2285.0,2284.35,2285.0,46.1231
1778578080.0,2285.0,2285.0,2284.72,2284.72,99.3401
1778578140.0,2284.72,2284.98,2284.61,2284.96,24.0384
1778578200.0,2284.96,2291.47,2284.96,2290.8,493.4676
1778578260.0,2290.79,2291.32,2289.16,2289.45,263.6426
1778578320.0,2289.46,2291.22,2289.46,2291.07,191.1514
1778578380.0,2291.07,2293.09,2290.4,2293.09,199.8334
1778578440.0,2293.09,2293.57,2292.87,2293.57,197.4218
1778578500.0,2293.57,2293.78,2292.75,2293.16,171.506
1778578560.0,2293.15,2293.18,2292.6,2292.96,98.587
1778578620.0,2292.95,2293.25,2291.35,2291.35,153.169
1778578680.0,2291.36,2292.5,2291.36,2292.5,61.6128
1778578740.0,2292.49,2293.24,2292.12,2293.23,58.461
1778578800.0,2293.23,2294.13,2293.23,2293.91,66.7788
1778578860.0,2293.9,2294.13,2293.38,2293.57,303.2129
1778578920.0,2293.57,2294.44,2293.57,2293.81,84.5507
1778578980.0,2293.8,2294.47,2293.38,2294.35,142.7019
1778579040.0,2294.34,2294.57,2293.99,2294.0,75.4916
1778579100.0,2293.99,2295.3,2293.99,2295.0,97.679
1778579160.0,2295.0,2295.0,2291.84,2291.84,158.5687
1778579220.0,2291.85,2292.0,2290.35,2290.8,107.6346
1778579280.0,2290.8,2291.75,2290.79,2291.75,47.2975
1778579340.0,2291.75,2292.88,2291.58,2292.87,75.9435
1778579400.0,2292.87,2292.87,2291.81,2291.82,76.1653
1778579460.0,2291.82,2292.38,2291.82,2292.18,54.005
1778579520.0,2292.17,2292.46,2291.88,2292.3,28.7132
1778579580.0,2292.29,2292.4,2291.66,2291.66,44.8842
1778579640.0,2291.65,2291.65,2290.46,2290.9,51.4807
1778579700.0,2290.91,2291.7,2290.0,2291.51,79.6698
1778579760.0,2291.5,2291.69,2291.47,2291.47,29.263
1778579820.0,2291.47,2291.48,2290.63,2291.3,95.6758
1778579880.0,2291.3,2291.93,2291.3,2291.68,26.1249
1778579940.0,2291.68,2293.02,2291.68,2292.84,110.8906
1778580000.0,2292.84,2292.96,2292.01,2292.7,125.9815
1778580060.0,2292.7,2292.96,2292.69,2292.93,55.0753
1778580120.0,2292.94,2293.81,2292.93,2293.0,126.3062
1778580180.0,2293.0,2293.01,2291.48,2292.31,73.8576
1778580240.0,2292.31,2292.31,2291.59,2291.59,17.7424
1778580300.0,2291.59,2292.65,2291.59,2292.65,106.8872
1778580360.0,2292.64,2292.8,2292.32,2292.33,143.7383
1778580420.0,2292.33,2293.46,2292.33,2293.32,51.7336
1778580480.0,2293.31,2293.32,2292.88,2293.3,46.8879
1778580540.0,2293.31,2293.39,2292.76,2292.78,32.569
1778580600.0,2292.79,2293.29,2292.79,2293.1,25.4455
1778580660.0,2293.1,2293.88,2293.09,2293.29,68.7153
1778580720.0,2293.29,2293.29,2292.71,2292.76,33.4816
1778580780.0,2292.75,2292.76,2292.0,2292.02,62.8268
1778580840.0,2292.02,2292.61,2291.78,2291.78,155.7193
1778580900.0,2291.78,2291.79,2290.84,2290.84,63.373
1778580960.0,2290.84,2290.93,2290.09,2290.45,59.6777
1778581020.0,2290.45,2290.65,2290.09,2290.65,65.4365
1778581080.0,2290.65,2292.58,2290.65,2292.57,58.6794
1778581140.0,2292.58,2292.65,2292.36,2292.65,38.0681
1778581200.0,2292.64,2292.76,2292.29,2292.3,39.9798
1778581260.0,2292.3,2292.3,2291.87,2291.87,38.5268
1778581320.0,2291.88,2291.88,2289.75,2289.76,224.636
1778581380.0,2289.76,2290.07,2288.54,2289.0,211.9846
1778581440.0,2289.0,2290.28,2288.99,2290.28,41.4699
1778581500.0,2290.29,2290.47,2288.72,2289.21,184.6543
1778581560.0,2289.21,2289.21,2288.47,2288.48,127.7177
1778581620.0,2288.48,2289.12,2288.47,2289.12,40.5895
1778581680.0,2289.12,2289.74,2288.95,2288.95,51.2035
1778581740.0,2288.95,2289.25,2288.93,2289.23,39.0294
1778581800.0,2289.24,2290.42,2288.24,2288.25,293.3997
1778581860.0,2288.24,2288.24,2287.32,2287.75,191.8099
1778581920.0,2287.75,2287.75,2286.3,2286.32,166.0724
1778581980.0,2286.32,2286.72,2286.06,2286.33,122.8507
1778582040.0,2286.33,2286.33,2285.58,2285.76,136.5861
1778582100.0,2285.79,2286.52,2285.01,2286.52,136.5906
1778582160.0,2286.52,2286.74,2285.72,2286.74,129.6068
1778582220.0,2286.75,2287.76,2286.38,2287.76,95.312
1778582280.0,2287.77,2287.99,2286.68,2286.94,526.8158
1778582340.0,2286.94,2286.94,2284.25,2284.52,1185.0099
1778582400.0,2284.52,2286.15,2284.51,2286.0,254.1344
1778582460.0,2286.0,2286.68,2285.79,2285.99,1007.6383
1778582520.0,2285.98,2285.98,2284.48,2284.48,746.7627
1778582580.0,2284.47,2285.47,2283.03,2285.47,982.9021
1778582640.0,2285.48,2285.71,2284.99,2284.99,876.7109
1778582700.0,2284.99,2286.08,2284.48,2285.47,786.052
1778582760.0,2285.47,2285.47,2283.99,2284.5,1615.5155
1778582820.0,2284.49,2285.52,2284.47,2284.47,526.6403
1778582880.0,2284.47,2284.47,2284.07,2284.14,339.3867
1778582940.0,2284.15,2284.22,2283.0,2283.01,188.155
1778583000.0,2283.0,2286.03,2281.42,2285.63,727.6991
1778583060.0,2285.63,2285.64,2284.8,2285.64,250.1099
1778583120.0,2285.63,2286.82,2285.63,2286.82,100.3213
1778583180.0,2286.81,2287.05,2286.34,2286.34,83.1615
1778583240.0,2286.34,2286.34,2285.0,2285.62,79.1637
1778583300.0,2285.62,2285.63,2284.4,2284.93,129.7121
1778583360.0,2284.94,2285.76,2284.94,2285.55,64.7312
1778583420.0,2285.55,2286.44,2285.5,2286.0,120.2373
1778583480.0,2286.01,2286.01,2285.95,2285.96,48.9745
1778583540.0,2285.96,2286.2,2285.95,2286.2,92.2258
1778583600.0,2286.21,2286.89,2286.09,2286.47,124.7714
1778583660.0,2286.47,2286.64,2286.1,2286.1,85.2229
1778583720.0,2286.1,2286.1,2284.38,2285.38,167.6694
1778583780.0,2285.39,2287.09,2284.88,2287.09,103.5934
1778583840.0,2287.08,2287.08,2286.36,2286.37,33.4073
1778583900.0,2286.36,2286.36,2282.35,2282.36,329.7259
1778583960.0,2282.36,2283.25,2282.36,2282.62,638.1282
1778584020.0,2282.61,2283.09,2280.64,2280.66,526.0225
1778584080.0,2280.66,2284.47,2278.57,2284.11,1651.845
1778584140.0,2284.11,2284.84,2283.73,2284.14,173.6904
1778584200.0,2284.15,2286.92,2283.28,2283.28,488.3122
1778584260.0,2283.28,2283.83,2282.92,2283.66,33.0501
1778584320.0,2283.65,2283.65,2282.13,2282.3,113.8334
1778584380.0,2282.3,2283.35,2282.3,2283.01,42.3331
1778584440.0,2283.02,2283.99,2283.01,2283.49,111.8544
1778584500.0,2283.49,2283.67,2281.65,2282.12,119.6385
1778584560.0,2282.11,2282.11,2280.86,2281.11,122.2063
1778584620.0,2281.1,2281.51,2280.96,2281.07,61.9467
1778584680.0,2281.08,2281.49,2279.66,2279.67,137.4424
1778584740.0,2279.66,2281.14,2278.96,2281.13,108.4647
1778584800.0,2281.14,2281.32,2280.18,2281.32,154.7912
1778584860.0,2281.32,2281.48,2281.05,2281.41,84.575
1778584920.0,2281.42,2283.36,2281.4,2282.01,140.0211
1778584980.0,2282.02,2282.72,2282.02,2282.72,39.0865
1778585040.0,2282.71,2282.72,2281.73,2282.13,69.2055
1778585100.0,2282.13,2284.13,2282.12,2284.13,48.5222
1778585160.0,2284.13,2284.6,2283.73,2283.93,91.7034
1778585220.0,2283.93,2284.43,2283.04,2283.05,39.4318
1778585280.0,2283.04,2283.16,2282.97,2283.16,40.3412
1778585340.0,2283.16,2283.68,2283.16,2283.48,50.7962
1778585400.0,2283.48,2285.3,2283.48,2285.1,110.2626
1778585460.0,2285.1,2285.26,2284.43,2285.17,85.6594
1778585520.0,2285.17,2285.17,2284.67,2284.93,61.9926
1778585580.0,2284.93,2284.93,2284.0,2284.01,59.7082
1778585640.0,2284.01,2284.37,2283.69,2284.36,43.8235
1778585700.0,2284.36,2285.01,2284.36,2284.96,54.2898
1778585760.0,2284.96,2284.97,2284.0,2284.04,233.3012
1778585820.0,2284.05,2284.89,2284.0,2284.0,93.6108
1778585880.0,2284.01,2285.25,2284.0,2285.25,168.5059
1778585940.0,2285.25,2285.81,2285.05,2285.36,80.2003
1778586000.0,2285.36,2285.84,2285.32,2285.54,77.0385
1778586060.0,2285.54,2286.4,2285.54,2286.4,389.0721
1778586120.0,2286.4,2287.08,2286.14,2286.28,117.36
1778586180.0,2286.29,2286.82,2286.04,2286.82,86.3694
1778586240.0,2286.82,2286.9,2286.69,2286.89,32.5798
1778586300.0,2286.89,2287.01,2286.08,2286.08,273.2667
1778586360.0,2286.07,2286.08,2285.16,2286.01,62.4369
1778586420.0,2286.01,2286.02,2286.0,2286.02,20.5068
1778586480.0,2286.02,2286.69,2286.01,2286.67,31.8686
1778586540.0,2286.67,2287.07,2286.13,2286.13,171.863
1778586600.0,2286.13,2286.13,2285.17,2285.43,206.2053
1778586660.0,2285.42,2285.67,2285.34,2285.34,42.7953
1778586720.0,2285.35,2285.76,2284.85,2285.29,70.9008
1778586780.0,2285.29,2285.4,2284.2,2285.22,64.7119
1778586840.0,2285.23,2286.19,2285.23,2286.01,40.9923
1778586900.0,2286.01,2286.75,2286.01,2286.73,119.336
1778586960.0,2286.73,2287.0,2286.23,2286.23,72.7713
1778587020.0,2286.23,2286.44,2286.16,2286.29,116.155
1778587080.0,2286.29,2287.0,2286.29,2286.87,95.7513
1778587140.0,2286.87,2287.02,2286.83,2287.01,59.8598
1778587200.0,2287.02,2287.02,2286.01,2286.16,148.0444
1778587260.0,2286.15,2286.57,2285.62,2286.56,77.1194
1778587320.0,2286.56,2286.96,2286.23,2286.96,101.4669
1778587380.0,2286.96,2286.96,2285.0,2285.0,140.2182
1778587440.0,2285.0,2285.01,2284.0,2284.0,443.0739
1778587500.0,2284.0,2284.71,2284.0,2284.23,138.4829
1778587560.0,2284.23,2284.23,2283.27,2283.28,115.2188
1778587620.0,2283.27,2283.49,2282.63,2282.63,171.7606
1778587680.0,2282.64,2283.35,2282.32,2283.35,93.9776
1778587740.0,2283.34,2286.68,2283.34,2286.68,86.1009
1778587800.0,2286.67,2287.5,2286.48,2287.2,144.1213
1778587860.0,2287.2,2287.69,2287.01,2287.67,90.4247
1778587920.0,2287.68,2288.59,2287.67,2288.33,123.0205
1778587980.0,2288.33,2288.85,2288.09,2288.09,90.1779
1778588040.0,2288.1,2288.4,2288.0,2288.09,44.0295
1778588100.0,2288.09,2288.59,2287.69,2288.58,92.525
1778588160.0,2288.58,2288.84,2287.24,2287.71,151.7959
1778588220.0,2287.71,2288.7,2287.7,2288.03,54.1493
1778588280.0,2288.03,2288.68,2288.0,2288.24,80.8877
1778588340.0,2288.24,2289.73,2288.23,2288.88,189.3674
1778588400.0,2288.88,2288.88,2287.33,2287.34,111.7725
1778588460.0,2287.33,2289.05,2287.33,2289.05,79.9468
1778588520.0,2289.05,2289.49,2288.61,2288.61,65.2833
1778588580.0,2288.6,2288.87,2288.2,2288.86,48.6271
1778588640.0,2288.87,2288.87,2288.17,2288.52,48.6689
1778588700.0,2288.52,2288.85,2288.01,2288.85,79.0668
1778588760.0,2288.85,2289.1,2287.13,2287.4,164.6087
1778588820.0,2287.39,2287.39,2285.79,2285.91,139.3181
1778588880.0,2285.92,2290.18,2285.92,2290.18,210.7242
1778588940.0,2290.18,2291.17,2289.66,2291.11,184.7921
1778589000.0,2291.12,2294.01,2283.37,2284.38,1750.3187
1778589060.0,2284.38,2286.91,2281.14,2281.82,588.4844
1778589120.0,2281.81,2283.38,2281.21,2281.22,238.0589
1778589180.0,2281.22,2284.74,2281.22,2283.04,225.3383
1778589240.0,2283.04,2289.12,2283.04,2287.29,261.7396
1778589300.0,2287.3,2289.12,2287.3,2289.11,163.1869
1778589360.0,2289.11,2289.5,2288.09,2288.31,138.9664
1778589420.0,2288.31,2290.35,2288.31,2289.44,94.5072
1778589480.0,2289.43,2292.16,2289.38,2292.16,331.5629
1778589540.0,2292.16,2294.01,2292.16,2292.98,321.9436
1778589600.0,2292.98,2293.68,2292.5,2293.52,203.1099
1778589660.0,2293.51,2293.51,2291.28,2291.47,190.4611
1778589720.0,2291.47,2292.76,2288.53,2289.45,286.4927
1778589780.0,2289.46,2290.14,2287.85,2288.16,300.0075
1778589840.0,2288.17,2288.62,2286.79,2286.8,296.6519
1778589900.0,2286.8,2287.87,2285.57,2287.87,258.6575
1778589960.0,2287.88,2288.58,2287.62,2287.62,121.3396
1778590020.0,2287.62,2289.76,2287.4,2289.25,209.7619
1778590080.0,2289.25,2289.26,2288.31,2289.26,133.7605
1778590140.0,2289.26,2289.88,2289.26,2289.34,74.8454
1778590200.0,2289.34,2289.34,2287.83,2287.84,99.5278
1778590260.0,2287.83,2289.21,2287.77,2287.77,158.885
1778590320.0,2287.77,2288.58,2287.77,2288.47,32.9496
1778590380.0,2288.46,2289.15,2288.23,2288.24,100.5896
1778590440.0,2288.24,2289.15,2288.23,2288.62,91.4128
1778590500.0,2288.62,2289.0,2287.35,2289.0,86.3227
1778590560.0,2289.0,2289.15,2288.76,2288.84,38.4187
1778590620.0,2288.85,2289.2,2288.11,2288.79,68.3594
1778590680.0,2288.8,2288.8,2287.56,2288.0,75.9546
1778590740.0,2288.01,2289.1,2288.01,2288.97,58.8587
1778590800.0,2288.97,2290.96,2288.36,2290.96,148.6322
1778590860.0,2290.97,2291.94,2290.73,2290.74,174.3391
1778590920.0,2290.73,2292.1,2290.32,2291.93,43.699
1778590980.0,2291.93,2292.01,2290.79,2291.77,70.2512
1778591040.0,2291.77,2291.78,2290.45,2291.19,153.4439
1778591100.0,2291.19,2292.0,2290.64,2292.0,97.0929
1778591160.0,2291.99,2291.99,2290.71,2290.71,182.48
1778591220.0,2290.71,2291.67,2290.71,2291.42,112.2238
1778591280.0,2291.43,2291.64,2291.18,2291.63,91.6966
1778591340.0,2291.63,2291.83,2290.57,2291.41,154.8415
1778591400.0,2291.42,2291.55,2290.38,2290.43,123.1366
1778591460.0,2290.43,2292.51,2290.43,2291.0,163.081
1778591520.0,2291.0,2291.73,2291.0,2291.33,36.7602
1778591580.0,2291.33,2291.7,2290.72,2290.72,221.4981
1778591640.0,2290.72,2290.73,2287.69,2287.78,580.5224
1778591700.0,2287.89,2288.27,2286.71,2287.32,218.2992
1778591760.0,2287.32,2287.63,2286.74,2287.33,162.6945
1778591820.0,2287.33,2287.33,2285.67,2285.68,136.4184
1778591880.0,2285.68,2286.13,2285.0,2285.74,113.4802
1778591940.0,2285.74,2285.75,2283.92,2283.93,593.1117
1778592000.0,2283.93,2283.94,2283.0,2283.73,161.4831
1778592060.0,2283.74,2286.04,2283.74,2285.82,133.2584
1778592120.0,2285.81,2285.97,2285.44,2285.96,61.8889
1778592180.0,2285.96,2286.55,2285.89,2286.36,44.3968
1778592240.0,2286.37,2286.46,2286.05,2286.05,54.029
1778592300.0,2286.05,2286.05,2284.01,2284.27,383.626
1778592360.0,2284.27,2284.88,2284.02,2284.49,24.4925
1778592420.0,2284.48,2284.67,2283.65,2283.65,25.904
1778592480.0,2283.66,2285.03,2283.66,2284.88,38.5865
1778592540.0,2284.88,2285.25,2284.33,2285.02,52.3614
1778592600.0,2285.02,2285.37,2282.07,2283.4,338.2797
1778592660.0,2283.4,2285.21,2282.49,2284.71,155.8652
1778592720.0,2284.72,2285.67,2284.3,2284.64,125.0714
1778592780.0,2284.64,2284.88,2279.28,2281.88,1040.0413
1778592840.0,2281.89,2283.64,2280.9,2280.91,349.8816
1778592900.0,2280.9,2280.9,2278.83,2279.92,296.5239
1778592960.0,2279.92,2280.57,2275.01,2277.63,1301.3461
1778593020.0,2277.64,2280.69,2277.16,2279.26,344.5085
1778593080.0,2279.27,2280.5,2279.27,2280.09,116.8631
1778593140.0,2280.09,2282.52,2279.54,2282.16,190.0764
1778593200.0,2282.17,2283.89,2281.02,2282.51,232.4794
1778593260.0,2282.51,2282.73,2280.73,2281.18,328.0095
1778593320.0,2281.17,2281.27,2278.98,2279.96,440.0405
1778593380.0,2279.96,2281.0,2279.34,2279.96,355.9864
1778593440.0,2279.97,2281.4,2279.08,2280.11,226.1869
1778593500.0,2280.11,2283.93,2280.11,2283.09,253.4654
1778593560.0,2283.1,2283.83,2278.63,2281.86,528.4577
1778593620.0,2281.87,2281.87,2275.58,2276.26,527.8911
1778593680.0,2276.26,2278.22,2276.14,2277.09,285.0476
1778593740.0,2277.09,2278.51,2277.06,2278.31,273.2783
1778593800.0,2278.3,2278.7,2276.01,2276.42,204.6001
1778593860.0,2276.43,2277.05,2275.77,2275.8,230.1284
1778593920.0,2275.8,2276.94,2275.7,2276.94,237.1037
1778593980.0,2276.94,2279.93,2276.58,2278.25,194.2786
1778594040.0,2278.24,2279.17,2277.46,2277.46,76.0122
1778594100.0,2277.46,2277.47,2272.35,2275.31,1833.5393
1778594160.0,2275.31,2275.65,2271.69,2271.89,370.2689
1778594220.0,2271.88,2274.95,2271.61,2274.19,430.3484
1778594280.0,2274.19,2274.19,2271.5,2273.03,466.5228
1778594340.0,2273.04,2273.45,2268.88,2271.99,1671.0242
1778594400.0,2271.99,2272.31,2269.51,2271.77,552.3498
1778594460.0,2271.76,2276.39,2271.76,2276.06,341.7323
1778594520.0,2276.06,2276.84,2274.0,2274.0,204.3182
1778594580.0,2274.0,2274.37,2273.26,2273.82,224.9348
1778594640.0,2273.82,2276.13,2272.29,2275.99,266.7146
1778594700.0,2275.99,2278.8,2275.99,2278.19,286.1617
1778594760.0,2278.2,2279.16,2278.0,2278.72,159.0634
1778594820.0,2278.73,2280.38,2278.72,2279.12,199.8241
1778594880.0,2279.12,2279.13,2274.71,2276.15,267.7872
1778594940.0,2276.16,2278.34,2276.15,2278.03,187.1549
1778595000.0,2278.03,2278.45,2276.78,2277.08,84.3067
1778595060.0,2277.07,2277.94,2276.0,2276.89,235.7275
1778595120.0,2276.88,2278.63,2276.65,2277.41,123.1769
1778595180.0,2277.41,2279.7,2277.41,2278.48,111.2642
1778595240.0,2278.47,2279.7,2278.47,2279.41,130.5273
1778595300.0,2279.41,2280.29,2278.21,2280.28,92.7831
1778595360.0,2280.28,2280.28,2277.44,2277.86,160.6736
1778595420.0,2277.86,2277.86,2275.34,2275.8,346.9679
1778595480.0,2275.81,2277.65,2275.8,2277.65,177.8089
1778595540.0,2277.65,2280.83,2277.65,2280.83,124.0407
1778595600.0,2280.83,2281.07,2279.6,2279.74,101.7993
1778595660.0,2279.74,2280.99,2279.13,2280.82,483.1091
1778595720.0,2280.82,2281.89,2279.64,2280.67,246.0693
1778595780.0,2280.67,2280.67,2279.0,2280.09,159.2354
1778595840.0,2280.09,2280.1,2278.49,2279.2,181.2914
1778595900.0,2279.2,2280.77,2278.81,2279.43,267.7101
1778595960.0,2279.44,2280.08,2278.3,2278.32,230.6445
1778596020.0,2278.32,2278.7,2277.11,2277.93,191.6762
1778596080.0,2277.93,2278.27,2273.44,2273.44,440.0216
1778596140.0,2273.44,2274.72,2271.36,2273.66,527.9205
1778596200.0,2273.65,2274.6,2271.36,2271.84,282.0144
1778596260.0,2271.84,2271.84,2266.87,2270.06,1446.9781
1778596320.0,2270.06,2270.45,2266.36,2267.01,487.9335
1778596380.0,2267.0,2268.09,2263.89,2265.44,1851.4646
1778596440.0,2265.43,2267.08,2262.37,2266.85,867.673
1778596500.0,2266.85,2269.08,2265.86,2267.54,386.4845
1778596560.0,2267.55,2269.99,2267.55,2269.8,352.6863
1778596620.0,2269.8,2273.17,2269.8,2272.96,482.3599
1778596680.0,2272.96,2274.7,2272.58,2274.69,373.6213
1778596740.0,2274.69,2278.85,2274.57,2278.43,275.2886
1778596800.0,2278.43,2278.66,2276.13,2278.1,278.1614
1778596860.0,2278.1,2278.91,2277.22,2278.19,189.4899
1778596920.0,2278.2,2279.03,2277.92,2278.74,167.5437
1778596980.0,2278.75,2280.26,2277.96,2278.01,213.217
1778597040.0,2278.01,2278.09,2277.19,2277.57,170.5489
1778597100.0,2277.57,2277.57,2275.27,2275.81,162.3022
1778597160.0,2275.82,2276.24,2274.34,2274.65,165.3088
1778597220.0,2274.65,2274.66,2270.71,2273.02,569.534
1778597280.0,2273.02,2273.13,2272.43,2273.01,55.8549
1778597340.0,2273.01,2273.11,2269.59,2270.85,185.1776
1778597400.0,2270.85,2271.07,2267.76,2267.77,280.2212
1778597460.0,2267.76,2268.77,2265.53,2267.29,594.4969
1778597520.0,2267.29,2270.18,2267.24,2270.13,229.1938
1778597580.0,2270.13,2270.25,2268.4,2268.4,170.1618
1778597640.0,2268.4,2269.3,2268.01,2269.09,201.2088
1778597700.0,2269.09,2269.65,2268.53,2268.53,328.8007
1778597760.0,2268.53,2269.27,2268.42,2269.26,138.1878
1778597820.0,2269.26,2269.65,2268.06,2269.65,101.4285
1778597880.0,2269.66,2270.38,2269.59,2269.63,101.3431
1778597940.0,2269.63,2269.63,2267.65,2269.18,245.9247
1778598000.0,2269.18,2270.02,2267.63,2267.64,216.053
1778598060.0,2267.64,2268.39,2267.0,2268.39,219.5851
1778598120.0,2268.38,2268.38,2266.76,2267.8,173.8088
1778598180.0,2267.8,2269.95,2267.55,2269.59,203.4687
1778598240.0,2269.6,2270.73,2269.31,2269.53,255.0833
1778598300.0,2269.52,2270.75,2268.53,2270.28,144.5863
1778598360.0,2270.28,2272.1,2270.28,2271.16,66.861
1778598420.0,2271.16,2273.53,2270.9,2273.27,189.4013
1778598480.0,2273.26,2273.27,2271.66,2272.34,163.4816
1778598540.0,2272.34,2273.63,2272.07,2273.41,165.2122
1778598600.0,2273.42,2274.38,2272.96,2274.38,163.8218
1778598660.0,2274.38,2274.38,2272.85,2273.15,59.751
1778598720.0,2273.16,2273.25,2272.0,2272.33,119.9509
1778598780.0,2272.33,2273.88,2272.26,2273.87,67.762
1778598840.0,2273.88,2273.88,2272.02,2272.4,79.4567
1778598900.0,2272.4,2272.4,2269.46,2270.78,135.9355
1778598960.0,2270.77,2270.77,2269.54,2269.94,188.5922
1778599020.0,2269.94,2270.97,2269.11,2270.86,131.7422
1778599080.0,2270.87,2270.87,2268.61,2268.62,104.2817
1778599140.0,2268.62,2270.97,2268.62,2270.42,124.7121
1778599200.0,2270.41,2270.41,2268.1,2269.55,109.8738
1778599260.0,2269.56,2270.01,2267.15,2267.49,243.024
1778599320.0,2267.49,2267.49,2263.5,2264.37,883.6112
1778599380.0,2264.37,2264.86,2262.46,2263.61,681.2463
1778599440.0,2263.61,2263.62,2258.79,2258.87,2192.6431
1778599500.0,2258.88,2261.35,2256.67,2259.06,1670.7111
1778599560.0,2259.05,2261.17,2258.7,2260.97,659.5355
1778599620.0,2260.97,2261.23,2258.47,2261.23,605.127
1778599680.0,2261.23,2261.77,2257.1,2258.66,414.3042
1778599740.0,2258.66,2259.59,2257.13,2259.59,457.329
1778599800.0,2259.58,2261.74,2259.56,2260.08,250.5943
1778599860.0,2260.09,2263.12,2260.08,2263.11,249.33
1778599920.0,2263.12,2264.37,2263.1,2263.49,193.5412
1778599980.0,2263.49,2266.46,2263.47,2266.45,245.6703
1778600040.0,2266.46,2268.57,2266.19,2267.42,437.3437
1778600100.0,2267.42,2267.59,2263.6,2263.6,400.0769
1778600160.0,2263.6,2264.05,2262.75,2263.31,217.1664
1778600220.0,2263.32,2264.0,2262.57,2262.93,127.8723
1778600280.0,2262.93,2263.19,2262.3,2263.19,75.4431
1778600340.0,2263.2,2264.12,2262.44,2262.47,209.3262
1778600400.0,2262.48,2262.94,2262.01,2262.07,275.2836
1778600460.0,2262.07,2262.39,2260.4,2261.6,242.12
1778600520.0,2261.6,2263.12,2260.93,2261.89,156.7235
1778600580.0,2261.89,2264.57,2261.65,2264.56,91.8655
1778600640.0,2264.56,2264.88,2263.41,2263.97,115.7147
1778600700.0,2263.96,2265.91,2261.81,2262.29,208.9982
1778600760.0,2262.28,2262.42,2260.4,2261.24,410.0256
1778600820.0,2261.24,2261.48,2260.42,2261.02,140.0803
1778600880.0,2261.02,2261.58,2260.42,2261.15,110.0275
1778600940.0,2261.15,2261.16,2260.18,2260.49,117.4587
1778601000.0,2260.49,2261.86,2260.49,2261.81,120.1345
1778601060.0,2261.81,2264.74,2261.81,2264.73,177.5271
1778601120.0,2264.74,2265.23,2264.02,2264.11,108.2234
1778601180.0,2264.11,2265.29,2264.02,2264.51,67.2556
1778601240.0,2264.51,2265.71,2264.5,2265.55,105.7287
1778601300.0,2265.54,2266.42,2264.37,2266.42,141.7769
1778601360.0,2266.42,2267.02,2266.36,2266.61,127.2672
1778601420.0,2266.6,2267.01,2263.58,2264.16,215.3099
1778601480.0,2264.17,2264.17,2263.28,2263.29,101.653
1778601540.0,2263.29,2263.82,2261.85,2261.85,183.2814
1778601600.0,2261.86,2262.9,2259.48,2262.89,627.5598
1778601660.0,2262.89,2265.35,2262.89,2265.34,316.0124
1778601720.0,2265.35,2266.95,2265.34,2266.43,278.6811
1778601780.0,2266.44,2268.18,2266.22,2266.36,265.6218
1778601840.0,2266.37,2266.8,2265.0,2265.03,134.5358
1778601900.0,2265.04,2265.45,2265.0,2265.09,158.9529
1778601960.0,2265.09,2265.49,2264.48,2265.14,114.4102
1778602020.0,2265.14,2266.27,2265.13,2265.52,102.7829
1778602080.0,2265.52,2265.56,2263.8,2264.34,68.9091
1778602140.0,2264.34,2265.45,2264.08,2265.44,71.9809
1778602200.0,2265.44,2266.0,2264.56,2264.56,85.7349
1778602260.0,2264.56,2265.7,2264.54,2265.69,101.0285
1778602320.0,2265.7,2266.15,2265.21,2266.15,59.3165
1778602380.0,2266.14,2268.54,2266.14,2268.54,128.5343
1778602440.0,2268.54,2268.9,2268.0,2268.0,174.6905
1778602500.0,2268.01,2268.01,2265.63,2266.37,245.3698
1778602560.0,2266.37,2266.43,2265.05,2266.3,243.1572
1778602620.0,2266.3,2268.85,2266.3,2268.51,88.2395
1778602680.0,2268.51,2270.0,2268.51,2269.03,262.4376
1778602740.0,2269.02,2271.06,2269.02,2270.0,276.8623
1778602800.0,2270.0,2271.06,2269.2,2270.87,95.9763
1778602860.0,2270.87,2271.24,2267.56,2267.56,168.8106
1778602920.0,2267.57,2268.66,2267.52,2268.66,71.0632
1778602980.0,2268.65,2268.65,2267.93,2268.42,102.5288
1778603040.0,2268.43,2268.43,2266.99,2267.83,72.2038
1778603100.0,2267.83,2267.84,2266.25,2266.28,58.5252
1778603160.0,2266.27,2267.91,2266.18,2267.91,106.4516
1778603220.0,2267.9,2268.15,2267.81,2268.15,42.0311
1778603280.0,2268.14,2269.65,2268.14,2269.64,73.8691
1778603340.0,2269.65,2269.65,2268.0,2268.0,79.9492
1778603400.0,2268.01,2268.75,2268.0,2268.0,60.8654
1778603460.0,2268.0,2268.09,2267.0,2268.05,243.6505
1778603520.0,2268.04,2268.04,2266.35,2266.39,136.0845
1778603580.0,2266.38,2266.38,2264.68,2264.69,151.2081
1778603640.0,2264.69,2265.46,2264.68,2265.46,41.4242
1778603700.0,2265.45,2265.99,2265.0,2265.99,98.1403
1778603760.0,2266.0,2267.72,2266.0,2267.72,75.7368
1778603820.0,2267.71,2268.69,2267.36,2267.37,105.0078
1778603880.0,2267.37,2267.74,2266.11,2266.28,53.0198
1778603940.0,2266.28,2266.65,2265.92,2266.21,85.3249
1778604000.0,2266.21,2267.15,2266.02,2266.56,81.327
1778604060.0,2266.56,2266.56,2263.96,2264.65,193.034
1778604120.0,2264.66,2264.66,2262.66,2263.44,173.3962
1778604180.0,2263.44,2264.66,2263.4,2263.76,113.4231
1778604240.0,2263.76,2264.89,2263.65,2264.81,104.6917
1778604300.0,2264.8,2265.99,2261.38,2261.82,544.904
1778604360.0,2261.82,2262.64,2258.05,2258.22,1152.5153
1778604420.0,2258.22,2259.1,2256.27,2258.36,483.3157
1778604480.0,2258.36,2259.0,2256.54,2257.97,170.8742
1778604540.0,2257.97,2260.65,2257.87,2260.39,187.8913
1778604600.0,2260.39,2261.01,2258.08,2258.58,437.1867
1778604660.0,2258.58,2262.37,2257.36,2262.36,406.7728
1778604720.0,2262.37,2263.48,2261.66,2262.0,410.5136
1778604780.0,2262.01,2263.29,2262.0,2263.05,143.2926
1778604840.0,2263.05,2263.89,2261.95,2263.89,154.7289
1778604900.0,2263.9,2264.5,2262.98,2264.5,243.7757
1778604960.0,2264.5,2265.71,2264.4,2264.74,204.1331
1778605020.0,2264.73,2265.71,2264.14,2264.78,252.1223
1778605080.0,2264.77,2265.11,2263.88,2263.89,134.104
1778605140.0,2263.89,2264.3,2263.66,2263.83,54.3084
1778605200.0,2263.83,2266.2,2263.83,2266.2,159.0943
1778605260.0,2266.19,2267.0,2266.19,2266.47,112.7129
1778605320.0,2266.48,2267.59,2266.47,2267.5,169.5039
1778605380.0,2267.51,2268.84,2266.94,2268.84,123.1653
1778605440.0,2268.84,2269.49,2268.51,2269.27,231.3733
1778605500.0,2269.27,2269.38,2268.46,2268.7,214.6549
1778605560.0,2268.71,2269.48,2268.7,2268.71,76.8207
1778605620.0,2268.72,2269.3,2268.46,2269.24,65.854
1778605680.0,2269.25,2269.25,2266.94,2267.63,58.7077
1778605740.0,2267.63,2267.63,2266.43,2267.02,60.2472
1778605800.0,2267.01,2269.11,2266.54,2268.93,60.4467
1778605860.0,2268.92,2269.38,2268.63,2268.76,70.1145
1778605920.0,2268.75,2269.33,2268.75,2269.31,126.3237
1778605980.0,2269.31,2270.17,2269.3,2270.16,116.7692
1778606040.0,2270.17,2270.56,2270.16,2270.48,66.65
1778606100.0,2270.49,2272.5,2270.49,2272.49,234.4164
1778606160.0,2272.49,2274.53,2271.83,2273.04,379.5055
1778606220.0,2273.05,2273.62,2271.62,2271.62,140.5391
1778606280.0,2271.62,2272.35,2271.1,2272.13,150.0264
1778606340.0,2272.12,2273.01,2271.6,2273.01,144.1879
1778606400.0,2273.01,2275.47,2273.01,2273.73,422.7977
1778606460.0,2273.74,2274.93,2273.74,2274.66,56.4639
1778606520.0,2274.67,2275.04,2274.4,2274.99,85.786
1778606580.0,2274.99,2275.27,2274.92,2275.01,74.8444
1778606640.0,2275.02,2275.83,2274.96,2275.31,164.9897
1778606700.0,2275.32,2275.67,2274.21,2274.22,180.1928
1778606760.0,2274.22,2274.5,2274.0,2274.42,46.6788
1778606820.0,2274.43,2274.67,2274.12,2274.66,87.0087
1778606880.0,2274.66,2275.11,2274.46,2274.56,85.7617
1778606940.0,2274.55,2275.66,2274.55,2275.0,68.3734
1778607000.0,2275.01,2276.0,2275.01,2276.0,88.9085
1778607060.0,2276.0,2276.0,2274.29,2274.29,51.0585
1778607120.0,2274.3,2276.19,2274.3,2275.11,139.9111
1778607180.0,2275.11,2275.11,2274.31,2274.36,77.0254
1778607240.0,2274.37,2276.28,2274.36,2276.27,129.4938
1778607300.0,2276.27,2276.38,2274.29,2274.3,99.0989
1778607360.0,2274.3,2275.19,2274.29,2275.19,73.8273
1778607420.0,2275.19,2275.25,2274.72,2275.06,76.5536
1778607480.0,2275.07,2275.09,2274.59,2274.68,135.603
1778607540.0,2274.69,2276.61,2274.69,2276.24,96.0656
1778607600.0,2276.24,2276.24,2275.46,2275.92,55.4302
1778607660.0,2275.93,2276.42,2275.92,2276.42,42.9224
1778607720.0,2276.41,2276.63,2275.25,2275.47,93.5838
1778607780.0,2275.48,2276.29,2275.48,2276.29,29.6946
1778607840.0,2276.3,2278.0,2276.3,2277.08,101.2029
1778607900.0,2277.09,2277.37,2276.29,2276.29,55.4761
1778607960.0,2276.3,2276.3,2275.14,2275.6,21.6975
1778608020.0,2275.61,2276.61,2275.6,2276.6,24.7192
1778608080.0,2276.61,2276.61,2275.61,2275.65,47.8527
1778608140.0,2275.65,2275.75,2275.24,2275.4,30.1762
1778608200.0,2275.4,2275.73,2274.55,2274.63,125.0279
1778608260.0,2274.63,2275.4,2274.24,2275.39,47.497
1778608320.0,2275.4,2275.94,2275.39,2275.92,49.7114
1778608380.0,2275.93,2276.65,2275.93,2276.65,16.264
1778608440.0,2276.65,2277.81,2276.64,2276.97,93.9574
1778608500.0,2276.97,2277.57,2275.6,2275.95,268.7623
1778608560.0,2275.94,2276.59,2275.62,2275.69,195.5507
1778608620.0,2275.7,2276.1,2275.69,2275.85,26.3172
1778608680.0,2275.85,2275.85,2275.75,2275.79,10.2676
1778608740.0,2275.79,2276.6,2275.79,2276.59,59.6278
1778608800.0,2276.6,2278.42,2276.6,2277.1,136.202
1778608860.0,2277.11,2278.75,2277.1,2278.53,273.3653
1778608920.0,2278.53,2278.54,2274.67,2276.99,628.6661
1778608980.0,2276.99,2279.08,2276.99,2278.61,234.3614
1778609040.0,2278.62,2278.62,2277.96,2278.25,48.2147
1778609100.0,2278.24,2278.94,2278.02,2278.02,115.957
1778609160.0,2278.02,2278.65,2277.86,2277.86,35.0227
1778609220.0,2277.86,2277.86,2275.27,2275.8,71.7596
1778609280.0,2275.81,2276.48,2275.81,2276.28,46.3434
1778609340.0,2276.29,2276.8,2276.11,2276.79,69.5719
1778609400.0,2276.8,2277.74,2276.79,2277.66,23.7379
1778609460.0,2277.66,2277.67,2275.68,2275.68,121.3671
1778609520.0,2275.69,2275.71,2275.17,2275.71,31.4811
1778609580.0,2275.71,2276.36,2275.7,2276.18,43.0046
1778609640.0,2276.19,2277.34,2276.18,2277.33,47.5234
1778609700.0,2277.34,2278.0,2277.25,2277.25,61.4361
1778609760.0,2277.26,2277.96,2277.26,2277.57,72.9059
1778609820.0,2277.57,2277.58,2276.63,2277.26,38.6297
1778609880.0,2277.25,2277.36,2276.27,2276.28,50.1895
1778609940.0,2276.27,2277.02,2276.27,2276.75,160.5211
1778610000.0,2276.76,2277.22,2276.75,2277.2,52.2871
1778610060.0,2277.21,2277.79,2277.2,2277.79,72.3664
1778610120.0,2277.8,2278.06,2277.38,2277.76,57.4955
1778610180.0,2277.77,2278.0,2277.29,2277.29,45.3411
1778610240.0,2277.3,2277.37,2277.0,2277.0,76.5556
1778610300.0,2277.01,2278.7,2277.01,2277.09,100.3531
1778610360.0,2277.09,2277.87,2277.05,2277.06,36.7916
1778610420.0,2277.06,2277.17,2276.37,2277.01,266.2638
1778610480.0,2277.01,2277.94,2277.01,2277.67,72.1737
1778610540.0,2277.67,2277.7,2276.86,2277.68,151.3793
1778610600.0,2277.68,2278.75,2277.47,2278.74,41.4714
1778610660.0,2278.74,2279.08,2278.19,2279.07,88.1227
1778610720.0,2279.08,2279.19,2279.08,2279.19,44.605
1778610780.0,2279.18,2279.28,2279.18,2279.27,27.3505
1778610840.0,2279.27,2279.91,2279.27,2279.91,153.1975
1778610900.0,2279.9,2279.91,2279.41,2279.9,59.8247
1778610960.0,2279.91,2281.63,2279.91,2281.23,371.5106
1778611020.0,2281.24,2281.63,2280.8,2280.81,115.1978
1778611080.0,2280.82,2281.87,2280.82,2281.6,55.0089
1778611140.0,2281.6,2281.86,2280.25,2280.25,156.6912
1778611200.0,2280.28,2281.35,2280.28,2281.34,30.1868
1778611260.0,2281.35,2281.75,2280.69,2281.57,154.5494
1778611320.0,2281.58,2281.59,2280.95,2280.95,66.1301
1778611380.0,2280.96,2281.74,2280.96,2281.74,135.5345
1778611440.0,2281.74,2283.0,2281.73,2281.79,203.5662
1778611500.0,2281.8,2282.38,2280.79,2281.31,176.9693
1778611560.0,2281.32,2281.78,2280.69,2280.79,258.8303
1778611620.0,2280.79,2281.19,2280.34,2281.19,69.9821
1778611680.0,2281.19,2282.01,2281.19,2281.5,71.9796
1778611740.0,2281.51,2281.9,2281.25,2281.9,82.1187
1778611800.0,2281.9,2282.35,2281.9,2281.9,25.6492
1778611860.0,2281.91,2283.0,2281.9,2282.99,48.8029
1778611920.0,2283.0,2283.12,2282.51,2282.77,63.5225
1778611980.0,2282.78,2284.6,2282.77,2283.61,304.8615
1778612040.0,2283.61,2283.87,2283.03,2283.25,35.6912
1778612100.0,2283.26,2283.26,2282.55,2282.9,68.066
1778612160.0,2282.9,2283.03,2282.62,2282.84,95.784
1778612220.0,2282.84,2282.85,2280.27,2280.32,148.6522
1778612280.0,2280.33,2280.33,2280.07,2280.22,77.1182
1778612340.0,2280.23,2280.23,2278.79,2279.3,256.9677
1778612400.0,2279.31,2280.64,2279.31,2280.35,142.3621
1778612460.0,2280.36,2280.88,2280.35,2280.88,21.7299
1778612520.0,2280.87,2281.31,2280.29,2280.3,62.5613
