timestamp,open,high,low,close,volume
1778007780.0,81487.2,81487.2,81480.86,81480.87,2.6037
1778007840.0,81480.87,81492.27,81480.0,81480.0,5.72479
1778007900.0,81480.0,81488.54,81460.89,81460.89,4.94762
1778007960.0,81460.89,81479.67,81456.0,81479.66,2.06365
1778008020.0,81479.66,81479.67,81479.66,81479.67,0.79745
1778008080.0,81479.66,81479.66,81455.0,81455.0,2.55995
1778008140.0,81455.0,81474.97,81455.0,81474.97,1.87853
1778008200.0,81474.96,81474.97,81474.96,81474.97,0.94386
1778008260.0,81474.96,81477.13,81455.0,81455.0,3.00226
1778008320.0,81455.0,81456.72,81407.58,81407.59,4.46969
1778008380.0,81407.59,81452.76,81407.58,81452.75,5.1968
1778008440.0,81452.75,81467.29,81442.49,81467.29,2.50208
1778008500.0,81467.29,81472.24,81432.05,81432.05,5.52401
1778008560.0,81432.04,81477.21,81432.04,81477.21,2.94181
1778008620.0,81477.21,81541.64,81477.21,81541.64,14.79088
1778008680.0,81541.63,81556.73,81510.0,81514.62,7.14837
1778008740.0,81514.63,81552.49,81514.62,81552.49,0.8551
1778008800.0,81552.49,81552.49,81534.75,81545.66,2.29129
1778008860.0,81545.66,81552.96,81545.65,81550.09,1.55746
1778008920.0,81550.09,81568.07,81550.08,81552.96,3.14389
1778008980.0,81552.95,81552.96,81522.05,81522.06,1.30077
1778009040.0,81522.05,81558.12,81522.05,81558.11,2.26837
1778009100.0,81558.11,81565.99,81550.0,81550.0,3.31864
1778009160.0,81550.0,81580.0,81541.41,81579.99,16.82945
1778009220.0,81579.99,81580.0,81573.23,81573.24,1.18386
1778009280.0,81573.24,81573.24,81560.64,81560.65,2.23911
1778009340.0,81560.64,81560.65,81536.11,81538.09,1.82658
1778009400.0,81538.09,81546.11,81517.85,81542.16,2.62825
1778009460.0,81542.15,81567.57,81542.15,81567.57,2.22497
1778009520.0,81567.57,81579.87,81567.56,81579.86,6.05962
1778009580.0,81579.86,81637.0,81567.57,81636.99,45.46239
1778009640.0,81637.0,81650.0,81590.49,81590.5,19.30393
1778009700.0,81590.5,81612.09,81582.6,81582.6,5.58535
1778009760.0,81582.6,81582.61,81558.39,81558.4,5.46448
1778009820.0,81558.4,81558.4,81537.58,81537.59,2.68203
1778009880.0,81537.59,81552.31,81522.08,81552.3,4.27332
1778009940.0,81552.3,81555.0,81528.6,81555.0,7.64549
1778010000.0,81554.99,81564.91,81545.29,81564.9,3.63534
1778010060.0,81564.9,81612.0,81564.9,81606.39,5.99635
1778010120.0,81606.39,81606.4,81574.6,81599.65,10.12364
1778010180.0,81599.66,81643.38,81599.66,81643.37,9.89561
1778010240.0,81643.37,81666.66,81643.37,81654.17,15.71391
1778010300.0,81654.16,81672.72,81654.16,81667.06,6.40112
1778010360.0,81667.06,81671.07,81629.94,81637.47,9.85462
1778010420.0,81637.48,81651.89,81617.96,81651.89,7.09014
1778010480.0,81651.9,81680.0,81651.9,81680.0,15.14304
1778010540.0,81680.0,81680.0,81652.75,81652.76,2.60698
1778010600.0,81652.76,81652.76,81592.98,81598.75,4.77628
1778010660.0,81598.75,81611.72,81568.72,81568.72,7.66626
1778010720.0,81568.73,81568.73,81526.0,81547.03,6.58505
1778010780.0,81547.04,81603.07,81547.03,81603.07,10.30042
1778010840.0,81603.07,81625.17,81603.07,81610.34,5.04413
1778010900.0,81610.35,81610.35,81564.0,81586.61,6.6809
1778010960.0,81586.61,81624.99,81586.61,81624.98,2.977
1778011020.0,81624.98,81643.3,81624.96,81643.29,5.54183
1778011080.0,81643.29,81643.3,81606.56,81606.56,3.31089
1778011140.0,81606.57,81622.72,81587.29,81606.35,12.92988
1778011200.0,81606.35,81660.08,81589.84,81631.29,34.48856
1778011260.0,81631.28,81664.9,81631.28,81645.32,5.75372
1778011320.0,81645.32,81673.83,81645.31,81673.82,14.90387
1778011380.0,81673.82,81770.0,81673.82,81706.05,117.33048
1778011440.0,81706.04,81715.27,81684.0,81702.05,22.44175
1778011500.0,81702.06,81703.7,81669.61,81674.88,9.83586
1778011560.0,81674.88,81674.89,81600.0,81600.0,6.71947
1778011620.0,81600.01,81600.01,81510.13,81560.86,15.07466
1778011680.0,81560.85,81715.07,81560.85,81656.27,47.69532
1778011740.0,81656.28,81657.5,81643.49,81657.5,6.95719
1778011800.0,81657.5,81685.36,81657.49,81685.36,5.12572
1778011860.0,81685.36,81720.0,81679.23,81716.72,15.05447
1778011920.0,81716.72,81716.72,81693.89,81693.89,2.79296
1778011980.0,81693.89,81770.0,81693.89,81725.16,22.26586
1778012040.0,81725.16,81728.81,81700.0,81700.01,6.37193
1778012100.0,81700.0,81700.0,81623.17,81675.8,16.58177
1778012160.0,81675.79,81675.8,81629.11,81631.52,7.7857
1778012220.0,81631.52,81666.49,81631.51,81666.49,3.25882
1778012280.0,81666.49,81670.0,81629.13,81629.14,3.58574
1778012340.0,81629.13,81629.14,81576.35,81625.66,10.68791
1778012400.0,81625.66,81625.66,81617.39,81617.39,1.52323
1778012460.0,81617.4,81617.4,81567.6,81567.6,6.04831
1778012520.0,81567.6,81640.0,81567.6,81640.0,8.05658
1778012580.0,81640.0,81647.19,81593.39,81628.37,9.54758
1778012640.0,81628.37,81628.37,81594.79,81594.79,5.87451
1778012700.0,81594.8,81624.93,81578.31,81623.29,7.06162
1778012760.0,81623.28,81647.02,81590.85,81590.85,11.16111
1778012820.0,81590.85,81610.8,81576.79,81592.28,8.93644
1778012880.0,81592.28,81592.28,81566.97,81566.98,6.62725
1778012940.0,81566.97,81566.98,81545.01,81554.07,7.08017
1778013000.0,81554.07,81579.73,81551.5,81579.72,8.5025
1778013060.0,81579.73,81579.73,81563.39,81563.4,4.3775
1778013120.0,81563.39,81652.81,81545.01,81652.81,21.26288
1778013180.0,81652.8,81689.2,81652.8,81660.14,12.93713
1778013240.0,81660.15,81689.2,81660.14,81671.35,3.09467
1778013300.0,81671.35,81671.35,81660.21,81664.43,4.25138
1778013360.0,81664.42,81689.2,81664.42,81668.85,6.99985
1778013420.0,81668.86,81714.0,81668.85,81676.04,13.38144
1778013480.0,81676.03,81681.11,81665.23,81666.03,5.37862
1778013540.0,81666.03,81666.04,81629.47,81629.47,5.43642
1778013600.0,81629.48,81629.48,81587.91,81618.72,2.1934
1778013660.0,81618.71,81685.05,81618.71,81669.77,17.49868
1778013720.0,81669.78,81738.22,81669.77,81705.57,50.80649
1778013780.0,81705.57,81705.58,81668.0,81668.0,9.32353
1778013840.0,81668.0,81668.01,81658.0,81658.01,1.69375
1778013900.0,81658.01,81658.01,81612.12,81612.13,4.16234
1778013960.0,81612.13,81612.13,81590.12,81596.19,12.32805
1778014020.0,81596.2,81604.08,81590.12,81593.98,14.79019
1778014080.0,81593.97,81597.18,81591.09,81597.18,4.79228
1778014140.0,81597.17,81598.86,81569.51,81598.86,19.62949
1778014200.0,81598.85,81631.69,81598.85,81631.69,8.48511
1778014260.0,81631.69,81631.69,81623.58,81623.58,3.45456
1778014320.0,81623.59,81623.59,81605.18,81605.18,2.89998
1778014380.0,81605.18,81631.69,81605.18,81631.68,7.03899
1778014440.0,81631.68,81631.69,81626.68,81626.68,3.48078
1778014500.0,81626.69,81626.69,81613.04,81620.35,3.68088
1778014560.0,81620.35,81651.78,81620.34,81650.35,12.77415
1778014620.0,81650.35,81650.36,81633.92,81642.66,2.4468
1778014680.0,81642.66,81659.15,81642.65,81659.15,4.57968
1778014740.0,81659.14,81668.0,81646.38,81646.38,6.36253
1778014800.0,81646.39,81646.39,81646.38,81646.39,0.69949
1778014860.0,81646.38,81646.38,81633.47,81633.48,1.62363
1778014920.0,81633.48,81655.58,81633.46,81655.58,2.09281
1778014980.0,81655.58,81791.48,81655.57,81749.61,106.98982
1778015040.0,81749.61,81749.62,81682.66,81684.74,33.3671
1778015100.0,81684.74,81711.5,81684.74,81711.49,5.4147
1778015160.0,81711.49,81733.13,81660.0,81660.0,12.476
1778015220.0,81660.0,81660.01,81619.99,81638.8,11.25425
1778015280.0,81638.8,81652.0,81630.62,81651.99,2.10351
1778015340.0,81652.0,81672.46,81651.99,81652.97,3.04995
1778015400.0,81652.96,81681.19,81652.0,81664.76,9.64449
1778015460.0,81664.77,81679.23,81664.76,81679.22,1.77091
1778015520.0,81679.23,81698.8,81663.84,81689.21,72.10486
1778015580.0,81689.2,81689.2,81624.3,81634.0,12.58669
1778015640.0,81634.0,81634.0,81591.69,81591.7,6.9282
1778015700.0,81591.69,81651.64,81586.6,81651.63,9.62403
1778015760.0,81651.63,81651.64,81610.02,81622.74,12.35493
1778015820.0,81622.75,81622.75,81586.6,81586.6,10.56729
1778015880.0,81586.6,81586.6,81574.0,81581.37,6.37067
1778015940.0,81581.37,81590.52,81558.7,81558.71,7.63573
1778016000.0,81558.71,81558.71,81552.98,81552.98,3.97622
1778016060.0,81552.98,81578.94,81545.0,81578.93,10.92592
1778016120.0,81578.93,81587.6,81558.04,81587.59,10.11792
1778016180.0,81587.6,81587.6,81562.09,81562.09,3.88233
1778016240.0,81562.01,81569.59,81562.0,81569.59,2.81849
1778016300.0,81569.59,81623.77,81569.58,81609.36,42.47717
1778016360.0,81609.36,81609.36,81569.58,81569.58,4.06801
1778016420.0,81569.59,81576.81,81569.58,81576.81,1.86302
1778016480.0,81576.81,81576.81,81502.37,81509.62,12.45209
1778016540.0,81509.62,81509.63,81448.51,81474.85,13.17075
1778016600.0,81474.85,81474.85,81408.04,81441.99,8.63771
1778016660.0,81441.99,81442.0,81390.83,81390.83,6.82989
1778016720.0,81390.83,81424.6,81387.68,81387.69,14.72278
1778016780.0,81387.69,81387.69,81329.08,81358.11,14.66043
1778016840.0,81358.11,81358.11,81307.58,81315.54,16.01912
1778016900.0,81315.55,81353.04,81305.27,81345.09,6.74476
1778016960.0,81345.08,81388.0,81331.16,81388.0,7.53196
1778017020.0,81388.0,81447.92,81384.74,81447.91,6.36901
1778017080.0,81447.91,81463.27,81424.81,81455.12,5.28552
1778017140.0,81455.12,81455.12,81420.07,81420.07,2.9738
1778017200.0,81420.07,81421.71,81359.07,81359.07,6.39786
1778017260.0,81359.07,81396.0,81355.22,81385.76,4.26429
1778017320.0,81385.76,81421.71,81381.4,81399.06,4.72233
1778017380.0,81399.06,81403.5,81362.05,81376.13,10.47095
1778017440.0,81376.13,81378.74,81362.45,81362.45,1.63853
1778017500.0,81362.45,81403.98,81345.01,81379.73,7.12546
1778017560.0,81379.74,81419.91,81364.0,81400.64,6.75101
1778017620.0,81400.65,81447.07,81397.69,81431.33,6.89819
1778017680.0,81431.32,81448.76,81396.68,81419.77,5.90383
1778017740.0,81419.78,81427.17,81405.68,81427.17,3.47494
1778017800.0,81427.17,81457.61,81427.16,81434.85,1.49374
1778017860.0,81434.86,81479.85,81434.85,81479.84,4.32571
1778017920.0,81479.84,81484.0,81455.54,81479.05,3.13695
1778017980.0,81479.05,81495.71,81454.56,81495.7,7.38935
1778018040.0,81495.71,81501.47,81484.0,81491.99,3.64451
1778018100.0,81492.0,81511.33,81484.0,81511.32,4.30441
1778018160.0,81511.32,81511.33,81461.69,81461.7,2.80763
1778018220.0,81461.69,81471.99,81461.69,81471.98,2.25081
1778018280.0,81471.99,81471.99,81434.51,81434.51,2.60182
1778018340.0,81434.52,81441.6,81407.1,81407.11,4.80045
1778018400.0,81407.11,81514.84,81407.11,81484.01,8.46595
1778018460.0,81484.01,81511.8,81442.42,81497.61,7.92312
1778018520.0,81497.6,81576.55,81484.0,81567.17,4.32613
1778018580.0,81567.17,81600.0,81564.62,81600.0,7.9612
1778018640.0,81599.99,81599.99,81520.0,81520.0,9.8782
1778018700.0,81520.0,81540.22,81503.44,81540.21,1.68751
1778018760.0,81540.22,81540.22,81493.83,81493.84,3.31797
1778018820.0,81493.84,81493.84,81443.86,81449.82,6.83491
1778018880.0,81449.82,81464.29,81411.32,81464.28,3.58679
1778018940.0,81464.29,81464.29,81412.46,81441.39,2.83586
1778019000.0,81441.39,81441.4,81388.07,81401.99,4.42308
1778019060.0,81401.99,81401.99,81360.0,81360.01,8.25753
1778019120.0,81360.01,81371.28,81356.86,81360.11,2.30004
1778019180.0,81360.11,81405.13,81360.11,81405.12,2.87441
1778019240.0,81405.12,81405.13,81382.13,81382.14,2.27607
1778019300.0,81382.14,81385.4,81356.8,81368.92,6.57724
1778019360.0,81368.93,81368.93,81324.05,81339.4,5.63716
1778019420.0,81339.4,81356.78,81336.27,81356.23,2.69247
1778019480.0,81356.24,81365.21,81342.75,81342.76,1.4702
1778019540.0,81342.75,81388.0,81342.75,81382.0,6.00994
1778019600.0,81382.0,81389.31,81368.0,81368.0,3.29932
1778019660.0,81368.01,81368.01,81351.86,81356.8,1.60178
1778019720.0,81356.8,81370.0,81353.59,81353.59,3.35487
1778019780.0,81353.59,81356.45,81341.53,81353.17,4.45409
1778019840.0,81353.18,81412.53,81345.03,81412.53,1.9781
1778019900.0,81412.53,81438.75,81408.52,81408.52,5.46683
1778019960.0,81408.53,81440.0,81408.53,81440.0,1.69113
1778020020.0,81439.99,81520.0,81439.99,81510.73,10.33385
1778020080.0,81510.73,81510.73,81497.02,81497.02,0.75363
1778020140.0,81497.02,81514.07,81437.63,81438.84,15.95495
1778020200.0,81438.84,81438.84,81387.18,81387.18,4.86956
1778020260.0,81387.19,81387.19,81311.49,81311.49,8.27911
1778020320.0,81311.5,81318.78,81232.5,81232.5,66.94777
1778020380.0,81232.5,81259.1,81153.0,81203.99,64.19621
1778020440.0,81203.99,81208.87,81122.01,81122.01,55.38743
1778020500.0,81122.02,81185.14,81115.45,81121.85,24.82293
1778020560.0,81121.86,81155.33,81099.0,81145.18,25.37757
1778020620.0,81145.18,81150.75,81088.0,81117.5,17.72964
1778020680.0,81117.5,81123.71,80991.89,81014.39,56.87318
1778020740.0,81014.4,81024.92,80917.8,81009.3,40.72963
1778020800.0,81009.3,81067.69,81008.0,81046.18,7.24056
1778020860.0,81046.18,81046.18,80898.52,80940.35,36.15227
1778020920.0,80940.34,80940.34,80817.72,80906.69,42.14998
1778020980.0,80906.69,81015.75,80898.84,81015.75,31.90979
1778021040.0,81015.74,81021.72,80985.84,81021.72,8.79215
1778021100.0,81021.72,81029.97,80991.91,81008.78,8.89201
1778021160.0,81008.78,81010.43,80992.61,81002.31,4.25769
1778021220.0,81002.32,81006.42,80986.55,80986.56,2.73302
1778021280.0,80986.56,81085.1,80986.56,81073.6,17.75056
1778021340.0,81073.6,81076.7,81024.2,81073.6,20.21672
1778021400.0,81073.6,81106.13,81073.6,81076.77,7.84776
1778021460.0,81076.76,81076.77,81029.52,81029.52,13.7022
1778021520.0,81029.52,81357.28,81028.0,81284.46,105.32298
1778021580.0,81284.47,81286.42,81138.74,81142.78,34.35071
1778021640.0,81142.79,81212.91,81106.76,81212.0,29.92776
1778021700.0,81212.25,81237.17,81194.92,81212.34,14.7104
1778021760.0,81212.33,81223.6,81179.45,81179.46,7.62939
1778021820.0,81179.46,81179.47,81124.8,81124.81,5.45875
1778021880.0,81124.8,81124.8,81097.25,81115.46,7.16034
1778021940.0,81115.46,81115.47,81110.02,81111.27,2.24332
1778022000.0,81111.27,81160.0,81090.4,81155.85,7.40791
1778022060.0,81155.84,81155.85,81090.4,81090.4,6.26984
1778022120.0,81090.4,81126.0,81030.05,81041.03,22.71701
1778022180.0,81041.03,81055.23,81028.63,81050.0,4.43142
1778022240.0,81050.0,81093.42,81045.05,81093.41,11.0965
1778022300.0,81093.42,81116.83,81073.6,81073.61,7.3143
1778022360.0,81073.6,81073.6,81069.0,81069.01,3.18728
1778022420.0,81069.01,81085.16,81040.0,81049.99,6.90997
1778022480.0,81050.0,81064.1,81040.0,81060.0,6.91082
1778022540.0,81060.01,81152.22,81060.0,81137.39,4.49336
1778022600.0,81137.39,81199.98,81134.06,81194.21,7.20712
1778022660.0,81194.21,81205.42,81186.09,81197.3,7.56202
1778022720.0,81197.29,81222.03,81190.0,81205.5,16.4171
1778022780.0,81205.49,81205.5,81190.0,81190.01,5.55465
1778022840.0,81190.0,81213.23,81190.0,81213.22,3.21152
1778022900.0,81213.23,81213.23,81165.0,81165.01,14.44602
1778022960.0,81165.0,81165.01,81113.06,81113.06,4.9051
1778023020.0,81113.07,81131.61,81113.07,81131.61,4.72966
1778023080.0,81131.6,81150.94,81131.6,81150.93,2.91669
1778023140.0,81150.94,81152.91,81100.0,81110.39,6.87487
1778023200.0,81110.38,81112.76,81100.0,81112.75,5.66448
1778023260.0,81112.75,81117.86,81100.0,81105.01,3.57531
1778023320.0,81105.0,81105.01,81090.0,81090.01,6.97227
1778023380.0,81090.0,81090.01,81057.42,81057.43,15.2766
1778023440.0,81057.43,81057.43,81055.0,81055.01,1.44498
1778023500.0,81055.02,81081.75,81055.02,81073.64,3.35223
1778023560.0,81073.64,81073.64,81000.0,81000.0,19.63371
1778023620.0,81000.0,81014.41,80971.32,80971.77,7.30916
1778023680.0,80971.77,80979.91,80885.56,80885.57,21.85305
1778023740.0,80885.57,80905.87,80878.72,80883.57,11.30975
1778023800.0,80883.57,80904.57,80882.82,80892.0,7.47092
1778023860.0,80891.99,80922.63,80891.99,80922.63,7.87956
1778023920.0,80924.0,80968.32,80918.19,80926.85,7.0713
1778023980.0,80926.85,80926.86,80880.0,80880.0,5.13213
1778024040.0,80880.0,80880.01,80833.35,80855.54,10.27329
1778024100.0,80855.54,80855.55,80821.57,80823.16,11.30963
1778024160.0,80823.16,80854.0,80823.0,80844.19,13.91843
1778024220.0,80844.2,80844.2,80790.0,80805.63,37.28405
1778024280.0,80805.63,80824.82,80798.57,80824.82,8.29449
1778024340.0,80824.81,80844.79,80822.0,80838.95,2.77692
1778024400.0,80838.95,80875.32,80824.0,80824.01,11.95944
1778024460.0,80824.01,80851.89,80822.0,80851.89,3.87457
1778024520.0,80851.89,80912.76,80838.17,80912.76,4.95829
1778024580.0,80912.76,80949.97,80912.75,80949.96,3.30102
1778024640.0,80949.97,80949.97,80926.79,80926.79,7.14113
1778024700.0,80926.79,80971.0,80920.0,80947.21,5.35307
1778024760.0,80947.2,80947.2,80900.0,80900.0,2.25211
1778024820.0,80900.01,80917.32,80900.0,80917.32,1.21409
1778024880.0,80917.31,80917.31,80882.02,80903.73,19.84008
1778024940.0,80903.72,80955.3,80903.72,80936.46,4.08845
1778025000.0,80936.47,80970.99,80914.76,80950.33,10.71078
1778025060.0,80950.33,80978.86,80943.99,80950.34,12.82919
1778025120.0,80950.34,80950.34,80919.2,80919.21,1.18883
1778025180.0,80919.21,80920.0,80913.61,80919.99,1.44821
1778025240.0,80919.99,80921.81,80913.12,80921.81,3.97095
1778025300.0,80921.81,80928.58,80906.84,80928.57,6.83244
1778025360.0,80928.57,80928.58,80928.36,80928.36,0.8599
1778025420.0,80928.36,80950.0,80928.36,80946.76,8.48074
1778025480.0,80946.75,80946.76,80946.75,80946.75,1.17961
1778025540.0,80946.76,80946.76,80905.52,80905.52,5.22746
1778025600.0,80905.53,80959.98,80880.0,80937.72,17.10289
1778025660.0,80937.72,80968.36,80936.0,80947.36,59.01155
1778025720.0,80947.36,80999.99,80947.36,80971.0,15.56537
1778025780.0,80971.0,81109.94,80946.25,81032.01,85.21625
1778025840.0,81032.01,81077.4,81014.86,81062.0,14.40689
1778025900.0,81062.0,81062.01,81028.02,81028.76,11.13309
1778025960.0,81028.76,81049.81,81014.0,81049.81,5.48376
1778026020.0,81049.8,81097.32,81049.8,81073.68,11.79622
1778026080.0,81073.68,81106.87,81073.68,81105.99,4.09032
1778026140.0,81106.0,81108.0,81083.9,81089.84,2.83704
1778026200.0,81089.83,81188.99,81073.6,81186.74,48.75313
1778026260.0,81186.75,81251.84,81143.14,81246.78,40.09429
1778026320.0,81246.77,81246.78,81176.2,81176.2,5.0007
1778026380.0,81176.2,81176.21,81150.02,81150.02,3.24453
1778026440.0,81150.02,81175.37,81150.02,81156.91,1.9561
1778026500.0,81156.91,81201.0,81150.0,81201.0,6.30437
1778026560.0,81201.0,81262.28,81182.86,81182.86,65.2694
1778026620.0,81182.87,81182.87,81150.51,81150.51,13.56636
1778026680.0,81150.51,81181.94,81146.45,81152.69,23.62694
1778026740.0,81152.69,81152.7,81106.0,81106.0,7.12584
1778026800.0,81106.0,81106.01,81069.64,81069.65,20.8806
1778026860.0,81069.64,81069.65,81003.18,81003.19,6.2719
1778026920.0,81003.18,81019.25,80992.79,81011.11,10.22465
1778026980.0,81011.11,81011.11,80944.98,80975.89,8.71466
1778027040.0,80975.89,81000.0,80975.89,80998.38,6.57694
1778027100.0,80998.38,81028.0,80998.38,81027.99,4.94704
1778027160.0,81028.0,81085.73,81027.99,81060.0,7.87878
1778027220.0,81060.0,81060.0,81009.07,81009.07,3.1714
1778027280.0,81009.07,81009.08,80944.99,80944.99,11.36942
1778027340.0,80944.98,80967.17,80922.15,80922.16,5.86823
1778027400.0,80922.16,80971.64,80907.49,80949.29,16.14065
1778027460.0,80949.28,80951.02,80920.89,80951.02,4.06902
1778027520.0,80951.01,80994.07,80942.93,80985.96,5.66774
1778027580.0,80985.97,80992.47,80936.1,80942.89,3.13645
1778027640.0,80942.89,81009.75,80942.89,81001.66,3.29139
1778027700.0,81001.66,81015.43,80990.17,81015.43,4.25198
1778027760.0,81015.44,81038.73,81013.46,81018.23,6.61978
1778027820.0,81018.23,81045.99,81018.23,81036.15,5.29924
1778027880.0,81036.15,81036.15,81011.04,81029.99,1.2758
1778027940.0,81030.0,81032.59,80986.21,80986.21,2.30863
1778028000.0,80986.2,81003.35,80976.03,80980.05,4.54844
1778028060.0,80980.05,81011.15,80976.03,80976.04,1.81923
1778028120.0,80976.03,80980.58,80971.0,80972.47,2.9997
1778028180.0,80972.47,80978.96,80961.91,80975.7,5.07534
1778028240.0,80975.7,80975.7,80906.3,80906.31,8.8361
1778028300.0,80906.31,80948.39,80906.3,80922.08,3.3625
1778028360.0,80922.08,80922.08,80900.0,80900.0,2.2233
1778028420.0,80900.01,80900.01,80856.63,80856.63,5.79004
1778028480.0,80856.64,80856.64,80833.33,80849.99,108.78157
1778028540.0,80849.99,80854.07,80731.14,80808.2,102.52057
1778028600.0,80808.2,80925.89,80808.2,80925.89,12.29382
1778028660.0,80925.89,80995.0,80925.89,80971.0,9.71923
1778028720.0,80971.0,80971.0,80956.0,80964.77,3.1581
1778028780.0,80964.76,80995.0,80964.76,80994.99,1.68986
1778028840.0,80994.99,81070.0,80994.99,81040.08,9.02001
1778028900.0,81040.09,81065.87,81036.82,81065.86,3.09462
1778028960.0,81065.86,81065.87,81030.38,81030.38,4.10789
1778029020.0,81030.39,81030.39,81010.02,81010.02,1.20114
1778029080.0,81010.03,81052.69,81010.02,81043.62,3.58852
1778029140.0,81043.63,81045.25,81030.0,81030.01,2.81983
1778029200.0,81030.0,81058.38,81012.75,81012.75,6.28253
1778029260.0,81012.76,81064.39,80996.0,81060.18,14.76149
1778029320.0,81060.19,81073.6,81054.95,81073.59,2.65347
1778029380.0,81073.6,81128.86,81073.6,81120.0,9.34172
1778029440.0,81120.0,81148.33,81120.0,81148.3,4.79076
1778029500.0,81148.31,81160.31,81130.0,81130.01,6.12942
1778029560.0,81130.01,81158.88,81105.82,81158.88,4.55301
1778029620.0,81158.88,81158.88,81141.08,81141.09,5.61992
1778029680.0,81141.09,81160.72,81131.99,81160.71,4.35429
1778029740.0,81160.72,81160.72,81139.1,81150.11,8.84734
1778029800.0,81150.12,81169.21,81150.12,81156.65,2.82425
1778029860.0,81156.65,81156.66,81147.73,81147.73,3.28681
1778029920.0,81147.73,81160.0,81130.45,81130.45,7.65527
1778029980.0,81130.46,81165.31,81130.45,81165.3,6.59272
1778030040.0,81165.3,81165.31,81147.39,81161.58,6.72936
1778030100.0,81161.58,81192.57,81161.57,81192.57,13.36127
1778030160.0,81192.56,81207.61,81192.56,81207.61,7.45705
1778030220.0,81207.62,81243.59,81207.62,81243.59,8.22821
1778030280.0,81243.59,81343.68,81243.59,81343.68,27.74468
1778030340.0,81343.68,81346.78,81272.93,81287.59,14.01356
1778030400.0,81287.6,81317.45,81287.6,81308.19,4.02643
1778030460.0,81308.19,81308.19,81278.8,81278.8,4.00219
1778030520.0,81278.8,81278.81,81220.27,81220.27,4.42412
1778030580.0,81220.27,81257.45,81220.27,81243.88,2.65424
1778030640.0,81243.89,81320.01,81243.88,81294.65,51.09837
1778030700.0,81294.65,81294.65,81252.48,81290.0,11.50656
1778030760.0,81290.0,81290.01,81250.0,81260.94,54.06332
1778030820.0,81260.93,81305.39,81260.93,81298.69,15.76
1778030880.0,81298.69,81298.69,81251.42,81251.42,8.74025
1778030940.0,81251.42,81251.42,81250.0,81250.0,3.47382
1778031000.0,81250.01,81270.0,81240.0,81240.0,6.47633
1778031060.0,81240.0,81283.12,81240.0,81270.67,7.60313
1778031120.0,81270.67,81270.67,81246.0,81270.26,2.59675
1778031180.0,81270.25,81310.0,81270.25,81310.0,10.03685
1778031240.0,81310.04,81335.53,81300.0,81322.34,62.14489
1778031300.0,81322.34,81360.15,81301.93,81303.66,59.04846
1778031360.0,81303.67,81303.67,81262.63,81283.61,9.88057
1778031420.0,81283.61,81283.62,81278.8,81281.37,2.3276
1778031480.0,81281.37,81312.0,81266.03,81298.34,6.90355
1778031540.0,81298.35,81340.34,81298.34,81320.02,38.97797
1778031600.0,81320.01,81320.02,81300.52,81317.9,3.14239
1778031660.0,81317.9,81317.91,81311.88,81311.88,2.74171
1778031720.0,81311.88,81318.76,81292.03,81318.18,10.76573
1778031780.0,81318.18,81329.33,81309.35,81328.94,7.00843
1778031840.0,81328.95,81331.11,81316.66,81318.3,5.89128
1778031900.0,81318.29,81331.1,81316.66,81330.51,5.36637
1778031960.0,81330.52,81330.52,81318.35,81318.36,1.81646
1778032020.0,81318.36,81475.51,81318.35,81464.19,34.57523
1778032080.0,81462.85,81462.86,81381.4,81404.01,9.5576
1778032140.0,81404.0,81410.0,81390.44,81407.08,6.68407
1778032200.0,81407.08,81450.08,81405.91,81440.09,6.43783
1778032260.0,81440.09,81440.1,81415.28,81436.61,2.42106
1778032320.0,81436.62,81534.23,81436.62,81481.18,99.9072
1778032380.0,81481.18,81481.19,81447.51,81459.53,19.33762
1778032440.0,81459.53,81460.0,81423.84,81446.69,27.04205
1778032500.0,81446.69,81446.7,81410.0,81410.0,7.85832
1778032560.0,81410.01,81438.82,81410.01,81438.05,7.12289
1778032620.0,81438.05,81438.06,81426.98,81427.1,2.78643
1778032680.0,81427.09,81434.11,81402.33,81413.87,8.40866
1778032740.0,81413.88,81439.35,81403.8,81439.34,3.98188
1778032800.0,81439.34,81449.04,81348.77,81348.77,12.37022
1778032860.0,81348.78,81356.92,81314.28,81343.71,6.2388
1778032920.0,81343.7,81366.05,81343.7,81358.86,5.29455
1778032980.0,81358.86,81359.55,81323.81,81337.74,4.20029
1778033040.0,81337.74,81344.28,81303.94,81303.95,1.60892
1778033100.0,81303.94,81307.39,81284.0,81288.12,8.40928
1778033160.0,81288.11,81288.12,81252.71,81252.71,6.10835
1778033220.0,81252.71,81288.21,81252.71,81278.81,5.43993
1778033280.0,81278.81,81296.59,81278.8,81296.58,2.89042
1778033340.0,81296.58,81340.97,81296.58,81321.49,115.34821
1778033400.0,81321.49,81343.14,81321.49,81343.14,4.99147
1778033460.0,81343.14,81350.0,81334.11,81350.0,2.1375
1778033520.0,81349.99,81371.94,81315.06,81315.06,4.74946
1778033580.0,81315.07,81315.07,81301.12,81301.13,1.07416
1778033640.0,81301.13,81330.01,81298.02,81330.0,24.24141
1778033700.0,81330.0,81330.0,81280.3,81280.3,11.33609
1778033760.0,81280.3,81285.31,81272.0,81272.01,5.77004
1778033820.0,81272.01,81300.0,81272.0,81278.8,4.0579
1778033880.0,81278.8,81285.31,81270.37,81270.38,8.39761
1778033940.0,81270.38,81278.75,81268.15,81268.15,2.09939
1778034000.0,81268.0,81296.44,81264.0,81296.44,2.19913
1778034060.0,81296.45,81302.71,81269.02,81269.03,4.62801
1778034120.0,81269.03,81269.03,81255.21,81259.66,2.82837
1778034180.0,81259.66,81286.93,81259.65,81279.99,1.30367
1778034240.0,81280.0,81298.85,81279.99,81289.76,3.50306
1778034300.0,81289.76,81289.76,81260.33,81260.34,2.96153
1778034360.0,81260.34,81260.34,81190.0,81205.46,12.42515
1778034420.0,81205.46,81205.47,81179.34,81179.35,14.78268
1778034480.0,81179.35,81179.35,81138.0,81151.86,21.25981
1778034540.0,81151.87,81180.0,81144.57,81144.57,4.48136
1778034600.0,81144.58,81144.58,81110.01,81110.01,9.98386
1778034660.0,81110.0,81125.91,81100.0,81108.0,16.49188
1778034720.0,81108.01,81136.0,81100.26,81135.99,8.30597
1778034780.0,81136.0,81136.0,81104.22,81104.22,4.18214
1778034840.0,81104.22,81104.23,81062.49,81062.5,23.46961
1778034900.0,81062.5,81099.92,81047.01,81099.92,25.90728
1778034960.0,81099.92,81117.97,81080.01,81117.96,7.90169
1778035020.0,81117.97,81136.0,81098.15,81136.0,4.98651
1778035080.0,81135.99,81176.2,81131.22,81168.08,6.51981
1778035140.0,81168.07,81176.2,81154.46,81166.45,5.75249
1778035200.0,81166.45,81216.29,81166.44,81200.28,56.39945
1778035260.0,81200.29,81238.0,81200.29,81237.99,3.96089
1778035320.0,81237.99,81262.99,81220.29,81220.3,10.3982
1778035380.0,81220.29,81220.29,81184.12,81184.12,6.99857
1778035440.0,81184.13,81213.07,81182.79,81213.06,34.41335
1778035500.0,81213.06,81231.56,81205.61,81231.55,9.83957
1778035560.0,81231.55,81247.77,81231.55,81242.13,2.14315
1778035620.0,81242.12,81242.13,81242.12,81242.12,4.88023
1778035680.0,81242.13,81275.32,81242.12,81275.31,3.64692
1778035740.0,81275.31,81278.8,81266.82,81278.79,7.03649
1778035800.0,81278.8,81294.7,81278.79,81294.7,2.31041
1778035860.0,81294.7,81294.7,81245.81,81245.81,9.39539
1778035920.0,81245.82,81249.1,81227.85,81249.1,4.94735
1778035980.0,81249.1,81258.85,81249.1,81258.85,0.92843
1778036040.0,81258.85,81292.35,81258.85,81287.89,4.89571
1778036100.0,81287.88,81296.8,81287.88,81296.8,4.12287
1778036160.0,81296.8,81326.0,81296.79,81325.99,2.88794
1778036220.0,81326.0,81395.87,81325.99,81384.52,19.67421
1778036280.0,81384.52,81384.53,81373.5,81373.5,6.21008
1778036340.0,81373.5,81373.51,81351.31,81363.54,5.46769
1778036400.0,81363.54,81404.74,81358.17,81390.8,39.8185
1778036460.0,81390.8,81390.8,81359.7,81380.0,6.28876
1778036520.0,81380.0,81401.56,81380.0,81395.47,4.01869
1778036580.0,81395.47,81418.23,81395.46,81418.22,3.56733
1778036640.0,81418.21,81450.0,81407.01,81432.33,9.79215
1778036700.0,81432.33,81466.64,81420.45,81466.64,11.1719
1778036760.0,81466.63,81466.64,81420.35,81437.12,9.75927
1778036820.0,81437.12,81437.12,81427.8,81435.69,5.70608
1778036880.0,81435.69,81435.7,81381.4,81381.4,5.70153
1778036940.0,81381.41,81389.94,81362.38,81370.66,5.42742
1778037000.0,81370.65,81392.67,81370.65,81392.67,3.85474
1778037060.0,81392.66,81400.0,81386.39,81400.0,1.84312
1778037120.0,81399.99,81420.0,81388.77,81417.82,5.08844
1778037180.0,81417.82,81419.99,81415.96,81415.97,1.96629
1778037240.0,81415.97,81429.0,81408.04,81410.01,12.58556
1778037300.0,81410.0,81419.87,81390.62,81419.87,4.3209
1778037360.0,81419.88,81419.88,81381.41,81389.89,7.41864
1778037420.0,81389.88,81389.89,81367.71,81369.34,3.81564
1778037480.0,81369.35,81390.0,81369.34,81389.99,3.07218
1778037540.0,81389.99,81410.0,81389.99,81409.99,3.71764
1778037600.0,81409.99,81454.16,81409.99,81430.07,16.44419
1778037660.0,81430.06,81458.18,81430.06,81453.83,60.49287
1778037720.0,81453.83,81468.73,81440.0,81460.05,20.04723
1778037780.0,81460.05,81510.02,81460.04,81490.67,54.48031
1778037840.0,81490.66,81666.0,81490.66,81651.32,62.05242
1778037900.0,81651.32,81760.84,81642.01,81727.83,92.69054
1778037960.0,81727.83,81727.83,81627.22,81675.08,42.02669
1778038020.0,81675.08,81675.08,81602.67,81624.08,20.80246
1778038080.0,81624.08,81624.08,81606.06,81624.07,3.09838
1778038140.0,81624.06,81635.74,81616.28,81616.29,5.79777
1778038200.0,81616.28,81616.29,81592.71,81600.93,5.46231
1778038260.0,81600.93,81625.76,81600.93,81625.75,3.85215
1778038320.0,81625.76,81685.71,81625.76,81662.66,5.65951
1778038380.0,81662.67,81662.67,81614.31,81614.32,5.79828
1778038440.0,81614.32,81638.81,81614.31,81636.83,6.52731
1778038500.0,81636.83,81672.47,81617.35,81672.46,9.30667
1778038560.0,81672.47,81672.47,81650.0,81657.57,21.78144
1778038620.0,81657.57,81685.71,81657.57,81680.39,3.83212
1778038680.0,81680.39,81699.99,81663.24,81663.24,6.6688
1778038740.0,81663.25,81666.17,81635.12,81635.12,3.2637
1778038800.0,81635.12,81635.13,81576.79,81576.79,5.66394
1778038860.0,81576.8,81580.0,81550.0,81575.41,4.63739
1778038920.0,81575.4,81575.41,81553.06,81561.07,3.39437
1778038980.0,81561.07,81561.07,81532.74,81538.82,12.80432
1778039040.0,81538.81,81543.58,81526.67,81543.58,6.35348
1778039100.0,81543.58,81560.0,81543.58,81546.45,3.28343
1778039160.0,81546.45,81546.45,81508.04,81508.04,4.4749
1778039220.0,81508.05,81546.44,81494.63,81543.01,4.63112
1778039280.0,81543.0,81545.34,81526.01,81545.34,3.56839
1778039340.0,81545.33,81553.38,81540.0,81540.0,2.43801
1778039400.0,81540.0,81540.01,81494.63,81494.63,6.13222
1778039460.0,81494.64,81509.54,81494.64,81509.54,1.27706
1778039520.0,81509.53,81565.18,81509.53,81565.17,10.16629
1778039580.0,81565.18,81592.69,81560.87,81587.68,4.09448
1778039640.0,81587.67,81587.67,81540.0,81540.0,3.79178
1778039700.0,81540.0,81568.6,81540.0,81568.59,3.3446
1778039760.0,81568.6,81607.42,81568.59,81587.14,5.72714
1778039820.0,81587.14,81641.71,81587.14,81629.17,17.30938
1778039880.0,81629.18,81631.18,81602.6,81602.61,4.6645
1778039940.0,81602.6,81602.61,81572.32,81581.69,3.74691
1778040000.0,81581.7,81601.65,81581.69,81586.61,4.25805
1778040060.0,81586.6,81586.6,81564.51,81568.6,6.95796
1778040120.0,81568.59,81582.73,81562.04,81576.66,4.62069
1778040180.0,81576.65,81579.26,81540.49,81545.67,8.42309
1778040240.0,81545.67,81570.0,81545.67,81561.81,3.30443
1778040300.0,81561.81,81575.67,81561.8,81575.66,1.56228
1778040360.0,81575.67,81636.96,81575.66,81636.95,7.68214
1778040420.0,81636.95,81649.99,81587.07,81587.07,5.03618
1778040480.0,81587.08,81587.08,81560.65,81560.65,3.12797
1778040540.0,81560.65,81589.6,81546.99,81547.0,63.84593
1778040600.0,81547.0,81572.93,81547.0,81555.88,9.44897
1778040660.0,81555.89,81576.78,81555.88,81570.2,2.32108
1778040720.0,81570.19,81570.2,81570.0,81570.0,1.85812
1778040780.0,81569.99,81570.0,81556.2,81556.21,1.27429
1778040840.0,81556.21,81604.15,81530.98,81602.25,66.32525
1778040900.0,81602.25,81602.25,81553.1,81553.1,8.42138
1778040960.0,81553.11,81606.45,81553.1,81591.99,10.97451
1778041020.0,81592.0,81592.0,81580.03,81580.03,4.45208
1778041080.0,81580.04,81580.04,81527.9,81527.9,4.40354
1778041140.0,81527.9,81569.62,81522.1,81567.15,6.74636
1778041200.0,81567.15,81567.15,81550.0,81559.57,13.7471
1778041260.0,81559.58,81564.85,81551.64,81551.65,0.77289
1778041320.0,81551.65,81569.39,81517.71,81517.71,4.0785
1778041380.0,81517.72,81527.18,81508.2,81521.54,3.25815
1778041440.0,81521.55,81521.55,81513.64,81513.64,4.65569
1778041500.0,81513.65,81524.28,81497.46,81507.98,15.2486
1778041560.0,81507.98,81522.64,81490.0,81490.0,3.87518
1778041620.0,81490.01,81531.87,81490.01,81531.86,6.49157
1778041680.0,81531.87,81531.87,81464.1,81464.11,7.32183
1778041740.0,81464.11,81472.66,81428.57,81431.84,7.7196
1778041800.0,81431.84,81440.0,81343.45,81377.78,12.40468
1778041860.0,81377.77,81405.28,81356.01,81405.28,23.20576
1778041920.0,81405.28,81437.03,81405.28,81412.22,5.13524
1778041980.0,81412.22,81439.99,81412.21,81439.99,6.61967
1778042040.0,81439.99,81440.0,81388.41,81388.42,2.83698
1778042100.0,81388.42,81402.1,81387.3,81387.3,3.59913
1778042160.0,81387.31,81389.1,81368.62,81389.1,11.34905
1778042220.0,81389.1,81410.38,81385.98,81400.81,6.33806
1778042280.0,81400.81,81427.89,81400.8,81422.73,4.29451
1778042340.0,81422.74,81422.74,81367.46,81367.46,46.33636
1778042400.0,81367.47,81371.47,81367.46,81367.47,3.28635
1778042460.0,81367.47,81367.47,81361.74,81365.46,2.91161
1778042520.0,81365.47,81403.65,81365.46,81403.64,5.89162
1778042580.0,81403.65,81403.65,81381.4,81394.56,2.69465
1778042640.0,81394.56,81403.65,81394.55,81398.28,1.68079
1778042700.0,81398.29,81398.29,81382.12,81382.12,1.79896
1778042760.0,81382.12,81390.02,81351.34,81388.28,21.21284
1778042820.0,81388.27,81431.26,81388.27,81431.26,5.39339
1778042880.0,81431.25,81478.93,81431.25,81469.56,12.34453
1778042940.0,81469.56,81484.0,81469.54,81483.99,5.23041
1778043000.0,81484.0,81495.95,81464.28,81484.0,29.20494
1778043060.0,81484.0,81484.01,81342.92,81342.92,19.35434
1778043120.0,81342.92,81342.92,81270.0,81285.2,23.39181
1778043180.0,81285.19,81353.69,81285.19,81339.94,5.38676
1778043240.0,81339.94,81364.0,81339.93,81364.0,2.4869
1778043300.0,81363.99,81363.99,81327.1,81327.1,1.80668
1778043360.0,81327.11,81355.57,81314.12,81334.0,5.46494
1778043420.0,81334.01,81345.42,81296.6,81296.6,7.23396
1778043480.0,81296.61,81325.72,81296.6,81325.72,2.84645
1778043540.0,81325.71,81336.0,81325.71,81331.1,1.68652
1778043600.0,81331.1,81336.0,81317.46,81330.0,7.2751
1778043660.0,81329.99,81336.0,81316.53,81316.53,3.38521
1778043720.0,81316.54,81316.54,81278.8,81278.8,2.89436
1778043780.0,81278.81,81278.81,81251.12,81271.76,6.78668
1778043840.0,81271.76,81360.3,81271.75,81345.49,62.96723
1778043900.0,81345.49,81345.49,81293.94,81334.92,23.74837
1778043960.0,81334.93,81349.99,81322.59,81322.59,3.75887
1778044020.0,81322.58,81322.58,81278.8,81303.35,5.5238
1778044080.0,81303.35,81306.55,81300.0,81300.0,5.49163
1778044140.0,81300.0,81302.54,81291.26,81296.01,2.30184
1778044200.0,81296.0,81318.2,81296.0,81298.11,3.11417
1778044260.0,81298.11,81298.11,81247.47,81277.21,10.41304
1778044320.0,81277.21,81277.21,81254.04,81254.62,8.17206
1778044380.0,81254.62,81296.89,81254.62,81291.06,4.25007
1778044440.0,81291.07,81291.07,81278.8,81278.8,2.3869
1778044500.0,81278.8,81278.81,81251.63,81264.15,4.88465
1778044560.0,81264.15,81285.92,81254.59,81285.31,4.784
1778044620.0,81285.31,81320.39,81285.31,81309.59,12.11842
1778044680.0,81309.6,81309.6,81299.92,81300.01,4.14286
1778044740.0,81300.0,81300.0,81290.5,81290.51,1.05472
1778044800.0,81290.51,81293.77,81278.8,81278.8,5.69673
1778044860.0,81278.8,81278.8,81250.02,81250.02,3.684
1778044920.0,81250.03,81264.05,81230.01,81244.73,11.03271
1778044980.0,81244.72,81253.84,81238.53,81246.96,3.31082
1778045040.0,81246.96,81263.84,81246.95,81259.23,2.99472
1778045100.0,81259.23,81283.59,81259.23,81278.8,6.19055
1778045160.0,81278.81,81283.01,81250.01,81250.01,4.15478
1778045220.0,81250.02,81250.02,81247.37,81247.38,0.89778
1778045280.0,81247.37,81247.38,81247.37,81247.37,8.3865
1778045340.0,81247.38,81259.77,81247.37,81259.77,2.42777
1778045400.0,81259.77,81259.77,81236.08,81243.26,4.85421
1778045460.0,81243.26,81243.26,81236.08,81236.08,5.35559
1778045520.0,81236.08,81236.7,81214.28,81214.29,5.69046
1778045580.0,81214.28,81224.0,81200.45,81219.67,4.49731
1778045640.0,81219.67,81230.0,81216.63,81216.7,6.50514
1778045700.0,81216.7,81216.71,81124.55,81154.76,57.19635
1778045760.0,81154.75,81154.75,81091.65,81135.68,21.68474
1778045820.0,81135.69,81140.0,81083.08,81139.99,32.20781
1778045880.0,81140.0,81140.0,81111.0,81114.4,16.29791
1778045940.0,81114.39,81134.51,81060.0,81067.73,31.62476
1778046000.0,81067.72,81114.72,81067.72,81105.66,12.53593
1778046060.0,81105.67,81166.29,81105.66,81148.42,3.41552
1778046120.0,81148.42,81161.39,81140.93,81161.38,15.30015
1778046180.0,81161.39,81172.4,81161.38,81171.57,7.59086
1778046240.0,81171.57,81176.2,81166.03,81166.04,9.46522
1778046300.0,81166.04,81193.9,81166.03,81185.05,10.05231
1778046360.0,81185.06,81197.18,81182.32,81197.18,12.0441
1778046420.0,81197.18,81218.21,81197.17,81218.21,3.68206
1778046480.0,81218.21,81245.85,81218.2,81225.53,6.65051
1778046540.0,81225.53,81259.21,81225.52,81243.52,13.09892
1778046600.0,81243.52,81276.39,81243.52,81276.39,2.89411
1778046660.0,81276.38,81278.79,81240.04,81240.05,4.26837
1778046720.0,81240.05,81240.05,81224.0,81224.0,2.64078
1778046780.0,81224.01,81232.62,81224.0,81232.62,2.44449
1778046840.0,81232.61,81250.0,81230.31,81230.31,3.14705
1778046900.0,81230.32,81247.53,81230.31,81247.53,1.71219
1778046960.0,81247.53,81282.85,81247.52,81282.85,3.89809
1778047020.0,81282.85,81299.74,81282.84,81291.24,7.63449
1778047080.0,81291.24,81317.83,81291.23,81317.82,5.0299
1778047140.0,81317.83,81333.15,81305.43,81333.0,50.53683
1778047200.0,81333.0,81355.12,81317.25,81353.84,54.70094
1778047260.0,81353.84,81396.97,81336.2,81369.3,38.57914
1778047320.0,81369.29,81369.3,81333.57,81340.94,4.57768
1778047380.0,81340.94,81377.62,81340.93,81369.3,8.39015
1778047440.0,81369.3,81377.62,81369.29,81377.62,2.14969
1778047500.0,81377.62,81393.23,81377.62,81381.4,5.50801
1778047560.0,81381.4,81381.4,81354.02,81354.03,6.46204
1778047620.0,81354.02,81354.02,81302.66,81302.67,4.88849
1778047680.0,81302.66,81328.15,81302.66,81306.78,4.1177
1778047740.0,81306.79,81306.79,81290.17,81290.17,2.03291
1778047800.0,81290.18,81290.18,81222.6,81256.3,16.0332
1778047860.0,81256.29,81265.76,81256.29,81265.76,1.87049
1778047920.0,81265.75,81269.72,81255.17,81269.72,5.75976
1778047980.0,81269.71,81279.31,81264.42,81279.31,5.3304
1778048040.0,81279.3,81279.31,81263.04,81263.04,6.54178
1778048100.0,81263.04,81263.05,81230.01,81248.39,8.41965
1778048160.0,81248.38,81248.39,81231.96,81231.96,3.34701
1778048220.0,81231.96,81231.97,81211.34,81224.35,4.90896
1778048280.0,81224.35,81235.21,81224.34,81224.52,6.22149
1778048340.0,81224.53,81270.0,81224.52,81269.99,7.94141
1778048400.0,81270.0,81279.49,81255.84,81277.41,14.17037
1778048460.0,81277.42,81281.2,81263.08,81281.2,5.3542
1778048520.0,81281.2,81285.26,81270.0,81278.81,7.85619
1778048580.0,81278.8,81289.4,81278.8,81289.4,1.61969
1778048640.0,81289.39,81321.96,81289.39,81321.96,2.83118
1778048700.0,81321.96,81321.96,81282.23,81282.23,6.0081
1778048760.0,81282.23,81316.91,81282.23,81316.91,2.72452
1778048820.0,81316.91,81355.52,81316.9,81355.52,3.75068
1778048880.0,81355.51,81375.43,81355.51,81375.43,5.45273
1778048940.0,81375.43,81393.23,81372.26,81372.27,6.3142
1778049000.0,81372.27,81374.23,81342.26,81374.23,6.69172
1778049060.0,81374.23,81374.24,81366.13,81370.0,6.59703
1778049120.0,81370.0,81416.96,81369.99,81405.87,35.96055
1778049180.0,81405.88,81413.57,81372.05,81372.05,9.23498
1778049240.0,81372.05,81372.06,81361.55,81361.55,3.0147
1778049300.0,81361.54,81396.0,81361.54,81389.99,5.61291
1778049360.0,81390.0,81411.95,81389.99,81409.86,7.19952
1778049420.0,81409.86,81447.07,81409.86,81422.98,9.45711
1778049480.0,81422.98,81456.69,81422.98,81456.69,6.09316
1778049540.0,81456.7,81466.06,81414.45,81414.45,2.30021
1778049600.0,81414.45,81435.55,81414.45,81420.42,2.48588
1778049660.0,81420.43,81443.69,81420.42,81436.33,3.11546
1778049720.0,81436.32,81436.32,81386.66,81415.74,13.82562
1778049780.0,81415.74,81444.14,81415.73,81440.06,3.56924
1778049840.0,81440.06,81472.74,81428.31,81472.73,12.39914
1778049900.0,81472.74,81497.91,81463.58,81463.58,14.92532
1778049960.0,81463.58,81485.85,81463.58,81485.85,6.20967
1778050020.0,81485.86,81486.11,81484.0,81484.01,2.05635
1778050080.0,81484.01,81516.9,81476.29,81493.26,11.07201
1778050140.0,81493.27,81516.09,81493.26,81515.5,2.7161
1778050200.0,81515.5,81515.51,81487.27,81494.89,9.99411
1778050260.0,81494.88,81494.89,81484.0,81484.01,3.43303
1778050320.0,81484.01,81492.16,81458.52,81466.68,9.87541
1778050380.0,81466.67,81486.96,81466.67,81485.34,7.46627
1778050440.0,81485.33,81487.08,81470.74,81487.07,3.46747
1778050500.0,81487.07,81487.08,81454.01,81454.02,28.45081
1778050560.0,81454.02,81480.0,81454.01,81480.0,9.1909
1778050620.0,81480.0,81486.5,81479.99,81486.48,7.41667
1778050680.0,81486.48,81486.48,81481.72,81486.48,2.96915
1778050740.0,81486.48,81501.27,81476.7,81476.71,23.47214
1778050800.0,81476.71,81492.78,81476.71,81480.01,7.93921
1778050860.0,81480.0,81514.22,81480.0,81514.21,6.5925
1778050920.0,81514.21,81514.21,81486.85,81495.92,7.04446
1778050980.0,81495.92,81539.41,81495.92,81527.83,16.47794
1778051040.0,81527.83,81543.42,81460.0,81460.01,6.37848
1778051100.0,81460.01,81499.98,81460.01,81499.97,4.63241
1778051160.0,81499.97,81511.72,81490.01,81497.08,5.17646
1778051220.0,81497.08,81516.39,81491.78,81516.38,3.66447
1778051280.0,81516.39,81537.44,81500.55,81537.43,5.48349
1778051340.0,81537.44,81568.95,81537.43,81568.94,8.41426
1778051400.0,81568.94,81568.95,81554.0,81554.01,9.44355
1778051460.0,81554.01,81603.71,81554.0,81591.8,25.5677
1778051520.0,81591.8,81611.0,81582.11,81582.11,10.61447
1778051580.0,81582.11,81582.11,81540.01,81540.01,4.07354
1778051640.0,81540.01,81540.01,81458.34,81458.34,73.50049
1778051700.0,81458.35,81502.0,81458.35,81492.09,7.76156
1778051760.0,81492.1,81504.81,81492.1,81492.65,5.38283
1778051820.0,81492.64,81492.64,81453.45,81461.6,10.06957
1778051880.0,81461.6,81492.03,81461.6,81492.02,3.72712
1778051940.0,81492.03,81503.11,81492.03,81503.1,6.0053
1778052000.0,81503.11,81506.94,81496.41,81496.41,7.02971
1778052060.0,81496.03,81505.4,81490.56,81505.39,1.8827
1778052120.0,81505.39,81594.75,81505.39,81594.74,7.34261
1778052180.0,81594.75,81594.75,81530.02,81531.91,6.09744
1778052240.0,81531.91,81531.92,81509.04,81525.17,2.35833
1778052300.0,81525.18,81570.05,81525.17,81570.05,4.4757
1778052360.0,81570.2,81596.15,81570.2,81596.15,5.31937
1778052420.0,81596.14,81596.15,81573.83,81573.83,5.43395
1778052480.0,81573.83,81573.84,81548.36,81548.37,4.37474
1778052540.0,81548.37,81556.0,81530.0,81553.78,4.84206
1778052600.0,81553.78,81553.78,81513.69,81537.34,17.58087
1778052660.0,81537.33,81537.33,81484.0,81484.01,14.55659
1778052720.0,81484.0,81513.72,81484.0,81500.36,6.40654
1778052780.0,81500.36,81500.37,81463.66,81463.67,5.89647
1778052840.0,81463.66,81483.82,81442.56,81442.56,7.49802
1778052900.0,81442.56,81458.87,81442.56,81448.05,10.75854
1778052960.0,81448.04,81448.05,81433.33,81440.42,6.10722
1778053020.0,81440.42,81440.42,81422.17,81428.34,6.35266
1778053080.0,81428.34,81450.18,81423.53,81450.18,4.23279
1778053140.0,81450.17,81459.99,81441.81,81459.99,6.77261
1778053200.0,81459.98,81459.99,81438.31,81440.5,5.90211
1778053260.0,81440.49,81440.5,81431.65,81431.66,4.95554
1778053320.0,81431.65,81431.66,81415.74,81415.75,5.13034
1778053380.0,81415.74,81415.75,81400.0,81404.67,16.26401
1778053440.0,81404.67,81424.04,81404.67,81412.5,9.08436
1778053500.0,81412.5,81435.33,81400.0,81400.01,8.34477
1778053560.0,81400.0,81461.26,81400.0,81429.99,12.16091
1778053620.0,81429.99,81437.74,81400.0,81400.01,6.51238
1778053680.0,81400.0,81413.31,81394.57,81394.57,12.57348
1778053740.0,81394.57,81428.0,81385.0,81426.65,16.10014
1778053800.0,81426.65,81426.66,81360.09,81360.09,18.72998
1778053860.0,81360.09,81385.31,81360.09,81385.31,8.86695
1778053920.0,81385.3,81385.31,81350.98,81350.99,8.1257
1778053980.0,81350.98,81357.65,81340.0,81349.85,17.0293
1778054040.0,81349.85,81349.86,81349.85,81349.86,7.13015
1778054100.0,81349.85,81349.86,81332.29,81332.3,9.05533
1778054160.0,81332.29,81332.3,81307.82,81307.82,11.21419
1778054220.0,81307.82,81345.87,81307.81,81345.86,10.05032
1778054280.0,81345.86,81361.22,81345.86,81349.87,7.84842
1778054340.0,81349.87,81393.16,81334.8,81359.82,50.39622
1778054400.0,81359.82,81370.0,81349.16,81357.97,12.84281
1778054460.0,81357.97,81413.0,81328.68,81413.0,6.14819
1778054520.0,81412.99,81446.69,81412.99,81446.26,4.52703
1778054580.0,81446.26,81510.0,81446.26,81485.91,14.91103
1778054640.0,81485.92,81511.21,81476.01,81509.39,5.55356
1778054700.0,81509.4,81582.0,81509.39,81577.16,7.1571
1778054760.0,81577.15,81586.6,81541.12,81548.4,27.68237
1778054820.0,81548.4,81586.6,81548.4,81586.6,32.57922
1778054880.0,81586.6,81620.92,81586.59,81599.14,36.49166
1778054940.0,81599.14,81605.31,81546.0,81546.01,29.44385
1778055000.0,81546.01,81608.57,81546.0,81561.04,31.16319
1778055060.0,81561.05,81582.04,81554.65,81561.67,17.61011
1778055120.0,81561.66,81561.66,81520.0,81520.0,3.86256
1778055180.0,81520.01,81554.06,81513.62,81554.06,7.61503
1778055240.0,81554.06,81555.12,81547.5,81547.5,7.45765
1778055300.0,81547.51,81547.51,81523.16,81525.89,5.71815
1778055360.0,81525.89,81534.05,81520.0,81520.01,3.29573
1778055420.0,81520.0,81535.2,81520.0,81535.2,1.81888
1778055480.0,81535.2,81535.2,81520.0,81525.88,2.04257
1778055540.0,81525.89,81525.89,81514.03,81514.04,1.55236
1778055600.0,81514.04,81527.84,81500.0,81517.92,3.96676
1778055660.0,81517.92,81529.63,81517.91,81529.62,0.98718
1778055720.0,81529.62,81529.63,81514.22,81526.19,2.93621
1778055780.0,81526.19,81546.44,81526.18,81542.6,5.87493
1778055840.0,81542.61,81579.95,81542.61,81563.8,2.387
1778055900.0,81563.8,81563.81,81552.32,81552.33,2.10266
1778055960.0,81552.32,81552.33,81550.01,81550.01,1.23812
1778056020.0,81550.01,81563.81,81550.01,81554.0,3.77962
1778056080.0,81554.0,81562.17,81554.0,81554.02,3.23247
1778056140.0,81554.02,81570.0,81554.01,81570.0,2.38803
1778056200.0,81570.0,81600.0,81569.0,81600.0,4.47174
1778056260.0,81600.0,81620.0,81594.08,81598.98,16.06147
1778056320.0,81598.99,81684.42,81598.98,81679.41,23.35831
1778056380.0,81679.41,81750.0,81663.25,81749.87,79.48955
1778056440.0,81749.86,81884.42,81687.59,81715.48,224.10442
1778056500.0,81715.48,81788.84,81715.48,81779.76,22.44157
1778056560.0,81779.75,81836.67,81766.69,81799.99,30.13704
1778056620.0,81800.0,81805.89,81766.69,81766.69,6.53743
1778056680.0,81766.69,81766.7,81689.44,81690.0,51.43918
1778056740.0,81689.99,81690.0,81621.35,81663.62,15.03325
1778056800.0,81663.61,81665.1,81652.0,81652.0,7.18483
1778056860.0,81652.0,81676.72,81652.0,81676.72,5.36203
1778056920.0,81676.72,81726.39,81676.72,81723.52,4.40272
1778056980.0,81723.51,81729.28,81710.0,81722.21,3.92652
1778057040.0,81722.22,81730.0,81700.0,81700.01,6.40325
1778057100.0,81700.01,81722.7,81692.53,81692.54,10.37159
1778057160.0,81692.54,81723.42,81669.63,81669.63,11.4067
1778057220.0,81669.63,81672.34,81649.57,81672.33,8.28755
1778057280.0,81672.34,81672.34,81640.0,81640.01,2.73372
1778057340.0,81640.0,81640.01,81640.0,81640.01,1.93118
1778057400.0,81640.0,81846.16,81621.49,81730.87,118.93789
1778057460.0,81730.87,81817.84,81724.62,81804.29,43.94205
1778057520.0,81804.29,81890.0,81791.81,81889.99,51.23213
1778057580.0,81889.99,81950.0,81842.0,81867.99,68.74469
1778057640.0,81867.99,81939.99,81858.8,81920.76,37.34723
1778057700.0,81920.77,81986.0,81870.14,81954.5,78.67987
1778057760.0,81954.49,81979.62,81920.6,81932.82,35.43548
1778057820.0,81932.82,81946.77,81860.0,81894.41,71.89184
1778057880.0,81894.4,81926.4,81885.49,81918.2,16.46123
1778057940.0,81918.21,81945.66,81903.04,81945.66,7.29167
1778058000.0,81945.66,81966.0,81894.4,81894.4,26.50949
1778058060.0,81894.41,81894.41,81821.44,81821.45,15.10529
1778058120.0,81821.44,81843.25,81761.84,81793.99,44.48488
1778058180.0,81793.99,81798.25,81762.17,81768.0,7.36775
1778058240.0,81768.01,81817.94,81762.2,81817.94,5.77229
1778058300.0,81817.93,81829.93,81776.52,81799.99,7.19376
1778058360.0,81800.0,81937.11,81799.99,81905.24,62.18502
1778058420.0,81905.25,81950.0,81888.29,81927.99,26.99713
1778058480.0,81928.0,81928.0,81854.84,81854.84,6.14937
1778058540.0,81854.84,81858.47,81838.16,81854.67,7.64807
1778058600.0,81854.67,81908.49,81854.66,81907.79,9.25869
1778058660.0,81907.79,81939.99,81903.69,81921.68,6.04996
1778058720.0,81921.67,81921.68,81894.4,81894.4,5.29544
1778058780.0,81894.4,81894.41,81865.79,81865.8,4.35036
1778058840.0,81865.79,81865.8,81815.2,81815.2,9.48828
1778058900.0,81815.21,81828.0,81815.2,81827.99,5.86629
1778058960.0,81827.99,81848.2,81827.99,81848.19,5.64335
1778059020.0,81848.19,81865.6,81845.78,81865.6,4.1659
1778059080.0,81865.59,81865.59,81818.0,81825.99,3.7593
1778059140.0,81825.98,81845.05,81823.75,81830.47,6.17123
1778059200.0,81830.47,81830.47,81800.44,81808.78,8.57778
1778059260.0,81808.78,81813.58,81777.09,81777.09,7.89547
1778059320.0,81777.09,81778.02,81683.17,81683.17,21.17953
1778059380.0,81683.16,81725.41,81682.7,81703.67,13.88657
1778059440.0,81703.66,81718.98,81695.49,81718.97,7.48147
1778059500.0,81718.97,81718.97,81695.49,81702.57,5.80657
1778059560.0,81702.57,81718.86,81702.57,81718.86,7.01332
1778059620.0,81718.85,81742.92,81718.85,81742.91,9.32601
1778059680.0,81742.92,81754.77,81740.0,81740.01,4.57799
1778059740.0,81740.0,81765.81,81740.0,81765.8,5.87177
1778059800.0,81765.8,81765.81,81760.0,81760.01,4.28414
1778059860.0,81760.01,81791.8,81760.01,81791.8,6.31809
1778059920.0,81791.8,81997.0,81791.8,81865.19,114.82575
1778059980.0,81865.18,81945.75,81851.94,81932.53,10.33747
1778060040.0,81932.53,81968.0,81919.22,81929.15,10.32449
1778060100.0,81929.16,81941.96,81895.77,81909.96,5.45262
1778060160.0,81909.96,81956.64,81900.82,81941.0,23.84575
1778060220.0,81941.0,81959.01,81904.06,81905.3,21.65885
1778060280.0,81905.3,81957.1,81900.88,81957.1,15.44592
1778060340.0,81957.1,82010.0,81957.09,82009.99,153.42615
1778060400.0,82010.0,82060.0,82005.2,82025.0,32.15298
1778060460.0,82025.0,82055.76,82001.25,82032.83,29.67415
1778060520.0,82032.83,82049.85,82001.25,82001.26,13.71736
1778060580.0,82001.25,82006.53,82000.0,82000.01,12.99885
1778060640.0,82000.01,82019.52,82000.0,82014.77,20.16677
1778060700.0,82014.78,82014.78,81900.1,81908.31,58.19841
1778060760.0,81908.3,81938.51,81839.0,81839.03,28.77554
1778060820.0,81839.03,81879.99,81812.9,81848.69,22.76044
1778060880.0,81848.7,81848.7,81767.72,81834.46,22.98741
1778060940.0,81834.46,81894.4,81834.45,81894.4,13.13664
1778061000.0,81894.4,81902.59,81841.9,81841.91,16.85547
1778061060.0,81841.9,81890.0,81841.9,81890.0,7.67388
1778061120.0,81890.0,81942.61,81890.0,81942.61,8.84345
1778061180.0,81942.61,81959.0,81929.76,81959.0,12.12301
1778061240.0,81959.0,81959.0,81947.01,81955.21,6.80137
1778061300.0,81955.22,81994.7,81955.21,81984.63,12.30408
1778061360.0,81984.63,81984.64,81964.11,81976.29,22.21344
1778061420.0,81976.28,81976.28,81953.23,81968.48,8.944
1778061480.0,81968.48,81979.7,81968.47,81979.7,6.49057
1778061540.0,81979.7,81997.0,81972.45,81997.0,12.91812
1778061600.0,81997.0,82020.0,81975.59,81980.01,23.04135
1778061660.0,81980.01,82018.16,81978.28,82009.98,20.70381
1778061720.0,82009.98,82058.0,82009.97,82036.73,19.42625
1778061780.0,82036.72,82036.73,82011.42,82011.44,5.15342
1778061840.0,82011.43,82050.0,82011.43,82038.01,13.94257
1778061900.0,82038.0,82038.0,81953.25,81964.8,18.04823
1778061960.0,81964.79,82008.19,81964.79,82008.18,16.79202
1778062020.0,82008.17,82008.18,81982.79,82000.0,7.10629
1778062080.0,82000.0,82000.0,81974.46,81974.46,7.22657
1778062140.0,81974.46,82018.51,81974.46,82018.5,8.12305
1778062200.0,82018.51,82057.38,82018.51,82049.99,14.77873
1778062260.0,82050.0,82077.5,82049.99,82063.09,20.77926
1778062320.0,82063.08,82076.35,82044.99,82065.92,14.65582
1778062380.0,82065.92,82077.5,82049.69,82076.35,12.25794
1778062440.0,82076.36,82131.0,82042.78,82042.78,52.20053
1778062500.0,82042.79,82065.93,82016.78,82016.79,13.87569
1778062560.0,82016.78,82060.0,82004.95,82060.0,8.68656
1778062620.0,82060.0,82115.0,82059.99,82113.05,21.82349
1778062680.0,82113.06,82135.49,82113.06,82135.03,15.42785
1778062740.0,82135.03,82135.04,82114.04,82132.4,8.44111
1778062800.0,82132.4,82190.0,82122.91,82159.5,50.5092
1778062860.0,82159.49,82206.97,82114.09,82114.09,34.57383
1778062920.0,82114.1,82146.21,82104.25,82132.44,14.94962
1778062980.0,82132.45,82157.26,82132.44,82141.79,76.12692
1778063040.0,82141.79,82185.97,82141.78,82174.0,19.46055
1778063100.0,82174.93,82243.2,82174.93,82202.41,39.72291
1778063160.0,82202.41,82215.0,82168.1,82215.0,32.88281
1778063220.0,82214.99,82220.0,82195.26,82195.27,17.0182
1778063280.0,82195.26,82195.27,82150.0,82153.93,8.80731
1778063340.0,82153.94,82191.52,82112.29,82191.51,65.28624
1778063400.0,82191.51,82206.09,82170.0,82193.25,13.37434
1778063460.0,82193.25,82242.82,82189.0,82209.99,17.79205
1778063520.0,82209.99,82210.0,82170.0,82170.01,11.883
1778063580.0,82170.0,82199.43,82162.51,82199.43,15.2481
1778063640.0,82199.43,82292.65,82199.42,82226.64,61.78142
1778063700.0,82226.64,82294.45,82221.38,82280.26,49.9184
1778063760.0,82280.26,82280.26,82218.55,82218.58,46.21579
1778063820.0,82218.58,82270.0,82207.65,82269.99,22.55831
1778063880.0,82269.99,82282.82,82234.25,82282.81,22.95891
1778063940.0,82282.82,82282.82,82245.06,82247.22,11.20777
1778064000.0,82247.23,82259.3,82247.22,82259.28,5.89862
1778064060.0,82259.29,82270.0,82250.0,82250.01,8.79778
1778064120.0,82250.01,82270.0,82216.39,82270.0,11.83272
1778064180.0,82269.99,82298.2,82252.01,82252.01,26.03948
1778064240.0,82252.02,82284.75,82250.01,82250.01,16.31765
1778064300.0,82250.0,82284.75,82222.2,82284.75,12.26112
1778064360.0,82284.75,82284.75,82250.81,82252.24,14.2259
1778064420.0,82252.24,82263.5,82246.75,82255.29,6.9957
1778064480.0,82255.28,82255.29,82222.0,82228.97,8.16855
1778064540.0,82228.96,82228.96,82137.77,82169.66,25.35966
1778064600.0,82169.66,82183.36,82151.26,82178.43,6.99875
1778064660.0,82178.42,82200.01,82178.42,82187.73,7.5774
1778064720.0,82187.72,82236.18,82186.38,82229.65,21.24597
1778064780.0,82229.64,82295.0,82216.44,82284.76,37.21287
1778064840.0,82284.75,82390.0,82284.75,82346.72,67.82471
1778064900.0,82346.72,82346.72,82305.74,82338.95,25.70742
1778064960.0,82338.94,82355.59,82280.03,82280.03,13.36078
1778065020.0,82280.04,82333.99,82280.04,82327.35,12.36793
1778065080.0,82327.36,82327.36,82304.8,82304.81,10.95193
1778065140.0,82304.81,82304.81,82290.03,82290.04,8.93975
1778065200.0,82290.03,82323.23,82261.6,82304.8,10.27925
1778065260.0,82304.8,82348.99,82290.04,82345.58,7.83601
1778065320.0,82345.58,82419.99,82326.05,82360.53,34.47813
1778065380.0,82360.54,82367.75,82304.8,82367.74,14.18331
1778065440.0,82367.75,82428.0,82367.74,82407.41,14.90432
1778065500.0,82407.4,82475.78,82407.4,82471.11,32.02209
1778065560.0,82471.11,82484.21,82442.93,82450.03,15.78529
1778065620.0,82450.02,82450.03,82420.0,82420.01,4.69245
1778065680.0,82420.01,82450.0,82412.01,82440.76,21.47145
1778065740.0,82440.76,82458.83,82440.76,82456.4,15.46088
1778065800.0,82456.4,82465.92,82430.01,82430.02,10.5522
1778065860.0,82430.01,82439.82,82430.0,82432.33,9.22262
1778065920.0,82432.32,82432.33,82381.0,82399.13,12.54621
1778065980.0,82399.14,82427.5,82399.13,82427.5,8.47465
1778066040.0,82427.5,82427.5,82400.03,82417.55,11.98656
1778066100.0,82417.55,82480.46,82412.15,82480.46,25.53902
1778066160.0,82480.46,82500.0,82428.0,82429.15,34.57546
1778066220.0,82429.16,82610.0,82429.15,82591.84,114.83377
1778066280.0,82591.84,82601.97,82522.19,82527.59,21.55775
1778066340.0,82527.58,82573.64,82519.99,82528.93,15.75431
1778066400.0,82528.92,82754.33,82528.92,82749.84,86.74199
1778066460.0,82749.83,82749.84,82636.48,82685.89,62.2448
1778066520.0,82685.89,82850.0,82685.89,82835.04,121.60978
1778066580.0,82835.04,82848.0,82738.29,82789.53,47.40699
1778066640.0,82789.52,82812.58,82761.29,82761.29,26.18208
1778066700.0,82761.29,82807.91,82738.29,82738.29,18.52713
1778066760.0,82738.29,82738.29,82692.83,82709.32,17.67287
1778066820.0,82709.32,82709.32,82672.0,82687.18,15.20593
1778066880.0,82687.19,82708.02,82636.72,82661.02,84.65332
1778066940.0,82661.02,82698.99,82661.02,82684.01,12.75114
1778067000.0,82684.0,82716.55,82680.0,82688.28,16.79765
1778067060.0,82688.27,82690.0,82680.0,82690.0,6.47032
1778067120.0,82689.99,82708.74,82657.97,82657.97,9.83155
1778067180.0,82657.98,82696.94,82640.6,82675.89,29.20554
1778067240.0,82675.89,82700.0,82661.1,82698.28,15.08744
1778067300.0,82698.28,82729.91,82698.28,82720.67,13.61571
1778067360.0,82720.68,82770.4,82715.2,82760.19,26.8256
1778067420.0,82760.19,82760.2,82701.24,82720.39,14.40023
1778067480.0,82720.39,82730.41,82701.25,82701.26,10.06421
1778067540.0,82701.26,82726.06,82700.0,82715.21,10.22084
1778067600.0,82715.2,82747.27,82680.01,82680.01,13.0969
1778067660.0,82680.01,82680.01,82516.32,82555.94,51.47208
1778067720.0,82555.95,82592.88,82516.0,82516.01,24.17297
1778067780.0,82516.01,82520.97,82500.0,82508.0,27.69416
1778067840.0,82508.01,82513.77,82500.0,82501.85,17.97736
1778067900.0,82501.85,82550.0,82482.72,82542.03,57.06681
1778067960.0,82542.03,82542.03,82494.63,82502.81,13.43586
1778068020.0,82502.81,82586.78,82502.81,82543.2,22.02908
1778068080.0,82543.19,82562.86,82510.0,82518.18,9.0783
1778068140.0,82518.17,82562.86,82518.17,82531.25,5.00441
1778068200.0,82531.25,82587.26,82531.24,82576.24,7.53775
1778068260.0,82576.24,82576.24,82540.25,82563.8,13.01469
1778068320.0,82563.79,82563.79,82534.33,82544.01,8.95947
1778068380.0,82544.0,82551.9,82534.59,82546.0,7.66593
1778068440.0,82545.99,82551.7,82528.91,82551.69,14.79509
1778068500.0,82551.7,82559.95,82551.68,82555.32,10.49441
1778068560.0,82555.32,82555.32,82506.0,82515.69,31.6619
1778068620.0,82515.7,82532.82,82510.0,82524.7,10.11227
1778068680.0,82524.7,82538.09,82518.91,82518.92,3.21365
1778068740.0,82518.92,82522.89,82512.9,82522.89,5.77935
1778068800.0,82522.88,82536.6,82516.21,82536.59,12.73151
1778068860.0,82536.6,82539.33,82462.38,82478.85,17.80179
1778068920.0,82478.86,82499.22,82424.92,82424.93,28.26497
1778068980.0,82424.93,82424.93,82393.02,82393.03,9.67865
1778069040.0,82393.03,82393.03,82368.3,82368.3,13.75035
1778069100.0,82368.31,82387.44,82333.23,82353.42,33.99619
1778069160.0,82353.42,82353.42,82318.88,82340.53,14.0012
1778069220.0,82340.52,82387.7,82316.66,82387.7,14.24275
1778069280.0,82387.69,82408.6,82386.79,82398.63,8.40138
1778069340.0,82398.62,82398.63,82353.71,82353.71,8.78356
1778069400.0,82353.71,82353.71,82324.97,82351.23,7.87771
1778069460.0,82351.23,82351.23,82321.85,82329.57,13.02436
1778069520.0,82329.57,82329.58,82304.8,82306.46,14.18821
1778069580.0,82306.45,82339.61,82306.45,82324.91,14.03692
1778069640.0,82324.92,82385.03,82200.0,82200.47,37.94841
1778069700.0,82200.47,82304.8,82184.21,82304.8,46.33203
1778069760.0,82304.8,82304.8,82272.0,82295.89,11.84663
1778069820.0,82295.89,82295.9,82232.85,82290.59,17.7729
1778069880.0,82290.59,82336.12,82282.78,82294.31,13.83917
1778069940.0,82294.31,82294.31,82232.11,82271.16,18.40299
1778070000.0,82271.15,82382.35,82271.15,82382.34,22.03484
1778070060.0,82382.35,82401.5,82370.0,82390.21,9.44223
1778070120.0,82390.21,82463.75,82384.99,82429.5,26.57826
1778070180.0,82429.5,82487.7,82429.49,82464.11,11.60284
1778070240.0,82464.12,82466.8,82414.36,82414.36,4.32467
1778070300.0,82414.37,82446.0,82407.4,82433.1,11.15048
1778070360.0,82433.11,82433.11,82418.19,82430.8,8.73264
1778070420.0,82430.81,82430.81,82396.7,82396.71,7.19533
1778070480.0,82396.71,82396.71,82382.59,82389.6,3.16174
1778070540.0,82389.59,82389.6,82387.43,82388.49,12.27899
1778070600.0,82388.48,82388.5,82364.92,82364.93,10.30804
1778070660.0,82364.92,82365.04,82356.79,82365.03,7.14547
1778070720.0,82365.04,82410.81,82365.03,82410.81,11.67269
1778070780.0,82410.82,82414.35,82389.99,82393.3,6.95405
1778070840.0,82393.29,82430.22,82389.99,82430.21,6.25267
1778070900.0,82430.21,82430.8,82407.4,82420.95,4.12369
1778070960.0,82420.95,82420.96,82385.48,82405.44,7.61802
1778071020.0,82405.44,82405.45,82351.3,82364.58,4.32231
1778071080.0,82364.57,82364.59,82332.05,82332.05,10.2423
1778071140.0,82332.05,82354.36,82322.06,82343.13,15.79641
1778071200.0,82343.12,82343.57,82315.53,82335.66,5.27188
1778071260.0,82335.67,82335.67,82304.8,82304.8,2.82051
1778071320.0,82304.81,82340.2,82304.8,82321.71,18.1401
1778071380.0,82321.72,82329.96,82318.16,82318.16,2.1488
1778071440.0,82318.17,82347.71,82296.58,82347.7,18.49417
1778071500.0,82347.71,82359.1,82311.07,82320.19,16.3299
1778071560.0,82320.2,82331.34,82310.94,82331.34,4.51404
1778071620.0,82331.34,82420.08,82331.33,82407.64,9.48167
1778071680.0,82407.64,82419.44,82383.5,82383.51,4.42442
1778071740.0,82383.5,82393.82,82365.86,82393.81,4.90593
1778071800.0,82393.81,82404.98,82358.0,82368.52,18.71589
1778071860.0,82368.52,82395.42,82368.51,82395.41,4.07407
1778071920.0,82395.41,82412.47,82395.41,82412.47,6.35841
1778071980.0,82412.47,82424.72,82400.0,82407.41,8.46473
1778072040.0,82407.42,82407.42,82270.0,82304.81,25.98106
1778072100.0,82304.81,82364.91,82164.61,82221.75,53.40922
1778072160.0,82221.76,82297.98,82221.75,82281.66,17.49259
1778072220.0,82281.65,82285.77,82250.05,82251.93,14.75546
1778072280.0,82251.93,82252.48,82190.13,82204.66,19.89617
1778072340.0,82204.67,82225.18,82204.66,82220.47,7.38973
1778072400.0,82220.47,82220.47,82123.0,82138.85,23.94565
1778072460.0,82138.85,82138.85,82044.28,82054.32,34.18011
1778072520.0,82054.32,82155.31,82054.31,82155.31,17.39743
1778072580.0,82155.3,82214.19,82155.3,82202.2,18.02598
1778072640.0,82202.21,82208.01,82091.14,82091.14,40.82826
1778072700.0,82091.15,82126.28,82070.0,82070.01,24.67635
1778072760.0,82070.0,82079.23,82012.35,82033.94,29.79446
1778072820.0,82033.94,82033.95,81888.0,81900.43,54.66403
1778072880.0,81900.44,82014.92,81840.0,81997.01,65.41469
1778072940.0,81997.01,82025.42,81973.82,82025.41,26.30423
1778073000.0,82025.41,82096.23,82017.97,82096.23,18.45476
1778073060.0,82096.23,82163.6,82071.05,82163.29,32.16921
1778073120.0,82163.28,82166.66,82129.89,82131.62,3.85266
1778073180.0,82131.62,82131.62,82096.14,82124.86,7.37134
1778073240.0,82124.86,82133.55,82109.72,82109.73,20.46873
1778073300.0,82109.72,82164.05,82109.72,82128.01,15.1152
1778073360.0,82128.0,82135.54,82080.01,82135.53,9.16264
1778073420.0,82135.54,82164.0,82122.96,82164.0,8.09682
1778073480.0,82164.0,82164.0,82111.72,82111.73,4.82118
1778073540.0,82111.73,82111.73,82023.21,82023.21,31.5021
1778073600.0,82023.2,82088.73,81965.38,82047.64,24.67281
1778073660.0,82047.64,82058.0,81997.0,82051.22,10.24668
1778073720.0,82051.23,82051.23,82020.4,82047.61,3.91651
1778073780.0,82047.62,82051.22,82019.66,82036.66,7.08599
1778073840.0,82036.65,82044.21,81983.5,81994.65,7.45184
1778073900.0,81994.66,81999.45,81896.73,81909.36,20.9737
1778073960.0,81909.37,81945.86,81881.84,81894.4,12.82944
1778074020.0,81894.4,81932.42,81880.0,81932.41,9.39687
1778074080.0,81932.41,81967.96,81904.01,81966.03,23.10096
1778074140.0,81966.02,81993.81,81952.97,81952.97,14.55349
1778074200.0,81952.98,81952.98,81840.01,81903.51,31.28319
1778074260.0,81903.5,82051.15,81903.5,82051.15,34.39883
1778074320.0,82051.14,82059.89,82012.61,82036.89,7.22587
1778074380.0,82036.89,82036.9,81949.23,81949.23,17.46005
1778074440.0,81949.23,82009.22,81945.88,82003.81,4.26205
1778074500.0,82003.82,82024.56,81962.26,81983.02,10.02761
1778074560.0,81983.03,82017.78,81949.23,81963.76,12.18662
1778074620.0,81963.76,81963.76,81840.17,81848.49,17.8819
1778074680.0,81848.48,81872.59,81762.78,81863.93,27.23486
1778074740.0,81863.94,81927.68,81856.76,81862.01,11.74853
1778074800.0,81862.01,81937.57,81838.84,81872.14,10.31594
1778074860.0,81872.14,81922.34,81859.28,81899.67,11.50078
1778074920.0,81899.68,81899.68,81835.17,81876.42,11.85792
1778074980.0,81876.41,81921.02,81838.42,81912.83,13.69971
1778075040.0,81912.82,81921.26,81882.0,81912.3,10.76728
1778075100.0,81912.29,81921.26,81800.67,81800.68,22.04637
1778075160.0,81800.68,81800.68,81688.0,81688.0,53.36554
1778075220.0,81688.0,81694.08,81600.0,81675.84,97.66266
1778075280.0,81675.84,81733.67,81671.83,81726.59,21.89105
1778075340.0,81726.6,81763.82,81716.19,81728.1,11.18817
1778075400.0,81728.11,81728.11,81641.32,81641.33,31.70089
1778075460.0,81641.32,81699.99,81612.91,81667.47,27.92687
1778075520.0,81667.47,81728.72,81640.0,81640.01,17.00161
1778075580.0,81640.0,81659.69,81622.24,81651.63,20.88299
1778075640.0,81651.63,81735.6,81651.62,81735.6,14.14472
1778075700.0,81735.6,81791.8,81722.72,81729.16,19.18929
1778075760.0,81729.16,81729.16,81655.94,81700.35,17.52179
1778075820.0,81700.36,81728.22,81694.78,81720.05,6.36553
1778075880.0,81720.04,81728.46,81704.94,81720.02,6.78876
1778075940.0,81720.02,81723.29,81666.18,81670.89,27.90019
1778076000.0,81670.9,81695.25,81616.02,81616.02,15.1526
1778076060.0,81616.02,81632.51,81577.0,81589.01,38.28264
1778076120.0,81589.01,81598.19,81573.0,81573.01,20.79027
1778076180.0,81573.0,81617.99,81556.0,81556.01,37.57121
1778076240.0,81556.0,81556.01,81406.79,81406.79,151.33946
1778076300.0,81406.8,81439.23,81324.18,81384.81,67.13321
1778076360.0,81384.81,81404.82,81251.43,81253.7,43.03785
1778076420.0,81253.69,81267.69,81136.0,81244.49,85.18438
1778076480.0,81244.49,81346.05,81220.0,81346.05,41.65274
1778076540.0,81346.05,81435.7,81346.05,81429.93,66.70799
1778076600.0,81429.93,81429.93,81352.04,81352.35,31.90355
1778076660.0,81352.34,81363.31,81273.1,81300.68,25.62938
1778076720.0,81300.69,81376.68,81276.77,81372.0,49.89464
1778076780.0,81371.99,81389.07,81333.48,81369.1,17.79693
1778076840.0,81369.09,81468.51,81364.01,81451.76,21.48191
1778076900.0,81451.77,81527.85,81406.73,81500.93,32.24862
1778076960.0,81500.92,81512.95,81434.51,81434.52,19.27821
1778077020.0,81434.51,81434.51,81313.71,81414.25,36.50572
1778077080.0,81414.25,81442.75,81387.85,81423.0,20.57096
1778077140.0,81423.0,81484.47,81412.09,81432.96,16.09328
1778077200.0,81432.96,81455.58,81406.73,81455.58,11.76515
1778077260.0,81455.58,81564.88,81455.58,81510.16,23.14924
1778077320.0,81510.16,81545.72,81506.88,81520.0,25.21584
1778077380.0,81520.01,81566.44,81493.59,81550.01,28.04554
1778077440.0,81550.01,81610.0,81532.29,81589.25,41.76175
1778077500.0,81589.26,81663.69,81578.95,81636.45,34.19828
1778077560.0,81636.45,81677.93,81636.44,81673.89,19.15583
1778077620.0,81673.9,81760.92,81672.24,81752.61,44.26817
1778077680.0,81753.33,81758.94,81675.85,81688.66,24.82691
1778077740.0,81688.65,81716.99,81614.07,81618.81,14.21559
1778077800.0,81618.81,81740.54,81606.14,81730.01,18.13775
1778077860.0,81730.01,81740.54,81677.97,81725.71,20.33402
1778077920.0,81725.72,81737.95,81715.07,81736.57,14.39467
1778077980.0,81736.57,81740.54,81720.18,81736.33,7.34114
1778078040.0,81736.34,81769.56,81720.18,81720.19,10.62938
1778078100.0,81720.19,81791.8,81720.19,81782.93,22.1575
1778078160.0,81782.92,81782.92,81740.45,81742.1,18.06056
1778078220.0,81742.1,81749.23,81682.92,81682.92,16.41346
1778078280.0,81682.92,81710.0,81637.59,81709.99,30.20524
1778078340.0,81709.99,81745.23,81707.39,81745.22,12.44942
1778078400.0,81745.23,81780.0,81745.22,81776.97,12.62781
1778078460.0,81776.97,81786.37,81714.18,81722.61,11.59965
1778078520.0,81722.61,81766.99,81675.85,81766.99,17.28951
1778078580.0,81767.17,81847.55,81767.17,81840.82,14.67503
1778078640.0,81840.82,81879.97,81832.64,81879.96,14.96283
1778078700.0,81879.96,81980.72,81879.96,81945.88,34.62233
1778078760.0,81945.87,81954.3,81872.14,81872.15,11.03092
1778078820.0,81872.14,81872.14,81780.02,81780.02,10.5803
1778078880.0,81780.02,81788.7,81722.22,81722.22,17.92561
1778078940.0,81722.22,81788.17,81709.42,81779.45,9.10455
1778079000.0,81779.45,81788.17,81749.42,81749.42,9.44732
1778079060.0,81749.41,81771.9,81714.0,81722.19,8.44124
1778079120.0,81722.18,81730.0,81617.95,81695.52,27.558
1778079180.0,81695.53,81709.32,81690.75,81702.33,3.07034
1778079240.0,81702.33,81702.33,81666.84,81670.0,11.58853
1778079300.0,81670.94,81724.87,81670.94,81689.04,9.9855
1778079360.0,81689.04,81704.65,81627.69,81629.52,17.53389
1778079420.0,81629.52,81650.0,81614.54,81620.98,21.46571
1778079480.0,81620.97,81620.98,81493.6,81498.55,58.308
1778079540.0,81498.54,81553.4,81494.49,81526.73,18.27902
1778079600.0,81526.74,81558.0,81511.25,81511.9,14.12984
1778079660.0,81511.89,81567.34,81500.0,81549.78,10.81442
1778079720.0,81548.79,81589.85,81536.85,81589.85,12.45896
1778079780.0,81589.85,81596.0,81510.68,81561.86,19.16367
1778079840.0,81561.86,81614.61,81560.0,81614.61,9.37335
1778079900.0,81615.41,81615.41,81572.16,81572.16,5.99556
1778079960.0,81572.17,81586.26,81572.16,81577.11,5.71258
1778080020.0,81577.12,81586.36,81556.12,81563.99,16.41988
1778080080.0,81563.99,81569.21,81514.96,81523.05,13.97542
1778080140.0,81523.06,81571.38,81520.28,81562.07,12.53633
1778080200.0,81562.07,81562.08,81528.95,81528.95,10.44083
1778080260.0,81528.95,81528.95,81500.0,81502.97,12.90207
1778080320.0,81502.97,81502.97,81450.0,81453.88,28.88305
1778080380.0,81453.88,81460.0,81323.77,81351.33,89.5147
1778080440.0,81351.33,81410.0,81316.28,81410.0,43.01465
1778080500.0,81409.99,81520.99,81409.99,81520.99,10.31918
1778080560.0,81520.99,81590.0,81500.0,81589.99,14.08324
1778080620.0,81590.0,81676.76,81589.99,81664.18,26.13789
1778080680.0,81664.19,81697.84,81651.35,81674.99,10.20705
1778080740.0,81674.99,81716.27,81674.99,81713.27,3.99467
1778080800.0,81713.28,81743.03,81694.23,81741.38,11.0101
1778080860.0,81741.39,81816.2,81741.38,81816.2,16.2698
1778080920.0,81816.19,81823.0,81765.86,81765.87,14.89932
1778080980.0,81765.86,81794.42,81754.73,81784.58,16.49294
1778081040.0,81784.59,81787.44,81741.82,81741.88,8.91763
1778081100.0,81741.88,81750.72,81741.88,81750.53,6.65009
1778081160.0,81750.54,81750.54,81743.29,81743.29,3.81496
1778081220.0,81743.29,81743.29,81714.0,81721.44,9.74779
1778081280.0,81721.44,81721.44,81675.86,81719.44,8.91055
1778081340.0,81719.44,81719.44,81652.65,81659.76,8.68374
1778081400.0,81659.75,81696.63,81659.75,81675.0,7.67535
1778081460.0,81675.0,81682.72,81661.29,81661.3,4.15486
1778081520.0,81661.29,81713.67,81651.35,81683.05,9.34581
1778081580.0,81683.04,81745.59,81675.85,81718.12,12.21928
1778081640.0,81718.11,81737.92,81718.11,81722.7,4.49533
1778081700.0,81722.69,81722.7,81651.35,81670.0,12.03262
1778081760.0,81670.0,81683.38,81654.29,81674.99,7.50639
1778081820.0,81674.99,81675.0,81592.28,81599.03,15.02805
1778081880.0,81599.03,81622.17,81541.07,81541.07,10.38433
1778081940.0,81541.07,81541.08,81480.04,81505.24,8.86109
1778082000.0,81505.24,81538.62,81489.36,81538.62,8.40694
1778082060.0,81538.62,81541.58,81523.83,81533.81,13.47164
1778082120.0,81533.8,81541.81,81512.92,81541.81,9.32278
1778082180.0,81541.8,81541.81,81512.0,81517.16,3.0905
1778082240.0,81517.17,81695.22,81517.17,81626.17,51.57624
1778082300.0,81626.17,81749.39,81626.17,81719.83,36.15036
1778082360.0,81719.84,81763.89,81710.0,81760.01,16.01628
1778082420.0,81760.0,81760.0,81675.85,81719.82,32.46999
1778082480.0,81719.82,81745.82,81710.02,81731.56,9.67009
1778082540.0,81731.55,81731.55,81680.0,81680.01,1.61947
1778082600.0,81680.0,81691.01,81640.03,81666.0,11.30144
1778082660.0,81666.0,81719.53,81666.0,81718.93,8.60603
1778082720.0,81718.92,81740.0,81709.82,81709.82,5.56487
1778082780.0,81709.83,81731.76,81703.46,81731.76,4.09539
1778082840.0,81731.76,81767.29,81731.76,81745.8,20.47753
1778082900.0,81745.8,81773.93,81730.01,81730.01,9.58279
1778082960.0,81730.01,81730.01,81703.02,81729.27,8.87651
1778083020.0,81729.27,81729.28,81675.85,81675.86,2.30171
1778083080.0,81675.85,81700.0,81675.85,81700.0,3.36972
1778083140.0,81700.0,81712.44,81700.0,81704.25,1.60568
1778083200.0,81704.25,81724.87,81700.36,81700.36,8.40018
1778083260.0,81700.36,81718.0,81685.3,81697.24,6.41169
1778083320.0,81697.23,81706.23,81638.0,81643.52,7.97559
1778083380.0,81643.52,81643.52,81585.23,81628.0,7.85738
1778083440.0,81628.0,81711.6,81627.99,81711.6,7.21999
1778083500.0,81711.61,81759.99,81711.61,81754.0,9.02134
1778083560.0,81754.01,81754.01,81700.37,81717.08,5.08248
1778083620.0,81717.09,81766.63,81712.1,81756.99,7.76941
1778083680.0,81757.0,81773.93,81750.96,81768.47,6.37447
1778083740.0,81768.47,81832.52,81758.07,81826.0,33.52461
1778083800.0,81826.0,81840.0,81813.78,81831.82,4.23825
1778083860.0,81831.82,81863.53,81826.87,81844.76,8.04285
1778083920.0,81844.77,81897.06,81806.21,81806.21,33.06769
1778083980.0,81806.21,81816.96,81777.83,81777.83,9.51453
1778084040.0,81777.84,81778.88,81760.27,81760.27,9.87805
1778084100.0,81760.26,81823.01,81752.48,81823.01,16.93179
1778084160.0,81823.0,81835.89,81784.9,81784.91,5.95991
1778084220.0,81784.9,81788.22,81777.83,81777.83,7.2018
1778084280.0,81777.83,81777.83,81717.28,81752.73,10.65096
1778084340.0,81752.73,81752.74,81688.98,81688.98,4.84582
1778084400.0,81688.98,81698.32,81657.86,81660.0,7.24635
1778084460.0,81660.0,81660.01,81541.84,81550.01,32.63452
1778084520.0,81550.01,81596.7,81527.66,81541.27,33.55509
1778084580.0,81541.28,81569.99,81538.27,81569.98,7.96568
1778084640.0,81569.99,81622.16,81567.17,81596.64,15.40767
1778084700.0,81596.64,81629.73,81593.68,81612.81,11.62747
1778084760.0,81612.8,81620.35,81580.01,81580.01,12.10227
1778084820.0,81580.0,81588.61,81564.18,81588.6,8.19354
1778084880.0,81588.61,81602.36,81582.86,81582.87,3.96887
1778084940.0,81582.86,81582.87,81510.79,81510.79,18.4392
1778085000.0,81510.79,81535.36,81510.0,81510.0,5.35441
1778085060.0,81510.01,81518.44,81493.22,81493.22,8.7357
1778085120.0,81493.22,81504.48,81431.16,81504.48,19.09824
1778085180.0,81504.47,81509.58,81488.0,81509.57,4.87479
1778085240.0,81509.58,81567.41,81509.57,81567.4,8.45485
1778085300.0,81567.39,81567.4,81510.19,81510.2,3.61928
1778085360.0,81510.19,81571.01,81480.04,81567.8,11.3279
1778085420.0,81567.8,81589.37,81551.07,81572.16,10.34777
1778085480.0,81572.17,81577.87,81550.0,81572.16,7.404
1778085540.0,81572.16,81648.27,81572.16,81648.27,4.84812
1778085600.0,81648.26,81661.9,81611.85,81661.9,3.13958
1778085660.0,81661.9,81690.0,81661.89,81689.99,12.46516
1778085720.0,81690.0,81690.0,81654.89,81659.37,5.36904
1778085780.0,81659.37,81697.29,81651.35,81651.36,8.94806
1778085840.0,81651.36,81699.5,81651.35,81685.52,4.07897
1778085900.0,81685.52,81685.53,81668.99,81668.99,6.56299
1778085960.0,81669.0,81682.17,81668.99,81674.99,2.38631
1778086020.0,81675.0,81683.17,81649.88,81650.0,12.00173
1778086080.0,81650.0,81664.86,81629.81,81633.95,27.63066
1778086140.0,81633.95,81692.35,81629.99,81679.99,35.89249
1778086200.0,81680.0,81707.27,81673.29,81696.85,36.44706
1778086260.0,81696.85,81907.51,81696.84,81766.71,275.71149
1778086320.0,81766.71,81766.71,81730.94,81730.95,2.74005
1778086380.0,81730.95,81795.99,81726.38,81726.38,32.81872
1778086440.0,81726.39,81734.57,81674.99,81675.0,12.56145
1778086500.0,81674.99,81685.61,81651.35,81685.61,9.19169
1778086560.0,81685.6,81708.19,81685.6,81708.19,2.65798
1778086620.0,81708.18,81714.7,81626.85,81630.21,15.79597
1778086680.0,81630.21,81645.75,81577.89,81645.75,12.3022
1778086740.0,81645.76,81649.19,81607.38,81630.94,19.67874
1778086800.0,81630.94,81630.95,81562.44,81562.45,8.55479
1778086860.0,81562.45,81568.02,81539.37,81549.99,6.78943
1778086920.0,81550.0,81598.67,81549.99,81598.67,3.11362
1778086980.0,81598.67,81622.61,81586.04,81622.61,4.62658
1778087040.0,81622.6,81651.33,81614.17,81633.36,7.93001
1778087100.0,81633.37,81656.96,81620.0,81623.02,1.90497
1778087160.0,81623.02,81623.03,81581.46,81601.15,1.93597
1778087220.0,81601.14,81635.4,81601.14,81635.4,6.51535
1778087280.0,81635.4,81680.0,81635.39,81668.65,8.51853
1778087340.0,81668.65,81695.72,81633.42,81633.42,16.20235
1778087400.0,81633.42,81670.0,81630.2,81669.99,6.06944
1778087460.0,81670.0,81695.2,81631.71,81631.71,5.75294
1778087520.0,81631.71,81700.0,81631.71,81700.0,14.03295
1778087580.0,81699.99,81709.32,81678.47,81678.48,8.42153
1778087640.0,81678.47,81695.01,81675.86,81675.86,4.59697
1778087700.0,81675.86,81675.86,81601.1,81601.11,7.40907
1778087760.0,81601.11,81602.0,81425.0,81459.04,47.51451
1778087820.0,81459.04,81528.94,81430.0,81430.01,37.03577
1778087880.0,81430.01,81448.52,81405.0,81448.52,8.3827
1778087940.0,81448.51,81496.0,81448.51,81496.0,12.59489
1778088000.0,81496.0,81517.03,81496.0,81515.27,3.46765
1778088060.0,81515.26,81547.34,81509.56,81533.83,4.45333
1778088120.0,81533.84,81533.84,81516.25,81530.89,2.82656
1778088180.0,81530.89,81553.4,81530.89,81540.01,3.23748
1778088240.0,81540.01,81540.01,81493.59,81504.68,2.55497
1778088300.0,81504.68,81516.78,81500.45,81516.78,2.86469
1778088360.0,81516.78,81516.78,81473.49,81502.65,8.55708
1778088420.0,81502.1,81502.1,81495.1,81495.11,4.04023
1778088480.0,81495.1,81500.1,81485.19,81500.1,4.94565
1778088540.0,81500.33,81500.34,81474.39,81474.4,1.60695
1778088600.0,81474.4,81504.48,81474.39,81504.48,2.55806
1778088660.0,81504.47,81504.48,81473.8,81502.85,5.19936
1778088720.0,81502.85,81502.86,81476.87,81493.4,1.83679
1778088780.0,81493.4,81504.48,81485.65,81488.46,1.11627
1778088840.0,81488.46,81488.47,81481.31,81481.32,1.98807
1778088900.0,81481.32,81502.09,81469.33,81495.99,5.06723
1778088960.0,81495.99,81511.54,81489.62,81489.62,9.95702
1778089020.0,81489.54,81493.66,81486.95,81486.95,5.16287
1778089080.0,81486.96,81496.7,81486.96,81496.29,3.21372
1778089140.0,81496.29,81497.49,81469.33,81497.49,4.9464
1778089200.0,81497.48,81498.52,81482.39,81482.39,3.97034
1778089260.0,81482.39,81485.64,81469.33,81469.33,2.44244
1778089320.0,81469.33,81469.34,81469.33,81469.34,0.55209
1778089380.0,81469.34,81500.0,81461.18,81500.0,5.67742
1778089440.0,81500.0,81550.0,81500.0,81544.02,17.57791
1778089500.0,81544.01,81550.0,81520.01,81520.01,4.59706
1778089560.0,81520.0,81520.01,81480.04,81480.05,5.26781
1778089620.0,81480.05,81480.05,81394.0,81451.14,27.3258
1778089680.0,81451.14,81462.88,81424.08,81443.16,9.82325
1778089740.0,81443.17,81445.0,81438.17,81445.0,1.639
1778089800.0,81444.99,81450.0,81422.28,81450.0,3.40597
1778089860.0,81449.99,81455.58,81428.0,81455.58,5.75199
1778089920.0,81455.58,81455.58,81420.43,81446.91,4.09445
1778089980.0,81446.9,81446.91,81399.64,81431.14,8.90003
1778090040.0,81431.15,81450.0,81431.15,81450.0,3.2552
1778090100.0,81449.99,81462.9,81427.6,81429.6,3.81663
1778090160.0,81429.6,81491.88,81429.59,81491.88,2.76373
1778090220.0,81491.88,81500.0,81469.33,81469.33,5.25919
1778090280.0,81469.34,81469.34,81461.18,81462.43,3.15506
1778090340.0,81462.43,81462.43,81452.62,81452.63,0.61425
1778090400.0,81452.63,81473.4,81452.62,81473.39,5.89813
1778090460.0,81473.4,81498.75,81473.39,81492.48,3.20419
1778090520.0,81492.49,81498.74,81455.59,81455.59,4.72964
1778090580.0,81455.59,81489.87,81455.59,81458.93,5.67575
1778090640.0,81458.93,81458.94,81413.31,81434.73,6.66502
1778090700.0,81434.73,81474.6,81434.72,81450.0,8.32299
1778090760.0,81450.0,81460.01,81439.61,81460.0,9.18813
1778090820.0,81460.01,81460.01,81440.0,81440.0,1.50239
1778090880.0,81440.01,81440.01,81420.0,81420.01,3.14731
1778090940.0,81420.01,81455.58,81398.27,81440.01,11.6281
1778091000.0,81440.01,81440.02,81398.79,81398.8,2.38202
1778091060.0,81398.79,81409.78,81374.72,81400.0,11.6823
1778091120.0,81399.99,81399.99,81271.06,81312.4,39.98756
1778091180.0,81312.39,81434.48,81290.26,81425.01,12.13055
1778091240.0,81425.01,81480.02,81389.29,81480.01,31.2344
1778091300.0,81480.01,81528.2,81477.35,81493.93,16.59736
1778091360.0,81493.93,81541.92,81493.93,81541.91,14.38106
1778091420.0,81541.92,81559.17,81529.99,81557.61,18.10064
1778091480.0,81557.61,81557.61,81544.72,81544.72,7.33822
1778091540.0,81544.72,81544.73,81502.0,81502.01,2.8208
1778091600.0,81502.01,81506.67,81482.22,81506.66,1.85786
1778091660.0,81506.66,81511.23,81483.98,81504.7,3.56627
1778091720.0,81504.7,81504.71,81494.43,81494.44,0.94627
1778091780.0,81494.43,81516.0,81476.99,81490.64,14.64819
1778091840.0,81490.01,81492.01,81480.04,81480.04,5.15499
1778091900.0,81480.05,81516.5,81459.85,81513.35,3.55314
1778091960.0,81513.34,81518.97,81509.99,81509.99,4.42503
1778092020.0,81509.99,81513.22,81509.98,81509.98,5.25841
1778092080.0,81509.99,81512.89,81509.98,81512.89,0.98346
1778092140.0,81512.89,81512.89,81469.33,81469.33,7.91635
1778092200.0,81469.33,81480.02,81423.99,81480.02,6.28552
1778092260.0,81480.01,81515.99,81455.59,81455.59,6.1443
1778092320.0,81455.59,81465.41,81406.73,81406.74,13.36364
1778092380.0,81406.73,81429.57,81357.9,81417.42,15.13958
1778092440.0,81417.43,81418.72,81350.0,81357.62,9.63723
1778092500.0,81357.62,81376.7,81333.48,81333.5,10.36542
1778092560.0,81333.49,81333.5,81300.14,81304.98,5.58462
1778092620.0,81304.98,81323.59,81296.0,81323.58,10.36275
1778092680.0,81323.58,81329.53,81296.0,81322.2,12.42925
1778092740.0,81322.2,81328.61,81318.57,81321.06,4.35984
1778092800.0,81321.06,81381.56,81321.05,81354.06,5.64478
1778092860.0,81354.06,81359.39,81334.0,81334.0,4.46875
1778092920.0,81334.01,81351.35,81334.0,81351.35,1.43083
1778092980.0,81351.35,81382.29,81351.34,81382.29,13.23348
1778093040.0,81382.29,81405.71,81382.28,81382.44,3.88077
1778093100.0,81382.45,81419.17,81382.44,81407.62,14.0789
1778093160.0,81407.62,81429.04,81402.23,81402.23,3.92713
1778093220.0,81402.23,81402.23,81366.49,81374.0,2.56463
1778093280.0,81374.0,81380.0,81368.32,81368.32,2.41063
1778093340.0,81368.32,81384.06,81353.36,81353.37,5.63101
1778093400.0,81353.36,81360.69,81293.69,81293.7,9.63469
1778093460.0,81293.69,81333.47,81293.69,81333.47,3.49522
1778093520.0,81333.47,81390.0,81333.47,81390.0,3.34179
1778093580.0,81390.01,81411.58,81390.01,81411.58,2.10824
1778093640.0,81411.58,81411.58,81389.39,81409.34,3.49526
1778093700.0,81409.34,81409.34,81399.32,81403.01,0.73692
1778093760.0,81403.0,81431.15,81389.39,81422.52,7.62683
1778093820.0,81422.51,81422.51,81412.25,81412.26,0.69673
1778093880.0,81412.26,81412.26,81370.05,81370.05,1.64241
1778093940.0,81370.06,81375.16,81353.14,81353.14,3.19819
1778094000.0,81353.15,81382.29,81343.15,81382.28,4.14432
1778094060.0,81382.29,81382.29,81354.92,81354.96,8.50124
1778094120.0,81354.95,81387.34,81354.95,81371.2,7.10378
1778094180.0,81371.19,81419.3,81371.19,81406.8,7.60614
1778094240.0,81406.8,81428.0,81350.0,81350.0,13.84405
1778094300.0,81350.0,81369.89,81333.48,81369.88,8.09497
1778094360.0,81369.88,81384.73,81357.89,81377.09,9.32514
1778094420.0,81377.1,81380.0,81356.74,81356.75,4.50596
1778094480.0,81356.74,81356.74,81272.55,81272.55,10.3554
1778094540.0,81272.56,81339.99,81272.55,81339.98,6.05786
1778094600.0,81339.98,81339.99,81290.44,81290.44,3.71038
1778094660.0,81290.44,81290.45,81259.43,81260.3,7.75751
1778094720.0,81260.3,81262.95,81214.88,81214.88,19.17799
1778094780.0,81214.88,81239.0,81214.88,81238.99,9.29211
1778094840.0,81238.99,81258.04,81238.99,81249.3,7.48586
1778094900.0,81249.3,81257.43,81200.0,81227.68,17.54764
1778094960.0,81227.68,81260.0,81227.68,81259.99,3.44648
1778095020.0,81259.99,81263.64,81240.01,81252.45,8.28188
1778095080.0,81252.45,81271.36,81252.45,81271.35,4.45188
1778095140.0,81271.36,81316.64,81271.35,81316.64,8.91197
1778095200.0,81316.64,81328.19,81316.63,81316.63,8.07216
1778095260.0,81316.63,81330.62,81316.63,81330.61,3.00965
1778095320.0,81330.62,81396.68,81330.62,81385.29,81.43156
1778095380.0,81385.3,81385.3,81348.11,81348.11,6.32176
1778095440.0,81348.11,81348.12,81303.75,81308.75,7.51448
1778095500.0,81308.76,81308.76,81263.71,81278.59,5.21754
1778095560.0,81278.59,81280.0,81243.63,81279.99,8.06153
1778095620.0,81279.99,81284.67,81271.82,81283.47,3.03069
1778095680.0,81283.46,81300.49,81283.46,81300.49,3.43064
1778095740.0,81300.48,81339.99,81300.48,81335.85,5.10684
1778095800.0,81335.85,81335.85,81312.41,81316.03,5.3121
1778095860.0,81316.04,81316.04,81273.69,81310.01,14.35652
1778095920.0,81310.02,81329.61,81310.01,81329.6,4.16514
1778095980.0,81329.6,81329.61,81263.66,81289.99,9.68795
1778096040.0,81290.0,81302.57,81279.23,81279.23,5.32936
1778096100.0,81279.22,81304.51,81276.82,81304.5,5.64033
1778096160.0,81304.51,81325.87,81304.5,81325.86,4.54742
1778096220.0,81325.86,81327.15,81321.71,81321.71,5.18068
1778096280.0,81321.71,81388.14,81321.71,81388.13,6.22687
1778096340.0,81388.14,81442.77,81388.13,81442.77,5.89159
1778096400.0,81442.76,81442.77,81408.38,81408.38,5.95283
1778096460.0,81408.39,81408.39,81408.38,81408.39,2.58303
1778096520.0,81408.38,81454.53,81408.38,81454.52,6.86005
1778096580.0,81454.52,81480.0,81454.52,81480.0,18.61371
1778096640.0,81480.0,81480.01,81437.49,81437.49,6.31672
1778096700.0,81437.5,81445.65,81431.16,81445.65,8.30645
1778096760.0,81445.64,81445.64,81422.0,81422.0,7.94375
1778096820.0,81422.0,81447.91,81410.78,81431.01,4.69251
1778096880.0,81431.02,81440.99,81431.01,81431.02,4.24024
1778096940.0,81431.02,81434.68,81411.54,81411.55,5.16654
1778097000.0,81411.55,81464.0,81411.55,81460.23,8.7949
1778097060.0,81460.24,81506.39,81460.24,81497.55,12.58955
1778097120.0,81497.56,81522.41,81465.12,81467.85,15.41638
1778097180.0,81467.86,81501.87,81467.85,81501.86,4.57132
1778097240.0,81501.86,81501.87,81485.74,81501.31,4.65937
1778097300.0,81501.3,81501.32,81488.24,81494.22,8.20367
1778097360.0,81494.22,81504.0,81494.22,81503.99,3.19275
1778097420.0,81503.99,81504.0,81476.42,81476.43,5.14376
1778097480.0,81476.43,81479.78,81469.33,81479.77,3.33672
1778097540.0,81479.78,81479.78,81460.01,81464.87,13.40275
1778097600.0,81464.86,81477.48,81464.86,81471.04,1.84653
1778097660.0,81471.05,81537.86,81471.04,81531.78,11.8155
1778097720.0,81531.78,81554.43,81531.77,81550.5,10.52504
1778097780.0,81550.49,81550.5,81522.1,81522.1,13.19335
1778097840.0,81522.11,81623.85,81522.1,81623.84,36.88345
1778097900.0,81623.84,81623.84,81580.14,81584.22,8.09501
1778097960.0,81584.21,81584.21,81562.0,81570.72,7.95165
1778098020.0,81570.73,81616.0,81570.73,81591.21,4.23445
1778098080.0,81591.21,81591.21,81580.0,81580.0,1.96951
1778098140.0,81580.01,81600.0,81580.0,81580.01,4.24329
1778098200.0,81580.0,81584.41,81572.16,81584.41,2.09284
1778098260.0,81584.4,81602.36,81576.91,81600.59,2.53219
1778098320.0,81600.59,81613.39,81589.62,81613.38,6.0845
1778098380.0,81613.38,81638.17,81613.38,81636.22,36.24212
1778098440.0,81635.59,81650.01,81630.0,81638.17,8.76956
1778098500.0,81638.18,81668.52,81638.18,81640.15,4.12328
1778098560.0,81640.15,81658.11,81640.15,81658.1,2.16481
1778098620.0,81658.1,81670.0,81658.1,81670.0,2.46521
1778098680.0,81669.99,81675.0,81662.5,81673.35,9.04941
1778098740.0,81673.35,81673.36,81640.16,81640.17,3.4734
1778098800.0,81640.16,81657.06,81640.16,81657.06,2.83423
1778098860.0,81657.05,81657.06,81577.89,81578.07,10.13615
1778098920.0,81578.07,81580.0,81578.06,81579.99,1.12145
1778098980.0,81580.0,81626.85,81579.99,81626.85,4.63287
1778099040.0,81626.85,81626.85,81626.84,81626.84,1.05307
1778099100.0,81626.85,81651.32,81626.84,81651.32,2.68674
1778099160.0,81651.32,81675.0,81651.31,81675.0,6.52752
1778099220.0,81675.0,81700.0,81633.81,81633.81,13.44011
1778099280.0,81633.8,81633.81,81584.75,81594.09,8.72708
1778099340.0,81594.1,81594.1,81560.0,81560.01,9.14054
1778099400.0,81560.0,81565.0,81475.0,81475.0,11.05018
1778099460.0,81475.01,81475.01,81415.06,81415.07,13.68504
1778099520.0,81415.06,81435.03,81338.21,81338.21,9.7041
1778099580.0,81338.21,81357.87,81302.35,81357.87,14.48577
1778099640.0,81357.88,81380.0,81354.0,81354.0,6.92761
1778099700.0,81354.0,81376.54,81336.0,81376.54,9.78494
1778099760.0,81376.55,81400.0,81366.51,81366.51,7.10146
1778099820.0,81366.51,81375.58,81366.51,81375.58,1.33503
1778099880.0,81375.57,81375.58,81353.52,81353.53,3.41142
1778099940.0,81353.53,81382.25,81353.53,81382.24,2.63329
1778100000.0,81382.24,81413.0,81382.24,81412.99,3.40639
1778100060.0,81412.99,81413.0,81350.0,81350.0,25.04444
1778100120.0,81350.0,81380.0,81350.0,81372.49,4.24388
1778100180.0,81372.5,81372.5,81351.23,81351.97,4.8539
1778100240.0,81351.98,81367.68,81351.97,81367.67,1.65982
1778100300.0,81367.67,81382.29,81338.0,81382.28,12.80711
1778100360.0,81382.29,81382.29,81370.0,81370.01,0.71205
1778100420.0,81370.01,81370.01,81314.0,81342.0,22.85906
1778100480.0,81341.99,81347.62,81315.08,81322.74,15.72709
1778100540.0,81322.74,81347.5,81322.74,81343.15,4.41588
1778100600.0,81343.14,81343.15,81332.97,81332.98,1.74673
1778100660.0,81332.97,81332.98,81332.97,81332.98,1.5819
1778100720.0,81332.98,81332.98,81330.0,81330.01,0.64238
1778100780.0,81330.01,81345.46,81330.0,81345.45,1.30964
1778100840.0,81345.45,81378.07,81345.45,81378.06,1.18752
1778100900.0,81378.06,81397.91,81378.06,81397.9,2.47987
1778100960.0,81397.9,81405.96,81397.89,81405.95,6.0223
1778101020.0,81405.96,81423.92,81405.95,81423.92,1.78515
1778101080.0,81423.92,81430.34,81423.91,81423.92,3.16668
1778101140.0,81423.91,81427.52,81413.64,81427.52,2.64327
1778101200.0,81427.52,81446.61,81427.51,81446.61,2.44433
1778101260.0,81446.6,81446.61,81420.27,81420.27,3.14268
1778101320.0,81420.27,81450.0,81420.27,81449.99,5.64666
1778101380.0,81449.99,81450.0,81446.64,81446.65,1.84672
1778101440.0,81446.65,81446.7,81446.64,81446.7,0.18983
1778101500.0,81446.69,81446.7,81446.69,81446.7,1.85038
1778101560.0,81446.7,81469.34,81446.69,81469.34,14.31549
1778101620.0,81469.34,81500.0,81469.33,81500.0,13.59865
1778101680.0,81500.0,81500.0,81493.91,81493.92,2.79299
1778101740.0,81493.92,81495.15,81481.47,81495.15,6.11642
1778101800.0,81495.14,81495.15,81454.01,81454.01,4.98639
1778101860.0,81454.0,81454.01,81420.67,81420.67,11.29453
1778101920.0,81420.68,81420.68,81364.96,81364.97,9.60942
1778101980.0,81364.96,81364.96,81294.64,81357.87,17.46022
1778102040.0,81357.88,81373.58,81357.87,81373.58,1.11062
1778102100.0,81373.58,81390.14,81373.57,81390.13,2.74041
1778102160.0,81390.14,81436.76,81390.13,81429.8,4.31246
1778102220.0,81429.8,81429.8,81410.56,81410.56,3.79586
1778102280.0,81410.56,81410.56,81395.94,81400.84,4.74646
1778102340.0,81400.84,81421.74,81399.34,81421.73,2.43816
1778102400.0,81421.74,81421.74,81411.68,81411.68,4.99473
1778102460.0,81411.68,81411.69,81411.68,81411.69,1.17522
1778102520.0,81411.68,81431.15,81406.33,81406.33,4.03596
1778102580.0,81406.34,81421.13,81406.33,81421.13,1.39826
1778102640.0,81421.12,81427.72,81421.12,81427.72,0.3409
1778102700.0,81427.72,81440.0,81415.03,81440.0,3.38115
1778102760.0,81439.99,81449.68,81439.99,81449.68,1.91483
1778102820.0,81449.68,81449.68,81445.15,81445.15,8.8976
1778102880.0,81445.16,81445.16,81430.0,81430.0,1.01813
1778102940.0,81430.01,81442.12,81430.0,81442.11,1.16561
1778103000.0,81442.12,81444.22,81434.57,81434.57,3.18927
1778103060.0,81434.58,81469.34,81433.63,81469.33,19.58372
1778103120.0,81469.33,81469.34,81469.33,81469.34,0.17998
1778103180.0,81469.34,81518.37,81469.33,81518.37,7.68672
1778103240.0,81518.37,81518.37,81487.23,81487.24,2.8795
1778103300.0,81487.24,81509.11,81487.23,81506.18,1.63241
1778103360.0,81506.19,81519.86,81506.18,81519.83,2.76349
1778103420.0,81519.83,81537.26,81510.08,81529.76,3.66929
1778103480.0,81529.76,81566.4,81529.76,81566.4,9.78601
1778103540.0,81566.4,81597.92,81566.4,81593.87,7.82726
1778103600.0,81593.87,81597.92,81565.24,81591.75,5.76251
1778103660.0,81591.75,81593.4,81557.76,81557.76,5.9062
1778103720.0,81557.77,81597.92,81557.75,81597.91,2.38747
1778103780.0,81597.92,81618.77,81597.91,81601.62,6.86372
1778103840.0,81601.63,81601.63,81545.64,81572.16,15.4769
1778103900.0,81572.17,81572.17,81550.0,81562.39,5.94103
1778103960.0,81562.4,81562.4,81542.0,81542.01,2.83641
1778104020.0,81542.0,81551.56,81528.95,81551.56,3.5316
1778104080.0,81551.55,81559.48,81540.86,81540.9,5.49978
1778104140.0,81540.89,81593.35,81540.89,81572.17,14.06346
1778104200.0,81572.17,81602.36,81542.88,81586.19,9.5689
1778104260.0,81586.19,81587.84,81578.26,81578.26,0.98451
1778104320.0,81578.25,81602.35,81572.16,81602.35,2.27074
1778104380.0,81602.36,81616.0,81602.35,81615.99,1.00517
1778104440.0,81615.99,81616.0,81590.71,81590.71,2.02585
1778104500.0,81590.72,81593.69,81585.35,81593.68,1.17272
1778104560.0,81593.68,81593.69,81573.69,81573.7,4.0726
1778104620.0,81573.7,81573.7,81572.16,81572.16,2.52897
1778104680.0,81572.17,81572.17,81540.9,81540.9,3.36389
1778104740.0,81540.9,81540.91,81522.1,81539.16,13.16349
1778104800.0,81539.16,81540.91,81500.0,81500.0,8.0396
1778104860.0,81500.0,81517.15,81480.05,81480.05,5.81476
1778104920.0,81480.05,81513.99,81469.33,81513.98,6.76838
1778104980.0,81513.98,81520.0,81469.33,81469.34,4.65569
1778105040.0,81469.34,81475.6,81444.0,81444.0,7.62348
1778105100.0,81444.01,81488.79,81440.0,81450.59,11.22678
1778105160.0,81450.6,81453.86,81424.19,81424.2,1.86376
1778105220.0,81424.19,81424.19,81370.33,81376.87,7.4555
1778105280.0,81376.88,81410.0,81376.87,81400.6,1.27227
1778105340.0,81400.61,81400.61,81382.3,81382.3,1.16607
1778105400.0,81382.3,81382.31,81354.03,81382.28,5.52739
1778105460.0,81382.28,81406.71,81382.28,81406.71,3.05793
1778105520.0,81406.71,81406.71,81374.58,81394.2,2.51706
1778105580.0,81394.2,81394.21,81377.63,81377.63,0.99204
1778105640.0,81377.63,81390.92,81371.08,81381.72,2.24788
1778105700.0,81381.72,81387.14,81366.78,81367.43,2.20456
1778105760.0,81367.42,81367.43,81350.0,81350.01,2.90838
1778105820.0,81350.0,81359.47,81350.0,81355.74,1.70134
1778105880.0,81355.74,81373.89,81355.74,81355.74,4.03645
1778105940.0,81355.74,81355.74,81301.56,81319.14,12.03689
1778106000.0,81319.14,81320.54,81304.02,81315.0,4.76193
1778106060.0,81315.0,81315.0,81293.73,81300.03,13.39733
1778106120.0,81300.04,81315.0,81288.01,81295.31,4.10149
1778106180.0,81295.31,81315.0,81275.13,81290.0,8.74755
1778106240.0,81290.01,81310.0,81290.0,81307.48,2.42822
1778106300.0,81307.49,81310.0,81282.95,81298.43,4.29857
1778106360.0,81298.43,81302.2,81288.89,81288.9,4.4145
1778106420.0,81288.89,81288.89,81250.0,81250.01,7.62011
1778106480.0,81250.01,81250.01,81250.0,81250.01,1.25319
1778106540.0,81250.0,81250.0,81240.0,81249.99,3.21737
1778106600.0,81250.0,81296.25,81249.99,81296.25,2.96163
1778106660.0,81296.25,81331.2,81296.24,81331.2,5.74559
1778106720.0,81331.2,81332.84,81322.76,81328.14,2.20961
1778106780.0,81328.14,81333.47,81310.58,81310.59,1.74219
1778106840.0,81310.58,81315.8,81306.95,81306.96,6.0444
1778106900.0,81306.96,81323.47,81300.73,81311.49,1.86776
1778106960.0,81311.17,81311.18,81296.39,81296.4,0.60347
1778107020.0,81296.39,81305.3,81290.44,81295.12,1.0574
1778107080.0,81295.12,81319.28,81288.02,81319.28,1.82645
1778107140.0,81319.28,81319.28,81298.74,81309.31,2.77346
1778107200.0,81309.3,81311.6,81301.38,81301.38,1.93575
1778107260.0,81301.38,81319.44,81301.38,81312.3,1.46259
1778107320.0,81312.3,81312.31,81292.25,81301.63,0.92131
1778107380.0,81301.63,81313.25,81301.63,81313.24,0.69785
1778107440.0,81313.24,81318.92,81307.22,81318.92,1.66745
1778107500.0,81318.92,81345.7,81318.91,81345.69,1.82459
1778107560.0,81345.7,81357.88,81294.46,81294.46,3.50798
1778107620.0,81294.46,81294.47,81263.66,81263.66,2.10363
1778107680.0,81263.67,81275.67,81263.66,81275.66,5.39396
1778107740.0,81275.67,81281.04,81275.66,81281.04,1.47057
1778107800.0,81281.04,81332.26,81281.03,81332.26,2.06742
1778107860.0,81332.25,81332.26,81314.55,81323.3,5.19098
1778107920.0,81323.31,81332.26,81307.13,81332.26,2.08637
1778107980.0,81332.26,81384.59,81332.26,81384.59,3.97461
1778108040.0,81384.58,81398.59,81384.58,81384.73,1.6203
1778108100.0,81384.73,81387.62,81366.49,81382.73,10.66688
1778108160.0,81382.73,81382.73,81349.37,81382.29,3.6831
1778108220.0,81382.29,81382.29,81366.49,81366.5,1.40202
1778108280.0,81366.5,81366.5,81352.63,81352.63,3.09306
1778108340.0,81352.64,81352.64,81342.39,81342.39,0.62998
1778108400.0,81342.39,81342.39,81309.08,81316.46,2.12584
1778108460.0,81316.46,81316.47,81211.18,81249.78,12.84716
1778108520.0,81249.79,81270.0,81223.8,81227.09,12.64571
1778108580.0,81227.08,81236.72,81000.0,81029.94,209.13494
1778108640.0,81029.95,81090.52,81024.32,81090.51,10.72946
1778108700.0,81090.52,81120.0,81090.52,81104.95,7.08222
1778108760.0,81104.94,81107.35,81073.86,81092.56,9.25409
1778108820.0,81092.56,81179.99,81084.69,81179.99,6.72633
1778108880.0,81180.0,81211.54,81180.0,81194.63,5.54765
1778108940.0,81194.62,81222.22,81191.61,81194.22,1.6237
1778109000.0,81194.22,81263.67,81187.2,81263.61,12.26148
1778109060.0,81263.62,81295.74,81252.75,81295.74,6.24467
1778109120.0,81295.74,81295.74,81260.31,81260.31,2.16311
1778109180.0,81260.31,81276.13,81260.3,81260.31,4.21989
1778109240.0,81260.31,81260.31,81230.0,81230.01,2.83473
1778109300.0,81230.0,81275.2,81230.0,81275.2,1.73709
1778109360.0,81275.19,81275.2,81225.5,81225.51,4.23252
1778109420.0,81225.51,81238.26,81225.0,81231.18,4.9852
1778109480.0,81231.18,81263.62,81231.18,81263.61,10.03554
1778109540.0,81263.62,81295.74,81263.62,81270.26,1.13283
1778109600.0,81270.26,81295.65,81270.25,81295.64,0.65735
1778109660.0,81295.64,81295.74,81290.29,81295.74,1.32843
1778109720.0,81295.74,81324.89,81295.74,81324.89,5.33955
1778109780.0,81324.89,81347.9,81324.88,81347.89,3.37442
1778109840.0,81347.9,81366.5,81347.89,81366.49,1.45474
1778109900.0,81366.49,81380.91,81366.49,81366.5,9.43997
1778109960.0,81366.5,81392.4,81366.5,81382.3,1.61318
1778110020.0,81382.29,81385.6,81366.49,81385.6,2.13833
1778110080.0,81385.6,81395.06,81385.59,81386.22,1.24714
1778110140.0,81386.22,81386.22,81386.2,81386.21,2.82965
1778110200.0,81386.21,81397.84,81386.2,81397.84,3.31774
1778110260.0,81397.83,81397.83,81340.21,81340.21,6.64993
1778110320.0,81340.22,81379.71,81340.21,81379.71,0.83531
1778110380.0,81379.71,81391.79,81379.7,81391.79,1.69286
1778110440.0,81391.78,81415.0,81391.78,81400.0,3.93398
1778110500.0,81399.99,81399.99,81364.46,81370.72,2.45782
1778110560.0,81370.72,81370.73,81361.22,81361.23,1.69586
1778110620.0,81361.23,81361.23,81337.41,81337.42,1.88608
1778110680.0,81337.42,81347.15,81326.0,81347.15,5.76817
1778110740.0,81347.15,81353.2,81337.07,81337.07,4.59379
1778110800.0,81337.08,81337.08,81322.53,81337.07,1.33082
1778110860.0,81337.07,81346.68,81337.07,81346.68,0.91578
1778110920.0,81346.67,81382.29,81346.67,81382.29,2.01162
1778110980.0,81382.28,81382.29,81376.24,81381.14,0.96038
1778111040.0,81381.13,81381.14,81357.87,81357.88,2.0057
1778111100.0,81357.88,81382.29,81357.87,81376.74,3.04602
1778111160.0,81376.74,81390.73,81366.5,81366.5,1.32116
1778111220.0,81366.5,81366.5,81337.03,81347.19,4.63696
1778111280.0,81347.19,81360.0,81333.48,81357.22,3.17184
1778111340.0,81357.23,81357.23,81350.3,81357.03,1.61388
1778111400.0,81357.03,81357.04,81336.85,81355.98,1.88029
1778111460.0,81355.98,81400.0,81355.97,81399.99,2.05206
1778111520.0,81399.99,81400.0,81386.14,81400.0,2.0146
1778111580.0,81399.99,81424.2,81399.99,81422.37,7.35528
1778111640.0,81422.36,81440.72,81409.95,81440.72,6.34923
1778111700.0,81440.71,81440.72,81431.14,81440.71,1.78694
1778111760.0,81440.71,81440.73,81440.71,81440.73,1.29383
1778111820.0,81440.73,81447.3,81435.33,81438.38,5.91429
1778111880.0,81438.39,81438.39,81438.38,81438.38,1.20301
1778111940.0,81438.39,81447.3,81438.38,81447.01,1.69009
1778112000.0,81447.01,81450.0,81420.0,81449.99,5.1659
1778112060.0,81450.0,81469.34,81447.29,81450.01,5.2736
1778112120.0,81450.0,81454.7,81450.0,81450.02,2.02
1778112180.0,81450.03,81476.92,81432.74,81465.08,19.48115
1778112240.0,81465.08,81490.03,81434.51,81434.52,8.18537
1778112300.0,81434.51,81466.0,81431.16,81431.16,4.63859
1778112360.0,81431.16,81460.0,81431.16,81443.98,6.97227
1778112420.0,81443.99,81443.99,81366.49,81368.08,6.8408
1778112480.0,81368.08,81394.17,81368.08,81394.17,4.10395
1778112540.0,81394.17,81429.68,81394.16,81419.07,6.24805
1778112600.0,81419.07,81466.92,81419.06,81459.6,4.16297
1778112660.0,81459.6,81480.0,81451.61,81472.25,4.68909
1778112720.0,81472.25,81487.66,81469.33,81472.23,5.70023
1778112780.0,81472.24,81485.58,81440.34,81440.34,7.05478
1778112840.0,81440.35,81440.35,81425.0,81426.58,8.19302
1778112900.0,81426.58,81438.84,81402.51,81412.22,9.77432
1778112960.0,81412.21,81418.76,81400.08,81400.09,1.94921
1778113020.0,81400.09,81400.09,81350.0,81350.0,4.35191
1778113080.0,81350.0,81378.13,81350.0,81366.66,5.01189
1778113140.0,81366.66,81405.65,81366.65,81405.65,3.4489
1778113200.0,81405.64,81405.65,81343.42,81343.43,3.21638
1778113260.0,81343.42,81343.43,81300.0,81317.0,3.63331
1778113320.0,81317.0,81343.91,81300.0,81331.94,6.18299
1778113380.0,81331.94,81331.95,81289.1,81289.11,3.40114
1778113440.0,81289.11,81289.11,81268.47,81286.0,2.92734
1778113500.0,81286.0,81286.01,81244.28,81244.29,4.93592
1778113560.0,81244.28,81273.39,81244.28,81265.83,9.65347
1778113620.0,81265.82,81265.83,81263.66,81263.66,1.01546
1778113680.0,81263.66,81288.0,81263.66,81276.36,2.10215
1778113740.0,81276.35,81276.35,81227.27,81227.27,4.71977
1778113800.0,81227.28,81239.24,81172.55,81239.23,10.1815
1778113860.0,81239.23,81239.24,81215.65,81235.92,3.5467
1778113920.0,81235.93,81239.74,81154.16,81167.69,8.19272
1778113980.0,81167.69,81211.54,81150.0,81150.0,4.40865
1778114040.0,81150.0,81179.97,81141.81,81172.43,4.93358
1778114100.0,81172.42,81197.67,81160.83,81165.13,8.00269
1778114160.0,81165.12,81171.93,81121.83,81121.84,6.51658
1778114220.0,81121.84,81144.44,81120.01,81120.01,2.74987
1778114280.0,81120.01,81125.61,81108.87,81108.88,16.99754
1778114340.0,81108.88,81120.0,81095.48,81120.0,9.53971
1778114400.0,81120.0,81131.92,81057.99,81058.0,5.20143
1778114460.0,81057.99,81103.39,81057.99,81058.01,3.85192
1778114520.0,81058.01,81058.01,81041.8,81041.81,2.77579
1778114580.0,81041.81,81041.81,81025.57,81025.58,8.18651
1778114640.0,81025.58,81030.0,80987.0,81027.98,42.61913
1778114700.0,81027.98,81084.19,81003.28,81058.0,5.82253
1778114760.0,81058.0,81058.0,80987.0,81000.47,10.46972
1778114820.0,81000.48,81047.57,80980.0,81045.79,21.16796
1778114880.0,81045.8,81138.47,81045.79,81109.92,6.79211
1778114940.0,81109.93,81123.06,81089.81,81108.0,6.56286
1778115000.0,81108.0,81108.0,81065.48,81065.48,3.73973
1778115060.0,81065.48,81078.78,81057.99,81058.48,3.52733
1778115120.0,81058.48,81079.03,81033.77,81033.78,8.07489
1778115180.0,81033.77,81065.47,81033.77,81065.47,3.3365
1778115240.0,81065.46,81065.46,81022.92,81022.92,3.95976
1778115300.0,81022.93,81097.01,81016.85,81097.01,2.92736
1778115360.0,81097.01,81097.01,81065.48,81065.48,2.77214
1778115420.0,81065.48,81081.8,81065.48,81073.33,2.14148
1778115480.0,81073.33,81073.33,81008.0,81023.7,9.00843
1778115540.0,81023.7,81023.7,81000.0,81016.96,14.46853
1778115600.0,81016.96,81047.33,81000.0,81000.01,15.72867
1778115660.0,81000.01,81095.03,80968.25,81095.02,37.99404
1778115720.0,81095.02,81095.03,81057.99,81066.01,3.553
1778115780.0,81066.01,81072.27,81020.77,81033.77,7.00789
1778115840.0,81033.78,81048.77,80980.0,81010.42,20.29858
1778115900.0,81010.43,81017.41,80990.73,80992.55,4.08593
1778115960.0,80992.56,80992.56,80888.0,80888.0,64.47075
1778116020.0,80888.0,81040.0,80830.23,81036.09,41.72617
1778116080.0,81036.51,81041.15,81007.29,81025.79,2.79015
1778116140.0,81025.79,81060.0,81016.2,81057.99,6.15677
1778116200.0,81058.0,81155.36,81057.99,81134.0,11.36193
1778116260.0,81134.01,81134.01,81080.01,81080.01,3.65911
1778116320.0,81080.0,81138.48,81065.48,81131.62,3.03896
1778116380.0,81131.63,81132.98,81094.7,81108.69,2.59736
1778116440.0,81108.7,81151.53,81108.69,81151.53,4.75157
1778116500.0,81151.53,81164.5,81126.88,81164.5,10.14977
1778116560.0,81164.5,81164.51,81095.23,81106.82,8.58772
1778116620.0,81106.83,81117.93,81062.08,81062.09,2.4339
1778116680.0,81062.08,81062.08,81002.0,81041.14,8.10982
1778116740.0,81041.15,81077.68,81034.43,81077.68,5.99541
1778116800.0,81077.68,81082.0,81057.99,81061.88,1.7665
1778116860.0,81061.88,81061.89,80976.0,80978.56,11.39581
1778116920.0,80978.56,81043.98,80978.55,81040.95,36.99019
1778116980.0,81040.96,81142.18,81040.95,81126.43,16.01749
1778117040.0,81126.44,81150.72,81126.43,81145.48,3.88391
1778117100.0,81145.49,81188.66,81144.99,81145.0,8.22182
1778117160.0,81145.0,81149.35,81138.5,81149.34,3.57529
1778117220.0,81149.33,81168.22,81149.33,81160.84,6.47008
1778117280.0,81160.84,81200.0,81155.27,81192.13,13.0517
1778117340.0,81192.12,81222.76,81192.12,81210.01,4.77148
1778117400.0,81210.0,81254.59,81208.37,81254.59,7.27463
1778117460.0,81254.58,81254.59,81220.0,81226.14,6.64183
1778117520.0,81226.13,81242.01,81221.1,81242.01,2.80705
1778117580.0,81242.01,81255.18,81193.22,81203.16,7.87627
1778117640.0,81203.15,81203.15,81130.69,81142.58,12.70534
1778117700.0,81142.59,81180.32,81139.87,81180.31,21.52968
1778117760.0,81180.32,81198.02,81180.0,81180.01,3.62007
1778117820.0,81180.01,81220.0,81180.0,81219.99,15.60123
1778117880.0,81220.0,81239.28,81220.0,81233.44,2.78722
1778117940.0,81233.43,81260.3,81233.43,81260.29,2.55924
1778118000.0,81260.29,81284.67,81260.29,81279.13,14.86932
1778118060.0,81279.13,81279.13,81243.6,81243.6,3.58168
1778118120.0,81243.61,81260.0,81243.6,81258.0,8.97739
1778118180.0,81257.99,81260.0,81246.45,81251.92,1.91858
1778118240.0,81251.92,81278.6,81249.96,81278.6,5.56376
1778118300.0,81278.6,81278.6,81256.12,81256.12,3.47598
1778118360.0,81256.02,81259.99,81242.41,81259.99,3.06503
1778118420.0,81259.99,81259.99,81242.49,81259.93,1.82999
1778118480.0,81259.93,81259.93,81240.0,81240.01,1.59552
1778118540.0,81240.0,81272.2,81240.0,81272.2,0.94186
1778118600.0,81272.2,81276.87,81202.0,81212.96,8.03401
1778118660.0,81212.96,81222.57,81182.52,81182.53,3.25913
1778118720.0,81182.52,81182.53,81133.19,81160.84,6.42105
1778118780.0,81160.83,81189.81,81130.92,81153.99,9.31213
1778118840.0,81153.99,81186.2,81153.99,81175.03,1.45798
1778118900.0,81175.03,81196.0,81175.02,81186.21,2.57578
1778118960.0,81186.2,81200.88,81170.29,81195.93,12.08001
1778119020.0,81195.93,81200.87,81188.01,81188.01,2.51012
1778119080.0,81188.0,81188.0,81160.83,81169.69,3.21749
1778119140.0,81169.69,81190.61,81167.79,81167.8,16.66457
1778119200.0,81167.79,81180.74,81146.85,81146.85,18.10931
1778119260.0,81146.85,81178.79,81130.92,81130.93,6.13517
1778119320.0,81130.92,81157.4,81114.15,81124.21,3.50525
1778119380.0,81124.21,81158.43,81115.22,81158.42,7.38964
1778119440.0,81158.43,81158.43,81100.0,81111.5,3.13338
1778119500.0,81111.49,81118.39,81093.13,81093.13,6.37418
1778119560.0,81093.13,81105.49,81075.29,81105.47,3.20943
1778119620.0,81105.47,81114.13,81077.64,81080.97,3.14282
1778119680.0,81080.97,81100.0,81080.97,81086.18,2.4342
1778119740.0,81086.17,81086.18,81014.83,81014.84,5.85195
1778119800.0,81014.83,81038.78,81014.83,81022.82,5.56771
1778119860.0,81022.83,81029.93,80969.71,80969.71,7.9899
1778119920.0,80969.72,80985.07,80937.01,80971.89,9.3352
1778119980.0,80971.89,80971.89,80929.44,80929.44,12.00951
1778120040.0,80929.43,80947.95,80915.71,80933.63,38.73247
1778120100.0,80933.64,80974.12,80915.0,80968.97,8.23747
1778120160.0,80968.98,80968.98,80923.05,80948.03,5.86926
1778120220.0,80948.04,80963.58,80931.36,80947.0,5.45514
1778120280.0,80946.99,80979.99,80946.99,80962.93,14.93302
1778120340.0,80962.93,80962.93,80911.42,80911.43,34.95471
1778120400.0,80911.42,80955.59,80902.3,80955.59,43.67415
1778120460.0,80955.58,80955.59,80910.83,80910.83,7.45701
1778120520.0,80910.84,80922.6,80899.21,80922.59,13.57596
1778120580.0,80922.6,80999.03,80922.6,80992.71,5.21307
1778120640.0,80992.72,80992.72,80904.99,80904.99,31.77269
1778120700.0,80905.0,80937.17,80894.34,80895.95,31.70044
1778120760.0,80895.95,80900.82,80894.35,80900.76,10.88237
1778120820.0,80900.75,80900.76,80883.54,80895.1,6.6658
1778120880.0,80895.1,80931.39,80895.09,80907.61,6.02058
1778120940.0,80907.6,80932.67,80897.82,80898.0,37.17456
1778121000.0,80898.0,80958.48,80897.99,80899.39,121.81837
1778121060.0,80899.39,80930.0,80892.04,80928.58,34.48364
1778121120.0,80928.57,81036.05,80924.48,81036.05,21.33362
1778121180.0,81007.09,81045.88,80988.02,80988.03,21.72868
1778121240.0,80988.03,81013.12,80988.02,81013.12,3.91259
1778121300.0,81013.11,81013.12,80967.4,80967.41,3.93164
1778121360.0,80967.41,80967.41,80950.16,80950.16,3.52218
1778121420.0,80950.17,80965.07,80950.16,80955.17,5.2091
1778121480.0,80955.17,80995.86,80955.16,80989.01,3.67228
1778121540.0,80989.02,80995.36,80969.28,80969.28,8.7737
1778121600.0,80969.28,80979.49,80969.27,80974.67,3.71155
1778121660.0,80974.66,80979.5,80969.28,80969.29,5.48761
1778121720.0,80969.3,80983.75,80969.29,80971.39,1.86342
1778121780.0,80971.38,80971.38,80955.16,80955.17,6.32484
1778121840.0,80955.17,80989.31,80955.16,80967.9,10.21663
1778121900.0,80967.9,81047.79,80964.55,81047.78,23.8578
1778121960.0,81047.78,81047.78,81030.0,81040.95,3.53876
1778122020.0,81040.95,81080.55,81040.95,81078.39,12.22746
1778122080.0,81078.4,81078.4,81043.48,81043.48,3.72225
1778122140.0,81043.49,81052.0,81043.48,81052.0,2.42885
1778122200.0,81051.99,81052.0,81039.94,81039.95,1.74023
1778122260.0,81039.94,81043.85,81039.94,81043.85,0.78072
1778122320.0,81043.84,81099.32,81043.84,81099.32,8.65565
1778122380.0,81099.32,81099.32,81070.0,81089.64,10.2014
1778122440.0,81089.64,81098.93,81086.02,81086.03,3.14325
1778122500.0,81086.03,81086.03,81072.4,81072.41,5.90173
1778122560.0,81072.4,81132.32,81072.4,81130.15,4.19982
1778122620.0,81130.15,81153.9,81130.15,81137.45,11.64113
1778122680.0,81137.45,81137.45,81114.16,81114.16,2.0002
1778122740.0,81114.15,81117.54,81098.0,81113.34,3.4167
1778122800.0,81113.35,81113.35,81086.0,81092.47,4.25028
1778122860.0,81092.47,81092.47,81072.4,81073.39,2.82116
1778122920.0,81073.38,81073.39,81050.1,81050.1,5.74157
1778122980.0,81050.1,81080.68,81049.73,81080.68,3.28588
1778123040.0,81080.67,81080.67,81054.0,81056.61,3.56766
1778123100.0,81056.61,81056.61,81045.92,81045.93,2.12749
1778123160.0,81045.93,81052.0,81045.92,81052.0,2.06008
1778123220.0,81052.0,81057.5,81046.37,81057.5,1.43278
1778123280.0,81057.5,81107.11,81057.49,81093.43,3.0944
1778123340.0,81093.43,81093.43,81080.31,81080.32,1.98512
1778123400.0,81080.31,81080.31,81020.07,81037.73,42.87893
1778123460.0,81037.73,81053.02,81037.72,81050.22,1.93068
1778123520.0,81050.21,81050.22,81034.48,81034.48,6.71103
1778123580.0,81034.48,81044.17,81020.17,81044.17,4.40464
1778123640.0,81044.17,81044.17,81020.17,81020.17,1.87587
1778123700.0,81020.18,81057.98,81020.18,81057.97,1.07126
1778123760.0,81057.98,81068.75,81057.97,81068.75,0.90675
1778123820.0,81068.75,81072.03,81041.16,81041.17,10.32779
1778123880.0,81041.16,81041.17,81020.0,81034.46,2.51067
1778123940.0,81034.47,81034.47,81020.01,81020.01,0.97013
1778124000.0,81020.0,81020.01,80983.47,80983.48,3.78904
1778124060.0,80983.48,80983.48,80901.23,80911.28,9.40721
1778124120.0,80911.29,80923.02,80895.4,80895.41,4.11031
1778124180.0,80895.41,80905.4,80866.66,80866.67,10.82808
1778124240.0,80866.66,80911.37,80866.13,80911.37,6.40446
1778124300.0,80911.37,80931.83,80911.37,80931.83,3.10495
1778124360.0,80931.83,80963.24,80931.82,80963.24,3.84742
1778124420.0,80963.24,80963.24,80946.0,80963.22,9.25467
1778124480.0,80963.23,80968.24,80963.22,80968.24,1.5339
1778124540.0,80968.24,80971.55,80968.23,80971.54,8.77443
1778124600.0,80971.55,80971.55,80940.16,80940.17,4.3593
1778124660.0,80940.17,80953.65,80940.16,80953.65,1.60749
1778124720.0,80953.65,80971.55,80941.78,80971.55,2.22037
1778124780.0,80971.55,80995.86,80970.0,80970.0,3.4494
1778124840.0,80970.01,80970.01,80910.0,80923.65,7.21757
1778124900.0,80923.65,80949.55,80923.64,80946.21,3.14401
1778124960.0,80946.21,80954.63,80923.65,80954.62,3.111
1778125020.0,80954.63,80976.63,80954.62,80976.63,2.54323
1778125080.0,80976.63,80983.58,80976.63,80983.57,1.03269
1778125140.0,80983.57,80983.57,80975.16,80983.57,1.9869
1778125200.0,80983.57,81000.0,80983.56,80999.99,5.35066
1778125260.0,80999.99,81006.0,80999.99,81001.07,2.86729
1778125320.0,81001.06,81001.07,80971.57,80971.57,2.22884
1778125380.0,80971.58,80994.39,80971.57,80994.38,3.82807
1778125440.0,80994.38,80999.57,80980.0,80980.01,3.72473
1778125500.0,80980.01,80989.78,80971.58,80971.58,3.92792
1778125560.0,80971.57,80974.64,80965.2,80965.2,1.09716
1778125620.0,80965.21,80965.21,80934.96,80934.97,8.33667
1778125680.0,80934.96,80934.97,80923.47,80934.97,4.10963
1778125740.0,80934.97,80954.66,80934.96,80954.66,2.0575
1778125800.0,80954.65,81006.0,80954.65,81005.99,3.4796
1778125860.0,81005.99,81013.43,80972.67,80987.65,4.79294
1778125920.0,80987.64,80987.65,80955.16,80955.17,2.68349
1778125980.0,80955.17,80955.17,80951.25,80951.25,1.50959
1778126040.0,80951.25,80959.33,80931.0,80936.07,28.38525
1778126100.0,80936.06,80936.07,80884.46,80884.47,17.06351
1778126160.0,80884.46,80919.39,80852.33,80879.13,24.12669
1778126220.0,80879.12,80888.47,80852.33,80852.34,4.31026
1778126280.0,80852.34,80878.84,80850.0,80877.22,8.02051
1778126340.0,80877.22,80881.61,80834.61,80834.91,17.71475
1778126400.0,80834.92,80849.99,80833.33,80849.99,4.19888
1778126460.0,80850.0,80863.98,80849.99,80860.09,3.0446
1778126520.0,80860.08,80868.67,80849.28,80859.95,6.98934
1778126580.0,80859.95,80866.0,80834.17,80859.8,12.65244
1778126640.0,80859.8,80859.8,80816.55,80816.55,8.01366
1778126700.0,80816.54,80827.49,80779.87,80793.9,41.63135
1778126760.0,80793.89,80808.65,80777.0,80779.9,16.65197
1778126820.0,80779.9,80809.63,80779.89,80781.93,3.43302
1778126880.0,80781.93,80781.93,80774.13,80780.53,4.32566
1778126940.0,80780.53,80784.84,80725.09,80771.8,23.36473
1778127000.0,80771.79,80832.87,80771.79,80832.87,3.36413
1778127060.0,80832.87,80843.05,80830.0,80834.96,5.115
1778127120.0,80834.96,80861.1,80834.95,80844.3,3.45115
1778127180.0,80844.3,80861.0,80840.17,80861.0,3.51655
1778127240.0,80861.0,80907.43,80860.99,80869.87,10.00881
1778127300.0,80869.87,80869.87,80852.33,80869.21,6.14644
1778127360.0,80869.21,80893.53,80869.21,80893.53,3.35096
1778127420.0,80893.53,80931.01,80893.53,80931.01,5.37476
1778127480.0,80931.01,80931.01,80914.95,80928.5,4.13603
1778127540.0,80928.5,80948.82,80928.5,80941.74,12.17848
1778127600.0,80941.75,80968.07,80941.75,80968.07,15.73424
1778127660.0,80968.07,80975.13,80960.0,80960.01,3.40274
1778127720.0,80960.01,80960.01,80938.08,80938.08,4.30352
1778127780.0,80938.09,80938.09,80913.2,80913.39,7.88913
1778127840.0,80913.39,80928.0,80913.39,80927.99,3.5573
1778127900.0,80928.0,80978.0,80927.99,80962.02,10.64742
1778127960.0,80962.03,80962.03,80920.51,80928.79,7.56075
1778128020.0,80928.8,80928.8,80913.62,80913.62,3.59626
1778128080.0,80913.62,80913.63,80905.15,80905.16,2.74615
1778128140.0,80905.16,80933.35,80905.15,80933.34,8.49633
1778128200.0,80933.34,80933.34,80904.44,80930.0,8.52088
1778128260.0,80929.99,80934.23,80927.53,80934.22,3.19666
1778128320.0,80934.23,80978.0,80934.23,80978.0,2.98267
1778128380.0,80978.0,80978.0,80977.99,80978.0,2.43381
1778128440.0,80978.0,80978.0,80910.84,80910.85,5.56059
1778128500.0,80910.85,80920.21,80898.71,80910.97,4.11979
1778128560.0,80910.96,80930.12,80910.96,80930.11,3.58937
1778128620.0,80930.12,80930.36,80913.57,80921.22,7.19858
1778128680.0,80921.22,80921.22,80910.96,80910.96,1.02933
1778128740.0,80910.96,80910.97,80889.16,80889.17,2.48287
1778128800.0,80889.16,80889.17,80867.24,80867.25,4.23026
1778128860.0,80867.24,80867.25,80860.47,80860.48,1.96102
1778128920.0,80860.48,80877.88,80860.47,80870.84,19.22734
1778128980.0,80870.83,80887.13,80870.83,80887.12,3.81497
1778129040.0,80887.12,80887.13,80887.11,80887.12,1.55381
1778129100.0,80887.12,80925.04,80887.11,80925.04,5.71517
1778129160.0,80925.04,80925.48,80902.93,80902.94,2.40436
1778129220.0,80902.94,80908.37,80892.48,80908.37,6.26486
1778129280.0,80908.37,80918.04,80908.37,80918.03,3.07988
1778129340.0,80918.04,80936.79,80918.03,80925.5,6.38015
1778129400.0,80925.49,80925.5,80918.45,80925.5,3.1039
1778129460.0,80925.49,80968.24,80925.49,80968.23,4.94368
1778129520.0,80968.23,80969.95,80955.16,80961.73,3.10131
1778129580.0,80961.73,80961.74,80961.73,80961.73,1.27527
1778129640.0,80961.74,80989.59,80961.73,80989.58,9.42424
1778129700.0,80989.58,80989.59,80955.16,80957.82,5.96967
1778129760.0,80957.82,80960.76,80955.16,80955.16,0.86673
1778129820.0,80955.17,80972.38,80955.16,80972.37,5.7727
1778129880.0,80972.38,80972.38,80965.97,80968.0,4.47984
1778129940.0,80968.0,80979.2,80967.99,80979.19,4.26196
1778130000.0,80979.19,81035.16,80974.06,81035.16,13.38579
1778130060.0,81035.16,81041.66,81000.0,81029.26,5.65726
1778130120.0,81029.25,81061.25,81029.25,81058.45,10.19807
1778130180.0,81058.45,81103.46,81057.99,81064.02,30.50914
1778130240.0,81064.02,81087.91,81057.95,81087.9,3.72516
1778130300.0,81087.91,81089.79,81070.78,81070.79,3.22292
1778130360.0,81070.78,81070.79,81057.99,81057.99,1.28444
1778130420.0,81058.0,81058.0,81024.78,81024.79,6.56407
1778130480.0,81024.78,81034.94,81024.78,81024.79,3.36097
1778130540.0,81024.8,81038.72,81024.79,81037.1,2.63517
1778130600.0,81037.1,81061.4,81035.4,81061.39,6.56276
1778130660.0,81061.4,81065.47,81048.57,81065.46,5.34932
1778130720.0,81065.47,81122.0,81065.46,81115.7,15.17583
1778130780.0,81115.69,81172.27,81115.69,81155.34,34.4019
1778130840.0,81155.33,81155.34,81114.16,81116.85,9.62071
1778130900.0,81116.85,81132.56,81116.85,81132.55,3.79006
1778130960.0,81132.55,81155.72,81132.55,81155.72,7.65063
1778131020.0,81155.71,81155.72,81140.99,81152.74,5.15025
1778131080.0,81152.73,81152.74,81145.67,81145.67,3.33296
1778131140.0,81145.67,81148.0,81140.99,81141.13,4.61087
1778131200.0,81141.13,81141.13,81116.81,81116.82,3.55544
1778131260.0,81116.82,81116.82,81100.01,81100.01,5.47368
1778131320.0,81100.01,81100.01,81089.9,81089.91,1.86654
1778131380.0,81089.9,81094.0,81080.03,81094.0,5.22357
1778131440.0,81094.0,81094.0,81090.75,81090.75,2.01363
1778131500.0,81090.76,81099.48,81086.88,81086.88,5.14912
1778131560.0,81086.88,81086.88,81065.48,81065.49,2.64328
1778131620.0,81065.49,81065.49,81060.01,81060.02,2.3946
1778131680.0,81060.01,81126.0,81057.99,81126.0,5.40149
1778131740.0,81126.0,81126.0,81102.02,81102.02,3.26151
1778131800.0,81102.03,81149.95,81102.03,81130.01,7.11768
1778131860.0,81130.01,81137.71,81130.0,81134.85,1.20292
1778131920.0,81134.84,81141.76,81100.0,81100.01,14.62795
1778131980.0,81100.01,81105.74,81072.13,81083.47,7.52896
1778132040.0,81083.47,81083.48,81050.0,81050.0,12.33206
1778132100.0,81050.01,81066.04,81050.0,81066.03,3.30257
1778132160.0,81066.03,81066.04,81046.23,81046.23,4.84081
1778132220.0,81046.24,81064.83,81046.23,81054.29,12.79678
1778132280.0,81054.3,81076.77,81054.29,81076.76,4.34437
1778132340.0,81076.77,81076.77,81057.99,81057.99,2.96119
1778132400.0,81057.99,81058.0,81037.61,81039.25,6.42726
1778132460.0,81039.24,81048.83,81037.61,81048.83,10.44015
1778132520.0,81048.83,81050.0,81048.82,81050.0,1.20085
1778132580.0,81049.99,81075.7,81049.99,81075.69,3.02689
1778132640.0,81075.7,81080.11,81075.7,81080.11,3.58637
1778132700.0,81080.1,81080.11,81057.99,81057.99,3.29283
1778132760.0,81058.0,81064.31,81041.87,81041.88,2.20531
1778132820.0,81041.88,81049.09,81041.16,81049.09,2.53132
1778132880.0,81049.09,81059.44,81049.08,81059.44,2.55292
1778132940.0,81059.44,81060.82,81053.7,81053.71,2.19197
1778133000.0,81053.7,81057.61,81044.56,81057.6,1.80994
1778133060.0,81057.6,81057.61,81040.0,81040.0,3.64461
1778133120.0,81040.0,81040.0,81027.7,81036.92,2.75592
1778133180.0,81036.91,81036.92,81032.78,81032.78,1.39673
1778133240.0,81032.79,81068.0,81003.42,81067.99,8.68119
1778133300.0,81067.99,81068.0,81037.99,81038.0,2.70906
1778133360.0,81038.0,81047.07,81037.99,81047.06,1.66967
1778133420.0,81047.07,81055.94,81047.06,81055.93,5.72055
1778133480.0,81055.93,81055.93,81055.92,81055.93,2.27003
1778133540.0,81055.93,81088.0,81055.93,81088.0,3.00634
1778133600.0,81088.0,81088.0,81060.47,81060.47,2.51275
1778133660.0,81060.48,81060.48,81050.0,81050.0,3.15514
1778133720.0,81050.01,81072.05,81050.0,81050.0,4.19737
1778133780.0,81050.0,81050.01,81048.66,81048.67,1.44977
1778133840.0,81048.67,81067.58,81048.67,81063.47,5.27767
1778133900.0,81063.46,81063.47,81030.0,81032.45,12.36579
1778133960.0,81032.45,81054.08,81032.44,81045.22,2.47888
1778134020.0,81045.21,81046.85,81044.32,81046.85,1.80233
1778134080.0,81046.85,81046.85,80952.61,80966.4,25.9475
1778134140.0,80966.4,80977.89,80930.0,80977.88,18.75385
1778134200.0,80977.89,80977.89,80938.23,80938.23,16.69645
1778134260.0,80938.24,80938.24,80917.41,80935.61,3.56099
1778134320.0,80935.62,80935.62,80908.37,80908.38,6.70461
1778134380.0,80908.37,80908.38,80874.41,80906.85,38.57601
1778134440.0,80906.85,80906.86,80886.0,80899.21,1.53217
1778134500.0,80899.21,80954.69,80899.2,80954.68,10.6039
1778134560.0,80954.68,80965.05,80942.28,80954.61,5.72635
1778134620.0,80954.61,80975.31,80954.6,80959.29,2.44645
1778134680.0,80959.29,80959.29,80950.0,80950.01,8.11259
1778134740.0,80950.0,80984.14,80933.74,80955.17,9.86712
1778134800.0,80955.17,80957.45,80944.42,80955.17,14.62908
1778134860.0,80955.17,80992.69,80955.16,80992.68,6.19633
1778134920.0,80992.69,81008.89,80992.69,80997.22,12.71846
1778134980.0,80997.23,81011.89,80987.99,80987.99,5.18364
1778135040.0,80987.98,80987.99,80971.47,80978.51,3.91397
1778135100.0,80978.5,80981.75,80963.82,80972.0,3.83858
1778135160.0,80972.01,80992.54,80972.0,80992.53,1.37156
1778135220.0,80992.53,81001.47,80992.53,81001.46,3.97354
1778135280.0,81001.47,81001.47,81000.49,81000.49,2.1727
1778135340.0,81000.49,81030.13,81000.49,81030.12,4.00285
1778135400.0,81030.12,81038.23,81030.12,81038.23,6.97094
1778135460.0,81038.24,81109.09,81038.23,81109.09,13.72333
1778135520.0,81109.09,81155.62,81109.09,81114.16,12.62201
1778135580.0,81114.17,81244.83,81114.17,81227.52,31.19641
1778135640.0,81227.53,81287.59,81209.98,81280.55,40.48446
1778135700.0,81280.54,81320.0,81263.66,81270.43,17.03208
1778135760.0,81270.43,81349.33,81270.43,81349.33,16.22304
1778135820.0,81349.33,81349.33,81267.0,81276.4,24.22683
1778135880.0,81276.4,81299.5,81276.39,81299.49,7.50164
1778135940.0,81299.5,81306.68,81276.6,81280.26,7.01786
1778136000.0,81280.26,81358.42,81280.26,81338.94,36.35633
1778136060.0,81338.95,81338.95,81328.78,81333.48,3.2777
1778136120.0,81333.48,81341.63,81307.23,81323.42,19.63079
1778136180.0,81323.43,81382.28,81306.74,81372.78,25.23832
1778136240.0,81372.79,81381.55,81360.0,81369.7,5.47662
1778136300.0,81369.7,81391.16,81333.48,81334.77,11.82964
1778136360.0,81334.78,81334.78,81316.77,81329.08,3.01415
1778136420.0,81329.08,81329.08,81309.08,81320.0,4.18668
1778136480.0,81320.0,81320.0,81298.49,81306.63,8.18068
1778136540.0,81306.63,81319.01,81306.62,81308.68,5.05244
1778136600.0,81308.68,81338.45,81308.67,81331.79,5.38716
1778136660.0,81331.78,81331.79,81309.35,81330.92,4.46735
1778136720.0,81330.93,81369.37,81330.93,81366.56,3.01933
1778136780.0,81366.56,81375.35,81366.49,81375.34,3.6042
1778136840.0,81375.35,81388.51,81370.4,81388.5,5.1336
1778136900.0,81388.5,81419.13,81388.5,81409.14,11.63324
1778136960.0,81409.14,81419.13,81402.86,81406.25,5.90921
1778137020.0,81406.25,81420.0,81406.24,81407.88,8.45634
1778137080.0,81407.89,81415.17,81407.88,81415.17,3.346
1778137140.0,81415.17,81443.21,81415.16,81438.61,23.71897
1778137200.0,81438.62,81464.92,81418.19,81448.39,12.95276
1778137260.0,81448.39,81454.0,81406.85,81406.85,8.30507
1778137320.0,81406.85,81430.02,81406.85,81408.55,6.19473
1778137380.0,81408.56,81408.56,81395.21,81397.69,3.57392
1778137440.0,81397.69,81428.55,81390.3,81428.54,3.83785
1778137500.0,81428.55,81446.57,81428.1,81428.11,2.92911
1778137560.0,81428.1,81446.57,81428.1,81446.56,2.24955
1778137620.0,81446.56,81518.77,81446.56,81518.77,28.2829
1778137680.0,81518.77,81539.68,81490.17,81521.4,20.60969
1778137740.0,81521.4,81521.4,81424.02,81427.9,35.75795
1778137800.0,81427.9,81477.76,81427.89,81473.82,15.34273
1778137860.0,81473.83,81492.99,81463.05,81483.79,11.10665
1778137920.0,81483.8,81553.4,81483.8,81547.38,10.9212
1778137980.0,81547.37,81590.93,81547.37,81590.93,17.07188
1778138040.0,81590.93,81665.84,81590.93,81656.75,15.1886
1778138100.0,81656.75,81680.0,81630.92,81630.92,24.25108
1778138160.0,81630.93,81692.83,81620.0,81692.82,8.41605
1778138220.0,81692.82,81706.86,81677.32,81680.01,29.0939
1778138280.0,81680.01,81691.85,81606.11,81606.12,10.84894
1778138340.0,81606.11,81606.11,81566.12,81600.72,13.7855
1778138400.0,81600.71,81626.85,81600.71,81625.16,7.67927
1778138460.0,81625.15,81637.68,81614.0,81614.01,4.76533
1778138520.0,81614.0,81644.89,81614.0,81634.28,7.45552
1778138580.0,81634.28,81634.28,81608.97,81608.98,3.24013
1778138640.0,81608.97,81608.98,81602.37,81608.98,6.38131
1778138700.0,81608.97,81608.98,81584.21,81584.21,7.20008
1778138760.0,81584.22,81590.0,81579.52,81589.99,3.90143
1778138820.0,81590.0,81612.72,81589.99,81604.58,4.21103
1778138880.0,81604.58,81604.58,81558.0,81567.99,6.02238
1778138940.0,81567.99,81569.66,81560.33,81561.36,5.16404
1778139000.0,81561.36,81579.85,81545.54,81557.52,13.70805
1778139060.0,81557.51,81633.95,81557.51,81622.63,9.60535
1778139120.0,81622.62,81657.12,81618.27,81657.11,17.42059
1778139180.0,81657.11,81698.16,81657.11,81698.15,18.11681
1778139240.0,81698.15,81708.32,81667.67,81667.67,16.62295
1778139300.0,81667.67,81674.26,81651.35,81664.0,6.1355
1778139360.0,81663.99,81664.0,81632.53,81632.54,5.73503
1778139420.0,81632.53,81649.66,81622.0,81644.19,8.33925
1778139480.0,81644.18,81649.19,81600.0,81600.01,7.59396
1778139540.0,81600.0,81622.14,81600.0,81622.14,6.0805
1778139600.0,81622.13,81622.14,81602.78,81602.79,3.97168
1778139660.0,81602.78,81608.28,81602.78,81608.27,2.96606
1778139720.0,81608.27,81634.95,81600.0,81634.94,9.37522
1778139780.0,81634.94,81634.95,81588.39,81588.4,10.86407
1778139840.0,81588.4,81596.0,81581.75,81588.06,20.51519
1778139900.0,81588.05,81600.0,81582.89,81582.9,5.38167
1778139960.0,81582.89,81598.36,81582.89,81598.35,5.81346
1778140020.0,81598.35,81600.0,81585.54,81585.54,5.24976
1778140080.0,81585.53,81585.54,81558.0,81558.0,11.1103
1778140140.0,81558.0,81558.01,81510.0,81529.59,22.81675
1778140200.0,81529.58,81551.87,81517.39,81537.16,10.722
1778140260.0,81537.15,81549.8,81521.63,81544.09,16.36638
1778140320.0,81544.09,81549.79,81541.16,81541.17,4.26951
1778140380.0,81541.16,81541.16,81500.0,81500.0,29.98573
1778140440.0,81500.0,81500.01,81469.33,81469.33,21.8211
1778140500.0,81469.33,81492.41,81469.33,81492.4,6.36468
1778140560.0,81492.4,81492.41,81484.02,81491.99,9.91192
1778140620.0,81491.99,81517.47,81491.99,81517.46,14.68436
1778140680.0,81517.46,81517.47,81510.92,81510.92,6.15353
1778140740.0,81510.92,81539.98,81509.21,81518.58,17.53819
1778140800.0,81518.57,81527.48,81448.17,81457.99,14.67167
1778140860.0,81457.98,81548.19,81457.98,81548.18,10.87971
1778140920.0,81548.19,81584.34,81534.4,81540.0,30.01809
1778140980.0,81540.0,81558.16,81534.44,81546.53,10.55257
1778141040.0,81546.53,81548.9,81538.68,81538.69,5.62256
1778141100.0,81538.69,81573.48,81532.3,81545.21,9.36945
1778141160.0,81545.21,81575.52,81545.21,81572.16,4.00774
1778141220.0,81572.17,81577.87,81563.23,81566.02,4.10519
1778141280.0,81566.02,81577.69,81566.0,81572.16,4.71788
1778141340.0,81572.17,81590.0,81572.16,81583.59,4.51044
1778141400.0,81583.6,81583.6,81497.12,81500.34,19.31796
1778141460.0,81500.33,81526.91,81482.83,81482.84,12.36953
1778141520.0,81482.84,81487.86,81479.51,81487.67,6.87808
1778141580.0,81487.66,81500.91,81487.64,81494.17,30.50398
1778141640.0,81494.16,81520.91,81494.16,81508.85,4.53386
1778141700.0,81508.85,81508.85,81446.72,81465.83,14.77368
1778141760.0,81465.83,81480.0,81465.83,81472.64,12.57195
1778141820.0,81472.65,81494.99,81472.64,81494.98,2.86516
1778141880.0,81494.99,81494.99,81416.41,81416.41,8.1883
1778141940.0,81416.42,81416.42,81381.55,81397.98,12.45448
1778142000.0,81397.98,81397.98,81341.63,81376.82,12.20619
1778142060.0,81376.82,81376.82,81325.02,81330.0,34.72045
1778142120.0,81330.01,81354.13,81314.37,81354.13,20.79096
1778142180.0,81354.13,81357.88,81337.35,81337.35,10.21136
1778142240.0,81337.36,81418.43,81337.35,81418.43,20.16234
1778142300.0,81418.43,81429.6,81352.16,81375.85,12.57393
1778142360.0,81375.86,81390.3,81366.5,81390.3,4.47813
1778142420.0,81390.29,81398.07,81377.67,81390.3,11.80648
1778142480.0,81390.3,81404.13,81378.0,81404.13,10.88106
1778142540.0,81404.13,81419.05,81390.13,81419.05,13.78301
1778142600.0,81419.04,81454.37,81419.04,81444.0,5.72267
1778142660.0,81444.01,81483.36,81444.0,81460.0,9.58354
1778142720.0,81460.01,81460.01,81431.0,81431.0,5.37097
1778142780.0,81431.0,81431.01,81387.11,81387.11,3.75965
1778142840.0,81387.11,81387.12,81346.25,81356.3,72.85591
1778142900.0,81356.29,81368.61,81347.29,81354.94,4.94923
1778142960.0,81354.94,81372.08,81336.05,81347.51,5.21563
1778143020.0,81347.51,81360.0,81320.92,81320.93,2.47359
1778143080.0,81320.93,81320.93,81273.47,81297.85,9.63763
1778143140.0,81297.85,81330.29,81297.84,81330.29,3.35137
1778143200.0,81330.28,81330.29,81297.28,81297.28,3.66501
1778143260.0,81297.29,81316.72,81270.58,81270.59,13.70226
1778143320.0,81270.58,81278.0,81243.33,81273.14,8.90661
1778143380.0,81273.14,81284.4,81273.14,81281.14,2.80367
1778143440.0,81281.14,81285.8,81256.52,81256.53,13.6295
1778143500.0,81256.53,81256.53,81219.27,81230.56,10.62724
1778143560.0,81230.57,81246.03,81220.43,81220.43,7.75991
1778143620.0,81220.44,81226.09,81199.81,81200.0,14.84595
1778143680.0,81199.99,81210.0,81199.99,81206.55,9.51152
1778143740.0,81206.55,81259.36,81206.54,81259.36,3.99251
1778143800.0,81259.36,81275.95,81259.35,81275.95,3.121
1778143860.0,81275.94,81286.18,81275.94,81278.9,6.5468
1778143920.0,81278.9,81289.5,81263.66,81274.01,4.77807
1778143980.0,81274.01,81313.23,81274.0,81286.87,11.1932
1778144040.0,81286.87,81286.88,81271.47,81279.88,2.70002
1778144100.0,81279.87,81279.88,81240.01,81240.01,4.64062
1778144160.0,81240.0,81240.01,81209.34,81210.98,3.12182
1778144220.0,81210.97,81228.0,81210.97,81227.99,2.78257
1778144280.0,81227.99,81228.0,81194.74,81199.58,11.31526
1778144340.0,81199.58,81231.25,81199.57,81231.24,10.29214
1778144400.0,81231.25,81231.25,81165.75,81171.62,19.52884
1778144460.0,81171.62,81218.35,81171.61,81194.06,4.3049
1778144520.0,81194.06,81194.06,81145.67,81145.67,15.26652
1778144580.0,81145.66,81145.66,81118.11,81118.12,5.51564
1778144640.0,81118.12,81145.75,81118.11,81137.31,3.14043
1778144700.0,81137.31,81146.05,81120.0,81120.01,3.2153
1778144760.0,81120.01,81120.65,81118.11,81120.64,2.72217
1778144820.0,81120.65,81146.05,81117.48,81146.05,7.73642
1778144880.0,81146.05,81155.43,81143.5,81143.5,2.41772
1778144940.0,81143.5,81172.11,81143.5,81160.84,3.46103
1778145000.0,81160.84,81186.18,81160.83,81164.65,2.52355
1778145060.0,81164.64,81164.65,81142.41,81142.41,2.81448
1778145120.0,81142.41,81154.41,81139.52,81151.0,4.03572
1778145180.0,81150.99,81166.15,81150.99,81160.83,3.17225
1778145240.0,81160.84,81179.07,81160.83,81179.07,1.4482
1778145300.0,81179.07,81187.17,81167.65,81179.73,1.70478
1778145360.0,81179.73,81200.0,81160.83,81200.0,7.35121
1778145420.0,81200.0,81213.03,81188.0,81188.0,6.01081
1778145480.0,81188.0,81188.0,81168.66,81168.66,2.907
1778145540.0,81168.67,81185.28,81168.66,81181.22,5.28108
1778145600.0,81181.23,81185.2,81124.86,81127.6,9.42175
1778145660.0,81127.61,81127.61,81065.1,81102.23,46.14526
1778145720.0,81102.23,81102.23,81050.0,81081.1,27.67454
1778145780.0,81081.11,81089.21,81081.1,81084.35,2.48499
1778145840.0,81084.34,81092.46,81081.98,81081.99,2.69464
1778145900.0,81081.99,81097.78,81057.99,81071.95,13.97647
1778145960.0,81071.95,81076.36,81057.99,81057.99,7.73161
1778146020.0,81058.0,81058.0,81018.28,81018.28,7.06125
1778146080.0,81018.28,81018.28,80993.37,81005.18,20.17642
1778146140.0,81005.19,81040.0,81005.19,81037.93,7.33278
1778146200.0,81037.93,81041.15,81020.39,81027.78,4.23572
1778146260.0,81027.78,81089.4,81027.77,81078.02,7.34717
1778146320.0,81078.02,81078.02,81046.48,81046.49,6.01904
1778146380.0,81046.48,81057.99,80997.0,81013.94,18.12967
1778146440.0,81013.94,81089.44,81007.15,81079.44,33.1899
1778146500.0,81079.44,81100.0,81077.81,81099.99,13.84723
1778146560.0,81100.0,81100.0,81024.12,81024.13,20.16774
1778146620.0,81024.13,81039.03,80993.09,80993.09,9.7612
1778146680.0,80993.09,80993.09,80925.89,80933.35,31.92629
1778146740.0,80933.36,80968.24,80920.0,80920.01,14.55801
1778146800.0,80920.01,80965.86,80911.6,80927.5,35.39097
1778146860.0,80927.5,80991.3,80927.5,80981.23,18.69149
1778146920.0,80981.22,80981.22,80868.99,80895.0,30.01288
1778146980.0,80895.01,80895.39,80852.33,80868.32,25.91664
1778147040.0,80868.32,80912.22,80868.31,80894.62,13.83244
1778147100.0,80894.63,80911.54,80882.33,80882.34,13.76646
1778147160.0,80882.33,80898.15,80882.33,80892.62,5.02041
1778147220.0,80892.62,80931.61,80892.61,80931.61,9.03639
1778147280.0,80931.61,80938.0,80919.66,80928.66,12.84241
1778147340.0,80928.67,80966.54,80928.66,80960.93,9.05309
1778147400.0,80960.93,80960.93,80911.06,80911.07,10.28615
1778147460.0,80911.07,80943.3,80911.06,80923.9,8.56243
1778147520.0,80923.91,80923.91,80895.4,80909.77,7.71461
1778147580.0,80909.96,80919.66,80909.96,80910.1,6.01723
1778147640.0,80910.1,80940.23,80910.1,80940.22,11.71807
1778147700.0,80940.22,80940.23,80940.22,80940.23,2.5462
1778147760.0,80940.23,80949.38,80937.7,80937.71,6.69743
1778147820.0,80937.7,80949.38,80922.99,80922.99,5.88857
1778147880.0,80923.0,80952.17,80920.86,80951.24,10.76227
1778147940.0,80951.25,80951.25,80929.0,80929.0,6.84632
1778148000.0,80929.0,80943.93,80895.41,80936.58,16.75355
1778148060.0,80936.57,80976.22,80936.57,80976.21,6.38434
1778148120.0,80976.21,80976.22,80947.95,80947.96,5.07582
1778148180.0,80947.96,80997.0,80947.95,80980.01,20.76574
1778148240.0,80980.01,80980.01,80964.36,80964.36,7.30198
1778148300.0,80964.36,80964.37,80955.16,80955.16,4.20187
1778148360.0,80955.16,80955.17,80952.3,80952.3,5.82048
1778148420.0,80952.31,80968.9,80949.41,80968.9,8.97877
1778148480.0,80968.9,80980.0,80968.89,80980.0,2.07404
1778148540.0,80980.0,80980.0,80955.16,80955.16,8.15472
1778148600.0,80955.17,80955.17,80929.9,80929.91,14.15861
1778148660.0,80929.91,80929.91,80903.42,80903.42,9.27055
1778148720.0,80903.43,80903.43,80815.26,80874.35,29.12855
1778148780.0,80874.34,80878.81,80858.08,80870.33,10.00656
1778148840.0,80870.32,80890.16,80870.32,80882.85,10.32767
1778148900.0,80882.85,80882.86,80864.03,80864.03,7.26741
1778148960.0,80864.03,80917.17,80864.03,80908.01,8.954
1778149020.0,80908.01,80939.4,80908.0,80922.01,8.62161
1778149080.0,80922.01,80922.01,80884.83,80891.29,11.76726
1778149140.0,80891.3,80896.0,80872.74,80872.75,9.21472
1778149200.0,80872.75,80885.42,80862.99,80885.42,9.07845
1778149260.0,80885.42,80900.0,80876.26,80876.26,4.60178
1778149320.0,80876.27,80876.27,80876.26,80876.26,4.44879
1778149380.0,80876.26,80883.33,80836.21,80837.31,25.34817
1778149440.0,80837.32,80837.32,80800.0,80800.0,11.83396
1778149500.0,80800.0,80800.0,80771.12,80779.21,20.54402
1778149560.0,80779.21,80800.0,80749.49,80756.29,40.18566
1778149620.0,80756.3,80757.92,80707.8,80731.87,20.06519
1778149680.0,80731.88,80731.88,80580.47,80580.48,78.51914
1778149740.0,80580.48,80617.77,80572.4,80614.46,12.71404
1778149800.0,80614.46,80686.83,80614.45,80686.83,18.92793
1778149860.0,80686.82,80727.64,80667.59,80727.63,18.07805
1778149920.0,80727.63,80727.64,80718.33,80718.34,4.77259
1778149980.0,80718.34,80749.34,80711.58,80749.34,9.3782
1778150040.0,80749.33,80749.33,80704.76,80704.76,14.77965
1778150100.0,80704.77,80733.24,80679.02,80733.24,12.36366
1778150160.0,80733.24,80772.85,80733.23,80745.28,11.27038
1778150220.0,80745.14,80771.24,80744.36,80766.39,11.34475
1778150280.0,80766.39,80769.89,80749.49,80769.89,12.03062
1778150340.0,80769.89,80807.03,80769.89,80807.03,9.51715
1778150400.0,80807.03,80820.51,80807.02,80808.66,8.36166
1778150460.0,80808.67,80878.76,80808.66,80868.54,16.44483
1778150520.0,80868.53,80868.54,80829.82,80844.24,11.47501
1778150580.0,80844.24,80873.71,80844.23,80865.05,8.6547
1778150640.0,80865.06,80881.09,80865.05,80881.09,4.22036
1778150700.0,80881.09,80905.67,80881.08,80905.67,7.2689
1778150760.0,80905.66,80911.19,80838.0,80838.0,11.69056
1778150820.0,80838.0,80856.96,80835.03,80853.18,10.02966
1778150880.0,80853.18,80855.58,80835.03,80835.03,4.72938
1778150940.0,80835.04,80835.04,80827.08,80827.09,6.1439
1778151000.0,80827.09,80827.09,80820.44,80820.45,2.79947
1778151060.0,80820.44,80856.56,80820.44,80848.68,11.48001
1778151120.0,80848.67,80848.68,80824.39,80824.4,1.64958
1778151180.0,80824.39,80829.36,80824.39,80829.36,1.4691
1778151240.0,80829.36,80846.73,80829.36,80844.45,2.85432
1778151300.0,80844.45,80844.45,80836.23,80836.24,5.18533
1778151360.0,80836.23,80851.83,80834.66,80851.82,9.21287
1778151420.0,80851.83,80851.83,80844.36,80844.37,1.79381
1778151480.0,80844.36,80844.37,80837.47,80837.47,2.71442
1778151540.0,80837.48,80854.0,80837.47,80850.75,8.35523
1778151600.0,80850.76,80866.0,80850.75,80858.24,4.97922
1778151660.0,80858.24,80858.24,80837.48,80837.49,12.08514
1778151720.0,80837.49,80909.96,80837.48,80898.81,7.57406
1778151780.0,80898.81,80955.17,80898.8,80939.39,17.84289
1778151840.0,80939.4,80965.3,80937.26,80965.3,7.60441
1778151900.0,80965.3,81018.0,80965.29,81017.78,13.33539
1778151960.0,81017.77,81041.15,81017.77,81029.55,7.98864
1778152020.0,81029.55,81029.55,80940.0,80943.39,25.26143
1778152080.0,80943.38,80943.38,80930.0,80930.0,2.94503
1778152140.0,80930.01,80986.73,80930.01,80986.73,9.63647
1778152200.0,80986.73,80986.73,80924.13,80924.15,22.02838
1778152260.0,80924.15,80962.0,80924.14,80950.01,5.51504
1778152320.0,80950.0,80950.0,80933.5,80944.89,3.4433
1778152380.0,80944.9,80950.0,80933.83,80950.0,2.38767
1778152440.0,80950.01,80950.01,80948.96,80948.96,1.28816
1778152500.0,80948.96,80948.96,80931.93,80931.93,4.58208
1778152560.0,80931.93,80932.64,80926.85,80932.63,12.48671
1778152620.0,80932.63,80932.64,80866.79,80909.07,14.70237
1778152680.0,80909.06,80934.67,80909.06,80923.07,5.697
1778152740.0,80923.07,80923.07,80885.81,80901.09,8.3338
1778152800.0,80901.09,80901.09,80901.08,80901.09,1.69062
1778152860.0,80901.09,80907.72,80880.11,80907.71,5.31422
1778152920.0,80907.71,80944.85,80907.71,80944.85,2.24833
1778152980.0,80945.9,80948.76,80944.01,80948.76,4.6407
1778153040.0,80948.76,80991.97,80948.76,80991.97,2.02822
1778153100.0,80991.96,80991.97,80970.36,80970.36,3.05272
1778153160.0,80970.36,80970.36,80929.72,80929.72,4.10045
1778153220.0,80929.72,80929.72,80908.21,80928.96,3.22925
1778153280.0,80928.96,80928.97,80907.71,80907.71,1.25719
1778153340.0,80907.72,80907.72,80896.87,80896.87,3.48471
1778153400.0,80896.88,80896.88,80896.87,80896.88,1.51694
1778153460.0,80896.88,80949.97,80896.87,80944.29,7.72383
1778153520.0,80944.29,80944.29,80935.84,80935.85,1.21181
1778153580.0,80935.85,80957.99,80935.84,80943.22,5.6033
1778153640.0,80943.22,80964.54,80943.21,80964.54,3.35223
1778153700.0,80964.54,80967.47,80964.53,80964.54,4.04359
1778153760.0,80964.53,80964.54,80938.14,80938.15,3.17783
1778153820.0,80938.14,80938.14,80930.0,80937.28,3.02488
1778153880.0,80937.29,80961.48,80937.28,80955.17,4.713
1778153940.0,80955.17,80984.0,80955.16,80984.0,5.4418
1778154000.0,80983.99,80991.87,80983.99,80991.87,3.4032
1778154060.0,80991.87,81000.98,80991.86,80994.49,4.99085
1778154120.0,80994.5,80994.5,80988.03,80988.03,2.0313
1778154180.0,80988.03,80988.04,80972.6,80972.61,2.78043
1778154240.0,80972.61,80984.01,80972.61,80984.0,3.65084
1778154300.0,80984.0,80984.01,80980.17,80980.17,2.86906
1778154360.0,80980.18,80980.18,80968.25,80968.26,3.06711
1778154420.0,80968.25,80968.26,80955.16,80955.17,2.37291
1778154480.0,80955.17,80955.17,80920.0,80920.01,3.12134
1778154540.0,80920.01,80927.36,80864.53,80864.54,8.18167
1778154600.0,80864.53,80876.2,80800.0,80807.0,10.03204
1778154660.0,80807.01,80830.05,80786.5,80820.99,9.33968
1778154720.0,80820.99,80849.52,80820.98,80822.63,5.62573
1778154780.0,80822.63,80839.99,80813.47,80813.48,3.52559
1778154840.0,80813.48,80859.51,80813.47,80859.5,6.72772
1778154900.0,80859.5,80906.71,80859.49,80906.71,7.73179
1778154960.0,80906.71,80906.71,80825.19,80856.01,15.91466
1778155020.0,80856.01,80875.75,80856.0,80875.74,3.32698
1778155080.0,80875.74,80877.08,80875.74,80877.08,2.55221
1778155140.0,80877.08,80877.08,80866.64,80866.65,5.29123
1778155200.0,80866.65,80866.65,80846.87,80860.42,6.82968
1778155260.0,80860.43,80883.72,80860.43,80860.87,5.58675
1778155320.0,80860.88,80910.0,80857.44,80909.99,8.90784
1778155380.0,80910.0,80979.16,80909.99,80964.84,12.63796
1778155440.0,80964.85,81010.1,80955.16,80980.89,10.67794
1778155500.0,80980.88,80980.89,80956.01,80964.12,4.28964
1778155560.0,80964.11,80964.12,80930.77,80936.59,4.51881
1778155620.0,80936.6,80944.7,80930.02,80930.02,2.60751
1778155680.0,80930.03,80946.23,80930.02,80946.23,3.37363
1778155740.0,80946.22,80991.27,80946.22,80991.27,4.00374
1778155800.0,80991.27,81016.84,80991.27,81004.01,5.82863
1778155860.0,81004.0,81055.16,81004.0,81034.06,4.68182
1778155920.0,81034.06,81058.0,81034.06,81048.99,12.3341
1778155980.0,81048.99,81095.48,81048.98,81081.29,18.95289
1778156040.0,81081.3,81083.76,81058.0,81079.99,15.49402
1778156100.0,81080.0,81104.45,81079.99,81081.58,12.82965
1778156160.0,81081.57,81081.58,81041.16,81055.24,3.44587
1778156220.0,81055.24,81055.25,81000.0,81008.12,5.5161
1778156280.0,81008.12,81068.0,81008.12,81028.55,11.63069
1778156340.0,81028.54,81028.55,80992.55,80992.55,2.73545
1778156400.0,80992.56,81010.01,80976.0,80996.2,24.49364
1778156460.0,80996.2,81019.33,80973.49,80973.49,4.32009
1778156520.0,80973.5,81012.0,80973.49,80987.72,5.5217
1778156580.0,80987.72,81001.44,80984.2,80993.53,4.83519
1778156640.0,80993.53,81006.0,80984.67,81006.0,2.45912
1778156700.0,81006.0,81083.5,81005.99,81040.01,15.65082
1778156760.0,81040.0,81061.23,81040.0,81044.27,6.02236
1778156820.0,81044.27,81044.27,81037.43,81039.08,3.41127
1778156880.0,81039.07,81041.66,81024.55,81024.56,5.11395
1778156940.0,81024.55,81062.0,81024.55,81062.0,4.32259
1778157000.0,81061.99,81074.82,81041.17,81041.17,6.32213
1778157060.0,81041.16,81041.17,81022.22,81022.22,3.24536
1778157120.0,81022.23,81072.46,81022.23,81072.46,14.29476
1778157180.0,81072.46,81084.56,81068.7,81084.55,4.56489
1778157240.0,81084.56,81084.56,81042.0,81042.0,4.1332
1778157300.0,81042.01,81042.01,81026.84,81034.95,3.74698
1778157360.0,81034.95,81034.96,81004.46,81009.3,5.94707
1778157420.0,81009.3,81026.72,81009.29,81014.0,3.00625
1778157480.0,81014.0,81047.97,81014.0,81047.97,4.33642
1778157540.0,81047.98,81063.94,81047.98,81059.99,2.10563
1778157600.0,81059.99,81060.0,81024.81,81024.82,5.09406
1778157660.0,81024.81,81032.93,81024.81,81032.92,3.15086
1778157720.0,81032.92,81040.0,81025.49,81040.0,8.97738
1778157780.0,81039.99,81054.0,81025.51,81054.0,6.79252
1778157840.0,81054.0,81065.46,81053.99,81065.46,5.56366
1778157900.0,81065.46,81131.14,81065.46,81093.27,22.03743
1778157960.0,81093.27,81093.28,81068.14,81068.14,2.30971
1778158020.0,81068.15,81068.15,81034.57,81034.57,3.17429
1778158080.0,81034.56,81043.66,81023.29,81023.3,7.11294
1778158140.0,81023.29,81057.96,81016.85,81057.96,6.96473
1778158200.0,81057.97,81088.0,81057.96,81058.0,6.30728
1778158260.0,81058.0,81089.79,81057.99,81089.78,2.09168
1778158320.0,81089.79,81114.13,81081.67,81114.12,4.48908
1778158380.0,81114.12,81133.32,81114.11,81130.64,8.46476
1778158440.0,81130.64,81160.84,81130.63,81160.83,9.68163
1778158500.0,81160.83,81160.84,81140.01,81140.01,7.64359
1778158560.0,81140.01,81143.27,81125.86,81139.64,6.2528
1778158620.0,81139.64,81139.64,81109.88,81131.46,8.86814
1778158680.0,81131.45,81160.84,81131.45,81160.84,5.02426
1778158740.0,81160.84,81180.0,81160.83,81162.01,14.45529
1778158800.0,81162.0,81162.01,81089.81,81089.82,8.18777
1778158860.0,81089.82,81114.13,81070.57,81104.76,5.51587
1778158920.0,81104.76,81160.0,81094.61,81159.99,10.65342
1778158980.0,81159.99,81160.0,81121.18,81121.18,5.13988
1778159040.0,81121.19,81121.19,81100.0,81108.12,3.27597
1778159100.0,81108.12,81108.13,81065.49,81077.07,7.43353
1778159160.0,81077.08,81087.92,81050.0,81050.0,6.968
1778159220.0,81050.0,81050.01,81006.58,81006.58,5.21455
1778159280.0,81006.58,81023.96,81006.58,81021.5,10.87883
1778159340.0,81021.51,81032.35,81021.5,81022.21,5.27025
1778159400.0,81022.21,81043.06,81004.69,81043.06,4.15804
1778159460.0,81043.06,81043.06,81034.39,81034.4,2.41506
1778159520.0,81034.39,81034.4,81013.2,81013.21,3.0633
1778159580.0,81013.21,81013.21,80922.43,80945.6,22.30673
1778159640.0,80945.6,80945.6,80901.0,80931.72,9.90118
1778159700.0,80931.73,80943.16,80867.08,80880.0,20.32258
1778159760.0,80880.01,80943.94,80880.0,80943.94,5.77219
1778159820.0,80943.94,80982.79,80943.93,80978.33,8.2526
1778159880.0,80978.34,81035.0,80978.33,81028.25,7.81462
1778159940.0,81028.25,81058.0,81028.24,81053.12,12.55779
1778160000.0,81053.13,81054.75,81032.31,81054.75,3.00415
1778160060.0,81054.74,81114.13,81054.74,81114.12,8.09686
1778160120.0,81114.13,81138.48,81089.81,81105.29,9.83139
1778160180.0,81105.29,81105.29,81092.61,81100.84,5.6268
1778160240.0,81100.83,81110.0,81095.67,81095.68,9.79678
1778160300.0,81095.67,81095.67,81002.28,81006.31,17.0662
1778160360.0,81006.3,81011.18,80994.49,80994.5,3.40088
1778160420.0,80994.5,81006.0,80939.55,80946.03,19.43594
1778160480.0,80946.04,80947.01,80919.69,80939.33,5.06053
1778160540.0,80939.33,80968.24,80939.32,80964.25,9.92215
1778160600.0,80964.26,80965.87,80930.47,80952.28,13.61504
1778160660.0,80952.27,80952.27,80873.57,80878.99,10.53912
1778160720.0,80878.99,80890.0,80761.81,80846.43,24.83614
1778160780.0,80846.44,80871.12,80801.91,80840.4,18.0691
1778160840.0,80840.39,80842.0,80801.91,80815.21,13.23377
1778160900.0,80815.21,80846.86,80808.61,80811.97,8.68236
1778160960.0,80811.96,80811.96,80714.0,80748.91,26.91297
1778161020.0,80748.9,80749.88,80714.0,80749.88,16.67109
1778161080.0,80749.87,80749.87,80664.12,80737.39,16.73399
1778161140.0,80737.39,80738.09,80690.14,80692.0,15.22858
1778161200.0,80692.0,80714.58,80653.04,80659.99,14.81645
1778161260.0,80660.0,80675.03,80616.2,80648.35,34.17627
1778161320.0,80648.36,80715.0,80648.36,80660.01,14.59386
1778161380.0,80660.01,80677.23,80621.8,80624.0,17.29688
1778161440.0,80624.0,80653.02,80572.4,80572.4,37.3134
1778161500.0,80572.4,80642.26,80478.38,80478.38,116.15363
1778161560.0,80478.38,80595.62,80468.0,80546.48,76.58115
1778161620.0,80546.49,80572.66,80320.0,80433.84,115.84673
1778161680.0,80433.83,80435.53,80378.2,80435.52,32.25073
1778161740.0,80435.52,80435.53,80290.86,80324.67,62.19417
1778161800.0,80324.68,80350.14,80300.0,80337.23,21.55372
1778161860.0,80337.23,80375.31,80260.98,80326.54,58.75838
1778161920.0,80326.54,80499.99,80315.14,80499.99,25.68844
1778161980.0,80500.0,80500.0,80392.16,80435.41,35.77918
1778162040.0,80435.4,80520.45,80435.4,80482.91,26.0587
1778162100.0,80482.92,80537.36,80481.09,80492.14,32.03417
1778162160.0,80492.14,80558.69,80492.14,80544.0,32.80996
1778162220.0,80544.14,80582.71,80544.14,80550.9,15.50013
1778162280.0,80550.91,80572.2,80500.0,80519.68,9.65912
1778162340.0,80519.99,80545.21,80500.01,80503.68,11.63471
1778162400.0,80503.69,80525.7,80466.28,80494.34,29.92063
1778162460.0,80494.34,80538.27,80487.18,80532.32,11.27613
1778162520.0,80532.32,80550.0,80500.0,80513.74,14.56389
1778162580.0,80513.74,80530.0,80487.12,80530.0,13.15606
1778162640.0,80529.99,80529.99,80414.77,80438.6,19.51238
1778162700.0,80438.61,80438.61,80366.8,80395.13,27.47372
1778162760.0,80395.14,80454.56,80395.14,80423.53,16.44062
1778162820.0,80423.53,80465.47,80400.0,80465.47,10.33773
1778162880.0,80465.47,80471.29,80447.09,80447.24,6.25879
1778162940.0,80447.25,80514.5,80447.25,80509.99,9.34679
1778163000.0,80509.99,80562.0,80487.58,80548.53,22.12377
1778163060.0,80548.54,80636.32,80540.0,80616.9,26.69585
1778163120.0,80616.9,80685.7,80588.36,80679.18,19.87831
1778163180.0,80679.18,80684.48,80635.82,80675.77,6.95971
1778163240.0,80675.77,80685.7,80666.64,80666.64,3.98078
1778163300.0,80666.63,80682.29,80575.0,80578.99,17.80052
1778163360.0,80578.99,80621.91,80510.0,80568.14,31.84146
1778163420.0,80568.14,80568.14,80501.79,80505.1,13.22265
1778163480.0,80505.11,80521.5,80438.83,80476.24,25.83455
1778163540.0,80476.25,80517.78,80464.11,80464.11,33.27521
1778163600.0,80464.09,80472.0,80435.53,80471.99,31.3885
1778163660.0,80471.99,80505.52,80436.53,80442.98,42.9299
1778163720.0,80442.98,80493.29,80442.97,80465.27,43.33136
1778163780.0,80465.27,80479.52,80427.44,80479.52,93.99305
1778163840.0,80479.51,80557.3,80479.51,80517.41,63.82001
1778163900.0,80517.41,80517.41,80450.95,80452.48,30.10003
1778163960.0,80452.48,80462.96,80442.02,80442.15,41.47208
1778164020.0,80442.14,80480.0,80441.99,80479.99,11.10733
1778164080.0,80479.99,80550.0,80411.41,80411.41,64.53658
1778164140.0,80411.41,80438.99,80398.27,80400.5,39.95054
1778164200.0,80400.5,80433.13,80381.18,80396.31,47.68147
1778164260.0,80396.3,80396.3,80283.88,80347.24,28.25161
1778164320.0,80347.24,80347.25,80190.6,80273.78,80.69315
1778164380.0,80273.77,80273.78,80205.66,80205.66,26.74838
1778164440.0,80205.32,80249.99,80195.58,80198.83,17.7101
1778164500.0,80198.83,80223.18,80171.23,80171.23,17.4354
1778164560.0,80171.23,80218.41,80171.23,80180.0,16.26307
1778164620.0,80180.01,80180.01,80111.0,80111.01,24.21263
1778164680.0,80111.0,80119.19,80046.0,80058.44,79.79884
1778164740.0,80058.44,80158.4,80050.09,80139.5,41.58799
1778164800.0,80139.51,80200.0,80131.51,80135.34,26.4251
1778164860.0,80135.34,80135.34,80080.63,80110.0,16.66816
1778164920.0,80110.0,80166.42,80109.99,80145.86,15.55211
1778164980.0,80145.86,80195.31,80140.19,80182.53,11.35187
1778165040.0,80182.53,80188.37,80142.0,80142.01,17.45372
1778165100.0,80142.01,80167.96,80131.99,80167.96,12.3626
1778165160.0,80167.96,80223.9,80134.8,80223.9,31.48469
1778165220.0,80223.89,80260.0,80176.0,80176.01,16.83023
1778165280.0,80176.0,80200.17,80124.64,80158.02,18.58889
1778165340.0,80158.02,80215.06,80140.0,80215.05,6.64562
1778165400.0,80215.05,80270.02,80210.01,80259.8,22.01617
1778165460.0,80259.8,80291.61,80239.33,80285.65,11.9441
1778165520.0,80285.65,80300.0,80253.29,80253.29,13.44363
1778165580.0,80253.3,80300.0,80251.75,80300.0,24.43752
1778165640.0,80300.0,80300.0,80260.0,80260.01,27.48391
1778165700.0,80260.0,80304.96,80260.0,80270.08,13.31065
1778165760.0,80270.07,80270.08,80206.21,80216.28,15.34064
1778165820.0,80216.27,80216.28,80188.49,80188.5,13.30755
1778165880.0,80188.49,80188.5,80127.06,80127.07,11.54253
1778165940.0,80127.06,80173.7,80127.06,80171.38,8.99349
1778166000.0,80171.37,80171.38,80100.0,80101.66,24.71615
1778166060.0,80101.65,80131.28,80082.79,80120.41,15.60939
1778166120.0,80120.4,80182.61,80120.4,80144.45,21.08477
1778166180.0,80144.46,80182.0,80138.65,80170.42,10.60961
1778166240.0,80170.42,80170.42,80122.75,80139.5,19.97057
1778166300.0,80139.49,80151.97,80083.31,80083.31,21.30628
1778166360.0,80083.31,80105.82,80060.9,80081.53,12.651
1778166420.0,80081.54,80169.24,80081.53,80164.96,15.11526
1778166480.0,80164.95,80264.51,80164.95,80243.56,19.54312
1778166540.0,80243.56,80268.7,80221.91,80268.7,11.97956
1778166600.0,80268.7,80271.42,80232.95,80232.95,8.20033
1778166660.0,80232.95,80238.17,80201.23,80212.29,9.30123
1778166720.0,80212.29,80220.0,80178.25,80213.75,12.31085
1778166780.0,80213.74,80213.75,80130.74,80138.0,19.07841
1778166840.0,80138.0,80162.34,80137.99,80158.36,8.04474
1778166900.0,80158.35,80180.0,80150.0,80180.0,8.59361
1778166960.0,80179.99,80210.0,80165.5,80201.22,9.1838
1778167020.0,80201.22,80210.0,80130.43,80130.43,17.1236
1778167080.0,80130.43,80130.44,79912.45,79978.84,203.5127
1778167140.0,79978.84,80008.07,79950.61,79980.2,34.50099
1778167200.0,79980.21,80000.0,79911.46,79911.47,26.09155
1778167260.0,79911.47,79935.91,79874.92,79893.19,68.91381
1778167320.0,79893.19,79900.01,79866.32,79883.42,30.88556
1778167380.0,79883.42,79883.42,79826.44,79826.45,82.33748
1778167440.0,79826.45,79860.74,79800.0,79834.88,64.22769
1778167500.0,79834.88,79909.17,79834.87,79881.36,37.19485
1778167560.0,79881.37,79947.53,79699.52,79738.89,127.90105
1778167620.0,79738.89,79837.7,79724.31,79835.99,39.97354
1778167680.0,79835.99,79835.99,79743.58,79824.1,42.84906
1778167740.0,79824.11,79850.0,79780.28,79850.0,42.88896
1778167800.0,79849.99,79900.0,79794.5,79900.0,27.54228
1778167860.0,79899.99,79945.88,79895.2,79938.94,23.65955
1778167920.0,79938.95,80030.0,79938.95,80000.02,36.86034
1778167980.0,80000.01,80000.02,79922.26,79964.02,26.16055
1778168040.0,79964.03,79999.99,79950.02,79976.96,18.87649
1778168100.0,79976.96,79976.96,79960.0,79973.03,12.79819
1778168160.0,79973.04,80054.18,79966.92,80033.99,65.92831
1778168220.0,80033.99,80048.0,80022.1,80022.11,16.87104
1778168280.0,80022.11,80022.11,80000.0,80000.01,10.19752
1778168340.0,80000.0,80000.01,79934.35,79968.07,25.59494
1778168400.0,79968.06,79968.06,79935.0,79935.01,14.77658
1778168460.0,79935.0,79954.86,79930.0,79954.86,14.05035
1778168520.0,79954.86,80034.16,79954.85,80034.16,6.29969
1778168580.0,80034.16,80048.44,79984.97,79984.97,13.15893
1778168640.0,79984.97,79989.39,79972.02,79972.02,7.74425
1778168700.0,79972.02,80020.7,79970.0,80010.06,18.76155
1778168760.0,80010.06,80036.99,79991.22,80036.98,10.63799
1778168820.0,80036.99,80036.99,80000.32,80006.22,10.20676
1778168880.0,80006.22,80034.72,80006.22,80014.06,5.21603
1778168940.0,80014.06,80050.0,80010.0,80030.01,10.82758
1778169000.0,80030.01,80035.98,80008.15,80035.98,8.33271
1778169060.0,80035.98,80050.0,79979.43,79979.43,28.3877
1778169120.0,79979.43,79979.44,79951.56,79954.89,9.65196
1778169180.0,79954.89,80005.45,79954.88,79996.05,6.91648
1778169240.0,79996.06,80069.01,79996.05,80017.8,11.99162
1778169300.0,80017.8,80017.8,79958.84,79979.98,9.23239
1778169360.0,79979.97,79988.4,79955.0,79965.42,12.39894
1778169420.0,79965.42,79993.98,79899.99,79910.4,95.60308
1778169480.0,79910.39,79910.4,79856.11,79856.11,14.4514
1778169540.0,79856.12,79890.63,79849.87,79890.63,8.97558
1778169600.0,79890.0,79893.68,79832.01,79855.67,29.32196
1778169660.0,79855.66,79896.99,79849.16,79862.8,12.17975
1778169720.0,79862.8,79917.37,79846.67,79917.36,21.05431
1778169780.0,79917.37,79979.33,79912.46,79940.01,35.15344
1778169840.0,79940.01,79940.02,79849.18,79849.18,12.44161
1778169900.0,79849.18,79849.18,79788.0,79813.08,31.71196
1778169960.0,79813.07,79819.98,79776.1,79786.25,13.81585
1778170020.0,79786.25,79787.0,79699.58,79700.0,158.48857
1778170080.0,79700.0,79814.46,79657.0,79790.9,347.09553
1778170140.0,79790.9,79841.11,79646.79,79830.0,118.97845
1778170200.0,79830.01,79837.96,79807.05,79810.51,11.13343
1778170260.0,79810.5,79827.31,79767.18,79775.81,26.07233
1778170320.0,79775.82,79796.28,79728.19,79781.04,14.18797
1778170380.0,79781.05,79829.01,79780.17,79800.63,6.42385
1778170440.0,79800.63,79837.62,79800.63,79837.61,13.81459
1778170500.0,79837.61,79837.61,79719.26,79757.65,26.71241
1778170560.0,79757.65,79757.65,79711.65,79747.7,19.7976
1778170620.0,79747.7,79798.0,79717.31,79798.0,14.42936
1778170680.0,79798.0,79800.0,79731.75,79731.76,11.51566
1778170740.0,79731.75,79752.14,79710.4,79752.14,24.08443
1778170800.0,79752.14,79836.9,79750.24,79829.24,16.34658
1778170860.0,79829.24,79872.68,79800.0,79830.01,23.3402
1778170920.0,79830.01,79896.05,79830.01,79896.04,20.34663
1778170980.0,79896.05,79929.51,79878.66,79913.58,21.88257
1778171040.0,79913.58,79918.41,79854.41,79909.5,20.96885
1778171100.0,79909.5,79957.56,79909.49,79957.56,18.3181
1778171160.0,79957.56,79995.69,79950.94,79991.23,18.34223
1778171220.0,79991.23,80010.1,79978.22,79978.22,15.29972
1778171280.0,79978.23,79994.36,79954.6,79985.35,18.94001
1778171340.0,79985.34,79987.42,79960.0,79987.42,11.83279
1778171400.0,79987.41,79996.06,79980.0,79981.8,10.6313
1778171460.0,79981.8,79982.94,79961.48,79961.48,12.94002
1778171520.0,79961.49,79996.0,79961.48,79979.99,24.52399
1778171580.0,79979.99,80020.0,79953.11,79953.12,18.04447
1778171640.0,79953.12,79962.19,79888.13,79893.24,7.6408
1778171700.0,79893.23,79893.24,79806.49,79822.45,16.08543
1778171760.0,79822.44,79834.84,79807.79,79822.0,11.65506
1778171820.0,79821.99,79822.0,79800.0,79816.5,6.90273
1778171880.0,79816.5,79816.51,79766.92,79766.93,15.27343
1778171940.0,79766.93,79813.34,79766.92,79813.34,7.1489
1778172000.0,79813.34,79813.34,79780.0,79804.93,21.15037
1778172060.0,79804.93,79859.73,79804.92,79859.73,6.40083
1778172120.0,79859.73,79859.74,79834.07,79834.08,5.1207
1778172180.0,79834.08,79868.05,79834.08,79834.25,7.35343
1778172240.0,79834.25,79891.01,79834.24,79891.01,8.65427
1778172300.0,79891.01,79910.31,79878.26,79899.92,9.08644
1778172360.0,79899.92,79919.51,79899.91,79911.89,4.75247
1778172420.0,79911.9,79943.99,79896.88,79916.71,13.50269
1778172480.0,79916.72,79941.81,79916.71,79930.01,6.74001
1778172540.0,79930.0,79930.0,79894.38,79905.17,9.84739
1778172600.0,79905.17,79905.18,79876.57,79885.3,4.8802
1778172660.0,79885.31,79885.31,79859.5,79859.51,6.95636
1778172720.0,79859.5,79883.73,79855.0,79855.01,7.43352
1778172780.0,79855.0,79871.7,79850.0,79850.0,7.3795
1778172840.0,79850.01,79883.97,79850.01,79875.57,4.08357
1778172900.0,79875.57,79902.72,79868.02,79870.0,4.52408
1778172960.0,79870.01,79876.0,79804.84,79804.84,6.6814
1778173020.0,79804.85,79820.1,79753.25,79759.72,19.04363
1778173080.0,79759.73,79798.0,79756.0,79795.4,3.10256
1778173140.0,79795.41,79812.28,79795.4,79801.08,3.35366
1778173200.0,79801.08,79808.77,79773.47,79808.09,6.85213
1778173260.0,79808.1,79808.1,79792.56,79806.48,5.24653
1778173320.0,79806.49,79874.47,79786.45,79866.61,5.71925
1778173380.0,79866.62,79868.96,79838.42,79868.96,4.80792
1778173440.0,79868.96,79868.96,79832.82,79835.04,4.20943
1778173500.0,79835.04,79862.37,79823.11,79823.11,4.23585
1778173560.0,79823.12,79905.77,79823.12,79905.77,7.00501
1778173620.0,79905.77,79926.68,79896.54,79896.54,21.6267
1778173680.0,79896.55,79932.0,79896.54,79932.0,6.30309
1778173740.0,79932.0,79932.0,79843.45,79846.77,12.19292
1778173800.0,79846.76,79868.13,79837.71,79837.71,10.97569
1778173860.0,79837.71,79855.95,79820.0,79855.95,11.5965
1778173920.0,79855.95,79874.44,79847.64,79847.65,6.45863
1778173980.0,79847.65,79882.02,79847.64,79862.93,4.02227
1778174040.0,79862.92,79891.88,79862.92,79891.87,5.36619
1778174100.0,79891.87,79891.87,79838.41,79883.09,13.75272
1778174160.0,79883.1,79883.1,79832.36,79834.35,9.82976
1778174220.0,79834.34,79834.34,79779.87,79779.88,10.5372
1778174280.0,79779.88,79787.63,79727.27,79727.27,26.55259
1778174340.0,79727.27,79732.09,79716.12,79731.96,10.49974
1778174400.0,79731.96,79731.96,79716.06,79729.17,8.94636
1778174460.0,79729.18,79764.41,79729.17,79761.29,7.62737
1778174520.0,79761.29,79828.5,79761.29,79828.5,12.39551
1778174580.0,79828.5,79866.17,79828.49,79838.43,16.09329
1778174640.0,79838.43,79867.55,79838.42,79867.54,14.24
1778174700.0,79867.54,79934.29,79738.83,79754.87,52.09406
1778174760.0,79754.87,79754.87,79559.09,79583.93,126.48835
1778174820.0,79583.93,79643.93,79500.0,79636.2,61.37299
1778174880.0,79636.2,79765.7,79617.99,79745.29,33.6752
1778174940.0,79745.28,79779.24,79685.7,79690.83,22.20936
1778175000.0,79690.83,79734.38,79660.0,79734.38,25.86955
1778175060.0,79734.37,79760.9,79721.87,79760.0,13.26363
1778175120.0,79760.0,79818.85,79742.02,79801.94,20.80255
1778175180.0,79801.95,79801.95,79686.14,79695.02,9.2339
1778175240.0,79695.02,79774.19,79690.0,79774.18,9.76675
1778175300.0,79774.19,79789.8,79726.9,79789.8,15.08105
1778175360.0,79789.8,79813.7,79789.8,79812.99,12.20468
1778175420.0,79813.0,79869.94,79812.95,79848.75,16.72673
1778175480.0,79848.75,79858.67,79820.01,79835.95,13.04531
1778175540.0,79835.95,79864.16,79835.94,79863.39,7.76057
1778175600.0,79863.38,79899.75,79863.38,79874.77,8.96246
1778175660.0,79874.78,79915.0,79874.78,79911.45,8.16827
1778175720.0,79911.44,79911.45,79893.95,79905.96,6.83854
1778175780.0,79905.39,79906.0,79876.55,79905.99,12.06154
1778175840.0,79905.99,79906.0,79880.0,79880.01,8.84993
1778175900.0,79880.0,79920.0,79880.0,79912.0,12.38864
1778175960.0,79912.0,79928.86,79902.98,79902.99,3.51801
1778176020.0,79902.99,79929.99,79902.98,79928.71,9.00014
1778176080.0,79928.72,79932.82,79880.26,79880.27,4.96067
1778176140.0,79880.26,79880.26,79828.27,79869.99,16.21072
1778176200.0,79869.99,79904.26,79859.5,79904.26,4.94999
1778176260.0,79904.26,79932.16,79891.16,79899.65,4.95035
1778176320.0,79899.65,79899.66,79873.64,79892.22,4.83821
1778176380.0,79892.22,79929.13,79873.63,79929.13,7.30955
1778176440.0,79929.13,79948.66,79929.13,79932.68,5.14343
1778176500.0,79932.68,79983.33,79932.68,79971.94,24.90677
1778176560.0,79971.94,80093.18,79950.84,80016.83,54.04612
1778176620.0,80016.84,80092.8,80016.84,80079.64,12.45279
1778176680.0,80079.64,80104.35,80072.0,80104.35,12.70749
1778176740.0,80104.35,80135.17,80080.64,80094.52,10.7895
1778176800.0,80094.52,80168.0,80080.64,80143.22,18.83777
1778176860.0,80143.22,80150.83,80125.69,80134.02,11.33286
1778176920.0,80134.02,80155.7,80122.31,80155.3,12.70248
1778176980.0,80155.3,80157.02,80134.01,80156.99,18.99492
1778177040.0,80157.0,80165.02,80118.06,80140.0,4.39526
1778177100.0,80140.0,80173.21,80119.63,80173.2,7.17448
1778177160.0,80173.21,80192.0,80162.22,80184.3,13.43982
1778177220.0,80185.33,80215.23,80167.02,80213.02,15.06527
1778177280.0,80213.03,80215.23,80172.4,80180.12,10.03292
1778177340.0,80180.12,80180.12,80109.68,80118.43,8.82556
1778177400.0,80118.42,80123.51,80090.0,80118.07,6.48487
1778177460.0,80118.08,80119.68,80104.6,80117.66,5.36193
1778177520.0,80117.67,80125.92,80100.0,80107.99,4.43711
1778177580.0,80107.99,80136.2,80100.3,80136.19,6.35103
1778177640.0,80136.19,80167.31,80136.19,80159.72,12.22586
1778177700.0,80159.72,80185.3,80134.0,80177.29,6.78866
1778177760.0,80177.3,80197.09,80177.29,80178.25,3.14827
1778177820.0,80178.26,80197.8,80178.25,80197.79,4.22715
1778177880.0,80197.79,80202.31,80178.25,80199.39,7.07312
1778177940.0,80199.4,80199.4,80170.0,80170.0,4.82379
1778178000.0,80170.0,80198.29,80170.0,80170.01,4.66661
1778178060.0,80170.02,80176.08,80165.51,80171.15,3.14416
1778178120.0,80171.15,80204.63,80171.14,80187.73,3.48337
1778178180.0,80187.73,80197.94,80186.74,80186.75,5.30138
1778178240.0,80186.75,80197.94,80186.74,80197.93,3.61337
1778178300.0,80197.93,80197.93,80181.18,80189.41,4.81007
1778178360.0,80189.41,80189.41,80180.0,80180.01,6.18137
1778178420.0,80180.01,80180.01,80152.85,80159.02,6.51237
1778178480.0,80159.01,80194.07,80159.01,80178.25,5.88736
1778178540.0,80178.25,80178.25,80126.04,80126.04,12.71451
1778178600.0,80126.05,80192.46,80126.04,80192.46,4.06228
1778178660.0,80192.46,80211.05,80192.45,80211.04,2.13908
1778178720.0,80211.05,80238.46,80178.25,80209.12,13.70004
1778178780.0,80209.13,80218.78,80193.07,80193.07,3.71701
1778178840.0,80193.08,80193.08,80178.25,80183.58,3.48788
1778178900.0,80183.59,80211.01,80183.58,80199.5,8.0403
1778178960.0,80199.49,80229.68,80199.49,80229.68,3.09149
1778179020.0,80229.68,80249.06,80178.25,80197.84,8.51389
1778179080.0,80197.84,80209.18,80155.33,80197.76,11.12237
1778179140.0,80197.77,80238.6,80191.7,80235.54,7.00084
1778179200.0,80235.54,80249.06,80195.58,80219.96,32.64826
1778179260.0,80219.96,80232.26,80202.21,80202.22,9.846
1778179320.0,80202.21,80217.47,80182.24,80217.47,21.98148
1778179380.0,80217.47,80242.62,80178.25,80194.62,8.43582
1778179440.0,80194.63,80194.63,80078.23,80125.99,16.70586
1778179500.0,80126.0,80146.0,80080.0,80145.99,10.55854
1778179560.0,80146.0,80169.99,80143.12,80165.83,2.31221
1778179620.0,80165.82,80165.82,80101.65,80109.54,8.13104
1778179680.0,80109.53,80125.68,80078.51,80078.51,8.62907
1778179740.0,80078.51,80078.51,80063.75,80063.75,5.64988
1778179800.0,80063.75,80063.75,80011.28,80033.8,14.93324
1778179860.0,80033.97,80035.14,80004.4,80035.14,10.60098
1778179920.0,80035.14,80067.68,80027.14,80067.67,2.87226
1778179980.0,80067.67,80090.44,80050.14,80090.43,9.18106
1778180040.0,80090.44,80113.39,80090.42,80113.39,4.65131
1778180100.0,80113.39,80244.83,80113.39,80225.11,31.01649
1778180160.0,80225.12,80262.64,80207.99,80262.0,10.73812
1778180220.0,80262.01,80269.06,80223.71,80223.71,8.30895
1778180280.0,80223.72,80230.96,80205.23,80205.24,4.10689
1778180340.0,80205.24,80228.0,80200.59,80200.59,3.05735
1778180400.0,80200.6,80200.6,80161.87,80161.87,10.95703
1778180460.0,80161.87,80170.01,80150.47,80158.54,4.93793
1778180520.0,80158.54,80158.55,80115.18,80132.63,5.72596
1778180580.0,80132.62,80145.73,80121.44,80121.45,5.90241
1778180640.0,80121.44,80121.45,80080.83,80080.83,4.8
1778180700.0,80080.83,80104.72,80067.09,80077.18,9.87642
1778180760.0,80077.18,80090.96,80077.18,80090.95,2.39345
1778180820.0,80090.96,80110.39,80067.1,80110.39,10.39353
1778180880.0,80110.38,80116.44,80109.89,80109.9,0.82674
1778180940.0,80109.9,80125.68,80100.03,80100.03,4.52172
1778181000.0,80100.04,80117.44,80090.0,80104.25,6.54048
1778181060.0,80104.25,80130.0,80102.59,80130.0,1.13461
1778181120.0,80130.0,80158.54,80130.0,80158.54,4.46186
1778181180.0,80158.54,80178.25,80158.54,80162.21,11.02054
1778181240.0,80162.21,80175.51,80147.33,80172.4,19.26722
1778181300.0,80172.4,80172.4,80151.49,80151.5,4.84919
1778181360.0,80151.5,80194.33,80151.49,80189.86,4.29572
1778181420.0,80189.86,80195.9,80080.0,80080.0,11.28672
1778181480.0,80080.0,80080.0,80040.24,80059.18,14.26112
1778181540.0,80059.18,80067.96,79972.61,80019.99,12.60541
1778181600.0,80020.0,80046.28,80007.99,80040.56,5.21913
1778181660.0,80040.56,80045.76,80000.0,80000.01,3.80041
1778181720.0,80000.01,80049.04,80000.01,80024.75,4.67159
1778181780.0,80024.75,80028.02,79983.47,79989.92,7.53951
1778181840.0,79989.92,79998.77,79965.75,79965.84,5.06097
1778181900.0,79965.83,79965.84,79943.02,79946.01,8.35663
1778181960.0,79946.0,79967.02,79934.3,79967.02,5.54801
1778182020.0,79967.02,79982.27,79966.13,79978.81,8.96459
1778182080.0,79978.81,79996.34,79972.2,79972.2,2.72036
1778182140.0,79972.21,79982.21,79972.2,79972.66,6.2845
1778182200.0,79972.67,80018.0,79972.67,80018.0,8.13341
1778182260.0,80018.0,80045.63,80018.0,80045.63,6.99351
1778182320.0,80045.63,80045.63,80014.69,80014.69,4.43734
1778182380.0,80014.7,80049.04,80006.29,80049.04,6.27334
1778182440.0,80049.03,80058.78,80049.03,80053.96,7.6815
1778182500.0,80053.97,80071.24,80053.97,80060.01,10.57142
1778182560.0,80060.0,80086.28,80060.0,80081.46,4.11766
1778182620.0,80081.47,80130.44,80076.34,80130.44,5.15291
1778182680.0,80130.44,80170.0,80126.13,80170.0,8.01611
1778182740.0,80169.99,80181.79,80169.99,80181.78,3.50985
1778182800.0,80181.78,80181.78,80162.36,80169.46,7.90036
1778182860.0,80169.46,80169.47,80146.89,80146.91,4.60454
1778182920.0,80146.91,80148.69,80140.0,80141.18,4.35047
1778182980.0,80141.17,80159.01,80141.17,80150.14,4.70104
1778183040.0,80150.14,80150.14,80125.9,80129.11,4.62884
1778183100.0,80129.12,80145.13,80123.89,80127.4,4.75282
1778183160.0,80127.41,80129.09,80120.0,80120.0,3.27363
1778183220.0,80120.0,80124.79,80110.54,80124.78,1.78217
1778183280.0,80124.79,80124.79,80096.52,80100.01,5.53907
1778183340.0,80100.01,80157.0,80100.0,80141.9,6.18869
1778183400.0,80141.9,80196.03,80141.9,80193.41,10.15054
1778183460.0,80193.42,80224.0,80178.26,80196.46,14.0233
1778183520.0,80196.46,80196.46,80006.29,80093.66,44.32483
1778183580.0,80093.66,80109.58,80086.01,80090.05,5.56455
1778183640.0,80090.05,80093.27,80055.61,80062.93,9.41842
1778183700.0,80062.93,80090.82,80058.12,80090.82,6.37261
1778183760.0,80090.81,80099.78,80090.81,80099.77,2.51673
1778183820.0,80099.77,80134.53,80099.77,80119.92,7.77284
1778183880.0,80119.93,80119.93,80088.85,80099.52,3.68545
1778183940.0,80099.53,80146.11,80085.61,80146.11,18.54045
1778184000.0,80146.77,80190.38,80146.77,80176.41,14.35822
1778184060.0,80176.41,80217.57,80146.33,80217.57,12.13198
1778184120.0,80217.58,80371.23,80217.57,80289.31,51.07394
1778184180.0,80289.31,80289.32,80242.73,80248.88,15.21664
1778184240.0,80248.87,80308.48,80242.99,80260.08,11.23304
1778184300.0,80260.09,80260.09,80235.14,80235.15,2.07897
1778184360.0,80235.14,80235.15,80220.0,80220.0,2.30336
1778184420.0,80220.01,80224.38,80206.11,80224.38,4.76621
1778184480.0,80224.37,80224.38,80200.0,80200.0,5.87452
1778184540.0,80200.01,80216.57,80200.0,80207.15,30.66232
1778184600.0,80207.15,80207.15,80207.14,80207.14,0.84149
1778184660.0,80207.15,80207.15,80191.44,80191.44,2.07734
1778184720.0,80191.44,80191.45,80181.44,80181.44,1.21023
1778184780.0,80181.45,80181.45,80159.82,80159.82,9.7154
1778184840.0,80159.82,80159.83,80144.87,80144.88,3.27964
1778184900.0,80144.88,80159.83,80144.88,80159.83,3.13418
1778184960.0,80159.82,80166.63,80153.43,80163.17,5.06253
1778185020.0,80163.17,80179.66,80144.87,80144.88,10.53195
1778185080.0,80144.87,80144.88,80119.15,80119.15,7.28937
1778185140.0,80119.15,80126.0,80119.15,80124.46,1.23737
1778185200.0,80124.45,80124.46,80096.58,80096.58,2.40706
1778185260.0,80096.58,80109.5,80096.58,80108.9,5.36067
1778185320.0,80108.89,80140.0,80108.89,80139.99,4.89577
1778185380.0,80140.0,80169.9,80140.0,80169.9,1.10769
1778185440.0,80169.89,80169.9,80151.05,80151.06,2.18483
1778185500.0,80151.05,80151.05,80121.37,80130.43,1.6432
1778185560.0,80130.43,80130.44,80130.43,80130.43,0.90769
1778185620.0,80130.44,80145.16,80130.43,80145.15,0.69659
1778185680.0,80145.15,80167.29,80145.15,80167.29,2.57728
1778185740.0,80167.29,80187.48,80167.28,80178.25,2.51199
1778185800.0,80178.25,80178.26,80113.39,80113.39,11.40992
1778185860.0,80113.39,80151.99,80105.0,80132.01,5.22685
1778185920.0,80132.01,80138.34,80112.06,80138.34,7.35132
1778185980.0,80138.54,80138.55,80094.95,80094.96,3.39472
1778186040.0,80094.95,80098.52,80076.48,80076.48,4.68298
1778186100.0,80076.49,80094.95,80076.48,80094.95,6.66882
1778186160.0,80094.95,80094.96,80080.0,80080.0,6.35886
1778186220.0,80080.0,80080.01,79934.3,79948.01,26.65584
1778186280.0,79948.01,80016.66,79948.01,79995.91,10.23639
1778186340.0,79995.9,80005.2,79935.84,79935.84,13.30921
1778186400.0,79935.85,79986.35,79935.84,79947.04,7.5451
1778186460.0,79947.04,79955.85,79938.91,79952.22,5.58437
1778186520.0,79952.22,79952.22,79927.02,79932.08,4.67993
1778186580.0,79932.09,79932.09,79907.01,79907.02,2.616
1778186640.0,79907.02,79970.0,79907.01,79970.0,8.73767
1778186700.0,79970.0,79973.1,79949.31,79949.32,14.00626
1778186760.0,79949.31,79973.1,79941.89,79973.09,3.13988
1778186820.0,79973.1,79973.58,79967.78,79973.58,0.93871
1778186880.0,79973.59,79985.89,79973.59,79985.88,1.90748
1778186940.0,79985.89,80004.45,79985.88,80004.45,1.70642
1778187000.0,80004.46,80017.87,80004.46,80007.35,3.33921
1778187060.0,80007.35,80007.35,79988.4,79988.4,1.26549
1778187120.0,79988.4,79988.41,79965.75,79972.45,3.94216
1778187180.0,79972.44,79978.1,79953.34,79953.34,7.47636
1778187240.0,79953.35,79953.35,79946.03,79946.04,1.1127
1778187300.0,79946.04,79946.04,79934.51,79934.52,1.45829
1778187360.0,79934.51,79934.52,79903.28,79903.29,2.53628
1778187420.0,79903.28,79903.29,79893.7,79893.7,6.48759
1778187480.0,79893.71,79893.71,79859.51,79859.52,4.66308
1778187540.0,79859.51,79880.0,79859.51,79879.99,3.70513
1778187600.0,79880.0,79899.99,79880.0,79892.96,4.80132
1778187660.0,79892.97,79895.18,79892.96,79895.18,2.07651
1778187720.0,79895.17,79895.18,79808.35,79838.19,18.56384
1778187780.0,79838.19,79853.49,79838.19,79853.49,2.93474
1778187840.0,79853.48,79853.49,79845.6,79845.6,6.11387
1778187900.0,79845.61,79845.61,79839.13,79839.14,1.53558
1778187960.0,79839.14,79839.14,79760.0,79764.3,10.76822
1778188020.0,79764.31,79764.31,79722.81,79722.82,15.24598
1778188080.0,79722.82,79722.82,79663.42,79663.42,27.44712
1778188140.0,79663.42,79673.71,79660.0,79672.83,9.35915
1778188200.0,79672.84,79708.22,79672.83,79698.01,15.64908
1778188260.0,79698.01,79734.15,79698.0,79731.4,7.28271
1778188320.0,79731.39,79761.43,79731.39,79753.26,5.78624
1778188380.0,79753.26,79790.51,79753.25,79790.51,28.83168
1778188440.0,79790.5,79798.0,79790.5,79792.71,4.01231
1778188500.0,79792.71,79792.71,79741.2,79743.64,4.18943
1778188560.0,79743.64,79786.0,79724.8,79786.0,8.45566
1778188620.0,79786.44,79816.23,79786.44,79816.23,1.87503
1778188680.0,79816.23,79859.49,79816.22,79859.49,10.17329
1778188740.0,79859.49,79875.09,79853.72,79870.06,7.7797
1778188800.0,79870.07,79870.07,79866.67,79866.67,1.92821
1778188860.0,79866.68,79872.5,79866.67,79872.49,2.79503
1778188920.0,79872.5,79872.5,79825.47,79825.47,10.80363
1778188980.0,79825.48,79848.31,79825.47,79848.31,1.89256
1778189040.0,79848.31,79866.78,79848.3,79866.78,2.47107
1778189100.0,79866.78,79876.0,79866.77,79876.0,1.37861
1778189160.0,79876.0,79889.71,79876.0,79889.71,1.87617
1778189220.0,79889.71,79919.7,79889.7,79900.86,6.00983
1778189280.0,79900.87,79919.7,79900.86,79919.7,3.6818
1778189340.0,79919.7,79919.7,79919.69,79919.7,2.32833
1778189400.0,79919.7,79934.92,79886.37,79889.57,18.80963
1778189460.0,79889.57,79909.28,79889.57,79907.65,5.11278
1778189520.0,79907.65,79909.28,79903.75,79903.75,4.47978
1778189580.0,79903.75,79903.76,79889.58,79889.58,1.47635
1778189640.0,79889.59,79905.54,79889.58,79905.54,3.25846
1778189700.0,79905.54,79925.26,79905.53,79919.99,11.26433
1778189760.0,79920.0,79920.0,79891.94,79891.95,2.13779
1778189820.0,79891.94,79891.95,79891.94,79891.95,0.71772
1778189880.0,79891.94,79910.66,79891.94,79910.65,4.46735
1778189940.0,79910.66,79910.66,79880.86,79885.12,17.58955
1778190000.0,79885.12,79885.12,79859.5,79859.5,3.7059
1778190060.0,79859.5,79859.51,79859.5,79859.5,2.47293
1778190120.0,79859.51,79869.99,79852.5,79852.5,6.8408
1778190180.0,79852.51,79852.51,79824.0,79829.1,10.19494
1778190240.0,79829.1,79845.79,79776.69,79776.69,7.16415
1778190300.0,79776.7,79855.19,79766.59,79815.51,13.4278
1778190360.0,79815.51,79846.01,79814.47,79839.7,2.37423
1778190420.0,79839.71,79839.71,79832.53,79832.57,2.72565
1778190480.0,79832.57,79842.34,79805.58,79805.58,4.18929
1778190540.0,79805.58,79835.79,79800.0,79835.78,5.0586
1778190600.0,79835.78,79835.79,79789.75,79790.6,5.46444
1778190660.0,79790.61,79796.36,79790.6,79796.36,1.65353
1778190720.0,79796.36,79796.37,79780.0,79780.81,3.89685
1778190780.0,79780.82,79808.6,79772.84,79774.45,7.43019
1778190840.0,79774.45,79793.42,79774.44,79793.41,1.25914
1778190900.0,79793.42,79797.05,79753.25,79753.26,4.82293
1778190960.0,79753.25,79777.25,79753.25,79777.25,4.01341
1778191020.0,79777.25,79779.09,79777.25,79779.09,1.8861
1778191080.0,79779.08,79810.33,79779.08,79810.33,3.83308
1778191140.0,79810.32,79814.36,79735.0,79735.01,11.98021
1778191200.0,79735.0,79735.0,79675.48,79680.27,27.06186
1778191260.0,79680.26,79760.0,79680.26,79740.02,11.61741
1778191320.0,79740.01,79740.01,79666.66,79666.67,10.09806
1778191380.0,79666.66,79710.0,79644.35,79692.54,24.27219
1778191440.0,79692.54,79716.17,79692.54,79696.07,13.32973
1778191500.0,79696.06,79696.06,79582.95,79616.62,18.13738
1778191560.0,79616.61,79647.0,79616.61,79646.99,5.49517
1778191620.0,79647.0,79649.29,79604.97,79633.59,5.45927
1778191680.0,79633.92,79646.0,79620.0,79620.0,6.72947
1778191740.0,79620.01,79685.67,79620.0,79658.83,31.12513
1778191800.0,79658.82,79693.85,79650.3,79693.84,7.56018
1778191860.0,79693.85,79750.0,79693.84,79749.99,7.39231
1778191920.0,79750.0,79833.32,79749.99,79833.31,14.71227
1778191980.0,79833.32,79849.28,79824.35,79824.36,4.73651
1778192040.0,79824.36,79839.23,79814.47,79816.93,5.71759
1778192100.0,79816.93,79839.24,79816.93,79818.4,4.45279
1778192160.0,79818.41,79900.0,79818.4,79877.68,14.05698
1778192220.0,79877.68,79900.0,79869.68,79899.99,2.40801
1778192280.0,79900.0,79911.45,79872.29,79872.3,9.69959
1778192340.0,79872.3,79900.01,79872.29,79900.0,3.15944
1778192400.0,79900.01,79958.28,79900.0,79920.17,11.12691
1778192460.0,79920.17,79975.65,79920.17,79975.64,8.85405
1778192520.0,79975.64,79990.0,79916.0,79916.01,12.2021
1778192580.0,79916.0,79940.0,79912.29,79918.69,8.27667
1778192640.0,79918.7,79947.98,79918.69,79947.98,1.52143
1778192700.0,79947.98,79947.98,79946.37,79946.38,2.82712
1778192760.0,79946.37,79946.38,79913.21,79936.16,5.43991
1778192820.0,79936.16,79938.46,79925.78,79932.27,4.13927
1778192880.0,79932.28,79932.28,79917.99,79931.0,8.18157
1778192940.0,79931.0,79931.0,79903.31,79903.32,9.39491
1778193000.0,79903.32,79946.38,79886.35,79925.91,19.16117
1778193060.0,79925.9,79938.8,79920.0,79938.8,3.10375
1778193120.0,79938.79,79946.38,79938.79,79940.0,3.29556
1778193180.0,79940.0,79949.38,79940.0,79946.17,11.23753
1778193240.0,79946.17,79946.17,79750.0,79750.0,40.95667
1778193300.0,79750.0,79801.58,79750.0,79801.58,2.47073
1778193360.0,79801.58,79810.0,79787.65,79787.66,21.38969
1778193420.0,79787.65,79824.62,79785.0,79803.5,10.78511
1778193480.0,79803.5,79838.41,79803.49,79838.41,3.10006
1778193540.0,79838.41,79849.88,79832.34,79833.69,6.04743
1778193600.0,79833.69,79855.99,79833.69,79842.58,1.21975
1778193660.0,79842.57,79844.19,79830.83,79838.25,3.42422
1778193720.0,79838.26,79838.26,79837.36,79837.36,1.52233
1778193780.0,79837.37,79882.82,79837.36,79862.01,10.73685
1778193840.0,79862.01,79862.01,79839.14,79839.14,3.95698
1778193900.0,79839.15,79839.15,79832.34,79832.34,2.70818
1778193960.0,79832.34,79861.08,79832.34,79847.87,6.28056
1778194020.0,79847.87,79859.86,79833.94,79859.85,3.0982
1778194080.0,79859.85,79884.97,79859.85,79870.0,3.44912
1778194140.0,79870.0,79888.8,79870.0,79880.78,4.43853
1778194200.0,79880.78,79891.64,79880.77,79891.64,2.79547
1778194260.0,79891.63,79919.31,79891.63,79907.62,3.85433
1778194320.0,79907.61,79910.66,79901.29,79910.66,1.77769
1778194380.0,79910.66,79931.04,79910.65,79920.41,4.26621
1778194440.0,79920.41,79926.59,79913.99,79913.99,3.35834
1778194500.0,79914.0,79914.0,79906.67,79906.67,1.89971
1778194560.0,79906.68,79934.29,79906.67,79934.29,3.87327
1778194620.0,79934.29,79950.0,79910.32,79910.33,5.31099
1778194680.0,79910.33,79924.06,79910.33,79912.88,2.73497
1778194740.0,79912.89,79934.29,79912.88,79919.01,3.70688
1778194800.0,79919.0,79919.0,79890.0,79890.0,5.96767
1778194860.0,79890.01,79924.91,79890.01,79910.85,4.9916
1778194920.0,79910.86,79939.59,79910.85,79939.59,1.50055
1778194980.0,79939.59,79947.6,79933.51,79947.6,5.87158
1778195040.0,79947.6,79958.28,79947.59,79958.28,1.72817
1778195100.0,79958.28,79971.11,79950.0,79950.0,6.14202
1778195160.0,79950.0,79971.11,79950.0,79971.11,2.22494
1778195220.0,79971.11,79980.0,79971.1,79973.96,2.80778
1778195280.0,79973.97,80000.0,79973.96,79976.66,6.22424
1778195340.0,79976.66,80006.27,79976.65,79998.88,4.80257
1778195400.0,79998.56,80006.2,79998.55,80006.19,6.01388
1778195460.0,80006.2,80006.2,79982.28,79982.29,14.02073
1778195520.0,79982.28,79982.29,79974.33,79977.28,7.93581
1778195580.0,79977.28,79977.28,79958.29,79958.29,3.28468
1778195640.0,79958.29,79958.3,79952.0,79958.3,2.3663
1778195700.0,79958.29,79980.35,79958.29,79980.34,5.33136
1778195760.0,79980.35,79980.35,79965.75,79965.76,2.85965
1778195820.0,79965.76,79965.76,79910.32,79910.32,5.00738
1778195880.0,79910.33,79910.33,79893.18,79893.18,3.63304
1778195940.0,79893.18,79893.19,79871.98,79871.98,4.98036
1778196000.0,79871.99,79927.07,79871.98,79927.06,4.88384
1778196060.0,79927.06,79965.97,79927.06,79965.97,1.66946
1778196120.0,79965.97,79965.97,79945.57,79964.47,9.03161
1778196180.0,79964.48,79964.48,79938.09,79940.35,3.80459
1778196240.0,79940.35,79940.35,79936.2,79936.21,1.20144
1778196300.0,79936.2,79940.84,79936.2,79940.83,4.16025
1778196360.0,79940.84,79956.21,79940.84,79956.2,1.21387
1778196420.0,79956.21,79995.44,79956.2,79995.44,2.32313
1778196480.0,79995.44,79995.45,79965.75,79965.76,2.53636
1778196540.0,79965.75,79965.75,79958.29,79958.3,2.13435
1778196600.0,79958.3,79963.06,79958.29,79963.05,1.67494
1778196660.0,79963.06,79963.06,79941.57,79941.57,2.01352
1778196720.0,79941.58,79941.58,79923.67,79925.39,2.98473
1778196780.0,79925.39,79942.47,79923.68,79923.69,4.8901
1778196840.0,79923.68,79923.69,79923.68,79923.68,0.75136
1778196900.0,79923.69,79923.69,79919.3,79919.3,0.66957
1778196960.0,79919.31,79956.74,79919.3,79956.74,2.94886
1778197020.0,79956.74,79995.44,79956.73,79995.43,2.08573
1778197080.0,79995.44,80000.01,79995.43,80000.01,2.525
1778197140.0,80000.01,80000.01,79995.43,79995.43,3.64749
1778197200.0,79995.43,80000.01,79995.43,79996.8,2.85232
1778197260.0,79996.8,80000.01,79996.79,79998.63,4.00999
1778197320.0,79998.62,80017.71,79998.62,80017.7,3.3285
1778197380.0,80017.71,80017.71,80002.41,80002.42,3.31193
1778197440.0,80002.41,80012.0,80002.41,80011.99,4.39402
1778197500.0,80012.0,80033.7,80011.99,80027.92,7.44314
1778197560.0,80027.91,80027.92,80016.04,80016.05,3.89569
1778197620.0,80016.05,80016.05,80016.04,80016.05,0.58425
1778197680.0,80016.04,80036.91,80016.04,80029.99,4.24945
1778197740.0,80030.0,80040.78,80029.99,80040.77,2.26976
1778197800.0,80040.78,80068.03,80040.77,80067.95,3.02897
1778197860.0,80067.96,80067.96,80042.33,80042.34,3.55077
1778197920.0,80042.34,80054.24,80040.0,80040.0,8.07632
1778197980.0,80040.01,80040.01,80040.0,80040.0,1.60633
1778198040.0,80040.0,80040.0,80016.04,80016.04,3.54021
1778198100.0,80016.04,80026.87,80016.04,80026.86,4.91191
1778198160.0,80026.86,80039.96,80026.86,80039.95,2.71105
1778198220.0,80039.96,80039.96,80039.95,80039.95,0.7333
1778198280.0,80039.96,80039.96,80028.38,80028.38,4.74546
1778198340.0,80028.38,80028.39,80005.99,80006.0,20.38381
1778198400.0,80006.0,80052.84,80006.0,80030.0,141.17977
1778198460.0,80030.0,80030.0,80020.0,80028.02,2.89023
1778198520.0,80028.01,80031.22,80013.72,80028.5,12.15033
1778198580.0,80028.5,80040.2,80028.49,80040.2,1.25842
1778198640.0,80040.2,80055.56,80040.19,80042.36,2.99193
1778198700.0,80042.36,80042.36,80042.35,80042.35,1.29639
1778198760.0,80042.36,80064.93,80042.35,80064.93,8.65445
1778198820.0,80064.93,80064.93,80054.0,80054.0,3.26651
1778198880.0,80054.01,80115.1,80054.0,80103.04,85.06852
1778198940.0,80103.04,80103.04,80075.54,80075.55,3.41471
1778199000.0,80075.54,80086.81,80063.17,80081.63,16.61827
1778199060.0,80081.62,80100.85,80076.82,80100.85,6.76435
1778199120.0,80100.85,80100.85,80080.0,80087.86,5.94423
1778199180.0,80087.87,80087.87,80054.76,80054.77,6.72361
1778199240.0,80054.77,80086.43,80050.74,80086.43,38.33171
1778199300.0,80086.42,80086.43,80056.23,80056.24,5.27104
1778199360.0,80056.24,80056.24,80048.76,80052.12,3.5325
1778199420.0,80052.13,80052.13,80006.29,80006.29,6.24942
1778199480.0,80006.29,80006.3,79990.28,79996.53,5.64202
1778199540.0,79996.53,80121.78,79996.52,80101.14,136.67245
1778199600.0,80101.15,80101.15,80041.2,80055.53,10.66536
1778199660.0,80055.54,80089.91,80055.53,80088.28,6.83081
1778199720.0,80088.29,80118.97,80088.28,80115.61,9.69726
1778199780.0,80115.62,80127.99,80115.62,80121.78,7.8259
1778199840.0,80121.78,80131.84,80121.77,80131.83,4.03409
1778199900.0,80131.84,80142.84,80072.0,80076.08,31.36985
1778199960.0,80076.09,80104.98,80076.09,80104.97,4.69134
1778200020.0,80104.97,80104.97,79992.49,79992.5,22.95169
1778200080.0,79992.49,80009.62,79992.49,80009.61,4.80898
1778200140.0,80009.62,80020.63,80009.61,80020.63,3.53731
1778200200.0,80020.62,80032.58,80020.62,80032.58,4.68227
1778200260.0,80032.57,80032.57,80012.61,80012.61,3.31227
1778200320.0,80012.61,80025.12,80012.61,80019.89,7.27166
1778200380.0,80019.89,80042.62,80019.88,80032.01,4.73147
1778200440.0,80032.01,80036.93,80000.0,80000.0,35.27613
1778200500.0,80000.0,80008.41,80000.0,80008.41,4.02512
1778200560.0,80008.41,80008.41,79982.37,79990.38,13.0456
1778200620.0,79990.38,79990.38,79965.75,79965.75,5.42957
1778200680.0,79965.75,79965.76,79923.82,79937.82,8.66296
1778200740.0,79937.81,79940.49,79926.16,79926.16,5.77764
1778200800.0,79926.17,79932.29,79926.16,79932.28,3.09298
1778200860.0,79932.29,79943.14,79932.28,79943.14,4.7595
1778200920.0,79943.14,79943.14,79943.13,79943.13,5.69507
1778200980.0,79943.13,79943.14,79932.3,79932.3,3.71221
1778201040.0,79932.29,79935.01,79910.6,79935.0,30.20369
1778201100.0,79935.0,79935.0,79894.25,79894.26,9.45161
1778201160.0,79894.26,79894.26,79877.31,79877.32,5.79995
1778201220.0,79877.32,79877.32,79854.91,79859.5,4.48387
1778201280.0,79859.51,79869.12,79845.18,79862.96,14.57032
1778201340.0,79862.97,79873.1,79862.96,79870.71,4.29013
1778201400.0,79870.71,79870.71,79850.1,79850.11,30.21396
1778201460.0,79850.1,79850.11,79808.62,79808.62,5.71193
1778201520.0,79808.62,79808.62,79782.01,79782.01,5.97333
1778201580.0,79782.01,79792.56,79782.01,79792.55,5.20073
1778201640.0,79792.56,79793.16,79771.51,79776.32,6.02016
1778201700.0,79776.32,79785.11,79768.55,79785.11,5.94703
1778201760.0,79785.11,79792.56,79729.72,79746.41,102.45489
1778201820.0,79746.4,79761.96,79746.4,79761.96,4.55153
1778201880.0,79761.95,79792.41,79761.95,79792.4,7.91891
1778201940.0,79792.41,79831.99,79792.4,79831.99,5.46012
1778202000.0,79831.98,79900.11,79831.98,79893.5,17.2126
1778202060.0,79893.5,79899.91,79880.58,79889.12,9.02074
1778202120.0,79889.11,79889.12,79870.45,79870.45,2.97618
1778202180.0,79870.46,79870.46,79859.5,79859.51,1.92089
1778202240.0,79859.51,79864.76,79859.5,79864.75,3.89916
1778202300.0,79864.75,79864.76,79850.0,79850.0,3.60582
1778202360.0,79850.0,79850.01,79830.0,79830.01,2.86662
1778202420.0,79830.0,79830.01,79757.49,79757.49,7.67063
1778202480.0,79757.49,79808.85,79757.49,79799.96,5.52448
1778202540.0,79799.95,79813.73,79793.59,79793.59,3.70055
1778202600.0,79793.58,79793.59,79750.0,79753.26,9.21678
1778202660.0,79753.26,79762.76,79753.25,79762.76,7.11669
1778202720.0,79762.76,79779.66,79753.25,79753.25,6.51468
1778202780.0,79753.25,79753.26,79730.29,79730.29,10.29687
1778202840.0,79730.29,79730.3,79702.51,79702.51,11.73823
1778202900.0,79702.51,79702.52,79612.63,79641.22,26.70877
1778202960.0,79641.22,79693.15,79641.21,79693.14,9.03847
1778203020.0,79693.15,79753.25,79678.88,79753.25,7.9806
1778203080.0,79753.25,79784.92,79740.14,79784.92,8.20903
1778203140.0,79784.91,79784.92,79777.92,79777.93,6.17076
1778203200.0,79777.93,79777.93,79727.14,79727.14,11.34612
1778203260.0,79727.15,79747.56,79727.14,79747.56,6.4602
1778203320.0,79747.56,79759.11,79735.06,79735.06,6.29824
1778203380.0,79735.07,79735.07,79708.86,79708.86,5.69238
1778203440.0,79708.87,79708.87,79674.66,79697.05,8.26167
1778203500.0,79697.06,79718.5,79697.06,79697.67,5.86937
1778203560.0,79697.66,79720.0,79697.66,79720.0,6.95166
1778203620.0,79720.0,79720.0,79711.53,79720.0,4.38689
1778203680.0,79720.0,79720.0,79718.91,79718.92,9.7814
1778203740.0,79718.91,79748.88,79718.91,79748.87,5.88654
1778203800.0,79748.88,79760.98,79722.25,79760.98,16.0516
1778203860.0,79760.98,79782.65,79760.97,79782.65,3.13253
1778203920.0,79782.64,79809.88,79782.64,79809.88,3.25719
1778203980.0,79809.88,79810.91,79778.51,79778.52,9.16803
1778204040.0,79778.51,79790.0,79778.51,79790.0,4.59724
1778204100.0,79789.99,79790.0,79753.25,79753.25,8.01895
1778204160.0,79753.25,79753.26,79700.0,79700.0,7.63627
1778204220.0,79700.0,79719.72,79698.37,79719.71,11.81364
1778204280.0,79719.72,79730.23,79719.71,79730.22,2.42343
1778204340.0,79730.23,79805.05,79730.22,79805.04,116.53334
1778204400.0,79805.05,79824.83,79805.03,79816.38,7.54359
1778204460.0,79816.38,79824.83,79790.31,79790.31,4.99673
1778204520.0,79790.32,79796.15,79790.31,79796.13,7.72651
1778204580.0,79796.13,79805.29,79796.12,79805.28,2.6254
1778204640.0,79805.29,79811.68,79779.89,79779.89,24.17596
1778204700.0,79779.9,79793.44,79779.89,79793.42,3.39386
1778204760.0,79793.43,79842.38,79793.42,79833.35,10.5396
1778204820.0,79833.36,79833.36,79779.94,79779.95,4.20079
1778204880.0,79779.94,79788.51,79779.94,79786.22,4.39336
1778204940.0,79786.23,79787.8,79771.38,79771.39,13.67091
1778205000.0,79771.39,79771.39,79753.25,79753.25,4.62223
1778205060.0,79753.26,79769.17,79753.25,79753.25,5.24742
1778205120.0,79753.25,79753.25,79747.44,79750.64,5.00275
1778205180.0,79750.63,79767.04,79750.63,79767.03,4.17603
1778205240.0,79767.03,79774.56,79758.82,79758.82,5.02262
1778205300.0,79758.83,79758.83,79750.2,79750.2,2.151
1778205360.0,79750.2,79750.2,79738.75,79741.58,4.51665
1778205420.0,79741.58,79759.64,79730.22,79730.22,4.96482
1778205480.0,79730.22,79740.01,79730.22,79740.01,4.71569
1778205540.0,79740.01,79740.01,79740.0,79740.01,0.69722
1778205600.0,79740.01,79761.61,79718.03,79718.03,5.42377
1778205660.0,79718.03,79718.03,79562.15,79576.0,26.52022
1778205720.0,79576.0,79609.48,79552.12,79609.48,23.82461
1778205780.0,79609.49,79650.39,79606.0,79645.2,26.45105
1778205840.0,79645.21,79669.39,79628.27,79628.27,4.89991
1778205900.0,79628.28,79646.03,79604.17,79604.18,4.44181
1778205960.0,79604.17,79615.95,79565.03,79600.01,8.91229
1778206020.0,79600.01,79600.01,79523.55,79557.49,24.22176
1778206080.0,79557.49,79577.68,79548.09,79577.67,10.55456
1778206140.0,79577.67,79594.83,79577.67,79581.4,5.69769
1778206200.0,79581.39,79589.52,79563.15,79563.16,6.70876
1778206260.0,79563.16,79639.39,79563.16,79623.47,11.65167
1778206320.0,79623.47,79660.0,79623.46,79628.04,10.43074
1778206380.0,79628.04,79628.04,79614.28,79616.04,4.00488
1778206440.0,79616.03,79645.91,79616.03,79620.36,6.31439
1778206500.0,79620.36,79628.71,79612.77,79612.78,8.29127
1778206560.0,79612.78,79621.2,79560.18,79560.18,13.5092
1778206620.0,79560.18,79560.18,79316.99,79375.13,391.44018
1778206680.0,79375.13,79413.97,79352.01,79352.3,21.70939
1778206740.0,79352.3,79399.96,79345.27,79380.48,29.48424
1778206800.0,79380.49,79465.14,79380.48,79465.14,15.60319
1778206860.0,79465.14,79494.06,79465.14,79473.61,12.63863
1778206920.0,79473.6,79500.0,79473.6,79499.98,9.97086
1778206980.0,79499.98,79515.95,79476.34,79515.95,4.98106
1778207040.0,79515.95,79520.1,79456.51,79488.6,19.16003
1778207100.0,79488.59,79505.7,79488.59,79505.69,4.46476
1778207160.0,79505.69,79523.54,79467.6,79467.6,12.64883
1778207220.0,79467.6,79489.67,79462.84,79484.89,6.6338
1778207280.0,79484.89,79484.9,79458.7,79476.36,8.89134
1778207340.0,79476.37,79491.99,79469.96,79485.62,5.73615
1778207400.0,79485.63,79485.63,79447.14,79450.66,14.43744
1778207460.0,79450.66,79505.55,79450.65,79503.61,9.05608
1778207520.0,79503.61,79606.95,79503.61,79605.3,13.95886
1778207580.0,79605.3,79669.09,79599.99,79668.94,13.85906
1778207640.0,79668.94,79668.94,79612.13,79646.64,10.28887
1778207700.0,79646.64,79660.3,79589.8,79602.5,12.63466
1778207760.0,79602.51,79602.51,79511.92,79532.49,19.64467
1778207820.0,79532.49,79546.0,79520.43,79544.94,9.64467
1778207880.0,79544.94,79548.75,79503.54,79526.09,6.1874
1778207940.0,79526.09,79542.42,79507.72,79542.42,5.32947
1778208000.0,79542.43,79568.77,79532.34,79568.77,14.2215
1778208060.0,79568.77,79570.55,79547.23,79547.24,2.93965
1778208120.0,79547.24,79572.19,79547.23,79572.19,7.2344
1778208180.0,79572.19,79583.53,79558.78,79563.58,4.18952
1778208240.0,79563.58,79563.58,79519.99,79520.0,42.56669
1778208300.0,79520.0,79569.18,79520.0,79569.18,52.20232
1778208360.0,79569.53,79596.73,79569.53,79596.73,2.59176
1778208420.0,79596.73,79596.73,79552.0,79552.01,7.31667
1778208480.0,79552.01,79568.32,79552.0,79562.0,6.40924
1778208540.0,79562.01,79605.8,79562.0,79604.01,5.57068
1778208600.0,79604.01,79620.9,79584.0,79584.01,2.91529
1778208660.0,79584.01,79584.01,79551.26,79562.05,3.42358
1778208720.0,79562.05,79577.98,79556.04,79556.04,1.26059
1778208780.0,79556.05,79557.7,79556.04,79557.69,3.36278
1778208840.0,79557.69,79557.69,79515.96,79515.97,9.74217
1778208900.0,79515.97,79518.65,79468.56,79468.56,8.86584
1778208960.0,79468.55,79479.84,79441.45,79459.22,12.40763
1778209020.0,79459.22,79479.67,79449.05,79479.67,3.78838
1778209080.0,79479.66,79499.67,79475.87,79475.87,6.11658
1778209140.0,79475.88,79488.47,79469.2,79488.46,9.15892
1778209200.0,79488.47,79488.47,79408.21,79408.21,8.82452
1778209260.0,79408.21,79408.21,79315.04,79352.51,29.55525
1778209320.0,79352.52,79355.7,79303.61,79306.92,19.06526
1778209380.0,79306.91,79322.99,79302.46,79306.78,10.97926
1778209440.0,79306.78,79306.78,79266.67,79274.61,19.93004
1778209500.0,79274.62,79369.17,79181.48,79338.85,93.88396
1778209560.0,79338.85,79360.0,79265.35,79280.63,29.62732
1778209620.0,79280.62,79363.19,79270.0,79355.22,17.92004
1778209680.0,79355.21,79364.52,79334.97,79364.52,4.75345
1778209740.0,79364.52,79364.52,79345.01,79356.63,3.61606
1778209800.0,79356.63,79455.82,79356.63,79455.81,24.28507
1778209860.0,79455.81,79455.82,79419.74,79445.6,6.91388
1778209920.0,79445.59,79464.0,79412.59,79461.05,12.00019
1778209980.0,79461.05,79495.59,79461.04,79461.61,7.49143
1778210040.0,79461.62,79470.0,79458.53,79469.99,2.37543
1778210100.0,79469.99,79523.5,79469.99,79519.87,8.66193
1778210160.0,79519.87,79597.16,79508.21,79582.79,29.76624
1778210220.0,79582.78,79622.11,79555.94,79560.2,17.36558
1778210280.0,79560.2,79564.18,79535.82,79541.23,6.11696
1778210340.0,79541.23,79568.07,79541.22,79568.07,3.47008
1778210400.0,79568.07,79582.84,79568.06,79569.35,4.6125
1778210460.0,79569.35,79597.67,79565.39,79597.67,5.43876
1778210520.0,79597.67,79613.9,79582.49,79609.96,7.88499
1778210580.0,79609.95,79609.95,79568.58,79574.64,4.09404
1778210640.0,79574.64,79594.0,79574.63,79593.99,3.54749
1778210700.0,79593.99,79594.0,79568.58,79585.98,2.77767
1778210760.0,79585.98,79585.99,79554.8,79554.81,2.80628
1778210820.0,79554.8,79579.84,79538.35,79572.03,13.64174
1778210880.0,79572.03,79583.6,79568.98,79583.59,1.68671
1778210940.0,79583.6,79587.21,79579.47,79579.47,3.91756
1778211000.0,79579.47,79593.78,79579.47,79593.78,3.87198
1778211060.0,79593.78,79619.0,79589.0,79589.01,9.59061
1778211120.0,79589.01,79622.88,79589.0,79601.02,10.99196
1778211180.0,79601.02,79629.86,79601.0,79629.86,2.09165
1778211240.0,79629.85,79632.6,79619.09,79632.58,3.18725
1778211300.0,79632.58,79632.59,79620.0,79620.01,2.49162
1778211360.0,79620.0,79642.55,79620.0,79621.01,8.71089
1778211420.0,79621.01,79621.01,79621.0,79621.01,1.28334
1778211480.0,79621.0,79621.01,79621.0,79621.0,1.42525
1778211540.0,79621.01,79621.98,79608.5,79621.97,3.33521
1778211600.0,79621.97,79639.46,79621.97,79631.25,4.34381
1778211660.0,79631.25,79631.25,79612.25,79619.5,6.2397
1778211720.0,79619.5,79635.26,79619.49,79635.25,1.69633
1778211780.0,79635.26,79636.79,79635.25,79636.79,0.66024
1778211840.0,79636.79,79646.14,79636.79,79646.13,0.8246
1778211900.0,79646.13,79648.64,79623.25,79623.25,12.59376
1778211960.0,79623.26,79666.66,79623.26,79639.56,5.72253
1778212020.0,79639.57,79639.57,79633.19,79633.2,2.23698
1778212080.0,79633.19,79633.2,79589.0,79599.02,6.49791
1778212140.0,79599.03,79607.67,79590.24,79590.25,3.08502
1778212200.0,79590.24,79609.54,79590.24,79609.54,2.07545
1778212260.0,79609.54,79615.53,79581.27,79615.53,8.20684
1778212320.0,79615.52,79615.53,79603.26,79604.62,2.56034
1778212380.0,79604.63,79604.63,79601.02,79601.03,1.22276
1778212440.0,79601.02,79601.03,79583.75,79599.08,2.51603
1778212500.0,79599.07,79599.08,79575.13,79578.26,5.41234
1778212560.0,79578.26,79578.26,79563.34,79563.34,1.89704
1778212620.0,79563.35,79584.13,79563.34,79584.12,3.09061
1778212680.0,79584.13,79585.38,79573.54,79573.55,1.90494
1778212740.0,79573.54,79578.85,79566.73,79578.85,3.01511
1778212800.0,79578.84,79582.59,79575.35,79582.59,5.0199
1778212860.0,79582.59,79604.63,79582.58,79604.63,3.58957
1778212920.0,79604.62,79622.15,79604.62,79618.51,7.00044
1778212980.0,79618.51,79632.28,79603.96,79632.28,8.02544
1778213040.0,79632.28,79632.28,79621.48,79621.49,2.86554
1778213100.0,79621.49,79638.13,79621.48,79629.51,2.33877
1778213160.0,79629.5,79636.93,79620.44,79636.93,2.32164
1778213220.0,79636.93,79646.78,79631.62,79631.62,2.40996
1778213280.0,79631.62,79643.44,79631.61,79643.42,15.6653
1778213340.0,79643.42,79643.43,79631.84,79642.97,4.25681
1778213400.0,79642.97,79681.22,79642.96,79677.48,5.93024
1778213460.0,79677.48,79680.99,79671.36,79680.99,1.56787
1778213520.0,79680.99,79698.0,79676.32,79698.0,4.10514
1778213580.0,79698.0,79718.01,79697.99,79718.01,3.95375
1778213640.0,79718.0,79727.27,79711.59,79723.66,12.18455
1778213700.0,79723.67,79723.67,79676.81,79676.81,7.16753
1778213760.0,79676.82,79701.68,79671.37,79701.68,6.89795
1778213820.0,79701.67,79701.68,79701.67,79701.67,1.9191
1778213880.0,79701.67,79713.44,79701.67,79713.44,4.27252
1778213940.0,79713.44,79726.1,79713.44,79726.1,2.47229
1778214000.0,79726.09,79729.5,79714.84,79714.84,2.49181
1778214060.0,79714.84,79719.98,79705.1,79719.98,6.16334
1778214120.0,79719.98,79745.25,79719.97,79745.25,3.6515
1778214180.0,79745.25,79745.25,79745.24,79745.25,1.38886
1778214240.0,79745.25,79748.0,79712.0,79713.15,5.12207
1778214300.0,79713.15,79717.94,79694.6,79694.6,7.71548
1778214360.0,79694.61,79694.61,79671.37,79671.53,5.12295
1778214420.0,79671.53,79691.98,79671.53,79691.98,9.54489
1778214480.0,79691.98,79703.02,79683.0,79683.0,2.69868
1778214540.0,79682.99,79729.76,79680.0,79729.75,25.34575
1778214600.0,79729.76,79736.0,79706.56,79713.02,22.21765
1778214660.0,79713.02,79713.02,79701.11,79707.88,5.72115
1778214720.0,79707.87,79709.84,79697.83,79697.83,1.8021
1778214780.0,79697.83,79697.83,79671.37,79671.38,3.39436
1778214840.0,79671.37,79671.38,79657.17,79657.17,4.61732
1778214900.0,79656.51,79670.0,79640.0,79640.0,9.00304
1778214960.0,79640.0,79663.95,79637.22,79637.23,2.83417
1778215020.0,79637.23,79639.15,79631.85,79639.15,3.23434
1778215080.0,79639.14,79639.15,79622.9,79622.91,2.46376
1778215140.0,79622.9,79625.26,79617.28,79625.26,2.58639
1778215200.0,79625.25,79625.26,79582.0,79585.2,16.89558
1778215260.0,79585.2,79585.2,79551.26,79551.27,3.47795
1778215320.0,79551.26,79571.47,79551.26,79571.46,4.05083
1778215380.0,79571.46,79571.47,79553.9,79560.7,4.74233
1778215440.0,79560.7,79569.99,79559.61,79567.34,2.70545
1778215500.0,79567.34,79616.13,79567.33,79588.02,8.54312
1778215560.0,79588.02,79615.66,79588.01,79615.66,1.90672
1778215620.0,79615.66,79615.66,79611.19,79611.19,3.43314
1778215680.0,79611.2,79611.2,79593.3,79593.31,2.11662
1778215740.0,79593.31,79625.01,79593.3,79625.01,3.28222
1778215800.0,79625.01,79640.0,79623.34,79635.64,11.59884
1778215860.0,79635.64,79635.64,79612.68,79622.94,3.56922
1778215920.0,79622.95,79636.08,79622.94,79636.07,0.9219
1778215980.0,79636.08,79670.12,79636.07,79662.16,2.82694
1778216040.0,79662.16,79674.89,79660.0,79670.13,4.97489
1778216100.0,79670.12,79670.13,79655.22,79655.23,3.86033
1778216160.0,79655.23,79655.23,79655.22,79655.23,1.00054
1778216220.0,79655.23,79655.23,79655.22,79655.23,3.16536
1778216280.0,79655.23,79655.23,79655.22,79655.23,2.74762
1778216340.0,79655.23,79655.23,79655.22,79655.23,0.83353
1778216400.0,79655.22,79655.23,79655.22,79655.23,0.8459
1778216460.0,79655.23,79667.1,79625.99,79628.66,16.24625
1778216520.0,79628.67,79628.67,79622.94,79622.95,1.00966
1778216580.0,79622.94,79622.95,79610.73,79610.73,2.45596
1778216640.0,79610.73,79659.94,79600.0,79658.49,20.1884
1778216700.0,79658.5,79670.93,79655.37,79661.85,10.56298
1778216760.0,79661.86,79661.86,79638.71,79638.72,4.79151
1778216820.0,79638.71,79638.72,79627.62,79627.62,3.02736
1778216880.0,79627.63,79632.21,79627.62,79632.2,3.61481
1778216940.0,79632.2,79647.99,79632.2,79639.54,5.24002
1778217000.0,79639.53,79639.53,79627.29,79627.3,2.73985
1778217060.0,79627.29,79639.68,79627.29,79639.68,3.15259
1778217120.0,79639.68,79652.29,79639.67,79652.29,1.73077
1778217180.0,79652.29,79664.64,79652.29,79664.64,1.32897
1778217240.0,79664.63,79664.64,79639.68,79639.69,4.4483
1778217300.0,79639.68,79639.69,79632.3,79632.3,1.53236
1778217360.0,79632.3,79666.0,79632.3,79665.5,4.3733
1778217420.0,79665.5,79665.51,79665.5,79665.51,0.96802
1778217480.0,79665.5,79665.51,79657.53,79657.53,2.92667
1778217540.0,79657.54,79657.54,79605.35,79605.36,13.46851
1778217600.0,79605.36,79614.0,79600.0,79610.46,1.87632
1778217660.0,79610.46,79610.46,79604.17,79604.18,0.82263
1778217720.0,79604.18,79615.23,79604.17,79615.22,2.49317
1778217780.0,79615.22,79619.99,79615.22,79619.98,1.6388
1778217840.0,79619.99,79619.99,79613.17,79613.18,3.38453
1778217900.0,79613.18,79630.0,79613.17,79626.47,6.79743
1778217960.0,79626.47,79640.0,79626.47,79640.0,2.49944
1778218020.0,79640.0,79640.0,79616.71,79616.71,4.22045
1778218080.0,79616.72,79616.72,79611.03,79611.03,2.15733
1778218140.0,79611.04,79640.0,79611.03,79627.64,5.98635
1778218200.0,79627.64,79700.0,79627.64,79699.99,9.14642
1778218260.0,79699.99,79700.0,79655.51,79655.52,3.72231
1778218320.0,79655.51,79673.97,79649.36,79673.96,4.43257
1778218380.0,79673.97,79682.76,79673.96,79682.75,1.42853
1778218440.0,79682.75,79691.24,79682.75,79691.24,1.35372
1778218500.0,79691.24,79700.0,79676.0,79676.0,3.80317
1778218560.0,79676.01,79698.8,79676.0,79698.8,3.877
1778218620.0,79698.8,79703.83,79698.79,79703.83,1.93088
1778218680.0,79703.83,79703.83,79692.22,79703.69,4.53492
1778218740.0,79703.69,79713.02,79703.69,79713.01,3.02384
1778218800.0,79713.02,79713.02,79713.01,79713.01,0.82049
1778218860.0,79713.02,79739.98,79713.01,79724.01,10.24
1778218920.0,79724.0,79740.0,79724.0,79739.99,4.2
1778218980.0,79739.99,79748.72,79739.99,79748.72,7.47375
1778219040.0,79748.71,79753.25,79748.71,79751.94,3.65076
1778219100.0,79751.95,79778.95,79751.94,79760.02,13.82567
1778219160.0,79760.02,79775.75,79760.01,79771.09,11.26391
1778219220.0,79771.09,79771.09,79654.56,79654.62,41.21746
1778219280.0,79654.61,79688.8,79654.61,79685.18,3.88272
1778219340.0,79685.18,79687.21,79685.17,79687.21,1.2079
1778219400.0,79687.22,79708.88,79687.22,79707.15,6.52944
1778219460.0,79707.15,79707.15,79698.77,79698.77,1.38366
1778219520.0,79698.78,79701.18,79687.38,79687.38,2.96724
1778219580.0,79687.38,79687.39,79670.7,79670.71,2.23297
1778219640.0,79670.71,79680.59,79670.7,79675.49,4.09954
1778219700.0,79675.48,79675.49,79673.96,79673.96,2.06954
1778219760.0,79673.96,79673.97,79650.02,79650.03,2.71883
1778219820.0,79650.03,79659.55,79650.03,79659.55,2.92955
1778219880.0,79659.54,79659.55,79622.91,79622.92,8.76601
1778219940.0,79622.92,79622.92,79600.0,79600.01,2.5322
1778220000.0,79600.01,79600.01,79464.02,79464.02,19.12766
1778220060.0,79464.03,79491.38,79450.13,79471.97,17.81552
1778220120.0,79471.98,79501.82,79471.97,79497.89,12.67441
1778220180.0,79497.88,79515.14,79490.21,79515.14,8.97099
1778220240.0,79515.13,79549.65,79515.13,79536.63,8.48853
1778220300.0,79536.62,79541.07,79479.69,79482.09,11.84978
1778220360.0,79482.09,79515.81,79482.09,79515.81,7.61872
1778220420.0,79515.8,79526.3,79515.8,79521.97,3.14005
1778220480.0,79521.97,79525.72,79490.63,79490.63,12.19832
1778220540.0,79490.64,79520.12,79466.87,79513.62,9.33332
1778220600.0,79513.61,79516.23,79497.47,79516.23,5.73118
1778220660.0,79516.23,79538.77,79516.22,79538.77,3.25152
1778220720.0,79538.78,79574.63,79538.77,79574.62,7.0968
1778220780.0,79574.62,79622.87,79574.62,79595.82,9.41318
1778220840.0,79595.81,79603.78,79594.9,79603.77,3.89014
1778220900.0,79603.78,79637.48,79603.77,79637.48,9.68733
1778220960.0,79637.48,79637.49,79624.4,79634.35,6.69942
1778221020.0,79634.35,79654.0,79624.34,79624.35,6.5571
1778221080.0,79624.35,79648.74,79624.34,79647.01,9.74151
1778221140.0,79647.01,79647.01,79592.96,79592.97,70.35673
1778221200.0,79592.97,79634.48,79592.97,79629.43,10.40203
1778221260.0,79629.42,79629.43,79599.22,79610.57,5.92128
1778221320.0,79610.57,79610.58,79610.57,79610.57,1.08126
1778221380.0,79610.58,79610.58,79597.46,79597.46,4.07416
1778221440.0,79597.46,79597.47,79577.78,79577.78,2.07765
1778221500.0,79577.79,79577.79,79542.37,79555.78,6.39863
1778221560.0,79555.77,79580.0,79555.77,79577.38,8.78594
1778221620.0,79577.38,79577.39,79551.33,79563.52,5.19625
1778221680.0,79563.51,79583.34,79563.51,79564.11,7.3869
1778221740.0,79564.12,79564.12,79546.79,79546.8,3.43826
1778221800.0,79546.79,79561.25,79534.61,79534.61,8.40735
1778221860.0,79534.61,79534.62,79503.54,79503.54,1.95277
1778221920.0,79503.54,79503.55,79479.93,79481.12,13.09429
1778221980.0,79481.12,79481.13,79474.69,79474.7,3.69823
1778222040.0,79474.7,79474.7,79471.0,79471.01,3.57891
1778222100.0,79471.01,79471.01,79411.0,79411.53,48.31274
1778222160.0,79411.54,79458.92,79411.53,79440.09,9.28935
1778222220.0,79440.09,79478.92,79440.08,79478.92,14.15691
1778222280.0,79478.92,79507.52,79478.91,79507.52,5.01636
1778222340.0,79507.52,79552.12,79507.51,79552.12,5.62546
1778222400.0,79552.12,79584.61,79551.26,79551.27,36.46178
1778222460.0,79551.27,79586.95,79551.26,79582.0,6.69432
1778222520.0,79582.0,79591.91,79581.99,79591.91,5.36783
1778222580.0,79591.92,79591.92,79591.91,79591.91,2.73261
1778222640.0,79591.92,79591.92,79534.99,79535.0,48.59569
1778222700.0,79535.0,79561.21,79527.86,79527.87,34.72169
1778222760.0,79527.87,79540.0,79503.54,79508.63,30.53474
1778222820.0,79508.64,79521.9,79501.0,79501.0,16.86342
1778222880.0,79501.0,79511.76,79491.0,79511.75,21.4246
1778222940.0,79511.76,79511.76,79499.91,79508.79,3.32145
1778223000.0,79508.8,79537.05,79508.79,79537.05,8.24008
1778223060.0,79537.05,79537.12,79527.39,79527.39,9.44592
1778223120.0,79527.39,79529.67,79509.22,79509.22,23.64707
1778223180.0,79509.22,79509.23,79495.44,79495.44,14.91825
1778223240.0,79495.44,79520.01,79492.98,79520.01,26.20553
1778223300.0,79520.0,79520.01,79485.06,79485.07,5.64941
1778223360.0,79485.06,79485.07,79483.05,79483.05,1.74181
1778223420.0,79483.06,79487.83,79483.05,79487.82,6.83966
1778223480.0,79487.83,79503.49,79487.81,79502.09,39.92975
1778223540.0,79502.08,79525.77,79498.53,79525.76,37.22416
1778223600.0,79525.77,79525.77,79460.11,79473.91,43.27895
1778223660.0,79473.9,79473.9,79443.27,79456.36,6.88297
1778223720.0,79456.36,79467.73,79443.27,79443.27,3.13587
1778223780.0,79443.27,79453.97,79439.3,79439.3,4.55914
1778223840.0,79439.31,79439.31,79429.53,79429.53,4.0126
1778223900.0,79429.53,79429.54,79388.59,79388.6,13.43527
1778223960.0,79388.6,79388.6,79361.43,79372.17,13.91474
1778224020.0,79372.17,79372.17,79300.0,79354.79,22.42217
1778224080.0,79354.78,79355.3,79328.23,79342.33,7.8581
1778224140.0,79342.33,79388.79,79330.89,79388.79,7.55369
1778224200.0,79388.79,79402.2,79378.25,79378.25,6.88573
1778224260.0,79378.26,79400.03,79370.32,79400.03,15.32495
1778224320.0,79400.03,79406.6,79400.02,79406.6,10.77194
1778224380.0,79406.6,79406.6,79346.04,79346.05,8.93877
1778224440.0,79346.05,79369.01,79316.07,79318.26,16.34593
1778224500.0,79318.27,79341.55,79318.26,79336.28,20.83032
1778224560.0,79336.27,79368.76,79320.0,79346.05,29.51314
1778224620.0,79346.05,79354.87,79324.41,79354.87,20.21526
1778224680.0,79354.86,79376.69,79330.66,79330.66,8.27117
1778224740.0,79330.67,79362.0,79330.67,79338.37,8.98913
1778224800.0,79338.37,79389.5,79330.14,79363.32,19.65837
1778224860.0,79363.32,79364.39,79341.67,79357.97,20.77771
1778224920.0,79357.97,79357.97,79312.94,79320.93,24.50555
1778224980.0,79320.92,79320.92,79302.17,79305.34,33.80411
1778225040.0,79305.34,79305.34,79274.94,79280.39,29.5932
1778225100.0,79280.39,79280.39,79250.0,79259.43,28.68471
1778225160.0,79259.42,79275.24,79248.58,79273.94,34.5213
1778225220.0,79273.94,79298.98,79273.94,79298.98,15.44772
1778225280.0,79298.98,79309.99,79298.97,79306.98,9.88946
1778225340.0,79306.98,79350.33,79306.97,79350.32,15.9602
1778225400.0,79350.33,79413.04,79350.33,79411.45,29.94764
1778225460.0,79411.45,79462.77,79411.45,79462.77,18.81872
1778225520.0,79462.77,79490.0,79459.1,79483.57,20.23835
1778225580.0,79483.58,79497.35,79483.57,79495.75,15.46863
1778225640.0,79495.75,79504.61,79488.84,79488.85,14.96372
1778225700.0,79488.85,79513.05,79488.84,79513.04,18.26279
1778225760.0,79513.05,79520.85,79500.39,79520.85,11.01358
1778225820.0,79520.85,79537.43,79520.84,79537.43,15.06939
1778225880.0,79537.43,79538.98,79532.95,79535.83,15.8023
1778225940.0,79535.83,79540.0,79532.94,79532.95,11.08724
1778226000.0,79532.95,79563.8,79532.94,79563.8,19.51331
1778226060.0,79563.8,79595.39,79563.79,79595.38,10.91936
1778226120.0,79595.39,79599.0,79565.34,79565.34,31.18377
1778226180.0,79565.35,79573.77,79565.34,79573.76,19.87246
1778226240.0,79573.77,79580.85,79569.77,79580.84,11.27318
1778226300.0,79580.83,79590.68,79580.83,79590.68,6.8952
1778226360.0,79590.68,79590.68,79562.79,79562.8,17.56422
1778226420.0,79562.8,79579.25,79562.79,79562.96,15.13885
1778226480.0,79562.97,79630.56,79562.96,79630.56,20.42391
1778226540.0,79630.56,79710.0,79630.55,79678.71,46.93869
1778226600.0,79678.72,79711.82,79674.01,79684.98,21.075
1778226660.0,79684.98,79684.98,79667.1,79677.71,10.71356
1778226720.0,79677.71,79692.14,79665.44,79692.13,10.05559
1778226780.0,79692.14,79701.87,79692.13,79700.27,11.37534
1778226840.0,79700.28,79704.92,79700.27,79704.91,7.97487
1778226900.0,79704.92,79727.0,79704.91,79715.6,11.99815
1778226960.0,79715.6,79715.6,79660.7,79660.71,12.17537
1778227020.0,79660.71,79660.71,79646.8,79646.81,6.57112
1778227080.0,79646.81,79687.94,79646.8,79687.94,8.55651
1778227140.0,79687.95,79701.49,79682.4,79682.4,16.06479
1778227200.0,79682.4,79711.9,79666.05,79672.92,14.97674
1778227260.0,79672.92,79688.97,79666.77,79674.0,10.37609
1778227320.0,79674.0,79687.29,79674.0,79687.29,5.83669
1778227380.0,79687.29,79704.61,79673.4,79704.61,16.47136
1778227440.0,79704.6,79712.45,79704.6,79712.45,6.16923
1778227500.0,79712.45,79712.45,79712.44,79712.44,5.14182
1778227560.0,79712.45,79715.29,79702.43,79708.31,15.54438
1778227620.0,79708.3,79726.0,79684.01,79712.47,21.51387
1778227680.0,79712.47,79712.47,79698.34,79704.99,8.94413
1778227740.0,79704.99,79710.0,79698.34,79708.79,5.86202
1778227800.0,79708.8,79708.8,79694.78,79699.99,13.77441
1778227860.0,79700.0,79725.52,79699.99,79725.52,3.25709
1778227920.0,79725.51,79748.58,79725.51,79741.34,11.11564
1778227980.0,79741.34,79741.35,79718.53,79727.94,4.78969
1778228040.0,79727.93,79727.94,79724.62,79724.63,3.51042
1778228100.0,79724.63,79760.0,79724.63,79746.39,9.69002
1778228160.0,79746.39,79760.0,79745.83,79760.0,3.3283
1778228220.0,79759.99,79760.0,79746.83,79748.03,7.2425
1778228280.0,79748.04,79748.04,79740.24,79740.25,0.99738
1778228340.0,79740.25,79748.03,79729.61,79740.24,15.57081
1778228400.0,79740.25,79740.25,79724.1,79726.14,6.97219
1778228460.0,79726.13,79728.66,79719.01,79728.66,5.61295
1778228520.0,79728.66,79738.03,79710.26,79710.26,8.26127
1778228580.0,79710.26,79713.16,79702.75,79713.15,7.22936
1778228640.0,79713.16,79739.28,79713.15,79739.28,6.55605
1778228700.0,79739.27,79739.28,79727.06,79736.79,11.78826
1778228760.0,79736.78,79736.79,79727.07,79727.08,5.14004
1778228820.0,79727.08,79748.21,79727.07,79748.21,7.78788
1778228880.0,79748.21,79805.16,79748.2,79756.73,85.86341
1778228940.0,79756.74,79756.74,79756.73,79756.74,3.62593
1778229000.0,79756.73,79756.74,79750.06,79750.07,10.19105
1778229060.0,79750.07,79766.66,79750.06,79758.2,10.3246
1778229120.0,79758.21,79759.41,79758.2,79759.4,6.64992
1778229180.0,79759.41,79759.41,79750.06,79750.06,6.27202
1778229240.0,79750.06,79750.07,79750.06,79750.07,1.43964
1778229300.0,79750.06,79761.74,79750.06,79761.74,8.86867
1778229360.0,79761.74,79761.74,79754.26,79756.66,7.15061
1778229420.0,79756.66,79790.84,79756.66,79790.83,11.17772
1778229480.0,79790.84,79823.98,79790.83,79823.97,7.10103
1778229540.0,79823.98,79872.19,79823.98,79850.0,28.99118
1778229600.0,79849.99,79850.0,79823.39,79823.4,7.22025
1778229660.0,79823.4,79857.66,79823.39,79856.24,17.90333
1778229720.0,79856.24,79878.97,79856.22,79871.68,11.34908
1778229780.0,79871.68,79871.69,79868.63,79871.68,3.52609
1778229840.0,79871.69,79899.39,79871.68,79893.69,39.75956
1778229900.0,79893.69,79899.39,79886.54,79888.17,9.02845
1778229960.0,79888.16,79910.97,79888.16,79910.96,5.0847
1778230020.0,79910.96,79958.06,79910.96,79958.06,14.50025
1778230080.0,79958.05,79987.27,79958.05,79984.86,14.10039
1778230140.0,79984.87,79984.87,79946.39,79947.66,6.22737
1778230200.0,79947.65,79967.85,79947.65,79954.17,6.52023
1778230260.0,79954.17,79954.18,79928.9,79933.71,9.59428
1778230320.0,79933.71,79950.0,79924.24,79944.26,8.14724
1778230380.0,79944.27,79966.45,79940.35,79940.36,6.92787
1778230440.0,79940.36,79950.0,79940.35,79950.0,2.07595
1778230500.0,79949.99,79950.0,79938.94,79938.95,4.05757
1778230560.0,79938.95,79938.95,79934.08,79934.08,2.07965
1778230620.0,79934.09,79938.03,79934.08,79938.02,4.01157
1778230680.0,79938.02,79938.03,79880.99,79884.6,21.02181
1778230740.0,79884.6,79896.82,79884.6,79886.01,4.34435
1778230800.0,79886.0,79900.0,79880.61,79880.61,8.08583
1778230860.0,79880.6,79880.6,79844.44,79844.44,7.65201
1778230920.0,79844.44,79863.05,79840.73,79863.04,4.78141
1778230980.0,79863.04,79863.05,79831.21,79831.21,3.67339
1778231040.0,79831.22,79854.85,79831.21,79854.84,2.4515
1778231100.0,79854.84,79869.98,79854.84,79869.97,2.40505
1778231160.0,79869.98,79889.14,79869.97,79889.11,2.02818
1778231220.0,79889.11,79919.45,79889.11,79919.44,2.57656
1778231280.0,79919.45,79943.1,79908.92,79943.1,17.9987
1778231340.0,79943.1,79983.07,79943.1,79983.06,10.79296
1778231400.0,79983.06,79983.07,79972.42,79972.43,13.05482
1778231460.0,79972.43,79986.6,79972.42,79986.59,4.19739
1778231520.0,79986.6,80000.0,79986.6,79999.99,8.56444
1778231580.0,79999.99,79999.99,79981.54,79982.35,10.07465
1778231640.0,79982.34,79982.35,79976.79,79980.31,3.37573
1778231700.0,79980.31,79981.14,79963.93,79981.14,79.62096
1778231760.0,79981.14,79981.14,79950.69,79960.01,5.6677
1778231820.0,79960.01,79961.93,79945.47,79945.48,6.24506
1778231880.0,79945.47,79955.77,79945.47,79955.77,5.03595
1778231940.0,79955.77,79972.88,79955.76,79972.88,5.98561
1778232000.0,79972.87,80000.0,79972.86,80000.0,4.27983
1778232060.0,79999.99,80023.21,79999.99,80011.12,15.85183
1778232120.0,80011.13,80019.15,80011.12,80019.15,4.72962
1778232180.0,80019.15,80023.21,80019.14,80023.21,6.1085
1778232240.0,80023.21,80023.21,79992.84,79992.85,7.60916
1778232300.0,79992.84,80006.0,79977.8,79977.8,11.01497
1778232360.0,79977.81,80023.18,79977.8,80023.18,4.53779
1778232420.0,80023.19,80061.17,80000.68,80000.68,11.41105
1778232480.0,80000.69,80000.69,80000.68,80000.68,3.72909
1778232540.0,80000.69,80000.69,79900.03,79908.1,31.67506
1778232600.0,79908.1,79933.58,79900.03,79931.36,9.03078
1778232660.0,79931.36,79934.19,79925.61,79925.61,3.20271
1778232720.0,79925.61,79925.62,79900.04,79900.05,2.96441
1778232780.0,79900.04,79900.05,79877.97,79887.41,11.86575
1778232840.0,79887.4,79910.01,79887.39,79910.0,3.40197
1778232900.0,79910.01,79924.36,79910.0,79919.56,9.37237
1778232960.0,79919.55,79919.56,79899.93,79899.93,9.04353
1778233020.0,79899.93,79899.94,79868.81,79886.01,4.81319
1778233080.0,79886.0,79899.66,79886.0,79893.48,2.63643
1778233140.0,79893.47,79893.48,79868.82,79868.82,2.65276
1778233200.0,79868.83,79868.83,79847.81,79857.95,19.42419
1778233260.0,79857.95,79865.95,79852.64,79865.94,3.8422
1778233320.0,79865.95,79865.95,79865.94,79865.94,1.65514
1778233380.0,79865.94,79865.95,79864.74,79864.74,1.9011
1778233440.0,79864.75,79864.75,79863.71,79863.71,2.39487
1778233500.0,79863.72,79863.72,79840.25,79840.25,2.81229
1778233560.0,79840.25,79840.26,79812.83,79812.84,4.21651
1778233620.0,79812.83,79812.83,79794.88,79794.88,7.06185
1778233680.0,79794.89,79801.16,79794.88,79801.16,2.44059
1778233740.0,79801.16,79838.94,79801.16,79838.93,3.6006
1778233800.0,79838.93,79838.93,79814.25,79814.25,19.04628
1778233860.0,79814.26,79855.49,79814.25,79843.0,10.15631
1778233920.0,79842.99,79850.0,79836.79,79849.99,5.79548
1778233980.0,79849.99,79878.25,79831.75,79878.25,6.39795
1778234040.0,79878.25,79878.25,79872.12,79872.13,4.94837
1778234100.0,79872.13,79872.13,79865.91,79865.91,1.76293
1778234160.0,79865.92,79865.92,79847.72,79847.72,2.96942
1778234220.0,79847.72,79870.05,79847.72,79860.79,8.22639
1778234280.0,79860.79,79860.8,79860.79,79860.79,3.89552
1778234340.0,79860.79,79894.0,79860.79,79872.72,5.06382
1778234400.0,79872.72,79925.62,79872.71,79925.62,6.68291
1778234460.0,79925.62,79925.62,79920.36,79920.36,1.56081
1778234520.0,79920.36,79985.94,79920.36,79985.94,8.7865
1778234580.0,79985.94,80000.0,79983.99,79995.14,13.36088
1778234640.0,79995.14,80020.0,79995.13,80019.99,14.29342
1778234700.0,80019.99,80020.0,79982.4,79982.41,6.85957
1778234760.0,79982.4,79982.41,79980.0,79980.01,4.11837
1778234820.0,79980.01,80014.46,79946.56,79946.57,9.55695
1778234880.0,79946.57,79950.83,79886.13,79890.49,7.3302
1778234940.0,79890.48,79890.48,79790.31,79800.71,15.23621
1778235000.0,79800.72,79841.73,79800.72,79815.21,13.54905
1778235060.0,79815.2,79815.21,79788.01,79799.99,4.70916
1778235120.0,79799.99,79811.41,79799.99,79811.4,5.88719
1778235180.0,79811.4,79828.7,79811.4,79828.7,2.94922
1778235240.0,79828.7,79828.7,79818.83,79818.83,3.1246
1778235300.0,79818.83,79860.68,79818.83,79844.72,8.40881
1778235360.0,79844.72,79844.73,79820.18,79820.19,2.54774
1778235420.0,79820.2,79841.67,79820.19,79841.67,7.47517
1778235480.0,79841.66,79859.83,79841.66,79859.83,3.50384
1778235540.0,79859.82,79878.6,79859.82,79868.35,7.41245
1778235600.0,79868.35,79868.36,79834.0,79834.0,5.68366
1778235660.0,79834.01,79834.01,79834.0,79834.01,1.49664
1778235720.0,79834.01,79858.83,79830.27,79858.83,3.61825
1778235780.0,79858.83,79895.77,79851.53,79895.76,5.43934
1778235840.0,79895.76,79895.77,79886.29,79886.29,7.31704
1778235900.0,79886.3,79888.18,79884.78,79884.78,3.45989
1778235960.0,79884.79,79928.0,79883.27,79928.0,4.30372
1778236020.0,79928.0,79928.0,79897.02,79897.03,4.0693
1778236080.0,79897.03,79897.03,79890.9,79896.99,3.35056
1778236140.0,79897.0,79899.41,79896.99,79899.4,1.32068
1778236200.0,79899.4,79955.48,79899.4,79955.48,5.99814
1778236260.0,79955.49,79955.49,79935.88,79948.41,6.36609
1778236320.0,79948.41,79948.42,79939.01,79939.02,4.36156
1778236380.0,79939.01,79974.94,79924.14,79974.93,7.11471
1778236440.0,79974.93,79981.55,79954.65,79981.55,8.67371
1778236500.0,79981.54,79995.03,79977.14,79995.02,3.13436
1778236560.0,79995.02,80023.79,79980.0,80023.79,9.55626
1778236620.0,80023.79,80093.02,80015.04,80090.07,20.3395
1778236680.0,80090.07,80098.92,80072.0,80072.01,10.46941
1778236740.0,80072.0,80072.01,80056.93,80056.93,1.93312
1778236800.0,80056.94,80061.09,80044.96,80061.09,5.66039
1778236860.0,80061.08,80098.42,80061.08,80098.42,9.00139
1778236920.0,80098.42,80098.42,80082.15,80082.15,4.28779
1778236980.0,80082.16,80167.75,80082.15,80136.97,43.94855
1778237040.0,80136.97,80169.7,80136.96,80158.88,17.25181
1778237100.0,80158.89,80178.25,80130.67,80130.68,9.56524
1778237160.0,80130.67,80155.15,80130.67,80142.4,9.04371
1778237220.0,80142.4,80155.15,80133.09,80155.14,8.26068
1778237280.0,80155.15,80155.15,80131.97,80155.0,9.64406
1778237340.0,80154.99,80164.95,80140.0,80164.94,3.46937
1778237400.0,80164.95,80233.24,80164.95,80232.49,20.10159
1778237460.0,80232.5,80233.52,80200.0,80211.7,12.09127
1778237520.0,80211.69,80223.57,80200.0,80216.74,22.33767
1778237580.0,80216.73,80216.74,80200.0,80200.01,4.96519
1778237640.0,80200.01,80226.05,80199.57,80207.8,14.50687
1778237700.0,80207.81,80218.72,80164.94,80202.66,28.50032
1778237760.0,80202.67,80233.69,80198.65,80233.67,79.51813
1778237820.0,80233.67,80278.92,80207.95,80223.61,68.16571
1778237880.0,80223.61,80230.5,80214.87,80220.77,6.37536
1778237940.0,80220.76,80220.76,80200.56,80212.56,8.75355
1778238000.0,80212.55,80317.07,80212.55,80288.19,43.48504
1778238060.0,80288.18,80340.94,80264.42,80284.5,23.91972
1778238120.0,80284.5,80284.51,80203.91,80228.01,14.76616
1778238180.0,80228.0,80229.28,80203.28,80229.28,13.53577
1778238240.0,80229.28,80268.66,80229.27,80243.48,11.21362
1778238300.0,80243.48,80270.89,80233.12,80240.3,34.65323
1778238360.0,80240.3,80243.2,80221.26,80243.2,29.09236
1778238420.0,80243.2,80293.51,80243.19,80246.98,8.1554
1778238480.0,80246.99,80246.99,80182.71,80204.21,27.62631
1778238540.0,80204.2,80219.3,80203.08,80217.72,9.3632
1778238600.0,80217.72,80238.8,80217.72,80220.16,6.49069
1778238660.0,80220.17,80220.17,80204.52,80204.53,5.39918
1778238720.0,80204.52,80248.58,80204.52,80237.64,11.66276
1778238780.0,80237.65,80237.65,80224.44,80224.45,3.10005
1778238840.0,80224.45,80230.0,80210.33,80227.97,11.39696
1778238900.0,80227.98,80229.99,80200.0,80207.38,14.95367
1778238960.0,80207.39,80207.39,80207.38,80207.39,1.30265
1778239020.0,80207.39,80207.39,80200.0,80202.79,5.78768
1778239080.0,80202.79,80229.99,80202.47,80229.99,4.90343
1778239140.0,80229.98,80229.99,80216.0,80216.0,2.41552
1778239200.0,80216.0,80270.0,80216.0,80242.01,12.73581
1778239260.0,80242.01,80284.69,80242.0,80271.68,5.13182
1778239320.0,80271.68,80271.69,80242.0,80242.01,4.28587
1778239380.0,80242.01,80242.01,80183.94,80208.54,6.12484
1778239440.0,80208.55,80274.0,80201.45,80274.0,8.82207
1778239500.0,80273.99,80288.42,80264.09,80272.0,5.35061
1778239560.0,80272.0,80308.44,80272.0,80307.85,8.72901
1778239620.0,80307.84,80307.85,80298.99,80304.71,4.29999
1778239680.0,80304.71,80319.98,80294.17,80301.84,6.7509
1778239740.0,80301.84,80316.93,80300.0,80300.0,3.50942
1778239800.0,80300.0,80327.87,80300.0,80300.01,9.07564
1778239860.0,80300.0,80300.01,80262.04,80283.6,4.57745
1778239920.0,80283.6,80296.72,80283.6,80292.43,4.25556
1778239980.0,80292.43,80292.43,80266.85,80274.62,8.41683
1778240040.0,80274.62,80276.5,80262.92,80262.92,1.38136
1778240100.0,80262.93,80290.0,80262.92,80290.0,4.05577
1778240160.0,80290.0,80290.0,80287.53,80287.53,1.73442
1778240220.0,80287.53,80287.54,80264.03,80264.03,10.2693
1778240280.0,80264.04,80264.04,80205.06,80205.07,6.40689
1778240340.0,80205.06,80218.04,80196.88,80218.03,4.83746
1778240400.0,80218.03,80218.04,80203.28,80203.29,4.1947
1778240460.0,80203.28,80203.29,80182.71,80182.72,3.50631
1778240520.0,80182.72,80182.72,80151.23,80167.24,10.81387
1778240580.0,80167.24,80174.78,80167.23,80174.77,3.24076
1778240640.0,80174.78,80174.78,80127.54,80141.08,6.95158
1778240700.0,80141.09,80173.65,80141.09,80173.65,4.22084
1778240760.0,80173.66,80212.79,80173.66,80212.78,7.17726
1778240820.0,80212.79,80234.56,80198.0,80198.01,6.93186
1778240880.0,80198.0,80202.67,80184.05,80202.67,5.17695
1778240940.0,80202.67,80229.26,80196.94,80228.35,3.89637
1778241000.0,80228.36,80264.98,80228.35,80264.98,4.62143
1778241060.0,80264.99,80280.15,80264.99,80280.15,3.43512
1778241120.0,80280.15,80280.15,80237.46,80237.47,5.74723
1778241180.0,80237.46,80245.63,80220.08,80245.63,3.23362
1778241240.0,80245.63,80254.53,80240.77,80254.52,2.52392
1778241300.0,80254.53,80254.53,80210.0,80214.46,3.03933
1778241360.0,80214.45,80225.88,80214.45,80216.5,3.54225
1778241420.0,80216.51,80240.0,80216.5,80239.99,3.91156
1778241480.0,80240.0,80244.4,80225.53,80234.21,95.32092
1778241540.0,80234.22,80234.22,80231.22,80231.22,1.52222
1778241600.0,80231.22,80296.23,80231.22,80251.33,11.97937
1778241660.0,80251.33,80278.84,80223.38,80278.84,5.51311
1778241720.0,80278.84,80309.5,80278.83,80309.5,6.39238
1778241780.0,80309.5,80309.5,80278.84,80278.85,4.65535
1778241840.0,80278.84,80278.85,80234.16,80234.17,3.58454
1778241900.0,80234.17,80251.25,80203.17,80228.49,5.89655
1778241960.0,80228.49,80241.84,80222.53,80222.54,2.73421
1778242020.0,80222.54,80222.54,80200.0,80211.62,4.52956
1778242080.0,80211.63,80227.83,80186.77,80197.04,5.28293
1778242140.0,80197.03,80208.65,80192.08,80192.09,2.66921
1778242200.0,80192.09,80192.09,80140.98,80150.01,4.18194
1778242260.0,80150.01,80168.47,80150.0,80168.47,2.73366
1778242320.0,80168.47,80199.88,80168.46,80199.88,6.09285
1778242380.0,80199.87,80238.1,80199.87,80238.1,4.62058
1778242440.0,80238.09,80268.0,80217.47,80267.99,8.11507
1778242500.0,80268.0,80281.1,80254.59,80254.59,7.2243
1778242560.0,80254.6,80293.36,80248.95,80284.51,4.40574
1778242620.0,80284.5,80311.2,80284.5,80311.2,4.76232
1778242680.0,80311.19,80314.89,80274.18,80290.0,16.93058
1778242740.0,80290.0,80303.13,80285.75,80295.09,3.92174
1778242800.0,80295.1,80295.1,80287.0,80287.0,3.27736
1778242860.0,80287.01,80287.01,80263.9,80287.0,8.65366
1778242920.0,80287.0,80293.06,80287.0,80293.06,5.36979
1778242980.0,80293.06,80309.0,80279.06,80296.36,9.43947
1778243040.0,80296.37,80307.29,80293.14,80296.54,4.25024
1778243100.0,80296.53,80296.54,80275.04,80275.04,16.41868
1778243160.0,80275.04,80289.75,80267.48,80289.74,10.36532
1778243220.0,80289.75,80299.03,80289.74,80299.03,10.3342
1778243280.0,80299.02,80299.03,80284.5,80293.58,11.39145
1778243340.0,80293.59,80327.5,80293.59,80318.38,16.43821
1778243400.0,80318.38,80500.0,80195.8,80206.43,158.86593
1778243460.0,80207.36,80270.05,80185.15,80191.51,15.25527
1778243520.0,80191.52,80257.5,80191.51,80257.49,4.90469
1778243580.0,80257.49,80314.99,80257.49,80266.96,80.94065
1778243640.0,80266.95,80266.96,80223.36,80256.46,7.04581
1778243700.0,80256.47,80262.0,80222.07,80226.43,10.42583
1778243760.0,80226.44,80263.75,80223.1,80263.75,8.82369
1778243820.0,80263.74,80272.31,80205.18,80205.19,16.58545
1778243880.0,80205.18,80245.0,80205.18,80245.0,12.25981
1778243940.0,80244.99,80245.0,80206.44,80224.55,4.00348
1778244000.0,80224.56,80250.91,80224.55,80250.9,3.28537
1778244060.0,80250.89,80250.9,80225.53,80236.24,5.63885
1778244120.0,80236.25,80250.88,80224.9,80250.88,5.11281
1778244180.0,80250.88,80250.88,80223.89,80248.03,5.7097
1778244240.0,80248.03,80248.03,80225.3,80225.3,1.95598
1778244300.0,80225.3,80225.3,80145.63,80181.98,11.40874
1778244360.0,80181.99,80193.05,80178.25,80193.05,6.85523
1778244420.0,80193.04,80208.49,80179.49,80190.0,18.89299
1778244480.0,80190.0,80190.0,80139.54,80139.54,39.8769
1778244540.0,80139.55,80159.73,80083.47,80086.85,46.95614
1778244600.0,80086.85,80088.05,79994.15,80029.84,52.10759
1778244660.0,80029.84,80037.11,80007.67,80037.11,18.23215
1778244720.0,80037.1,80037.11,80007.85,80020.0,8.68402
1778244780.0,80019.99,80088.04,80019.99,80075.01,4.42004
1778244840.0,80075.01,80116.81,80075.01,80116.81,11.4246
1778244900.0,80116.81,80127.16,80105.48,80127.16,3.24932
1778244960.0,80127.16,80150.0,80127.15,80139.14,24.27879
1778245020.0,80139.15,80139.15,80139.14,80139.15,1.5148
1778245080.0,80139.15,80139.15,80036.87,80038.56,10.48018
1778245140.0,80038.56,80038.56,79966.14,80025.82,20.18421
1778245200.0,80025.81,80052.73,80014.8,80046.5,10.9704
1778245260.0,80046.5,80054.0,80022.0,80054.0,8.8768
1778245320.0,80053.99,80095.99,80038.21,80038.21,23.84664
1778245380.0,80038.22,80093.1,80032.19,80082.78,10.11616
1778245440.0,80082.78,80082.78,80025.4,80063.35,11.64837
1778245500.0,80063.35,80095.99,80016.47,80016.47,6.79555
1778245560.0,80016.47,80016.47,79911.46,79921.93,22.72313
1778245620.0,79921.92,79952.48,79906.0,79912.99,28.46125
1778245680.0,79913.0,79939.8,79899.99,79899.99,15.36223
1778245740.0,79900.0,79907.66,79883.72,79907.65,9.11118
1778245800.0,79907.65,79930.89,79870.23,79878.79,18.57744
1778245860.0,79878.58,79898.42,79861.81,79894.25,18.14365
1778245920.0,79894.25,79902.97,79828.13,79828.13,14.51776
1778245980.0,79828.13,79833.93,79782.07,79782.08,68.54597
1778246040.0,79782.08,79821.5,79654.84,79692.86,35.90866
1778246100.0,79692.87,79785.56,79692.86,79777.74,22.97714
1778246160.0,79777.73,79813.61,79758.03,79794.74,10.10526
1778246220.0,79794.75,79815.94,79787.33,79807.55,6.27816
1778246280.0,79807.55,79814.48,79741.95,79741.96,9.39673
1778246340.0,79741.96,79764.42,79728.08,79760.93,6.54484
1778246400.0,79760.93,79789.8,79759.45,79767.56,40.94314
1778246460.0,79767.56,79769.84,79753.25,79753.26,5.58406
1778246520.0,79753.25,79753.26,79720.2,79749.27,7.33627
1778246580.0,79749.26,79757.46,79745.12,79745.12,5.10739
1778246640.0,79745.13,79747.53,79730.0,79737.74,7.48109
1778246700.0,79737.73,79737.73,79690.0,79708.6,10.10874
1778246760.0,79708.61,79708.61,79647.0,79647.0,10.29779
1778246820.0,79647.0,79673.18,79616.36,79650.0,23.3429
1778246880.0,79649.99,79650.0,79607.93,79628.0,7.88737
1778246940.0,79627.99,79632.74,79607.93,79612.52,5.14273
1778247000.0,79612.52,79678.35,79612.52,79635.57,28.70367
1778247060.0,79634.77,79699.42,79628.1,79699.42,14.03718
1778247120.0,79699.42,79736.78,79692.12,79692.13,12.7529
1778247180.0,79692.12,79753.07,79680.14,79746.04,16.40447
1778247240.0,79746.03,79813.48,79733.4,79787.67,65.85471
1778247300.0,79787.67,79794.09,79736.65,79767.27,10.67765
1778247360.0,79767.27,79804.61,79760.01,79804.61,13.60788
1778247420.0,79804.61,79822.0,79755.44,79755.44,17.04095
1778247480.0,79755.43,79826.88,79726.57,79818.89,14.4176
1778247540.0,79818.88,79818.89,79706.73,79706.73,13.38691
1778247600.0,79706.74,79706.74,79614.0,79671.73,26.91758
1778247660.0,79671.72,79684.37,79581.04,79581.05,68.74833
1778247720.0,79581.04,79630.93,79573.45,79596.45,18.27932
1778247780.0,79596.44,79654.82,79596.44,79633.07,23.30869
1778247840.0,79633.07,79643.78,79595.75,79595.75,15.38791
1778247900.0,79595.76,79676.0,79595.75,79600.02,22.1957
1778247960.0,79600.01,79604.71,79566.34,79575.99,12.47476
1778248020.0,79576.0,79580.0,79549.54,79579.99,13.89886
1778248080.0,79580.0,79662.0,79579.99,79640.16,17.57343
1778248140.0,79640.16,79667.0,79604.6,79623.14,19.7237
1778248200.0,79623.14,79646.0,79604.6,79620.74,11.23214
1778248260.0,79620.74,79630.0,79590.13,79623.51,9.98008
1778248320.0,79623.52,79660.0,79597.39,79647.01,21.33614
1778248380.0,79647.01,79669.29,79633.83,79647.0,10.20415
1778248440.0,79647.0,79647.01,79561.71,79583.49,24.37364
1778248500.0,79583.5,79602.93,79557.31,79588.43,13.70353
1778248560.0,79588.42,79616.69,79574.72,79600.01,30.0531
1778248620.0,79600.01,79629.49,79600.0,79613.75,13.93296
1778248680.0,79613.75,79613.76,79600.0,79600.0,8.97767
1778248740.0,79600.0,79647.81,79600.0,79647.8,20.25901
1778248800.0,79647.81,79771.97,79647.8,79674.75,40.61049
1778248860.0,79674.76,79754.5,79674.75,79745.23,7.49922
1778248920.0,79745.22,79780.0,79740.37,79780.0,7.45082
1778248980.0,79780.0,79822.3,79771.97,79794.01,10.73708
1778249040.0,79794.01,79836.57,79775.59,79834.24,10.49992
1778249100.0,79834.2,79980.0,79811.96,79970.01,21.60898
1778249160.0,79970.01,79990.0,79894.2,79914.29,19.60778
1778249220.0,79914.3,79920.0,79850.47,79883.99,11.49742
1778249280.0,79883.99,79894.19,79851.6,79880.1,8.73257
1778249340.0,79880.1,79880.1,79835.74,79859.52,10.33524
1778249400.0,79859.52,79914.15,79846.56,79886.33,30.93695
1778249460.0,79886.33,79889.5,79819.92,79873.14,8.23371
1778249520.0,79873.15,79915.12,79867.37,79898.51,5.48748
1778249580.0,79898.52,79913.91,79874.02,79898.49,7.54646
1778249640.0,79898.49,79927.34,79891.66,79927.33,8.49654
1778249700.0,79927.33,79963.84,79897.4,79963.83,28.30165
1778249760.0,79963.83,80072.0,79956.64,80059.4,40.59233
1778249820.0,80059.39,80062.17,80017.06,80047.5,12.09583
1778249880.0,80047.49,80441.79,80044.14,80355.01,122.84968
1778249940.0,80355.01,80386.76,80244.19,80368.15,43.33857
1778250000.0,80368.16,80422.11,80321.12,80357.28,45.52926
1778250060.0,80357.29,80373.13,80332.77,80332.77,19.05441
1778250120.0,80332.77,80346.09,80244.2,80244.2,17.06609
1778250180.0,80244.2,80249.26,80200.0,80202.59,7.44101
1778250240.0,80202.59,80254.57,80202.58,80254.49,6.99282
1778250300.0,80254.49,80278.47,80221.92,80278.46,3.96688
1778250360.0,80278.47,80278.47,80206.44,80207.65,5.9703
1778250420.0,80207.64,80230.83,80181.29,80201.62,14.24494
1778250480.0,80201.61,80201.61,80140.62,80170.77,10.91933
1778250540.0,80170.78,80170.78,80072.76,80072.76,17.71668
1778250600.0,80072.75,80092.46,79822.31,79822.31,47.97858
1778250660.0,79822.31,79974.71,79798.37,79963.01,18.63838
1778250720.0,79963.01,79981.55,79911.02,79923.28,12.81927
1778250780.0,79923.28,80013.42,79923.27,79998.51,9.63649
1778250840.0,79998.51,80134.27,79998.5,80131.16,28.61899
1778250900.0,80131.17,80131.17,80062.2,80064.41,9.53778
1778250960.0,80064.42,80178.25,80017.31,80178.25,12.9838
1778251020.0,80178.25,80206.43,80150.0,80197.52,11.62256
1778251080.0,80197.51,80271.64,80183.54,80231.99,35.95597
1778251140.0,80231.98,80275.84,80206.96,80258.46,12.97483
1778251200.0,80258.47,80265.72,80210.01,80210.01,8.83137
1778251260.0,80210.01,80230.5,80187.95,80204.99,5.69231
1778251320.0,80204.98,80231.17,80198.99,80198.99,33.97273
1778251380.0,80199.0,80216.3,80192.71,80214.0,12.35354
1778251440.0,80214.0,80230.5,80214.0,80222.49,4.06196
1778251500.0,80222.5,80222.5,80172.2,80187.47,7.89606
1778251560.0,80187.46,80221.94,80178.26,80221.94,6.02193
1778251620.0,80221.94,80295.16,80221.94,80295.15,13.67993
1778251680.0,80295.15,80300.0,80240.0,80240.01,14.11283
1778251740.0,80240.0,80246.0,80194.77,80196.01,12.34404
1778251800.0,80196.01,80240.98,80182.38,80230.88,9.0303
1778251860.0,80230.88,80233.94,80184.97,80184.97,11.06571
1778251920.0,80184.98,80184.98,80123.81,80123.81,9.4799
1778251980.0,80123.82,80158.0,80120.58,80158.0,7.72862
1778252040.0,80157.99,80185.92,80157.99,80185.91,4.22158
1778252100.0,80185.91,80185.92,80171.99,80185.92,8.92136
1778252160.0,80185.91,80189.0,80127.81,80128.78,5.72352
1778252220.0,80128.78,80145.62,80084.91,80107.76,15.8752
1778252280.0,80107.76,80121.42,80100.83,80111.7,4.35206
1778252340.0,80111.7,80153.43,80111.7,80150.97,3.88246
1778252400.0,80150.97,80196.44,80127.42,80180.01,8.56245
1778252460.0,80180.01,80187.64,80160.78,80187.63,5.88366
1778252520.0,80187.63,80200.0,80100.01,80100.01,7.81732
1778252580.0,80100.01,80111.69,80014.15,80036.33,20.56826
1778252640.0,80036.33,80037.5,79988.34,79989.23,9.4377
1778252700.0,79989.24,80007.66,79988.35,79988.35,3.00666
1778252760.0,79988.36,80077.6,79988.35,80076.49,14.43795
1778252820.0,80076.5,80108.37,80070.0,80070.0,6.28006
1778252880.0,80070.01,80070.01,79982.82,79982.83,5.23274
1778252940.0,79982.82,80001.57,79954.54,79978.17,9.67209
1778253000.0,79978.17,79985.33,79958.37,79971.74,10.40586
1778253060.0,79971.75,80014.13,79965.75,79990.02,6.55256
1778253120.0,79990.01,79990.01,79870.23,79907.0,18.6358
1778253180.0,79907.0,79907.0,79870.24,79906.41,14.82365
1778253240.0,79906.4,79918.16,79870.36,79897.49,22.54591
1778253300.0,79897.49,79913.61,79819.94,79835.49,10.21568
1778253360.0,79835.49,79881.97,79813.76,79881.96,8.76803
1778253420.0,79881.97,79881.97,79853.13,79871.41,5.48167
1778253480.0,79871.41,79871.68,79800.0,79825.2,9.24385
1778253540.0,79825.86,79851.58,79825.86,79842.48,6.88845
1778253600.0,79842.47,79867.0,79827.35,79827.35,6.02883
1778253660.0,79827.34,79887.66,79800.0,79885.61,9.82362
1778253720.0,79885.62,79918.15,79875.08,79888.36,12.56906
1778253780.0,79888.36,79888.36,79750.51,79750.51,17.57228
1778253840.0,79750.51,79750.51,79700.0,79702.66,24.624
1778253900.0,79702.66,79711.9,79666.0,79686.34,14.19471
1778253960.0,79686.33,79701.03,79627.83,79627.83,17.35351
1778254020.0,79627.26,79673.0,79627.26,79671.49,7.49215
1778254080.0,79671.5,79686.22,79631.99,79660.5,23.83269
1778254140.0,79660.5,79713.36,79642.02,79713.36,7.99164
1778254200.0,79713.72,79739.7,79647.0,79653.62,27.86294
1778254260.0,79653.62,79733.0,79625.0,79733.0,15.87398
1778254320.0,79733.0,79809.88,79718.65,79798.32,17.8731
1778254380.0,79798.32,79798.32,79774.27,79786.45,8.49595
1778254440.0,79786.45,79871.57,79786.45,79871.56,9.64243
1778254500.0,79871.57,79871.57,79832.76,79843.72,8.89984
1778254560.0,79843.72,79871.57,79843.71,79854.0,4.69892
1778254620.0,79854.01,79854.01,79824.9,79824.9,1.57591
1778254680.0,79824.9,79865.17,79824.9,79859.51,3.0965
1778254740.0,79859.51,79911.45,79859.5,79898.96,15.07067
1778254800.0,79898.96,79983.0,79878.27,79983.0,17.86747
1778254860.0,79983.0,80020.0,79966.15,80015.79,9.79846
1778254920.0,80015.78,80040.78,79991.86,80029.56,11.10179
1778254980.0,80029.57,80040.0,79928.1,79965.76,20.41356
1778255040.0,79965.75,79994.0,79940.0,79966.14,10.15914
1778255100.0,79966.15,79988.74,79958.41,79978.41,11.05583
1778255160.0,79978.41,79987.14,79959.21,79987.14,8.92347
1778255220.0,79987.14,80025.33,79977.52,80025.32,20.36105
1778255280.0,80025.33,80111.0,80025.33,80110.99,19.69778
1778255340.0,80110.99,80131.57,80069.59,80069.6,13.31201
1778255400.0,80069.6,80080.08,80062.18,80072.01,10.60399
1778255460.0,80072.0,80099.99,80070.0,80090.36,17.92407
1778255520.0,80090.36,80091.57,80024.0,80028.03,11.45043
1778255580.0,80028.02,80058.06,80028.02,80058.06,9.94783
1778255640.0,80058.05,80170.17,80058.05,80142.13,47.17173
1778255700.0,80142.14,80197.65,80136.0,80136.01,27.71868
1778255760.0,80136.01,80160.16,80134.08,80160.16,21.29223
1778255820.0,80160.16,80189.43,80136.02,80136.03,36.63567
1778255880.0,80136.02,80136.03,80110.24,80111.46,13.2488
1778255940.0,80111.46,80142.14,80111.45,80142.14,15.18325
1778256000.0,80142.13,80182.18,80142.13,80179.45,29.1798
1778256060.0,80179.45,80179.46,80090.2,80102.12,20.31157
1778256120.0,80102.27,80103.19,80010.0,80044.04,31.00445
1778256180.0,80044.04,80044.05,79981.93,80006.01,16.38661
1778256240.0,80006.01,80010.01,79984.55,79994.94,9.05782
1778256300.0,79994.95,80096.97,79994.95,80063.49,38.36443
1778256360.0,80063.48,80071.07,80027.5,80051.9,20.74638
1778256420.0,80051.91,80062.06,79988.98,80001.14,9.78872
1778256480.0,80001.15,80008.01,79984.55,79998.5,6.21763
1778256540.0,79998.5,79998.5,79982.9,79982.9,3.20925
1778256600.0,79982.91,80040.02,79981.29,79995.15,20.15736
1778256660.0,79994.32,80016.02,79968.0,80010.57,8.72811
1778256720.0,80010.58,80014.01,79990.14,79995.15,9.57906
1778256780.0,79994.92,79994.93,79969.56,79969.56,6.53894
1778256840.0,79969.56,79984.0,79965.75,79965.76,3.11374
1778256900.0,79965.75,79975.0,79961.44,79974.99,2.36748
1778256960.0,79974.99,79975.0,79919.05,79941.33,9.59762
1778257020.0,79941.33,80004.0,79941.32,80003.99,5.58699
1778257080.0,80004.0,80004.0,79971.66,79971.66,1.80792
1778257140.0,79971.66,79971.67,79952.2,79952.2,2.53442
1778257200.0,79952.2,79989.02,79945.0,79950.23,22.09115
1778257260.0,79950.24,79952.99,79930.0,79951.6,7.27371
1778257320.0,79951.6,79987.49,79951.59,79965.75,2.55489
1778257380.0,79965.76,79965.76,79931.1,79932.68,10.27551
1778257440.0,79932.68,79971.46,79932.68,79971.46,8.90163
1778257500.0,79971.46,80047.0,79971.46,79988.92,22.19662
1778257560.0,79988.93,80022.02,79985.05,80012.01,11.01
1778257620.0,80012.02,80012.02,79990.14,79990.15,3.78271
1778257680.0,79990.15,79990.15,79970.08,79972.12,7.20155
1778257740.0,79972.13,79977.85,79950.0,79950.0,6.85582
1778257800.0,79950.0,79950.01,79844.65,79862.19,18.05308
1778257860.0,79862.2,79875.5,79819.46,79830.01,18.05253
1778257920.0,79830.01,79843.49,79800.0,79835.91,10.16806
1778257980.0,79835.92,79855.96,79820.01,79820.92,7.09008
1778258040.0,79820.92,79849.03,79820.91,79834.96,8.74623
1778258100.0,79834.97,79834.97,79811.53,79819.76,4.01613
1778258160.0,79819.76,79853.74,79818.48,79826.69,13.06153
1778258220.0,79826.7,79846.0,79816.05,79816.05,6.65948
1778258280.0,79816.06,79816.06,79774.43,79777.79,5.93852
1778258340.0,79777.8,79803.14,79765.2,79791.4,36.92301
1778258400.0,79791.4,79791.4,79753.25,79753.26,4.75732
1778258460.0,79753.26,79759.0,79741.3,79758.99,6.16738
1778258520.0,79759.0,79819.18,79759.0,79802.2,12.07939
1778258580.0,79802.2,79856.7,79802.2,79815.71,15.23877
1778258640.0,79815.72,79815.72,79785.2,79790.0,22.42685
1778258700.0,79790.01,79813.74,79782.02,79813.73,7.31158
1778258760.0,79813.74,79813.74,79786.15,79786.32,11.00575
1778258820.0,79786.32,79809.0,79774.43,79789.76,6.95034
1778258880.0,79789.76,79841.51,79789.75,79817.05,3.86006
1778258940.0,79817.06,79818.95,79774.68,79774.69,6.57456
1778259000.0,79774.68,79779.08,79766.58,79776.49,3.56891
1778259060.0,79776.49,79808.83,79768.01,79808.83,3.3082
1778259120.0,79808.82,79846.61,79787.72,79832.83,41.62678
1778259180.0,79832.83,79875.94,79830.28,79875.94,9.78312
1778259240.0,79875.94,79875.94,79786.34,79795.78,8.56147
1778259300.0,79795.77,79807.65,79788.49,79797.11,3.93086
1778259360.0,79797.12,79814.04,79797.12,79814.03,7.35409
1778259420.0,79814.04,79852.09,79814.04,79833.34,2.95824
1778259480.0,79833.33,79833.33,79822.31,79822.31,0.95024
1778259540.0,79822.32,79822.32,79799.51,79802.34,2.21855
1778259600.0,79802.35,79836.97,79780.95,79836.96,10.04862
1778259660.0,79836.97,79881.03,79832.41,79832.42,7.7409
1778259720.0,79832.41,79876.49,79832.41,79859.51,5.43998
1778259780.0,79859.5,79871.5,79846.27,79852.76,3.12383
1778259840.0,79852.76,79901.0,79852.75,79893.52,9.18002
1778259900.0,79893.52,79922.15,79877.83,79922.14,8.10566
1778259960.0,79922.14,79955.78,79902.86,79955.78,16.2801
1778260020.0,79955.78,79955.79,79898.71,79903.62,5.59136
1778260080.0,79903.61,79903.61,79865.0,79865.01,2.41269
1778260140.0,79865.01,79874.1,79822.31,79822.31,13.84389
1778260200.0,79822.32,79822.32,79753.25,79753.25,6.92702
1778260260.0,79753.26,79753.53,79738.75,79753.53,6.8912
1778260320.0,79753.52,79798.36,79753.52,79790.9,6.52066
1778260380.0,79790.91,79822.3,79790.9,79796.44,4.75112
1778260440.0,79796.43,79862.0,79790.0,79862.0,10.15601
1778260500.0,79861.99,79887.94,79860.79,79882.29,5.32808
1778260560.0,79882.28,79898.04,79846.77,79877.82,4.83497
1778260620.0,79877.82,79927.77,79877.81,79915.16,11.4802
1778260680.0,79916.0,79942.0,79910.47,79941.99,3.67487
1778260740.0,79942.0,80022.0,79942.0,80021.29,28.58483
1778260800.0,80021.29,80022.5,79979.16,79985.15,7.64274
1778260860.0,79985.15,79985.15,79947.7,79947.71,21.95339
1778260920.0,79947.7,79986.94,79944.61,79973.27,3.82659
1778260980.0,79973.26,79974.69,79942.49,79942.5,3.6913
1778261040.0,79942.5,79955.17,79942.49,79945.47,3.36586
1778261100.0,79945.46,79968.89,79920.0,79968.88,6.18898
1778261160.0,79968.89,80005.03,79968.89,79988.43,5.87913
1778261220.0,79988.43,80045.23,79952.03,79952.03,95.68331
1778261280.0,79952.04,79978.0,79944.16,79977.99,3.64781
1778261340.0,79978.0,80005.03,79977.99,80001.23,10.16865
1778261400.0,80001.24,80163.13,80001.24,80146.59,103.73787
1778261460.0,80146.59,80226.16,80146.59,80196.0,111.81311
1778261520.0,80196.01,80196.01,80130.65,80165.83,52.76322
1778261580.0,80165.83,80231.16,80165.82,80180.89,67.36546
1778261640.0,80180.89,80246.22,80170.84,80246.21,51.08458
1778261700.0,80246.22,80246.23,80179.95,80221.11,42.82341
1778261760.0,80221.11,80261.87,80151.84,80155.78,73.54771
1778261820.0,80155.78,80176.97,80095.17,80110.55,68.70209
1778261880.0,80110.54,80120.6,80065.32,80097.67,44.83381
1778261940.0,80097.67,80130.65,80094.0,80130.64,43.55183
1778262000.0,80130.64,80145.73,80112.57,80120.77,28.71984
1778262060.0,80120.77,80125.63,80090.1,80105.53,17.37798
1778262120.0,80105.52,80108.1,80080.39,80088.08,14.73434
1778262180.0,80088.08,80100.5,80088.07,80100.5,7.94374
1778262240.0,80100.49,80125.63,80100.49,80125.63,17.4889
1778262300.0,80125.62,80180.9,80125.62,80135.03,40.8603
1778262360.0,80135.04,80180.9,80135.04,80180.89,26.70527
1778262420.0,80180.9,80206.43,80175.45,80175.46,28.43482
1778262480.0,80175.45,80185.93,80151.9,80185.93,27.62674
1778262540.0,80185.92,80256.28,80185.92,80256.27,52.8356
1778262600.0,80256.28,80256.28,80206.03,80212.52,31.20928
1778262660.0,80212.53,80212.53,80171.92,80195.58,41.27134
1778262720.0,80195.05,80199.63,80158.32,80199.63,30.54967
1778262780.0,80199.63,80199.63,80173.29,80195.98,31.80018
1778262840.0,80195.98,80195.98,80183.6,80183.6,9.0448
1778262900.0,80183.6,80185.93,80145.72,80155.77,32.3363
1778262960.0,80155.78,80155.78,80115.57,80115.58,15.52387
1778263020.0,80115.58,80115.58,80074.65,80074.65,9.75689
1778263080.0,80074.65,80074.66,79998.0,80012.94,23.07648
1778263140.0,80012.93,80060.0,79971.87,80060.0,22.50106
1778263200.0,80060.0,80253.01,80059.99,80181.46,51.83129
1778263260.0,80181.46,80218.36,80155.37,80204.46,15.9632
1778263320.0,80204.47,80216.56,80180.64,80211.31,8.01883
1778263380.0,80211.31,80211.32,80178.25,80199.0,9.3273
1778263440.0,80199.01,80228.05,80190.17,80228.04,2.37355
1778263500.0,80228.05,80230.49,80178.25,80204.93,6.39979
1778263560.0,80204.93,80224.65,80199.43,80199.44,3.74315
1778263620.0,80199.43,80199.44,80168.0,80168.01,6.00201
1778263680.0,80168.0,80188.0,80168.0,80184.56,4.11624
1778263740.0,80184.57,80196.02,80165.57,80170.76,8.50916
1778263800.0,80170.76,80193.79,80170.75,80183.63,3.23767
1778263860.0,80183.63,80197.8,80170.76,80197.8,6.35389
1778263920.0,80197.8,80197.81,80170.76,80185.21,2.85105
1778263980.0,80185.22,80206.43,80185.22,80190.01,3.96918
1778264040.0,80190.0,80203.25,80190.0,80202.42,2.27245
1778264100.0,80202.41,80216.03,80190.0,80190.01,3.44125
1778264160.0,80190.01,80190.01,80160.8,80188.64,15.50305
1778264220.0,80189.26,80240.0,80189.26,80237.48,15.7753
1778264280.0,80237.48,80265.37,80221.36,80240.57,15.61205
1778264340.0,80240.57,80274.48,80240.57,80246.65,11.88695
1778264400.0,80246.64,80264.7,80230.51,80249.14,7.28025
1778264460.0,80249.14,80278.75,80249.14,80277.57,3.1364
1778264520.0,80277.58,80299.99,80277.57,80288.52,19.12619
1778264580.0,80288.53,80288.53,80211.39,80254.57,10.17449
1778264640.0,80254.56,80292.33,80254.56,80284.27,8.10264
1778264700.0,80284.27,80297.01,80264.0,80289.2,10.31134
1778264760.0,80289.21,80291.53,80282.96,80290.4,4.6882
1778264820.0,80290.41,80290.41,80271.96,80271.96,3.62303
1778264880.0,80271.96,80287.04,80247.93,80247.94,10.59818
1778264940.0,80247.94,80263.26,80239.23,80239.43,4.4989
1778265000.0,80239.42,80249.99,80230.51,80249.99,4.6622
1778265060.0,80249.98,80254.91,80226.36,80226.37,5.36351
1778265120.0,80226.37,80261.18,80226.36,80261.18,3.43077
1778265180.0,80261.17,80289.21,80261.17,80289.21,2.59786
1778265240.0,80289.21,80289.21,80242.77,80242.77,7.93644
1778265300.0,80242.77,80248.79,80228.53,80240.0,2.21
1778265360.0,80240.0,80240.0,80210.37,80210.38,1.72499
1778265420.0,80210.37,80210.38,80170.0,80170.0,8.8091
1778265480.0,80170.0,80177.79,80162.5,80173.57,4.48494
1778265540.0,80173.58,80224.45,80173.57,80212.99,36.76181
1778265600.0,80212.99,80212.99,80170.0,80170.0,8.00538
1778265660.0,80170.01,80170.01,80110.25,80110.25,12.87051
1778265720.0,80110.25,80178.12,80110.25,80176.16,6.41483
1778265780.0,80176.17,80179.48,80176.16,80176.16,1.69817
1778265840.0,80176.17,80176.17,80157.33,80157.33,3.15273
1778265900.0,80157.33,80186.47,80157.32,80186.47,1.78
1778265960.0,80186.47,80196.93,80186.46,80189.1,2.13041
1778266020.0,80189.11,80189.52,80149.92,80149.92,9.33427
1778266080.0,80149.92,80149.92,80134.28,80134.78,2.78455
1778266140.0,80134.79,80169.44,80134.79,80165.97,4.53473
1778266200.0,80165.97,80250.12,80165.97,80250.12,5.83056
1778266260.0,80250.12,80252.02,80224.83,80224.83,9.26638
1778266320.0,80224.62,80224.63,80178.49,80178.49,3.61339
1778266380.0,80178.49,80200.76,80178.49,80200.76,5.07026
1778266440.0,80200.76,80200.76,80160.0,80167.99,5.38273
1778266500.0,80168.0,80168.0,80115.73,80125.87,8.71435
1778266560.0,80125.88,80158.3,80125.87,80155.71,2.64893
1778266620.0,80155.71,80155.71,80136.63,80136.63,4.62472
1778266680.0,80136.64,80156.5,80136.63,80155.71,2.53521
1778266740.0,80155.7,80155.7,80070.09,80078.4,13.2726
1778266800.0,80078.39,80078.4,80025.99,80072.31,23.82282
1778266860.0,80072.32,80072.32,80025.99,80035.51,9.22923
1778266920.0,80035.52,80035.52,80022.8,80025.99,3.14866
1778266980.0,80025.99,80031.13,80000.04,80029.6,44.34338
1778267040.0,80029.61,80072.93,79954.54,79976.46,24.93237
1778267100.0,79976.46,80000.0,79976.46,80000.0,5.00857
1778267160.0,79999.99,80028.44,79999.99,80024.83,3.51096
1778267220.0,80024.83,80077.59,80024.82,80077.59,3.20077
1778267280.0,80077.59,80077.59,80070.27,80070.28,1.13873
1778267340.0,80070.28,80086.18,80070.27,80071.17,6.29054
1778267400.0,80071.18,80071.18,80026.04,80030.52,13.52008
1778267460.0,80030.53,80034.01,80016.22,80016.23,3.50594
1778267520.0,80016.22,80025.9,80016.22,80025.89,1.76992
1778267580.0,80025.89,80067.29,80025.89,80067.29,7.33616
1778267640.0,80067.28,80067.29,80055.34,80055.35,3.01816
1778267700.0,80055.34,80086.19,80054.88,80080.85,5.43661
1778267760.0,80080.85,80137.73,80080.84,80114.42,3.70583
1778267820.0,80114.43,80114.43,80106.3,80106.3,1.42352
1778267880.0,80106.31,80106.31,80054.26,80054.26,10.02472
1778267940.0,80054.26,80070.0,80047.4,80070.0,4.44057
1778268000.0,80070.0,80070.0,80038.16,80044.01,7.50319
1778268060.0,80044.01,80068.82,80044.01,80068.82,1.72701
1778268120.0,80068.83,80068.83,80038.16,80038.17,5.53038
1778268180.0,80038.17,80050.0,80007.59,80050.0,21.35618
1778268240.0,80050.0,80065.99,80032.01,80032.01,5.75016
1778268300.0,80032.02,80038.74,80032.01,80038.74,1.16102
1778268360.0,80038.73,80038.74,80000.02,80038.15,3.25152
1778268420.0,80038.14,80048.41,80028.74,80028.74,3.30974
1778268480.0,80028.74,80028.75,80010.0,80019.23,2.27824
1778268540.0,80019.22,80029.94,80019.22,80029.93,1.20545
1778268600.0,80029.94,80054.82,80022.29,80054.81,9.22223
1778268660.0,80054.82,80093.82,80054.82,80089.99,7.18402
1778268720.0,80089.99,80090.0,80066.22,80066.23,2.65171
1778268780.0,80066.22,80066.23,80047.4,80060.96,3.07195
1778268840.0,80060.97,80086.19,80060.96,80071.86,1.96223
1778268900.0,80071.87,80071.87,80040.7,80040.71,3.39997
1778268960.0,80040.7,80057.82,80030.73,80057.82,3.96231
1778269020.0,80058.0,80114.54,80057.99,80092.01,4.43434
1778269080.0,80092.01,80094.45,80092.0,80094.44,2.13477
1778269140.0,80094.44,80094.45,80060.0,80060.0,3.19845
1778269200.0,80060.0,80112.83,80049.15,80101.08,3.83838
1778269260.0,80101.08,80109.43,80092.0,80092.0,2.28594
1778269320.0,80092.01,80119.45,80092.0,80117.03,2.46409
1778269380.0,80117.03,80128.0,80092.0,80099.08,5.13926
1778269440.0,80099.08,80109.51,80098.29,80108.0,1.8309
1778269500.0,80108.01,80118.0,80100.21,80100.22,2.59492
1778269560.0,80100.21,80113.1,80094.86,80094.86,6.74357
1778269620.0,80094.86,80124.82,80093.13,80124.81,3.66403
1778269680.0,80124.82,80124.82,80114.28,80114.29,1.61362
1778269740.0,80114.28,80124.8,80114.28,80115.51,2.46831
1778269800.0,80115.51,80132.11,80115.51,80115.69,4.21645
1778269860.0,80115.68,80129.69,80115.68,80129.69,2.68394
1778269920.0,80129.69,80140.0,80129.68,80130.19,4.19651
1778269980.0,80130.19,80130.19,80117.65,80124.33,2.72497
1778270040.0,80124.32,80128.31,80124.32,80128.3,5.66928
1778270100.0,80128.3,80128.3,80086.2,80086.21,4.73436
1778270160.0,80086.21,80086.21,80067.44,80067.44,6.42113
1778270220.0,80067.45,80107.48,80067.45,80107.47,7.90243
1778270280.0,80107.47,80131.24,80107.47,80124.03,7.07151
1778270340.0,80124.03,80181.66,80090.8,80179.94,57.41375
1778270400.0,80180.0,80184.12,80142.0,80142.0,17.94478
1778270460.0,80142.01,80169.5,80142.0,80169.5,5.01699
1778270520.0,80169.49,80189.29,80169.49,80178.06,2.00535
1778270580.0,80178.06,80178.82,80158.32,80178.82,6.67922
1778270640.0,80178.82,80178.82,80163.68,80167.53,1.49359
1778270700.0,80167.54,80167.54,80156.56,80156.57,1.26347
1778270760.0,80156.57,80170.59,80156.57,80169.53,3.65984
1778270820.0,80169.53,80169.54,80155.7,80155.7,2.72973
1778270880.0,80155.71,80175.97,80155.7,80175.96,1.18302
1778270940.0,80175.97,80178.38,80165.16,80165.17,17.58083
1778271000.0,80165.16,80211.56,80165.16,80211.55,8.90787
1778271060.0,80211.56,80211.56,80208.32,80208.32,4.64964
1778271120.0,80208.32,80230.0,80208.32,80223.99,14.16805
1778271180.0,80223.99,80228.15,80223.99,80228.14,3.8284
1778271240.0,80228.15,80230.0,80228.13,80229.99,4.38933
1778271300.0,80230.0,80230.0,80229.99,80229.99,1.03134
1778271360.0,80230.0,80258.0,80229.99,80257.99,6.63611
1778271420.0,80258.0,80258.0,80197.84,80197.85,8.64858
1778271480.0,80197.84,80197.85,80196.0,80197.84,5.01983
1778271540.0,80197.85,80205.64,80197.84,80205.63,1.24962
1778271600.0,80205.63,80209.65,80182.39,80194.28,7.78788
1778271660.0,80194.28,80264.0,80194.27,80262.79,7.5844
1778271720.0,80262.79,80262.79,80254.2,80254.21,2.41065
1778271780.0,80254.21,80264.0,80254.0,80263.99,5.68048
1778271840.0,80264.0,80280.0,80263.99,80279.99,21.36292
1778271900.0,80280.0,80280.0,80264.0,80264.01,2.56684
1778271960.0,80264.01,80284.24,80264.0,80284.24,1.45039
1778272020.0,80284.24,80299.93,80270.56,80270.56,11.95478
1778272080.0,80270.56,80270.57,80254.59,80254.6,5.53619
1778272140.0,80254.59,80259.43,80254.59,80259.42,8.31949
1778272200.0,80259.42,80259.43,80226.5,80226.71,14.11517
1778272260.0,80226.71,80226.71,80155.7,80155.7,5.46493
1778272320.0,80155.71,80219.99,80155.71,80219.99,9.7835
1778272380.0,80219.98,80244.11,80219.98,80244.11,2.0692
1778272440.0,80244.11,80265.12,80244.1,80265.11,11.20081
1778272500.0,80265.12,80265.12,80245.65,80245.65,8.06569
1778272560.0,80245.66,80245.66,80230.51,80231.73,1.99889
1778272620.0,80231.73,80261.97,80231.72,80236.06,6.82253
1778272680.0,80236.06,80246.0,80228.89,80228.89,2.76243
1778272740.0,80228.89,80228.9,80228.89,80228.89,1.23968
1778272800.0,80228.89,80228.9,80210.48,80210.48,2.78111
1778272860.0,80210.49,80244.76,80210.48,80228.06,4.19332
1778272920.0,80228.06,80232.09,80223.46,80232.08,1.22934
1778272980.0,80232.09,80232.09,80228.11,80228.11,0.81946
1778273040.0,80228.11,80249.68,80206.44,80249.68,11.72404
1778273100.0,80249.69,80261.96,80249.69,80261.96,0.9745
1778273160.0,80261.96,80276.87,80261.96,80276.87,1.93558
1778273220.0,80276.86,80276.87,80276.86,80276.87,1.72688
1778273280.0,80276.86,80276.86,80264.0,80264.01,1.4529
1778273340.0,80264.0,80264.01,80264.0,80264.0,0.98453
1778273400.0,80264.01,80264.01,80246.1,80246.11,4.63709
1778273460.0,80246.1,80246.11,80162.08,80162.08,3.72807
1778273520.0,80162.07,80175.9,80158.32,80175.9,3.50213
1778273580.0,80175.9,80175.9,80171.06,80171.07,0.78636
1778273640.0,80171.07,80178.11,80171.06,80171.08,1.08763
1778273700.0,80171.07,80171.08,80155.7,80155.7,1.30808
1778273760.0,80155.71,80155.71,80089.76,80090.98,11.43069
1778273820.0,80090.97,80107.76,80090.97,80107.76,10.56283
1778273880.0,80107.76,80130.0,80107.75,80129.99,9.19767
1778273940.0,80130.0,80133.09,80129.99,80133.09,0.31201
1778274000.0,80133.08,80148.96,80123.01,80123.02,5.52118
1778274060.0,80123.02,80132.02,80123.01,80132.01,1.31321
1778274120.0,80132.01,80143.85,80132.01,80143.85,0.55876
1778274180.0,80143.85,80165.87,80143.85,80165.86,2.60597
1778274240.0,80165.87,80181.44,80165.86,80181.43,1.41682
1778274300.0,80181.44,80192.47,80181.43,80192.47,0.95736
1778274360.0,80192.47,80192.47,80169.5,80169.5,3.55403
1778274420.0,80169.5,80169.51,80169.5,80169.5,0.38735
1778274480.0,80169.5,80180.74,80150.0,80150.0,6.8741
1778274540.0,80150.0,80150.0,80116.32,80116.32,2.15203
1778274600.0,80116.33,80116.33,80116.32,80116.33,0.84658
1778274660.0,80116.32,80126.65,80116.32,80126.64,1.61468
1778274720.0,80126.65,80126.65,80126.64,80126.65,0.26769
1778274780.0,80126.64,80167.48,80126.64,80155.71,5.66213
1778274840.0,80155.71,80155.71,80144.07,80148.38,6.02264
1778274900.0,80148.38,80169.74,80148.38,80165.33,9.247
1778274960.0,80165.34,80189.41,80164.87,80189.41,10.70733
1778275020.0,80189.41,80211.96,80189.4,80211.96,1.4456
1778275080.0,80211.96,80211.96,80196.51,80196.52,3.51856
1778275140.0,80196.52,80210.16,80196.51,80207.75,2.37705
1778275200.0,80207.75,80225.46,80205.6,80225.46,2.06129
1778275260.0,80225.46,80254.78,80216.97,80216.98,20.06258
1778275320.0,80216.98,80218.92,80216.97,80218.92,1.08406
1778275380.0,80218.92,80218.92,80218.91,80218.92,0.98221
1778275440.0,80218.92,80218.92,80195.68,80195.68,2.73707
1778275500.0,80195.68,80195.68,80180.0,80180.0,2.5525
1778275560.0,80180.01,80184.81,80180.0,80184.81,1.55566
1778275620.0,80184.81,80195.25,80184.8,80195.24,1.54518
1778275680.0,80195.24,80195.25,80192.77,80192.77,3.0821
1778275740.0,80192.76,80200.18,80166.06,80200.17,18.40981
1778275800.0,80200.18,80209.84,80190.27,80190.27,2.92481
1778275860.0,80190.27,80190.28,80170.45,80170.46,2.12506
1778275920.0,80170.45,80182.29,80170.45,80182.28,2.8004
1778275980.0,80182.29,80182.29,80182.28,80182.29,0.48156
1778276040.0,80182.29,80211.86,80179.92,80187.07,11.26528
1778276100.0,80187.08,80258.99,80187.08,80244.94,6.30828
1778276160.0,80244.93,80244.94,80237.86,80237.86,1.18396
1778276220.0,80237.86,80248.94,80230.51,80230.51,3.3538
1778276280.0,80230.51,80230.51,80206.44,80213.66,3.23112
1778276340.0,80213.67,80225.82,80213.66,80217.83,3.53461
1778276400.0,80217.82,80217.83,80208.85,80208.85,12.65845
1778276460.0,80208.85,80208.86,80191.31,80201.11,8.90051
1778276520.0,80201.11,80201.11,80199.22,80199.23,2.75326
1778276580.0,80199.23,80206.0,80172.26,80206.0,7.81104
1778276640.0,80206.0,80256.82,80206.0,80242.01,3.90248
1778276700.0,80242.0,80242.0,80211.1,80211.11,2.22989
1778276760.0,80211.11,80211.11,80187.64,80187.65,2.15979
1778276820.0,80187.65,80187.65,80182.73,80182.73,0.84887
1778276880.0,80182.73,80210.28,80174.06,80210.28,2.46148
1778276940.0,80210.28,80225.49,80182.38,80225.48,3.75377
1778277000.0,80225.49,80225.49,80193.38,80206.0,2.00085
1778277060.0,80206.0,80211.52,80198.64,80198.65,0.87228
1778277120.0,80198.64,80219.97,80196.17,80219.96,6.66525
1778277180.0,80219.97,80219.97,80219.96,80219.97,0.36007
1778277240.0,80219.97,80232.82,80200.0,80232.82,22.70086
1778277300.0,80232.81,80236.44,80195.15,80203.61,23.76713
1778277360.0,80203.61,80209.03,80203.6,80209.02,0.85423
1778277420.0,80209.03,80223.03,80209.03,80223.03,2.99386
1778277480.0,80223.02,80223.03,80223.02,80223.03,0.48946
1778277540.0,80223.03,80264.0,80223.02,80263.99,3.10714
1778277600.0,80264.0,80278.66,80238.42,80278.65,15.97178
1778277660.0,80278.66,80345.66,80278.66,80345.66,17.24279
1778277720.0,80345.65,80366.95,80287.63,80287.64,8.04176
1778277780.0,80287.63,80300.99,80282.71,80290.9,4.50068
1778277840.0,80290.9,80326.36,80282.62,80310.31,11.25752
1778277900.0,80310.31,80332.62,80310.31,80319.12,3.76797
1778277960.0,80319.12,80338.12,80312.0,80312.01,3.27324
1778278020.0,80312.0,80321.79,80300.92,80321.79,4.67786
1778278080.0,80321.79,80321.79,80301.39,80301.4,2.8359
1778278140.0,80301.39,80301.4,80295.45,80295.45,1.13875
1778278200.0,80295.46,80298.84,80295.45,80298.84,1.0462
1778278260.0,80298.84,80340.0,80298.83,80339.99,1.34717
1778278320.0,80340.0,80356.17,80339.99,80356.16,1.76157
1778278380.0,80356.17,80372.3,80341.33,80372.3,8.61645
1778278440.0,80372.3,80399.98,80372.29,80390.74,32.71515
1778278500.0,80390.74,80409.09,80390.74,80406.77,11.45423
1778278560.0,80406.77,80406.78,80381.33,80381.34,8.50505
1778278620.0,80381.34,80381.34,80364.0,80364.01,8.47079
1778278680.0,80364.0,80364.01,80340.33,80349.01,3.85629
1778278740.0,80349.01,80349.01,80332.58,80343.69,3.11723
1778278800.0,80343.69,80343.7,80324.23,80324.24,9.64534
1778278860.0,80324.23,80324.24,80295.44,80295.45,2.76281
1778278920.0,80295.45,80306.25,80295.44,80306.24,1.96232
1778278980.0,80306.25,80306.25,80306.24,80306.24,0.92845
1778279040.0,80306.25,80359.22,80306.24,80350.98,16.92515
1778279100.0,80350.98,80350.98,80326.54,80327.44,5.1396
1778279160.0,80327.44,80347.87,80327.43,80347.87,1.58575
1778279220.0,80347.86,80359.18,80347.86,80359.17,1.4592
1778279280.0,80359.17,80359.17,80338.93,80338.93,11.69836
1778279340.0,80338.92,80348.97,80338.92,80348.96,3.69251
1778279400.0,80348.96,80361.54,80327.43,80327.43,3.37073
1778279460.0,80327.43,80337.26,80327.43,80327.81,1.09639
1778279520.0,80327.81,80339.99,80327.8,80339.99,1.18683
1778279580.0,80339.99,80361.41,80336.71,80360.0,3.07123
1778279640.0,80360.0,80369.03,80336.72,80336.73,2.26696
1778279700.0,80336.73,80346.27,80331.1,80346.27,1.08255
1778279760.0,80346.27,80352.27,80346.26,80352.27,0.59319
1778279820.0,80352.27,80352.27,80332.5,80332.51,3.48472
1778279880.0,80332.51,80332.51,80303.69,80306.11,3.10843
1778279940.0,80306.11,80309.17,80295.08,80295.09,4.00899
1778280000.0,80295.09,80310.22,80295.09,80299.57,3.26453
1778280060.0,80299.57,80317.21,80299.57,80310.82,2.72015
1778280120.0,80310.82,80317.21,80309.81,80309.81,6.60001
1778280180.0,80309.81,80309.81,80301.32,80309.15,3.01158
1778280240.0,80309.16,80311.98,80309.15,80311.98,1.01496
1778280300.0,80311.97,80314.8,80311.97,80314.8,1.01885
1778280360.0,80314.79,80314.8,80314.79,80314.79,2.287
1778280420.0,80314.79,80325.28,80314.79,80325.27,2.19761
1778280480.0,80325.28,80334.21,80320.02,80334.21,1.35697
1778280540.0,80334.21,80342.86,80334.2,80342.86,0.93483
1778280600.0,80342.86,80342.86,80314.8,80314.8,4.99632
1778280660.0,80314.8,80314.8,80299.57,80299.57,3.91853
1778280720.0,80299.58,80299.58,80299.57,80299.57,0.9753
1778280780.0,80299.58,80299.58,80280.01,80280.02,3.51177
1778280840.0,80280.02,80289.71,80280.01,80289.7,1.57057
1778280900.0,80289.7,80289.71,80289.0,80289.01,0.71628
1778280960.0,80289.01,80289.01,80283.6,80283.6,2.02145
1778281020.0,80283.61,80283.61,80283.6,80283.6,0.54084
1778281080.0,80283.6,80283.6,80280.0,80280.01,0.90536
1778281140.0,80280.0,80288.22,80262.0,80262.0,41.92444
1778281200.0,80262.0,80284.83,80262.0,80270.0,6.49313
1778281260.0,80270.0,80270.01,80270.0,80270.0,0.40826
1778281320.0,80270.0,80299.27,80270.0,80291.2,34.36539
1778281380.0,80291.2,80293.29,80291.2,80293.29,3.83019
1778281440.0,80293.28,80293.29,80265.54,80265.54,38.91033
1778281500.0,80265.54,80265.55,80228.73,80230.52,9.70202
1778281560.0,80230.51,80230.52,80226.36,80226.37,0.92303
1778281620.0,80226.37,80235.41,80226.37,80235.41,1.29505
1778281680.0,80235.4,80240.22,80235.4,80240.22,2.36335
1778281740.0,80240.21,80240.22,80240.21,80240.21,0.64966
1778281800.0,80240.22,80240.22,80240.21,80240.21,0.43159
1778281860.0,80240.22,80240.22,80240.21,80240.21,0.45091
1778281920.0,80240.22,80249.06,80240.21,80249.06,1.16435
1778281980.0,80249.05,80249.25,80240.65,80240.65,1.90987
1778282040.0,80240.66,80240.66,80213.52,80213.52,6.10077
1778282100.0,80213.53,80213.53,80158.32,80158.32,16.34134
1778282160.0,80158.33,80182.39,80158.32,80181.28,3.27789
1778282220.0,80181.29,80221.89,80181.28,80221.89,1.38487
1778282280.0,80221.89,80229.89,80220.99,80225.08,2.82765
1778282340.0,80225.07,80236.24,80225.07,80236.23,0.73788
1778282400.0,80236.24,80245.43,80236.23,80245.42,0.72085
1778282460.0,80245.43,80245.43,80226.36,80226.37,2.22927
1778282520.0,80226.36,80226.37,80216.65,80216.65,0.81828
1778282580.0,80216.65,80216.66,80213.97,80213.97,1.20651
1778282640.0,80213.97,80213.98,80189.43,80189.43,1.77988
1778282700.0,80189.43,80209.08,80189.43,80209.07,2.32179
1778282760.0,80209.08,80209.08,80207.37,80207.37,0.77888
1778282820.0,80207.37,80207.38,80207.37,80207.38,0.41541
1778282880.0,80207.37,80207.38,80207.37,80207.38,0.33578
1778282940.0,80207.37,80207.38,80198.0,80198.01,11.35228
1778283000.0,80198.01,80198.01,80167.38,80167.38,1.80382
1778283060.0,80167.38,80167.38,80148.26,80148.26,5.80654
1778283120.0,80148.27,80173.77,80148.27,80173.77,2.95743
1778283180.0,80173.77,80173.77,80155.94,80155.94,2.39982
1778283240.0,80155.95,80182.0,80155.7,80182.0,32.71185
1778283300.0,80182.0,80182.0,80174.84,80174.85,3.04508
1778283360.0,80174.84,80174.85,80134.28,80134.33,8.88947
1778283420.0,80134.33,80135.94,80111.02,80135.94,5.72115
1778283480.0,80135.94,80135.94,80135.93,80135.94,0.43373
1778283540.0,80135.94,80137.84,80135.93,80137.84,0.38689
1778283600.0,80137.83,80152.59,80137.83,80152.59,0.94249
1778283660.0,80152.58,80152.59,80143.64,80143.65,2.19339
1778283720.0,80143.65,80164.48,80143.64,80164.47,1.55693
1778283780.0,80164.48,80178.79,80164.47,80178.79,0.69444
1778283840.0,80178.79,80190.29,80139.0,80139.01,114.29692
1778283900.0,80139.01,80171.71,80139.0,80171.71,2.41882
1778283960.0,80171.72,80192.83,80171.71,80192.83,0.99449
1778284020.0,80192.83,80192.83,80190.41,80190.41,2.37717
1778284080.0,80190.42,80190.42,80177.8,80177.8,1.4032
1778284140.0,80177.8,80177.81,80177.8,80177.8,1.44694
1778284200.0,80177.81,80177.81,80177.8,80177.81,0.8762
1778284260.0,80177.81,80197.83,80177.8,80180.58,6.08678
1778284320.0,80180.58,80180.58,80180.57,80180.58,0.64015
1778284380.0,80180.58,80182.52,80180.57,80182.52,0.98165
1778284440.0,80182.52,80182.52,80177.0,80177.0,71.54872
1778284500.0,80177.01,80185.16,80177.0,80185.16,2.34424
1778284560.0,80185.16,80198.0,80185.15,80198.0,2.00906
1778284620.0,80198.0,80198.0,80197.99,80198.0,0.53886
1778284680.0,80198.0,80198.0,80197.99,80197.99,1.73956
1778284740.0,80198.0,80198.0,80190.15,80193.17,6.32305
1778284800.0,80193.18,80205.74,80193.17,80198.0,3.43919
1778284860.0,80198.0,80198.0,80190.0,80190.01,1.53008
1778284920.0,80190.0,80190.01,80163.11,80163.11,3.06839
1778284980.0,80163.12,80163.12,80163.11,80163.12,0.98879
1778285040.0,80163.11,80163.12,80160.0,80160.0,2.23688
1778285100.0,80160.01,80160.01,80160.0,80160.01,0.56988
1778285160.0,80160.01,80160.01,80155.7,80155.7,1.14869
1778285220.0,80155.71,80155.71,80141.06,80141.06,4.43575
1778285280.0,80141.07,80151.72,80136.91,80151.71,4.87608
1778285340.0,80151.71,80151.72,80134.28,80134.29,2.05084
1778285400.0,80134.28,80134.29,80133.08,80133.09,1.33516
1778285460.0,80133.09,80162.08,80133.08,80162.07,4.13521
1778285520.0,80162.08,80162.08,80142.46,80155.67,7.87852
1778285580.0,80155.68,80162.08,80155.67,80162.07,14.16808
1778285640.0,80162.07,80162.08,80155.7,80161.45,3.02171
1778285700.0,80161.44,80161.45,80155.7,80155.7,1.28192
1778285760.0,80155.7,80155.7,80129.85,80129.85,3.66778
1778285820.0,80129.86,80140.77,80129.85,80140.77,3.46258
1778285880.0,80140.76,80148.0,80140.76,80148.0,2.5299
1778285940.0,80147.99,80148.0,80131.25,80131.26,4.01271
1778286000.0,80131.26,80168.31,80131.24,80168.31,4.71297
1778286060.0,80168.32,80177.72,80168.31,80172.9,3.05632
1778286120.0,80172.9,80208.66,80171.79,80208.65,7.31529
1778286180.0,80208.66,80208.66,80195.61,80195.62,2.81008
1778286240.0,80195.61,80195.61,80175.3,80175.31,2.36424
1778286300.0,80175.31,80175.31,80175.3,80175.3,0.47881
1778286360.0,80175.31,80178.01,80175.3,80178.0,2.03405
1778286420.0,80178.01,80178.01,80155.7,80155.7,1.20803
1778286480.0,80155.7,80155.71,80155.7,80155.7,0.8325
1778286540.0,80155.7,80155.71,80155.7,80155.7,0.52653
1778286600.0,80155.71,80177.25,80155.71,80169.72,5.43281
1778286660.0,80169.72,80188.16,80169.72,80188.16,7.04179
1778286720.0,80188.16,80196.6,80188.15,80196.6,1.35095
1778286780.0,80196.6,80218.0,80195.38,80217.99,4.34363
1778286840.0,80217.99,80218.0,80217.99,80218.0,0.4892
1778286900.0,80217.99,80218.0,80217.99,80217.99,0.79888
1778286960.0,80218.0,80218.0,80207.99,80209.22,10.10545
1778287020.0,80209.21,80209.22,80209.21,80209.22,1.36315
1778287080.0,80209.22,80209.22,80209.21,80209.22,0.61342
1778287140.0,80209.22,80212.22,80197.47,80197.48,3.4059
1778287200.0,80197.47,80212.58,80197.47,80212.58,6.74518
1778287260.0,80212.58,80212.58,80212.57,80212.58,0.42429
1778287320.0,80212.58,80212.58,80198.77,80198.78,3.67231
1778287380.0,80198.78,80198.78,80183.22,80183.22,1.80483
1778287440.0,80183.23,80195.1,80183.23,80195.09,5.83226
1778287500.0,80195.1,80212.58,80195.09,80212.57,14.90792
1778287560.0,80212.58,80212.58,80212.57,80212.57,0.64035
1778287620.0,80212.58,80212.58,80207.11,80209.53,4.58344
1778287680.0,80209.54,80223.73,80209.53,80223.72,6.32859
1778287740.0,80223.73,80233.3,80211.82,80211.82,2.64417
1778287800.0,80211.82,80213.1,80191.02,80213.1,7.33147
1778287860.0,80213.1,80229.95,80213.09,80229.94,1.87299
1778287920.0,80229.94,80237.11,80213.49,80237.1,3.22495
1778287980.0,80237.1,80237.11,80222.83,80222.84,1.37889
1778288040.0,80222.84,80236.37,80222.84,80235.43,2.53551
1778288100.0,80235.42,80235.43,80220.31,80220.31,3.82714
1778288160.0,80220.31,80220.32,80220.31,80220.32,2.75002
1778288220.0,80220.32,80232.44,80220.31,80232.44,1.6722
1778288280.0,80232.44,80240.87,80232.44,80240.86,2.22768
1778288340.0,80240.87,80240.87,80238.76,80238.76,2.01011
1778288400.0,80238.75,80238.76,80217.46,80223.21,6.93818
1778288460.0,80223.22,80237.41,80223.22,80225.33,4.97554
1778288520.0,80225.33,80225.34,80223.46,80223.46,3.09176
1778288580.0,80223.46,80230.95,80223.46,80230.95,4.44435
1778288640.0,80230.94,80249.15,80230.94,80241.13,2.62871
1778288700.0,80241.13,80249.25,80237.75,80237.75,2.59437
1778288760.0,80237.76,80252.31,80237.75,80252.3,3.26146
1778288820.0,80252.3,80252.31,80238.01,80238.01,1.62708
1778288880.0,80238.02,80252.31,80238.01,80252.31,1.77698
1778288940.0,80252.31,80263.41,80252.3,80263.41,2.19372
1778289000.0,80263.4,80264.0,80263.4,80263.99,1.75442
1778289060.0,80263.99,80276.7,80263.99,80276.7,18.51891
1778289120.0,80276.7,80300.0,80276.69,80300.0,7.24172
1778289180.0,80300.0,80316.37,80299.99,80316.36,1.24706
1778289240.0,80316.37,80320.56,80316.36,80320.56,3.96535
1778289300.0,80320.56,80349.99,80320.56,80337.69,7.69462
1778289360.0,80337.68,80337.69,80301.6,80301.6,1.6451
1778289420.0,80301.6,80301.61,80301.6,80301.6,0.94052
1778289480.0,80301.6,80301.61,80296.0,80296.0,1.50719
1778289540.0,80296.0,80296.01,80296.0,80296.0,1.39917
1778289600.0,80296.0,80296.01,80296.0,80296.01,0.24696
1778289660.0,80296.01,80296.01,80268.68,80268.68,2.92065
1778289720.0,80268.69,80276.79,80264.0,80276.79,2.74287
1778289780.0,80276.78,80276.79,80252.42,80252.42,10.90767
1778289840.0,80252.42,80252.43,80252.42,80252.42,0.37504
1778289900.0,80252.42,80259.55,80252.42,80259.55,1.13591
1778289960.0,80259.54,80262.31,80259.54,80262.3,1.00755
1778290020.0,80262.3,80279.52,80262.3,80279.51,1.10466
1778290080.0,80279.52,80297.65,80279.51,80295.24,2.24896
1778290140.0,80295.23,80295.23,80274.86,80274.87,2.47549
1778290200.0,80274.87,80291.67,80274.86,80291.66,5.28199
1778290260.0,80291.67,80339.36,80291.66,80339.35,3.15718
1778290320.0,80339.36,80361.42,80339.35,80361.41,1.93549
1778290380.0,80361.42,80385.06,80361.41,80372.3,18.64141
1778290440.0,80372.3,80372.31,80351.36,80372.19,13.89167
1778290500.0,80372.19,80372.19,80362.82,80366.0,6.45261
1778290560.0,80366.0,80399.32,80366.0,80399.31,3.47861
1778290620.0,80399.31,80399.93,80399.31,80399.92,1.34691
1778290680.0,80399.92,80399.93,80372.3,80372.3,2.66055
1778290740.0,80372.31,80372.31,80348.97,80352.39,5.92474
1778290800.0,80352.4,80363.16,80352.39,80363.15,2.30575
1778290860.0,80363.16,80392.55,80347.12,80392.54,10.35857
1778290920.0,80392.55,80392.55,80378.0,80382.79,3.71447
1778290980.0,80382.78,80385.28,80372.89,80381.14,2.79479
1778291040.0,80381.15,80381.15,80381.14,80381.15,2.19177
1778291100.0,80381.15,80381.15,80372.3,80372.31,0.8192
1778291160.0,80372.3,80372.31,80372.3,80372.31,0.49186
1778291220.0,80372.31,80372.31,80372.3,80372.31,0.35241
1778291280.0,80372.31,80389.99,80372.3,80389.99,4.77953
1778291340.0,80389.98,80400.0,80389.98,80399.99,7.2199
1778291400.0,80399.99,80435.04,80391.5,80435.04,14.24674
1778291460.0,80435.04,80446.58,80420.01,80433.76,16.04327
1778291520.0,80433.76,80433.76,80422.49,80426.27,1.06597
1778291580.0,80426.28,80438.21,80420.24,80420.25,5.11654
1778291640.0,80420.25,80440.01,80418.23,80424.43,13.60824
1778291700.0,80424.44,80424.44,80400.64,80400.64,2.27697
1778291760.0,80400.65,80400.65,80376.6,80380.32,2.48387
1778291820.0,80380.31,80380.32,80374.79,80374.8,1.32411
1778291880.0,80374.8,80374.8,80331.26,80331.27,6.02674
1778291940.0,80331.26,80335.35,80327.75,80327.75,2.20954
1778292000.0,80327.75,80349.78,80327.75,80349.78,2.67439
1778292060.0,80349.77,80349.78,80339.98,80339.98,3.80033
1778292120.0,80339.98,80398.77,80331.86,80398.76,4.40645
1778292180.0,80398.77,80419.65,80392.33,80392.34,4.36378
1778292240.0,80392.34,80421.23,80392.33,80421.22,2.76556
1778292300.0,80421.23,80421.23,80392.35,80395.92,8.57012
1778292360.0,80395.92,80417.5,80395.92,80403.81,3.85553
1778292420.0,80403.81,80434.68,80403.8,80434.67,10.43033
1778292480.0,80434.67,80444.02,80434.67,80436.24,3.39124
1778292540.0,80436.24,80457.63,80436.23,80454.01,14.18321
1778292600.0,80454.01,80465.93,80440.0,80440.0,4.2545
1778292660.0,80440.01,80441.97,80436.0,80436.0,2.13325
1778292720.0,80436.0,80436.01,80436.0,80436.01,1.39525
1778292780.0,80436.0,80436.01,80425.5,80425.51,2.2561
1778292840.0,80425.5,80436.01,80413.43,80436.01,7.85995
1778292900.0,80436.0,80454.0,80436.0,80454.0,1.80898
1778292960.0,80454.01,80458.78,80421.34,80421.35,3.16502
1778293020.0,80421.34,80421.35,80415.99,80415.99,0.735
1778293080.0,80415.99,80435.04,80415.99,80435.04,2.39226
1778293140.0,80435.03,80435.04,80416.43,80416.44,2.28289
1778293200.0,80416.44,80416.44,80407.92,80407.92,1.61725
1778293260.0,80407.92,80434.64,80407.92,80433.37,2.91225
1778293320.0,80433.37,80433.37,80413.29,80421.27,5.92813
1778293380.0,80421.28,80429.87,80404.2,80404.21,3.23809
1778293440.0,80404.2,80404.21,80395.92,80402.49,3.04926
1778293500.0,80402.49,80402.5,80390.0,80393.63,2.27524
1778293560.0,80393.62,80399.08,80393.62,80399.07,1.74534
1778293620.0,80399.07,80434.65,80399.07,80420.89,6.57681
1778293680.0,80420.89,80423.52,80411.01,80411.01,0.79098
1778293740.0,80411.02,80428.66,80411.01,80428.65,3.28801
1778293800.0,80428.66,80428.66,80428.65,80428.65,0.82205
1778293860.0,80428.65,80477.47,80428.65,80476.25,4.94126
1778293920.0,80476.26,80476.26,80444.18,80445.39,4.2374
1778293980.0,80445.4,80455.1,80430.72,80430.73,13.86217
1778294040.0,80430.73,80431.94,80430.72,80431.94,1.46255
1778294100.0,80431.94,80431.94,80424.28,80424.29,5.20033
1778294160.0,80424.29,80424.29,80398.52,80398.53,3.42858
1778294220.0,80398.52,80415.41,80398.52,80406.35,6.03327
1778294280.0,80406.35,80406.36,80406.35,80406.36,3.33863
1778294340.0,80406.36,80406.36,80406.35,80406.36,0.58432
1778294400.0,80406.35,80406.36,80391.95,80391.95,3.6007
1778294460.0,80391.95,80406.35,80385.0,80406.34,3.69571
1778294520.0,80406.35,80412.02,80390.08,80412.01,2.40679
1778294580.0,80412.01,80412.01,80396.72,80396.73,0.8889
1778294640.0,80396.72,80396.72,80385.0,80394.57,5.18895
1778294700.0,80394.58,80402.79,80394.58,80402.79,1.1244
1778294760.0,80402.78,80402.79,80380.26,80380.27,1.76486
1778294820.0,80380.26,80380.27,80376.59,80376.59,1.37732
1778294880.0,80376.59,80389.43,80372.3,80380.84,7.36596
1778294940.0,80380.85,80405.37,80378.2,80405.37,8.38596
1778295000.0,80405.37,80405.38,80393.14,80393.14,6.62782
1778295060.0,80393.15,80412.03,80393.14,80412.03,12.80559
1778295120.0,80412.03,80437.96,80412.02,80435.54,2.76707
1778295180.0,80435.54,80435.54,80435.53,80435.53,0.22289
1778295240.0,80435.53,80435.54,80427.48,80429.71,3.72177
1778295300.0,80429.7,80429.71,80429.7,80429.71,0.39185
1778295360.0,80429.71,80429.71,80420.0,80420.0,1.38454
1778295420.0,80420.01,80420.01,80408.62,80408.62,2.7542
1778295480.0,80408.63,80408.63,80408.62,80408.63,0.99011
1778295540.0,80408.62,80417.87,80408.62,80417.87,2.11123
1778295600.0,80417.88,80417.88,80410.32,80410.33,1.90539
1778295660.0,80410.33,80410.33,80390.75,80390.76,2.59107
1778295720.0,80390.75,80390.76,80372.3,80379.84,4.825
1778295780.0,80379.84,80379.84,80379.0,80379.01,3.87405
1778295840.0,80379.01,80420.01,80379.0,80420.01,31.17934
1778295900.0,80420.0,80457.69,80420.0,80457.69,2.13619
1778295960.0,80457.68,80457.69,80420.34,80420.35,3.51436
1778296020.0,80420.35,80429.98,80420.34,80429.98,4.53795
1778296080.0,80429.98,80429.98,80420.01,80420.02,1.19861
1778296140.0,80420.01,80422.44,80420.01,80422.43,4.65958
1778296200.0,80422.44,80426.87,80422.43,80426.87,3.52096
1778296260.0,80426.86,80439.15,80423.05,80439.14,3.10843
1778296320.0,80439.14,80456.52,80439.14,80456.51,2.76602
1778296380.0,80456.52,80477.47,80456.52,80471.01,4.07531
1778296440.0,80471.0,80471.01,80414.71,80427.99,104.2865
1778296500.0,80428.0,80451.31,80428.0,80451.3,1.3055
1778296560.0,80451.3,80451.31,80451.3,80451.31,0.80062
1778296620.0,80451.31,80451.31,80440.0,80440.0,2.02358
1778296680.0,80440.01,80456.33,80440.0,80456.33,1.33585
1778296740.0,80456.33,80492.69,80456.32,80492.67,18.73669
1778296800.0,80492.67,80492.68,80492.67,80492.68,0.99226
1778296860.0,80492.67,80497.0,80492.67,80497.0,4.74182
1778296920.0,80497.0,80497.0,80492.0,80492.01,2.06654
1778296980.0,80492.01,80550.67,80492.0,80504.56,28.79486
1778297040.0,80504.55,80520.77,80480.6,80480.61,13.28107
1778297100.0,80480.6,80480.61,80451.06,80451.07,13.53274
1778297160.0,80451.06,80451.07,80400.27,80412.23,11.17012
1778297220.0,80412.22,80422.89,80412.22,80422.89,4.21131
1778297280.0,80422.89,80429.43,80422.89,80429.43,0.7808
1778297340.0,80429.42,80433.4,80402.15,80433.4,8.89441
1778297400.0,80433.39,80433.4,80400.11,80400.11,3.62735
1778297460.0,80400.12,80400.12,80372.31,80372.32,5.02113
1778297520.0,80372.32,80385.78,80372.31,80385.77,7.85698
1778297580.0,80385.78,80385.78,80385.77,80385.77,0.61043
1778297640.0,80385.77,80385.78,80372.3,80372.3,5.5391
1778297700.0,80372.3,80376.31,80372.3,80376.31,3.32821
1778297760.0,80376.3,80376.31,80376.3,80376.3,0.47009
1778297820.0,80376.3,80376.31,80369.89,80369.9,4.32631
1778297880.0,80369.89,80369.9,80337.37,80344.74,8.93222
1778297940.0,80344.74,80357.73,80339.29,80339.3,5.85318
1778298000.0,80339.29,80351.67,80339.16,80339.17,2.36883
1778298060.0,80339.17,80339.17,80322.12,80322.12,5.6197
1778298120.0,80322.13,80322.13,80307.76,80313.88,8.9131
1778298180.0,80313.87,80324.87,80313.87,80324.86,1.76601
1778298240.0,80324.87,80347.62,80324.86,80347.61,2.16387
1778298300.0,80347.61,80347.62,80347.61,80347.62,0.83602
1778298360.0,80347.62,80360.0,80347.61,80360.0,0.75767
1778298420.0,80360.0,80365.23,80359.99,80365.23,1.45727
1778298480.0,80365.23,80365.23,80351.67,80351.67,3.70081
1778298540.0,80351.68,80351.68,80346.15,80346.15,4.06187
1778298600.0,80346.16,80346.16,80346.15,80346.15,0.90706
1778298660.0,80346.16,80346.16,80332.02,80344.16,5.94805
1778298720.0,80344.15,80344.94,80344.15,80344.94,0.89668
1778298780.0,80344.94,80365.83,80344.93,80365.83,3.6665
1778298840.0,80365.83,80387.44,80365.82,80387.43,1.20861
1778298900.0,80387.44,80394.47,80387.43,80394.46,0.81888
1778298960.0,80394.47,80394.47,80394.46,80394.46,0.7442
1778299020.0,80394.47,80394.47,80382.5,80382.5,2.57743
1778299080.0,80382.5,80382.51,80382.5,80382.5,0.93381
1778299140.0,80382.51,80395.85,80382.5,80383.95,2.36869
1778299200.0,80383.96,80404.19,80383.95,80404.18,1.56343
1778299260.0,80404.19,80415.77,80404.18,80415.76,2.37394
1778299320.0,80415.76,80415.77,80415.76,80415.76,3.62503
1778299380.0,80415.77,80438.58,80415.77,80438.58,1.88201
1778299440.0,80438.58,80462.61,80438.57,80462.61,2.29527
1778299500.0,80462.61,80491.15,80462.6,80491.15,6.45713
1778299560.0,80491.14,80666.66,80491.14,80626.53,58.22221
1778299620.0,80626.53,80626.53,80561.76,80588.9,13.58664
1778299680.0,80588.9,80630.79,80588.9,80614.93,10.53806
1778299740.0,80614.94,80632.04,80600.0,80600.01,4.41506
1778299800.0,80600.01,80611.32,80568.0,80594.07,29.31373
1778299860.0,80594.08,80594.59,80571.91,80579.86,7.37876
1778299920.0,80579.87,80584.32,80579.86,80584.31,2.49755
1778299980.0,80584.32,80584.33,80569.22,80575.44,4.00265
1778300040.0,80575.45,80585.24,80572.93,80572.94,3.36213
1778300100.0,80572.93,80572.94,80540.0,80540.01,5.24526
1778300160.0,80540.01,80540.01,80491.91,80507.39,12.00869
1778300220.0,80507.39,80533.03,80504.59,80533.02,5.90176
1778300280.0,80533.02,80533.03,80500.0,80500.0,4.94049
1778300340.0,80500.01,80517.02,80500.0,80517.02,8.33308
1778300400.0,80517.01,80532.61,80514.74,80514.75,13.93674
1778300460.0,80514.74,80514.74,80480.6,80480.61,15.75502
1778300520.0,80480.61,80508.89,80480.6,80508.89,5.711
1778300580.0,80508.89,80513.77,80508.88,80513.76,0.94655
1778300640.0,80513.77,80516.22,80513.76,80516.22,1.44275
1778300700.0,80516.22,80516.22,80491.03,80493.46,3.88295
1778300760.0,80493.45,80495.77,80493.45,80493.46,1.36845
1778300820.0,80493.47,80493.47,80463.98,80463.98,6.38336
1778300880.0,80463.97,80463.97,80442.0,80455.97,3.42089
1778300940.0,80455.97,80476.67,80455.97,80476.66,3.58993
1778301000.0,80476.66,80476.67,80470.93,80470.93,1.78738
1778301060.0,80470.93,80470.94,80452.06,80455.49,5.52506
1778301120.0,80455.49,80456.63,80450.0,80450.0,1.68068
1778301180.0,80450.01,80452.79,80450.0,80452.78,0.84385
1778301240.0,80452.79,80469.24,80452.78,80468.41,1.62115
1778301300.0,80468.41,80468.41,80467.14,80467.14,1.93972
1778301360.0,80467.14,80467.15,80467.14,80467.14,0.66432
1778301420.0,80467.14,80467.15,80427.2,80438.28,14.2192
1778301480.0,80438.29,80447.81,80438.28,80447.81,4.76711
1778301540.0,80447.81,80457.45,80441.17,80441.18,7.78636
1778301600.0,80441.17,80441.18,80423.34,80423.35,11.74526
1778301660.0,80423.35,80439.22,80423.34,80423.9,3.36915
1778301720.0,80423.9,80429.5,80423.89,80429.5,4.07897
1778301780.0,80429.5,80429.5,80400.0,80400.0,7.11056
1778301840.0,80400.01,80410.0,80400.0,80409.99,5.87163
1778301900.0,80409.99,80438.82,80397.12,80438.81,13.56034
1778301960.0,80438.81,80444.0,80438.81,80444.0,2.41116
1778302020.0,80444.0,80444.0,80427.9,80441.64,3.46096
1778302080.0,80441.63,80461.99,80428.35,80461.98,16.63699
1778302140.0,80461.98,80461.99,80443.16,80443.16,2.07738
1778302200.0,80443.17,80452.87,80443.16,80452.86,1.73074
1778302260.0,80452.87,80471.17,80445.02,80446.23,5.93963
1778302320.0,80446.24,80446.24,80423.55,80423.56,2.40944
1778302380.0,80423.56,80423.56,80407.24,80407.24,1.99211
1778302440.0,80407.25,80407.25,80378.07,80379.99,2.89121
1778302500.0,80380.0,80417.96,80379.99,80416.74,4.49577
1778302560.0,80416.74,80416.75,80390.07,80390.07,5.70398
1778302620.0,80390.08,80406.18,80380.15,80394.1,2.15828
1778302680.0,80394.09,80394.1,80373.55,80387.53,4.48742
1778302740.0,80387.54,80389.82,80379.9,80379.9,17.09001
1778302800.0,80379.9,80379.91,80364.22,80364.27,19.86853
1778302860.0,80364.28,80401.41,80355.1,80372.38,50.33416
1778302920.0,80372.37,80372.38,80343.0,80343.0,27.35973
1778302980.0,80343.0,80353.26,80343.0,80353.26,20.5675
1778303040.0,80353.26,80365.54,80353.26,80365.54,5.77512
1778303100.0,80365.53,80365.54,80365.53,80365.54,0.83831
1778303160.0,80365.54,80365.54,80365.53,80365.54,1.26797
1778303220.0,80365.53,80365.54,80365.53,80365.54,1.0602
1778303280.0,80365.54,80365.54,80349.41,80349.42,2.69062
1778303340.0,80349.42,80374.31,80349.41,80374.31,19.8736
1778303400.0,80374.31,80408.23,80374.3,80408.22,17.3744
1778303460.0,80408.23,80408.23,80404.6,80408.23,15.52654
1778303520.0,80408.22,80408.23,80382.37,80382.37,12.86036
1778303580.0,80382.38,80382.38,80370.94,80370.94,7.11924
1778303640.0,80370.94,80372.31,80370.94,80371.87,6.28499
1778303700.0,80371.88,80371.88,80364.29,80364.29,0.81515
1778303760.0,80364.29,80368.5,80364.29,80368.5,1.21697
1778303820.0,80368.49,80385.65,80368.49,80385.65,1.50202
1778303880.0,80385.65,80425.71,80385.64,80423.29,6.35923
1778303940.0,80423.29,80423.29,80423.28,80423.28,0.68865
1778304000.0,80423.29,80447.26,80423.28,80447.26,1.17605
1778304060.0,80447.26,80447.26,80424.04,80424.05,3.63893
1778304120.0,80424.05,80424.05,80424.04,80424.05,0.71239
1778304180.0,80424.05,80424.05,80424.04,80424.04,0.76089
1778304240.0,80424.05,80441.7,80424.04,80437.48,5.28485
1778304300.0,80437.47,80466.74,80430.1,80430.11,10.86959
1778304360.0,80430.11,80430.11,80413.24,80413.25,5.3218
1778304420.0,80413.24,80413.24,80399.71,80399.71,3.47568
1778304480.0,80399.72,80403.63,80399.71,80403.63,1.98831
1778304540.0,80403.63,80450.07,80403.62,80450.06,40.90771
1778304600.0,80450.06,80450.07,80423.52,80423.52,9.75262
1778304660.0,80423.53,80425.85,80423.52,80425.84,1.71673
1778304720.0,80425.84,80431.58,80425.84,80431.58,2.08436
1778304780.0,80431.58,80466.28,80430.83,80466.28,5.24789
1778304840.0,80466.28,80466.28,80466.27,80466.28,0.3996
1778304900.0,80466.28,80478.0,80460.49,80460.49,3.43827
1778304960.0,80460.49,80460.5,80452.79,80458.88,0.90008
1778305020.0,80458.88,80458.89,80458.88,80458.89,0.52408
1778305080.0,80458.88,80471.02,80458.88,80471.02,4.28001
1778305140.0,80471.01,80471.02,80471.01,80471.01,1.43939
1778305200.0,80471.01,80480.49,80471.01,80480.49,1.23988
1778305260.0,80480.49,80480.49,80475.51,80475.52,2.2186
1778305320.0,80475.51,80475.52,80475.51,80475.51,0.50624
1778305380.0,80475.52,80478.68,80475.51,80478.67,1.71312
1778305440.0,80478.68,80478.68,80478.67,80478.67,0.84687
1778305500.0,80478.67,80478.68,80478.67,80478.67,1.43949
1778305560.0,80478.68,80478.68,80450.01,80450.01,4.45388
1778305620.0,80450.0,80450.01,80428.0,80428.0,2.46601
1778305680.0,80428.0,80428.01,80410.26,80410.26,1.08744
1778305740.0,80410.26,80410.27,80400.68,80400.69,0.75756
1778305800.0,80400.68,80400.69,80400.68,80400.69,0.63329
1778305860.0,80400.69,80400.69,80386.85,80386.86,3.75166
1778305920.0,80386.86,80386.86,80378.04,80378.04,0.98865
1778305980.0,80378.04,80386.09,80378.04,80384.88,6.54581
1778306040.0,80384.88,80384.88,80380.29,80380.3,0.35592
1778306100.0,80380.3,80401.99,80380.29,80401.98,2.5284
1778306160.0,80401.98,80405.71,80401.74,80401.74,1.68056
1778306220.0,80401.74,80401.75,80395.57,80395.58,2.07849
1778306280.0,80395.57,80395.58,80395.57,80395.58,0.89934
1778306340.0,80395.58,80395.58,80379.49,80379.49,1.2414
1778306400.0,80379.5,80386.02,80379.49,80381.79,4.76224
1778306460.0,80381.78,80381.79,80381.78,80381.79,0.59276
1778306520.0,80381.79,80395.58,80381.79,80393.53,2.97821
1778306580.0,80393.52,80393.53,80378.11,80393.52,3.03918
1778306640.0,80393.53,80410.0,80393.52,80408.78,2.41282
1778306700.0,80408.79,80418.04,80408.78,80418.03,2.22529
1778306760.0,80418.04,80420.0,80418.03,80419.99,1.01647
1778306820.0,80420.0,80420.0,80403.96,80413.94,1.62028
1778306880.0,80413.94,80428.01,80413.93,80428.01,3.95101
1778306940.0,80428.01,80428.01,80423.64,80423.65,0.94204
1778307000.0,80423.65,80428.01,80423.64,80428.01,1.09969
1778307060.0,80428.01,80428.01,80393.55,80393.55,3.38631
1778307120.0,80393.56,80397.18,80393.55,80397.18,10.74248
1778307180.0,80397.18,80407.72,80397.17,80407.71,3.0861
1778307240.0,80407.72,80420.65,80407.71,80411.73,10.7517
1778307300.0,80411.73,80411.73,80404.72,80404.72,0.83956
1778307360.0,80404.73,80404.73,80395.0,80395.0,0.8904
1778307420.0,80395.0,80395.0,80375.1,80375.1,0.8962
1778307480.0,80375.11,80375.11,80352.0,80352.01,9.0114
1778307540.0,80352.0,80352.01,80305.62,80305.62,4.24376
1778307600.0,80305.63,80321.61,80305.62,80321.6,3.69959
1778307660.0,80321.61,80337.08,80321.6,80335.87,2.13418
1778307720.0,80335.87,80335.87,80329.52,80329.53,5.85241
1778307780.0,80329.53,80329.53,80307.18,80307.19,5.86339
1778307840.0,80307.19,80307.19,80304.85,80307.17,1.4402
1778307900.0,80307.17,80311.55,80307.16,80311.54,6.4561
1778307960.0,80311.54,80311.54,80307.01,80307.01,1.40696
1778308020.0,80307.01,80307.02,80307.01,80307.01,0.64979
1778308080.0,80307.01,80317.41,80307.01,80317.41,9.08523
1778308140.0,80317.41,80317.41,80305.88,80308.3,4.23046
1778308200.0,80308.3,80339.57,80308.29,80323.11,3.13006
1778308260.0,80323.12,80323.12,80312.82,80312.83,1.58344
1778308320.0,80312.83,80315.83,80302.78,80315.83,3.96136
1778308380.0,80315.82,80334.72,80315.82,80334.72,2.27277
1778308440.0,80334.72,80352.77,80334.71,80352.77,1.31089
1778308500.0,80352.77,80365.03,80334.73,80334.74,3.37915
1778308560.0,80334.74,80334.74,80304.03,80304.03,1.60499
1778308620.0,80304.04,80304.04,80249.25,80259.11,23.91793
1778308680.0,80259.1,80259.11,80230.53,80239.51,7.44116
1778308740.0,80239.52,80239.52,80208.33,80222.13,8.86446
1778308800.0,80222.13,80222.14,80222.13,80222.14,1.12434
1778308860.0,80222.14,80243.93,80222.13,80238.01,10.82733
1778308920.0,80238.01,80243.93,80228.48,80243.93,9.08215
1778308980.0,80243.92,80250.0,80238.57,80238.58,3.02203
1778309040.0,80238.57,80238.58,80222.13,80222.14,3.32787
1778309100.0,80222.14,80222.14,80208.33,80217.35,5.39174
1778309160.0,80217.35,80219.65,80210.35,80219.64,2.34743
1778309220.0,80219.65,80281.13,80219.64,80261.53,18.09952
1778309280.0,80261.53,80270.0,80253.62,80270.0,2.53176
1778309340.0,80269.99,80270.0,80253.82,80253.83,4.14966
1778309400.0,80253.83,80253.83,80212.89,80212.9,1.84242
1778309460.0,80212.9,80223.09,80201.6,80223.09,12.98166
1778309520.0,80223.09,80228.0,80223.08,80223.08,1.37432
1778309580.0,80223.09,80223.09,80219.64,80219.64,1.24646
1778309640.0,80219.65,80219.65,80219.64,80219.64,0.51113
1778309700.0,80219.64,80259.21,80219.64,80244.28,11.4788
1778309760.0,80244.27,80244.28,80235.35,80235.36,1.63217
1778309820.0,80235.35,80242.34,80235.35,80242.34,2.0931
1778309880.0,80242.34,80242.34,80232.16,80232.16,2.22657
1778309940.0,80232.17,80264.66,80232.16,80263.92,8.31186
1778310000.0,80263.93,80263.93,80247.47,80247.48,2.67871
1778310060.0,80247.48,80247.48,80247.47,80247.48,1.06575
1778310120.0,80247.47,80247.48,80212.14,80212.14,6.99499
1778310180.0,80212.14,80226.71,80204.11,80226.7,3.82087
1778310240.0,80226.7,80226.7,80210.48,80210.48,4.47869
1778310300.0,80210.47,80210.47,80204.11,80204.12,0.29125
1778310360.0,80204.12,80204.12,80193.97,80195.14,2.58121
1778310420.0,80195.13,80195.13,80170.2,80170.2,6.68619
1778310480.0,80170.2,80170.21,80155.7,80158.95,4.25465
1778310540.0,80158.96,80158.96,80155.7,80155.71,6.40995
1778310600.0,80155.71,80158.96,80155.7,80155.7,1.99894
1778310660.0,80155.71,80168.78,80155.0,80155.01,5.73871
1778310720.0,80155.0,80185.59,80135.0,80165.6,40.75918
1778310780.0,80165.6,80190.0,80165.6,80190.0,1.35664
1778310840.0,80189.99,80190.0,80189.99,80189.99,0.6823
1778310900.0,80190.0,80199.0,80189.99,80199.0,0.95924
1778310960.0,80198.99,80199.0,80198.99,80199.0,0.68088
1778311020.0,80198.99,80199.0,80198.99,80198.99,0.42102
1778311080.0,80199.0,80231.01,80198.99,80231.0,2.3793
1778311140.0,80231.01,80245.15,80227.9,80227.9,8.79447
1778311200.0,80227.91,80231.01,80227.9,80231.0,1.5657
1778311260.0,80231.01,80245.97,80231.0,80245.97,0.93678
1778311320.0,80245.97,80258.24,80245.96,80258.24,2.32429
1778311380.0,80258.24,80258.24,80258.23,80258.23,0.38189
1778311440.0,80258.23,80264.0,80258.23,80264.0,2.66754
1778311500.0,80264.0,80270.0,80264.0,80270.0,4.1712
1778311560.0,80270.0,80282.89,80269.99,80282.88,2.52177
1778311620.0,80282.89,80309.05,80264.0,80264.01,13.222
1778311680.0,80264.0,80264.01,80254.0,80254.01,3.17123
1778311740.0,80254.01,80254.01,80248.68,80248.69,0.91304
1778311800.0,80248.68,80248.69,80248.68,80248.68,0.79764
1778311860.0,80248.68,80265.77,80248.68,80265.76,1.94887
1778311920.0,80265.77,80272.0,80265.76,80272.0,1.06661
1778311980.0,80272.0,80272.01,80265.77,80265.77,4.70359
1778312040.0,80265.77,80265.78,80265.77,80265.78,1.13267
1778312100.0,80265.78,80265.78,80265.77,80265.77,0.4088
1778312160.0,80265.77,80265.78,80263.99,80263.99,4.73693
1778312220.0,80263.99,80264.0,80241.15,80243.56,4.40152
1778312280.0,80243.56,80243.57,80241.15,80241.15,9.33029
1778312340.0,80241.15,80244.13,80213.62,80238.09,63.62406
1778312400.0,80238.08,80238.09,80236.86,80236.86,2.537
1778312460.0,80236.86,80236.87,80234.41,80234.41,2.46334
1778312520.0,80234.41,80234.41,80227.86,80227.86,1.98747
1778312580.0,80227.86,80227.87,80200.0,80207.36,26.33234
1778312640.0,80207.08,80258.76,80207.08,80241.26,79.31249
1778312700.0,80241.26,80241.26,80195.89,80211.81,11.83116
1778312760.0,80211.8,80211.81,80175.93,80179.35,42.03526
1778312820.0,80179.34,80179.35,80175.93,80175.93,5.74183
1778312880.0,80175.93,80226.98,80175.93,80221.05,22.57331
1778312940.0,80221.05,80221.06,80209.83,80209.83,2.0356
1778313000.0,80209.82,80226.98,80209.82,80226.98,3.23472
1778313060.0,80226.98,80226.98,80211.3,80211.31,2.54491
1778313120.0,80211.3,80228.43,80211.3,80221.21,1.9974
1778313180.0,80221.22,80221.22,80221.21,80221.22,0.84883
1778313240.0,80221.21,80228.52,80221.21,80228.51,1.69917
1778313300.0,80228.51,80229.3,80228.51,80229.3,0.99126
1778313360.0,80229.29,80229.3,80229.29,80229.3,0.88819
1778313420.0,80229.29,80240.17,80229.29,80240.17,3.54802
1778313480.0,80240.16,80240.17,80228.88,80228.89,5.15822
1778313540.0,80228.88,80228.89,80228.88,80228.89,1.12176
1778313600.0,80228.88,80232.51,80220.0,80232.5,2.86131
1778313660.0,80232.5,80251.1,80232.5,80251.1,2.13293
1778313720.0,80251.09,80345.0,80251.09,80344.99,23.11985
1778313780.0,80345.0,80358.93,80332.67,80357.51,9.686
1778313840.0,80357.5,80377.73,80348.85,80377.72,20.21995
1778313900.0,80377.72,80377.73,80346.27,80346.28,12.38507
1778313960.0,80346.27,80354.17,80344.92,80350.17,2.52927
1778314020.0,80350.17,80365.99,80350.17,80365.05,3.36866
1778314080.0,80365.05,80365.05,80365.03,80365.03,0.33838
1778314140.0,80365.03,80365.03,80340.0,80360.24,4.95242
1778314200.0,80360.24,80360.25,80349.18,80357.09,1.32948
1778314260.0,80357.09,80358.97,80357.09,80358.96,1.02824
1778314320.0,80358.96,80387.35,80358.96,80387.33,3.91798
1778314380.0,80387.33,80400.0,80386.11,80400.0,3.54726
1778314440.0,80400.0,80400.0,80396.84,80399.99,1.90743
1778314500.0,80400.0,80416.66,80399.99,80416.65,3.06974
1778314560.0,80416.65,80416.66,80407.95,80407.96,2.29636
1778314620.0,80407.95,80407.97,80407.95,80407.96,2.33776
1778314680.0,80407.97,80410.04,80402.79,80407.81,5.86169
1778314740.0,80407.81,80408.02,80407.8,80408.02,2.33212
1778314800.0,80408.01,80408.02,80403.39,80403.4,1.16562
1778314860.0,80403.39,80403.4,80390.58,80390.59,2.80305
1778314920.0,80390.58,80390.59,80389.37,80389.38,1.86498
1778314980.0,80389.37,80389.38,80389.37,80389.37,1.88881
1778315040.0,80389.38,80389.38,80389.37,80389.37,0.89597
1778315100.0,80389.37,80389.38,80378.0,80382.56,4.39388
1778315160.0,80382.55,80382.56,80382.55,80382.55,0.47609
1778315220.0,80382.55,80398.29,80382.55,80398.29,2.82677
1778315280.0,80398.29,80404.89,80398.28,80404.88,1.62096
1778315340.0,80404.88,80404.89,80404.88,80404.89,0.50264
1778315400.0,80404.88,80429.61,80404.88,80429.61,5.69676
1778315460.0,80429.6,80433.22,80429.6,80433.22,4.68411
1778315520.0,80433.22,80433.22,80420.0,80423.31,9.88922
1778315580.0,80423.3,80423.3,80417.22,80417.23,2.00549
1778315640.0,80417.23,80429.18,80408.53,80408.53,43.22177
1778315700.0,80408.53,80436.46,80408.53,80432.03,21.8943
1778315760.0,80432.03,80436.34,80432.02,80436.33,3.45955
1778315820.0,80436.33,80436.34,80436.33,80436.34,4.54529
1778315880.0,80436.34,80452.44,80436.33,80436.35,7.52338
1778315940.0,80436.35,80436.35,80432.09,80432.1,1.55658
1778316000.0,80432.1,80432.1,80424.12,80424.12,0.51163
1778316060.0,80424.12,80424.13,80417.39,80417.39,1.3678
1778316120.0,80417.39,80417.4,80393.54,80397.42,7.96112
1778316180.0,80397.43,80432.07,80397.42,80432.07,12.55739
1778316240.0,80432.07,80432.07,80432.06,80432.06,0.4211
1778316300.0,80432.06,80432.07,80429.64,80429.64,3.71502
1778316360.0,80429.64,80429.65,80429.64,80429.64,0.46429
1778316420.0,80429.65,80429.65,80429.64,80429.65,10.9307
1778316480.0,80429.64,80429.65,80427.64,80427.64,11.17818
1778316540.0,80427.64,80427.65,80418.7,80418.71,1.90382
1778316600.0,80418.71,80418.71,80418.7,80418.7,1.70804
1778316660.0,80418.7,80429.56,80418.7,80429.55,3.30584
1778316720.0,80429.56,80429.56,80429.55,80429.55,0.62119
1778316780.0,80429.56,80429.56,80429.55,80429.55,0.53997
1778316840.0,80429.55,80429.56,80429.55,80429.55,0.33427
1778316900.0,80429.56,80429.56,80429.55,80429.55,0.43998
1778316960.0,80429.55,80429.56,80415.82,80415.82,3.65397
1778317020.0,80415.83,80415.83,80407.11,80407.11,0.68279
1778317080.0,80407.11,80407.12,80407.11,80407.11,0.55874
1778317140.0,80407.12,80407.12,80407.11,80407.12,2.07545
1778317200.0,80407.12,80407.12,80407.11,80407.12,1.26613
1778317260.0,80407.12,80407.12,80407.11,80407.11,0.2468
1778317320.0,80407.11,80407.12,80407.11,80407.11,0.59187
1778317380.0,80407.11,80415.83,80407.11,80415.83,8.1941
1778317440.0,80415.83,80415.83,80413.85,80413.86,2.05974
1778317500.0,80413.86,80413.86,80413.85,80413.86,0.41115
1778317560.0,80413.86,80413.86,80411.67,80411.68,0.77203
1778317620.0,80411.67,80411.68,80407.11,80407.11,2.75127
1778317680.0,80407.11,80407.12,80407.11,80407.12,0.5427
1778317740.0,80407.11,80407.12,80400.36,80400.37,7.45856
1778317800.0,80400.37,80400.37,80388.15,80389.1,2.78348
1778317860.0,80389.1,80389.11,80375.13,80375.14,5.74664
1778317920.0,80375.13,80375.14,80375.13,80375.13,0.87969
1778317980.0,80375.14,80375.14,80334.55,80342.36,9.57375
1778318040.0,80342.35,80342.36,80342.35,80342.35,1.09942
1778318100.0,80342.36,80342.36,80315.58,80315.59,2.0235
1778318160.0,80315.59,80315.59,80254.6,80254.6,10.82186
1778318220.0,80254.61,80259.73,80240.42,80240.43,8.06383
1778318280.0,80240.43,80259.53,80230.55,80259.53,14.02855
1778318340.0,80259.53,80259.54,80243.21,80259.54,3.37926
1778318400.0,80259.53,80259.72,80259.53,80259.71,1.46692
1778318460.0,80259.71,80267.74,80259.71,80267.74,0.56759
1778318520.0,80267.74,80278.95,80267.74,80278.94,2.02573
1778318580.0,80278.95,80296.38,80278.94,80296.38,2.09928
1778318640.0,80296.38,80308.44,80296.37,80308.43,4.44774
1778318700.0,80308.43,80308.44,80308.42,80308.42,0.75124
1778318760.0,80308.43,80308.43,80264.01,80264.01,3.19243
1778318820.0,80264.01,80264.01,80255.28,80255.28,2.37021
1778318880.0,80255.28,80255.29,80255.28,80255.28,1.74561
1778318940.0,80255.29,80255.29,80255.28,80255.29,0.67992
1778319000.0,80255.28,80258.21,80255.28,80258.21,4.48787
1778319060.0,80258.21,80258.21,80258.2,80258.2,1.15619
1778319120.0,80258.21,80268.74,80256.11,80268.74,3.84272
1778319180.0,80268.73,80268.74,80264.0,80264.0,1.06589
1778319240.0,80264.01,80264.01,80243.94,80251.11,7.62443
1778319300.0,80251.11,80268.74,80251.11,80268.74,0.84426
1778319360.0,80268.73,80272.84,80256.34,80272.84,7.78041
1778319420.0,80272.83,80278.67,80272.83,80278.66,1.69034
1778319480.0,80278.66,80278.67,80278.66,80278.67,0.16899
1778319540.0,80278.67,80278.67,80259.83,80259.84,18.00749
1778319600.0,80259.84,80259.84,80259.83,80259.83,0.6762
1778319660.0,80259.84,80259.84,80241.11,80248.8,6.55222
1778319720.0,80248.79,80248.81,80248.79,80248.81,5.99221
1778319780.0,80248.81,80248.81,80232.05,80232.05,2.42302
1778319840.0,80232.06,80243.29,80232.06,80243.28,2.16252
1778319900.0,80243.28,80243.29,80243.28,80243.28,0.79762
1778319960.0,80243.29,80248.58,80243.28,80248.58,1.35551
1778320020.0,80248.58,80248.58,80248.57,80248.57,0.13385
1778320080.0,80248.57,80248.58,80248.57,80248.57,0.58668
1778320140.0,80248.58,80248.58,80226.64,80226.64,2.53299
1778320200.0,80226.65,80226.65,80217.0,80217.02,3.59118
1778320260.0,80217.01,80223.13,80217.01,80223.12,1.2764
1778320320.0,80223.12,80223.13,80223.12,80223.13,1.15388
1778320380.0,80223.12,80237.93,80223.12,80237.92,2.39357
1778320440.0,80237.93,80248.39,80237.93,80241.98,6.70336
1778320500.0,80241.98,80241.98,80241.97,80241.97,0.5915
1778320560.0,80241.97,80241.98,80214.0,80216.67,7.39294
1778320620.0,80216.67,80218.96,80216.67,80218.95,2.23215
1778320680.0,80218.96,80218.96,80218.95,80218.95,1.23156
1778320740.0,80218.95,80242.54,80218.95,80242.53,12.92186
1778320800.0,80242.54,80242.54,80242.53,80242.54,0.42328
1778320860.0,80242.53,80242.54,80242.53,80242.54,0.94953
1778320920.0,80242.53,80242.54,80192.16,80192.17,11.58433
1778320980.0,80192.17,80192.17,80190.23,80190.23,1.21615
1778321040.0,80190.24,80254.43,80190.23,80254.0,21.97187
1778321100.0,80253.99,80253.99,80230.48,80230.48,9.95023
1778321160.0,80230.48,80230.49,80226.01,80226.01,1.80329
1778321220.0,80226.01,80226.02,80195.84,80195.85,4.81766
1778321280.0,80195.84,80195.85,80188.7,80188.71,3.52871
1778321340.0,80188.7,80188.71,80166.26,80178.22,4.49083
1778321400.0,80178.21,80196.36,80178.21,80196.35,2.94179
1778321460.0,80196.36,80196.36,80196.35,80196.36,0.5513
1778321520.0,80196.36,80211.06,80196.35,80211.06,1.50281
1778321580.0,80211.06,80217.69,80211.05,80217.68,1.70447
1778321640.0,80217.68,80217.69,80217.68,80217.68,1.58403
1778321700.0,80217.69,80222.65,80217.68,80222.65,0.95904
1778321760.0,80222.64,80241.58,80222.64,80241.57,3.04354
1778321820.0,80241.58,80245.87,80241.57,80242.75,2.52034
1778321880.0,80242.74,80242.75,80242.74,80242.75,1.31848
1778321940.0,80242.74,80242.75,80206.09,80206.09,25.85349
1778322000.0,80206.0,80220.48,80206.0,80220.48,7.30188
1778322060.0,80220.47,80220.48,80220.47,80220.47,0.52051
1778322120.0,80220.48,80220.48,80220.47,80220.47,0.71115
1778322180.0,80220.47,80220.48,80201.46,80201.47,2.14381
1778322240.0,80201.46,80217.47,80194.22,80217.47,23.63736
1778322300.0,80217.46,80229.15,80217.46,80229.14,2.10664
1778322360.0,80229.15,80229.15,80229.14,80229.15,1.60852
1778322420.0,80229.15,80241.47,80229.14,80241.47,3.48161
1778322480.0,80241.46,80250.0,80241.46,80250.0,3.07828
1778322540.0,80250.0,80250.0,80205.7,80205.7,18.59885
1778322600.0,80205.03,80228.05,80205.03,80228.05,5.45955
1778322660.0,80228.05,80239.39,80228.04,80239.38,2.00386
1778322720.0,80239.38,80249.98,80239.38,80249.98,1.43248
1778322780.0,80249.98,80249.98,80249.97,80249.97,2.01637
1778322840.0,80249.97,80257.15,80249.97,80257.15,3.88634
1778322900.0,80257.14,80271.95,80257.14,80271.95,1.9561
1778322960.0,80271.94,80271.95,80264.0,80264.01,3.16561
1778323020.0,80264.01,80264.01,80264.0,80264.01,0.76205
1778323080.0,80264.01,80264.01,80264.0,80264.0,0.29223
1778323140.0,80264.01,80323.57,80264.01,80323.56,13.70379
1778323200.0,80323.57,80346.94,80323.56,80336.99,8.95916
1778323260.0,80336.99,80336.99,80329.99,80329.99,1.1649
1778323320.0,80330.0,80330.0,80329.99,80330.0,0.37264
1778323380.0,80330.0,80330.0,80329.99,80329.99,0.98879
1778323440.0,80329.99,80330.0,80329.99,80329.99,0.34495
1778323500.0,80329.99,80330.0,80321.85,80321.86,1.30498
1778323560.0,80321.86,80321.86,80320.03,80320.03,1.43188
1778323620.0,80320.04,80320.04,80290.15,80290.16,3.19175
1778323680.0,80290.15,80290.16,80283.62,80283.62,1.12175
1778323740.0,80283.62,80283.62,80266.59,80266.59,1.12398
1778323800.0,80266.6,80266.6,80265.34,80265.35,7.26999
1778323860.0,80265.35,80265.35,80265.34,80265.35,0.39107
1778323920.0,80265.34,80274.28,80265.34,80274.27,2.03046
1778323980.0,80274.27,80274.28,80274.27,80274.27,0.36663
1778324040.0,80274.28,80274.28,80274.27,80274.27,0.34536
1778324100.0,80274.28,80277.34,80274.27,80277.34,0.64896
1778324160.0,80277.34,80277.34,80277.33,80277.33,0.27506
1778324220.0,80277.33,80277.33,80264.01,80264.02,1.9858
1778324280.0,80264.01,80264.02,80264.01,80264.01,0.22251
1778324340.0,80264.01,80264.02,80264.01,80264.02,0.41797
1778324400.0,80264.01,80264.01,80259.99,80259.99,2.10558
1778324460.0,80260.0,80260.0,80256.95,80256.95,0.37405
1778324520.0,80256.95,80291.97,80256.95,80291.96,5.40799
1778324580.0,80291.97,80293.65,80289.05,80289.06,3.59396
1778324640.0,80289.06,80289.06,80289.05,80289.05,0.68731
1778324700.0,80289.05,80289.06,80270.25,80272.22,2.74179
1778324760.0,80272.22,80272.22,80272.21,80272.22,0.48594
1778324820.0,80272.22,80272.22,80272.21,80272.21,0.58461
1778324880.0,80272.22,80293.64,80272.21,80289.9,53.57735
1778324940.0,80289.9,80289.9,80278.56,80278.57,17.39199
1778325000.0,80278.56,80306.82,80278.56,80306.82,9.41377
1778325060.0,80306.82,80313.63,80306.81,80313.63,4.10795
1778325120.0,80313.63,80319.97,80313.62,80319.96,2.45164
1778325180.0,80319.97,80332.74,80319.87,80319.88,7.53034
1778325240.0,80319.87,80319.88,80319.87,80319.87,0.2149
1778325300.0,80319.88,80319.88,80319.87,80319.88,0.72358
1778325360.0,80319.88,80319.88,80319.87,80319.88,0.6707
1778325420.0,80319.88,80339.59,80319.87,80339.58,4.33391
1778325480.0,80339.59,80339.59,80339.58,80339.58,4.79716
1778325540.0,80339.58,80346.94,80339.58,80341.29,6.14318
1778325600.0,80341.28,80349.97,80341.28,80349.97,4.36321
1778325660.0,80349.97,80366.07,80349.97,80366.06,4.13012
1778325720.0,80366.06,80366.07,80366.06,80366.07,2.88603
1778325780.0,80366.07,80366.07,80351.79,80351.8,1.51499
1778325840.0,80351.8,80351.8,80343.81,80343.82,0.5104
1778325900.0,80343.81,80343.82,80343.81,80343.82,0.86691
1778325960.0,80343.81,80343.82,80339.18,80339.19,0.75572
1778326020.0,80339.19,80339.19,80339.18,80339.19,1.67057
1778326080.0,80339.19,80339.19,80339.18,80339.19,1.08799
1778326140.0,80339.19,80340.93,80339.18,80340.93,1.43927
1778326200.0,80340.92,80340.93,80340.92,80340.92,0.76843
1778326260.0,80340.93,80340.93,80340.92,80340.92,0.89066
1778326320.0,80340.92,80340.93,80340.92,80340.92,0.31386
1778326380.0,80340.93,80340.93,80340.92,80340.93,0.75567
1778326440.0,80340.92,80354.96,80340.0,80354.96,15.65215
1778326500.0,80354.96,80354.96,80346.91,80346.92,4.60458
1778326560.0,80346.91,80346.92,80340.0,80340.01,1.21168
1778326620.0,80340.01,80340.01,80340.0,80340.0,0.60214
1778326680.0,80340.01,80340.01,80340.0,80340.01,2.23192
1778326740.0,80340.0,80340.01,80340.0,80340.0,4.02483
1778326800.0,80340.0,80340.01,80339.18,80339.18,2.60023
1778326860.0,80339.19,80339.19,80339.18,80339.19,0.4505
1778326920.0,80339.18,80339.19,80339.18,80339.18,1.88821
1778326980.0,80339.19,80339.19,80339.18,80339.18,3.71319
1778327040.0,80339.18,80339.19,80339.18,80339.19,8.4124
1778327100.0,80339.19,80354.74,80339.19,80354.74,8.60797
1778327160.0,80354.74,80354.74,80354.73,80354.73,2.02473
1778327220.0,80354.74,80361.33,80354.73,80361.32,2.34778
1778327280.0,80361.33,80361.33,80361.32,80361.33,0.68218
1778327340.0,80361.33,80361.33,80338.98,80338.98,17.75529
1778327400.0,80338.98,80341.75,80332.0,80341.74,5.56378
1778327460.0,80341.75,80341.75,80341.74,80341.74,0.47207
1778327520.0,80341.75,80341.75,80341.74,80341.75,0.59279
1778327580.0,80341.75,80341.75,80341.74,80341.74,0.42179
1778327640.0,80341.74,80341.75,80341.74,80341.74,0.25726
1778327700.0,80341.75,80342.23,80341.74,80342.22,5.91202
1778327760.0,80342.23,80360.0,80342.22,80360.0,4.38319
1778327820.0,80360.0,80365.31,80359.99,80365.31,1.77184
1778327880.0,80365.3,80365.31,80365.3,80365.31,2.39697
1778327940.0,80365.31,80365.31,80345.46,80345.46,18.84525
1778328000.0,80345.47,80345.47,80342.0,80342.0,1.53799
1778328060.0,80342.0,80343.46,80342.0,80343.46,4.2471
1778328120.0,80343.46,80352.08,80343.45,80352.08,3.54329
1778328180.0,80352.08,80352.08,80352.07,80352.07,0.49343
1778328240.0,80352.08,80359.91,80352.07,80359.91,2.61076
1778328300.0,80359.9,80372.3,80359.9,80372.3,9.55509
1778328360.0,80372.3,80372.3,80358.0,80358.01,7.50453
1778328420.0,80358.01,80358.01,80338.93,80338.93,6.90392
1778328480.0,80338.93,80338.94,80320.39,80320.4,1.53408
1778328540.0,80320.4,80320.4,80304.06,80304.06,3.87036
1778328600.0,80304.07,80304.07,80304.06,80304.07,2.29714
1778328660.0,80304.07,80313.48,80304.06,80313.48,4.05075
1778328720.0,80313.47,80313.48,80313.47,80313.47,1.05377
1778328780.0,80313.47,80313.48,80313.47,80313.47,0.51274
1778328840.0,80313.47,80315.52,80313.47,80315.5,27.33439
1778328900.0,80315.5,80315.51,80309.38,80309.38,15.46547
1778328960.0,80309.38,80309.39,80291.83,80291.84,2.8428
1778329020.0,80291.84,80291.84,80274.03,80274.04,3.40893
1778329080.0,80274.04,80274.04,80274.03,80274.04,0.31951
1778329140.0,80274.04,80323.66,80274.03,80323.66,28.21155
1778329200.0,80323.65,80323.66,80323.65,80323.66,0.86139
1778329260.0,80323.65,80345.21,80323.65,80345.2,4.69325
1778329320.0,80345.21,80385.87,80345.2,80385.53,18.50367
1778329380.0,80385.53,80388.8,80375.79,80375.79,8.74766
1778329440.0,80375.8,80398.0,80375.79,80397.99,9.06447
1778329500.0,80398.0,80412.0,80397.99,80398.0,17.37644
1778329560.0,80397.99,80398.0,80397.99,80397.99,7.45227
1778329620.0,80398.0,80398.0,80378.31,80387.26,12.83807
1778329680.0,80387.27,80387.27,80387.26,80387.27,5.45786
1778329740.0,80387.27,80416.21,80387.26,80416.2,15.32976
1778329800.0,80416.21,80416.21,80384.62,80384.62,4.11127
1778329860.0,80384.62,80384.63,80372.3,80372.3,1.93185
1778329920.0,80372.3,80372.31,80357.42,80357.42,3.50385
1778329980.0,80357.43,80357.43,80342.0,80342.01,1.03283
1778330040.0,80342.0,80353.41,80342.0,80353.41,3.75257
1778330100.0,80353.41,80353.41,80324.37,80326.78,22.93949
1778330160.0,80326.78,80326.79,80326.78,80326.79,0.60432
1778330220.0,80326.79,80343.42,80326.78,80343.41,5.98332
1778330280.0,80343.42,80343.42,80343.41,80343.41,0.54674
1778330340.0,80343.42,80343.42,80329.69,80329.69,2.19236
1778330400.0,80329.69,80334.71,80329.69,80334.71,5.23773
1778330460.0,80334.7,80345.85,80334.7,80345.84,14.41226
1778330520.0,80345.85,80345.85,80345.84,80345.84,2.3246
1778330580.0,80345.84,80350.96,80345.84,80350.96,4.61202
1778330640.0,80350.96,80350.96,80350.95,80350.95,0.56817
1778330700.0,80350.95,80351.14,80350.95,80351.13,5.3815
1778330760.0,80351.14,80374.88,80351.14,80374.88,24.23819
1778330820.0,80374.88,80376.2,80374.87,80376.2,5.33848
1778330880.0,80376.2,80376.2,80376.19,80376.2,1.36062
1778330940.0,80376.2,80382.36,80376.19,80382.35,1.02896
1778331000.0,80382.36,80385.0,80382.35,80384.99,2.10369
1778331060.0,80385.0,80385.0,80384.99,80385.0,0.53766
1778331120.0,80384.99,80408.0,80384.99,80408.0,5.18433
1778331180.0,80408.0,80408.0,80407.99,80407.99,0.60362
1778331240.0,80408.0,80408.0,80398.03,80398.04,2.88753
1778331300.0,80398.03,80398.04,80386.09,80386.09,0.54538
1778331360.0,80386.1,80386.1,80386.09,80386.09,0.2744
1778331420.0,80386.1,80386.1,80386.09,80386.09,0.61499
1778331480.0,80386.09,80397.98,80386.09,80397.98,2.20421
1778331540.0,80397.98,80397.98,80397.97,80397.97,3.77777
1778331600.0,80397.97,80397.98,80397.97,80397.97,0.66517
1778331660.0,80397.98,80397.98,80397.97,80397.97,0.63631
1778331720.0,80397.98,80408.0,80397.97,80408.0,3.66364
1778331780.0,80407.99,80408.0,80381.2,80381.21,3.4107
1778331840.0,80381.2,80381.21,80381.2,80381.21,1.1524
1778331900.0,80381.2,80381.21,80379.99,80380.0,1.9395
1778331960.0,80380.0,80381.2,80379.99,80381.19,5.31285
1778332020.0,80381.19,80381.2,80381.19,80381.2,0.20595
1778332080.0,80381.2,80415.22,80381.2,80415.21,21.10283
1778332140.0,80415.22,80415.22,80408.42,80413.98,6.6443
1778332200.0,80413.98,80413.99,80413.98,80413.98,0.90887
1778332260.0,80413.99,80413.99,80394.92,80394.93,2.13213
1778332320.0,80394.93,80394.93,80379.77,80379.77,1.98445
1778332380.0,80379.77,80379.78,80379.77,80379.77,0.25441
1778332440.0,80379.77,80422.0,80379.77,80421.99,29.43355
1778332500.0,80422.0,80422.0,80411.43,80411.44,4.01231
1778332560.0,80411.43,80411.44,80398.0,80398.01,2.07011
1778332620.0,80398.01,80401.69,80398.0,80401.69,5.59127
1778332680.0,80401.69,80401.69,80388.18,80388.19,5.09375
1778332740.0,80388.18,80388.19,80384.0,80384.01,1.44102
1778332800.0,80384.0,80384.01,80372.3,80372.3,2.63613
1778332860.0,80372.3,80372.31,80361.0,80361.0,2.07359
1778332920.0,80361.01,80361.01,80350.0,80350.0,3.71895
1778332980.0,80350.0,80350.01,80350.0,80350.01,0.51721
1778333040.0,80350.01,80355.16,80350.0,80355.16,5.36764
1778333100.0,80355.15,80355.16,80355.15,80355.16,1.04783
1778333160.0,80355.15,80368.24,80355.15,80368.24,4.6117
1778333220.0,80368.24,80381.5,80368.23,80381.5,4.02896
1778333280.0,80381.5,80387.76,80381.49,80387.75,5.98423
1778333340.0,80387.76,80393.75,80346.48,80346.48,34.97838
1778333400.0,80346.48,80369.66,80346.48,80369.66,10.03803
1778333460.0,80369.66,80369.66,80359.95,80359.96,1.62469
1778333520.0,80359.95,80371.04,80359.95,80371.04,11.8538
1778333580.0,80371.04,80371.04,80371.03,80371.04,0.85135
1778333640.0,80371.04,80371.04,80340.11,80340.12,27.5415
1778333700.0,80340.11,80361.81,80340.11,80361.8,8.64157
1778333760.0,80361.81,80381.34,80361.8,80381.33,9.29706
1778333820.0,80381.34,80390.0,80381.33,80390.0,15.72994
1778333880.0,80389.99,80390.0,80381.34,80381.35,4.21494
1778333940.0,80381.35,80381.35,80373.06,80373.07,3.36556
1778334000.0,80373.07,80373.07,80318.7,80318.7,5.09298
1778334060.0,80318.71,80318.71,80318.7,80318.7,0.31314
1778334120.0,80318.71,80341.68,80318.71,80341.68,28.64141
1778334180.0,80341.67,80341.69,80341.67,80341.68,3.41284
1778334240.0,80341.68,80341.69,80341.68,80341.68,2.31612
1778334300.0,80341.69,80363.78,80341.68,80363.78,4.05203
1778334360.0,80363.78,80363.78,80363.77,80363.78,0.92085
1778334420.0,80363.78,80363.78,80363.77,80363.78,2.30206
1778334480.0,80363.78,80363.78,80363.77,80363.78,0.89146
1778334540.0,80363.77,80363.78,80356.86,80356.87,1.5268
1778334600.0,80356.86,80356.87,80356.85,80356.85,1.39517
1778334660.0,80356.85,80356.86,80340.19,80340.2,1.78942
1778334720.0,80340.2,80340.2,80340.19,80340.19,0.69877
1778334780.0,80340.2,80340.2,80340.19,80340.19,0.34711
1778334840.0,80340.2,80362.85,80340.19,80362.84,10.24396
1778334900.0,80362.85,80362.85,80362.84,80362.85,1.93362
1778334960.0,80362.85,80377.9,80362.84,80377.9,5.61018
1778335020.0,80377.9,80377.9,80377.89,80377.9,1.38139
1778335080.0,80377.89,80387.93,80377.89,80387.93,8.96868
1778335140.0,80387.92,80391.18,80387.92,80391.18,4.12252
1778335200.0,80391.18,80397.9,80385.68,80385.69,6.90017
1778335260.0,80385.69,80385.69,80382.75,80382.75,0.92992
1778335320.0,80382.75,80382.76,80382.75,80382.76,0.44825
1778335380.0,80382.75,80382.76,80372.3,80372.3,4.83978
1778335440.0,80372.31,80372.31,80357.75,80357.75,3.96333
1778335500.0,80357.76,80357.76,80357.75,80357.76,0.95183
1778335560.0,80357.76,80375.58,80357.75,80375.58,3.3614
1778335620.0,80375.58,80375.58,80375.57,80375.58,0.92016
1778335680.0,80375.57,80375.58,80375.57,80375.57,0.4179
1778335740.0,80375.58,80375.58,80358.0,80358.0,3.21861
1778335800.0,80358.01,80362.02,80358.0,80362.02,3.69271
1778335860.0,80362.02,80399.2,80362.01,80399.19,6.87508
1778335920.0,80399.2,80426.9,80399.19,80425.98,8.36844
1778335980.0,80425.98,80425.99,80401.48,80401.48,3.3469
1778336040.0,80401.48,80401.49,80387.75,80387.76,1.64135
1778336100.0,80387.75,80387.76,80387.75,80387.75,0.58012
1778336160.0,80387.75,80387.75,80359.69,80373.92,10.58375
1778336220.0,80373.91,80383.88,80372.3,80383.87,6.20099
1778336280.0,80383.88,80383.88,80381.46,80382.66,13.69607
1778336340.0,80382.66,80382.66,80373.15,80374.59,1.81688
1778336400.0,80374.6,80374.6,80372.3,80372.31,1.49416
1778336460.0,80372.3,80381.63,80372.3,80381.63,3.17929
1778336520.0,80381.63,80390.5,80372.3,80372.3,4.08449
1778336580.0,80372.3,80372.3,80302.78,80304.5,13.22813
1778336640.0,80304.5,80320.0,80294.15,80318.23,10.96617
1778336700.0,80318.22,80318.23,80294.15,80294.16,2.64082
1778336760.0,80294.15,80300.7,80288.0,80292.86,5.57084
1778336820.0,80292.87,80292.87,80276.92,80288.01,4.51031
1778336880.0,80288.02,80288.02,80254.71,80254.71,13.62493
1778336940.0,80254.72,80344.41,80254.71,80324.11,36.91899
1778337000.0,80324.1,80344.19,80324.1,80330.17,4.53207
1778337060.0,80330.18,80330.18,80303.21,80311.26,4.33764
1778337120.0,80311.27,80319.2,80303.79,80319.2,4.57813
1778337180.0,80319.2,80319.2,80306.98,80306.99,3.84337
1778337240.0,80306.99,80306.99,80282.99,80283.0,1.49232
1778337300.0,80283.0,80283.0,80264.0,80264.01,3.06588
1778337360.0,80264.01,80274.61,80264.0,80265.21,10.19612
1778337420.0,80265.22,80265.22,80254.86,80254.86,4.0098
1778337480.0,80254.87,80275.37,80254.86,80265.2,12.88466
1778337540.0,80265.2,80285.42,80265.2,80285.41,2.4383
1778337600.0,80285.42,80285.42,80271.37,80271.38,4.51345
1778337660.0,80271.37,80271.38,80271.37,80271.37,0.28823
1778337720.0,80271.38,80313.06,80271.37,80313.05,15.2257
1778337780.0,80313.06,80347.66,80313.05,80347.65,4.6413
1778337840.0,80347.66,80347.66,80336.16,80336.16,3.43399
1778337900.0,80336.17,80336.17,80336.16,80336.17,0.56923
1778337960.0,80336.17,80336.17,80336.16,80336.16,0.37002
1778338020.0,80336.17,80366.44,80336.16,80366.44,5.89531
1778338080.0,80366.43,80372.3,80366.43,80372.3,2.03807
1778338140.0,80372.29,80372.29,80346.75,80346.75,2.72904
1778338200.0,80346.76,80346.76,80334.79,80334.8,4.55891
1778338260.0,80334.79,80334.79,80303.55,80316.61,3.38508
1778338320.0,80316.61,80316.62,80258.64,80279.33,14.82275
1778338380.0,80279.33,80291.52,80279.32,80291.51,3.79342
1778338440.0,80291.51,80294.95,80291.51,80294.95,1.11324
1778338500.0,80294.95,80300.0,80294.94,80300.0,1.65304
1778338560.0,80300.0,80330.78,80299.99,80325.11,12.52159
1778338620.0,80325.12,80347.36,80325.11,80332.22,8.42678
1778338680.0,80332.23,80332.23,80332.22,80332.22,0.46511
1778338740.0,80332.23,80332.23,80332.22,80332.22,1.45141
1778338800.0,80332.23,80332.23,80321.23,80321.24,0.93188
1778338860.0,80321.23,80330.21,80320.0,80330.21,3.28141
1778338920.0,80330.21,80349.4,80330.2,80349.39,1.01579
1778338980.0,80349.4,80349.4,80349.39,80349.4,0.5728
1778339040.0,80349.39,80349.4,80327.45,80327.45,1.8103
1778339100.0,80327.45,80327.46,80289.23,80293.84,5.89791
1778339160.0,80293.85,80293.85,80280.18,80287.31,2.59125
1778339220.0,80287.31,80287.7,80280.01,80287.7,6.765
1778339280.0,80287.69,80303.44,80287.69,80295.68,10.80558
1778339340.0,80295.68,80295.69,80264.0,80264.0,19.52091
1778339400.0,80264.0,80299.82,80264.0,80279.51,28.35233
1778339460.0,80279.51,80279.51,80240.44,80240.44,14.48837
1778339520.0,80240.44,80240.45,80234.0,80240.45,2.17549
1778339580.0,80240.44,80290.63,80240.44,80290.62,6.54665
1778339640.0,80290.63,80299.82,80281.6,80299.81,6.16298
1778339700.0,80299.82,80343.62,80299.81,80343.62,3.08441
1778339760.0,80343.63,80343.63,80340.99,80340.99,0.31639
1778339820.0,80340.99,80368.36,80340.99,80368.36,3.21163
1778339880.0,80368.36,80388.68,80350.98,80360.22,24.73108
1778339940.0,80360.23,80360.23,80360.22,80360.22,0.72274
1778340000.0,80360.22,80396.54,80360.22,80395.29,7.48456
1778340060.0,80395.28,80407.75,80390.42,80390.43,6.98781
1778340120.0,80390.43,80390.43,80377.52,80377.52,1.6298
1778340180.0,80377.52,80385.57,80377.52,80385.56,2.41179
1778340240.0,80385.56,80385.57,80385.56,80385.57,0.52504
1778340300.0,80385.57,80411.77,80385.56,80411.77,2.83775
1778340360.0,80411.76,80411.77,80411.75,80411.75,0.74302
1778340420.0,80411.76,80411.76,80411.75,80411.75,0.30542
1778340480.0,80411.76,80411.76,80404.99,80404.99,0.39772
1778340540.0,80404.99,80411.0,80404.99,80410.99,0.70734
1778340600.0,80410.99,80471.29,80410.99,80471.28,10.85038
1778340660.0,80471.28,80474.0,80452.04,80452.04,5.29995
1778340720.0,80452.05,80457.09,80440.51,80451.31,2.78564
1778340780.0,80451.31,80451.31,80441.65,80441.65,2.38048
1778340840.0,80441.65,80441.66,80441.65,80441.66,0.64348
1778340900.0,80441.65,80473.49,80441.65,80473.48,7.18166
1778340960.0,80473.49,80473.49,80473.48,80473.48,2.90599
1778341020.0,80473.48,80527.08,80473.48,80493.41,61.88473
1778341080.0,80493.4,80514.61,80493.4,80510.35,11.50061
1778341140.0,80510.35,80526.52,80510.34,80526.52,6.76331
1778341200.0,80526.52,80533.21,80520.0,80520.0,2.86451
1778341260.0,80520.0,80534.58,80520.0,80534.58,2.01745
1778341320.0,80534.58,80600.0,80493.32,80519.55,29.58345
1778341380.0,80519.54,80519.55,80452.51,80488.59,24.30223
1778341440.0,80488.59,80488.59,80447.48,80476.82,14.00691
1778341500.0,80476.82,80510.26,80476.82,80496.7,9.26829
1778341560.0,80496.7,80496.7,80496.69,80496.7,0.90722
1778341620.0,80496.69,80537.82,80496.69,80537.82,6.15596
1778341680.0,80537.82,80575.15,80537.16,80537.16,9.81985
1778341740.0,80537.16,80537.17,80525.15,80532.12,3.22853
1778341800.0,80532.12,80532.12,80525.15,80525.15,1.63643
1778341860.0,80525.15,80525.16,80513.24,80513.25,1.10857
1778341920.0,80513.24,80538.92,80513.24,80538.91,3.25294
1778341980.0,80538.92,80538.92,80525.28,80525.29,3.53068
1778342040.0,80525.28,80527.54,80525.28,80527.53,2.20216
1778342100.0,80527.54,80527.54,80527.53,80527.54,0.25784
1778342160.0,80527.54,80527.55,80521.55,80522.26,9.50249
1778342220.0,80522.27,80530.0,80522.26,80529.99,4.57901
1778342280.0,80530.0,80530.0,80508.75,80518.52,10.53696
1778342340.0,80518.53,80527.93,80518.53,80527.92,0.5059
1778342400.0,80527.92,80551.84,80527.92,80530.0,14.70144
1778342460.0,80530.01,80530.01,80487.4,80499.43,12.7955
1778342520.0,80499.43,80517.38,80499.42,80517.38,2.35098
1778342580.0,80517.37,80532.67,80517.37,80532.67,2.01445
1778342640.0,80532.66,80532.67,80503.37,80503.37,2.54002
1778342700.0,80503.37,80531.97,80503.37,80531.96,8.16475
1778342760.0,80531.96,80533.46,80516.01,80533.45,6.9414
1778342820.0,80533.46,80541.13,80533.45,80533.46,6.99535
1778342880.0,80533.46,80539.95,80530.0,80539.95,3.61899
1778342940.0,80539.94,80571.14,80526.27,80571.14,8.74333
1778343000.0,80571.14,80621.87,80571.13,80621.87,22.88804
1778343060.0,80621.86,80621.87,80588.9,80588.9,5.65853
1778343120.0,80588.9,80588.9,80563.5,80563.5,5.49845
1778343180.0,80563.5,80583.61,80563.5,80581.47,5.3828
1778343240.0,80581.48,80581.48,80567.49,80577.96,3.52315
1778343300.0,80577.96,80600.93,80577.96,80600.92,3.65241
1778343360.0,80600.93,80625.0,80600.93,80624.99,3.21042
1778343420.0,80624.99,80657.12,80620.02,80655.89,12.32245
1778343480.0,80655.89,80657.12,80637.28,80641.2,16.98288
1778343540.0,80641.2,80663.56,80632.5,80649.89,30.71442
1778343600.0,80649.88,80777.0,80645.16,80706.34,58.75556
1778343660.0,80706.34,80711.63,80673.69,80690.93,19.4954
1778343720.0,80690.93,80705.04,80677.98,80705.04,2.18574
1778343780.0,80705.03,80705.04,80697.2,80698.69,5.77581
1778343840.0,80698.7,80734.21,80698.12,80728.19,6.85275
1778343900.0,80728.19,80768.45,80728.19,80749.35,11.43939
1778343960.0,80749.36,80749.36,80694.69,80695.28,12.93021
1778344020.0,80695.29,80696.47,80695.28,80696.46,4.16217
1778344080.0,80696.46,80696.47,80672.99,80672.99,5.77521
1778344140.0,80672.36,80672.36,80644.71,80655.86,4.69196
1778344200.0,80655.85,80655.85,80634.19,80634.2,8.06002
1778344260.0,80634.2,80650.0,80634.19,80642.14,5.55329
1778344320.0,80642.14,80648.27,80634.19,80640.0,6.96161
1778344380.0,80640.0,80649.52,80640.0,80640.0,4.52532
1778344440.0,80640.0,80640.01,80618.74,80625.41,18.42338
1778344500.0,80625.41,80627.88,80622.44,80627.87,6.93552
1778344560.0,80627.87,80634.95,80616.6,80634.94,4.27628
1778344620.0,80634.94,80650.0,80634.94,80649.99,1.35804
1778344680.0,80650.0,80650.0,80636.63,80636.64,11.22677
1778344740.0,80636.63,80636.64,80614.43,80614.44,2.9195
1778344800.0,80614.44,80614.44,80593.56,80612.8,7.0525
1778344860.0,80612.8,80632.72,80612.8,80622.72,2.34525
1778344920.0,80622.72,80632.17,80622.71,80632.17,1.70537
1778344980.0,80632.17,80639.38,80628.96,80628.96,4.14628
1778345040.0,80628.96,80638.58,80628.96,80638.57,3.29603
1778345100.0,80638.57,80650.0,80638.57,80639.69,15.05108
1778345160.0,80639.68,80650.0,80639.68,80644.94,3.01379
1778345220.0,80644.94,80644.94,80621.81,80621.82,2.68545
1778345280.0,80621.82,80627.0,80621.81,80627.0,7.91016
1778345340.0,80626.99,80627.0,80622.59,80626.33,22.10144
1778345400.0,80626.32,80626.33,80626.32,80626.33,0.71983
1778345460.0,80626.33,80626.33,80612.0,80612.0,0.77382
1778345520.0,80612.01,80612.01,80612.0,80612.01,0.95889
1778345580.0,80612.01,80619.87,80612.0,80619.86,2.66789
1778345640.0,80619.87,80619.87,80596.12,80615.0,52.19831
1778345700.0,80615.0,80638.38,80614.99,80626.91,9.70108
1778345760.0,80626.91,80626.92,80626.91,80626.92,0.96735
1778345820.0,80626.92,80631.85,80623.31,80631.85,4.62256
1778345880.0,80631.85,80650.0,80631.85,80647.51,2.0241
1778345940.0,80647.52,80647.52,80625.0,80625.01,21.60958
1778346000.0,80625.0,80633.37,80625.0,80633.37,3.82659
1778346060.0,80633.37,80646.74,80633.37,80635.92,0.77425
1778346120.0,80635.91,80635.92,80634.16,80634.17,1.10477
1778346180.0,80634.17,80645.89,80634.16,80645.89,2.86947
1778346240.0,80645.89,80672.98,80645.88,80672.64,7.01413
1778346300.0,80672.64,80756.95,80672.63,80732.52,14.39513
1778346360.0,80732.53,80734.96,80700.0,80705.57,4.75512
1778346420.0,80705.58,80749.99,80705.58,80749.98,20.01437
1778346480.0,80749.98,80777.0,80728.23,80777.0,9.97943
1778346540.0,80776.99,80777.0,80750.45,80769.72,8.37307
1778346600.0,80769.72,80777.0,80750.46,80755.39,4.77372
1778346660.0,80755.4,80817.99,80755.4,80794.42,25.17158
1778346720.0,80794.42,80803.74,80770.34,80770.35,5.04639
1778346780.0,80770.34,80773.98,80750.45,80754.44,15.55239
1778346840.0,80754.43,80754.44,80739.5,80741.34,11.95797
1778346900.0,80741.33,80754.44,80734.85,80748.42,3.25221
1778346960.0,80748.43,80748.43,80736.36,80736.37,0.89324
1778347020.0,80736.37,80743.77,80732.52,80737.93,5.6416
1778347080.0,80737.93,80765.47,80715.08,80725.63,20.93005
1778347140.0,80725.64,80733.43,80720.0,80733.42,2.62792
1778347200.0,80733.42,80733.43,80689.43,80699.04,6.76985
1778347260.0,80699.05,80756.81,80699.04,80756.81,8.07754
1778347320.0,80756.82,80771.64,80752.43,80771.64,8.84664
1778347380.0,80771.64,80785.38,80771.63,80772.5,12.65101
1778347440.0,80772.51,80772.51,80772.5,80772.5,0.31869
1778347500.0,80772.51,80833.33,80772.5,80817.45,17.02236
1778347560.0,80817.44,80826.31,80805.5,80815.03,2.3515
1778347620.0,80815.02,80826.05,80805.5,80819.51,6.34438
1778347680.0,80819.52,80832.45,80819.51,80832.44,1.9301
1778347740.0,80832.45,80832.45,80832.44,80832.45,4.43363
1778347800.0,80832.44,80858.68,80832.44,80850.23,8.0456
1778347860.0,80850.23,80870.21,80850.23,80870.2,3.12129
1778347920.0,80870.2,80870.21,80850.23,80850.24,12.32495
1778347980.0,80850.24,80853.53,80840.0,80853.53,18.90718
1778348040.0,80853.53,80862.32,80853.53,80862.32,3.33663
1778348100.0,80862.32,80902.82,80862.31,80889.87,10.29425
1778348160.0,80889.88,80916.0,80878.9,80893.39,17.886
1778348220.0,80893.4,80928.56,80893.39,80902.17,12.32004
1778348280.0,80902.18,80918.26,80890.57,80913.81,6.45928
1778348340.0,80913.8,80914.93,80895.19,80895.19,9.0006
1778348400.0,80895.19,80895.2,80895.19,80895.2,3.28476
1778348460.0,80895.19,80895.2,80880.66,80880.66,11.27193
1778348520.0,80880.66,80890.01,80880.66,80890.0,1.69756
1778348580.0,80890.01,80895.2,80869.32,80869.33,1.90524
1778348640.0,80869.32,80869.33,80826.21,80826.22,6.30356
1778348700.0,80826.22,80826.22,80822.25,80823.47,1.75277
1778348760.0,80823.48,80838.34,80823.48,80838.33,1.55797
1778348820.0,80838.34,80841.4,80838.33,80840.01,2.34496
1778348880.0,80840.01,80840.01,80822.17,80822.17,2.38307
1778348940.0,80822.18,80822.18,80792.78,80792.78,6.17564
1778349000.0,80792.79,80811.2,80792.79,80811.2,4.13673
1778349060.0,80811.19,80811.2,80805.5,80805.5,3.78758
1778349120.0,80805.5,80815.56,80805.5,80815.56,1.23237
1778349180.0,80815.55,80818.44,80805.5,80805.5,1.33984
1778349240.0,80805.51,80805.51,80781.82,80781.82,8.37702
1778349300.0,80781.83,80781.83,80764.92,80764.93,0.72938
1778349360.0,80764.92,80764.93,80764.92,80764.93,1.91679
1778349420.0,80764.92,80764.93,80735.44,80759.0,13.51545
1778349480.0,80759.0,80823.94,80758.99,80823.92,15.94077
1778349540.0,80823.92,80823.93,80812.7,80812.7,1.09036
1778349600.0,80812.69,80839.05,80812.69,80836.08,9.33141
1778349660.0,80836.09,80869.93,80836.08,80869.93,3.12308
1778349720.0,80869.92,80869.93,80852.26,80852.27,2.14127
1778349780.0,80852.26,80852.27,80830.01,80830.01,0.73444
1778349840.0,80830.01,80856.17,80830.01,80830.54,11.9637
1778349900.0,80830.05,80830.05,80830.04,80830.04,0.69848
1778349960.0,80830.04,80830.05,80828.82,80828.82,1.45438
1778350020.0,80828.83,80848.61,80821.47,80848.61,1.6825
1778350080.0,80848.61,80848.61,80833.57,80833.57,1.45314
1778350140.0,80833.58,80833.58,80819.53,80819.53,1.28063
1778350200.0,80819.52,80819.53,80808.24,80808.25,1.39279
1778350260.0,80808.24,80808.25,80808.24,80808.25,0.33565
1778350320.0,80808.25,80808.25,80805.5,80805.51,2.08385
1778350380.0,80805.51,80805.51,80787.39,80787.4,3.70776
1778350440.0,80787.4,80833.31,80787.39,80833.31,20.00704
1778350500.0,80833.31,80841.99,80832.0,80832.0,1.99177
1778350560.0,80832.01,80832.01,80832.0,80832.01,2.0251
1778350620.0,80832.01,80848.91,80832.0,80848.9,1.7017
1778350680.0,80848.91,80854.34,80843.09,80843.09,0.58405
1778350740.0,80843.09,80843.1,80832.0,80832.01,1.52462
1778350800.0,80832.0,80832.01,80812.59,80812.59,2.48774
1778350860.0,80812.59,80812.6,80812.59,80812.59,1.55389
1778350920.0,80812.59,80812.6,80812.59,80812.59,0.23228
1778350980.0,80812.6,80836.91,80812.59,80836.91,1.13466
1778351040.0,80836.91,80854.6,80828.14,80854.59,3.24321
1778351100.0,80854.6,80913.8,80854.59,80913.79,13.70684
1778351160.0,80913.8,81044.3,80913.79,81025.51,83.18395
1778351220.0,81025.51,81040.88,81001.3,81003.41,19.03454
1778351280.0,81003.4,81035.9,80999.28,81035.89,17.24743
1778351340.0,81035.89,81045.08,81026.82,81040.54,7.7702
1778351400.0,81040.53,81080.0,81036.47,81036.47,9.28807
1778351460.0,81036.48,81036.48,81007.79,81010.0,9.76764
1778351520.0,81010.0,81047.03,81009.99,81044.21,3.91794
1778351580.0,81044.21,81044.23,81028.34,81038.74,10.50487
1778351640.0,81038.73,81038.74,81029.2,81029.2,1.30673
1778351700.0,81029.2,81029.21,80975.02,80975.02,7.9876
1778351760.0,80974.7,80996.52,80966.56,80981.46,2.05956
1778351820.0,80981.46,80981.46,80966.56,80969.71,2.5792
1778351880.0,80969.71,80974.98,80969.71,80974.97,1.11258
1778351940.0,80974.97,80980.11,80950.78,80950.78,3.19697
1778352000.0,80950.78,80950.79,80941.55,80941.56,1.28416
1778352060.0,80941.56,80941.56,80941.55,80941.56,0.90731
1778352120.0,80941.55,80941.56,80900.0,80911.08,15.15676
1778352180.0,80911.08,80921.35,80911.08,80921.33,5.38452
1778352240.0,80921.34,80921.34,80902.01,80902.01,10.70308
1778352300.0,80902.02,80902.02,80890.12,80890.13,0.90186
1778352360.0,80890.12,80890.13,80865.75,80880.0,5.83609
1778352420.0,80880.0,80894.72,80879.99,80894.71,1.06358
1778352480.0,80894.71,80894.72,80881.71,80881.72,3.47873
1778352540.0,80881.71,80900.56,80881.71,80900.56,2.10616
1778352600.0,80900.56,80900.56,80900.55,80900.55,1.59548
1778352660.0,80900.56,80902.58,80900.55,80902.57,5.21359
1778352720.0,80902.57,80902.58,80902.57,80902.57,1.85192
1778352780.0,80902.57,80926.07,80902.57,80913.81,3.36872
1778352840.0,80913.8,80913.81,80913.8,80913.8,0.55541
1778352900.0,80913.8,80913.81,80895.48,80895.49,3.65311
1778352960.0,80895.49,80895.49,80895.47,80895.48,2.33218
1778353020.0,80895.48,80895.48,80895.47,80895.48,0.55979
1778353080.0,80895.47,80895.48,80895.47,80895.48,0.38075
1778353140.0,80895.48,80907.66,80895.47,80907.65,2.4874
1778353200.0,80907.66,80927.66,80907.65,80927.66,1.71726
1778353260.0,80927.66,80927.66,80913.81,80913.82,1.75897
1778353320.0,80913.82,80913.82,80913.81,80913.81,0.32053
1778353380.0,80913.82,80915.2,80882.25,80882.25,5.75722
1778353440.0,80882.25,80882.26,80882.24,80882.24,3.0049
1778353500.0,80882.24,80907.67,80874.44,80904.19,6.58438
1778353560.0,80904.19,80904.2,80878.0,80878.01,1.62919
1778353620.0,80878.0,80878.01,80874.44,80874.44,5.585
1778353680.0,80874.45,80895.52,80874.45,80895.51,7.57069
1778353740.0,80895.52,80895.52,80886.63,80886.64,0.91266
1778353800.0,80886.64,80886.64,80865.75,80876.69,1.42861
1778353860.0,80876.68,80876.69,80876.68,80876.69,1.00124
1778353920.0,80876.68,80886.64,80876.68,80886.64,1.47988
1778353980.0,80886.64,80888.94,80886.63,80888.93,5.04693
1778354040.0,80888.94,80888.94,80888.93,80888.94,1.50886
1778354100.0,80888.94,80888.94,80870.22,80870.22,1.23596
1778354160.0,80870.22,80870.23,80860.0,80860.01,1.35915
1778354220.0,80860.0,80860.01,80831.71,80831.71,2.66466
1778354280.0,80831.71,80843.13,80831.71,80843.12,1.72391
1778354340.0,80843.13,80897.78,80843.12,80897.78,20.68528
1778354400.0,80897.78,80897.79,80882.39,80882.4,3.23009
1778354460.0,80882.4,80908.22,80882.39,80908.21,2.01212
1778354520.0,80908.22,80909.18,80908.21,80909.18,0.54493
1778354580.0,80909.17,80917.36,80909.17,80914.91,1.68413
1778354640.0,80914.78,80914.78,80882.21,80882.22,9.32471
1778354700.0,80882.21,80882.22,80822.21,80822.21,10.17857
1778354760.0,80822.21,80822.22,80822.19,80822.2,6.79412
1778354820.0,80822.19,80822.19,80776.99,80791.88,11.42747
1778354880.0,80791.87,80821.5,80791.87,80817.03,2.53023
1778354940.0,80817.02,80825.9,80817.02,80825.89,2.3109
1778355000.0,80825.9,80825.9,80805.5,80805.5,2.09721
1778355060.0,80805.5,80809.54,80805.5,80805.51,3.55766
1778355120.0,80805.5,80807.66,80805.5,80807.65,1.98331
1778355180.0,80807.66,80807.66,80807.65,80807.66,0.20511
1778355240.0,80807.65,80807.66,80807.65,80807.66,0.30027
1778355300.0,80807.65,80807.66,80800.12,80803.76,7.64209
1778355360.0,80803.76,80803.77,80797.11,80797.11,4.35757
1778355420.0,80797.1,80797.11,80795.6,80795.61,0.75574
1778355480.0,80795.61,80803.77,80795.6,80803.76,1.00098
1778355540.0,80803.77,80803.77,80803.76,80803.77,0.24232
1778355600.0,80803.77,80840.0,80803.77,80839.99,3.53961
1778355660.0,80840.0,80840.0,80828.02,80828.03,3.89528
1778355720.0,80828.02,80828.03,80826.17,80826.17,2.3646
1778355780.0,80826.17,80826.18,80826.17,80826.17,0.16541
1778355840.0,80826.17,80844.91,80826.17,80844.9,2.28531
1778355900.0,80844.9,80844.9,80842.48,80842.48,1.38813
1778355960.0,80842.49,80842.49,80820.0,80820.0,0.73708
1778356020.0,80820.0,80850.99,80820.0,80842.75,1.44014
1778356080.0,80842.75,80855.81,80841.56,80855.8,3.43183
1778356140.0,80855.81,80855.81,80855.8,80855.8,0.42122
1778356200.0,80855.81,80889.52,80855.81,80889.51,0.85558
1778356260.0,80889.51,80889.52,80877.54,80877.55,2.06409
1778356320.0,80877.55,80891.68,80877.54,80891.68,2.29798
1778356380.0,80891.68,80905.07,80891.67,80905.06,1.97954
1778356440.0,80905.06,80958.0,80905.06,80931.49,20.85665
1778356500.0,80931.5,80956.97,80931.5,80940.5,5.96973
1778356560.0,80940.49,80940.5,80923.37,80923.37,2.28925
1778356620.0,80923.37,80923.38,80913.8,80913.8,1.42323
1778356680.0,80913.8,80913.81,80899.99,80899.99,4.25005
1778356740.0,80899.99,80938.53,80899.99,80938.53,10.99915
1778356800.0,80938.53,80938.53,80926.19,80927.76,3.73492
1778356860.0,80927.75,80927.76,80913.82,80913.83,1.51789
1778356920.0,80913.82,80922.46,80913.8,80913.81,2.5953
1778356980.0,80913.81,80913.81,80883.78,80883.79,3.50554
1778357040.0,80883.78,80891.47,80882.82,80888.28,3.36852
1778357100.0,80888.29,80888.29,80880.0,80880.0,0.97921
1778357160.0,80880.0,80880.01,80863.83,80873.18,6.90942
1778357220.0,80873.17,80877.01,80873.17,80877.0,1.14843
1778357280.0,80877.01,80877.01,80863.31,80870.87,2.94515
1778357340.0,80870.87,80875.86,80870.87,80875.86,0.95751
1778357400.0,80875.85,80875.86,80875.85,80875.86,0.41575
1778357460.0,80875.85,80875.86,80864.0,80864.01,1.3713
1778357520.0,80864.0,80864.01,80853.29,80853.3,1.2803
1778357580.0,80853.3,80853.31,80841.02,80841.02,3.21191
1778357640.0,80841.02,80841.03,80831.5,80831.5,0.65598
1778357700.0,80831.51,80831.51,80819.57,80819.58,1.3471
1778357760.0,80819.58,80835.07,80819.57,80833.84,3.65363
1778357820.0,80833.84,80841.92,80833.83,80841.91,5.46175
1778357880.0,80841.91,80841.92,80826.48,80826.49,2.10054
1778357940.0,80826.49,80826.49,80826.48,80826.48,0.72023
1778358000.0,80826.48,80826.49,80826.48,80826.49,0.42626
1778358060.0,80826.49,80826.49,80826.48,80826.49,0.38329
1778358120.0,80826.48,80826.49,80826.48,80826.48,2.39824
1778358180.0,80826.48,80826.49,80810.71,80810.72,2.47119
1778358240.0,80810.72,80810.72,80773.48,80773.56,8.15948
1778358300.0,80773.57,80780.34,80773.56,80780.33,5.30787
1778358360.0,80780.34,80801.2,80780.33,80801.19,1.0385
1778358420.0,80801.2,80801.2,80791.66,80791.67,1.58788
1778358480.0,80791.66,80797.15,80791.66,80797.14,5.46668
1778358540.0,80797.15,80797.15,80797.14,80797.14,0.5017
1778358600.0,80797.15,80806.47,80796.54,80796.55,3.92982
1778358660.0,80796.54,80796.55,80796.54,80796.54,0.58808
1778358720.0,80796.55,80796.55,80796.54,80796.55,0.25427
1778358780.0,80796.55,80796.55,80765.27,80765.28,1.68661
1778358840.0,80765.28,80765.28,80744.98,80750.14,12.73125
1778358900.0,80750.15,80769.26,80744.99,80769.26,1.85568
1778358960.0,80769.25,80769.26,80763.36,80763.36,0.70124
1778359020.0,80763.36,80789.01,80763.36,80789.0,6.56657
1778359080.0,80789.0,80789.01,80789.0,80789.0,0.8253
1778359140.0,80789.0,80789.01,80789.0,80789.0,0.39724
1778359200.0,80789.0,80789.01,80780.0,80780.93,2.89348
1778359260.0,80780.93,80783.95,80780.92,80783.95,0.81073
1778359320.0,80783.95,80789.76,80783.94,80789.75,0.65692
1778359380.0,80789.75,80800.0,80789.75,80799.99,1.09744
1778359440.0,80800.0,80813.7,80799.99,80805.51,0.69852
1778359500.0,80805.51,80805.51,80791.43,80791.43,3.75396
1778359560.0,80791.44,80791.44,80791.43,80791.44,0.17193
1778359620.0,80791.44,80791.44,80791.43,80791.44,0.42941
1778359680.0,80791.44,80791.44,80791.43,80791.43,0.47579
1778359740.0,80791.44,80791.44,80791.43,80791.44,0.11133
1778359800.0,80791.44,80802.58,80791.43,80802.57,1.00746
1778359860.0,80802.58,80815.97,80802.57,80815.96,0.82654
1778359920.0,80815.97,80818.7,80815.96,80818.69,1.14229
1778359980.0,80818.7,80818.7,80818.69,80818.7,1.43807
1778360040.0,80818.7,80818.7,80783.45,80783.45,13.54995
1778360100.0,80783.46,80814.19,80783.45,80805.51,7.67529
1778360160.0,80805.51,80805.51,80805.5,80805.5,0.30718
1778360220.0,80805.5,80805.51,80805.5,80805.5,0.20995
1778360280.0,80805.5,80805.51,80805.5,80805.5,0.24741
1778360340.0,80805.51,80805.51,80805.5,80805.5,1.47886
1778360400.0,80805.51,80821.99,80805.51,80821.43,3.77336
1778360460.0,80821.44,80821.44,80815.33,80815.34,1.75779
1778360520.0,80815.33,80828.95,80815.33,80828.95,1.17525
1778360580.0,80828.95,80829.85,80828.95,80829.84,1.01123
1778360640.0,80829.85,80829.85,80829.84,80829.84,0.19947
1778360700.0,80829.85,80849.44,80829.84,80849.44,1.5489
1778360760.0,80849.44,80860.92,80849.44,80860.92,5.74742
1778360820.0,80860.92,80861.83,80860.91,80861.82,0.74338
1778360880.0,80861.82,80861.83,80840.28,80852.76,3.39129
1778360940.0,80852.77,80852.77,80852.76,80852.77,0.50836
1778361000.0,80852.77,80852.77,80852.76,80852.76,0.46212
1778361060.0,80852.76,80852.77,80852.76,80852.77,0.5953
1778361120.0,80852.76,80852.77,80846.0,80852.35,5.73533
1778361180.0,80852.35,80896.0,80852.35,80868.06,6.67274
1778361240.0,80868.07,80868.07,80856.19,80856.19,1.1167
1778361300.0,80856.2,80856.2,80856.19,80856.2,0.77282
1778361360.0,80856.19,80871.33,80856.19,80871.32,2.14851
1778361420.0,80871.33,80871.33,80856.19,80856.2,1.09776
1778361480.0,80856.2,80856.2,80856.19,80856.19,0.42282
1778361540.0,80856.19,80856.2,80856.19,80856.2,0.5551
1778361600.0,80856.19,80856.2,80831.07,80831.08,2.3609
1778361660.0,80831.08,80831.08,80827.47,80827.48,1.1877
1778361720.0,80827.47,80831.92,80827.47,80831.91,1.12602
1778361780.0,80831.92,80831.92,80819.96,80819.96,0.91335
1778361840.0,80819.96,80819.97,80805.5,80805.5,0.50652
1778361900.0,80805.5,80805.5,80796.76,80796.77,3.73131
1778361960.0,80796.77,80796.77,80780.0,80780.01,2.30581
1778362020.0,80780.01,80797.87,80780.0,80797.86,5.68202
1778362080.0,80797.87,80800.88,80797.86,80800.87,0.24346
1778362140.0,80800.87,80809.54,80800.87,80809.53,1.17848
1778362200.0,80809.54,80809.54,80809.53,80809.53,0.99591
1778362260.0,80809.54,80809.54,80809.53,80809.54,0.44804
1778362320.0,80809.53,80809.54,80809.53,80809.54,0.6862
1778362380.0,80809.53,80809.54,80809.53,80809.54,1.54133
1778362440.0,80809.54,80809.54,80792.49,80792.5,5.16887
1778362500.0,80792.5,80793.01,80786.29,80793.01,3.45808
1778362560.0,80793.01,80793.01,80793.0,80793.01,0.40243
1778362620.0,80793.01,80793.01,80785.92,80785.93,1.40175
1778362680.0,80785.92,80785.92,80764.5,80765.73,3.05521
1778362740.0,80765.73,80765.73,80765.72,80765.73,0.58161
1778362800.0,80765.72,80765.73,80765.72,80765.73,0.9935
1778362860.0,80765.72,80786.24,80765.72,80786.24,1.51582
1778362920.0,80786.24,80792.01,80771.43,80771.43,5.56704
1778362980.0,80771.43,80771.43,80749.81,80767.36,4.76968
1778363040.0,80767.37,80767.37,80749.81,80749.81,1.9719
1778363100.0,80749.81,80750.0,80749.81,80749.99,1.44665
1778363160.0,80750.0,80750.0,80749.99,80749.99,0.37761
1778363220.0,80750.0,80765.39,80744.98,80765.39,2.94935
1778363280.0,80765.39,80768.52,80753.69,80757.21,10.60115
1778363340.0,80757.22,80787.65,80757.21,80783.75,13.22408
1778363400.0,80783.76,80799.18,80776.97,80776.97,3.7302
1778363460.0,80776.97,80776.98,80764.68,80764.69,1.33736
1778363520.0,80764.68,80764.69,80760.94,80760.94,0.75916
1778363580.0,80760.95,80760.95,80759.64,80759.64,0.37785
1778363640.0,80759.65,80816.48,80759.64,80805.5,4.49559
1778363700.0,80805.5,80805.5,80783.67,80783.67,3.24381
1778363760.0,80783.67,80783.68,80783.67,80783.68,1.35558
1778363820.0,80783.68,80812.0,80783.67,80805.51,8.44903
1778363880.0,80805.51,80807.76,80784.15,80807.75,3.61225
1778363940.0,80807.75,80807.75,80780.82,80780.83,2.66589
1778364000.0,80780.83,80797.32,80780.82,80797.31,2.59752
1778364060.0,80797.32,80797.32,80773.57,80778.43,3.09132
1778364120.0,80778.43,80788.4,80777.09,80785.17,1.96589
1778364180.0,80785.18,80785.18,80764.0,80764.0,1.9299
1778364240.0,80764.0,80770.66,80760.95,80770.65,0.94603
1778364300.0,80770.66,80770.66,80768.92,80768.92,0.26065
1778364360.0,80768.93,80782.58,80756.82,80769.98,5.21692
1778364420.0,80769.99,80769.99,80758.98,80758.98,0.82694
1778364480.0,80758.99,80758.99,80744.98,80744.99,1.12472
1778364540.0,80744.98,80744.99,80727.72,80744.81,4.49091
1778364600.0,80744.8,80744.81,80744.8,80744.8,0.461
1778364660.0,80744.8,80760.0,80744.8,80759.99,1.97299
1778364720.0,80760.0,80762.06,80744.8,80744.8,1.65876
1778364780.0,80744.8,80744.81,80735.6,80735.61,1.42859
1778364840.0,80735.6,80750.37,80735.6,80750.37,2.32403
1778364900.0,80750.37,80759.78,80750.36,80759.78,0.27955
1778364960.0,80759.78,80771.68,80759.78,80771.67,0.54945
1778365020.0,80771.67,80776.91,80771.67,80776.91,0.62294
1778365080.0,80776.91,80786.01,80776.9,80786.01,0.70321
1778365140.0,80786.0,80786.01,80773.68,80773.68,2.89057
1778365200.0,80773.69,80773.69,80773.68,80773.68,0.40818
1778365260.0,80773.68,80773.69,80773.68,80773.69,0.44838
1778365320.0,80773.68,80773.68,80756.49,80761.34,2.67629
1778365380.0,80761.34,80768.1,80761.34,80768.1,0.6812
1778365440.0,80768.1,80772.9,80768.09,80772.9,0.94215
1778365500.0,80772.89,80772.9,80772.89,80772.9,0.1063
1778365560.0,80772.9,80772.9,80772.89,80772.9,0.73074
1778365620.0,80772.9,80772.9,80772.89,80772.89,1.56259
1778365680.0,80772.89,80781.16,80772.89,80781.16,2.16466
1778365740.0,80781.15,80781.16,80758.76,80758.76,7.76527
1778365800.0,80758.76,80758.77,80697.2,80697.2,6.66408
1778365860.0,80697.21,80717.84,80697.21,80712.53,5.6445
1778365920.0,80712.53,80712.54,80670.01,80692.89,9.68107
1778365980.0,80692.88,80699.98,80681.44,80697.56,12.4951
1778366040.0,80697.56,80759.73,80697.55,80759.72,18.40787
1778366100.0,80759.73,80759.73,80749.33,80749.33,0.37345
1778366160.0,80749.34,80749.34,80735.71,80735.71,2.06901
1778366220.0,80735.7,80743.25,80735.7,80743.25,1.22062
1778366280.0,80743.24,80755.88,80743.24,80755.87,1.8803
1778366340.0,80755.88,80761.18,80755.87,80761.18,0.58361
1778366400.0,80761.17,80761.18,80761.17,80761.18,0.68171
1778366460.0,80761.18,80786.31,80761.17,80785.99,7.59125
1778366520.0,80786.0,80805.0,80785.99,80805.0,1.7326
1778366580.0,80805.0,80823.24,80804.99,80823.24,3.55111
1778366640.0,80823.24,80823.24,80817.05,80817.05,4.72607
1778366700.0,80817.06,80817.06,80817.05,80817.05,0.57046
1778366760.0,80817.06,80817.06,80817.05,80817.05,1.79807
1778366820.0,80817.05,80817.06,80805.5,80805.5,2.09143
1778366880.0,80805.5,80805.51,80786.68,80786.68,3.27821
1778366940.0,80786.68,80786.68,80782.8,80782.81,1.12776
1778367000.0,80782.8,80782.8,80777.44,80777.44,2.2895
1778367060.0,80777.44,80777.45,80777.44,80777.44,0.39683
1778367120.0,80777.45,80784.51,80777.44,80784.51,3.64583
1778367180.0,80784.5,80784.51,80765.42,80765.42,2.98358
1778367240.0,80765.42,80765.43,80754.57,80754.57,0.50083
1778367300.0,80754.58,80772.62,80750.66,80772.62,1.87533
1778367360.0,80772.61,80772.61,80750.66,80758.77,1.55352
1778367420.0,80758.77,80758.77,80758.76,80758.76,0.57363
1778367480.0,80758.76,80758.77,80758.76,80758.77,0.4014
1778367540.0,80758.77,80782.38,80750.66,80782.38,46.33164
1778367600.0,80782.38,80808.16,80770.96,80805.51,124.12316
1778367660.0,80805.51,80805.51,80805.5,80805.5,0.68805
1778367720.0,80805.51,80805.51,80805.5,80805.5,1.00488
1778367780.0,80805.51,80850.0,80805.5,80837.95,14.85379
1778367840.0,80837.96,80837.96,80759.99,80760.0,141.88132
1778367900.0,80760.0,80783.33,80753.6,80753.61,18.78553
1778367960.0,80753.61,80756.04,80732.52,80732.52,2.21017
1778368020.0,80732.52,80732.52,80714.9,80714.91,6.37335
1778368080.0,80714.91,80714.91,80714.9,80714.9,0.65266
1778368140.0,80714.91,80714.91,80714.9,80714.91,0.40504
1778368200.0,80714.9,80718.94,80714.9,80714.9,1.0762
1778368260.0,80714.9,80714.91,80700.0,80713.89,3.96431
1778368320.0,80713.88,80728.19,80713.88,80728.18,0.32265
1778368380.0,80728.18,80732.52,80728.18,80732.51,0.62239
1778368440.0,80732.51,80732.51,80732.5,80732.5,1.95396
1778368500.0,80732.5,80732.51,80712.44,80712.44,2.46038
1778368560.0,80712.44,80712.45,80712.44,80712.45,0.14701
1778368620.0,80712.44,80712.45,80700.0,80700.0,1.28593
1778368680.0,80700.01,80700.01,80700.0,80700.01,0.49991
1778368740.0,80700.01,80700.01,80700.0,80700.0,0.42337
1778368800.0,80700.01,80700.01,80700.0,80700.01,0.19792
1778368860.0,80700.01,80700.01,80700.0,80700.0,0.41205
1778368920.0,80700.01,80700.01,80700.0,80700.0,0.21083
1778368980.0,80700.01,80700.01,80700.0,80700.0,0.6766
1778369040.0,80700.01,80700.01,80691.9,80691.9,3.94133
1778369100.0,80691.91,80691.91,80686.76,80686.77,0.88354
1778369160.0,80686.77,80686.77,80671.68,80671.68,1.14994
1778369220.0,80671.68,80673.24,80660.42,80673.24,4.22188
1778369280.0,80673.26,80673.27,80673.26,80673.27,0.17347
1778369340.0,80673.26,80673.27,80673.25,80673.25,1.48605
1778369400.0,80673.26,80673.26,80664.69,80664.69,1.07993
1778369460.0,80664.7,80664.7,80646.1,80646.11,3.64822
1778369520.0,80646.1,80647.1,80625.12,80647.09,6.66745
1778369580.0,80647.09,80659.69,80647.09,80657.26,1.0756
1778369640.0,80657.27,80674.71,80657.26,80674.0,23.32928
1778369700.0,80674.0,80683.57,80674.0,80683.57,3.53733
1778369760.0,80683.57,80689.98,80683.56,80689.97,0.75274
1778369820.0,80689.98,80689.98,80676.3,80676.3,1.68848
1778369880.0,80676.31,80676.31,80675.25,80675.25,0.84626
1778369940.0,80675.26,80675.26,80647.48,80647.49,1.2502
1778370000.0,80647.48,80647.48,80621.88,80640.31,29.02047
1778370060.0,80640.31,80647.46,80640.3,80647.46,3.95301
1778370120.0,80647.46,80647.46,80647.45,80647.45,0.35836
1778370180.0,80647.46,80658.88,80647.45,80658.87,8.23877
1778370240.0,80658.87,80667.37,80658.87,80666.94,4.2265
1778370300.0,80666.94,80666.95,80666.94,80666.95,0.24607
1778370360.0,80666.94,80674.52,80662.58,80662.59,20.12205
1778370420.0,80662.59,80684.38,80662.58,80671.18,9.72214
1778370480.0,80671.18,80671.18,80671.17,80671.18,0.18607
1778370540.0,80671.18,80707.3,80671.17,80707.3,8.71891
1778370600.0,80707.3,80707.3,80700.64,80700.65,2.6604
1778370660.0,80700.64,80700.65,80700.64,80700.65,0.51626
1778370720.0,80700.64,80700.65,80700.64,80700.64,0.68536
1778370780.0,80700.64,80700.64,80683.5,80683.51,4.91846
1778370840.0,80683.51,80696.49,80683.5,80696.48,4.41239
1778370900.0,80696.49,80701.63,80696.48,80701.62,5.31106
1778370960.0,80701.62,80701.63,80701.62,80701.63,1.19514
1778371020.0,80701.63,80701.63,80697.2,80697.2,3.42516
1778371080.0,80697.21,80697.21,80697.2,80697.2,2.25094
1778371140.0,80697.2,80697.21,80678.4,80678.4,5.63693
1778371200.0,80678.41,80691.64,80662.26,80691.63,16.80268
1778371260.0,80691.64,80691.64,80691.63,80691.64,1.43151
1778371320.0,80691.64,80715.93,80691.63,80709.94,4.89276
1778371380.0,80709.94,80709.94,80662.64,80662.64,3.67423
1778371440.0,80662.65,80662.65,80643.48,80643.48,11.28279
1778371500.0,80643.49,80652.0,80610.64,80643.7,59.59619
1778371560.0,80643.71,80647.99,80643.7,80645.57,10.8169
1778371620.0,80645.57,80645.57,80630.0,80639.96,10.08637
1778371680.0,80639.97,80675.62,80626.42,80670.38,23.055
1778371740.0,80669.58,80686.83,80669.58,80670.0,4.45874
1778371800.0,80670.0,80688.13,80670.0,80683.95,16.06308
1778371860.0,80683.96,80708.43,80683.96,80708.42,2.3774
1778371920.0,80708.43,80714.5,80708.42,80714.5,2.73354
1778371980.0,80714.49,80728.53,80714.49,80728.53,0.85395
1778372040.0,80728.53,80728.53,80714.49,80714.49,2.46851
1778372100.0,80714.5,80732.67,80714.49,80732.66,14.32484
1778372160.0,80732.66,80732.67,80708.01,80717.45,5.82131
1778372220.0,80717.46,80720.0,80712.86,80712.87,1.59899
1778372280.0,80712.87,80712.87,80712.86,80712.86,0.4576
1778372340.0,80712.87,80743.66,80712.86,80743.65,6.56802
1778372400.0,80743.65,80757.87,80743.65,80757.87,4.16284
1778372460.0,80757.87,80757.87,80751.84,80757.87,5.34033
1778372520.0,80757.87,80770.51,80757.86,80767.09,3.03876
1778372580.0,80767.09,80767.09,80767.08,80767.09,3.51395
1778372640.0,80767.09,80767.09,80744.33,80744.33,3.27857
1778372700.0,80744.33,80744.34,80714.0,80714.0,2.5606
1778372760.0,80714.01,80714.01,80706.0,80706.0,0.90155
1778372820.0,80706.01,80706.01,80706.0,80706.0,0.41291
1778372880.0,80706.01,80714.01,80706.0,80714.01,1.80114
1778372940.0,80714.01,80714.01,80714.0,80714.0,0.28629
1778373000.0,80714.0,80714.01,80700.14,80700.14,1.06247
1778373060.0,80700.15,80700.15,80697.2,80697.21,0.4884
1778373120.0,80697.21,80697.21,80660.43,80660.43,2.43175
1778373180.0,80660.44,80695.88,80660.44,80695.88,20.53083
1778373240.0,80695.88,80726.23,80695.87,80726.23,0.94288
1778373300.0,80726.22,80751.33,80726.22,80742.01,2.28518
1778373360.0,80742.01,80751.33,80735.78,80742.57,0.83554
1778373420.0,80742.57,80742.57,80722.62,80728.57,1.68049
1778373480.0,80728.57,80728.57,80698.67,80698.67,1.14014
1778373540.0,80698.66,80747.48,80697.2,80742.56,11.20845
1778373600.0,80742.57,80742.57,80725.43,80729.85,6.4501
1778373660.0,80729.85,80729.85,80729.84,80729.85,0.72155
1778373720.0,80729.85,80753.19,80729.84,80753.19,1.21987
1778373780.0,80753.19,80765.22,80753.18,80765.21,0.43124
1778373840.0,80765.22,80770.32,80738.12,80738.12,17.2352
1778373900.0,80738.12,80741.77,80707.6,80707.6,6.40039
1778373960.0,80707.6,80707.61,80697.2,80700.03,1.52181
1778374020.0,80700.03,80700.03,80697.2,80697.2,0.49866
1778374080.0,80697.21,80697.21,80697.2,80697.21,1.40548
1778374140.0,80697.2,80697.21,80690.0,80693.46,0.99406
1778374200.0,80693.46,80693.47,80662.43,80662.44,2.4376
1778374260.0,80662.44,80665.79,80645.36,80658.98,11.15205
1778374320.0,80658.98,80661.36,80658.97,80661.35,0.15132
1778374380.0,80661.35,80678.02,80661.35,80665.61,2.55904
1778374440.0,80665.61,80665.62,80656.89,80662.86,0.94765
1778374500.0,80662.85,80671.83,80657.2,80671.83,1.92421
1778374560.0,80671.83,80671.83,80669.51,80669.51,1.33108
1778374620.0,80669.52,80669.52,80669.51,80669.52,1.99825
1778374680.0,80669.52,80669.55,80632.34,80647.15,4.85877
1778374740.0,80647.15,80680.04,80647.14,80680.04,14.77131
1778374800.0,80680.03,80680.04,80639.08,80643.59,17.26987
1778374860.0,80643.59,80643.59,80594.8,80604.07,81.09644
1778374920.0,80604.07,80604.08,80579.34,80596.12,10.21725
1778374980.0,80596.13,80621.01,80584.98,80621.01,3.00038
1778375040.0,80621.0,80623.27,80621.0,80623.27,1.21137
1778375100.0,80623.27,80623.27,80594.33,80594.34,1.14026
1778375160.0,80594.33,80611.05,80594.33,80611.04,2.47099
1778375220.0,80611.05,80628.01,80611.04,80626.99,1.45904
1778375280.0,80626.98,80647.46,80618.07,80647.46,1.19954
1778375340.0,80647.45,80650.2,80647.45,80650.19,1.29621
1778375400.0,80650.2,80650.2,80623.28,80623.28,2.71331
1778375460.0,80623.29,80643.18,80623.28,80643.17,1.28877
1778375520.0,80643.18,80647.94,80638.33,80647.94,8.66527
1778375580.0,80647.94,80647.94,80625.02,80625.02,2.55411
1778375640.0,80625.02,80625.03,80625.02,80625.03,1.21141
1778375700.0,80625.03,80625.03,80611.0,80611.0,1.15072
1778375760.0,80611.01,80621.38,80607.96,80621.38,4.64424
1778375820.0,80621.37,80625.03,80621.37,80625.03,7.9456
1778375880.0,80625.03,80646.43,80625.02,80646.42,8.53336
1778375940.0,80646.43,80658.85,80618.08,80618.08,42.01011
1778376000.0,80618.08,80618.08,80612.68,80612.69,0.5045
1778376060.0,80612.68,80630.55,80612.68,80630.54,8.69962
1778376120.0,80630.54,80630.55,80630.54,80630.54,1.37912
1778376180.0,80630.54,80630.55,80599.1,80599.1,3.51027
1778376240.0,80599.11,80599.11,80572.77,80572.77,4.25015
1778376300.0,80572.77,80611.97,80572.77,80588.91,44.89704
1778376360.0,80588.9,80602.53,80588.9,80588.9,5.71896
1778376420.0,80588.9,80599.83,80588.9,80599.83,1.87608
1778376480.0,80599.82,80599.82,80588.9,80591.43,2.13077
1778376540.0,80591.42,80603.58,80591.42,80603.57,5.43695
1778376600.0,80603.58,80636.02,80603.57,80636.02,2.66981
1778376660.0,80636.01,80646.13,80636.01,80646.12,0.58675
1778376720.0,80646.13,80646.13,80628.48,80628.48,2.40582
1778376780.0,80628.49,80628.49,80617.24,80617.24,1.47138
1778376840.0,80617.24,80626.93,80589.92,80589.93,13.30228
1778376900.0,80589.93,80607.98,80589.92,80607.97,2.39134
1778376960.0,80607.97,80613.45,80574.39,80577.74,15.52982
1778377020.0,80577.75,80617.36,80577.75,80603.88,7.43655
1778377080.0,80603.88,80603.89,80591.58,80591.59,2.65706
1778377140.0,80591.59,80591.59,80588.9,80588.9,0.37766
1778377200.0,80588.91,80602.36,80588.9,80602.36,4.23452
1778377260.0,80602.36,80625.99,80602.35,80625.98,0.65114
1778377320.0,80625.99,80628.98,80625.98,80628.97,0.69794
1778377380.0,80628.98,80630.41,80628.97,80630.4,0.83723
1778377440.0,80630.41,80630.41,80630.4,80630.4,0.45427
1778377500.0,80630.4,80630.4,80621.99,80621.99,2.82897
1778377560.0,80621.99,80628.94,80621.99,80628.93,3.25635
1778377620.0,80628.93,80634.0,80628.93,80634.0,3.8167
1778377680.0,80634.0,80634.0,80633.67,80633.67,0.87991
1778377740.0,80633.67,80633.68,80633.67,80633.68,1.2928
1778377800.0,80633.67,80647.46,80633.67,80647.45,5.68129
1778377860.0,80647.45,80662.31,80647.45,80662.3,7.9895
1778377920.0,80662.31,80690.73,80662.3,80667.0,5.36745
1778377980.0,80667.0,80669.86,80666.99,80666.99,2.53171
1778378040.0,80667.0,80685.91,80666.99,80685.9,2.97122
1778378100.0,80685.91,80685.91,80675.07,80675.07,1.64073
1778378160.0,80675.07,80675.07,80666.99,80667.0,0.91313
1778378220.0,80666.99,80667.0,80666.99,80667.0,0.45622
1778378280.0,80667.0,80667.0,80666.99,80666.99,1.95051
1778378340.0,80667.0,80685.56,80666.99,80685.56,33.85895
1778378400.0,80685.55,80685.56,80671.13,80671.13,3.60141
1778378460.0,80671.14,80671.14,80630.01,80630.02,2.48056
1778378520.0,80630.02,80630.02,80625.18,80630.01,3.88258
1778378580.0,80630.02,80645.54,80630.01,80638.62,5.43438
1778378640.0,80638.62,80638.63,80638.62,80638.63,1.2988
1778378700.0,80638.63,80638.63,80638.62,80638.62,2.0765
1778378760.0,80638.62,80661.25,80638.62,80661.25,5.59248
1778378820.0,80661.25,80661.25,80649.99,80649.99,2.94329
1778378880.0,80650.0,80650.0,80620.0,80620.01,14.65286
1778378940.0,80620.01,80630.26,80620.0,80630.25,3.53919
1778379000.0,80630.25,80639.76,80630.25,80638.54,3.86253
1778379060.0,80638.55,80638.55,80612.54,80619.04,20.4952
1778379120.0,80619.04,80619.04,80611.0,80611.01,4.07088
1778379180.0,80611.01,80628.94,80611.0,80628.93,5.9672
1778379240.0,80628.93,80628.94,80628.93,80628.94,1.24591
1778379300.0,80628.94,80628.94,80628.93,80628.94,0.44564
1778379360.0,80628.94,80652.4,80628.93,80652.39,3.25363
1778379420.0,80652.4,80685.55,80652.39,80665.14,14.41727
1778379480.0,80665.15,80665.15,80652.39,80652.4,0.65947
1778379540.0,80652.39,80654.6,80652.39,80652.39,1.52356
1778379600.0,80652.4,80652.4,80642.3,80642.3,1.62176
1778379660.0,80642.31,80642.31,80642.3,80642.31,1.13602
1778379720.0,80642.31,80657.47,80642.3,80657.46,2.85144
1778379780.0,80657.46,80680.0,80657.46,80679.99,3.50517
1778379840.0,80680.0,80695.15,80679.99,80695.14,5.17873
1778379900.0,80695.15,80715.9,80695.14,80715.9,8.41354
1778379960.0,80715.89,80722.27,80715.89,80722.27,2.68447
1778380020.0,80722.27,80745.87,80722.27,80738.14,3.95946
1778380080.0,80738.14,80753.08,80738.14,80753.08,3.48197
1778380140.0,80753.08,80757.52,80740.71,80740.71,6.29734
1778380200.0,80740.71,80740.72,80732.99,80732.99,0.37228
1778380260.0,80732.99,80732.99,80713.4,80713.41,2.36725
1778380320.0,80713.4,80729.46,80713.4,80729.45,3.99389
1778380380.0,80729.46,80729.46,80720.86,80720.86,1.1274
1778380440.0,80720.87,80720.87,80713.4,80713.4,1.3326
1778380500.0,80713.4,80740.0,80713.4,80740.0,6.18287
1778380560.0,80740.01,80775.35,80740.0,80775.34,7.52925
1778380620.0,80775.35,80779.79,80764.01,80764.02,3.04026
1778380680.0,80764.02,80764.02,80746.0,80746.0,0.82414
1778380740.0,80746.0,80746.01,80740.0,80740.0,4.32498
1778380800.0,80740.0,80740.0,80726.17,80726.18,1.86032
1778380860.0,80726.18,80728.99,80726.17,80728.99,5.61155
1778380920.0,80728.98,80728.99,80728.98,80728.98,0.68831
1778380980.0,80728.98,80728.99,80726.17,80726.17,2.07736
1778381040.0,80726.18,80758.12,80726.17,80758.12,27.59626
1778381100.0,80758.12,80758.13,80730.0,80730.01,4.5793
1778381160.0,80730.0,80740.0,80703.03,80739.99,27.77847
1778381220.0,80739.99,80757.52,80739.99,80757.52,1.78845
1778381280.0,80757.51,80763.91,80757.51,80763.9,1.14938
1778381340.0,80763.91,80782.38,80763.9,80782.37,1.68426
1778381400.0,80782.37,80790.0,80770.0,80770.0,9.05422
1778381460.0,80770.0,80770.01,80770.0,80770.01,4.13991
1778381520.0,80770.0,80770.01,80753.29,80753.3,2.02263
1778381580.0,80753.29,80753.3,80750.92,80750.93,0.99145
1778381640.0,80750.93,80767.68,80750.92,80767.68,4.98117
1778381700.0,80767.68,80767.68,80750.0,80750.01,1.68887
1778381760.0,80750.0,80750.01,80750.0,80750.0,0.42374
1778381820.0,80750.0,80750.01,80747.66,80747.66,2.13989
1778381880.0,80747.67,80767.85,80747.66,80767.84,7.54673
1778381940.0,80767.85,80777.42,80755.3,80777.42,11.12845
1778382000.0,80777.42,80777.42,80766.3,80766.3,12.66232
1778382060.0,80766.31,80766.31,80761.59,80761.59,4.9976
1778382120.0,80761.6,80800.0,80761.59,80799.99,5.0075
1778382180.0,80800.0,80805.5,80799.99,80805.5,4.23274
1778382240.0,80805.49,80832.72,80805.49,80813.23,16.38171
1778382300.0,80813.24,80830.17,80802.78,80802.78,7.81741
1778382360.0,80802.77,80802.77,80786.0,80786.01,1.2974
1778382420.0,80786.0,80786.01,80771.71,80771.71,4.42477
1778382480.0,80771.72,80771.72,80766.26,80766.27,2.35819
1778382540.0,80766.27,80766.27,80766.26,80766.26,3.84818
1778382600.0,80766.27,80766.27,80766.26,80766.26,0.95461
1778382660.0,80766.26,80766.27,80761.6,80761.6,4.47442
1778382720.0,80761.6,80761.61,80761.6,80761.61,8.92147
1778382780.0,80761.6,80775.83,80761.6,80775.83,6.21518
1778382840.0,80775.82,80784.8,80775.82,80784.8,1.57996
1778382900.0,80784.79,80784.8,80772.23,80772.23,2.82727
1778382960.0,80772.23,80772.24,80772.23,80772.23,0.35036
1778383020.0,80772.23,80772.24,80771.33,80771.34,2.69248
1778383080.0,80771.33,80771.34,80771.33,80771.34,0.36254
1778383140.0,80771.33,80784.79,80771.33,80772.22,5.10427
1778383200.0,80772.22,80772.22,80760.0,80760.0,2.81149
1778383260.0,80760.01,80760.01,80753.2,80753.21,0.75712
1778383320.0,80753.2,80753.21,80737.23,80752.47,7.72265
1778383380.0,80752.47,80752.47,80752.46,80752.46,0.497
1778383440.0,80752.46,80752.47,80752.46,80752.47,0.79991
1778383500.0,80752.47,80752.47,80752.46,80752.47,0.4438
1778383560.0,80752.46,80752.47,80752.46,80752.47,0.72608
1778383620.0,80752.47,80752.47,80744.01,80744.02,1.33844
1778383680.0,80744.02,80744.02,80744.01,80744.02,0.29761
1778383740.0,80744.01,80744.02,80744.01,80744.02,1.27117
1778383800.0,80744.01,80744.02,80728.0,80728.01,4.58652
1778383860.0,80728.0,80728.0,80711.41,80711.41,1.16733
1778383920.0,80711.41,80735.92,80709.59,80735.92,7.81574
1778383980.0,80735.91,80743.9,80735.91,80743.9,3.41503
1778384040.0,80743.9,80759.98,80743.89,80759.98,5.28352
1778384100.0,80759.97,80770.72,80759.97,80770.72,2.9672
1778384160.0,80770.71,80800.0,80770.71,80799.99,2.2994
1778384220.0,80799.99,80799.99,80790.0,80790.01,4.31094
1778384280.0,80790.01,80844.43,80790.0,80829.39,29.12721
1778384340.0,80829.39,80860.0,80829.38,80859.99,5.69714
1778384400.0,80859.99,80887.15,80853.77,80853.77,9.36783
1778384460.0,80853.77,80853.78,80847.44,80849.08,6.7598
1778384520.0,80849.07,80849.08,80823.86,80823.87,2.17009
1778384580.0,80823.87,80823.87,80805.5,80805.5,4.81032
1778384640.0,80805.5,80805.51,80805.5,80805.51,0.93421
1778384700.0,80805.5,80828.64,80805.5,80828.64,7.45979
1778384760.0,80828.64,80828.64,80828.63,80828.64,0.27679
1778384820.0,80828.63,80832.32,80815.49,80815.49,2.56928
1778384880.0,80815.5,80815.5,80808.18,80808.19,0.43185
1778384940.0,80808.18,80814.15,80805.0,80814.14,1.94095
1778385000.0,80814.15,80817.38,80814.14,80817.37,1.15344
1778385060.0,80817.37,80817.37,80814.14,80814.14,1.77685
1778385120.0,80814.14,80816.25,80814.14,80816.24,1.19281
1778385180.0,80816.25,80817.38,80814.14,80814.15,1.96838
1778385240.0,80814.14,80814.15,80814.14,80814.14,0.60856
1778385300.0,80814.15,80814.15,80805.5,80805.51,1.31139
1778385360.0,80805.51,80805.51,80802.43,80802.43,1.41757
1778385420.0,80802.44,80802.44,80802.43,80802.43,0.91797
1778385480.0,80802.43,80802.43,80798.39,80798.39,2.4327
1778385540.0,80798.4,80807.8,80774.74,80775.0,55.42495
1778385600.0,80774.99,80796.71,80774.99,80796.7,52.61929
1778385660.0,80796.7,80796.71,80757.64,80760.0,6.56978
1778385720.0,80760.0,80790.83,80759.99,80790.83,1.73854
1778385780.0,80790.83,80790.83,80768.54,80769.77,3.43232
1778385840.0,80769.76,80776.1,80747.48,80750.0,25.36793
1778385900.0,80749.99,80772.53,80749.99,80772.52,1.9997
1778385960.0,80772.52,80780.0,80772.52,80780.0,0.69514
1778386020.0,80780.0,80780.0,80770.0,80770.01,6.73322
1778386080.0,80770.01,80770.01,80762.44,80762.45,0.28585
1778386140.0,80762.45,80771.64,80762.44,80771.64,1.37589
1778386200.0,80771.63,80771.64,80767.21,80767.22,0.30435
1778386260.0,80767.22,80767.22,80760.74,80760.75,1.69257
1778386320.0,80760.74,80760.74,80757.45,80757.45,0.23284
1778386380.0,80757.46,80757.46,80757.45,80757.45,0.5175
1778386440.0,80757.46,80782.16,80757.45,80782.15,24.82739
1778386500.0,80782.16,80782.16,80755.19,80776.86,26.81218
1778386560.0,80776.86,80806.17,80776.85,80806.17,1.61345
1778386620.0,80806.16,80806.17,80805.5,80805.5,1.97766
1778386680.0,80805.5,80805.51,80800.56,80800.56,2.05746
1778386740.0,80800.57,80800.57,80785.35,80785.35,1.26331
1778386800.0,80785.35,80785.36,80770.0,80770.01,2.06682
1778386860.0,80770.0,80770.01,80770.0,80770.0,0.29199
1778386920.0,80770.0,80770.01,80770.0,80770.0,1.02688
1778386980.0,80770.0,80770.01,80767.59,80767.6,0.89033
1778387040.0,80767.6,80767.6,80762.66,80762.67,0.55071
1778387100.0,80762.67,80783.41,80762.66,80783.41,2.16155
1778387160.0,80783.4,80791.12,80783.4,80791.11,0.64174
1778387220.0,80791.12,80791.12,80791.11,80791.12,0.42499
1778387280.0,80791.11,80791.12,80770.89,80770.89,2.70842
1778387340.0,80770.9,80792.79,80770.89,80792.78,1.83389
1778387400.0,80792.78,80799.98,80792.78,80799.98,1.21823
1778387460.0,80799.97,80829.98,80799.97,80829.98,1.49911
1778387520.0,80829.97,80840.0,80829.97,80839.99,0.97679
1778387580.0,80839.99,80839.99,80821.6,80832.64,1.93423
1778387640.0,80832.64,80832.65,80814.1,80814.11,0.99482
1778387700.0,80814.11,80814.11,80814.1,80814.11,0.4023
1778387760.0,80814.1,80814.11,80814.1,80814.11,0.50185
1778387820.0,80814.1,80814.11,80814.1,80814.1,0.23665
1778387880.0,80814.1,80836.59,80814.1,80836.14,24.13185
1778387940.0,80836.15,80836.15,80823.69,80823.7,3.8389
1778388000.0,80823.7,80823.7,80823.69,80823.7,0.37136
1778388060.0,80823.69,80823.7,80818.62,80818.62,0.89475
1778388120.0,80818.62,80818.63,80814.08,80814.09,1.52214
1778388180.0,80814.08,80814.08,80780.56,80780.57,3.53505
1778388240.0,80780.57,80780.57,80769.97,80769.98,1.44961
1778388300.0,80769.98,80769.98,80737.29,80746.54,3.78036
1778388360.0,80746.55,80746.55,80737.29,80737.29,0.95903
1778388420.0,80737.3,80737.3,80734.65,80734.66,0.32058
1778388480.0,80734.66,80734.66,80734.65,80734.65,0.40148
1778388540.0,80734.65,80745.99,80722.78,80739.01,14.34807
1778388600.0,80739.0,80757.81,80739.0,80757.8,2.62958
1778388660.0,80757.8,80774.04,80757.8,80774.03,0.94082
1778388720.0,80774.03,80774.04,80774.03,80774.03,0.59661
1778388780.0,80774.03,80781.95,80774.03,80780.72,1.46786
1778388840.0,80780.73,80780.73,80780.72,80780.73,1.44448
1778388900.0,80780.72,80780.73,80777.41,80777.42,0.23481
1778388960.0,80777.42,80777.78,80777.41,80777.77,0.64707
1778389020.0,80777.78,80777.78,80777.77,80777.77,0.34592
1778389080.0,80777.77,80777.78,80775.96,80775.97,0.96648
1778389140.0,80775.97,80775.97,80759.93,80759.93,6.1474
1778389200.0,80759.93,80759.94,80745.64,80745.65,1.76544
1778389260.0,80745.65,80745.65,80724.3,80724.3,2.0235
1778389320.0,80724.31,80724.31,80724.29,80724.3,2.49734
1778389380.0,80724.3,80745.64,80724.29,80730.66,5.13154
1778389440.0,80730.66,80751.8,80730.65,80750.01,8.31094
1778389500.0,80750.0,80750.01,80750.0,80750.0,0.53202
1778389560.0,80750.0,80750.01,80749.99,80750.0,0.80296
1778389620.0,80750.0,80750.0,80744.99,80745.0,0.49679
1778389680.0,80745.0,80745.0,80741.39,80743.82,1.26689
1778389740.0,80743.81,80749.88,80743.81,80749.88,0.59243
1778389800.0,80749.88,80763.9,80749.88,80763.9,1.195
1778389860.0,80763.9,80763.9,80763.89,80763.9,0.36782
1778389920.0,80763.9,80763.9,80760.48,80760.48,0.38646
1778389980.0,80760.48,80760.49,80750.0,80750.0,1.8375
1778390040.0,80750.01,80766.16,80750.0,80766.16,5.74194
1778390100.0,80766.15,80789.83,80766.15,80789.82,5.69903
1778390160.0,80789.83,80789.83,80777.32,80777.32,1.1995
1778390220.0,80777.32,80780.93,80771.72,80780.93,0.75231
1778390280.0,80780.93,80780.93,80780.92,80780.93,0.9201
1778390340.0,80780.93,80780.93,80777.23,80777.24,0.86989
1778390400.0,80777.24,80777.24,80777.0,80777.0,0.43553
1778390460.0,80777.0,80777.01,80760.32,80775.0,3.44747
1778390520.0,80775.01,80787.36,80775.0,80787.35,0.91849
1778390580.0,80787.35,80795.11,80787.35,80795.11,1.12199
1778390640.0,80795.1,80809.45,80795.1,80809.44,1.04257
1778390700.0,80809.45,80816.52,80809.44,80809.53,3.9943
1778390760.0,80809.53,80812.25,80809.53,80812.25,0.54182
1778390820.0,80812.24,80812.25,80812.24,80812.25,0.28201
1778390880.0,80812.24,80812.24,80806.09,80806.1,3.43863
1778390940.0,80806.1,80806.1,80749.99,80749.99,106.06984
1778391000.0,80750.0,80810.71,80749.99,80791.41,36.05488
1778391060.0,80791.4,80791.41,80780.11,80780.12,2.81587
1778391120.0,80780.12,80780.12,80771.0,80771.0,0.72096
1778391180.0,80771.01,80771.01,80761.4,80761.4,11.91991
1778391240.0,80761.41,80766.48,80761.4,80766.48,10.45463
1778391300.0,80766.47,80768.5,80766.46,80768.5,11.30814
1778391360.0,80768.5,80780.0,80768.49,80779.99,3.40376
1778391420.0,80780.0,80780.0,80768.5,80776.35,1.52758
1778391480.0,80776.36,80783.44,80776.35,80783.44,0.83844
1778391540.0,80783.43,80783.44,80777.74,80777.75,0.70858
1778391600.0,80777.75,80777.75,80763.83,80763.83,1.69217
1778391660.0,80763.83,80763.84,80763.83,80763.84,1.61746
1778391720.0,80763.83,80763.84,80743.32,80743.33,7.37557
1778391780.0,80743.33,80743.33,80723.9,80730.0,24.75664
1778391840.0,80730.0,80730.0,80729.99,80730.0,0.80933
1778391900.0,80729.99,80730.0,80729.99,80729.99,0.62329
1778391960.0,80730.0,80752.6,80729.99,80747.19,5.9301
1778392020.0,80747.18,80747.19,80740.68,80740.68,5.50241
1778392080.0,80740.68,80747.37,80740.68,80744.14,0.86194
1778392140.0,80744.15,80747.35,80722.38,80745.99,41.4524
1778392200.0,80745.99,80747.34,80709.77,80709.78,11.89509
1778392260.0,80709.78,80709.78,80697.2,80697.21,6.96817
1778392320.0,80697.2,80705.57,80697.2,80705.57,1.69777
1778392380.0,80705.57,80705.57,80697.2,80697.21,3.21456
1778392440.0,80697.21,80697.21,80682.0,80682.01,3.92322
1778392500.0,80682.01,80698.45,80682.0,80698.44,2.21915
1778392560.0,80698.44,80705.79,80698.44,80705.78,0.86836
1778392620.0,80705.79,80705.79,80697.2,80697.22,1.99165
1778392680.0,80697.22,80701.67,80697.21,80701.66,1.71348
1778392740.0,80701.67,80701.67,80700.76,80700.77,4.19157
1778392800.0,80700.76,80700.77,80700.76,80700.77,1.47153
1778392860.0,80700.76,80712.2,80700.76,80712.2,4.78188
1778392920.0,80712.2,80717.03,80712.19,80717.03,2.074
1778392980.0,80717.03,80717.03,80717.02,80717.02,0.65402
1778393040.0,80717.02,80720.09,80717.02,80720.08,1.73191
1778393100.0,80720.08,80720.3,80720.08,80720.29,1.52259
1778393160.0,80720.3,80720.3,80720.29,80720.3,0.6285
1778393220.0,80720.29,80720.3,80720.29,80720.3,1.77005
1778393280.0,80720.3,80740.6,80720.29,80740.0,3.38592
1778393340.0,80739.99,80740.0,80738.94,80738.95,1.14048
1778393400.0,80738.95,80738.95,80726.04,80726.04,1.35286
1778393460.0,80726.04,80726.05,80687.89,80690.84,8.32762
1778393520.0,80690.84,80706.33,80690.83,80706.33,3.17492
1778393580.0,80706.33,80708.53,80706.32,80708.52,3.84439
1778393640.0,80708.53,80719.16,80708.52,80719.16,1.1817
1778393700.0,80719.16,80719.16,80708.0,80708.0,5.94515
1778393760.0,80708.01,80708.01,80708.0,80708.01,0.37836
1778393820.0,80708.01,80708.01,80708.0,80708.01,0.48978
1778393880.0,80708.0,80721.72,80708.0,80721.72,2.36881
1778393940.0,80721.72,80724.94,80700.9,80700.9,5.80547
1778394000.0,80700.9,80700.9,80700.89,80700.9,1.0925
1778394060.0,80700.9,80723.93,80700.89,80723.93,2.45546
1778394120.0,80723.93,80723.93,80716.89,80716.9,8.08053
1778394180.0,80716.9,80716.9,80700.89,80700.9,1.79861
1778394240.0,80700.9,80700.9,80697.2,80697.21,0.9801
1778394300.0,80697.2,80697.21,80697.2,80697.2,0.24693
1778394360.0,80697.2,80697.2,80675.86,80675.87,1.86971
1778394420.0,80675.86,80675.87,80671.69,80671.7,0.82463
1778394480.0,80671.7,80671.7,80671.69,80671.7,0.61853
1778394540.0,80671.7,80671.7,80658.97,80658.97,6.54881
1778394600.0,80658.98,80658.98,80658.97,80658.97,2.78034
1778394660.0,80658.98,80666.13,80658.97,80666.12,3.82354
1778394720.0,80666.12,80670.0,80662.13,80663.73,16.6707
1778394780.0,80663.73,80663.73,80663.72,80663.72,0.38835
1778394840.0,80663.73,80666.15,80663.72,80666.14,4.02688
1778394900.0,80666.15,80690.0,80666.14,80689.99,2.37161
1778394960.0,80690.0,80690.0,80671.13,80671.14,1.19006
1778395020.0,80671.13,80717.27,80671.13,80710.98,20.03484
1778395080.0,80710.99,80719.07,80705.69,80705.69,3.47961
1778395140.0,80705.7,80705.7,80705.69,80705.7,2.11754
1778395200.0,80705.7,80705.7,80689.07,80689.08,3.3885
1778395260.0,80689.08,80729.98,80689.07,80719.99,11.64628
1778395320.0,80720.0,80720.0,80716.18,80716.19,1.63998
1778395380.0,80716.18,80720.0,80692.76,80707.56,8.54586
1778395440.0,80707.57,80710.01,80703.91,80710.0,8.37104
1778395500.0,80710.0,80710.01,80709.99,80710.0,2.55364
1778395560.0,80709.99,80710.0,80709.99,80709.99,0.536
1778395620.0,80709.99,80710.0,80709.99,80709.99,0.34655
1778395680.0,80710.0,80727.29,80709.99,80727.28,2.7552
1778395740.0,80727.29,80743.67,80727.29,80743.67,8.43674
1778395800.0,80743.67,80753.04,80743.66,80753.03,6.12751
1778395860.0,80753.04,80753.04,80753.03,80753.04,2.60636
1778395920.0,80753.03,80753.04,80738.78,80738.79,1.09197
1778395980.0,80738.79,80738.79,80738.78,80738.78,0.22923
1778396040.0,80738.79,80749.94,80738.78,80748.72,6.86809
1778396100.0,80748.71,80748.72,80720.74,80720.75,7.88826
1778396160.0,80720.74,80720.75,80720.74,80720.75,0.69169
1778396220.0,80720.74,80720.75,80720.74,80720.75,0.31919
1778396280.0,80720.75,80720.75,80720.74,80720.75,0.34978
1778396340.0,80720.74,80733.75,80720.74,80733.75,3.72911
1778396400.0,80733.75,80755.21,80733.74,80755.21,3.1163
1778396460.0,80755.2,80775.39,80755.2,80775.39,2.12502
1778396520.0,80775.39,80775.39,80764.36,80775.38,7.96509
1778396580.0,80775.39,80792.79,80770.06,80770.06,4.46001
1778396640.0,80770.06,80770.06,80746.54,80746.54,3.01282
1778396700.0,80746.54,80763.78,80746.54,80751.73,4.0666
1778396760.0,80751.74,80773.78,80751.73,80773.77,2.11769
1778396820.0,80773.78,80773.78,80767.95,80767.96,1.16924
1778396880.0,80767.95,80767.96,80755.06,80763.99,19.42792
1778396940.0,80763.98,80763.99,80763.98,80763.99,0.50729
1778397000.0,80763.99,80763.99,80763.98,80763.99,0.50172
1778397060.0,80763.99,80763.99,80761.55,80761.55,0.99963
1778397120.0,80761.55,80761.56,80761.55,80761.55,0.64279
1778397180.0,80761.55,80761.56,80761.55,80761.56,0.49584
1778397240.0,80761.55,80761.56,80727.18,80727.19,25.41026
1778397300.0,80727.19,80745.88,80720.1,80745.88,28.21472
1778397360.0,80745.88,80752.71,80740.68,80740.68,1.51722
1778397420.0,80740.69,80768.25,80740.68,80768.24,6.72489
1778397480.0,80768.25,80773.61,80768.25,80773.61,1.97014
1778397540.0,80773.6,80774.62,80765.27,80765.27,4.8978
1778397600.0,80765.27,80765.28,80765.27,80765.28,0.667
1778397660.0,80765.27,80775.71,80765.27,80775.71,0.90966
1778397720.0,80775.71,80791.78,80775.7,80791.77,3.62386
1778397780.0,80791.77,80791.78,80776.78,80776.78,3.64088
1778397840.0,80776.79,80776.79,80776.78,80776.78,0.63824
1778397900.0,80776.79,80776.79,80776.78,80776.79,0.94201
1778397960.0,80776.78,80827.14,80776.78,80793.83,85.92457
1778398020.0,80793.82,80793.83,80784.61,80784.62,4.57823
1778398080.0,80784.62,80784.62,80784.61,80784.62,1.81027
1778398140.0,80784.62,80784.62,80784.61,80784.62,0.15551
1778398200.0,80784.61,80784.62,80777.73,80777.73,2.00342
1778398260.0,80777.73,80777.74,80777.44,80777.45,1.54591
1778398320.0,80777.44,80785.88,80777.44,80778.18,2.83128
1778398380.0,80778.17,80778.18,80775.45,80775.45,1.06956
1778398440.0,80775.45,80775.46,80770.0,80770.0,0.99374
1778398500.0,80770.0,80770.01,80770.0,80770.01,0.71839
1778398560.0,80770.0,80770.01,80769.16,80769.17,0.54384
1778398620.0,80769.17,80776.78,80769.16,80776.78,2.04658
1778398680.0,80776.77,80780.81,80776.77,80780.8,2.06642
1778398740.0,80780.8,80780.81,80772.2,80780.8,13.09571
1778398800.0,80780.8,80780.81,80780.8,80780.81,1.58799
1778398860.0,80780.8,80783.42,80780.8,80783.01,8.79719
1778398920.0,80783.0,80783.01,80772.2,80772.2,5.18481
1778398980.0,80772.2,80772.21,80772.2,80772.2,0.53085
1778399040.0,80772.21,80795.01,80772.2,80795.0,29.50879
1778399100.0,80795.0,80795.0,80765.0,80775.42,38.48784
1778399160.0,80775.43,80792.79,80775.42,80792.79,5.29833
1778399220.0,80792.78,80792.79,80792.78,80792.79,0.84736
1778399280.0,80792.79,80792.79,80792.78,80792.79,0.78766
1778399340.0,80792.79,80792.79,80778.74,80778.74,4.37463
1778399400.0,80778.75,80778.75,80771.29,80771.3,3.8109
1778399460.0,80771.29,80771.3,80767.25,80767.25,4.93773
1778399520.0,80767.25,80767.26,80756.0,80756.01,1.63099
1778399580.0,80756.0,80756.01,80729.56,80734.76,25.89618
1778399640.0,80734.76,80746.26,80734.76,80746.25,5.12824
1778399700.0,80746.25,80750.0,80746.25,80749.99,1.11061
1778399760.0,80749.99,80750.0,80739.01,80739.33,3.06584
1778399820.0,80739.34,80739.34,80731.31,80731.32,1.50384
1778399880.0,80731.31,80731.32,80731.3,80731.3,1.92793
1778399940.0,80731.31,80736.03,80731.3,80736.03,7.10939
1778400000.0,80736.03,80736.03,80730.53,80730.53,1.98142
1778400060.0,80730.53,80730.54,80725.18,80725.18,3.48382
1778400120.0,80725.18,80725.19,80723.15,80723.16,0.38418
1778400180.0,80723.16,80723.16,80723.15,80723.15,2.80505
1778400240.0,80723.16,80723.16,80715.33,80715.33,3.58262
1778400300.0,80715.34,80723.16,80715.33,80723.01,12.1722
1778400360.0,80723.01,80723.01,80715.52,80723.0,2.34583
1778400420.0,80723.0,80732.94,80723.0,80732.93,5.34869
1778400480.0,80732.93,80741.14,80732.93,80741.14,1.63411
1778400540.0,80741.14,80787.81,80741.14,80787.81,4.11309
1778400600.0,80787.81,80815.77,80785.04,80793.64,6.28722
1778400660.0,80793.65,80793.65,80776.0,80776.0,6.85605
1778400720.0,80776.01,80776.01,80775.0,80775.0,0.52005
1778400780.0,80775.0,80775.01,80769.92,80769.92,0.41578
1778400840.0,80769.92,80769.93,80769.92,80769.93,0.54156
1778400900.0,80769.92,80780.85,80755.29,80771.71,15.73669
1778400960.0,80770.3,80798.06,80750.32,80797.42,10.57325
1778401020.0,80797.42,80797.43,80784.89,80797.36,2.37809
1778401080.0,80797.36,80797.36,80794.34,80794.34,3.08355
1778401140.0,80794.34,80794.35,80775.53,80775.54,1.75892
1778401200.0,80775.53,80791.92,80775.53,80791.91,4.47809
1778401260.0,80791.92,80798.93,80791.91,80798.93,1.04953
1778401320.0,80798.92,80806.92,80798.92,80806.92,2.19484
1778401380.0,80806.92,80830.0,80806.92,80830.0,3.38921
1778401440.0,80829.99,80833.55,80829.98,80829.99,2.03236
1778401500.0,80829.99,80900.0,80829.98,80879.9,32.01356
1778401560.0,80879.89,80888.77,80864.06,80877.19,12.24878
1778401620.0,80877.19,80877.19,80865.49,80865.5,1.57796
1778401680.0,80865.49,80896.83,80865.49,80873.64,3.41461
1778401740.0,80873.63,80873.64,80873.63,80873.64,2.91299
1778401800.0,80873.63,80909.65,80873.63,80909.65,11.50085
1778401860.0,80909.65,80909.65,80891.0,80891.01,1.87744
1778401920.0,80891.0,80891.01,80863.31,80863.32,1.7389
1778401980.0,80863.32,80870.96,80855.42,80855.43,7.48159
1778402040.0,80855.43,80855.43,80851.22,80851.23,0.74195
1778402100.0,80851.23,80868.15,80851.22,80868.15,10.04357
1778402160.0,80868.14,80868.15,80857.63,80857.64,11.77709
1778402220.0,80857.63,80857.64,80850.18,80852.87,2.95097
1778402280.0,80852.88,80852.88,80852.87,80852.87,1.40391
1778402340.0,80852.88,80856.27,80852.88,80856.27,2.04035
1778402400.0,80856.26,80856.27,80824.38,80824.38,8.95262
1778402460.0,80824.38,80824.39,80805.5,80821.46,8.20004
1778402520.0,80821.46,80827.53,80821.46,80827.52,0.60069
1778402580.0,80827.53,80836.74,80827.52,80836.74,2.62348
1778402640.0,80836.74,80836.74,80836.72,80836.72,1.56574
1778402700.0,80836.72,80836.73,80836.72,80836.72,3.08548
1778402760.0,80836.73,80836.73,80823.64,80823.64,4.08176
1778402820.0,80823.64,80850.0,80823.64,80850.0,2.50694
1778402880.0,80850.0,80850.0,80849.99,80849.99,1.40185
1778402940.0,80849.99,80850.0,80849.99,80849.99,0.71816
1778403000.0,80850.0,80850.0,80849.99,80850.0,1.45876
1778403060.0,80849.99,80850.0,80838.93,80838.93,1.55914
1778403120.0,80838.85,80838.86,80838.85,80838.85,0.63748
1778403180.0,80838.86,80838.86,80831.62,80831.63,5.55526
1778403240.0,80831.62,80838.86,80820.8,80838.86,1.32544
1778403300.0,80838.85,80838.86,80838.85,80838.85,0.36373
1778403360.0,80838.86,80838.86,80838.85,80838.85,0.16663
1778403420.0,80838.86,80838.86,80822.25,80822.25,1.81252
1778403480.0,80822.25,80822.26,80822.25,80822.26,0.72622
1778403540.0,80822.26,80830.34,80822.25,80830.33,2.15542
1778403600.0,80830.34,80891.53,80830.34,80889.67,6.02607
1778403660.0,80889.67,80889.67,80875.47,80875.47,2.40454
1778403720.0,80875.47,80875.48,80875.46,80875.47,7.53786
1778403780.0,80875.46,80913.8,80875.46,80902.02,8.26484
1778403840.0,80902.03,80911.81,80894.02,80898.02,6.17986
1778403900.0,80898.01,80898.02,80878.39,80878.39,8.356
1778403960.0,80878.4,80878.4,80870.98,80870.99,0.53016
1778404020.0,80870.98,80870.98,80843.47,80851.27,6.30749
1778404080.0,80851.27,80863.28,80851.27,80863.28,2.24926
1778404140.0,80863.27,80863.28,80863.27,80863.28,0.49994
1778404200.0,80863.27,80863.28,80845.59,80853.69,8.26644
1778404260.0,80853.68,80853.69,80840.31,80840.31,11.68427
1778404320.0,80840.31,80863.87,80840.31,80863.87,1.41204
1778404380.0,80863.86,80864.23,80863.86,80864.22,3.31327
1778404440.0,80864.23,80864.23,80850.59,80850.59,7.89692
1778404500.0,80850.6,80854.64,80844.21,80854.64,1.59015
1778404560.0,80854.64,80854.64,80841.58,80841.59,0.84327
1778404620.0,80841.59,80841.59,80841.58,80841.59,0.31497
1778404680.0,80841.59,80864.25,80841.58,80864.25,3.39998
1778404740.0,80864.24,80864.25,80838.66,80838.66,7.74523
1778404800.0,80838.67,80838.67,80834.97,80834.97,2.87023
1778404860.0,80834.97,80834.98,80834.97,80834.98,0.27751
1778404920.0,80834.98,80834.98,80834.97,80834.98,0.26109
1778404980.0,80834.98,80834.98,80820.56,80820.57,2.07816
1778405040.0,80820.57,80827.37,80820.56,80827.37,1.56998
1778405100.0,80827.37,80827.37,80827.36,80827.36,0.49891
1778405160.0,80827.37,80833.47,80827.36,80833.46,3.57879
1778405220.0,80833.46,80833.47,80833.46,80833.47,0.34406
1778405280.0,80833.46,80833.48,80833.46,80833.48,2.71891
1778405340.0,80833.47,80833.48,80820.02,80820.02,21.99069
1778405400.0,80820.02,80831.33,80820.02,80831.33,7.44931
1778405460.0,80831.32,80831.33,80831.32,80831.33,0.78184
1778405520.0,80831.32,80831.33,80831.32,80831.32,0.87899
1778405580.0,80831.32,80831.33,80831.32,80831.32,1.5056
1778405640.0,80831.33,80831.33,80804.65,80804.65,10.14086
1778405700.0,80804.66,80804.66,80790.0,80790.01,2.4925
1778405760.0,80790.01,80790.01,80770.75,80770.75,3.76515
1778405820.0,80770.75,80770.76,80763.4,80763.41,0.78856
1778405880.0,80763.4,80763.41,80763.4,80763.4,0.57261
1778405940.0,80763.41,80784.19,80763.4,80784.19,4.43934
1778406000.0,80784.19,80784.19,80784.18,80784.18,0.91553
1778406060.0,80784.19,80784.19,80774.69,80774.7,1.32226
1778406120.0,80774.7,80774.7,80774.69,80774.69,0.53401
1778406180.0,80774.7,80774.7,80761.81,80761.81,1.86088
1778406240.0,80761.81,80767.79,80756.53,80762.35,6.10323
1778406300.0,80762.35,80762.35,80762.34,80762.34,1.1611
1778406360.0,80762.34,80762.35,80762.34,80762.34,0.26697
1778406420.0,80762.34,80789.31,80762.34,80789.31,3.8726
1778406480.0,80789.3,80800.0,80789.3,80799.99,0.56716
1778406540.0,80800.0,80800.0,80795.6,80799.79,8.81038
1778406600.0,80799.79,80799.8,80789.71,80789.71,1.0198
1778406660.0,80789.72,80789.72,80789.71,80789.72,0.86389
1778406720.0,80789.72,80789.72,80789.71,80789.71,0.16664
1778406780.0,80789.71,80789.72,80772.4,80772.41,3.58082
1778406840.0,80772.41,80804.62,80768.93,80804.62,18.98491
1778406900.0,80804.61,80804.62,80792.61,80800.59,12.73144
1778406960.0,80800.59,80800.6,80787.31,80787.32,1.68311
1778407020.0,80787.33,80804.61,80787.32,80804.61,2.95203
1778407080.0,80804.61,80807.96,80804.6,80807.96,5.58301
1778407140.0,80807.96,80807.96,80807.95,80807.96,0.51236
1778407200.0,80807.95,80811.85,80807.95,80811.85,1.98798
1778407260.0,80811.85,80834.0,80811.85,80834.0,2.30858
1778407320.0,80833.99,80834.0,80816.66,80816.67,2.29523
1778407380.0,80816.67,80816.67,80780.75,80784.72,11.44709
1778407440.0,80784.73,80784.73,80743.3,80743.3,4.30204
1778407500.0,80743.3,80743.36,80743.3,80743.32,4.02903
1778407560.0,80743.32,80743.33,80731.08,80738.35,10.16479
1778407620.0,80738.35,80738.36,80710.14,80710.14,1.29376
1778407680.0,80710.15,80725.68,80710.14,80725.68,0.57244
1778407740.0,80725.68,80843.67,80725.67,80835.26,20.28079
1778407800.0,80835.27,80835.27,80808.95,80815.74,4.04584
1778407860.0,80815.75,80815.75,80762.97,80762.99,14.80925
1778407920.0,80762.98,80773.35,80762.98,80773.35,2.747
1778407980.0,80773.35,80784.77,80747.05,80747.05,9.64585
1778408040.0,80747.05,80747.06,80729.49,80729.5,1.45425
1778408100.0,80729.5,80729.5,80717.47,80717.47,4.6523
1778408160.0,80717.47,80725.68,80691.0,80725.68,20.95441
1778408220.0,80725.67,80736.95,80725.67,80726.51,2.81441
1778408280.0,80726.5,80745.29,80726.5,80745.01,7.35639
1778408340.0,80745.02,80745.86,80728.99,80729.0,8.83352
1778408400.0,80729.0,80786.69,80728.99,80786.68,12.7212
1778408460.0,80786.69,80813.58,80786.68,80789.02,17.40456
1778408520.0,80789.03,80789.03,80789.02,80789.02,0.27232
1778408580.0,80789.03,80798.34,80789.02,80798.34,0.89998
1778408640.0,80798.34,80800.58,80795.71,80800.58,0.60963
1778408700.0,80800.58,80808.6,80800.58,80808.59,0.88279
1778408760.0,80808.59,80808.6,80808.59,80808.59,0.18331
1778408820.0,80808.6,80813.58,80808.59,80813.58,1.62132
1778408880.0,80813.57,80813.58,80813.57,80813.57,0.31453
1778408940.0,80813.58,80813.58,80813.57,80813.57,0.22752
1778409000.0,80813.58,80813.58,80813.57,80813.57,0.3885
1778409060.0,80813.58,80813.58,80813.57,80813.58,0.43618
1778409120.0,80813.58,80813.58,80809.53,80809.54,1.5708
1778409180.0,80809.53,80824.75,80809.53,80824.74,4.20492
1778409240.0,80824.74,80833.04,80805.53,80805.53,17.66614
1778409300.0,80805.53,80809.51,80805.53,80809.51,3.23613
1778409360.0,80809.5,80809.51,80809.5,80809.5,0.44263
1778409420.0,80809.51,80809.51,80809.5,80809.51,1.28921
1778409480.0,80809.51,80809.51,80805.5,80805.5,0.68318
1778409540.0,80805.5,80805.51,80805.5,80805.51,3.91138
1778409600.0,80805.51,80805.51,80798.23,80798.23,1.2026
1778409660.0,80798.24,80798.24,80788.65,80788.65,1.92379
1778409720.0,80788.66,80788.66,80788.65,80788.66,0.6328
1778409780.0,80788.65,80788.66,80774.65,80774.65,1.48536
1778409840.0,80774.66,80802.15,80766.39,80802.15,19.32834
1778409900.0,80802.15,80802.15,80795.78,80795.79,4.71912
1778409960.0,80795.79,80805.5,80795.78,80805.5,0.82554
1778410020.0,80805.49,80805.5,80805.49,80805.5,0.59876
1778410080.0,80805.5,80805.5,80798.96,80805.49,2.27643
1778410140.0,80805.5,80805.5,80803.3,80803.3,0.67026
1778410200.0,80803.3,80803.31,80803.3,80803.31,0.45126
1778410260.0,80803.31,80816.06,80803.3,80816.06,11.30805
1778410320.0,80816.05,80848.26,80816.05,80848.25,8.19044
1778410380.0,80848.26,80881.15,80848.25,80861.77,5.39737
1778410440.0,80861.78,80877.88,80861.77,80877.87,2.97525
1778410500.0,80877.87,80877.88,80877.87,80877.87,0.19885
1778410560.0,80877.88,80877.88,80877.87,80877.88,0.8955
1778410620.0,80877.88,80883.48,80877.87,80883.48,3.371
1778410680.0,80883.47,80883.48,80883.47,80883.47,2.02605
1778410740.0,80883.48,80883.48,80873.79,80873.79,6.05228
1778410800.0,80873.8,80873.8,80873.79,80873.8,1.12919
1778410860.0,80873.79,80913.63,80873.79,80913.61,8.84444
1778410920.0,80913.62,80975.4,80913.61,80952.44,64.56482
1778410980.0,80952.43,80967.61,80952.43,80967.6,4.40514
1778411040.0,80967.6,80967.61,80934.44,80934.45,5.54446
1778411100.0,80934.44,80934.44,80918.46,80918.46,2.85774
1778411160.0,80918.47,80927.71,80913.8,80927.71,7.7195
1778411220.0,80927.71,80928.87,80927.7,80928.87,0.58167
1778411280.0,80928.86,80928.87,80900.66,80900.66,5.68919
1778411340.0,80900.66,80900.67,80888.0,80888.0,4.06592
1778411400.0,80888.0,80892.96,80872.87,80892.95,7.68237
1778411460.0,80892.95,80892.96,80892.95,80892.96,0.4261
1778411520.0,80892.96,80911.99,80892.95,80911.98,2.94601
1778411580.0,80911.99,80928.86,80911.98,80928.85,2.0611
1778411640.0,80928.85,80928.86,80913.8,80913.81,1.7275
1778411700.0,80913.81,80924.69,80913.8,80924.68,2.90776
1778411760.0,80924.68,80928.36,80924.68,80928.36,2.2478
1778411820.0,80928.36,80934.0,80928.35,80928.65,17.97699
1778411880.0,80928.65,80928.65,80880.0,80880.0,6.77245
1778411940.0,80880.01,80880.01,80854.68,80868.01,2.49779
1778412000.0,80868.0,80868.0,80828.02,80828.02,4.81459
1778412060.0,80828.02,80828.03,80801.0,80801.01,7.26775
1778412120.0,80801.01,80804.48,80788.25,80788.25,6.88854
1778412180.0,80788.25,80807.77,80750.0,80803.07,13.3862
1778412240.0,80803.06,80803.07,80803.06,80803.07,1.61088
1778412300.0,80803.07,80816.42,80803.06,80805.5,5.67902
1778412360.0,80805.51,80811.37,80805.5,80811.36,1.29876
1778412420.0,80811.37,80813.15,80811.36,80813.15,1.15386
1778412480.0,80813.15,80836.6,80813.14,80836.6,1.7048
1778412540.0,80836.6,80836.6,80792.93,80792.94,25.40697
1778412600.0,80792.93,80812.87,80792.93,80812.87,5.30135
1778412660.0,80812.86,80812.87,80812.86,80812.86,1.22579
1778412720.0,80812.86,80812.87,80796.86,80796.87,5.73514
1778412780.0,80796.86,80796.87,80795.52,80795.52,0.31705
1778412840.0,80795.52,80809.37,80794.59,80809.36,6.20509
1778412900.0,80809.37,80821.44,80809.36,80821.43,1.52936
1778412960.0,80821.44,80821.44,80821.43,80821.43,0.82583
1778413020.0,80821.43,80821.44,80821.42,80821.43,0.45685
1778413080.0,80821.42,80821.43,80821.41,80821.42,2.30152
1778413140.0,80821.41,80821.42,80805.5,80812.88,8.37115
1778413200.0,80812.88,80812.88,80812.87,80812.87,1.01518
1778413260.0,80812.87,80812.88,80805.5,80805.51,2.31896
1778413320.0,80805.5,80805.51,80805.5,80805.51,2.35332
1778413380.0,80805.51,80805.59,80805.5,80805.58,1.0437
1778413440.0,80805.59,80840.0,80805.58,80833.57,10.38897
1778413500.0,80833.58,80833.58,80833.57,80833.57,1.11836
1778413560.0,80833.58,80838.54,80833.57,80838.54,2.89585
1778413620.0,80838.53,80838.54,80838.53,80838.54,4.78991
1778413680.0,80838.53,80838.54,80838.53,80838.53,1.22852
1778413740.0,80838.54,80838.54,80823.78,80823.78,11.77406
1778413800.0,80823.78,80823.78,80808.09,80808.1,2.81886
1778413860.0,80808.1,80818.79,80808.09,80817.33,3.59778
1778413920.0,80817.33,80836.85,80817.32,80828.75,8.34741
1778413980.0,80828.76,80840.13,80828.75,80840.13,5.90148
1778414040.0,80840.12,80840.13,80831.05,80831.06,2.54594
1778414100.0,80831.06,80833.22,80831.05,80833.21,2.29343
1778414160.0,80833.22,80855.3,80833.21,80855.3,4.9396
1778414220.0,80855.3,80855.3,80838.01,80838.02,2.33932
1778414280.0,80838.01,80838.02,80838.01,80838.01,0.19961
1778414340.0,80838.02,80849.47,80821.21,80821.21,13.49426
1778414400.0,80821.21,80845.02,80815.51,80836.75,4.7007
1778414460.0,80836.75,80836.75,80826.83,80826.84,2.05503
1778414520.0,80826.84,80826.84,80805.5,80805.5,1.6317
1778414580.0,80805.51,80805.51,80784.2,80784.21,5.41308
1778414640.0,80784.21,80800.14,80784.21,80800.14,4.94305
1778414700.0,80800.13,80800.14,80798.67,80798.68,1.54231
1778414760.0,80798.68,80798.68,80797.16,80797.17,1.36775
1778414820.0,80797.16,80797.17,80797.16,80797.16,0.89227
1778414880.0,80797.16,80818.83,80797.16,80818.83,2.35982
1778414940.0,80818.82,80818.83,80818.82,80818.83,0.49739
1778415000.0,80818.82,80824.62,80811.06,80824.61,5.3416
1778415060.0,80824.62,80844.63,80824.61,80844.62,6.5919
1778415120.0,80844.62,80844.63,80844.62,80844.62,0.33203
1778415180.0,80844.63,80865.05,80844.62,80865.05,3.14899
1778415240.0,80865.04,80865.05,80865.03,80865.03,1.34488
1778415300.0,80865.04,80865.04,80865.03,80865.03,0.74402
1778415360.0,80865.04,80887.82,80865.03,80878.02,3.13883
1778415420.0,80878.03,80883.71,80878.02,80880.52,1.28716
1778415480.0,80880.53,80880.53,80880.52,80880.52,0.69274
1778415540.0,80880.53,80880.53,80852.91,80852.92,1.91783
1778415600.0,80852.91,80863.93,80852.91,80863.93,1.65582
1778415660.0,80863.93,80863.93,80863.92,80863.92,1.64176
1778415720.0,80863.92,80863.93,80863.92,80863.92,0.46955
1778415780.0,80863.93,80891.11,80863.92,80891.11,3.94417
1778415840.0,80891.11,80913.8,80891.1,80913.8,7.42977
1778415900.0,80913.8,80934.82,80891.11,80891.11,19.27625
1778415960.0,80891.1,80891.11,80876.02,80876.02,0.79007
1778416020.0,80876.03,80897.62,80876.02,80897.61,1.79546
1778416080.0,80897.62,80901.5,80897.61,80901.5,2.28551
1778416140.0,80901.5,80927.33,80901.49,80927.32,6.40204
1778416200.0,80927.32,80927.33,80913.8,80924.81,2.90859
1778416260.0,80924.81,80924.82,80916.72,80920.15,2.50847
1778416320.0,80920.14,80933.62,80920.14,80933.61,2.22204
1778416380.0,80933.62,80933.62,80919.99,80928.14,4.10685
1778416440.0,80928.15,80928.15,80900.0,80901.9,13.23915
1778416500.0,80901.9,80901.9,80872.0,80883.43,4.75314
1778416560.0,80883.42,80901.22,80883.42,80901.21,1.73061
1778416620.0,80901.22,80901.22,80901.21,80901.21,1.76875
1778416680.0,80901.22,80901.22,80885.87,80885.87,11.70562
1778416740.0,80885.88,80920.0,80885.87,80920.0,10.14352
1778416800.0,80920.0,80925.51,80913.8,80913.81,3.64044
1778416860.0,80913.81,80922.46,80902.75,80922.46,14.84567
1778416920.0,80922.45,80922.46,80922.44,80922.45,2.99164
1778416980.0,80922.44,80922.45,80913.8,80913.81,0.65014
1778417040.0,80913.8,80922.43,80913.8,80922.42,1.13947
1778417100.0,80922.43,80928.07,80922.42,80928.06,7.15425
1778417160.0,80928.07,80950.0,80926.69,80926.69,3.64674
1778417220.0,80926.54,80929.28,80906.28,80929.28,13.05369
1778417280.0,80929.27,80929.28,80917.09,80922.59,2.73188
1778417340.0,80922.59,80943.4,80915.06,80915.06,11.48671
1778417400.0,80915.07,80925.9,80915.06,80925.9,2.58093
1778417460.0,80925.89,80925.89,80917.76,80917.76,1.78947
1778417520.0,80917.77,80917.77,80917.76,80917.77,0.25362
1778417580.0,80917.77,80917.77,80917.76,80917.76,0.15466
1778417640.0,80917.77,80917.77,80917.76,80917.77,0.50208
1778417700.0,80917.77,80917.77,80917.76,80917.77,0.58351
1778417760.0,80917.77,80917.77,80913.8,80913.81,2.49231
1778417820.0,80913.81,80913.81,80906.25,80906.25,4.02091
1778417880.0,80906.26,80906.26,80906.25,80906.26,0.63338
1778417940.0,80906.25,80934.39,80900.01,80927.72,10.61319
1778418000.0,80927.71,80927.72,80900.0,80907.08,8.05631
1778418060.0,80907.07,80907.08,80907.07,80907.07,1.50051
1778418120.0,80907.08,80937.3,80907.07,80913.8,4.42935
1778418180.0,80913.8,80913.81,80902.64,80908.89,5.02774
1778418240.0,80908.89,80908.9,80904.53,80904.53,1.73498
1778418300.0,80904.54,80912.61,80904.53,80912.61,1.07336
1778418360.0,80912.61,80912.61,80881.62,80881.62,3.27472
1778418420.0,80881.62,80881.62,80865.44,80869.38,4.21844
1778418480.0,80869.38,80922.97,80869.37,80922.96,5.93935
1778418540.0,80922.97,80922.97,80913.8,80913.8,2.04707
1778418600.0,80913.8,80913.81,80913.8,80913.81,0.44734
1778418660.0,80913.8,80913.81,80902.78,80902.78,3.63401
1778418720.0,80902.78,80907.26,80895.82,80907.26,1.54027
1778418780.0,80907.26,80917.28,80907.25,80917.27,2.9998
1778418840.0,80917.27,80945.79,80917.27,80925.3,12.06297
1778418900.0,80925.3,80940.0,80923.84,80923.85,2.79994
1778418960.0,80923.85,80923.85,80913.8,80913.8,1.21929
1778419020.0,80913.81,80913.81,80900.0,80904.36,5.96905
1778419080.0,80904.37,80930.1,80904.37,80930.1,3.63494
1778419140.0,80930.1,80939.85,80930.1,80939.84,5.24265
1778419200.0,80939.85,80940.0,80939.84,80939.99,1.64274
1778419260.0,80940.0,80983.7,80939.99,80983.7,9.08169
1778419320.0,80983.7,80983.7,80956.74,80973.23,5.39967
1778419380.0,80973.24,80978.52,80966.4,80978.5,6.15489
1778419440.0,80978.5,80979.34,80966.6,80966.66,2.76221
1778419500.0,80966.67,80966.67,80963.29,80963.29,1.15708
1778419560.0,80963.3,80984.96,80963.29,80984.96,3.2135
1778419620.0,80984.96,81000.01,80972.0,80972.0,15.74473
1778419680.0,80972.0,80972.01,80963.89,80963.89,2.13491
1778419740.0,80963.89,80984.82,80954.76,80974.3,8.14324
1778419800.0,80974.29,80974.3,80948.13,80948.14,4.33562
1778419860.0,80948.13,80965.18,80944.92,80944.93,10.18889
1778419920.0,80944.92,80948.25,80933.33,80948.25,4.88228
1778419980.0,80948.25,80976.16,80948.24,80976.16,1.0676
1778420040.0,80976.15,80995.64,80976.15,80995.63,1.68721
1778420100.0,80995.64,80995.64,80969.9,80978.55,3.00597
1778420160.0,80978.55,80990.0,80978.55,80989.99,3.00564
1778420220.0,80989.99,80990.0,80989.9,80989.91,1.50395
1778420280.0,80989.9,80989.91,80968.0,80968.01,4.5371
1778420340.0,80968.01,80969.8,80960.31,80960.32,3.30878
1778420400.0,80960.31,80960.31,80950.63,80950.63,0.91422
1778420460.0,80950.64,80956.63,80940.98,80949.8,12.18844
1778420520.0,80949.8,80949.8,80949.79,80949.79,0.47575
1778420580.0,80949.79,80949.8,80933.33,80933.33,1.42302
1778420640.0,80933.33,80984.7,80933.33,80984.7,24.82641
1778420700.0,80984.7,80984.7,80958.05,80958.06,7.14207
1778420760.0,80958.06,80969.25,80958.05,80969.25,2.42477
1778420820.0,80969.25,80970.47,80969.24,80970.47,0.4734
1778420880.0,80970.46,80979.19,80970.46,80978.21,1.10349
1778420940.0,80978.2,80978.21,80961.77,80961.77,1.43186
1778421000.0,80961.78,80969.75,80961.77,80969.74,1.56457
1778421060.0,80969.75,80969.75,80963.01,80963.02,0.93906
1778421120.0,80963.01,80964.4,80956.89,80964.4,2.86601
1778421180.0,80964.39,80964.4,80964.39,80964.4,0.55543
1778421240.0,80964.39,80969.75,80964.39,80966.01,15.90154
1778421300.0,80966.0,80966.01,80956.95,80956.95,0.85804
1778421360.0,80956.95,80956.95,80939.7,80939.72,3.86936
1778421420.0,80939.72,80943.75,80939.71,80943.75,1.2107
1778421480.0,80943.75,80943.75,80943.74,80943.75,0.39507
1778421540.0,80943.75,80971.67,80943.74,80971.67,3.87783
1778421600.0,80971.66,80971.67,80960.21,80960.21,2.84309
1778421660.0,80960.22,80960.22,80952.0,80952.01,5.23241
1778421720.0,80952.01,80957.32,80952.0,80957.32,0.7171
1778421780.0,80957.31,80992.55,80951.51,80951.52,8.06579
1778421840.0,80951.51,80953.51,80947.07,80947.08,1.34279
1778421900.0,80947.08,80947.08,80944.0,80944.0,3.89268
1778421960.0,80944.01,80944.01,80928.57,80929.82,3.60876
1778422020.0,80929.82,80941.24,80921.01,80921.01,3.07181
1778422080.0,80921.01,80921.02,80913.79,80913.8,17.61073
1778422140.0,80913.8,80933.2,80913.79,80933.19,4.28983
1778422200.0,80933.2,80968.06,80933.2,80968.05,5.74805
1778422260.0,80968.06,80979.69,80968.05,80979.69,6.3978
1778422320.0,80979.68,80979.69,80951.26,80975.34,11.60281
1778422380.0,80975.34,80975.35,80955.3,80955.31,7.02182
1778422440.0,80955.31,80968.35,80945.0,80945.0,57.8162
1778422500.0,80945.0,80945.01,80913.8,80927.2,7.76145
1778422560.0,80927.19,80927.2,80925.97,80925.98,1.78173
1778422620.0,80925.98,80925.98,80913.8,80913.81,0.80448
1778422680.0,80913.8,80913.81,80913.8,80913.8,1.64595
1778422740.0,80913.81,80919.9,80913.8,80919.89,1.73308
1778422800.0,80919.89,80919.9,80900.0,80900.0,2.97063
1778422860.0,80900.01,80900.01,80890.76,80890.76,1.66089
1778422920.0,80890.77,80896.23,80890.76,80896.22,4.37572
1778422980.0,80896.22,80918.45,80896.22,80918.45,3.56756
1778423040.0,80918.44,80918.45,80918.44,80918.45,0.70172
1778423100.0,80918.44,80918.45,80918.44,80918.45,0.34263
1778423160.0,80918.44,80918.45,80909.93,80909.94,3.32138
1778423220.0,80909.94,80909.94,80909.93,80909.93,1.79523
1778423280.0,80909.94,80909.94,80909.93,80909.94,1.07002
1778423340.0,80909.93,80909.94,80909.93,80909.94,0.73103
1778423400.0,80909.94,80918.21,80909.94,80913.81,2.68369
1778423460.0,80913.8,80913.81,80913.8,80913.8,0.21374
1778423520.0,80913.81,80951.28,80913.8,80951.27,6.36826
1778423580.0,80951.28,80972.82,80951.27,80972.82,3.33508
1778423640.0,80972.81,80972.82,80953.42,80953.42,1.77009
1778423700.0,80953.42,80962.54,80953.42,80962.53,2.62243
1778423760.0,80962.53,80962.54,80938.15,80938.15,1.94527
1778423820.0,80938.15,80938.16,80936.96,80936.96,1.78113
1778423880.0,80936.97,80947.61,80936.96,80947.61,2.63979
1778423940.0,80947.61,80947.62,80947.6,80947.62,4.86683
1778424000.0,80947.62,80980.0,80947.61,80954.2,6.96744
1778424060.0,80954.21,80954.21,80938.28,80938.28,5.04726
1778424120.0,80938.28,80939.7,80922.05,80922.06,14.77067
1778424180.0,80922.05,80922.06,80900.01,80900.02,8.01921
1778424240.0,80900.02,80900.02,80876.01,80893.87,8.65904
1778424300.0,80893.86,80900.58,80893.86,80899.11,5.70484
1778424360.0,80899.12,80899.12,80870.43,80870.44,1.20083
1778424420.0,80870.43,80870.43,80822.88,80825.1,9.37253
1778424480.0,80825.09,80840.32,80816.22,80840.31,2.49593
1778424540.0,80840.31,80840.32,80827.2,80827.22,3.86966
1778424600.0,80827.21,80921.07,80827.21,80914.72,20.01783
1778424660.0,80914.71,80940.01,80900.01,80940.0,5.81966
1778424720.0,80940.0,80943.36,80919.5,80943.36,4.04066
1778424780.0,80943.36,80995.0,80943.35,80980.14,15.33063
1778424840.0,80980.14,80999.36,80980.13,80981.8,6.63858
1778424900.0,80981.81,80981.81,80961.67,80968.15,3.11072
1778424960.0,80968.14,80968.15,80946.51,80953.8,5.06994
1778425020.0,80953.81,80955.34,80945.35,80945.36,5.92728
1778425080.0,80945.36,80945.36,80945.35,80945.36,0.29759
1778425140.0,80945.35,80990.11,80945.35,80990.11,38.34682
1778425200.0,80990.11,80991.42,80978.39,80978.39,9.07598
1778425260.0,80978.4,80984.38,80978.39,80978.39,2.2688
1778425320.0,80978.39,81040.0,80978.39,81032.92,68.13602
1778425380.0,81032.91,81051.3,81009.76,81041.28,27.52285
1778425440.0,81041.28,81110.0,81041.28,81048.74,25.5019
1778425500.0,81048.74,81073.9,81045.21,81064.11,8.45528
1778425560.0,81064.1,81074.25,81048.02,81050.11,5.05688
1778425620.0,81050.11,81059.08,81022.1,81022.11,16.32632
1778425680.0,81022.1,81022.11,80947.29,80969.0,9.83353
1778425740.0,80969.41,80974.18,80941.4,80953.81,6.93449
1778425800.0,80953.81,80968.27,80936.0,80968.26,4.47745
1778425860.0,80968.27,80995.07,80968.25,80995.07,2.37187
1778425920.0,80995.07,80995.07,80984.53,80987.37,1.96745
1778425980.0,80987.38,81025.63,80987.38,81025.62,3.5288
1778426040.0,81025.62,81049.94,81025.62,81044.73,11.73556
1778426100.0,81044.73,81044.73,81011.48,81019.99,7.96307
1778426160.0,81020.0,81020.0,81003.25,81003.26,2.89969
1778426220.0,81003.25,81018.47,81003.25,81014.0,1.47258
1778426280.0,81014.0,81021.09,81013.99,81021.08,0.83058
1778426340.0,81021.08,81021.09,81011.14,81011.14,1.06437
1778426400.0,81011.15,81011.15,81002.26,81002.26,1.31112
1778426460.0,81002.27,81002.27,81002.26,81002.27,1.8652
1778426520.0,81002.27,81002.27,80998.0,80998.0,6.23924
1778426580.0,80998.0,80998.01,80998.0,80998.0,4.72877
1778426640.0,80998.01,80998.01,80966.66,80966.66,6.444
1778426700.0,80966.66,80976.0,80965.67,80975.99,1.93367
1778426760.0,80976.0,80995.84,80975.99,80980.01,5.40079
1778426820.0,80980.01,80986.18,80980.0,80986.18,1.38279
1778426880.0,80986.18,80986.18,80972.0,80972.01,1.98801
1778426940.0,80972.0,80978.46,80954.78,80954.79,9.81521
1778427000.0,80954.78,80981.57,80952.29,80981.57,6.02774
1778427060.0,80981.56,80983.54,80966.72,80983.54,2.63529
1778427120.0,80983.54,80983.54,80967.75,80973.72,1.90213
1778427180.0,80973.71,80993.89,80973.71,80973.71,3.14189
1778427240.0,80973.72,80990.0,80973.71,80989.99,1.97287
1778427300.0,80990.0,81004.85,80989.99,81004.84,3.80573
1778427360.0,81004.85,81100.0,81004.85,81070.01,22.07841
1778427420.0,81070.0,81083.86,81044.57,81082.02,11.42578
1778427480.0,81082.01,81100.0,81072.45,81100.0,14.29531
1778427540.0,81099.99,81110.0,81097.2,81097.21,6.54228
1778427600.0,81097.2,81191.7,81097.2,81161.62,22.96746
1778427660.0,81161.62,81165.67,81052.0,81084.31,44.19245
1778427720.0,81084.3,81093.12,81058.1,81093.12,11.85976
1778427780.0,81093.12,81104.22,81085.6,81085.6,7.42903
1778427840.0,81085.6,81141.02,81085.6,81141.02,10.00284
1778427900.0,81141.01,81190.5,81130.4,81190.49,12.43205
1778427960.0,81190.49,81326.16,81183.33,81326.15,90.00587
1778428020.0,81326.16,81360.0,81205.17,81301.9,65.85063
1778428080.0,81301.9,81318.0,81280.01,81300.96,15.85886
1778428140.0,81300.96,81367.99,81300.96,81341.91,27.98493
1778428200.0,81341.91,81363.89,81341.91,81357.32,7.10357
1778428260.0,81357.32,81395.27,81355.99,81366.06,17.90892
1778428320.0,81366.07,81442.81,81354.04,81430.25,22.58627
1778428380.0,81430.26,81430.26,81345.83,81361.78,15.20956
1778428440.0,81361.78,81361.78,81320.0,81347.19,19.43174
1778428500.0,81347.2,81389.02,81347.19,81381.76,10.19389
1778428560.0,81381.76,81408.37,81381.76,81403.38,10.55202
1778428620.0,81403.38,81417.41,81395.8,81406.54,13.43914
1778428680.0,81406.54,81422.44,81402.74,81422.44,13.9405
1778428740.0,81422.43,81432.98,81418.0,81418.01,8.97584
1778428800.0,81418.01,81451.02,81418.0,81444.05,21.502
1778428860.0,81444.05,81473.29,81444.05,81454.25,24.57579
1778428920.0,81454.25,81472.17,81403.55,81407.96,56.37085
1778428980.0,81407.96,81427.34,81407.95,81418.01,11.55305
1778429040.0,81418.0,81423.36,81381.28,81423.36,36.90611
1778429100.0,81423.36,81423.36,81361.43,81381.14,13.92221
1778429160.0,81381.14,81421.65,81381.13,81421.65,8.16226
1778429220.0,81421.65,81421.65,81397.18,81416.1,10.47069
1778429280.0,81416.11,81417.98,81400.08,81417.98,6.49344
1778429340.0,81417.98,81466.0,81417.98,81466.0,9.04528
1778429400.0,81466.0,81478.82,81465.99,81478.82,5.00704
1778429460.0,81478.81,81500.0,81478.81,81499.99,21.55531
1778429520.0,81500.0,81500.0,81476.0,81476.01,15.19993
1778429580.0,81476.01,81476.01,81440.64,81443.59,14.18951
1778429640.0,81443.58,81477.8,81443.3,81477.8,20.51657
1778429700.0,81477.8,81483.36,81429.03,81429.04,5.16233
1778429760.0,81429.04,81429.04,81400.09,81407.31,7.00252
1778429820.0,81407.3,81407.31,81343.02,81347.42,13.88981
1778429880.0,81347.42,81353.63,81343.02,81349.57,4.35483
1778429940.0,81349.57,81385.55,81349.56,81357.84,10.84856
1778430000.0,81357.85,81389.93,81357.84,81376.85,5.40659
1778430060.0,81376.85,81376.86,81332.43,81332.44,5.72995
1778430120.0,81332.43,81351.32,81332.43,81337.37,19.81777
1778430180.0,81337.37,81337.37,81305.94,81305.94,5.00501
1778430240.0,81305.94,81310.0,81276.04,81278.45,34.60144
1778430300.0,81278.45,81288.6,81258.6,81258.71,7.9851
1778430360.0,81258.72,81295.98,81258.71,81295.98,15.13773
1778430420.0,81295.99,81317.83,81295.99,81317.82,11.57906
1778430480.0,81317.83,81325.81,81280.0,81280.01,10.89685
1778430540.0,81280.01,81280.01,81259.25,81260.09,5.71459
1778430600.0,81260.1,81271.31,81260.1,81271.3,4.39668
1778430660.0,81271.31,81277.74,81252.43,81252.43,6.32051
1778430720.0,81252.44,81252.44,81200.0,81200.01,6.19655
1778430780.0,81200.0,81206.56,81200.0,81204.4,8.2481
1778430840.0,81204.4,81238.38,81204.39,81238.38,6.34229
1778430900.0,81238.37,81248.47,81210.0,81248.47,6.45944
1778430960.0,81248.46,81267.69,81230.78,81234.98,11.61
1778431020.0,81234.97,81248.46,81234.97,81248.46,2.95204
1778431080.0,81248.45,81271.56,81248.45,81271.55,3.96491
1778431140.0,81271.56,81306.08,81271.55,81304.6,4.97448
1778431200.0,81304.61,81319.24,81288.68,81315.16,4.29693
1778431260.0,81315.15,81319.24,81288.68,81295.17,7.00164
1778431320.0,81295.17,81295.18,81294.28,81294.28,1.37371
1778431380.0,81294.29,81294.29,81294.28,81294.29,4.9466
1778431440.0,81294.29,81294.29,81239.25,81247.62,9.50941
1778431500.0,81247.62,81247.63,81222.38,81243.23,7.24491
1778431560.0,81243.23,81281.85,81243.23,81281.84,8.57278
1778431620.0,81281.85,81308.43,81281.85,81297.55,4.90721
1778431680.0,81297.55,81297.55,81291.96,81291.97,2.29185
1778431740.0,81291.97,81320.0,81291.96,81319.99,5.48109
1778431800.0,81320.0,81361.38,81320.0,81324.07,7.22586
1778431860.0,81324.07,81338.28,81306.15,81306.15,3.90703
1778431920.0,81306.16,81338.28,81306.15,81338.0,3.72285
1778431980.0,81338.0,81349.89,81331.12,81349.88,2.82107
1778432040.0,81349.89,81349.89,81349.88,81349.89,0.80051
1778432100.0,81349.89,81361.21,81343.42,81343.43,3.21573
1778432160.0,81343.43,81351.0,81334.0,81338.87,5.71241
1778432220.0,81338.87,81338.87,81335.56,81335.56,1.30657
1778432280.0,81335.57,81347.93,81327.19,81347.92,6.19744
1778432340.0,81347.93,81378.25,81347.92,81378.25,4.62429
1778432400.0,81378.25,81385.22,81378.24,81385.21,2.20599
1778432460.0,81385.21,81385.22,81356.6,81362.85,5.8697
1778432520.0,81362.84,81362.85,81351.89,81351.89,2.00671
1778432580.0,81351.9,81371.27,81351.89,81371.26,4.02182
1778432640.0,81371.26,81400.0,81371.25,81391.22,12.60891
1778432700.0,81391.22,81435.27,81391.22,81423.34,6.84596
1778432760.0,81423.35,81423.35,81300.0,81302.7,10.1946
1778432820.0,81302.69,81306.74,81291.13,81291.13,2.48692
1778432880.0,81291.12,81291.13,81252.48,81267.25,6.29353
1778432940.0,81267.25,81279.28,81244.37,81244.37,3.08147
1778433000.0,81244.38,81244.38,81220.0,81233.96,5.7062
1778433060.0,81233.96,81248.93,81233.95,81241.37,10.37926
1778433120.0,81241.37,81291.59,81241.37,81291.58,9.64636
1778433180.0,81291.58,81343.2,81291.58,81316.86,19.38337
1778433240.0,81316.87,81347.62,81316.86,81340.62,16.28711
1778433300.0,81340.62,81385.62,81335.99,81345.57,23.55948
1778433360.0,81345.57,81345.58,81300.0,81300.0,4.05586
1778433420.0,81300.0,81300.01,81288.69,81299.99,4.65427
1778433480.0,81300.0,81360.0,81300.0,81355.96,5.95065
1778433540.0,81355.96,81364.15,81340.21,81349.74,4.07991
1778433600.0,81349.74,81368.0,81349.73,81368.0,3.4494
1778433660.0,81367.99,81422.09,81367.99,81422.09,32.699
1778433720.0,81422.09,81422.09,81380.51,81406.2,15.72078
1778433780.0,81406.21,81438.46,81404.02,81412.33,30.99182
1778433840.0,81412.33,81412.34,81400.11,81400.11,4.72485
1778433900.0,81400.12,81404.11,81388.0,81388.0,12.2506
1778433960.0,81388.0,81394.78,81380.67,81394.78,3.0595
1778434020.0,81394.78,81401.04,81374.48,81374.49,6.71774
1778434080.0,81374.48,81374.49,81366.89,81369.82,3.35123
1778434140.0,81369.82,81399.37,81369.82,81390.4,6.28684
1778434200.0,81390.4,81390.41,81365.43,81365.44,15.22871
1778434260.0,81365.44,81409.19,81365.43,81406.54,9.77856
1778434320.0,81406.53,81406.54,81350.01,81350.01,8.0789
1778434380.0,81350.01,81356.0,81336.81,81355.99,7.254
1778434440.0,81356.0,81356.0,81328.81,81328.81,5.63732
1778434500.0,81328.82,81328.82,81310.32,81319.55,4.94646
1778434560.0,81319.56,81319.56,81300.0,81303.35,6.44699
1778434620.0,81303.35,81319.56,81303.34,81307.54,5.80061
1778434680.0,81307.54,81320.0,81303.34,81303.35,4.39172
1778434740.0,81303.35,81303.35,81291.0,81291.01,3.19435
1778434800.0,81291.01,81310.14,81291.0,81310.14,9.6213
1778434860.0,81310.14,81322.71,81310.13,81322.71,2.20486
1778434920.0,81322.7,81339.84,81322.7,81339.84,4.99896
1778434980.0,81339.84,81347.29,81339.83,81347.29,1.68923
1778435040.0,81347.29,81381.31,81347.28,81381.31,3.12546
1778435100.0,81381.3,81393.38,81349.92,81349.92,8.79236
1778435160.0,81349.92,81349.92,81348.0,81348.0,2.68738
1778435220.0,81348.0,81410.05,81348.0,81410.04,11.2864
1778435280.0,81410.05,81434.42,81410.04,81428.66,2.9834
1778435340.0,81428.66,81428.67,81370.81,81370.81,37.60595
1778435400.0,81370.81,81414.84,81366.35,81414.84,16.13679
1778435460.0,81414.84,81468.59,81414.83,81468.58,17.67181
1778435520.0,81468.58,81550.0,81468.58,81496.2,56.92124
1778435580.0,81496.2,81583.11,81496.19,81515.12,29.22965
1778435640.0,81515.12,81539.03,81492.0,81499.19,13.36613
1778435700.0,81499.19,81518.49,81483.43,81483.43,8.42181
1778435760.0,81483.44,81483.44,81458.35,81473.89,12.03715
1778435820.0,81473.89,81475.6,81442.98,81450.15,6.41388
1778435880.0,81450.15,81458.0,81450.15,81458.0,2.9648
1778435940.0,81458.0,81476.18,81457.99,81476.18,2.25866
1778436000.0,81476.18,81486.08,81434.49,81434.5,5.37962
1778436060.0,81434.5,81448.48,81424.14,81424.15,8.22201
1778436120.0,81424.14,81468.6,81424.14,81464.31,5.70341
1778436180.0,81464.31,81493.11,81460.14,81460.15,4.71992
1778436240.0,81460.14,81485.5,81460.14,81476.41,3.69455
1778436300.0,81476.41,81485.48,81455.44,81455.44,7.64954
1778436360.0,81455.44,81455.45,81431.8,81439.99,2.38614
1778436420.0,81439.99,81439.99,81422.0,81422.01,2.91303
1778436480.0,81422.01,81422.01,81402.22,81402.23,2.94041
1778436540.0,81402.23,81414.0,81396.0,81413.99,3.22995
1778436600.0,81413.99,81428.7,81413.99,81424.5,2.00079
1778436660.0,81424.5,81424.51,81418.82,81418.82,1.97708
1778436720.0,81418.83,81423.58,81418.82,81423.57,1.96219
1778436780.0,81423.57,81423.58,81413.8,81413.8,2.17694
1778436840.0,81413.81,81451.98,81413.8,81451.97,4.71626
1778436900.0,81451.98,81451.98,81422.6,81422.61,5.50833
1778436960.0,81422.6,81422.61,81400.0,81400.01,2.33007
1778437020.0,81400.0,81400.01,81391.22,81391.23,2.56191
1778437080.0,81391.22,81391.22,81358.39,81358.4,7.14642
1778437140.0,81358.39,81358.4,81333.33,81342.47,10.04369
1778437200.0,81342.46,81369.04,81334.32,81369.04,3.57449
1778437260.0,81369.04,81417.15,81369.04,81404.02,5.01426
1778437320.0,81404.02,81404.02,81401.2,81401.2,3.17713
1778437380.0,81401.2,81401.21,81359.93,81370.3,38.22107
1778437440.0,81370.3,81390.59,81370.29,81390.58,2.609
1778437500.0,81390.59,81419.99,81390.58,81391.23,4.80465
1778437560.0,81391.22,81391.23,81388.01,81388.02,3.54705
1778437620.0,81388.01,81388.02,81361.22,81361.23,2.20569
1778437680.0,81361.23,81362.23,81353.19,81359.41,2.62867
1778437740.0,81359.42,81359.42,81353.39,81355.26,1.95837
1778437800.0,81355.27,81355.27,81355.26,81355.26,1.12155
1778437860.0,81355.27,81412.87,81355.26,81391.22,11.18355
1778437920.0,81391.22,81391.23,81353.56,81353.57,3.35815
1778437980.0,81353.56,81358.5,81337.61,81358.5,11.45356
1778438040.0,81358.5,81358.5,81348.01,81348.01,3.77095
1778438100.0,81348.02,81348.02,81336.81,81336.82,2.49472
1778438160.0,81336.82,81336.82,81320.0,81320.01,4.41796
1778438220.0,81320.01,81328.42,81320.0,81320.01,2.64073
1778438280.0,81320.0,81343.34,81320.0,81342.11,4.34861
1778438340.0,81342.11,81342.11,81308.06,81313.08,6.51823
1778438400.0,81313.07,81319.53,81310.0,81310.0,2.23209
1778438460.0,81310.0,81310.01,81305.93,81305.94,3.55252
1778438520.0,81305.94,81305.94,81253.74,81253.75,7.15743
1778438580.0,81253.75,81259.58,81250.8,81259.58,3.67357
1778438640.0,81259.58,81259.58,81259.57,81259.58,1.31592
1778438700.0,81259.58,81259.58,81257.95,81257.95,2.19161
1778438760.0,81257.96,81257.96,81257.95,81257.96,3.38152
1778438820.0,81257.96,81257.96,81257.95,81257.95,1.23786
1778438880.0,81257.95,81276.7,81257.95,81276.7,4.86792
1778438940.0,81276.7,81279.72,81276.69,81279.72,1.7558
1778439000.0,81279.72,81293.99,81257.95,81257.96,10.25903
1778439060.0,81257.95,81257.96,81231.14,81231.14,2.69985
1778439120.0,81231.14,81265.98,81231.14,81260.59,2.63833
1778439180.0,81260.6,81273.96,81260.6,81272.5,2.76737
1778439240.0,81272.5,81285.81,81272.49,81285.81,2.02652
1778439300.0,81285.81,81285.81,81272.49,81272.5,2.46792
1778439360.0,81272.49,81272.5,81255.44,81263.17,2.23699
1778439420.0,81263.16,81263.17,81263.16,81263.17,0.80558
1778439480.0,81263.17,81283.79,81263.16,81283.78,3.23293
1778439540.0,81283.79,81283.79,81271.95,81271.96,2.09664
1778439600.0,81271.96,81274.01,81224.55,81224.55,5.06877
1778439660.0,81224.55,81224.55,81200.0,81200.01,3.88855
1778439720.0,81200.0,81200.01,81148.0,81164.88,45.35433
1778439780.0,81164.88,81209.24,81156.02,81199.34,4.48715
1778439840.0,81199.35,81211.0,81199.34,81211.0,1.56925
1778439900.0,81211.0,81239.23,81210.99,81239.22,2.59084
1778439960.0,81239.22,81239.23,81222.74,81237.93,3.83494
1778440020.0,81237.93,81237.93,81237.92,81237.93,1.24001
1778440080.0,81237.93,81262.37,81237.92,81262.37,2.14075
1778440140.0,81262.37,81300.0,81262.36,81299.99,5.6282
1778440200.0,81300.0,81357.36,81299.99,81352.11,5.51384
1778440260.0,81352.11,81358.57,81343.5,81358.56,3.22378
1778440320.0,81358.56,81358.57,81343.51,81343.51,2.37517
1778440380.0,81343.51,81357.89,81343.5,81357.89,1.66478
1778440440.0,81357.88,81383.29,81357.88,81360.01,6.75214
1778440500.0,81360.0,81407.51,81353.53,81407.51,34.30695
1778440560.0,81407.51,81450.72,81407.5,81433.43,8.96835
1778440620.0,81433.42,81433.43,81407.5,81432.56,6.23629
1778440680.0,81432.57,81446.42,81425.08,81446.41,5.69972
1778440740.0,81446.41,81446.42,81415.65,81415.65,12.37303
1778440800.0,81415.65,81415.66,81415.65,81415.66,1.2355
1778440860.0,81415.66,81431.92,81401.91,81403.38,7.03989
1778440920.0,81403.38,81431.29,81403.38,81431.28,2.65473
1778440980.0,81431.29,81478.62,81431.28,81478.61,15.42772
1778441040.0,81478.62,81478.62,81460.0,81466.61,15.19354
1778441100.0,81466.62,81480.96,81466.61,81466.62,2.57726
1778441160.0,81466.62,81470.89,81431.29,81470.88,7.83521
1778441220.0,81470.89,81475.0,81466.79,81466.8,3.13358
1778441280.0,81466.8,81474.95,81465.28,81474.95,2.61367
1778441340.0,81474.94,81481.37,81474.94,81481.36,1.83749
1778441400.0,81481.36,81481.92,81470.0,81470.01,3.53039
1778441460.0,81470.0,81470.01,81446.61,81446.61,2.72953
1778441520.0,81446.62,81446.62,81436.09,81441.46,8.41318
1778441580.0,81441.46,81442.22,81434.49,81434.5,2.34731
1778441640.0,81434.49,81443.64,81434.49,81443.64,1.76153
1778441700.0,81443.64,81443.64,81434.49,81434.49,1.26563
1778441760.0,81434.49,81434.5,81434.49,81434.5,1.66549
1778441820.0,81434.49,81436.16,81434.49,81436.15,5.10528
1778441880.0,81436.16,81436.16,81414.83,81414.84,2.95816
1778441940.0,81414.84,81414.84,81391.51,81407.84,6.60933
1778442000.0,81407.83,81414.84,81407.83,81414.83,1.53884
1778442060.0,81414.84,81448.86,81414.83,81436.69,6.69729
1778442120.0,81436.7,81436.7,81436.69,81436.7,2.22389
1778442180.0,81436.69,81440.47,81425.14,81425.15,8.71876
1778442240.0,81425.15,81430.25,81425.14,81430.25,1.88197
1778442300.0,81430.25,81430.25,81430.24,81430.25,0.91169
1778442360.0,81430.25,81430.25,81402.26,81413.59,3.96274
1778442420.0,81413.58,81425.1,81413.58,81425.1,1.598
1778442480.0,81425.1,81425.1,81395.88,81395.88,4.2528
1778442540.0,81395.89,81395.89,81388.0,81388.01,3.51995
1778442600.0,81388.01,81396.84,81370.0,81372.18,5.90045
1778442660.0,81372.18,81372.2,81350.5,81350.51,2.63689
1778442720.0,81350.51,81350.51,81334.99,81335.0,2.08967
1778442780.0,81334.99,81338.26,81334.99,81338.25,1.85125
1778442840.0,81338.26,81346.0,81333.05,81345.99,1.81464
1778442900.0,81345.99,81397.62,81345.99,81397.61,6.85968
1778442960.0,81397.61,81397.62,81391.23,81391.23,0.86288
1778443020.0,81391.24,81413.48,81391.23,81409.66,5.15577
1778443080.0,81409.67,81439.62,81409.66,81430.23,4.33495
1778443140.0,81430.23,81437.83,81424.71,81437.83,8.68415
1778443200.0,81437.83,81450.0,81430.24,81436.36,4.6105
1778443260.0,81436.36,81449.83,81430.8,81442.0,3.52477
1778443320.0,81442.01,81442.01,81424.71,81424.71,2.87207
1778443380.0,81424.72,81449.68,81424.71,81437.86,3.15132
1778443440.0,81437.86,81437.86,81422.84,81422.85,1.51589
1778443500.0,81422.84,81430.67,81422.84,81430.66,2.53305
1778443560.0,81430.67,81430.67,81420.22,81420.23,1.36885
1778443620.0,81420.22,81437.04,81420.22,81436.39,2.60029
1778443680.0,81436.4,81441.97,81436.39,81441.97,2.09934
1778443740.0,81441.97,81459.66,81441.97,81459.66,4.48828
1778443800.0,81459.66,81459.66,81424.4,81424.4,1.82618
1778443860.0,81424.4,81431.71,81424.4,81431.71,1.14482
1778443920.0,81431.71,81431.71,81306.12,81306.29,19.89453
1778443980.0,81306.28,81313.1,81225.65,81236.33,17.37991
1778444040.0,81236.33,81241.8,81167.49,81191.73,10.79893
1778444100.0,81191.73,81221.35,81186.14,81186.14,5.98605
1778444160.0,81186.14,81186.15,81055.38,81072.56,40.45111
1778444220.0,81072.56,81105.66,81060.26,81092.41,9.52921
1778444280.0,81092.42,81092.42,81061.34,81061.34,11.91874
1778444340.0,81061.35,81077.12,81061.34,81072.5,4.33071
1778444400.0,81072.49,81183.84,81072.49,81183.83,17.41021
1778444460.0,81183.84,81199.22,81155.33,81155.33,14.96914
1778444520.0,81155.33,81162.95,81094.07,81094.09,10.85549
1778444580.0,81094.08,81110.0,81080.02,81109.99,5.94365
1778444640.0,81110.0,81132.31,81109.99,81119.46,5.64587
1778444700.0,81119.46,81119.47,81110.0,81113.56,2.30725
1778444760.0,81113.55,81135.07,81113.55,81127.98,1.90142
1778444820.0,81127.98,81160.0,81127.98,81160.0,7.45524
1778444880.0,81160.0,81162.53,81143.4,81151.87,8.2731
1778444940.0,81151.86,81151.87,81151.86,81151.86,3.11174
1778445000.0,81151.87,81151.87,81084.1,81100.0,10.72062
1778445060.0,81099.99,81100.0,81050.0,81065.46,13.38711
1778445120.0,81065.46,81096.93,80984.28,80992.48,29.56973
1778445180.0,80992.47,81004.86,80914.31,80971.17,27.30718
1778445240.0,80971.17,81015.67,80971.17,80981.06,5.14296
1778445300.0,80981.05,81012.47,80951.73,81009.87,8.21286
1778445360.0,81009.88,81058.12,80981.05,81058.12,9.39433
1778445420.0,81058.12,81109.83,81058.11,81083.6,8.09127
1778445480.0,81083.6,81087.56,81056.31,81087.56,6.17987
1778445540.0,81087.55,81093.12,81000.6,81007.79,18.74138
1778445600.0,81007.8,81048.7,80984.39,81027.92,10.56265
1778445660.0,81027.92,81027.92,81011.67,81019.55,1.82757
1778445720.0,81019.55,81022.56,81002.0,81002.01,3.08358
1778445780.0,81002.0,81002.01,80939.69,80939.69,11.02463
1778445840.0,80939.7,80939.7,80799.96,80800.0,80.36079
1778445900.0,80800.0,80800.0,80643.06,80721.71,71.80325
1778445960.0,80721.72,80737.88,80612.65,80656.34,68.40662
1778446020.0,80656.34,80705.72,80593.87,80613.94,67.21169
1778446080.0,80613.94,80613.94,80501.0,80571.1,37.06211
1778446140.0,80571.1,80571.1,80288.0,80367.83,103.30736
1778446200.0,80367.83,80487.1,80279.77,80487.1,49.63131
1778446260.0,80487.1,80656.33,80487.1,80626.99,18.75281
1778446320.0,80627.0,80680.0,80619.86,80619.87,12.74321
1778446380.0,80619.87,80619.87,80560.01,80571.96,61.50494
1778446440.0,80571.97,80614.0,80571.96,80613.99,12.63457
1778446500.0,80614.0,80637.66,80601.36,80637.65,8.51244
1778446560.0,80637.65,80646.06,80610.59,80639.72,12.03426
1778446620.0,80639.71,80711.8,80633.82,80711.8,15.63893
1778446680.0,80711.79,80711.8,80693.8,80708.0,5.52908
1778446740.0,80707.99,80734.88,80707.99,80734.88,3.46292
1778446800.0,80734.88,80795.43,80705.83,80795.43,37.18824
1778446860.0,80795.43,80827.58,80772.21,80775.97,16.01626
1778446920.0,80775.98,80944.44,80772.21,80944.43,13.2638
1778446980.0,80944.44,80944.44,80864.66,80884.01,33.3904
1778447040.0,80884.01,80884.01,80796.0,80798.0,16.6905
1778447100.0,80798.01,80834.21,80781.64,80834.21,11.17172
1778447160.0,80834.61,80844.0,80800.0,80844.0,4.39246
1778447220.0,80844.37,80870.0,80835.9,80850.16,3.99288
1778447280.0,80850.16,80858.15,80835.12,80858.15,3.83444
1778447340.0,80858.15,80858.15,80841.21,80841.22,2.91139
1778447400.0,80841.22,80841.22,80800.0,80802.92,8.08919
1778447460.0,80802.92,80802.92,80667.18,80672.56,21.73279
1778447520.0,80672.56,80709.47,80584.63,80584.64,30.75289
1778447580.0,80584.65,80668.0,80571.97,80668.0,8.51569
1778447640.0,80668.0,80670.0,80645.75,80659.28,6.69719
1778447700.0,80659.27,80696.56,80658.05,80681.3,6.99841
1778447760.0,80681.3,80685.01,80673.42,80678.0,7.0458
1778447820.0,80678.0,80729.2,80677.99,80721.03,10.78795
1778447880.0,80721.03,80775.93,80721.03,80775.93,6.54577
1778447940.0,80775.93,80888.0,80775.92,80878.51,18.00533
1778448000.0,80878.52,80878.52,80780.01,80782.16,20.58881
1778448060.0,80782.16,80796.48,80744.21,80744.21,20.73667
1778448120.0,80744.2,80761.24,80700.0,80761.24,12.28599
1778448180.0,80761.24,80809.03,80761.23,80809.03,3.216
1778448240.0,80809.03,80809.03,80722.68,80747.51,36.7651
1778448300.0,80747.51,80760.8,80726.76,80760.76,27.7219
1778448360.0,80760.77,80778.75,80756.1,80759.07,6.76798
1778448420.0,80759.07,80781.36,80759.06,80760.53,21.56149
1778448480.0,80760.53,80803.04,80760.52,80803.03,8.58355
1778448540.0,80803.04,80840.0,80803.03,80839.99,10.92217
1778448600.0,80840.0,80874.0,80839.99,80868.33,7.30008
1778448660.0,80868.32,80878.51,80833.64,80878.5,28.83561
1778448720.0,80878.51,80923.77,80878.5,80923.76,8.09417
1778448780.0,80923.76,80938.8,80923.76,80925.59,14.26132
1778448840.0,80925.6,80925.6,80844.45,80858.89,8.79076
1778448900.0,80858.89,80869.74,80842.0,80855.9,7.11973
1778448960.0,80855.89,80870.7,80855.89,80861.64,4.61839
1778449020.0,80861.64,80919.12,80842.61,80848.5,38.30787
1778449080.0,80848.49,80867.43,80842.61,80842.63,9.43932
1778449140.0,80842.64,80842.64,80775.97,80775.97,9.35605
1778449200.0,80775.98,80825.07,80775.98,80818.58,7.65475
1778449260.0,80818.57,80820.16,80782.15,80806.63,7.04498
1778449320.0,80806.63,80842.24,80806.62,80842.24,1.86333
1778449380.0,80842.24,80897.99,80842.23,80858.11,7.84445
1778449440.0,80858.11,80878.06,80840.0,80840.0,6.03421
1778449500.0,80840.0,80896.77,80838.1,80896.77,2.46834
1778449560.0,80896.76,80896.77,80856.66,80878.52,6.79553
1778449620.0,80878.52,80878.52,80855.25,80859.56,2.4637
1778449680.0,80859.56,80872.61,80859.56,80872.6,1.43933
1778449740.0,80872.6,80872.61,80850.18,80850.18,6.46878
1778449800.0,80850.19,80871.6,80850.18,80871.59,5.60203
1778449860.0,80871.59,80917.99,80871.59,80917.99,4.21856
1778449920.0,80917.98,80917.99,80778.72,80786.43,22.84795
1778449980.0,80786.43,80817.24,80775.97,80775.97,4.53062
1778450040.0,80775.97,80797.19,80753.61,80753.61,2.79833
1778450100.0,80753.62,80784.86,80733.2,80768.79,20.57903
1778450160.0,80768.79,80768.79,80752.64,80752.64,1.16055
1778450220.0,80752.65,80752.65,80730.01,80750.36,2.56035
1778450280.0,80750.36,80750.36,80730.28,80730.29,1.06046
1778450340.0,80730.28,80730.29,80714.28,80720.47,3.00029
1778450400.0,80720.47,80890.89,80666.66,80890.89,37.38404
1778450460.0,80890.89,81131.55,80880.05,81128.62,66.76374
1778450520.0,81128.61,81204.52,80954.2,80954.2,46.70342
1778450580.0,80954.2,81020.0,80822.89,80990.96,27.7976
1778450640.0,80990.97,80995.37,80919.94,80957.55,6.26638
1778450700.0,80957.55,81060.0,80940.0,81012.97,15.4731
1778450760.0,81012.97,81126.13,80938.13,81115.91,39.82252
1778450820.0,81115.91,81239.24,81104.02,81138.51,40.14592
1778450880.0,81138.51,81251.77,81100.01,81251.76,17.44386
1778450940.0,81251.76,81251.77,81193.75,81193.75,10.85359
1778451000.0,81193.75,81391.23,81188.21,81330.26,45.79618
1778451060.0,81330.27,81414.0,81314.51,81381.58,27.50433
1778451120.0,81381.5,81432.79,81340.02,81340.02,47.70588
1778451180.0,81340.03,81348.17,81298.02,81332.33,6.07772
1778451240.0,81332.33,81338.72,81312.61,81317.02,16.44446
1778451300.0,81317.02,81343.29,81279.54,81279.54,12.56882
1778451360.0,81279.53,81279.53,81222.28,81228.68,17.07775
1778451420.0,81228.68,81372.12,81213.52,81298.64,71.00441
1778451480.0,81298.64,81385.62,81290.01,81326.62,26.73515
1778451540.0,81326.61,81400.28,81326.61,81363.0,35.12669
1778451600.0,81363.0,81372.28,81304.12,81342.63,14.42043
1778451660.0,81342.63,81346.8,81284.31,81288.68,12.99384
1778451720.0,81288.69,81288.69,81255.94,81287.74,8.19774
1778451780.0,81287.75,81308.83,81262.01,81288.68,5.25218
1778451840.0,81288.69,81328.62,81288.68,81314.04,8.47891
1778451900.0,81314.04,81359.0,81300.98,81358.99,6.93703
1778451960.0,81358.99,81430.0,81358.99,81398.14,20.19201
1778452020.0,81398.14,81718.0,81398.14,81661.78,144.78685
1778452080.0,81661.79,81709.99,81580.0,81580.0,29.0712
1778452140.0,81580.0,81580.01,81503.7,81503.71,14.53019
1778452200.0,81503.71,81530.46,81467.09,81470.71,15.41629
1778452260.0,81470.71,81586.96,81467.09,81583.88,20.25318
1778452320.0,81583.89,81805.21,81573.05,81709.47,67.10791
1778452380.0,81709.46,82088.0,81666.01,82006.48,181.43195
1778452440.0,82006.48,82109.03,81923.01,82027.54,75.13127
1778452500.0,82028.0,82072.23,81970.19,81977.82,44.44318
1778452560.0,81977.82,81979.95,81907.1,81942.85,23.30519
1778452620.0,81942.84,81965.29,81892.26,81914.41,28.92979
1778452680.0,81914.42,81973.81,81903.94,81903.95,17.33846
1778452740.0,81903.94,81943.62,81903.94,81937.85,10.58578
1778452800.0,81937.85,81995.9,81937.85,81938.61,11.78587
1778452860.0,81938.61,81957.56,81868.23,81924.63,10.28431
1778452920.0,81924.63,81944.0,81860.03,81862.98,23.54204
1778452980.0,81862.97,81885.61,81852.03,81878.24,17.14802
1778453040.0,81878.24,81887.88,81873.43,81887.88,5.0411
1778453100.0,81887.88,81959.77,81887.88,81928.47,13.54283
1778453160.0,81928.46,81928.47,81883.16,81910.44,13.60486
1778453220.0,81910.44,81917.67,81852.43,81913.24,19.2341
1778453280.0,81913.23,81941.58,81891.99,81927.85,13.71005
1778453340.0,81927.85,81998.33,81927.84,81989.4,21.96628
1778453400.0,81989.39,82020.0,81927.85,81959.74,24.68204
1778453460.0,81959.75,81959.75,81828.42,81855.09,17.27426
1778453520.0,81855.09,81966.26,81855.08,81966.25,22.48076
1778453580.0,81966.26,82090.21,81966.25,82083.05,36.72723
1778453640.0,82083.06,82083.06,82020.25,82034.63,16.65973
1778453700.0,82034.63,82171.96,82020.32,82119.94,75.35465
1778453760.0,82119.94,82171.96,82050.35,82171.95,35.44735
1778453820.0,82171.95,82171.95,82047.69,82069.98,18.96836
1778453880.0,82069.98,82075.45,82020.72,82028.97,19.99415
1778453940.0,82028.97,82048.88,81978.0,82044.49,23.91769
1778454000.0,82044.49,82277.0,82044.49,82200.78,140.75601
1778454060.0,82200.79,82238.19,82113.0,82215.71,36.92209
1778454120.0,82215.72,82400.0,82215.71,82367.96,91.28895
1778454180.0,82367.96,82374.91,82236.25,82236.25,33.04707
1778454240.0,82236.26,82282.31,82215.24,82228.82,33.63256
1778454300.0,82228.82,82364.67,82228.82,82306.0,29.78352
1778454360.0,82306.01,82384.48,82269.5,82269.5,39.14361
1778454420.0,82269.5,82280.34,82229.18,82261.24,16.33745
1778454480.0,82261.25,82375.0,82261.25,82324.46,21.53888
1778454540.0,82324.46,82328.19,82294.2,82314.12,13.33193
1778454600.0,82314.11,82430.0,82314.11,82403.33,68.58431
1778454660.0,82403.34,82408.75,82324.22,82324.23,22.19793
1778454720.0,82324.23,82350.0,82273.06,82276.99,11.21023
1778454780.0,82276.99,82337.23,82261.29,82318.53,15.77496
1778454840.0,82318.53,82400.0,82300.0,82400.0,33.21469
1778454900.0,82400.0,82479.32,82399.99,82428.85,35.15376
1778454960.0,82428.31,82430.0,82388.47,82424.4,23.26894
1778455020.0,82424.4,82424.4,82269.5,82300.0,25.99815
1778455080.0,82300.0,82318.79,82262.32,82290.74,28.0027
1778455140.0,82290.74,82297.66,82264.21,82270.15,25.30912
1778455200.0,82270.15,82280.44,82251.77,82280.43,6.45379
1778455260.0,82280.43,82336.86,82280.43,82317.89,20.18138
1778455320.0,82317.9,82335.38,82314.11,82318.9,9.9393
1778455380.0,82318.9,82318.91,82218.15,82236.72,19.34151
1778455440.0,82236.71,82298.72,82226.63,82277.81,13.18412
1778455500.0,82277.82,82314.08,82276.0,82300.82,9.68905
1778455560.0,82300.83,82315.0,82280.54,82296.56,9.27542
1778455620.0,82296.56,82350.0,82296.56,82319.71,42.9175
1778455680.0,82319.71,82319.71,82268.16,82273.56,11.77971
1778455740.0,82273.56,82273.56,82201.16,82231.49,23.07036
1778455800.0,82231.49,82300.0,82231.48,82284.82,17.4813
1778455860.0,82284.83,82284.83,82206.19,82234.14,32.06207
1778455920.0,82234.14,82244.8,82234.14,82244.79,16.42207
1778455980.0,82244.8,82284.82,82201.81,82221.6,20.99964
1778456040.0,82221.6,82226.97,82207.95,82211.6,11.41075
1778456100.0,82211.6,82261.27,82211.6,82261.25,9.01677
1778456160.0,82261.26,82342.36,82261.26,82339.95,29.12435
1778456220.0,82339.96,82390.0,82328.64,82375.95,23.00974
1778456280.0,82375.95,82414.76,82358.0,82359.5,24.24386
1778456340.0,82359.49,82372.28,82351.7,82372.28,4.93854
1778456400.0,82372.27,82377.28,82330.0,82330.01,10.30326
1778456460.0,82330.01,82348.96,82314.11,82314.11,6.74372
1778456520.0,82314.12,82363.77,82314.11,82363.76,20.33532
1778456580.0,82363.77,82377.68,82351.66,82351.67,9.13263
1778456640.0,82351.66,82400.0,82351.66,82387.86,20.60898
1778456700.0,82387.86,82409.54,82332.76,82338.02,16.62769
1778456760.0,82338.01,82350.0,82318.49,82350.0,14.94445
1778456820.0,82349.99,82368.0,82320.7,82342.28,17.06195
1778456880.0,82342.28,82349.24,82327.51,82343.26,21.96172
1778456940.0,82343.26,82355.2,82300.46,82319.99,19.4948
1778457000.0,82319.99,82324.89,82220.15,82264.79,35.89101
1778457060.0,82264.78,82271.07,82211.57,82219.58,17.42195
1778457120.0,82219.59,82257.62,82211.57,82234.0,6.69331
1778457180.0,82234.0,82234.01,82211.57,82211.57,2.44944
1778457240.0,82211.58,82211.58,82174.8,82191.6,9.82825
1778457300.0,82191.61,82191.61,82117.14,82117.14,9.05791
1778457360.0,82117.15,82127.2,82080.0,82092.51,9.55381
1778457420.0,82092.5,82160.66,82092.5,82160.65,11.60504
1778457480.0,82160.64,82167.52,82128.39,82167.51,10.97907
1778457540.0,82167.52,82210.1,82141.94,82210.07,25.95043
1778457600.0,82210.07,82380.0,82198.25,82283.4,51.07477
1778457660.0,82283.4,82301.01,82245.31,82245.32,23.47509
1778457720.0,82245.31,82245.31,82194.62,82226.64,73.78757
1778457780.0,82226.64,82230.72,82154.54,82166.14,18.69531
1778457840.0,82166.13,82166.14,82088.0,82091.05,13.96536
1778457900.0,82091.05,82128.15,82077.52,82093.7,23.38173
1778457960.0,82093.7,82093.71,82009.01,82009.87,75.90959
1778458020.0,82009.86,82019.15,81974.77,81992.47,16.19967
1778458080.0,81992.48,82053.53,81967.39,82053.52,14.32732
1778458140.0,82053.53,82053.53,81974.13,81980.05,10.80008
1778458200.0,81980.05,82012.99,81980.05,81999.99,6.30274
1778458260.0,82000.0,82030.91,81981.5,82020.44,6.83492
1778458320.0,82020.44,82020.45,81944.01,81944.01,14.16277
1778458380.0,81944.02,81949.19,81913.79,81913.8,6.67659
1778458440.0,81913.8,81923.44,81877.72,81877.72,41.13275
1778458500.0,81877.73,81877.73,81741.61,81751.52,32.31745
1778458560.0,81751.52,81828.0,81731.88,81828.0,21.48143
1778458620.0,81828.47,81854.44,81697.72,81713.05,63.19589
1778458680.0,81713.05,81778.84,81694.08,81696.14,33.9638
1778458740.0,81696.15,81696.15,81570.58,81579.77,73.57855
1778458800.0,81579.77,81641.65,81414.66,81493.78,99.40221
1778458860.0,81493.77,81642.22,81480.94,81624.57,32.30302
1778458920.0,81624.56,81677.71,81624.56,81632.33,25.78289
1778458980.0,81632.33,81735.99,81632.33,81735.99,14.17239
1778459040.0,81735.99,81784.18,81735.99,81784.18,6.8991
1778459100.0,81784.17,81817.82,81756.0,81775.04,19.59196
1778459160.0,81775.05,81775.05,81750.51,81767.29,9.08734
1778459220.0,81767.29,81767.29,81681.39,81681.4,8.11756
1778459280.0,81681.39,81681.39,81637.35,81673.35,12.97148
1778459340.0,81673.34,81680.98,81668.62,81679.99,5.54355
1778459400.0,81680.0,81729.2,81664.75,81714.39,12.11333
1778459460.0,81714.39,81840.08,81714.38,81805.5,38.79375
1778459520.0,81805.5,81833.56,81801.39,81820.64,13.09366
1778459580.0,81820.65,81820.65,81793.0,81793.0,6.00203
1778459640.0,81793.01,81793.01,81757.61,81761.15,4.5012
1778459700.0,81761.14,81761.15,81754.18,81757.95,3.27738
1778459760.0,81757.95,81800.0,81757.95,81780.61,5.52499
1778459820.0,81780.62,81806.97,81771.22,81771.22,13.16388
1778459880.0,81771.22,81771.23,81733.7,81733.7,5.65831
1778459940.0,81733.71,81733.71,81711.42,81711.43,10.79784
1778460000.0,81711.43,81717.8,81676.35,81690.19,6.26608
1778460060.0,81690.18,81690.19,81550.18,81551.44,45.2523
1778460120.0,81551.44,81584.18,81488.17,81584.18,41.299
1778460180.0,81584.19,81680.88,81575.66,81646.35,38.80188
1778460240.0,81646.34,81646.34,81596.31,81596.31,5.18338
1778460300.0,81596.32,81629.99,81542.51,81614.88,25.8577
1778460360.0,81614.89,81648.0,81610.32,81640.0,6.95492
1778460420.0,81640.0,81647.99,81567.39,81587.54,14.61312
1778460480.0,81587.54,81625.32,81587.53,81617.12,7.4335
1778460540.0,81617.11,81621.99,81577.11,81577.11,6.52795
1778460600.0,81577.1,81584.85,81493.77,81561.71,11.45968
1778460660.0,81561.72,81612.7,81553.55,81567.87,5.89945
1778460720.0,81567.88,81569.87,81349.6,81371.5,21.87379
1778460780.0,81371.5,81390.0,81290.0,81304.01,33.31157
1778460840.0,81304.01,81363.22,81290.0,81345.21,9.6568
1778460900.0,81345.21,81345.21,81280.0,81306.56,10.60764
1778460960.0,81306.57,81375.85,81306.57,81331.55,9.37563
1778461020.0,81331.55,81415.63,81317.13,81415.63,8.66537
1778461080.0,81415.64,81454.47,81391.23,81445.85,8.82161
1778461140.0,81445.86,81488.55,81445.86,81471.13,8.07804
1778461200.0,81471.13,81493.78,81439.99,81440.0,10.32381
1778461260.0,81439.99,81439.99,81310.02,81367.38,18.3025
1778461320.0,81367.38,81393.66,81291.23,81317.07,10.82594
1778461380.0,81317.07,81419.82,81309.3,81366.38,19.63588
1778461440.0,81366.38,81394.91,81344.03,81344.03,6.57125
1778461500.0,81344.04,81416.0,81304.0,81416.0,13.48821
1778461560.0,81416.0,81434.48,81374.95,81379.11,4.86556
1778461620.0,81379.12,81429.16,81375.06,81429.16,5.9463
1778461680.0,81429.16,81462.66,81410.0,81438.05,11.04899
1778461740.0,81438.05,81438.05,81362.0,81366.3,7.12907
1778461800.0,81366.3,81388.28,81313.99,81330.14,8.57557
1778461860.0,81330.15,81493.78,81330.15,81493.78,13.58546
1778461920.0,81493.78,81591.99,81488.08,81551.84,18.24769
1778461980.0,81551.84,81551.85,81511.43,81511.43,13.70444
1778462040.0,81511.43,81511.43,81486.76,81502.96,6.33079
1778462100.0,81502.95,81522.91,81466.2,81521.23,7.67713
1778462160.0,81521.23,81550.0,81517.84,81549.99,22.3039
1778462220.0,81550.0,81623.32,81545.93,81611.67,45.5236
1778462280.0,81611.68,81638.32,81596.32,81610.09,9.22796
1778462340.0,81610.09,81687.17,81610.09,81672.56,16.25955
1778462400.0,81672.56,81672.56,81623.45,81651.54,6.52445
1778462460.0,81651.53,81651.53,81618.01,81618.02,3.62297
1778462520.0,81618.01,81663.42,81618.01,81663.42,3.26152
1778462580.0,81663.42,81744.85,81663.42,81736.24,16.14479
1778462640.0,81736.24,81736.46,81708.86,81714.9,8.71312
1778462700.0,81714.9,81734.81,81700.0,81705.25,4.58637
1778462760.0,81705.25,81727.53,81689.26,81689.26,3.79555
1778462820.0,81689.27,81689.27,81617.84,81622.17,1.70272
1778462880.0,81622.18,81669.79,81610.03,81648.08,9.67731
1778462940.0,81648.07,81648.08,81626.88,81626.88,4.08895
1778463000.0,81626.88,81626.88,81534.72,81545.38,10.81584
1778463060.0,81545.38,81556.55,81493.77,81556.54,23.77323
1778463120.0,81556.55,81585.99,81550.65,81585.99,3.28543
1778463180.0,81585.99,81676.85,81585.97,81654.0,5.12516
1778463240.0,81653.13,81653.13,81560.0,81560.0,3.71076
1778463300.0,81560.01,81564.37,81510.01,81510.01,3.11773
1778463360.0,81510.0,81530.0,81493.77,81525.94,3.68807
1778463420.0,81525.94,81536.17,81470.65,81470.66,4.78707
1778463480.0,81470.66,81522.77,81470.65,81522.76,1.18216
1778463540.0,81522.76,81522.76,81493.77,81502.04,3.38711
1778463600.0,81502.04,81508.7,81456.92,81508.7,5.81543
1778463660.0,81508.69,81556.84,81508.69,81549.97,4.88312
1778463720.0,81549.96,81574.58,81536.51,81574.58,4.9214
1778463780.0,81574.58,81574.58,81541.61,81546.8,5.06734
1778463840.0,81546.8,81546.8,81493.77,81493.77,2.47472
1778463900.0,81493.77,81493.77,81400.0,81445.51,11.76789
1778463960.0,81445.52,81445.52,81412.37,81431.04,4.19985
1778464020.0,81431.04,81489.26,81424.95,81463.61,3.84952
1778464080.0,81463.61,81479.64,81450.0,81479.63,3.24607
1778464140.0,81479.64,81593.86,81479.64,81576.45,13.34802
1778464200.0,81576.45,81576.45,81536.0,81536.0,3.9818
1778464260.0,81536.0,81536.01,81460.0,81460.0,2.80601
1778464320.0,81460.01,81511.71,81460.0,81511.71,4.71069
1778464380.0,81511.7,81538.95,81511.7,81538.95,2.72477
1778464440.0,81538.94,81545.59,81499.59,81499.59,5.53675
1778464500.0,81499.6,81499.6,81468.02,81485.9,3.72484
1778464560.0,81485.89,81502.96,81468.01,81502.96,5.13665
1778464620.0,81503.38,81503.38,81460.0,81470.0,1.83716
1778464680.0,81470.0,81493.84,81466.77,81493.84,5.66888
1778464740.0,81493.84,81530.0,81493.84,81501.72,5.65897
1778464800.0,81501.73,81528.1,81501.04,81501.04,6.96979
1778464860.0,81501.05,81502.37,81491.06,81492.02,6.13261
1778464920.0,81492.03,81552.86,81467.47,81539.32,9.67428
1778464980.0,81539.33,81572.4,81532.29,81532.29,4.57685
1778465040.0,81532.3,81566.96,81526.75,81526.75,3.3761
1778465100.0,81526.76,81546.92,81493.77,81546.92,5.09733
1778465160.0,81546.92,81546.92,81493.77,81493.78,7.40631
1778465220.0,81493.78,81493.78,81362.14,81414.25,15.61147
1778465280.0,81414.25,81432.17,81391.22,81412.26,5.47042
1778465340.0,81412.27,81438.26,81411.22,81417.25,8.27962
1778465400.0,81417.24,81434.86,81417.24,81434.85,1.80198
1778465460.0,81434.85,81457.77,81434.85,81449.6,3.40305
1778465520.0,81449.61,81464.26,81400.0,81439.26,19.7727
1778465580.0,81439.26,81457.79,81394.0,81394.0,4.16726
1778465640.0,81394.0,81406.17,81372.0,81406.17,4.22028
1778465700.0,81406.17,81406.17,81188.0,81225.68,41.77603
1778465760.0,81225.68,81263.33,81218.44,81257.78,11.30786
1778465820.0,81257.78,81295.47,81250.0,81287.2,6.21145
1778465880.0,81287.2,81295.47,81272.9,81276.76,20.14232
1778465940.0,81276.75,81300.0,81262.13,81288.68,10.06625
1778466000.0,81288.67,81288.67,81214.88,81251.5,12.83667
1778466060.0,81251.49,81254.23,81221.83,81245.24,5.61761
1778466120.0,81245.24,81252.72,81191.38,81191.38,6.87618
1778466180.0,81191.39,81236.53,81141.81,81227.41,12.71979
1778466240.0,81227.41,81242.98,81227.39,81230.01,4.21851
1778466300.0,81230.01,81245.09,81185.58,81197.43,9.41342
1778466360.0,81197.42,81228.81,81186.56,81200.01,9.45098
1778466420.0,81200.02,81225.99,81190.52,81225.99,12.14426
1778466480.0,81226.0,81249.54,81214.86,81249.54,6.76465
1778466540.0,81249.53,81256.93,81232.51,81241.58,4.82834
1778466600.0,81241.58,81277.09,81236.27,81277.08,5.67502
1778466660.0,81277.09,81277.09,81188.0,81188.01,5.92283
1778466720.0,81188.01,81199.23,81117.64,81132.82,20.67903
1778466780.0,81132.98,81175.95,81132.98,81166.26,5.82267
1778466840.0,81166.25,81194.59,81154.67,81175.97,11.61495
1778466900.0,81175.98,81196.71,81171.85,81171.85,5.51125
1778466960.0,81171.86,81214.87,81171.86,81182.58,9.23292
1778467020.0,81182.58,81197.44,81173.32,81197.43,5.38703
1778467080.0,81197.44,81197.44,81166.17,81166.17,5.78222
1778467140.0,81166.16,81223.42,81141.81,81209.8,15.42445
1778467200.0,81209.8,81209.81,81190.52,81192.24,2.8567
1778467260.0,81192.23,81208.99,81176.63,81202.04,7.75785
1778467320.0,81202.05,81208.98,81192.06,81198.12,5.40428
1778467380.0,81198.12,81214.53,81198.11,81210.39,5.55367
1778467440.0,81210.39,81240.01,81196.4,81208.02,37.00946
1778467500.0,81208.03,81247.89,81207.22,81247.89,7.55205
1778467560.0,81247.88,81263.6,81232.19,81232.19,3.40662
1778467620.0,81232.2,81263.08,81232.2,81235.64,2.72695
1778467680.0,81235.64,81248.48,81203.25,81225.91,4.34446
1778467740.0,81225.92,81229.53,81182.87,81182.88,9.1161
1778467800.0,81182.88,81220.49,81182.87,81220.49,4.26434
1778467860.0,81220.5,81255.63,81220.5,81251.57,4.86847
1778467920.0,81251.57,81251.57,81229.61,81236.74,3.54409
1778467980.0,81236.74,81236.74,81202.0,81202.01,3.66773
1778468040.0,81202.01,81234.63,81202.0,81234.62,2.00092
1778468100.0,81234.63,81234.63,81208.34,81208.34,1.73702
1778468160.0,81208.35,81208.35,81197.74,81202.83,2.3653
1778468220.0,81202.82,81208.35,81189.66,81208.34,9.26135
1778468280.0,81208.35,81208.35,81189.66,81189.66,1.77223
1778468340.0,81189.66,81189.66,81166.16,81169.08,1.37435
1778468400.0,81169.09,81188.97,81154.65,81154.66,5.70006
1778468460.0,81154.65,81154.66,81104.4,81135.04,10.62088
1778468520.0,81135.03,81135.04,81101.18,81133.57,3.93486
1778468580.0,81133.58,81146.05,81125.77,81129.61,6.42257
1778468640.0,81129.61,81158.64,81106.23,81109.16,4.38025
1778468700.0,81109.16,81128.84,81072.72,81098.98,18.36608
1778468760.0,81098.98,81145.21,81063.03,81063.03,10.82963
1778468820.0,81063.04,81073.12,81000.02,81014.64,12.08447
1778468880.0,81014.64,81039.51,81000.02,81032.09,6.4725
1778468940.0,81032.09,81040.92,81000.0,81033.59,15.65262
1778469000.0,81033.58,81033.59,81006.15,81006.15,8.77018
1778469060.0,81006.14,81007.95,80984.05,80984.06,26.93731
1778469120.0,80984.05,80984.06,80801.46,80802.84,44.0364
1778469180.0,80802.84,80802.84,80705.0,80720.17,38.27201
1778469240.0,80720.18,80736.16,80610.0,80615.01,38.7921
1778469300.0,80615.01,80667.7,80568.0,80643.65,43.3322
1778469360.0,80643.65,80717.99,80643.64,80698.11,35.94194
1778469420.0,80698.12,80719.52,80652.29,80655.08,16.03033
1778469480.0,80655.07,80700.41,80638.92,80688.29,20.5242
1778469540.0,80688.3,80688.3,80649.25,80656.15,19.92161
1778469600.0,80656.15,80656.15,80610.0,80648.92,12.67677
1778469660.0,80648.91,80666.26,80568.01,80607.94,38.60062
1778469720.0,80607.95,80618.74,80573.1,80592.95,24.72152
1778469780.0,80592.95,80641.64,80578.66,80641.63,15.44552
1778469840.0,80641.64,80695.79,80641.63,80680.01,10.46956
1778469900.0,80680.01,80680.01,80643.48,80654.95,13.87872
1778469960.0,80654.96,80664.47,80567.51,80574.69,35.16527
1778470020.0,80574.68,80600.0,80572.85,80585.99,13.10137
1778470080.0,80585.99,80605.27,80585.98,80590.01,10.52229
1778470140.0,80590.01,80611.12,80590.01,80603.05,4.01421
1778470200.0,80603.05,80623.72,80574.68,80623.72,8.20647
1778470260.0,80623.71,80636.76,80606.69,80621.43,11.89856
1778470320.0,80621.43,80638.0,80621.43,80638.0,6.23217
1778470380.0,80639.99,80666.96,80587.86,80604.53,13.39489
1778470440.0,80604.52,80605.34,80560.0,80560.01,8.56152
1778470500.0,80560.01,80592.98,80560.0,80580.01,7.54134
1778470560.0,80580.0,80580.0,80525.0,80532.27,33.64719
1778470620.0,80532.28,80579.31,80528.53,80579.31,14.56473
1778470680.0,80579.31,80630.32,80569.65,80624.33,9.50916
1778470740.0,80624.32,80625.88,80600.64,80615.95,5.34032
1778470800.0,80615.96,80672.43,80614.79,80672.43,5.64211
1778470860.0,80672.43,80680.0,80663.67,80665.71,3.93325
1778470920.0,80665.71,80692.6,80665.7,80683.34,17.38555
1778470980.0,80683.34,80700.95,80683.33,80690.0,7.57787
1778471040.0,80690.0,80732.15,80690.0,80722.19,10.11209
1778471100.0,80722.19,80725.83,80700.81,80716.43,6.16388
1778471160.0,80716.44,80765.02,80716.43,80765.01,13.27648
1778471220.0,80765.02,80765.02,80740.5,80740.5,7.07303
1778471280.0,80740.5,80740.5,80732.52,80739.05,6.68924
1778471340.0,80739.05,80741.32,80699.99,80699.99,26.78262
1778471400.0,80699.99,80728.96,80684.02,80728.96,22.37066
1778471460.0,80728.95,80728.97,80698.1,80698.1,3.3609
1778471520.0,80698.01,80737.26,80688.73,80737.25,8.04979
1778471580.0,80737.25,80766.08,80737.25,80753.8,4.63467
1778471640.0,80753.8,80753.8,80737.26,80737.27,1.12232
1778471700.0,80737.26,80737.27,80734.35,80734.36,7.9557
1778471760.0,80734.35,80748.99,80734.35,80748.99,2.90206
1778471820.0,80748.98,80748.98,80709.87,80720.24,10.63971
1778471880.0,80720.24,80720.24,80714.31,80714.32,2.28788
1778471940.0,80714.31,80736.74,80714.31,80736.01,5.4816
1778472000.0,80736.0,80736.01,80700.96,80706.92,11.03447
1778472060.0,80706.92,80706.93,80683.59,80683.59,7.06194
1778472120.0,80683.59,80729.17,80670.79,80729.17,10.7759
1778472180.0,80729.17,80729.17,80708.32,80710.31,3.66385
1778472240.0,80710.32,80736.73,80704.86,80704.86,13.10884
1778472300.0,80704.87,80736.73,80704.86,80736.72,1.06742
1778472360.0,80736.73,80738.27,80731.0,80738.27,3.02799
1778472420.0,80738.27,80766.15,80723.23,80749.27,4.97247
1778472480.0,80749.27,80749.28,80694.2,80694.2,2.96198
1778472540.0,80694.19,80694.19,80650.81,80650.82,5.36274
1778472600.0,80650.81,80660.0,80643.13,80653.84,1.77548
1778472660.0,80653.83,80691.97,80653.83,80684.93,9.03479
1778472720.0,80684.92,80694.77,80677.66,80694.77,1.93609
1778472780.0,80694.76,80715.23,80694.76,80696.03,1.52518
1778472840.0,80696.03,80696.04,80639.99,80640.0,118.15839
1778472900.0,80640.0,80715.96,80639.99,80715.96,7.92307
1778472960.0,80715.95,80720.0,80691.28,80691.28,3.00492
1778473020.0,80691.28,80691.28,80681.55,80690.33,2.64142
1778473080.0,80690.34,80714.16,80681.93,80714.15,3.48464
1778473140.0,80714.16,80714.16,80691.17,80691.18,2.04895
1778473200.0,80691.17,80691.18,80668.0,80679.59,8.58668
1778473260.0,80679.58,80696.01,80670.79,80696.01,1.79277
1778473320.0,80696.01,80738.0,80694.42,80738.0,2.44044
1778473380.0,80738.0,80753.19,80738.0,80753.18,3.04149
1778473440.0,80753.18,80776.99,80753.17,80766.51,7.51293
1778473500.0,80766.51,80777.42,80766.51,80777.41,9.47143
1778473560.0,80777.41,80789.99,80753.21,80753.33,5.69919
1778473620.0,80753.33,80753.34,80727.99,80728.0,2.02869
1778473680.0,80728.0,80748.79,80728.0,80748.79,1.54259
1778473740.0,80748.79,80752.81,80744.31,80752.81,1.13259
1778473800.0,80752.8,80752.81,80708.71,80708.72,3.07317
1778473860.0,80708.72,80760.0,80708.72,80760.0,2.79828
1778473920.0,80760.0,80800.0,80760.0,80799.99,4.19312
1778473980.0,80800.0,80812.22,80774.0,80806.77,2.84711
1778474040.0,80806.77,80806.77,80793.56,80793.56,3.88271
1778474100.0,80793.56,80814.03,80793.56,80814.03,8.81776
1778474160.0,80814.03,80814.03,80790.0,80794.28,11.34464
1778474220.0,80794.28,80805.67,80793.83,80805.67,2.01637
1778474280.0,80805.66,80805.67,80805.66,80805.67,0.91666
1778474340.0,80805.66,80805.67,80777.75,80782.04,5.77188
1778474400.0,80782.05,80789.7,80782.04,80784.54,0.95355
1778474460.0,80784.53,80790.01,80782.06,80790.01,2.31554
1778474520.0,80790.0,80816.0,80790.0,80815.99,7.83381
1778474580.0,80815.99,80820.92,80814.53,80820.92,2.53875
1778474640.0,80820.92,80822.08,80820.91,80822.08,2.35963
1778474700.0,80822.07,80837.02,80822.07,80837.02,1.74203
1778474760.0,80837.02,80843.63,80826.68,80833.04,5.4242
1778474820.0,80833.03,80833.04,80817.71,80817.72,3.20959
1778474880.0,80817.72,80826.25,80817.71,80826.25,4.20521
1778474940.0,80826.25,80826.25,80740.01,80740.01,6.73145
1778475000.0,80740.0,80785.39,80729.63,80785.38,2.07445
1778475060.0,80785.39,80785.39,80773.13,80785.39,2.0618
1778475120.0,80785.38,80825.31,80785.38,80825.31,1.98438
1778475180.0,80825.3,80853.1,80825.3,80853.1,3.02775
1778475240.0,80853.1,80879.12,80853.09,80879.12,5.54243
1778475300.0,80879.11,80879.11,80855.98,80855.99,3.34881
1778475360.0,80855.98,80868.76,80852.41,80852.42,9.36284
1778475420.0,80852.42,80869.66,80850.19,80869.66,5.16787
1778475480.0,80869.66,80869.66,80850.01,80850.01,2.41993
1778475540.0,80850.01,80850.01,80824.61,80824.61,2.68571
1778475600.0,80824.61,80824.61,80810.31,80816.14,2.73575
1778475660.0,80816.14,80857.11,80816.13,80857.11,3.37889
1778475720.0,80857.1,80866.66,80857.1,80866.66,2.16111
1778475780.0,80866.65,80890.0,80866.03,80878.71,5.56225
1778475840.0,80878.71,80884.94,80878.71,80884.94,1.13622
1778475900.0,80884.94,80890.9,80878.99,80890.9,8.48322
1778475960.0,80890.89,80890.9,80873.55,80875.65,5.33548
1778476020.0,80875.65,80875.65,80850.0,80850.01,7.75293
1778476080.0,80850.0,80850.02,80825.93,80848.61,6.84269
1778476140.0,80848.61,80859.59,80840.72,80859.59,2.2234
1778476200.0,80859.59,80859.59,80854.1,80855.54,0.95239
1778476260.0,80855.53,80888.83,80855.53,80872.0,2.12646
1778476320.0,80872.0,80872.0,80864.0,80864.0,0.47698
1778476380.0,80864.0,80864.66,80860.0,80860.01,1.51935
1778476440.0,80860.0,80860.01,80840.73,80840.73,1.30652
1778476500.0,80840.72,80865.42,80840.72,80865.41,3.10319
1778476560.0,80865.42,80889.19,80865.41,80889.18,1.07147
1778476620.0,80889.19,80905.05,80889.18,80900.48,5.1095
1778476680.0,80900.47,80900.48,80899.0,80899.0,2.41216
1778476740.0,80899.0,80899.0,80888.14,80892.52,3.31688
1778476800.0,80892.52,80905.49,80892.51,80899.72,2.27031
1778476860.0,80899.71,80905.59,80894.06,80894.07,1.67697
1778476920.0,80894.07,80906.84,80894.06,80906.84,0.4824
1778476980.0,80906.83,80913.2,80906.83,80913.2,0.81065
1778477040.0,80913.19,80934.57,80911.73,80931.65,3.2845
1778477100.0,80931.65,80934.57,80916.11,80916.11,2.92305
1778477160.0,80916.12,80939.99,80912.0,80939.99,3.81356
1778477220.0,80940.0,80963.98,80940.0,80963.97,3.39912
1778477280.0,80963.98,80965.09,80957.19,80965.09,3.61419
1778477340.0,80965.09,80965.09,80957.7,80963.61,3.61724
1778477400.0,80963.61,80972.49,80942.39,80942.39,7.53772
1778477460.0,80942.4,80954.61,80942.39,80954.6,0.75757
1778477520.0,80954.61,80960.0,80954.6,80959.99,0.89454
1778477580.0,80960.0,80975.88,80959.99,80975.87,0.76432
1778477640.0,80975.88,80981.8,80975.87,80976.64,1.52197
1778477700.0,80976.65,80976.65,80940.0,80940.01,3.60371
1778477760.0,80940.0,80940.0,80899.89,80899.9,3.94132
1778477820.0,80899.9,80915.0,80899.89,80914.99,4.15355
1778477880.0,80915.0,80915.0,80868.28,80868.29,7.3201
1778477940.0,80868.29,80868.29,80840.4,80864.29,4.31741
1778478000.0,80864.29,80874.11,80862.75,80864.21,8.47595
1778478060.0,80864.22,80897.48,80864.22,80886.07,3.19727
1778478120.0,80886.06,80886.07,80854.76,80863.9,10.6376
1778478180.0,80863.91,80863.91,80819.66,80822.67,11.31598
1778478240.0,80822.66,80822.67,80794.08,80794.09,8.23926
1778478300.0,80794.08,80794.08,80761.73,80784.04,5.89724
1778478360.0,80784.04,80800.0,80784.04,80800.0,1.97922
1778478420.0,80800.0,80815.45,80800.0,80815.44,1.80122
1778478480.0,80815.45,80819.91,80806.9,80819.9,3.57578
1778478540.0,80819.91,80847.3,80819.9,80847.29,1.46151
1778478600.0,80847.29,80857.92,80805.45,80823.65,33.82099
1778478660.0,80823.66,80850.17,80816.61,80816.62,8.17072
1778478720.0,80816.62,80816.62,80776.8,80798.7,13.10624
1778478780.0,80798.7,80820.28,80795.83,80797.04,6.23146
1778478840.0,80797.05,80860.01,80797.0,80860.0,93.42371
1778478900.0,80860.01,80860.62,80844.79,80853.8,33.99026
1778478960.0,80853.8,80853.8,80835.44,80835.45,26.24764
1778479020.0,80835.45,80839.93,80806.48,80839.92,14.48605
1778479080.0,80839.92,80839.93,80839.92,80839.93,0.38707
1778479140.0,80839.93,80849.96,80828.05,80832.33,9.53256
1778479200.0,80832.34,80832.34,80819.11,80832.34,6.47771
1778479260.0,80832.33,80832.34,80797.01,80813.94,3.01446
1778479320.0,80814.0,80834.31,80811.11,80811.12,7.61538
1778479380.0,80811.12,80811.12,80808.82,80808.83,1.92388
1778479440.0,80808.82,80860.62,80808.82,80860.62,2.55542
1778479500.0,80860.62,80869.34,80851.18,80869.33,0.93232
1778479560.0,80869.34,80869.34,80840.0,80840.0,7.33472
1778479620.0,80840.01,80845.54,80840.0,80845.53,2.34012
1778479680.0,80845.54,80919.79,80845.53,80919.79,6.82528
1778479740.0,80919.8,80938.12,80919.8,80928.65,4.16718
1778479800.0,80928.66,80957.82,80926.41,80957.81,1.65373
1778479860.0,80957.82,80985.6,80957.81,80968.0,6.13873
1778479920.0,80967.95,80967.96,80956.52,80956.52,1.85294
1778479980.0,80956.52,80956.53,80929.01,80935.09,4.75273
1778480040.0,80935.1,80935.1,80910.65,80913.46,2.81165
1778480100.0,80913.46,80918.75,80888.82,80918.74,3.87363
1778480160.0,80918.75,80918.75,80904.89,80904.89,3.25842
1778480220.0,80904.89,80904.9,80900.72,80900.73,2.04021
1778480280.0,80900.73,80903.16,80830.84,80846.19,13.72316
1778480340.0,80846.19,80858.0,80846.19,80858.0,3.57576
1778480400.0,80858.01,80880.4,80858.0,80880.39,2.01605
1778480460.0,80880.4,80929.59,80880.4,80929.59,1.93936
1778480520.0,80929.59,80947.09,80929.58,80947.08,1.56469
1778480580.0,80947.08,80974.67,80947.08,80972.98,7.50238
1778480640.0,80972.99,80982.0,80968.82,80982.0,2.63954
1778480700.0,80982.41,81017.79,80982.4,81017.78,4.19693
1778480760.0,81017.78,81049.51,80985.56,80985.57,8.50278
1778480820.0,80985.56,81004.8,80985.25,80985.25,1.39477
1778480880.0,80985.26,80985.26,80977.27,80977.45,1.26379
1778480940.0,80977.45,80988.0,80977.44,80988.0,1.36366
1778481000.0,80987.99,81016.78,80975.11,81006.75,6.69065
1778481060.0,81006.75,81006.75,80952.6,80955.28,4.31729
1778481120.0,80955.27,80971.57,80948.62,80971.57,2.17212
1778481180.0,80971.57,80979.25,80967.95,80979.24,1.63696
1778481240.0,80979.24,80979.43,80948.62,80948.63,3.04039
1778481300.0,80948.63,80948.63,80933.47,80933.47,0.88752
1778481360.0,80933.47,80955.08,80914.7,80914.7,6.65891
1778481420.0,80914.71,80956.19,80914.7,80956.19,6.82529
1778481480.0,80956.18,80981.19,80948.52,80961.34,6.55581
1778481540.0,80961.35,80961.35,80928.67,80928.68,4.3612
1778481600.0,80928.68,80928.68,80898.71,80898.72,5.53003
1778481660.0,80898.71,80898.71,80877.07,80877.07,5.68436
1778481720.0,80877.08,80877.08,80803.12,80803.13,8.12218
1778481780.0,80803.13,80828.85,80803.12,80824.26,2.73368
1778481840.0,80824.26,80824.27,80814.55,80820.37,5.32805
1778481900.0,80820.37,80820.37,80814.55,80814.55,7.28482
1778481960.0,80814.55,80828.85,80814.55,80823.97,4.9183
1778482020.0,80823.97,80827.7,80784.07,80784.08,5.47472
1778482080.0,80784.07,80797.99,80763.43,80797.98,4.21633
1778482140.0,80797.98,80797.99,80762.0,80765.96,3.20234
1778482200.0,80765.96,80792.0,80763.04,80792.0,1.16518
1778482260.0,80792.0,80822.0,80791.06,80822.0,7.24821
1778482320.0,80821.99,80822.0,80802.45,80813.56,6.34748
1778482380.0,80813.57,80861.86,80813.56,80839.55,6.04877
1778482440.0,80839.54,80842.59,80826.0,80836.76,4.34272
1778482500.0,80836.76,80853.3,80836.75,80853.3,1.43997
1778482560.0,80853.3,80853.3,80849.95,80852.52,0.62986
1778482620.0,80852.52,80855.11,80852.52,80855.11,1.44579
1778482680.0,80855.11,80860.37,80855.1,80860.37,0.55292
1778482740.0,80860.36,80873.68,80822.85,80822.86,51.89168
1778482800.0,80822.86,80823.0,80784.82,80793.09,9.05137
1778482860.0,80793.09,80793.09,80780.0,80785.98,1.06754
1778482920.0,80785.97,80795.49,80785.97,80791.22,1.59838
1778482980.0,80791.23,80791.23,80750.0,80755.84,23.9375
1778483040.0,80755.84,80757.93,80750.0,80750.0,4.79038
1778483100.0,80750.01,80750.01,80709.09,80716.77,40.40741
1778483160.0,80716.77,80727.51,80700.0,80700.01,1.46211
1778483220.0,80700.01,80719.63,80700.0,80719.63,0.87255
1778483280.0,80719.63,80719.63,80706.22,80706.25,1.99311
1778483340.0,80706.25,80769.56,80706.25,80769.55,13.68298
1778483400.0,80769.56,80800.0,80754.07,80800.0,14.77604
1778483460.0,80799.99,80799.99,80788.08,80788.09,1.14332
1778483520.0,80788.09,80790.0,80778.23,80778.23,2.47779
1778483580.0,80778.24,80778.24,80778.23,80778.24,0.6577
1778483640.0,80778.24,80778.24,80759.99,80759.99,22.67221
1778483700.0,80759.99,80781.12,80756.63,80781.11,6.29168
1778483760.0,80781.11,80781.12,80700.0,80727.45,6.92521
1778483820.0,80727.45,80772.73,80727.44,80764.64,3.96285
1778483880.0,80764.64,80800.0,80764.64,80799.99,4.54586
1778483940.0,80800.0,80834.0,80799.99,80833.89,6.7016
1778484000.0,80833.89,80840.3,80820.05,80820.05,5.00199
1778484060.0,80820.06,80829.86,80780.0,80780.0,3.29544
1778484120.0,80780.0,80780.0,80746.01,80751.11,1.14297
1778484180.0,80751.11,80778.0,80751.1,80778.0,2.77768
1778484240.0,80778.0,80789.16,80771.85,80774.77,3.10331
1778484300.0,80774.77,80790.7,80761.38,80761.39,2.11385
1778484360.0,80761.39,80800.0,80761.38,80791.42,28.11514
1778484420.0,80791.42,80793.04,80761.38,80761.38,1.14437
1778484480.0,80761.39,80761.39,80740.53,80740.54,0.86654
1778484540.0,80740.53,80740.54,80721.27,80737.9,3.4184
1778484600.0,80737.89,80767.58,80737.89,80749.43,8.12688
1778484660.0,80749.42,80749.42,80743.39,80743.4,0.74015
1778484720.0,80743.39,80756.94,80743.39,80748.85,18.47834
1778484780.0,80748.85,80748.85,80663.11,80695.94,32.55296
1778484840.0,80695.94,80732.62,80695.94,80724.58,9.83869
1778484900.0,80724.57,80748.0,80724.57,80735.44,8.54714
1778484960.0,80735.43,80735.44,80714.2,80714.35,7.47882
1778485020.0,80714.35,80740.73,80711.11,80740.72,10.03917
1778485080.0,80740.72,80747.48,80736.63,80736.64,9.91164
1778485140.0,80736.63,80736.64,80736.63,80736.64,2.86601
1778485200.0,80736.63,80736.63,80699.63,80717.93,10.88243
1778485260.0,80717.92,80767.33,80717.92,80759.14,17.87647
1778485320.0,80759.14,80759.15,80731.94,80731.95,4.59221
1778485380.0,80731.94,80744.01,80731.94,80735.78,4.50476
1778485440.0,80735.79,80735.79,80728.97,80728.97,0.95717
1778485500.0,80728.97,80751.88,80728.97,80751.88,20.99986
1778485560.0,80751.87,80779.54,80751.87,80758.56,12.38125
1778485620.0,80758.55,80758.56,80733.4,80734.87,2.32536
1778485680.0,80734.86,80736.01,80729.11,80729.12,2.06519
1778485740.0,80729.12,80729.12,80718.36,80724.82,5.0007
1778485800.0,80724.82,80786.3,80724.82,80767.69,16.54409
1778485860.0,80767.69,80791.35,80759.6,80791.34,8.82502
1778485920.0,80791.34,80799.99,80778.46,80778.46,9.03882
1778485980.0,80778.46,80800.0,80768.52,80794.16,18.22085
1778486040.0,80792.3,80792.3,80760.64,80760.64,6.42031
1778486100.0,80760.65,80760.65,80734.55,80736.17,5.77101
1778486160.0,80736.16,80748.28,80734.56,80734.57,4.25346
1778486220.0,80734.56,80734.56,80716.78,80725.98,7.88176
1778486280.0,80725.98,80734.55,80725.98,80728.9,2.55126
1778486340.0,80728.9,80749.03,80728.89,80740.4,7.26906
1778486400.0,80740.4,80753.19,80732.33,80753.19,6.5942
1778486460.0,80753.19,80785.96,80749.44,80749.44,4.62442
1778486520.0,80749.44,80749.45,80700.01,80711.46,8.67526
1778486580.0,80711.46,80731.65,80700.0,80731.65,3.10891
1778486640.0,80731.65,80738.0,80705.06,80709.18,7.04017
1778486700.0,80709.17,80750.38,80709.17,80750.38,3.19419
1778486760.0,80750.38,80767.57,80750.37,80767.57,1.59489
1778486820.0,80767.57,80770.41,80742.58,80770.41,9.42735
1778486880.0,80770.41,80770.42,80700.0,80710.49,4.8774
1778486940.0,80710.48,80710.48,80662.45,80662.45,7.8347
1778487000.0,80662.44,80676.03,80646.56,80676.02,11.57555
1778487060.0,80676.03,80701.95,80676.02,80701.94,5.6415
1778487120.0,80701.95,80739.66,80701.94,80728.84,8.7557
1778487180.0,80728.84,80728.84,80717.75,80719.52,1.82158
1778487240.0,80719.53,80750.24,80719.52,80750.23,4.05994
1778487300.0,80750.23,80782.11,80750.23,80771.93,25.46117
1778487360.0,80771.93,80800.01,80746.25,80751.24,24.72495
1778487420.0,80751.24,80751.25,80729.78,80729.78,13.32455
1778487480.0,80729.79,80772.62,80729.78,80767.62,3.96882
1778487540.0,80767.61,80790.76,80767.61,80790.75,0.66426
1778487600.0,80790.76,80790.76,80744.01,80744.01,3.78512
1778487660.0,80744.0,80759.96,80719.41,80759.95,9.25769
1778487720.0,80759.95,80767.54,80750.0,80750.0,1.76445
1778487780.0,80750.0,80772.33,80750.0,80772.33,2.04165
1778487840.0,80772.32,80777.42,80772.32,80777.42,3.40972
1778487900.0,80777.41,80795.59,80777.41,80782.37,3.61276
1778487960.0,80782.37,80782.38,80753.21,80753.21,3.89019
1778488020.0,80753.21,80753.22,80722.47,80722.47,1.85769
1778488080.0,80722.47,80722.47,80674.26,80675.73,13.80621
1778488140.0,80675.72,80675.72,80646.83,80646.84,2.66696
1778488200.0,80646.83,80699.08,80621.87,80692.16,9.0949
1778488260.0,80692.16,80698.32,80684.56,80688.89,5.39282
1778488320.0,80688.89,80719.08,80688.89,80716.35,1.9548
1778488380.0,80716.35,80722.48,80703.79,80709.32,7.21221
1778488440.0,80709.32,80710.0,80690.46,80690.47,8.46039
1778488500.0,80690.47,80708.63,80690.46,80708.63,11.19212
1778488560.0,80708.62,80728.96,80708.62,80728.96,12.24273
1778488620.0,80728.97,80800.0,80722.47,80797.48,19.16252
1778488680.0,80797.48,80820.0,80786.69,80820.0,13.65881
1778488740.0,80819.99,80819.99,80771.81,80778.37,11.75163
1778488800.0,80778.37,80801.15,80769.57,80801.15,14.56132
1778488860.0,80801.15,80839.33,80801.14,80838.52,9.70982
1778488920.0,80838.51,80838.51,80801.31,80801.32,12.95185
1778488980.0,80801.32,80830.24,80801.32,80827.59,9.66137
1778489040.0,80827.59,80846.62,80827.59,80836.34,16.80202
1778489100.0,80836.33,80846.62,80827.6,80845.59,22.76771
1778489160.0,80845.58,80863.42,80824.14,80848.86,48.01015
1778489220.0,80848.86,80856.27,80841.22,80843.2,2.49085
1778489280.0,80843.21,80843.21,80834.54,80835.42,3.00786
1778489340.0,80835.42,80855.9,80835.41,80855.9,0.92416
1778489400.0,80855.98,80858.27,80852.93,80852.94,1.28978
1778489460.0,80852.93,80852.93,80825.93,80825.93,1.34402
1778489520.0,80825.94,80825.94,80825.93,80825.94,1.42855
1778489580.0,80825.93,80837.3,80825.93,80837.3,3.80733
1778489640.0,80837.29,80837.3,80794.18,80794.19,3.27144
1778489700.0,80794.19,80794.19,80794.17,80794.18,0.57017
1778489760.0,80794.18,80794.19,80794.18,80794.19,0.75902
1778489820.0,80794.19,80794.19,80762.22,80770.79,2.65551
1778489880.0,80770.79,80770.79,80744.38,80744.39,1.66285
1778489940.0,80744.39,80767.98,80732.83,80767.97,3.06069
1778490000.0,80767.97,80767.97,80758.3,80763.86,1.12701
1778490060.0,80763.87,80794.97,80763.86,80772.22,3.32414
1778490120.0,80772.21,80780.74,80764.13,80765.6,10.17451
1778490180.0,80765.6,80794.56,80765.59,80794.56,1.29716
1778490240.0,80794.56,80833.93,80794.56,80833.92,3.38159
1778490300.0,80833.93,80849.22,80833.93,80848.68,2.70057
1778490360.0,80848.68,80857.64,80842.84,80857.63,4.04233
1778490420.0,80857.64,80857.64,80832.18,80835.09,5.68261
1778490480.0,80835.1,80849.02,80835.09,80842.43,1.43711
1778490540.0,80842.42,80866.34,80842.42,80864.0,7.19314
1778490600.0,80864.0,80890.87,80864.0,80885.61,8.26765
1778490660.0,80885.62,80898.96,80874.06,80898.96,1.05152
1778490720.0,80898.96,80898.96,80894.02,80894.03,1.24687
1778490780.0,80894.02,80925.36,80894.02,80925.36,3.35471
1778490840.0,80925.36,80925.36,80925.35,80925.35,1.39389
1778490900.0,80925.36,80936.64,80922.21,80930.12,5.30063
1778490960.0,80930.13,80936.31,80930.12,80931.24,10.68042
1778491020.0,80931.23,80936.99,80919.82,80928.0,2.33676
1778491080.0,80928.01,80950.0,80928.0,80946.95,2.79198
1778491140.0,80946.96,80946.96,80914.42,80916.48,2.27257
1778491200.0,80916.47,80916.48,80901.09,80901.1,3.41573
1778491260.0,80901.1,80902.56,80901.09,80902.55,1.26164
1778491320.0,80902.56,80916.0,80902.55,80907.75,3.69605
1778491380.0,80907.76,80940.1,80900.0,80940.1,2.11229
1778491440.0,80940.1,80940.1,80923.05,80923.06,2.42618
1778491500.0,80923.06,80931.04,80920.0,80931.03,3.51009
1778491560.0,80931.03,80938.64,80920.0,80938.64,1.99336
1778491620.0,80938.63,80938.64,80934.77,80937.47,3.96568
1778491680.0,80937.47,80937.48,80937.47,80937.48,0.90091
1778491740.0,80937.47,80937.48,80918.98,80918.98,1.59295
1778491800.0,80918.98,80924.74,80918.98,80920.0,0.90968
1778491860.0,80920.0,80920.01,80877.49,80896.33,4.60043
1778491920.0,80896.33,80911.08,80882.25,80891.74,13.07465
1778491980.0,80891.75,80902.0,80890.01,80890.01,9.76262
1778492040.0,80890.01,80895.05,80890.0,80895.05,0.76287
1778492100.0,80895.04,80902.0,80882.25,80887.01,4.37481
1778492160.0,80887.0,80898.9,80887.0,80890.93,1.79857
1778492220.0,80890.92,80890.93,80890.0,80890.01,0.48424
1778492280.0,80890.01,80890.01,80890.0,80890.01,0.79183
1778492340.0,80890.0,80890.01,80864.58,80876.51,36.73746
1778492400.0,80876.51,80876.51,80853.39,80865.43,14.4079
1778492460.0,80865.43,80895.0,80865.43,80894.99,2.19021
1778492520.0,80895.0,80947.93,80894.99,80947.92,22.87871
1778492580.0,80947.93,80947.93,80928.9,80928.9,17.37769
1778492640.0,80928.91,80935.67,80924.39,80924.39,4.79661
1778492700.0,80924.4,80924.4,80899.67,80899.67,2.12838
1778492760.0,80899.68,80927.15,80899.68,80924.98,4.33985
1778492820.0,80924.99,80958.71,80924.98,80943.28,6.09257
1778492880.0,80943.28,80996.38,80943.28,80996.38,9.53065
1778492940.0,80996.38,80996.38,80948.22,80970.14,6.72063
1778493000.0,80970.14,80977.79,80954.74,80954.75,5.1171
1778493060.0,80954.75,80954.75,80940.0,80948.01,2.12753
1778493120.0,80948.02,80959.98,80947.93,80947.93,2.38801
1778493180.0,80947.94,80967.72,80947.93,80956.98,1.28827
1778493240.0,80956.97,80956.98,80940.3,80942.98,4.45647
1778493300.0,80942.98,80958.69,80922.99,80922.99,20.56475
1778493360.0,80922.99,80961.66,80922.99,80961.65,2.28273
1778493420.0,80961.66,80997.63,80961.66,80976.09,20.8504
1778493480.0,80976.08,80976.09,80974.58,80974.58,2.06742
1778493540.0,80974.58,80974.58,80966.57,80966.57,2.00248
1778493600.0,80966.58,80979.77,80958.51,80969.99,8.24931
1778493660.0,80970.0,80991.43,80969.99,80979.51,7.89559
1778493720.0,80979.5,80993.1,80979.5,80982.81,2.42621
1778493780.0,80982.82,81008.4,80957.37,80969.66,13.02265
1778493840.0,80969.66,80976.76,80961.93,80966.65,3.19274
1778493900.0,80966.66,80986.6,80966.65,80980.57,4.82196
1778493960.0,80980.56,80980.57,80966.65,80966.66,1.05429
1778494020.0,80966.66,81000.0,80966.65,80995.75,2.2888
1778494080.0,80995.76,81030.19,80995.75,81030.1,17.26397
1778494140.0,81030.1,81068.7,81030.09,81068.7,12.46825
1778494200.0,81068.7,81068.7,81043.3,81058.01,1.47762
1778494260.0,81058.0,81085.18,81058.0,81085.18,5.83205
1778494320.0,81085.18,81095.48,81070.01,81070.01,6.37052
1778494380.0,81070.01,81070.01,81020.55,81039.31,21.14539
1778494440.0,81039.31,81040.21,81031.29,81031.3,2.13094
1778494500.0,81031.29,81048.62,81020.0,81048.62,8.45443
1778494560.0,81048.61,81070.08,81048.61,81070.07,4.58817
1778494620.0,81070.07,81083.19,81070.07,81080.01,4.01358
1778494680.0,81080.01,81095.48,81080.0,81095.47,8.79129
1778494740.0,81095.47,81179.27,81095.47,81133.87,33.68415
1778494800.0,81133.86,81144.03,81104.18,81104.18,3.6383
1778494860.0,81104.19,81133.77,81104.19,81124.93,8.1499
1778494920.0,81124.93,81124.93,81119.0,81119.0,3.42058
1778494980.0,81119.0,81119.01,81104.99,81105.0,7.31196
1778495040.0,81105.0,81136.48,81104.99,81136.47,6.08826
1778495100.0,81136.48,81166.15,81120.0,81166.15,4.87777
1778495160.0,81166.14,81170.35,81150.01,81168.8,9.38965
1778495220.0,81168.8,81174.41,81160.01,81160.02,3.961
1778495280.0,81160.01,81184.42,81160.01,81184.42,7.91891
1778495340.0,81184.42,81198.88,81180.0,81180.01,8.21485
1778495400.0,81180.0,81180.01,81120.0,81145.22,14.41462
1778495460.0,81145.22,81192.39,81145.21,81180.05,2.60351
1778495520.0,81180.05,81200.0,81180.04,81198.96,18.45304
1778495580.0,81198.97,81198.97,81150.86,81150.87,7.88259
1778495640.0,81150.87,81150.87,81082.26,81082.81,14.51308
1778495700.0,81082.81,81104.57,81082.81,81089.66,4.87891
1778495760.0,81089.65,81091.89,81063.89,81070.0,9.77912
1778495820.0,81070.0,81077.26,81060.0,81061.03,7.41941
1778495880.0,81061.03,81082.89,81061.03,81077.59,4.42046
1778495940.0,81077.59,81077.59,81000.0,81027.01,56.15444
1778496000.0,81027.01,81062.93,81027.0,81062.93,4.09846
1778496060.0,81062.93,81100.0,81062.92,81097.59,4.12312
1778496120.0,81097.59,81097.59,81088.47,81088.48,3.34782
1778496180.0,81088.47,81088.48,81060.0,81060.01,7.23363
1778496240.0,81060.01,81076.69,81060.0,81069.36,1.55103
1778496300.0,81069.36,81095.54,81050.0,81077.09,7.00151
1778496360.0,81077.08,81077.08,81025.07,81025.07,5.81793
1778496420.0,81025.08,81031.1,81010.0,81026.86,12.95007
1778496480.0,81026.86,81043.86,81022.82,81043.86,3.58817
1778496540.0,81043.86,81074.78,81043.86,81074.78,1.54119
1778496600.0,81074.77,81092.58,81074.77,81088.97,5.89135
1778496660.0,81088.98,81088.98,81081.0,81081.01,3.76752
1778496720.0,81081.01,81088.98,81048.59,81048.59,1.81305
1778496780.0,81048.59,81056.67,81046.34,81046.35,2.15945
1778496840.0,81046.34,81053.15,81040.01,81040.01,2.0164
1778496900.0,81040.0,81040.0,81014.62,81023.69,23.25562
1778496960.0,81023.68,81035.47,81020.0,81020.01,5.23928
1778497020.0,81020.01,81020.01,80984.89,80984.89,8.80852
1778497080.0,80984.89,80984.89,80955.54,80959.16,5.37832
1778497140.0,80959.16,80959.17,80940.0,80940.0,6.01912
1778497200.0,80940.0,80983.57,80940.0,80983.56,11.79559
1778497260.0,80983.56,80995.23,80967.6,80967.6,19.64798
1778497320.0,80967.6,80982.5,80967.6,80972.5,2.99429
1778497380.0,80972.5,81023.94,80972.5,81013.1,23.65168
1778497440.0,81013.1,81021.11,80995.22,80995.22,2.48379
1778497500.0,80995.23,81013.61,80995.23,81007.34,2.97084
1778497560.0,81007.34,81007.34,80978.83,80978.84,4.67607
1778497620.0,80978.83,81005.6,80967.6,80992.45,3.14187
1778497680.0,80992.45,80992.45,80986.85,80990.98,6.15121
1778497740.0,80990.98,81005.44,80990.98,81005.44,4.19168
1778497800.0,81005.43,81005.44,80986.86,80986.86,2.00842
1778497860.0,80986.86,80986.87,80950.95,80950.96,8.23868
1778497920.0,80950.96,80978.73,80900.0,80975.93,15.06101
1778497980.0,80975.93,80981.3,80975.92,80981.3,1.79194
1778498040.0,80981.29,80981.29,80961.42,80961.43,4.16584
1778498100.0,80961.42,80980.54,80961.42,80980.54,2.5373
1778498160.0,80980.54,80986.87,80968.33,80985.51,3.10066
1778498220.0,80985.5,81032.6,80985.1,81032.6,10.15505
1778498280.0,81032.61,81118.67,81032.6,81118.66,7.00389
1778498340.0,81118.67,81121.8,81093.14,81098.07,9.67044
1778498400.0,81098.07,81124.06,81098.07,81113.73,4.93763
1778498460.0,81113.73,81158.66,81113.73,81158.66,4.60172
1778498520.0,81158.66,81158.66,81125.82,81149.44,5.5898
1778498580.0,81149.44,81149.45,81121.98,81121.99,1.50216
1778498640.0,81121.99,81129.99,81121.97,81129.98,2.58898
1778498700.0,81129.98,81129.98,81129.97,81129.97,0.67739
1778498760.0,81129.97,81129.98,81121.85,81121.85,4.49812
1778498820.0,81121.85,81121.86,81113.73,81113.74,2.23727
1778498880.0,81113.75,81138.44,81100.32,81100.33,6.17989
1778498940.0,81100.33,81100.33,81100.32,81100.33,0.60732
1778499000.0,81100.33,81144.68,81100.33,81135.19,1.91646
1778499060.0,81135.19,81158.31,81126.72,81156.45,3.82243
1778499120.0,81156.44,81166.14,81144.05,81144.06,5.60149
1778499180.0,81144.06,81149.88,81123.21,81134.83,2.55169
1778499240.0,81134.84,81154.7,81134.83,81154.7,4.47143
1778499300.0,81154.7,81165.61,81152.28,81164.82,10.78753
1778499360.0,81164.81,81175.61,81157.74,81157.75,1.89788
1778499420.0,81157.75,81163.21,81157.74,81163.2,2.26145
1778499480.0,81163.2,81163.2,81130.72,81130.73,3.10017
1778499540.0,81130.73,81165.31,81130.72,81157.9,7.62961
1778499600.0,81157.9,81160.38,81157.89,81160.37,2.82133
1778499660.0,81160.38,81160.38,81140.39,81140.39,3.61615
1778499720.0,81140.39,81168.54,81140.39,81150.03,7.02202
1778499780.0,81150.03,81157.05,81150.02,81150.04,1.55132
1778499840.0,81150.04,81160.94,81144.52,81144.52,2.73739
1778499900.0,81144.53,81144.53,81140.39,81141.86,2.72977
1778499960.0,81141.86,81154.64,81140.39,81140.4,2.89416
1778500020.0,81140.39,81156.72,81140.39,81153.82,4.49482
1778500080.0,81153.83,81156.12,81145.7,81156.11,0.57669
1778500140.0,81156.11,81156.12,81140.39,81140.4,6.44403
1778500200.0,81140.4,81155.4,81121.01,81121.01,18.94448
1778500260.0,81121.0,81122.29,81100.0,81100.0,2.97997
1778500320.0,81100.0,81137.14,81100.0,81137.13,3.62745
1778500380.0,81137.14,81160.0,81137.13,81159.99,18.22935
1778500440.0,81160.0,81179.41,81154.84,81179.41,9.29542
1778500500.0,81179.4,81188.31,81171.56,81171.56,11.37853
1778500560.0,81171.56,81171.57,81143.22,81143.23,2.07631
1778500620.0,81143.22,81166.98,81143.22,81166.97,21.01225
1778500680.0,81166.97,81171.93,81166.97,81171.92,5.12349
1778500740.0,81171.92,81196.95,81171.92,81196.94,5.91727
1778500800.0,81196.95,81246.08,81196.94,81216.6,18.42336
1778500860.0,81216.6,81226.01,81202.04,81202.05,7.01045
1778500920.0,81202.04,81202.05,81184.79,81184.8,7.08275
1778500980.0,81184.8,81184.8,81160.0,81160.0,3.97663
1778501040.0,81160.0,81186.16,81160.0,81172.5,46.02029
1778501100.0,81172.5,81200.06,81172.49,81180.82,10.49757
1778501160.0,81180.82,81180.82,81121.83,81142.74,29.09752
1778501220.0,81142.75,81142.75,81100.89,81132.53,5.58163
1778501280.0,81132.53,81165.34,81132.52,81165.33,6.02124
1778501340.0,81165.33,81165.34,81120.94,81120.95,20.7338
1778501400.0,81120.95,81120.95,81069.46,81069.46,2.84267
1778501460.0,81069.47,81089.58,81069.46,81071.97,6.86102
1778501520.0,81071.97,81089.42,81070.0,81089.41,3.00097
1778501580.0,81089.42,81102.87,81084.1,81100.89,2.70692
1778501640.0,81100.88,81101.84,81095.25,81095.25,7.72032
1778501700.0,81095.25,81121.86,81072.68,81117.02,3.57241
1778501760.0,81117.02,81128.28,81117.02,81118.82,2.30988
1778501820.0,81118.82,81149.81,81098.0,81098.01,11.82635
1778501880.0,81098.01,81163.2,81084.01,81161.6,9.3274
1778501940.0,81161.6,81185.43,81120.0,81127.35,20.60119
1778502000.0,81127.36,81127.46,81116.1,81127.46,3.06287
1778502060.0,81127.45,81144.79,81123.11,81138.59,4.4105
1778502120.0,81138.59,81138.59,81126.0,81138.57,2.70982
1778502180.0,81138.58,81215.49,81138.58,81215.48,31.04354
1778502240.0,81215.48,81336.0,81215.48,81313.75,41.74491
1778502300.0,81313.75,81313.75,81270.75,81272.88,4.2665
1778502360.0,81272.89,81281.06,81264.95,81281.05,3.01673
1778502420.0,81281.06,81294.41,81280.21,81280.22,4.11653
1778502480.0,81280.21,81280.21,81264.0,81264.01,1.24357
1778502540.0,81264.0,81304.95,81264.0,81302.23,6.08726
1778502600.0,81302.24,81322.46,81286.17,81311.91,5.78016
1778502660.0,81311.91,81335.25,81311.91,81316.88,7.56857
1778502720.0,81316.88,81356.46,81306.14,81320.49,11.61081
1778502780.0,81320.49,81335.2,81300.01,81300.01,7.99364
1778502840.0,81300.0,81300.05,81238.69,81238.69,6.01402
1778502900.0,81238.69,81288.0,81232.87,81287.99,4.6651
1778502960.0,81288.0,81290.0,81281.02,81283.16,2.77726
1778503020.0,81283.16,81288.72,81281.81,81287.76,1.13322
1778503080.0,81287.76,81287.76,81220.58,81232.76,4.33481
1778503140.0,81232.77,81232.77,81204.5,81228.32,6.76333
1778503200.0,81228.33,81238.0,81224.26,81238.0,3.4998
1778503260.0,81237.99,81238.0,81219.4,81219.4,3.12473
1778503320.0,81219.4,81219.41,81204.5,81204.51,1.63542
1778503380.0,81204.5,81210.0,81166.29,81166.3,4.03808
1778503440.0,81166.29,81166.3,81150.66,81163.24,6.10009
1778503500.0,81163.25,81191.89,81160.0,81188.12,12.47676
1778503560.0,81188.13,81188.13,81179.97,81179.98,0.56888
1778503620.0,81179.97,81225.51,81104.6,81142.08,26.33034
1778503680.0,81142.07,81142.36,81104.6,81128.41,4.48445
1778503740.0,81128.41,81151.97,81104.6,81151.96,3.64748
1778503800.0,81151.96,81154.28,81100.0,81100.0,3.45038
1778503860.0,81100.0,81100.0,81029.77,81033.66,10.72822
1778503920.0,81033.66,81075.57,81033.65,81065.23,4.25785
1778503980.0,81065.23,81093.45,81065.23,81073.46,2.08743
1778504040.0,81073.46,81093.43,81064.68,81077.6,2.31607
1778504100.0,81077.6,81077.6,81060.78,81060.78,2.22068
1778504160.0,81060.78,81081.28,81060.0,81081.28,2.82653
1778504220.0,81081.27,81097.22,81081.27,81083.62,1.21488
1778504280.0,81083.62,81083.62,81061.16,81072.96,3.04834
1778504340.0,81072.95,81072.96,81054.64,81054.65,2.28237
1778504400.0,81054.65,81135.69,81054.64,81135.69,16.37164
1778504460.0,81135.68,81146.37,81117.07,81146.36,6.09446
1778504520.0,81146.37,81213.54,81146.37,81210.5,8.44479
1778504580.0,81210.5,81250.99,81202.81,81217.07,7.70127
1778504640.0,81217.07,81220.0,81197.34,81197.34,4.23521
1778504700.0,81197.35,81197.35,81197.34,81197.35,2.09266
1778504760.0,81197.35,81253.19,81197.34,81233.77,3.40442
1778504820.0,81233.77,81244.06,81217.75,81244.06,5.36836
1778504880.0,81244.06,81286.19,81244.05,81283.67,3.78312
1778504940.0,81283.68,81295.83,81260.37,81260.38,3.40037
1778505000.0,81260.38,81282.73,81257.17,81257.18,3.86448
1778505060.0,81257.17,81269.3,81248.7,81266.0,2.14876
1778505120.0,81265.99,81288.03,81265.99,81274.03,2.14712
1778505180.0,81274.03,81274.04,81248.72,81264.95,27.2033
1778505240.0,81264.95,81285.13,81264.94,81285.13,2.07424
1778505300.0,81285.12,81295.83,81285.12,81295.82,2.77275
1778505360.0,81295.83,81326.0,81295.82,81317.93,2.37524
1778505420.0,81317.93,81317.94,81295.82,81313.08,4.25588
1778505480.0,81313.07,81332.29,81309.78,81309.78,2.65904
1778505540.0,81309.78,81309.78,81230.74,81230.75,5.22473
1778505600.0,81230.74,81269.21,81221.75,81259.33,2.45565
1778505660.0,81259.33,81287.25,81259.33,81271.9,4.95757
1778505720.0,81271.9,81271.91,81271.9,81271.9,0.81111
1778505780.0,81271.91,81271.91,81254.16,81254.5,2.74512
1778505840.0,81254.51,81284.24,81254.17,81283.04,2.84612
1778505900.0,81283.03,81283.03,81170.67,81176.74,13.48267
1778505960.0,81176.73,81176.74,81143.62,81162.48,14.1784
1778506020.0,81162.49,81168.9,81155.22,81155.23,1.64453
1778506080.0,81155.22,81168.81,81144.0,81151.44,5.32918
1778506140.0,81151.45,81172.15,81150.82,81151.64,20.75801
1778506200.0,81151.65,81172.32,81100.56,81135.44,26.60931
1778506260.0,81135.45,81142.63,81039.63,81049.44,20.50133
1778506320.0,81049.44,81102.16,81008.7,81082.01,19.88875
1778506380.0,81082.01,81082.01,81008.7,81011.23,11.2217
1778506440.0,81011.22,81011.22,80905.47,80908.83,39.34254
1778506500.0,80907.61,80931.1,80866.66,80883.9,27.66882
1778506560.0,80883.91,80901.91,80814.86,80817.66,17.40949
1778506620.0,80817.66,80874.43,80739.63,80767.15,106.13522
1778506680.0,80767.16,80872.64,80767.15,80831.04,16.32574
1778506740.0,80831.03,80869.3,80818.0,80869.29,6.6398
1778506800.0,80869.29,80905.64,80845.68,80883.55,14.61945
1778506860.0,80883.55,80988.1,80883.55,80988.09,11.52258
1778506920.0,80988.1,81250.0,80988.09,81156.61,130.74031
1778506980.0,81156.61,81200.0,81120.51,81148.7,8.39129
1778507040.0,81148.7,81157.52,81066.24,81079.06,10.22168
1778507100.0,81079.07,81119.96,81064.75,81064.75,19.70346
1778507160.0,81064.76,81064.76,81031.4,81031.4,7.01296
1778507220.0,81031.4,81061.94,81031.4,81046.83,6.88419
1778507280.0,81046.82,81046.82,80960.0,81025.79,6.91451
1778507340.0,81025.78,81029.63,81006.17,81029.62,1.5567
1778507400.0,81029.63,81064.38,80998.97,81002.83,8.34372
1778507460.0,81002.83,81050.0,80960.05,81000.04,14.47702
1778507520.0,81000.04,81089.97,81000.04,81044.48,7.70189
1778507580.0,81044.49,81107.29,81038.03,81066.01,10.95733
1778507640.0,81066.01,81077.42,80968.52,80968.52,7.47193
1778507700.0,80968.52,80978.14,80934.88,80978.13,6.57456
1778507760.0,80978.14,81051.38,80978.13,81051.38,8.65108
1778507820.0,81051.37,81066.17,81032.05,81034.5,3.45423
1778507880.0,81034.5,81034.51,81030.0,81030.38,0.72605
1778507940.0,81030.38,81090.0,81024.17,81072.0,4.89899
1778508000.0,81072.01,81154.96,81072.0,81143.97,7.48387
1778508060.0,81143.97,81213.8,81142.26,81167.2,14.60179
1778508120.0,81167.19,81195.47,81154.8,81162.52,4.40764
1778508180.0,81162.53,81213.56,81162.53,81199.45,4.79933
1778508240.0,81199.45,81199.45,81168.0,81187.82,3.58573
1778508300.0,81187.81,81252.72,81173.4,81235.25,17.15913
1778508360.0,81235.26,81236.6,81200.49,81204.22,18.85557
1778508420.0,81204.21,81222.87,81191.68,81211.96,7.66058
1778508480.0,81211.97,81217.8,81191.69,81191.69,1.95236
1778508540.0,81191.69,81209.23,81176.96,81209.23,1.96667
1778508600.0,81209.23,81213.41,81175.48,81187.81,2.32794
1778508660.0,81187.82,81215.73,81134.21,81178.52,8.21888
1778508720.0,81178.52,81178.53,81100.98,81100.98,7.42506
1778508780.0,81100.98,81156.14,81093.81,81156.14,7.64237
1778508840.0,81156.14,81156.14,81115.23,81137.39,3.29154
1778508900.0,81137.39,81149.68,81137.39,81140.0,2.03407
1778508960.0,81140.01,81173.32,81140.0,81173.32,3.61886
1778509020.0,81173.32,81173.32,81107.43,81108.73,3.4089
1778509080.0,81108.72,81108.72,81060.32,81104.01,6.95146
1778509140.0,81104.02,81104.02,81070.68,81087.92,4.21637
1778509200.0,81087.92,81087.92,81004.12,81010.8,7.25696
1778509260.0,81010.81,81010.81,80938.41,80982.88,6.45623
1778509320.0,80982.88,80982.88,80935.29,80957.14,2.73622
1778509380.0,80957.14,80958.45,80905.84,80958.45,6.92117
1778509440.0,80958.44,80971.55,80954.74,80954.75,2.82643
1778509500.0,80954.74,80971.54,80936.76,80946.3,7.91808
1778509560.0,80946.29,80970.0,80942.07,80963.9,8.64691
1778509620.0,80963.89,80963.9,80829.71,80829.71,16.17747
1778509680.0,80829.71,80851.44,80805.0,80845.84,6.55014
1778509740.0,80845.84,80850.0,80750.0,80750.01,8.23033
1778509800.0,80750.01,80811.51,80708.56,80790.53,29.54287
1778509860.0,80790.53,80823.6,80561.69,80607.43,72.3284
1778509920.0,80607.42,80632.17,80462.97,80589.99,136.52724
1778509980.0,80589.99,80600.0,80504.9,80595.44,31.08688
1778510040.0,80595.45,80608.29,80529.14,80608.28,11.97965
1778510100.0,80608.29,80686.08,80586.5,80673.26,18.72922
1778510160.0,80673.25,80698.95,80627.06,80675.09,14.78546
1778510220.0,80675.09,80757.03,80675.09,80752.03,9.55149
1778510280.0,80752.02,80791.2,80746.34,80746.35,14.6439
1778510340.0,80746.35,80888.08,80736.63,80870.28,15.73393
1778510400.0,80870.28,80900.0,80829.53,80851.44,12.76388
1778510460.0,80851.43,80856.29,80813.1,80851.93,18.56788
1778510520.0,80851.94,80860.92,80820.52,80820.53,3.25643
1778510580.0,80820.53,80861.13,80820.52,80825.93,7.78318
1778510640.0,80825.93,80842.46,80804.35,80804.35,4.27867
1778510700.0,80804.35,80816.42,80767.74,80767.75,6.8691
1778510760.0,80767.75,80795.13,80721.35,80787.26,5.16263
1778510820.0,80787.26,80801.66,80761.99,80775.52,7.93866
1778510880.0,80775.52,80795.42,80733.36,80759.5,10.38945
1778510940.0,80759.5,80759.51,80726.05,80753.14,9.58786
1778511000.0,80753.14,80770.49,80751.39,80768.55,6.53722
1778511060.0,80768.55,80852.0,80768.55,80852.0,17.49479
1778511120.0,80852.0,80867.97,80834.08,80863.92,5.81453
1778511180.0,80863.92,80946.8,80863.92,80908.07,18.95231
1778511240.0,80908.07,80908.07,80858.0,80886.63,4.37577
1778511300.0,80886.64,80939.94,80882.11,80935.87,9.93539
1778511360.0,80935.87,80939.92,80865.03,80898.33,23.37254
1778511420.0,80898.33,80913.21,80888.5,80913.21,15.2138
1778511480.0,80913.22,80964.2,80913.22,80959.68,9.22946
1778511540.0,80959.68,80970.28,80916.22,80953.38,9.88039
1778511600.0,80953.39,80962.74,80896.32,80899.66,13.07236
1778511660.0,80898.5,80898.5,80839.09,80839.09,13.636
1778511720.0,80839.08,80866.47,80835.13,80860.7,3.49835
1778511780.0,80860.7,80891.72,80826.02,80863.65,15.41754
1778511840.0,80863.66,80910.0,80856.53,80909.99,8.05154
1778511900.0,80910.0,80910.0,80865.92,80876.08,3.11321
1778511960.0,80876.09,80909.55,80876.09,80893.92,1.80923
1778512020.0,80893.92,80919.99,80893.92,80917.61,4.08856
1778512080.0,80917.62,80933.99,80903.25,80913.56,2.97276
1778512140.0,80913.56,80913.57,80902.7,80910.98,1.49744
1778512200.0,80910.98,80920.57,80854.97,80871.75,5.18187
1778512260.0,80871.75,80978.88,80871.75,80978.88,6.79527
1778512320.0,80978.87,81003.17,80952.61,80976.77,18.41941
1778512380.0,80976.77,81072.07,80976.77,81070.29,18.80587
1778512440.0,81070.29,81090.8,80992.91,81011.28,9.59136
1778512500.0,81011.29,81065.86,81011.29,81065.85,6.16923
1778512560.0,81065.85,81095.48,81046.47,81046.47,7.12948
1778512620.0,81046.47,81052.75,81020.17,81020.17,12.17676
1778512680.0,81020.17,81020.18,80984.0,81007.8,4.25636
1778512740.0,81007.8,81007.8,80948.17,80949.26,7.34641
1778512800.0,80949.27,81001.92,80942.18,81001.92,6.37827
1778512860.0,81001.92,81039.71,80987.11,81039.7,7.53002
1778512920.0,81039.7,81039.71,81026.01,81033.31,8.8869
1778512980.0,81033.31,81033.31,80987.78,81013.55,3.12286
1778513040.0,81013.56,81069.73,81013.56,81056.87,4.75561
1778513100.0,81056.88,81108.7,81049.66,81108.7,9.67406
1778513160.0,81108.69,81244.2,81108.69,81227.25,28.50517
1778513220.0,81227.25,81423.55,81227.25,81382.17,95.5463
1778513280.0,81382.18,81409.26,81327.06,81390.0,16.82851
1778513340.0,81390.0,81390.01,81337.78,81343.39,6.58377
1778513400.0,81343.38,81385.62,81335.39,81369.99,35.10251
1778513460.0,81370.0,81436.08,81370.0,81399.48,28.21155
1778513520.0,81399.48,81399.48,81242.5,81255.73,10.59714
1778513580.0,81255.74,81309.47,81255.73,81309.46,14.37956
1778513640.0,81309.47,81316.99,81227.24,81227.24,17.81513
1778513700.0,81227.24,81245.15,81226.0,81233.02,14.59586
1778513760.0,81233.01,81272.41,81226.0,81268.04,5.84928
1778513820.0,81268.03,81293.69,81268.03,81280.07,10.782
1778513880.0,81280.07,81289.82,81241.11,81253.74,5.79363
1778513940.0,81253.73,81281.05,81245.34,81281.05,2.63524
1778514000.0,81281.05,81296.09,81266.44,81266.46,9.8346
1778514060.0,81266.46,81273.6,81245.44,81245.44,2.00084
1778514120.0,81245.44,81245.44,81217.17,81229.39,1.7787
1778514180.0,81229.39,81273.11,81229.38,81245.85,1.15154
1778514240.0,81245.85,81283.97,81217.18,81232.68,15.54763
1778514300.0,81232.67,81261.36,81212.01,81252.62,4.27992
1778514360.0,81252.63,81261.36,81223.09,81223.09,4.36335
1778514420.0,81223.09,81258.17,81223.09,81248.77,4.63406
1778514480.0,81248.78,81267.22,81248.77,81267.21,2.50497
1778514540.0,81267.21,81267.21,81232.52,81232.53,1.70326
1778514600.0,81232.53,81261.95,81232.53,81261.85,5.41688
1778514660.0,81261.86,81361.97,81261.85,81334.0,22.81441
1778514720.0,81334.0,81379.38,81334.0,81341.81,7.78199
1778514780.0,81341.8,81380.0,81341.8,81379.99,2.86799
1778514840.0,81380.0,81380.0,81343.04,81351.56,3.76321
1778514900.0,81351.55,81417.92,81351.55,81381.45,12.90735
1778514960.0,81381.45,81383.89,81364.37,81381.82,11.84281
1778515020.0,81381.82,81406.76,81373.5,81373.63,9.87269
1778515080.0,81373.63,81458.0,81373.63,81414.07,16.99096
1778515140.0,81414.07,81445.9,81412.6,81445.9,8.64047
1778515200.0,81445.89,81452.46,81408.52,81408.98,21.09547
1778515260.0,81408.97,81408.98,81400.0,81400.01,2.39142
1778515320.0,81400.0,81408.91,81371.0,81371.0,7.52313
1778515380.0,81371.01,81371.01,81354.86,81354.88,10.89813
1778515440.0,81354.87,81363.7,81344.72,81354.18,11.21634
1778515500.0,81354.17,81408.5,81354.17,81408.24,17.18774
1778515560.0,81408.24,81495.4,81408.23,81493.43,16.38958
1778515620.0,81493.43,81540.31,81493.43,81502.95,36.62915
1778515680.0,81502.94,81530.0,81491.53,81512.51,10.30549
1778515740.0,81512.52,81600.0,81512.52,81574.5,41.64246
1778515800.0,81574.49,81735.49,81568.69,81723.79,47.3267
1778515860.0,81723.78,81757.46,81689.44,81711.99,41.87129
1778515920.0,81712.0,81749.69,81671.04,81730.41,25.26372
1778515980.0,81730.41,81740.0,81703.91,81721.63,25.80169
1778516040.0,81721.64,81786.73,81705.58,81786.73,28.09145
1778516100.0,81786.72,81813.79,81747.75,81748.56,30.02101
1778516160.0,81748.56,81756.61,81680.0,81730.26,26.31019
1778516220.0,81730.27,81793.08,81730.27,81793.07,18.88458
1778516280.0,81793.07,81838.19,81726.32,81728.4,19.31242
1778516340.0,81728.4,81832.0,81724.0,81831.99,30.40707
1778516400.0,81831.99,81854.39,81801.39,81804.34,25.33756
1778516460.0,81804.35,81823.65,81791.49,81800.18,24.39293
1778516520.0,81800.18,81808.0,81774.81,81807.99,16.86674
1778516580.0,81808.0,81848.3,81801.39,81848.3,25.50595
1778516640.0,81848.29,81867.5,81823.99,81849.99,34.40513
1778516700.0,81849.98,81849.99,81830.0,81849.28,14.01408
1778516760.0,81849.27,81869.55,81811.3,81811.3,34.37768
1778516820.0,81811.3,81823.25,81791.6,81822.8,22.34286
1778516880.0,81822.81,81822.81,81734.61,81744.88,23.58823
1778516940.0,81744.88,81779.56,81724.59,81779.55,19.59879
1778517000.0,81779.55,81857.36,81779.55,81857.36,14.83013
1778517060.0,81857.35,81883.0,81819.4,81854.81,13.97724
1778517120.0,81854.82,81895.49,81831.57,81845.16,34.24279
1778517180.0,81845.17,81891.94,81845.16,81871.75,19.67268
1778517240.0,81871.74,81910.35,81871.74,81899.99,28.7183
1778517300.0,81900.0,81900.01,81843.05,81892.35,38.5035
1778517360.0,81892.83,81905.13,81890.0,81890.0,10.84231
1778517420.0,81890.0,81890.01,81813.03,81813.28,7.73909
1778517480.0,81813.28,81875.47,81813.28,81847.02,7.48939
1778517540.0,81847.01,81868.19,81833.06,81841.08,7.27017
1778517600.0,81841.09,81841.09,81784.25,81784.28,11.76728
1778517660.0,81784.27,81797.47,81713.26,81735.66,26.62359
1778517720.0,81735.65,81735.66,81593.27,81596.32,44.91187
1778517780.0,81596.31,81640.06,81558.0,81640.06,26.79345
1778517840.0,81640.06,81640.06,81562.89,81579.64,10.57635
1778517900.0,81579.65,81666.4,81572.02,81638.66,17.70291
1778517960.0,81638.66,81648.9,81618.84,81620.07,3.7733
1778518020.0,81620.07,81709.83,81620.07,81709.83,10.82472
1778518080.0,81709.82,81758.24,81709.82,81722.14,7.9673
1778518140.0,81722.14,81736.02,81698.86,81698.86,3.46344
1778518200.0,81698.86,81717.3,81654.69,81678.62,6.19993
1778518260.0,81678.62,81701.77,81646.22,81646.22,4.13164
1778518320.0,81646.23,81650.99,81615.0,81615.0,3.6733
1778518380.0,81615.01,81630.0,81596.31,81627.35,4.84821
1778518440.0,81627.34,81652.8,81626.07,81652.8,6.84483
1778518500.0,81652.8,81675.22,81630.76,81637.31,7.58558
1778518560.0,81637.31,81637.31,81605.72,81633.13,4.68527
1778518620.0,81633.14,81633.14,81591.25,81602.14,11.88633
1778518680.0,81602.14,81623.46,81596.31,81615.78,3.78674
1778518740.0,81615.77,81615.77,81575.84,81575.85,3.13782
1778518800.0,81575.84,81630.18,81516.18,81516.19,9.22455
1778518860.0,81516.19,81516.19,81448.0,81482.85,18.84778
1778518920.0,81482.86,81482.86,81439.82,81451.38,7.39306
1778518980.0,81451.38,81496.28,81451.37,81488.77,4.12579
1778519040.0,81488.76,81529.99,81474.05,81520.42,4.01438
1778519100.0,81520.41,81545.09,81503.0,81509.3,8.16818
1778519160.0,81509.3,81509.3,81420.42,81444.51,10.023
1778519220.0,81444.51,81444.51,81405.61,81428.75,4.02307
1778519280.0,81428.76,81428.76,81400.0,81410.0,2.59251
1778519340.0,81410.0,81440.0,81369.42,81436.75,13.43337
1778519400.0,81436.75,81471.3,81410.8,81467.44,8.2777
1778519460.0,81467.43,81504.18,81458.98,81504.17,2.61025
1778519520.0,81504.17,81504.18,81440.0,81452.26,11.36071
1778519580.0,81452.26,81520.0,81452.26,81520.0,3.93024
1778519640.0,81519.99,81529.64,81512.56,81519.99,3.54853
1778519700.0,81520.0,81528.0,81516.09,81527.99,5.43608
1778519760.0,81527.99,81618.18,81527.99,81618.18,12.30003
1778519820.0,81618.17,81670.78,81618.17,81665.65,7.78683
1778519880.0,81665.66,81665.66,81600.0,81600.02,3.21752
1778519940.0,81601.85,81614.0,81570.68,81609.98,13.51457
1778520000.0,81609.97,81641.38,81609.97,81630.4,2.27167
1778520060.0,81630.41,81654.68,81622.0,81645.99,1.98804
1778520120.0,81645.99,81645.99,81608.81,81616.67,1.80502
1778520180.0,81616.67,81624.62,81609.22,81615.11,2.16437
1778520240.0,81615.11,81633.32,81609.22,81609.22,1.7474
1778520300.0,81609.23,81633.32,81596.31,81606.83,2.09959
1778520360.0,81606.83,81639.15,81606.82,81621.14,2.76995
1778520420.0,81621.15,81621.15,81585.81,81585.81,3.57363
1778520480.0,81585.81,81616.99,81585.81,81616.98,5.71221
1778520540.0,81616.98,81641.81,81616.98,81637.93,0.87932
1778520600.0,81637.93,81643.65,81598.77,81598.77,3.14822
1778520660.0,81598.77,81613.8,81596.31,81599.99,2.8515
1778520720.0,81600.0,81649.84,81596.31,81649.83,4.88944
1778520780.0,81649.83,81668.57,81637.92,81643.77,3.8895
1778520840.0,81643.77,81694.0,81643.76,81694.0,4.4872
1778520900.0,81694.07,81715.61,81683.93,81710.02,11.09047
1778520960.0,81710.03,81733.33,81687.3,81728.97,8.86045
1778521020.0,81728.96,81782.0,81719.06,81761.05,9.89787
1778521080.0,81761.06,81830.0,81761.05,81825.32,13.09846
1778521140.0,81825.32,81878.07,81825.32,81863.2,10.171
1778521200.0,81863.2,81887.0,81852.73,81885.56,16.51116
1778521260.0,81885.55,81950.0,81885.55,81934.01,23.96985
1778521320.0,81934.01,81977.99,81934.0,81950.89,13.36374
1778521380.0,81950.89,81990.01,81950.89,81990.0,8.73585
1778521440.0,81990.0,82024.41,81978.0,81978.0,67.88734
1778521500.0,81978.01,82071.77,81977.93,82007.35,23.02141
1778521560.0,82007.34,82030.65,81985.94,82030.64,22.44915
1778521620.0,82030.64,82030.65,81941.03,81941.04,11.37998
1778521680.0,81941.03,81941.03,81926.68,81929.9,17.76789
1778521740.0,81929.91,81953.65,81929.9,81953.65,11.33914
1778521800.0,81953.65,82000.0,81953.64,81999.99,6.0803
1778521860.0,82000.0,82028.91,81990.28,82001.47,24.04839
1778521920.0,82001.47,82001.47,81955.98,81980.56,3.05176
1778521980.0,81980.56,82000.0,81980.55,81994.7,23.21719
1778522040.0,81994.71,82002.44,81932.34,81932.34,9.37934
1778522100.0,81932.3,81943.41,81905.59,81943.41,10.52325
1778522160.0,81943.4,81966.0,81943.4,81957.74,3.43229
1778522220.0,81957.74,81957.74,81911.85,81919.99,4.07289
1778522280.0,81919.99,81924.51,81919.98,81924.5,1.23297
1778522340.0,81924.5,81941.1,81903.94,81941.09,12.60184
1778522400.0,81941.09,81941.1,81911.32,81925.44,6.86454
1778522460.0,81925.86,81930.0,81917.06,81928.15,5.75096
1778522520.0,81928.16,81965.92,81928.15,81940.29,18.71791
1778522580.0,81940.3,81966.0,81940.29,81966.0,4.80466
1778522640.0,81965.99,82006.47,81965.99,81998.0,18.24755
1778522700.0,81998.01,82001.93,81983.95,81991.79,3.98215
1778522760.0,81991.79,82053.48,81991.78,82053.47,8.12563
1778522820.0,82053.48,82100.0,82049.99,82075.5,18.14477
1778522880.0,82076.03,82092.06,82072.26,82080.97,7.25053
1778522940.0,82080.97,82080.97,82027.14,82055.4,17.12869
1778523000.0,82055.4,82055.4,82020.5,82028.33,40.37762
1778523060.0,82028.34,82045.47,82006.48,82006.48,14.78679
1778523120.0,82006.48,82012.17,81980.11,82011.72,7.41192
1778523180.0,82011.73,82036.43,82011.73,82026.49,5.25973
1778523240.0,82026.5,82026.5,81961.59,81964.85,9.72232
1778523300.0,81964.86,81986.51,81943.29,81943.29,9.61824
1778523360.0,81943.3,81944.87,81922.68,81922.69,8.67786
1778523420.0,81922.68,81941.99,81909.62,81913.45,9.07006
1778523480.0,81913.46,81913.46,81848.2,81892.13,12.92173
1778523540.0,81892.14,81896.21,81880.93,81887.99,5.17253
1778523600.0,81888.0,81922.83,81882.23,81914.02,13.50412
1778523660.0,81914.02,81952.0,81908.78,81952.0,4.07541
1778523720.0,81952.0,81974.57,81946.68,81946.69,4.15969
1778523780.0,81946.69,81946.69,81946.68,81946.68,0.44265
1778523840.0,81946.68,81967.76,81934.06,81934.06,5.30655
1778523900.0,81934.06,81949.9,81919.43,81919.44,1.81616
1778523960.0,81919.43,81926.82,81843.58,81915.87,10.82207
1778524020.0,81915.87,81996.0,81915.87,81995.99,14.37987
1778524080.0,81996.0,82059.99,81995.99,82052.95,14.50717
1778524140.0,82052.95,82052.96,82019.53,82042.69,6.89452
1778524200.0,82042.69,82071.74,82032.85,82056.93,4.95564
1778524260.0,82056.93,82137.26,82056.92,82102.24,37.14511
1778524320.0,82102.24,82137.26,82096.89,82124.9,9.62031
1778524380.0,82124.9,82124.9,82080.26,82080.26,5.35753
1778524440.0,82080.25,82080.26,82010.39,82014.53,6.57979
1778524500.0,82014.52,82043.24,81987.72,82043.24,12.33129
1778524560.0,82043.23,82057.22,82010.0,82010.01,4.5412
1778524620.0,82010.01,82018.81,81998.74,82010.18,7.66804
1778524680.0,82010.19,82019.76,81995.03,82019.76,3.29704
1778524740.0,82019.75,82019.76,81976.74,81981.89,4.22167
1778524800.0,81981.88,81994.92,81955.18,81966.33,5.57365
1778524860.0,81966.34,81966.34,81944.79,81955.87,4.74557
1778524920.0,81955.86,81958.65,81951.58,81958.65,5.56187
1778524980.0,81958.65,81993.7,81958.64,81979.41,8.56986
1778525040.0,81979.4,81979.41,81951.44,81951.45,2.03193
1778525100.0,81951.45,81951.45,81903.94,81921.99,8.09395
1778525160.0,81922.0,82027.19,81921.99,82016.44,14.4304
1778525220.0,82016.44,82059.9,82013.57,82059.89,10.23117
1778525280.0,82059.9,82094.55,82040.7,82053.83,4.32272
1778525340.0,82053.84,82053.85,82027.17,82027.17,1.15762
1778525400.0,82027.18,82060.0,82020.01,82059.99,6.84657
1778525460.0,82060.0,82060.0,82022.1,82040.78,3.3986
1778525520.0,82040.77,82040.78,82026.97,82026.97,2.06469
1778525580.0,82026.98,82033.23,81980.05,81980.05,5.59421
1778525640.0,81980.06,81980.06,81876.46,81903.95,13.09644
1778525700.0,81903.94,81958.0,81896.99,81958.0,6.44697
1778525760.0,81958.0,81990.56,81958.0,81988.07,5.2787
1778525820.0,81988.07,81990.56,81946.97,81952.22,2.12161
1778525880.0,81952.21,81952.22,81886.99,81887.0,10.41847
1778525940.0,81887.0,81900.0,81836.15,81858.96,12.45132
1778526000.0,81858.97,81887.53,81858.97,81860.04,9.11892
1778526060.0,81860.04,81895.3,81860.03,81869.76,5.60618
1778526120.0,81869.76,81869.77,81739.09,81780.78,18.62025
1778526180.0,81780.79,81807.9,81780.78,81793.79,6.5446
1778526240.0,81793.79,81809.62,81782.04,81783.64,7.07945
1778526300.0,81783.65,81832.99,81777.71,81832.99,4.45246
1778526360.0,81833.0,81901.72,81833.0,81901.69,11.68062
1778526420.0,81901.68,81960.0,81897.25,81959.99,8.5412
1778526480.0,81960.0,81976.38,81903.94,81924.0,3.05132
1778526540.0,81924.0,81940.0,81923.99,81939.99,1.20915
1778526600.0,81939.99,81949.2,81910.62,81925.07,4.18225
1778526660.0,81925.07,81941.44,81925.07,81939.99,1.43917
1778526720.0,81939.99,81961.34,81936.13,81936.13,2.94096
1778526780.0,81936.14,81951.63,81922.35,81924.65,6.61196
1778526840.0,81924.66,81924.67,81909.68,81917.86,3.21299
1778526900.0,81917.86,81932.85,81876.02,81886.65,3.86478
1778526960.0,81886.65,81887.22,81859.05,81861.93,3.7674
1778527020.0,81861.93,81885.01,81828.01,81828.01,3.75622
1778527080.0,81828.01,81888.67,81828.01,81888.66,2.23139
1778527140.0,81888.66,81910.56,81876.66,81876.66,5.28719
1778527200.0,81876.66,81922.88,81876.66,81884.01,4.4555
1778527260.0,81884.0,81884.01,81863.99,81863.99,0.62276
1778527320.0,81864.0,81864.0,81826.53,81853.18,2.79543
1778527380.0,81853.18,82081.37,81853.18,82071.78,74.79127
1778527440.0,82071.78,82073.62,82050.11,82050.12,8.24141
1778527500.0,82050.12,82050.12,82037.67,82037.67,6.07108
1778527560.0,82037.67,82037.68,81985.75,81985.75,17.08884
1778527620.0,81985.75,81985.75,81903.21,81903.21,12.15159
1778527680.0,81903.21,81907.49,81882.06,81882.06,5.92797
1778527740.0,81882.07,81902.54,81865.45,81902.53,2.66665
1778527800.0,81902.53,81910.82,81880.16,81883.41,4.37484
1778527860.0,81883.41,81923.9,81883.41,81919.7,2.70925
1778527920.0,81919.71,81919.71,81911.55,81911.56,0.84377
1778527980.0,81911.56,81911.56,81877.76,81877.76,1.76077
1778528040.0,81877.77,81877.77,81852.98,81852.98,3.26738
1778528100.0,81852.99,81877.51,81848.03,81877.5,10.20553
1778528160.0,81877.5,81914.58,81877.5,81914.58,3.19532
1778528220.0,81914.59,81923.54,81909.17,81909.17,2.45624
1778528280.0,81909.18,81909.18,81903.27,81903.28,3.37557
1778528340.0,81903.28,81936.0,81894.01,81927.71,10.70408
1778528400.0,81927.72,81983.32,81927.71,81972.97,8.73366
1778528460.0,81972.98,81972.98,81934.29,81934.3,5.10278
1778528520.0,81934.3,82091.11,81934.29,82072.24,48.95372
1778528580.0,82072.24,82072.24,82042.08,82045.19,6.00743
1778528640.0,82045.19,82045.19,82006.48,82006.48,6.10235
1778528700.0,82006.48,82006.49,81989.68,81989.68,2.63365
1778528760.0,81989.69,82000.0,81989.68,82000.0,4.84744
1778528820.0,82000.0,82026.91,81999.99,82013.94,18.11533
1778528880.0,82013.94,82019.85,81971.8,81988.19,11.27709
1778528940.0,81988.19,82003.88,81979.7,81979.7,7.53847
1778529000.0,81979.7,81982.67,81964.56,81971.25,3.92467
1778529060.0,81971.25,81971.25,81926.11,81926.12,6.56988
1778529120.0,81926.11,81938.55,81926.11,81938.54,2.38414
1778529180.0,81938.55,81962.19,81938.54,81959.65,4.91681
1778529240.0,81959.66,81981.69,81940.98,81940.98,2.60993
1778529300.0,81940.98,82000.0,81940.98,81999.99,3.22571
1778529360.0,82000.0,82000.0,81969.72,81977.7,7.60955
1778529420.0,81977.91,81977.92,81970.99,81970.99,1.31255
1778529480.0,81970.99,81984.58,81949.86,81958.68,4.24311
1778529540.0,81958.67,81964.0,81945.06,81961.99,11.59772
1778529600.0,81961.99,82019.63,81961.99,82019.63,12.57255
1778529660.0,82019.63,82029.19,82006.48,82006.49,4.14248
1778529720.0,82006.49,82006.49,81915.72,81921.53,7.83032
1778529780.0,81921.54,82020.51,81921.54,81988.33,38.69256
1778529840.0,81988.34,82043.81,81988.33,82033.54,5.24688
1778529900.0,82033.54,82033.54,82024.29,82029.99,11.62323
1778529960.0,82030.0,82078.91,82029.99,82064.71,11.69428
1778530020.0,82064.71,82069.68,82031.91,82044.37,1.99679
1778530080.0,82044.38,82059.54,82044.37,82052.64,4.80854
1778530140.0,82052.63,82052.64,82038.52,82046.71,2.53964
1778530200.0,82046.72,82055.95,82038.63,82038.63,4.2196
1778530260.0,82038.64,82051.86,81858.56,81858.57,37.71356
1778530320.0,81858.56,81948.74,81858.56,81925.13,11.24681
1778530380.0,81925.12,81947.42,81880.5,81921.36,15.94634
1778530440.0,81921.37,81921.37,81898.38,81915.27,19.1213
1778530500.0,81915.27,81915.29,81889.52,81915.29,3.53129
1778530560.0,81915.28,81964.13,81914.09,81938.32,2.3681
1778530620.0,81938.33,81938.33,81918.23,81918.24,2.17964
1778530680.0,81918.24,81931.1,81918.23,81919.71,3.70498
1778530740.0,81919.71,81964.8,81919.71,81963.31,6.62331
1778530800.0,81963.32,81969.18,81903.94,81903.95,1.98824
1778530860.0,81903.95,81903.95,81866.14,81866.14,2.00897
1778530920.0,81866.14,81897.33,81859.02,81887.01,4.44299
1778530980.0,81887.01,81891.43,81883.91,81891.43,1.56914
1778531040.0,81891.42,81929.23,81891.42,81929.22,2.89221
1778531100.0,81929.22,81929.22,81903.94,81912.11,3.15247
1778531160.0,81912.11,81912.11,81869.19,81873.29,4.18504
1778531220.0,81873.29,81906.96,81873.28,81906.95,1.81758
1778531280.0,81906.96,81914.48,81903.94,81903.94,2.17312
1778531340.0,81903.94,81903.95,81903.94,81903.95,2.66282
1778531400.0,81903.95,81921.11,81889.12,81889.12,3.39476
1778531460.0,81889.12,81893.59,81853.17,81853.17,1.74693
1778531520.0,81853.17,81853.18,81844.04,81853.17,5.99285
1778531580.0,81853.17,81878.0,81853.16,81877.99,1.42697
1778531640.0,81878.0,81913.78,81877.99,81913.77,1.11096
1778531700.0,81913.78,81921.2,81908.37,81908.38,2.86772
1778531760.0,81908.37,81908.38,81868.57,81875.48,3.79096
1778531820.0,81875.47,81883.52,81861.49,81864.62,2.789
1778531880.0,81864.62,81876.77,81864.61,81876.77,4.72527
1778531940.0,81876.76,81879.67,81876.75,81879.66,1.4991
1778532000.0,81879.66,81879.67,81834.22,81840.37,3.64318
1778532060.0,81840.36,81846.27,81817.88,81817.88,4.3823
1778532120.0,81817.89,81817.89,81758.5,81758.51,5.63231
1778532180.0,81758.51,81809.97,81758.51,81809.97,3.09423
1778532240.0,81809.97,81821.42,81809.96,81821.41,1.48468
1778532300.0,81821.41,81832.0,81803.31,81832.0,3.75237
1778532360.0,81832.0,81841.24,81831.99,81832.85,1.52889
1778532420.0,81832.86,81856.76,81824.01,81856.76,5.87103
1778532480.0,81856.77,81914.69,81856.77,81914.69,5.44989
1778532540.0,81914.69,81932.18,81892.73,81904.05,3.37221
1778532600.0,81904.05,81904.06,81860.44,81860.44,3.68
1778532660.0,81860.45,81880.73,81860.44,81876.8,1.12922
1778532720.0,81876.81,81876.81,81868.1,81868.1,1.37212
1778532780.0,81868.11,81868.11,81862.79,81862.79,0.53653
1778532840.0,81862.8,81868.1,81850.93,81850.93,3.18421
1778532900.0,81850.94,81850.94,81850.89,81850.89,0.82276
1778532960.0,81850.9,81850.9,81848.29,81848.29,0.85499
1778533020.0,81848.29,81848.29,81824.0,81824.02,4.4558
1778533080.0,81824.03,81824.03,81807.58,81807.58,2.06947
1778533140.0,81807.58,81821.03,81807.58,81821.02,2.0455
1778533200.0,81821.03,81836.0,81821.02,81835.99,2.19897
1778533260.0,81836.0,81838.0,81835.99,81838.0,0.52284
1778533320.0,81838.0,81850.94,81837.99,81846.16,10.11929
1778533380.0,81846.16,81846.17,81846.16,81846.16,0.92205
1778533440.0,81846.17,81880.0,81846.16,81846.36,4.90811
1778533500.0,81846.18,81846.18,81834.0,81834.0,1.80115
1778533560.0,81834.0,81834.01,81800.0,81800.01,3.82838
1778533620.0,81800.01,81800.01,81800.0,81800.01,0.5439
1778533680.0,81800.0,81800.0,81750.82,81761.6,5.33886
1778533740.0,81761.61,81783.99,81736.0,81736.01,6.00445
1778533800.0,81736.01,81741.9,81722.14,81722.14,7.23908
1778533860.0,81722.14,81741.9,81692.12,81741.9,12.38264
1778533920.0,81741.9,81741.9,81731.67,81731.68,2.46797
1778533980.0,81731.67,81731.67,81683.13,81719.99,12.26181
1778534040.0,81719.99,81731.14,81719.99,81731.13,1.009
1778534100.0,81731.14,81740.0,81720.34,81740.0,2.55308
1778534160.0,81740.0,81755.36,81739.99,81755.36,1.91833
1778534220.0,81755.37,81758.45,81741.84,81741.84,1.3411
1778534280.0,81741.85,81741.85,81702.16,81702.17,2.18834
1778534340.0,81702.17,81702.17,81680.0,81699.01,2.81378
1778534400.0,81699.0,81703.95,81699.0,81703.95,0.49413
1778534460.0,81703.94,81730.0,81703.94,81730.0,4.80711
1778534520.0,81730.0,81732.0,81706.39,81706.39,2.63579
1778534580.0,81706.39,81706.39,81676.8,81676.8,4.47293
1778534640.0,81676.81,81676.81,81655.15,81676.8,3.57902
1778534700.0,81676.8,81694.08,81676.8,81694.08,0.90097
1778534760.0,81694.08,81694.09,81679.59,81679.59,3.44745
1778534820.0,81679.59,81679.6,81638.27,81638.28,9.86131
1778534880.0,81638.27,81644.16,81638.27,81644.15,5.41958
1778534940.0,81644.16,81644.16,81639.25,81639.26,4.74044
1778535000.0,81639.25,81639.25,81623.74,81625.71,6.95628
1778535060.0,81625.71,81625.71,81614.47,81624.7,4.66811
1778535120.0,81624.7,81624.7,81624.69,81624.69,0.20668
1778535180.0,81624.7,81624.7,81600.0,81600.01,5.16945
1778535240.0,81600.0,81604.04,81600.0,81604.04,3.75882
1778535300.0,81604.04,81700.0,81604.03,81695.54,5.97137
1778535360.0,81695.54,81695.54,81684.67,81684.68,2.69311
1778535420.0,81684.68,81720.0,81684.67,81716.42,6.18209
1778535480.0,81716.41,81716.41,81679.51,81691.83,3.17026
1778535540.0,81691.83,81720.0,81688.12,81720.0,3.94629
1778535600.0,81719.99,81720.0,81711.6,81720.0,2.51638
1778535660.0,81720.0,81756.32,81719.99,81749.99,6.90418
1778535720.0,81750.0,81767.06,81750.0,81755.78,6.50306
1778535780.0,81755.77,81770.0,81740.56,81756.0,6.39879
1778535840.0,81755.46,81755.47,81720.15,81740.12,6.48318
1778535900.0,81740.13,81740.13,81721.12,81721.12,2.43709
1778535960.0,81721.12,81721.12,81698.85,81698.85,2.55854
1778536020.0,81698.85,81698.86,81666.35,81673.64,3.43585
1778536080.0,81673.63,81728.18,81673.63,81698.85,4.46498
1778536140.0,81698.86,81752.96,81698.85,81739.67,5.92224
1778536200.0,81739.67,81770.0,81739.66,81770.0,3.17781
1778536260.0,81769.99,81824.92,81769.99,81777.3,17.16854
1778536320.0,81777.29,81802.99,81777.29,81780.75,6.68818
1778536380.0,81780.75,81804.07,81780.75,81804.06,2.64316
1778536440.0,81804.07,81841.22,81804.06,81841.22,1.55817
1778536500.0,81841.22,81876.6,81841.22,81876.6,4.73441
1778536560.0,81876.6,81906.35,81845.69,81845.69,10.45763
1778536620.0,81845.69,81845.7,81841.07,81841.07,1.8406
1778536680.0,81841.07,81855.96,81825.85,81825.86,5.22495
1778536740.0,81825.86,81825.86,81805.91,81821.18,2.26759
1778536800.0,81821.18,81855.96,81805.01,81822.08,4.78607
1778536860.0,81822.07,81916.05,81822.07,81916.05,12.59068
1778536920.0,81916.04,81919.68,81908.02,81908.9,16.69687
1778536980.0,81908.89,81968.67,81905.41,81968.67,32.93988
1778537040.0,81968.66,81969.99,81917.04,81946.58,9.18605
1778537100.0,81946.59,81947.79,81924.95,81924.95,3.10968
1778537160.0,81924.95,81947.79,81924.95,81931.48,1.93337
1778537220.0,81931.47,81936.45,81918.5,81918.5,5.82233
1778537280.0,81918.51,81918.51,81893.41,81893.41,4.2593
1778537340.0,81893.4,81893.41,81856.11,81858.99,4.2929
1778537400.0,81858.99,81870.12,81819.18,81819.19,4.60628
1778537460.0,81819.19,81833.64,81819.18,81830.31,2.48396
1778537520.0,81830.31,81832.5,81819.18,81819.18,9.79958
1778537580.0,81819.18,81829.43,81808.34,81829.43,2.1151
1778537640.0,81829.43,81847.36,81829.42,81847.36,1.79587
1778537700.0,81847.36,81861.94,81836.19,81861.92,3.29749
1778537760.0,81861.92,81861.93,81823.97,81842.07,4.98691
1778537820.0,81842.07,81857.19,81830.09,81857.18,3.29127
1778537880.0,81857.18,81883.31,81855.85,81883.31,5.08884
1778537940.0,81883.3,81898.16,81883.3,81898.16,0.97925
1778538000.0,81898.16,81927.3,81898.16,81923.62,3.16944
1778538060.0,81923.63,81923.63,81880.12,81880.13,5.17208
1778538120.0,81880.12,81880.13,81846.72,81847.47,3.7634
1778538180.0,81847.47,81847.48,81811.66,81822.42,2.58616
1778538240.0,81822.42,81861.68,81822.41,81861.67,2.11718
1778538300.0,81861.68,81861.68,81830.91,81841.28,1.77367
1778538360.0,81841.28,81841.29,81750.92,81750.92,5.91344
1778538420.0,81750.93,81766.84,81750.92,81766.57,2.2704
1778538480.0,81766.58,81773.64,81736.97,81736.98,27.03476
1778538540.0,81736.98,81748.18,81729.99,81730.0,7.79901
1778538600.0,81729.99,81768.3,81729.99,81760.13,19.64474
1778538660.0,81760.13,81764.08,81749.9,81764.08,23.58438
1778538720.0,81764.08,81784.25,81764.07,81771.32,3.17443
1778538780.0,81771.33,81771.33,81750.0,81750.0,4.08397
1778538840.0,81750.01,81755.58,81742.77,81744.85,3.6864
1778538900.0,81744.85,81754.97,81743.8,81751.79,1.24138
1778538960.0,81751.8,81767.94,81751.79,81767.93,1.22881
1778539020.0,81767.93,81800.0,81767.93,81780.0,3.9324
1778539080.0,81780.01,81785.17,81770.87,81785.17,21.04732
1778539140.0,81785.17,81785.17,81781.86,81781.86,3.38865
1778539200.0,81781.87,81782.22,81770.87,81770.88,0.76014
1778539260.0,81770.88,81805.0,81770.88,81789.69,7.16504
1778539320.0,81789.7,81789.7,81777.0,81777.01,4.54348
1778539380.0,81777.01,81777.01,81763.53,81770.54,19.34681
1778539440.0,81770.54,81788.22,81770.53,81788.21,2.19079
1778539500.0,81788.22,81792.58,81781.37,81781.37,2.01849
1778539560.0,81781.14,81809.8,81755.66,81809.79,8.97434
1778539620.0,81809.8,81833.0,81809.79,81832.99,1.07109
1778539680.0,81833.0,81870.0,81833.0,81847.34,7.78902
1778539740.0,81847.34,81847.34,81833.05,81835.32,1.29332
1778539800.0,81835.33,81854.08,81835.32,81854.07,1.61068
1778539860.0,81854.08,81871.9,81851.65,81871.89,2.69326
1778539920.0,81871.9,81924.63,81863.65,81924.63,8.56005
1778539980.0,81924.62,81924.63,81880.38,81880.38,3.16917
1778540040.0,81880.38,81880.39,81856.06,81856.06,4.10973
1778540100.0,81856.07,81856.07,81838.34,81838.34,0.60139
1778540160.0,81838.35,81854.37,81838.35,81842.66,2.15672
1778540220.0,81842.67,81854.99,81842.66,81854.99,1.85075
1778540280.0,81855.0,81869.01,81836.77,81837.42,5.12213
1778540340.0,81837.41,81850.0,81833.91,81833.92,0.73351
1778540400.0,81833.92,81833.92,81822.0,81822.01,28.55629
1778540460.0,81822.01,81822.01,81777.42,81777.42,10.35116
1778540520.0,81777.42,81777.43,81750.0,81752.95,3.98336
1778540580.0,81752.96,81757.17,81730.76,81757.16,6.22951
1778540640.0,81757.16,81774.59,81754.38,81774.58,1.60879
1778540700.0,81774.59,81787.56,81774.58,81774.58,3.46181
1778540760.0,81774.58,81774.59,81733.25,81733.25,1.30844
1778540820.0,81733.26,81744.38,81728.46,81744.37,21.26625
1778540880.0,81744.37,81753.09,81733.25,81733.25,1.52856
1778540940.0,81733.25,81733.26,81708.72,81708.72,2.25096
1778541000.0,81708.73,81715.26,81702.32,81715.26,2.77631
1778541060.0,81715.26,81715.26,81695.47,81695.48,2.11112
1778541120.0,81695.48,81695.48,81687.95,81687.96,0.492
1778541180.0,81687.96,81719.52,81687.96,81719.51,18.48107
1778541240.0,81719.52,81728.31,81719.51,81728.31,0.70803
1778541300.0,81728.3,81734.38,81720.16,81720.16,1.43971
1778541360.0,81720.17,81720.17,81720.14,81720.15,0.5219
1778541420.0,81720.14,81720.15,81691.38,81691.39,1.66108
1778541480.0,81691.39,81691.39,81691.38,81691.39,0.54685
1778541540.0,81691.38,81691.38,81666.17,81666.17,2.41008
1778541600.0,81666.18,81666.18,81666.17,81666.18,0.49264
1778541660.0,81666.18,81680.35,81666.17,81680.35,1.61144
1778541720.0,81680.35,81691.39,81646.09,81646.1,6.10813
1778541780.0,81646.09,81652.45,81646.09,81652.45,2.89749
1778541840.0,81652.44,81676.32,81652.44,81676.32,4.83525
1778541900.0,81676.31,81676.31,81644.93,81649.0,5.09606
1778541960.0,81649.01,81657.92,81649.0,81657.91,1.74997
1778542020.0,81657.91,81657.92,81650.91,81650.91,2.84066
1778542080.0,81650.91,81650.91,81644.93,81644.94,3.3919
1778542140.0,81644.93,81647.51,81596.31,81625.16,51.60409
1778542200.0,81625.16,81670.1,81615.69,81670.1,4.91191
1778542260.0,81670.1,81696.4,81670.1,81696.4,1.27872
1778542320.0,81696.41,81715.77,81693.31,81715.77,2.01802
1778542380.0,81715.77,81715.77,81712.85,81715.76,2.22776
1778542440.0,81715.76,81724.69,81715.75,81724.69,1.29217
1778542500.0,81725.0,81756.8,81725.0,81747.44,3.99529
1778542560.0,81747.44,81756.63,81747.44,81748.86,2.23276
1778542620.0,81748.86,81748.86,81723.53,81729.02,2.0896
1778542680.0,81729.03,81732.97,81729.02,81732.96,2.05814
1778542740.0,81732.96,81761.97,81732.96,81752.88,2.9687
1778542800.0,81752.89,81752.89,81748.0,81748.0,1.54612
1778542860.0,81748.01,81822.17,81748.0,81822.17,12.67453
1778542920.0,81822.17,81822.17,81803.77,81803.77,3.19333
1778542980.0,81803.77,81803.78,81799.12,81799.13,1.80049
1778543040.0,81799.13,81799.13,81785.03,81785.04,1.61658
1778543100.0,81785.03,81788.01,81785.03,81788.0,1.78013
1778543160.0,81788.0,81788.0,81764.45,81764.45,2.60123
1778543220.0,81764.46,81764.46,81742.08,81742.08,3.39952
1778543280.0,81742.09,81760.72,81742.08,81760.71,1.32134
1778543340.0,81760.71,81765.56,81760.71,81760.72,6.72058
1778543400.0,81760.72,81760.72,81745.03,81745.04,4.53313
1778543460.0,81745.03,81745.04,81745.03,81745.04,0.40487
1778543520.0,81745.04,81765.56,81745.03,81765.55,1.16242
1778543580.0,81765.56,81773.73,81745.03,81745.03,4.2639
1778543640.0,81745.04,81757.98,81745.03,81757.98,2.25094
1778543700.0,81757.97,81757.98,81757.97,81757.98,0.42754
1778543760.0,81757.97,81762.0,81757.97,81762.0,2.09313
1778543820.0,81761.99,81762.0,81745.65,81745.65,7.91176
1778543880.0,81745.66,81745.66,81745.65,81745.65,0.48877
1778543940.0,81745.65,81745.66,81745.65,81745.65,0.46507
1778544000.0,81745.66,81745.66,81676.3,81676.3,30.54743
1778544060.0,81676.3,81712.63,81646.97,81712.63,8.39574
1778544120.0,81712.64,81766.97,81712.63,81758.79,3.82392
1778544180.0,81758.78,81788.0,81758.78,81760.74,3.5921
1778544240.0,81760.74,81760.75,81737.85,81737.86,1.89133
1778544300.0,81737.86,81737.86,81715.05,81715.06,1.04036
1778544360.0,81715.05,81715.06,81685.77,81685.77,4.34412
1778544420.0,81685.77,81685.78,81654.69,81664.01,4.52791
1778544480.0,81664.01,81697.0,81664.01,81697.0,2.69785
1778544540.0,81697.0,81697.0,81684.55,81689.52,2.34745
1778544600.0,81689.52,81689.52,81664.57,81668.06,1.13986
1778544660.0,81668.07,81684.63,81666.8,81681.65,4.55533
1778544720.0,81681.65,81681.66,81617.03,81621.93,6.46933
1778544780.0,81621.93,81642.67,81621.92,81642.66,4.54127
1778544840.0,81642.67,81642.67,81618.0,81618.0,5.86884
1778544900.0,81617.84,81635.3,81606.27,81633.25,9.84151
1778544960.0,81633.25,81633.26,81631.23,81631.23,4.4795
1778545020.0,81631.24,81676.66,81631.23,81669.74,2.56959
1778545080.0,81669.74,81669.75,81648.29,81648.29,3.15387
1778545140.0,81648.29,81648.29,81596.31,81607.27,5.70374
1778545200.0,81607.27,81640.0,81607.27,81617.09,2.7189
1778545260.0,81617.09,81617.1,81581.23,81581.24,4.39636
1778545320.0,81581.23,81581.24,81565.47,81565.47,2.59176
1778545380.0,81565.46,81569.1,81530.69,81550.17,5.37827
1778545440.0,81550.16,81551.54,81498.59,81529.14,83.29027
1778545500.0,81529.14,81539.17,81514.49,81539.17,3.80355
1778545560.0,81539.16,81547.32,81539.16,81547.31,1.0475
1778545620.0,81547.32,81557.18,81544.0,81544.01,3.51052
1778545680.0,81544.0,81569.88,81530.23,81545.47,17.06982
1778545740.0,81545.48,81566.12,81545.47,81566.11,2.51582
1778545800.0,81566.11,81619.11,81562.11,81595.17,13.78572
1778545860.0,81595.16,81611.83,81582.7,81609.71,2.5892
1778545920.0,81609.71,81655.9,81609.7,81643.78,5.40577
1778545980.0,81643.78,81643.78,81587.5,81587.51,2.79257
1778546040.0,81587.5,81602.7,81587.5,81587.52,3.691
1778546100.0,81587.52,81587.52,81547.22,81547.22,6.92538
1778546160.0,81547.22,81548.68,81537.95,81537.95,2.85488
1778546220.0,81537.95,81537.97,81537.95,81537.97,1.55933
1778546280.0,81537.97,81576.75,81537.96,81576.75,6.83848
1778546340.0,81576.74,81576.75,81564.57,81564.58,2.06644
1778546400.0,81564.58,81564.58,81564.57,81564.57,2.73245
1778546460.0,81564.58,81564.58,81538.59,81538.59,2.94186
1778546520.0,81538.38,81540.49,81530.9,81540.49,15.99534
1778546580.0,81540.5,81540.5,81520.0,81520.0,15.43474
1778546640.0,81520.01,81520.01,81478.75,81494.33,18.10442
1778546700.0,81494.33,81566.0,81494.32,81565.99,4.75723
1778546760.0,81565.99,81566.0,81545.76,81545.77,4.44412
1778546820.0,81545.76,81553.89,81532.93,81553.89,1.95593
1778546880.0,81553.89,81559.47,81553.89,81559.47,1.37036
1778546940.0,81559.47,81564.93,81559.46,81564.93,1.64149
1778547000.0,81564.93,81585.0,81564.92,81585.0,1.97594
1778547060.0,81585.0,81585.0,81576.68,81576.68,23.08222
1778547120.0,81576.69,81585.0,81559.46,81559.46,3.47363
1778547180.0,81559.46,81577.12,81559.46,81577.11,1.20938
1778547240.0,81577.12,81579.91,81554.99,81555.0,13.23769
1778547300.0,81555.0,81579.91,81554.99,81579.91,15.17098
1778547360.0,81579.91,81579.91,81560.03,81568.77,1.73851
1778547420.0,81568.76,81568.77,81559.77,81559.77,1.48243
1778547480.0,81559.77,81559.78,81550.05,81550.05,0.83486
1778547540.0,81550.06,81550.06,81544.0,81545.2,1.71942
1778547600.0,81545.2,81585.0,81543.12,81585.0,5.05084
1778547660.0,81585.0,81615.67,81585.0,81615.67,3.69829
1778547720.0,81615.66,81615.67,81600.05,81615.2,2.58881
1778547780.0,81615.2,81615.21,81584.0,81584.01,1.95703
1778547840.0,81584.01,81592.17,81445.63,81474.36,9.6627
1778547900.0,81474.37,81526.72,81471.59,81516.53,7.28496
1778547960.0,81516.53,81516.53,81448.56,81469.57,4.73085
1778548020.0,81469.57,81469.57,81434.21,81435.36,3.64372
1778548080.0,81435.36,81435.37,81405.61,81405.61,5.51587
1778548140.0,81405.62,81434.0,81403.13,81433.99,5.41778
1778548200.0,81434.0,81441.85,81415.39,81415.4,2.14611
1778548260.0,81415.4,81431.49,81403.13,81414.34,5.7484
1778548320.0,81414.33,81425.83,81405.82,81407.51,2.99616
1778548380.0,81407.5,81413.07,81388.0,81404.0,6.81013
1778548440.0,81404.01,81413.07,81397.07,81397.07,3.68714
1778548500.0,81397.08,81397.08,81380.94,81394.37,4.73013
1778548560.0,81394.37,81394.37,81272.0,81343.29,38.36691
1778548620.0,81343.28,81385.6,81335.02,81385.59,7.11381
1778548680.0,81385.59,81385.59,81367.62,81367.62,3.16202
1778548740.0,81367.62,81385.58,81358.0,81385.58,4.03778
1778548800.0,81385.58,81385.58,81360.9,81360.9,2.46751
1778548860.0,81360.9,81360.9,81288.68,81299.11,3.68194
1778548920.0,81299.12,81307.1,81258.82,81291.47,7.00057
1778548980.0,81291.47,81318.0,81272.99,81318.0,4.67356
1778549040.0,81318.0,81409.78,81300.96,81409.77,12.35365
1778549100.0,81409.78,81471.6,81409.77,81434.02,5.58332
1778549160.0,81434.02,81434.02,81380.0,81380.01,2.98686
1778549220.0,81380.0,81408.0,81362.14,81362.14,2.77818
1778549280.0,81362.15,81369.97,81346.01,81348.25,3.06578
1778549340.0,81348.25,81385.62,81348.25,81372.3,3.07797
1778549400.0,81372.3,81372.3,81320.1,81326.3,6.73954
1778549460.0,81326.3,81341.72,81326.0,81337.54,10.76964
1778549520.0,81337.53,81337.53,81316.03,81316.03,2.62906
1778549580.0,81316.03,81316.03,81262.66,81266.94,4.29021
1778549640.0,81266.94,81266.94,81120.01,81154.53,50.01709
1778549700.0,81154.54,81180.83,81033.78,81044.57,55.8875
1778549760.0,81044.57,81050.01,80900.0,80991.91,158.26907
1778549820.0,80991.9,80993.64,80918.81,80956.54,37.14418
1778549880.0,80956.54,80956.54,80869.52,80869.52,24.07719
1778549940.0,80869.53,80893.8,80822.87,80865.07,37.36454
1778550000.0,80865.06,80865.07,80810.01,80820.24,19.6471
1778550060.0,80820.24,80820.24,80714.28,80775.98,45.78903
1778550120.0,80775.98,80912.07,80757.62,80904.29,29.16397
1778550180.0,80904.29,80960.0,80850.19,80960.0,15.88715
1778550240.0,80960.0,81072.72,80949.47,81068.31,20.97479
1778550300.0,81068.31,81072.72,81016.94,81072.72,30.77504
1778550360.0,81072.72,81075.82,81028.91,81071.64,10.73418
1778550420.0,81071.64,81122.0,81071.64,81121.99,8.39962
1778550480.0,81122.0,81144.76,81108.63,81144.75,14.43552
1778550540.0,81144.76,81160.0,81133.05,81155.54,11.47551
1778550600.0,81155.55,81233.72,81155.54,81191.89,30.81971
1778550660.0,81191.88,81316.32,81191.88,81292.01,20.82647
1778550720.0,81292.01,81303.58,81257.87,81257.87,3.65503
1778550780.0,81257.87,81257.88,81218.11,81220.0,5.85638
1778550840.0,81220.0,81245.5,81198.64,81198.65,5.49758
1778550900.0,81198.64,81200.42,81186.14,81190.53,5.90909
1778550960.0,81190.53,81229.47,81190.52,81229.46,8.72155
1778551020.0,81229.46,81239.64,81186.14,81186.15,6.12999
1778551080.0,81186.15,81208.47,81186.14,81194.1,4.31789
1778551140.0,81194.1,81200.0,81174.5,81199.18,3.78307
1778551200.0,81199.18,81240.0,81159.4,81240.0,10.30558
1778551260.0,81239.99,81252.7,81230.01,81237.9,3.43353
1778551320.0,81237.9,81275.43,81237.89,81275.43,3.68741
1778551380.0,81275.43,81275.69,81238.49,81238.5,3.96125
1778551440.0,81238.5,81283.48,81238.49,81283.48,3.54444
1778551500.0,81283.48,81313.31,81283.47,81289.89,5.81479
1778551560.0,81289.89,81294.26,81263.63,81288.0,2.43905
1778551620.0,81288.0,81310.21,81283.92,81308.93,5.72428
1778551680.0,81308.94,81314.23,81302.53,81314.22,2.69454
1778551740.0,81314.22,81314.23,81252.76,81275.39,7.95536
1778551800.0,81275.4,81318.0,81275.4,81318.0,2.85365
1778551860.0,81318.0,81318.0,81306.64,81306.64,1.89507
1778551920.0,81306.65,81329.16,81303.27,81329.16,3.72258
1778551980.0,81329.16,81332.29,81323.29,81323.29,3.78226
1778552040.0,81323.3,81330.03,81316.02,81316.02,2.40741
1778552100.0,81316.03,81316.03,81263.63,81263.63,4.16409
1778552160.0,81263.64,81263.64,81231.49,81231.49,1.51097
1778552220.0,81231.49,81243.49,81214.88,81243.47,3.14891
1778552280.0,81243.48,81243.48,81211.36,81211.36,1.77206
1778552340.0,81211.36,81211.37,81118.16,81123.15,10.81473
1778552400.0,81123.15,81130.76,81087.63,81125.63,11.7389
1778552460.0,81125.62,81194.81,81125.62,81194.8,2.06865
1778552520.0,81194.8,81213.09,81194.8,81194.81,1.92369
1778552580.0,81194.81,81220.0,81194.8,81220.0,1.22438
1778552640.0,81220.0,81228.89,81215.17,81215.17,2.1201
1778552700.0,81215.18,81258.2,81208.53,81240.89,3.81771
1778552760.0,81240.89,81240.89,81224.0,81234.13,2.75921
1778552820.0,81234.13,81243.19,81227.79,81233.44,2.57138
1778552880.0,81233.44,81271.19,81233.43,81271.19,5.95943
1778552940.0,81271.19,81271.19,81267.13,81267.13,0.49545
1778553000.0,81267.14,81270.76,81224.0,81224.08,3.51666
1778553060.0,81224.08,81224.09,81204.5,81204.51,2.08903
1778553120.0,81204.51,81252.86,81204.51,81252.86,4.25934
1778553180.0,81252.86,81252.86,81219.33,81219.34,1.13508
1778553240.0,81219.34,81219.34,81194.8,81194.8,1.05101
1778553300.0,81194.8,81194.8,81103.23,81158.0,15.04566
1778553360.0,81158.0,81187.69,81157.99,81187.69,5.76291
1778553420.0,81187.68,81196.85,81178.0,81178.0,11.92466
1778553480.0,81178.0,81178.0,81124.01,81131.03,1.94536
1778553540.0,81131.03,81145.77,81131.03,81137.75,2.14131
1778553600.0,81137.76,81137.77,81137.75,81137.77,2.67231
1778553660.0,81137.76,81151.65,81137.76,81143.9,2.49888
1778553720.0,81143.91,81156.0,81143.91,81156.0,0.60082
1778553780.0,81155.99,81162.41,81150.0,81162.4,1.40949
1778553840.0,81162.4,81174.31,81129.65,81129.66,63.37597
1778553900.0,81129.65,81211.96,81129.65,81196.93,75.18542
1778553960.0,81196.94,81196.94,81186.14,81186.14,1.98195
1778554020.0,81186.14,81186.15,81162.32,81162.33,1.33847
1778554080.0,81162.33,81177.87,81144.0,81177.86,7.27457
1778554140.0,81177.87,81186.5,81177.86,81186.49,2.76353
1778554200.0,81186.5,81240.07,81183.67,81238.68,9.52388
1778554260.0,81238.69,81238.69,81227.78,81237.06,6.40565
1778554320.0,81237.06,81266.7,81237.05,81266.7,20.17982
1778554380.0,81266.7,81280.0,81246.0,81246.01,2.15756
1778554440.0,81246.01,81263.18,81246.01,81263.18,1.19013
1778554500.0,81263.17,81263.18,81225.61,81225.61,1.09562
1778554560.0,81225.61,81247.79,81225.58,81225.59,3.6864
1778554620.0,81225.59,81249.93,81225.58,81249.92,5.86021
1778554680.0,81249.92,81249.93,81242.31,81242.33,6.92959
1778554740.0,81242.33,81249.93,81242.32,81249.93,1.46476
1778554800.0,81249.93,81279.76,81249.93,81279.75,2.17355
1778554860.0,81279.76,81294.42,81279.75,81290.47,3.07562
1778554920.0,81290.47,81290.48,81254.16,81260.01,3.68101
1778554980.0,81260.02,81262.95,81260.01,81260.01,3.48934
1778555040.0,81260.02,81260.02,81238.13,81238.13,2.41006
1778555100.0,81238.13,81238.14,81204.24,81235.59,1.7246
1778555160.0,81235.59,81248.0,81233.64,81248.0,1.20017
1778555220.0,81248.0,81276.82,81248.0,81276.81,2.12665
1778555280.0,81276.82,81276.82,81255.74,81255.74,2.13218
1778555340.0,81255.75,81255.75,81254.35,81254.36,0.10151
1778555400.0,81254.35,81254.36,81243.92,81243.92,2.22722
1778555460.0,81243.93,81243.93,81230.79,81230.8,1.0671
1778555520.0,81230.79,81230.79,81186.14,81205.87,4.76821
1778555580.0,81205.87,81205.87,81197.26,81197.27,1.94094
1778555640.0,81197.26,81217.48,81197.26,81217.48,3.49728
1778555700.0,81217.48,81217.48,81209.46,81209.47,2.87596
1778555760.0,81209.47,81234.49,81209.46,81229.43,1.48811
1778555820.0,81229.43,81234.49,81229.42,81234.48,0.73111
1778555880.0,81234.48,81234.48,81214.81,81214.82,2.17546
1778555940.0,81214.82,81221.78,81214.81,81219.53,1.2745
1778556000.0,81219.53,81219.53,81207.97,81207.98,0.93065
1778556060.0,81207.98,81217.26,81207.97,81211.18,2.36585
1778556120.0,81211.18,81211.19,81195.12,81195.13,1.84488
1778556180.0,81195.12,81195.59,81169.32,81169.33,7.12066
1778556240.0,81169.32,81197.09,81169.32,81197.08,2.77526
1778556300.0,81197.08,81197.09,81196.27,81196.28,3.09372
1778556360.0,81196.27,81196.28,81193.54,81193.55,0.72628
1778556420.0,81193.54,81193.55,81148.54,81158.13,3.96316
1778556480.0,81158.14,81190.49,81158.14,81190.47,4.47813
1778556540.0,81190.48,81190.48,81167.38,81171.31,11.14875
1778556600.0,81171.32,81190.0,81171.32,81178.61,4.07063
1778556660.0,81178.61,81178.61,81165.13,81170.84,2.8812
1778556720.0,81170.85,81189.08,81164.84,81189.08,2.37363
1778556780.0,81189.08,81189.08,81179.26,81179.27,2.60547
1778556840.0,81179.26,81194.26,81179.26,81190.36,5.32564
1778556900.0,81190.36,81190.36,81161.97,81161.98,1.60353
1778556960.0,81161.98,81200.0,81161.97,81200.0,3.4376
1778557020.0,81200.0,81225.92,81200.0,81216.58,2.224
1778557080.0,81216.57,81216.58,81190.31,81190.33,2.69046
1778557140.0,81190.33,81194.53,81190.33,81191.61,1.00596
1778557200.0,81191.61,81191.61,81191.6,81191.61,1.21534
1778557260.0,81191.61,81191.61,81177.28,81191.61,2.86836
1778557320.0,81191.6,81201.62,81191.6,81201.61,2.59179
1778557380.0,81201.62,81201.62,81199.99,81199.99,0.6763
1778557440.0,81200.0,81204.5,81186.14,81201.36,6.32895
1778557500.0,81201.36,81201.36,81160.0,81160.01,2.54649
1778557560.0,81160.01,81160.01,81110.71,81110.71,4.23771
1778557620.0,81110.72,81110.72,81057.46,81103.79,13.50047
1778557680.0,81103.8,81140.0,81097.25,81097.25,3.85722
1778557740.0,81097.24,81110.58,81097.24,81110.58,3.40962
1778557800.0,81110.58,81110.58,81039.64,81056.43,4.15368
1778557860.0,81055.39,81076.29,81024.41,81076.29,5.26854
1778557920.0,81076.28,81076.29,81061.54,81073.36,3.66171
1778557980.0,81073.37,81093.12,81073.36,81093.11,1.80897
1778558040.0,81093.11,81093.12,81080.07,81080.07,2.36766
1778558100.0,81080.07,81080.08,81050.01,81052.92,4.21541
1778558160.0,81052.92,81052.93,81036.89,81043.46,3.22316
1778558220.0,81043.47,81043.47,81027.36,81027.36,1.62256
1778558280.0,81027.37,81051.1,81027.36,81044.93,7.11499
1778558340.0,81044.93,81058.8,81042.05,81058.8,2.37822
1778558400.0,81058.79,81058.8,81033.86,81042.47,5.04479
1778558460.0,81042.47,81077.08,81042.47,81048.98,3.66304
1778558520.0,81048.98,81062.26,81048.97,81059.42,2.25656
1778558580.0,81059.42,81059.43,81017.41,81017.42,1.45328
1778558640.0,81017.42,81033.97,81007.65,81033.97,6.88843
1778558700.0,81034.0,81051.05,81029.38,81036.64,2.7886
1778558760.0,81036.63,81046.13,81036.63,81046.13,0.73005
1778558820.0,81046.13,81072.99,81046.12,81060.89,2.05001
1778558880.0,81060.89,81060.89,81055.18,81055.19,2.43877
1778558940.0,81055.19,81057.68,81050.0,81050.0,1.37456
1778559000.0,81050.01,81050.01,81046.12,81046.12,0.79998
1778559060.0,81046.13,81046.13,81020.09,81020.1,2.9169
1778559120.0,81020.09,81036.27,81010.0,81024.04,10.42782
1778559180.0,81024.05,81024.05,81010.83,81010.84,3.51299
1778559240.0,81010.84,81029.89,81003.1,81003.11,25.21826
1778559300.0,81003.1,81097.51,81000.0,81097.5,6.31938
1778559360.0,81097.5,81147.35,81097.5,81131.08,7.88473
1778559420.0,81131.08,81160.0,81131.07,81160.0,3.15079
1778559480.0,81159.99,81160.0,81136.0,81137.81,1.85845
1778559540.0,81137.81,81162.88,81137.8,81162.87,2.12791
1778559600.0,81162.88,81162.88,81159.89,81159.9,0.71142
1778559660.0,81159.9,81168.27,81159.89,81168.26,1.81076
1778559720.0,81168.27,81186.15,81168.27,81186.15,17.78097
1778559780.0,81186.15,81195.1,81172.03,81172.03,19.1177
1778559840.0,81172.04,81185.44,81150.0,81150.0,66.74501
1778559900.0,81149.99,81195.1,81149.99,81195.09,5.38434
1778559960.0,81195.1,81214.87,81188.39,81214.87,8.39263
1778560020.0,81214.87,81227.01,81210.2,81214.67,3.51171
1778560080.0,81214.68,81227.01,81214.67,81227.01,1.1636
1778560140.0,81227.01,81227.01,81211.95,81211.96,1.21844
1778560200.0,81211.95,81220.68,81208.7,81220.68,1.12786
1778560260.0,81220.69,81227.01,81212.12,81212.13,0.6992
1778560320.0,81212.12,81226.08,81212.12,81215.71,8.35245
1778560380.0,81215.72,81215.72,81215.71,81215.71,2.01008
1778560440.0,81215.71,81220.01,81202.11,81220.01,36.12127
1778560500.0,81220.0,81226.07,81210.02,81226.06,8.09411
1778560560.0,81226.06,81254.33,81226.06,81251.51,12.84209
1778560620.0,81251.52,81263.62,81251.51,81259.59,5.77745
1778560680.0,81259.59,81262.07,81257.22,81258.31,0.78493
1778560740.0,81258.3,81285.87,81258.3,81285.87,3.49674
1778560800.0,81285.86,81285.87,81285.86,81285.86,1.21353
1778560860.0,81285.87,81285.87,81277.72,81277.72,4.25865
1778560920.0,81277.72,81277.73,81272.7,81272.71,2.37474
1778560980.0,81272.71,81272.71,81258.05,81258.05,3.9586
1778561040.0,81258.05,81258.05,81251.77,81251.78,0.56111
1778561100.0,81251.78,81283.25,81251.77,81283.25,3.05478
1778561160.0,81283.25,81288.69,81283.24,81288.69,1.08746
1778561220.0,81288.68,81288.69,81288.68,81288.68,0.55633
1778561280.0,81288.68,81299.68,81288.68,81299.67,4.58338
1778561340.0,81299.68,81301.69,81299.67,81301.68,4.60329
1778561400.0,81301.68,81303.99,81301.68,81303.98,3.19553
1778561460.0,81303.98,81303.98,81288.68,81288.68,3.29179
1778561520.0,81288.68,81288.69,81244.97,81244.98,2.91514
1778561580.0,81244.97,81244.98,81215.37,81223.37,5.22428
1778561640.0,81223.36,81235.97,81223.36,81229.25,1.24995
1778561700.0,81229.25,81243.39,81223.36,81243.39,7.63352
1778561760.0,81243.39,81243.39,81231.14,81231.14,2.42045
1778561820.0,81231.15,81247.68,81231.14,81234.64,1.59847
1778561880.0,81234.64,81234.65,81218.3,81227.08,2.06083
1778561940.0,81227.07,81240.14,81217.76,81240.01,44.39217
1778562000.0,81240.01,81240.01,81218.26,81230.38,40.30445
1778562060.0,81230.38,81254.04,81230.37,81254.03,2.57147
1778562120.0,81254.04,81254.04,81244.13,81244.13,3.11154
1778562180.0,81244.13,81244.14,81222.01,81234.48,4.02771
1778562240.0,81234.47,81259.48,81232.24,81259.47,8.17434
1778562300.0,81259.48,81283.8,81259.48,81283.79,9.88536
1778562360.0,81283.79,81283.8,81257.86,81267.45,2.36465
1778562420.0,81267.45,81267.46,81256.61,81256.61,1.60859
1778562480.0,81256.61,81256.61,81233.93,81233.93,2.87314
1778562540.0,81233.94,81236.99,81220.0,81220.0,2.56506
1778562600.0,81220.0,81220.01,81217.04,81217.04,0.43993
1778562660.0,81217.04,81217.05,81214.89,81214.89,0.42862
1778562720.0,81214.89,81214.9,81206.09,81206.09,2.01217
1778562780.0,81206.09,81216.6,81203.81,81216.59,2.38989
1778562840.0,81216.58,81233.51,81214.45,81233.51,2.06333
1778562900.0,81233.51,81247.78,81233.5,81247.77,4.55458
1778562960.0,81247.77,81247.78,81239.27,81239.27,1.66737
1778563020.0,81239.28,81239.28,81239.26,81239.26,2.02198
1778563080.0,81239.27,81260.0,81239.26,81259.99,5.78328
1778563140.0,81260.0,81271.55,81224.72,81228.72,17.08249
1778563200.0,81228.73,81264.03,81228.72,81248.67,22.93395
1778563260.0,81248.67,81250.61,81236.62,81250.61,15.11569
1778563320.0,81250.61,81254.94,81250.61,81254.94,0.85168
1778563380.0,81254.93,81261.2,81254.93,81261.18,1.26361
1778563440.0,81261.19,81261.19,81251.35,81251.35,1.63726
1778563500.0,81251.35,81251.36,81250.6,81250.61,1.98355
1778563560.0,81250.61,81292.23,81250.61,81289.75,6.43793
1778563620.0,81289.74,81289.75,81288.68,81288.68,0.96193
1778563680.0,81288.68,81293.86,81288.68,81292.61,6.49248
1778563740.0,81292.61,81292.62,81292.61,81292.62,0.8584
1778563800.0,81292.62,81305.24,81292.61,81302.1,3.9278
1778563860.0,81302.09,81302.1,81302.09,81302.09,1.26764
1778563920.0,81302.1,81302.1,81283.74,81283.74,8.2223
1778563980.0,81283.75,81283.75,81264.5,81272.36,1.60524
1778564040.0,81272.36,81272.36,81181.56,81192.4,15.8131
1778564100.0,81192.4,81228.98,81192.4,81228.98,2.41762
1778564160.0,81228.98,81236.74,81228.97,81235.26,1.40034
1778564220.0,81235.26,81245.06,81235.25,81236.56,1.93585
1778564280.0,81236.56,81238.0,81228.21,81238.0,3.14816
1778564340.0,81237.99,81282.67,81237.99,81277.5,5.65464
1778564400.0,81277.5,81277.5,81261.55,81261.55,4.37543
1778564460.0,81261.56,81265.01,81251.82,81259.94,14.84224
1778564520.0,81259.94,81265.94,81255.93,81265.93,5.19066
1778564580.0,81265.94,81278.0,81265.93,81278.0,0.77724
1778564640.0,81278.0,81278.0,81252.48,81252.49,5.48236
1778564700.0,81252.48,81277.91,81252.48,81277.75,30.0713
1778564760.0,81277.76,81277.76,81258.1,81258.1,4.48705
1778564820.0,81258.11,81258.11,81256.63,81256.63,4.47104
1778564880.0,81256.63,81266.33,81253.72,81266.33,4.44989
1778564940.0,81266.32,81266.33,81259.78,81259.79,2.51588
1778565000.0,81259.8,81259.8,81240.19,81240.2,1.60541
1778565060.0,81240.19,81240.2,81222.0,81231.44,1.96266
1778565120.0,81231.45,81238.59,81220.0,81220.0,1.03473
1778565180.0,81220.01,81238.0,81220.0,81237.99,1.5545
1778565240.0,81238.0,81238.0,81237.99,81237.99,1.12414
1778565300.0,81238.0,81268.76,81237.99,81268.76,2.74755
1778565360.0,81268.76,81279.4,81264.66,81264.67,9.62439
1778565420.0,81264.67,81264.67,81264.66,81264.67,0.74108
1778565480.0,81264.67,81270.49,81259.99,81259.99,7.5731
1778565540.0,81260.0,81260.0,81224.03,81224.03,5.4488
1778565600.0,81224.04,81224.04,81181.8,81207.83,6.82092
1778565660.0,81207.83,81259.47,81207.82,81259.47,7.70526
1778565720.0,81259.47,81263.62,81256.95,81256.95,5.30592
1778565780.0,81256.96,81257.98,81251.18,81251.19,3.28858
1778565840.0,81251.18,81251.19,81245.45,81245.46,3.7535
1778565900.0,81245.46,81245.46,81232.17,81232.18,1.78286
1778565960.0,81232.17,81262.5,81230.0,81262.49,3.39471
1778566020.0,81262.49,81262.82,81236.23,81262.81,2.22073
1778566080.0,81262.82,81262.82,81243.04,81243.05,3.35998
1778566140.0,81243.05,81255.34,81243.04,81255.34,8.54841
1778566200.0,81255.33,81261.55,81255.33,81261.54,4.54844
1778566260.0,81261.55,81261.55,81261.54,81261.54,2.02641
1778566320.0,81261.54,81261.55,81261.54,81261.55,1.45004
1778566380.0,81261.54,81261.55,81261.54,81261.55,1.37575
1778566440.0,81261.54,81267.4,81255.85,81255.85,22.55151
1778566500.0,81255.85,81270.32,81255.85,81270.31,5.70762
1778566560.0,81270.31,81276.61,81270.31,81276.61,5.56967
1778566620.0,81276.6,81300.0,81276.6,81299.99,4.5015
1778566680.0,81299.99,81300.0,81299.99,81300.0,4.99559
1778566740.0,81300.0,81300.0,81286.39,81286.39,3.32446
1778566800.0,81286.39,81286.4,81286.39,81286.39,2.99435
1778566860.0,81286.39,81286.4,81286.39,81286.4,1.15984
1778566920.0,81286.4,81286.4,81280.61,81280.62,2.33159
1778566980.0,81280.61,81280.62,81264.43,81264.43,3.72064
1778567040.0,81264.44,81281.76,81244.56,81281.76,44.28149
1778567100.0,81281.75,81290.83,81281.75,81290.83,3.26502
1778567160.0,81290.83,81291.39,81290.06,81290.07,3.25286
1778567220.0,81290.06,81290.07,81240.0,81240.0,3.79927
1778567280.0,81240.0,81240.01,81232.0,81232.0,5.3006
1778567340.0,81232.01,81232.01,81217.28,81217.29,16.35547
1778567400.0,81217.29,81221.55,81200.0,81200.01,4.799
1778567460.0,81200.0,81220.31,81174.0,81182.98,5.72501
1778567520.0,81182.97,81192.96,81170.91,81186.14,6.00122
1778567580.0,81186.15,81186.15,81132.15,81132.15,9.97561
1778567640.0,81132.15,81147.08,81130.69,81147.07,2.78084
1778567700.0,81147.07,81190.5,81147.07,81190.5,3.1124
1778567760.0,81190.5,81200.0,81186.14,81186.14,5.07067
1778567820.0,81186.15,81186.15,81174.02,81174.02,3.06069
1778567880.0,81174.02,81174.02,81159.41,81159.41,3.40343
1778567940.0,81159.4,81159.41,81120.0,81124.97,8.96949
1778568000.0,81124.96,81139.92,81124.96,81139.92,7.7665
1778568060.0,81139.91,81139.92,81114.13,81114.14,6.82229
1778568120.0,81114.13,81114.13,81094.85,81101.01,3.13355
1778568180.0,81101.01,81101.01,81078.12,81083.65,40.78092
1778568240.0,81083.66,81097.68,81066.87,81097.67,11.95923
1778568300.0,81097.68,81097.68,81097.67,81097.68,1.92204
1778568360.0,81097.67,81128.32,81097.67,81119.92,7.99311
1778568420.0,81119.92,81119.93,81118.28,81118.29,2.87848
1778568480.0,81118.29,81133.59,81118.28,81129.18,26.26048
1778568540.0,81129.18,81129.18,81108.27,81108.27,9.49118
1778568600.0,81108.27,81108.28,81083.59,81083.6,7.07493
1778568660.0,81083.59,81083.6,81035.61,81037.55,10.71972
1778568720.0,81037.55,81059.87,81037.54,81046.99,36.42987
1778568780.0,81046.99,81068.27,81046.98,81061.6,11.2442
1778568840.0,81061.61,81066.58,81043.77,81043.77,5.03253
1778568900.0,81043.77,81043.77,81034.18,81034.19,2.46547
1778568960.0,81034.19,81034.19,81019.26,81028.05,3.36592
1778569020.0,81028.05,81028.05,81010.01,81022.89,5.95178
1778569080.0,81022.9,81050.4,81022.89,81043.32,3.53185
1778569140.0,81043.32,81043.32,81020.97,81022.44,1.94754
1778569200.0,81022.44,81022.44,81010.0,81010.0,4.64755
1778569260.0,81010.01,81010.01,81010.0,81010.01,1.95337
1778569320.0,81010.01,81010.01,80923.0,80933.3,20.57541
1778569380.0,80933.3,80971.81,80927.76,80928.45,12.42798
1778569440.0,80928.45,80928.45,80911.64,80923.18,4.99412
1778569500.0,80923.19,80933.58,80923.17,80923.18,3.74898
1778569560.0,80923.18,80959.78,80880.0,80959.77,24.20808
1778569620.0,80959.78,80959.78,80923.09,80934.18,4.34227
1778569680.0,80934.18,80993.38,80934.18,80993.37,4.16441
1778569740.0,80993.38,80993.38,80965.36,80969.3,4.38767
1778569800.0,80969.29,80971.78,80969.29,80971.77,2.31075
1778569860.0,80971.78,81068.8,80971.78,81063.59,10.82545
1778569920.0,81063.59,81083.6,81063.58,81083.6,4.81143
1778569980.0,81083.6,81100.0,81076.28,81076.28,4.39513
1778570040.0,81076.29,81083.59,81076.28,81076.28,3.12827
1778570100.0,81076.29,81076.29,80900.0,80989.7,44.44129
1778570160.0,80989.94,81009.16,80989.94,81009.15,6.54563
1778570220.0,81009.14,81015.6,80997.48,80997.49,2.62836
1778570280.0,80997.48,81013.31,80996.96,80996.97,3.00571
1778570340.0,80996.96,81042.0,80996.96,81042.0,3.92717
1778570400.0,81042.0,81048.65,81041.99,81048.65,5.60053
1778570460.0,81048.65,81063.41,81048.64,81055.36,4.19575
1778570520.0,81055.36,81069.67,81055.35,81069.67,9.3063
1778570580.0,81069.66,81105.21,81068.78,81105.21,7.77524
1778570640.0,81105.21,81137.27,81105.2,81120.0,7.84961
1778570700.0,81120.0,81120.0,81093.9,81093.9,3.52995
1778570760.0,81093.9,81093.91,81083.59,81083.59,8.14629
1778570820.0,81083.6,81083.6,81069.0,81069.01,1.6766
1778570880.0,81069.01,81069.01,81054.37,81054.37,5.15537
1778570940.0,81054.37,81054.38,81019.81,81020.25,5.27405
1778571000.0,81020.25,81030.57,81003.43,81018.4,7.06538
1778571060.0,81018.39,81032.76,81018.39,81032.76,6.18436
1778571120.0,81032.75,81076.57,81032.75,81067.87,11.89883
1778571180.0,81067.86,81094.0,81057.7,81078.43,6.27313
1778571240.0,81078.42,81078.43,81053.21,81060.8,6.05943
1778571300.0,81060.79,81060.8,81040.01,81040.01,4.83526
1778571360.0,81040.0,81040.0,80996.85,80996.86,6.53225
1778571420.0,80996.85,81024.33,80996.85,81000.89,4.95336
1778571480.0,81000.89,81000.9,80981.05,80981.05,9.6578
1778571540.0,80981.05,80988.23,80975.0,80985.63,14.47272
1778571600.0,80985.63,80985.63,80966.84,80973.9,10.05275
1778571660.0,80973.9,80992.3,80973.9,80984.63,11.56836
1778571720.0,80984.63,80989.77,80984.63,80989.77,7.29854
1778571780.0,80989.76,80989.77,80954.0,80954.0,10.29755
1778571840.0,80954.01,80965.59,80948.34,80948.35,4.66071
1778571900.0,80948.34,80975.34,80924.8,80924.8,9.33167
1778571960.0,80924.8,80924.81,80862.14,80870.0,14.4101
1778572020.0,80869.99,80870.0,80851.1,80854.19,20.15082
1778572080.0,80854.19,80884.15,80800.77,80850.83,29.45534
1778572140.0,80850.83,80887.44,80828.64,80885.66,15.57931
1778572200.0,80885.66,80943.92,80885.66,80943.92,7.14536
1778572260.0,80943.92,80956.11,80936.01,80956.03,6.55984
1778572320.0,80956.03,80963.82,80939.77,80963.82,29.24455
1778572380.0,80963.82,80966.57,80932.89,80932.89,72.31964
1778572440.0,80932.89,80971.55,80930.0,80960.48,7.60459
1778572500.0,80960.48,80964.86,80954.01,80956.85,7.91212
1778572560.0,80956.86,80956.89,80956.84,80956.85,8.33964
1778572620.0,80956.85,80959.89,80941.88,80941.89,9.77419
1778572680.0,80941.89,80941.89,80878.51,80878.52,9.55257
1778572740.0,80878.52,80878.52,80862.49,80865.4,4.14993
1778572800.0,80865.4,80917.0,80812.35,80905.49,32.73281
1778572860.0,80905.49,80932.14,80874.44,80886.15,6.57668
1778572920.0,80886.15,80892.05,80878.51,80892.04,5.46246
1778572980.0,80892.04,80892.05,80860.75,80890.12,2.61659
1778573040.0,80890.11,80892.05,80860.76,80860.76,5.69448
1778573100.0,80860.75,80892.05,80828.0,80878.51,8.14443
1778573160.0,80878.51,80884.59,80850.18,80861.05,2.00819
1778573220.0,80861.04,80892.05,80861.04,80892.05,1.0174
1778573280.0,80892.04,80892.04,80888.31,80888.32,4.47748
1778573340.0,80888.31,80900.0,80888.31,80899.99,70.39158
1778573400.0,80899.99,80900.0,80870.0,80870.0,3.50501
1778573460.0,80870.0,80877.82,80857.05,80877.82,4.79101
1778573520.0,80877.82,80877.82,80817.48,80835.36,8.48364
1778573580.0,80835.36,80835.36,80809.02,80809.02,2.7028
1778573640.0,80809.02,80827.3,80798.03,80824.65,7.9285
1778573700.0,80824.65,80824.65,80760.53,80795.25,17.27428
1778573760.0,80795.25,80837.65,80785.25,80824.36,18.63666
1778573820.0,80824.37,80860.0,80824.37,80828.0,7.28259
1778573880.0,80827.86,80855.87,80820.01,80855.62,5.67202
1778573940.0,80855.62,80872.93,80855.62,80856.59,7.50351
1778574000.0,80856.58,80878.52,80848.96,80878.51,11.11733
1778574060.0,80878.51,80888.21,80869.3,80869.3,9.54816
1778574120.0,80869.3,80900.0,80869.3,80900.0,7.5172
1778574180.0,80899.99,80938.26,80899.99,80927.92,15.87422
1778574240.0,80927.93,80927.93,80878.51,80878.51,6.39261
1778574300.0,80878.51,80878.51,80842.76,80842.76,3.92117
1778574360.0,80842.76,80894.16,80842.76,80893.01,8.30967
1778574420.0,80893.0,80893.01,80883.95,80883.96,4.89493
1778574480.0,80883.97,80883.97,80846.05,80869.02,6.97162
1778574540.0,80869.03,80871.66,80869.02,80871.65,1.51632
1778574600.0,80871.66,80871.66,80845.75,80845.75,5.84491
1778574660.0,80845.76,80865.81,80845.75,80865.81,3.67032
1778574720.0,80865.81,80865.81,80865.8,80865.81,1.72743
1778574780.0,80865.8,80885.68,80865.8,80879.15,12.98266
1778574840.0,80879.15,80900.0,80871.11,80900.0,18.1257
1778574900.0,80900.0,80916.41,80899.99,80916.41,17.30998
1778574960.0,80916.41,80960.0,80916.41,80945.17,6.77975
1778575020.0,80945.18,80952.82,80939.57,80952.82,5.8975
1778575080.0,80952.81,80952.82,80952.81,80952.81,0.44681
1778575140.0,80952.81,80952.82,80943.47,80943.48,3.39867
1778575200.0,80943.48,80943.48,80925.17,80938.59,3.4771
1778575260.0,80938.58,80938.59,80916.4,80916.41,3.2217
1778575320.0,80916.41,80921.68,80911.99,80921.67,5.16675
1778575380.0,80921.67,80940.0,80921.67,80940.0,2.02869
1778575440.0,80940.0,80952.81,80940.0,80952.8,4.5957
1778575500.0,80952.81,80964.13,80938.6,80964.12,7.49651
1778575560.0,80964.13,80964.13,80940.0,80940.0,3.19991
1778575620.0,80940.01,80940.01,80926.82,80926.82,1.43973
1778575680.0,80926.82,80947.35,80926.82,80944.1,2.5053
1778575740.0,80944.1,80944.11,80925.45,80925.46,2.24027
1778575800.0,80925.45,80925.47,80925.45,80925.47,1.22192
1778575860.0,80925.47,80943.2,80925.46,80943.19,0.92312
1778575920.0,80943.2,80943.2,80925.53,80925.54,6.77168
1778575980.0,80925.53,80925.54,80850.39,80852.95,16.09189
1778576040.0,80852.94,80866.76,80850.47,80859.05,2.78531
1778576100.0,80859.06,80862.94,80850.47,80850.59,9.98149
1778576160.0,80850.59,80850.59,80839.87,80839.87,4.23282
1778576220.0,80839.88,80865.21,80839.87,80865.21,3.52499
1778576280.0,80865.2,80879.94,80865.2,80878.51,7.76553
1778576340.0,80878.52,80878.52,80843.31,80843.31,14.79423
1778576400.0,80843.3,80843.3,80810.0,80810.01,7.64212
1778576460.0,80810.01,80831.87,80810.0,80811.89,7.72448
1778576520.0,80811.89,80834.69,80811.88,80834.69,6.00608
1778576580.0,80834.69,80872.13,80834.68,80864.59,7.15787
1778576640.0,80864.6,80880.0,80851.87,80880.0,7.00005
1778576700.0,80880.0,80897.0,80828.4,80834.37,5.4127
1778576760.0,80834.37,80834.38,80824.31,80824.32,2.02513
1778576820.0,80824.32,80824.32,80765.0,80815.31,17.05756
1778576880.0,80815.3,80822.61,80800.72,80816.13,4.05581
1778576940.0,80816.12,80826.94,80793.12,80813.9,6.8712
1778577000.0,80813.91,80832.7,80813.9,80829.62,5.12664
1778577060.0,80829.62,80848.22,80820.6,80820.6,10.14143
1778577120.0,80820.59,80820.6,80793.11,80793.11,12.02493
1778577180.0,80793.11,80793.12,80758.95,80771.19,17.39551
1778577240.0,80771.19,80787.46,80758.87,80765.16,27.31132
1778577300.0,80765.16,80794.28,80765.15,80787.64,8.25208
1778577360.0,80787.63,80797.83,80764.0,80764.0,6.53775
1778577420.0,80764.01,80779.02,80754.07,80772.5,20.44648
1778577480.0,80772.5,80775.75,80772.5,80775.75,7.69096
1778577540.0,80775.75,80775.75,80754.07,80760.24,5.0698
1778577600.0,80760.25,80779.87,80760.24,80763.49,5.42429
1778577660.0,80763.49,80781.29,80763.47,80772.35,3.55341
1778577720.0,80772.35,80772.35,80739.0,80742.41,7.98271
1778577780.0,80742.42,80742.42,80726.67,80726.68,6.44669
1778577840.0,80726.68,80748.87,80720.0,80748.87,6.0307
1778577900.0,80748.86,80748.86,80729.44,80729.44,2.32366
1778577960.0,80729.44,80729.44,80720.0,80720.01,4.88619
1778578020.0,80720.01,80735.59,80720.0,80724.96,5.69697
1778578080.0,80724.95,80724.96,80724.95,80724.95,1.50781
1778578140.0,80724.95,80737.81,80724.94,80737.81,5.16321
1778578200.0,80737.81,80888.6,80737.8,80888.6,33.48169
1778578260.0,80887.78,80900.0,80850.0,80854.07,9.41815
1778578320.0,80854.08,80895.76,80854.07,80883.33,5.80462
1778578380.0,80883.32,80943.09,80868.61,80940.68,16.94765
1778578440.0,80940.68,80963.35,80921.98,80951.87,55.47665
1778578500.0,80951.88,80953.56,80908.69,80932.56,13.21331
1778578560.0,80932.56,80932.56,80921.0,80921.01,7.91076
1778578620.0,80921.01,80933.68,80900.01,80900.01,8.02322
1778578680.0,80900.02,80915.44,80900.02,80915.44,2.58807
1778578740.0,80915.44,80947.26,80915.43,80947.25,3.52069
1778578800.0,80947.26,80954.08,80947.25,80954.07,2.11228
1778578860.0,80954.07,80963.12,80927.89,80927.9,6.90459
1778578920.0,80927.89,80946.87,80927.89,80932.88,5.96046
1778578980.0,80932.88,80941.84,80920.01,80939.81,9.03805
1778579040.0,80939.81,80943.46,80925.25,80925.25,11.45677
1778579100.0,80925.18,80952.36,80925.17,80952.35,4.51868
1778579160.0,80952.36,80952.36,80900.0,80900.01,4.85923
1778579220.0,80900.01,80900.01,80856.1,80864.81,6.54277
1778579280.0,80864.8,80894.7,80860.43,80894.69,10.08621
1778579340.0,80894.7,80902.4,80894.69,80902.4,2.57715
1778579400.0,80902.4,80902.4,80889.05,80889.06,4.98333
1778579460.0,80889.06,80889.06,80880.01,80880.01,2.64258
1778579520.0,80880.01,80880.01,80874.44,80874.44,0.40938
1778579580.0,80874.44,80874.44,80856.11,80856.12,1.96318
1778579640.0,80856.11,80856.11,80822.12,80822.12,4.54967
1778579700.0,80822.12,80837.85,80808.48,80831.98,8.30805
1778579760.0,80831.98,80831.98,80820.24,80826.39,6.37555
1778579820.0,80826.4,80826.4,80816.06,80816.07,4.16928
1778579880.0,80816.07,80837.83,80816.06,80825.61,9.86599
1778579940.0,80825.61,80839.02,80825.61,80837.15,3.0423
1778580000.0,80837.15,80837.15,80804.95,80822.43,9.58534
1778580060.0,80822.44,80822.44,80822.43,80822.44,1.23229
1778580120.0,80822.44,80843.23,80804.95,80804.96,3.37312
1778580180.0,80804.95,80804.96,80778.0,80789.67,6.75062
1778580240.0,80789.68,80789.68,80786.0,80786.01,0.85468
1778580300.0,80786.01,80801.72,80784.11,80798.57,9.32101
1778580360.0,80798.58,80815.43,80798.57,80804.87,5.43875
1778580420.0,80804.87,80839.65,80804.86,80839.65,23.14182
1778580480.0,80839.65,80839.65,80824.0,80824.01,2.60992
1778580540.0,80824.01,80830.08,80822.0,80822.0,3.81455
1778580600.0,80822.01,80848.27,80822.0,80824.21,17.68979
1778580660.0,80824.22,80836.44,80824.21,80825.54,2.82524
1778580720.0,80825.54,80825.54,80804.91,80807.84,13.79495
1778580780.0,80807.84,80807.84,80804.0,80804.01,3.52063
1778580840.0,80804.01,80822.03,80804.0,80804.0,8.15994
1778580900.0,80804.0,80804.01,80778.0,80778.0,2.48097
1778580960.0,80778.0,80778.01,80778.0,80778.0,1.49187
1778581020.0,80778.0,80778.01,80753.2,80762.02,6.77968
1778581080.0,80762.02,80819.55,80762.02,80819.54,18.28672
1778581140.0,80819.55,80835.85,80819.53,80835.85,1.42687
1778581200.0,80835.86,80835.86,80815.5,80815.51,2.71285
1778581260.0,80815.5,80815.51,80807.21,80807.21,0.99489
1778581320.0,80807.21,80807.21,80765.82,80765.83,3.89159
1778581380.0,80765.83,80765.83,80733.2,80742.23,9.79878
1778581440.0,80742.23,80759.56,80742.22,80759.56,10.08566
1778581500.0,80759.56,80773.26,80680.6,80691.25,37.93643
1778581560.0,80691.25,80694.33,80691.24,80694.32,1.9536
1778581620.0,80694.32,80706.67,80694.32,80706.67,6.13545
1778581680.0,80706.67,80730.45,80706.67,80724.14,4.13013
1778581740.0,80724.15,80724.15,80724.14,80724.15,1.54139
1778581800.0,80724.15,80751.72,80704.4,80704.41,26.36503
1778581860.0,80704.4,80709.36,80688.66,80697.0,6.41494
1778581920.0,80697.0,80697.01,80668.52,80668.52,6.25045
1778581980.0,80668.53,80678.5,80668.52,80669.36,10.64906
1778582040.0,80669.36,80669.36,80634.0,80651.15,14.35151
1778582100.0,80651.15,80665.02,80638.03,80665.01,8.23312
1778582160.0,80665.02,80680.0,80655.76,80680.0,9.37724
1778582220.0,80680.0,80719.13,80680.0,80719.13,17.07588
1778582280.0,80719.31,80732.74,80719.31,80732.74,3.96128
1778582340.0,80732.74,80732.74,80700.0,80700.0,4.31983
1778582400.0,80700.01,80705.76,80694.25,80705.75,3.99946
1778582460.0,80705.75,80705.76,80698.66,80705.75,8.58461
1778582520.0,80705.76,80705.76,80665.92,80665.92,4.15887
1778582580.0,80665.91,80680.04,80657.34,80680.04,5.0837
1778582640.0,80680.04,80689.45,80680.04,80684.99,1.24502
1778582700.0,80685.0,80694.61,80671.16,80684.93,18.82344
1778582760.0,80684.93,80684.93,80684.92,80684.92,2.675
1778582820.0,80684.92,80700.0,80684.92,80688.87,4.89787
1778582880.0,80688.66,80688.67,80688.66,80688.67,3.42363
1778582940.0,80688.67,80688.67,80643.23,80643.24,4.6247
1778583000.0,80643.23,80693.09,80601.27,80688.59,44.70646
1778583060.0,80688.58,80688.58,80667.43,80680.39,5.66845
1778583120.0,80680.39,80697.44,80680.39,80697.44,8.74637
1778583180.0,80697.44,80697.44,80683.16,80683.16,7.00921
1778583240.0,80683.16,80683.16,80660.32,80660.32,14.63381
1778583300.0,80660.33,80664.7,80640.0,80664.69,7.87561
1778583360.0,80664.7,80667.99,80664.69,80667.98,2.65075
1778583420.0,80667.99,80667.99,80656.18,80662.0,5.63618
1778583480.0,80662.01,80662.01,80662.0,80662.01,2.44611
1778583540.0,80662.01,80666.37,80662.0,80666.37,2.06665
1778583600.0,80666.38,80690.25,80666.38,80669.85,6.70735
1778583660.0,80669.86,80669.86,80660.75,80660.76,2.48796
1778583720.0,80660.76,80660.76,80615.71,80639.23,22.77914
1778583780.0,80639.23,80654.43,80620.01,80654.43,6.94091
1778583840.0,80654.43,80657.55,80654.42,80657.55,1.90983
1778583900.0,80657.54,80657.54,80576.39,80576.4,22.35673
1778583960.0,80576.4,80588.54,80567.0,80567.01,8.08174
1778584020.0,80567.0,80575.94,80555.0,80555.83,6.7057
1778584080.0,80555.83,80620.06,80535.87,80620.05,19.18828
1778584140.0,80620.06,80636.29,80607.99,80615.95,4.31014
1778584200.0,80615.95,80695.41,80610.93,80610.93,22.00915
1778584260.0,80610.94,80618.25,80600.96,80608.01,4.21745
1778584320.0,80608.01,80608.01,80582.02,80582.03,3.64894
1778584380.0,80582.02,80582.03,80582.02,80582.03,0.53419
1778584440.0,80582.03,80596.47,80582.02,80583.88,11.66016
1778584500.0,80583.87,80583.88,80551.59,80551.59,3.06702
1778584560.0,80551.59,80551.6,80519.66,80519.66,19.43525
1778584620.0,80519.66,80519.67,80515.62,80515.63,5.13387
1778584680.0,80515.62,80523.7,80505.0,80506.56,9.2891
1778584740.0,80506.57,80535.42,80496.57,80535.41,45.89902
1778584800.0,80535.41,80550.0,80515.03,80550.0,16.97855
1778584860.0,80549.99,80564.06,80545.8,80564.05,11.64227
1778584920.0,80564.06,80598.17,80555.5,80572.96,13.64767
1778584980.0,80572.96,80586.53,80572.96,80586.53,2.96061
1778585040.0,80586.53,80592.0,80572.96,80584.87,6.58731
1778585100.0,80584.86,80637.06,80584.86,80637.05,14.05917
1778585160.0,80637.06,80651.47,80624.06,80641.24,5.65545
1778585220.0,80641.24,80641.25,80616.76,80618.78,3.92679
1778585280.0,80618.79,80619.63,80616.01,80619.63,1.27259
1778585340.0,80619.62,80635.8,80619.62,80635.79,1.78973
1778585400.0,80635.79,80679.99,80635.78,80664.33,16.95453
1778585460.0,80664.33,80667.68,80648.73,80664.85,6.31118
1778585520.0,80664.86,80664.86,80653.31,80653.32,1.65084
1778585580.0,80653.31,80653.32,80642.06,80643.21,5.15784
1778585640.0,80643.21,80663.92,80643.21,80663.92,15.22155
1778585700.0,80663.92,80668.91,80659.27,80660.48,1.83685
1778585760.0,80660.48,80660.49,80658.21,80658.21,4.19359
1778585820.0,80658.22,80674.31,80658.21,80658.24,4.29143
1778585880.0,80658.24,80680.0,80658.23,80680.0,4.89606
1778585940.0,80679.99,80691.58,80679.99,80680.0,4.16386
1778586000.0,80679.99,80695.41,80679.99,80695.4,4.06969
1778586060.0,80695.41,80727.66,80695.41,80727.65,6.65459
1778586120.0,80727.65,80733.13,80727.65,80727.65,6.07115
1778586180.0,80727.65,80727.66,80717.89,80727.65,6.4162
1778586240.0,80727.66,80732.75,80727.66,80732.75,0.9521
1778586300.0,80732.75,80738.31,80721.27,80721.27,8.33864
1778586360.0,80721.27,80735.98,80710.0,80735.98,9.02598
1778586420.0,80735.97,80742.68,80735.97,80742.67,1.99296
1778586480.0,80742.67,80768.36,80742.67,80762.06,9.68396
1778586540.0,80762.06,80768.02,80744.23,80744.24,2.98654
1778586600.0,80744.23,80744.24,80740.0,80740.0,4.92913
1778586660.0,80740.0,80740.01,80732.39,80732.8,5.00309
1778586720.0,80732.8,80756.54,80731.51,80748.82,17.6697
1778586780.0,80748.83,80750.78,80720.98,80740.57,15.87128
1778586840.0,80740.58,80771.63,80740.57,80767.46,10.1537
1778586900.0,80767.46,80768.86,80756.0,80768.86,3.61652
1778586960.0,80768.86,80782.9,80768.85,80768.86,6.00823
1778587020.0,80768.86,80768.86,80767.46,80767.46,2.9724
1778587080.0,80767.46,80775.58,80767.46,80775.57,2.98314
1778587140.0,80775.58,80785.38,80772.11,80784.87,5.06232
1778587200.0,80784.86,80785.18,80777.0,80785.18,3.28751
1778587260.0,80785.17,80789.99,80781.64,80789.98,3.18188
1778587320.0,80789.99,80797.62,80789.98,80797.62,3.56127
1778587380.0,80797.62,80799.63,80777.0,80777.0,12.80476
1778587440.0,80777.0,80777.01,80752.25,80753.03,5.48245
1778587500.0,80753.03,80760.0,80751.0,80759.53,4.86896
1778587560.0,80759.54,80759.54,80736.02,80736.02,6.98664
1778587620.0,80736.02,80736.03,80700.0,80700.01,3.85119
1778587680.0,80700.01,80707.46,80700.0,80702.76,7.54258
1778587740.0,80702.76,80790.0,80702.76,80789.99,13.23764
1778587800.0,80790.0,80840.0,80789.99,80829.71,33.82298
1778587860.0,80829.71,80839.47,80829.7,80834.18,5.45141
1778587920.0,80834.17,80837.42,80821.8,80837.41,6.34181
1778587980.0,80837.41,80837.42,80830.42,80830.42,3.91918
1778588040.0,80830.42,80832.26,80824.34,80832.26,5.95496
1778588100.0,80832.25,80838.7,80830.92,80838.69,5.64117
1778588160.0,80838.69,80838.7,80814.95,80821.98,5.84424
1778588220.0,80821.99,80841.11,80821.98,80832.85,3.2418
1778588280.0,80832.86,80848.74,80815.24,80818.74,13.45373
1778588340.0,80818.75,80847.59,80818.74,80836.62,10.74363
1778588400.0,80836.61,80836.61,80813.07,80813.07,2.39757
1778588460.0,80813.08,80857.56,80813.07,80857.55,11.49277
1778588520.0,80857.55,80857.56,80825.34,80825.34,2.60543
1778588580.0,80825.34,80825.35,80823.31,80825.34,1.83821
1778588640.0,80825.34,80825.35,80818.36,80818.37,1.49821
1778588700.0,80818.37,80818.37,80789.42,80808.89,13.55297
1778588760.0,80808.89,80808.9,80779.79,80779.8,4.20993
1778588820.0,80779.79,80779.8,80744.69,80744.69,6.09353
1778588880.0,80744.69,80823.25,80744.69,80819.24,10.37445
1778588940.0,80819.25,80825.05,80806.29,80820.38,12.05869
1778589000.0,80820.38,80898.7,80650.0,80684.01,87.26843
1778589060.0,80684.02,80759.98,80619.2,80626.8,24.93026
1778589120.0,80626.79,80687.73,80619.19,80636.02,12.29327
1778589180.0,80636.02,80713.7,80636.02,80668.3,15.86017
1778589240.0,80668.3,80845.37,80668.3,80773.14,21.80508
1778589300.0,80773.14,80849.99,80771.11,80849.99,9.93216
1778589360.0,80850.0,80874.67,80850.0,80858.75,8.74713
1778589420.0,80858.75,80923.68,80858.75,80916.15,6.51492
1778589480.0,80916.15,80976.0,80914.35,80976.0,7.81388
1778589540.0,80976.0,80999.0,80975.99,80984.52,13.7968
1778589600.0,80984.53,80999.0,80958.14,80993.83,12.4557
1778589660.0,80993.83,80993.83,80960.0,80972.44,3.8472
1778589720.0,80972.44,80997.57,80900.28,80905.61,19.12548
1778589780.0,80905.62,80935.74,80903.91,80911.01,7.11337
1778589840.0,80911.01,80911.01,80860.0,80860.0,5.59729
1778589900.0,80860.01,80893.69,80853.27,80893.69,23.79364
1778589960.0,80893.68,80927.74,80893.68,80900.07,8.232
1778590020.0,80900.06,80950.99,80900.06,80946.29,6.76096
1778590080.0,80946.3,80950.61,80927.99,80950.6,4.81581
1778590140.0,80950.61,80980.0,80950.6,80973.1,5.55414
1778590200.0,80973.1,80973.1,80906.82,80906.82,2.8728
1778590260.0,80906.82,80952.11,80904.67,80904.67,7.40291
1778590320.0,80904.68,80904.68,80898.87,80898.87,2.18074
1778590380.0,80898.87,80912.05,80898.87,80902.42,3.37418
1778590440.0,80902.43,80918.37,80902.42,80912.0,9.47971
1778590500.0,80912.0,80912.0,80876.21,80899.61,11.82677
1778590560.0,80899.61,80899.61,80892.36,80892.37,2.13488
1778590620.0,80892.37,80899.1,80874.44,80882.5,6.31047
1778590680.0,80882.51,80882.51,80866.86,80866.86,4.93683
1778590740.0,80866.87,80881.26,80866.86,80881.26,3.76095
1778590800.0,80881.25,80903.88,80862.51,80903.88,9.94948
1778590860.0,80903.88,80922.23,80894.35,80894.36,9.58064
1778590920.0,80894.36,80924.0,80890.0,80924.0,6.63768
1778590980.0,80923.99,80924.0,80892.59,80919.75,9.68388
1778591040.0,80919.75,80919.76,80880.0,80889.87,11.4309
1778591100.0,80889.87,80928.26,80884.63,80928.26,7.54408
1778591160.0,80928.25,80928.25,80900.55,80906.28,4.09098
1778591220.0,80906.13,80927.7,80906.13,80916.24,3.47328
1778591280.0,80916.24,80916.24,80906.14,80906.14,7.75681
1778591340.0,80906.15,80906.15,80888.89,80888.9,6.44957
1778591400.0,80888.9,80894.26,80880.0,80880.0,10.05529
1778591460.0,80880.01,80926.92,80880.01,80888.01,19.13972
1778591520.0,80888.01,80888.01,80883.45,80883.45,2.78768
1778591580.0,80883.46,80883.46,80869.2,80869.2,4.42077
1778591640.0,80869.2,80869.2,80800.0,80800.0,10.30094
1778591700.0,80800.0,80801.57,80775.93,80775.95,12.56633
1778591760.0,80775.95,80810.36,80771.39,80806.58,11.16465
1778591820.0,80806.58,80806.59,80780.11,80780.11,4.23895
1778591880.0,80780.12,80780.12,80750.0,80759.55,13.38454
1778591940.0,80759.55,80759.56,80709.97,80709.98,9.22143
1778592000.0,80709.97,80709.98,80669.65,80669.65,5.89838
1778592060.0,80669.65,80700.0,80663.23,80682.37,14.15589
1778592120.0,80682.37,80682.37,80671.06,80674.77,4.46898
1778592180.0,80674.77,80700.0,80674.76,80699.99,4.10926
1778592240.0,80700.0,80705.98,80699.99,80705.98,4.72847
1778592300.0,80705.97,80705.97,80639.51,80639.51,10.61667
1778592360.0,80639.52,80657.38,80634.41,80657.36,5.79081
1778592420.0,80657.37,80657.37,80632.35,80632.36,1.6319
1778592480.0,80632.36,80654.0,80632.36,80652.91,1.99987
1778592540.0,80652.91,80665.53,80642.4,80661.67,4.27686
1778592600.0,80661.66,80673.02,80613.02,80637.66,14.7102
1778592660.0,80637.66,80708.07,80625.46,80708.07,14.67153
1778592720.0,80708.05,80727.17,80695.65,80700.65,5.23318
1778592780.0,80700.65,80705.99,80605.31,80663.96,18.29197
1778592840.0,80663.51,80705.2,80642.28,80656.35,7.31525
1778592900.0,80656.35,80656.35,80606.08,80640.3,8.40938
1778592960.0,80640.3,80649.98,80588.23,80618.28,26.62687
1778593020.0,80618.27,80649.75,80600.79,80636.27,8.49238
1778593080.0,80636.27,80666.0,80636.27,80665.99,7.45527
1778593140.0,80665.99,80780.0,80664.0,80772.01,15.77585
1778593200.0,80772.01,80824.24,80756.66,80790.32,9.45126
1778593260.0,80790.32,80803.29,80762.72,80782.3,7.74312
1778593320.0,80782.3,80782.31,80716.14,80738.0,6.43144
1778593380.0,80737.99,80781.0,80737.99,80776.77,4.04746
1778593440.0,80776.78,80824.24,80746.49,80771.23,8.89585
1778593500.0,80771.24,80878.07,80771.23,80848.15,20.44607
1778593560.0,80848.15,80874.87,80745.06,80828.0,35.84676
1778593620.0,80828.0,80828.0,80686.0,80688.96,19.68197
1778593680.0,80688.96,80717.17,80681.31,80689.99,5.96893
1778593740.0,80689.76,80744.02,80689.76,80741.05,5.81398
1778593800.0,80741.04,80765.03,80692.02,80699.94,63.93628
1778593860.0,80699.95,80706.78,80666.67,80689.79,18.58155
1778593920.0,80689.8,80690.0,80660.0,80687.86,14.80858
1778593980.0,80687.86,80760.68,80683.64,80693.2,37.02722
1778594040.0,80693.19,80693.19,80660.28,80660.28,8.69878
1778594100.0,80660.28,80674.76,80593.49,80674.75,32.41085
1778594160.0,80674.76,80680.0,80551.0,80551.01,14.84323
1778594220.0,80551.0,80579.98,80539.77,80539.77,20.68728
1778594280.0,80539.78,80539.78,80467.68,80501.69,63.55492
1778594340.0,80501.7,80508.63,80397.07,80466.91,38.53495
1778594400.0,80466.91,80477.05,80397.88,80452.9,59.40534
1778594460.0,80452.89,80592.85,80452.89,80590.27,16.88762
1778594520.0,80590.26,80607.26,80521.55,80521.56,24.6094
1778594580.0,80521.56,80528.01,80490.57,80502.09,14.26144
1778594640.0,80502.09,80550.0,80452.0,80549.99,34.6675
1778594700.0,80549.99,80666.11,80549.99,80666.1,24.91186
1778594760.0,80666.1,80685.99,80646.13,80668.11,9.55728
1778594820.0,80668.11,80714.56,80668.11,80690.92,26.22851
1778594880.0,80690.91,80690.92,80536.73,80562.2,17.12699
1778594940.0,80562.21,80626.23,80562.21,80618.54,9.29468
1778595000.0,80618.54,80631.77,80592.17,80592.17,5.72398
1778595060.0,80592.18,80634.57,80592.17,80618.0,5.97736
1778595120.0,80617.99,80669.15,80605.89,80636.53,5.7547
1778595180.0,80636.54,80704.74,80636.53,80684.82,6.50451
1778595240.0,80684.82,80725.19,80684.81,80707.23,10.56472
1778595300.0,80707.23,80733.02,80683.11,80733.02,4.50624
1778595360.0,80733.02,80750.0,80683.12,80690.64,6.82739
1778595420.0,80690.64,80697.89,80634.07,80654.0,4.61168
1778595480.0,80654.0,80701.99,80653.99,80701.99,4.38497
1778595540.0,80701.99,80793.33,80696.14,80793.33,14.65038
1778595600.0,80793.33,80808.03,80768.54,80768.54,15.73924
1778595660.0,80768.55,80820.0,80768.55,80820.0,9.91592
1778595720.0,80819.99,80846.17,80806.41,80821.85,7.14282
1778595780.0,80821.84,80823.14,80797.78,80823.13,4.06227
1778595840.0,80823.13,80823.14,80784.63,80798.13,11.26721
1778595900.0,80798.13,80836.43,80790.0,80819.6,5.28765
1778595960.0,80819.6,80831.35,80762.0,80767.56,9.07075
1778596020.0,80767.55,80769.24,80705.86,80729.44,10.16455
1778596080.0,80729.44,80736.54,80615.06,80615.06,6.79835
1778596140.0,80615.06,80663.11,80560.0,80648.61,16.15802
1778596200.0,80648.61,80676.0,80603.61,80610.15,6.8226
1778596260.0,80610.16,80610.16,80480.58,80552.0,13.21355
1778596320.0,80552.0,80568.02,80489.5,80494.1,20.72826
1778596380.0,80494.1,80512.99,80424.24,80462.99,28.17
1778596440.0,80462.99,80510.0,80413.41,80510.0,22.27485
1778596500.0,80509.99,80559.59,80455.56,80499.86,7.14884
1778596560.0,80500.0,80555.42,80500.0,80554.01,15.77102
1778596620.0,80554.02,80650.0,80554.01,80650.0,38.22094
1778596680.0,80649.99,80679.7,80639.78,80679.7,12.43568
1778596740.0,80679.7,80816.16,80676.3,80798.67,45.32077
1778596800.0,80798.67,80810.0,80746.41,80809.99,13.17366
1778596860.0,80809.99,80845.47,80801.66,80827.89,31.21432
1778596920.0,80827.89,80858.68,80827.88,80838.58,8.95623
1778596980.0,80838.59,80888.01,80804.02,80808.91,13.80219
1778597040.0,80808.9,80813.2,80795.12,80795.12,5.24409
1778597100.0,80795.12,80795.13,80730.99,80741.2,8.84029
1778597160.0,80741.2,80741.2,80705.23,80729.12,8.05088
1778597220.0,80729.12,80729.12,80640.0,80691.43,24.02615
1778597280.0,80691.43,80691.43,80670.83,80679.38,2.73889
1778597340.0,80679.38,80679.38,80584.26,80617.99,7.33859
1778597400.0,80618.0,80618.0,80540.08,80540.08,5.56629
1778597460.0,80540.08,80546.91,80468.69,80506.6,19.36899
1778597520.0,80506.59,80605.04,80495.02,80597.45,19.07404
1778597580.0,80597.45,80601.85,80573.36,80573.36,7.34305
1778597640.0,80573.36,80573.37,80539.99,80572.73,9.39364
1778597700.0,80572.74,80589.89,80520.0,80520.01,9.0037
1778597760.0,80520.01,80535.52,80500.0,80524.76,16.78038
1778597820.0,80524.77,80546.76,80499.45,80546.76,14.37588
1778597880.0,80546.77,80562.89,80523.26,80523.27,12.75959
1778597940.0,80523.26,80540.0,80501.47,80540.0,16.37025
1778598000.0,80540.0,80540.0,80474.63,80476.62,22.82114
1778598060.0,80476.62,80480.93,80426.25,80461.97,14.8957
1778598120.0,80461.97,80461.97,80429.81,80444.97,18.65124
1778598180.0,80444.97,80500.0,80441.44,80499.99,20.05731
1778598240.0,80500.0,80535.42,80492.53,80492.53,6.24285
1778598300.0,80492.53,80524.41,80468.36,80510.88,12.91994
1778598360.0,80510.88,80568.08,80510.0,80540.01,11.67946
1778598420.0,80540.0,80632.21,80531.33,80618.0,15.1839
1778598480.0,80618.01,80628.28,80583.78,80600.75,5.20553
1778598540.0,80600.75,80652.96,80600.75,80652.95,12.07444
1778598600.0,80652.96,80668.43,80638.58,80668.42,8.67327
1778598660.0,80668.43,80676.78,80614.0,80620.33,17.35712
1778598720.0,80620.33,80631.95,80620.32,80629.46,4.2018
1778598780.0,80629.46,80658.8,80629.45,80658.8,25.38105
1778598840.0,80658.8,80658.81,80600.8,80617.15,4.04797
1778598900.0,80617.15,80617.15,80532.72,80556.15,5.7538
1778598960.0,80556.16,80572.18,80530.0,80554.33,5.60366
1778599020.0,80554.34,80591.98,80542.51,80591.97,6.23411
1778599080.0,80591.98,80591.98,80510.89,80511.29,11.61462
1778599140.0,80511.28,80570.0,80511.28,80565.66,8.40232
1778599200.0,80565.65,80565.66,80503.5,80540.79,17.27326
1778599260.0,80540.8,80558.27,80488.0,80488.01,15.92488
1778599320.0,80488.0,80488.01,80414.93,80421.03,10.11827
1778599380.0,80421.03,80427.83,80340.0,80354.76,36.322
1778599440.0,80354.75,80354.76,80228.86,80240.0,87.03514
1778599500.0,80240.0,80292.77,80201.0,80205.03,44.02857
1778599560.0,80205.02,80266.88,80205.02,80246.34,17.15403
1778599620.0,80246.35,80265.23,80222.0,80265.23,20.9424
1778599680.0,80265.22,80290.58,80200.0,80200.01,65.59284
1778599740.0,80200.01,80244.99,80188.65,80222.0,30.89768
1778599800.0,80222.0,80302.54,80222.0,80267.39,20.35599
1778599860.0,80267.39,80348.04,80267.38,80348.03,25.10478
1778599920.0,80348.03,80376.28,80348.03,80356.46,24.8913
1778599980.0,80356.47,80420.75,80333.92,80420.75,14.26915
1778600040.0,80420.75,80480.0,80420.74,80443.09,24.37201
1778600100.0,80443.1,80450.0,80383.99,80393.89,16.38219
1778600160.0,80393.88,80408.01,80368.0,80390.0,18.43146
1778600220.0,80389.99,80404.59,80389.99,80392.29,7.43702
1778600280.0,80392.3,80415.61,80390.0,80415.61,8.19082
1778600340.0,80415.61,80422.68,80386.0,80386.0,11.39483
1778600400.0,80386.0,80396.31,80355.72,80365.87,24.04169
1778600460.0,80365.86,80371.27,80281.69,80310.77,14.15999
1778600520.0,80310.77,80340.0,80292.0,80331.17,8.68651
1778600580.0,80331.17,80382.36,80331.16,80382.36,5.64205
1778600640.0,80382.36,80395.06,80366.46,80376.0,6.43052
1778600700.0,80375.99,80417.48,80338.54,80338.54,12.4836
1778600760.0,80338.55,80348.79,80300.19,80317.55,19.19907
1778600820.0,80317.55,80322.0,80284.34,80297.47,7.22314
1778600880.0,80297.46,80312.39,80286.71,80312.39,11.65046
1778600940.0,80312.39,80315.0,80290.67,80295.83,5.23996
1778601000.0,80295.83,80339.38,80295.83,80339.38,12.65149
1778601060.0,80339.38,80417.42,80339.37,80417.42,14.30208
1778601120.0,80417.42,80429.99,80392.15,80399.14,10.2322
1778601180.0,80399.14,80419.86,80381.28,80386.09,7.14808
1778601240.0,80386.09,80421.27,80384.17,80414.68,4.12917
1778601300.0,80414.67,80436.42,80367.67,80436.42,9.89586
1778601360.0,80436.42,80452.67,80431.11,80431.92,6.78563
1778601420.0,80431.92,80446.48,80360.0,80365.99,7.17928
1778601480.0,80365.99,80373.92,80362.0,80362.01,8.77995
1778601540.0,80362.01,80369.12,80336.01,80336.01,9.33947
1778601600.0,80336.01,80344.01,80204.69,80300.24,44.2491
1778601660.0,80300.24,80345.25,80284.38,80338.77,26.52401
1778601720.0,80338.78,80389.95,80338.77,80379.35,13.66873
1778601780.0,80379.35,80435.99,80379.35,80389.93,14.86474
1778601840.0,80389.94,80398.43,80342.35,80342.36,21.16313
1778601900.0,80342.36,80344.97,80306.34,80314.72,9.96623
1778601960.0,80314.71,80322.0,80300.0,80317.9,5.0841
1778602020.0,80317.9,80344.42,80313.77,80331.88,11.38049
1778602080.0,80331.89,80333.31,80294.15,80306.17,6.48375
1778602140.0,80306.17,80359.87,80306.17,80359.87,4.88875
1778602200.0,80359.86,80380.36,80326.1,80334.25,8.14464
1778602260.0,80334.24,80350.0,80334.24,80348.5,5.01041
1778602320.0,80348.5,80353.25,80322.0,80353.25,9.8078
1778602380.0,80353.25,80426.11,80353.24,80417.9,9.56374
1778602440.0,80417.9,80417.9,80385.97,80385.98,29.08604
1778602500.0,80385.97,80385.98,80244.41,80283.61,247.1609
1778602560.0,80283.61,80283.61,80158.32,80235.18,287.51864
1778602620.0,80235.18,80312.63,80235.18,80293.4,24.57984
1778602680.0,80293.4,80333.2,80293.4,80319.99,16.66304
1778602740.0,80319.98,80381.18,80319.98,80359.99,15.79484
1778602800.0,80359.99,80398.78,80344.43,80396.18,9.59252
1778602860.0,80396.19,80410.05,80299.79,80300.0,29.95419
1778602920.0,80300.01,80337.09,80300.0,80337.09,4.03287
1778602980.0,80337.09,80337.09,80314.9,80314.91,12.69691
1778603040.0,80314.91,80314.91,80280.0,80300.92,7.37749
1778603100.0,80300.92,80304.0,80256.0,80256.01,8.86669
1778603160.0,80256.0,80284.19,80250.0,80284.18,7.50186
1778603220.0,80284.18,80284.46,80271.96,80271.96,2.60717
1778603280.0,80271.97,80325.96,80271.97,80325.96,4.06869
1778603340.0,80326.0,80326.0,80290.0,80290.0,5.17889
1778603400.0,80290.01,80297.39,80290.0,80290.01,2.28949
1778603460.0,80290.0,80318.89,80270.06,80318.89,15.80684
1778603520.0,80318.89,80318.89,80282.01,80290.0,9.20484
1778603580.0,80290.01,80290.01,80250.0,80250.01,10.70264
1778603640.0,80250.01,80275.72,80250.0,80275.72,4.58783
1778603700.0,80275.71,80300.78,80275.71,80285.6,2.45399
1778603760.0,80285.61,80338.53,80285.61,80338.53,5.81582
1778603820.0,80338.53,80340.0,80310.18,80314.71,5.02012
1778603880.0,80314.72,80314.72,80281.54,80288.17,6.08185
1778603940.0,80288.18,80299.17,80280.0,80285.91,2.21794
1778604000.0,80285.91,80318.0,80285.91,80301.85,10.12377
1778604060.0,80301.86,80301.86,80261.67,80261.68,3.34885
1778604120.0,80261.68,80261.68,80216.0,80236.03,4.65911
1778604180.0,80236.03,80262.02,80236.03,80250.83,3.18426
1778604240.0,80250.82,80254.85,80249.99,80250.82,1.86344
1778604300.0,80250.83,80280.0,80103.39,80125.41,38.61628
1778604360.0,80125.41,80125.42,79927.0,79956.69,142.59515
1778604420.0,79956.68,79975.65,79894.0,79922.5,53.6064
1778604480.0,79922.49,79972.62,79888.89,79942.82,26.79809
1778604540.0,79942.83,79996.05,79936.95,79986.01,7.85117
1778604600.0,79986.0,79986.01,79866.66,79869.13,44.46986
1778604660.0,79869.12,79931.74,79843.59,79931.14,47.90124
1778604720.0,79931.15,79948.0,79895.09,79899.37,12.42459
1778604780.0,79899.36,79944.31,79895.75,79932.02,7.53474
1778604840.0,79932.02,79970.0,79902.0,79969.99,30.63708
1778604900.0,79970.0,79987.73,79929.84,79987.72,13.64117
1778604960.0,79987.73,80040.68,79987.72,80024.55,15.29957
1778605020.0,80024.55,80076.41,80022.0,80039.77,32.57129
1778605080.0,80039.77,80050.0,79991.79,79991.79,5.85961
1778605140.0,79991.79,80006.1,79991.79,80000.01,2.80727
1778605200.0,80000.01,80039.78,79951.05,80029.54,26.32465
1778605260.0,80029.53,80057.44,80029.53,80035.25,8.52625
1778605320.0,80035.25,80077.6,80035.25,80077.59,8.74108
1778605380.0,80077.59,80112.93,80050.01,80112.92,5.37359
1778605440.0,80112.92,80131.4,80098.0,80107.64,8.07244
1778605500.0,80107.64,80124.0,80105.64,80124.0,7.33512
1778605560.0,80123.99,80141.77,80123.99,80125.69,17.08618
1778605620.0,80125.68,80141.77,80113.97,80138.71,2.91047
1778605680.0,80138.71,80138.72,80077.59,80089.45,8.14784
1778605740.0,80089.44,80089.44,80057.38,80072.11,2.93413
1778605800.0,80072.12,80134.38,80057.38,80134.37,3.9619
1778605860.0,80134.38,80142.14,80129.27,80133.49,3.47038
1778605920.0,80133.48,80169.38,80129.27,80169.38,48.80534
1778605980.0,80169.38,80197.51,80169.38,80197.51,4.23859
1778606040.0,80197.51,80211.41,80197.51,80208.37,6.64787
1778606100.0,80208.37,80280.0,80208.36,80280.0,5.94443
1778606160.0,80280.0,80376.29,80271.63,80336.25,21.33974
1778606220.0,80336.25,80350.0,80293.99,80294.0,7.80767
1778606280.0,80294.0,80301.8,80259.46,80291.98,7.20475
1778606340.0,80291.98,80349.75,80262.84,80349.75,13.12667
1778606400.0,80344.98,80444.97,80344.97,80369.99,38.60089
1778606460.0,80370.0,80385.1,80370.0,80372.01,4.60705
1778606520.0,80372.01,80390.56,80370.0,80382.39,6.27699
1778606580.0,80382.39,80408.24,80382.39,80408.23,4.38797
1778606640.0,80408.24,80437.57,80408.23,80413.68,4.61903
1778606700.0,80413.68,80421.06,80397.27,80397.27,6.14066
1778606760.0,80397.28,80402.53,80380.0,80401.3,9.6976
1778606820.0,80401.29,80420.0,80400.86,80419.99,3.84068
1778606880.0,80420.0,80439.95,80418.08,80422.77,3.37201
1778606940.0,80422.78,80446.17,80422.77,80426.27,11.24676
1778607000.0,80426.27,80463.97,80426.27,80463.97,6.44089
1778607060.0,80463.98,80468.75,80415.07,80424.0,7.08601
1778607120.0,80424.0,80494.99,80424.0,80470.96,4.64162
1778607180.0,80470.95,80470.97,80454.19,80454.2,1.49965
1778607240.0,80454.2,80493.52,80454.19,80493.52,1.84104
1778607300.0,80493.51,80500.0,80438.83,80438.84,14.40227
1778607360.0,80438.84,80475.02,80438.83,80475.02,1.99107
1778607420.0,80475.02,80485.16,80469.94,80470.0,1.92152
1778607480.0,80470.01,80470.01,80440.0,80447.03,1.2178
1778607540.0,80447.04,80489.27,80447.03,80470.01,7.98903
1778607600.0,80470.01,80480.0,80462.96,80462.96,4.90731
1778607660.0,80462.96,80467.01,80462.96,80467.0,1.18797
1778607720.0,80467.0,80484.44,80446.93,80446.94,3.17634
1778607780.0,80446.94,80464.41,80446.94,80464.41,2.06291
1778607840.0,80464.41,80515.62,80464.41,80515.61,8.61146
1778607900.0,80515.62,80530.06,80500.0,80500.01,9.44715
1778607960.0,80500.01,80500.01,80466.0,80492.03,6.61863
1778608020.0,80492.03,80516.12,80492.03,80516.12,1.58195
1778608080.0,80516.12,80517.93,80483.03,80483.04,5.61528
1778608140.0,80483.03,80493.05,80483.03,80485.73,1.75049
1778608200.0,80485.73,80498.08,80475.24,80493.97,5.42359
1778608260.0,80493.97,80511.93,80485.91,80511.93,3.37854
1778608320.0,80511.93,80544.72,80511.92,80541.33,16.747
1778608380.0,80541.33,80555.0,80541.25,80547.41,3.80275
1778608440.0,80547.42,80593.06,80547.41,80566.84,18.22575
1778608500.0,80566.85,80588.49,80538.57,80538.64,14.88596
1778608560.0,80538.63,80550.01,80528.13,80537.67,8.99637
1778608620.0,80537.67,80544.45,80521.39,80525.6,2.60744
1778608680.0,80525.6,80525.6,80506.0,80506.0,5.32416
1778608740.0,80506.0,80527.69,80504.0,80527.69,2.47189
1778608800.0,80527.69,80552.0,80510.0,80511.79,9.90217
1778608860.0,80511.8,80531.96,80510.0,80531.95,2.56424
1778608920.0,80531.95,80532.0,80430.0,80483.47,22.40635
1778608980.0,80483.47,80525.02,80483.46,80502.88,5.35241
1778609040.0,80502.88,80508.14,80501.21,80508.14,3.36953
1778609100.0,80508.14,80531.48,80508.13,80521.96,3.66689
1778609160.0,80521.96,80538.44,80521.95,80532.73,3.70983
1778609220.0,80532.73,80532.73,80487.12,80504.14,7.37239
1778609280.0,80504.14,80520.01,80504.13,80520.0,0.76288
1778609340.0,80520.01,80536.07,80520.0,80536.06,4.13131
1778609400.0,80536.07,80540.78,80536.06,80540.78,0.47391
1778609460.0,80540.78,80545.49,80487.47,80494.72,4.42313
1778609520.0,80494.73,80503.78,80494.72,80503.78,2.37139
1778609580.0,80503.78,80505.65,80503.76,80505.65,1.59321
1778609640.0,80505.65,80545.0,80505.64,80545.0,3.22784
1778609700.0,80544.99,80566.44,80544.99,80545.48,6.69913
1778609760.0,80545.49,80568.94,80545.49,80566.93,29.20019
1778609820.0,80566.92,80566.93,80532.61,80556.93,8.38314
1778609880.0,80556.93,80556.93,80516.47,80516.48,3.95973
1778609940.0,80516.48,80523.66,80516.47,80520.14,2.42683
1778610000.0,80520.14,80540.0,80520.14,80539.99,2.791
1778610060.0,80540.0,80564.61,80539.99,80564.61,3.2213
1778610120.0,80564.61,80572.96,80561.39,80561.4,4.50063
1778610180.0,80561.4,80572.96,80561.4,80567.25,2.19676
1778610240.0,80567.25,80567.26,80536.07,80536.08,2.57652
1778610300.0,80536.08,80572.96,80523.67,80523.67,9.40454
1778610360.0,80523.67,80535.54,80507.65,80507.65,30.10288
1778610420.0,80507.66,80515.38,80482.83,80495.66,21.26364
1778610480.0,80495.66,80515.42,80492.0,80508.94,3.28635
1778610540.0,80508.95,80508.95,80472.95,80500.0,8.45681
1778610600.0,80500.0,80535.42,80499.99,80535.42,6.75314
1778610660.0,80535.42,80557.6,80535.41,80546.0,5.82847
1778610720.0,80546.0,80557.6,80545.99,80556.51,4.22157
1778610780.0,80556.5,80567.22,80556.5,80567.22,1.57625
1778610840.0,80567.21,80572.96,80567.21,80572.95,1.50683
1778610900.0,80572.96,80572.96,80558.61,80572.95,6.06908
1778610960.0,80572.96,80638.35,80572.96,80637.47,15.88734
1778611020.0,80637.48,80650.0,80616.9,80634.44,11.0104
1778611080.0,80634.44,80652.01,80634.43,80640.99,2.22715
1778611140.0,80640.99,80651.65,80586.0,80586.0,5.26344
1778611200.0,80586.69,80644.66,80586.68,80642.51,8.03185
1778611260.0,80642.51,80642.51,80617.67,80632.79,3.72444
1778611320.0,80632.8,80642.51,80632.79,80638.93,2.64489
1778611380.0,80638.93,80657.08,80638.92,80657.08,1.82578
1778611440.0,80657.08,80688.28,80657.08,80667.54,6.53194
1778611500.0,80667.53,80700.0,80660.0,80672.3,6.15269
1778611560.0,80672.29,80679.71,80642.83,80644.52,6.71775
1778611620.0,80644.51,80644.52,80620.0,80640.0,2.13076
1778611680.0,80640.0,80654.33,80639.15,80639.15,4.98646
1778611740.0,80638.48,80645.51,80635.68,80645.51,2.30307
1778611800.0,80645.5,80666.58,80645.5,80666.58,1.06672
1778611860.0,80666.58,80700.0,80666.57,80700.0,2.67055
1778611920.0,80700.0,80709.09,80691.92,80700.0,3.29196
1778611980.0,80700.0,80752.0,80699.99,80724.19,13.44226
1778612040.0,80724.18,80740.0,80724.18,80730.35,5.59545
1778612100.0,80730.36,80730.36,80705.99,80715.37,2.64384
1778612160.0,80715.38,80763.81,80715.37,80760.21,9.15932
1778612220.0,80760.21,80760.21,80698.68,80698.69,6.24229
1778612280.0,80698.69,80708.59,80698.68,80708.59,1.69204
1778612340.0,80708.59,80708.59,80679.11,80679.12,2.36344
1778612400.0,80679.11,80714.08,80679.11,80714.07,4.2461
1778612460.0,80714.07,80747.45,80714.06,80747.45,2.29976
1778612520.0,80747.44,80774.92,80732.0,80732.01,8.39251
