timestamp,open,high,low,close,volume
1778007780.0,85.86,85.87,85.84,85.87,849.96
1778007840.0,85.87,85.89,85.86,85.87,452.096
1778007900.0,85.87,85.9,85.86,85.88,463.016
1778007960.0,85.88,85.91,85.87,85.9,231.695
1778008020.0,85.9,85.91,85.89,85.9,1074.905
1778008080.0,85.9,85.9,85.89,85.9,395.9
1778008140.0,85.89,85.94,85.89,85.94,3255.784
1778008200.0,85.94,85.96,85.92,85.93,836.126
1778008260.0,85.93,85.93,85.9,85.91,1038.359
1778008320.0,85.92,85.95,85.91,85.92,693.561
1778008380.0,85.92,85.92,85.91,85.92,368.859
1778008440.0,85.91,85.92,85.9,85.9,787.288
1778008500.0,85.91,85.94,85.9,85.91,623.442
1778008560.0,85.91,85.96,85.9,85.96,669.413
1778008620.0,85.96,86.0,85.96,86.0,1755.791
1778008680.0,85.99,86.04,85.99,86.01,9837.452
1778008740.0,86.02,86.18,86.01,86.14,10795.141
1778008800.0,86.13,86.14,86.07,86.08,1272.101
1778008860.0,86.08,86.08,86.05,86.06,748.0
1778008920.0,86.05,86.08,86.05,86.08,2042.15
1778008980.0,86.07,86.08,86.05,86.07,696.472
1778009040.0,86.06,86.11,86.06,86.1,531.853
1778009100.0,86.1,86.14,86.1,86.14,801.543
1778009160.0,86.14,86.37,86.12,86.33,16625.56
1778009220.0,86.33,86.34,86.26,86.27,1729.843
1778009280.0,86.27,86.29,86.26,86.26,999.069
1778009340.0,86.26,86.26,86.21,86.25,1141.623
1778009400.0,86.24,86.26,86.2,86.26,2493.834
1778009460.0,86.26,86.33,86.26,86.28,1817.341
1778009520.0,86.29,86.34,86.28,86.32,1563.915
1778009580.0,86.32,86.39,86.3,86.37,3322.087
1778009640.0,86.37,86.41,86.31,86.31,4514.549
1778009700.0,86.32,86.34,86.25,86.25,10351.258
1778009760.0,86.25,86.25,86.18,86.2,3743.162
1778009820.0,86.2,86.2,86.18,86.2,508.319
1778009880.0,86.2,86.25,86.19,86.24,2241.541
1778009940.0,86.25,86.27,86.22,86.26,1104.044
1778010000.0,86.26,86.39,86.26,86.37,4536.959
1778010060.0,86.38,86.43,86.37,86.41,4021.866
1778010120.0,86.42,86.42,86.4,86.41,9629.753
1778010180.0,86.41,86.45,86.41,86.45,1036.441
1778010240.0,86.44,86.5,86.4,86.48,12102.094
1778010300.0,86.48,86.49,86.43,86.44,1287.19
1778010360.0,86.43,86.47,86.42,86.44,2055.428
1778010420.0,86.45,86.48,86.42,86.47,1859.58
1778010480.0,86.48,86.49,86.47,86.48,784.351
1778010540.0,86.47,86.47,86.41,86.41,1124.961
1778010600.0,86.41,86.41,86.35,86.35,20454.048
1778010660.0,86.35,86.37,86.34,86.36,998.168
1778010720.0,86.36,86.36,86.31,86.35,1737.469
1778010780.0,86.34,86.39,86.34,86.38,2027.593
1778010840.0,86.38,86.41,86.37,86.4,1224.246
1778010900.0,86.4,86.41,86.37,86.39,3192.424
1778010960.0,86.39,86.43,86.39,86.43,2531.804
1778011020.0,86.42,86.5,86.41,86.49,3230.961
1778011080.0,86.5,86.5,86.47,86.47,341.272
1778011140.0,86.48,86.56,86.48,86.49,7554.619
1778011200.0,86.49,86.58,86.49,86.57,1715.789
1778011260.0,86.57,86.65,86.57,86.6,3239.733
1778011320.0,86.6,86.66,86.6,86.66,1700.675
1778011380.0,86.65,86.75,86.64,86.7,3406.048
1778011440.0,86.71,86.75,86.7,86.75,2484.602
1778011500.0,86.75,86.75,86.62,86.65,2150.348
1778011560.0,86.66,86.66,86.55,86.55,1619.522
1778011620.0,86.55,86.55,86.42,86.44,4658.934
1778011680.0,86.44,86.59,86.44,86.54,6890.037
1778011740.0,86.55,86.56,86.51,86.52,2056.629
1778011800.0,86.53,86.57,86.52,86.56,2184.491
1778011860.0,86.57,86.63,86.57,86.62,2140.946
1778011920.0,86.61,86.62,86.58,86.58,598.982
1778011980.0,86.59,86.71,86.58,86.68,5592.729
1778012040.0,86.68,86.76,86.67,86.74,4653.596
1778012100.0,86.73,86.73,86.59,86.64,6659.418
1778012160.0,86.63,86.63,86.56,86.56,1483.821
1778012220.0,86.56,86.63,86.56,86.63,2834.811
1778012280.0,86.63,86.65,86.61,86.62,1200.252
1778012340.0,86.61,86.65,86.56,86.65,2936.707
1778012400.0,86.65,86.67,86.63,86.67,979.768
1778012460.0,86.67,86.68,86.62,86.63,1065.733
1778012520.0,86.63,86.67,86.61,86.67,2926.982
1778012580.0,86.67,86.68,86.58,86.61,1983.844
1778012640.0,86.62,86.62,86.59,86.61,1660.01
1778012700.0,86.6,86.67,86.58,86.66,1720.552
1778012760.0,86.67,86.75,86.67,86.68,3827.452
1778012820.0,86.68,86.69,86.64,86.64,2305.318
1778012880.0,86.65,86.65,86.6,86.6,582.024
1778012940.0,86.6,86.61,86.56,86.6,1817.859
1778013000.0,86.61,86.67,86.6,86.67,2321.674
1778013060.0,86.66,86.7,86.66,86.7,1029.277
1778013120.0,86.69,86.79,86.67,86.79,1804.213
1778013180.0,86.79,86.86,86.78,86.85,4138.82
1778013240.0,86.86,86.87,86.82,86.85,730.182
1778013300.0,86.84,86.87,86.84,86.86,729.331
1778013360.0,86.86,86.9,86.86,86.88,1460.575
1778013420.0,86.89,86.9,86.87,86.88,1081.713
1778013480.0,86.88,86.88,86.79,86.8,2265.884
1778013540.0,86.79,86.81,86.78,86.78,2274.122
1778013600.0,86.78,86.78,86.71,86.72,791.069
1778013660.0,86.73,86.83,86.72,86.81,3980.362
1778013720.0,86.8,86.84,86.79,86.83,2869.55
1778013780.0,86.82,86.83,86.77,86.78,565.353
1778013840.0,86.77,86.77,86.75,86.75,865.808
1778013900.0,86.76,86.78,86.72,86.73,1550.843
1778013960.0,86.73,86.73,86.62,86.66,3176.798
1778014020.0,86.65,86.66,86.61,86.62,706.559
1778014080.0,86.62,86.63,86.57,86.61,2741.205
1778014140.0,86.61,86.61,86.59,86.6,704.075
1778014200.0,86.6,86.64,86.59,86.63,1903.495
1778014260.0,86.63,86.67,86.63,86.66,272.053
1778014320.0,86.66,86.67,86.65,86.66,292.382
1778014380.0,86.66,86.67,86.65,86.66,397.425
1778014440.0,86.65,86.66,86.6,86.61,2657.954
1778014500.0,86.6,86.62,86.6,86.6,227.208
1778014560.0,86.6,86.62,86.6,86.61,1081.674
1778014620.0,86.61,86.61,86.57,86.59,597.829
1778014680.0,86.6,86.61,86.59,86.61,1384.716
1778014740.0,86.6,86.66,86.6,86.64,1815.631
1778014800.0,86.65,86.67,86.62,86.62,1042.413
1778014860.0,86.63,86.63,86.59,86.6,462.766
1778014920.0,86.6,86.62,86.56,86.61,3283.692
1778014980.0,86.61,86.93,86.61,86.89,8256.48
1778015040.0,86.89,86.89,86.8,86.82,3026.896
1778015100.0,86.83,86.85,86.82,86.85,1417.21
1778015160.0,86.85,86.86,86.77,86.78,1588.294
1778015220.0,86.77,86.78,86.72,86.74,902.935
1778015280.0,86.73,86.78,86.73,86.78,1034.728
1778015340.0,86.78,86.78,86.73,86.77,7068.124
1778015400.0,86.77,86.79,86.72,86.73,1302.887
1778015460.0,86.73,86.77,86.72,86.77,1205.757
1778015520.0,86.77,86.77,86.73,86.75,3439.216
1778015580.0,86.74,86.74,86.61,86.66,1527.023
1778015640.0,86.65,86.66,86.58,86.6,3480.215
1778015700.0,86.6,86.69,86.59,86.68,1709.148
1778015760.0,86.68,86.68,86.61,86.61,802.396
1778015820.0,86.61,86.62,86.53,86.56,2927.898
1778015880.0,86.55,86.56,86.5,86.51,1246.305
1778015940.0,86.52,86.54,86.49,86.51,2702.753
1778016000.0,86.5,86.52,86.49,86.5,2179.581
1778016060.0,86.5,86.5,86.44,86.48,1675.513
1778016120.0,86.47,86.51,86.44,86.5,6168.45
1778016180.0,86.51,86.54,86.5,86.51,594.673
1778016240.0,86.5,86.54,86.5,86.53,1551.461
1778016300.0,86.53,86.62,86.53,86.61,1714.069
1778016360.0,86.61,86.67,86.61,86.66,3905.269
1778016420.0,86.65,86.72,86.65,86.7,6250.533
1778016480.0,86.69,86.7,86.6,86.6,1684.957
1778016540.0,86.61,86.63,86.55,86.58,1678.616
1778016600.0,86.58,86.61,86.54,86.59,2057.562
1778016660.0,86.58,86.59,86.48,86.5,2555.322
1778016720.0,86.5,86.55,86.49,86.52,865.521
1778016780.0,86.52,86.52,86.38,86.42,2206.271
1778016840.0,86.42,86.42,86.31,86.31,2371.691
1778016900.0,86.31,86.32,86.3,86.31,681.584
1778016960.0,86.3,86.39,86.26,86.38,6480.233
1778017020.0,86.38,86.46,86.36,86.45,1851.174
1778017080.0,86.45,86.49,86.44,86.49,803.137
1778017140.0,86.48,86.5,86.46,86.46,801.193
1778017200.0,86.46,86.46,86.37,86.38,1215.025
1778017260.0,86.37,86.42,86.37,86.41,1704.214
1778017320.0,86.4,86.45,86.39,86.39,1287.18
1778017380.0,86.39,86.43,86.35,86.39,2075.595
1778017440.0,86.4,86.4,86.35,86.4,618.962
1778017500.0,86.39,86.4,86.36,86.4,1060.511
1778017560.0,86.41,86.48,86.38,86.47,1635.387
1778017620.0,86.46,86.5,86.45,86.5,682.796
1778017680.0,86.5,86.52,86.49,86.5,1035.154
1778017740.0,86.49,86.54,86.49,86.54,480.918
1778017800.0,86.54,86.59,86.54,86.57,619.796
1778017860.0,86.57,86.63,86.57,86.63,532.173
1778017920.0,86.63,86.64,86.58,86.62,613.058
1778017980.0,86.62,86.64,86.59,86.64,332.888
1778018040.0,86.64,86.69,86.64,86.65,702.433
1778018100.0,86.65,86.7,86.65,86.69,2521.4
1778018160.0,86.69,86.69,86.64,86.64,1593.333
1778018220.0,86.64,86.72,86.64,86.71,1932.745
1778018280.0,86.72,86.72,86.68,86.7,1067.271
1778018340.0,86.7,86.72,86.69,86.72,1365.011
1778018400.0,86.71,86.88,86.71,86.85,3475.125
1778018460.0,86.85,86.85,86.8,86.84,1129.628
1778018520.0,86.85,86.89,86.82,86.89,3655.228
1778018580.0,86.88,86.98,86.88,86.98,1612.55
1778018640.0,86.98,86.98,86.88,86.89,2303.937
1778018700.0,86.89,86.93,86.87,86.93,2446.968
1778018760.0,86.93,86.93,86.81,86.81,2070.761
1778018820.0,86.81,86.82,86.72,86.72,1190.281
1778018880.0,86.73,86.73,86.66,86.71,1306.103
1778018940.0,86.71,86.71,86.65,86.68,2107.296
1778019000.0,86.67,86.68,86.63,86.64,1980.469
1778019060.0,86.64,86.65,86.6,86.61,2076.654
1778019120.0,86.62,86.63,86.59,86.59,996.204
1778019180.0,86.59,86.65,86.59,86.64,3695.477
1778019240.0,86.65,86.66,86.63,86.64,434.296
1778019300.0,86.64,86.64,86.59,86.61,276.246
1778019360.0,86.6,86.61,86.56,86.6,848.501
1778019420.0,86.6,86.62,86.59,86.61,562.57
1778019480.0,86.61,86.63,86.6,86.62,821.54
1778019540.0,86.62,86.67,86.62,86.66,1132.164
1778019600.0,86.67,86.72,86.66,86.7,1533.328
1778019660.0,86.7,86.71,86.69,86.71,682.959
1778019720.0,86.7,86.74,86.67,86.67,601.386
1778019780.0,86.68,86.68,86.65,86.65,1093.967
1778019840.0,86.66,86.7,86.62,86.7,1876.803
1778019900.0,86.71,86.76,86.71,86.72,991.258
1778019960.0,86.73,86.75,86.73,86.75,838.438
1778020020.0,86.75,86.94,86.75,86.91,5669.011
1778020080.0,86.91,86.91,86.86,86.9,1218.425
1778020140.0,86.91,86.91,86.79,86.81,1759.065
1778020200.0,86.8,86.81,86.72,86.74,1492.793
1778020260.0,86.75,86.75,86.66,86.66,1477.662
1778020320.0,86.65,86.66,86.53,86.56,5925.736
1778020380.0,86.56,86.58,86.47,86.57,2617.777
1778020440.0,86.57,86.58,86.48,86.48,4910.428
1778020500.0,86.49,86.55,86.47,86.51,2482.614
1778020560.0,86.51,86.53,86.47,86.51,1054.139
1778020620.0,86.51,86.51,86.46,86.5,2031.548
1778020680.0,86.49,86.51,86.39,86.42,3071.472
1778020740.0,86.43,86.44,86.36,86.41,2820.326
1778020800.0,86.42,86.5,86.41,86.48,2093.097
1778020860.0,86.48,86.48,86.3,86.31,2938.951
1778020920.0,86.31,86.32,86.2,86.28,5631.764
1778020980.0,86.27,86.38,86.26,86.38,1831.309
1778021040.0,86.37,86.38,86.35,86.38,1377.795
1778021100.0,86.39,86.4,86.36,86.39,224.96
1778021160.0,86.39,86.39,86.33,86.33,441.092
1778021220.0,86.34,86.34,86.25,86.27,2705.673
1778021280.0,86.28,86.39,86.28,86.39,1248.913
1778021340.0,86.38,86.39,86.33,86.36,953.064
1778021400.0,86.37,86.4,86.35,86.39,882.536
1778021460.0,86.39,86.39,86.34,86.34,613.139
1778021520.0,86.34,86.82,86.32,86.7,18705.302
1778021580.0,86.7,86.7,86.55,86.55,4022.125
1778021640.0,86.56,86.66,86.53,86.66,4169.976
1778021700.0,86.66,86.72,86.65,86.71,1148.317
1778021760.0,86.71,86.73,86.67,86.67,1154.144
1778021820.0,86.68,86.68,86.64,86.65,476.766
1778021880.0,86.64,86.64,86.58,86.6,2944.057
1778021940.0,86.6,86.61,86.57,86.58,508.406
1778022000.0,86.57,86.61,86.55,86.61,849.756
1778022060.0,86.61,86.61,86.53,86.54,1165.278
1778022120.0,86.55,86.56,86.44,86.46,1641.05
1778022180.0,86.46,86.47,86.43,86.44,205.809
1778022240.0,86.43,86.51,86.43,86.51,765.767
1778022300.0,86.5,86.54,86.47,86.47,669.431
1778022360.0,86.46,86.48,86.45,86.48,578.337
1778022420.0,86.48,86.51,86.45,86.45,705.321
1778022480.0,86.46,86.47,86.43,86.45,511.44
1778022540.0,86.46,86.51,86.44,86.51,385.231
1778022600.0,86.5,86.6,86.5,86.59,459.106
1778022660.0,86.59,86.62,86.59,86.62,449.381
1778022720.0,86.62,86.66,86.61,86.64,815.443
1778022780.0,86.63,86.67,86.63,86.66,238.401
1778022840.0,86.66,86.67,86.65,86.66,314.618
1778022900.0,86.66,86.67,86.54,86.55,1044.776
1778022960.0,86.55,86.55,86.5,86.51,909.329
1778023020.0,86.51,86.53,86.5,86.51,201.159
1778023080.0,86.52,86.56,86.51,86.56,700.413
1778023140.0,86.56,86.57,86.51,86.54,362.202
1778023200.0,86.54,86.56,86.51,86.54,1063.239
1778023260.0,86.55,86.56,86.54,86.55,1015.225
1778023320.0,86.56,86.56,86.53,86.54,591.456
1778023380.0,86.54,86.54,86.44,86.45,859.941
1778023440.0,86.45,86.45,86.43,86.43,590.363
1778023500.0,86.44,86.45,86.44,86.45,352.857
1778023560.0,86.44,86.44,86.37,86.38,1692.187
1778023620.0,86.37,86.39,86.35,86.36,408.855
1778023680.0,86.37,86.38,86.3,86.3,3121.948
1778023740.0,86.31,86.33,86.3,86.32,787.19
1778023800.0,86.31,86.33,86.29,86.31,1418.525
1778023860.0,86.31,86.39,86.3,86.37,7015.621
1778023920.0,86.36,86.41,86.35,86.35,1392.465
1778023980.0,86.35,86.36,86.29,86.3,708.36
1778024040.0,86.3,86.3,86.23,86.27,2096.619
1778024100.0,86.27,86.28,86.22,86.22,619.561
1778024160.0,86.22,86.23,86.2,86.21,1210.439
1778024220.0,86.21,86.22,86.17,86.19,1068.725
1778024280.0,86.19,86.21,86.18,86.21,783.525
1778024340.0,86.2,86.22,86.18,86.21,284.969
1778024400.0,86.21,86.24,86.2,86.21,991.58
1778024460.0,86.21,86.24,86.2,86.23,1034.104
1778024520.0,86.23,86.37,86.21,86.34,4240.189
1778024580.0,86.34,86.39,86.34,86.39,715.579
1778024640.0,86.39,86.39,86.36,86.36,1156.259
1778024700.0,86.35,86.42,86.35,86.4,878.431
1778024760.0,86.41,86.42,86.38,86.39,606.154
1778024820.0,86.39,86.4,86.38,86.39,478.171
1778024880.0,86.38,86.38,86.35,86.37,1353.166
1778024940.0,86.38,86.43,86.37,86.42,2032.208
1778025000.0,86.42,86.44,86.4,86.4,1344.965
1778025060.0,86.41,86.44,86.38,86.39,2056.536
1778025120.0,86.39,86.39,86.34,86.34,538.209
1778025180.0,86.35,86.35,86.32,86.33,69.525
1778025240.0,86.33,86.34,86.3,86.34,442.047
1778025300.0,86.34,86.35,86.3,86.34,614.492
1778025360.0,86.34,86.34,86.31,86.31,878.655
1778025420.0,86.32,86.34,86.32,86.34,580.103
1778025480.0,86.35,86.35,86.33,86.34,1206.385
1778025540.0,86.33,86.34,86.29,86.29,426.725
1778025600.0,86.29,86.35,86.26,86.35,1483.022
1778025660.0,86.35,86.39,86.32,86.32,847.53
1778025720.0,86.32,86.36,86.31,86.33,871.023
1778025780.0,86.32,86.46,86.32,86.36,8955.648
1778025840.0,86.35,86.42,86.33,86.37,831.092
1778025900.0,86.37,86.38,86.32,86.33,651.006
1778025960.0,86.32,86.32,86.26,86.31,2321.514
1778026020.0,86.32,86.34,86.3,86.34,834.543
1778026080.0,86.34,86.36,86.3,86.33,756.122
1778026140.0,86.32,86.34,86.31,86.33,755.835
1778026200.0,86.32,86.38,86.32,86.35,3830.259
1778026260.0,86.35,86.41,86.33,86.4,2510.305
1778026320.0,86.39,86.4,86.33,86.34,1401.162
1778026380.0,86.35,86.35,86.31,86.32,722.951
1778026440.0,86.31,86.33,86.31,86.32,294.692
1778026500.0,86.32,86.5,86.29,86.46,12339.534
1778026560.0,86.45,86.5,86.43,86.43,2668.774
1778026620.0,86.43,86.43,86.37,86.39,2297.48
1778026680.0,86.39,86.43,86.37,86.42,888.532
1778026740.0,86.42,86.42,86.36,86.36,314.263
1778026800.0,86.36,86.37,86.31,86.33,843.013
1778026860.0,86.33,86.33,86.24,86.24,510.404
1778026920.0,86.24,86.24,86.17,86.2,1866.6
1778026980.0,86.19,86.2,86.12,86.13,1570.955
1778027040.0,86.14,86.2,86.13,86.19,2087.674
1778027100.0,86.2,86.22,86.19,86.21,525.715
1778027160.0,86.22,86.28,86.21,86.22,785.647
1778027220.0,86.21,86.21,86.14,86.14,552.062
1778027280.0,86.14,86.14,86.11,86.14,388.189
1778027340.0,86.14,86.17,86.1,86.15,1477.944
1778027400.0,86.15,86.19,86.14,86.19,1389.2
1778027460.0,86.19,86.23,86.12,86.16,5499.09
1778027520.0,86.17,86.23,86.16,86.23,1351.24
1778027580.0,86.24,86.25,86.21,86.21,742.389
1778027640.0,86.22,86.33,86.22,86.33,4043.219
1778027700.0,86.32,86.33,86.31,86.32,488.363
1778027760.0,86.33,86.38,86.32,86.36,1464.773
1778027820.0,86.37,86.41,86.37,86.37,879.598
1778027880.0,86.36,86.36,86.31,86.35,957.761
1778027940.0,86.35,86.39,86.34,86.38,2142.804
1778028000.0,86.38,86.43,86.36,86.36,1679.885
1778028060.0,86.37,86.39,86.33,86.34,805.097
1778028120.0,86.33,86.37,86.33,86.37,713.365
1778028180.0,86.37,86.4,86.36,86.4,1161.454
1778028240.0,86.4,86.41,86.38,86.39,504.096
1778028300.0,86.38,86.41,86.37,86.39,486.915
1778028360.0,86.39,86.39,86.34,86.34,356.491
1778028420.0,86.34,86.35,86.26,86.28,3013.394
1778028480.0,86.27,86.27,86.24,86.25,673.281
1778028540.0,86.26,86.27,86.14,86.22,5934.515
1778028600.0,86.21,86.34,86.21,86.34,1994.698
1778028660.0,86.34,86.41,86.34,86.39,819.437
1778028720.0,86.39,86.39,86.36,86.39,1234.038
1778028780.0,86.39,86.45,86.39,86.45,923.399
1778028840.0,86.44,86.54,86.44,86.5,2559.614
1778028900.0,86.5,86.55,86.49,86.54,2735.918
1778028960.0,86.53,86.54,86.43,86.44,1173.896
1778029020.0,86.43,86.44,86.37,86.39,507.582
1778029080.0,86.39,86.42,86.37,86.38,808.945
1778029140.0,86.38,86.4,86.37,86.38,1383.46
1778029200.0,86.38,86.42,86.33,86.34,3535.5
1778029260.0,86.34,86.39,86.31,86.37,490.707
1778029320.0,86.38,86.43,86.36,86.42,637.949
1778029380.0,86.43,86.46,86.42,86.43,529.384
1778029440.0,86.43,86.51,86.43,86.51,736.357
1778029500.0,86.51,86.56,86.5,86.51,7141.577
1778029560.0,86.5,86.51,86.46,86.5,416.159
1778029620.0,86.5,86.5,86.46,86.48,645.447
1778029680.0,86.47,86.5,86.46,86.49,224.062
1778029740.0,86.49,86.53,86.49,86.52,490.244
1778029800.0,86.52,86.54,86.51,86.52,377.329
1778029860.0,86.52,86.52,86.51,86.52,166.272
1778029920.0,86.52,86.54,86.5,86.51,525.335
1778029980.0,86.51,86.54,86.5,86.53,180.716
1778030040.0,86.54,86.56,86.53,86.56,351.076
1778030100.0,86.56,86.6,86.55,86.6,662.821
1778030160.0,86.6,86.62,86.59,86.62,1007.449
1778030220.0,86.62,86.69,86.62,86.69,3661.827
1778030280.0,86.7,86.83,86.69,86.81,4557.865
1778030340.0,86.81,86.86,86.79,86.8,3324.382
1778030400.0,86.8,86.83,86.8,86.83,350.152
1778030460.0,86.82,86.82,86.76,86.77,1690.749
1778030520.0,86.76,86.78,86.73,86.73,4154.976
1778030580.0,86.74,86.8,86.73,86.78,696.197
1778030640.0,86.79,86.85,86.78,86.85,1079.786
1778030700.0,86.85,86.88,86.8,86.87,2232.715
1778030760.0,86.86,86.86,86.77,86.78,1787.064
1778030820.0,86.79,86.84,86.78,86.84,392.692
1778030880.0,86.84,86.84,86.78,86.78,646.882
1778030940.0,86.78,86.78,86.75,86.76,877.246
1778031000.0,86.77,86.8,86.76,86.79,388.524
1778031060.0,86.78,86.84,86.78,86.84,1912.139
1778031120.0,86.83,86.84,86.79,86.83,1101.814
1778031180.0,86.83,86.89,86.83,86.89,1184.635
1778031240.0,86.89,86.92,86.87,86.91,1030.006
1778031300.0,86.91,86.93,86.87,86.87,547.146
1778031360.0,86.88,86.88,86.82,86.83,741.769
1778031420.0,86.83,86.84,86.79,86.8,434.745
1778031480.0,86.8,86.83,86.77,86.82,976.468
1778031540.0,86.81,86.85,86.81,86.85,923.895
1778031600.0,86.85,86.87,86.84,86.85,586.753
1778031660.0,86.85,86.85,86.82,86.83,227.501
1778031720.0,86.82,86.87,86.81,86.87,699.362
1778031780.0,86.87,86.87,86.84,86.85,455.487
1778031840.0,86.84,86.85,86.83,86.83,329.635
1778031900.0,86.84,86.85,86.82,86.83,280.598
1778031960.0,86.83,86.87,86.83,86.86,2332.048
1778032020.0,86.86,86.98,86.86,86.95,4324.55
1778032080.0,86.95,86.95,86.87,86.87,1090.715
1778032140.0,86.87,86.91,86.87,86.87,621.105
1778032200.0,86.88,86.93,86.86,86.93,380.504
1778032260.0,86.92,86.92,86.88,86.9,781.843
1778032320.0,86.91,87.0,86.91,86.95,3644.323
1778032380.0,86.95,86.96,86.92,86.94,696.271
1778032440.0,86.94,86.94,86.88,86.91,1560.261
1778032500.0,86.9,86.9,86.82,86.83,1093.387
1778032560.0,86.84,86.86,86.82,86.83,778.682
1778032620.0,86.82,86.83,86.78,86.78,1025.992
1778032680.0,86.78,86.82,86.75,86.82,528.343
1778032740.0,86.81,86.86,86.8,86.86,1173.86
1778032800.0,86.86,86.87,86.78,86.78,1343.421
1778032860.0,86.79,86.79,86.73,86.79,906.309
1778032920.0,86.79,86.79,86.77,86.77,510.457
1778032980.0,86.77,86.79,86.75,86.78,2407.564
1778033040.0,86.78,86.79,86.73,86.74,580.605
1778033100.0,86.73,86.75,86.7,86.72,1768.081
1778033160.0,86.73,86.73,86.66,86.66,444.276
1778033220.0,86.66,86.73,86.65,86.72,501.008
1778033280.0,86.72,86.75,86.72,86.75,449.284
1778033340.0,86.75,86.83,86.75,86.81,1821.696
1778033400.0,86.82,86.85,86.81,86.84,456.811
1778033460.0,86.84,86.85,86.82,86.85,479.219
1778033520.0,86.84,86.87,86.83,86.83,690.632
1778033580.0,86.84,86.84,86.8,86.81,463.812
1778033640.0,86.81,86.82,86.79,86.82,452.396
1778033700.0,86.82,86.82,86.77,86.78,538.548
1778033760.0,86.77,86.78,86.72,86.73,505.449
1778033820.0,86.72,86.78,86.72,86.75,284.345
1778033880.0,86.75,86.76,86.74,86.75,630.445
1778033940.0,86.75,86.78,86.74,86.77,814.117
1778034000.0,86.76,86.79,86.75,86.79,515.024
1778034060.0,86.8,86.8,86.76,86.76,136.708
1778034120.0,86.77,86.77,86.73,86.74,502.664
1778034180.0,86.73,86.75,86.73,86.74,1558.094
1778034240.0,86.74,86.86,86.73,86.85,3991.619
1778034300.0,86.84,86.89,86.83,86.85,11891.711
1778034360.0,86.85,86.85,86.72,86.74,855.455
1778034420.0,86.74,86.74,86.68,86.68,513.395
1778034480.0,86.67,86.67,86.6,86.6,3544.751
1778034540.0,86.6,86.64,86.57,86.57,517.516
1778034600.0,86.58,86.58,86.53,86.54,482.94
1778034660.0,86.53,86.53,86.5,86.51,1276.071
1778034720.0,86.5,86.52,86.49,86.52,614.82
1778034780.0,86.51,86.52,86.47,86.48,655.716
1778034840.0,86.47,86.48,86.41,86.41,776.751
1778034900.0,86.41,86.43,86.39,86.43,1276.12
1778034960.0,86.43,86.49,86.43,86.48,361.752
1778035020.0,86.47,86.48,86.45,86.46,652.009
1778035080.0,86.46,86.53,86.46,86.52,499.489
1778035140.0,86.51,86.51,86.46,86.48,1716.903
1778035200.0,86.48,86.53,86.47,86.53,1393.82
1778035260.0,86.53,86.57,86.52,86.57,461.262
1778035320.0,86.57,86.63,86.54,86.54,1204.195
1778035380.0,86.54,86.54,86.52,86.52,123.966
1778035440.0,86.53,86.55,86.52,86.54,194.627
1778035500.0,86.54,86.58,86.53,86.58,1411.687
1778035560.0,86.59,86.64,86.59,86.63,471.638
1778035620.0,86.64,86.65,86.62,86.64,684.8
1778035680.0,86.64,86.68,86.63,86.68,266.476
1778035740.0,86.67,86.74,86.66,86.74,1412.312
1778035800.0,86.73,86.79,86.73,86.79,1443.504
1778035860.0,86.8,86.8,86.72,86.73,865.052
1778035920.0,86.73,86.73,86.67,86.71,2067.493
1778035980.0,86.71,86.72,86.7,86.7,455.354
1778036040.0,86.71,86.76,86.71,86.76,932.092
1778036100.0,86.76,86.79,86.76,86.78,391.328
1778036160.0,86.79,86.85,86.79,86.85,2869.436
1778036220.0,86.85,86.93,86.85,86.9,3771.711
1778036280.0,86.89,86.9,86.85,86.86,396.818
1778036340.0,86.86,86.9,86.85,86.88,1395.276
1778036400.0,86.89,87.0,86.88,87.0,3652.799
1778036460.0,87.0,87.0,86.95,86.98,2646.979
1778036520.0,86.98,87.09,86.94,86.95,20789.57
1778036580.0,86.96,87.09,86.93,87.04,4435.541
1778036640.0,87.05,87.21,87.04,87.2,9553.896
1778036700.0,87.21,87.35,87.19,87.34,10945.623
1778036760.0,87.33,87.34,87.19,87.21,1850.325
1778036820.0,87.2,87.2,87.17,87.19,1182.321
1778036880.0,87.19,87.19,87.03,87.04,1527.522
1778036940.0,87.05,87.1,87.05,87.08,1657.942
1778037000.0,87.07,87.09,87.04,87.08,3022.14
1778037060.0,87.08,87.09,87.05,87.07,805.096
1778037120.0,87.06,87.07,87.01,87.06,1910.89
1778037180.0,87.05,87.06,87.04,87.05,536.957
1778037240.0,87.05,87.07,87.02,87.03,1941.59
1778037300.0,87.02,87.04,87.0,87.04,1122.376
1778037360.0,87.05,87.07,87.0,87.03,2409.165
1778037420.0,87.02,87.03,86.98,86.99,1986.453
1778037480.0,86.99,87.02,86.99,87.01,725.703
1778037540.0,87.02,87.07,87.01,87.06,1131.899
1778037600.0,87.06,87.15,87.06,87.11,2405.094
1778037660.0,87.1,87.11,87.07,87.07,847.894
1778037720.0,87.07,87.1,87.06,87.07,996.497
1778037780.0,87.06,87.12,87.06,87.07,1000.872
1778037840.0,87.08,87.31,87.07,87.27,5150.563
1778037900.0,87.27,87.45,87.24,87.35,15458.185
1778037960.0,87.36,87.36,87.17,87.18,1898.885
1778038020.0,87.18,87.18,87.1,87.14,5876.029
1778038080.0,87.14,87.19,87.13,87.19,1106.711
1778038140.0,87.18,87.23,87.18,87.21,686.275
1778038200.0,87.22,87.24,87.2,87.23,507.132
1778038260.0,87.23,87.28,87.22,87.28,925.662
1778038320.0,87.29,87.35,87.29,87.35,2290.798
1778038380.0,87.34,87.38,87.3,87.31,8556.222
1778038440.0,87.31,87.34,87.3,87.33,855.897
1778038500.0,87.33,87.4,87.31,87.4,1676.722
1778038560.0,87.39,87.41,87.37,87.39,3025.0
1778038620.0,87.39,87.44,87.38,87.44,2285.623
1778038680.0,87.43,87.46,87.41,87.41,2710.951
1778038740.0,87.42,87.44,87.33,87.33,2124.613
1778038800.0,87.33,87.34,87.27,87.27,2712.012
1778038860.0,87.28,87.29,87.24,87.27,800.194
1778038920.0,87.28,87.29,87.27,87.28,364.589
1778038980.0,87.29,87.29,87.27,87.29,395.938
1778039040.0,87.29,87.3,87.25,87.3,675.248
1778039100.0,87.3,87.32,87.29,87.3,497.182
1778039160.0,87.3,87.3,87.25,87.25,760.028
1778039220.0,87.24,87.28,87.23,87.26,1033.273
1778039280.0,87.26,87.28,87.23,87.28,850.722
1778039340.0,87.27,87.29,87.25,87.25,539.777
1778039400.0,87.26,87.27,87.24,87.24,6995.284
1778039460.0,87.25,87.29,87.25,87.29,986.181
1778039520.0,87.29,87.33,87.28,87.33,421.153
1778039580.0,87.32,87.34,87.3,87.33,915.94
1778039640.0,87.32,87.33,87.24,87.24,3786.772
1778039700.0,87.24,87.33,87.24,87.33,952.736
1778039760.0,87.33,87.34,87.32,87.33,418.102
1778039820.0,87.32,87.51,87.32,87.44,40503.424
1778039880.0,87.44,87.44,87.38,87.38,5801.096
1778039940.0,87.38,87.4,87.33,87.33,3784.414
1778040000.0,87.34,87.43,87.33,87.4,3678.088
1778040060.0,87.39,87.4,87.38,87.38,663.832
1778040120.0,87.39,87.4,87.37,87.39,2296.44
1778040180.0,87.39,87.39,87.27,87.28,1219.725
1778040240.0,87.28,87.33,87.28,87.31,814.634
1778040300.0,87.32,87.35,87.31,87.34,588.43
1778040360.0,87.34,87.41,87.34,87.41,1283.899
1778040420.0,87.41,87.43,87.35,87.36,968.212
1778040480.0,87.35,87.36,87.3,87.31,674.469
1778040540.0,87.3,87.39,87.3,87.33,1615.959
1778040600.0,87.34,87.37,87.3,87.3,2253.983
1778040660.0,87.3,87.34,87.3,87.33,985.238
1778040720.0,87.33,87.33,87.32,87.33,296.432
1778040780.0,87.32,87.33,87.3,87.3,1155.469
1778040840.0,87.31,87.32,87.28,87.31,2754.598
1778040900.0,87.31,87.35,87.29,87.3,1653.347
1778040960.0,87.29,87.34,87.29,87.3,798.194
1778041020.0,87.3,87.31,87.3,87.31,495.265
1778041080.0,87.3,87.31,87.21,87.21,1945.583
1778041140.0,87.21,87.27,87.2,87.26,2551.566
1778041200.0,87.25,87.26,87.21,87.24,4942.536
1778041260.0,87.24,87.26,87.21,87.21,835.519
1778041320.0,87.22,87.24,87.15,87.16,3331.51
1778041380.0,87.16,87.17,87.15,87.16,840.338
1778041440.0,87.16,87.17,87.14,87.14,519.322
1778041500.0,87.15,87.17,87.11,87.13,883.165
1778041560.0,87.13,87.16,87.1,87.11,879.831
1778041620.0,87.11,87.16,87.11,87.16,789.588
1778041680.0,87.17,87.17,87.07,87.07,1458.426
1778041740.0,87.07,87.09,87.04,87.04,1207.607
1778041800.0,87.05,87.06,86.92,86.99,5388.703
1778041860.0,86.99,87.02,86.97,87.02,2629.061
1778041920.0,87.01,87.05,87.01,87.02,932.165
1778041980.0,87.01,87.04,87.01,87.04,1093.983
1778042040.0,87.04,87.04,86.95,86.95,1406.952
1778042100.0,86.96,86.99,86.95,86.98,1267.387
1778042160.0,86.98,87.0,86.95,86.97,1922.146
1778042220.0,86.97,86.98,86.95,86.96,847.013
1778042280.0,86.96,87.01,86.95,87.01,653.05
1778042340.0,87.0,87.01,86.96,86.96,1410.437
1778042400.0,86.96,86.97,86.91,86.91,2277.552
1778042460.0,86.91,86.93,86.91,86.91,908.515
1778042520.0,86.91,86.96,86.91,86.95,816.856
1778042580.0,86.95,86.96,86.92,86.95,1586.382
1778042640.0,86.94,86.96,86.94,86.95,269.112
1778042700.0,86.95,86.95,86.91,86.91,175.583
1778042760.0,86.91,86.93,86.87,86.93,2133.583
1778042820.0,86.93,86.96,86.92,86.96,701.411
1778042880.0,86.96,87.01,86.96,86.99,1277.735
1778042940.0,86.98,86.99,86.95,86.97,452.512
1778043000.0,86.97,86.97,86.93,86.94,696.635
1778043060.0,86.94,86.95,86.79,86.79,4341.141
1778043120.0,86.8,86.8,86.67,86.72,4181.782
1778043180.0,86.73,86.89,86.73,86.89,6198.042
1778043240.0,86.89,86.93,86.88,86.92,2482.397
1778043300.0,86.92,86.92,86.88,86.88,322.354
1778043360.0,86.88,86.89,86.84,86.84,1256.983
1778043420.0,86.85,86.86,86.8,86.8,1648.794
1778043480.0,86.8,86.86,86.8,86.84,1650.523
1778043540.0,86.85,86.85,86.81,86.81,1767.217
1778043600.0,86.8,86.86,86.8,86.83,2950.476
1778043660.0,86.84,86.86,86.83,86.83,790.819
1778043720.0,86.84,86.84,86.8,86.8,1219.129
1778043780.0,86.8,86.82,86.75,86.81,2605.903
1778043840.0,86.81,86.9,86.8,86.9,1376.122
1778043900.0,86.89,86.94,86.87,86.93,865.343
1778043960.0,86.93,86.93,86.89,86.9,593.729
1778044020.0,86.9,86.9,86.84,86.87,907.196
1778044080.0,86.87,86.9,86.86,86.9,992.275
1778044140.0,86.9,86.9,86.88,86.9,504.915
1778044200.0,86.89,86.92,86.89,86.9,537.532
1778044260.0,86.9,86.9,86.83,86.86,1071.644
1778044320.0,86.86,86.86,86.82,86.84,1576.399
1778044380.0,86.84,86.89,86.84,86.88,241.511
1778044440.0,86.87,86.88,86.86,86.87,430.902
1778044500.0,86.87,86.88,86.82,86.84,431.56
1778044560.0,86.84,86.85,86.82,86.84,304.287
1778044620.0,86.84,86.91,86.84,86.9,717.756
1778044680.0,86.9,86.93,86.9,86.93,345.4
1778044740.0,86.93,86.95,86.93,86.94,497.822
1778044800.0,86.95,86.96,86.92,86.95,908.121
1778044860.0,86.94,86.94,86.91,86.92,824.308
1778044920.0,86.92,86.95,86.91,86.94,600.488
1778044980.0,86.95,86.96,86.94,86.96,1139.612
1778045040.0,86.97,86.99,86.97,86.99,1198.699
1778045100.0,87.0,87.04,87.0,87.03,1981.543
1778045160.0,87.04,87.06,86.98,86.98,1431.777
1778045220.0,86.98,86.98,86.97,86.97,1132.737
1778045280.0,86.98,87.01,86.97,87.0,2941.302
1778045340.0,87.01,87.03,87.0,87.03,149.446
1778045400.0,87.03,87.08,87.03,87.08,2074.713
1778045460.0,87.08,87.08,87.03,87.03,698.09
1778045520.0,87.04,87.07,87.03,87.04,1103.973
1778045580.0,87.05,87.08,87.02,87.07,1506.608
1778045640.0,87.08,87.13,87.08,87.1,1591.145
1778045700.0,87.1,87.11,86.95,86.98,2224.529
1778045760.0,86.98,86.98,86.91,86.95,3403.769
1778045820.0,86.95,86.99,86.93,86.99,1626.104
1778045880.0,86.98,87.1,86.94,87.03,9948.959
1778045940.0,87.03,87.08,86.98,86.99,5754.043
1778046000.0,86.99,87.01,86.96,87.01,3221.176
1778046060.0,87.01,87.08,87.0,87.08,1947.674
1778046120.0,87.08,87.19,87.07,87.18,5584.467
1778046180.0,87.19,87.26,87.18,87.26,8025.508
1778046240.0,87.26,87.35,87.13,87.14,17282.36
1778046300.0,87.13,87.14,87.07,87.08,2008.346
1778046360.0,87.08,87.1,87.08,87.08,527.154
1778046420.0,87.08,87.13,87.07,87.13,1980.254
1778046480.0,87.14,87.19,87.14,87.18,628.852
1778046540.0,87.18,87.23,87.17,87.21,1052.439
1778046600.0,87.22,87.33,87.22,87.32,2406.918
1778046660.0,87.32,87.32,87.26,87.26,4627.039
1778046720.0,87.27,87.32,87.26,87.28,5113.683
1778046780.0,87.28,87.37,87.28,87.36,6559.149
1778046840.0,87.37,87.4,87.35,87.35,4538.829
1778046900.0,87.35,87.36,87.33,87.34,430.721
1778046960.0,87.33,87.44,87.33,87.44,3454.144
1778047020.0,87.44,87.45,87.38,87.39,4069.239
1778047080.0,87.4,87.45,87.38,87.44,1271.146
1778047140.0,87.43,87.46,87.4,87.41,3835.711
1778047200.0,87.4,87.45,87.4,87.44,1352.085
1778047260.0,87.44,87.47,87.39,87.45,3119.684
1778047320.0,87.44,87.44,87.39,87.39,1802.79
1778047380.0,87.4,87.44,87.39,87.43,1932.068
1778047440.0,87.42,87.45,87.42,87.44,980.39
1778047500.0,87.45,87.54,87.43,87.52,4149.981
1778047560.0,87.52,87.53,87.48,87.49,7086.199
1778047620.0,87.48,87.48,87.35,87.38,2752.274
1778047680.0,87.38,87.43,87.36,87.39,1201.368
1778047740.0,87.39,87.39,87.33,87.34,4340.159
1778047800.0,87.33,87.33,87.24,87.28,2544.803
1778047860.0,87.27,87.32,87.27,87.29,4192.538
1778047920.0,87.3,87.35,87.28,87.33,2723.551
1778047980.0,87.33,87.34,87.3,87.34,917.583
1778048040.0,87.33,87.34,87.28,87.29,273.869
1778048100.0,87.3,87.3,87.25,87.29,549.298
1778048160.0,87.28,87.28,87.2,87.21,1078.657
1778048220.0,87.22,87.22,87.17,87.18,730.116
1778048280.0,87.18,87.2,87.18,87.2,252.964
1778048340.0,87.2,87.21,87.17,87.2,3328.297
1778048400.0,87.21,87.21,87.18,87.19,1346.99
1778048460.0,87.2,87.2,87.17,87.2,562.411
1778048520.0,87.19,87.2,87.18,87.2,569.288
1778048580.0,87.19,87.22,87.19,87.22,1331.445
1778048640.0,87.22,87.29,87.22,87.28,1529.613
1778048700.0,87.27,87.27,87.22,87.22,508.49
1778048760.0,87.23,87.26,87.21,87.25,382.208
1778048820.0,87.25,87.28,87.25,87.27,229.16
1778048880.0,87.28,87.29,87.27,87.28,373.363
1778048940.0,87.29,87.29,87.25,87.25,868.164
1778049000.0,87.26,87.26,87.17,87.22,1544.85
1778049060.0,87.23,87.28,87.22,87.28,776.993
1778049120.0,87.28,87.3,87.26,87.3,132.337
1778049180.0,87.29,87.33,87.29,87.29,1565.883
1778049240.0,87.3,87.3,87.28,87.28,1812.921
1778049300.0,87.28,87.31,87.27,87.31,377.572
1778049360.0,87.31,87.33,87.3,87.32,499.92
1778049420.0,87.31,87.35,87.31,87.33,788.074
1778049480.0,87.34,87.39,87.34,87.37,970.691
1778049540.0,87.38,87.4,87.35,87.35,881.169
1778049600.0,87.36,87.39,87.34,87.37,1761.387
1778049660.0,87.36,87.4,87.35,87.37,812.332
1778049720.0,87.36,87.36,87.29,87.34,4686.266
1778049780.0,87.35,87.38,87.34,87.36,1562.752
1778049840.0,87.36,87.41,87.36,87.41,630.095
1778049900.0,87.42,87.46,87.4,87.41,890.36
1778049960.0,87.41,87.41,87.36,87.39,2055.962
1778050020.0,87.39,87.4,87.37,87.4,1167.392
1778050080.0,87.4,87.45,87.38,87.45,809.252
1778050140.0,87.44,87.47,87.44,87.47,333.274
1778050200.0,87.46,87.5,87.42,87.49,3654.94
1778050260.0,87.49,87.49,87.44,87.44,1841.786
1778050320.0,87.44,87.47,87.42,87.45,1810.961
1778050380.0,87.46,87.49,87.44,87.49,393.701
1778050440.0,87.48,87.49,87.45,87.49,643.948
1778050500.0,87.48,87.5,87.45,87.46,1565.533
1778050560.0,87.46,87.5,87.45,87.5,1714.797
1778050620.0,87.5,87.5,87.49,87.5,333.6
1778050680.0,87.5,87.53,87.49,87.52,6740.483
1778050740.0,87.53,87.54,87.48,87.49,1433.056
1778050800.0,87.49,87.54,87.49,87.54,436.992
1778050860.0,87.54,87.56,87.52,87.55,2695.315
1778050920.0,87.56,87.57,87.49,87.5,1975.195
1778050980.0,87.5,87.58,87.5,87.56,3598.76
1778051040.0,87.55,87.59,87.5,87.51,1904.687
1778051100.0,87.5,87.55,87.5,87.55,836.241
1778051160.0,87.55,87.55,87.46,87.46,1056.981
1778051220.0,87.46,87.51,87.46,87.51,868.607
1778051280.0,87.51,87.61,87.5,87.6,4384.084
1778051340.0,87.6,87.68,87.6,87.68,2607.561
1778051400.0,87.68,87.69,87.65,87.69,903.485
1778051460.0,87.68,87.74,87.68,87.71,3019.144
1778051520.0,87.71,87.74,87.7,87.72,1276.684
1778051580.0,87.72,87.72,87.57,87.58,1810.637
1778051640.0,87.57,87.63,87.53,87.53,2205.657
1778051700.0,87.53,87.6,87.53,87.6,568.403
1778051760.0,87.6,87.61,87.52,87.52,1557.208
1778051820.0,87.53,87.55,87.48,87.51,1756.664
1778051880.0,87.51,87.58,87.5,87.57,743.116
1778051940.0,87.58,87.6,87.58,87.59,1007.992
1778052000.0,87.6,87.6,87.57,87.58,515.892
1778052060.0,87.57,87.66,87.57,87.65,1606.201
1778052120.0,87.65,87.8,87.65,87.8,6480.787
1778052180.0,87.79,87.8,87.72,87.73,1466.463
1778052240.0,87.74,87.8,87.73,87.78,2086.105
1778052300.0,87.77,87.85,87.77,87.85,2429.459
1778052360.0,87.85,87.87,87.83,87.87,791.774
1778052420.0,87.87,87.89,87.83,87.83,2105.95
1778052480.0,87.84,87.85,87.78,87.79,1631.462
1778052540.0,87.79,87.8,87.75,87.76,2078.604
1778052600.0,87.75,87.75,87.69,87.73,3055.211
1778052660.0,87.73,87.75,87.7,87.74,2818.627
1778052720.0,87.75,87.79,87.74,87.78,753.396
1778052780.0,87.79,87.79,87.72,87.73,1705.347
1778052840.0,87.74,87.76,87.73,87.73,1257.929
1778052900.0,87.73,87.76,87.73,87.75,590.928
1778052960.0,87.74,87.76,87.74,87.76,226.018
1778053020.0,87.75,87.76,87.74,87.76,620.467
1778053080.0,87.76,87.81,87.75,87.8,1339.406
1778053140.0,87.8,87.82,87.8,87.8,738.156
1778053200.0,87.81,87.83,87.81,87.83,460.416
1778053260.0,87.83,87.83,87.81,87.82,514.583
1778053320.0,87.83,87.84,87.79,87.79,1267.537
1778053380.0,87.79,87.8,87.76,87.77,680.388
1778053440.0,87.77,87.78,87.75,87.76,603.424
1778053500.0,87.77,87.81,87.77,87.79,299.447
1778053560.0,87.79,87.84,87.79,87.84,1192.208
1778053620.0,87.83,87.84,87.8,87.8,3819.935
1778053680.0,87.8,87.81,87.79,87.79,751.502
1778053740.0,87.79,87.79,87.76,87.78,744.325
1778053800.0,87.78,87.8,87.72,87.73,1444.156
1778053860.0,87.73,87.76,87.72,87.75,502.1
1778053920.0,87.75,87.76,87.7,87.7,1571.204
1778053980.0,87.7,87.7,87.66,87.68,997.416
1778054040.0,87.67,87.68,87.66,87.67,595.508
1778054100.0,87.67,87.67,87.66,87.67,635.987
1778054160.0,87.67,87.67,87.61,87.62,553.422
1778054220.0,87.62,87.68,87.59,87.68,3049.701
1778054280.0,87.68,87.74,87.68,87.68,3939.677
1778054340.0,87.69,87.71,87.66,87.7,2030.084
1778054400.0,87.71,87.73,87.68,87.69,1445.391
1778054460.0,87.7,87.73,87.64,87.73,1207.075
1778054520.0,87.72,87.77,87.72,87.75,1566.429
1778054580.0,87.75,87.81,87.75,87.76,3215.801
1778054640.0,87.76,87.85,87.71,87.83,5101.761
1778054700.0,87.83,87.93,87.83,87.9,4535.926
1778054760.0,87.9,87.91,87.86,87.86,2331.407
1778054820.0,87.86,87.94,87.86,87.92,1188.159
1778054880.0,87.93,87.97,87.92,87.93,997.967
1778054940.0,87.94,87.95,87.89,87.89,2550.08
1778055000.0,87.89,87.98,87.89,87.9,2692.813
1778055060.0,87.91,87.93,87.89,87.89,765.359
1778055120.0,87.89,87.89,87.82,87.83,863.295
1778055180.0,87.83,87.88,87.83,87.88,678.157
1778055240.0,87.88,87.9,87.85,87.89,2035.811
1778055300.0,87.88,87.89,87.86,87.86,633.848
1778055360.0,87.86,87.86,87.83,87.85,1248.984
1778055420.0,87.85,87.88,87.85,87.88,1891.167
1778055480.0,87.88,87.88,87.86,87.87,369.171
1778055540.0,87.88,87.89,87.82,87.82,1775.078
1778055600.0,87.82,87.85,87.78,87.83,895.939
1778055660.0,87.84,87.85,87.82,87.84,760.17
1778055720.0,87.83,87.88,87.83,87.86,1579.947
1778055780.0,87.86,87.9,87.86,87.89,2830.802
1778055840.0,87.9,87.95,87.9,87.93,906.951
1778055900.0,87.94,87.94,87.93,87.93,755.484
1778055960.0,87.94,87.96,87.93,87.95,532.423
1778056020.0,87.95,87.99,87.85,87.88,27472.85
1778056080.0,87.88,87.88,87.84,87.85,1206.843
1778056140.0,87.84,87.88,87.84,87.87,1418.543
1778056200.0,87.88,87.94,87.87,87.93,2083.32
1778056260.0,87.94,87.97,87.94,87.96,710.609
1778056320.0,87.96,88.07,87.95,88.02,14874.794
1778056380.0,88.02,88.12,87.98,88.1,3503.054
1778056440.0,88.11,88.28,88.11,88.15,15952.153
1778056500.0,88.15,88.3,88.15,88.26,13096.392
1778056560.0,88.25,88.33,88.23,88.31,6664.431
1778056620.0,88.31,88.32,88.28,88.29,3289.421
1778056680.0,88.29,88.32,88.2,88.2,3304.223
1778056740.0,88.2,88.21,88.15,88.17,2086.596
1778056800.0,88.18,88.19,88.16,88.17,822.961
1778056860.0,88.18,88.18,88.17,88.17,647.012
1778056920.0,88.18,88.29,88.18,88.28,1452.34
1778056980.0,88.28,88.32,88.27,88.28,1290.266
1778057040.0,88.28,88.31,88.27,88.3,3798.219
1778057100.0,88.31,88.42,88.3,88.38,4306.415
1778057160.0,88.39,88.41,88.35,88.35,1996.787
1778057220.0,88.35,88.38,88.32,88.36,5145.33
1778057280.0,88.37,88.37,88.27,88.28,1498.973
1778057340.0,88.29,88.34,88.24,88.27,6063.738
1778057400.0,88.26,88.6,88.21,88.46,22434.251
1778057460.0,88.46,88.63,88.45,88.61,10833.469
1778057520.0,88.61,88.82,88.59,88.76,15079.234
1778057580.0,88.77,88.88,88.72,88.76,14421.543
1778057640.0,88.76,88.85,88.76,88.82,6548.611
1778057700.0,88.83,89.0,88.77,88.99,8562.769
1778057760.0,88.99,89.22,88.98,89.12,31555.745
1778057820.0,89.12,89.12,88.77,88.95,14796.648
1778057880.0,88.94,89.05,88.93,89.02,26181.07
1778057940.0,89.01,89.05,88.93,89.02,9219.225
1778058000.0,89.02,89.07,88.91,88.93,7176.66
1778058060.0,88.94,88.94,88.82,88.85,4358.789
1778058120.0,88.85,88.86,88.75,88.76,4882.295
1778058180.0,88.76,88.78,88.68,88.68,13880.429
1778058240.0,88.68,88.73,88.66,88.71,3040.599
1778058300.0,88.72,88.77,88.65,88.71,3953.197
1778058360.0,88.71,88.89,88.69,88.88,12179.649
1778058420.0,88.87,88.95,88.82,88.95,8084.065
1778058480.0,88.95,88.96,88.82,88.82,2955.645
1778058540.0,88.81,88.82,88.76,88.78,1461.593
1778058600.0,88.78,88.9,88.78,88.87,3482.097
1778058660.0,88.87,88.95,88.86,88.93,2173.4
1778058720.0,88.93,88.94,88.9,88.91,3176.116
1778058780.0,88.91,88.91,88.88,88.9,2345.229
1778058840.0,88.89,88.89,88.79,88.8,3438.986
1778058900.0,88.79,88.82,88.77,88.77,1265.705
1778058960.0,88.78,88.87,88.77,88.85,3196.854
1778059020.0,88.86,88.9,88.84,88.89,14054.125
1778059080.0,88.88,88.88,88.8,88.82,2390.137
1778059140.0,88.81,88.85,88.8,88.8,1346.041
1778059200.0,88.8,88.85,88.78,88.83,1848.259
1778059260.0,88.83,88.84,88.74,88.75,2117.052
1778059320.0,88.75,88.75,88.61,88.61,3203.276
1778059380.0,88.62,88.65,88.59,88.59,1571.974
1778059440.0,88.6,88.64,88.59,88.64,5112.243
1778059500.0,88.64,88.65,88.6,88.63,2359.475
1778059560.0,88.64,88.67,88.64,88.67,819.647
1778059620.0,88.67,88.67,88.65,88.67,4182.441
1778059680.0,88.67,88.75,88.66,88.75,10622.667
1778059740.0,88.74,88.82,88.74,88.81,1033.981
1778059800.0,88.82,88.84,88.78,88.81,3528.489
1778059860.0,88.82,88.84,88.8,88.84,1204.376
1778059920.0,88.84,89.3,88.83,89.03,27718.551
1778059980.0,89.02,89.17,89.0,89.15,4483.596
1778060040.0,89.14,89.18,89.04,89.04,3559.601
1778060100.0,89.05,89.09,89.01,89.05,5659.636
1778060160.0,89.05,89.12,89.02,89.05,10893.513
1778060220.0,89.05,89.15,89.05,89.09,7228.698
1778060280.0,89.09,89.15,89.06,89.15,7333.622
1778060340.0,89.14,89.24,89.14,89.21,8534.925
1778060400.0,89.21,89.25,89.16,89.21,12964.294
1778060460.0,89.21,89.27,89.18,89.22,9482.964
1778060520.0,89.22,89.27,89.14,89.14,4820.838
1778060580.0,89.14,89.2,89.14,89.18,4094.773
1778060640.0,89.18,89.27,89.18,89.24,7180.718
1778060700.0,89.25,89.25,89.06,89.08,7441.18
1778060760.0,89.08,89.14,89.07,89.11,4331.884
1778060820.0,89.1,89.15,89.07,89.11,4660.22
1778060880.0,89.11,89.12,89.05,89.08,3073.571
1778060940.0,89.09,89.17,89.08,89.17,2268.037
1778061000.0,89.17,89.18,89.06,89.06,2240.491
1778061060.0,89.07,89.12,89.06,89.11,2197.63
1778061120.0,89.12,89.18,89.11,89.18,1865.938
1778061180.0,89.17,89.24,89.16,89.23,2214.685
1778061240.0,89.22,89.26,89.22,89.24,2198.565
1778061300.0,89.24,89.45,89.24,89.45,10711.288
1778061360.0,89.44,89.54,89.43,89.43,12508.708
1778061420.0,89.42,89.43,89.37,89.42,3318.462
1778061480.0,89.42,89.46,89.41,89.46,1505.925
1778061540.0,89.46,89.48,89.44,89.48,4503.671
1778061600.0,89.48,89.5,89.36,89.39,10005.221
1778061660.0,89.39,89.44,89.34,89.35,2889.04
1778061720.0,89.35,89.4,89.33,89.34,3357.581
1778061780.0,89.35,89.37,89.31,89.32,2204.129
1778061840.0,89.33,89.4,89.32,89.35,1820.869
1778061900.0,89.36,89.36,89.23,89.25,3014.868
1778061960.0,89.24,89.26,89.21,89.25,3167.616
1778062020.0,89.26,89.26,89.21,89.24,1486.203
1778062080.0,89.23,89.27,89.21,89.22,4214.022
1778062140.0,89.22,89.3,89.21,89.3,2765.705
1778062200.0,89.3,89.38,89.3,89.37,1631.876
1778062260.0,89.38,89.49,89.36,89.48,3315.763
1778062320.0,89.48,89.52,89.45,89.48,3812.143
1778062380.0,89.47,89.53,89.43,89.52,5816.933
1778062440.0,89.52,89.58,89.51,89.51,4087.728
1778062500.0,89.52,89.52,89.4,89.45,6114.044
1778062560.0,89.44,89.53,89.41,89.53,6932.372
1778062620.0,89.53,89.62,89.52,89.55,7380.195
1778062680.0,89.55,89.58,89.54,89.56,5653.547
1778062740.0,89.56,89.6,89.52,89.6,10580.814
1778062800.0,89.59,89.69,89.59,89.65,8775.347
1778062860.0,89.65,89.65,89.53,89.55,6275.325
1778062920.0,89.54,89.58,89.51,89.54,4182.023
1778062980.0,89.54,89.58,89.54,89.55,3113.367
1778063040.0,89.54,89.56,89.53,89.56,2062.955
1778063100.0,89.55,89.6,89.54,89.57,2551.235
1778063160.0,89.56,89.56,89.53,89.54,2530.718
1778063220.0,89.54,89.58,89.54,89.55,3317.733
1778063280.0,89.56,89.56,89.48,89.49,1557.94
1778063340.0,89.49,89.52,89.45,89.52,4365.679
1778063400.0,89.52,89.53,89.51,89.51,2506.709
1778063460.0,89.51,89.58,89.51,89.56,2638.69
1778063520.0,89.56,89.56,89.5,89.5,5901.326
1778063580.0,89.5,89.56,89.49,89.55,2673.916
1778063640.0,89.56,89.67,89.55,89.59,6465.073
1778063700.0,89.6,89.69,89.59,89.66,1677.707
1778063760.0,89.67,89.67,89.55,89.55,3171.371
1778063820.0,89.56,89.6,89.52,89.6,953.999
1778063880.0,89.6,89.61,89.57,89.61,2115.363
1778063940.0,89.61,89.63,89.58,89.58,1650.354
1778064000.0,89.58,89.58,89.54,89.55,579.172
1778064060.0,89.55,89.56,89.52,89.56,1448.819
1778064120.0,89.56,89.59,89.5,89.59,1764.733
1778064180.0,89.59,89.66,89.56,89.56,2652.074
1778064240.0,89.57,89.64,89.56,89.58,3649.951
1778064300.0,89.59,89.65,89.56,89.65,1423.034
1778064360.0,89.65,89.65,89.59,89.61,705.859
1778064420.0,89.6,89.61,89.57,89.58,1226.543
1778064480.0,89.57,89.58,89.54,89.56,1884.117
1778064540.0,89.55,89.56,89.43,89.44,2117.74
1778064600.0,89.44,89.47,89.41,89.44,2494.911
1778064660.0,89.43,89.45,89.4,89.4,2976.086
1778064720.0,89.41,89.44,89.4,89.42,1251.804
1778064780.0,89.41,89.52,89.4,89.49,4764.229
1778064840.0,89.49,89.52,89.46,89.49,4271.11
1778064900.0,89.48,89.49,89.45,89.46,742.797
1778064960.0,89.46,89.47,89.37,89.37,4047.732
1778065020.0,89.36,89.41,89.36,89.41,1108.085
1778065080.0,89.4,89.42,89.4,89.41,1460.221
1778065140.0,89.41,89.42,89.38,89.38,855.53
1778065200.0,89.38,89.38,89.31,89.34,6029.703
1778065260.0,89.34,89.48,89.33,89.47,6309.857
1778065320.0,89.46,89.47,89.39,89.46,2734.525
1778065380.0,89.46,89.46,89.35,89.41,1836.557
1778065440.0,89.41,89.46,89.41,89.43,795.203
1778065500.0,89.42,89.53,89.42,89.52,2253.89
1778065560.0,89.52,89.57,89.52,89.54,1792.882
1778065620.0,89.53,89.54,89.46,89.46,1113.994
1778065680.0,89.47,89.47,89.4,89.45,1399.287
1778065740.0,89.45,89.49,89.45,89.47,2621.124
1778065800.0,89.47,89.5,89.47,89.5,951.399
1778065860.0,89.49,89.54,89.49,89.53,754.039
1778065920.0,89.54,89.55,89.49,89.49,1549.306
1778065980.0,89.49,89.52,89.49,89.52,1344.558
1778066040.0,89.52,89.52,89.51,89.51,639.412
1778066100.0,89.52,89.59,89.5,89.59,1782.618
1778066160.0,89.59,89.62,89.55,89.55,2479.516
1778066220.0,89.54,89.7,89.54,89.69,3039.946
1778066280.0,89.7,89.75,89.67,89.68,5169.946
1778066340.0,89.68,89.73,89.65,89.69,5133.247
1778066400.0,89.7,89.9,89.69,89.89,4791.551
1778066460.0,89.89,89.9,89.75,89.83,3613.574
1778066520.0,89.83,89.94,89.82,89.94,4161.681
1778066580.0,89.93,89.94,89.83,89.87,4435.703
1778066640.0,89.87,89.98,89.87,89.97,3327.365
1778066700.0,89.97,90.03,89.84,89.85,27310.76
1778066760.0,89.85,89.85,89.77,89.78,4466.163
1778066820.0,89.78,89.78,89.67,89.7,2278.78
1778066880.0,89.7,89.73,89.63,89.64,1480.351
1778066940.0,89.64,89.66,89.6,89.6,2186.717
1778067000.0,89.59,89.64,89.59,89.62,4984.955
1778067060.0,89.62,89.66,89.62,89.66,1717.761
1778067120.0,89.66,89.69,89.61,89.61,2808.342
1778067180.0,89.62,89.65,89.59,89.64,2018.398
1778067240.0,89.63,89.67,89.61,89.67,3147.25
1778067300.0,89.66,89.67,89.64,89.67,2130.086
1778067360.0,89.67,89.77,89.66,89.77,4545.99
1778067420.0,89.78,89.78,89.7,89.74,1871.528
1778067480.0,89.75,89.77,89.74,89.74,1550.784
1778067540.0,89.74,89.8,89.74,89.8,1130.511
1778067600.0,89.8,89.86,89.78,89.79,1545.051
1778067660.0,89.79,89.79,89.49,89.55,6359.667
1778067720.0,89.55,89.65,89.55,89.58,3763.846
1778067780.0,89.58,89.58,89.53,89.55,1274.647
1778067840.0,89.55,89.55,89.5,89.52,2932.941
1778067900.0,89.51,89.56,89.47,89.56,2968.986
1778067960.0,89.56,89.56,89.51,89.53,1152.985
1778068020.0,89.54,89.61,89.54,89.57,1301.332
1778068080.0,89.57,89.61,89.53,89.56,1434.624
1778068140.0,89.56,89.6,89.56,89.59,1048.98
1778068200.0,89.59,89.82,89.59,89.81,8773.815
1778068260.0,89.81,89.85,89.77,89.84,2948.207
1778068320.0,89.84,89.84,89.77,89.81,2141.154
1778068380.0,89.82,89.82,89.72,89.75,876.698
1778068440.0,89.75,89.8,89.72,89.8,2254.732
1778068500.0,89.79,89.84,89.79,89.82,753.175
1778068560.0,89.81,89.82,89.74,89.78,3038.028
1778068620.0,89.78,89.86,89.78,89.85,3308.817
1778068680.0,89.85,89.86,89.82,89.84,623.075
1778068740.0,89.83,89.87,89.83,89.87,698.328
1778068800.0,89.87,89.95,89.87,89.94,4585.452
1778068860.0,89.95,89.97,89.83,89.89,3204.812
1778068920.0,89.88,89.96,89.87,89.89,6685.634
1778068980.0,89.88,89.88,89.65,89.65,5965.521
1778069040.0,89.65,89.69,89.65,89.67,1617.944
1778069100.0,89.68,89.8,89.68,89.76,4156.467
1778069160.0,89.76,89.76,89.63,89.67,1780.349
1778069220.0,89.67,89.75,89.66,89.75,1557.294
1778069280.0,89.76,89.79,89.75,89.76,1348.271
1778069340.0,89.76,89.76,89.66,89.69,2794.823
1778069400.0,89.7,89.78,89.69,89.78,3094.844
1778069460.0,89.77,89.78,89.74,89.77,1581.266
1778069520.0,89.77,89.78,89.69,89.7,2662.2
1778069580.0,89.71,89.76,89.71,89.72,2592.379
1778069640.0,89.72,89.78,89.5,89.51,9419.416
1778069700.0,89.51,89.65,89.5,89.6,12690.315
1778069760.0,89.59,89.6,89.55,89.6,1565.593
1778069820.0,89.6,89.6,89.5,89.57,1277.739
1778069880.0,89.57,89.63,89.55,89.58,4471.337
1778069940.0,89.58,89.58,89.5,89.53,5034.593
1778070000.0,89.54,89.64,89.53,89.64,6970.046
1778070060.0,89.64,89.69,89.63,89.69,3959.321
1778070120.0,89.68,89.79,89.68,89.74,2845.53
1778070180.0,89.74,89.8,89.74,89.76,1785.017
1778070240.0,89.76,89.77,89.69,89.7,1314.495
1778070300.0,89.7,89.71,89.65,89.65,1398.034
1778070360.0,89.65,89.66,89.61,89.64,1235.974
1778070420.0,89.64,89.66,89.63,89.64,1263.289
1778070480.0,89.65,89.65,89.63,89.63,284.286
1778070540.0,89.63,89.64,89.63,89.63,669.312
1778070600.0,89.64,89.71,89.63,89.69,13546.567
1778070660.0,89.68,89.7,89.68,89.7,697.518
1778070720.0,89.7,89.78,89.7,89.78,1674.772
1778070780.0,89.78,89.78,89.75,89.76,606.525
1778070840.0,89.76,89.81,89.73,89.8,1638.205
1778070900.0,89.8,89.84,89.8,89.84,1487.197
1778070960.0,89.84,89.85,89.8,89.85,1410.966
1778071020.0,89.84,89.85,89.76,89.76,960.436
1778071080.0,89.77,89.81,89.74,89.74,1755.851
1778071140.0,89.75,89.76,89.71,89.71,840.411
1778071200.0,89.72,89.73,89.7,89.73,1505.262
1778071260.0,89.72,89.73,89.67,89.67,465.62
1778071320.0,89.67,89.75,89.67,89.74,2373.034
1778071380.0,89.74,89.75,89.71,89.71,900.712
1778071440.0,89.71,89.74,89.71,89.74,1698.395
1778071500.0,89.73,89.75,89.71,89.72,1122.669
1778071560.0,89.71,89.81,89.71,89.81,2964.249
1778071620.0,89.81,89.88,89.8,89.83,3981.948
1778071680.0,89.84,89.84,89.77,89.82,3259.285
1778071740.0,89.83,89.84,89.78,89.83,10173.119
1778071800.0,89.83,89.86,89.83,89.85,1717.811
1778071860.0,89.85,89.9,89.85,89.89,729.082
1778071920.0,89.9,89.9,89.86,89.86,1063.25
1778071980.0,89.87,89.87,89.84,89.87,820.723
1778072040.0,89.88,89.89,89.68,89.73,3084.301
1778072100.0,89.72,89.75,89.55,89.6,3420.318
1778072160.0,89.6,89.68,89.59,89.65,1990.956
1778072220.0,89.65,89.66,89.62,89.63,983.77
1778072280.0,89.62,89.65,89.59,89.64,2177.448
1778072340.0,89.63,89.66,89.62,89.66,1569.916
1778072400.0,89.66,89.66,89.33,89.39,10944.473
1778072460.0,89.38,89.39,89.18,89.19,14729.198
1778072520.0,89.19,89.33,89.19,89.32,7681.035
1778072580.0,89.33,89.43,89.32,89.39,4090.834
1778072640.0,89.39,89.41,89.2,89.21,7892.816
1778072700.0,89.21,89.32,89.18,89.22,4123.872
1778072760.0,89.23,89.23,89.04,89.05,12206.447
1778072820.0,89.05,89.07,88.57,88.59,22869.987
1778072880.0,88.59,88.79,88.43,88.77,12403.676
1778072940.0,88.77,88.81,88.73,88.76,5703.178
1778073000.0,88.76,88.92,88.74,88.92,3166.457
1778073060.0,88.92,89.06,88.91,89.05,6218.51
1778073120.0,89.04,89.12,89.0,89.02,3877.314
1778073180.0,89.02,89.03,88.93,89.02,3233.454
1778073240.0,89.01,89.06,88.79,88.92,30104.797
1778073300.0,88.92,88.95,88.9,88.93,3204.359
1778073360.0,88.94,89.05,88.9,89.03,5778.848
1778073420.0,89.03,89.05,88.95,89.01,4726.422
1778073480.0,89.01,89.02,88.86,88.86,2160.245
1778073540.0,88.85,88.85,88.69,88.69,2770.583
1778073600.0,88.69,88.83,88.59,88.72,11888.831
1778073660.0,88.73,88.73,88.64,88.7,3331.682
1778073720.0,88.71,88.79,88.64,88.78,1983.716
1778073780.0,88.79,88.8,88.7,88.71,1830.864
1778073840.0,88.71,88.76,88.63,88.65,3359.449
1778073900.0,88.66,88.68,88.43,88.45,8032.278
1778073960.0,88.45,88.51,88.37,88.49,6396.248
1778074020.0,88.5,88.58,88.44,88.57,4778.508
1778074080.0,88.57,88.59,88.48,88.54,8647.885
1778074140.0,88.54,88.55,88.5,88.51,5393.462
1778074200.0,88.51,88.54,88.38,88.51,7017.402
1778074260.0,88.51,88.81,88.48,88.8,6834.94
1778074320.0,88.79,88.8,88.71,88.78,7313.934
1778074380.0,88.79,88.79,88.64,88.69,6529.489
1778074440.0,88.69,88.79,88.68,88.77,4852.931
1778074500.0,88.78,88.81,88.69,88.71,2429.648
1778074560.0,88.71,88.76,88.64,88.65,2320.987
1778074620.0,88.65,88.65,88.47,88.47,4358.157
1778074680.0,88.46,88.53,88.39,88.49,5439.081
1778074740.0,88.49,88.56,88.47,88.48,2067.25
1778074800.0,88.48,88.62,88.45,88.57,2855.261
1778074860.0,88.56,88.67,88.56,88.67,4958.108
1778074920.0,88.66,88.66,88.54,88.59,3239.321
1778074980.0,88.58,88.72,88.53,88.7,4192.632
1778075040.0,88.7,88.72,88.63,88.69,2660.428
1778075100.0,88.69,88.71,88.49,88.49,3357.417
1778075160.0,88.48,88.49,88.2,88.22,9963.399
1778075220.0,88.22,88.28,88.07,88.24,13327.42
1778075280.0,88.25,88.34,88.23,88.31,8420.273
1778075340.0,88.31,88.43,88.29,88.31,3662.228
1778075400.0,88.3,88.32,88.15,88.15,7110.65
1778075460.0,88.14,88.28,88.11,88.23,3574.55
1778075520.0,88.23,88.35,88.21,88.23,2689.569
1778075580.0,88.22,88.25,88.18,88.2,5837.77
1778075640.0,88.2,88.34,88.19,88.31,6779.231
1778075700.0,88.32,88.4,88.3,88.31,3177.408
1778075760.0,88.3,88.31,88.2,88.29,2281.49
1778075820.0,88.29,88.38,88.29,88.37,1207.892
1778075880.0,88.36,88.44,88.36,88.39,2281.107
1778075940.0,88.4,88.42,88.33,88.33,4175.852
1778076000.0,88.33,88.36,88.21,88.21,5327.268
1778076060.0,88.21,88.26,88.15,88.2,5313.061
1778076120.0,88.21,88.24,88.18,88.18,1062.473
1778076180.0,88.18,88.2,88.1,88.1,3335.897
1778076240.0,88.11,88.11,87.78,87.78,16630.312
1778076300.0,87.79,87.83,87.7,87.81,19374.536
1778076360.0,87.81,87.86,87.59,87.61,42975.309
1778076420.0,87.6,87.79,87.47,87.77,19571.851
1778076480.0,87.77,87.93,87.72,87.93,7233.326
1778076540.0,87.93,88.02,87.92,88.02,7455.078
1778076600.0,88.02,88.02,87.9,87.94,2679.006
1778076660.0,87.93,87.94,87.84,87.86,2405.356
1778076720.0,87.87,88.08,87.87,88.0,13648.405
1778076780.0,88.0,88.1,87.97,88.05,7594.219
1778076840.0,88.04,88.11,88.03,88.11,1309.243
1778076900.0,88.1,88.15,88.06,88.11,2399.907
1778076960.0,88.1,88.15,88.07,88.09,2815.549
1778077020.0,88.09,88.09,87.9,87.99,5650.907
1778077080.0,87.99,88.03,87.95,87.99,3491.273
1778077140.0,87.99,88.07,87.98,88.0,1827.182
1778077200.0,88.01,88.09,88.0,88.09,1781.348
1778077260.0,88.1,88.21,88.09,88.15,4457.207
1778077320.0,88.16,88.21,88.16,88.19,4737.559
1778077380.0,88.19,88.22,88.14,88.17,5621.536
1778077440.0,88.18,88.29,88.17,88.28,2717.493
1778077500.0,88.27,88.4,88.25,88.39,3735.493
1778077560.0,88.38,88.46,88.37,88.41,5012.969
1778077620.0,88.42,88.47,88.4,88.46,2794.717
1778077680.0,88.46,88.47,88.26,88.29,9733.187
1778077740.0,88.29,88.32,88.18,88.18,3350.29
1778077800.0,88.18,88.37,88.18,88.36,2490.341
1778077860.0,88.36,88.4,88.32,88.4,1944.947
1778077920.0,88.39,88.42,88.38,88.41,2137.862
1778077980.0,88.41,88.42,88.38,88.42,898.904
1778078040.0,88.42,88.54,88.41,88.48,3543.631
1778078100.0,88.49,88.51,88.46,88.49,3236.083
1778078160.0,88.48,88.54,88.47,88.52,1519.921
1778078220.0,88.53,88.53,88.41,88.41,1695.802
1778078280.0,88.42,88.45,88.39,88.45,777.953
1778078340.0,88.44,88.52,88.44,88.5,2129.525
1778078400.0,88.5,88.56,88.5,88.55,1502.539
1778078460.0,88.54,88.56,88.47,88.47,1422.996
1778078520.0,88.47,88.53,88.42,88.53,1674.355
1778078580.0,88.52,88.6,88.52,88.57,3534.123
1778078640.0,88.57,88.66,88.55,88.66,4140.851
1778078700.0,88.66,88.85,88.65,88.82,6249.391
1778078760.0,88.82,88.83,88.72,88.73,2022.892
1778078820.0,88.72,88.73,88.66,88.67,1866.865
1778078880.0,88.67,88.67,88.56,88.57,1275.19
1778078940.0,88.56,88.63,88.52,88.62,1701.239
1778079000.0,88.63,88.67,88.6,88.6,1270.08
1778079060.0,88.59,88.62,88.5,88.52,1580.703
1778079120.0,88.53,88.54,88.39,88.49,1387.236
1778079180.0,88.49,88.51,88.46,88.48,584.753
1778079240.0,88.47,88.48,88.41,88.43,796.185
1778079300.0,88.43,88.5,88.43,88.47,649.918
1778079360.0,88.47,88.51,88.41,88.42,1687.083
1778079420.0,88.42,88.45,88.39,88.43,2606.059
1778079480.0,88.43,88.43,88.32,88.35,2144.116
1778079540.0,88.36,88.42,88.35,88.4,2556.983
1778079600.0,88.4,88.52,88.37,88.46,2341.984
1778079660.0,88.46,88.56,88.44,88.54,1185.262
1778079720.0,88.54,88.55,88.44,88.51,3689.469
1778079780.0,88.52,88.53,88.42,88.51,1927.103
1778079840.0,88.5,88.58,88.49,88.58,1126.519
1778079900.0,88.59,88.64,88.58,88.62,2456.261
1778079960.0,88.61,88.65,88.61,88.64,1362.083
1778080020.0,88.64,88.64,88.6,88.61,2074.94
1778080080.0,88.6,88.63,88.53,88.55,2375.389
1778080140.0,88.54,88.57,88.52,88.54,1497.932
1778080200.0,88.53,88.56,88.51,88.52,1179.26
1778080260.0,88.52,88.57,88.5,88.54,1295.458
1778080320.0,88.54,88.54,88.44,88.45,1690.424
1778080380.0,88.45,88.45,88.32,88.35,3035.859
1778080440.0,88.35,88.41,88.3,88.41,2691.64
1778080500.0,88.4,88.58,88.4,88.58,1829.918
1778080560.0,88.59,88.66,88.56,88.66,1708.075
1778080620.0,88.66,88.81,88.65,88.79,5345.606
1778080680.0,88.79,88.85,88.78,88.78,1870.031
1778080740.0,88.78,88.9,88.78,88.88,5926.68
1778080800.0,88.88,88.88,88.83,88.88,2405.525
1778080860.0,88.87,88.97,88.87,88.97,3361.871
1778080920.0,88.97,88.97,88.89,88.9,3005.697
1778080980.0,88.89,88.96,88.88,88.93,2466.692
1778081040.0,88.92,88.94,88.89,88.9,1206.496
1778081100.0,88.9,88.92,88.86,88.88,1247.396
1778081160.0,88.89,88.89,88.84,88.84,570.241
1778081220.0,88.85,88.85,88.79,88.82,2363.878
1778081280.0,88.81,88.81,88.75,88.79,3402.966
1778081340.0,88.8,88.8,88.73,88.76,1200.279
1778081400.0,88.76,88.83,88.75,88.81,567.985
1778081460.0,88.81,88.84,88.8,88.81,1142.463
1778081520.0,88.8,88.86,88.79,88.81,2868.942
1778081580.0,88.8,88.87,88.79,88.83,1120.186
1778081640.0,88.84,88.86,88.8,88.8,446.848
1778081700.0,88.8,88.81,88.69,88.73,4557.169
1778081760.0,88.72,88.76,88.7,88.75,1479.871
1778081820.0,88.75,88.76,88.64,88.65,1402.977
1778081880.0,88.64,88.7,88.59,88.59,1494.451
1778081940.0,88.6,88.61,88.55,88.57,1638.425
1778082000.0,88.56,88.62,88.55,88.62,1012.344
1778082060.0,88.63,88.66,88.62,88.62,598.124
1778082120.0,88.61,88.62,88.57,88.62,1683.086
1778082180.0,88.63,88.63,88.59,88.61,584.307
1778082240.0,88.6,88.92,88.6,88.8,10040.209
1778082300.0,88.81,89.02,88.8,88.94,6329.105
1778082360.0,88.95,89.04,88.94,89.02,1164.814
1778082420.0,89.02,89.03,88.94,88.98,1267.513
1778082480.0,88.99,89.02,88.96,89.0,915.456
1778082540.0,89.01,89.02,88.95,88.95,2126.852
1778082600.0,88.95,88.97,88.87,88.9,1570.87
1778082660.0,88.89,88.96,88.89,88.94,2903.127
1778082720.0,88.94,88.99,88.93,88.97,953.608
1778082780.0,88.97,88.98,88.94,88.96,558.88
1778082840.0,88.96,89.02,88.95,89.02,1218.688
1778082900.0,89.01,89.06,89.01,89.02,1526.075
1778082960.0,89.02,89.02,88.96,89.0,780.134
1778083020.0,89.01,89.02,88.93,88.93,1449.558
1778083080.0,88.94,88.98,88.92,88.98,733.401
1778083140.0,88.98,89.0,88.97,88.97,1971.836
1778083200.0,88.97,88.99,88.95,88.96,641.916
1778083260.0,88.96,88.99,88.95,88.97,4454.223
1778083320.0,88.97,88.99,88.9,88.92,2599.826
1778083380.0,88.93,88.93,88.82,88.89,2377.045
1778083440.0,88.89,88.99,88.88,88.97,1260.702
1778083500.0,88.98,89.08,88.98,89.06,1923.706
1778083560.0,89.06,89.06,88.94,88.94,1819.011
1778083620.0,88.94,89.01,88.93,89.01,755.47
1778083680.0,89.01,89.05,88.99,89.03,1026.726
1778083740.0,89.03,89.1,89.0,89.09,996.426
1778083800.0,89.1,89.16,89.08,89.14,1051.915
1778083860.0,89.14,89.17,89.1,89.12,1283.173
1778083920.0,89.11,89.2,89.08,89.08,3404.536
1778083980.0,89.08,89.11,89.06,89.06,1057.511
1778084040.0,89.07,89.1,89.06,89.08,2191.395
1778084100.0,89.08,89.15,89.06,89.15,1037.111
1778084160.0,89.15,89.15,89.07,89.08,2768.485
1778084220.0,89.07,89.07,89.03,89.06,340.6
1778084280.0,89.06,89.06,88.97,89.04,836.364
1778084340.0,89.04,89.04,88.96,88.96,494.31
1778084400.0,88.97,88.98,88.9,88.91,1947.628
1778084460.0,88.92,88.93,88.77,88.8,3806.669
1778084520.0,88.81,88.81,88.67,88.7,5273.327
1778084580.0,88.7,88.78,88.64,88.77,4887.419
1778084640.0,88.77,88.88,88.77,88.83,4576.262
1778084700.0,88.83,88.9,88.8,88.87,2236.907
1778084760.0,88.87,88.89,88.8,88.8,2299.381
1778084820.0,88.8,88.82,88.77,88.81,1291.862
1778084880.0,88.81,88.81,88.77,88.78,1522.61
1778084940.0,88.77,88.79,88.67,88.71,3790.944
1778085000.0,88.72,88.77,88.72,88.74,4268.426
1778085060.0,88.75,88.75,88.68,88.68,1640.363
1778085120.0,88.69,88.73,88.59,88.73,5392.163
1778085180.0,88.73,88.83,88.73,88.81,2346.021
1778085240.0,88.81,88.88,88.78,88.87,2014.396
1778085300.0,88.86,88.89,88.8,88.8,1262.274
1778085360.0,88.79,88.93,88.75,88.91,1835.85
1778085420.0,88.91,89.0,88.91,88.97,3363.379
1778085480.0,88.97,89.01,88.97,88.98,1437.084
1778085540.0,88.98,89.08,88.97,89.06,1551.561
1778085600.0,89.06,89.1,89.01,89.1,1502.011
1778085660.0,89.11,89.2,89.1,89.19,2113.023
1778085720.0,89.19,89.25,89.18,89.25,4529.184
1778085780.0,89.25,89.28,89.16,89.16,2140.378
1778085840.0,89.16,89.26,89.16,89.24,2295.426
1778085900.0,89.24,89.27,89.22,89.24,711.932
1778085960.0,89.24,89.29,89.24,89.25,814.161
1778086020.0,89.26,89.29,89.24,89.25,663.281
1778086080.0,89.25,89.29,89.24,89.29,1348.137
1778086140.0,89.29,89.38,89.28,89.37,3408.538
1778086200.0,89.37,89.49,89.36,89.46,3314.04
1778086260.0,89.46,89.51,89.46,89.47,6446.856
1778086320.0,89.47,89.48,89.4,89.43,1040.736
1778086380.0,89.43,89.46,89.37,89.4,623.547
1778086440.0,89.39,89.4,89.27,89.28,1275.045
1778086500.0,89.28,89.28,89.18,89.21,5773.689
1778086560.0,89.21,89.29,89.21,89.28,974.323
1778086620.0,89.29,89.3,89.19,89.19,1172.208
1778086680.0,89.19,89.25,89.14,89.25,2227.396
1778086740.0,89.25,89.26,89.17,89.18,644.322
1778086800.0,89.18,89.22,89.15,89.17,1250.445
1778086860.0,89.16,89.2,89.15,89.16,1150.824
1778086920.0,89.15,89.28,89.15,89.27,2351.868
1778086980.0,89.28,89.33,89.25,89.33,1586.68
1778087040.0,89.33,89.41,89.33,89.38,2350.205
1778087100.0,89.37,89.44,89.37,89.4,1802.823
1778087160.0,89.39,89.4,89.3,89.34,556.622
1778087220.0,89.33,89.38,89.33,89.35,333.884
1778087280.0,89.36,89.4,89.32,89.32,1232.67
1778087340.0,89.32,89.34,89.2,89.21,1177.038
1778087400.0,89.2,89.24,89.19,89.24,860.382
1778087460.0,89.24,89.3,89.2,89.2,584.618
1778087520.0,89.2,89.3,89.2,89.28,668.791
1778087580.0,89.29,89.3,89.25,89.26,709.085
1778087640.0,89.26,89.27,89.22,89.22,372.312
1778087700.0,89.23,89.23,89.1,89.11,1292.714
1778087760.0,89.12,89.12,88.9,88.94,6313.475
1778087820.0,88.93,89.04,88.92,88.93,3749.016
1778087880.0,88.94,88.95,88.9,88.92,2643.008
1778087940.0,88.91,89.04,88.91,89.01,4326.809
1778088000.0,89.02,89.07,89.01,89.06,843.152
1778088060.0,89.06,89.14,89.06,89.11,3340.599
1778088120.0,89.11,89.16,89.09,89.15,654.109
1778088180.0,89.15,89.22,89.15,89.2,3359.742
1778088240.0,89.2,89.21,89.14,89.16,1074.105
1778088300.0,89.16,89.16,89.12,89.14,681.607
1778088360.0,89.14,89.15,89.05,89.1,1510.458
1778088420.0,89.1,89.1,89.08,89.09,3875.059
1778088480.0,89.08,89.09,89.07,89.09,339.372
1778088540.0,89.08,89.09,89.02,89.03,986.328
1778088600.0,89.02,89.08,89.01,89.08,602.269
1778088660.0,89.07,89.08,89.0,89.02,4520.619
1778088720.0,89.02,89.02,88.95,88.96,959.717
1778088780.0,88.96,89.03,88.95,89.02,919.5
1778088840.0,89.01,89.02,88.96,88.96,1492.869
1778088900.0,88.96,88.99,88.93,88.98,460.749
1778088960.0,88.98,89.01,88.97,88.99,797.245
1778089020.0,88.98,89.0,88.96,88.96,222.627
1778089080.0,88.97,89.01,88.97,89.0,572.763
1778089140.0,89.0,89.01,88.96,89.01,490.044
1778089200.0,89.01,89.04,89.0,89.01,376.031
1778089260.0,89.01,89.04,89.0,89.02,539.24
1778089320.0,89.01,89.02,88.96,88.96,609.928
1778089380.0,88.96,89.0,88.94,88.99,1707.285
1778089440.0,89.0,89.07,88.94,88.95,8718.378
1778089500.0,88.95,88.96,88.93,88.94,588.177
1778089560.0,88.94,88.95,88.81,88.81,3458.769
1778089620.0,88.81,88.81,88.53,88.74,15478.491
1778089680.0,88.74,88.76,88.73,88.75,1337.356
1778089740.0,88.74,88.74,88.72,88.73,882.893
1778089800.0,88.73,88.78,88.72,88.78,1064.146
1778089860.0,88.77,88.77,88.75,88.75,509.91
1778089920.0,88.75,88.77,88.73,88.76,701.574
1778089980.0,88.77,88.77,88.69,88.76,1353.307
1778090040.0,88.77,88.79,88.76,88.76,987.172
1778090100.0,88.77,88.77,88.7,88.71,1366.344
1778090160.0,88.71,88.85,88.69,88.84,1871.473
1778090220.0,88.83,88.84,88.79,88.79,1935.802
1778090280.0,88.78,88.81,88.77,88.81,521.201
1778090340.0,88.81,88.83,88.8,88.83,116.269
1778090400.0,88.83,88.86,88.82,88.85,923.335
1778090460.0,88.85,88.91,88.84,88.9,644.321
1778090520.0,88.89,88.91,88.8,88.8,810.566
1778090580.0,88.79,88.84,88.77,88.78,776.94
1778090640.0,88.79,88.8,88.76,88.77,1282.764
1778090700.0,88.76,88.83,88.76,88.76,781.319
1778090760.0,88.76,88.8,88.74,88.79,884.583
1778090820.0,88.79,88.8,88.75,88.75,573.499
1778090880.0,88.75,88.75,88.7,88.72,554.808
1778090940.0,88.71,88.77,88.66,88.76,1069.773
1778091000.0,88.77,88.77,88.67,88.68,836.127
1778091060.0,88.67,88.7,88.65,88.7,859.707
1778091120.0,88.69,88.69,88.5,88.66,4211.502
1778091180.0,88.66,88.78,88.57,88.73,3969.354
1778091240.0,88.74,88.76,88.68,88.76,1892.364
1778091300.0,88.75,88.82,88.74,88.77,495.221
1778091360.0,88.77,88.87,88.76,88.87,664.538
1778091420.0,88.88,88.96,88.86,88.95,2488.285
1778091480.0,88.95,88.96,88.92,88.93,1328.75
1778091540.0,88.93,88.94,88.83,88.83,521.23
1778091600.0,88.83,88.85,88.81,88.85,553.897
1778091660.0,88.84,88.85,88.78,88.84,604.923
1778091720.0,88.83,88.84,88.81,88.81,324.797
1778091780.0,88.81,88.86,88.8,88.81,504.404
1778091840.0,88.8,88.81,88.75,88.75,1221.097
1778091900.0,88.76,88.84,88.74,88.84,589.142
1778091960.0,88.84,88.88,88.83,88.86,568.738
1778092020.0,88.86,88.91,88.86,88.91,576.872
1778092080.0,88.91,88.93,88.88,88.88,1751.596
1778092140.0,88.88,88.9,88.86,88.86,921.517
1778092200.0,88.85,88.88,88.81,88.88,635.845
1778092260.0,88.87,88.91,88.78,88.78,1237.257
1778092320.0,88.78,88.78,88.69,88.69,337.396
1778092380.0,88.68,88.8,88.6,88.77,3450.716
1778092440.0,88.77,88.8,88.74,88.76,1176.822
1778092500.0,88.77,88.8,88.76,88.78,2847.51
1778092560.0,88.78,88.78,88.7,88.72,749.039
1778092620.0,88.73,88.77,88.71,88.77,984.404
1778092680.0,88.77,88.77,88.73,88.76,206.879
1778092740.0,88.77,88.78,88.75,88.75,218.56
1778092800.0,88.75,88.81,88.75,88.76,1240.358
1778092860.0,88.75,88.89,88.75,88.88,1026.907
1778092920.0,88.88,88.98,88.88,88.94,1278.398
1778092980.0,88.95,88.99,88.92,88.98,1698.803
1778093040.0,88.98,89.01,88.96,88.96,2703.899
1778093100.0,88.96,89.06,88.96,89.05,904.19
1778093160.0,89.05,89.09,89.04,89.04,1366.01
1778093220.0,89.04,89.04,88.98,88.99,534.166
1778093280.0,88.98,89.0,88.96,88.97,622.416
1778093340.0,88.96,88.97,88.88,88.89,1249.351
1778093400.0,88.88,88.94,88.85,88.85,3418.027
1778093460.0,88.86,88.92,88.84,88.87,1408.214
1778093520.0,88.87,88.99,88.87,88.99,1039.053
1778093580.0,88.99,89.02,88.98,89.01,752.755
1778093640.0,89.01,89.01,88.96,89.0,745.543
1778093700.0,89.0,89.03,88.99,89.02,910.551
1778093760.0,89.03,89.15,89.01,89.11,1681.277
1778093820.0,89.1,89.1,89.08,89.09,98.256
1778093880.0,89.09,89.09,89.02,89.05,636.48
1778093940.0,89.05,89.06,88.98,88.99,773.276
1778094000.0,88.98,89.05,88.96,89.04,690.744
1778094060.0,89.04,89.05,89.01,89.05,149.024
1778094120.0,89.05,89.11,89.05,89.1,1286.512
1778094180.0,89.11,89.2,89.11,89.18,1150.082
1778094240.0,89.18,89.2,89.11,89.12,512.372
1778094300.0,89.12,89.12,89.08,89.12,402.899
1778094360.0,89.12,89.18,89.1,89.17,416.83
1778094420.0,89.18,89.19,89.14,89.15,2530.058
1778094480.0,89.16,89.16,89.05,89.06,567.629
1778094540.0,89.05,89.16,89.05,89.15,552.03
1778094600.0,89.15,89.16,89.09,89.11,2781.406
1778094660.0,89.1,89.1,89.04,89.04,895.009
1778094720.0,89.03,89.05,88.99,89.0,1217.955
1778094780.0,88.99,89.01,88.97,88.99,3066.273
1778094840.0,89.0,89.03,88.97,88.97,1049.287
1778094900.0,88.98,89.0,88.92,88.94,524.342
1778094960.0,88.94,89.03,88.94,89.02,1048.231
1778095020.0,89.01,89.02,89.0,89.01,288.467
1778095080.0,89.02,89.05,89.01,89.03,297.205
1778095140.0,89.03,89.07,89.02,89.07,422.948
1778095200.0,89.06,89.14,89.06,89.14,1025.258
1778095260.0,89.14,89.18,89.14,89.17,500.491
1778095320.0,89.18,89.27,89.17,89.24,1605.232
1778095380.0,89.25,89.25,89.14,89.15,1368.037
1778095440.0,89.14,89.14,89.07,89.07,431.635
1778095500.0,89.07,89.08,89.0,89.07,387.419
1778095560.0,89.07,89.08,89.01,89.06,738.285
1778095620.0,89.06,89.07,89.01,89.01,640.413
1778095680.0,89.01,89.04,89.01,89.02,185.106
1778095740.0,89.02,89.11,89.02,89.08,914.841
1778095800.0,89.09,89.09,89.01,89.03,613.046
1778095860.0,89.03,89.04,89.01,89.03,233.564
1778095920.0,89.03,89.05,89.02,89.04,348.268
1778095980.0,89.05,89.05,88.93,88.94,1363.256
1778096040.0,88.94,88.97,88.92,88.92,710.715
1778096100.0,88.92,88.94,88.9,88.92,967.255
1778096160.0,88.91,88.94,88.9,88.94,1015.43
1778096220.0,88.94,88.97,88.9,88.92,965.797
1778096280.0,88.93,89.05,88.93,89.03,863.391
1778096340.0,89.04,89.18,89.03,89.17,1320.154
1778096400.0,89.17,89.17,89.06,89.07,487.287
1778096460.0,89.06,89.07,89.06,89.06,597.6
1778096520.0,89.07,89.11,89.05,89.11,933.909
1778096580.0,89.11,89.2,89.1,89.19,1451.255
1778096640.0,89.19,89.2,89.12,89.13,667.915
1778096700.0,89.13,89.17,89.11,89.17,522.446
1778096760.0,89.17,89.18,89.14,89.15,511.871
1778096820.0,89.16,89.18,89.14,89.15,273.744
1778096880.0,89.15,89.15,89.11,89.12,385.388
1778096940.0,89.12,89.12,89.05,89.06,830.745
1778097000.0,89.06,89.19,89.05,89.18,2128.386
1778097060.0,89.17,89.22,89.17,89.18,2247.806
1778097120.0,89.18,89.19,89.13,89.15,838.745
1778097180.0,89.16,89.22,89.16,89.19,387.127
1778097240.0,89.19,89.22,89.19,89.22,297.228
1778097300.0,89.22,89.23,89.21,89.21,626.394
1778097360.0,89.21,89.22,89.21,89.21,232.7
1778097420.0,89.22,89.22,89.17,89.18,341.855
1778097480.0,89.17,89.27,89.15,89.26,3121.417
1778097540.0,89.27,89.32,89.24,89.27,4713.314
1778097600.0,89.27,89.31,89.22,89.25,1938.006
1778097660.0,89.25,89.33,89.25,89.32,666.504
1778097720.0,89.32,89.36,89.32,89.35,206.378
1778097780.0,89.35,89.38,89.32,89.33,1083.522
1778097840.0,89.34,89.45,89.34,89.45,606.769
1778097900.0,89.45,89.45,89.38,89.41,889.557
1778097960.0,89.4,89.45,89.4,89.43,546.914
1778098020.0,89.43,89.48,89.43,89.47,836.96
1778098080.0,89.47,89.49,89.45,89.47,4415.442
1778098140.0,89.48,89.5,89.45,89.45,705.838
1778098200.0,89.45,89.52,89.45,89.52,847.017
1778098260.0,89.51,89.54,89.48,89.49,614.106
1778098320.0,89.49,89.49,89.45,89.46,756.776
1778098380.0,89.46,89.49,89.43,89.49,437.711
1778098440.0,89.49,89.51,89.47,89.48,618.59
1778098500.0,89.49,89.51,89.48,89.49,320.076
1778098560.0,89.49,89.56,89.49,89.56,912.127
1778098620.0,89.55,89.56,89.53,89.55,537.028
1778098680.0,89.54,89.56,89.53,89.56,676.456
1778098740.0,89.56,89.56,89.52,89.53,1087.96
1778098800.0,89.52,89.54,89.51,89.53,2180.085
1778098860.0,89.53,89.54,89.41,89.42,535.457
1778098920.0,89.43,89.47,89.43,89.47,848.665
1778098980.0,89.47,89.53,89.45,89.52,980.388
1778099040.0,89.51,89.51,89.45,89.46,419.178
1778099100.0,89.46,89.52,89.46,89.52,740.912
1778099160.0,89.51,89.6,89.51,89.59,2024.592
1778099220.0,89.58,89.62,89.55,89.55,575.462
1778099280.0,89.54,89.55,89.48,89.48,598.492
1778099340.0,89.48,89.5,89.41,89.41,763.009
1778099400.0,89.42,89.43,89.29,89.3,1302.111
1778099460.0,89.3,89.38,89.26,89.37,4365.084
1778099520.0,89.38,89.47,89.3,89.3,4041.139
1778099580.0,89.3,89.31,89.19,89.26,2400.963
1778099640.0,89.26,89.3,89.26,89.28,656.893
1778099700.0,89.27,89.28,89.26,89.27,1916.424
1778099760.0,89.27,89.32,89.24,89.24,1068.316
1778099820.0,89.25,89.26,89.22,89.22,657.545
1778099880.0,89.22,89.23,89.18,89.18,940.207
1778099940.0,89.19,89.19,89.12,89.17,2653.249
1778100000.0,89.16,89.21,89.16,89.18,370.389
1778100060.0,89.18,89.19,89.08,89.1,1538.073
1778100120.0,89.09,89.14,89.09,89.1,1095.795
1778100180.0,89.11,89.12,89.07,89.08,633.97
1778100240.0,89.08,89.08,89.0,89.0,2196.435
1778100300.0,89.0,89.07,88.97,89.07,1414.039
1778100360.0,89.07,89.07,89.0,89.0,879.068
1778100420.0,89.01,89.01,88.93,88.96,1289.149
1778100480.0,88.96,88.99,88.93,88.93,1341.183
1778100540.0,88.93,88.95,88.92,88.94,342.491
1778100600.0,88.95,88.96,88.94,88.95,549.22
1778100660.0,88.94,88.95,88.92,88.93,2137.078
1778100720.0,88.93,88.94,88.92,88.94,180.895
1778100780.0,88.94,88.95,88.93,88.95,494.238
1778100840.0,88.95,89.02,88.95,89.01,635.15
1778100900.0,89.0,89.04,88.99,89.04,519.092
1778100960.0,89.03,89.07,89.03,89.06,287.28
1778101020.0,89.05,89.1,89.05,89.09,594.579
1778101080.0,89.1,89.14,89.1,89.13,1336.499
1778101140.0,89.12,89.19,89.12,89.19,4112.555
1778101200.0,89.19,89.24,89.18,89.24,269.654
1778101260.0,89.24,89.24,89.14,89.14,2632.254
1778101320.0,89.15,89.19,89.14,89.19,246.99
1778101380.0,89.19,89.19,89.15,89.19,296.369
1778101440.0,89.18,89.25,89.18,89.23,731.51
1778101500.0,89.24,89.24,89.19,89.2,313.47
1778101560.0,89.21,89.24,89.2,89.23,973.209
1778101620.0,89.23,89.33,89.23,89.33,1819.516
1778101680.0,89.33,89.34,89.31,89.34,638.975
1778101740.0,89.33,89.4,89.33,89.4,867.437
1778101800.0,89.4,89.4,89.32,89.32,970.439
1778101860.0,89.33,89.33,89.27,89.29,847.959
1778101920.0,89.28,89.29,89.17,89.19,560.235
1778101980.0,89.18,89.22,89.07,89.21,3228.692
1778102040.0,89.21,89.24,89.21,89.23,211.525
1778102100.0,89.24,89.27,89.23,89.26,425.515
1778102160.0,89.27,89.33,89.26,89.33,531.088
1778102220.0,89.33,89.36,89.31,89.31,881.928
1778102280.0,89.3,89.31,89.24,89.24,659.726
1778102340.0,89.23,89.28,89.23,89.28,615.595
1778102400.0,89.28,89.35,89.27,89.32,4114.707
1778102460.0,89.31,89.34,89.31,89.34,286.515
1778102520.0,89.34,89.37,89.28,89.28,486.486
1778102580.0,89.28,89.33,89.28,89.32,210.493
1778102640.0,89.32,89.4,89.32,89.38,761.095
1778102700.0,89.38,89.39,89.28,89.39,3048.641
1778102760.0,89.39,89.4,89.32,89.39,17792.662
1778102820.0,89.4,89.4,89.35,89.4,1093.281
1778102880.0,89.39,89.41,89.37,89.39,2427.451
1778102940.0,89.39,89.43,89.39,89.41,1941.186
1778103000.0,89.42,89.43,89.33,89.34,772.888
1778103060.0,89.33,89.42,89.3,89.42,1588.058
1778103120.0,89.42,89.45,89.41,89.43,567.02
1778103180.0,89.43,89.5,89.42,89.5,462.263
1778103240.0,89.5,89.52,89.44,89.44,3103.472
1778103300.0,89.44,89.49,89.44,89.49,1214.146
1778103360.0,89.48,89.55,89.48,89.53,895.563
1778103420.0,89.53,89.54,89.46,89.52,2450.268
1778103480.0,89.52,89.56,89.5,89.56,2061.027
1778103540.0,89.56,89.59,89.54,89.57,1584.304
1778103600.0,89.57,89.59,89.49,89.53,1876.183
1778103660.0,89.53,89.55,89.47,89.47,1841.456
1778103720.0,89.48,89.58,89.48,89.54,1857.281
1778103780.0,89.54,89.6,89.52,89.55,1324.82
1778103840.0,89.56,89.56,89.48,89.5,752.615
1778103900.0,89.5,89.52,89.47,89.5,518.153
1778103960.0,89.5,89.5,89.41,89.43,1683.265
1778104020.0,89.43,89.44,89.42,89.44,152.867
1778104080.0,89.44,89.44,89.4,89.4,401.493
1778104140.0,89.39,89.46,89.39,89.46,221.27
1778104200.0,89.45,89.57,89.45,89.56,961.072
1778104260.0,89.55,89.58,89.51,89.52,1479.351
1778104320.0,89.52,89.55,89.52,89.53,384.308
1778104380.0,89.53,89.54,89.53,89.54,123.911
1778104440.0,89.54,89.56,89.53,89.54,598.106
1778104500.0,89.54,89.58,89.53,89.58,946.618
1778104560.0,89.57,89.57,89.51,89.53,2702.935
1778104620.0,89.52,89.54,89.52,89.54,580.466
1778104680.0,89.53,89.54,89.5,89.5,303.025
1778104740.0,89.51,89.51,89.44,89.47,3024.497
1778104800.0,89.48,89.5,89.42,89.42,1576.459
1778104860.0,89.41,89.46,89.4,89.4,2130.311
1778104920.0,89.39,89.5,89.36,89.5,1320.461
1778104980.0,89.5,89.57,89.47,89.47,2907.809
1778105040.0,89.46,89.52,89.45,89.49,609.194
1778105100.0,89.49,89.55,89.45,89.5,3335.885
1778105160.0,89.49,89.5,89.42,89.43,438.423
1778105220.0,89.42,89.42,89.35,89.36,385.352
1778105280.0,89.35,89.41,89.35,89.38,695.538
1778105340.0,89.38,89.39,89.31,89.32,1045.141
1778105400.0,89.31,89.31,89.24,89.31,1199.835
1778105460.0,89.31,89.36,89.3,89.36,1133.909
1778105520.0,89.36,89.37,89.29,89.3,1401.511
1778105580.0,89.3,89.34,89.29,89.34,1351.431
1778105640.0,89.33,89.35,89.33,89.34,836.95
1778105700.0,89.35,89.37,89.33,89.35,648.938
1778105760.0,89.35,89.35,89.28,89.29,251.678
1778105820.0,89.29,89.32,89.28,89.29,1315.929
1778105880.0,89.3,89.33,89.3,89.31,599.453
1778105940.0,89.3,89.3,89.24,89.24,323.596
1778106000.0,89.24,89.24,89.21,89.23,912.184
1778106060.0,89.23,89.23,89.18,89.18,209.489
1778106120.0,89.19,89.19,89.14,89.16,747.784
1778106180.0,89.16,89.16,89.11,89.13,566.436
1778106240.0,89.12,89.15,89.12,89.15,645.006
1778106300.0,89.16,89.17,89.11,89.13,1419.795
1778106360.0,89.14,89.15,89.11,89.11,464.264
1778106420.0,89.11,89.13,89.09,89.1,359.279
1778106480.0,89.1,89.11,89.08,89.08,672.542
1778106540.0,89.08,89.09,89.06,89.07,909.673
1778106600.0,89.07,89.15,89.07,89.15,1188.85
1778106660.0,89.15,89.22,89.15,89.21,368.945
1778106720.0,89.21,89.22,89.18,89.19,760.98
1778106780.0,89.2,89.21,89.18,89.18,146.871
1778106840.0,89.19,89.19,89.15,89.16,571.873
1778106900.0,89.15,89.17,89.14,89.15,247.945
1778106960.0,89.15,89.15,89.09,89.09,194.973
1778107020.0,89.1,89.11,89.08,89.1,534.638
1778107080.0,89.1,89.14,89.08,89.14,366.963
1778107140.0,89.14,89.14,89.08,89.1,286.305
1778107200.0,89.09,89.1,89.09,89.1,156.97
1778107260.0,89.1,89.14,89.1,89.11,701.208
1778107320.0,89.12,89.13,89.1,89.13,128.741
1778107380.0,89.12,89.13,89.1,89.11,1745.766
1778107440.0,89.12,89.14,89.11,89.13,293.868
1778107500.0,89.14,89.19,89.14,89.18,474.684
1778107560.0,89.19,89.2,89.1,89.1,1881.519
1778107620.0,89.11,89.11,89.03,89.04,932.901
1778107680.0,89.04,89.06,89.03,89.04,240.058
1778107740.0,89.04,89.08,89.01,89.07,2832.832
1778107800.0,89.08,89.14,89.07,89.14,478.492
1778107860.0,89.14,89.14,89.1,89.11,266.781
1778107920.0,89.1,89.15,89.09,89.14,462.699
1778107980.0,89.15,89.21,89.15,89.21,446.379
1778108040.0,89.21,89.25,89.2,89.21,515.142
1778108100.0,89.22,89.22,89.15,89.16,1293.389
1778108160.0,89.15,89.16,89.09,89.11,789.919
1778108220.0,89.11,89.12,89.1,89.12,423.434
1778108280.0,89.12,89.12,89.09,89.1,187.73
1778108340.0,89.1,89.1,89.07,89.07,132.894
1778108400.0,89.07,89.08,89.0,89.05,1345.395
1778108460.0,89.06,89.06,88.88,88.92,977.501
1778108520.0,88.92,88.97,88.9,88.91,874.561
1778108580.0,88.91,88.91,88.68,88.7,10966.212
1778108640.0,88.69,88.79,88.65,88.76,1813.29
1778108700.0,88.77,88.83,88.77,88.81,1170.571
1778108760.0,88.81,88.81,88.77,88.79,532.224
1778108820.0,88.8,88.94,88.78,88.94,4943.778
1778108880.0,88.94,89.01,88.94,88.99,1541.582
1778108940.0,88.99,89.05,88.98,89.03,697.596
1778109000.0,89.02,89.07,89.01,89.06,447.735
1778109060.0,89.06,89.1,89.04,89.09,1139.669
1778109120.0,89.08,89.08,88.99,89.0,1682.356
1778109180.0,88.99,89.02,88.99,89.01,518.202
1778109240.0,89.01,89.02,88.95,88.95,557.393
1778109300.0,88.96,89.04,88.96,89.04,374.962
1778109360.0,89.03,89.05,88.98,88.99,530.906
1778109420.0,88.99,89.01,88.97,88.99,798.674
1778109480.0,89.0,89.04,88.99,89.04,487.827
1778109540.0,89.03,89.06,89.02,89.03,356.337
1778109600.0,89.03,89.06,89.02,89.06,499.175
1778109660.0,89.06,89.08,89.05,89.05,711.102
1778109720.0,89.05,89.08,89.05,89.07,860.32
1778109780.0,89.07,89.11,89.06,89.11,296.65
1778109840.0,89.11,89.15,89.11,89.15,440.945
1778109900.0,89.16,89.17,89.12,89.13,613.056
1778109960.0,89.12,89.16,89.12,89.13,664.822
1778110020.0,89.13,89.15,89.11,89.15,296.81
1778110080.0,89.15,89.16,89.14,89.14,600.772
1778110140.0,89.15,89.15,89.14,89.15,218.863
1778110200.0,89.15,89.17,89.14,89.17,351.563
1778110260.0,89.17,89.17,89.07,89.07,371.817
1778110320.0,89.07,89.12,89.07,89.11,811.36
1778110380.0,89.12,89.14,89.12,89.13,184.67
1778110440.0,89.14,89.17,89.13,89.14,648.992
1778110500.0,89.13,89.13,89.08,89.1,1650.001
1778110560.0,89.11,89.11,89.07,89.08,524.686
1778110620.0,89.08,89.08,89.04,89.05,688.085
1778110680.0,89.06,89.07,89.04,89.06,266.436
1778110740.0,89.07,89.07,89.02,89.03,351.879
1778110800.0,89.03,89.04,89.0,89.02,488.981
1778110860.0,89.03,89.06,89.02,89.06,348.122
1778110920.0,89.06,89.11,89.05,89.11,329.979
1778110980.0,89.11,89.13,89.11,89.12,436.209
1778111040.0,89.12,89.13,89.1,89.1,409.932
1778111100.0,89.11,89.13,89.1,89.11,342.445
1778111160.0,89.12,89.15,89.1,89.1,1157.527
1778111220.0,89.09,89.09,89.04,89.04,275.641
1778111280.0,89.05,89.06,89.01,89.06,824.119
1778111340.0,89.05,89.06,89.03,89.05,2516.753
1778111400.0,89.05,89.08,89.01,89.07,1091.549
1778111460.0,89.07,89.1,89.05,89.1,1302.503
1778111520.0,89.1,89.1,89.09,89.09,321.49
1778111580.0,89.1,89.14,89.09,89.14,428.137
1778111640.0,89.14,89.16,89.13,89.15,232.837
1778111700.0,89.15,89.17,89.15,89.16,754.11
1778111760.0,89.15,89.18,89.15,89.17,536.592
1778111820.0,89.18,89.18,89.14,89.14,461.789
1778111880.0,89.14,89.16,89.12,89.16,2091.232
1778111940.0,89.15,89.16,89.15,89.16,687.054
1778112000.0,89.16,89.2,89.15,89.19,668.261
1778112060.0,89.2,89.24,89.2,89.23,1387.842
1778112120.0,89.22,89.26,89.22,89.24,764.003
1778112180.0,89.25,89.26,89.23,89.23,810.307
1778112240.0,89.23,89.27,89.18,89.2,839.11
1778112300.0,89.2,89.21,89.16,89.17,260.178
1778112360.0,89.16,89.22,89.16,89.17,897.73
1778112420.0,89.16,89.17,89.06,89.06,1551.57
1778112480.0,89.07,89.08,89.03,89.04,748.989
1778112540.0,89.04,89.07,89.02,89.03,623.808
1778112600.0,89.02,89.12,89.02,89.1,765.759
1778112660.0,89.1,89.15,89.07,89.14,1308.186
1778112720.0,89.13,89.14,89.09,89.09,363.816
1778112780.0,89.1,89.12,89.05,89.05,1128.966
1778112840.0,89.06,89.06,89.01,89.02,351.964
1778112900.0,89.01,89.02,88.94,88.97,1075.455
1778112960.0,88.98,88.99,88.97,88.97,437.979
1778113020.0,88.97,88.98,88.88,88.88,961.666
1778113080.0,88.89,88.92,88.88,88.89,986.014
1778113140.0,88.88,89.0,88.88,88.99,1631.995
1778113200.0,89.0,89.0,88.92,88.92,906.018
1778113260.0,88.92,88.93,88.87,88.9,366.593
1778113320.0,88.9,88.92,88.84,88.91,6737.047
1778113380.0,88.91,88.92,88.83,88.84,257.126
1778113440.0,88.84,88.85,88.77,88.82,2620.091
1778113500.0,88.82,88.82,88.73,88.75,865.203
1778113560.0,88.74,88.79,88.74,88.77,1656.37
1778113620.0,88.78,88.78,88.74,88.76,746.477
1778113680.0,88.76,88.8,88.76,88.76,733.069
1778113740.0,88.75,88.75,88.65,88.66,751.549
1778113800.0,88.66,88.7,88.57,88.7,6979.272
1778113860.0,88.7,88.7,88.58,88.64,1622.712
1778113920.0,88.64,88.64,88.53,88.6,3983.716
1778113980.0,88.59,88.69,88.56,88.57,2725.256
1778114040.0,88.57,88.61,88.55,88.6,1068.645
1778114100.0,88.61,88.69,88.58,88.59,1919.335
1778114160.0,88.6,88.63,88.59,88.61,1070.02
1778114220.0,88.61,88.63,88.57,88.57,2678.119
1778114280.0,88.57,88.58,88.55,88.56,789.943
1778114340.0,88.55,88.56,88.53,88.54,1788.244
1778114400.0,88.55,88.56,88.43,88.44,3980.297
1778114460.0,88.44,88.49,88.43,88.43,1271.253
1778114520.0,88.43,88.44,88.38,88.39,1682.854
1778114580.0,88.4,88.4,88.36,88.37,1286.455
1778114640.0,88.37,88.37,88.24,88.3,8304.343
1778114700.0,88.31,88.43,88.27,88.37,3595.491
1778114760.0,88.37,88.37,88.29,88.32,2254.565
1778114820.0,88.31,88.4,88.26,88.38,1682.66
1778114880.0,88.38,88.54,88.38,88.51,1242.46
1778114940.0,88.51,88.51,88.41,88.48,2480.677
1778115000.0,88.48,88.52,88.45,88.46,1270.965
1778115060.0,88.45,88.48,88.45,88.47,876.47
1778115120.0,88.46,88.48,88.42,88.42,1971.242
1778115180.0,88.42,88.48,88.41,88.47,1021.488
1778115240.0,88.46,88.46,88.21,88.27,8169.212
1778115300.0,88.27,88.44,88.21,88.44,2900.498
1778115360.0,88.44,88.46,88.38,88.4,1128.816
1778115420.0,88.4,88.42,88.38,88.38,461.613
1778115480.0,88.38,88.38,88.3,88.34,546.164
1778115540.0,88.34,88.34,88.3,88.32,671.991
1778115600.0,88.32,88.39,88.29,88.29,1343.824
1778115660.0,88.29,88.41,88.18,88.39,3151.253
1778115720.0,88.38,88.38,88.31,88.31,730.688
1778115780.0,88.3,88.32,88.21,88.23,1060.727
1778115840.0,88.22,88.26,88.13,88.15,926.148
1778115900.0,88.15,88.15,88.12,88.13,2390.051
1778115960.0,88.13,88.13,87.97,87.97,6796.865
1778116020.0,87.96,88.19,87.9,88.18,5010.112
1778116080.0,88.19,88.21,88.13,88.2,1169.253
1778116140.0,88.2,88.28,88.19,88.25,932.143
1778116200.0,88.24,88.4,88.22,88.36,2778.733
1778116260.0,88.36,88.36,88.22,88.22,1768.351
1778116320.0,88.21,88.36,88.21,88.33,1568.026
1778116380.0,88.33,88.33,88.28,88.32,393.772
1778116440.0,88.32,88.39,88.31,88.38,561.412
1778116500.0,88.39,88.41,88.32,88.41,1369.756
1778116560.0,88.41,88.41,88.32,88.35,365.823
1778116620.0,88.34,88.35,88.22,88.23,393.541
1778116680.0,88.22,88.22,88.13,88.15,1436.824
1778116740.0,88.14,88.21,88.14,88.18,1953.513
1778116800.0,88.18,88.22,88.12,88.14,965.186
1778116860.0,88.13,88.14,87.91,87.91,2579.946
1778116920.0,87.91,88.15,87.91,88.15,4361.561
1778116980.0,88.14,88.3,88.14,88.29,3967.793
1778117040.0,88.3,88.37,88.28,88.33,1876.495
1778117100.0,88.32,88.38,88.29,88.31,2317.947
1778117160.0,88.31,88.32,88.3,88.31,222.344
1778117220.0,88.31,88.35,88.31,88.34,394.407
1778117280.0,88.34,88.38,88.3,88.36,2448.937
1778117340.0,88.36,88.42,88.36,88.39,999.631
1778117400.0,88.4,88.5,88.39,88.5,1225.577
1778117460.0,88.5,88.53,88.47,88.47,1284.06
1778117520.0,88.47,88.48,88.45,88.48,766.274
1778117580.0,88.47,88.49,88.35,88.36,709.115
1778117640.0,88.36,88.36,88.24,88.24,1401.489
1778117700.0,88.25,88.35,88.25,88.33,1747.92
1778117760.0,88.34,88.37,88.34,88.35,1897.901
1778117820.0,88.35,88.38,88.32,88.37,1071.429
1778117880.0,88.38,88.39,88.34,88.35,247.321
1778117940.0,88.34,88.36,88.32,88.35,373.182
1778118000.0,88.36,88.42,88.35,88.42,1055.847
1778118060.0,88.42,88.44,88.32,88.34,1237.71
1778118120.0,88.33,88.34,88.29,88.31,408.012
1778118180.0,88.31,88.33,88.3,88.32,774.772
1778118240.0,88.32,88.36,88.3,88.35,430.127
1778118300.0,88.35,88.35,88.27,88.28,712.817
1778118360.0,88.27,88.29,88.25,88.28,432.622
1778118420.0,88.27,88.3,88.23,88.3,396.687
1778118480.0,88.29,88.31,88.27,88.27,637.121
1778118540.0,88.28,88.35,88.27,88.35,777.34
1778118600.0,88.35,88.36,88.25,88.27,1358.37
1778118660.0,88.27,88.3,88.17,88.17,772.818
1778118720.0,88.17,88.17,88.1,88.13,725.974
1778118780.0,88.13,88.18,88.08,88.11,991.976
1778118840.0,88.11,88.17,88.11,88.15,416.042
1778118900.0,88.16,88.36,88.15,88.26,5219.906
1778118960.0,88.26,88.32,88.25,88.3,2662.249
1778119020.0,88.29,88.32,88.27,88.3,706.662
1778119080.0,88.3,88.31,88.24,88.31,1122.058
1778119140.0,88.31,88.34,88.3,88.31,1115.412
1778119200.0,88.31,88.34,88.27,88.32,575.138
1778119260.0,88.32,88.37,88.26,88.27,432.298
1778119320.0,88.26,88.32,88.23,88.25,1559.472
1778119380.0,88.24,88.33,88.22,88.31,505.76
1778119440.0,88.32,88.32,88.17,88.2,642.396
1778119500.0,88.2,88.21,88.12,88.13,795.211
1778119560.0,88.12,88.19,88.11,88.16,2186.712
1778119620.0,88.17,88.18,88.07,88.12,1164.837
1778119680.0,88.11,88.16,88.08,88.12,2931.863
1778119740.0,88.11,88.15,88.05,88.06,785.92
1778119800.0,88.05,88.13,88.05,88.11,510.095
1778119860.0,88.11,88.13,88.06,88.06,293.939
1778119920.0,88.05,88.08,88.01,88.04,1127.694
1778119980.0,88.04,88.04,87.94,87.98,3280.677
1778120040.0,87.98,88.03,87.96,87.98,693.883
1778120100.0,87.98,88.07,87.96,88.03,1941.998
1778120160.0,88.03,88.06,88.0,88.02,673.223
1778120220.0,88.02,88.03,87.99,88.01,501.047
1778120280.0,88.01,88.06,88.01,88.03,957.624
1778120340.0,88.03,88.03,87.94,87.95,1452.446
1778120400.0,87.94,88.03,87.92,88.03,1598.343
1778120460.0,88.03,88.04,87.95,87.95,1136.264
1778120520.0,87.95,87.96,87.88,87.94,1241.143
1778120580.0,87.94,88.08,87.94,88.06,2034.297
1778120640.0,88.06,88.06,87.93,87.93,805.935
1778120700.0,87.93,87.97,87.93,87.93,1019.598
1778120760.0,87.94,87.94,87.91,87.94,369.426
1778120820.0,87.94,87.95,87.88,87.91,736.274
1778120880.0,87.9,87.96,87.89,87.9,754.959
1778120940.0,87.9,87.95,87.86,87.93,1315.277
1778121000.0,87.93,87.98,87.89,87.89,501.408
1778121060.0,87.9,87.93,87.8,87.93,3955.043
1778121120.0,87.93,88.05,87.92,88.04,4091.526
1778121180.0,88.04,88.08,88.01,88.02,1709.665
1778121240.0,88.02,88.06,88.01,88.06,649.631
1778121300.0,88.05,88.06,88.02,88.04,695.208
1778121360.0,88.04,88.04,88.0,88.01,348.115
1778121420.0,88.01,88.01,87.96,87.97,628.737
1778121480.0,87.96,88.02,87.96,88.02,556.858
1778121540.0,88.01,88.04,87.95,87.96,568.331
1778121600.0,87.95,87.97,87.92,87.96,388.486
1778121660.0,87.95,88.0,87.94,87.97,672.43
1778121720.0,87.96,88.0,87.96,87.98,151.119
1778121780.0,87.98,87.98,87.95,87.96,160.013
1778121840.0,87.96,87.99,87.93,87.93,896.847
1778121900.0,87.94,88.02,87.92,88.02,4936.717
1778121960.0,88.01,88.03,87.97,87.99,1075.505
1778122020.0,87.99,88.04,87.99,88.03,890.322
1778122080.0,88.02,88.03,87.99,88.0,524.069
1778122140.0,88.0,88.03,88.0,88.03,648.564
1778122200.0,88.02,88.06,88.01,88.02,697.963
1778122260.0,88.02,88.02,88.0,88.02,786.141
1778122320.0,88.02,88.12,88.02,88.12,2182.215
1778122380.0,88.11,88.13,88.07,88.12,1284.513
1778122440.0,88.12,88.16,88.12,88.12,1497.159
1778122500.0,88.13,88.13,88.11,88.11,866.207
1778122560.0,88.1,88.19,88.1,88.18,656.673
1778122620.0,88.18,88.2,88.17,88.18,838.464
1778122680.0,88.18,88.18,88.13,88.13,520.56
1778122740.0,88.14,88.15,88.12,88.15,723.395
1778122800.0,88.14,88.14,88.09,88.12,779.264
1778122860.0,88.12,88.14,88.08,88.13,1437.235
1778122920.0,88.12,88.15,88.07,88.07,1267.657
1778122980.0,88.08,88.12,88.07,88.11,570.996
1778123040.0,88.12,88.12,88.05,88.06,926.182
1778123100.0,88.06,88.06,88.01,88.02,560.218
1778123160.0,88.02,88.02,88.0,88.01,818.378
1778123220.0,88.01,88.05,88.0,88.05,987.882
1778123280.0,88.05,88.12,88.05,88.1,775.856
1778123340.0,88.09,88.1,88.03,88.03,806.063
1778123400.0,88.03,88.06,88.01,88.03,727.455
1778123460.0,88.03,88.05,88.02,88.04,243.287
1778123520.0,88.03,88.03,88.0,88.0,252.351
1778123580.0,88.0,88.01,87.98,87.98,170.036
1778123640.0,87.98,87.99,87.95,87.97,776.935
1778123700.0,87.97,88.06,87.96,88.05,1078.63
1778123760.0,88.06,88.06,88.02,88.04,443.928
1778123820.0,88.05,88.05,88.0,88.01,581.623
1778123880.0,88.01,88.04,87.99,88.04,283.819
1778123940.0,88.04,88.04,88.01,88.01,446.169
1778124000.0,88.01,88.01,87.93,87.93,606.386
1778124060.0,87.94,87.94,87.81,87.83,730.429
1778124120.0,87.84,87.88,87.83,87.83,2156.896
1778124180.0,87.83,87.87,87.67,87.77,11256.843
1778124240.0,87.76,87.76,87.63,87.73,7814.647
1778124300.0,87.73,87.75,87.71,87.74,1977.976
1778124360.0,87.74,87.8,87.71,87.8,2667.433
1778124420.0,87.79,87.81,87.77,87.81,1093.15
1778124480.0,87.8,87.84,87.8,87.82,1126.308
1778124540.0,87.81,87.9,87.81,87.89,1427.234
1778124600.0,87.89,87.89,87.73,87.74,1190.519
1778124660.0,87.74,87.75,87.72,87.75,563.12
1778124720.0,87.75,87.77,87.71,87.76,456.486
1778124780.0,87.76,87.82,87.76,87.77,1130.895
1778124840.0,87.76,87.76,87.67,87.72,1125.638
1778124900.0,87.72,87.8,87.72,87.79,362.581
1778124960.0,87.8,87.81,87.75,87.81,1355.225
1778125020.0,87.81,87.85,87.78,87.84,3394.835
1778125080.0,87.84,87.87,87.83,87.87,946.593
1778125140.0,87.87,87.88,87.84,87.87,466.759
1778125200.0,87.88,87.95,87.87,87.94,670.297
1778125260.0,87.95,87.98,87.92,87.93,1203.318
1778125320.0,87.94,87.94,87.89,87.9,308.793
1778125380.0,87.89,87.95,87.89,87.95,528.592
1778125440.0,87.94,87.98,87.93,87.98,703.512
1778125500.0,87.97,88.0,87.96,87.96,651.858
1778125560.0,87.96,88.01,87.95,87.97,1073.459
1778125620.0,87.97,88.01,87.95,87.95,1127.708
1778125680.0,87.95,87.97,87.94,87.94,1364.303
1778125740.0,87.94,87.99,87.94,87.98,866.438
1778125800.0,87.99,88.04,87.97,88.02,979.039
1778125860.0,88.03,88.04,87.95,87.98,631.345
1778125920.0,87.99,87.99,87.93,87.95,1017.511
1778125980.0,87.95,87.95,87.93,87.93,295.247
1778126040.0,87.94,87.95,87.92,87.93,712.739
1778126100.0,87.92,87.93,87.83,87.83,511.575
1778126160.0,87.83,87.87,87.79,87.79,2240.988
1778126220.0,87.79,87.81,87.76,87.76,1338.565
1778126280.0,87.77,87.82,87.76,87.82,721.047
1778126340.0,87.82,87.82,87.74,87.75,808.72
1778126400.0,87.75,87.76,87.72,87.73,2328.765
1778126460.0,87.74,87.76,87.72,87.75,652.038
1778126520.0,87.75,87.82,87.75,87.81,914.807
1778126580.0,87.81,87.83,87.78,87.82,579.596
1778126640.0,87.82,87.82,87.76,87.76,418.72
1778126700.0,87.75,87.77,87.7,87.73,715.222
1778126760.0,87.73,87.75,87.72,87.73,684.279
1778126820.0,87.73,87.79,87.71,87.76,885.321
1778126880.0,87.77,87.77,87.73,87.73,388.977
1778126940.0,87.74,87.75,87.69,87.73,2044.051
1778127000.0,87.73,87.85,87.73,87.84,571.512
1778127060.0,87.85,87.87,87.81,87.86,1394.503
1778127120.0,87.86,87.89,87.85,87.87,248.176
1778127180.0,87.87,87.95,87.87,87.94,1696.488
1778127240.0,87.94,88.03,87.94,88.01,1026.479
1778127300.0,88.01,88.01,87.97,88.01,557.699
1778127360.0,88.01,88.03,88.0,88.02,430.75
1778127420.0,88.03,88.1,88.03,88.08,948.477
1778127480.0,88.07,88.09,88.04,88.06,728.372
1778127540.0,88.07,88.09,88.06,88.08,383.177
1778127600.0,88.08,88.12,88.07,88.11,900.889
1778127660.0,88.12,88.16,88.12,88.16,1050.202
1778127720.0,88.16,88.16,88.12,88.13,350.815
1778127780.0,88.13,88.13,88.09,88.11,673.777
1778127840.0,88.12,88.14,88.12,88.14,215.625
1778127900.0,88.14,88.21,88.13,88.16,1572.416
1778127960.0,88.17,88.18,88.14,88.17,1115.928
1778128020.0,88.16,88.16,88.11,88.11,518.194
1778128080.0,88.11,88.11,88.07,88.09,2200.282
1778128140.0,88.09,88.12,88.09,88.11,2214.86
1778128200.0,88.11,88.12,88.08,88.12,4159.284
1778128260.0,88.12,88.12,88.08,88.11,710.637
1778128320.0,88.11,88.2,88.1,88.19,984.035
1778128380.0,88.18,88.23,88.18,88.21,566.058
1778128440.0,88.21,88.22,88.13,88.13,556.328
1778128500.0,88.13,88.15,88.09,88.15,1061.532
1778128560.0,88.15,88.18,88.14,88.17,362.956
1778128620.0,88.17,88.19,88.15,88.15,1285.13
1778128680.0,88.16,88.16,88.13,88.14,417.37
1778128740.0,88.14,88.15,88.06,88.06,1306.654
1778128800.0,88.07,88.07,87.96,88.0,4777.561
1778128860.0,88.01,88.05,88.0,88.01,1698.387
1778128920.0,88.01,88.05,87.99,88.0,1922.147
1778128980.0,88.01,88.02,87.99,88.0,1638.019
1778129040.0,88.0,88.0,87.97,87.98,2418.997
1778129100.0,87.99,88.04,87.98,88.03,555.696
1778129160.0,88.04,88.04,88.01,88.03,843.18
1778129220.0,88.04,88.09,88.03,88.09,539.923
1778129280.0,88.09,88.13,88.09,88.12,1400.868
1778129340.0,88.12,88.15,88.12,88.13,681.476
1778129400.0,88.14,88.14,88.08,88.1,934.486
1778129460.0,88.11,88.21,88.1,88.2,3405.442
1778129520.0,88.2,88.25,88.19,88.23,579.278
1778129580.0,88.24,88.24,88.21,88.23,1229.488
1778129640.0,88.24,88.31,88.23,88.3,2005.747
1778129700.0,88.31,88.31,88.27,88.29,886.681
1778129760.0,88.29,88.3,88.27,88.28,941.493
1778129820.0,88.28,88.33,88.28,88.32,726.843
1778129880.0,88.32,88.34,88.3,88.33,545.277
1778129940.0,88.34,88.38,88.33,88.36,1094.074
1778130000.0,88.37,88.43,88.34,88.41,1104.273
1778130060.0,88.42,88.47,88.4,88.47,998.345
1778130120.0,88.47,88.63,88.47,88.6,2883.407
1778130180.0,88.6,88.62,88.56,88.56,1096.685
1778130240.0,88.56,88.63,88.54,88.63,1043.264
1778130300.0,88.63,88.63,88.58,88.58,1855.055
1778130360.0,88.59,88.59,88.54,88.54,680.666
1778130420.0,88.54,88.55,88.5,88.5,1877.793
1778130480.0,88.5,88.53,88.5,88.52,457.992
1778130540.0,88.52,88.56,88.51,88.53,1272.392
1778130600.0,88.54,88.56,88.52,88.56,1876.171
1778130660.0,88.56,88.59,88.53,88.58,514.575
1778130720.0,88.59,88.7,88.59,88.68,2492.339
1778130780.0,88.69,88.91,88.69,88.83,6995.915
1778130840.0,88.83,88.86,88.55,88.57,7759.748
1778130900.0,88.57,88.59,88.54,88.57,1050.97
1778130960.0,88.58,88.66,88.57,88.64,3548.42
1778131020.0,88.65,88.65,88.59,88.61,1758.751
1778131080.0,88.61,88.62,88.58,88.58,875.937
1778131140.0,88.58,88.59,88.55,88.56,1421.865
1778131200.0,88.55,88.55,88.51,88.52,327.188
1778131260.0,88.52,88.54,88.49,88.49,1638.79
1778131320.0,88.5,88.5,88.46,88.47,333.632
1778131380.0,88.46,88.5,88.45,88.49,1019.193
1778131440.0,88.5,88.5,88.46,88.5,883.874
1778131500.0,88.5,88.51,88.49,88.5,366.668
1778131560.0,88.5,88.5,88.45,88.47,5844.56
1778131620.0,88.47,88.48,88.44,88.44,364.12
1778131680.0,88.45,88.65,88.44,88.64,5605.278
1778131740.0,88.65,88.65,88.6,88.6,642.878
1778131800.0,88.6,88.66,88.6,88.61,732.05
1778131860.0,88.61,88.64,88.6,88.63,2392.08
1778131920.0,88.64,88.64,88.58,88.63,1466.395
1778131980.0,88.62,88.66,88.6,88.61,1341.776
1778132040.0,88.62,88.63,88.55,88.55,1091.909
1778132100.0,88.56,88.64,88.55,88.64,945.99
1778132160.0,88.65,88.66,88.63,88.65,626.111
1778132220.0,88.66,88.68,88.59,88.6,1678.727
1778132280.0,88.61,88.64,88.6,88.62,364.197
1778132340.0,88.63,88.63,88.54,88.54,872.515
1778132400.0,88.54,88.55,88.52,88.54,1210.402
1778132460.0,88.55,88.57,88.52,88.52,1806.481
1778132520.0,88.52,88.56,88.5,88.55,2376.983
1778132580.0,88.55,88.56,88.49,88.53,2816.507
1778132640.0,88.53,88.54,88.47,88.47,6400.015
1778132700.0,88.48,88.48,88.42,88.45,1755.291
1778132760.0,88.46,88.47,88.37,88.39,5149.605
1778132820.0,88.38,88.59,88.32,88.53,13917.965
1778132880.0,88.53,88.63,88.5,88.62,3271.438
1778132940.0,88.62,88.63,88.56,88.57,2322.148
1778133000.0,88.57,88.62,88.54,88.62,1375.782
1778133060.0,88.62,88.62,88.56,88.57,599.372
1778133120.0,88.56,88.58,88.55,88.57,709.103
1778133180.0,88.57,88.58,88.55,88.56,452.311
1778133240.0,88.55,88.6,88.53,88.59,1507.769
1778133300.0,88.6,88.6,88.56,88.57,448.462
1778133360.0,88.57,88.58,88.55,88.56,2704.358
1778133420.0,88.57,88.6,88.56,88.59,851.091
1778133480.0,88.59,88.6,88.57,88.59,1188.381
1778133540.0,88.6,88.66,88.6,88.65,938.503
1778133600.0,88.66,88.66,88.62,88.63,1943.582
1778133660.0,88.62,88.64,88.6,88.6,618.817
1778133720.0,88.59,88.67,88.59,88.62,958.84
1778133780.0,88.61,88.63,88.6,88.63,553.962
1778133840.0,88.63,88.69,88.63,88.69,2152.688
1778133900.0,88.69,88.69,88.62,88.63,664.873
1778133960.0,88.64,88.69,88.63,88.64,1111.699
1778134020.0,88.64,88.67,88.64,88.65,417.971
1778134080.0,88.65,88.65,88.4,88.41,6925.438
1778134140.0,88.4,88.53,88.36,88.51,8482.387
1778134200.0,88.51,88.52,88.46,88.47,1092.135
1778134260.0,88.47,88.58,88.43,88.58,6134.257
1778134320.0,88.58,88.58,88.3,88.31,9800.394
1778134380.0,88.31,88.32,88.24,88.27,3306.61
1778134440.0,88.28,88.28,88.22,88.24,1445.906
1778134500.0,88.23,88.28,88.23,88.28,3145.91
1778134560.0,88.27,88.33,88.27,88.31,2744.7
1778134620.0,88.32,88.34,88.31,88.31,462.304
1778134680.0,88.32,88.34,88.31,88.32,756.836
1778134740.0,88.33,88.33,88.24,88.29,1038.064
1778134800.0,88.28,88.32,88.26,88.32,780.352
1778134860.0,88.32,88.38,88.3,88.38,396.975
1778134920.0,88.37,88.41,88.37,88.38,1144.267
1778134980.0,88.39,88.4,88.35,88.36,523.824
1778135040.0,88.36,88.36,88.31,88.33,1179.97
1778135100.0,88.32,88.34,88.3,88.33,257.301
1778135160.0,88.32,88.35,88.31,88.35,172.387
1778135220.0,88.35,88.39,88.34,88.39,142.908
1778135280.0,88.39,88.44,88.37,88.42,2802.989
1778135340.0,88.42,88.49,88.42,88.49,872.998
1778135400.0,88.5,88.55,88.49,88.55,1678.825
1778135460.0,88.55,88.69,88.55,88.69,1120.668
1778135520.0,88.69,88.77,88.65,88.67,2328.314
1778135580.0,88.67,88.81,88.65,88.81,1205.168
1778135640.0,88.81,88.91,88.79,88.9,2925.734
1778135700.0,88.91,89.09,88.91,88.94,7723.695
1778135760.0,88.95,89.09,88.94,89.07,1899.491
1778135820.0,89.07,89.07,88.95,88.98,2706.595
1778135880.0,88.99,89.04,88.99,89.03,409.539
1778135940.0,89.04,89.05,88.97,89.0,4772.512
1778136000.0,89.0,89.09,88.99,89.07,3563.084
1778136060.0,89.07,89.09,89.02,89.05,3852.568
1778136120.0,89.05,89.08,89.02,89.06,1838.155
1778136180.0,89.06,89.17,89.05,89.16,6304.872
1778136240.0,89.16,89.17,89.12,89.16,2395.979
1778136300.0,89.15,89.18,89.04,89.05,1684.235
1778136360.0,89.06,89.06,89.0,89.05,4498.395
1778136420.0,89.06,89.07,89.0,89.0,1281.739
1778136480.0,89.01,89.04,88.98,89.03,2526.95
1778136540.0,89.04,89.12,89.03,89.09,1756.023
1778136600.0,89.09,89.17,89.09,89.15,1517.759
1778136660.0,89.16,89.17,89.13,89.16,1611.047
1778136720.0,89.16,89.19,89.13,89.14,1280.905
1778136780.0,89.14,89.14,89.11,89.12,590.235
1778136840.0,89.12,89.17,89.12,89.17,155.145
1778136900.0,89.16,89.2,89.14,89.16,916.194
1778136960.0,89.15,89.17,89.13,89.13,2070.701
1778137020.0,89.14,89.17,89.13,89.15,456.341
1778137080.0,89.15,89.16,89.15,89.15,175.123
1778137140.0,89.15,89.28,89.15,89.27,3423.357
1778137200.0,89.28,89.28,89.21,89.22,1578.61
1778137260.0,89.23,89.23,89.15,89.15,1851.409
1778137320.0,89.16,89.25,89.15,89.21,4798.581
1778137380.0,89.2,89.22,89.19,89.2,976.093
1778137440.0,89.21,89.26,89.2,89.26,591.209
1778137500.0,89.27,89.33,89.27,89.28,1975.271
1778137560.0,89.28,89.3,89.28,89.3,664.43
1778137620.0,89.29,89.39,89.27,89.39,2269.678
1778137680.0,89.39,89.41,89.17,89.2,13883.242
1778137740.0,89.2,89.23,89.14,89.18,7128.809
1778137800.0,89.19,89.25,89.18,89.22,2140.149
1778137860.0,89.23,89.29,89.22,89.29,1732.159
1778137920.0,89.3,89.41,89.3,89.4,1982.048
1778137980.0,89.4,89.47,89.4,89.46,1986.856
1778138040.0,89.46,89.53,89.46,89.52,3065.233
1778138100.0,89.52,89.54,89.45,89.45,1703.709
1778138160.0,89.45,89.59,89.44,89.57,8180.599
1778138220.0,89.57,89.59,89.55,89.57,1467.938
1778138280.0,89.57,89.59,89.47,89.47,1406.996
1778138340.0,89.47,89.5,89.39,89.47,1467.579
1778138400.0,89.48,89.52,89.48,89.49,3706.761
1778138460.0,89.5,89.52,89.47,89.51,2903.587
1778138520.0,89.51,89.58,89.5,89.56,2985.942
1778138580.0,89.56,89.56,89.5,89.51,1505.235
1778138640.0,89.51,89.53,89.48,89.53,893.293
1778138700.0,89.53,89.53,89.49,89.5,599.386
1778138760.0,89.5,89.53,89.49,89.51,786.551
1778138820.0,89.52,89.59,89.52,89.56,2680.37
1778138880.0,89.56,89.64,89.54,89.54,5328.925
1778138940.0,89.55,89.62,89.55,89.62,2438.152
1778139000.0,89.62,89.68,89.61,89.63,4380.92
1778139060.0,89.63,89.82,89.63,89.81,3817.486
1778139120.0,89.81,89.92,89.76,89.91,5791.032
1778139180.0,89.91,90.03,89.91,90.02,17782.687
1778139240.0,90.03,90.05,89.97,90.03,3338.007
1778139300.0,90.02,90.08,90.0,90.07,7630.301
1778139360.0,90.07,90.11,90.01,90.06,13069.174
1778139420.0,90.06,90.34,90.05,90.31,10387.647
1778139480.0,90.32,90.38,90.13,90.15,6739.427
1778139540.0,90.16,90.33,90.15,90.25,5268.687
1778139600.0,90.26,90.38,90.25,90.28,3411.786
1778139660.0,90.28,90.29,90.25,90.28,2172.936
1778139720.0,90.28,90.35,90.26,90.33,2900.78
1778139780.0,90.34,90.34,90.22,90.22,1245.252
1778139840.0,90.22,90.22,90.13,90.19,5139.441
1778139900.0,90.19,90.3,90.18,90.22,3430.695
1778139960.0,90.22,90.32,90.22,90.27,2407.876
1778140020.0,90.27,90.44,90.17,90.37,40347.781
1778140080.0,90.37,90.38,90.29,90.3,2555.176
1778140140.0,90.29,90.31,90.23,90.3,2804.323
1778140200.0,90.3,90.33,90.27,90.3,1080.589
1778140260.0,90.29,90.35,90.29,90.29,1995.579
1778140320.0,90.28,90.3,90.22,90.23,1681.776
1778140380.0,90.22,90.23,90.16,90.21,2421.59
1778140440.0,90.21,90.21,90.05,90.05,2688.362
1778140500.0,90.06,90.07,89.98,89.99,10100.776
1778140560.0,89.99,90.04,89.96,90.03,2309.253
1778140620.0,90.04,90.11,90.03,90.1,1009.777
1778140680.0,90.11,90.14,90.08,90.09,1312.735
1778140740.0,90.1,90.19,90.09,90.16,3493.172
1778140800.0,90.17,90.23,90.15,90.16,3379.077
1778140860.0,90.17,90.23,90.16,90.21,2543.607
1778140920.0,90.21,90.26,90.1,90.1,2264.065
1778140980.0,90.1,90.15,90.1,90.11,1572.619
1778141040.0,90.11,90.13,90.11,90.11,2045.399
1778141100.0,90.11,90.18,90.07,90.1,5214.874
1778141160.0,90.09,90.2,90.08,90.15,6497.234
1778141220.0,90.15,90.19,90.12,90.18,3195.667
1778141280.0,90.18,90.24,90.18,90.23,1000.591
1778141340.0,90.23,90.27,90.22,90.26,2499.642
1778141400.0,90.25,90.25,90.09,90.09,930.891
1778141460.0,90.09,90.14,90.06,90.09,1730.668
1778141520.0,90.09,90.09,90.05,90.07,649.167
1778141580.0,90.06,90.18,90.05,90.18,1990.37
1778141640.0,90.18,90.2,90.14,90.14,1243.189
1778141700.0,90.15,90.16,90.0,90.02,993.731
1778141760.0,90.03,90.04,90.0,90.0,1095.384
1778141820.0,90.0,90.03,89.98,89.99,960.127
1778141880.0,90.0,90.0,89.77,89.77,6192.697
1778141940.0,89.77,89.81,89.72,89.77,3750.452
1778142000.0,89.77,89.83,89.69,89.83,2240.517
1778142060.0,89.83,89.84,89.77,89.78,1589.626
1778142120.0,89.78,89.83,89.76,89.82,1647.637
1778142180.0,89.83,89.83,89.69,89.74,3616.812
1778142240.0,89.73,89.8,89.73,89.8,2153.398
1778142300.0,89.8,89.82,89.66,89.7,6515.041
1778142360.0,89.7,89.74,89.68,89.73,1218.988
1778142420.0,89.72,89.72,89.65,89.65,2624.404
1778142480.0,89.65,89.79,89.65,89.79,3772.229
1778142540.0,89.79,89.85,89.79,89.85,2324.696
1778142600.0,89.84,89.87,89.79,89.81,3165.805
1778142660.0,89.81,89.98,89.81,89.94,2516.863
1778142720.0,89.93,89.93,89.86,89.89,1185.523
1778142780.0,89.88,89.88,89.76,89.8,1830.147
1778142840.0,89.79,89.79,89.69,89.74,1671.99
1778142900.0,89.73,89.74,89.67,89.7,5032.287
1778142960.0,89.7,89.77,89.7,89.75,1346.889
1778143020.0,89.75,89.76,89.65,89.65,1593.439
1778143080.0,89.65,89.65,89.54,89.61,2048.599
1778143140.0,89.6,89.74,89.6,89.74,2766.157
1778143200.0,89.74,89.74,89.63,89.64,921.249
1778143260.0,89.65,89.82,89.61,89.65,5697.23
1778143320.0,89.64,89.64,89.59,89.61,1957.108
1778143380.0,89.62,89.68,89.61,89.64,2624.552
1778143440.0,89.64,89.65,89.59,89.62,2360.373
1778143500.0,89.61,89.62,89.56,89.58,3325.637
1778143560.0,89.59,89.59,89.51,89.53,3775.703
1778143620.0,89.52,89.55,89.48,89.53,3743.775
1778143680.0,89.54,89.57,89.53,89.56,1436.966
1778143740.0,89.56,89.67,89.56,89.65,1218.652
1778143800.0,89.65,89.66,89.61,89.66,911.695
1778143860.0,89.66,89.74,89.66,89.74,1274.02
1778143920.0,89.75,89.76,89.72,89.74,712.914
1778143980.0,89.75,89.81,89.69,89.7,2832.922
1778144040.0,89.7,89.7,89.66,89.67,1162.286
1778144100.0,89.67,89.67,89.6,89.6,1055.265
1778144160.0,89.6,89.6,89.53,89.55,789.259
1778144220.0,89.56,89.59,89.55,89.57,712.083
1778144280.0,89.56,89.56,89.51,89.51,179.982
1778144340.0,89.52,89.6,89.49,89.58,4322.757
1778144400.0,89.59,89.59,89.49,89.5,1515.764
1778144460.0,89.5,89.59,89.49,89.56,1267.472
1778144520.0,89.55,89.56,89.49,89.49,772.448
1778144580.0,89.49,89.5,89.33,89.38,6433.898
1778144640.0,89.38,89.4,89.36,89.38,1235.807
1778144700.0,89.38,89.38,89.33,89.35,345.522
1778144760.0,89.35,89.38,89.33,89.36,872.112
1778144820.0,89.36,89.41,89.33,89.41,966.501
1778144880.0,89.42,89.44,89.38,89.4,360.898
1778144940.0,89.4,89.55,89.4,89.55,2259.609
1778145000.0,89.55,89.55,89.5,89.52,759.791
1778145060.0,89.52,89.54,89.48,89.48,1083.503
1778145120.0,89.48,89.49,89.45,89.49,1952.611
1778145180.0,89.49,89.54,89.49,89.52,459.514
1778145240.0,89.52,89.55,89.51,89.54,957.713
1778145300.0,89.54,89.55,89.5,89.52,1292.611
1778145360.0,89.51,89.56,89.45,89.56,1077.171
1778145420.0,89.55,89.56,89.51,89.52,1102.589
1778145480.0,89.52,89.54,89.51,89.51,253.29
1778145540.0,89.51,89.55,89.51,89.54,474.852
1778145600.0,89.54,89.58,89.51,89.52,926.092
1778145660.0,89.51,89.51,89.41,89.42,1812.625
1778145720.0,89.43,89.43,89.38,89.43,878.726
1778145780.0,89.42,89.45,89.42,89.44,317.617
1778145840.0,89.43,89.49,89.43,89.45,473.685
1778145900.0,89.45,89.46,89.4,89.42,836.976
1778145960.0,89.43,89.43,89.35,89.36,1267.769
1778146020.0,89.35,89.35,89.25,89.28,2009.959
1778146080.0,89.27,89.29,89.2,89.23,4660.846
1778146140.0,89.24,89.29,89.24,89.28,834.595
1778146200.0,89.28,89.29,89.24,89.28,1217.442
1778146260.0,89.27,89.37,89.27,89.33,8087.808
1778146320.0,89.33,89.36,89.29,89.3,1154.017
1778146380.0,89.3,89.6,89.25,89.44,17708.187
1778146440.0,89.44,89.55,89.41,89.5,5117.345
1778146500.0,89.49,89.57,89.48,89.56,2730.089
1778146560.0,89.57,89.57,89.42,89.47,1609.689
1778146620.0,89.47,89.53,89.46,89.47,1306.421
1778146680.0,89.48,89.48,89.31,89.34,1472.111
1778146740.0,89.34,89.42,89.33,89.33,1441.082
1778146800.0,89.33,89.41,89.3,89.38,1673.379
1778146860.0,89.37,89.42,89.37,89.38,750.765
1778146920.0,89.39,89.39,89.27,89.27,1089.128
1778146980.0,89.27,89.32,89.26,89.28,1546.006
1778147040.0,89.28,89.34,89.28,89.3,2016.042
1778147100.0,89.3,89.35,89.3,89.34,1301.678
1778147160.0,89.34,89.38,89.33,89.36,915.491
1778147220.0,89.36,89.38,89.34,89.38,2977.329
1778147280.0,89.37,89.43,89.37,89.4,2302.031
1778147340.0,89.39,89.44,89.39,89.44,588.743
1778147400.0,89.44,89.45,89.35,89.35,1003.623
1778147460.0,89.34,89.46,89.34,89.42,790.77
1778147520.0,89.41,89.41,89.33,89.37,631.438
1778147580.0,89.38,89.38,89.34,89.36,605.047
1778147640.0,89.35,89.43,89.35,89.42,722.937
1778147700.0,89.43,89.46,89.43,89.46,294.577
1778147760.0,89.46,89.48,89.44,89.45,682.15
1778147820.0,89.45,89.47,89.42,89.42,598.971
1778147880.0,89.42,89.46,89.41,89.45,463.398
1778147940.0,89.45,89.46,89.44,89.46,218.062
1778148000.0,89.46,89.47,89.37,89.45,1854.502
1778148060.0,89.45,89.52,89.45,89.52,5386.434
1778148120.0,89.51,89.53,89.43,89.46,1585.788
1778148180.0,89.47,89.51,89.43,89.5,1924.27
1778148240.0,89.49,89.5,89.45,89.48,359.42
1778148300.0,89.48,89.49,89.45,89.46,1687.122
1778148360.0,89.45,89.5,89.45,89.47,1586.464
1778148420.0,89.46,89.46,89.44,89.46,755.859
1778148480.0,89.46,89.48,89.46,89.47,124.636
1778148540.0,89.47,89.47,89.34,89.35,2322.898
1778148600.0,89.34,89.35,89.27,89.29,1367.964
1778148660.0,89.3,89.31,89.19,89.21,4067.651
1778148720.0,89.22,89.24,89.03,89.16,5559.387
1778148780.0,89.16,89.16,89.12,89.15,3070.91
1778148840.0,89.15,89.19,89.15,89.16,1211.521
1778148900.0,89.16,89.2,89.16,89.18,757.042
1778148960.0,89.18,89.24,89.18,89.2,1454.077
1778149020.0,89.21,89.25,89.2,89.23,777.387
1778149080.0,89.24,89.24,89.14,89.17,2375.198
1778149140.0,89.17,89.17,89.1,89.12,845.809
1778149200.0,89.12,89.14,89.12,89.13,443.479
1778149260.0,89.13,89.14,89.11,89.11,1166.859
1778149320.0,89.11,89.11,89.07,89.08,962.314
1778149380.0,89.08,89.12,89.04,89.06,1531.635
1778149440.0,89.06,89.08,89.03,89.05,2850.706
1778149500.0,89.05,89.06,89.02,89.04,2529.395
1778149560.0,89.04,89.04,88.98,88.99,4240.802
1778149620.0,88.98,89.0,88.95,88.99,2599.544
1778149680.0,88.99,88.99,88.83,88.83,3400.359
1778149740.0,88.84,88.85,88.76,88.78,4419.967
1778149800.0,88.78,88.84,88.77,88.83,7424.934
1778149860.0,88.83,88.91,88.8,88.85,8260.521
1778149920.0,88.86,88.91,88.84,88.88,1501.474
1778149980.0,88.87,88.95,88.87,88.93,2028.964
1778150040.0,88.93,88.93,88.83,88.91,5208.317
1778150100.0,88.91,88.93,88.84,88.93,1739.974
1778150160.0,88.92,88.97,88.89,88.92,2102.862
1778150220.0,88.92,89.0,88.92,88.95,894.461
1778150280.0,88.95,88.99,88.93,88.99,526.913
1778150340.0,89.0,89.04,88.99,89.02,591.806
1778150400.0,89.03,89.05,89.01,89.05,598.398
1778150460.0,89.04,89.13,89.04,89.1,1105.976
1778150520.0,89.11,89.13,89.07,89.1,1805.003
1778150580.0,89.1,89.15,89.09,89.15,1399.524
1778150640.0,89.15,89.2,89.15,89.18,1493.544
1778150700.0,89.17,89.21,89.17,89.21,1220.526
1778150760.0,89.21,89.21,89.11,89.11,1316.055
1778150820.0,89.1,89.17,89.09,89.16,1063.384
1778150880.0,89.16,89.17,89.12,89.12,662.286
1778150940.0,89.12,89.14,89.1,89.11,317.822
1778151000.0,89.11,89.14,89.09,89.13,748.162
1778151060.0,89.14,89.21,89.11,89.18,2922.596
1778151120.0,89.18,89.18,89.14,89.14,979.584
1778151180.0,89.15,89.16,89.14,89.15,128.292
1778151240.0,89.15,89.2,89.15,89.19,583.468
1778151300.0,89.19,89.2,89.18,89.19,344.182
1778151360.0,89.2,89.23,89.18,89.22,2099.1
1778151420.0,89.22,89.22,89.19,89.19,974.003
1778151480.0,89.19,89.2,89.18,89.19,129.467
1778151540.0,89.19,89.19,89.16,89.17,215.739
1778151600.0,89.17,89.22,89.17,89.2,760.498
1778151660.0,89.19,89.21,89.18,89.2,865.247
1778151720.0,89.19,89.31,89.19,89.31,929.189
1778151780.0,89.31,89.38,89.29,89.33,3175.202
1778151840.0,89.32,89.42,89.32,89.4,1117.542
1778151900.0,89.41,89.59,89.41,89.52,17798.317
1778151960.0,89.52,89.69,89.52,89.64,5445.696
1778152020.0,89.63,89.63,89.4,89.45,3842.917
1778152080.0,89.45,89.47,89.42,89.43,506.106
1778152140.0,89.44,89.52,89.44,89.52,828.007
1778152200.0,89.52,89.52,89.44,89.44,523.142
1778152260.0,89.44,89.47,89.43,89.44,1491.152
1778152320.0,89.44,89.44,89.39,89.41,774.61
1778152380.0,89.42,89.48,89.39,89.48,1327.926
1778152440.0,89.48,89.5,89.46,89.46,468.473
1778152500.0,89.47,89.47,89.44,89.46,629.767
1778152560.0,89.46,89.47,89.45,89.47,273.356
1778152620.0,89.46,89.47,89.36,89.42,921.198
1778152680.0,89.43,89.5,89.43,89.47,907.561
1778152740.0,89.48,89.48,89.43,89.45,610.909
1778152800.0,89.44,89.46,89.44,89.46,501.366
1778152860.0,89.46,89.47,89.4,89.47,768.11
1778152920.0,89.46,89.54,89.45,89.54,1533.837
1778152980.0,89.55,89.56,89.54,89.56,421.498
1778153040.0,89.56,89.65,89.56,89.61,2178.106
1778153100.0,89.61,89.62,89.54,89.55,554.177
1778153160.0,89.56,89.56,89.51,89.51,1080.831
1778153220.0,89.5,89.5,89.44,89.47,916.434
1778153280.0,89.47,89.49,89.42,89.44,651.238
1778153340.0,89.44,89.46,89.43,89.43,815.909
1778153400.0,89.44,89.45,89.41,89.45,1088.202
1778153460.0,89.45,89.53,89.44,89.5,722.188
1778153520.0,89.49,89.49,89.46,89.49,2021.109
1778153580.0,89.49,89.57,89.48,89.52,3691.778
1778153640.0,89.52,89.55,89.51,89.51,1325.707
1778153700.0,89.51,89.53,89.49,89.49,942.49
1778153760.0,89.48,89.49,89.44,89.45,561.458
1778153820.0,89.45,89.45,89.42,89.42,1155.98
1778153880.0,89.43,89.51,89.42,89.48,1845.591
1778153940.0,89.49,89.53,89.48,89.52,534.324
1778154000.0,89.53,89.61,89.52,89.61,2143.621
1778154060.0,89.6,89.62,89.59,89.6,1440.742
1778154120.0,89.59,89.63,89.59,89.62,873.405
1778154180.0,89.63,89.63,89.56,89.57,781.995
1778154240.0,89.57,89.61,89.57,89.6,1793.635
1778154300.0,89.6,89.64,89.6,89.62,2496.312
1778154360.0,89.63,89.63,89.6,89.61,898.323
1778154420.0,89.62,89.63,89.6,89.6,3554.35
1778154480.0,89.6,89.61,89.52,89.53,595.352
1778154540.0,89.53,89.57,89.43,89.43,2469.152
1778154600.0,89.44,89.47,89.3,89.32,3269.425
1778154660.0,89.32,89.43,89.28,89.43,2569.056
1778154720.0,89.42,89.49,89.42,89.47,1176.865
1778154780.0,89.47,89.48,89.39,89.41,1753.688
1778154840.0,89.41,89.48,89.41,89.48,1637.958
1778154900.0,89.48,89.57,89.47,89.57,1611.698
1778154960.0,89.57,89.57,89.46,89.51,3985.786
1778155020.0,89.5,89.55,89.5,89.55,1189.883
1778155080.0,89.54,89.61,89.53,89.61,2026.042
1778155140.0,89.6,89.62,89.55,89.57,3059.218
1778155200.0,89.56,89.59,89.52,89.59,533.987
1778155260.0,89.58,89.61,89.56,89.6,3612.569
1778155320.0,89.6,89.7,89.59,89.7,5185.467
1778155380.0,89.7,89.8,89.67,89.73,5353.548
1778155440.0,89.73,89.81,89.72,89.77,2228.812
1778155500.0,89.77,89.79,89.73,89.78,1142.305
1778155560.0,89.77,89.77,89.67,89.69,1050.857
1778155620.0,89.7,89.73,89.69,89.7,1263.501
1778155680.0,89.69,89.73,89.69,89.72,189.916
1778155740.0,89.72,89.75,89.72,89.75,168.806
1778155800.0,89.75,89.83,89.75,89.8,2735.821
1778155860.0,89.8,89.93,89.79,89.92,5431.6
1778155920.0,89.92,89.95,89.91,89.93,1597.244
1778155980.0,89.94,90.0,89.94,89.98,8983.765
1778156040.0,89.98,89.99,89.92,89.98,1800.626
1778156100.0,89.99,90.1,89.99,90.04,3480.489
1778156160.0,90.04,90.04,89.95,90.03,8991.01
1778156220.0,90.04,90.04,89.91,89.92,2545.92
1778156280.0,89.92,90.04,89.92,90.03,3045.919
1778156340.0,90.03,90.03,89.87,89.91,1949.633
1778156400.0,89.91,89.92,89.86,89.88,1693.339
1778156460.0,89.88,89.91,89.81,89.82,1048.575
1778156520.0,89.82,89.86,89.8,89.81,3693.576
1778156580.0,89.81,89.83,89.77,89.79,8069.95
1778156640.0,89.78,89.82,89.75,89.82,1851.961
1778156700.0,89.81,89.93,89.79,89.9,3829.58
1778156760.0,89.9,89.96,89.9,89.91,1263.628
1778156820.0,89.9,89.91,89.87,89.9,2359.382
1778156880.0,89.9,89.94,89.89,89.9,2200.701
1778156940.0,89.89,89.95,89.89,89.93,893.766
1778157000.0,89.93,89.94,89.85,89.85,819.41
1778157060.0,89.86,89.88,89.84,89.86,1042.026
1778157120.0,89.86,89.98,89.86,89.96,3936.349
1778157180.0,89.97,90.0,89.96,89.99,2546.154
1778157240.0,90.0,90.0,89.88,89.89,3321.024
1778157300.0,89.89,89.91,89.85,89.9,1785.342
1778157360.0,89.91,89.91,89.85,89.86,1336.327
1778157420.0,89.86,89.89,89.85,89.87,1588.818
1778157480.0,89.86,89.9,89.86,89.89,1135.832
1778157540.0,89.89,89.94,89.89,89.9,2001.667
1778157600.0,89.89,89.9,89.82,89.82,936.404
1778157660.0,89.82,89.88,89.82,89.87,1076.771
1778157720.0,89.88,89.88,89.82,89.83,1203.021
1778157780.0,89.83,89.9,89.82,89.88,2927.135
1778157840.0,89.88,89.91,89.88,89.91,1194.892
1778157900.0,89.9,89.94,89.87,89.91,2151.67
1778157960.0,89.91,89.91,89.85,89.85,3318.646
1778158020.0,89.85,89.85,89.74,89.74,3497.665
1778158080.0,89.74,89.77,89.67,89.67,1738.76
1778158140.0,89.67,89.75,89.65,89.74,2915.399
1778158200.0,89.75,89.78,89.69,89.7,2244.55
1778158260.0,89.7,89.79,89.69,89.78,2393.24
1778158320.0,89.79,89.79,89.74,89.78,2132.005
1778158380.0,89.78,89.81,89.77,89.77,1129.515
1778158440.0,89.78,89.82,89.75,89.77,3524.388
1778158500.0,89.77,89.78,89.71,89.72,1879.384
1778158560.0,89.71,89.75,89.71,89.74,3314.849
1778158620.0,89.73,89.73,89.69,89.72,2513.072
1778158680.0,89.73,89.81,89.72,89.8,5612.619
1778158740.0,89.8,89.8,89.74,89.77,2075.869
1778158800.0,89.76,89.76,89.61,89.61,4452.657
1778158860.0,89.62,89.64,89.57,89.58,6388.284
1778158920.0,89.58,89.63,89.56,89.63,3384.266
1778158980.0,89.63,89.65,89.58,89.6,3821.038
1778159040.0,89.61,89.61,89.54,89.56,1001.536
1778159100.0,89.57,89.57,89.49,89.49,1933.527
1778159160.0,89.49,89.55,89.44,89.46,2461.546
1778159220.0,89.46,89.47,89.29,89.3,2419.397
1778159280.0,89.3,89.35,89.3,89.32,1058.242
1778159340.0,89.32,89.34,89.29,89.3,1704.95
1778159400.0,89.3,89.36,89.26,89.34,8730.157
1778159460.0,89.34,89.34,89.3,89.31,3363.244
1778159520.0,89.31,89.34,89.24,89.25,6211.392
1778159580.0,89.25,89.25,89.05,89.09,6794.958
1778159640.0,89.1,89.13,89.04,89.12,2917.779
1778159700.0,89.13,89.26,89.12,89.17,4381.239
1778159760.0,89.17,89.3,89.17,89.3,573.626
1778159820.0,89.29,89.33,89.28,89.31,1392.787
1778159880.0,89.31,89.41,89.3,89.39,2110.504
1778159940.0,89.39,89.45,89.37,89.39,4240.175
1778160000.0,89.39,89.44,89.33,89.44,2710.315
1778160060.0,89.43,89.51,89.43,89.51,1203.589
1778160120.0,89.51,89.54,89.4,89.43,854.162
1778160180.0,89.42,89.45,89.4,89.43,815.657
1778160240.0,89.43,89.44,89.42,89.43,1334.737
1778160300.0,89.42,89.42,89.36,89.36,2228.602
1778160360.0,89.37,89.39,89.34,89.35,1506.729
1778160420.0,89.35,89.36,89.2,89.23,2117.662
1778160480.0,89.24,89.24,89.18,89.21,801.605
1778160540.0,89.22,89.26,89.2,89.25,1109.272
1778160600.0,89.25,89.25,89.12,89.15,2122.171
1778160660.0,89.16,89.18,89.08,89.1,2590.519
1778160720.0,89.1,89.14,89.02,89.1,2239.621
1778160780.0,89.11,89.14,89.06,89.12,1526.479
1778160840.0,89.12,89.17,89.1,89.17,4714.557
1778160900.0,89.18,89.24,89.13,89.15,7288.246
1778160960.0,89.15,89.16,89.04,89.11,8305.277
1778161020.0,89.1,89.11,89.04,89.09,6212.916
1778161080.0,89.09,89.09,88.97,89.07,7783.025
1778161140.0,89.06,89.06,88.98,89.0,6515.001
1778161200.0,89.0,89.11,88.96,89.03,4495.05
1778161260.0,89.03,89.08,88.98,89.01,6996.675
1778161320.0,89.02,89.08,88.95,88.97,6716.498
1778161380.0,88.97,89.0,88.92,88.95,5199.146
1778161440.0,88.95,89.03,88.92,88.93,5671.087
1778161500.0,88.93,89.03,88.86,88.86,7258.361
1778161560.0,88.86,88.98,88.84,88.88,16937.7
1778161620.0,88.88,88.88,88.38,88.52,22879.759
1778161680.0,88.52,88.71,88.46,88.68,15870.867
1778161740.0,88.67,88.68,88.48,88.58,11236.646
1778161800.0,88.57,88.6,88.47,88.55,7115.055
1778161860.0,88.56,88.63,88.44,88.6,6963.327
1778161920.0,88.59,88.74,88.55,88.73,7128.912
1778161980.0,88.74,88.75,88.65,88.68,1651.752
1778162040.0,88.69,88.76,88.67,88.68,1556.491
1778162100.0,88.69,88.77,88.69,88.69,2283.777
1778162160.0,88.7,88.76,88.69,88.75,2165.247
1778162220.0,88.75,88.79,88.72,88.72,2429.076
1778162280.0,88.73,88.74,88.61,88.63,1499.426
1778162340.0,88.64,88.72,88.63,88.68,6794.87
1778162400.0,88.67,88.73,88.64,88.7,3492.739
1778162460.0,88.71,88.73,88.61,88.63,1598.34
1778162520.0,88.64,88.64,88.57,88.59,1320.485
1778162580.0,88.59,88.63,88.53,88.63,1278.671
1778162640.0,88.63,88.63,88.51,88.57,3094.729
1778162700.0,88.58,88.58,88.47,88.53,1157.507
1778162760.0,88.53,88.65,88.53,88.6,1819.198
1778162820.0,88.6,88.62,88.52,88.59,2158.108
1778162880.0,88.6,88.6,88.52,88.53,1472.066
1778162940.0,88.53,88.61,88.53,88.57,994.065
1778163000.0,88.58,88.63,88.55,88.61,1151.5
1778163060.0,88.6,88.79,88.58,88.76,4163.659
1778163120.0,88.76,88.86,88.74,88.86,2765.353
1778163180.0,88.85,88.88,88.82,88.87,1934.003
1778163240.0,88.87,88.91,88.86,88.88,2096.127
1778163300.0,88.88,88.89,88.63,88.64,4780.592
1778163360.0,88.65,88.79,88.65,88.72,4684.057
1778163420.0,88.73,88.73,88.57,88.59,956.634
1778163480.0,88.59,88.61,88.49,88.51,3066.734
1778163540.0,88.5,88.62,88.49,88.54,1513.436
1778163600.0,88.53,88.53,88.46,88.51,5526.72
1778163660.0,88.51,88.55,88.47,88.5,840.575
1778163720.0,88.5,88.6,88.49,88.54,4326.696
1778163780.0,88.53,88.53,88.44,88.49,1558.586
1778163840.0,88.49,88.58,88.48,88.52,703.556
1778163900.0,88.51,88.52,88.47,88.49,975.969
1778163960.0,88.49,88.5,88.47,88.49,693.042
1778164020.0,88.49,88.57,88.48,88.55,3356.647
1778164080.0,88.55,88.62,88.48,88.49,4209.24
1778164140.0,88.49,88.54,88.47,88.5,1448.293
1778164200.0,88.5,88.55,88.43,88.52,1292.82
1778164260.0,88.51,88.51,88.29,88.4,4262.028
1778164320.0,88.41,88.41,88.21,88.27,8780.23
1778164380.0,88.27,88.34,88.2,88.21,4080.824
1778164440.0,88.21,88.29,88.18,88.2,4069.902
1778164500.0,88.2,88.23,88.12,88.15,14091.173
1778164560.0,88.15,88.21,88.12,88.14,2460.351
1778164620.0,88.15,88.15,87.95,87.97,15717.66
1778164680.0,87.98,88.01,87.83,87.92,7091.565
1778164740.0,87.92,88.0,87.88,88.0,5670.44
1778164800.0,88.0,88.05,87.99,87.99,2649.412
1778164860.0,87.98,87.99,87.86,87.87,3830.24
1778164920.0,87.88,87.94,87.84,87.93,10757.234
1778164980.0,87.93,87.95,87.9,87.95,12209.101
1778165040.0,87.94,88.08,87.94,88.01,7453.777
1778165100.0,88.01,88.01,87.96,88.0,5607.608
1778165160.0,87.99,88.13,87.98,88.13,2221.647
1778165220.0,88.13,88.19,88.04,88.04,2536.566
1778165280.0,88.04,88.08,87.97,88.02,3507.899
1778165340.0,88.01,88.13,88.0,88.1,14394.55
1778165400.0,88.11,88.23,88.11,88.22,1494.904
1778165460.0,88.22,88.27,88.19,88.27,3085.282
1778165520.0,88.27,88.29,88.23,88.24,2495.408
1778165580.0,88.23,88.28,88.22,88.28,927.15
1778165640.0,88.28,88.3,88.21,88.24,2595.116
1778165700.0,88.24,88.3,88.24,88.24,2354.507
1778165760.0,88.24,88.24,88.2,88.21,5005.735
1778165820.0,88.2,88.21,88.14,88.14,2921.322
1778165880.0,88.14,88.14,88.06,88.08,2680.828
1778165940.0,88.08,88.16,88.08,88.15,1136.683
1778166000.0,88.15,88.15,88.07,88.1,1356.496
1778166060.0,88.1,88.21,88.07,88.17,1939.079
1778166120.0,88.17,88.27,88.17,88.24,1397.712
1778166180.0,88.25,88.33,88.22,88.31,1962.831
1778166240.0,88.31,88.32,88.23,88.27,1616.644
1778166300.0,88.28,88.29,88.19,88.19,1308.893
1778166360.0,88.18,88.23,88.08,88.12,2671.836
1778166420.0,88.12,88.24,88.12,88.23,1534.646
1778166480.0,88.24,88.41,88.24,88.41,2873.729
1778166540.0,88.4,88.49,88.4,88.48,2740.766
1778166600.0,88.47,88.5,88.41,88.41,691.226
1778166660.0,88.42,88.42,88.35,88.37,1527.038
1778166720.0,88.37,88.42,88.34,88.42,1449.644
1778166780.0,88.41,88.41,88.3,88.32,1026.356
1778166840.0,88.32,88.37,88.32,88.36,907.909
1778166900.0,88.36,88.4,88.33,88.39,724.188
1778166960.0,88.4,88.5,88.39,88.48,797.35
1778167020.0,88.48,88.51,88.41,88.42,1042.309
1778167080.0,88.42,88.43,88.18,88.19,4738.641
1778167140.0,88.18,88.22,88.1,88.11,3883.486
1778167200.0,88.1,88.17,88.02,88.02,1442.613
1778167260.0,88.02,88.05,87.91,88.01,8183.873
1778167320.0,88.01,88.08,87.99,88.07,1621.009
1778167380.0,88.08,88.11,88.0,88.06,3770.281
1778167440.0,88.06,88.09,87.95,88.02,6456.107
1778167500.0,88.02,88.14,88.02,88.07,2185.386
1778167560.0,88.08,88.16,87.79,87.83,10995.884
1778167620.0,87.83,87.98,87.82,87.97,4097.635
1778167680.0,87.96,88.01,87.87,87.99,4162.931
1778167740.0,88.0,88.06,87.95,88.06,1265.596
1778167800.0,88.07,88.17,88.02,88.17,1866.411
1778167860.0,88.16,88.33,88.15,88.27,3343.998
1778167920.0,88.28,88.37,88.25,88.34,1111.068
1778167980.0,88.35,88.35,88.25,88.26,1368.678
1778168040.0,88.27,88.33,88.27,88.33,1293.532
1778168100.0,88.32,88.35,88.3,88.33,385.748
1778168160.0,88.33,88.44,88.32,88.44,2483.759
1778168220.0,88.43,88.45,88.42,88.44,530.028
1778168280.0,88.43,88.47,88.41,88.41,1550.971
1778168340.0,88.42,88.42,88.32,88.37,1692.079
1778168400.0,88.38,88.41,88.34,88.35,602.107
1778168460.0,88.35,88.38,88.33,88.38,616.386
1778168520.0,88.37,88.47,88.35,88.47,827.814
1778168580.0,88.47,88.5,88.43,88.43,1292.373
1778168640.0,88.42,88.43,88.39,88.42,903.887
1778168700.0,88.42,88.51,88.4,88.49,1389.469
1778168760.0,88.49,88.5,88.45,88.5,674.988
1778168820.0,88.5,88.51,88.44,88.45,1089.529
1778168880.0,88.46,88.53,88.46,88.5,651.148
1778168940.0,88.5,88.53,88.49,88.52,295.866
1778169000.0,88.52,88.53,88.49,88.53,895.192
1778169060.0,88.53,88.58,88.5,88.53,1329.915
1778169120.0,88.53,88.55,88.42,88.42,11890.524
1778169180.0,88.42,88.45,88.38,88.44,1349.976
1778169240.0,88.44,88.52,88.44,88.45,1848.527
1778169300.0,88.46,88.46,88.34,88.42,1455.24
1778169360.0,88.41,88.45,88.41,88.44,1701.511
1778169420.0,88.44,88.48,88.36,88.37,1230.888
1778169480.0,88.36,88.36,88.24,88.26,1589.086
1778169540.0,88.26,88.32,88.22,88.32,2067.185
1778169600.0,88.32,88.34,88.25,88.33,1187.772
1778169660.0,88.32,88.4,88.3,88.31,746.349
1778169720.0,88.3,88.44,88.27,88.44,1412.884
1778169780.0,88.44,88.49,88.42,88.47,949.769
1778169840.0,88.47,88.48,88.33,88.33,1178.729
1778169900.0,88.33,88.35,88.22,88.27,959.405
1778169960.0,88.28,88.3,88.19,88.22,1000.847
1778170020.0,88.21,88.23,88.14,88.14,6891.859
1778170080.0,88.14,88.25,88.12,88.24,11870.062
1778170140.0,88.24,88.33,88.18,88.32,1510.715
1778170200.0,88.32,88.33,88.27,88.27,777.86
1778170260.0,88.28,88.3,88.21,88.24,797.981
1778170320.0,88.24,88.25,88.17,88.18,1400.889
1778170380.0,88.19,88.25,88.19,88.21,800.815
1778170440.0,88.2,88.37,88.2,88.35,2853.796
1778170500.0,88.35,88.36,88.12,88.22,13196.44
1778170560.0,88.22,88.22,88.12,88.17,2481.277
1778170620.0,88.16,88.24,88.13,88.22,1270.567
1778170680.0,88.23,88.24,88.17,88.17,1434.623
1778170740.0,88.16,88.16,88.08,88.15,1616.938
1778170800.0,88.15,88.28,88.15,88.28,1816.963
1778170860.0,88.29,88.39,88.29,88.39,2104.6
1778170920.0,88.38,88.47,88.38,88.43,5189.512
1778170980.0,88.43,88.53,88.43,88.49,12412.452
1778171040.0,88.49,88.5,88.41,88.5,2462.996
1778171100.0,88.49,88.59,88.49,88.59,1397.196
1778171160.0,88.59,88.68,88.59,88.68,2225.268
1778171220.0,88.68,88.75,88.65,88.67,3137.818
1778171280.0,88.68,88.7,88.63,88.67,1439.253
1778171340.0,88.67,88.72,88.57,88.7,4562.764
1778171400.0,88.69,88.79,88.66,88.72,9238.989
1778171460.0,88.72,88.73,88.67,88.68,1366.723
1778171520.0,88.67,88.72,88.67,88.68,1380.11
1778171580.0,88.68,88.71,88.61,88.63,1437.437
1778171640.0,88.62,88.63,88.55,88.55,2026.126
1778171700.0,88.55,88.55,88.4,88.4,1960.961
1778171760.0,88.4,88.45,88.39,88.43,1719.316
1778171820.0,88.44,88.46,88.36,88.45,2383.968
1778171880.0,88.46,88.47,88.35,88.37,694.847
1778171940.0,88.37,88.46,88.35,88.46,475.458
1778172000.0,88.45,88.48,88.42,88.48,814.161
1778172060.0,88.48,88.52,88.46,88.52,700.696
1778172120.0,88.52,88.52,88.49,88.49,738.822
1778172180.0,88.5,88.56,88.48,88.48,1485.113
1778172240.0,88.49,88.53,88.48,88.52,3381.008
1778172300.0,88.53,88.54,88.49,88.53,1086.21
1778172360.0,88.53,88.58,88.53,88.55,1613.335
1778172420.0,88.55,88.74,88.54,88.72,3234.803
1778172480.0,88.71,88.73,88.7,88.71,475.994
1778172540.0,88.7,88.7,88.64,88.67,1676.915
1778172600.0,88.67,88.69,88.65,88.66,1186.807
1778172660.0,88.65,88.65,88.56,88.58,814.42
1778172720.0,88.58,88.61,88.49,88.49,9897.851
1778172780.0,88.49,88.56,88.49,88.51,796.053
1778172840.0,88.52,88.6,88.52,88.58,697.511
1778172900.0,88.57,88.64,88.57,88.58,781.502
1778172960.0,88.58,88.6,88.45,88.45,335.638
1778173020.0,88.45,88.46,88.32,88.33,1461.596
1778173080.0,88.33,88.4,88.3,88.39,2378.021
1778173140.0,88.4,88.45,88.39,88.43,1438.144
1778173200.0,88.44,88.46,88.4,88.43,372.737
1778173260.0,88.43,88.43,88.36,88.38,900.978
1778173320.0,88.37,88.53,88.33,88.49,1743.202
1778173380.0,88.5,88.55,88.48,88.55,950.727
1778173440.0,88.56,88.56,88.46,88.47,524.045
1778173500.0,88.48,88.53,88.42,88.44,1465.865
1778173560.0,88.44,88.58,88.44,88.57,797.292
1778173620.0,88.58,88.61,88.51,88.52,1069.857
1778173680.0,88.51,88.6,88.51,88.59,692.803
1778173740.0,88.6,88.62,88.46,88.47,785.527
1778173800.0,88.47,88.51,88.44,88.45,962.038
1778173860.0,88.44,88.51,88.41,88.51,362.456
1778173920.0,88.51,88.52,88.46,88.46,573.144
1778173980.0,88.46,88.53,88.45,88.51,533.045
1778174040.0,88.51,88.6,88.51,88.58,566.206
1778174100.0,88.58,88.59,88.48,88.58,990.147
1778174160.0,88.58,88.58,88.49,88.51,660.484
1778174220.0,88.51,88.51,88.39,88.39,948.893
1778174280.0,88.4,88.4,88.25,88.25,2887.067
1778174340.0,88.25,88.29,88.24,88.27,2084.766
1778174400.0,88.27,88.27,88.22,88.24,584.856
1778174460.0,88.25,88.37,88.25,88.36,862.898
1778174520.0,88.37,88.47,88.37,88.43,2821.984
1778174580.0,88.44,88.47,88.38,88.41,1502.036
1778174640.0,88.41,88.47,88.41,88.45,789.603
1778174700.0,88.45,88.61,88.34,88.38,7131.654
1778174760.0,88.38,88.38,88.05,88.11,6549.534
1778174820.0,88.1,88.24,87.96,88.2,4500.042
1778174880.0,88.2,88.38,88.16,88.35,1297.764
1778174940.0,88.35,88.4,88.16,88.17,1800.511
1778175000.0,88.17,88.27,88.13,88.27,1836.529
1778175060.0,88.26,88.33,88.21,88.29,3527.713
1778175120.0,88.3,88.41,88.27,88.38,975.818
1778175180.0,88.37,88.37,88.22,88.26,711.471
1778175240.0,88.25,88.42,88.24,88.4,1911.827
1778175300.0,88.4,88.43,88.38,88.43,547.2
1778175360.0,88.44,88.46,88.41,88.45,520.93
1778175420.0,88.45,88.54,88.44,88.5,511.634
1778175480.0,88.5,88.5,88.43,88.46,656.381
1778175540.0,88.46,88.5,88.46,88.48,725.704
1778175600.0,88.49,88.53,88.47,88.47,654.268
1778175660.0,88.48,88.52,88.48,88.52,1045.332
1778175720.0,88.52,88.56,88.51,88.55,398.795
1778175780.0,88.55,88.56,88.51,88.55,1567.089
1778175840.0,88.55,88.55,88.48,88.49,481.074
1778175900.0,88.49,88.54,88.49,88.52,500.777
1778175960.0,88.53,88.53,88.48,88.49,269.273
1778176020.0,88.48,88.55,88.48,88.55,1016.553
1778176080.0,88.54,88.54,88.43,88.44,503.817
1778176140.0,88.44,88.44,88.37,88.43,392.964
1778176200.0,88.43,88.45,88.39,88.44,661.329
1778176260.0,88.45,88.48,88.42,88.42,1120.812
1778176320.0,88.43,88.45,88.41,88.42,617.145
1778176380.0,88.42,88.46,88.4,88.45,336.433
1778176440.0,88.45,88.52,88.45,88.52,594.742
1778176500.0,88.52,88.58,88.52,88.54,711.311
1778176560.0,88.53,88.75,88.46,88.62,5945.73
1778176620.0,88.62,88.74,88.62,88.72,2303.444
1778176680.0,88.72,88.8,88.72,88.8,3597.613
1778176740.0,88.8,88.86,88.77,88.8,1440.772
1778176800.0,88.8,88.97,88.77,88.93,3296.517
1778176860.0,88.92,88.94,88.87,88.9,921.265
1778176920.0,88.9,88.97,88.87,88.95,1650.624
1778176980.0,88.96,88.96,88.86,88.91,1074.522
1778177040.0,88.91,88.96,88.89,88.92,1386.28
1778177100.0,88.93,88.94,88.86,88.93,1817.55
1778177160.0,88.93,88.94,88.89,88.9,2116.996
1778177220.0,88.91,88.95,88.86,88.94,1315.854
1778177280.0,88.94,88.95,88.88,88.88,316.408
1778177340.0,88.88,88.91,88.82,88.84,766.518
1778177400.0,88.84,88.84,88.79,88.81,782.889
1778177460.0,88.82,88.84,88.76,88.76,961.755
1778177520.0,88.77,88.77,88.69,88.73,1315.696
1778177580.0,88.72,88.76,88.71,88.76,307.942
1778177640.0,88.75,88.83,88.75,88.82,809.985
1778177700.0,88.81,88.83,88.77,88.79,532.739
1778177760.0,88.8,88.82,88.8,88.8,107.344
1778177820.0,88.8,88.85,88.8,88.85,120.568
1778177880.0,88.85,88.89,88.81,88.87,684.468
1778177940.0,88.86,88.88,88.79,88.8,1111.254
1778178000.0,88.8,88.86,88.78,88.86,552.988
1778178060.0,88.85,88.87,88.83,88.84,946.391
1778178120.0,88.84,88.9,88.84,88.85,1127.425
1778178180.0,88.84,88.89,88.84,88.89,249.701
1778178240.0,88.88,88.92,88.88,88.88,372.152
1778178300.0,88.89,88.9,88.87,88.89,169.667
1778178360.0,88.88,88.91,88.87,88.89,588.799
1778178420.0,88.88,88.88,88.85,88.87,242.543
1778178480.0,88.87,88.95,88.87,88.91,4016.725
1778178540.0,88.91,88.93,88.85,88.86,424.655
1778178600.0,88.86,88.97,88.85,88.97,368.143
1778178660.0,88.97,89.03,88.96,89.03,1030.107
1778178720.0,89.03,89.05,88.95,89.01,1416.764
1778178780.0,89.02,89.05,89.0,89.01,456.042
1778178840.0,89.01,89.01,88.95,88.96,352.826
1778178900.0,88.96,88.99,88.94,88.96,560.541
1778178960.0,88.96,89.01,88.96,88.99,363.901
1778179020.0,88.98,89.01,88.88,88.9,1206.598
1778179080.0,88.9,88.94,88.85,88.92,561.76
1778179140.0,88.92,88.97,88.89,88.96,1758.919
1778179200.0,88.96,88.97,88.87,88.89,2654.107
1778179260.0,88.88,88.92,88.87,88.91,2075.633
1778179320.0,88.91,88.92,88.6,88.71,14005.344
1778179380.0,88.71,88.78,88.68,88.75,3560.71
1778179440.0,88.74,88.75,88.57,88.62,2781.171
1778179500.0,88.62,88.65,88.53,88.65,455.786
1778179560.0,88.65,88.7,88.64,88.67,1209.59
1778179620.0,88.66,88.67,88.56,88.57,260.329
1778179680.0,88.57,88.6,88.48,88.48,1307.09
1778179740.0,88.48,88.5,88.42,88.44,2927.332
1778179800.0,88.43,88.44,88.35,88.37,4827.392
1778179860.0,88.37,88.38,88.26,88.31,6343.492
1778179920.0,88.31,88.33,88.24,88.32,869.862
1778179980.0,88.33,88.35,88.27,88.32,1214.3
1778180040.0,88.33,88.37,88.32,88.37,2772.161
1778180100.0,88.37,88.55,88.37,88.52,4517.23
1778180160.0,88.52,88.65,88.47,88.65,3832.232
1778180220.0,88.65,88.72,88.64,88.64,1909.552
1778180280.0,88.65,88.65,88.55,88.55,553.154
1778180340.0,88.56,88.62,88.56,88.58,413.798
1778180400.0,88.58,88.61,88.54,88.54,1337.593
1778180460.0,88.54,88.56,88.52,88.52,275.217
1778180520.0,88.52,88.55,88.48,88.51,415.856
1778180580.0,88.5,88.54,88.42,88.42,1041.007
1778180640.0,88.42,88.42,88.36,88.37,1041.547
1778180700.0,88.38,88.4,88.32,88.36,1369.114
1778180760.0,88.37,88.4,88.34,88.39,429.796
1778180820.0,88.39,88.42,88.32,88.41,533.935
1778180880.0,88.42,88.45,88.41,88.42,372.883
1778180940.0,88.42,88.46,88.34,88.38,597.963
1778181000.0,88.37,88.41,88.35,88.4,896.303
1778181060.0,88.39,88.48,88.39,88.47,700.198
1778181120.0,88.48,88.55,88.46,88.54,898.705
1778181180.0,88.55,88.61,88.53,88.53,1059.067
1778181240.0,88.53,88.57,88.53,88.55,122.424
1778181300.0,88.56,88.57,88.5,88.52,535.022
1778181360.0,88.52,88.58,88.51,88.55,470.091
1778181420.0,88.56,88.6,88.37,88.37,1611.035
1778181480.0,88.36,88.4,88.31,88.37,1302.376
1778181540.0,88.36,88.39,88.27,88.3,888.811
1778181600.0,88.3,88.37,88.29,88.36,488.741
1778181660.0,88.36,88.4,88.31,88.33,698.792
1778181720.0,88.34,88.42,88.34,88.37,644.28
1778181780.0,88.37,88.38,88.3,88.33,410.572
1778181840.0,88.33,88.34,88.27,88.28,645.186
1778181900.0,88.28,88.28,88.23,88.23,1114.54
1778181960.0,88.23,88.28,88.22,88.27,1682.972
1778182020.0,88.28,88.31,88.25,88.3,651.107
1778182080.0,88.31,88.34,88.3,88.3,793.192
1778182140.0,88.3,88.35,88.29,88.29,1159.406
1778182200.0,88.3,88.38,88.29,88.36,2127.793
1778182260.0,88.36,88.42,88.36,88.41,689.352
1778182320.0,88.41,88.42,88.36,88.37,831.178
1778182380.0,88.37,88.42,88.35,88.41,288.218
1778182440.0,88.42,88.46,88.4,88.44,1345.625
1778182500.0,88.45,88.48,88.41,88.41,991.673
1778182560.0,88.41,88.47,88.4,88.44,591.041
1778182620.0,88.44,88.54,88.43,88.53,1098.607
1778182680.0,88.53,88.6,88.53,88.56,1033.264
1778182740.0,88.56,88.64,88.56,88.62,837.963
1778182800.0,88.62,88.73,88.62,88.68,1551.189
1778182860.0,88.68,88.71,88.64,88.67,663.622
1778182920.0,88.67,88.68,88.64,88.64,258.078
1778182980.0,88.64,88.64,88.62,88.62,228.384
1778183040.0,88.62,88.63,88.54,88.55,1558.859
1778183100.0,88.55,88.59,88.53,88.55,652.743
1778183160.0,88.55,88.59,88.54,88.54,446.648
1778183220.0,88.54,88.57,88.52,88.55,624.049
1778183280.0,88.55,88.56,88.5,88.53,511.49
1778183340.0,88.53,88.61,88.53,88.59,837.62
1778183400.0,88.6,88.7,88.6,88.69,1520.299
1778183460.0,88.69,88.74,88.62,88.65,686.655
1778183520.0,88.65,88.65,88.31,88.44,7815.881
1778183580.0,88.45,88.5,88.43,88.45,1055.21
1778183640.0,88.45,88.47,88.36,88.39,786.727
1778183700.0,88.39,88.48,88.38,88.47,1928.085
1778183760.0,88.47,88.48,88.43,88.43,883.096
1778183820.0,88.44,88.52,88.44,88.48,864.195
1778183880.0,88.49,88.5,88.45,88.47,474.048
1778183940.0,88.46,88.47,88.37,88.45,2175.651
1778184000.0,88.45,88.49,88.41,88.45,1176.993
1778184060.0,88.44,88.52,88.37,88.52,3585.751
1778184120.0,88.53,88.88,88.53,88.71,6341.311
1778184180.0,88.71,88.78,88.7,88.73,2450.344
1778184240.0,88.72,88.81,88.68,88.68,2213.802
1778184300.0,88.68,88.68,88.62,88.62,370.99
1778184360.0,88.62,88.64,88.61,88.61,278.73
1778184420.0,88.61,88.69,88.57,88.69,1478.929
1778184480.0,88.7,88.7,88.64,88.64,2054.354
1778184540.0,88.64,88.66,88.64,88.65,436.955
1778184600.0,88.65,88.68,88.64,88.64,1031.191
1778184660.0,88.64,88.64,88.6,88.62,297.783
1778184720.0,88.62,88.62,88.61,88.61,135.936
1778184780.0,88.61,88.61,88.56,88.56,73.137
1778184840.0,88.57,88.58,88.54,88.55,95.647
1778184900.0,88.55,88.58,88.54,88.54,184.533
1778184960.0,88.54,88.56,88.53,88.54,120.587
1778185020.0,88.55,88.58,88.49,88.49,1022.596
1778185080.0,88.5,88.5,88.46,88.47,175.136
1778185140.0,88.47,88.51,88.47,88.49,413.156
1778185200.0,88.49,88.49,88.43,88.43,436.241
1778185260.0,88.43,88.46,88.43,88.44,320.48
1778185320.0,88.44,88.52,88.44,88.52,857.563
1778185380.0,88.53,88.59,88.53,88.58,960.766
1778185440.0,88.58,88.59,88.55,88.55,687.056
1778185500.0,88.56,88.56,88.47,88.5,1025.06
1778185560.0,88.5,88.52,88.5,88.52,279.74
1778185620.0,88.51,88.54,88.51,88.54,700.194
1778185680.0,88.54,88.58,88.54,88.57,1536.427
1778185740.0,88.57,88.58,88.56,88.56,612.727
1778185800.0,88.56,88.57,88.43,88.43,1838.092
1778185860.0,88.43,88.51,88.42,88.47,2630.94
1778185920.0,88.47,88.48,88.44,88.48,226.754
1778185980.0,88.48,88.49,88.45,88.45,380.064
1778186040.0,88.46,88.46,88.41,88.41,321.76
1778186100.0,88.42,88.46,88.41,88.46,732.407
1778186160.0,88.47,88.47,88.42,88.42,291.537
1778186220.0,88.42,88.44,88.2,88.24,2167.941
1778186280.0,88.25,88.36,88.25,88.28,1223.309
1778186340.0,88.28,88.3,88.18,88.21,4314.649
1778186400.0,88.21,88.28,88.18,88.22,1072.83
1778186460.0,88.23,88.27,88.22,88.25,954.443
1778186520.0,88.26,88.26,88.2,88.24,1632.26
1778186580.0,88.23,88.25,88.16,88.16,1586.741
1778186640.0,88.17,88.22,88.16,88.22,3425.678
1778186700.0,88.22,88.23,88.17,88.17,247.362
1778186760.0,88.18,88.2,88.13,88.17,2863.621
1778186820.0,88.17,88.19,88.16,88.19,730.679
1778186880.0,88.19,88.23,88.19,88.21,144.236
1778186940.0,88.2,88.27,88.2,88.26,731.822
1778187000.0,88.26,88.28,88.25,88.26,611.67
1778187060.0,88.26,88.26,88.21,88.21,493.328
1778187120.0,88.21,88.22,88.19,88.2,595.551
1778187180.0,88.19,88.21,88.15,88.15,689.02
1778187240.0,88.16,88.16,88.14,88.14,1063.309
1778187300.0,88.14,88.14,88.11,88.12,376.594
1778187360.0,88.12,88.12,88.06,88.09,803.828
1778187420.0,88.08,88.09,88.06,88.09,912.625
1778187480.0,88.08,88.1,88.04,88.05,2492.682
1778187540.0,88.05,88.09,88.04,88.07,336.896
1778187600.0,88.07,88.08,88.07,88.08,303.432
1778187660.0,88.08,88.11,88.08,88.1,487.418
1778187720.0,88.1,88.12,88.02,88.09,1851.945
1778187780.0,88.1,88.13,88.09,88.13,318.583
1778187840.0,88.12,88.13,88.11,88.13,621.532
1778187900.0,88.13,88.14,88.0,88.03,6286.662
1778187960.0,88.02,88.03,87.88,87.88,4984.304
1778188020.0,87.88,87.88,87.8,87.81,4471.626
1778188080.0,87.81,87.81,87.67,87.67,8345.493
1778188140.0,87.67,87.71,87.67,87.68,1535.279
1778188200.0,87.68,87.79,87.67,87.79,3748.66
1778188260.0,87.8,87.8,87.76,87.79,1728.674
1778188320.0,87.8,87.9,87.79,87.86,3328.522
1778188380.0,87.85,87.97,87.83,87.97,3586.816
1778188440.0,87.96,87.97,87.88,87.89,565.308
1778188500.0,87.88,87.89,87.82,87.82,454.12
1778188560.0,87.83,87.98,87.79,87.94,3771.342
1778188620.0,87.94,87.99,87.92,87.99,303.896
1778188680.0,87.99,88.07,87.99,88.07,999.133
1778188740.0,88.06,88.09,88.04,88.08,1065.227
1778188800.0,88.08,88.08,88.04,88.05,318.741
1778188860.0,88.04,88.1,88.04,88.1,612.061
1778188920.0,88.09,88.1,87.9,87.94,4314.528
1778188980.0,87.94,88.0,87.94,88.0,785.292
1778189040.0,88.0,88.06,88.0,88.05,612.949
1778189100.0,88.05,88.12,88.05,88.12,359.161
1778189160.0,88.12,88.12,88.09,88.11,1616.765
1778189220.0,88.11,88.16,88.11,88.12,533.293
1778189280.0,88.13,88.16,88.11,88.15,3499.057
1778189340.0,88.15,88.17,88.14,88.14,2014.615
1778189400.0,88.14,88.16,88.08,88.13,4666.767
1778189460.0,88.13,88.2,88.13,88.16,534.66
1778189520.0,88.16,88.2,88.15,88.19,1569.464
1778189580.0,88.18,88.23,88.17,88.19,638.585
1778189640.0,88.19,88.22,88.17,88.18,310.802
1778189700.0,88.18,88.23,88.17,88.21,1817.732
1778189760.0,88.21,88.21,88.12,88.13,1935.614
1778189820.0,88.13,88.16,88.11,88.15,280.59
1778189880.0,88.14,88.21,88.14,88.2,590.555
1778189940.0,88.2,88.2,88.12,88.15,1137.788
1778190000.0,88.15,88.16,88.1,88.11,1117.47
1778190060.0,88.1,88.11,88.07,88.07,729.603
1778190120.0,88.07,88.09,88.03,88.03,600.894
1778190180.0,88.03,88.04,87.99,88.03,1253.705
1778190240.0,88.04,88.09,87.98,88.0,1436.238
1778190300.0,88.0,88.09,87.98,88.05,2315.299
1778190360.0,88.06,88.09,88.01,88.05,1838.643
1778190420.0,88.05,88.06,88.05,88.06,77.845
1778190480.0,88.05,88.09,88.01,88.05,1512.374
1778190540.0,88.05,88.1,88.02,88.07,900.8
1778190600.0,88.08,88.08,88.02,88.06,143.954
1778190660.0,88.06,88.07,88.0,88.06,1305.38
1778190720.0,88.06,88.06,88.01,88.02,666.564
1778190780.0,88.03,88.07,88.03,88.04,369.124
1778190840.0,88.04,88.06,88.03,88.06,1262.403
1778190900.0,88.05,88.06,87.97,87.97,1168.564
1778190960.0,87.98,88.04,87.95,88.04,1039.579
1778191020.0,88.04,88.04,88.03,88.04,156.512
1778191080.0,88.03,88.09,88.03,88.09,758.212
1778191140.0,88.1,88.1,87.97,87.97,1077.02
1778191200.0,87.97,87.97,87.9,87.91,1585.042
1778191260.0,87.9,87.98,87.9,87.93,257.354
1778191320.0,87.92,87.92,87.83,87.84,1572.639
1778191380.0,87.83,87.89,87.78,87.81,17415.949
1778191440.0,87.8,87.85,87.78,87.78,4677.389
1778191500.0,87.77,87.81,87.68,87.75,8673.551
1778191560.0,87.75,87.81,87.74,87.79,8207.364
1778191620.0,87.8,87.82,87.73,87.76,4402.931
1778191680.0,87.76,87.82,87.75,87.77,2511.585
1778191740.0,87.77,87.86,87.77,87.83,4435.242
1778191800.0,87.83,87.89,87.76,87.81,10630.204
1778191860.0,87.81,87.87,87.72,87.87,5607.453
1778191920.0,87.87,87.99,87.84,87.97,15725.749
1778191980.0,87.98,88.0,87.95,87.95,1114.459
1778192040.0,87.95,87.98,87.93,87.95,1447.832
1778192100.0,87.96,87.99,87.93,87.93,1816.289
1778192160.0,87.93,88.06,87.93,88.01,1126.739
1778192220.0,88.02,88.06,88.0,88.06,455.536
1778192280.0,88.06,88.08,88.01,88.01,740.239
1778192340.0,88.01,88.08,88.01,88.08,256.217
1778192400.0,88.07,88.16,88.07,88.09,5106.339
1778192460.0,88.09,88.22,88.08,88.21,658.447
1778192520.0,88.21,88.22,88.13,88.16,3173.702
1778192580.0,88.16,88.19,88.14,88.14,471.612
1778192640.0,88.14,88.15,88.11,88.14,1545.624
1778192700.0,88.14,88.18,88.14,88.18,527.585
1778192760.0,88.17,88.17,88.11,88.12,905.035
1778192820.0,88.12,88.13,88.12,88.13,374.753
1778192880.0,88.13,88.13,88.09,88.11,1908.286
1778192940.0,88.1,88.1,88.02,88.02,604.508
1778193000.0,88.03,88.12,88.01,88.1,720.176
1778193060.0,88.1,88.13,88.08,88.13,536.037
1778193120.0,88.13,88.13,88.1,88.1,447.943
1778193180.0,88.11,88.13,88.1,88.12,228.714
1778193240.0,88.12,88.12,87.8,87.8,9245.036
1778193300.0,87.81,87.9,87.81,87.9,1313.296
1778193360.0,87.9,87.91,87.87,87.91,2292.582
1778193420.0,87.9,87.93,87.86,87.87,2844.928
1778193480.0,87.87,87.91,87.86,87.91,282.726
1778193540.0,87.91,87.94,87.91,87.92,890.007
1778193600.0,87.92,87.97,87.92,87.94,589.577
1778193660.0,87.93,87.94,87.92,87.93,221.406
1778193720.0,87.92,87.93,87.9,87.91,137.743
1778193780.0,87.91,87.98,87.91,87.95,339.497
1778193840.0,87.95,87.96,87.87,87.88,2432.441
1778193900.0,87.88,87.9,87.88,87.89,593.464
1778193960.0,87.9,87.95,87.9,87.92,735.134
1778194020.0,87.91,87.94,87.89,87.94,259.051
1778194080.0,87.95,87.99,87.95,87.97,273.295
1778194140.0,87.98,88.0,87.97,87.99,469.616
1778194200.0,87.98,87.99,87.98,87.99,530.042
1778194260.0,87.99,88.04,87.98,88.03,206.525
1778194320.0,88.03,88.06,88.0,88.01,394.081
1778194380.0,88.02,88.09,88.01,88.09,1377.297
1778194440.0,88.09,88.09,88.08,88.09,34.412
1778194500.0,88.09,88.09,88.06,88.06,134.744
1778194560.0,88.07,88.15,88.07,88.14,1094.547
1778194620.0,88.15,88.17,88.06,88.07,949.125
1778194680.0,88.08,88.1,88.06,88.09,3786.299
1778194740.0,88.09,88.14,88.08,88.1,927.957
1778194800.0,88.09,88.11,88.06,88.07,626.806
1778194860.0,88.07,88.1,88.07,88.07,453.108
1778194920.0,88.07,88.19,88.07,88.18,581.124
1778194980.0,88.19,88.2,88.18,88.19,1183.753
1778195040.0,88.19,88.25,88.18,88.23,421.735
1778195100.0,88.23,88.24,88.18,88.19,2319.181
1778195160.0,88.18,88.27,88.18,88.27,363.251
1778195220.0,88.27,88.27,88.24,88.25,516.438
1778195280.0,88.24,88.27,88.2,88.22,804.117
1778195340.0,88.22,88.28,88.22,88.28,391.389
1778195400.0,88.28,88.28,88.24,88.28,223.129
1778195460.0,88.27,88.29,88.23,88.26,475.65
1778195520.0,88.26,88.27,88.23,88.25,506.904
1778195580.0,88.25,88.26,88.19,88.19,514.642
1778195640.0,88.19,88.22,88.18,88.22,381.529
1778195700.0,88.22,88.28,88.22,88.28,780.281
1778195760.0,88.28,88.28,88.23,88.24,197.844
1778195820.0,88.24,88.24,88.15,88.16,327.599
1778195880.0,88.15,88.16,88.14,88.15,416.24
1778195940.0,88.14,88.15,88.09,88.1,237.548
1778196000.0,88.09,88.19,88.09,88.18,354.084
1778196060.0,88.19,88.26,88.18,88.25,713.091
1778196120.0,88.25,88.26,88.21,88.24,389.949
1778196180.0,88.23,88.25,88.2,88.25,685.212
1778196240.0,88.25,88.25,88.22,88.23,1400.666
1778196300.0,88.22,88.26,88.22,88.26,676.411
1778196360.0,88.25,88.3,88.25,88.3,1029.962
1778196420.0,88.3,88.36,88.3,88.35,889.075
1778196480.0,88.35,88.35,88.26,88.27,267.338
1778196540.0,88.26,88.27,88.24,88.24,184.188
1778196600.0,88.25,88.28,88.2,88.23,1220.635
1778196660.0,88.24,88.24,88.22,88.22,259.638
1778196720.0,88.22,88.23,88.19,88.21,147.715
1778196780.0,88.22,88.27,88.22,88.23,453.323
1778196840.0,88.23,88.23,88.19,88.19,121.746
1778196900.0,88.2,88.22,88.18,88.2,321.776
1778196960.0,88.19,88.27,88.19,88.27,455.934
1778197020.0,88.28,88.33,88.28,88.33,233.573
1778197080.0,88.32,88.35,88.32,88.34,41.988
1778197140.0,88.34,88.35,88.29,88.32,346.974
1778197200.0,88.31,88.33,88.3,88.3,214.253
1778197260.0,88.3,88.33,88.29,88.29,220.174
1778197320.0,88.29,88.33,88.29,88.33,548.873
1778197380.0,88.33,88.37,88.33,88.36,771.096
1778197440.0,88.36,88.39,88.36,88.39,123.511
1778197500.0,88.39,88.43,88.37,88.42,981.064
1778197560.0,88.43,88.46,88.41,88.41,677.922
1778197620.0,88.42,88.42,88.39,88.4,390.324
1778197680.0,88.39,88.43,88.38,88.4,848.861
1778197740.0,88.41,88.47,88.41,88.47,343.743
1778197800.0,88.46,88.48,88.42,88.48,321.62
1778197860.0,88.48,88.48,88.43,88.43,877.887
1778197920.0,88.44,88.46,88.41,88.42,652.89
1778197980.0,88.42,88.45,88.42,88.44,246.274
1778198040.0,88.43,88.43,88.4,88.43,486.108
1778198100.0,88.42,88.43,88.41,88.42,396.275
1778198160.0,88.42,88.44,88.41,88.41,539.111
1778198220.0,88.42,88.44,88.41,88.43,352.223
1778198280.0,88.43,88.44,88.42,88.42,645.999
1778198340.0,88.43,88.43,88.41,88.42,482.922
1778198400.0,88.43,88.49,88.39,88.46,1119.344
1778198460.0,88.46,88.46,88.42,88.45,1031.819
1778198520.0,88.44,88.44,88.39,88.42,2985.186
1778198580.0,88.43,88.52,88.43,88.51,1377.064
1778198640.0,88.51,88.55,88.51,88.52,612.907
1778198700.0,88.53,88.55,88.52,88.55,257.617
1778198760.0,88.55,88.61,88.55,88.61,2449.261
1778198820.0,88.61,88.61,88.54,88.54,581.182
1778198880.0,88.55,88.63,88.54,88.63,555.2
1778198940.0,88.63,88.63,88.58,88.58,439.808
1778199000.0,88.58,88.62,88.57,88.61,463.173
1778199060.0,88.62,88.65,88.6,88.64,435.315
1778199120.0,88.64,88.64,88.59,88.59,254.459
1778199180.0,88.59,88.59,88.55,88.56,305.251
1778199240.0,88.57,88.57,88.55,88.56,387.782
1778199300.0,88.57,88.58,88.54,88.54,307.138
1778199360.0,88.54,88.54,88.52,88.53,424.178
1778199420.0,88.53,88.54,88.46,88.48,752.016
1778199480.0,88.48,88.48,88.43,88.45,602.56
1778199540.0,88.45,88.57,88.45,88.56,1384.081
1778199600.0,88.55,88.55,88.48,88.49,481.58
1778199660.0,88.49,88.54,88.49,88.54,501.526
1778199720.0,88.53,88.59,88.53,88.57,916.527
1778199780.0,88.57,88.59,88.56,88.58,228.845
1778199840.0,88.57,88.6,88.57,88.59,205.655
1778199900.0,88.6,88.62,88.53,88.55,2709.574
1778199960.0,88.55,88.58,88.55,88.57,493.205
1778200020.0,88.56,88.56,88.38,88.38,2254.294
1778200080.0,88.39,88.42,88.39,88.41,297.729
1778200140.0,88.41,88.43,88.4,88.41,247.536
1778200200.0,88.42,88.45,88.41,88.44,190.734
1778200260.0,88.44,88.44,88.41,88.43,464.383
1778200320.0,88.42,88.45,88.39,88.41,592.858
1778200380.0,88.4,88.45,88.4,88.43,568.935
1778200440.0,88.43,88.45,88.4,88.4,669.613
1778200500.0,88.41,88.43,88.4,88.43,155.468
1778200560.0,88.43,88.43,88.38,88.38,382.127
1778200620.0,88.38,88.39,88.33,88.33,588.14
1778200680.0,88.34,88.34,88.28,88.31,472.42
1778200740.0,88.31,88.31,88.29,88.3,357.503
1778200800.0,88.29,88.33,88.29,88.32,1245.364
1778200860.0,88.32,88.35,88.31,88.35,294.749
1778200920.0,88.35,88.35,88.32,88.32,252.507
1778200980.0,88.32,88.34,88.29,88.29,1370.401
1778201040.0,88.29,88.31,88.29,88.3,235.793
1778201100.0,88.3,88.3,88.21,88.28,2711.929
1778201160.0,88.28,88.29,88.25,88.27,612.08
1778201220.0,88.27,88.27,88.24,88.25,340.06
1778201280.0,88.24,88.25,88.17,88.25,2526.533
1778201340.0,88.25,88.28,88.24,88.25,2852.054
1778201400.0,88.25,88.25,88.13,88.21,10720.816
1778201460.0,88.2,88.21,88.16,88.16,356.644
1778201520.0,88.16,88.18,88.15,88.16,725.37
1778201580.0,88.17,88.2,88.16,88.2,438.925
1778201640.0,88.19,88.2,88.16,88.18,672.931
1778201700.0,88.17,88.19,88.16,88.19,404.341
1778201760.0,88.18,88.2,88.1,88.14,1608.813
1778201820.0,88.14,88.18,88.13,88.18,788.371
1778201880.0,88.18,88.2,88.16,88.19,501.867
1778201940.0,88.19,88.27,88.19,88.27,730.651
1778202000.0,88.27,88.35,88.27,88.33,394.038
1778202060.0,88.34,88.37,88.32,88.34,586.647
1778202120.0,88.33,88.34,88.31,88.32,661.684
1778202180.0,88.31,88.32,88.29,88.3,157.21
1778202240.0,88.3,88.31,88.28,88.3,231.043
1778202300.0,88.29,88.3,88.27,88.28,128.543
1778202360.0,88.27,88.28,88.24,88.26,157.138
1778202420.0,88.25,88.25,88.15,88.15,376.742
1778202480.0,88.16,88.25,88.16,88.24,914.004
1778202540.0,88.24,88.27,88.21,88.21,478.735
1778202600.0,88.21,88.21,88.11,88.12,312.073
1778202660.0,88.13,88.13,88.11,88.13,392.013
1778202720.0,88.12,88.14,88.08,88.09,817.626
1778202780.0,88.09,88.09,88.05,88.06,1016.613
1778202840.0,88.05,88.05,87.98,88.02,1771.94
1778202900.0,88.01,88.01,87.92,87.94,1158.024
1778202960.0,87.95,88.0,87.95,87.99,1052.759
1778203020.0,87.99,88.1,87.96,88.1,4294.773
1778203080.0,88.09,88.13,88.07,88.13,1377.812
1778203140.0,88.12,88.14,88.11,88.14,645.034
1778203200.0,88.14,88.16,88.09,88.11,706.127
1778203260.0,88.12,88.16,88.11,88.16,925.79
1778203320.0,88.16,88.17,88.12,88.13,2369.857
1778203380.0,88.13,88.13,88.08,88.08,343.944
1778203440.0,88.09,88.11,88.06,88.09,632.089
1778203500.0,88.1,88.11,88.09,88.09,640.511
1778203560.0,88.1,88.12,88.1,88.12,605.112
1778203620.0,88.11,88.14,88.1,88.14,374.067
1778203680.0,88.14,88.16,88.14,88.16,188.552
1778203740.0,88.15,88.21,88.15,88.2,295.575
1778203800.0,88.21,88.23,88.19,88.23,1022.574
1778203860.0,88.23,88.28,88.22,88.27,2091.689
1778203920.0,88.27,88.28,88.26,88.28,956.087
1778203980.0,88.28,88.3,88.23,88.23,1726.206
1778204040.0,88.22,88.26,88.22,88.26,367.495
1778204100.0,88.25,88.25,88.15,88.18,790.845
1778204160.0,88.17,88.18,88.14,88.16,245.498
1778204220.0,88.15,88.17,88.15,88.16,641.272
1778204280.0,88.17,88.17,88.15,88.16,361.721
1778204340.0,88.16,88.22,88.15,88.21,520.206
1778204400.0,88.21,88.26,88.21,88.26,333.116
1778204460.0,88.25,88.28,88.21,88.22,441.24
1778204520.0,88.21,88.22,88.21,88.21,129.997
1778204580.0,88.21,88.24,88.2,88.23,462.552
1778204640.0,88.23,88.24,88.19,88.2,248.691
1778204700.0,88.2,88.21,88.2,88.21,144.412
1778204760.0,88.21,88.25,88.19,88.24,963.604
1778204820.0,88.23,88.23,88.15,88.15,579.1
1778204880.0,88.16,88.18,88.16,88.18,253.233
1778204940.0,88.18,88.19,88.16,88.16,217.504
1778205000.0,88.16,88.17,88.14,88.15,352.789
1778205060.0,88.15,88.16,88.14,88.14,396.109
1778205120.0,88.13,88.14,88.12,88.12,751.768
1778205180.0,88.13,88.17,88.12,88.17,748.646
1778205240.0,88.17,88.17,88.14,88.15,307.782
1778205300.0,88.14,88.16,88.14,88.15,195.843
1778205360.0,88.15,88.16,88.13,88.16,617.179
1778205420.0,88.16,88.21,88.13,88.14,1246.89
1778205480.0,88.14,88.15,88.13,88.14,154.653
1778205540.0,88.14,88.15,88.13,88.13,307.263
1778205600.0,88.14,88.16,88.11,88.11,1122.761
1778205660.0,88.1,88.11,87.86,87.91,5286.016
1778205720.0,87.91,87.92,87.83,87.88,2189.742
1778205780.0,87.88,87.97,87.88,87.94,1961.793
1778205840.0,87.95,87.98,87.91,87.91,903.593
1778205900.0,87.92,87.95,87.89,87.9,664.643
1778205960.0,87.89,87.9,87.82,87.88,1542.001
1778206020.0,87.87,87.88,87.79,87.82,2147.216
1778206080.0,87.83,87.87,87.82,87.87,796.293
1778206140.0,87.87,87.91,87.87,87.89,718.489
1778206200.0,87.88,87.91,87.87,87.87,1370.786
1778206260.0,87.88,87.94,87.88,87.93,630.44
1778206320.0,87.92,87.95,87.92,87.94,753.215
1778206380.0,87.94,87.94,87.91,87.92,1983.076
1778206440.0,87.93,87.97,87.92,87.94,895.155
1778206500.0,87.94,87.94,87.9,87.91,1126.559
1778206560.0,87.9,87.94,87.82,87.82,1583.786
1778206620.0,87.82,87.82,87.6,87.67,14182.316
1778206680.0,87.66,87.68,87.63,87.64,2057.497
1778206740.0,87.64,87.69,87.62,87.66,973.409
1778206800.0,87.65,87.76,87.63,87.76,2651.208
1778206860.0,87.76,87.8,87.76,87.77,2479.724
1778206920.0,87.77,87.81,87.76,87.81,1247.209
1778206980.0,87.81,87.84,87.8,87.84,1849.196
1778207040.0,87.83,87.88,87.82,87.83,540.805
1778207100.0,87.83,87.86,87.82,87.85,395.467
1778207160.0,87.85,87.87,87.82,87.83,1128.906
1778207220.0,87.82,87.87,87.81,87.86,284.469
1778207280.0,87.87,87.87,87.84,87.87,415.337
1778207340.0,87.87,87.91,87.86,87.9,482.986
1778207400.0,87.91,87.92,87.87,87.89,468.276
1778207460.0,87.89,88.0,87.88,88.0,1587.873
1778207520.0,88.0,88.19,88.0,88.19,3816.306
1778207580.0,88.19,88.35,88.18,88.29,3422.992
1778207640.0,88.3,88.31,88.21,88.23,1340.783
1778207700.0,88.23,88.3,88.16,88.18,3908.363
1778207760.0,88.18,88.18,88.01,88.05,3508.903
1778207820.0,88.05,88.08,88.02,88.07,1523.558
1778207880.0,88.08,88.08,88.02,88.04,976.285
1778207940.0,88.05,88.06,88.0,88.06,642.254
1778208000.0,88.05,88.13,88.05,88.13,1474.918
1778208060.0,88.12,88.12,88.08,88.09,797.855
1778208120.0,88.09,88.12,88.08,88.12,635.683
1778208180.0,88.13,88.14,88.09,88.11,565.476
1778208240.0,88.12,88.14,88.11,88.13,1520.952
1778208300.0,88.13,88.2,88.13,88.19,640.376
1778208360.0,88.2,88.24,88.19,88.24,879.858
1778208420.0,88.24,88.24,88.15,88.17,712.583
1778208480.0,88.17,88.2,88.17,88.19,765.281
1778208540.0,88.18,88.24,88.17,88.24,1372.561
1778208600.0,88.24,88.28,88.2,88.22,1726.343
1778208660.0,88.21,88.22,88.18,88.21,247.769
1778208720.0,88.2,88.23,88.2,88.2,551.164
1778208780.0,88.2,88.2,88.18,88.18,459.182
1778208840.0,88.17,88.17,88.13,88.14,800.563
1778208900.0,88.14,88.15,88.09,88.09,889.569
1778208960.0,88.09,88.11,88.0,88.01,2304.304
1778209020.0,88.02,88.04,88.0,88.04,1206.101
1778209080.0,88.04,88.07,88.03,88.05,869.582
1778209140.0,88.04,88.07,88.04,88.06,599.573
1778209200.0,88.06,88.06,87.93,87.93,678.906
1778209260.0,87.92,87.93,87.8,87.83,5044.801
1778209320.0,87.83,87.86,87.74,87.76,2542.24
1778209380.0,87.77,87.79,87.7,87.78,1371.785
1778209440.0,87.77,87.79,87.73,87.75,1529.712
1778209500.0,87.75,87.89,87.63,87.84,6803.553
1778209560.0,87.84,87.85,87.73,87.75,2520.277
1778209620.0,87.75,87.82,87.71,87.82,2555.599
1778209680.0,87.81,87.87,87.78,87.86,477.787
1778209740.0,87.86,87.9,87.86,87.9,964.894
1778209800.0,87.9,87.99,87.89,87.98,1154.07
1778209860.0,87.99,87.99,87.95,87.97,565.442
1778209920.0,87.96,87.98,87.93,87.97,809.826
1778209980.0,87.97,88.02,87.97,88.01,638.972
1778210040.0,88.01,88.01,87.98,87.99,763.903
1778210100.0,88.0,88.09,88.0,88.08,576.814
1778210160.0,88.07,88.24,88.06,88.23,3401.288
1778210220.0,88.22,88.28,88.12,88.16,2242.862
1778210280.0,88.17,88.17,88.12,88.13,500.468
1778210340.0,88.13,88.17,88.12,88.17,1064.065
1778210400.0,88.16,88.22,88.16,88.19,2052.24
1778210460.0,88.2,88.21,88.16,88.21,1551.239
1778210520.0,88.21,88.21,88.18,88.21,595.977
1778210580.0,88.21,88.21,88.18,88.19,1737.498
1778210640.0,88.19,88.19,88.17,88.19,458.802
1778210700.0,88.19,88.19,88.14,88.17,1344.065
1778210760.0,88.16,88.17,88.14,88.15,2454.541
1778210820.0,88.15,88.17,88.11,88.16,2810.149
1778210880.0,88.16,88.21,88.15,88.21,1320.111
1778210940.0,88.21,88.22,88.2,88.21,337.667
1778211000.0,88.21,88.25,88.2,88.25,646.12
1778211060.0,88.25,88.28,88.25,88.25,966.458
1778211120.0,88.25,88.35,88.24,88.31,1858.92
1778211180.0,88.31,88.37,88.31,88.35,1615.912
1778211240.0,88.34,88.36,88.31,88.34,1241.839
1778211300.0,88.34,88.34,88.29,88.31,809.103
1778211360.0,88.31,88.34,88.28,88.29,536.016
1778211420.0,88.29,88.32,88.29,88.31,722.608
1778211480.0,88.32,88.32,88.31,88.32,563.249
1778211540.0,88.32,88.33,88.3,88.33,602.741
1778211600.0,88.33,88.35,88.32,88.32,363.697
1778211660.0,88.33,88.33,88.25,88.26,3880.527
1778211720.0,88.26,88.3,88.25,88.29,1241.305
1778211780.0,88.3,88.3,88.28,88.3,306.814
1778211840.0,88.29,88.3,88.28,88.3,376.611
1778211900.0,88.3,88.3,88.25,88.26,364.19
1778211960.0,88.26,88.32,88.26,88.29,2408.973
1778212020.0,88.29,88.29,88.26,88.27,243.606
1778212080.0,88.27,88.27,88.19,88.22,848.171
1778212140.0,88.21,88.25,88.19,88.2,819.884
1778212200.0,88.2,88.3,88.2,88.28,1798.631
1778212260.0,88.28,88.29,88.24,88.27,1613.639
1778212320.0,88.27,88.29,88.26,88.27,572.03
1778212380.0,88.28,88.29,88.27,88.29,452.843
1778212440.0,88.28,88.3,88.26,88.29,638.769
1778212500.0,88.29,88.29,88.26,88.26,190.883
1778212560.0,88.26,88.26,88.23,88.23,434.798
1778212620.0,88.23,88.24,88.2,88.24,1396.968
1778212680.0,88.25,88.26,88.23,88.24,351.508
1778212740.0,88.24,88.24,88.22,88.22,317.039
1778212800.0,88.23,88.26,88.21,88.25,710.175
1778212860.0,88.26,88.29,88.25,88.28,547.22
1778212920.0,88.29,88.33,88.26,88.28,2290.395
1778212980.0,88.29,88.31,88.25,88.31,1189.999
1778213040.0,88.31,88.31,88.27,88.27,251.673
1778213100.0,88.28,88.28,88.26,88.26,539.743
1778213160.0,88.26,88.27,88.25,88.27,703.655
1778213220.0,88.27,88.29,88.25,88.25,1346.615
1778213280.0,88.25,88.28,88.25,88.28,377.362
1778213340.0,88.27,88.28,88.27,88.28,213.638
1778213400.0,88.27,88.33,88.26,88.31,2704.214
1778213460.0,88.31,88.33,88.3,88.33,699.965
1778213520.0,88.32,88.33,88.29,88.31,568.014
1778213580.0,88.3,88.31,88.3,88.3,319.887
1778213640.0,88.3,88.33,88.29,88.33,956.096
1778213700.0,88.33,88.33,88.27,88.27,728.974
1778213760.0,88.27,88.29,88.24,88.29,545.918
1778213820.0,88.28,88.33,88.28,88.32,578.947
1778213880.0,88.32,88.33,88.31,88.33,271.543
1778213940.0,88.33,88.36,88.33,88.36,757.275
1778214000.0,88.36,88.37,88.31,88.31,960.173
1778214060.0,88.31,88.34,88.31,88.32,571.57
1778214120.0,88.33,88.35,88.32,88.34,249.533
1778214180.0,88.35,88.36,88.35,88.36,178.223
1778214240.0,88.36,88.36,88.33,88.34,507.282
1778214300.0,88.34,88.34,88.31,88.32,247.362
1778214360.0,88.32,88.32,88.28,88.28,605.097
1778214420.0,88.28,88.3,88.27,88.29,265.006
1778214480.0,88.3,88.33,88.28,88.28,1008.384
1778214540.0,88.28,88.33,88.27,88.32,784.732
1778214600.0,88.33,88.33,88.29,88.3,573.27
1778214660.0,88.29,88.3,88.25,88.27,813.536
1778214720.0,88.27,88.28,88.23,88.28,3207.531
1778214780.0,88.27,88.28,88.22,88.22,1857.795
1778214840.0,88.22,88.25,88.16,88.17,2637.523
1778214900.0,88.17,88.23,88.15,88.19,1016.724
1778214960.0,88.18,88.22,88.16,88.18,2881.647
1778215020.0,88.18,88.18,88.15,88.16,727.957
1778215080.0,88.16,88.17,88.12,88.13,586.977
1778215140.0,88.13,88.16,88.13,88.15,597.444
1778215200.0,88.15,88.16,88.04,88.06,1314.919
1778215260.0,88.07,88.07,88.01,88.04,553.64
1778215320.0,88.05,88.09,88.04,88.09,1453.735
1778215380.0,88.08,88.09,88.06,88.09,888.295
1778215440.0,88.09,88.12,88.08,88.12,460.338
1778215500.0,88.12,88.18,88.12,88.12,1556.544
1778215560.0,88.12,88.15,88.12,88.15,766.689
1778215620.0,88.15,88.17,88.14,88.15,623.826
1778215680.0,88.14,88.14,88.11,88.12,304.555
1778215740.0,88.11,88.13,88.1,88.12,284.149
1778215800.0,88.13,88.15,88.12,88.12,963.988
1778215860.0,88.12,88.13,88.09,88.12,788.651
1778215920.0,88.12,88.13,88.11,88.13,424.66
1778215980.0,88.13,88.22,88.13,88.21,1200.441
1778216040.0,88.21,88.24,88.2,88.2,626.483
1778216100.0,88.2,88.2,88.16,88.17,306.718
1778216160.0,88.18,88.18,88.16,88.17,258.516
1778216220.0,88.17,88.17,88.15,88.15,299.473
1778216280.0,88.15,88.16,88.15,88.16,193.006
1778216340.0,88.16,88.18,88.15,88.18,1191.95
1778216400.0,88.17,88.18,88.17,88.18,235.421
1778216460.0,88.18,88.2,88.13,88.13,2068.168
1778216520.0,88.14,88.14,88.12,88.13,271.433
1778216580.0,88.12,88.13,88.1,88.11,222.53
1778216640.0,88.11,88.15,88.07,88.15,2698.931
1778216700.0,88.15,88.18,88.14,88.18,728.133
1778216760.0,88.18,88.18,88.15,88.15,417.825
1778216820.0,88.16,88.16,88.12,88.15,737.949
1778216880.0,88.16,88.19,88.15,88.18,492.594
1778216940.0,88.18,88.21,88.18,88.19,716.052
1778217000.0,88.18,88.18,88.14,88.15,296.744
1778217060.0,88.15,88.16,88.13,88.15,132.714
1778217120.0,88.16,88.21,88.15,88.19,9830.838
1778217180.0,88.19,88.25,88.18,88.25,544.569
1778217240.0,88.26,88.3,88.22,88.22,1148.171
1778217300.0,88.21,88.22,88.19,88.19,423.344
1778217360.0,88.2,88.31,88.2,88.31,622.756
1778217420.0,88.31,88.36,88.3,88.35,512.35
1778217480.0,88.36,88.36,88.3,88.32,904.658
1778217540.0,88.31,88.32,88.21,88.21,395.992
1778217600.0,88.22,88.23,88.19,88.21,1815.645
1778217660.0,88.2,88.21,88.18,88.18,592.288
1778217720.0,88.18,88.21,88.17,88.18,326.625
1778217780.0,88.19,88.23,88.16,88.22,1666.255
1778217840.0,88.22,88.24,88.21,88.24,477.8
1778217900.0,88.24,88.26,88.22,88.23,392.191
1778217960.0,88.22,88.28,88.22,88.27,547.852
1778218020.0,88.27,88.27,88.23,88.24,593.56
1778218080.0,88.23,88.24,88.23,88.24,144.39
1778218140.0,88.24,88.3,88.23,88.28,1009.998
1778218200.0,88.28,88.41,88.27,88.4,1353.099
1778218260.0,88.39,88.41,88.31,88.31,647.486
1778218320.0,88.32,88.34,88.3,88.33,843.11
1778218380.0,88.34,88.34,88.3,88.33,346.188
1778218440.0,88.33,88.36,88.33,88.35,328.635
1778218500.0,88.35,88.36,88.31,88.31,425.637
1778218560.0,88.31,88.35,88.29,88.34,1216.669
1778218620.0,88.35,88.36,88.34,88.34,281.17
1778218680.0,88.35,88.35,88.29,88.31,347.619
1778218740.0,88.32,88.34,88.31,88.34,752.239
1778218800.0,88.33,88.35,88.33,88.33,289.179
1778218860.0,88.34,88.37,88.33,88.35,271.67
1778218920.0,88.35,88.38,88.35,88.37,1162.529
1778218980.0,88.38,88.39,88.37,88.38,583.266
1778219040.0,88.38,88.39,88.37,88.37,453.411
1778219100.0,88.38,88.42,88.37,88.38,689.08
1778219160.0,88.37,88.42,88.37,88.4,146.891
1778219220.0,88.41,88.42,88.18,88.18,4537.133
1778219280.0,88.18,88.25,88.18,88.25,159.737
1778219340.0,88.24,88.26,88.24,88.26,215.4
1778219400.0,88.26,88.28,88.24,88.26,308.673
1778219460.0,88.26,88.27,88.24,88.25,173.677
1778219520.0,88.25,88.26,88.21,88.22,161.222
1778219580.0,88.22,88.22,88.18,88.18,269.906
1778219640.0,88.19,88.21,88.19,88.19,316.993
1778219700.0,88.19,88.2,88.19,88.19,129.793
1778219760.0,88.2,88.2,88.13,88.14,1001.976
1778219820.0,88.14,88.15,88.13,88.14,298.271
1778219880.0,88.13,88.13,88.08,88.1,1087.371
1778219940.0,88.1,88.1,88.05,88.05,388.861
1778220000.0,88.05,88.05,87.84,87.86,4517.903
1778220060.0,87.87,87.92,87.85,87.92,1054.638
1778220120.0,87.92,87.98,87.92,87.98,1243.763
1778220180.0,87.98,88.01,87.94,88.0,1569.475
1778220240.0,87.99,88.04,87.99,88.03,645.239
1778220300.0,88.03,88.03,87.91,87.93,733.162
1778220360.0,87.93,87.98,87.92,87.97,309.934
1778220420.0,87.97,87.98,87.9,87.97,11088.96
1778220480.0,87.97,87.98,87.91,87.91,2865.205
1778220540.0,87.91,87.95,87.87,87.94,1621.205
1778220600.0,87.94,87.96,87.91,87.96,263.856
1778220660.0,87.95,88.0,87.95,87.99,601.841
1778220720.0,88.0,88.09,88.0,88.08,2783.941
1778220780.0,88.09,88.15,88.08,88.09,1866.816
1778220840.0,88.08,88.13,88.08,88.1,1904.399
1778220900.0,88.1,88.17,88.09,88.17,699.593
1778220960.0,88.17,88.19,88.16,88.18,1990.185
1778221020.0,88.18,88.2,88.17,88.18,720.939
1778221080.0,88.18,88.22,88.18,88.21,312.488
1778221140.0,88.2,88.24,88.19,88.19,805.737
1778221200.0,88.19,88.24,88.18,88.21,656.479
1778221260.0,88.21,88.24,88.2,88.22,2867.062
1778221320.0,88.22,88.23,88.19,88.2,759.344
1778221380.0,88.19,88.21,88.15,88.18,2873.866
1778221440.0,88.18,88.19,88.15,88.15,1605.904
1778221500.0,88.16,88.16,88.09,88.1,393.666
1778221560.0,88.1,88.23,88.1,88.18,2408.78
1778221620.0,88.18,88.22,88.16,88.22,1545.181
1778221680.0,88.22,88.29,88.08,88.1,7218.7
1778221740.0,88.11,88.11,88.04,88.05,1566.307
1778221800.0,88.05,88.08,88.02,88.02,4337.254
1778221860.0,88.02,88.04,87.98,87.98,805.84
1778221920.0,87.98,88.0,87.94,87.95,2632.936
1778221980.0,87.96,87.96,87.91,87.91,529.529
1778222040.0,87.91,87.94,87.89,87.91,797.691
1778222100.0,87.92,87.92,87.83,87.84,1378.472
1778222160.0,87.83,87.9,87.83,87.9,868.938
1778222220.0,87.89,87.96,87.89,87.96,841.882
1778222280.0,87.95,87.99,87.95,87.99,533.084
1778222340.0,88.0,88.04,87.99,88.04,491.508
1778222400.0,88.04,88.08,87.99,87.99,1034.739
1778222460.0,87.99,88.07,87.99,88.06,692.921
1778222520.0,88.07,88.12,88.07,88.12,297.417
1778222580.0,88.11,88.13,88.09,88.11,818.762
1778222640.0,88.11,88.11,88.03,88.03,1222.853
1778222700.0,88.04,88.07,88.01,88.02,300.245
1778222760.0,88.03,88.05,87.97,87.98,670.896
1778222820.0,87.97,87.99,87.93,87.94,805.066
1778222880.0,87.94,87.96,87.92,87.94,596.125
1778222940.0,87.94,87.96,87.92,87.95,635.447
1778223000.0,87.96,88.02,87.96,88.02,511.299
1778223060.0,88.02,88.04,88.01,88.02,349.547
1778223120.0,88.02,88.02,87.99,88.0,306.525
1778223180.0,88.0,88.01,87.98,87.99,360.841
1778223240.0,87.99,88.03,87.98,88.03,527.035
1778223300.0,88.02,88.03,88.0,88.0,114.979
1778223360.0,88.0,88.0,87.95,87.95,338.373
1778223420.0,87.95,87.99,87.95,87.98,271.792
1778223480.0,87.98,88.0,87.97,87.99,549.107
1778223540.0,88.0,88.05,88.0,88.05,1162.344
1778223600.0,88.05,88.05,87.97,87.99,956.297
1778223660.0,87.98,87.98,87.93,87.96,509.778
1778223720.0,87.95,87.99,87.93,87.95,884.48
1778223780.0,87.94,87.96,87.91,87.92,433.4
1778223840.0,87.92,87.95,87.92,87.94,874.805
1778223900.0,87.94,87.95,87.88,87.88,884.323
1778223960.0,87.88,87.88,87.81,87.84,725.908
1778224020.0,87.83,87.88,87.76,87.85,1887.099
1778224080.0,87.86,87.88,87.82,87.85,614.592
1778224140.0,87.84,87.89,87.82,87.88,4627.229
1778224200.0,87.87,87.88,87.82,87.83,620.056
1778224260.0,87.83,87.87,87.82,87.86,481.936
1778224320.0,87.87,87.91,87.85,87.9,573.325
1778224380.0,87.89,87.9,87.82,87.84,969.125
1778224440.0,87.84,87.87,87.76,87.78,2865.186
1778224500.0,87.77,87.81,87.77,87.81,853.287
1778224560.0,87.82,87.87,87.8,87.85,846.741
1778224620.0,87.86,87.86,87.81,87.86,3125.556
1778224680.0,87.86,87.87,87.8,87.82,2368.682
1778224740.0,87.83,87.84,87.81,87.81,3698.379
1778224800.0,87.81,87.88,87.79,87.83,3669.882
1778224860.0,87.83,87.84,87.82,87.83,2595.423
1778224920.0,87.83,87.83,87.76,87.76,1019.86
1778224980.0,87.76,87.76,87.71,87.72,5878.708
1778225040.0,87.73,87.84,87.65,87.75,11067.832
1778225100.0,87.74,87.77,87.7,87.75,3669.36
1778225160.0,87.74,87.79,87.73,87.79,1039.22
1778225220.0,87.79,87.8,87.76,87.79,685.045
1778225280.0,87.79,87.81,87.79,87.8,470.157
1778225340.0,87.8,87.82,87.8,87.81,1473.254
1778225400.0,87.81,87.86,87.8,87.83,3882.444
1778225460.0,87.82,87.87,87.81,87.86,2552.772
1778225520.0,87.86,87.93,87.86,87.9,3109.506
1778225580.0,87.89,87.92,87.87,87.9,2511.836
1778225640.0,87.9,87.92,87.87,87.88,2465.112
1778225700.0,87.87,87.92,87.86,87.91,2468.383
1778225760.0,87.91,87.92,87.89,87.91,3444.09
1778225820.0,87.92,87.99,87.91,87.98,2970.724
1778225880.0,87.99,88.0,87.96,87.99,2522.269
1778225940.0,88.0,88.02,87.95,87.96,4157.792
1778226000.0,87.96,88.02,87.96,88.02,2497.157
1778226060.0,88.02,88.1,88.01,88.07,2821.868
1778226120.0,88.07,88.08,88.06,88.06,2396.784
1778226180.0,88.06,88.1,88.05,88.09,2439.496
1778226240.0,88.09,88.1,88.05,88.05,2699.721
1778226300.0,88.05,88.12,88.05,88.1,3138.046
1778226360.0,88.09,88.11,88.05,88.06,3602.235
1778226420.0,88.05,88.1,88.04,88.04,3424.658
1778226480.0,88.04,88.15,88.04,88.14,3632.455
1778226540.0,88.14,88.23,88.12,88.19,4991.674
1778226600.0,88.19,88.21,88.12,88.12,3073.99
1778226660.0,88.12,88.12,88.07,88.12,3438.799
1778226720.0,88.12,88.12,88.06,88.11,2603.889
1778226780.0,88.1,88.14,88.09,88.13,3116.837
1778226840.0,88.13,88.18,88.13,88.18,3101.61
1778226900.0,88.17,88.22,88.17,88.19,4212.707
1778226960.0,88.19,88.2,88.14,88.15,2941.716
1778227020.0,88.15,88.16,88.14,88.15,3741.326
1778227080.0,88.15,88.2,88.15,88.2,3106.184
1778227140.0,88.19,88.23,88.19,88.22,3499.552
1778227200.0,88.23,88.25,88.2,88.24,2690.084
1778227260.0,88.23,88.26,88.19,88.21,4651.425
1778227320.0,88.22,88.24,88.21,88.23,1275.648
1778227380.0,88.24,88.26,88.23,88.25,2257.573
1778227440.0,88.25,88.27,88.24,88.27,941.581
1778227500.0,88.27,88.3,88.26,88.3,2032.931
1778227560.0,88.3,88.32,88.28,88.3,4249.953
1778227620.0,88.31,88.33,88.29,88.31,1087.268
1778227680.0,88.31,88.33,88.28,88.3,3659.183
1778227740.0,88.31,88.36,88.16,88.22,23231.539
1778227800.0,88.22,88.27,88.19,88.24,5410.354
1778227860.0,88.24,88.26,88.23,88.26,817.287
1778227920.0,88.25,88.3,88.25,88.28,1075.537
1778227980.0,88.27,88.27,88.22,88.23,629.951
1778228040.0,88.24,88.24,88.21,88.22,913.337
1778228100.0,88.22,88.25,88.21,88.23,435.89
1778228160.0,88.23,88.26,88.22,88.26,460.782
1778228220.0,88.26,88.26,88.21,88.22,562.331
1778228280.0,88.22,88.22,88.19,88.2,634.125
1778228340.0,88.19,88.2,88.16,88.16,553.079
1778228400.0,88.16,88.17,88.1,88.1,3624.429
1778228460.0,88.11,88.2,88.07,88.17,6397.285
1778228520.0,88.17,88.19,88.09,88.09,1347.081
1778228580.0,88.1,88.1,88.07,88.07,506.982
1778228640.0,88.08,88.09,88.05,88.05,1167.297
1778228700.0,88.05,88.22,88.01,88.21,21030.796
1778228760.0,88.21,88.23,88.21,88.21,1203.847
1778228820.0,88.22,88.26,88.22,88.24,1363.6
1778228880.0,88.24,88.28,88.23,88.26,1632.865
1778228940.0,88.26,88.27,88.2,88.2,3926.891
1778229000.0,88.21,88.24,88.19,88.23,2595.589
1778229060.0,88.23,88.29,88.23,88.28,806.072
1778229120.0,88.29,88.29,88.27,88.27,258.625
1778229180.0,88.28,88.28,88.25,88.27,1915.371
1778229240.0,88.26,88.29,88.26,88.29,538.047
1778229300.0,88.29,88.35,88.29,88.34,1440.441
1778229360.0,88.34,88.35,88.31,88.34,859.715
1778229420.0,88.34,88.35,88.33,88.35,858.302
1778229480.0,88.34,88.38,88.34,88.37,2012.346
1778229540.0,88.38,88.46,88.38,88.46,5332.446
1778229600.0,88.46,88.46,88.39,88.4,2399.267
1778229660.0,88.4,88.42,88.38,88.41,2415.581
1778229720.0,88.41,88.42,88.4,88.42,2517.958
1778229780.0,88.41,88.47,88.4,88.47,9848.356
1778229840.0,88.46,88.52,88.46,88.48,13037.092
1778229900.0,88.48,88.5,88.46,88.5,1067.794
1778229960.0,88.5,88.52,88.48,88.51,1881.262
1778230020.0,88.51,88.62,88.51,88.62,2816.607
1778230080.0,88.61,88.63,88.59,88.59,1408.816
1778230140.0,88.59,88.61,88.52,88.52,1068.428
1778230200.0,88.52,88.54,88.51,88.51,730.624
1778230260.0,88.51,88.52,88.49,88.51,2043.228
1778230320.0,88.5,88.5,88.47,88.48,586.326
1778230380.0,88.48,88.53,88.46,88.51,1411.689
1778230440.0,88.5,88.52,88.5,88.51,878.514
1778230500.0,88.52,88.52,88.48,88.48,893.697
1778230560.0,88.48,88.49,88.35,88.44,9088.044
1778230620.0,88.44,88.44,88.41,88.42,1173.992
1778230680.0,88.42,88.42,88.39,88.39,900.256
1778230740.0,88.39,88.4,88.37,88.38,1456.833
1778230800.0,88.38,88.39,88.32,88.33,2135.954
1778230860.0,88.33,88.33,88.24,88.24,1227.89
1778230920.0,88.24,88.3,88.23,88.3,1838.546
1778230980.0,88.3,88.32,88.27,88.29,651.898
1778231040.0,88.28,88.3,88.28,88.3,400.947
1778231100.0,88.29,88.31,88.28,88.31,1985.205
1778231160.0,88.31,88.33,88.31,88.31,685.519
1778231220.0,88.32,88.39,88.32,88.39,631.451
1778231280.0,88.39,88.4,88.37,88.4,1321.138
1778231340.0,88.4,88.48,88.4,88.47,852.231
1778231400.0,88.48,88.48,88.45,88.46,1372.728
1778231460.0,88.46,88.5,88.46,88.49,743.587
1778231520.0,88.5,88.55,88.5,88.54,1951.675
1778231580.0,88.55,88.55,88.52,88.53,1231.957
1778231640.0,88.54,88.56,88.54,88.55,936.629
1778231700.0,88.56,88.57,88.53,88.56,1752.852
1778231760.0,88.56,88.6,88.53,88.56,3717.807
1778231820.0,88.56,88.57,88.54,88.55,979.762
1778231880.0,88.55,88.58,88.54,88.56,373.974
1778231940.0,88.55,88.59,88.55,88.57,1598.357
1778232000.0,88.57,88.61,88.56,88.61,1623.729
1778232060.0,88.61,88.64,88.6,88.63,1084.378
1778232120.0,88.63,88.65,88.62,88.65,1204.288
1778232180.0,88.65,88.69,88.64,88.66,5113.4
1778232240.0,88.66,88.69,88.64,88.64,1133.993
1778232300.0,88.64,88.65,88.62,88.65,3405.167
1778232360.0,88.64,88.69,88.64,88.68,715.146
1778232420.0,88.67,88.72,88.65,88.65,2027.732
1778232480.0,88.66,88.66,88.63,88.63,902.196
1778232540.0,88.63,88.65,88.55,88.56,2534.292
1778232600.0,88.57,88.62,88.56,88.61,1655.902
1778232660.0,88.6,88.61,88.59,88.59,2662.389
1778232720.0,88.6,88.61,88.56,88.57,678.626
1778232780.0,88.57,88.57,88.53,88.54,1853.116
1778232840.0,88.54,88.59,88.52,88.59,1859.369
1778232900.0,88.58,88.61,88.58,88.58,347.763
1778232960.0,88.59,88.59,88.56,88.56,1010.042
1778233020.0,88.56,88.56,88.5,88.56,609.927
1778233080.0,88.56,88.59,88.55,88.57,461.808
1778233140.0,88.57,88.57,88.52,88.53,2036.235
1778233200.0,88.53,88.53,88.48,88.52,2061.902
1778233260.0,88.51,88.52,88.49,88.52,412.302
1778233320.0,88.51,88.53,88.5,88.5,624.389
1778233380.0,88.51,88.51,88.47,88.48,812.783
1778233440.0,88.48,88.48,88.46,88.47,424.096
1778233500.0,88.47,88.48,88.43,88.43,515.404
1778233560.0,88.42,88.43,88.36,88.36,525.649
1778233620.0,88.36,88.37,88.35,88.36,250.318
1778233680.0,88.36,88.36,88.33,88.34,353.428
1778233740.0,88.34,88.41,88.32,88.39,1044.88
1778233800.0,88.39,88.39,88.33,88.33,780.315
1778233860.0,88.34,88.38,88.33,88.34,1282.529
1778233920.0,88.34,88.36,88.32,88.36,1182.819
1778233980.0,88.36,88.37,88.32,88.37,635.013
1778234040.0,88.38,88.39,88.37,88.38,102.272
1778234100.0,88.39,88.39,88.36,88.38,1721.264
1778234160.0,88.37,88.39,88.34,88.34,543.124
1778234220.0,88.34,88.42,88.34,88.39,1156.772
1778234280.0,88.38,88.41,88.37,88.4,472.611
1778234340.0,88.4,88.45,88.4,88.44,303.503
1778234400.0,88.44,88.52,88.43,88.51,925.326
1778234460.0,88.5,88.51,88.48,88.49,548.124
1778234520.0,88.48,88.59,88.48,88.58,667.493
1778234580.0,88.59,88.61,88.54,88.56,2202.052
1778234640.0,88.55,88.58,88.53,88.58,1920.114
1778234700.0,88.58,88.58,88.5,88.51,1586.022
1778234760.0,88.5,88.54,88.5,88.54,1493.063
1778234820.0,88.53,88.57,88.48,88.49,1000.57
1778234880.0,88.49,88.49,88.41,88.42,773.695
1778234940.0,88.41,88.41,88.28,88.33,3560.859
1778235000.0,88.34,88.43,88.34,88.38,873.123
1778235060.0,88.38,88.45,88.34,88.43,2116.218
1778235120.0,88.43,88.43,88.42,88.42,234.811
1778235180.0,88.42,88.43,88.41,88.43,371.994
1778235240.0,88.42,88.43,88.41,88.41,359.556
1778235300.0,88.42,88.44,88.41,88.42,485.668
1778235360.0,88.41,88.41,88.36,88.39,448.222
1778235420.0,88.39,88.4,88.37,88.4,834.82
1778235480.0,88.4,88.44,88.39,88.44,300.881
1778235540.0,88.43,88.47,88.43,88.45,513.099
1778235600.0,88.45,88.45,88.39,88.39,734.956
1778235660.0,88.39,88.39,88.36,88.37,130.681
1778235720.0,88.36,88.4,88.36,88.39,385.103
1778235780.0,88.4,88.49,88.38,88.48,838.712
1778235840.0,88.49,88.49,88.47,88.48,68.288
1778235900.0,88.48,88.48,88.44,88.45,646.486
1778235960.0,88.45,88.52,88.44,88.51,1218.853
1778236020.0,88.51,88.51,88.45,88.45,406.199
1778236080.0,88.45,88.45,88.42,88.45,357.876
1778236140.0,88.45,88.46,88.44,88.46,524.128
1778236200.0,88.46,88.54,88.45,88.54,591.629
1778236260.0,88.55,88.55,88.52,88.54,234.072
1778236320.0,88.54,88.56,88.54,88.56,307.251
1778236380.0,88.55,88.6,88.53,88.59,922.622
1778236440.0,88.6,88.61,88.56,88.59,2571.624
1778236500.0,88.59,88.6,88.58,88.6,380.603
1778236560.0,88.6,88.63,88.58,88.62,480.074
1778236620.0,88.62,88.68,88.61,88.68,1306.754
1778236680.0,88.68,88.7,88.64,88.65,3086.681
1778236740.0,88.64,88.65,88.63,88.64,409.919
1778236800.0,88.63,88.64,88.59,88.62,674.537
1778236860.0,88.61,88.65,88.6,88.64,1916.986
1778236920.0,88.64,88.65,88.63,88.64,457.068
1778236980.0,88.65,88.71,88.64,88.68,1042.018
1778237040.0,88.68,88.69,88.66,88.67,538.968
1778237100.0,88.66,88.7,88.63,88.63,552.565
1778237160.0,88.64,88.69,88.64,88.67,870.384
1778237220.0,88.67,88.68,88.66,88.68,307.875
1778237280.0,88.68,88.69,88.66,88.69,379.362
1778237340.0,88.69,88.69,88.65,88.68,573.734
1778237400.0,88.68,88.73,88.68,88.72,2359.208
1778237460.0,88.71,88.72,88.7,88.71,555.523
1778237520.0,88.71,88.73,88.71,88.73,651.209
1778237580.0,88.73,88.73,88.7,88.71,1115.927
1778237640.0,88.7,88.73,88.7,88.71,1056.898
1778237700.0,88.71,88.72,88.6,88.64,3532.515
1778237760.0,88.64,89.1,88.63,88.69,37980.095
1778237820.0,88.68,88.74,88.65,88.67,1669.665
1778237880.0,88.67,88.67,88.64,88.65,1170.83
1778237940.0,88.65,88.65,88.61,88.63,1347.926
1778238000.0,88.64,88.72,88.64,88.69,2904.428
1778238060.0,88.68,88.74,88.67,88.67,1565.761
1778238120.0,88.67,88.67,88.58,88.63,1871.344
1778238180.0,88.62,88.62,88.58,88.62,1279.585
1778238240.0,88.62,88.67,88.61,88.65,2293.365
1778238300.0,88.66,88.68,88.6,88.63,4635.258
1778238360.0,88.64,88.64,88.6,88.63,857.97
1778238420.0,88.62,88.67,88.6,88.61,1015.758
1778238480.0,88.61,88.62,88.58,88.58,3981.0
1778238540.0,88.58,88.61,88.57,88.58,1600.849
1778238600.0,88.58,88.58,88.47,88.5,5929.21
1778238660.0,88.51,88.52,88.5,88.52,452.143
1778238720.0,88.52,88.58,88.51,88.57,509.803
1778238780.0,88.58,88.58,88.56,88.57,602.526
1778238840.0,88.58,88.59,88.56,88.59,841.879
1778238900.0,88.6,88.61,88.57,88.57,336.929
1778238960.0,88.58,88.6,88.57,88.59,1301.601
1778239020.0,88.59,88.59,88.56,88.57,829.51
1778239080.0,88.56,88.61,88.56,88.6,627.625
1778239140.0,88.6,88.65,88.6,88.65,1120.904
1778239200.0,88.65,88.73,88.65,88.68,1644.424
1778239260.0,88.68,88.69,88.66,88.67,1169.527
1778239320.0,88.68,88.68,88.63,88.64,645.624
1778239380.0,88.65,88.65,88.57,88.62,805.503
1778239440.0,88.61,88.68,88.61,88.68,434.514
1778239500.0,88.67,88.7,88.67,88.68,417.33
1778239560.0,88.68,88.7,88.66,88.68,816.931
1778239620.0,88.68,88.69,88.67,88.68,265.081
1778239680.0,88.67,88.68,88.65,88.66,559.785
1778239740.0,88.66,88.68,88.64,88.66,342.894
1778239800.0,88.66,88.68,88.65,88.66,359.588
1778239860.0,88.66,88.67,88.6,88.63,613.636
1778239920.0,88.64,88.68,88.63,88.68,209.635
1778239980.0,88.67,88.69,88.66,88.68,628.039
1778240040.0,88.69,88.69,88.65,88.66,621.593
1778240100.0,88.66,88.7,88.65,88.69,727.865
1778240160.0,88.7,88.7,88.67,88.69,687.695
1778240220.0,88.68,88.69,88.65,88.66,567.68
1778240280.0,88.66,88.67,88.6,88.6,378.93
1778240340.0,88.61,88.62,88.58,88.61,676.678
1778240400.0,88.62,88.64,88.61,88.63,600.15
1778240460.0,88.63,88.63,88.56,88.56,991.807
1778240520.0,88.56,88.57,88.52,88.55,1191.039
1778240580.0,88.55,88.56,88.54,88.55,248.236
1778240640.0,88.55,88.56,88.5,88.52,984.077
1778240700.0,88.53,88.58,88.53,88.58,565.277
1778240760.0,88.58,88.63,88.58,88.63,1224.436
1778240820.0,88.62,88.66,88.61,88.62,526.483
1778240880.0,88.62,88.62,88.58,88.62,573.005
1778240940.0,88.62,88.64,88.6,88.64,547.656
1778241000.0,88.64,88.7,88.63,88.69,857.362
1778241060.0,88.69,88.7,88.68,88.69,156.145
1778241120.0,88.69,88.69,88.63,88.65,813.653
1778241180.0,88.64,88.66,88.62,88.65,447.774
1778241240.0,88.65,88.68,88.65,88.68,994.962
1778241300.0,88.67,88.68,88.63,88.63,409.726
1778241360.0,88.64,88.65,88.63,88.64,441.507
1778241420.0,88.63,88.67,88.63,88.67,726.762
1778241480.0,88.67,88.68,88.65,88.65,3831.737
1778241540.0,88.66,88.66,88.64,88.64,129.622
1778241600.0,88.64,88.7,88.64,88.65,893.069
1778241660.0,88.66,88.67,88.62,88.66,358.799
1778241720.0,88.67,88.72,88.67,88.71,420.878
1778241780.0,88.71,88.71,88.67,88.68,1535.481
1778241840.0,88.67,88.68,88.59,88.6,672.549
1778241900.0,88.59,88.64,88.59,88.62,521.683
1778241960.0,88.63,88.67,88.63,88.64,231.436
1778242020.0,88.65,88.65,88.62,88.63,253.651
1778242080.0,88.63,88.64,88.59,88.6,561.953
1778242140.0,88.59,88.62,88.58,88.58,252.466
1778242200.0,88.58,88.6,88.51,88.53,778.769
1778242260.0,88.52,88.56,88.52,88.55,492.279
1778242320.0,88.55,88.59,88.54,88.58,470.866
1778242380.0,88.59,88.61,88.58,88.61,530.475
1778242440.0,88.62,88.62,88.58,88.62,512.664
1778242500.0,88.61,88.63,88.59,88.6,382.265
1778242560.0,88.6,88.65,88.59,88.62,874.156
1778242620.0,88.63,88.64,88.62,88.64,312.289
1778242680.0,88.64,88.64,88.6,88.62,1104.602
1778242740.0,88.62,88.63,88.61,88.62,241.886
1778242800.0,88.61,88.62,88.56,88.56,1134.518
1778242860.0,88.55,88.59,88.52,88.58,928.118
1778242920.0,88.58,88.58,88.56,88.57,303.197
1778242980.0,88.57,88.59,88.55,88.57,817.475
1778243040.0,88.57,88.58,88.56,88.57,204.437
1778243100.0,88.57,88.57,88.53,88.53,604.68
1778243160.0,88.53,88.6,88.52,88.6,699.849
1778243220.0,88.6,88.66,88.6,88.65,900.383
1778243280.0,88.65,88.71,88.64,88.7,1711.886
1778243340.0,88.71,88.76,88.7,88.71,2647.721
1778243400.0,88.72,88.87,88.48,88.49,10809.679
1778243460.0,88.49,88.64,88.49,88.51,1798.486
1778243520.0,88.51,88.61,88.5,88.61,926.53
1778243580.0,88.61,88.67,88.61,88.64,854.461
1778243640.0,88.65,88.66,88.6,88.66,960.743
1778243700.0,88.66,88.69,88.63,88.63,1006.805
1778243760.0,88.64,88.68,88.63,88.67,530.595
1778243820.0,88.67,88.69,88.62,88.64,745.855
1778243880.0,88.64,88.64,88.6,88.64,1210.804
1778243940.0,88.64,88.64,88.59,88.61,772.167
1778244000.0,88.62,88.65,88.61,88.65,4576.612
1778244060.0,88.64,88.65,88.62,88.64,1669.908
1778244120.0,88.64,88.69,88.64,88.69,640.859
1778244180.0,88.69,88.73,88.68,88.72,543.945
1778244240.0,88.72,88.75,88.71,88.73,985.167
1778244300.0,88.73,88.73,88.63,88.64,1364.832
1778244360.0,88.65,88.71,88.63,88.7,1065.3
1778244420.0,88.7,88.74,88.7,88.71,614.364
1778244480.0,88.7,88.71,88.64,88.65,962.783
1778244540.0,88.64,88.67,88.57,88.57,5825.551
1778244600.0,88.57,88.59,88.47,88.47,1944.99
1778244660.0,88.48,88.48,88.41,88.47,1798.161
1778244720.0,88.48,88.49,88.42,88.43,1518.013
1778244780.0,88.43,88.51,88.42,88.5,1116.936
1778244840.0,88.5,88.55,88.48,88.55,604.062
1778244900.0,88.55,88.57,88.54,88.56,232.85
1778244960.0,88.57,88.61,88.56,88.6,714.824
1778245020.0,88.6,88.62,88.6,88.62,617.784
1778245080.0,88.61,88.62,88.46,88.46,1560.607
1778245140.0,88.47,88.47,88.37,88.46,4154.933
1778245200.0,88.47,88.49,88.42,88.49,850.885
1778245260.0,88.48,88.54,88.44,88.52,1488.37
1778245320.0,88.53,88.56,88.47,88.47,1281.12
1778245380.0,88.47,88.56,88.45,88.54,1205.058
1778245440.0,88.54,88.55,88.44,88.51,1910.654
1778245500.0,88.5,88.55,88.44,88.44,1269.032
1778245560.0,88.45,88.45,88.3,88.32,2799.804
1778245620.0,88.32,88.42,88.29,88.39,9064.519
1778245680.0,88.4,88.43,88.36,88.36,1604.774
1778245740.0,88.37,88.41,88.36,88.41,1390.756
1778245800.0,88.4,88.43,88.37,88.39,1302.089
1778245860.0,88.39,88.45,88.38,88.45,873.772
1778245920.0,88.45,88.48,88.37,88.37,921.632
1778245980.0,88.37,88.37,88.31,88.34,1376.803
1778246040.0,88.35,88.37,88.17,88.28,8860.698
1778246100.0,88.29,88.41,88.29,88.37,5331.024
1778246160.0,88.36,88.4,88.35,88.4,1285.712
1778246220.0,88.4,88.44,88.39,88.43,727.955
1778246280.0,88.43,88.44,88.37,88.38,845.386
1778246340.0,88.37,88.4,88.35,88.39,581.091
1778246400.0,88.38,88.46,88.38,88.45,1031.391
1778246460.0,88.44,88.48,88.42,88.46,570.324
1778246520.0,88.46,88.46,88.41,88.43,260.441
1778246580.0,88.44,88.48,88.44,88.47,250.455
1778246640.0,88.47,88.5,88.47,88.5,739.541
1778246700.0,88.5,88.5,88.47,88.49,479.236
1778246760.0,88.5,88.5,88.41,88.42,930.153
1778246820.0,88.41,88.44,88.37,88.41,1424.769
1778246880.0,88.41,88.41,88.3,88.32,1789.162
1778246940.0,88.32,88.33,88.28,88.29,1232.578
1778247000.0,88.3,88.36,88.28,88.3,2991.613
1778247060.0,88.29,88.38,88.27,88.37,1622.377
1778247120.0,88.38,88.43,88.37,88.37,520.336
1778247180.0,88.37,88.43,88.36,88.42,1967.661
1778247240.0,88.42,88.51,88.41,88.5,1387.175
1778247300.0,88.5,88.51,88.44,88.46,981.627
1778247360.0,88.45,88.52,88.44,88.5,991.44
1778247420.0,88.51,88.53,88.41,88.41,2017.012
1778247480.0,88.41,88.42,88.36,88.41,832.153
1778247540.0,88.4,88.41,88.13,88.14,2453.419
1778247600.0,88.14,88.16,88.07,88.14,2020.358
1778247660.0,88.14,88.16,88.01,88.05,2532.024
1778247720.0,88.04,88.16,88.04,88.11,806.621
1778247780.0,88.11,88.13,88.08,88.12,2185.281
1778247840.0,88.12,88.15,88.09,88.11,441.533
1778247900.0,88.11,88.28,88.11,88.21,1576.68
1778247960.0,88.22,88.25,88.18,88.22,492.308
1778248020.0,88.22,88.23,88.19,88.23,1518.927
1778248080.0,88.23,88.35,88.23,88.35,712.337
1778248140.0,88.34,88.39,88.28,88.29,859.685
1778248200.0,88.3,88.35,88.28,88.33,518.027
1778248260.0,88.33,88.37,88.3,88.32,1187.253
1778248320.0,88.33,88.4,88.29,88.39,1216.432
1778248380.0,88.39,88.42,88.36,88.36,597.642
1778248440.0,88.36,88.36,88.27,88.28,804.157
1778248500.0,88.28,88.34,88.26,88.32,344.969
1778248560.0,88.32,88.33,88.27,88.3,440.6
1778248620.0,88.3,88.33,88.29,88.3,1051.007
1778248680.0,88.3,88.3,88.27,88.28,91.493
1778248740.0,88.28,88.35,88.27,88.34,563.447
1778248800.0,88.34,88.49,88.34,88.36,1533.282
1778248860.0,88.36,88.46,88.35,88.44,919.201
1778248920.0,88.44,88.52,88.44,88.5,1345.025
1778248980.0,88.5,88.59,88.5,88.56,862.759
1778249040.0,88.56,88.62,88.51,88.62,1468.817
1778249100.0,88.61,88.82,88.58,88.79,2275.387
1778249160.0,88.78,88.82,88.7,88.75,3770.688
1778249220.0,88.75,88.76,88.64,88.69,1000.098
1778249280.0,88.69,88.73,88.66,88.72,832.496
1778249340.0,88.72,88.76,88.65,88.76,762.179
1778249400.0,88.76,88.84,88.75,88.79,2090.721
1778249460.0,88.79,88.8,88.68,88.74,2119.892
1778249520.0,88.74,88.86,88.72,88.82,2071.074
1778249580.0,88.82,88.85,88.78,88.81,749.647
1778249640.0,88.82,88.83,88.79,88.82,844.88
1778249700.0,88.83,88.9,88.79,88.89,1748.974
1778249760.0,88.88,89.01,88.88,88.96,2609.1
1778249820.0,88.97,88.98,88.93,88.95,935.969
1778249880.0,88.95,89.36,88.95,89.25,9696.182
1778249940.0,89.24,89.31,89.11,89.3,5770.755
1778250000.0,89.3,89.35,89.22,89.27,2981.126
1778250060.0,89.27,89.3,89.25,89.26,1078.145
1778250120.0,89.26,89.29,89.21,89.21,1180.291
1778250180.0,89.21,89.24,89.15,89.22,1563.269
1778250240.0,89.22,89.37,89.22,89.36,8359.341
1778250300.0,89.37,89.38,89.31,89.38,2077.99
1778250360.0,89.37,89.37,89.28,89.28,1141.705
1778250420.0,89.28,89.3,89.2,89.2,2164.082
1778250480.0,89.19,89.19,89.09,89.12,3478.187
1778250540.0,89.13,89.14,89.05,89.05,4161.926
1778250600.0,89.05,89.07,88.72,88.72,3153.709
1778250660.0,88.71,88.92,88.64,88.88,6351.573
1778250720.0,88.89,88.9,88.83,88.85,1358.927
1778250780.0,88.85,88.96,88.85,88.95,1536.065
1778250840.0,88.95,89.11,88.95,89.09,2319.31
1778250900.0,89.09,89.09,88.95,88.96,1282.887
1778250960.0,88.95,89.02,88.86,89.01,7782.181
1778251020.0,89.02,89.1,89.02,89.08,4595.147
1778251080.0,89.09,89.23,89.07,89.17,2070.536
1778251140.0,89.18,89.23,89.12,89.21,1527.013
1778251200.0,89.2,89.21,89.14,89.14,1650.78
1778251260.0,89.14,89.19,89.11,89.16,1125.261
1778251320.0,89.16,89.17,89.14,89.16,1746.108
1778251380.0,89.16,89.21,89.14,89.2,1233.231
1778251440.0,89.2,89.24,89.2,89.22,1106.616
1778251500.0,89.22,89.23,89.08,89.09,4964.996
1778251560.0,89.09,89.13,89.08,89.12,815.786
1778251620.0,89.13,89.23,89.12,89.19,1311.253
1778251680.0,89.2,89.21,89.13,89.13,1633.687
1778251740.0,89.13,89.16,89.07,89.13,1736.884
1778251800.0,89.13,89.2,89.1,89.18,955.383
1778251860.0,89.18,89.2,89.14,89.15,2081.425
1778251920.0,89.15,89.15,89.06,89.07,2911.326
1778251980.0,89.06,89.15,89.03,89.14,4421.862
1778252040.0,89.14,89.24,89.13,89.24,2094.075
1778252100.0,89.24,89.24,89.12,89.14,1242.843
1778252160.0,89.14,89.16,89.05,89.08,1205.225
1778252220.0,89.09,89.13,89.04,89.07,1824.027
1778252280.0,89.06,89.11,89.06,89.1,832.033
1778252340.0,89.1,89.16,89.1,89.15,574.373
1778252400.0,89.16,89.21,89.13,89.2,1292.663
1778252460.0,89.19,89.27,89.19,89.27,508.487
1778252520.0,89.27,89.29,89.13,89.14,2898.677
1778252580.0,89.13,89.16,88.99,89.03,1467.867
1778252640.0,89.03,89.03,88.95,88.97,1094.336
1778252700.0,88.96,88.99,88.87,88.89,8089.962
1778252760.0,88.9,89.01,88.9,89.0,2094.47
1778252820.0,89.0,89.07,88.97,88.97,963.48
1778252880.0,88.96,88.97,88.89,88.91,401.255
1778252940.0,88.92,89.0,88.85,88.95,1194.692
1778253000.0,88.95,88.99,88.91,88.95,2409.299
1778253060.0,88.96,89.08,88.95,89.04,1054.807
1778253120.0,89.03,89.03,88.89,88.91,1436.807
1778253180.0,88.9,88.9,88.84,88.9,691.526
1778253240.0,88.9,88.92,88.86,88.9,599.08
1778253300.0,88.9,88.93,88.76,88.78,1516.037
1778253360.0,88.78,88.81,88.71,88.81,1662.068
1778253420.0,88.81,88.82,88.73,88.77,2110.609
1778253480.0,88.77,88.78,88.66,88.72,2158.015
1778253540.0,88.73,88.78,88.69,88.7,1054.345
1778253600.0,88.7,88.72,88.66,88.69,1213.569
1778253660.0,88.68,88.77,88.64,88.77,653.602
1778253720.0,88.77,88.84,88.74,88.8,1106.772
1778253780.0,88.81,88.82,88.57,88.57,1978.057
1778253840.0,88.58,88.59,88.44,88.48,3906.145
1778253900.0,88.48,88.54,88.43,88.49,1993.426
1778253960.0,88.49,88.55,88.44,88.45,2097.682
1778254020.0,88.45,88.5,88.44,88.47,1154.622
1778254080.0,88.48,88.49,88.44,88.47,1649.078
1778254140.0,88.47,88.59,88.46,88.59,1236.0
1778254200.0,88.6,88.66,88.5,88.52,1755.498
1778254260.0,88.53,88.65,88.46,88.64,1311.877
1778254320.0,88.65,88.82,88.63,88.79,1571.658
1778254380.0,88.79,88.79,88.7,88.73,631.264
1778254440.0,88.73,88.82,88.73,88.82,679.437
1778254500.0,88.82,88.83,88.76,88.79,608.759
1778254560.0,88.79,88.91,88.79,88.9,999.879
1778254620.0,88.91,88.92,88.84,88.84,402.905
1778254680.0,88.85,88.95,88.85,88.94,589.298
1778254740.0,88.94,89.07,88.94,89.06,1448.283
1778254800.0,89.06,89.19,89.02,89.18,1569.795
1778254860.0,89.19,89.25,89.15,89.24,2447.432
1778254920.0,89.24,89.3,89.19,89.22,1958.628
1778254980.0,89.23,89.3,89.09,89.14,2142.489
1778255040.0,89.13,89.23,89.11,89.18,2313.88
1778255100.0,89.18,89.2,89.14,89.19,854.324
1778255160.0,89.2,89.21,89.14,89.17,751.447
1778255220.0,89.17,89.27,89.16,89.25,2255.446
1778255280.0,89.26,89.34,89.24,89.34,2169.088
1778255340.0,89.34,89.37,89.24,89.25,1806.398
1778255400.0,89.25,89.37,89.25,89.34,840.761
1778255460.0,89.34,89.4,89.32,89.39,840.361
1778255520.0,89.39,89.4,89.33,89.33,921.809
1778255580.0,89.33,89.38,89.3,89.35,1093.28
1778255640.0,89.36,89.51,89.36,89.5,4165.855
1778255700.0,89.51,89.59,89.51,89.53,3827.616
1778255760.0,89.54,89.59,89.51,89.54,2025.425
1778255820.0,89.54,89.6,89.47,89.47,1366.736
1778255880.0,89.47,89.54,89.47,89.52,1681.072
1778255940.0,89.51,89.6,89.51,89.59,2226.157
1778256000.0,89.6,89.64,89.56,89.62,2223.443
1778256060.0,89.61,89.63,89.43,89.46,1657.154
1778256120.0,89.47,89.49,89.36,89.45,5986.167
1778256180.0,89.46,89.46,89.35,89.38,1296.841
1778256240.0,89.39,89.41,89.34,89.41,462.584
1778256300.0,89.41,89.58,89.41,89.53,2123.261
1778256360.0,89.52,89.55,89.44,89.55,1266.115
1778256420.0,89.55,89.57,89.42,89.46,1382.454
1778256480.0,89.47,89.49,89.4,89.42,1828.11
1778256540.0,89.42,89.47,89.38,89.46,2551.682
1778256600.0,89.45,89.54,89.45,89.46,1009.202
1778256660.0,89.46,89.52,89.42,89.5,518.042
1778256720.0,89.51,89.53,89.48,89.51,933.781
1778256780.0,89.5,89.53,89.48,89.52,2857.792
1778256840.0,89.52,89.52,89.48,89.49,2391.345
1778256900.0,89.48,89.52,89.45,89.52,1931.678
1778256960.0,89.51,89.51,89.39,89.43,3790.504
1778257020.0,89.44,89.59,89.43,89.59,2103.872
1778257080.0,89.59,89.6,89.51,89.53,1138.355
1778257140.0,89.53,89.54,89.48,89.5,1221.621
1778257200.0,89.5,89.54,89.45,89.47,1686.217
1778257260.0,89.46,89.49,89.43,89.49,2167.594
1778257320.0,89.5,89.58,89.49,89.54,1562.928
1778257380.0,89.53,89.54,89.48,89.54,781.395
1778257440.0,89.54,89.72,89.54,89.72,5262.131
1778257500.0,89.72,89.79,89.66,89.67,2545.607
1778257560.0,89.67,89.76,89.65,89.73,1969.628
1778257620.0,89.74,89.77,89.67,89.68,1734.564
1778257680.0,89.68,89.69,89.6,89.61,497.38
1778257740.0,89.62,89.66,89.57,89.6,2236.897
1778257800.0,89.6,89.65,89.47,89.48,2705.979
1778257860.0,89.48,89.56,89.44,89.49,1777.45
1778257920.0,89.5,89.55,89.45,89.53,1547.099
1778257980.0,89.54,89.6,89.54,89.57,488.89
1778258040.0,89.57,89.63,89.57,89.63,584.427
1778258100.0,89.62,89.63,89.56,89.58,733.193
1778258160.0,89.59,89.71,89.58,89.67,1118.426
1778258220.0,89.67,89.73,89.6,89.6,586.317
1778258280.0,89.61,89.63,89.53,89.55,1301.363
1778258340.0,89.55,89.6,89.53,89.6,903.408
1778258400.0,89.59,89.62,89.54,89.55,1265.089
1778258460.0,89.55,89.63,89.53,89.62,4073.28
1778258520.0,89.63,89.69,89.61,89.67,3007.622
1778258580.0,89.68,89.73,89.67,89.69,1727.858
1778258640.0,89.69,89.72,89.64,89.71,644.517
1778258700.0,89.72,89.76,89.69,89.75,1280.219
1778258760.0,89.75,89.76,89.71,89.73,855.494
1778258820.0,89.74,89.76,89.67,89.68,947.688
1778258880.0,89.68,89.71,89.64,89.68,506.624
1778258940.0,89.69,89.69,89.55,89.58,1153.175
1778259000.0,89.57,89.57,89.52,89.52,752.809
1778259060.0,89.51,89.61,89.51,89.61,477.948
1778259120.0,89.6,89.64,89.58,89.63,332.133
1778259180.0,89.64,89.71,89.63,89.7,1390.568
1778259240.0,89.7,89.74,89.55,89.57,2585.902
1778259300.0,89.58,89.58,89.5,89.57,1216.519
1778259360.0,89.58,89.61,89.56,89.6,761.017
1778259420.0,89.61,89.7,89.61,89.65,1351.392
1778259480.0,89.65,89.66,89.6,89.6,317.909
1778259540.0,89.6,89.63,89.58,89.59,455.571
1778259600.0,89.6,89.68,89.56,89.66,697.134
1778259660.0,89.67,89.75,89.64,89.65,1595.133
1778259720.0,89.65,89.73,89.65,89.67,1322.091
1778259780.0,89.67,89.74,89.67,89.7,944.337
1778259840.0,89.7,89.79,89.69,89.75,705.379
1778259900.0,89.75,89.8,89.72,89.8,1329.229
1778259960.0,89.81,89.82,89.76,89.81,1190.282
1778260020.0,89.81,89.85,89.72,89.74,3069.801
1778260080.0,89.74,89.74,89.68,89.72,1165.549
1778260140.0,89.72,89.75,89.67,89.68,2306.142
1778260200.0,89.69,89.73,89.65,89.66,2112.702
1778260260.0,89.65,89.66,89.6,89.62,840.595
1778260320.0,89.61,89.71,89.61,89.7,1272.956
1778260380.0,89.71,89.76,89.7,89.72,9250.533
1778260440.0,89.73,89.82,89.72,89.79,1565.378
1778260500.0,89.78,89.81,89.77,89.79,1671.108
1778260560.0,89.79,89.83,89.76,89.8,762.422
1778260620.0,89.81,89.89,89.81,89.83,2286.484
1778260680.0,89.84,89.88,89.82,89.88,820.206
1778260740.0,89.88,90.0,89.88,89.99,3478.095
1778260800.0,89.99,90.02,89.93,89.97,33962.095
1778260860.0,89.97,90.07,89.96,90.04,5795.606
1778260920.0,90.04,90.09,89.98,89.98,6472.823
1778260980.0,89.98,90.0,89.92,89.96,6047.21
1778261040.0,89.97,89.99,89.96,89.97,1299.77
1778261100.0,89.97,90.01,89.96,90.0,1677.171
1778261160.0,90.01,90.11,90.01,90.09,4217.379
1778261220.0,90.09,90.34,90.09,90.19,14320.686
1778261280.0,90.19,90.3,90.15,90.24,3277.923
1778261340.0,90.23,90.32,90.23,90.32,3467.532
1778261400.0,90.32,91.32,90.32,91.16,75668.343
1778261460.0,91.16,91.65,91.14,91.51,34304.78
1778261520.0,91.51,91.58,91.24,91.54,14420.934
1778261580.0,91.53,91.77,91.53,91.59,15008.899
1778261640.0,91.6,91.61,91.33,91.61,5800.648
1778261700.0,91.61,91.8,91.47,91.79,8587.675
1778261760.0,91.8,91.95,91.61,91.64,14983.196
1778261820.0,91.64,91.71,91.48,91.6,3568.431
1778261880.0,91.59,91.78,91.59,91.64,13766.032
1778261940.0,91.65,91.93,91.63,91.88,7979.812
1778262000.0,91.89,91.94,91.68,91.71,7527.068
1778262060.0,91.7,91.73,91.63,91.67,5980.932
1778262120.0,91.67,91.73,91.51,91.54,5072.866
1778262180.0,91.53,91.57,91.48,91.48,6073.723
1778262240.0,91.48,91.57,91.48,91.51,3510.153
1778262300.0,91.52,91.65,91.48,91.48,5529.754
1778262360.0,91.49,91.65,91.49,91.64,2377.184
1778262420.0,91.65,91.69,91.55,91.55,3426.915
1778262480.0,91.56,91.68,91.55,91.67,2528.235
1778262540.0,91.66,91.78,91.66,91.76,7950.77
1778262600.0,91.77,91.8,91.66,91.69,5836.68
1778262660.0,91.68,91.76,91.6,91.72,5824.422
1778262720.0,91.72,91.77,91.68,91.74,3194.949
1778262780.0,91.75,91.77,91.69,91.74,1580.78
1778262840.0,91.75,91.83,91.73,91.78,3408.179
1778262900.0,91.78,91.83,91.75,91.78,2041.94
1778262960.0,91.78,91.86,91.76,91.77,3376.749
1778263020.0,91.76,91.79,91.7,91.71,2266.49
1778263080.0,91.71,91.73,91.52,91.55,2837.358
1778263140.0,91.55,91.68,91.54,91.65,4128.221
1778263200.0,91.66,92.04,91.65,91.75,29560.844
1778263260.0,91.74,91.88,91.67,91.79,5625.474
1778263320.0,91.79,91.81,91.68,91.81,3536.624
1778263380.0,91.81,91.81,91.71,91.74,1445.867
1778263440.0,91.75,91.78,91.71,91.77,2833.272
1778263500.0,91.78,91.78,91.7,91.78,1717.203
1778263560.0,91.78,91.81,91.75,91.76,1416.454
1778263620.0,91.77,91.77,91.71,91.75,895.544
1778263680.0,91.75,91.81,91.75,91.77,3526.802
1778263740.0,91.76,91.79,91.73,91.77,1519.302
1778263800.0,91.78,91.84,91.78,91.84,2105.006
1778263860.0,91.84,91.86,91.77,91.83,4597.825
1778263920.0,91.82,91.88,91.8,91.88,4409.228
1778263980.0,91.87,91.91,91.83,91.84,3992.973
1778264040.0,91.85,91.91,91.84,91.89,1123.193
1778264100.0,91.89,91.91,91.79,91.79,1451.458
1778264160.0,91.79,91.89,91.79,91.88,3969.686
1778264220.0,91.88,92.09,91.87,92.05,15421.728
1778264280.0,92.05,92.16,92.0,92.16,8211.861
1778264340.0,92.15,92.28,92.1,92.14,6768.265
1778264400.0,92.13,92.27,92.12,92.19,4635.652
1778264460.0,92.18,92.34,92.18,92.32,4503.902
1778264520.0,92.32,92.33,92.23,92.25,5303.552
1778264580.0,92.26,92.28,92.1,92.17,8643.329
1778264640.0,92.18,92.28,92.18,92.26,2369.479
1778264700.0,92.26,92.34,92.18,92.33,3924.253
1778264760.0,92.33,92.42,92.31,92.33,3955.711
1778264820.0,92.33,92.33,92.24,92.24,2140.389
1778264880.0,92.25,92.3,92.2,92.22,1601.533
1778264940.0,92.22,92.33,92.21,92.3,1181.334
1778265000.0,92.29,92.38,92.26,92.38,1701.953
1778265060.0,92.38,92.38,92.31,92.33,1590.76
1778265120.0,92.33,92.55,92.32,92.53,6134.258
1778265180.0,92.52,92.56,92.49,92.56,5303.086
1778265240.0,92.55,92.56,92.45,92.48,3428.108
1778265300.0,92.49,92.56,92.48,92.54,3816.736
1778265360.0,92.53,92.54,92.45,92.49,1502.424
1778265420.0,92.49,92.52,92.31,92.33,3800.919
1778265480.0,92.32,92.42,92.32,92.39,1564.259
1778265540.0,92.39,92.54,92.39,92.54,3436.297
1778265600.0,92.53,92.55,92.43,92.43,1866.38
1778265660.0,92.44,92.44,92.26,92.26,11203.237
1778265720.0,92.27,92.5,92.27,92.46,4346.182
1778265780.0,92.46,92.49,92.41,92.42,1246.602
1778265840.0,92.42,92.42,92.31,92.31,789.915
1778265900.0,92.31,92.38,92.3,92.37,1389.027
1778265960.0,92.37,92.43,92.37,92.43,876.889
1778266020.0,92.43,92.46,92.34,92.35,1085.93
1778266080.0,92.34,92.36,92.29,92.31,2942.879
1778266140.0,92.31,92.38,92.31,92.34,2125.307
1778266200.0,92.35,92.55,92.32,92.53,4776.275
1778266260.0,92.53,92.53,92.43,92.43,2619.666
1778266320.0,92.43,92.44,92.38,92.42,1498.73
1778266380.0,92.42,92.48,92.38,92.46,1782.447
1778266440.0,92.45,92.48,92.42,92.46,2072.872
1778266500.0,92.46,92.47,92.31,92.33,1928.12
1778266560.0,92.34,92.46,92.33,92.41,2634.846
1778266620.0,92.4,92.41,92.33,92.35,1984.326
1778266680.0,92.36,92.45,92.36,92.41,1187.04
1778266740.0,92.41,92.41,92.29,92.32,1360.271
1778266800.0,92.32,92.32,92.17,92.24,2980.448
1778266860.0,92.24,92.25,92.11,92.13,1847.935
1778266920.0,92.13,92.16,92.04,92.07,8280.884
1778266980.0,92.07,92.11,92.05,92.08,9006.13
1778267040.0,92.09,92.22,92.07,92.07,4541.387
1778267100.0,92.07,92.17,92.07,92.14,6468.861
1778267160.0,92.14,92.21,92.14,92.18,678.404
1778267220.0,92.19,92.47,92.18,92.46,6757.738
1778267280.0,92.46,92.47,92.37,92.43,1821.345
1778267340.0,92.43,92.45,92.37,92.4,1749.981
1778267400.0,92.41,92.41,92.36,92.4,1084.895
1778267460.0,92.4,92.45,92.35,92.39,7200.025
1778267520.0,92.38,92.42,92.36,92.37,1039.551
1778267580.0,92.37,92.45,92.36,92.42,1339.254
1778267640.0,92.43,92.43,92.39,92.4,267.168
1778267700.0,92.41,92.5,92.41,92.49,1794.896
1778267760.0,92.5,92.75,92.49,92.63,6473.299
1778267820.0,92.62,92.62,92.52,92.6,2324.499
1778267880.0,92.61,92.71,92.51,92.51,11997.682
1778267940.0,92.52,92.72,92.5,92.69,4534.506
1778268000.0,92.69,92.73,92.65,92.72,3896.799
1778268060.0,92.72,92.77,92.67,92.76,1116.934
1778268120.0,92.77,92.77,92.56,92.57,3296.122
1778268180.0,92.57,92.64,92.55,92.59,4244.532
1778268240.0,92.58,92.59,92.5,92.5,1528.355
1778268300.0,92.5,92.58,92.5,92.58,2013.607
1778268360.0,92.58,92.6,92.5,92.57,1029.891
1778268420.0,92.57,92.6,92.52,92.53,1002.388
1778268480.0,92.53,92.65,92.53,92.64,2570.342
1778268540.0,92.64,92.76,92.61,92.75,1127.007
1778268600.0,92.75,92.75,92.67,92.73,2642.613
1778268660.0,92.73,92.77,92.69,92.76,1045.307
1778268720.0,92.75,92.77,92.74,92.76,1141.258
1778268780.0,92.76,92.77,92.67,92.76,4734.183
1778268840.0,92.75,92.8,92.58,92.6,7516.047
1778268900.0,92.6,92.62,92.53,92.54,1210.123
1778268960.0,92.54,92.57,92.51,92.57,872.526
1778269020.0,92.56,92.66,92.56,92.6,2902.19
1778269080.0,92.59,92.62,92.54,92.54,2005.548
1778269140.0,92.54,92.56,92.44,92.45,4294.682
1778269200.0,92.45,92.53,92.43,92.5,2817.235
1778269260.0,92.5,92.53,92.43,92.43,1148.097
1778269320.0,92.43,92.51,92.42,92.5,2081.062
1778269380.0,92.5,92.57,92.46,92.5,2572.627
1778269440.0,92.5,92.5,92.42,92.48,1509.04
1778269500.0,92.48,92.5,92.45,92.48,1847.78
1778269560.0,92.48,92.51,92.48,92.48,820.906
1778269620.0,92.49,92.6,92.49,92.54,3231.492
1778269680.0,92.55,92.55,92.52,92.54,463.966
1778269740.0,92.54,92.6,92.53,92.53,2250.195
1778269800.0,92.54,92.59,92.54,92.58,2996.426
1778269860.0,92.59,92.62,92.58,92.61,493.846
1778269920.0,92.61,92.62,92.58,92.59,858.721
1778269980.0,92.58,92.59,92.52,92.55,1403.677
1778270040.0,92.54,92.57,92.53,92.56,696.062
1778270100.0,92.56,92.56,92.5,92.52,1041.801
1778270160.0,92.52,92.52,92.43,92.47,2380.257
1778270220.0,92.47,92.52,92.42,92.52,2576.067
1778270280.0,92.52,92.55,92.49,92.5,2305.901
1778270340.0,92.5,92.61,92.5,92.6,3520.278
1778270400.0,92.61,92.67,92.55,92.56,1783.101
1778270460.0,92.55,92.55,92.44,92.44,1180.095
1778270520.0,92.45,92.47,92.44,92.45,947.987
1778270580.0,92.46,92.46,92.35,92.39,2436.757
1778270640.0,92.39,92.39,92.33,92.38,1422.057
1778270700.0,92.37,92.44,92.34,92.43,2582.594
1778270760.0,92.43,92.44,92.37,92.39,607.91
1778270820.0,92.39,92.39,92.33,92.33,380.255
1778270880.0,92.34,92.34,92.29,92.33,2016.948
1778270940.0,92.32,92.34,92.21,92.34,4837.998
1778271000.0,92.34,92.39,92.34,92.38,2189.87
1778271060.0,92.39,92.43,92.37,92.38,2164.797
1778271120.0,92.39,92.45,92.39,92.42,1397.206
1778271180.0,92.42,92.46,92.42,92.42,835.628
1778271240.0,92.43,92.43,92.39,92.42,708.992
1778271300.0,92.43,92.43,92.35,92.37,1545.23
1778271360.0,92.37,92.46,92.37,92.45,800.577
1778271420.0,92.46,92.48,92.33,92.34,486.834
1778271480.0,92.34,92.35,92.28,92.33,4469.755
1778271540.0,92.34,92.34,92.26,92.26,4401.375
1778271600.0,92.25,92.41,92.23,92.4,4969.983
1778271660.0,92.41,92.49,92.4,92.45,6807.725
1778271720.0,92.45,92.46,92.36,92.4,1197.363
1778271780.0,92.39,92.47,92.36,92.46,1248.981
1778271840.0,92.47,92.51,92.46,92.48,2706.468
1778271900.0,92.48,92.49,92.4,92.4,654.194
1778271960.0,92.41,92.46,92.4,92.43,6766.284
1778272020.0,92.43,92.44,92.39,92.44,2428.526
1778272080.0,92.44,92.46,92.41,92.46,658.837
1778272140.0,92.46,92.49,92.45,92.48,895.231
1778272200.0,92.49,92.51,92.44,92.45,650.795
1778272260.0,92.45,92.45,92.24,92.31,8049.311
1778272320.0,92.31,92.41,92.31,92.38,1943.979
1778272380.0,92.39,92.47,92.38,92.46,4072.761
1778272440.0,92.46,92.48,92.42,92.47,2508.23
1778272500.0,92.47,92.48,92.41,92.42,610.696
1778272560.0,92.42,92.42,92.36,92.38,312.154
1778272620.0,92.39,92.41,92.37,92.37,310.056
1778272680.0,92.37,92.42,92.35,92.36,358.88
1778272740.0,92.36,92.38,92.33,92.38,638.932
1778272800.0,92.37,92.41,92.35,92.35,526.821
1778272860.0,92.35,92.38,92.31,92.31,937.252
1778272920.0,92.32,92.35,92.32,92.34,841.332
1778272980.0,92.34,92.36,92.32,92.32,454.164
1778273040.0,92.33,92.35,92.29,92.35,678.272
1778273100.0,92.35,92.36,92.3,92.33,514.431
1778273160.0,92.33,92.4,92.33,92.38,425.948
1778273220.0,92.39,92.39,92.36,92.36,225.332
1778273280.0,92.36,92.36,92.3,92.31,782.337
1778273340.0,92.3,92.33,92.29,92.33,988.107
1778273400.0,92.32,92.33,92.29,92.32,271.624
1778273460.0,92.31,92.32,92.13,92.13,1163.716
1778273520.0,92.13,92.15,92.1,92.15,1805.726
1778273580.0,92.14,92.15,92.1,92.13,1479.952
1778273640.0,92.14,92.15,92.11,92.11,962.738
1778273700.0,92.11,92.14,92.11,92.13,494.672
1778273760.0,92.14,92.14,92.04,92.07,1953.772
1778273820.0,92.07,92.08,92.01,92.05,8783.033
1778273880.0,92.06,92.13,92.03,92.13,1710.927
1778273940.0,92.13,92.14,92.1,92.11,225.978
1778274000.0,92.12,92.14,92.08,92.09,874.869
1778274060.0,92.09,92.11,92.07,92.11,1942.023
1778274120.0,92.11,92.14,92.09,92.1,327.98
1778274180.0,92.09,92.15,92.09,92.15,3045.942
1778274240.0,92.15,92.23,92.15,92.19,949.591
1778274300.0,92.18,92.24,92.18,92.24,466.332
1778274360.0,92.23,92.23,92.14,92.14,548.74
1778274420.0,92.15,92.15,92.12,92.13,139.745
1778274480.0,92.13,92.14,92.02,92.03,1071.406
1778274540.0,92.02,92.02,91.85,91.88,4044.947
1778274600.0,91.89,91.89,91.79,91.81,3897.701
1778274660.0,91.81,91.88,91.75,91.83,6775.652
1778274720.0,91.83,91.89,91.79,91.88,858.775
1778274780.0,91.88,91.95,91.88,91.9,4095.196
1778274840.0,91.9,91.91,91.82,91.91,3683.63
1778274900.0,91.9,91.98,91.89,91.9,3267.498
1778274960.0,91.91,92.01,91.89,92.01,1465.481
1778275020.0,92.0,92.06,91.97,92.06,2143.555
1778275080.0,92.05,92.06,91.99,92.01,888.297
1778275140.0,92.01,92.04,92.0,92.02,1260.867
1778275200.0,92.03,92.09,92.02,92.09,1855.944
1778275260.0,92.09,92.13,92.08,92.09,1039.605
1778275320.0,92.1,92.13,92.1,92.11,415.824
1778275380.0,92.1,92.13,92.1,92.13,826.644
1778275440.0,92.12,92.13,92.0,92.0,483.58
1778275500.0,92.0,92.01,91.95,91.97,831.755
1778275560.0,91.97,92.03,91.96,92.01,809.899
1778275620.0,92.02,92.07,92.01,92.04,364.231
1778275680.0,92.04,92.05,91.96,91.96,390.06
1778275740.0,91.97,91.97,91.89,91.93,1512.311
1778275800.0,91.94,92.03,91.94,92.0,1001.547
1778275860.0,92.0,92.03,91.94,92.0,3501.727
1778275920.0,92.0,92.06,91.96,91.98,6611.628
1778275980.0,91.98,92.0,91.97,91.98,873.411
1778276040.0,91.99,92.13,91.98,92.11,1790.323
1778276100.0,92.11,92.22,92.11,92.18,812.093
1778276160.0,92.18,92.22,92.12,92.22,1192.944
1778276220.0,92.22,92.23,92.16,92.17,960.719
1778276280.0,92.16,92.25,92.14,92.24,824.161
1778276340.0,92.25,92.31,92.23,92.27,1193.19
1778276400.0,92.27,92.31,92.22,92.24,583.822
1778276460.0,92.24,92.33,92.24,92.3,878.603
1778276520.0,92.31,92.36,92.31,92.36,1111.647
1778276580.0,92.36,92.38,92.32,92.35,1140.943
1778276640.0,92.35,92.39,92.35,92.38,528.556
1778276700.0,92.38,92.39,92.32,92.34,1216.129
1778276760.0,92.34,92.36,92.3,92.34,241.237
1778276820.0,92.34,92.36,92.31,92.32,292.826
1778276880.0,92.33,92.38,92.31,92.37,393.121
1778276940.0,92.36,92.38,92.33,92.33,725.802
1778277000.0,92.34,92.34,92.29,92.34,110.078
1778277060.0,92.34,92.36,92.26,92.27,295.472
1778277120.0,92.26,92.33,92.25,92.31,1055.648
1778277180.0,92.31,92.34,92.29,92.34,2354.956
1778277240.0,92.33,92.35,92.28,92.33,790.066
1778277300.0,92.33,92.33,92.26,92.29,512.331
1778277360.0,92.28,92.3,92.26,92.3,496.645
1778277420.0,92.29,92.32,92.29,92.3,674.586
1778277480.0,92.29,92.3,92.28,92.28,361.04
1778277540.0,92.28,92.32,92.28,92.3,922.058
1778277600.0,92.31,92.38,92.28,92.37,2163.743
1778277660.0,92.38,92.5,92.38,92.5,1729.173
1778277720.0,92.5,92.52,92.4,92.4,2150.245
1778277780.0,92.39,92.47,92.39,92.44,527.007
1778277840.0,92.44,92.51,92.39,92.48,894.948
1778277900.0,92.49,92.52,92.49,92.51,554.123
1778277960.0,92.51,92.6,92.49,92.49,3067.559
1778278020.0,92.5,92.58,92.48,92.57,1506.694
1778278080.0,92.58,92.59,92.54,92.56,1977.77
1778278140.0,92.56,92.57,92.52,92.52,1027.065
1778278200.0,92.52,92.52,92.49,92.51,856.502
1778278260.0,92.5,92.57,92.5,92.56,502.927
1778278320.0,92.56,92.61,92.55,92.57,1679.021
1778278380.0,92.56,92.58,92.53,92.58,792.344
1778278440.0,92.58,92.65,92.56,92.65,1813.44
1778278500.0,92.65,92.71,92.64,92.66,2519.437
1778278560.0,92.67,92.67,92.63,92.63,1887.388
1778278620.0,92.63,92.66,92.61,92.61,795.316
1778278680.0,92.62,92.62,92.54,92.56,679.184
1778278740.0,92.55,92.56,92.52,92.54,759.971
1778278800.0,92.54,92.55,92.49,92.54,1078.267
1778278860.0,92.55,92.59,92.48,92.48,928.744
1778278920.0,92.48,92.5,92.47,92.49,219.005
1778278980.0,92.49,92.5,92.49,92.49,250.84
1778279040.0,92.5,92.56,92.48,92.55,2497.173
1778279100.0,92.54,92.54,92.42,92.47,4327.72
1778279160.0,92.46,92.52,92.46,92.49,562.212
1778279220.0,92.49,92.5,92.48,92.49,329.808
1778279280.0,92.49,92.49,92.41,92.41,1556.454
1778279340.0,92.41,92.42,92.4,92.42,550.84
1778279400.0,92.42,92.46,92.4,92.41,3066.443
1778279460.0,92.41,92.42,92.39,92.4,1028.361
1778279520.0,92.4,92.44,92.4,92.44,1852.313
1778279580.0,92.44,92.48,92.41,92.47,1161.028
1778279640.0,92.47,92.48,92.38,92.39,1087.648
1778279700.0,92.38,92.46,92.37,92.46,1193.013
1778279760.0,92.45,92.47,92.44,92.46,391.915
1778279820.0,92.47,92.47,92.42,92.47,552.677
1778279880.0,92.47,92.47,92.34,92.35,1875.455
1778279940.0,92.35,92.38,92.34,92.34,1231.283
1778280000.0,92.35,92.41,92.34,92.34,1177.605
1778280060.0,92.35,92.39,92.35,92.38,1711.171
1778280120.0,92.37,92.38,92.37,92.37,181.052
1778280180.0,92.36,92.38,92.34,92.36,1043.351
1778280240.0,92.37,92.37,92.36,92.36,158.899
1778280300.0,92.37,92.4,92.36,92.39,1958.103
1778280360.0,92.39,92.42,92.38,92.38,369.786
1778280420.0,92.38,92.43,92.38,92.43,300.147
1778280480.0,92.43,92.46,92.38,92.42,1169.595
1778280540.0,92.42,92.46,92.41,92.44,503.292
1778280600.0,92.43,92.45,92.34,92.34,707.503
1778280660.0,92.35,92.36,92.32,92.33,842.613
1778280720.0,92.32,92.33,92.29,92.32,989.27
1778280780.0,92.32,92.32,92.28,92.29,1068.036
1778280840.0,92.28,92.31,92.27,92.28,1071.297
1778280900.0,92.29,92.3,92.27,92.27,1398.029
1778280960.0,92.27,92.29,92.26,92.28,337.873
1778281020.0,92.27,92.28,92.26,92.27,270.027
1778281080.0,92.27,92.28,92.25,92.28,973.951
1778281140.0,92.28,92.3,92.27,92.3,714.96
1778281200.0,92.3,92.3,92.23,92.24,726.054
1778281260.0,92.24,92.28,92.24,92.27,470.688
1778281320.0,92.27,92.28,92.26,92.28,223.962
1778281380.0,92.27,92.28,92.26,92.27,418.539
1778281440.0,92.28,92.28,92.23,92.24,381.465
1778281500.0,92.23,92.23,92.06,92.1,1881.559
1778281560.0,92.1,92.11,92.07,92.08,969.028
1778281620.0,92.08,92.13,92.07,92.09,3265.875
1778281680.0,92.09,92.12,92.08,92.11,691.856
1778281740.0,92.1,92.1,92.08,92.1,639.05
1778281800.0,92.1,92.11,92.09,92.1,661.22
1778281860.0,92.09,92.14,92.06,92.12,5573.838
1778281920.0,92.13,92.14,92.1,92.14,1226.514
1778281980.0,92.14,92.18,92.1,92.11,1077.18
1778282040.0,92.1,92.11,92.03,92.04,445.16
1778282100.0,92.04,92.06,91.94,91.95,1470.795
1778282160.0,91.94,92.04,91.94,92.0,2214.156
1778282220.0,92.0,92.09,92.0,92.06,754.391
1778282280.0,92.06,92.09,92.05,92.06,404.34
1778282340.0,92.06,92.1,92.06,92.1,399.026
1778282400.0,92.09,92.11,92.08,92.11,246.192
1778282460.0,92.11,92.11,92.02,92.03,1476.869
1778282520.0,92.02,92.02,91.98,92.0,563.87
1778282580.0,92.01,92.03,91.98,92.0,857.987
1778282640.0,92.0,92.01,91.96,91.97,431.238
1778282700.0,91.97,92.0,91.95,91.98,632.523
1778282760.0,91.99,91.99,91.95,91.96,598.587
1778282820.0,91.96,91.96,91.94,91.95,369.209
1778282880.0,91.94,92.01,91.94,91.96,4011.183
1778282940.0,91.95,91.96,91.92,91.95,1439.824
1778283000.0,91.95,91.95,91.9,91.91,544.459
1778283060.0,91.9,91.92,91.84,91.91,2027.594
1778283120.0,91.92,91.97,91.92,91.95,671.516
1778283180.0,91.94,91.95,91.86,91.86,564.069
1778283240.0,91.86,91.93,91.84,91.92,3108.612
1778283300.0,91.92,91.92,91.86,91.87,1285.323
1778283360.0,91.88,91.88,91.8,91.8,1053.51
1778283420.0,91.8,91.82,91.77,91.8,560.755
1778283480.0,91.8,91.8,91.75,91.76,398.758
1778283540.0,91.76,91.78,91.73,91.76,2890.068
1778283600.0,91.75,91.86,91.75,91.86,1121.726
1778283660.0,91.87,91.87,91.81,91.82,1152.217
1778283720.0,91.83,91.86,91.82,91.86,632.948
1778283780.0,91.86,91.86,91.84,91.85,114.307
1778283840.0,91.85,91.88,91.82,91.82,1791.694
1778283900.0,91.81,91.87,91.78,91.87,1146.501
1778283960.0,91.87,91.88,91.85,91.88,355.279
1778284020.0,91.87,91.91,91.86,91.91,568.371
1778284080.0,91.91,91.92,91.85,91.88,1036.611
1778284140.0,91.88,91.89,91.87,91.87,312.999
1778284200.0,91.88,91.89,91.85,91.89,1644.311
1778284260.0,91.88,91.98,91.88,91.93,1039.491
1778284320.0,91.93,91.96,91.92,91.96,560.564
1778284380.0,91.96,91.97,91.92,91.92,900.62
1778284440.0,91.92,91.92,91.88,91.88,579.183
1778284500.0,91.89,91.96,91.89,91.95,187.672
1778284560.0,91.95,92.0,91.93,91.98,1195.368
1778284620.0,91.98,91.99,91.94,91.94,1661.789
1778284680.0,91.94,91.98,91.94,91.96,539.53
1778284740.0,91.96,92.06,91.95,92.01,5649.657
1778284800.0,92.02,92.03,91.97,92.03,3113.593
1778284860.0,92.03,92.04,92.01,92.02,325.75
1778284920.0,92.01,92.01,91.96,91.97,1316.741
1778284980.0,91.96,91.96,91.92,91.94,692.31
1778285040.0,91.93,91.94,91.87,91.88,384.867
1778285100.0,91.88,91.91,91.87,91.91,882.11
1778285160.0,91.9,91.9,91.86,91.87,521.393
1778285220.0,91.88,91.88,91.85,91.86,560.47
1778285280.0,91.85,91.92,91.85,91.91,1449.967
1778285340.0,91.91,91.96,91.91,91.92,1381.733
1778285400.0,91.92,91.99,91.92,91.98,1136.009
1778285460.0,91.99,92.05,91.99,92.03,446.554
1778285520.0,92.04,92.04,91.98,92.04,506.407
1778285580.0,92.04,92.1,92.03,92.03,1321.269
1778285640.0,92.04,92.1,92.04,92.08,1985.234
1778285700.0,92.09,92.11,92.08,92.11,517.519
1778285760.0,92.11,92.11,92.08,92.1,371.88
1778285820.0,92.11,92.18,92.11,92.17,2589.313
1778285880.0,92.17,92.2,92.16,92.2,2773.48
1778285940.0,92.2,92.23,92.15,92.15,912.78
1778286000.0,92.16,92.25,92.15,92.24,1260.416
1778286060.0,92.25,92.3,92.24,92.29,1477.163
1778286120.0,92.3,92.41,92.28,92.33,2407.603
1778286180.0,92.33,92.35,92.3,92.32,624.032
1778286240.0,92.32,92.34,92.28,92.28,1690.337
1778286300.0,92.29,92.29,92.28,92.29,285.086
1778286360.0,92.29,92.38,92.28,92.38,472.469
1778286420.0,92.38,92.38,92.33,92.36,743.57
1778286480.0,92.36,92.36,92.33,92.35,1946.58
1778286540.0,92.35,92.37,92.34,92.37,617.247
1778286600.0,92.38,92.47,92.38,92.43,694.153
1778286660.0,92.42,92.47,92.4,92.46,1395.803
1778286720.0,92.47,92.49,92.46,92.47,1052.456
1778286780.0,92.47,92.55,92.43,92.55,1714.417
1778286840.0,92.55,92.55,92.5,92.5,2168.364
1778286900.0,92.51,92.51,92.43,92.47,669.339
1778286960.0,92.46,92.47,92.43,92.46,687.205
1778287020.0,92.45,92.52,92.45,92.51,380.915
1778287080.0,92.52,92.52,92.49,92.52,994.187
1778287140.0,92.52,92.54,92.45,92.46,504.136
1778287200.0,92.45,92.47,92.44,92.44,295.399
1778287260.0,92.44,92.45,92.4,92.4,571.648
1778287320.0,92.4,92.41,92.37,92.39,475.227
1778287380.0,92.39,92.39,92.33,92.35,635.507
1778287440.0,92.36,92.38,92.34,92.37,376.62
1778287500.0,92.38,92.42,92.37,92.4,2641.717
1778287560.0,92.4,92.43,92.39,92.43,490.655
1778287620.0,92.44,92.5,92.42,92.49,1129.007
1778287680.0,92.48,92.62,92.46,92.62,4385.622
1778287740.0,92.62,92.62,92.51,92.52,2552.061
1778287800.0,92.52,92.52,92.41,92.46,4215.845
1778287860.0,92.45,92.51,92.41,92.46,904.553
1778287920.0,92.46,92.48,92.43,92.46,795.907
1778287980.0,92.46,92.49,92.44,92.48,714.507
1778288040.0,92.49,92.52,92.48,92.51,779.477
1778288100.0,92.5,92.51,92.41,92.42,1754.665
1778288160.0,92.42,92.46,92.41,92.45,408.171
1778288220.0,92.46,92.47,92.44,92.47,182.115
1778288280.0,92.47,92.51,92.47,92.51,791.041
1778288340.0,92.51,92.51,92.47,92.48,897.408
1778288400.0,92.48,92.48,92.44,92.47,1462.952
1778288460.0,92.48,92.5,92.46,92.46,435.151
1778288520.0,92.46,92.48,92.45,92.45,405.696
1778288580.0,92.46,92.5,92.46,92.49,3129.05
1778288640.0,92.5,92.52,92.47,92.48,840.195
1778288700.0,92.47,92.48,92.42,92.48,2719.14
1778288760.0,92.48,92.62,92.48,92.6,1649.828
1778288820.0,92.6,92.61,92.55,92.57,479.997
1778288880.0,92.57,92.65,92.57,92.64,2764.586
1778288940.0,92.63,92.68,92.63,92.67,300.249
1778289000.0,92.66,92.69,92.65,92.67,2349.084
1778289060.0,92.66,92.69,92.64,92.68,651.468
1778289120.0,92.69,92.71,92.67,92.71,669.137
1778289180.0,92.7,92.72,92.67,92.69,600.571
1778289240.0,92.69,92.7,92.66,92.67,3483.272
1778289300.0,92.68,92.7,92.66,92.67,4432.062
1778289360.0,92.66,92.67,92.53,92.54,4784.983
1778289420.0,92.54,92.56,92.53,92.55,1205.034
1778289480.0,92.56,92.59,92.54,92.55,1010.289
1778289540.0,92.55,92.58,92.54,92.57,473.286
1778289600.0,92.57,92.57,92.55,92.57,432.241
1778289660.0,92.57,92.57,92.47,92.48,719.651
1778289720.0,92.48,92.52,92.47,92.51,878.343
1778289780.0,92.52,92.52,92.47,92.48,612.294
1778289840.0,92.48,92.5,92.47,92.49,125.239
1778289900.0,92.49,92.54,92.49,92.5,333.152
1778289960.0,92.5,92.51,92.47,92.5,1470.012
1778290020.0,92.5,92.54,92.5,92.54,841.417
1778290080.0,92.53,92.55,92.51,92.54,447.736
1778290140.0,92.54,92.55,92.49,92.49,418.67
1778290200.0,92.48,92.55,92.48,92.54,256.557
1778290260.0,92.55,92.58,92.54,92.58,103.438
1778290320.0,92.58,92.58,92.55,92.55,398.887
1778290380.0,92.56,92.58,92.54,92.57,915.929
1778290440.0,92.58,92.66,92.55,92.64,956.575
1778290500.0,92.65,92.65,92.6,92.63,217.318
1778290560.0,92.63,92.92,92.62,92.86,8063.916
1778290620.0,92.86,92.92,92.84,92.87,3224.953
1778290680.0,92.87,92.87,92.78,92.84,1048.751
1778290740.0,92.85,92.86,92.8,92.84,1842.902
1778290800.0,92.85,92.99,92.84,92.93,2975.535
1778290860.0,92.93,93.29,92.9,93.21,35896.303
1778290920.0,93.22,93.26,93.02,93.16,19763.821
1778290980.0,93.17,93.35,93.12,93.21,8833.381
1778291040.0,93.21,93.24,93.18,93.18,2020.453
1778291100.0,93.19,93.25,93.16,93.19,963.501
1778291160.0,93.19,93.22,93.17,93.2,2177.317
1778291220.0,93.21,93.32,93.21,93.22,3703.965
1778291280.0,93.21,93.24,93.19,93.22,5205.43
1778291340.0,93.22,93.27,93.1,93.1,1517.064
1778291400.0,93.11,93.59,93.01,93.51,59033.7
1778291460.0,93.5,93.7,93.33,93.66,40734.433
1778291520.0,93.66,93.68,93.55,93.59,3032.997
1778291580.0,93.59,93.91,93.5,93.71,51749.74
1778291640.0,93.7,93.74,93.63,93.72,2243.517
1778291700.0,93.73,93.82,93.62,93.63,6839.731
1778291760.0,93.62,93.78,93.6,93.76,4529.143
1778291820.0,93.76,93.77,93.7,93.72,1869.884
1778291880.0,93.71,93.71,93.63,93.64,4850.23
1778291940.0,93.64,93.65,93.51,93.51,2145.233
1778292000.0,93.52,93.63,93.5,93.55,3052.034
1778292060.0,93.54,93.57,93.4,93.4,4158.103
1778292120.0,93.41,93.47,93.3,93.47,3092.454
1778292180.0,93.47,93.54,93.41,93.45,1911.352
1778292240.0,93.46,93.55,93.45,93.49,12071.452
1778292300.0,93.49,93.5,93.43,93.46,1299.193
1778292360.0,93.47,93.51,93.42,93.47,1574.689
1778292420.0,93.46,93.72,93.46,93.71,3849.556
1778292480.0,93.72,93.8,93.67,93.78,3318.074
1778292540.0,93.78,93.78,93.66,93.75,1574.847
1778292600.0,93.76,93.77,93.58,93.58,1904.262
1778292660.0,93.58,93.6,93.51,93.59,1325.982
1778292720.0,93.59,93.6,93.54,93.56,1004.325
1778292780.0,93.56,93.61,93.5,93.51,4552.195
1778292840.0,93.52,93.61,93.48,93.58,1384.515
1778292900.0,93.58,93.64,93.54,93.63,1610.189
1778292960.0,93.63,93.64,93.52,93.54,1306.324
1778293020.0,93.54,93.56,93.52,93.52,824.805
1778293080.0,93.53,93.65,93.52,93.64,1059.303
1778293140.0,93.64,93.64,93.53,93.54,558.148
1778293200.0,93.54,93.59,93.53,93.55,2486.295
1778293260.0,93.55,93.59,93.53,93.53,2353.49
1778293320.0,93.54,93.54,93.46,93.51,938.288
1778293380.0,93.51,93.53,93.39,93.4,1160.765
1778293440.0,93.4,93.45,93.35,93.44,1778.276
1778293500.0,93.44,93.44,93.36,93.4,1298.57
1778293560.0,93.4,93.42,93.36,93.42,1948.452
1778293620.0,93.42,93.45,93.37,93.41,1343.435
1778293680.0,93.41,93.45,93.4,93.45,846.934
1778293740.0,93.45,93.45,93.42,93.45,530.747
1778293800.0,93.45,93.48,93.44,93.47,1295.027
1778293860.0,93.47,93.6,93.46,93.57,11805.506
1778293920.0,93.57,93.57,93.49,93.53,892.307
1778293980.0,93.53,93.56,93.5,93.54,829.158
1778294040.0,93.54,93.6,93.53,93.56,1783.974
1778294100.0,93.56,93.65,93.51,93.64,2629.851
1778294160.0,93.65,93.65,93.52,93.54,897.885
1778294220.0,93.55,93.61,93.54,93.56,858.893
1778294280.0,93.56,93.56,93.52,93.54,1250.559
1778294340.0,93.54,93.55,93.51,93.52,473.479
1778294400.0,93.53,93.53,93.45,93.48,372.943
1778294460.0,93.48,93.55,93.47,93.55,1075.044
1778294520.0,93.55,93.55,93.49,93.52,434.421
1778294580.0,93.53,93.53,93.46,93.46,878.502
1778294640.0,93.46,93.49,93.4,93.48,750.009
1778294700.0,93.49,93.51,93.45,93.47,1087.767
1778294760.0,93.47,93.47,93.33,93.34,3555.709
1778294820.0,93.35,93.35,93.3,93.33,1367.182
1778294880.0,93.33,93.4,93.32,93.38,1498.735
1778294940.0,93.38,93.38,93.34,93.37,1021.965
1778295000.0,93.38,93.39,93.32,93.33,1254.972
1778295060.0,93.33,93.42,93.3,93.4,1928.171
1778295120.0,93.41,93.45,93.4,93.43,1037.828
1778295180.0,93.43,93.5,93.42,93.49,881.308
1778295240.0,93.49,93.49,93.46,93.46,785.764
1778295300.0,93.47,93.5,93.45,93.46,4072.864
1778295360.0,93.46,93.46,93.42,93.42,513.794
1778295420.0,93.43,93.5,93.42,93.49,1051.653
1778295480.0,93.49,93.5,93.45,93.46,441.429
1778295540.0,93.46,93.51,93.45,93.51,829.813
1778295600.0,93.51,93.51,93.45,93.49,724.692
1778295660.0,93.48,93.49,93.41,93.44,1187.329
1778295720.0,93.44,93.47,93.42,93.47,639.747
1778295780.0,93.47,93.47,93.42,93.45,428.058
1778295840.0,93.46,93.55,93.45,93.55,627.068
1778295900.0,93.56,93.67,93.56,93.66,1370.065
1778295960.0,93.67,93.68,93.54,93.58,1589.889
1778296020.0,93.58,93.6,93.54,93.58,783.012
1778296080.0,93.58,93.61,93.55,93.61,2675.655
1778296140.0,93.61,93.61,93.56,93.58,790.932
1778296200.0,93.57,93.58,93.56,93.57,746.233
1778296260.0,93.57,93.67,93.56,93.67,1963.953
1778296320.0,93.67,93.72,93.64,93.65,1536.624
1778296380.0,93.65,93.68,93.58,93.62,1402.867
1778296440.0,93.62,93.69,93.56,93.56,2401.97
1778296500.0,93.57,93.69,93.57,93.69,1468.52
1778296560.0,93.69,93.74,93.68,93.74,698.865
1778296620.0,93.74,93.75,93.68,93.75,1838.659
1778296680.0,93.75,93.77,93.64,93.64,1197.887
1778296740.0,93.65,93.75,93.62,93.68,788.224
1778296800.0,93.68,93.76,93.66,93.76,1030.788
1778296860.0,93.76,93.77,93.73,93.76,665.697
1778296920.0,93.76,93.76,93.65,93.69,1445.367
1778296980.0,93.69,93.75,93.65,93.66,1161.247
1778297040.0,93.66,93.69,93.63,93.66,816.627
1778297100.0,93.67,93.68,93.64,93.66,1333.839
1778297160.0,93.66,93.68,93.59,93.63,2914.111
1778297220.0,93.63,93.69,93.61,93.69,641.972
1778297280.0,93.69,93.71,93.66,93.67,900.914
1778297340.0,93.67,93.69,93.62,93.67,719.82
1778297400.0,93.68,93.68,93.57,93.64,797.473
1778297460.0,93.65,93.65,93.52,93.6,3996.59
1778297520.0,93.6,93.64,93.57,93.64,768.831
1778297580.0,93.64,93.68,93.6,93.6,910.078
1778297640.0,93.61,93.64,93.54,93.58,2737.339
1778297700.0,93.58,93.59,93.54,93.57,1030.944
1778297760.0,93.57,93.57,93.51,93.52,708.024
1778297820.0,93.52,93.54,93.48,93.48,1105.02
1778297880.0,93.49,93.52,93.46,93.5,866.813
1778297940.0,93.51,93.53,93.47,93.49,847.616
1778298000.0,93.49,93.53,93.48,93.49,627.54
1778298060.0,93.49,93.49,93.42,93.45,1664.122
1778298120.0,93.45,93.45,93.41,93.44,1328.063
1778298180.0,93.45,93.49,93.42,93.48,788.383
1778298240.0,93.48,93.55,93.48,93.53,1010.918
1778298300.0,93.54,93.55,93.5,93.54,954.276
1778298360.0,93.55,93.71,93.55,93.71,1772.802
1778298420.0,93.71,93.71,93.65,93.67,879.82
1778298480.0,93.67,93.67,93.59,93.62,473.446
1778298540.0,93.62,93.63,93.56,93.61,370.549
1778298600.0,93.62,93.62,93.55,93.58,1045.12
1778298660.0,93.58,93.66,93.55,93.66,1702.284
1778298720.0,93.66,93.69,93.65,93.67,838.146
1778298780.0,93.67,93.73,93.66,93.72,2419.333
1778298840.0,93.73,93.73,93.66,93.68,1587.346
1778298900.0,93.69,93.69,93.65,93.67,405.153
1778298960.0,93.68,93.71,93.66,93.68,2663.907
1778299020.0,93.69,93.69,93.65,93.65,275.144
1778299080.0,93.66,93.69,93.65,93.66,2467.563
1778299140.0,93.65,93.7,93.64,93.64,2009.494
1778299200.0,93.65,93.72,93.62,93.7,2279.317
1778299260.0,93.7,93.74,93.68,93.73,1500.572
1778299320.0,93.74,93.76,93.72,93.72,585.033
1778299380.0,93.72,93.77,93.71,93.77,719.213
1778299440.0,93.77,93.8,93.76,93.77,668.405
1778299500.0,93.77,93.99,93.77,93.93,5194.045
1778299560.0,93.93,94.17,93.93,94.05,27276.267
1778299620.0,94.05,94.07,93.91,94.0,3063.307
1778299680.0,94.01,94.1,94.0,94.02,5496.906
1778299740.0,94.03,94.07,94.01,94.01,742.256
1778299800.0,94.02,94.02,93.89,93.95,795.892
1778299860.0,93.95,93.95,93.9,93.9,1657.093
1778299920.0,93.91,93.98,93.91,93.94,912.56
1778299980.0,93.95,93.98,93.91,93.94,1728.215
1778300040.0,93.95,93.98,93.94,93.94,478.368
1778300100.0,93.94,93.95,93.91,93.91,1643.625
1778300160.0,93.91,93.91,93.76,93.79,3354.198
1778300220.0,93.79,93.84,93.75,93.79,3024.594
1778300280.0,93.8,93.81,93.74,93.75,873.562
1778300340.0,93.75,93.75,93.73,93.73,233.821
1778300400.0,93.74,93.75,93.69,93.71,1278.05
1778300460.0,93.71,93.72,93.66,93.7,699.113
1778300520.0,93.7,93.78,93.69,93.76,2424.563
1778300580.0,93.76,93.77,93.66,93.67,469.644
1778300640.0,93.68,93.69,93.67,93.68,1175.642
1778300700.0,93.68,93.68,93.62,93.64,953.58
1778300760.0,93.65,93.65,93.61,93.62,692.449
1778300820.0,93.62,93.63,93.57,93.58,5067.365
1778300880.0,93.58,93.61,93.53,93.61,2685.393
1778300940.0,93.61,93.65,93.6,93.65,1042.503
1778301000.0,93.65,93.65,93.61,93.64,5317.095
1778301060.0,93.65,93.73,93.65,93.73,2752.143
1778301120.0,93.73,93.73,93.64,93.65,1007.391
1778301180.0,93.65,93.69,93.64,93.68,1189.967
1778301240.0,93.68,93.71,93.67,93.71,557.514
1778301300.0,93.71,93.71,93.65,93.66,2733.989
1778301360.0,93.66,93.68,93.65,93.68,8998.992
1778301420.0,93.68,93.69,93.55,93.59,1287.655
1778301480.0,93.59,93.62,93.56,93.56,1556.586
1778301540.0,93.57,93.58,93.52,93.53,1497.35
1778301600.0,93.53,93.55,93.5,93.51,1381.639
1778301660.0,93.51,93.57,93.51,93.57,899.843
1778301720.0,93.56,93.61,93.56,93.56,1963.081
1778301780.0,93.56,93.56,93.43,93.45,1823.61
1778301840.0,93.45,93.46,93.42,93.44,1674.209
1778301900.0,93.44,93.54,93.43,93.5,3410.614
1778301960.0,93.5,93.57,93.5,93.56,1533.506
1778302020.0,93.56,93.56,93.47,93.52,1065.282
1778302080.0,93.52,93.58,93.47,93.56,1992.499
1778302140.0,93.56,93.56,93.51,93.53,1307.58
1778302200.0,93.53,93.59,93.53,93.59,2158.358
1778302260.0,93.59,93.62,93.53,93.53,1523.202
1778302320.0,93.53,93.54,93.51,93.51,802.469
1778302380.0,93.52,93.52,93.48,93.49,1518.526
1778302440.0,93.49,93.49,93.4,93.43,2538.836
1778302500.0,93.43,93.5,93.42,93.48,1218.581
1778302560.0,93.48,93.49,93.33,93.39,4049.577
1778302620.0,93.4,93.4,93.31,93.34,2416.208
1778302680.0,93.35,93.37,93.12,93.25,9636.956
1778302740.0,93.25,93.32,93.22,93.24,2074.518
1778302800.0,93.24,93.24,93.09,93.1,3141.113
1778302860.0,93.1,93.14,93.06,93.07,2939.119
1778302920.0,93.07,93.07,92.96,93.0,2621.201
1778302980.0,93.0,93.0,92.94,92.98,1967.49
1778303040.0,92.98,93.02,92.98,92.98,1874.191
1778303100.0,92.99,93.08,92.96,93.0,14119.505
1778303160.0,93.0,93.05,92.98,93.04,3466.535
1778303220.0,93.05,93.06,93.01,93.02,1665.945
1778303280.0,93.02,93.04,92.87,92.89,4710.393
1778303340.0,92.89,92.91,92.84,92.89,2098.127
1778303400.0,92.89,93.17,92.88,93.15,8034.178
1778303460.0,93.14,93.15,93.06,93.08,1562.237
1778303520.0,93.08,93.12,93.06,93.07,1388.788
1778303580.0,93.07,93.09,93.03,93.05,2185.178
1778303640.0,93.06,93.12,93.06,93.12,727.808
1778303700.0,93.12,93.2,93.12,93.17,3064.528
1778303760.0,93.17,93.21,93.16,93.21,1261.907
1778303820.0,93.21,93.24,93.2,93.24,631.115
1778303880.0,93.24,93.32,93.23,93.3,2850.276
1778303940.0,93.3,93.39,93.29,93.34,2018.529
1778304000.0,93.34,93.53,93.33,93.53,4625.307
1778304060.0,93.53,93.53,93.42,93.44,2317.591
1778304120.0,93.44,93.49,93.43,93.49,1225.425
1778304180.0,93.49,93.51,93.48,93.5,4332.717
1778304240.0,93.49,93.53,93.46,93.48,2400.008
1778304300.0,93.48,93.53,93.44,93.53,1856.746
1778304360.0,93.53,93.53,93.47,93.49,376.097
1778304420.0,93.49,93.49,93.44,93.45,808.271
1778304480.0,93.44,93.49,93.43,93.46,700.115
1778304540.0,93.45,93.51,93.45,93.5,855.265
1778304600.0,93.51,93.52,93.44,93.5,1826.74
1778304660.0,93.5,93.52,93.49,93.52,453.26
1778304720.0,93.51,93.55,93.51,93.53,303.787
1778304780.0,93.53,93.6,93.51,93.6,1239.409
1778304840.0,93.6,93.6,93.56,93.58,411.163
1778304900.0,93.58,93.65,93.57,93.6,1326.008
1778304960.0,93.6,93.68,93.59,93.68,532.594
1778305020.0,93.68,93.68,93.64,93.65,664.07
1778305080.0,93.65,93.7,93.64,93.7,750.101
1778305140.0,93.7,93.71,93.66,93.67,893.427
1778305200.0,93.68,93.69,93.66,93.66,877.599
1778305260.0,93.67,93.7,93.64,93.64,580.003
1778305320.0,93.64,93.67,93.64,93.66,611.297
1778305380.0,93.67,93.74,93.64,93.73,3077.261
1778305440.0,93.73,93.74,93.7,93.71,1582.192
1778305500.0,93.7,93.75,93.7,93.74,740.45
1778305560.0,93.73,93.74,93.64,93.64,364.245
1778305620.0,93.65,93.68,93.6,93.65,936.292
1778305680.0,93.65,93.71,93.61,93.7,8103.922
1778305740.0,93.71,93.71,93.66,93.67,1630.313
1778305800.0,93.67,93.72,93.67,93.72,584.698
1778305860.0,93.72,93.72,93.63,93.63,402.498
1778305920.0,93.63,93.66,93.63,93.65,367.001
1778305980.0,93.66,93.7,93.65,93.67,1238.579
1778306040.0,93.68,93.71,93.65,93.7,1119.709
1778306100.0,93.71,93.77,93.7,93.77,541.068
1778306160.0,93.76,93.78,93.73,93.73,901.289
1778306220.0,93.73,93.74,93.71,93.72,603.185
1778306280.0,93.73,93.75,93.72,93.74,424.914
1778306340.0,93.73,93.75,93.69,93.75,626.336
1778306400.0,93.75,93.79,93.73,93.76,1465.357
1778306460.0,93.77,93.8,93.76,93.8,476.165
1778306520.0,93.79,93.84,93.79,93.83,780.221
1778306580.0,93.84,93.92,93.83,93.91,1464.678
1778306640.0,93.92,93.97,93.91,93.91,1122.753
1778306700.0,93.92,93.98,93.92,93.96,1909.857
1778306760.0,93.96,93.98,93.96,93.97,666.303
1778306820.0,93.98,93.98,93.9,93.95,1933.264
1778306880.0,93.94,93.96,93.93,93.96,1562.257
1778306940.0,93.96,93.98,93.94,93.94,664.165
1778307000.0,93.94,94.0,93.91,94.0,1261.352
1778307060.0,93.99,94.0,93.89,93.91,2695.285
1778307120.0,93.91,93.96,93.9,93.96,1194.101
1778307180.0,93.96,94.07,93.96,94.05,3117.272
1778307240.0,94.05,94.13,93.81,93.89,22732.882
1778307300.0,93.89,93.89,93.78,93.78,2394.223
1778307360.0,93.79,93.79,93.75,93.76,1222.474
1778307420.0,93.75,93.75,93.68,93.74,2320.798
1778307480.0,93.74,93.75,93.68,93.68,1468.886
1778307540.0,93.69,93.7,93.62,93.63,1394.842
1778307600.0,93.64,93.67,93.64,93.66,3549.101
1778307660.0,93.67,93.73,93.64,93.64,1688.912
1778307720.0,93.65,93.66,93.64,93.65,1246.202
1778307780.0,93.64,93.66,93.58,93.58,1689.596
1778307840.0,93.59,93.6,93.56,93.58,1041.058
1778307900.0,93.59,93.6,93.56,93.57,431.384
1778307960.0,93.56,93.57,93.54,93.55,561.36
1778308020.0,93.55,93.58,93.53,93.57,267.753
1778308080.0,93.57,93.58,93.52,93.53,1324.632
1778308140.0,93.53,93.57,93.51,93.55,2131.439
1778308200.0,93.55,93.64,93.55,93.59,566.13
1778308260.0,93.59,93.62,93.56,93.6,510.875
1778308320.0,93.59,93.59,93.53,93.55,295.377
1778308380.0,93.55,93.59,93.51,93.55,9936.067
1778308440.0,93.55,93.55,93.51,93.52,903.857
1778308500.0,93.52,93.52,93.44,93.44,925.402
1778308560.0,93.45,93.46,93.4,93.41,329.099
1778308620.0,93.4,93.41,93.33,93.34,2290.192
1778308680.0,93.35,93.35,93.27,93.32,1880.69
1778308740.0,93.32,93.32,93.22,93.29,1385.187
1778308800.0,93.29,93.35,93.28,93.28,892.342
1778308860.0,93.27,93.32,93.26,93.26,1903.464
1778308920.0,93.26,93.5,93.21,93.5,18415.984
1778308980.0,93.5,93.52,93.46,93.51,2265.532
1778309040.0,93.51,93.51,93.43,93.44,976.779
1778309100.0,93.44,93.47,93.42,93.44,543.208
1778309160.0,93.44,93.45,93.37,93.45,697.205
1778309220.0,93.45,93.5,93.42,93.49,1285.927
1778309280.0,93.49,93.54,93.45,93.54,732.356
1778309340.0,93.54,93.57,93.54,93.56,818.743
1778309400.0,93.56,93.56,93.46,93.47,1189.447
1778309460.0,93.47,93.48,93.42,93.45,1043.801
1778309520.0,93.45,93.48,93.44,93.46,769.041
1778309580.0,93.46,93.47,93.43,93.43,249.638
1778309640.0,93.43,93.48,93.42,93.48,614.375
1778309700.0,93.48,93.56,93.47,93.51,1247.597
1778309760.0,93.51,93.51,93.46,93.5,521.153
1778309820.0,93.51,93.52,93.5,93.5,622.766
1778309880.0,93.51,93.51,93.47,93.48,557.29
1778309940.0,93.48,93.54,93.47,93.54,1198.703
1778310000.0,93.54,93.57,93.53,93.54,1456.042
1778310060.0,93.55,93.58,93.54,93.56,491.689
1778310120.0,93.56,93.59,93.56,93.57,416.876
1778310180.0,93.56,93.68,93.56,93.63,3888.709
1778310240.0,93.63,93.63,93.59,93.59,1628.098
1778310300.0,93.59,93.6,93.54,93.54,372.468
1778310360.0,93.54,93.55,93.52,93.55,248.272
1778310420.0,93.55,93.55,93.49,93.49,769.959
1778310480.0,93.49,93.5,93.43,93.45,442.03
1778310540.0,93.45,93.45,93.34,93.38,1582.906
1778310600.0,93.39,93.46,93.38,93.43,1715.216
1778310660.0,93.43,93.46,93.41,93.45,3900.579
1778310720.0,93.45,93.49,93.43,93.47,2123.811
1778310780.0,93.47,93.52,93.47,93.5,445.307
1778310840.0,93.51,93.51,93.47,93.48,447.442
1778310900.0,93.48,93.6,93.48,93.6,909.736
1778310960.0,93.61,93.62,93.57,93.61,856.628
1778311020.0,93.61,93.65,93.61,93.63,623.01
1778311080.0,93.63,93.71,93.61,93.71,1031.637
1778311140.0,93.71,93.71,93.61,93.62,1263.528
1778311200.0,93.62,93.63,93.6,93.62,414.548
1778311260.0,93.62,93.68,93.61,93.68,1704.369
1778311320.0,93.68,93.74,93.67,93.72,2146.984
1778311380.0,93.73,93.78,93.7,93.78,1826.004
1778311440.0,93.78,93.81,93.77,93.8,773.925
1778311500.0,93.8,93.81,93.75,93.75,2254.489
1778311560.0,93.74,93.78,93.74,93.77,1337.349
1778311620.0,93.77,93.81,93.71,93.71,960.498
1778311680.0,93.71,93.71,93.65,93.68,1118.729
1778311740.0,93.68,93.68,93.65,93.68,624.987
1778311800.0,93.68,93.73,93.67,93.73,529.187
1778311860.0,93.73,93.84,93.73,93.84,540.593
1778311920.0,93.85,93.93,93.84,93.93,4839.479
1778311980.0,93.93,93.95,93.89,93.94,1829.909
1778312040.0,93.94,93.95,93.9,93.93,2012.795
1778312100.0,93.94,93.98,93.92,93.92,5632.036
1778312160.0,93.92,93.94,93.86,93.87,2350.505
1778312220.0,93.88,93.88,93.79,93.82,1583.702
1778312280.0,93.83,93.87,93.82,93.85,1768.747
1778312340.0,93.86,93.86,93.81,93.84,2072.837
1778312400.0,93.85,93.91,93.84,93.91,1065.043
1778312460.0,93.91,94.0,93.73,93.73,20481.101
1778312520.0,93.74,93.74,93.67,93.71,3527.062
1778312580.0,93.71,93.71,93.64,93.64,883.693
1778312640.0,93.64,93.73,93.63,93.72,1363.373
1778312700.0,93.73,93.75,93.67,93.75,3246.861
1778312760.0,93.75,93.78,93.72,93.74,1761.23
1778312820.0,93.75,93.75,93.66,93.67,933.329
1778312880.0,93.68,93.78,93.68,93.71,3679.581
1778312940.0,93.72,93.75,93.71,93.74,927.621
1778313000.0,93.74,93.78,93.73,93.78,980.562
1778313060.0,93.78,93.82,93.74,93.75,796.174
1778313120.0,93.75,93.77,93.71,93.72,1371.225
1778313180.0,93.72,93.72,93.69,93.69,620.491
1778313240.0,93.7,93.72,93.69,93.69,1160.347
1778313300.0,93.7,93.71,93.68,93.7,538.64
1778313360.0,93.7,93.7,93.68,93.7,288.068
1778313420.0,93.7,93.82,93.69,93.8,1720.055
1778313480.0,93.81,93.81,93.77,93.78,857.345
1778313540.0,93.78,93.78,93.75,93.76,1471.705
1778313600.0,93.76,93.76,93.7,93.73,393.335
1778313660.0,93.73,93.75,93.72,93.73,1016.836
1778313720.0,93.74,93.86,93.72,93.86,4040.385
1778313780.0,93.86,93.86,93.79,93.81,1311.394
1778313840.0,93.81,93.82,93.73,93.74,1069.557
1778313900.0,93.75,93.75,93.68,93.68,807.336
1778313960.0,93.69,93.72,93.67,93.7,1076.342
1778314020.0,93.7,93.71,93.68,93.71,604.112
1778314080.0,93.71,93.73,93.7,93.73,201.744
1778314140.0,93.73,93.73,93.67,93.67,526.291
1778314200.0,93.68,93.69,93.66,93.69,240.676
1778314260.0,93.69,93.7,93.68,93.69,390.886
1778314320.0,93.69,93.71,93.68,93.7,953.877
1778314380.0,93.7,93.74,93.69,93.73,797.565
1778314440.0,93.74,93.85,93.74,93.84,8081.119
1778314500.0,93.85,93.85,93.8,93.84,9406.763
1778314560.0,93.85,93.87,93.8,93.81,1327.046
1778314620.0,93.81,93.85,93.8,93.8,1417.041
1778314680.0,93.81,93.81,93.77,93.79,629.804
1778314740.0,93.78,93.8,93.76,93.8,268.023
1778314800.0,93.8,93.82,93.79,93.82,503.527
1778314860.0,93.82,93.82,93.76,93.77,407.087
1778314920.0,93.78,93.8,93.78,93.8,189.945
1778314980.0,93.8,93.82,93.78,93.81,594.776
1778315040.0,93.81,93.81,93.78,93.8,777.39
1778315100.0,93.81,93.81,93.79,93.79,1470.163
1778315160.0,93.8,93.84,93.79,93.83,611.306
1778315220.0,93.83,93.9,93.82,93.89,1106.694
1778315280.0,93.9,93.91,93.89,93.9,585.224
1778315340.0,93.9,93.92,93.86,93.87,719.177
1778315400.0,93.87,93.94,93.86,93.94,590.184
1778315460.0,93.94,93.95,93.92,93.93,570.171
1778315520.0,93.92,93.93,93.8,93.81,912.964
1778315580.0,93.8,93.82,93.78,93.8,1551.778
1778315640.0,93.8,93.85,93.79,93.8,802.153
1778315700.0,93.8,93.84,93.78,93.79,514.039
1778315760.0,93.8,93.81,93.78,93.8,521.519
1778315820.0,93.79,93.82,93.78,93.78,988.334
1778315880.0,93.79,93.8,93.75,93.77,442.667
1778315940.0,93.77,93.79,93.77,93.78,852.052
1778316000.0,93.77,93.78,93.74,93.74,546.754
1778316060.0,93.74,93.78,93.74,93.77,668.209
1778316120.0,93.76,93.77,93.75,93.75,495.36
1778316180.0,93.76,93.81,93.76,93.78,755.912
1778316240.0,93.79,93.79,93.76,93.76,608.232
1778316300.0,93.77,93.77,93.74,93.76,684.731
1778316360.0,93.77,93.77,93.74,93.74,577.233
1778316420.0,93.75,93.77,93.74,93.75,347.712
1778316480.0,93.75,93.75,93.74,93.74,164.874
1778316540.0,93.75,93.75,93.72,93.75,752.692
1778316600.0,93.75,93.8,93.74,93.79,995.775
1778316660.0,93.8,93.82,93.79,93.81,365.512
1778316720.0,93.82,93.82,93.72,93.72,966.945
1778316780.0,93.73,93.73,93.71,93.73,488.341
1778316840.0,93.73,93.75,93.72,93.74,360.879
1778316900.0,93.75,93.75,93.7,93.73,1055.588
1778316960.0,93.73,93.73,93.7,93.72,464.176
1778317020.0,93.72,93.72,93.69,93.72,438.832
1778317080.0,93.72,93.73,93.71,93.72,542.834
1778317140.0,93.71,93.72,93.71,93.72,178.037
1778317200.0,93.71,93.71,93.68,93.69,458.297
1778317260.0,93.69,93.69,93.67,93.67,1757.706
1778317320.0,93.68,93.7,93.67,93.7,1373.0
1778317380.0,93.7,93.7,93.67,93.68,574.302
1778317440.0,93.69,93.69,93.62,93.62,989.586
1778317500.0,93.63,93.7,93.63,93.7,677.122
1778317560.0,93.7,93.7,93.69,93.7,270.716
1778317620.0,93.7,93.71,93.67,93.68,433.429
1778317680.0,93.69,93.69,93.64,93.64,394.022
1778317740.0,93.65,93.68,93.64,93.68,394.922
1778317800.0,93.68,93.68,93.62,93.64,591.59
1778317860.0,93.64,93.64,93.61,93.61,901.104
1778317920.0,93.62,93.64,93.58,93.59,2268.769
1778317980.0,93.59,93.59,93.51,93.55,1035.942
1778318040.0,93.56,93.57,93.49,93.49,2458.797
1778318100.0,93.5,93.51,93.44,93.45,3180.263
1778318160.0,93.45,93.45,93.23,93.26,2993.652
1778318220.0,93.26,93.26,93.12,93.16,2743.065
1778318280.0,93.16,93.17,93.05,93.14,5166.247
1778318340.0,93.15,93.2,93.1,93.17,4467.48
1778318400.0,93.16,93.26,93.12,93.19,6993.105
1778318460.0,93.19,93.28,93.19,93.27,1297.225
1778318520.0,93.28,93.31,93.24,93.25,1967.757
1778318580.0,93.25,93.34,93.24,93.34,598.766
1778318640.0,93.34,93.43,93.32,93.43,1896.79
1778318700.0,93.43,93.46,93.42,93.44,953.869
1778318760.0,93.44,93.49,93.38,93.39,1934.485
1778318820.0,93.38,93.41,93.35,93.36,633.323
1778318880.0,93.37,93.42,93.36,93.41,1354.149
1778318940.0,93.41,93.45,93.41,93.44,1289.773
1778319000.0,93.44,93.44,93.31,93.32,2122.242
1778319060.0,93.32,93.34,93.26,93.29,2158.461
1778319120.0,93.3,93.4,93.22,93.36,4322.12
1778319180.0,93.36,93.39,93.34,93.39,936.439
1778319240.0,93.38,93.4,93.31,93.4,836.169
1778319300.0,93.4,93.46,93.39,93.4,651.113
1778319360.0,93.4,93.41,93.38,93.4,434.435
1778319420.0,93.41,93.44,93.41,93.42,993.54
1778319480.0,93.43,93.43,93.39,93.39,3559.868
1778319540.0,93.4,93.4,93.31,93.35,2853.404
1778319600.0,93.36,93.39,93.34,93.39,1121.068
1778319660.0,93.39,93.39,93.31,93.34,1536.876
1778319720.0,93.35,93.38,93.33,93.36,313.049
1778319780.0,93.36,93.36,93.3,93.31,694.428
1778319840.0,93.31,93.33,93.3,93.31,758.015
1778319900.0,93.31,93.31,93.28,93.3,300.734
1778319960.0,93.3,93.41,93.29,93.37,9484.685
1778320020.0,93.37,93.38,93.36,93.37,210.658
1778320080.0,93.38,93.38,93.36,93.37,323.238
1778320140.0,93.37,93.38,93.26,93.27,2017.917
1778320200.0,93.27,93.28,93.21,93.23,1808.429
1778320260.0,93.24,93.25,93.22,93.23,942.098
1778320320.0,93.22,93.23,93.18,93.19,1119.524
1778320380.0,93.19,93.26,93.19,93.25,1223.536
1778320440.0,93.26,93.3,93.26,93.26,1210.419
1778320500.0,93.26,93.3,93.26,93.29,1143.011
1778320560.0,93.28,93.29,93.23,93.26,1622.901
1778320620.0,93.27,93.28,93.22,93.22,2623.967
1778320680.0,93.23,93.24,93.22,93.24,408.715
1778320740.0,93.24,93.29,93.24,93.29,1166.985
1778320800.0,93.29,93.3,93.27,93.27,457.854
1778320860.0,93.28,93.28,93.2,93.21,498.65
1778320920.0,93.21,93.21,93.13,93.13,997.192
1778320980.0,93.13,93.16,93.11,93.12,912.333
1778321040.0,93.12,93.18,93.09,93.18,2325.751
1778321100.0,93.17,93.17,93.15,93.17,420.3
1778321160.0,93.17,93.17,93.13,93.16,1109.699
1778321220.0,93.16,93.19,93.14,93.18,1301.807
1778321280.0,93.18,93.21,93.18,93.19,1477.545
1778321340.0,93.2,93.2,93.13,93.15,1401.061
1778321400.0,93.15,93.19,93.15,93.16,1267.414
1778321460.0,93.17,93.23,93.16,93.22,1020.965
1778321520.0,93.23,93.24,93.22,93.24,418.381
1778321580.0,93.24,93.29,93.23,93.28,685.92
1778321640.0,93.28,93.29,93.26,93.28,1001.029
1778321700.0,93.28,93.38,93.28,93.37,832.917
1778321760.0,93.37,93.42,93.37,93.41,858.84
1778321820.0,93.42,93.43,93.39,93.4,1600.2
1778321880.0,93.41,93.46,93.4,93.45,853.86
1778321940.0,93.45,93.5,93.45,93.45,1001.355
1778322000.0,93.44,93.52,93.43,93.5,1454.925
1778322060.0,93.5,93.5,93.46,93.47,568.779
1778322120.0,93.47,93.49,93.44,93.44,725.634
1778322180.0,93.43,93.44,93.32,93.32,10900.033
1778322240.0,93.33,93.33,93.28,93.32,2141.744
1778322300.0,93.31,93.39,93.31,93.39,889.62
1778322360.0,93.38,93.39,93.36,93.38,1089.7
1778322420.0,93.38,93.41,93.37,93.37,766.706
1778322480.0,93.37,93.44,93.37,93.44,614.673
1778322540.0,93.43,93.44,93.36,93.36,708.118
1778322600.0,93.36,93.37,93.35,93.37,784.408
1778322660.0,93.36,93.39,93.34,93.38,1554.761
1778322720.0,93.38,93.4,93.37,93.4,713.038
1778322780.0,93.41,93.42,93.4,93.42,402.44
1778322840.0,93.41,93.51,93.41,93.51,1116.264
1778322900.0,93.51,93.52,93.5,93.51,502.102
1778322960.0,93.5,93.51,93.48,93.48,719.182
1778323020.0,93.49,93.5,93.46,93.48,478.887
1778323080.0,93.48,93.5,93.46,93.49,2076.231
1778323140.0,93.49,93.57,93.49,93.57,1029.145
1778323200.0,93.57,93.6,93.54,93.58,697.99
1778323260.0,93.59,93.59,93.53,93.54,538.612
1778323320.0,93.54,93.54,93.52,93.53,441.794
1778323380.0,93.53,93.54,93.53,93.54,183.859
1778323440.0,93.53,93.54,93.48,93.49,1986.778
1778323500.0,93.5,93.5,93.46,93.46,836.275
1778323560.0,93.46,93.52,93.46,93.5,1159.029
1778323620.0,93.49,93.5,93.43,93.43,611.253
1778323680.0,93.44,93.44,93.4,93.4,804.381
1778323740.0,93.4,93.4,93.37,93.37,582.479
1778323800.0,93.38,93.38,93.37,93.38,243.336
1778323860.0,93.38,93.41,93.37,93.4,599.064
1778323920.0,93.4,93.44,93.4,93.43,323.833
1778323980.0,93.43,93.43,93.42,93.42,121.058
1778324040.0,93.42,93.43,93.38,93.39,439.944
1778324100.0,93.39,93.43,93.38,93.42,1838.058
1778324160.0,93.43,93.43,93.41,93.42,177.187
1778324220.0,93.41,93.42,93.37,93.37,233.476
1778324280.0,93.38,93.38,93.37,93.37,185.645
1778324340.0,93.37,93.4,93.37,93.38,1290.84
1778324400.0,93.38,93.38,93.33,93.35,633.31
1778324460.0,93.35,93.36,93.34,93.36,930.632
1778324520.0,93.36,93.43,93.35,93.43,859.948
1778324580.0,93.43,93.43,93.39,93.41,339.275
1778324640.0,93.42,93.46,93.42,93.45,357.748
1778324700.0,93.45,93.46,93.41,93.43,353.725
1778324760.0,93.43,93.44,93.4,93.43,709.247
1778324820.0,93.42,93.47,93.41,93.46,185.503
1778324880.0,93.47,93.49,93.46,93.46,313.523
1778324940.0,93.46,93.47,93.45,93.46,171.086
1778325000.0,93.47,93.5,93.46,93.49,391.086
1778325060.0,93.5,93.55,93.5,93.53,878.832
1778325120.0,93.53,93.53,93.52,93.53,239.139
1778325180.0,93.53,93.58,93.51,93.52,1952.189
1778325240.0,93.52,93.52,93.49,93.52,398.888
1778325300.0,93.52,93.53,93.51,93.53,274.708
1778325360.0,93.53,93.53,93.51,93.51,265.699
1778325420.0,93.51,93.55,93.49,93.54,962.838
1778325480.0,93.54,93.55,93.53,93.55,312.769
1778325540.0,93.54,93.6,93.54,93.57,959.428
1778325600.0,93.58,93.63,93.57,93.62,851.549
1778325660.0,93.62,93.65,93.62,93.65,421.614
1778325720.0,93.65,93.67,93.64,93.65,789.763
1778325780.0,93.65,93.66,93.62,93.64,448.032
1778325840.0,93.64,93.67,93.64,93.65,1276.438
1778325900.0,93.65,93.69,93.64,93.68,965.085
1778325960.0,93.68,93.69,93.64,93.65,464.299
1778326020.0,93.65,93.66,93.63,93.66,727.352
1778326080.0,93.66,93.66,93.65,93.65,193.099
1778326140.0,93.66,93.69,93.65,93.67,911.092
1778326200.0,93.68,93.69,93.64,93.65,223.054
1778326260.0,93.64,93.65,93.6,93.62,513.57
1778326320.0,93.63,93.64,93.61,93.62,547.775
1778326380.0,93.62,93.62,93.61,93.62,240.766
1778326440.0,93.62,93.65,93.62,93.63,669.782
1778326500.0,93.64,93.65,93.61,93.61,887.692
1778326560.0,93.61,93.61,93.59,93.6,313.439
1778326620.0,93.59,93.6,93.58,93.58,493.924
1778326680.0,93.58,93.6,93.57,93.59,206.433
1778326740.0,93.6,93.61,93.59,93.61,284.804
1778326800.0,93.61,93.61,93.58,93.58,615.941
1778326860.0,93.59,93.59,93.58,93.58,336.221
1778326920.0,93.58,93.6,93.58,93.6,813.331
1778326980.0,93.59,93.6,93.58,93.58,1106.583
1778327040.0,93.58,93.59,93.56,93.58,469.981
1778327100.0,93.58,93.6,93.57,93.58,612.803
1778327160.0,93.59,93.61,93.58,93.6,1877.701
1778327220.0,93.61,93.61,93.6,93.6,347.438
1778327280.0,93.6,93.62,93.6,93.62,76.139
1778327340.0,93.62,93.66,93.56,93.56,2209.181
1778327400.0,93.56,93.61,93.54,93.6,1318.007
1778327460.0,93.61,93.63,93.6,93.61,928.384
1778327520.0,93.61,93.61,93.57,93.57,921.343
1778327580.0,93.57,93.62,93.54,93.6,2802.752
1778327640.0,93.61,93.61,93.57,93.57,842.554
1778327700.0,93.57,93.59,93.56,93.59,1047.805
1778327760.0,93.58,93.64,93.58,93.64,1420.114
1778327820.0,93.64,93.67,93.63,93.65,927.51
1778327880.0,93.65,93.67,93.65,93.66,148.542
1778327940.0,93.65,93.67,93.62,93.62,782.399
1778328000.0,93.61,93.65,93.59,93.65,1175.242
1778328060.0,93.65,93.66,93.64,93.65,663.586
1778328120.0,93.65,93.69,93.65,93.68,530.216
1778328180.0,93.68,93.7,93.67,93.69,1209.736
1778328240.0,93.68,93.71,93.67,93.68,1105.088
1778328300.0,93.69,93.74,93.68,93.74,456.584
1778328360.0,93.74,93.74,93.62,93.63,1434.95
1778328420.0,93.63,93.64,93.58,93.59,558.755
1778328480.0,93.59,93.59,93.51,93.52,871.865
1778328540.0,93.52,93.52,93.48,93.51,880.451
1778328600.0,93.52,93.55,93.51,93.54,364.115
1778328660.0,93.55,93.58,93.54,93.57,890.858
1778328720.0,93.57,93.64,93.56,93.62,1623.23
1778328780.0,93.61,93.61,93.55,93.55,927.82
1778328840.0,93.56,93.56,93.51,93.52,877.888
1778328900.0,93.52,93.52,93.45,93.45,676.477
1778328960.0,93.45,93.45,93.39,93.4,1686.427
1778329020.0,93.4,93.4,93.37,93.39,725.707
1778329080.0,93.38,93.42,93.38,93.41,606.805
1778329140.0,93.41,93.52,93.41,93.52,964.199
1778329200.0,93.52,93.55,93.51,93.55,421.756
1778329260.0,93.55,93.63,93.54,93.63,814.517
1778329320.0,93.63,93.66,93.62,93.66,685.634
1778329380.0,93.65,93.66,93.56,93.56,665.558
1778329440.0,93.57,93.67,93.56,93.67,1473.027
1778329500.0,93.67,93.71,93.64,93.65,2055.855
1778329560.0,93.65,93.65,93.6,93.61,812.575
1778329620.0,93.61,93.61,93.58,93.59,351.506
1778329680.0,93.59,93.64,93.58,93.61,354.036
1778329740.0,93.62,93.63,93.61,93.61,371.605
1778329800.0,93.62,93.62,93.57,93.58,253.848
1778329860.0,93.57,93.58,93.51,93.52,212.759
1778329920.0,93.52,93.52,93.49,93.49,495.706
1778329980.0,93.49,93.49,93.45,93.46,264.794
1778330040.0,93.46,93.49,93.44,93.46,360.82
1778330100.0,93.45,93.45,93.4,93.4,539.971
1778330160.0,93.4,93.41,93.35,93.36,1013.254
1778330220.0,93.36,93.38,93.35,93.37,1237.868
1778330280.0,93.38,93.38,93.33,93.33,475.214
1778330340.0,93.33,93.34,93.29,93.3,777.152
1778330400.0,93.29,93.33,93.27,93.33,1219.184
1778330460.0,93.32,93.33,93.29,93.31,646.127
1778330520.0,93.32,93.33,93.31,93.32,320.469
1778330580.0,93.32,93.35,93.31,93.35,504.566
1778330640.0,93.35,93.36,93.33,93.36,635.266
1778330700.0,93.35,93.37,93.32,93.36,983.531
1778330760.0,93.36,93.42,93.35,93.41,1093.715
1778330820.0,93.41,93.46,93.41,93.44,1144.603
1778330880.0,93.45,93.45,93.43,93.43,282.135
1778330940.0,93.44,93.47,93.44,93.47,300.481
1778331000.0,93.47,93.47,93.45,93.46,123.096
1778331060.0,93.47,93.47,93.44,93.46,420.635
1778331120.0,93.46,93.49,93.46,93.47,502.847
1778331180.0,93.47,93.47,93.46,93.46,240.819
1778331240.0,93.46,93.47,93.43,93.43,175.284
1778331300.0,93.44,93.44,93.38,93.38,202.265
1778331360.0,93.38,93.4,93.37,93.4,557.058
1778331420.0,93.4,93.43,93.39,93.43,476.47
1778331480.0,93.43,93.47,93.43,93.46,502.92
1778331540.0,93.47,93.47,93.45,93.45,178.094
1778331600.0,93.45,93.46,93.43,93.45,1632.812
1778331660.0,93.44,93.45,93.41,93.44,814.129
1778331720.0,93.44,93.46,93.43,93.44,263.448
1778331780.0,93.44,93.45,93.31,93.32,562.439
1778331840.0,93.32,93.36,93.32,93.36,832.77
1778331900.0,93.36,93.36,93.24,93.25,1985.168
1778331960.0,93.25,93.3,93.24,93.3,498.104
1778332020.0,93.3,93.33,93.29,93.33,352.537
1778332080.0,93.34,93.4,93.34,93.37,825.034
1778332140.0,93.37,93.4,93.37,93.39,283.017
1778332200.0,93.38,93.44,93.38,93.41,801.465
1778332260.0,93.4,93.41,93.36,93.37,420.036
1778332320.0,93.37,93.37,93.33,93.34,526.612
1778332380.0,93.34,93.37,93.33,93.36,633.832
1778332440.0,93.35,93.39,93.35,93.39,421.829
1778332500.0,93.39,93.43,93.39,93.43,260.963
1778332560.0,93.42,93.44,93.35,93.35,749.551
1778332620.0,93.35,93.38,93.35,93.37,694.83
1778332680.0,93.37,93.37,93.31,93.32,270.054
1778332740.0,93.32,93.32,93.27,93.28,1287.667
1778332800.0,93.28,93.28,93.19,93.2,868.143
1778332860.0,93.19,93.21,93.13,93.14,1350.274
1778332920.0,93.13,93.16,93.1,93.15,1622.734
1778332980.0,93.14,93.22,93.13,93.19,1366.753
1778333040.0,93.19,93.22,93.19,93.19,293.364
1778333100.0,93.2,93.23,93.15,93.19,1356.104
1778333160.0,93.2,93.27,93.2,93.24,1185.503
1778333220.0,93.24,93.3,93.24,93.29,346.711
1778333280.0,93.3,93.3,93.28,93.29,848.113
1778333340.0,93.3,93.3,93.23,93.23,640.928
1778333400.0,93.23,93.26,93.22,93.26,947.991
1778333460.0,93.26,93.26,93.19,93.22,304.878
1778333520.0,93.22,93.26,93.21,93.26,533.201
1778333580.0,93.26,93.26,93.19,93.2,827.831
1778333640.0,93.21,93.24,93.2,93.21,383.863
1778333700.0,93.2,93.25,93.18,93.23,827.734
1778333760.0,93.22,93.26,93.22,93.23,3423.16
1778333820.0,93.23,93.25,93.18,93.18,589.376
1778333880.0,93.19,93.19,93.15,93.16,502.857
1778333940.0,93.17,93.18,93.14,93.15,830.912
1778334000.0,93.14,93.23,93.01,93.14,8370.657
1778334060.0,93.15,93.2,93.14,93.16,2265.951
1778334120.0,93.15,93.21,93.15,93.19,1431.584
1778334180.0,93.19,93.25,93.19,93.25,530.222
1778334240.0,93.24,93.28,93.24,93.28,277.035
1778334300.0,93.28,93.33,93.28,93.31,523.14
1778334360.0,93.31,93.38,93.31,93.36,1146.244
1778334420.0,93.36,93.38,93.35,93.38,239.84
1778334480.0,93.37,93.39,93.35,93.36,491.546
1778334540.0,93.36,93.38,93.35,93.38,390.485
1778334600.0,93.38,93.38,93.36,93.36,235.26
1778334660.0,93.36,93.36,93.32,93.33,645.416
1778334720.0,93.34,93.37,93.33,93.37,345.858
1778334780.0,93.36,93.37,93.36,93.36,181.256
1778334840.0,93.37,93.42,93.36,93.39,553.97
1778334900.0,93.4,93.42,93.38,93.42,1036.431
1778334960.0,93.41,93.44,93.41,93.43,733.335
1778335020.0,93.44,93.45,93.42,93.44,345.781
1778335080.0,93.45,93.45,93.43,93.44,1098.623
1778335140.0,93.44,93.47,93.43,93.47,378.767
1778335200.0,93.46,93.47,93.41,93.41,269.414
1778335260.0,93.41,93.41,93.4,93.4,122.553
1778335320.0,93.4,93.41,93.4,93.4,108.982
1778335380.0,93.41,93.41,93.3,93.3,226.558
1778335440.0,93.3,93.33,93.27,93.32,752.518
1778335500.0,93.33,93.34,93.26,93.3,906.273
1778335560.0,93.29,93.37,93.29,93.34,1460.753
1778335620.0,93.34,93.34,93.26,93.3,859.411
1778335680.0,93.29,93.33,93.29,93.31,310.369
1778335740.0,93.31,93.32,93.26,93.26,1458.666
1778335800.0,93.26,93.29,93.26,93.28,2604.744
1778335860.0,93.28,93.3,93.25,93.28,843.296
1778335920.0,93.29,93.34,93.27,93.32,1392.705
1778335980.0,93.31,93.32,93.24,93.25,897.38
1778336040.0,93.25,93.27,93.19,93.25,814.012
1778336100.0,93.24,93.27,93.24,93.24,464.202
1778336160.0,93.25,93.25,93.15,93.2,1685.277
1778336220.0,93.21,93.26,93.2,93.25,662.394
1778336280.0,93.25,93.27,93.2,93.24,988.794
1778336340.0,93.23,93.23,93.21,93.21,260.185
1778336400.0,93.22,93.26,93.21,93.23,1132.256
1778336460.0,93.24,93.27,93.21,93.26,490.775
1778336520.0,93.26,93.28,93.2,93.2,1033.855
1778336580.0,93.2,93.2,93.05,93.07,1639.316
1778336640.0,93.06,93.11,93.03,93.11,2126.841
1778336700.0,93.1,93.1,93.0,93.04,2513.688
1778336760.0,93.04,93.04,92.95,92.98,4300.385
1778336820.0,92.97,93.02,92.94,92.99,2048.206
1778336880.0,93.0,93.01,92.91,92.93,3825.074
1778336940.0,92.94,93.07,92.94,93.02,4707.098
1778337000.0,93.01,93.05,93.0,93.03,1526.036
1778337060.0,93.03,93.04,92.99,93.04,1598.655
1778337120.0,93.04,93.11,93.0,93.11,1176.68
1778337180.0,93.1,93.11,93.06,93.08,1663.281
1778337240.0,93.08,93.1,93.02,93.04,518.414
1778337300.0,93.04,93.04,93.0,93.01,516.545
1778337360.0,93.0,93.04,93.0,93.01,1105.716
1778337420.0,93.02,93.03,92.98,92.98,1267.585
1778337480.0,92.98,93.05,92.98,93.02,1025.81
1778337540.0,93.02,93.04,93.01,93.03,531.529
1778337600.0,93.04,93.04,92.99,92.99,1179.648
1778337660.0,93.0,93.02,92.99,93.01,418.759
1778337720.0,93.01,93.05,93.01,93.05,750.948
1778337780.0,93.05,93.08,93.04,93.07,1549.945
1778337840.0,93.06,93.07,93.01,93.04,1239.513
1778337900.0,93.03,93.04,92.99,93.0,1096.108
1778337960.0,92.99,93.0,92.95,92.95,1031.493
1778338020.0,92.94,93.04,92.92,93.04,1774.052
1778338080.0,93.05,93.1,93.04,93.05,1353.669
1778338140.0,93.05,93.05,92.97,93.0,832.404
1778338200.0,92.99,92.99,92.93,92.93,243.444
1778338260.0,92.93,92.93,92.8,92.83,13323.347
1778338320.0,92.83,92.89,92.77,92.89,2027.598
1778338380.0,92.89,92.95,92.89,92.92,687.105
1778338440.0,92.92,92.93,92.9,92.91,1135.028
1778338500.0,92.9,92.91,92.84,92.85,1051.266
1778338560.0,92.86,92.87,92.84,92.84,511.405
1778338620.0,92.85,92.86,92.81,92.82,671.409
1778338680.0,92.82,92.88,92.81,92.87,1837.658
1778338740.0,92.86,92.88,92.85,92.88,993.583
1778338800.0,92.88,92.88,92.82,92.83,456.972
1778338860.0,92.83,92.84,92.81,92.84,672.913
1778338920.0,92.84,92.94,92.84,92.94,2322.939
1778338980.0,92.94,92.97,92.9,92.9,1716.714
1778339040.0,92.91,92.91,92.81,92.81,1137.1
1778339100.0,92.82,92.84,92.71,92.83,2973.709
1778339160.0,92.83,92.83,92.7,92.76,2022.375
1778339220.0,92.76,92.76,92.69,92.7,1998.48
1778339280.0,92.7,92.72,92.68,92.68,369.401
1778339340.0,92.69,92.71,92.56,92.6,5950.908
1778339400.0,92.6,92.61,92.5,92.53,10110.828
1778339460.0,92.54,92.54,92.4,92.44,10556.457
1778339520.0,92.44,92.51,92.39,92.48,4720.541
1778339580.0,92.49,92.54,92.47,92.53,1893.135
1778339640.0,92.54,92.56,92.51,92.54,1512.004
1778339700.0,92.55,92.67,92.54,92.65,3462.658
1778339760.0,92.65,92.66,92.62,92.66,489.086
1778339820.0,92.66,92.69,92.64,92.69,1221.484
1778339880.0,92.69,92.74,92.59,92.61,1572.585
1778339940.0,92.6,92.61,92.58,92.61,746.502
1778340000.0,92.61,92.72,92.6,92.7,1843.298
1778340060.0,92.7,92.75,92.69,92.72,2024.708
1778340120.0,92.72,92.73,92.67,92.72,527.433
1778340180.0,92.72,92.74,92.7,92.71,571.236
1778340240.0,92.71,92.71,92.69,92.7,431.144
1778340300.0,92.7,92.75,92.7,92.74,462.987
1778340360.0,92.75,92.8,92.74,92.79,705.323
1778340420.0,92.79,92.81,92.76,92.81,1118.989
1778340480.0,92.81,92.82,92.76,92.82,511.895
1778340540.0,92.82,92.86,92.81,92.84,712.814
1778340600.0,92.84,92.96,92.83,92.94,2058.504
1778340660.0,92.95,92.97,92.9,92.92,1712.731
1778340720.0,92.92,92.92,92.83,92.85,1174.624
1778340780.0,92.85,92.85,92.8,92.84,488.316
1778340840.0,92.83,92.85,92.82,92.83,219.366
1778340900.0,92.83,92.9,92.82,92.9,1733.819
1778340960.0,92.9,92.95,92.88,92.95,524.794
1778341020.0,92.95,92.98,92.9,92.93,1430.379
1778341080.0,92.93,92.95,92.91,92.94,844.16
1778341140.0,92.94,92.94,92.9,92.93,230.598
1778341200.0,92.94,92.95,92.86,92.88,1771.701
1778341260.0,92.88,92.93,92.87,92.88,718.539
1778341320.0,92.89,92.95,92.81,92.81,1698.762
1778341380.0,92.81,92.82,92.73,92.75,2960.055
1778341440.0,92.76,92.77,92.7,92.7,579.973
1778341500.0,92.71,92.78,92.71,92.75,817.155
1778341560.0,92.75,92.79,92.74,92.77,1205.901
1778341620.0,92.77,92.84,92.76,92.83,376.723
1778341680.0,92.83,92.85,92.8,92.81,807.453
1778341740.0,92.81,92.82,92.78,92.82,476.025
1778341800.0,92.82,92.83,92.81,92.83,940.904
1778341860.0,92.83,92.83,92.78,92.8,702.502
1778341920.0,92.81,92.88,92.8,92.86,1538.201
1778341980.0,92.85,92.9,92.84,92.85,535.313
1778342040.0,92.86,92.93,92.86,92.89,6222.792
1778342100.0,92.9,92.93,92.89,92.93,712.173
1778342160.0,92.93,92.93,92.88,92.92,306.572
1778342220.0,92.92,93.01,92.91,92.98,7180.164
1778342280.0,92.98,92.98,92.93,92.97,263.035
1778342340.0,92.97,93.01,92.97,93.01,1163.894
1778342400.0,93.01,93.01,92.93,92.94,1579.641
1778342460.0,92.94,92.94,92.82,92.94,1826.674
1778342520.0,92.94,93.03,92.93,93.02,3335.912
1778342580.0,93.02,93.03,92.97,92.98,897.246
1778342640.0,92.97,92.97,92.84,92.87,924.121
1778342700.0,92.88,92.96,92.87,92.95,1912.562
1778342760.0,92.95,93.0,92.92,93.0,3448.824
1778342820.0,93.0,93.09,92.85,92.86,11622.776
1778342880.0,92.87,92.95,92.83,92.92,861.711
1778342940.0,92.93,93.0,92.9,93.0,1847.224
1778343000.0,93.0,93.08,92.99,93.08,898.786
1778343060.0,93.07,93.08,93.04,93.05,4257.928
1778343120.0,93.05,93.06,93.01,93.06,1142.757
1778343180.0,93.06,93.09,93.05,93.08,1769.689
1778343240.0,93.07,93.08,93.0,93.07,2797.613
1778343300.0,93.08,93.16,93.07,93.15,1928.124
1778343360.0,93.15,93.23,93.14,93.21,1848.867
1778343420.0,93.2,93.24,93.19,93.22,1726.553
1778343480.0,93.21,93.22,93.18,93.2,1393.067
1778343540.0,93.19,93.19,93.13,93.15,2404.529
1778343600.0,93.15,93.31,93.12,93.2,3110.587
1778343660.0,93.2,93.2,93.13,93.2,1636.284
1778343720.0,93.2,93.21,93.15,93.18,1490.376
1778343780.0,93.18,93.18,93.11,93.13,938.04
1778343840.0,93.13,93.21,93.11,93.18,1957.318
1778343900.0,93.18,93.26,93.17,93.18,1629.672
1778343960.0,93.18,93.19,93.12,93.12,2115.3
1778344020.0,93.12,93.13,93.08,93.08,982.829
1778344080.0,93.09,93.09,93.01,93.01,1278.698
1778344140.0,93.01,93.02,92.94,92.94,3248.705
1778344200.0,92.95,92.96,92.91,92.91,1463.574
1778344260.0,92.92,92.95,92.89,92.89,2223.569
1778344320.0,92.89,92.94,92.87,92.91,3568.998
1778344380.0,92.91,92.93,92.88,92.88,1243.245
1778344440.0,92.89,92.9,92.85,92.86,3243.559
1778344500.0,92.86,92.87,92.8,92.82,1047.215
1778344560.0,92.82,92.88,92.8,92.87,918.534
1778344620.0,92.88,92.92,92.87,92.91,386.82
1778344680.0,92.91,92.91,92.85,92.85,209.728
1778344740.0,92.85,92.85,92.81,92.84,201.505
1778344800.0,92.83,92.83,92.75,92.76,1309.28
1778344860.0,92.76,92.81,92.75,92.78,897.855
1778344920.0,92.79,92.79,92.77,92.77,216.111
1778344980.0,92.77,92.79,92.72,92.73,1375.219
1778345040.0,92.73,92.76,92.69,92.75,1790.966
1778345100.0,92.76,92.79,92.7,92.71,3725.595
1778345160.0,92.7,92.74,92.7,92.73,454.911
1778345220.0,92.73,92.77,92.73,92.73,315.685
1778345280.0,92.74,92.77,92.7,92.77,1490.979
1778345340.0,92.76,92.9,92.7,92.86,5963.731
1778345400.0,92.85,92.94,92.85,92.88,2589.631
1778345460.0,92.89,92.89,92.84,92.85,141.728
1778345520.0,92.85,92.86,92.82,92.83,1169.355
1778345580.0,92.83,92.86,92.82,92.83,629.19
1778345640.0,92.84,92.84,92.81,92.83,455.365
1778345700.0,92.84,92.86,92.77,92.78,671.997
1778345760.0,92.78,92.8,92.73,92.74,1471.489
1778345820.0,92.75,92.75,92.71,92.74,839.002
1778345880.0,92.75,92.8,92.74,92.78,1293.173
1778345940.0,92.78,92.78,92.74,92.76,276.149
1778346000.0,92.77,92.81,92.76,92.79,266.388
1778346060.0,92.8,92.85,92.8,92.82,499.124
1778346120.0,92.82,92.84,92.8,92.83,220.891
1778346180.0,92.84,92.87,92.83,92.86,551.852
1778346240.0,92.87,92.96,92.86,92.94,456.23
1778346300.0,92.95,93.11,92.95,93.04,2016.702
1778346360.0,93.05,93.07,92.96,92.98,1302.887
1778346420.0,92.99,93.08,92.99,93.05,1311.437
1778346480.0,93.04,93.07,92.99,93.06,884.125
1778346540.0,93.06,93.06,93.03,93.06,610.348
1778346600.0,93.06,93.08,93.03,93.04,553.104
1778346660.0,93.04,93.11,93.04,93.08,630.952
1778346720.0,93.08,93.11,93.06,93.06,666.673
1778346780.0,93.06,93.09,92.99,93.04,6910.401
1778346840.0,93.05,93.05,92.97,93.0,1964.431
1778346900.0,93.01,93.03,92.98,93.0,202.895
1778346960.0,93.01,93.05,93.01,93.02,232.756
1778347020.0,93.03,93.04,92.99,93.0,576.662
1778347080.0,93.01,93.06,92.95,93.0,2189.025
1778347140.0,93.0,93.05,93.0,93.05,109.221
1778347200.0,93.04,93.05,92.98,93.02,308.083
1778347260.0,93.02,93.1,93.0,93.07,455.665
1778347320.0,93.07,93.11,93.04,93.11,261.143
1778347380.0,93.11,93.12,93.11,93.11,121.833
1778347440.0,93.12,93.13,93.09,93.1,131.02
1778347500.0,93.1,93.16,93.1,93.14,771.564
1778347560.0,93.13,93.16,93.12,93.16,406.511
1778347620.0,93.16,93.19,93.13,93.19,1006.574
1778347680.0,93.19,93.23,93.18,93.22,440.31
1778347740.0,93.22,93.23,93.2,93.23,627.064
1778347800.0,93.23,93.29,93.21,93.28,307.797
1778347860.0,93.29,93.42,93.29,93.37,4328.798
1778347920.0,93.37,93.38,93.31,93.34,688.368
1778347980.0,93.33,93.37,93.33,93.37,515.856
1778348040.0,93.37,93.45,93.36,93.45,631.768
1778348100.0,93.45,93.48,93.45,93.45,534.963
1778348160.0,93.46,93.46,93.36,93.37,1694.525
1778348220.0,93.37,93.41,93.32,93.4,772.901
1778348280.0,93.41,93.41,93.36,93.37,500.291
1778348340.0,93.38,93.4,93.35,93.36,1126.733
1778348400.0,93.36,93.4,93.35,93.4,175.363
1778348460.0,93.4,93.42,93.37,93.4,1523.966
1778348520.0,93.4,93.44,93.39,93.43,505.901
1778348580.0,93.44,93.48,93.41,93.41,569.497
1778348640.0,93.42,93.43,93.38,93.39,777.275
1778348700.0,93.38,93.39,93.35,93.37,2704.337
1778348760.0,93.38,93.4,93.34,93.34,306.231
1778348820.0,93.34,93.34,93.3,93.31,343.66
1778348880.0,93.3,93.3,93.23,93.25,1016.99
1778348940.0,93.25,93.26,93.17,93.17,567.295
1778349000.0,93.18,93.25,93.18,93.24,571.786
1778349060.0,93.23,93.24,93.17,93.2,401.989
1778349120.0,93.2,93.24,93.2,93.22,270.291
1778349180.0,93.22,93.25,93.19,93.2,358.551
1778349240.0,93.21,93.22,93.19,93.19,75.316
1778349300.0,93.19,93.2,93.14,93.17,407.896
1778349360.0,93.18,93.2,93.15,93.15,477.151
1778349420.0,93.16,93.18,93.11,93.16,1911.777
1778349480.0,93.15,93.26,93.14,93.24,654.025
1778349540.0,93.23,93.24,93.21,93.21,117.128
1778349600.0,93.21,93.26,93.21,93.22,289.421
1778349660.0,93.22,93.33,93.21,93.29,747.107
1778349720.0,93.29,93.29,93.24,93.24,188.203
1778349780.0,93.24,93.24,93.22,93.23,261.528
1778349840.0,93.23,93.27,93.22,93.22,296.547
1778349900.0,93.23,93.24,93.23,93.24,33.49
1778349960.0,93.24,93.24,93.22,93.22,118.655
1778350020.0,93.22,93.25,93.2,93.25,173.56
1778350080.0,93.24,93.24,93.21,93.24,197.108
1778350140.0,93.24,93.26,93.23,93.25,233.309
1778350200.0,93.25,93.25,93.22,93.23,279.919
1778350260.0,93.23,93.23,93.21,93.22,85.949
1778350320.0,93.22,93.22,93.18,93.19,346.154
1778350380.0,93.19,93.2,93.15,93.18,847.208
1778350440.0,93.18,93.21,93.15,93.2,285.703
1778350500.0,93.21,93.24,93.19,93.21,152.016
1778350560.0,93.21,93.25,93.21,93.22,127.165
1778350620.0,93.23,93.28,93.22,93.28,419.726
1778350680.0,93.28,93.34,93.28,93.28,1412.511
1778350740.0,93.28,93.28,93.25,93.26,86.288
1778350800.0,93.26,93.26,93.21,93.21,350.764
1778350860.0,93.21,93.23,93.2,93.21,254.835
1778350920.0,93.2,93.21,93.19,93.21,30.222
1778350980.0,93.21,93.28,93.2,93.27,437.05
1778351040.0,93.27,93.3,93.26,93.3,197.176
1778351100.0,93.29,93.38,93.29,93.38,338.976
1778351160.0,93.37,93.54,93.37,93.5,8019.925
1778351220.0,93.49,93.65,93.46,93.64,8288.325
1778351280.0,93.64,93.64,93.58,93.63,1755.668
1778351340.0,93.63,93.63,93.55,93.56,909.089
1778351400.0,93.56,93.61,93.54,93.55,906.756
1778351460.0,93.55,93.56,93.46,93.47,385.193
1778351520.0,93.47,93.52,93.46,93.46,479.742
1778351580.0,93.46,93.5,93.45,93.47,472.026
1778351640.0,93.47,93.47,93.43,93.45,3494.413
1778351700.0,93.45,93.47,93.37,93.37,4273.292
1778351760.0,93.37,93.44,93.35,93.42,442.335
1778351820.0,93.42,93.44,93.4,93.42,250.36
1778351880.0,93.42,93.44,93.42,93.43,117.83
1778351940.0,93.43,93.45,93.39,93.39,360.504
1778352000.0,93.39,93.4,93.36,93.38,121.374
1778352060.0,93.39,93.4,93.36,93.36,330.127
1778352120.0,93.36,93.38,93.33,93.37,885.471
1778352180.0,93.38,93.38,93.37,93.37,45.876
1778352240.0,93.37,93.38,93.37,93.38,144.03
1778352300.0,93.38,93.38,93.37,93.38,102.644
1778352360.0,93.37,93.37,93.3,93.31,364.486
1778352420.0,93.31,93.34,93.28,93.34,161.411
1778352480.0,93.34,93.34,93.3,93.31,207.739
1778352540.0,93.31,93.34,93.3,93.34,113.969
1778352600.0,93.34,93.34,93.31,93.32,159.764
1778352660.0,93.32,93.33,93.31,93.33,166.642
1778352720.0,93.33,93.35,93.3,93.31,3243.906
1778352780.0,93.32,93.35,93.32,93.35,53.745
1778352840.0,93.35,93.35,93.31,93.31,433.874
1778352900.0,93.31,93.32,93.29,93.29,1223.084
1778352960.0,93.3,93.32,93.29,93.32,157.287
1778353020.0,93.32,93.35,93.32,93.34,313.03
1778353080.0,93.35,93.35,93.34,93.35,74.281
1778353140.0,93.35,93.38,93.34,93.37,472.225
1778353200.0,93.37,93.39,93.37,93.39,186.48
1778353260.0,93.39,93.39,93.36,93.37,110.903
1778353320.0,93.37,93.37,93.36,93.37,49.262
1778353380.0,93.36,93.37,93.3,93.31,152.895
1778353440.0,93.31,93.31,93.25,93.29,293.237
1778353500.0,93.29,93.37,93.26,93.37,1440.747
1778353560.0,93.37,93.37,93.34,93.37,579.228
1778353620.0,93.36,93.37,93.34,93.34,173.751
1778353680.0,93.35,93.41,93.35,93.4,389.023
1778353740.0,93.4,93.42,93.39,93.39,295.073
1778353800.0,93.4,93.4,93.33,93.38,4111.128
1778353860.0,93.38,93.38,93.35,93.36,114.827
1778353920.0,93.36,93.36,93.35,93.35,499.465
1778353980.0,93.36,93.36,93.35,93.36,41.864
1778354040.0,93.36,93.36,93.35,93.36,23.73
1778354100.0,93.36,93.36,93.29,93.29,116.958
1778354160.0,93.3,93.3,93.26,93.26,264.698
1778354220.0,93.26,93.27,93.24,93.25,300.783
1778354280.0,93.24,93.27,93.24,93.27,103.462
1778354340.0,93.26,93.3,93.25,93.29,128.203
1778354400.0,93.29,93.29,93.28,93.29,97.11
1778354460.0,93.28,93.32,93.28,93.32,273.183
1778354520.0,93.31,93.32,93.31,93.31,162.539
1778354580.0,93.32,93.34,93.31,93.33,95.808
1778354640.0,93.33,93.34,93.3,93.31,211.93
1778354700.0,93.3,93.33,93.26,93.26,308.726
1778354760.0,93.26,93.28,93.25,93.26,234.239
1778354820.0,93.26,93.26,93.22,93.25,320.961
1778354880.0,93.25,93.32,93.25,93.31,1202.043
1778354940.0,93.31,93.34,93.31,93.34,88.158
1778355000.0,93.34,93.35,93.3,93.31,133.431
1778355060.0,93.31,93.33,93.31,93.32,141.462
1778355120.0,93.32,93.35,93.31,93.35,122.087
1778355180.0,93.34,93.37,93.34,93.34,201.443
1778355240.0,93.35,93.36,93.33,93.33,243.704
1778355300.0,93.34,93.36,93.33,93.35,284.128
1778355360.0,93.36,93.4,93.36,93.38,429.398
1778355420.0,93.39,93.39,93.37,93.39,1180.403
1778355480.0,93.38,93.42,93.38,93.42,230.806
1778355540.0,93.42,93.42,93.4,93.41,144.588
1778355600.0,93.42,93.48,93.42,93.48,750.072
1778355660.0,93.47,93.48,93.32,93.36,3772.713
1778355720.0,93.37,93.39,93.37,93.39,271.966
1778355780.0,93.38,93.41,93.38,93.41,248.779
1778355840.0,93.4,93.44,93.39,93.43,1150.805
1778355900.0,93.43,93.44,93.4,93.41,528.759
1778355960.0,93.41,93.41,93.37,93.37,109.115
1778356020.0,93.38,93.44,93.38,93.43,634.159
1778356080.0,93.43,93.49,93.42,93.48,997.21
1778356140.0,93.49,93.5,93.46,93.5,498.326
1778356200.0,93.5,93.53,93.49,93.52,258.887
1778356260.0,93.52,93.52,93.49,93.51,217.189
1778356320.0,93.51,93.53,93.49,93.52,197.173
1778356380.0,93.53,93.54,93.52,93.54,174.582
1778356440.0,93.54,93.58,93.51,93.58,396.519
1778356500.0,93.58,93.58,93.55,93.56,223.138
1778356560.0,93.56,93.56,93.52,93.53,200.534
1778356620.0,93.52,93.57,93.52,93.53,1163.469
1778356680.0,93.53,93.54,93.51,93.51,143.515
1778356740.0,93.52,93.54,93.5,93.51,148.157
1778356800.0,93.51,93.51,93.47,93.47,516.55
1778356860.0,93.47,93.47,93.46,93.47,100.626
1778356920.0,93.47,93.5,93.46,93.46,164.534
1778356980.0,93.46,93.47,93.42,93.43,174.445
1778357040.0,93.43,93.46,93.43,93.44,156.826
1778357100.0,93.44,93.45,93.43,93.43,193.577
1778357160.0,93.44,93.44,93.41,93.42,208.164
1778357220.0,93.42,93.42,93.37,93.37,499.56
1778357280.0,93.38,93.4,93.36,93.4,261.093
1778357340.0,93.41,93.42,93.37,93.38,1036.968
1778357400.0,93.37,93.38,93.36,93.38,333.408
1778357460.0,93.38,93.38,93.36,93.37,4006.185
1778357520.0,93.37,93.37,93.34,93.36,345.419
1778357580.0,93.36,93.36,93.32,93.34,175.664
1778357640.0,93.34,93.34,93.32,93.33,127.794
1778357700.0,93.33,93.33,93.25,93.29,2441.098
1778357760.0,93.28,93.3,93.27,93.29,305.46
1778357820.0,93.3,93.3,93.27,93.28,58.69
1778357880.0,93.28,93.28,93.25,93.26,909.045
1778357940.0,93.25,93.26,93.25,93.26,74.611
1778358000.0,93.25,93.29,93.25,93.28,177.769
1778358060.0,93.28,93.3,93.28,93.3,63.049
1778358120.0,93.29,93.29,93.28,93.29,224.745
1778358180.0,93.29,93.29,93.28,93.29,38.777
1778358240.0,93.28,93.28,93.23,93.23,657.037
1778358300.0,93.22,93.27,93.22,93.27,120.87
1778358360.0,93.27,93.29,93.26,93.29,176.974
1778358420.0,93.28,93.29,93.25,93.29,163.005
1778358480.0,93.29,93.29,93.28,93.28,159.578
1778358540.0,93.28,93.29,93.28,93.28,108.782
1778358600.0,93.29,93.31,93.26,93.28,297.672
1778358660.0,93.28,93.28,93.25,93.25,174.133
1778358720.0,93.26,93.26,93.23,93.24,668.556
1778358780.0,93.24,93.24,93.16,93.16,1106.041
1778358840.0,93.16,93.19,93.15,93.19,716.793
1778358900.0,93.19,93.21,93.18,93.2,99.468
1778358960.0,93.21,93.22,93.2,93.22,56.446
1778359020.0,93.21,93.25,93.21,93.25,127.92
1778359080.0,93.26,93.26,93.25,93.26,133.056
1778359140.0,93.25,93.27,93.25,93.26,34.144
1778359200.0,93.27,93.31,93.22,93.28,3544.458
1778359260.0,93.28,93.28,93.25,93.27,27.766
1778359320.0,93.26,93.27,93.25,93.26,256.193
1778359380.0,93.27,93.31,93.27,93.3,91.391
1778359440.0,93.31,93.34,93.25,93.26,3642.154
1778359500.0,93.26,93.26,93.22,93.22,164.86
1778359560.0,93.23,93.23,93.2,93.2,211.742
1778359620.0,93.21,93.21,93.2,93.2,51.69
1778359680.0,93.2,93.21,93.19,93.21,466.62
1778359740.0,93.21,93.23,93.21,93.22,617.829
1778359800.0,93.23,93.28,93.22,93.27,85.55
1778359860.0,93.28,93.3,93.28,93.29,134.693
1778359920.0,93.3,93.3,93.27,93.27,45.909
1778359980.0,93.28,93.31,93.27,93.31,69.842
1778360040.0,93.31,93.31,93.24,93.25,173.48
1778360100.0,93.25,93.28,93.25,93.27,182.456
1778360160.0,93.27,93.3,93.25,93.3,89.43
1778360220.0,93.29,93.3,93.29,93.29,73.672
1778360280.0,93.29,93.3,93.27,93.27,208.932
1778360340.0,93.26,93.26,93.25,93.26,51.236
1778360400.0,93.25,93.29,93.25,93.27,335.484
1778360460.0,93.27,93.27,93.26,93.27,101.115
1778360520.0,93.27,93.31,93.27,93.3,61.743
1778360580.0,93.31,93.33,93.31,93.33,677.416
1778360640.0,93.33,93.33,93.29,93.3,451.181
1778360700.0,93.29,93.34,93.29,93.34,117.681
1778360760.0,93.34,93.35,93.33,93.34,534.341
1778360820.0,93.34,93.36,93.34,93.36,86.476
1778360880.0,93.36,93.36,93.29,93.33,1190.778
1778360940.0,93.33,93.33,93.32,93.33,306.868
1778361000.0,93.33,93.36,93.32,93.36,473.303
1778361060.0,93.35,93.38,93.35,93.36,1004.684
1778361120.0,93.36,93.36,93.33,93.33,116.514
1778361180.0,93.34,93.43,93.34,93.37,898.24
1778361240.0,93.37,93.39,93.35,93.36,575.237
1778361300.0,93.36,93.37,93.36,93.37,161.704
1778361360.0,93.38,93.44,93.37,93.44,264.541
1778361420.0,93.43,93.44,93.39,93.43,608.437
1778361480.0,93.43,93.43,93.39,93.39,178.66
1778361540.0,93.4,93.4,93.37,93.38,78.118
1778361600.0,93.38,93.39,93.35,93.37,269.435
1778361660.0,93.36,93.37,93.32,93.34,400.761
1778361720.0,93.35,93.37,93.35,93.36,105.959
1778361780.0,93.36,93.36,93.32,93.33,105.142
1778361840.0,93.33,93.33,93.31,93.33,218.811
1778361900.0,93.32,93.33,93.29,93.3,83.172
1778361960.0,93.3,93.3,93.25,93.26,123.422
1778362020.0,93.25,93.32,93.25,93.32,356.847
1778362080.0,93.32,93.35,93.31,93.35,584.303
1778362140.0,93.35,93.4,93.35,93.38,716.943
1778362200.0,93.38,93.4,93.35,93.36,289.324
1778362260.0,93.36,93.36,93.31,93.31,67.56
1778362320.0,93.3,93.34,93.29,93.34,391.13
1778362380.0,93.34,93.4,93.34,93.35,2430.55
1778362440.0,93.36,93.36,93.32,93.34,118.137
1778362500.0,93.33,93.38,93.33,93.38,141.258
1778362560.0,93.39,93.4,93.38,93.4,191.811
1778362620.0,93.4,93.4,93.38,93.38,214.479
1778362680.0,93.37,93.41,93.35,93.36,1135.302
1778362740.0,93.36,93.36,93.34,93.35,94.077
1778362800.0,93.35,93.41,93.34,93.41,1824.763
1778362860.0,93.41,93.45,93.4,93.45,316.222
1778362920.0,93.46,93.46,93.43,93.43,360.755
1778362980.0,93.44,93.48,93.43,93.44,1942.063
1778363040.0,93.44,93.46,93.41,93.44,1280.739
1778363100.0,93.44,93.44,93.42,93.43,277.083
1778363160.0,93.44,93.44,93.43,93.43,27.725
1778363220.0,93.43,93.44,93.43,93.43,22.326
1778363280.0,93.44,93.44,93.39,93.4,212.323
1778363340.0,93.4,93.43,93.4,93.43,88.818
1778363400.0,93.42,93.45,93.38,93.41,521.669
1778363460.0,93.42,93.42,93.4,93.4,100.919
1778363520.0,93.41,93.41,93.39,93.39,286.802
1778363580.0,93.4,93.43,93.39,93.42,229.029
1778363640.0,93.43,93.48,93.42,93.44,519.312
1778363700.0,93.44,93.45,93.43,93.45,184.495
1778363760.0,93.45,93.48,93.44,93.47,909.723
1778363820.0,93.48,93.56,93.47,93.5,1960.382
1778363880.0,93.5,93.52,93.49,93.51,485.034
1778363940.0,93.52,93.52,93.49,93.49,1439.195
1778364000.0,93.5,93.52,93.49,93.52,1370.867
1778364060.0,93.52,93.53,93.43,93.46,2100.239
1778364120.0,93.47,93.48,93.41,93.43,1663.329
1778364180.0,93.44,93.44,93.39,93.39,443.348
1778364240.0,93.39,93.4,93.36,93.4,667.628
1778364300.0,93.41,93.41,93.38,93.41,359.132
1778364360.0,93.42,93.43,93.37,93.4,471.886
1778364420.0,93.4,93.42,93.39,93.4,133.618
1778364480.0,93.41,93.41,93.38,93.39,261.142
1778364540.0,93.38,93.38,93.35,93.37,243.355
1778364600.0,93.37,93.37,93.31,93.36,3530.353
1778364660.0,93.37,93.42,93.37,93.41,602.538
1778364720.0,93.41,93.41,93.37,93.37,257.236
1778364780.0,93.38,93.39,93.36,93.38,160.681
1778364840.0,93.39,93.39,93.38,93.38,412.497
1778364900.0,93.38,93.39,93.37,93.38,915.587
1778364960.0,93.39,93.4,93.39,93.4,229.212
1778365020.0,93.4,93.41,93.39,93.4,392.812
1778365080.0,93.4,93.41,93.4,93.4,85.254
1778365140.0,93.4,93.41,93.37,93.38,171.695
1778365200.0,93.38,93.38,93.35,93.36,125.646
1778365260.0,93.36,93.38,93.35,93.38,267.448
1778365320.0,93.38,93.38,93.35,93.36,179.101
1778365380.0,93.35,93.35,93.3,93.33,541.712
1778365440.0,93.33,93.33,93.32,93.33,165.503
1778365500.0,93.32,93.34,93.32,93.34,115.906
1778365560.0,93.34,93.35,93.33,93.35,75.838
1778365620.0,93.35,93.37,93.34,93.37,190.603
1778365680.0,93.37,93.41,93.37,93.4,677.303
1778365740.0,93.4,93.46,93.39,93.39,3475.56
1778365800.0,93.38,93.38,93.27,93.29,774.758
1778365860.0,93.29,93.29,93.26,93.27,103.951
1778365920.0,93.27,93.27,93.22,93.26,635.308
1778365980.0,93.26,93.28,93.24,93.28,244.106
1778366040.0,93.27,93.31,93.27,93.31,245.753
1778366100.0,93.31,93.31,93.28,93.29,49.087
1778366160.0,93.29,93.3,93.28,93.28,154.57
1778366220.0,93.28,93.32,93.27,93.32,336.349
1778366280.0,93.31,93.35,93.31,93.33,316.765
1778366340.0,93.34,93.38,93.33,93.38,245.79
1778366400.0,93.38,93.38,93.35,93.36,109.354
1778366460.0,93.35,93.39,93.34,93.38,843.337
1778366520.0,93.38,93.41,93.37,93.41,286.214
1778366580.0,93.4,93.49,93.4,93.49,335.531
1778366640.0,93.49,93.49,93.47,93.48,601.094
1778366700.0,93.48,93.48,93.45,93.46,279.965
1778366760.0,93.46,93.46,93.44,93.44,58.007
1778366820.0,93.43,93.44,93.39,93.4,146.07
1778366880.0,93.39,93.4,93.37,93.38,131.657
1778366940.0,93.38,93.38,93.34,93.34,309.813
1778367000.0,93.34,93.35,93.33,93.34,539.838
1778367060.0,93.34,93.36,93.33,93.35,223.323
1778367120.0,93.35,93.39,93.35,93.38,75.823
1778367180.0,93.38,93.39,93.33,93.33,211.961
1778367240.0,93.34,93.34,93.3,93.3,56.564
1778367300.0,93.31,93.34,93.29,93.34,230.685
1778367360.0,93.34,93.34,93.3,93.32,660.052
1778367420.0,93.32,93.33,93.32,93.33,185.151
1778367480.0,93.32,93.33,93.31,93.32,80.746
1778367540.0,93.32,93.33,93.29,93.33,194.445
1778367600.0,93.33,93.44,93.33,93.43,633.969
1778367660.0,93.43,93.45,93.43,93.45,167.623
1778367720.0,93.45,93.45,93.43,93.44,106.107
1778367780.0,93.43,93.49,93.43,93.47,452.982
1778367840.0,93.47,93.47,93.37,93.39,483.73
1778367900.0,93.38,93.4,93.36,93.37,132.97
1778367960.0,93.37,93.39,93.35,93.37,1494.447
1778368020.0,93.37,93.38,93.32,93.32,465.6
1778368080.0,93.32,93.33,93.27,93.28,473.601
1778368140.0,93.27,93.33,93.26,93.31,1053.161
1778368200.0,93.32,93.32,93.29,93.3,275.898
1778368260.0,93.29,93.3,93.26,93.29,371.623
1778368320.0,93.3,93.31,93.29,93.31,204.65
1778368380.0,93.3,93.33,93.3,93.31,461.67
1778368440.0,93.31,93.31,93.29,93.3,106.86
1778368500.0,93.29,93.31,93.26,93.26,1707.69
1778368560.0,93.27,93.28,93.26,93.26,116.477
1778368620.0,93.27,93.27,93.24,93.24,401.116
1778368680.0,93.25,93.25,93.23,93.24,419.126
1778368740.0,93.24,93.25,93.23,93.23,599.946
1778368800.0,93.24,93.26,93.23,93.24,162.33
1778368860.0,93.25,93.26,93.24,93.25,250.491
1778368920.0,93.26,93.26,93.19,93.2,891.615
1778368980.0,93.21,93.21,93.19,93.19,118.513
1778369040.0,93.19,93.23,93.19,93.2,321.396
1778369100.0,93.21,93.21,93.19,93.2,576.977
1778369160.0,93.2,93.21,93.15,93.17,524.06
1778369220.0,93.17,93.18,93.16,93.18,78.013
1778369280.0,93.18,93.18,93.16,93.16,605.871
1778369340.0,93.17,93.17,93.15,93.15,43.548
1778369400.0,93.15,93.17,93.15,93.16,286.047
1778369460.0,93.16,93.16,93.11,93.11,308.772
1778369520.0,93.12,93.15,93.1,93.15,1147.033
1778369580.0,93.16,93.18,93.15,93.17,172.316
1778369640.0,93.16,93.17,93.13,93.13,517.398
1778369700.0,93.14,93.14,93.13,93.14,139.033
1778369760.0,93.14,93.15,93.14,93.14,207.239
1778369820.0,93.15,93.15,93.12,93.14,1560.411
1778369880.0,93.14,93.14,93.11,93.11,420.171
1778369940.0,93.12,93.12,93.08,93.09,330.042
1778370000.0,93.08,93.09,93.06,93.07,273.406
1778370060.0,93.06,93.09,93.06,93.08,167.229
1778370120.0,93.07,93.08,93.07,93.07,65.282
1778370180.0,93.08,93.08,93.07,93.07,159.78
1778370240.0,93.07,93.08,93.06,93.07,413.369
1778370300.0,93.07,93.07,93.06,93.06,175.55
1778370360.0,93.07,93.07,93.05,93.07,1198.528
1778370420.0,93.08,93.08,93.07,93.08,113.643
1778370480.0,93.08,93.11,93.07,93.11,153.71
1778370540.0,93.1,93.16,93.1,93.16,289.29
1778370600.0,93.16,93.17,93.15,93.17,349.626
1778370660.0,93.17,93.19,93.16,93.18,603.705
1778370720.0,93.17,93.18,93.16,93.17,237.332
1778370780.0,93.17,93.17,93.16,93.17,125.366
1778370840.0,93.17,93.2,93.17,93.2,621.964
1778370900.0,93.2,93.2,93.19,93.2,131.13
1778370960.0,93.2,93.2,93.16,93.17,290.821
1778371020.0,93.18,93.18,93.16,93.17,91.39
1778371080.0,93.16,93.17,93.15,93.15,106.453
1778371140.0,93.15,93.17,93.13,93.13,1294.912
1778371200.0,93.12,93.13,93.08,93.12,635.195
1778371260.0,93.12,93.15,93.12,93.14,272.817
1778371320.0,93.14,93.18,93.13,93.13,777.681
1778371380.0,93.14,93.14,93.03,93.05,498.634
1778371440.0,93.04,93.05,92.99,92.99,2475.555
1778371500.0,92.99,93.02,92.97,92.99,4896.821
1778371560.0,92.99,93.02,92.98,92.98,606.534
1778371620.0,92.99,92.99,92.92,92.97,1047.941
1778371680.0,92.97,93.0,92.94,93.0,1644.086
1778371740.0,93.0,93.08,93.0,93.08,1429.773
1778371800.0,93.08,93.13,93.07,93.12,927.587
1778371860.0,93.12,93.16,93.12,93.15,1152.776
1778371920.0,93.16,93.16,93.14,93.16,441.517
1778371980.0,93.16,93.19,93.15,93.18,437.476
1778372040.0,93.19,93.19,93.17,93.17,637.108
1778372100.0,93.17,93.2,93.15,93.19,686.703
1778372160.0,93.2,93.2,93.14,93.15,291.871
1778372220.0,93.15,93.17,93.14,93.14,632.187
1778372280.0,93.14,93.15,93.14,93.15,150.55
1778372340.0,93.14,93.22,93.14,93.21,632.302
1778372400.0,93.21,93.26,93.2,93.25,573.89
1778372460.0,93.26,93.3,93.23,93.3,740.879
1778372520.0,93.29,93.33,93.28,93.31,1673.783
1778372580.0,93.31,93.32,93.29,93.32,460.589
1778372640.0,93.31,93.34,93.26,93.27,2943.403
1778372700.0,93.26,93.27,93.2,93.21,585.171
1778372760.0,93.2,93.21,93.15,93.16,1551.613
1778372820.0,93.16,93.21,93.16,93.2,703.665
1778372880.0,93.19,93.22,93.19,93.22,333.521
1778372940.0,93.22,93.23,93.18,93.19,325.255
1778373000.0,93.18,93.18,93.13,93.13,1420.664
1778373060.0,93.13,93.14,93.06,93.06,261.523
1778373120.0,93.07,93.09,93.03,93.04,494.291
1778373180.0,93.04,93.12,93.04,93.09,2240.619
1778373240.0,93.09,93.13,93.09,93.13,252.294
1778373300.0,93.12,93.14,93.1,93.1,349.236
1778373360.0,93.1,93.15,93.1,93.13,313.171
1778373420.0,93.12,93.12,93.09,93.1,354.881
1778373480.0,93.09,93.09,93.05,93.05,1055.758
1778373540.0,93.05,93.08,93.01,93.08,1779.648
1778373600.0,93.08,93.08,93.0,93.04,2028.762
1778373660.0,93.04,93.06,93.03,93.05,700.025
1778373720.0,93.05,93.1,93.05,93.09,771.07
1778373780.0,93.09,93.14,93.09,93.12,730.68
1778373840.0,93.11,93.11,93.05,93.05,811.632
1778373900.0,93.04,93.06,93.01,93.01,370.059
1778373960.0,93.0,93.08,92.95,93.05,3042.216
1778374020.0,93.04,93.04,92.96,93.0,1336.15
1778374080.0,93.0,93.04,92.99,93.03,338.7
1778374140.0,93.02,93.03,92.99,93.01,501.013
1778374200.0,93.02,93.02,92.96,92.97,331.918
1778374260.0,92.96,93.02,92.95,92.98,937.144
1778374320.0,92.97,92.99,92.97,92.99,2195.344
1778374380.0,92.98,93.01,92.96,92.96,517.064
1778374440.0,92.95,92.98,92.94,92.98,229.014
1778374500.0,92.98,92.99,92.94,92.98,836.543
1778374560.0,92.98,93.0,92.97,93.0,494.823
1778374620.0,92.99,93.03,92.99,93.02,120.459
1778374680.0,93.03,93.03,92.95,93.0,1083.976
1778374740.0,93.0,93.03,93.0,93.03,554.68
1778374800.0,93.03,93.03,92.96,92.96,275.817
1778374860.0,92.96,92.97,92.9,92.92,1370.236
1778374920.0,92.93,92.93,92.87,92.93,3471.464
1778374980.0,92.92,92.95,92.87,92.95,587.689
1778375040.0,92.95,92.97,92.94,92.96,415.805
1778375100.0,92.96,92.96,92.88,92.88,508.116
1778375160.0,92.88,92.88,92.85,92.87,351.388
1778375220.0,92.87,92.89,92.84,92.87,1578.139
1778375280.0,92.86,92.94,92.83,92.94,3216.956
1778375340.0,92.94,92.95,92.91,92.91,363.436
1778375400.0,92.92,92.92,92.85,92.86,224.686
1778375460.0,92.86,92.89,92.86,92.89,277.965
1778375520.0,92.89,92.92,92.87,92.89,491.109
1778375580.0,92.88,92.89,92.84,92.85,688.217
1778375640.0,92.85,92.87,92.84,92.84,480.457
1778375700.0,92.85,92.85,92.78,92.79,2130.031
1778375760.0,92.79,92.79,92.73,92.78,1016.686
1778375820.0,92.78,92.82,92.77,92.81,370.063
1778375880.0,92.82,92.85,92.82,92.85,617.121
1778375940.0,92.85,92.9,92.79,92.79,941.744
1778376000.0,92.79,92.79,92.76,92.78,398.617
1778376060.0,92.77,92.83,92.76,92.83,560.638
1778376120.0,92.83,92.83,92.79,92.79,121.057
1778376180.0,92.8,92.8,92.71,92.72,1195.924
1778376240.0,92.71,92.71,92.62,92.63,1235.875
1778376300.0,92.64,92.68,92.61,92.62,2013.188
1778376360.0,92.62,92.66,92.6,92.6,1892.401
1778376420.0,92.61,92.64,92.6,92.62,491.236
1778376480.0,92.62,92.63,92.6,92.63,765.591
1778376540.0,92.62,92.66,92.62,92.65,284.519
1778376600.0,92.64,92.69,92.64,92.69,519.756
1778376660.0,92.69,92.73,92.67,92.73,612.79
1778376720.0,92.72,92.73,92.67,92.68,2152.855
1778376780.0,92.68,92.71,92.68,92.69,858.708
1778376840.0,92.7,92.84,92.7,92.75,5109.271
1778376900.0,92.74,92.77,92.74,92.76,1050.69
1778376960.0,92.75,92.76,92.69,92.73,575.031
1778377020.0,92.73,92.8,92.72,92.78,1118.234
1778377080.0,92.78,92.78,92.75,92.75,416.449
1778377140.0,92.75,92.76,92.72,92.72,699.116
1778377200.0,92.73,92.74,92.72,92.74,228.435
1778377260.0,92.74,92.77,92.73,92.76,191.517
1778377320.0,92.77,92.78,92.75,92.77,135.029
1778377380.0,92.78,92.79,92.77,92.78,148.054
1778377440.0,92.78,92.8,92.78,92.78,423.965
1778377500.0,92.78,92.81,92.77,92.79,1005.902
1778377560.0,92.8,92.81,92.79,92.8,166.797
1778377620.0,92.81,92.82,92.78,92.79,581.73
1778377680.0,92.8,92.82,92.79,92.8,130.97
1778377740.0,92.79,92.8,92.78,92.8,123.834
1778377800.0,92.79,92.88,92.79,92.86,905.168
1778377860.0,92.87,92.93,92.87,92.92,396.359
1778377920.0,92.92,92.96,92.91,92.93,1574.503
1778377980.0,92.94,92.94,92.9,92.9,454.578
1778378040.0,92.91,92.99,92.9,92.98,514.47
1778378100.0,92.97,92.98,92.95,92.96,546.596
1778378160.0,92.96,92.96,92.91,92.92,323.257
1778378220.0,92.93,92.93,92.92,92.93,175.088
1778378280.0,92.92,92.96,92.92,92.95,394.818
1778378340.0,92.95,92.97,92.95,92.97,227.623
1778378400.0,92.96,92.98,92.95,92.96,658.051
1778378460.0,92.95,92.96,92.82,92.83,544.447
1778378520.0,92.82,92.87,92.81,92.87,1113.038
1778378580.0,92.87,92.89,92.86,92.87,197.846
1778378640.0,92.86,92.92,92.86,92.91,448.769
1778378700.0,92.92,92.93,92.91,92.91,239.764
1778378760.0,92.91,92.98,92.91,92.96,600.946
1778378820.0,92.97,92.98,92.94,92.97,599.191
1778378880.0,92.97,92.97,92.9,92.91,267.907
1778378940.0,92.91,92.96,92.91,92.96,464.092
1778379000.0,92.96,92.99,92.95,92.97,1584.036
1778379060.0,92.97,92.97,92.87,92.87,869.952
1778379120.0,92.87,92.87,92.83,92.85,1444.788
1778379180.0,92.86,92.89,92.85,92.88,1335.581
1778379240.0,92.88,92.89,92.88,92.88,486.382
1778379300.0,92.89,92.9,92.88,92.9,906.38
1778379360.0,92.9,92.95,92.89,92.94,643.311
1778379420.0,92.95,92.99,92.95,92.97,1490.526
1778379480.0,92.97,92.97,92.9,92.92,399.934
1778379540.0,92.91,92.92,92.88,92.89,846.362
1778379600.0,92.88,92.92,92.87,92.92,3635.372
1778379660.0,92.92,92.95,92.9,92.94,1164.984
1778379720.0,92.94,92.96,92.94,92.96,60.653
1778379780.0,92.95,93.01,92.95,93.01,509.474
1778379840.0,93.01,93.06,93.0,93.04,2036.996
1778379900.0,93.04,93.08,93.01,93.08,1009.273
1778379960.0,93.07,93.08,93.05,93.07,436.909
1778380020.0,93.08,93.11,93.08,93.09,1497.866
1778380080.0,93.09,93.11,93.08,93.11,217.998
1778380140.0,93.11,93.11,93.06,93.07,1323.006
1778380200.0,93.07,93.07,93.0,93.0,856.777
1778380260.0,93.0,93.01,92.95,93.0,844.54
1778380320.0,93.0,93.03,93.0,93.03,696.795
1778380380.0,93.02,93.02,92.99,93.0,2900.648
1778380440.0,93.01,93.02,92.99,92.99,761.369
1778380500.0,93.0,93.05,93.0,93.04,175.99
1778380560.0,93.04,93.07,93.04,93.06,352.839
1778380620.0,93.07,93.08,93.04,93.04,1407.378
1778380680.0,93.04,93.06,93.01,93.02,832.66
1778380740.0,93.02,93.02,92.97,92.97,532.695
1778380800.0,92.97,92.98,92.95,92.96,1955.501
1778380860.0,92.96,92.98,92.95,92.98,383.013
1778380920.0,92.97,92.98,92.96,92.97,1231.402
1778380980.0,92.97,92.97,92.91,92.92,1176.17
1778381040.0,92.93,92.96,92.92,92.95,319.995
1778381100.0,92.96,92.97,92.9,92.91,8901.259
1778381160.0,92.91,92.98,92.9,92.96,2900.649
1778381220.0,92.96,92.99,92.96,92.99,417.25
1778381280.0,92.98,93.05,92.96,93.03,1023.258
1778381340.0,93.03,93.07,93.03,93.06,373.996
1778381400.0,93.07,93.08,93.05,93.06,427.818
1778381460.0,93.06,93.06,93.05,93.05,472.872
1778381520.0,93.06,93.06,92.98,92.99,1086.926
1778381580.0,92.99,92.99,92.95,92.97,504.892
1778381640.0,92.97,93.01,92.97,93.01,303.227
1778381700.0,93.0,93.0,92.93,92.94,1266.807
1778381760.0,92.94,92.95,92.91,92.91,2594.44
1778381820.0,92.91,93.1,92.82,93.07,22001.796
1778381880.0,93.08,93.1,93.06,93.08,2598.59
1778381940.0,93.09,93.09,93.0,93.04,4874.097
1778382000.0,93.05,93.06,93.01,93.01,566.205
1778382060.0,93.01,93.06,93.01,93.05,531.763
1778382120.0,93.06,93.13,93.06,93.12,740.562
1778382180.0,93.13,93.15,93.12,93.13,632.063
1778382240.0,93.13,93.18,93.13,93.16,749.273
1778382300.0,93.17,93.17,93.13,93.14,1115.605
1778382360.0,93.13,93.14,93.11,93.12,770.704
1778382420.0,93.13,93.15,93.11,93.14,234.522
1778382480.0,93.14,93.14,93.11,93.14,361.967
1778382540.0,93.15,93.15,93.13,93.14,340.429
1778382600.0,93.14,93.18,93.14,93.16,5243.842
1778382660.0,93.17,93.17,93.15,93.16,562.057
1778382720.0,93.16,93.17,93.15,93.17,694.664
1778382780.0,93.16,93.19,93.16,93.18,705.215
1778382840.0,93.18,93.2,93.17,93.17,882.056
1778382900.0,93.18,93.21,93.18,93.2,868.475
1778382960.0,93.2,93.2,93.19,93.2,210.262
1778383020.0,93.19,93.21,93.19,93.2,217.19
1778383080.0,93.21,93.21,93.19,93.21,499.163
1778383140.0,93.22,93.26,93.21,93.23,1503.193
1778383200.0,93.24,93.26,93.23,93.24,2236.319
1778383260.0,93.23,93.25,93.21,93.24,6937.63
1778383320.0,93.25,93.26,92.98,93.13,9684.222
1778383380.0,93.13,93.15,93.13,93.15,512.844
1778383440.0,93.14,93.16,93.14,93.16,200.172
1778383500.0,93.16,93.16,93.14,93.15,768.488
1778383560.0,93.14,93.15,93.09,93.09,608.745
1778383620.0,93.1,93.1,93.09,93.09,101.268
1778383680.0,93.1,93.13,93.09,93.13,670.715
1778383740.0,93.13,93.15,93.12,93.15,435.733
1778383800.0,93.16,93.19,93.12,93.13,304.305
1778383860.0,93.12,93.13,93.06,93.06,906.557
1778383920.0,93.06,93.15,93.06,93.15,797.71
1778383980.0,93.16,93.2,93.15,93.2,673.744
1778384040.0,93.19,93.22,93.17,93.21,1079.215
1778384100.0,93.21,93.24,93.21,93.24,97.208
1778384160.0,93.24,93.26,93.23,93.26,1223.843
1778384220.0,93.25,93.28,93.23,93.27,1745.281
1778384280.0,93.27,93.33,93.27,93.32,3733.788
1778384340.0,93.33,93.44,93.31,93.44,4137.271
1778384400.0,93.43,93.51,93.43,93.45,12394.611
1778384460.0,93.46,93.46,93.39,93.4,1338.745
1778384520.0,93.4,93.41,93.37,93.4,3035.233
1778384580.0,93.41,93.41,93.35,93.36,4013.943
1778384640.0,93.36,93.41,93.36,93.39,1980.886
1778384700.0,93.4,93.45,93.38,93.45,1601.399
1778384760.0,93.45,93.46,93.44,93.44,299.431
1778384820.0,93.45,93.49,93.45,93.45,1969.716
1778384880.0,93.45,93.47,93.43,93.46,1399.431
1778384940.0,93.46,93.47,93.43,93.47,1048.861
1778385000.0,93.47,93.49,93.44,93.46,5300.819
1778385060.0,93.46,93.48,93.43,93.46,19592.016
1778385120.0,93.46,93.46,93.44,93.45,578.994
1778385180.0,93.44,93.46,93.41,93.41,1274.05
1778385240.0,93.42,93.45,93.41,93.45,450.657
1778385300.0,93.44,93.45,93.43,93.45,537.125
1778385360.0,93.45,93.45,93.43,93.44,834.773
1778385420.0,93.45,93.45,93.44,93.44,456.468
1778385480.0,93.44,93.45,93.44,93.44,423.056
1778385540.0,93.45,93.46,93.42,93.42,1261.782
1778385600.0,93.41,93.45,93.41,93.45,569.732
1778385660.0,93.45,93.45,93.32,93.35,1486.664
1778385720.0,93.36,93.42,93.35,93.41,1690.201
1778385780.0,93.42,93.42,93.31,93.33,1973.369
1778385840.0,93.33,93.33,93.27,93.28,722.467
1778385900.0,93.28,93.33,93.27,93.33,315.881
1778385960.0,93.32,93.35,93.32,93.35,399.162
1778386020.0,93.34,93.34,93.3,93.31,525.673
1778386080.0,93.3,93.32,93.3,93.31,282.063
1778386140.0,93.32,93.36,93.32,93.36,358.786
1778386200.0,93.35,93.35,93.32,93.34,644.121
1778386260.0,93.33,93.34,93.28,93.28,410.388
1778386320.0,93.27,93.3,93.27,93.29,222.238
1778386380.0,93.28,93.32,93.28,93.32,404.411
1778386440.0,93.32,93.34,93.3,93.33,430.187
1778386500.0,93.34,93.39,93.33,93.39,1379.78
1778386560.0,93.38,93.46,93.38,93.44,755.363
1778386620.0,93.44,93.44,93.37,93.37,864.769
1778386680.0,93.38,93.38,93.35,93.36,430.888
1778386740.0,93.35,93.35,93.28,93.3,1658.789
1778386800.0,93.3,93.3,93.27,93.28,110.938
1778386860.0,93.27,93.29,93.27,93.28,145.822
1778386920.0,93.27,93.29,93.27,93.28,626.344
1778386980.0,93.28,93.28,93.24,93.25,1577.876
1778387040.0,93.25,93.26,93.24,93.25,300.189
1778387100.0,93.25,93.29,93.24,93.29,401.736
1778387160.0,93.29,93.31,93.29,93.31,395.2
1778387220.0,93.31,93.33,93.3,93.33,307.717
1778387280.0,93.32,93.33,93.29,93.29,494.301
1778387340.0,93.3,93.34,93.3,93.34,412.765
1778387400.0,93.34,93.36,93.33,93.35,347.379
1778387460.0,93.35,93.44,93.35,93.43,3085.423
1778387520.0,93.43,93.5,93.43,93.47,11939.498
1778387580.0,93.47,93.49,93.43,93.49,734.033
1778387640.0,93.48,93.5,93.44,93.44,1557.235
1778387700.0,93.44,93.48,93.44,93.47,264.258
1778387760.0,93.46,93.48,93.44,93.46,727.898
1778387820.0,93.46,93.46,93.44,93.44,502.726
1778387880.0,93.45,93.47,93.44,93.47,820.382
1778387940.0,93.47,93.47,93.44,93.46,314.555
1778388000.0,93.46,93.46,93.45,93.46,93.357
1778388060.0,93.45,93.48,93.45,93.48,306.269
1778388120.0,93.47,93.49,93.46,93.49,383.876
1778388180.0,93.48,93.48,93.41,93.42,339.333
1778388240.0,93.41,93.42,93.38,93.38,291.203
1778388300.0,93.38,93.38,93.31,93.36,492.372
1778388360.0,93.35,93.35,93.32,93.33,230.476
1778388420.0,93.34,93.36,93.34,93.36,297.778
1778388480.0,93.36,93.38,93.35,93.36,316.923
1778388540.0,93.37,93.37,93.35,93.36,192.808
1778388600.0,93.36,93.4,93.36,93.4,597.658
1778388660.0,93.39,93.44,93.39,93.43,510.501
1778388720.0,93.44,93.44,93.4,93.4,240.956
1778388780.0,93.41,93.44,93.4,93.4,410.889
1778388840.0,93.41,93.41,93.4,93.4,72.609
1778388900.0,93.41,93.43,93.41,93.41,458.318
1778388960.0,93.42,93.44,93.41,93.41,1088.364
1778389020.0,93.41,93.42,93.39,93.4,206.61
1778389080.0,93.4,93.4,93.38,93.39,102.11
1778389140.0,93.39,93.39,93.35,93.35,183.78
1778389200.0,93.36,93.36,93.3,93.31,279.412
1778389260.0,93.31,93.31,93.27,93.27,122.043
1778389320.0,93.28,93.28,93.24,93.26,545.462
1778389380.0,93.26,93.34,93.26,93.29,332.802
1778389440.0,93.29,93.33,93.29,93.32,213.174
1778389500.0,93.32,93.35,93.3,93.3,420.95
1778389560.0,93.31,93.31,93.28,93.28,127.693
1778389620.0,93.29,93.3,93.27,93.27,275.252
1778389680.0,93.27,93.29,93.26,93.29,280.277
1778389740.0,93.29,93.3,93.28,93.3,510.238
1778389800.0,93.3,93.33,93.3,93.33,432.759
1778389860.0,93.33,93.33,93.31,93.32,319.607
1778389920.0,93.32,93.33,93.3,93.31,543.023
1778389980.0,93.31,93.31,93.27,93.27,286.197
1778390040.0,93.28,93.33,93.27,93.33,1147.772
1778390100.0,93.33,93.41,93.33,93.41,507.488
1778390160.0,93.41,93.43,93.36,93.37,788.17
1778390220.0,93.37,93.38,93.34,93.38,297.451
1778390280.0,93.37,93.39,93.37,93.38,164.538
1778390340.0,93.39,93.4,93.37,93.38,286.452
1778390400.0,93.38,93.39,93.36,93.38,246.182
1778390460.0,93.38,93.38,93.33,93.37,676.089
1778390520.0,93.38,93.4,93.37,93.4,215.207
1778390580.0,93.4,93.45,93.4,93.45,400.438
1778390640.0,93.45,93.49,93.44,93.48,205.435
1778390700.0,93.48,93.49,93.44,93.44,682.922
1778390760.0,93.44,93.5,93.44,93.5,424.637
1778390820.0,93.5,93.5,93.48,93.49,211.384
1778390880.0,93.48,93.49,93.45,93.49,155.939
1778390940.0,93.48,93.49,93.45,93.45,148.968
1778391000.0,93.45,93.5,93.44,93.49,521.122
1778391060.0,93.49,93.5,93.46,93.49,331.392
1778391120.0,93.49,93.5,93.44,93.45,248.588
1778391180.0,93.45,93.45,93.41,93.43,621.718
1778391240.0,93.43,93.46,93.43,93.46,498.824
1778391300.0,93.46,93.46,93.43,93.44,463.999
1778391360.0,93.45,93.47,93.43,93.46,260.879
1778391420.0,93.47,93.47,93.42,93.44,322.329
1778391480.0,93.44,93.47,93.43,93.47,278.42
1778391540.0,93.47,93.47,93.44,93.45,92.654
1778391600.0,93.45,93.45,93.41,93.42,312.757
1778391660.0,93.42,93.42,93.4,93.42,1667.687
1778391720.0,93.42,93.42,93.39,93.4,1737.355
1778391780.0,93.4,93.42,93.39,93.41,252.325
1778391840.0,93.42,93.42,93.4,93.42,192.634
1778391900.0,93.41,93.42,93.37,93.39,320.934
1778391960.0,93.39,93.44,93.39,93.42,419.49
1778392020.0,93.42,93.44,93.4,93.4,497.971
1778392080.0,93.4,93.44,93.4,93.41,276.569
1778392140.0,93.4,93.41,93.36,93.4,1552.107
1778392200.0,93.39,93.4,93.33,93.34,1312.737
1778392260.0,93.35,93.35,93.31,93.32,2392.545
1778392320.0,93.32,93.34,93.31,93.34,118.183
1778392380.0,93.33,93.34,93.32,93.33,54.353
1778392440.0,93.33,93.34,93.31,93.32,279.441
1778392500.0,93.33,93.35,93.32,93.33,1275.405
1778392560.0,93.34,93.36,93.33,93.36,653.709
1778392620.0,93.36,93.36,93.33,93.35,363.322
1778392680.0,93.36,93.37,93.36,93.37,217.309
1778392740.0,93.37,93.37,93.33,93.34,344.537
1778392800.0,93.34,93.35,93.3,93.35,1079.482
1778392860.0,93.34,93.4,93.34,93.4,362.349
1778392920.0,93.4,93.4,93.38,93.39,141.375
1778392980.0,93.39,93.4,93.38,93.4,445.28
1778393040.0,93.4,93.43,93.37,93.37,367.326
1778393100.0,93.37,93.4,93.37,93.4,562.739
1778393160.0,93.39,93.4,93.38,93.39,113.291
1778393220.0,93.39,93.39,93.36,93.36,129.725
1778393280.0,93.37,93.38,93.36,93.38,409.039
1778393340.0,93.38,93.38,93.37,93.38,47.42
1778393400.0,93.38,93.38,93.35,93.36,117.071
1778393460.0,93.36,93.36,93.28,93.29,133.52
1778393520.0,93.29,93.34,93.28,93.33,210.525
1778393580.0,93.33,93.35,93.33,93.33,203.786
1778393640.0,93.33,93.36,93.33,93.36,93.113
1778393700.0,93.36,93.36,93.33,93.34,270.646
1778393760.0,93.34,93.35,93.33,93.33,303.776
1778393820.0,93.34,93.34,93.33,93.34,105.054
1778393880.0,93.34,93.35,93.32,93.34,497.972
1778393940.0,93.35,93.35,93.3,93.3,220.35
1778394000.0,93.29,93.3,93.28,93.29,103.915
1778394060.0,93.29,93.37,93.28,93.37,334.934
1778394120.0,93.36,93.39,93.36,93.39,525.366
1778394180.0,93.39,93.39,93.35,93.35,371.134
1778394240.0,93.36,93.36,93.34,93.35,82.918
1778394300.0,93.35,93.35,93.33,93.34,312.929
1778394360.0,93.34,93.34,93.25,93.25,392.478
1778394420.0,93.26,93.3,93.25,93.3,475.878
1778394480.0,93.29,93.3,93.27,93.29,731.911
1778394540.0,93.29,93.3,93.27,93.28,364.633
1778394600.0,93.28,93.28,93.27,93.28,260.398
1778394660.0,93.28,93.32,93.27,93.32,735.072
1778394720.0,93.32,93.34,93.31,93.34,123.363
1778394780.0,93.34,93.34,93.32,93.33,138.951
1778394840.0,93.32,93.33,93.31,93.33,211.776
1778394900.0,93.33,93.35,93.33,93.34,165.868
1778394960.0,93.35,93.35,93.3,93.31,131.621
1778395020.0,93.31,93.37,93.3,93.37,1377.787
1778395080.0,93.37,93.39,93.36,93.36,265.595
1778395140.0,93.37,93.37,93.36,93.36,233.514
1778395200.0,93.36,93.36,93.3,93.33,363.972
1778395260.0,93.32,93.43,93.32,93.4,2776.76
1778395320.0,93.41,93.42,93.38,93.39,351.93
1778395380.0,93.39,93.41,93.37,93.39,498.776
1778395440.0,93.39,93.39,93.37,93.38,1106.351
1778395500.0,93.38,93.38,93.37,93.38,329.197
1778395560.0,93.39,93.39,93.38,93.39,82.988
1778395620.0,93.39,93.39,93.38,93.39,85.447
1778395680.0,93.39,93.39,93.37,93.38,1607.929
1778395740.0,93.37,93.41,93.37,93.4,4113.401
1778395800.0,93.4,93.42,93.4,93.42,475.13
1778395860.0,93.42,93.43,93.4,93.43,326.55
1778395920.0,93.42,93.42,93.41,93.42,166.09
1778395980.0,93.42,93.44,93.42,93.43,700.915
1778396040.0,93.44,93.46,93.43,93.43,672.633
1778396100.0,93.44,93.44,93.39,93.39,502.658
1778396160.0,93.39,93.41,93.39,93.4,186.849
1778396220.0,93.41,93.41,93.4,93.41,200.04
1778396280.0,93.41,93.41,93.39,93.4,609.46
1778396340.0,93.39,93.41,93.39,93.41,169.503
1778396400.0,93.41,93.46,93.4,93.45,1804.828
1778396460.0,93.46,93.5,93.46,93.5,456.902
1778396520.0,93.49,93.52,93.49,93.51,558.764
1778396580.0,93.52,93.63,93.52,93.56,9482.374
1778396640.0,93.56,93.57,93.5,93.5,679.556
1778396700.0,93.5,93.53,93.46,93.47,465.063
1778396760.0,93.47,93.57,93.47,93.56,1213.411
1778396820.0,93.56,93.56,93.52,93.52,688.369
1778396880.0,93.52,93.52,93.47,93.5,1153.515
1778396940.0,93.49,93.5,93.48,93.49,1105.108
1778397000.0,93.48,93.52,93.48,93.49,342.997
1778397060.0,93.49,93.49,93.48,93.48,176.204
1778397120.0,93.49,93.49,93.44,93.44,376.331
1778397180.0,93.45,93.45,93.44,93.45,246.241
1778397240.0,93.45,93.45,93.37,93.38,568.553
1778397300.0,93.38,93.44,93.38,93.44,1093.713
1778397360.0,93.44,93.46,93.43,93.44,787.214
1778397420.0,93.43,93.48,93.43,93.48,387.949
1778397480.0,93.47,93.49,93.47,93.48,274.474
1778397540.0,93.49,93.5,93.47,93.47,337.081
1778397600.0,93.48,93.49,93.47,93.49,134.509
1778397660.0,93.49,93.54,93.48,93.54,272.401
1778397720.0,93.54,93.59,93.53,93.59,212.019
1778397780.0,93.59,93.59,93.55,93.56,1320.109
1778397840.0,93.55,93.57,93.54,93.57,320.588
1778397900.0,93.56,93.57,93.56,93.57,111.65
1778397960.0,93.57,93.6,93.56,93.57,1389.637
1778398020.0,93.57,93.57,93.54,93.54,476.473
1778398080.0,93.54,93.55,93.54,93.54,140.734
1778398140.0,93.55,93.55,93.53,93.54,229.979
1778398200.0,93.54,93.55,93.5,93.51,765.894
1778398260.0,93.5,93.51,93.5,93.51,299.41
1778398320.0,93.51,93.55,93.51,93.51,579.779
1778398380.0,93.52,93.55,93.52,93.55,495.714
1778398440.0,93.55,93.55,93.54,93.54,379.509
1778398500.0,93.55,93.55,93.54,93.55,125.57
1778398560.0,93.55,93.55,93.54,93.54,291.92
1778398620.0,93.55,93.6,93.55,93.59,714.85
1778398680.0,93.6,93.61,93.58,93.59,1630.017
1778398740.0,93.59,93.62,93.58,93.58,1137.836
1778398800.0,93.59,93.59,93.55,93.56,261.862
1778398860.0,93.56,93.56,93.51,93.51,994.125
1778398920.0,93.52,93.52,93.47,93.47,473.612
1778398980.0,93.47,93.5,93.47,93.5,386.015
1778399040.0,93.5,93.53,93.48,93.53,881.358
1778399100.0,93.53,93.57,93.5,93.55,1002.317
1778399160.0,93.56,93.58,93.55,93.58,620.198
1778399220.0,93.58,93.59,93.56,93.58,996.898
1778399280.0,93.59,93.59,93.56,93.58,346.481
1778399340.0,93.58,93.59,93.55,93.55,677.077
1778399400.0,93.55,93.56,93.52,93.53,132.171
1778399460.0,93.52,93.53,93.51,93.52,231.355
1778399520.0,93.51,93.52,93.48,93.49,251.579
1778399580.0,93.49,93.49,93.46,93.47,268.201
1778399640.0,93.47,93.49,93.46,93.49,417.64
1778399700.0,93.48,93.51,93.48,93.49,451.212
1778399760.0,93.48,93.49,93.46,93.47,262.301
1778399820.0,93.46,93.47,93.45,93.46,254.228
1778399880.0,93.45,93.46,93.45,93.45,180.314
1778399940.0,93.46,93.47,93.45,93.46,802.926
1778400000.0,93.46,93.46,93.42,93.44,1739.124
1778400060.0,93.44,93.47,93.43,93.46,1047.756
1778400120.0,93.47,93.48,93.46,93.48,292.403
1778400180.0,93.47,93.52,93.47,93.52,146.31
1778400240.0,93.52,93.52,93.48,93.49,230.516
1778400300.0,93.49,93.52,93.48,93.51,306.611
1778400360.0,93.51,93.52,93.48,93.51,606.033
1778400420.0,93.52,93.56,93.51,93.55,424.571
1778400480.0,93.56,93.62,93.56,93.61,829.109
1778400540.0,93.62,93.94,93.6,93.9,27112.331
1778400600.0,93.89,94.09,93.88,93.9,10823.64
1778400660.0,93.91,93.92,93.83,93.85,754.943
1778400720.0,93.84,93.84,93.8,93.81,408.475
1778400780.0,93.8,93.81,93.78,93.8,300.169
1778400840.0,93.79,93.8,93.73,93.73,362.272
1778400900.0,93.74,93.75,93.7,93.7,749.248
1778400960.0,93.71,93.8,93.67,93.77,1710.618
1778401020.0,93.76,93.83,93.75,93.81,941.798
1778401080.0,93.82,93.83,93.8,93.82,1059.482
1778401140.0,93.83,93.83,93.77,93.78,537.558
1778401200.0,93.78,93.8,93.78,93.79,613.035
1778401260.0,93.78,93.84,93.78,93.82,459.295
1778401320.0,93.83,93.9,93.82,93.89,3006.156
1778401380.0,93.89,93.95,93.89,93.95,1064.911
1778401440.0,93.94,94.0,93.93,94.0,3858.778
1778401500.0,94.0,94.03,93.98,93.98,21631.2
1778401560.0,93.97,93.99,93.91,93.92,3026.427
1778401620.0,93.91,93.94,93.9,93.92,297.471
1778401680.0,93.91,93.96,93.89,93.9,939.689
1778401740.0,93.9,93.9,93.86,93.9,501.021
1778401800.0,93.89,94.0,93.89,93.99,2088.149
1778401860.0,93.98,94.0,93.95,94.0,1694.044
1778401920.0,93.99,93.99,93.93,93.93,696.681
1778401980.0,93.93,93.93,93.88,93.88,515.242
1778402040.0,93.88,93.89,93.84,93.88,1270.512
1778402100.0,93.88,93.95,93.88,93.92,238.662
1778402160.0,93.92,93.92,93.89,93.91,389.245
1778402220.0,93.91,93.91,93.88,93.89,899.886
1778402280.0,93.9,93.94,93.89,93.93,422.202
1778402340.0,93.94,93.96,93.93,93.94,348.871
1778402400.0,93.93,93.94,93.9,93.91,853.993
1778402460.0,93.91,93.92,93.9,93.91,350.028
1778402520.0,93.91,93.93,93.9,93.92,629.71
1778402580.0,93.91,93.94,93.91,93.94,693.307
1778402640.0,93.93,93.94,93.89,93.9,244.803
1778402700.0,93.9,93.9,93.88,93.9,142.631
1778402760.0,93.89,93.91,93.89,93.9,403.695
1778402820.0,93.9,93.97,93.9,93.96,450.745
1778402880.0,93.96,94.0,93.95,94.0,720.682
1778402940.0,94.01,94.04,94.01,94.01,1010.827
1778403000.0,94.02,94.02,93.97,93.99,323.019
1778403060.0,93.99,93.99,93.97,93.98,391.964
1778403120.0,93.97,94.02,93.97,94.02,2308.218
1778403180.0,94.01,94.03,94.0,94.02,221.128
1778403240.0,94.02,94.05,93.98,94.05,5226.751
1778403300.0,94.06,94.07,94.03,94.03,1615.93
1778403360.0,94.04,94.06,94.03,94.06,1068.435
1778403420.0,94.06,94.06,94.01,94.02,772.035
1778403480.0,94.02,94.04,94.01,94.04,325.383
1778403540.0,94.04,94.06,94.03,94.06,433.365
1778403600.0,94.06,94.58,94.06,94.36,27960.149
1778403660.0,94.37,94.53,94.32,94.44,4709.377
1778403720.0,94.43,94.64,94.43,94.61,19114.49
1778403780.0,94.61,94.8,94.57,94.61,13926.206
1778403840.0,94.61,94.76,94.58,94.72,2418.35
1778403900.0,94.71,94.72,94.58,94.61,4578.101
1778403960.0,94.62,94.65,94.56,94.56,898.172
1778404020.0,94.55,94.56,94.48,94.49,5800.004
1778404080.0,94.5,94.57,94.49,94.57,1189.395
1778404140.0,94.56,94.62,94.56,94.59,2841.916
1778404200.0,94.59,94.59,94.47,94.48,1396.592
1778404260.0,94.48,94.52,94.41,94.45,1416.195
1778404320.0,94.45,94.52,94.42,94.49,1562.815
1778404380.0,94.48,94.49,94.42,94.49,856.383
1778404440.0,94.48,94.5,94.47,94.48,437.252
1778404500.0,94.47,94.49,94.44,94.45,695.152
1778404560.0,94.45,94.45,94.4,94.41,443.798
1778404620.0,94.4,94.41,94.34,94.39,3025.224
1778404680.0,94.38,94.52,94.38,94.52,1343.832
1778404740.0,94.52,94.53,94.51,94.51,936.533
1778404800.0,94.5,94.51,94.36,94.39,1997.907
1778404860.0,94.38,94.41,94.37,94.4,1218.435
1778404920.0,94.39,94.44,94.39,94.4,1793.879
1778404980.0,94.4,94.41,94.36,94.37,905.757
1778405040.0,94.37,94.44,94.37,94.44,1367.897
1778405100.0,94.45,94.54,94.44,94.54,800.123
1778405160.0,94.53,94.56,94.5,94.51,895.185
1778405220.0,94.51,94.53,94.5,94.5,827.849
1778405280.0,94.5,94.51,94.48,94.49,761.906
1778405340.0,94.49,94.53,94.49,94.52,766.308
1778405400.0,94.52,94.54,94.49,94.54,795.888
1778405460.0,94.53,94.54,94.53,94.54,690.046
1778405520.0,94.54,94.54,94.53,94.53,993.727
1778405580.0,94.53,94.54,94.48,94.54,823.862
1778405640.0,94.53,94.64,94.51,94.52,1804.618
1778405700.0,94.51,94.51,94.38,94.41,2508.802
1778405760.0,94.41,94.41,94.33,94.34,966.692
1778405820.0,94.34,94.35,94.31,94.34,971.741
1778405880.0,94.34,94.39,94.32,94.39,1042.501
1778405940.0,94.39,94.46,94.36,94.46,949.468
1778406000.0,94.45,94.46,94.43,94.44,264.511
1778406060.0,94.44,94.44,94.39,94.41,699.716
1778406120.0,94.4,94.4,94.35,94.37,1120.347
1778406180.0,94.38,94.4,94.36,94.36,640.087
1778406240.0,94.36,94.36,94.21,94.31,5969.988
1778406300.0,94.31,94.34,94.31,94.33,662.015
1778406360.0,94.33,94.34,94.3,94.3,826.176
1778406420.0,94.31,94.39,94.3,94.37,3055.718
1778406480.0,94.37,94.46,94.36,94.45,1570.315
1778406540.0,94.45,94.45,94.4,94.43,1180.877
1778406600.0,94.42,94.43,94.4,94.43,790.223
1778406660.0,94.43,94.43,94.41,94.41,644.889
1778406720.0,94.41,94.42,94.38,94.39,2992.414
1778406780.0,94.39,94.39,94.29,94.3,1378.569
1778406840.0,94.31,94.32,94.27,94.32,949.174
1778406900.0,94.32,94.36,94.27,94.35,4245.47
1778406960.0,94.35,94.36,94.3,94.34,1217.336
1778407020.0,94.34,94.37,94.33,94.33,415.721
1778407080.0,94.34,94.36,94.33,94.34,1251.014
1778407140.0,94.34,94.34,94.28,94.3,2864.955
1778407200.0,94.31,94.34,94.3,94.34,647.826
1778407260.0,94.34,94.37,94.33,94.34,1186.165
1778407320.0,94.33,94.34,94.29,94.3,526.897
1778407380.0,94.3,94.3,94.18,94.21,2667.776
1778407440.0,94.22,94.22,94.03,94.08,5042.573
1778407500.0,94.09,94.14,94.07,94.11,2098.059
1778407560.0,94.12,94.2,94.03,94.12,4955.548
1778407620.0,94.12,94.12,93.97,93.98,5280.127
1778407680.0,93.98,94.03,93.93,94.01,3789.773
1778407740.0,94.01,94.08,93.93,94.03,4089.423
1778407800.0,94.04,94.04,93.98,93.99,512.064
1778407860.0,93.99,93.99,93.92,93.95,2137.2
1778407920.0,93.95,93.98,93.94,93.97,468.096
1778407980.0,93.98,93.98,93.84,93.84,2155.767
1778408040.0,93.84,93.85,93.8,93.82,1398.594
1778408100.0,93.82,93.83,93.79,93.8,1386.691
1778408160.0,93.8,93.8,93.59,93.7,12423.269
1778408220.0,93.7,93.75,93.68,93.72,1468.103
1778408280.0,93.71,93.74,93.65,93.69,1446.934
1778408340.0,93.68,93.72,93.64,93.65,1224.962
1778408400.0,93.65,93.78,93.63,93.77,1702.721
1778408460.0,93.77,93.77,93.73,93.73,1217.639
1778408520.0,93.74,93.76,93.73,93.76,347.086
1778408580.0,93.76,93.79,93.75,93.79,321.032
1778408640.0,93.79,93.84,93.77,93.84,418.102
1778408700.0,93.84,93.87,93.79,93.79,2324.463
1778408760.0,93.79,93.8,93.77,93.79,538.013
1778408820.0,93.8,93.81,93.79,93.79,1743.753
1778408880.0,93.8,93.84,93.8,93.8,1475.621
1778408940.0,93.81,93.83,93.8,93.82,798.665
1778409000.0,93.83,93.84,93.81,93.83,318.817
1778409060.0,93.84,93.84,93.8,93.81,4034.282
1778409120.0,93.8,93.81,93.74,93.75,2711.206
1778409180.0,93.74,93.86,93.74,93.85,2790.583
1778409240.0,93.85,93.9,93.81,93.81,1307.245
1778409300.0,93.82,93.84,93.81,93.81,773.647
1778409360.0,93.82,93.82,93.76,93.77,598.467
1778409420.0,93.76,93.8,93.75,93.8,557.074
1778409480.0,93.8,93.8,93.74,93.78,624.708
1778409540.0,93.78,93.81,93.77,93.8,2397.222
1778409600.0,93.81,93.83,93.79,93.82,5172.669
1778409660.0,93.83,93.83,93.79,93.81,3778.752
1778409720.0,93.82,93.82,93.77,93.79,2968.617
1778409780.0,93.79,93.81,93.77,93.77,816.543
1778409840.0,93.78,93.81,93.76,93.8,997.626
1778409900.0,93.79,93.81,93.78,93.81,1097.816
1778409960.0,93.8,93.82,93.8,93.82,322.977
1778410020.0,93.81,93.82,93.78,93.79,497.831
1778410080.0,93.79,93.81,93.78,93.8,767.006
1778410140.0,93.81,93.81,93.66,93.71,4955.431
1778410200.0,93.71,93.77,93.71,93.76,530.48
1778410260.0,93.76,93.79,93.73,93.79,1177.418
1778410320.0,93.79,93.87,93.78,93.86,1765.902
1778410380.0,93.86,93.95,93.86,93.87,1482.297
1778410440.0,93.87,93.9,93.87,93.88,681.228
1778410500.0,93.87,93.88,93.86,93.88,168.219
1778410560.0,93.88,93.89,93.87,93.87,247.761
1778410620.0,93.88,93.89,93.87,93.89,704.414
1778410680.0,93.89,93.9,93.88,93.89,404.416
1778410740.0,93.89,93.89,93.86,93.87,674.504
1778410800.0,93.86,93.87,93.83,93.84,295.443
1778410860.0,93.84,93.91,93.84,93.91,1093.89
1778410920.0,93.91,94.02,93.9,93.99,2633.37
1778410980.0,93.98,94.0,93.96,93.99,711.523
1778411040.0,93.99,93.99,93.9,93.91,1119.564
1778411100.0,93.9,93.92,93.89,93.91,364.09
1778411160.0,93.9,93.92,93.89,93.92,237.4
1778411220.0,93.92,93.94,93.9,93.91,291.781
1778411280.0,93.91,93.91,93.83,93.83,1266.322
1778411340.0,93.83,93.85,93.8,93.8,469.721
1778411400.0,93.81,93.84,93.76,93.83,580.024
1778411460.0,93.82,93.84,93.79,93.8,506.102
1778411520.0,93.8,93.84,93.8,93.83,245.38
1778411580.0,93.83,93.9,93.83,93.86,1027.83
1778411640.0,93.87,93.87,93.8,93.81,962.564
1778411700.0,93.81,93.83,93.8,93.83,282.817
1778411760.0,93.82,93.84,93.82,93.84,506.517
1778411820.0,93.83,93.84,93.81,93.82,235.517
1778411880.0,93.82,93.82,93.7,93.71,1280.796
1778411940.0,93.71,93.71,93.61,93.61,5648.015
1778412000.0,93.62,93.62,93.53,93.53,3869.894
1778412060.0,93.53,93.58,93.4,93.43,8738.797
1778412120.0,93.42,93.43,93.08,93.15,19316.858
1778412180.0,93.16,93.2,92.91,93.13,23487.087
1778412240.0,93.13,93.27,93.12,93.27,2208.602
1778412300.0,93.26,93.29,93.2,93.28,6727.696
1778412360.0,93.28,93.29,93.23,93.27,829.837
1778412420.0,93.27,93.32,93.24,93.31,1010.317
1778412480.0,93.3,93.36,93.3,93.36,609.774
1778412540.0,93.36,93.37,93.31,93.32,663.325
1778412600.0,93.31,93.37,93.3,93.35,2812.528
1778412660.0,93.36,93.36,93.31,93.36,1323.072
1778412720.0,93.36,93.38,93.33,93.36,1413.675
1778412780.0,93.36,93.36,93.31,93.34,757.642
1778412840.0,93.34,93.36,93.32,93.36,4607.401
1778412900.0,93.35,93.37,93.34,93.34,349.262
1778412960.0,93.34,93.35,93.26,93.31,4928.279
1778413020.0,93.31,93.31,93.26,93.27,1996.679
1778413080.0,93.28,93.29,93.27,93.27,205.473
1778413140.0,93.27,93.33,93.26,93.32,2670.051
1778413200.0,93.32,93.32,93.26,93.27,1666.383
1778413260.0,93.27,93.28,93.23,93.24,287.65
1778413320.0,93.24,93.33,93.23,93.33,1079.169
1778413380.0,93.33,93.36,93.32,93.36,1965.474
1778413440.0,93.36,93.41,93.34,93.34,604.674
1778413500.0,93.35,93.35,93.34,93.35,94.647
1778413560.0,93.36,93.51,93.35,93.43,5677.864
1778413620.0,93.43,93.44,93.39,93.4,1201.025
1778413680.0,93.4,93.4,93.38,93.4,1117.658
1778413740.0,93.39,93.41,93.39,93.4,163.744
1778413800.0,93.39,93.4,93.38,93.39,1345.585
1778413860.0,93.4,93.44,93.4,93.41,982.014
1778413920.0,93.41,93.44,93.41,93.42,653.405
1778413980.0,93.42,93.44,93.41,93.44,435.679
1778414040.0,93.44,93.45,93.42,93.44,729.113
1778414100.0,93.45,93.46,93.43,93.45,614.619
1778414160.0,93.46,93.62,93.44,93.54,8216.659
1778414220.0,93.53,93.54,93.51,93.52,404.594
1778414280.0,93.52,93.52,93.49,93.52,739.458
1778414340.0,93.52,93.58,93.51,93.55,617.81
1778414400.0,93.56,93.62,93.53,93.54,1915.179
1778414460.0,93.53,93.54,93.5,93.5,384.994
1778414520.0,93.5,93.51,93.42,93.42,2039.246
1778414580.0,93.43,93.43,93.37,93.4,907.192
1778414640.0,93.4,93.45,93.4,93.44,650.732
1778414700.0,93.45,93.45,93.38,93.38,966.672
1778414760.0,93.37,93.42,93.37,93.41,361.425
1778414820.0,93.4,93.42,93.4,93.41,237.976
1778414880.0,93.41,93.44,93.41,93.43,205.672
1778414940.0,93.43,93.44,93.39,93.39,481.602
1778415000.0,93.39,93.43,93.37,93.43,755.774
1778415060.0,93.43,93.46,93.42,93.45,617.022
1778415120.0,93.45,93.45,93.43,93.44,203.95
1778415180.0,93.43,93.46,93.43,93.45,171.28
1778415240.0,93.45,93.5,93.42,93.48,1144.358
1778415300.0,93.48,93.51,93.48,93.51,415.625
1778415360.0,93.5,93.53,93.48,93.51,408.56
1778415420.0,93.5,93.52,93.48,93.5,166.723
1778415480.0,93.49,93.49,93.46,93.46,267.049
1778415540.0,93.45,93.46,93.38,93.41,1419.976
1778415600.0,93.41,93.43,93.4,93.43,478.278
1778415660.0,93.43,93.43,93.39,93.4,490.578
1778415720.0,93.39,93.4,93.37,93.38,298.725
1778415780.0,93.38,93.41,93.37,93.41,159.897
1778415840.0,93.4,93.44,93.39,93.44,793.238
1778415900.0,93.44,93.47,93.35,93.36,1560.906
1778415960.0,93.35,93.35,93.32,93.33,402.066
1778416020.0,93.32,93.46,93.31,93.43,2222.805
1778416080.0,93.43,93.43,93.37,93.38,344.577
1778416140.0,93.38,93.39,93.36,93.38,269.226
1778416200.0,93.39,93.39,93.36,93.37,266.166
1778416260.0,93.37,93.41,93.35,93.4,666.678
1778416320.0,93.39,93.5,93.39,93.43,6124.481
1778416380.0,93.43,93.44,93.41,93.42,668.389
1778416440.0,93.42,93.42,93.35,93.35,763.416
1778416500.0,93.35,93.35,93.31,93.34,1013.891
1778416560.0,93.34,93.36,93.33,93.35,446.194
1778416620.0,93.34,93.34,93.32,93.32,599.738
1778416680.0,93.32,93.33,93.32,93.33,253.264
1778416740.0,93.33,93.39,93.31,93.39,1241.714
1778416800.0,93.39,93.39,93.34,93.35,967.682
1778416860.0,93.35,93.37,93.34,93.36,140.968
1778416920.0,93.36,93.36,93.34,93.35,391.214
1778416980.0,93.35,93.35,93.33,93.35,264.274
1778417040.0,93.36,93.39,93.35,93.39,772.516
1778417100.0,93.39,93.42,93.39,93.42,692.485
1778417160.0,93.42,93.45,93.4,93.41,901.317
1778417220.0,93.4,93.46,93.4,93.45,845.008
1778417280.0,93.45,93.46,93.39,93.42,1756.219
1778417340.0,93.41,93.44,93.41,93.41,474.543
1778417400.0,93.41,93.44,93.39,93.39,606.688
1778417460.0,93.39,93.39,93.32,93.34,907.414
1778417520.0,93.34,93.37,93.34,93.36,544.633
1778417580.0,93.36,93.37,93.34,93.35,238.046
1778417640.0,93.34,93.34,93.31,93.34,1038.108
1778417700.0,93.35,93.36,93.34,93.34,1317.025
1778417760.0,93.33,93.34,93.33,93.33,329.932
1778417820.0,93.34,93.34,93.3,93.31,319.255
1778417880.0,93.3,93.32,93.2,93.23,2682.922
1778417940.0,93.22,93.34,93.22,93.32,1777.704
1778418000.0,93.31,93.33,93.26,93.32,1150.555
1778418060.0,93.31,93.36,93.31,93.35,527.911
1778418120.0,93.35,93.4,93.35,93.35,1938.142
1778418180.0,93.35,93.37,93.34,93.36,541.173
1778418240.0,93.36,93.39,93.35,93.35,824.094
1778418300.0,93.36,93.36,93.34,93.35,354.579
1778418360.0,93.34,93.34,93.25,93.26,1163.289
1778418420.0,93.26,93.26,93.24,93.25,234.16
1778418480.0,93.26,93.5,93.26,93.4,7124.58
1778418540.0,93.39,93.42,93.37,93.39,1453.779
1778418600.0,93.39,93.44,93.38,93.43,872.852
1778418660.0,93.42,93.43,93.36,93.36,1949.348
1778418720.0,93.36,93.4,93.34,93.4,611.514
1778418780.0,93.4,93.42,93.39,93.42,466.811
1778418840.0,93.41,93.5,93.41,93.43,4493.674
1778418900.0,93.42,93.47,93.41,93.47,984.169
1778418960.0,93.48,93.48,93.41,93.43,1788.018
1778419020.0,93.42,93.44,93.38,93.43,1054.616
1778419080.0,93.44,93.46,93.43,93.45,429.305
1778419140.0,93.46,93.52,93.44,93.5,5404.476
1778419200.0,93.5,93.52,93.48,93.51,679.515
1778419260.0,93.51,93.61,93.51,93.61,2548.803
1778419320.0,93.6,93.6,93.56,93.59,1148.208
1778419380.0,93.6,93.7,93.59,93.69,3681.991
1778419440.0,93.69,93.73,93.67,93.73,5200.213
1778419500.0,93.73,93.76,93.7,93.75,1960.381
1778419560.0,93.74,93.78,93.74,93.78,653.311
1778419620.0,93.77,93.78,93.68,93.68,2253.178
1778419680.0,93.68,93.7,93.67,93.68,1461.478
1778419740.0,93.68,93.71,93.65,93.67,1614.815
1778419800.0,93.68,93.68,93.6,93.61,1103.364
1778419860.0,93.6,93.67,93.6,93.64,1292.93
1778419920.0,93.64,93.65,93.62,93.63,1048.226
1778419980.0,93.63,93.72,93.63,93.72,1159.639
1778420040.0,93.72,93.79,93.71,93.77,1075.428
1778420100.0,93.77,93.77,93.73,93.73,515.579
1778420160.0,93.73,93.76,93.73,93.74,426.602
1778420220.0,93.73,93.76,93.73,93.75,642.086
1778420280.0,93.75,93.75,93.72,93.73,567.13
1778420340.0,93.72,93.74,93.7,93.71,394.4
1778420400.0,93.7,93.72,93.68,93.72,439.961
1778420460.0,93.71,93.75,93.68,93.72,1509.798
1778420520.0,93.72,93.73,93.72,93.72,403.216
1778420580.0,93.72,93.72,93.63,93.71,2771.16
1778420640.0,93.7,93.75,93.7,93.75,334.211
1778420700.0,93.74,93.75,93.7,93.71,711.409
1778420760.0,93.71,93.75,93.71,93.75,747.517
1778420820.0,93.75,93.82,93.74,93.81,1070.102
1778420880.0,93.8,93.8,93.78,93.78,826.928
1778420940.0,93.78,93.85,93.77,93.85,2252.27
1778421000.0,93.84,93.89,93.84,93.88,468.679
1778421060.0,93.89,93.89,93.84,93.85,1690.299
1778421120.0,93.86,93.92,93.86,93.92,840.113
1778421180.0,93.91,93.93,93.9,93.93,688.433
1778421240.0,93.93,93.94,93.87,93.87,646.997
1778421300.0,93.88,93.9,93.82,93.82,808.666
1778421360.0,93.82,93.82,93.75,93.78,1354.759
1778421420.0,93.78,93.81,93.78,93.8,438.921
1778421480.0,93.8,93.81,93.77,93.77,366.763
1778421540.0,93.78,93.8,93.74,93.77,1795.246
1778421600.0,93.76,93.82,93.76,93.82,552.903
1778421660.0,93.82,93.83,93.79,93.79,542.807
1778421720.0,93.8,93.86,93.8,93.86,603.628
1778421780.0,93.86,93.89,93.84,93.84,745.779
1778421840.0,93.85,93.89,93.84,93.84,702.019
1778421900.0,93.84,93.84,93.8,93.81,339.012
1778421960.0,93.81,93.81,93.73,93.8,1139.956
1778422020.0,93.81,93.81,93.73,93.74,582.464
1778422080.0,93.74,93.75,93.72,93.75,430.181
1778422140.0,93.75,93.83,93.74,93.83,804.838
1778422200.0,93.83,93.94,93.83,93.94,1091.511
1778422260.0,93.94,93.98,93.94,93.98,310.823
1778422320.0,93.98,93.98,93.88,93.95,1330.966
1778422380.0,93.94,93.95,93.84,93.85,917.434
1778422440.0,93.85,93.91,93.85,93.87,1406.611
1778422500.0,93.87,93.87,93.81,93.83,687.316
1778422560.0,93.82,93.85,93.82,93.84,382.901
1778422620.0,93.84,93.85,93.8,93.82,1024.017
1778422680.0,93.82,93.84,93.77,93.81,852.322
1778422740.0,93.82,93.88,93.82,93.87,864.496
1778422800.0,93.87,93.88,93.79,93.79,890.565
1778422860.0,93.79,93.8,93.74,93.74,513.317
1778422920.0,93.75,93.81,93.74,93.8,624.999
1778422980.0,93.8,93.85,93.8,93.84,1273.198
1778423040.0,93.84,93.84,93.81,93.81,743.421
1778423100.0,93.82,93.83,93.81,93.82,487.464
1778423160.0,93.83,93.83,93.76,93.77,404.777
1778423220.0,93.77,93.77,93.74,93.75,372.719
1778423280.0,93.74,93.76,93.72,93.72,1032.907
1778423340.0,93.72,93.75,93.7,93.74,720.246
1778423400.0,93.75,93.8,93.75,93.76,1107.997
1778423460.0,93.77,93.82,93.77,93.8,471.529
1778423520.0,93.81,93.92,93.8,93.91,1294.219
1778423580.0,93.92,94.02,93.91,94.01,2158.562
1778423640.0,94.01,94.01,93.96,93.97,758.029
1778423700.0,93.97,94.09,93.97,94.0,4294.727
1778423760.0,94.0,94.0,93.93,93.93,1508.092
1778423820.0,93.93,93.95,93.88,93.94,1039.8
1778423880.0,93.95,94.0,93.94,93.99,2212.297
1778423940.0,93.99,94.0,93.98,93.99,409.589
1778424000.0,93.99,94.13,93.99,94.07,4424.841
1778424060.0,94.07,94.09,94.01,94.01,1083.35
1778424120.0,94.01,94.02,93.97,93.98,1279.365
1778424180.0,93.99,94.02,93.96,93.97,1020.154
1778424240.0,93.96,93.97,93.93,93.94,978.6
1778424300.0,93.93,93.98,93.93,93.95,682.448
1778424360.0,93.94,93.96,93.87,93.87,1380.034
1778424420.0,93.87,93.87,93.71,93.71,3683.736
1778424480.0,93.71,93.74,93.68,93.71,1149.716
1778424540.0,93.71,93.76,93.69,93.76,1088.656
1778424600.0,93.76,93.9,93.74,93.86,2065.854
1778424660.0,93.87,93.91,93.85,93.91,1030.303
1778424720.0,93.9,93.94,93.86,93.93,699.084
1778424780.0,93.94,94.01,93.93,94.01,1604.372
1778424840.0,94.01,94.06,93.99,94.0,1488.445
1778424900.0,93.99,94.03,93.97,94.01,1357.24
1778424960.0,94.0,94.01,93.96,93.98,1295.004
1778425020.0,93.98,94.0,93.96,93.96,1278.409
1778425080.0,93.97,93.97,93.93,93.94,1073.585
1778425140.0,93.94,93.94,93.87,93.89,2613.493
1778425200.0,93.89,93.91,93.89,93.91,1158.378
1778425260.0,93.91,93.98,93.9,93.98,1647.192
1778425320.0,93.98,94.12,93.97,94.09,5842.386
1778425380.0,94.1,94.16,94.08,94.13,2243.183
1778425440.0,94.13,94.18,94.05,94.06,1774.01
1778425500.0,94.07,94.15,94.06,94.13,899.535
1778425560.0,94.14,94.18,94.13,94.15,1210.48
1778425620.0,94.14,94.17,94.13,94.14,948.539
1778425680.0,94.14,94.19,94.02,94.08,2176.83
1778425740.0,94.07,94.08,94.0,94.04,1026.301
1778425800.0,94.04,94.06,94.0,94.05,617.447
1778425860.0,94.05,94.12,94.01,94.11,2461.671
1778425920.0,94.11,94.11,94.07,94.09,461.308
1778425980.0,94.1,94.19,94.1,94.19,1671.611
1778426040.0,94.19,94.32,94.19,94.28,2644.989
1778426100.0,94.28,94.3,94.23,94.26,1276.824
1778426160.0,94.27,94.27,94.18,94.22,808.22
1778426220.0,94.21,94.25,94.21,94.24,434.193
1778426280.0,94.24,94.35,94.23,94.32,3341.934
1778426340.0,94.32,94.33,94.25,94.27,1058.968
1778426400.0,94.26,94.27,94.19,94.19,1642.004
1778426460.0,94.19,94.34,94.18,94.33,976.087
1778426520.0,94.34,94.41,94.34,94.36,2807.538
1778426580.0,94.35,94.37,94.34,94.37,789.972
1778426640.0,94.37,94.37,94.27,94.27,1348.72
1778426700.0,94.28,94.4,94.27,94.38,1553.212
1778426760.0,94.39,94.41,94.3,94.33,1540.566
1778426820.0,94.32,94.34,94.28,94.3,904.245
1778426880.0,94.3,94.32,94.24,94.31,2198.876
1778426940.0,94.32,94.39,94.32,94.36,1164.456
1778427000.0,94.35,94.49,94.35,94.44,5237.531
1778427060.0,94.44,94.5,94.39,94.5,1450.558
1778427120.0,94.49,94.5,94.47,94.49,1155.312
1778427180.0,94.49,94.51,94.44,94.45,1930.876
1778427240.0,94.44,94.47,94.39,94.42,1493.725
1778427300.0,94.43,94.43,94.41,94.41,630.473
1778427360.0,94.41,94.66,94.41,94.58,4681.249
1778427420.0,94.57,94.59,94.47,94.58,3214.691
1778427480.0,94.59,94.59,94.5,94.54,2429.738
1778427540.0,94.54,94.59,94.49,94.54,5470.829
1778427600.0,94.53,94.66,94.53,94.62,4093.534
1778427660.0,94.61,94.66,94.53,94.56,3505.888
1778427720.0,94.56,94.56,94.5,94.53,1762.032
1778427780.0,94.54,94.58,94.51,94.52,911.368
1778427840.0,94.52,94.6,94.51,94.58,1959.442
1778427900.0,94.57,94.63,94.5,94.62,1530.252
1778427960.0,94.63,94.67,94.56,94.66,4350.574
1778428020.0,94.67,94.73,94.5,94.61,5985.928
1778428080.0,94.6,94.62,94.52,94.53,825.94
1778428140.0,94.52,94.61,94.52,94.56,1037.153
1778428200.0,94.56,94.57,94.52,94.53,2285.23
1778428260.0,94.52,94.53,94.45,94.45,1663.285
1778428320.0,94.46,94.64,94.43,94.61,2805.561
1778428380.0,94.62,94.63,94.41,94.46,3607.704
1778428440.0,94.46,94.48,94.41,94.46,1595.825
1778428500.0,94.46,94.51,94.45,94.49,970.715
1778428560.0,94.5,94.53,94.49,94.5,1404.988
1778428620.0,94.5,94.54,94.49,94.54,736.379
1778428680.0,94.54,94.54,94.5,94.53,1128.179
1778428740.0,94.54,94.55,94.52,94.53,745.813
1778428800.0,94.53,94.58,94.4,94.44,2691.039
1778428860.0,94.44,94.46,94.39,94.45,2979.651
1778428920.0,94.45,94.5,94.39,94.4,11344.835
1778428980.0,94.4,94.49,94.39,94.49,886.658
1778429040.0,94.48,94.49,94.33,94.36,2288.811
1778429100.0,94.36,94.37,94.29,94.34,1327.647
1778429160.0,94.34,94.44,94.34,94.41,1321.221
1778429220.0,94.41,94.41,94.34,94.38,1423.694
1778429280.0,94.37,94.41,94.34,94.41,2255.04
1778429340.0,94.41,94.45,94.41,94.45,1592.271
1778429400.0,94.45,94.5,94.44,94.49,2991.576
1778429460.0,94.5,94.65,94.49,94.59,1759.447
1778429520.0,94.59,94.59,94.48,94.48,1037.498
1778429580.0,94.48,94.5,94.44,94.46,1515.154
1778429640.0,94.47,94.51,94.46,94.51,420.533
1778429700.0,94.51,94.52,94.36,94.37,2990.157
1778429760.0,94.37,94.37,94.34,94.35,1009.085
1778429820.0,94.35,94.37,94.24,94.24,2332.18
1778429880.0,94.24,94.28,94.2,94.28,2549.075
1778429940.0,94.27,94.34,94.27,94.3,1141.882
1778430000.0,94.31,94.34,94.3,94.32,676.092
1778430060.0,94.31,94.33,94.28,94.29,1739.575
1778430120.0,94.28,94.32,94.28,94.32,517.261
1778430180.0,94.32,94.34,94.3,94.31,756.805
1778430240.0,94.31,94.32,94.29,94.3,409.99
1778430300.0,94.29,94.3,94.18,94.2,3525.715
1778430360.0,94.19,94.35,94.19,94.35,2348.203
1778430420.0,94.35,94.37,94.32,94.37,1410.064
1778430480.0,94.37,94.44,94.37,94.4,3060.342
1778430540.0,94.41,94.43,94.33,94.36,2004.382
1778430600.0,94.37,94.44,94.37,94.43,2017.681
1778430660.0,94.43,94.45,94.35,94.38,1126.184
1778430720.0,94.38,94.42,94.38,94.41,926.816
1778430780.0,94.41,94.41,94.34,94.35,1065.262
1778430840.0,94.35,94.43,94.35,94.43,1112.485
1778430900.0,94.43,94.43,94.34,94.42,1329.524
1778430960.0,94.42,94.43,94.4,94.42,694.195
1778431020.0,94.42,94.48,94.42,94.48,1556.916
1778431080.0,94.48,94.54,94.47,94.5,2186.208
1778431140.0,94.5,94.61,94.47,94.59,1721.617
1778431200.0,94.6,94.85,94.59,94.85,7918.977
1778431260.0,94.86,94.86,94.64,94.7,3414.554
1778431320.0,94.69,94.75,94.68,94.72,1482.119
1778431380.0,94.72,94.77,94.72,94.77,848.779
1778431440.0,94.76,94.76,94.69,94.71,2923.671
1778431500.0,94.71,94.75,94.65,94.72,1213.13
1778431560.0,94.72,94.85,94.72,94.85,1770.841
1778431620.0,94.85,94.98,94.85,94.96,5931.811
1778431680.0,94.96,94.96,94.8,94.8,1460.267
1778431740.0,94.8,94.82,94.77,94.82,1305.824
1778431800.0,94.83,94.9,94.75,94.78,1680.012
1778431860.0,94.77,94.84,94.77,94.77,1195.967
1778431920.0,94.76,94.85,94.76,94.78,1743.157
1778431980.0,94.77,94.82,94.77,94.77,722.205
1778432040.0,94.77,94.79,94.75,94.77,1204.252
1778432100.0,94.77,94.82,94.77,94.78,1267.693
1778432160.0,94.79,94.83,94.77,94.78,1658.443
1778432220.0,94.79,94.88,94.79,94.84,7724.138
1778432280.0,94.83,94.88,94.82,94.85,1602.928
1778432340.0,94.86,94.93,94.83,94.84,1792.693
1778432400.0,94.84,94.91,94.84,94.9,692.341
1778432460.0,94.9,94.9,94.85,94.86,848.879
1778432520.0,94.85,94.87,94.84,94.86,824.474
1778432580.0,94.86,94.93,94.85,94.91,999.125
1778432640.0,94.91,95.2,94.91,95.14,33048.757
1778432700.0,95.13,95.22,95.08,95.19,5999.023
1778432760.0,95.19,95.19,95.0,95.07,6188.434
1778432820.0,95.07,95.11,95.04,95.09,1718.323
1778432880.0,95.08,95.11,95.03,95.04,1872.371
1778432940.0,95.05,95.08,94.93,94.95,2501.553
1778433000.0,94.96,95.04,94.95,95.04,1566.124
1778433060.0,95.04,95.07,95.02,95.07,1850.934
1778433120.0,95.07,95.21,95.03,95.11,6144.034
1778433180.0,95.12,95.38,95.11,95.3,25087.605
1778433240.0,95.29,95.31,95.18,95.22,4559.017
1778433300.0,95.22,95.37,95.18,95.24,7102.501
1778433360.0,95.24,95.34,95.19,95.2,3169.994
1778433420.0,95.19,95.22,95.17,95.21,2040.26
1778433480.0,95.22,95.43,95.22,95.41,2396.462
1778433540.0,95.41,95.45,95.33,95.44,4208.295
1778433600.0,95.45,95.6,95.44,95.6,4470.871
1778433660.0,95.6,95.91,95.58,95.89,14500.109
1778433720.0,95.89,95.89,95.73,95.79,4172.972
1778433780.0,95.8,95.9,95.76,95.78,16447.685
1778433840.0,95.77,95.83,95.76,95.8,1545.276
1778433900.0,95.8,95.81,95.73,95.76,1389.66
1778433960.0,95.76,95.83,95.7,95.83,1927.531
1778434020.0,95.82,95.85,95.77,95.8,1499.69
1778434080.0,95.8,95.93,95.79,95.89,1955.137
1778434140.0,95.9,95.99,95.85,95.93,2118.636
1778434200.0,95.93,96.16,95.92,96.08,16764.597
1778434260.0,96.08,96.14,96.0,96.06,4027.695
1778434320.0,96.05,96.05,95.81,95.82,5200.445
1778434380.0,95.82,95.92,95.81,95.91,2201.531
1778434440.0,95.91,95.93,95.81,95.82,1128.282
1778434500.0,95.82,95.85,95.75,95.8,1868.342
1778434560.0,95.81,95.83,95.66,95.66,3770.616
1778434620.0,95.67,95.7,95.65,95.68,753.045
1778434680.0,95.69,95.79,95.67,95.69,2408.793
1778434740.0,95.69,95.83,95.68,95.77,2800.42
1778434800.0,95.77,95.8,95.74,95.74,1570.913
1778434860.0,95.74,95.76,95.71,95.74,872.193
1778434920.0,95.74,95.88,95.73,95.84,5107.446
1778434980.0,95.84,95.87,95.78,95.78,1022.062
1778435040.0,95.79,95.95,95.78,95.95,1422.916
1778435100.0,95.95,95.95,95.73,95.73,1983.42
1778435160.0,95.72,95.78,95.7,95.78,612.679
1778435220.0,95.78,95.82,95.75,95.82,1132.68
1778435280.0,95.81,95.89,95.81,95.87,1828.424
1778435340.0,95.87,95.87,95.76,95.79,1180.492
1778435400.0,95.79,95.97,95.78,95.96,2356.279
1778435460.0,95.97,96.01,95.91,95.98,4955.257
1778435520.0,95.98,96.11,95.98,96.04,13375.219
1778435580.0,96.05,96.28,96.04,96.19,5685.209
1778435640.0,96.2,96.26,96.2,96.24,3023.126
1778435700.0,96.23,96.48,96.23,96.47,6130.566
1778435760.0,96.47,96.5,96.39,96.43,3921.913
1778435820.0,96.44,96.46,96.31,96.36,4018.199
1778435880.0,96.35,96.44,96.35,96.42,1529.311
1778435940.0,96.41,96.49,96.41,96.49,1913.83
1778436000.0,96.49,96.5,96.25,96.32,3940.131
1778436060.0,96.33,96.37,96.2,96.22,3073.535
1778436120.0,96.21,96.32,96.15,96.26,2986.271
1778436180.0,96.25,96.4,96.23,96.23,2616.725
1778436240.0,96.23,96.29,96.21,96.25,1745.653
1778436300.0,96.26,96.31,96.23,96.26,1966.491
1778436360.0,96.26,96.26,96.12,96.15,3892.209
1778436420.0,96.16,96.21,96.14,96.17,3311.646
1778436480.0,96.17,96.19,96.17,96.18,659.845
1778436540.0,96.17,96.24,96.16,96.24,1082.583
1778436600.0,96.25,96.31,96.24,96.28,647.572
1778436660.0,96.28,96.34,96.26,96.32,539.798
1778436720.0,96.32,96.49,96.3,96.49,3204.261
1778436780.0,96.48,96.5,96.39,96.49,4760.796
1778436840.0,96.49,96.69,96.49,96.65,6385.36
1778436900.0,96.66,96.67,96.61,96.63,2756.406
1778436960.0,96.63,96.65,96.53,96.53,2308.752
1778437020.0,96.52,96.55,96.45,96.52,3735.34
1778437080.0,96.52,96.6,96.47,96.48,2516.534
1778437140.0,96.47,96.5,96.41,96.5,3067.402
1778437200.0,96.5,96.58,96.47,96.58,1167.929
1778437260.0,96.59,96.85,96.59,96.75,5952.179
1778437320.0,96.75,96.81,96.69,96.7,1221.544
1778437380.0,96.71,96.71,96.6,96.6,545.165
1778437440.0,96.61,96.68,96.59,96.68,782.238
1778437500.0,96.68,97.0,96.66,96.74,29441.324
1778437560.0,96.74,96.77,96.7,96.74,1594.822
1778437620.0,96.74,96.75,96.61,96.64,2506.996
1778437680.0,96.64,96.65,96.57,96.63,3503.245
1778437740.0,96.62,96.64,96.61,96.61,605.992
1778437800.0,96.61,96.68,96.6,96.68,2355.646
1778437860.0,96.68,96.9,96.67,96.77,4000.486
1778437920.0,96.77,96.8,96.68,96.69,6138.776
1778437980.0,96.69,96.75,96.63,96.74,3565.952
1778438040.0,96.74,96.75,96.68,96.73,1812.381
1778438100.0,96.72,96.73,96.64,96.7,2730.532
1778438160.0,96.69,96.7,96.56,96.57,2960.836
1778438220.0,96.56,96.6,96.53,96.54,1086.909
1778438280.0,96.54,96.64,96.53,96.59,1591.825
1778438340.0,96.59,96.64,96.57,96.63,965.742
1778438400.0,96.64,96.7,96.64,96.68,1312.502
1778438460.0,96.68,96.73,96.68,96.73,1066.162
1778438520.0,96.73,96.74,96.57,96.57,1328.912
1778438580.0,96.56,96.62,96.52,96.61,1183.617
1778438640.0,96.62,96.67,96.58,96.58,3159.403
1778438700.0,96.58,96.67,96.58,96.66,1392.784
1778438760.0,96.66,96.69,96.64,96.66,1174.808
1778438820.0,96.65,96.65,96.58,96.59,705.736
1778438880.0,96.59,96.7,96.58,96.7,849.964
1778438940.0,96.71,96.77,96.71,96.75,1536.346
1778439000.0,96.75,96.76,96.63,96.65,1412.598
1778439060.0,96.65,96.68,96.56,96.57,474.168
1778439120.0,96.57,96.62,96.56,96.58,842.525
1778439180.0,96.58,96.59,96.58,96.59,144.096
1778439240.0,96.59,96.6,96.55,96.55,3422.149
1778439300.0,96.55,96.56,96.49,96.53,1717.618
1778439360.0,96.52,96.52,96.4,96.43,994.761
1778439420.0,96.42,96.46,96.42,96.43,677.549
1778439480.0,96.43,96.48,96.4,96.48,1047.061
1778439540.0,96.47,96.5,96.43,96.44,527.448
1778439600.0,96.43,96.43,96.07,96.1,4289.36
1778439660.0,96.1,96.11,95.82,95.82,5150.808
1778439720.0,95.82,95.87,95.75,95.77,5421.807
1778439780.0,95.78,95.93,95.76,95.86,3468.477
1778439840.0,95.86,95.95,95.84,95.94,1975.096
1778439900.0,95.95,96.13,95.95,96.08,1953.324
1778439960.0,96.08,96.12,95.99,96.06,3170.055
1778440020.0,96.06,96.06,96.02,96.03,963.488
1778440080.0,96.03,96.13,96.01,96.12,1617.396
1778440140.0,96.12,96.19,96.11,96.17,2403.423
1778440200.0,96.17,96.24,96.12,96.24,2361.738
1778440260.0,96.24,96.29,96.18,96.29,2424.036
1778440320.0,96.29,96.34,96.23,96.23,1944.33
1778440380.0,96.23,96.31,96.23,96.23,1009.597
1778440440.0,96.23,96.27,96.18,96.19,774.375
1778440500.0,96.18,96.29,96.15,96.28,1387.9
1778440560.0,96.28,96.5,96.28,96.41,3882.522
1778440620.0,96.41,96.41,96.31,96.39,1365.625
1778440680.0,96.4,96.4,96.33,96.39,790.773
1778440740.0,96.4,96.4,96.33,96.34,631.483
1778440800.0,96.34,96.38,96.33,96.35,590.427
1778440860.0,96.36,96.39,96.3,96.39,811.127
1778440920.0,96.39,96.43,96.39,96.42,426.311
1778440980.0,96.42,96.53,96.41,96.52,2022.824
1778441040.0,96.52,96.67,96.5,96.67,5239.595
1778441100.0,96.67,96.83,96.66,96.7,2955.301
1778441160.0,96.71,96.73,96.58,96.73,904.518
1778441220.0,96.72,96.75,96.64,96.68,1457.332
1778441280.0,96.68,96.86,96.66,96.85,1313.401
1778441340.0,96.85,96.88,96.79,96.81,3238.156
1778441400.0,96.8,96.88,96.77,96.8,1792.498
1778441460.0,96.8,96.82,96.75,96.78,1646.446
1778441520.0,96.77,96.86,96.75,96.85,1232.723
1778441580.0,96.86,96.87,96.7,96.7,1253.64
1778441640.0,96.69,96.75,96.66,96.74,730.569
1778441700.0,96.73,96.73,96.64,96.66,929.833
1778441760.0,96.65,96.69,96.61,96.65,934.429
1778441820.0,96.66,96.67,96.55,96.56,857.957
1778441880.0,96.56,96.58,96.46,96.46,1122.974
1778441940.0,96.46,96.51,96.46,96.51,487.444
1778442000.0,96.5,96.5,96.46,96.48,4414.811
1778442060.0,96.48,96.63,96.47,96.57,13118.045
1778442120.0,96.57,96.61,96.55,96.57,742.443
1778442180.0,96.57,96.61,96.56,96.58,960.176
1778442240.0,96.59,96.62,96.57,96.6,592.751
1778442300.0,96.59,96.65,96.59,96.61,629.03
1778442360.0,96.6,96.61,96.54,96.54,431.439
1778442420.0,96.53,96.62,96.52,96.56,481.706
1778442480.0,96.56,96.57,96.52,96.53,339.859
1778442540.0,96.53,96.53,96.45,96.49,700.996
1778442600.0,96.49,96.51,96.4,96.43,931.268
1778442660.0,96.43,96.44,96.27,96.33,939.142
1778442720.0,96.32,96.37,96.25,96.31,1699.349
1778442780.0,96.31,96.33,96.26,96.3,663.606
1778442840.0,96.3,96.31,96.28,96.3,704.588
1778442900.0,96.3,96.45,96.3,96.42,1216.786
1778442960.0,96.42,96.42,96.33,96.4,566.629
1778443020.0,96.41,96.49,96.4,96.44,1257.307
1778443080.0,96.45,96.49,96.43,96.48,504.557
1778443140.0,96.48,96.49,96.44,96.47,491.882
1778443200.0,96.47,96.53,96.47,96.48,740.685
1778443260.0,96.47,96.53,96.45,96.48,699.18
1778443320.0,96.49,96.5,96.37,96.4,1186.505
1778443380.0,96.4,96.47,96.39,96.44,553.146
1778443440.0,96.44,96.45,96.34,96.39,1609.382
1778443500.0,96.38,96.49,96.38,96.46,1743.357
1778443560.0,96.46,96.48,96.43,96.46,1329.271
1778443620.0,96.45,96.55,96.45,96.52,567.53
1778443680.0,96.51,96.55,96.5,96.55,530.803
1778443740.0,96.55,96.6,96.54,96.6,385.223
1778443800.0,96.6,96.6,96.47,96.51,574.622
1778443860.0,96.51,96.53,96.45,96.47,453.054
1778443920.0,96.46,96.47,96.18,96.2,1399.129
1778443980.0,96.19,96.23,96.09,96.1,2419.493
1778444040.0,96.1,96.13,95.96,95.97,2288.409
1778444100.0,95.97,96.04,95.87,95.89,2901.391
1778444160.0,95.88,95.88,95.52,95.65,9927.131
1778444220.0,95.66,95.79,95.62,95.77,3511.215
1778444280.0,95.78,95.81,95.65,95.67,1585.696
1778444340.0,95.66,95.79,95.66,95.75,3027.2
1778444400.0,95.76,96.01,95.75,95.94,4448.656
1778444460.0,95.94,95.98,95.87,95.91,4569.628
1778444520.0,95.92,95.95,95.77,95.82,869.861
1778444580.0,95.81,95.81,95.68,95.73,4997.132
1778444640.0,95.72,95.8,95.72,95.76,996.816
1778444700.0,95.77,95.78,95.72,95.74,924.28
1778444760.0,95.75,95.79,95.74,95.78,1035.053
1778444820.0,95.79,95.91,95.78,95.9,1211.939
1778444880.0,95.91,95.92,95.79,95.81,1926.577
1778444940.0,95.81,95.84,95.79,95.82,677.559
1778445000.0,95.82,95.82,95.61,95.66,877.416
1778445060.0,95.66,95.67,95.42,95.49,3219.257
1778445120.0,95.48,95.58,95.26,95.28,2892.001
1778445180.0,95.28,95.32,95.14,95.31,3562.736
1778445240.0,95.31,95.49,95.31,95.38,1607.775
1778445300.0,95.38,95.49,95.36,95.47,1205.485
1778445360.0,95.46,95.47,95.36,95.44,1637.051
1778445420.0,95.45,95.54,95.45,95.52,2351.297
1778445480.0,95.53,95.56,95.42,95.46,3144.351
1778445540.0,95.47,95.48,95.32,95.34,2510.97
1778445600.0,95.34,95.48,95.32,95.41,1791.906
1778445660.0,95.41,95.41,95.36,95.38,731.019
1778445720.0,95.38,95.39,95.33,95.38,523.872
1778445780.0,95.38,95.39,95.23,95.25,4225.238
1778445840.0,95.24,95.25,94.83,94.91,37905.681
1778445900.0,94.92,94.92,94.53,94.66,13533.406
1778445960.0,94.67,94.71,94.4,94.51,7976.763
1778446020.0,94.5,94.7,94.38,94.55,6255.211
1778446080.0,94.54,94.55,94.3,94.4,6283.121
1778446140.0,94.4,94.4,93.55,93.65,26023.811
1778446200.0,93.65,94.12,93.43,94.07,15735.733
1778446260.0,94.08,94.61,94.07,94.56,9104.45
1778446320.0,94.56,94.66,94.34,94.35,3755.245
1778446380.0,94.35,94.38,94.16,94.19,9142.558
1778446440.0,94.19,94.3,94.13,94.28,4302.434
1778446500.0,94.28,94.37,94.24,94.36,3399.286
1778446560.0,94.36,94.39,94.25,94.35,3951.674
1778446620.0,94.36,94.52,94.3,94.5,3355.689
1778446680.0,94.49,94.57,94.44,94.5,4723.949
1778446740.0,94.51,94.56,94.47,94.52,1474.952
1778446800.0,94.51,94.72,94.47,94.67,2724.223
1778446860.0,94.66,94.73,94.6,94.62,4333.489
1778446920.0,94.61,95.04,94.59,95.02,5359.978
1778446980.0,95.01,95.02,94.86,94.93,2716.898
1778447040.0,94.93,94.98,94.81,94.89,2497.185
1778447100.0,94.89,95.06,94.81,95.06,3239.445
1778447160.0,95.06,95.07,94.97,95.07,1968.781
1778447220.0,95.07,95.2,95.06,95.16,2151.677
1778447280.0,95.16,95.25,95.14,95.23,1918.689
1778447340.0,95.22,95.23,95.13,95.2,2939.443
1778447400.0,95.19,95.23,95.17,95.21,541.488
1778447460.0,95.2,95.24,94.88,94.92,2919.792
1778447520.0,94.92,94.96,94.65,94.65,2981.039
1778447580.0,94.64,94.82,94.58,94.81,3876.452
1778447640.0,94.81,94.81,94.63,94.66,3244.407
1778447700.0,94.66,94.81,94.64,94.79,795.632
1778447760.0,94.8,94.88,94.78,94.87,866.8
1778447820.0,94.86,94.98,94.85,94.98,2329.916
1778447880.0,94.98,95.12,94.98,94.99,1303.97
1778447940.0,94.99,95.15,94.97,95.06,4399.157
1778448000.0,95.06,95.1,95.01,95.07,1058.138
1778448060.0,95.08,95.11,94.92,94.93,897.458
1778448120.0,94.93,95.02,94.82,95.02,1089.339
1778448180.0,95.03,95.17,95.0,95.17,760.889
1778448240.0,95.17,95.17,95.03,95.09,2970.631
1778448300.0,95.08,95.08,95.0,95.02,791.651
1778448360.0,95.02,95.09,95.02,95.07,285.55
1778448420.0,95.08,95.15,95.07,95.13,955.682
1778448480.0,95.12,95.25,95.12,95.23,783.048
1778448540.0,95.23,95.34,95.23,95.33,1565.186
1778448600.0,95.33,95.52,95.33,95.43,3797.569
1778448660.0,95.42,95.47,95.25,95.33,2329.347
1778448720.0,95.33,95.51,95.33,95.5,1110.583
1778448780.0,95.49,95.54,95.48,95.53,1626.87
1778448840.0,95.53,95.53,95.46,95.47,1069.2
1778448900.0,95.47,95.47,95.37,95.46,1263.154
1778448960.0,95.47,95.6,95.44,95.56,820.63
1778449020.0,95.57,95.58,95.38,95.41,1781.183
1778449080.0,95.41,95.47,95.29,95.35,1375.304
1778449140.0,95.34,95.34,95.04,95.05,4867.693
1778449200.0,95.06,95.21,95.06,95.21,1790.514
1778449260.0,95.21,95.27,95.18,95.25,1484.821
1778449320.0,95.26,95.36,95.25,95.29,605.826
1778449380.0,95.3,95.4,95.3,95.37,1002.89
1778449440.0,95.36,95.4,95.33,95.36,311.602
1778449500.0,95.37,95.52,95.37,95.51,425.576
1778449560.0,95.51,95.54,95.38,95.49,1599.128
1778449620.0,95.5,95.52,95.4,95.46,1369.309
1778449680.0,95.45,95.48,95.42,95.44,615.716
1778449740.0,95.45,95.45,95.38,95.4,525.14
1778449800.0,95.4,95.41,95.36,95.4,439.012
1778449860.0,95.39,95.48,95.36,95.48,416.102
1778449920.0,95.48,95.49,95.34,95.37,509.76
1778449980.0,95.36,95.36,95.2,95.24,1677.803
1778450040.0,95.24,95.3,95.17,95.19,1209.98
1778450100.0,95.19,95.29,95.17,95.25,1261.04
1778450160.0,95.25,95.25,95.2,95.2,359.175
1778450220.0,95.19,95.23,95.12,95.23,1307.864
1778450280.0,95.23,95.23,95.06,95.15,2865.798
1778450340.0,95.15,95.16,95.08,95.08,1421.448
1778450400.0,95.07,95.34,94.89,95.31,2436.008
1778450460.0,95.31,95.56,95.26,95.56,5172.122
1778450520.0,95.57,95.82,95.35,95.35,8357.263
1778450580.0,95.34,95.45,95.06,95.38,6883.081
1778450640.0,95.38,95.39,95.24,95.32,627.628
1778450700.0,95.32,95.45,95.26,95.4,653.073
1778450760.0,95.4,95.51,95.27,95.45,2760.526
1778450820.0,95.44,95.58,95.39,95.47,3094.72
1778450880.0,95.47,95.57,95.43,95.57,1157.635
1778450940.0,95.58,95.58,95.45,95.45,619.425
1778451000.0,95.45,95.65,95.43,95.59,1465.032
1778451060.0,95.58,95.64,95.57,95.61,563.387
1778451120.0,95.6,95.66,95.54,95.55,1797.979
1778451180.0,95.55,95.6,95.46,95.57,1304.864
1778451240.0,95.57,95.57,95.48,95.5,700.81
1778451300.0,95.51,95.55,95.46,95.48,1113.392
1778451360.0,95.47,95.5,95.34,95.35,3691.562
1778451420.0,95.35,95.6,95.32,95.46,4012.404
1778451480.0,95.47,95.62,95.47,95.51,3068.27
1778451540.0,95.5,95.64,95.5,95.6,869.481
1778451600.0,95.59,95.61,95.5,95.59,1754.548
1778451660.0,95.59,95.6,95.46,95.47,1217.512
1778451720.0,95.47,95.52,95.43,95.52,1496.347
1778451780.0,95.51,95.55,95.47,95.53,984.916
1778451840.0,95.53,95.61,95.51,95.58,846.947
1778451900.0,95.57,95.6,95.53,95.58,1194.478
1778451960.0,95.59,95.75,95.59,95.74,1736.896
1778452020.0,95.74,96.08,95.74,95.98,8450.073
1778452080.0,95.98,96.08,95.87,95.87,2975.905
1778452140.0,95.87,95.88,95.73,95.75,1178.63
1778452200.0,95.76,95.78,95.61,95.62,2552.629
1778452260.0,95.62,95.72,95.56,95.72,1698.799
1778452320.0,95.71,96.09,95.69,95.95,3116.721
1778452380.0,95.96,96.32,95.89,96.24,5241.351
1778452440.0,96.24,96.36,96.12,96.24,1703.602
1778452500.0,96.25,96.27,96.07,96.09,2323.127
1778452560.0,96.08,96.09,96.01,96.04,723.151
1778452620.0,96.03,96.04,95.95,95.97,1263.264
1778452680.0,95.97,96.02,95.94,95.96,1265.536
1778452740.0,95.96,95.99,95.87,95.93,2346.204
1778452800.0,95.93,96.04,95.93,95.97,1288.445
1778452860.0,95.97,95.98,95.87,95.96,2107.201
1778452920.0,95.96,95.98,95.88,95.89,2504.311
1778452980.0,95.89,95.94,95.89,95.93,530.544
1778453040.0,95.92,95.96,95.92,95.96,470.448
1778453100.0,95.97,96.13,95.97,96.06,811.215
1778453160.0,96.07,96.08,96.01,96.04,1027.918
1778453220.0,96.04,96.1,95.98,96.1,430.768
1778453280.0,96.09,96.11,96.04,96.07,441.514
1778453340.0,96.07,96.16,96.05,96.13,832.31
1778453400.0,96.13,96.19,96.0,96.07,593.424
1778453460.0,96.06,96.06,95.93,95.98,1326.492
1778453520.0,95.99,96.11,95.97,96.1,531.364
1778453580.0,96.11,96.25,96.11,96.25,1180.73
1778453640.0,96.24,96.24,96.09,96.13,838.2
1778453700.0,96.13,96.34,96.12,96.31,2020.674
1778453760.0,96.31,96.32,96.19,96.3,2384.284
1778453820.0,96.3,96.3,96.15,96.22,867.21
1778453880.0,96.23,96.27,96.22,96.24,729.721
1778453940.0,96.25,96.26,96.18,96.23,2112.067
1778454000.0,96.24,96.45,96.15,96.31,1883.44
1778454060.0,96.3,96.3,96.13,96.26,1250.51
1778454120.0,96.26,96.46,96.24,96.43,2774.213
1778454180.0,96.44,96.45,96.29,96.33,1061.51
1778454240.0,96.33,96.37,96.3,96.33,1430.62
1778454300.0,96.33,96.4,96.32,96.34,680.912
1778454360.0,96.34,96.43,96.3,96.31,1814.515
1778454420.0,96.3,96.33,96.23,96.26,2118.158
1778454480.0,96.26,96.43,96.26,96.4,861.841
1778454540.0,96.39,96.42,96.35,96.41,2444.377
1778454600.0,96.4,96.49,96.37,96.41,3059.657
1778454660.0,96.41,96.41,96.33,96.35,2307.555
1778454720.0,96.35,96.38,96.25,96.25,1880.196
1778454780.0,96.26,96.27,96.18,96.21,1697.95
1778454840.0,96.2,96.24,96.18,96.23,1783.563
1778454900.0,96.23,96.32,96.23,96.26,1647.238
1778454960.0,96.26,96.26,96.17,96.18,957.253
1778455020.0,96.18,96.18,95.99,96.05,1594.099
1778455080.0,96.05,96.09,96.0,96.09,1117.152
1778455140.0,96.09,96.14,96.09,96.11,959.804
1778455200.0,96.1,96.1,95.99,96.04,928.361
1778455260.0,96.03,96.1,96.02,96.08,759.751
1778455320.0,96.08,96.09,96.05,96.08,674.431
1778455380.0,96.09,96.11,96.02,96.11,2662.812
1778455440.0,96.11,96.21,96.09,96.2,1247.959
1778455500.0,96.19,96.3,96.19,96.28,742.782
1778455560.0,96.28,96.4,96.26,96.4,1849.75
1778455620.0,96.41,96.71,96.38,96.47,31405.758
1778455680.0,96.47,96.49,96.37,96.4,3455.87
1778455740.0,96.39,96.39,96.33,96.34,892.52
1778455800.0,96.34,96.4,96.33,96.4,11752.219
1778455860.0,96.41,96.42,96.27,96.34,2333.714
1778455920.0,96.34,96.48,96.34,96.48,1651.817
1778455980.0,96.48,96.59,96.41,96.49,1083.272
1778456040.0,96.48,96.55,96.48,96.54,955.553
1778456100.0,96.55,96.6,96.5,96.58,819.287
1778456160.0,96.58,96.68,96.57,96.67,1443.41
1778456220.0,96.68,96.75,96.64,96.74,1885.797
1778456280.0,96.74,96.86,96.7,96.77,8872.804
1778456340.0,96.77,96.8,96.75,96.78,1228.862
1778456400.0,96.78,96.78,96.6,96.6,972.341
1778456460.0,96.61,96.65,96.53,96.54,621.187
1778456520.0,96.53,96.69,96.53,96.68,2842.383
1778456580.0,96.69,96.71,96.66,96.66,1792.628
1778456640.0,96.66,96.75,96.66,96.7,1170.348
1778456700.0,96.69,96.71,96.54,96.58,2224.083
1778456760.0,96.57,96.59,96.53,96.56,534.393
1778456820.0,96.57,96.64,96.53,96.61,5686.961
1778456880.0,96.6,96.62,96.58,96.62,1386.978
1778456940.0,96.62,96.64,96.59,96.61,658.633
1778457000.0,96.61,96.62,96.48,96.56,2548.741
1778457060.0,96.57,96.58,96.49,96.5,711.49
1778457120.0,96.5,96.55,96.45,96.5,1705.385
1778457180.0,96.5,96.53,96.49,96.51,570.801
1778457240.0,96.52,96.52,96.42,96.43,885.741
1778457300.0,96.43,96.44,96.39,96.39,1308.903
1778457360.0,96.39,96.44,96.33,96.43,1508.191
1778457420.0,96.43,96.5,96.42,96.5,1803.721
1778457480.0,96.49,96.49,96.37,96.4,979.875
1778457540.0,96.4,96.47,96.36,96.47,2008.84
1778457600.0,96.46,96.62,96.45,96.55,2696.392
1778457660.0,96.55,96.58,96.53,96.54,1306.706
1778457720.0,96.54,96.61,96.47,96.61,2621.402
1778457780.0,96.61,96.64,96.56,96.6,812.654
1778457840.0,96.6,96.6,96.47,96.47,1038.864
1778457900.0,96.48,96.61,96.48,96.56,1139.106
1778457960.0,96.57,96.58,96.31,96.31,1855.267
1778458020.0,96.32,96.44,96.3,96.37,4744.752
1778458080.0,96.37,96.44,96.33,96.44,1061.54
1778458140.0,96.44,96.44,96.31,96.32,1007.745
1778458200.0,96.31,96.4,96.31,96.36,1532.573
1778458260.0,96.36,96.38,96.31,96.31,1643.491
1778458320.0,96.32,96.35,96.17,96.21,7505.758
1778458380.0,96.2,96.27,96.18,96.21,5332.945
1778458440.0,96.2,96.23,96.11,96.23,4188.759
1778458500.0,96.23,96.25,95.93,95.98,4845.604
1778458560.0,95.98,96.05,95.92,96.02,3440.722
1778458620.0,96.03,96.04,95.94,95.99,10485.951
1778458680.0,95.98,96.11,95.96,96.02,4878.554
1778458740.0,96.03,96.09,95.97,96.0,5825.707
1778458800.0,96.0,96.11,95.9,95.99,6172.721
1778458860.0,95.99,96.18,95.98,96.17,2699.145
1778458920.0,96.17,96.29,96.17,96.22,4256.876
1778458980.0,96.22,96.26,96.19,96.19,2874.587
1778459040.0,96.19,96.4,96.19,96.4,3609.089
1778459100.0,96.41,96.54,96.38,96.48,2790.453
1778459160.0,96.48,96.48,96.4,96.45,1359.121
1778459220.0,96.46,96.46,96.21,96.22,1750.863
1778459280.0,96.21,96.21,96.04,96.13,3091.424
1778459340.0,96.12,96.18,96.1,96.11,2332.559
1778459400.0,96.11,96.24,96.08,96.21,2573.89
1778459460.0,96.21,96.49,96.21,96.48,3794.692
1778459520.0,96.48,96.67,96.46,96.6,3854.825
1778459580.0,96.6,96.6,96.54,96.56,1552.006
1778459640.0,96.56,96.56,96.41,96.45,4852.943
1778459700.0,96.46,96.49,96.46,96.48,1705.876
1778459760.0,96.48,96.58,96.44,96.44,1669.105
1778459820.0,96.45,96.53,96.45,96.48,1632.717
1778459880.0,96.48,96.49,96.41,96.43,1283.65
1778459940.0,96.42,96.46,96.41,96.42,2680.92
1778460000.0,96.42,96.43,96.27,96.27,3809.208
1778460060.0,96.28,96.28,96.0,96.04,3272.009
1778460120.0,96.04,96.09,95.9,96.07,2761.487
1778460180.0,96.07,96.11,96.0,96.05,5520.727
1778460240.0,96.05,96.06,95.98,95.99,1351.992
1778460300.0,95.99,95.99,95.83,95.91,3468.75
1778460360.0,95.9,96.12,95.84,96.11,3875.373
1778460420.0,96.11,96.12,95.97,96.02,3650.836
1778460480.0,96.02,96.08,95.98,96.07,1571.266
1778460540.0,96.07,96.08,95.96,95.96,847.007
1778460600.0,95.96,95.97,95.72,95.9,6330.848
1778460660.0,95.91,95.95,95.86,95.89,2044.087
1778460720.0,95.89,95.89,95.53,95.56,4102.77
1778460780.0,95.55,95.56,95.33,95.42,6972.228
1778460840.0,95.42,95.48,95.39,95.46,3489.691
1778460900.0,95.45,95.51,95.35,95.5,11064.149
1778460960.0,95.51,95.64,95.48,95.58,2789.147
1778461020.0,95.58,95.66,95.49,95.65,12029.194
1778461080.0,95.65,95.71,95.6,95.68,1327.359
1778461140.0,95.69,95.8,95.69,95.79,1963.639
1778461200.0,95.79,95.82,95.68,95.68,4869.806
1778461260.0,95.67,95.67,95.44,95.56,3532.635
1778461320.0,95.56,95.56,95.38,95.41,6101.155
1778461380.0,95.41,95.59,95.39,95.48,2990.245
1778461440.0,95.49,95.53,95.41,95.41,772.133
1778461500.0,95.41,95.51,95.32,95.51,3317.614
1778461560.0,95.51,95.54,95.46,95.48,1476.631
1778461620.0,95.49,95.6,95.49,95.58,2436.98
1778461680.0,95.58,95.62,95.49,95.59,1497.782
1778461740.0,95.59,95.59,95.51,95.55,1055.253
1778461800.0,95.55,95.6,95.44,95.53,4576.971
1778461860.0,95.53,95.77,95.49,95.77,2951.801
1778461920.0,95.76,96.03,95.74,95.94,4666.814
1778461980.0,95.94,95.94,95.79,95.83,3755.882
1778462040.0,95.83,95.88,95.82,95.87,1003.122
1778462100.0,95.88,95.92,95.79,95.92,1549.884
1778462160.0,95.92,96.03,95.91,95.96,2006.01
1778462220.0,95.95,96.19,95.94,96.17,2441.645
1778462280.0,96.17,96.23,96.11,96.18,2058.37
1778462340.0,96.19,96.38,96.19,96.32,9150.774
1778462400.0,96.31,96.34,96.16,96.26,3308.379
1778462460.0,96.25,96.25,96.19,96.22,3216.74
1778462520.0,96.21,96.29,96.2,96.28,6304.279
1778462580.0,96.28,96.4,96.26,96.33,2592.186
1778462640.0,96.33,96.33,96.27,96.29,903.455
1778462700.0,96.3,96.34,96.26,96.31,1332.433
1778462760.0,96.31,96.34,96.25,96.25,1074.037
1778462820.0,96.25,96.25,96.13,96.13,2137.458
1778462880.0,96.14,96.19,96.08,96.18,1309.95
1778462940.0,96.17,96.17,96.11,96.12,857.514
1778463000.0,96.11,96.11,95.91,95.94,2086.04
1778463060.0,95.94,96.01,95.84,96.0,3303.786
1778463120.0,96.01,96.03,95.98,96.03,586.86
1778463180.0,96.03,96.22,96.02,96.16,1972.098
1778463240.0,96.15,96.15,95.98,95.98,1467.782
1778463300.0,95.99,96.04,95.93,95.93,980.092
1778463360.0,95.93,96.0,95.86,95.98,2278.016
1778463420.0,95.99,96.02,95.88,95.91,1715.021
1778463480.0,95.92,96.0,95.9,96.0,1240.983
1778463540.0,96.0,96.0,95.93,95.96,909.552
1778463600.0,95.95,95.97,95.81,95.97,7841.99
1778463660.0,95.96,96.23,95.95,96.18,5515.339
1778463720.0,96.18,96.3,96.14,96.3,3142.243
1778463780.0,96.29,96.29,96.08,96.1,6045.096
1778463840.0,96.1,96.11,95.98,95.99,1135.933
1778463900.0,95.98,95.99,95.79,95.9,5377.113
1778463960.0,95.89,95.96,95.82,95.94,1758.044
1778464020.0,95.94,96.1,95.94,96.02,2769.793
1778464080.0,96.01,96.11,95.99,96.1,1371.395
1778464140.0,96.11,96.25,96.09,96.24,1823.094
1778464200.0,96.24,96.28,96.17,96.17,1092.466
1778464260.0,96.18,96.18,96.01,96.02,1052.233
1778464320.0,96.02,96.16,96.01,96.14,1184.776
1778464380.0,96.14,96.2,96.14,96.15,651.257
1778464440.0,96.16,96.17,96.01,96.01,2833.892
1778464500.0,96.02,96.06,95.99,95.99,3522.521
1778464560.0,95.99,96.06,95.97,96.06,783.167
1778464620.0,96.07,96.07,96.0,96.05,682.934
1778464680.0,96.06,96.1,96.04,96.09,456.082
1778464740.0,96.1,96.12,96.05,96.05,1119.27
1778464800.0,96.05,96.08,96.04,96.06,786.355
1778464860.0,96.06,96.07,95.98,96.04,2906.9
1778464920.0,96.03,96.09,95.97,96.07,1696.783
1778464980.0,96.07,96.14,96.05,96.05,951.734
1778465040.0,96.06,96.09,96.01,96.01,5744.918
1778465100.0,96.02,96.05,95.95,96.03,921.084
1778465160.0,96.04,96.04,95.93,95.95,806.944
1778465220.0,95.94,95.94,95.7,95.82,3555.448
1778465280.0,95.82,95.85,95.73,95.79,1975.318
1778465340.0,95.79,95.85,95.73,95.75,3627.166
1778465400.0,95.76,95.86,95.75,95.86,1331.632
1778465460.0,95.86,95.88,95.83,95.88,414.061
1778465520.0,95.87,95.88,95.76,95.81,958.579
1778465580.0,95.82,95.86,95.7,95.79,4634.556
1778465640.0,95.79,95.84,95.73,95.83,4219.735
1778465700.0,95.83,95.83,95.54,95.61,5568.945
1778465760.0,95.61,95.68,95.59,95.66,1746.877
1778465820.0,95.66,95.78,95.65,95.76,3109.271
1778465880.0,95.76,95.79,95.73,95.75,1090.84
1778465940.0,95.74,95.74,95.65,95.65,1457.727
1778466000.0,95.65,95.69,95.56,95.63,1572.585
1778466060.0,95.62,95.65,95.59,95.64,1200.914
1778466120.0,95.64,95.67,95.51,95.51,1557.973
1778466180.0,95.5,95.62,95.41,95.59,3352.04
1778466240.0,95.59,95.67,95.59,95.67,2373.366
1778466300.0,95.67,95.71,95.59,95.62,2488.126
1778466360.0,95.61,95.67,95.58,95.59,1493.885
1778466420.0,95.59,95.62,95.55,95.62,1130.769
1778466480.0,95.61,95.64,95.58,95.64,706.29
1778466540.0,95.63,95.63,95.56,95.58,912.15
1778466600.0,95.57,95.62,95.56,95.61,892.998
1778466660.0,95.62,95.62,95.48,95.48,1104.386
1778466720.0,95.49,95.5,95.19,95.31,12024.31
1778466780.0,95.3,95.39,95.27,95.29,2534.361
1778466840.0,95.3,95.38,95.26,95.37,1725.921
1778466900.0,95.38,95.41,95.32,95.32,928.243
1778466960.0,95.33,95.42,95.33,95.36,1314.967
1778467020.0,95.36,95.4,95.33,95.38,1362.489
1778467080.0,95.38,95.39,95.35,95.36,347.986
1778467140.0,95.36,95.47,95.29,95.44,7541.685
1778467200.0,95.45,95.48,95.4,95.41,1076.919
1778467260.0,95.41,95.42,95.33,95.37,1462.058
1778467320.0,95.38,95.39,95.34,95.35,884.393
1778467380.0,95.36,95.39,95.35,95.37,1598.155
1778467440.0,95.37,95.41,95.33,95.39,1741.182
1778467500.0,95.39,95.45,95.31,95.36,3377.693
1778467560.0,95.37,95.42,95.36,95.38,2159.959
1778467620.0,95.39,95.4,95.29,95.32,21474.357
1778467680.0,95.33,95.37,95.25,95.27,2862.026
1778467740.0,95.28,95.34,95.24,95.25,1656.197
1778467800.0,95.24,95.31,95.23,95.31,3278.538
1778467860.0,95.31,95.41,95.3,95.4,2777.262
1778467920.0,95.4,95.42,95.37,95.4,596.703
1778467980.0,95.4,95.4,95.34,95.35,593.017
1778468040.0,95.35,95.4,95.34,95.4,758.081
1778468100.0,95.4,95.4,95.34,95.35,606.014
1778468160.0,95.34,95.35,95.32,95.34,1251.439
1778468220.0,95.33,95.37,95.32,95.34,1294.899
1778468280.0,95.34,95.34,95.3,95.3,360.357
1778468340.0,95.3,95.32,95.27,95.3,902.333
1778468400.0,95.3,95.34,95.27,95.28,988.917
1778468460.0,95.27,95.27,95.18,95.24,2517.95
1778468520.0,95.24,95.24,95.18,95.24,1510.789
1778468580.0,95.25,95.26,95.21,95.23,1543.152
1778468640.0,95.24,95.27,95.02,95.13,10158.832
1778468700.0,95.14,95.2,95.13,95.16,1578.693
1778468760.0,95.16,95.26,95.09,95.1,7025.383
1778468820.0,95.11,95.13,94.99,95.02,5444.751
1778468880.0,95.01,95.06,94.96,95.06,3218.523
1778468940.0,95.06,95.07,94.99,95.03,2268.415
1778469000.0,95.02,95.06,95.02,95.03,1218.827
1778469060.0,95.02,95.05,95.01,95.02,2358.001
1778469120.0,95.02,95.03,94.83,94.84,4989.181
1778469180.0,94.85,94.91,94.76,94.84,4956.917
1778469240.0,94.84,94.9,94.72,94.73,4682.534
1778469300.0,94.73,94.86,94.68,94.83,4426.683
1778469360.0,94.83,94.94,94.83,94.94,2397.564
1778469420.0,94.93,94.94,94.85,94.86,1776.02
1778469480.0,94.85,94.98,94.84,94.98,1594.386
1778469540.0,94.99,95.0,94.94,94.96,2400.567
1778469600.0,94.95,95.01,94.9,95.0,3076.499
1778469660.0,95.01,95.01,94.85,94.89,3177.747
1778469720.0,94.9,94.9,94.8,94.84,2394.28
1778469780.0,94.84,94.91,94.79,94.82,3376.485
1778469840.0,94.82,94.94,94.82,94.93,2054.944
1778469900.0,94.92,94.98,94.9,94.96,3423.97
1778469960.0,94.96,94.96,94.82,94.85,3900.019
1778470020.0,94.85,94.88,94.83,94.87,1907.395
1778470080.0,94.87,94.91,94.78,94.78,3624.176
1778470140.0,94.79,94.81,94.72,94.74,1672.088
1778470200.0,94.74,94.78,94.69,94.76,1405.075
1778470260.0,94.76,94.79,94.72,94.79,1171.086
1778470320.0,94.79,94.8,94.76,94.79,776.731
1778470380.0,94.78,94.86,94.7,94.73,1106.137
1778470440.0,94.72,94.73,94.56,94.58,23676.615
1778470500.0,94.59,94.69,94.59,94.63,5131.776
1778470560.0,94.64,94.65,94.52,94.57,2138.101
1778470620.0,94.56,94.59,94.46,94.54,4352.707
1778470680.0,94.54,94.65,94.51,94.61,954.197
1778470740.0,94.61,94.65,94.58,94.65,1631.734
1778470800.0,94.65,94.72,94.61,94.72,1183.046
1778470860.0,94.72,94.77,94.7,94.72,1213.347
1778470920.0,94.73,94.8,94.72,94.79,1016.46
1778470980.0,94.79,94.82,94.78,94.82,1431.63
1778471040.0,94.82,94.85,94.81,94.85,649.441
1778471100.0,94.85,94.85,94.82,94.84,340.426
1778471160.0,94.85,94.95,94.84,94.93,1104.991
1778471220.0,94.92,94.93,94.85,94.85,1049.353
1778471280.0,94.86,94.86,94.78,94.85,1882.18
1778471340.0,94.85,94.85,94.76,94.77,1797.376
1778471400.0,94.77,94.88,94.74,94.82,6249.45
1778471460.0,94.82,94.85,94.77,94.78,1822.304
1778471520.0,94.78,94.84,94.77,94.82,1200.394
1778471580.0,94.82,94.86,94.81,94.84,723.958
1778471640.0,94.85,94.85,94.81,94.82,266.687
1778471700.0,94.83,94.83,94.81,94.82,1303.742
1778471760.0,94.82,94.85,94.81,94.82,1274.982
1778471820.0,94.81,94.82,94.74,94.76,841.516
1778471880.0,94.75,94.76,94.73,94.76,368.95
1778471940.0,94.76,94.77,94.75,94.76,226.02
1778472000.0,94.76,94.77,94.67,94.67,2774.909
1778472060.0,94.68,94.68,94.59,94.59,2543.895
1778472120.0,94.59,94.68,94.58,94.68,7414.239
1778472180.0,94.68,94.68,94.58,94.63,742.375
1778472240.0,94.63,94.67,94.63,94.64,1312.729
1778472300.0,94.65,94.7,94.64,94.67,1120.957
1778472360.0,94.68,94.71,94.64,94.7,399.874
1778472420.0,94.7,94.7,94.64,94.66,2514.751
1778472480.0,94.67,94.68,94.61,94.61,934.085
1778472540.0,94.6,94.61,94.47,94.48,2394.525
1778472600.0,94.48,94.49,94.43,94.49,2144.144
1778472660.0,94.48,94.53,94.46,94.51,1067.092
1778472720.0,94.5,94.53,94.48,94.52,2058.511
1778472780.0,94.51,94.54,94.47,94.49,929.542
1778472840.0,94.49,94.55,94.49,94.5,2588.424
1778472900.0,94.5,94.63,94.5,94.63,883.426
1778472960.0,94.63,94.65,94.57,94.58,614.716
1778473020.0,94.58,94.63,94.57,94.63,387.956
1778473080.0,94.62,94.68,94.61,94.67,500.038
1778473140.0,94.67,94.67,94.62,94.63,921.484
1778473200.0,94.63,94.63,94.6,94.63,736.18
1778473260.0,94.62,94.65,94.61,94.64,525.931
1778473320.0,94.63,94.73,94.61,94.72,942.363
1778473380.0,94.72,94.75,94.72,94.75,520.662
1778473440.0,94.75,94.82,94.75,94.81,415.172
1778473500.0,94.81,94.86,94.8,94.85,661.239
1778473560.0,94.86,94.88,94.8,94.83,1386.992
1778473620.0,94.84,94.85,94.75,94.76,570.398
1778473680.0,94.77,94.82,94.77,94.82,630.911
1778473740.0,94.81,94.83,94.8,94.83,369.219
1778473800.0,94.83,94.86,94.82,94.83,422.926
1778473860.0,94.84,94.92,94.84,94.91,1204.319
1778473920.0,94.92,95.0,94.92,95.0,1452.346
1778473980.0,95.0,95.03,94.96,95.0,1352.777
1778474040.0,95.0,95.05,94.99,95.03,1436.659
1778474100.0,95.03,95.05,95.01,95.05,999.39
1778474160.0,95.05,95.05,95.02,95.05,941.608
1778474220.0,95.04,95.07,95.02,95.07,1373.712
1778474280.0,95.08,95.08,95.06,95.08,570.238
1778474340.0,95.07,95.09,95.05,95.09,449.431
1778474400.0,95.09,95.09,95.01,95.01,945.164
1778474460.0,95.01,95.07,94.98,95.07,868.016
1778474520.0,95.08,95.13,95.08,95.12,650.56
1778474580.0,95.12,95.12,95.1,95.11,636.366
1778474640.0,95.1,95.15,95.1,95.14,701.217
1778474700.0,95.13,95.17,95.13,95.15,431.783
1778474760.0,95.14,95.18,95.13,95.18,372.065
1778474820.0,95.18,95.18,95.1,95.13,630.052
1778474880.0,95.13,95.13,95.08,95.1,570.873
1778474940.0,95.1,95.1,94.93,94.93,1542.474
1778475000.0,94.93,95.08,94.93,95.06,809.7
1778475060.0,95.05,95.1,95.04,95.09,647.936
1778475120.0,95.09,95.13,95.07,95.12,311.102
1778475180.0,95.13,95.19,95.13,95.19,652.231
1778475240.0,95.19,95.21,95.15,95.17,1287.182
1778475300.0,95.17,95.17,95.1,95.11,580.989
1778475360.0,95.12,95.13,95.07,95.08,775.925
1778475420.0,95.07,95.09,95.06,95.08,271.932
1778475480.0,95.08,95.08,95.04,95.04,846.217
1778475540.0,95.05,95.05,94.97,94.97,1996.271
1778475600.0,94.97,94.98,94.94,94.96,1248.466
1778475660.0,94.96,95.0,94.96,94.99,1305.4
1778475720.0,94.98,95.01,94.97,94.97,746.347
1778475780.0,94.97,95.26,94.96,95.25,14063.679
1778475840.0,95.25,95.29,95.23,95.28,1244.354
1778475900.0,95.29,95.31,95.27,95.3,1044.318
1778475960.0,95.31,95.31,95.23,95.24,1443.796
1778476020.0,95.24,95.24,95.15,95.18,1237.183
1778476080.0,95.17,95.23,95.14,95.23,1917.353
1778476140.0,95.22,95.25,95.19,95.24,2039.38
1778476200.0,95.24,95.28,95.22,95.26,409.794
1778476260.0,95.26,95.34,95.24,95.24,4497.819
1778476320.0,95.24,95.25,95.2,95.23,826.39
1778476380.0,95.23,95.24,95.21,95.22,280.823
1778476440.0,95.21,95.22,95.16,95.16,341.702
1778476500.0,95.16,95.22,95.15,95.22,864.328
1778476560.0,95.22,95.31,95.22,95.3,3478.031
1778476620.0,95.3,95.41,95.28,95.41,1597.959
1778476680.0,95.41,95.41,95.35,95.37,646.282
1778476740.0,95.37,95.43,95.35,95.42,1258.799
1778476800.0,95.41,95.48,95.41,95.48,1128.228
1778476860.0,95.48,95.48,95.4,95.42,776.762
1778476920.0,95.43,95.46,95.42,95.43,2106.54
1778476980.0,95.43,95.48,95.43,95.46,624.751
1778477040.0,95.46,95.48,95.45,95.48,1049.543
1778477100.0,95.48,95.49,95.43,95.44,1091.242
1778477160.0,95.45,95.51,95.43,95.49,1322.908
1778477220.0,95.48,95.53,95.48,95.53,1026.862
1778477280.0,95.54,95.58,95.53,95.57,1448.583
1778477340.0,95.57,95.6,95.55,95.6,556.362
1778477400.0,95.59,95.69,95.57,95.57,1441.033
1778477460.0,95.57,95.62,95.57,95.62,380.423
1778477520.0,95.61,95.69,95.61,95.68,2360.416
1778477580.0,95.69,95.84,95.68,95.81,2945.597
1778477640.0,95.81,95.88,95.81,95.88,1040.631
1778477700.0,95.88,95.88,95.81,95.82,1159.678
1778477760.0,95.81,95.81,95.69,95.72,2731.161
1778477820.0,95.72,95.75,95.7,95.74,737.764
1778477880.0,95.73,95.73,95.67,95.69,1051.46
1778477940.0,95.69,95.7,95.62,95.65,1001.164
1778478000.0,95.66,95.71,95.65,95.65,917.132
1778478060.0,95.65,95.72,95.65,95.69,786.528
1778478120.0,95.69,95.69,95.65,95.66,820.486
1778478180.0,95.66,95.66,95.55,95.6,1296.464
1778478240.0,95.6,95.6,95.5,95.51,1078.527
1778478300.0,95.51,95.55,95.48,95.55,1380.655
1778478360.0,95.56,95.64,95.55,95.62,933.138
1778478420.0,95.62,95.64,95.62,95.63,560.448
1778478480.0,95.63,95.68,95.62,95.62,2838.811
1778478540.0,95.61,95.69,95.61,95.68,348.614
1778478600.0,95.67,95.73,95.66,95.7,3070.906
1778478660.0,95.7,95.71,95.65,95.65,321.662
1778478720.0,95.64,95.65,95.55,95.57,1963.793
1778478780.0,95.58,95.61,95.55,95.59,2966.477
1778478840.0,95.59,95.75,95.58,95.75,2509.92
1778478900.0,95.74,95.78,95.7,95.74,791.931
1778478960.0,95.74,95.74,95.67,95.68,677.196
1778479020.0,95.68,95.7,95.64,95.7,785.746
1778479080.0,95.7,95.72,95.69,95.72,222.057
1778479140.0,95.72,95.76,95.71,95.71,428.813
1778479200.0,95.71,95.74,95.65,95.74,807.937
1778479260.0,95.73,95.74,95.66,95.74,1245.393
1778479320.0,95.74,95.82,95.73,95.74,1185.565
1778479380.0,95.74,95.75,95.7,95.71,856.598
1778479440.0,95.7,95.84,95.7,95.84,927.955
1778479500.0,95.83,95.85,95.78,95.82,678.253
1778479560.0,95.81,95.82,95.72,95.74,519.77
1778479620.0,95.75,95.79,95.75,95.79,720.979
1778479680.0,95.78,95.89,95.78,95.88,1131.596
1778479740.0,95.89,95.96,95.89,95.93,1725.398
1778479800.0,95.94,96.14,95.93,96.1,6113.051
1778479860.0,96.1,96.16,96.1,96.14,1314.131
1778479920.0,96.13,96.14,96.08,96.11,1842.595
1778479980.0,96.1,96.12,96.02,96.04,5648.785
1778480040.0,96.03,96.03,95.93,95.94,646.506
1778480100.0,95.94,95.97,95.88,95.94,1676.174
1778480160.0,95.94,95.94,95.87,95.9,894.514
1778480220.0,95.89,95.9,95.86,95.9,575.005
1778480280.0,95.91,95.93,95.73,95.78,2664.019
1778480340.0,95.77,95.84,95.76,95.84,828.692
1778480400.0,95.84,95.87,95.81,95.84,1077.751
1778480460.0,95.85,95.94,95.84,95.92,851.402
1778480520.0,95.93,96.03,95.93,96.03,1229.668
1778480580.0,96.03,96.07,96.02,96.04,1146.666
1778480640.0,96.04,96.04,95.97,96.02,855.15
1778480700.0,96.02,96.03,95.98,96.02,375.007
1778480760.0,96.02,96.03,95.95,95.96,932.774
1778480820.0,95.97,96.0,95.97,95.99,888.089
1778480880.0,95.98,95.99,95.97,95.98,152.456
1778480940.0,95.97,95.99,95.97,95.98,523.393
1778481000.0,95.97,96.02,95.95,95.97,4527.886
1778481060.0,95.97,95.98,95.86,95.87,4360.406
1778481120.0,95.87,95.88,95.81,95.87,1869.415
1778481180.0,95.86,95.87,95.82,95.87,500.964
1778481240.0,95.86,95.87,95.73,95.74,880.706
1778481300.0,95.74,95.74,95.7,95.73,734.738
1778481360.0,95.73,95.8,95.71,95.73,2757.295
1778481420.0,95.74,95.78,95.72,95.77,705.122
1778481480.0,95.78,95.81,95.77,95.81,165.336
1778481540.0,95.8,95.8,95.74,95.74,1183.119
1778481600.0,95.75,95.75,95.7,95.73,476.865
1778481660.0,95.73,95.73,95.65,95.66,865.651
1778481720.0,95.65,95.66,95.44,95.48,2301.409
1778481780.0,95.48,95.55,95.47,95.54,1607.424
1778481840.0,95.55,95.6,95.53,95.6,555.15
1778481900.0,95.6,95.62,95.57,95.6,2132.615
1778481960.0,95.59,95.66,95.58,95.65,1096.644
1778482020.0,95.65,95.65,95.52,95.54,3870.817
1778482080.0,95.53,95.54,95.47,95.54,1712.441
1778482140.0,95.54,95.54,95.42,95.43,883.447
1778482200.0,95.43,95.5,95.43,95.5,1061.257
1778482260.0,95.49,95.58,95.48,95.58,619.044
1778482320.0,95.57,95.57,95.52,95.54,1076.557
1778482380.0,95.55,95.64,95.55,95.56,1329.596
1778482440.0,95.55,95.55,95.49,95.53,686.814
1778482500.0,95.53,95.56,95.52,95.55,328.422
1778482560.0,95.56,95.57,95.51,95.55,944.906
1778482620.0,95.55,95.57,95.52,95.54,265.255
1778482680.0,95.54,95.56,95.51,95.56,1520.189
1778482740.0,95.56,95.6,95.49,95.49,967.652
1778482800.0,95.5,95.51,95.43,95.44,1372.464
1778482860.0,95.44,95.45,95.39,95.42,1402.428
1778482920.0,95.43,95.46,95.42,95.45,552.566
1778482980.0,95.44,95.44,95.32,95.38,1593.448
1778483040.0,95.38,95.38,95.3,95.3,968.934
1778483100.0,95.31,95.36,95.25,95.32,1087.185
1778483160.0,95.33,95.36,95.27,95.27,797.953
1778483220.0,95.28,95.32,95.27,95.29,664.93
1778483280.0,95.3,95.3,95.26,95.28,425.032
1778483340.0,95.29,95.4,95.27,95.37,1856.061
1778483400.0,95.37,95.43,95.29,95.43,1620.829
1778483460.0,95.43,95.44,95.4,95.43,1017.745
1778483520.0,95.44,95.49,95.43,95.45,610.84
1778483580.0,95.45,95.45,95.43,95.44,195.317
1778483640.0,95.44,95.44,95.36,95.37,1325.226
1778483700.0,95.36,95.47,95.36,95.44,934.41
1778483760.0,95.43,95.44,95.25,95.3,1556.074
1778483820.0,95.3,95.43,95.3,95.43,1616.214
1778483880.0,95.43,95.49,95.42,95.47,410.879
1778483940.0,95.46,95.54,95.45,95.54,346.89
1778484000.0,95.54,95.58,95.5,95.51,776.462
1778484060.0,95.51,95.52,95.41,95.41,1506.567
1778484120.0,95.41,95.45,95.41,95.42,543.251
1778484180.0,95.42,95.46,95.42,95.45,836.145
1778484240.0,95.45,95.46,95.41,95.43,838.793
1778484300.0,95.43,95.44,95.4,95.41,630.042
1778484360.0,95.42,95.46,95.4,95.46,715.363
1778484420.0,95.45,95.46,95.35,95.35,756.004
1778484480.0,95.35,95.36,95.31,95.33,1653.829
1778484540.0,95.32,95.32,95.25,95.31,1081.921
1778484600.0,95.31,95.37,95.31,95.31,1147.636
1778484660.0,95.3,95.33,95.27,95.33,517.69
1778484720.0,95.33,95.36,95.31,95.32,389.093
1778484780.0,95.32,95.32,95.17,95.2,2368.679
1778484840.0,95.2,95.29,95.2,95.27,1429.662
1778484900.0,95.27,95.4,95.26,95.38,5858.285
1778484960.0,95.39,95.39,95.32,95.32,653.193
1778485020.0,95.32,95.36,95.3,95.35,476.325
1778485080.0,95.35,95.37,95.3,95.33,446.606
1778485140.0,95.33,95.38,95.33,95.36,2678.863
1778485200.0,95.36,95.36,95.27,95.31,1919.367
1778485260.0,95.31,95.47,95.31,95.47,1493.316
1778485320.0,95.46,95.46,95.38,95.39,532.552
1778485380.0,95.39,95.41,95.35,95.37,210.908
1778485440.0,95.36,95.36,95.3,95.3,521.716
1778485500.0,95.3,95.39,95.3,95.39,567.439
1778485560.0,95.38,95.43,95.37,95.41,664.022
1778485620.0,95.4,95.4,95.36,95.38,408.465
1778485680.0,95.39,95.39,95.33,95.36,876.146
1778485740.0,95.37,95.37,95.32,95.37,444.84
1778485800.0,95.37,95.52,95.37,95.5,3514.446
1778485860.0,95.5,95.53,95.47,95.53,1061.19
1778485920.0,95.52,95.54,95.5,95.5,948.191
1778485980.0,95.49,95.51,95.42,95.44,3606.547
1778486040.0,95.44,95.45,95.37,95.37,1720.937
1778486100.0,95.38,95.39,95.34,95.37,3391.179
1778486160.0,95.37,95.39,95.34,95.34,640.043
1778486220.0,95.33,95.37,95.29,95.37,1552.038
1778486280.0,95.36,95.37,95.32,95.32,759.554
1778486340.0,95.32,95.38,95.27,95.33,6825.449
1778486400.0,95.34,95.34,95.26,95.3,5140.321
1778486460.0,95.31,95.37,95.29,95.31,1454.983
1778486520.0,95.31,95.31,95.23,95.28,2153.075
1778486580.0,95.27,95.29,95.24,95.29,445.107
1778486640.0,95.29,95.34,95.07,95.17,11366.246
1778486700.0,95.18,95.23,94.88,95.15,14882.566
1778486760.0,95.14,95.2,95.14,95.18,1216.951
1778486820.0,95.19,95.19,95.04,95.14,2868.262
1778486880.0,95.13,95.13,94.97,95.0,2735.307
1778486940.0,95.0,95.0,94.92,94.97,2212.052
1778487000.0,94.97,94.97,94.89,94.96,2019.429
1778487060.0,94.96,95.05,94.96,95.04,1256.521
1778487120.0,95.05,95.09,95.02,95.05,935.054
1778487180.0,95.04,95.04,95.01,95.02,1115.786
1778487240.0,95.02,95.07,94.86,95.04,13442.502
1778487300.0,95.05,95.09,95.03,95.09,1035.03
1778487360.0,95.09,95.11,95.0,95.02,4559.139
1778487420.0,95.02,95.03,94.95,94.97,567.805
1778487480.0,94.97,95.06,94.97,95.06,1343.972
1778487540.0,95.05,95.12,95.05,95.08,1492.639
1778487600.0,95.09,95.09,95.01,95.01,629.473
1778487660.0,95.02,95.04,94.98,95.04,689.412
1778487720.0,95.04,95.04,94.96,94.96,1443.207
1778487780.0,94.96,95.04,94.95,95.04,1270.609
1778487840.0,95.05,95.05,95.03,95.05,512.928
1778487900.0,95.05,95.09,95.02,95.03,1854.557
1778487960.0,95.03,95.03,94.92,94.97,1033.417
1778488020.0,94.96,94.97,94.75,94.86,13409.93
1778488080.0,94.85,94.85,94.63,94.72,7989.601
1778488140.0,94.72,94.72,94.62,94.62,2779.495
1778488200.0,94.61,94.74,94.58,94.65,4869.967
1778488260.0,94.64,94.66,94.59,94.59,1287.209
1778488320.0,94.59,94.69,94.58,94.69,558.722
1778488380.0,94.68,94.73,94.67,94.69,1905.566
1778488440.0,94.69,94.73,94.68,94.69,1200.157
1778488500.0,94.69,94.72,94.68,94.71,928.675
1778488560.0,94.72,94.76,94.72,94.74,415.07
1778488620.0,94.74,94.88,94.74,94.87,1568.061
1778488680.0,94.87,94.9,94.84,94.9,3398.672
1778488740.0,94.89,94.89,94.75,94.77,7762.524
1778488800.0,94.77,94.85,94.75,94.83,4835.956
1778488860.0,94.84,94.92,94.84,94.91,669.263
1778488920.0,94.9,94.91,94.85,94.87,1360.228
1778488980.0,94.87,94.92,94.87,94.92,329.749
1778489040.0,94.92,94.95,94.92,94.93,606.574
1778489100.0,94.93,94.97,94.91,94.95,1715.602
1778489160.0,94.96,95.0,94.9,94.96,2543.707
1778489220.0,94.96,94.98,94.94,94.98,1767.3
1778489280.0,94.97,94.98,94.93,94.94,1517.171
1778489340.0,94.94,95.0,94.94,95.0,749.794
1778489400.0,94.99,95.0,94.97,94.98,426.901
1778489460.0,94.98,94.98,94.92,94.93,3072.249
1778489520.0,94.92,94.94,94.9,94.93,1016.883
1778489580.0,94.93,94.99,94.92,94.99,457.222
1778489640.0,94.98,94.98,94.89,94.89,845.122
1778489700.0,94.89,94.93,94.87,94.92,6042.743
1778489760.0,94.92,94.93,94.91,94.91,672.073
1778489820.0,94.91,94.92,94.87,94.87,680.705
1778489880.0,94.87,94.87,94.72,94.73,1009.826
1778489940.0,94.73,94.82,94.71,94.79,1685.542
1778490000.0,94.78,94.83,94.76,94.78,2765.397
1778490060.0,94.78,94.84,94.77,94.79,892.83
1778490120.0,94.79,94.83,94.78,94.83,369.628
1778490180.0,94.83,94.92,94.82,94.91,1877.277
1778490240.0,94.91,94.99,94.91,94.99,676.498
1778490300.0,94.99,95.04,94.98,95.04,2546.186
1778490360.0,95.03,95.15,95.0,95.11,1934.963
1778490420.0,95.12,95.12,95.07,95.09,495.645
1778490480.0,95.1,95.15,95.05,95.1,5698.061
1778490540.0,95.11,95.25,95.11,95.24,2596.043
1778490600.0,95.24,95.25,95.16,95.22,1443.755
1778490660.0,95.22,95.22,95.16,95.2,661.28
1778490720.0,95.21,95.24,95.11,95.19,6634.264
1778490780.0,95.2,95.23,95.16,95.2,1453.856
1778490840.0,95.2,95.22,95.19,95.22,269.698
1778490900.0,95.21,95.25,95.17,95.19,1156.65
1778490960.0,95.2,95.23,95.18,95.18,1686.86
1778491020.0,95.19,95.22,95.17,95.19,788.252
1778491080.0,95.19,95.23,95.18,95.22,1597.44
1778491140.0,95.22,95.22,95.13,95.15,998.624
1778491200.0,95.15,95.2,95.13,95.17,1804.834
1778491260.0,95.16,95.2,95.16,95.2,85.658
1778491320.0,95.2,95.25,95.19,95.2,751.431
1778491380.0,95.2,95.25,95.17,95.24,1257.339
1778491440.0,95.23,95.25,95.18,95.19,515.708
1778491500.0,95.19,95.2,95.16,95.19,265.945
1778491560.0,95.19,95.25,95.16,95.25,2541.292
1778491620.0,95.25,95.29,95.25,95.28,734.005
1778491680.0,95.28,95.29,95.24,95.26,1249.708
1778491740.0,95.25,95.26,95.24,95.25,153.412
1778491800.0,95.25,95.3,95.24,95.26,375.66
1778491860.0,95.26,95.26,95.16,95.21,730.838
1778491920.0,95.21,95.23,95.19,95.22,625.99
1778491980.0,95.23,95.26,95.21,95.21,512.273
1778492040.0,95.22,95.23,95.19,95.21,399.553
1778492100.0,95.22,95.23,95.18,95.18,1324.262
1778492160.0,95.18,95.23,95.18,95.21,317.219
1778492220.0,95.21,95.21,95.18,95.19,228.34
1778492280.0,95.18,95.2,95.16,95.18,345.53
1778492340.0,95.19,95.19,95.1,95.16,745.569
1778492400.0,95.15,95.16,95.07,95.09,648.115
1778492460.0,95.1,95.16,95.1,95.14,1176.054
1778492520.0,95.13,95.21,95.13,95.2,824.029
1778492580.0,95.19,95.19,95.16,95.19,323.597
1778492640.0,95.18,95.19,95.15,95.16,617.643
1778492700.0,95.16,95.16,95.11,95.14,725.399
1778492760.0,95.14,95.21,95.14,95.21,748.434
1778492820.0,95.21,95.24,95.18,95.2,775.485
1778492880.0,95.2,95.34,95.19,95.34,2047.662
1778492940.0,95.34,95.35,95.26,95.29,2034.945
1778493000.0,95.3,95.3,95.25,95.26,870.626
1778493060.0,95.26,95.27,95.22,95.23,639.291
1778493120.0,95.23,95.26,95.23,95.24,321.244
1778493180.0,95.24,95.28,95.22,95.26,642.408
1778493240.0,95.26,95.28,95.24,95.26,452.387
1778493300.0,95.27,95.29,95.21,95.23,690.685
1778493360.0,95.22,95.29,95.21,95.29,253.889
1778493420.0,95.28,95.34,95.28,95.3,379.174
1778493480.0,95.3,95.3,95.27,95.29,1042.772
1778493540.0,95.28,95.3,95.27,95.3,798.031
1778493600.0,95.3,95.31,95.28,95.3,891.134
1778493660.0,95.3,95.34,95.27,95.27,669.773
1778493720.0,95.27,95.3,95.25,95.25,464.151
1778493780.0,95.26,95.3,95.23,95.24,1363.389
1778493840.0,95.25,95.26,95.2,95.22,547.673
1778493900.0,95.23,95.28,95.23,95.26,662.341
1778493960.0,95.26,95.26,95.17,95.22,1050.157
1778494020.0,95.22,95.26,95.19,95.23,705.267
1778494080.0,95.22,95.3,95.22,95.3,953.794
1778494140.0,95.29,95.4,95.29,95.4,1427.827
1778494200.0,95.4,95.4,95.35,95.38,813.907
1778494260.0,95.38,95.49,95.38,95.47,2646.628
1778494320.0,95.48,95.51,95.47,95.48,1957.887
1778494380.0,95.48,95.48,95.36,95.37,3228.913
1778494440.0,95.37,95.39,95.36,95.37,343.238
1778494500.0,95.37,95.39,95.32,95.38,1317.581
1778494560.0,95.39,95.44,95.37,95.44,762.821
1778494620.0,95.44,95.49,95.44,95.48,878.166
1778494680.0,95.48,95.48,95.41,95.47,2341.672
1778494740.0,95.47,95.57,95.47,95.5,1062.013
1778494800.0,95.49,95.57,95.43,95.45,7279.565
1778494860.0,95.46,95.54,95.45,95.52,3053.08
1778494920.0,95.52,95.55,95.51,95.51,482.906
1778494980.0,95.51,95.52,95.42,95.42,850.597
1778495040.0,95.43,95.57,95.42,95.52,1734.799
1778495100.0,95.52,95.56,95.47,95.56,941.474
1778495160.0,95.55,95.55,95.52,95.54,1639.263
1778495220.0,95.54,95.54,95.48,95.48,1943.799
1778495280.0,95.49,95.54,95.46,95.54,2093.548
1778495340.0,95.53,95.56,95.47,95.5,2369.561
1778495400.0,95.51,95.51,95.42,95.49,1723.755
1778495460.0,95.49,95.56,95.48,95.54,1795.041
1778495520.0,95.54,95.57,95.54,95.57,266.578
1778495580.0,95.56,95.57,95.47,95.48,1238.596
1778495640.0,95.48,95.48,95.36,95.36,1509.967
1778495700.0,95.36,95.37,95.29,95.35,2470.601
1778495760.0,95.35,95.38,95.28,95.33,2695.62
1778495820.0,95.33,95.34,95.16,95.18,3183.994
1778495880.0,95.17,95.24,95.17,95.22,631.048
1778495940.0,95.21,95.21,95.11,95.17,2927.866
1778496000.0,95.16,95.22,95.16,95.19,666.816
1778496060.0,95.2,95.26,95.19,95.22,685.814
1778496120.0,95.23,95.23,95.2,95.2,538.127
1778496180.0,95.2,95.21,95.19,95.21,510.22
1778496240.0,95.22,95.26,95.22,95.23,575.007
1778496300.0,95.22,95.29,95.21,95.25,445.203
1778496360.0,95.25,95.25,95.16,95.16,569.088
1778496420.0,95.17,95.18,95.1,95.16,1140.44
1778496480.0,95.15,95.2,95.14,95.2,512.437
1778496540.0,95.21,95.23,95.19,95.23,192.9
1778496600.0,95.23,95.25,95.21,95.24,556.735
1778496660.0,95.24,95.26,95.22,95.26,471.335
1778496720.0,95.27,95.28,95.21,95.22,325.011
1778496780.0,95.21,95.22,95.17,95.21,599.516
1778496840.0,95.22,95.24,95.19,95.2,1536.852
1778496900.0,95.2,95.2,95.15,95.19,829.621
1778496960.0,95.2,95.21,95.17,95.19,449.653
1778497020.0,95.19,95.19,95.12,95.12,2330.107
1778497080.0,95.13,95.14,95.07,95.09,784.116
1778497140.0,95.09,95.09,95.05,95.07,897.038
1778497200.0,95.06,95.12,95.06,95.12,837.33
1778497260.0,95.11,95.16,95.09,95.11,1573.632
1778497320.0,95.11,95.11,95.05,95.05,13816.539
1778497380.0,95.05,95.14,95.05,95.12,8208.717
1778497440.0,95.13,95.13,95.07,95.07,809.894
1778497500.0,95.08,95.11,95.06,95.08,338.645
1778497560.0,95.09,95.09,95.05,95.06,3483.496
1778497620.0,95.05,95.08,95.04,95.06,318.195
1778497680.0,95.06,95.07,95.05,95.06,120.457
1778497740.0,95.07,95.11,95.07,95.09,399.008
1778497800.0,95.09,95.1,95.04,95.04,521.152
1778497860.0,95.05,95.05,95.02,95.03,1217.783
1778497920.0,95.03,95.03,94.89,95.03,4949.42
1778497980.0,95.03,95.06,95.02,95.05,427.005
1778498040.0,95.05,95.05,95.01,95.02,1696.153
1778498100.0,95.03,95.06,95.02,95.05,615.943
1778498160.0,95.05,95.08,95.02,95.07,473.004
1778498220.0,95.07,95.12,95.06,95.12,891.983
1778498280.0,95.12,95.26,95.1,95.26,951.033
1778498340.0,95.26,95.3,95.2,95.22,3036.602
1778498400.0,95.23,95.24,95.2,95.2,927.501
1778498460.0,95.21,95.26,95.19,95.26,1105.918
1778498520.0,95.26,95.29,95.24,95.26,2098.019
1778498580.0,95.26,95.27,95.21,95.22,291.101
1778498640.0,95.22,95.24,95.22,95.22,393.333
1778498700.0,95.22,95.24,95.22,95.22,721.155
1778498760.0,95.22,95.22,95.17,95.17,600.164
1778498820.0,95.16,95.2,95.16,95.2,573.608
1778498880.0,95.2,95.25,95.19,95.19,1077.17
1778498940.0,95.2,95.2,95.18,95.2,413.147
1778499000.0,95.19,95.25,95.18,95.22,692.229
1778499060.0,95.23,95.29,95.22,95.28,1301.208
1778499120.0,95.28,95.3,95.27,95.3,817.27
1778499180.0,95.3,95.33,95.27,95.3,405.928
1778499240.0,95.31,95.36,95.3,95.36,320.88
1778499300.0,95.36,95.48,95.36,95.47,1591.11
1778499360.0,95.47,95.49,95.42,95.43,1681.683
1778499420.0,95.42,95.47,95.42,95.43,2744.657
1778499480.0,95.43,95.43,95.39,95.42,728.397
1778499540.0,95.42,95.46,95.41,95.45,1124.602
1778499600.0,95.46,95.48,95.45,95.45,470.743
1778499660.0,95.45,95.45,95.41,95.42,415.012
1778499720.0,95.41,95.46,95.39,95.4,626.123
1778499780.0,95.4,95.43,95.36,95.36,403.666
1778499840.0,95.37,95.4,95.32,95.32,529.963
1778499900.0,95.33,95.35,95.29,95.32,2906.396
1778499960.0,95.32,95.37,95.32,95.32,415.535
1778500020.0,95.32,95.33,95.27,95.3,2378.198
1778500080.0,95.31,95.32,95.29,95.3,342.637
1778500140.0,95.29,95.3,95.19,95.2,1427.667
1778500200.0,95.2,95.23,95.12,95.12,2383.242
1778500260.0,95.12,95.14,95.03,95.04,1604.923
1778500320.0,95.04,95.13,95.04,95.13,806.841
1778500380.0,95.14,95.18,95.11,95.13,499.942
1778500440.0,95.13,95.2,95.13,95.18,800.706
1778500500.0,95.19,95.24,95.18,95.18,552.843
1778500560.0,95.19,95.19,95.15,95.15,333.404
1778500620.0,95.16,95.18,95.16,95.17,472.242
1778500680.0,95.17,95.22,95.17,95.21,535.302
1778500740.0,95.2,95.26,95.2,95.25,410.207
1778500800.0,95.26,95.31,95.23,95.27,1482.528
1778500860.0,95.26,95.39,95.26,95.34,1952.401
1778500920.0,95.35,95.38,95.34,95.34,1171.812
1778500980.0,95.34,95.34,95.2,95.21,4865.525
1778501040.0,95.2,95.21,95.1,95.12,2366.522
1778501100.0,95.11,95.14,95.01,95.03,3575.832
1778501160.0,95.03,95.03,94.9,95.0,2130.17
1778501220.0,95.0,95.02,94.9,94.95,3953.801
1778501280.0,94.96,95.03,94.95,95.03,502.316
1778501340.0,95.03,95.03,94.86,94.89,4871.083
1778501400.0,94.88,94.9,94.79,94.79,1085.608
1778501460.0,94.8,94.83,94.76,94.76,828.088
1778501520.0,94.77,94.85,94.75,94.82,1688.826
1778501580.0,94.81,94.84,94.81,94.83,429.829
1778501640.0,94.82,94.83,94.74,94.75,979.05
1778501700.0,94.74,94.8,94.67,94.75,2448.927
1778501760.0,94.75,94.86,94.75,94.84,2400.614
1778501820.0,94.84,94.9,94.78,94.85,1670.814
1778501880.0,94.85,94.9,94.81,94.89,624.276
1778501940.0,94.9,94.94,94.84,94.85,2228.817
1778502000.0,94.85,94.88,94.83,94.88,705.27
1778502060.0,94.88,94.93,94.87,94.93,474.28
1778502120.0,94.92,94.99,94.9,94.98,383.608
1778502180.0,94.99,95.17,94.99,95.16,3325.492
1778502240.0,95.16,95.33,95.15,95.25,5566.197
1778502300.0,95.25,95.31,95.17,95.19,943.689
1778502360.0,95.2,95.23,95.18,95.19,1444.917
1778502420.0,95.19,95.24,95.18,95.21,350.531
1778502480.0,95.21,95.21,95.15,95.16,1269.253
1778502540.0,95.16,95.21,95.15,95.2,579.434
1778502600.0,95.2,95.24,95.12,95.2,1676.223
1778502660.0,95.2,95.23,95.17,95.18,604.731
1778502720.0,95.18,95.29,95.16,95.24,1831.776
1778502780.0,95.25,95.27,95.2,95.2,850.331
1778502840.0,95.2,95.23,95.12,95.12,905.859
1778502900.0,95.11,95.18,95.11,95.17,600.359
1778502960.0,95.18,95.18,95.09,95.1,2869.348
1778503020.0,95.1,95.14,95.1,95.14,274.933
1778503080.0,95.13,95.14,95.09,95.1,2570.387
1778503140.0,95.09,95.1,95.0,95.06,2061.926
1778503200.0,95.05,95.09,95.04,95.08,537.174
1778503260.0,95.07,95.09,95.05,95.09,247.281
1778503320.0,95.08,95.09,95.06,95.09,314.849
1778503380.0,95.08,95.11,95.04,95.05,2438.175
1778503440.0,95.04,95.05,94.98,95.04,845.599
1778503500.0,95.04,95.1,95.03,95.09,726.684
1778503560.0,95.09,95.12,95.07,95.12,1344.991
1778503620.0,95.12,95.22,94.94,95.02,9384.854
1778503680.0,95.02,95.03,94.94,94.96,3239.59
1778503740.0,94.95,95.02,94.9,95.0,1309.222
1778503800.0,95.0,95.01,94.88,94.89,1103.349
1778503860.0,94.89,94.89,94.7,94.75,2808.832
1778503920.0,94.75,94.86,94.75,94.85,1945.049
1778503980.0,94.86,94.92,94.85,94.9,1938.513
1778504040.0,94.91,94.94,94.87,94.92,1058.035
1778504100.0,94.92,94.92,94.84,94.85,716.48
1778504160.0,94.86,94.91,94.86,94.89,784.275
1778504220.0,94.88,94.89,94.82,94.84,1327.37
1778504280.0,94.84,94.86,94.78,94.82,1664.066
1778504340.0,94.82,94.83,94.78,94.81,1543.526
1778504400.0,94.8,94.97,94.78,94.96,3675.766
1778504460.0,94.96,95.0,94.9,94.97,1310.661
1778504520.0,94.97,95.14,94.97,95.06,2974.344
1778504580.0,95.06,95.23,95.04,95.16,3758.233
1778504640.0,95.16,95.23,95.16,95.2,1259.777
1778504700.0,95.2,95.22,95.14,95.15,348.488
1778504760.0,95.15,95.23,95.13,95.21,1175.279
1778504820.0,95.21,95.23,95.15,95.22,490.844
1778504880.0,95.22,95.33,95.22,95.29,3498.983
1778504940.0,95.29,95.39,95.29,95.3,1932.386
1778505000.0,95.29,95.34,95.27,95.27,870.897
1778505060.0,95.28,95.31,95.23,95.25,1048.254
1778505120.0,95.25,95.3,95.24,95.26,1387.417
1778505180.0,95.26,95.27,95.22,95.24,895.724
1778505240.0,95.24,95.31,95.24,95.28,1625.009
1778505300.0,95.27,95.28,95.24,95.24,397.581
1778505360.0,95.25,95.34,95.24,95.31,1189.032
1778505420.0,95.31,95.31,95.24,95.27,831.486
1778505480.0,95.27,95.32,95.26,95.27,982.706
1778505540.0,95.27,95.28,95.12,95.14,2118.02
1778505600.0,95.13,95.22,95.13,95.17,1425.992
1778505660.0,95.16,95.23,95.16,95.2,813.602
1778505720.0,95.2,95.31,95.2,95.3,965.409
1778505780.0,95.29,95.3,95.25,95.29,631.711
1778505840.0,95.3,95.31,95.25,95.29,808.184
1778505900.0,95.28,95.28,95.13,95.17,2341.505
1778505960.0,95.18,95.18,95.12,95.15,737.549
1778506020.0,95.16,95.18,95.12,95.12,579.268
1778506080.0,95.12,95.15,95.07,95.15,1101.26
1778506140.0,95.15,95.16,95.12,95.14,514.811
1778506200.0,95.15,95.19,95.0,95.06,3765.455
1778506260.0,95.06,95.09,94.94,95.01,4763.016
1778506320.0,95.0,95.14,94.98,95.11,5610.186
1778506380.0,95.11,95.13,94.96,94.96,1016.125
1778506440.0,94.95,94.95,94.79,94.81,3089.996
1778506500.0,94.8,94.89,94.7,94.77,9714.688
1778506560.0,94.77,94.78,94.56,94.6,4639.164
1778506620.0,94.61,94.77,94.56,94.62,6148.387
1778506680.0,94.61,94.85,94.61,94.76,1992.953
1778506740.0,94.77,94.85,94.68,94.83,3496.665
1778506800.0,94.84,94.96,94.81,94.91,2831.723
1778506860.0,94.92,95.1,94.92,95.09,3362.549
1778506920.0,95.1,95.48,95.1,95.26,15298.985
1778506980.0,95.26,95.41,95.2,95.36,4629.337
1778507040.0,95.36,95.38,95.29,95.36,2623.744
1778507100.0,95.35,95.45,95.32,95.34,5828.84
1778507160.0,95.34,95.37,95.31,95.35,3052.799
1778507220.0,95.35,95.39,95.31,95.36,9231.704
1778507280.0,95.36,95.39,95.23,95.39,3942.683
1778507340.0,95.39,95.42,95.35,95.38,1507.838
1778507400.0,95.38,95.43,95.29,95.3,1377.584
1778507460.0,95.3,95.34,95.18,95.18,8055.198
1778507520.0,95.18,95.29,95.17,95.2,996.812
1778507580.0,95.19,95.3,95.18,95.23,2247.898
1778507640.0,95.23,95.24,95.02,95.02,2926.401
1778507700.0,95.01,95.05,94.91,95.03,3451.88
1778507760.0,95.03,95.13,95.01,95.12,1690.847
1778507820.0,95.12,95.14,95.1,95.14,944.805
1778507880.0,95.13,95.16,95.13,95.16,1113.186
1778507940.0,95.16,95.25,95.13,95.23,1056.936
1778508000.0,95.22,95.37,95.22,95.36,2395.096
1778508060.0,95.35,95.49,95.34,95.48,3567.343
1778508120.0,95.49,95.56,95.45,95.5,8217.06
1778508180.0,95.51,95.76,95.51,95.75,4916.126
1778508240.0,95.75,95.75,95.55,95.64,2721.716
1778508300.0,95.64,95.81,95.61,95.79,3637.752
1778508360.0,95.78,95.87,95.75,95.84,3301.662
1778508420.0,95.83,95.87,95.81,95.81,1442.588
1778508480.0,95.81,95.85,95.81,95.81,546.418
1778508540.0,95.8,95.83,95.78,95.8,2028.934
1778508600.0,95.79,95.83,95.72,95.76,957.897
1778508660.0,95.75,95.79,95.61,95.69,2795.963
1778508720.0,95.69,95.72,95.57,95.57,3774.6
1778508780.0,95.57,95.71,95.53,95.71,1740.327
1778508840.0,95.71,95.71,95.59,95.71,1842.775
1778508900.0,95.71,95.74,95.68,95.68,1962.902
1778508960.0,95.68,95.77,95.67,95.75,571.713
1778509020.0,95.76,95.76,95.63,95.65,1157.767
1778509080.0,95.64,95.64,95.55,95.63,1197.233
1778509140.0,95.62,95.62,95.53,95.56,1031.154
1778509200.0,95.55,95.55,95.34,95.36,2642.931
1778509260.0,95.36,95.4,95.27,95.36,1469.593
1778509320.0,95.36,95.36,95.21,95.23,1470.16
1778509380.0,95.23,95.24,95.07,95.21,13300.386
1778509440.0,95.2,95.22,95.11,95.13,751.803
1778509500.0,95.12,95.17,95.09,95.1,1180.586
1778509560.0,95.09,95.17,95.09,95.14,1542.721
1778509620.0,95.14,95.14,94.84,94.85,5933.853
1778509680.0,94.84,94.95,94.82,94.92,3010.429
1778509740.0,94.92,94.93,94.76,94.76,4147.49
1778509800.0,94.76,95.02,94.73,94.95,6256.509
1778509860.0,94.95,95.0,94.59,94.62,12264.839
1778509920.0,94.61,94.64,94.3,94.49,13317.201
1778509980.0,94.48,94.52,94.35,94.45,5566.764
1778510040.0,94.45,94.59,94.41,94.59,5761.769
1778510100.0,94.58,94.7,94.5,94.65,4735.468
1778510160.0,94.64,94.71,94.58,94.71,4976.966
1778510220.0,94.7,94.84,94.68,94.82,2885.484
1778510280.0,94.82,94.89,94.78,94.78,1704.823
1778510340.0,94.78,95.0,94.77,94.96,3375.195
1778510400.0,94.97,95.0,94.85,94.85,1025.059
1778510460.0,94.85,94.85,94.73,94.81,1381.432
1778510520.0,94.82,94.83,94.69,94.7,1590.093
1778510580.0,94.7,94.79,94.68,94.68,1376.128
1778510640.0,94.69,94.75,94.65,94.66,935.924
1778510700.0,94.66,94.67,94.53,94.53,2215.973
1778510760.0,94.53,94.57,94.45,94.55,3479.348
1778510820.0,94.54,94.57,94.47,94.48,1993.123
1778510880.0,94.49,94.52,94.4,94.46,2303.879
1778510940.0,94.46,94.51,94.43,94.48,4011.767
1778511000.0,94.48,94.52,94.42,94.47,2752.14
1778511060.0,94.47,94.55,94.43,94.52,3044.68
1778511120.0,94.51,94.6,94.46,94.59,4144.667
1778511180.0,94.6,95.02,94.6,94.9,14375.509
1778511240.0,94.89,94.91,94.79,94.86,3459.712
1778511300.0,94.86,95.0,94.84,94.98,3316.48
1778511360.0,94.98,95.09,94.96,95.06,5328.105
1778511420.0,95.05,95.11,94.98,95.09,18697.381
1778511480.0,95.1,95.19,95.07,95.13,3347.109
1778511540.0,95.14,95.21,95.1,95.17,12410.909
1778511600.0,95.18,95.21,95.07,95.07,2077.386
1778511660.0,95.07,95.08,94.95,94.95,3331.168
1778511720.0,94.95,94.99,94.9,94.99,2538.231
1778511780.0,94.98,95.09,94.96,95.01,1751.417
1778511840.0,95.01,95.07,95.0,95.05,1054.704
1778511900.0,95.05,95.1,94.98,95.05,2091.418
1778511960.0,95.05,95.11,94.99,95.0,13196.748
1778512020.0,95.0,95.09,95.0,95.08,1563.069
1778512080.0,95.08,95.08,95.04,95.04,7151.586
1778512140.0,95.04,95.06,95.02,95.06,1238.285
1778512200.0,95.07,95.1,95.03,95.05,1067.725
1778512260.0,95.06,95.34,95.06,95.33,4139.096
1778512320.0,95.33,95.39,95.21,95.25,4113.347
1778512380.0,95.26,95.45,95.26,95.41,3168.618
1778512440.0,95.42,95.47,95.3,95.33,2238.85
1778512500.0,95.33,95.58,95.33,95.57,5278.835
1778512560.0,95.57,95.65,95.53,95.53,5556.774
1778512620.0,95.52,95.54,95.41,95.41,2099.757
1778512680.0,95.41,95.46,95.4,95.45,2720.674
1778512740.0,95.46,95.46,95.39,95.45,1595.316
1778512800.0,95.44,95.45,95.38,95.45,1155.879
1778512860.0,95.45,95.57,95.44,95.56,13098.886
1778512920.0,95.57,95.6,95.54,95.58,707.052
1778512980.0,95.58,95.59,95.5,95.56,834.586
1778513040.0,95.57,95.71,95.57,95.65,3135.368
1778513100.0,95.65,95.79,95.63,95.79,2510.239
1778513160.0,95.78,96.13,95.78,96.04,22152.469
1778513220.0,96.05,96.48,96.05,96.34,17024.332
1778513280.0,96.33,96.38,96.21,96.27,9503.714
1778513340.0,96.27,96.29,96.18,96.22,2258.368
1778513400.0,96.22,96.42,96.22,96.35,8183.363
1778513460.0,96.36,96.46,96.35,96.38,3992.329
1778513520.0,96.37,96.37,96.11,96.11,3629.052
1778513580.0,96.12,96.18,96.08,96.18,4077.947
1778513640.0,96.18,96.18,96.01,96.02,1666.761
1778513700.0,96.01,96.07,96.0,96.04,1510.083
1778513760.0,96.04,96.12,96.04,96.12,2638.871
1778513820.0,96.12,96.18,96.12,96.16,1635.045
1778513880.0,96.17,96.21,96.1,96.12,1915.528
1778513940.0,96.11,96.12,96.04,96.12,1594.894
1778514000.0,96.12,96.13,96.07,96.08,1821.58
1778514060.0,96.08,96.15,96.06,96.06,2288.738
1778514120.0,96.07,96.07,95.98,96.0,1054.894
1778514180.0,96.0,96.1,96.0,96.03,3541.023
1778514240.0,96.02,96.1,95.92,95.92,3369.968
1778514300.0,95.91,95.95,95.86,95.94,3630.729
1778514360.0,95.93,96.0,95.89,95.97,2061.404
1778514420.0,95.96,96.07,95.96,96.06,2715.163
1778514480.0,96.05,96.06,96.03,96.06,1151.51
1778514540.0,96.05,96.05,95.98,95.99,842.13
1778514600.0,95.99,96.09,95.99,96.09,2372.788
1778514660.0,96.09,96.37,96.09,96.32,6976.263
1778514720.0,96.32,96.46,96.32,96.37,4820.743
1778514780.0,96.38,96.46,96.37,96.43,1534.417
1778514840.0,96.44,96.46,96.36,96.43,2598.52
1778514900.0,96.42,96.66,96.42,96.51,13092.507
1778514960.0,96.52,96.62,96.49,96.6,4061.669
1778515020.0,96.6,96.67,96.57,96.63,3696.333
1778515080.0,96.63,96.8,96.62,96.69,5056.547
1778515140.0,96.68,96.8,96.67,96.8,6553.442
1778515200.0,96.79,96.81,96.57,96.59,15347.22
1778515260.0,96.6,96.67,96.59,96.64,2141.194
1778515320.0,96.63,96.65,96.59,96.6,4766.709
1778515380.0,96.6,96.66,96.5,96.51,5620.047
1778515440.0,96.51,96.62,96.5,96.6,3837.276
1778515500.0,96.59,96.67,96.57,96.65,1359.09
1778515560.0,96.65,96.83,96.64,96.81,3247.14
1778515620.0,96.8,97.2,96.8,97.15,17330.93
1778515680.0,97.16,97.3,97.1,97.3,9176.549
1778515740.0,97.3,97.63,97.29,97.5,22671.599
1778515800.0,97.5,97.85,97.46,97.85,21209.615
1778515860.0,97.85,97.96,97.61,97.68,14407.232
1778515920.0,97.68,97.72,97.48,97.68,13546.055
1778515980.0,97.68,97.87,97.68,97.82,19579.303
1778516040.0,97.83,97.95,97.78,97.94,2224.532
1778516100.0,97.95,98.0,97.73,97.77,7718.994
1778516160.0,97.77,97.8,97.64,97.69,2958.37
1778516220.0,97.7,97.74,97.44,97.54,22920.463
1778516280.0,97.54,97.61,97.4,97.44,5016.535
1778516340.0,97.44,97.6,97.35,97.57,6279.73
1778516400.0,97.57,97.6,97.44,97.47,4759.747
1778516460.0,97.48,97.51,97.4,97.43,4279.925
1778516520.0,97.44,97.58,97.41,97.57,2333.284
1778516580.0,97.57,97.71,97.57,97.7,4569.82
1778516640.0,97.7,97.7,97.59,97.64,3248.027
1778516700.0,97.63,97.64,97.54,97.57,2827.321
1778516760.0,97.57,97.69,97.57,97.58,2904.984
1778516820.0,97.58,97.62,97.56,97.61,858.585
1778516880.0,97.61,97.62,97.35,97.35,3378.562
1778516940.0,97.35,97.46,97.22,97.44,5430.526
1778517000.0,97.44,97.6,97.42,97.58,2462.931
1778517060.0,97.58,97.69,97.56,97.68,3134.462
1778517120.0,97.68,97.85,97.65,97.73,8354.052
1778517180.0,97.72,97.78,97.58,97.6,2250.842
1778517240.0,97.61,97.76,97.61,97.7,3216.518
1778517300.0,97.7,97.72,97.52,97.6,2597.498
1778517360.0,97.61,97.75,97.61,97.67,2862.583
1778517420.0,97.66,97.66,97.5,97.53,2634.341
1778517480.0,97.54,97.72,97.54,97.69,2405.653
1778517540.0,97.69,97.77,97.66,97.7,1728.388
1778517600.0,97.69,97.74,97.62,97.69,644.814
1778517660.0,97.68,97.75,97.56,97.56,2333.316
1778517720.0,97.56,97.56,97.15,97.23,8198.941
1778517780.0,97.23,97.37,97.01,97.36,5181.462
1778517840.0,97.35,97.35,97.22,97.31,2170.292
1778517900.0,97.3,97.53,97.28,97.51,3194.012
1778517960.0,97.52,97.55,97.39,97.41,2203.804
1778518020.0,97.4,97.62,97.4,97.62,2391.236
1778518080.0,97.62,97.8,97.62,97.7,4383.265
1778518140.0,97.7,97.76,97.65,97.67,1339.532
1778518200.0,97.67,97.75,97.63,97.68,2106.027
1778518260.0,97.68,97.76,97.61,97.62,4611.488
1778518320.0,97.63,97.63,97.54,97.55,1822.476
1778518380.0,97.56,97.57,97.43,97.47,1893.886
1778518440.0,97.47,97.55,97.44,97.46,2789.506
1778518500.0,97.46,97.48,97.35,97.39,838.673
1778518560.0,97.39,97.44,97.35,97.41,3598.15
1778518620.0,97.42,97.44,97.35,97.38,2246.123
1778518680.0,97.37,97.44,97.34,97.44,711.865
1778518740.0,97.43,97.44,97.33,97.35,2628.253
1778518800.0,97.34,97.48,97.17,97.17,3352.783
1778518860.0,97.17,97.21,97.05,97.13,4977.374
1778518920.0,97.12,97.12,96.9,96.99,3468.52
1778518980.0,97.0,97.13,97.0,97.07,5307.759
1778519040.0,97.07,97.29,97.06,97.23,2044.905
1778519100.0,97.23,97.32,97.18,97.19,1441.963
1778519160.0,97.2,97.23,96.97,97.16,4558.52
1778519220.0,97.15,97.17,97.03,97.07,991.376
1778519280.0,97.06,97.13,97.05,97.1,996.441
1778519340.0,97.1,97.2,97.03,97.13,2665.014
1778519400.0,97.12,97.21,97.08,97.18,2101.131
1778519460.0,97.17,97.31,97.17,97.31,2375.772
1778519520.0,97.31,97.33,97.12,97.15,2258.849
1778519580.0,97.16,97.27,97.16,97.26,1321.267
1778519640.0,97.27,97.27,97.18,97.18,598.998
1778519700.0,97.17,97.22,97.14,97.21,716.942
1778519760.0,97.21,97.35,97.19,97.33,1621.223
1778519820.0,97.33,97.5,97.33,97.5,2930.204
1778519880.0,97.49,97.5,97.43,97.44,1014.213
1778519940.0,97.45,97.49,97.38,97.45,1126.11
1778520000.0,97.46,97.5,97.3,97.35,3948.299
1778520060.0,97.36,97.46,97.35,97.4,3587.803
1778520120.0,97.4,97.42,97.28,97.28,10415.165
1778520180.0,97.28,97.29,97.21,97.28,939.319
1778520240.0,97.29,97.36,97.26,97.32,600.368
1778520300.0,97.32,97.33,97.21,97.21,462.305
1778520360.0,97.2,97.31,97.2,97.27,815.675
1778520420.0,97.26,97.27,97.16,97.16,538.324
1778520480.0,97.17,97.2,97.12,97.17,1163.971
1778520540.0,97.16,97.26,97.16,97.23,1054.461
1778520600.0,97.23,97.28,97.15,97.16,452.449
1778520660.0,97.15,97.15,97.04,97.04,1064.023
1778520720.0,97.04,97.07,96.99,97.07,1024.991
1778520780.0,97.07,97.16,97.04,97.07,1027.741
1778520840.0,97.06,97.09,97.01,97.09,1130.242
1778520900.0,97.1,97.16,97.09,97.13,1290.798
1778520960.0,97.13,97.38,97.13,97.36,3852.81
1778521020.0,97.36,97.37,97.3,97.35,490.821
1778521080.0,97.35,97.57,97.31,97.57,2120.341
1778521140.0,97.56,97.71,97.56,97.59,2245.925
1778521200.0,97.59,97.6,97.48,97.55,1642.401
1778521260.0,97.56,97.82,97.56,97.74,4762.442
1778521320.0,97.74,97.84,97.73,97.81,2921.159
1778521380.0,97.82,97.89,97.79,97.83,2133.976
1778521440.0,97.84,97.91,97.8,97.82,1364.843
1778521500.0,97.82,97.97,97.8,97.82,3178.631
1778521560.0,97.81,97.92,97.77,97.9,2027.233
1778521620.0,97.9,97.91,97.73,97.74,1826.385
1778521680.0,97.73,97.75,97.63,97.71,6678.742
1778521740.0,97.7,97.77,97.63,97.76,4685.59
1778521800.0,97.76,97.92,97.76,97.87,1803.791
1778521860.0,97.88,97.94,97.83,97.9,916.269
1778521920.0,97.89,97.91,97.77,97.82,1517.944
1778521980.0,97.83,97.93,97.83,97.92,1616.897
1778522040.0,97.92,97.94,97.76,97.76,1077.538
1778522100.0,97.75,97.88,97.72,97.85,872.167
1778522160.0,97.86,97.89,97.83,97.85,329.073
1778522220.0,97.85,97.87,97.8,97.84,984.644
1778522280.0,97.85,97.87,97.81,97.82,169.137
1778522340.0,97.81,97.82,97.7,97.77,942.511
1778522400.0,97.77,97.79,97.71,97.73,585.999
1778522460.0,97.73,97.78,97.71,97.73,1102.818
1778522520.0,97.73,97.8,97.73,97.74,651.591
1778522580.0,97.74,97.93,97.74,97.91,2546.289
1778522640.0,97.91,97.95,97.87,97.95,1246.909
1778522700.0,97.95,97.95,97.88,97.92,1617.971
1778522760.0,97.91,97.99,97.88,97.96,5347.578
1778522820.0,97.97,98.1,97.93,98.04,10658.084
1778522880.0,98.04,98.07,97.95,97.96,2255.412
1778522940.0,97.96,97.96,97.81,97.85,811.032
1778523000.0,97.85,97.9,97.81,97.82,1667.07
1778523060.0,97.82,97.84,97.63,97.63,5005.827
1778523120.0,97.62,97.67,97.52,97.57,4044.113
1778523180.0,97.58,97.64,97.56,97.58,2533.335
1778523240.0,97.57,97.6,97.51,97.54,2222.975
1778523300.0,97.55,97.61,97.5,97.5,1799.249
1778523360.0,97.49,97.57,97.48,97.53,1422.003
1778523420.0,97.52,97.54,97.44,97.44,1216.118
1778523480.0,97.44,97.46,97.29,97.44,2996.915
1778523540.0,97.45,97.48,97.42,97.42,835.021
1778523600.0,97.43,97.55,97.42,97.55,2828.889
1778523660.0,97.54,97.57,97.47,97.56,709.592
1778523720.0,97.56,97.61,97.53,97.55,1101.298
1778523780.0,97.55,97.55,97.47,97.48,1128.408
1778523840.0,97.48,97.52,97.46,97.46,613.154
1778523900.0,97.45,97.45,97.37,97.39,893.628
1778523960.0,97.39,97.5,97.34,97.49,963.238
1778524020.0,97.48,97.58,97.47,97.58,2719.015
1778524080.0,97.58,97.71,97.56,97.66,1443.398
1778524140.0,97.66,97.67,97.53,97.58,766.355
1778524200.0,97.57,97.61,97.47,97.48,2513.795
1778524260.0,97.47,97.58,97.47,97.57,1554.376
1778524320.0,97.57,97.66,97.55,97.66,1459.945
1778524380.0,97.66,97.68,97.62,97.64,1280.029
1778524440.0,97.65,97.65,97.5,97.55,514.636
1778524500.0,97.54,97.58,97.47,97.55,4708.08
1778524560.0,97.55,97.56,97.41,97.43,1033.305
1778524620.0,97.42,97.47,97.42,97.45,1693.433
1778524680.0,97.46,97.5,97.42,97.5,1121.194
1778524740.0,97.5,97.53,97.44,97.53,659.587
1778524800.0,97.53,97.6,97.5,97.55,2764.17
1778524860.0,97.55,97.55,97.47,97.5,1259.476
1778524920.0,97.5,97.56,97.5,97.51,3958.228
1778524980.0,97.51,97.51,97.44,97.45,958.879
1778525040.0,97.45,97.48,97.4,97.47,2372.993
1778525100.0,97.48,97.49,97.34,97.41,1832.433
1778525160.0,97.41,97.76,97.41,97.75,13839.322
1778525220.0,97.75,97.76,97.6,97.73,4489.39
1778525280.0,97.73,97.78,97.63,97.67,2116.533
1778525340.0,97.67,97.71,97.59,97.6,3252.996
1778525400.0,97.61,97.64,97.58,97.62,1474.395
1778525460.0,97.61,97.61,97.52,97.57,2828.247
1778525520.0,97.57,97.57,97.49,97.54,1012.728
1778525580.0,97.54,97.54,97.38,97.4,897.806
1778525640.0,97.4,97.4,97.29,97.38,1036.186
1778525700.0,97.38,97.49,97.37,97.47,1387.812
1778525760.0,97.47,97.5,97.47,97.49,348.72
1778525820.0,97.48,97.49,97.36,97.47,991.474
1778525880.0,97.46,97.48,97.35,97.36,507.01
1778525940.0,97.36,97.42,97.26,97.29,1625.483
1778526000.0,97.29,97.35,97.21,97.21,2860.371
1778526060.0,97.21,97.3,97.21,97.23,936.9
1778526120.0,97.23,97.23,97.01,97.11,4361.618
1778526180.0,97.12,97.17,97.12,97.13,713.223
1778526240.0,97.13,97.24,97.12,97.21,1813.146
1778526300.0,97.22,97.28,97.18,97.27,308.56
1778526360.0,97.27,97.36,97.27,97.34,1702.967
1778526420.0,97.34,97.45,97.34,97.43,3505.433
1778526480.0,97.43,97.48,97.35,97.41,1259.493
1778526540.0,97.42,97.45,97.42,97.45,191.366
1778526600.0,97.45,97.49,97.38,97.4,799.013
1778526660.0,97.4,97.44,97.39,97.43,750.268
1778526720.0,97.43,97.54,97.43,97.5,2014.781
1778526780.0,97.49,97.52,97.46,97.47,1093.84
1778526840.0,97.47,97.48,97.41,97.47,279.078
1778526900.0,97.47,97.52,97.42,97.42,607.791
1778526960.0,97.42,97.45,97.38,97.4,633.882
1778527020.0,97.41,97.44,97.37,97.39,234.943
1778527080.0,97.39,97.44,97.39,97.43,411.64
1778527140.0,97.43,97.52,97.43,97.51,2215.7
1778527200.0,97.51,97.69,97.51,97.62,3094.614
1778527260.0,97.62,97.65,97.59,97.59,552.094
1778527320.0,97.6,97.62,97.52,97.62,1840.588
1778527380.0,97.61,97.88,97.61,97.82,8354.403
1778527440.0,97.82,97.84,97.74,97.74,523.278
1778527500.0,97.74,97.79,97.74,97.77,348.264
1778527560.0,97.77,97.85,97.77,97.78,2398.512
1778527620.0,97.78,97.78,97.71,97.72,1797.77
1778527680.0,97.71,97.77,97.71,97.72,2808.012
1778527740.0,97.72,97.76,97.68,97.71,1275.488
1778527800.0,97.71,97.8,97.71,97.8,1821.943
1778527860.0,97.8,97.92,97.79,97.89,3535.296
1778527920.0,97.89,97.89,97.86,97.88,458.786
1778527980.0,97.89,97.94,97.87,97.87,3416.347
1778528040.0,97.86,97.91,97.82,97.83,2074.378
1778528100.0,97.82,97.85,97.8,97.84,709.013
1778528160.0,97.83,97.88,97.81,97.87,668.465
1778528220.0,97.88,97.89,97.84,97.88,593.591
1778528280.0,97.87,97.92,97.87,97.91,606.848
1778528340.0,97.92,97.98,97.92,97.96,2177.922
1778528400.0,97.97,98.11,97.96,98.03,4293.045
1778528460.0,98.03,98.05,97.98,97.99,1195.941
1778528520.0,98.0,98.39,97.98,98.29,10372.089
1778528580.0,98.29,98.31,98.21,98.21,2112.512
1778528640.0,98.22,98.22,98.15,98.15,670.337
1778528700.0,98.16,98.17,98.08,98.08,1208.083
1778528760.0,98.08,98.1,98.04,98.06,1064.03
1778528820.0,98.06,98.13,98.06,98.11,1047.739
1778528880.0,98.11,98.14,98.04,98.13,1000.575
1778528940.0,98.13,98.22,98.13,98.21,1677.913
1778529000.0,98.21,98.26,98.16,98.19,1275.248
1778529060.0,98.2,98.22,98.09,98.14,2111.404
1778529120.0,98.14,98.16,98.13,98.16,2104.227
1778529180.0,98.15,98.17,98.12,98.16,1094.964
1778529240.0,98.15,98.19,98.07,98.08,1936.961
1778529300.0,98.08,98.14,98.05,98.13,1007.719
1778529360.0,98.14,98.14,98.05,98.11,1599.337
1778529420.0,98.11,98.12,98.05,98.05,700.341
1778529480.0,98.06,98.1,98.0,98.01,992.415
1778529540.0,98.01,98.3,98.0,98.19,13254.04
1778529600.0,98.19,98.32,98.14,98.31,2337.766
1778529660.0,98.31,98.32,98.18,98.23,2359.623
1778529720.0,98.23,98.23,98.17,98.2,1564.513
1778529780.0,98.2,98.29,98.2,98.24,2692.939
1778529840.0,98.24,98.35,98.24,98.31,1269.919
1778529900.0,98.3,98.31,98.22,98.27,640.19
1778529960.0,98.27,98.39,98.25,98.32,1152.508
1778530020.0,98.33,98.41,98.32,98.36,1437.599
1778530080.0,98.37,98.37,98.28,98.29,619.737
1778530140.0,98.29,98.33,98.27,98.31,626.502
1778530200.0,98.31,98.32,98.24,98.29,1300.045
1778530260.0,98.28,98.32,97.81,97.84,6671.878
1778530320.0,97.84,97.97,97.81,97.87,1881.674
1778530380.0,97.87,97.97,97.86,97.9,3071.318
1778530440.0,97.91,97.95,97.86,97.89,2073.969
1778530500.0,97.9,97.92,97.83,97.92,942.242
1778530560.0,97.93,98.02,97.86,98.01,853.494
1778530620.0,98.01,98.05,97.98,98.04,1852.293
1778530680.0,98.05,98.07,97.99,98.03,957.13
1778530740.0,98.02,98.09,98.02,98.05,1294.842
1778530800.0,98.06,98.08,97.98,97.99,784.813
1778530860.0,97.98,97.98,97.91,97.92,449.801
1778530920.0,97.91,97.99,97.88,97.97,748.19
1778530980.0,97.97,98.08,97.9,98.02,11997.064
1778531040.0,98.01,98.06,98.01,98.03,1623.634
1778531100.0,98.02,98.02,97.97,97.97,359.461
1778531160.0,97.98,97.98,97.87,97.87,1384.853
1778531220.0,97.88,97.96,97.88,97.93,730.933
1778531280.0,97.93,97.98,97.82,97.82,5165.414
1778531340.0,97.82,97.83,97.78,97.81,661.317
1778531400.0,97.81,97.87,97.81,97.85,1102.119
1778531460.0,97.85,97.88,97.77,97.77,610.262
1778531520.0,97.77,97.78,97.74,97.78,792.79
1778531580.0,97.77,97.89,97.77,97.89,878.005
1778531640.0,97.89,98.01,97.89,98.0,552.037
1778531700.0,98.0,98.02,97.97,97.97,444.56
1778531760.0,97.96,98.0,97.89,97.89,351.868
1778531820.0,97.88,97.92,97.84,97.85,814.605
1778531880.0,97.85,97.86,97.83,97.85,672.516
1778531940.0,97.84,97.87,97.82,97.87,169.071
1778532000.0,97.86,97.87,97.8,97.83,602.525
1778532060.0,97.84,97.87,97.79,97.79,352.918
1778532120.0,97.79,97.79,97.66,97.67,1794.903
1778532180.0,97.66,97.8,97.66,97.8,881.498
1778532240.0,97.8,97.88,97.8,97.81,1082.878
1778532300.0,97.82,97.86,97.78,97.85,968.265
1778532360.0,97.86,97.89,97.83,97.83,457.495
1778532420.0,97.83,97.84,97.81,97.84,136.891
1778532480.0,97.83,97.91,97.83,97.87,512.978
1778532540.0,97.87,97.92,97.83,97.86,1435.122
1778532600.0,97.85,97.85,97.73,97.73,915.558
1778532660.0,97.72,97.78,97.72,97.75,421.46
1778532720.0,97.76,97.78,97.75,97.77,322.355
1778532780.0,97.78,97.8,97.76,97.78,344.488
1778532840.0,97.78,97.81,97.73,97.74,501.986
1778532900.0,97.73,97.73,97.66,97.7,11088.134
1778532960.0,97.71,97.71,97.69,97.69,76.33
1778533020.0,97.7,97.7,97.64,97.66,480.074
1778533080.0,97.66,97.66,97.61,97.62,606.369
1778533140.0,97.61,97.66,97.61,97.63,362.757
1778533200.0,97.64,97.66,97.62,97.66,370.283
1778533260.0,97.66,97.68,97.65,97.67,464.067
1778533320.0,97.67,97.72,97.65,97.72,238.102
1778533380.0,97.71,97.74,97.7,97.72,700.283
1778533440.0,97.72,97.79,97.66,97.67,803.092
1778533500.0,97.66,97.67,97.61,97.62,218.911
1778533560.0,97.61,97.61,97.49,97.5,1328.937
1778533620.0,97.51,97.54,97.5,97.51,391.148
1778533680.0,97.51,97.51,97.42,97.47,1009.201
1778533740.0,97.47,97.54,97.44,97.44,920.394
1778533800.0,97.44,97.5,97.44,97.46,702.677
1778533860.0,97.45,97.6,97.43,97.58,2514.899
1778533920.0,97.59,97.59,97.55,97.57,399.075
1778533980.0,97.57,97.61,97.52,97.61,614.747
1778534040.0,97.61,97.66,97.58,97.63,2161.899
1778534100.0,97.62,97.65,97.6,97.64,816.22
1778534160.0,97.65,97.69,97.6,97.69,905.037
1778534220.0,97.68,97.69,97.59,97.59,490.914
1778534280.0,97.59,97.59,97.5,97.51,1002.03
1778534340.0,97.51,97.51,97.46,97.48,2133.597
1778534400.0,97.48,97.54,97.48,97.5,2064.488
1778534460.0,97.5,97.57,97.49,97.57,449.422
1778534520.0,97.56,97.59,97.53,97.54,1005.298
1778534580.0,97.54,97.56,97.48,97.5,498.187
1778534640.0,97.5,97.56,97.47,97.55,276.735
1778534700.0,97.55,97.63,97.55,97.62,664.238
1778534760.0,97.63,97.66,97.62,97.66,471.207
1778534820.0,97.66,97.67,97.57,97.59,425.989
1778534880.0,97.58,97.61,97.58,97.59,182.146
1778534940.0,97.59,97.59,97.56,97.56,175.903
1778535000.0,97.56,97.56,97.51,97.52,848.336
1778535060.0,97.51,97.55,97.48,97.54,483.205
1778535120.0,97.53,97.56,97.51,97.54,536.225
1778535180.0,97.55,97.55,97.5,97.52,681.724
1778535240.0,97.52,97.59,97.49,97.56,2721.749
1778535300.0,97.56,97.77,97.56,97.75,2375.301
1778535360.0,97.74,97.76,97.7,97.74,706.612
1778535420.0,97.75,97.81,97.66,97.68,2236.389
1778535480.0,97.67,97.67,97.57,97.57,447.454
1778535540.0,97.57,97.62,97.54,97.61,618.803
1778535600.0,97.62,97.63,97.56,97.56,910.814
1778535660.0,97.56,97.67,97.56,97.63,626.035
1778535720.0,97.63,97.7,97.61,97.61,419.568
1778535780.0,97.61,97.63,97.53,97.55,1442.0
1778535840.0,97.54,97.61,97.53,97.61,452.527
1778535900.0,97.61,97.61,97.56,97.57,602.777
1778535960.0,97.57,97.57,97.53,97.55,289.882
1778536020.0,97.54,97.54,97.51,97.53,477.654
1778536080.0,97.53,97.56,97.5,97.5,658.95
1778536140.0,97.51,97.56,97.47,97.55,2135.801
1778536200.0,97.56,97.57,97.48,97.53,761.905
1778536260.0,97.52,97.54,97.45,97.45,646.18
1778536320.0,97.46,97.53,97.44,97.48,771.092
1778536380.0,97.47,97.47,97.41,97.43,1142.646
1778536440.0,97.44,97.52,97.43,97.52,445.709
1778536500.0,97.52,97.58,97.52,97.56,600.591
1778536560.0,97.57,97.57,97.43,97.43,412.429
1778536620.0,97.44,97.44,97.42,97.42,299.586
1778536680.0,97.42,97.48,97.39,97.44,787.31
1778536740.0,97.43,97.43,97.33,97.41,837.933
1778536800.0,97.41,97.45,97.4,97.41,391.072
1778536860.0,97.4,97.56,97.39,97.56,642.428
1778536920.0,97.56,97.62,97.51,97.62,799.431
1778536980.0,97.62,97.8,97.61,97.77,2296.229
1778537040.0,97.76,97.76,97.61,97.75,1300.202
1778537100.0,97.76,97.76,97.68,97.69,477.555
1778537160.0,97.68,97.74,97.68,97.7,480.31
1778537220.0,97.69,97.7,97.57,97.57,767.354
1778537280.0,97.58,97.6,97.52,97.53,451.877
1778537340.0,97.52,97.52,97.41,97.48,768.612
1778537400.0,97.48,97.5,97.39,97.4,542.681
1778537460.0,97.41,97.5,97.41,97.49,405.123
1778537520.0,97.48,97.49,97.44,97.45,621.158
1778537580.0,97.45,97.52,97.44,97.5,324.184
1778537640.0,97.51,97.53,97.5,97.5,803.163
1778537700.0,97.49,97.53,97.46,97.5,597.404
1778537760.0,97.51,97.63,97.46,97.61,3147.433
1778537820.0,97.61,97.64,97.58,97.63,715.143
1778537880.0,97.64,97.64,97.57,97.62,699.845
1778537940.0,97.63,97.65,97.62,97.65,211.536
1778538000.0,97.65,97.72,97.65,97.65,389.435
1778538060.0,97.65,97.66,97.54,97.54,446.45
1778538120.0,97.55,97.56,97.5,97.52,282.734
1778538180.0,97.52,97.53,97.44,97.49,356.859
1778538240.0,97.5,97.56,97.49,97.54,174.965
1778538300.0,97.53,97.54,97.49,97.5,561.39
1778538360.0,97.5,97.51,97.37,97.37,1017.647
1778538420.0,97.36,97.5,97.36,97.49,638.828
1778538480.0,97.49,97.55,97.46,97.5,1239.264
1778538540.0,97.5,97.5,97.46,97.47,183.121
1778538600.0,97.47,97.54,97.45,97.54,1016.261
1778538660.0,97.53,97.55,97.5,97.52,354.21
1778538720.0,97.52,97.59,97.52,97.54,312.852
1778538780.0,97.55,97.55,97.48,97.48,354.42
1778538840.0,97.48,97.49,97.45,97.45,418.839
1778538900.0,97.44,97.48,97.43,97.46,534.75
1778538960.0,97.46,97.5,97.45,97.5,222.75
1778539020.0,97.49,97.53,97.48,97.5,933.156
1778539080.0,97.5,97.55,97.5,97.55,198.007
1778539140.0,97.55,97.59,97.55,97.56,485.842
1778539200.0,97.57,97.59,97.53,97.56,355.742
1778539260.0,97.56,97.59,97.54,97.57,1308.398
1778539320.0,97.58,97.58,97.52,97.54,343.53
1778539380.0,97.55,97.58,97.53,97.56,259.793
1778539440.0,97.56,97.6,97.55,97.6,418.786
1778539500.0,97.6,97.64,97.58,97.59,981.092
1778539560.0,97.59,97.63,97.56,97.63,167.381
1778539620.0,97.63,97.66,97.62,97.66,750.313
1778539680.0,97.67,97.71,97.64,97.64,416.039
1778539740.0,97.65,97.66,97.61,97.64,126.778
1778539800.0,97.64,97.68,97.63,97.68,280.165
1778539860.0,97.68,97.72,97.65,97.72,477.866
1778539920.0,97.71,97.84,97.7,97.83,718.331
1778539980.0,97.83,97.83,97.67,97.69,1965.203
1778540040.0,97.69,97.69,97.63,97.65,765.293
1778540100.0,97.65,97.66,97.59,97.59,522.15
1778540160.0,97.6,97.65,97.6,97.63,171.748
1778540220.0,97.63,97.64,97.62,97.63,290.696
1778540280.0,97.64,97.68,97.6,97.63,720.113
1778540340.0,97.63,97.68,97.62,97.65,1333.097
1778540400.0,97.65,97.65,97.56,97.58,1325.299
1778540460.0,97.59,97.59,97.5,97.52,1966.39
1778540520.0,97.51,97.51,97.44,97.48,887.221
1778540580.0,97.47,97.47,97.36,97.44,1504.276
1778540640.0,97.44,97.49,97.42,97.48,730.023
1778540700.0,97.49,97.53,97.49,97.49,879.03
1778540760.0,97.5,97.5,97.38,97.39,2078.693
1778540820.0,97.38,97.42,97.36,97.39,1630.333
1778540880.0,97.39,97.41,97.39,97.39,2917.576
1778540940.0,97.39,97.39,97.35,97.35,832.208
1778541000.0,97.35,97.37,97.33,97.37,1497.499
1778541060.0,97.37,97.37,97.32,97.32,756.286
1778541120.0,97.33,97.34,97.3,97.32,481.789
1778541180.0,97.32,97.56,97.32,97.51,10134.821
1778541240.0,97.51,97.51,97.48,97.49,281.063
1778541300.0,97.49,97.5,97.45,97.46,2013.561
1778541360.0,97.47,97.47,97.41,97.43,3802.383
1778541420.0,97.44,97.45,97.37,97.38,3054.184
1778541480.0,97.39,97.41,97.36,97.37,3433.679
1778541540.0,97.38,97.38,97.34,97.35,989.314
1778541600.0,97.35,97.35,97.33,97.33,268.988
1778541660.0,97.34,97.34,97.31,97.32,640.411
1778541720.0,97.32,97.35,97.16,97.18,4730.487
1778541780.0,97.19,97.21,97.15,97.21,1727.427
1778541840.0,97.2,97.28,97.2,97.28,636.73
1778541900.0,97.28,97.28,97.21,97.23,961.036
1778541960.0,97.24,97.24,97.21,97.23,432.218
1778542020.0,97.23,97.23,97.21,97.21,435.874
1778542080.0,97.21,97.21,97.15,97.15,992.592
1778542140.0,97.16,97.17,97.1,97.16,5252.559
1778542200.0,97.17,97.24,97.14,97.24,1033.555
1778542260.0,97.23,97.28,97.23,97.28,519.302
1778542320.0,97.27,97.32,97.26,97.31,726.95
1778542380.0,97.3,97.31,97.27,97.29,523.213
1778542440.0,97.29,97.3,97.27,97.28,817.178
1778542500.0,97.28,97.3,97.28,97.3,613.279
1778542560.0,97.3,97.33,97.3,97.32,1492.799
1778542620.0,97.31,97.32,97.26,97.3,789.902
1778542680.0,97.3,97.36,97.3,97.35,569.188
1778542740.0,97.35,97.47,97.34,97.45,1078.479
1778542800.0,97.44,97.45,97.43,97.44,1500.628
1778542860.0,97.44,97.51,97.43,97.51,294.61
1778542920.0,97.51,97.51,97.43,97.43,1208.012
1778542980.0,97.43,97.43,97.4,97.43,715.817
1778543040.0,97.42,97.44,97.42,97.43,187.509
1778543100.0,97.43,97.45,97.41,97.44,373.252
1778543160.0,97.44,97.44,97.33,97.36,1078.179
1778543220.0,97.37,97.37,97.29,97.3,860.204
1778543280.0,97.31,97.33,97.29,97.33,210.216
1778543340.0,97.32,97.32,97.29,97.3,239.332
1778543400.0,97.31,97.31,97.28,97.3,372.165
1778543460.0,97.3,97.3,97.28,97.29,180.692
1778543520.0,97.29,97.35,97.29,97.34,598.254
1778543580.0,97.35,97.39,97.3,97.3,958.942
1778543640.0,97.31,97.33,97.29,97.33,251.602
1778543700.0,97.33,97.33,97.3,97.32,154.585
1778543760.0,97.32,97.32,97.3,97.31,163.23
1778543820.0,97.31,97.44,97.31,97.39,5517.835
1778543880.0,97.39,97.39,97.34,97.36,588.17
1778543940.0,97.35,97.37,97.35,97.37,332.014
1778544000.0,97.37,97.38,97.2,97.21,3369.006
1778544060.0,97.22,97.35,97.19,97.35,1298.18
1778544120.0,97.35,97.39,97.32,97.36,734.0
1778544180.0,97.37,97.42,97.32,97.34,821.796
1778544240.0,97.34,97.34,97.28,97.28,850.628
1778544300.0,97.29,97.3,97.22,97.23,627.567
1778544360.0,97.24,97.24,97.2,97.22,569.991
1778544420.0,97.22,97.24,97.18,97.24,1385.728
1778544480.0,97.23,97.32,97.23,97.32,759.266
1778544540.0,97.31,97.31,97.25,97.29,3682.552
1778544600.0,97.29,97.29,97.25,97.26,595.479
1778544660.0,97.27,97.44,97.26,97.38,9094.081
1778544720.0,97.37,97.4,97.28,97.28,6360.227
1778544780.0,97.28,97.31,97.24,97.3,869.116
1778544840.0,97.3,97.31,97.26,97.27,442.971
1778544900.0,97.26,97.32,97.25,97.31,871.798
1778544960.0,97.31,97.32,97.28,97.32,331.242
1778545020.0,97.33,97.44,97.32,97.44,1069.575
1778545080.0,97.44,97.48,97.44,97.48,1316.338
1778545140.0,97.48,97.48,97.33,97.37,2420.488
1778545200.0,97.38,97.45,97.38,97.41,666.857
1778545260.0,97.41,97.41,97.35,97.36,756.029
1778545320.0,97.36,97.39,97.33,97.33,520.694
1778545380.0,97.33,97.36,97.28,97.31,2438.398
1778545440.0,97.3,97.33,97.26,97.28,1613.934
1778545500.0,97.27,97.33,97.23,97.32,1720.868
1778545560.0,97.31,97.42,97.31,97.42,764.932
1778545620.0,97.43,97.47,97.41,97.41,896.83
1778545680.0,97.41,97.43,97.37,97.38,970.86
1778545740.0,97.38,97.45,97.38,97.45,881.909
1778545800.0,97.45,97.54,97.44,97.5,1624.375
1778545860.0,97.5,97.52,97.46,97.48,484.818
1778545920.0,97.48,97.59,97.48,97.57,749.576
1778545980.0,97.56,97.56,97.41,97.42,937.018
1778546040.0,97.42,97.53,97.42,97.5,2146.481
1778546100.0,97.5,97.54,97.48,97.48,368.869
1778546160.0,97.47,97.51,97.46,97.48,350.026
1778546220.0,97.48,97.52,97.47,97.52,445.942
1778546280.0,97.52,97.6,97.52,97.6,1627.385
1778546340.0,97.59,97.59,97.5,97.52,3005.143
1778546400.0,97.51,97.55,97.5,97.51,4219.381
1778546460.0,97.5,97.5,97.44,97.45,591.519
1778546520.0,97.44,97.48,97.44,97.47,418.304
1778546580.0,97.46,97.48,97.42,97.43,3016.512
1778546640.0,97.43,97.43,97.37,97.4,1446.683
1778546700.0,97.41,97.53,97.41,97.5,1096.445
1778546760.0,97.49,97.5,97.46,97.46,1588.08
1778546820.0,97.46,97.52,97.41,97.51,2508.875
1778546880.0,97.51,97.55,97.51,97.54,500.277
1778546940.0,97.55,97.55,97.52,97.53,1570.649
1778547000.0,97.52,97.6,97.52,97.6,1482.411
1778547060.0,97.6,97.61,97.55,97.59,1676.721
1778547120.0,97.59,97.65,97.57,97.59,1627.401
1778547180.0,97.59,97.64,97.58,97.62,469.252
1778547240.0,97.62,97.64,97.56,97.56,841.631
1778547300.0,97.56,97.68,97.56,97.68,959.38
1778547360.0,97.68,97.68,97.61,97.67,1799.204
1778547420.0,97.67,97.67,97.59,97.6,305.558
1778547480.0,97.6,97.6,97.52,97.52,425.926
1778547540.0,97.52,97.54,97.48,97.54,1598.511
1778547600.0,97.54,97.6,97.49,97.6,1300.053
1778547660.0,97.6,97.67,97.6,97.65,1475.075
1778547720.0,97.65,97.66,97.6,97.65,1511.485
1778547780.0,97.64,97.64,97.59,97.59,555.017
1778547840.0,97.59,97.59,97.29,97.34,3892.98
1778547900.0,97.35,97.42,97.33,97.39,923.492
1778547960.0,97.39,97.39,97.24,97.33,1864.396
1778548020.0,97.33,97.34,97.28,97.29,2103.929
1778548080.0,97.29,97.29,97.19,97.2,1572.59
1778548140.0,97.2,97.25,97.13,97.21,2237.776
1778548200.0,97.2,97.23,97.18,97.18,720.623
1778548260.0,97.19,97.19,97.13,97.14,1488.511
1778548320.0,97.13,97.14,97.09,97.1,1757.922
1778548380.0,97.1,97.11,97.03,97.06,3699.95
1778548440.0,97.06,97.09,97.04,97.06,1088.793
1778548500.0,97.06,97.07,96.99,97.01,3102.401
1778548560.0,97.01,97.01,96.71,96.9,11833.329
1778548620.0,96.9,96.97,96.88,96.96,3353.127
1778548680.0,96.96,96.99,96.92,96.93,1589.26
1778548740.0,96.92,96.97,96.91,96.94,1903.238
1778548800.0,96.94,96.95,96.78,96.81,2272.922
1778548860.0,96.8,96.8,96.62,96.68,16423.212
1778548920.0,96.68,96.73,96.6,96.66,2017.878
1778548980.0,96.66,96.73,96.61,96.71,4465.799
1778549040.0,96.71,96.92,96.68,96.92,3297.671
1778549100.0,96.93,96.99,96.89,96.95,1301.337
1778549160.0,96.95,96.95,96.83,96.84,1586.115
1778549220.0,96.84,96.88,96.78,96.8,1473.282
1778549280.0,96.8,96.81,96.76,96.8,1014.02
1778549340.0,96.8,96.87,96.8,96.83,1127.113
1778549400.0,96.82,96.82,96.72,96.74,884.324
1778549460.0,96.74,96.79,96.73,96.77,2087.171
1778549520.0,96.76,96.8,96.73,96.78,829.636
1778549580.0,96.77,96.77,96.54,96.54,17583.419
1778549640.0,96.54,96.54,96.37,96.44,13473.856
1778549700.0,96.43,96.51,96.36,96.4,10744.451
1778549760.0,96.39,96.41,96.26,96.36,15017.695
1778549820.0,96.36,96.36,96.2,96.25,3986.399
1778549880.0,96.25,96.25,96.0,96.02,12073.891
1778549940.0,96.01,96.12,95.98,96.0,13760.304
1778550000.0,96.0,96.0,95.85,95.9,5908.363
1778550060.0,95.9,95.9,95.54,95.69,16072.483
1778550120.0,95.7,95.91,95.67,95.91,5155.759
1778550180.0,95.9,95.95,95.77,95.95,3667.184
1778550240.0,95.96,96.14,95.95,96.14,3749.706
1778550300.0,96.13,96.13,96.02,96.07,5144.263
1778550360.0,96.06,96.11,96.01,96.11,4525.12
1778550420.0,96.11,96.14,96.05,96.13,1183.392
1778550480.0,96.14,96.21,96.13,96.21,3787.789
1778550540.0,96.21,96.3,96.21,96.29,3480.709
1778550600.0,96.29,96.43,96.29,96.35,2986.844
1778550660.0,96.35,96.47,96.34,96.42,2273.593
1778550720.0,96.43,96.45,96.39,96.4,1969.673
1778550780.0,96.4,96.41,96.31,96.36,1908.086
1778550840.0,96.36,96.39,96.32,96.33,2692.081
1778550900.0,96.32,96.33,96.28,96.32,1413.359
1778550960.0,96.32,96.35,96.3,96.34,954.676
1778551020.0,96.34,96.35,96.25,96.27,2280.014
1778551080.0,96.27,96.27,96.22,96.25,3502.083
1778551140.0,96.24,96.3,96.21,96.28,1646.485
1778551200.0,96.29,96.35,96.21,96.34,2526.359
1778551260.0,96.35,96.43,96.31,96.43,1454.689
1778551320.0,96.44,96.56,96.44,96.55,2223.066
1778551380.0,96.55,96.58,96.44,96.46,1903.226
1778551440.0,96.47,96.56,96.46,96.56,661.453
1778551500.0,96.56,96.58,96.54,96.54,1127.737
1778551560.0,96.55,96.59,96.48,96.59,1946.709
1778551620.0,96.59,96.69,96.59,96.66,1587.798
1778551680.0,96.66,96.72,96.66,96.68,1393.057
1778551740.0,96.67,96.68,96.62,96.65,5313.007
1778551800.0,96.66,96.72,96.66,96.71,1072.751
1778551860.0,96.71,96.71,96.62,96.63,1277.98
1778551920.0,96.64,96.64,96.6,96.62,936.997
1778551980.0,96.62,96.62,96.58,96.6,1134.811
1778552040.0,96.61,96.69,96.6,96.64,912.386
1778552100.0,96.64,96.65,96.51,96.51,1144.582
1778552160.0,96.52,96.52,96.4,96.4,1297.527
1778552220.0,96.41,96.49,96.37,96.48,2647.234
1778552280.0,96.47,96.47,96.31,96.33,2289.699
1778552340.0,96.33,96.34,96.16,96.2,2861.297
1778552400.0,96.2,96.27,96.14,96.27,2685.277
1778552460.0,96.27,96.37,96.27,96.37,1231.866
1778552520.0,96.37,96.42,96.37,96.38,1156.555
1778552580.0,96.38,96.46,96.36,96.43,1806.857
1778552640.0,96.43,96.43,96.37,96.39,1908.278
1778552700.0,96.38,96.51,96.36,96.46,3914.311
1778552760.0,96.45,96.46,96.39,96.42,578.632
1778552820.0,96.41,96.44,96.39,96.41,1384.495
1778552880.0,96.42,96.56,96.41,96.56,4054.5
1778552940.0,96.56,96.59,96.55,96.58,3211.882
1778553000.0,96.58,96.62,96.49,96.5,1638.738
1778553060.0,96.5,96.5,96.45,96.48,757.869
1778553120.0,96.49,96.55,96.48,96.55,4849.346
1778553180.0,96.55,96.55,96.47,96.49,951.697
1778553240.0,96.49,96.51,96.42,96.43,3013.71
1778553300.0,96.42,96.46,96.28,96.4,7050.54
1778553360.0,96.4,96.46,96.36,96.46,4813.608
1778553420.0,96.46,96.46,96.4,96.42,803.396
1778553480.0,96.41,96.43,96.33,96.4,6738.064
1778553540.0,96.4,96.41,96.36,96.36,1349.163
1778553600.0,96.37,96.42,96.36,96.4,3942.601
1778553660.0,96.4,96.43,96.38,96.43,3480.678
1778553720.0,96.43,96.46,96.43,96.43,1081.054
1778553780.0,96.44,96.48,96.39,96.41,2762.92
1778553840.0,96.41,96.42,96.34,96.38,1511.879
1778553900.0,96.37,96.5,96.37,96.5,2369.541
1778553960.0,96.5,96.5,96.43,96.44,2365.702
1778554020.0,96.43,96.47,96.42,96.44,2405.484
1778554080.0,96.44,96.44,96.38,96.39,1153.435
1778554140.0,96.39,96.45,96.38,96.44,2533.83
1778554200.0,96.44,96.55,96.43,96.52,3931.762
1778554260.0,96.52,96.52,96.47,96.5,945.983
1778554320.0,96.5,96.63,96.5,96.63,2961.807
1778554380.0,96.63,96.66,96.54,96.55,1429.852
1778554440.0,96.54,96.62,96.54,96.61,2215.626
1778554500.0,96.61,96.61,96.52,96.53,528.661
1778554560.0,96.53,96.55,96.48,96.48,1084.251
1778554620.0,96.49,96.55,96.49,96.53,1991.5
1778554680.0,96.53,96.53,96.52,96.53,517.723
1778554740.0,96.53,96.56,96.51,96.55,826.013
1778554800.0,96.55,96.61,96.54,96.6,852.345
1778554860.0,96.61,96.64,96.6,96.6,1202.784
1778554920.0,96.6,96.61,96.54,96.57,730.937
1778554980.0,96.57,96.57,96.53,96.54,249.828
1778555040.0,96.53,96.54,96.48,96.49,1740.068
1778555100.0,96.48,96.48,96.42,96.45,1104.873
1778555160.0,96.44,96.51,96.44,96.5,651.257
1778555220.0,96.51,96.55,96.48,96.55,694.824
1778555280.0,96.55,96.55,96.47,96.48,1406.649
1778555340.0,96.49,96.52,96.48,96.5,635.685
1778555400.0,96.5,96.51,96.45,96.46,1109.351
1778555460.0,96.45,96.45,96.4,96.41,571.323
1778555520.0,96.4,96.4,96.33,96.34,1982.667
1778555580.0,96.33,96.33,96.3,96.32,487.663
1778555640.0,96.33,96.38,96.33,96.38,1285.468
1778555700.0,96.37,96.38,96.28,96.29,2054.843
1778555760.0,96.29,96.33,96.25,96.31,1652.331
1778555820.0,96.31,96.33,96.3,96.3,271.77
1778555880.0,96.3,96.32,96.25,96.27,2832.123
1778555940.0,96.27,96.27,96.23,96.26,1637.92
1778556000.0,96.26,96.29,96.25,96.29,639.663
1778556060.0,96.29,96.34,96.29,96.34,1042.022
1778556120.0,96.34,96.35,96.3,96.32,670.313
1778556180.0,96.32,96.35,96.1,96.13,8183.183
1778556240.0,96.12,96.24,96.12,96.23,1078.977
1778556300.0,96.23,96.25,96.22,96.25,210.421
1778556360.0,96.25,96.27,96.24,96.26,138.82
1778556420.0,96.26,96.27,96.16,96.19,1629.747
1778556480.0,96.18,96.25,96.18,96.24,861.588
1778556540.0,96.25,96.25,96.21,96.23,354.745
1778556600.0,96.23,96.27,96.23,96.25,921.033
1778556660.0,96.25,96.31,96.24,96.31,763.863
1778556720.0,96.32,96.37,96.3,96.33,1745.429
1778556780.0,96.33,96.33,96.27,96.28,681.005
1778556840.0,96.28,96.33,96.27,96.3,1000.395
1778556900.0,96.3,96.3,96.24,96.25,818.957
1778556960.0,96.26,96.35,96.25,96.35,1197.507
1778557020.0,96.34,96.37,96.32,96.36,883.982
1778557080.0,96.36,96.36,96.28,96.34,1303.931
1778557140.0,96.34,96.34,96.31,96.31,137.023
1778557200.0,96.31,96.33,96.31,96.32,423.838
1778557260.0,96.32,96.32,96.27,96.31,714.378
1778557320.0,96.31,96.33,96.28,96.33,2140.419
1778557380.0,96.33,96.33,96.31,96.33,279.354
1778557440.0,96.33,96.38,96.31,96.36,623.676
1778557500.0,96.35,96.35,96.22,96.25,1594.793
1778557560.0,96.26,96.26,96.1,96.11,1702.42
1778557620.0,96.1,96.14,96.06,96.14,882.249
1778557680.0,96.13,96.2,96.12,96.13,1391.868
1778557740.0,96.13,96.17,96.12,96.16,915.031
1778557800.0,96.15,96.15,96.08,96.09,733.289
1778557860.0,96.08,96.11,96.05,96.09,1179.915
1778557920.0,96.09,96.14,96.08,96.14,664.655
1778557980.0,96.14,96.15,96.13,96.14,284.572
1778558040.0,96.15,96.15,96.1,96.11,1423.403
1778558100.0,96.11,96.11,96.1,96.1,226.576
1778558160.0,96.11,96.11,96.05,96.08,1447.326
1778558220.0,96.08,96.08,96.05,96.07,258.846
1778558280.0,96.07,96.11,96.07,96.11,336.727
1778558340.0,96.1,96.15,96.1,96.14,453.395
1778558400.0,96.14,96.14,96.07,96.08,703.908
1778558460.0,96.09,96.14,96.09,96.11,838.758
1778558520.0,96.11,96.15,96.08,96.15,849.366
1778558580.0,96.15,96.15,96.1,96.12,292.813
1778558640.0,96.12,96.14,96.11,96.13,491.724
1778558700.0,96.14,96.15,96.11,96.13,480.664
1778558760.0,96.12,96.15,96.11,96.15,455.254
1778558820.0,96.15,96.2,96.14,96.19,383.653
1778558880.0,96.19,96.19,96.13,96.16,738.311
1778558940.0,96.15,96.2,96.13,96.15,1171.016
1778559000.0,96.15,96.19,96.14,96.18,394.708
1778559060.0,96.19,96.19,96.13,96.14,477.484
1778559120.0,96.14,96.18,96.12,96.15,934.549
1778559180.0,96.15,96.16,96.1,96.11,3166.614
1778559240.0,96.12,96.15,96.11,96.13,437.354
1778559300.0,96.14,96.22,96.1,96.21,2426.286
1778559360.0,96.21,96.35,96.21,96.32,2280.872
1778559420.0,96.32,96.37,96.32,96.36,1146.634
1778559480.0,96.36,96.36,96.25,96.25,630.945
1778559540.0,96.26,96.31,96.25,96.3,634.765
1778559600.0,96.31,96.31,96.28,96.3,898.893
1778559660.0,96.31,96.34,96.3,96.33,496.508
1778559720.0,96.33,96.38,96.33,96.37,616.712
1778559780.0,96.36,96.36,96.27,96.29,988.146
1778559840.0,96.28,96.33,96.27,96.32,421.325
1778559900.0,96.32,96.34,96.28,96.28,586.852
1778559960.0,96.28,96.31,96.25,96.31,508.348
1778560020.0,96.31,96.35,96.3,96.33,893.509
1778560080.0,96.34,96.34,96.32,96.33,268.828
1778560140.0,96.32,96.32,96.28,96.28,488.802
1778560200.0,96.28,96.31,96.28,96.31,138.51
1778560260.0,96.31,96.35,96.28,96.3,1058.114
1778560320.0,96.3,96.33,96.29,96.32,244.408
1778560380.0,96.32,96.33,96.31,96.32,110.265
1778560440.0,96.32,96.33,96.31,96.33,612.288
1778560500.0,96.33,96.33,96.31,96.33,136.285
1778560560.0,96.33,96.38,96.33,96.37,521.485
1778560620.0,96.38,96.42,96.37,96.39,1050.608
1778560680.0,96.38,96.4,96.36,96.37,192.2
1778560740.0,96.37,96.44,96.36,96.43,600.333
1778560800.0,96.44,96.44,96.43,96.43,658.491
1778560860.0,96.43,96.43,96.39,96.39,515.35
1778560920.0,96.4,96.4,96.35,96.36,987.205
1778560980.0,96.37,96.4,96.36,96.36,643.595
1778561040.0,96.37,96.37,96.33,96.34,3044.722
1778561100.0,96.33,96.42,96.33,96.42,1058.381
1778561160.0,96.42,96.47,96.41,96.45,532.068
1778561220.0,96.45,96.47,96.44,96.45,340.856
1778561280.0,96.46,96.5,96.46,96.49,388.353
1778561340.0,96.49,96.5,96.48,96.5,237.298
1778561400.0,96.49,96.5,96.48,96.49,220.601
1778561460.0,96.48,96.48,96.42,96.46,713.578
1778561520.0,96.46,96.46,96.38,96.38,2515.503
1778561580.0,96.38,96.38,96.31,96.33,2903.137
1778561640.0,96.34,96.38,96.33,96.38,487.347
1778561700.0,96.38,96.41,96.35,96.41,429.12
1778561760.0,96.4,96.41,96.36,96.38,327.319
1778561820.0,96.38,96.41,96.38,96.4,151.825
1778561880.0,96.39,96.41,96.35,96.4,675.506
1778561940.0,96.41,96.41,96.36,96.36,345.203
1778562000.0,96.37,96.38,96.34,96.37,557.998
1778562060.0,96.38,96.42,96.38,96.41,259.669
1778562120.0,96.4,96.44,96.4,96.43,156.187
1778562180.0,96.44,96.48,96.42,96.47,1091.596
1778562240.0,96.47,96.48,96.39,96.47,4111.497
1778562300.0,96.46,96.5,96.45,96.47,747.41
1778562360.0,96.47,96.49,96.43,96.44,558.76
1778562420.0,96.44,96.44,96.4,96.42,538.09
1778562480.0,96.41,96.42,96.36,96.39,429.874
1778562540.0,96.4,96.41,96.34,96.35,426.776
1778562600.0,96.34,96.35,96.33,96.34,184.27
1778562660.0,96.34,96.34,96.29,96.29,499.791
1778562720.0,96.29,96.31,96.23,96.28,2409.569
1778562780.0,96.28,96.35,96.27,96.33,703.998
1778562840.0,96.33,96.37,96.31,96.37,667.266
1778562900.0,96.36,96.44,96.36,96.41,961.826
1778562960.0,96.41,96.41,96.39,96.41,892.162
1778563020.0,96.41,96.44,96.39,96.44,436.016
1778563080.0,96.44,96.55,96.42,96.54,880.779
1778563140.0,96.53,96.58,96.52,96.56,2583.616
1778563200.0,96.56,96.6,96.56,96.59,558.204
1778563260.0,96.59,96.59,96.54,96.56,420.962
1778563320.0,96.57,96.58,96.55,96.55,159.494
1778563380.0,96.54,96.56,96.52,96.55,301.919
1778563440.0,96.56,96.59,96.54,96.59,1256.956
1778563500.0,96.59,96.6,96.58,96.6,816.059
1778563560.0,96.6,96.66,96.6,96.64,1373.046
1778563620.0,96.64,96.72,96.64,96.69,816.329
1778563680.0,96.69,96.69,96.63,96.63,1262.943
1778563740.0,96.64,96.65,96.62,96.63,567.42
1778563800.0,96.64,96.7,96.63,96.67,2183.293
1778563860.0,96.68,96.71,96.68,96.7,371.035
1778563920.0,96.69,96.7,96.6,96.6,1139.517
1778563980.0,96.6,96.62,96.57,96.62,737.663
1778564040.0,96.61,96.61,96.5,96.52,1007.688
1778564100.0,96.52,96.61,96.52,96.61,637.562
1778564160.0,96.61,96.62,96.58,96.59,363.79
1778564220.0,96.59,96.63,96.58,96.62,139.6
1778564280.0,96.62,96.66,96.6,96.66,238.301
1778564340.0,96.65,96.77,96.64,96.75,2493.594
1778564400.0,96.74,96.75,96.7,96.71,760.714
1778564460.0,96.7,96.73,96.68,96.73,202.877
1778564520.0,96.73,96.75,96.71,96.75,587.32
1778564580.0,96.75,96.77,96.72,96.73,612.665
1778564640.0,96.73,96.73,96.63,96.64,1003.066
1778564700.0,96.64,96.67,96.62,96.64,644.965
1778564760.0,96.64,96.65,96.6,96.61,665.609
1778564820.0,96.6,96.67,96.6,96.65,553.688
1778564880.0,96.66,96.7,96.65,96.69,671.034
1778564940.0,96.69,96.76,96.68,96.76,650.486
1778565000.0,96.75,96.75,96.66,96.66,6170.448
1778565060.0,96.66,96.66,96.62,96.64,838.729
1778565120.0,96.63,96.64,96.61,96.62,1409.216
1778565180.0,96.63,96.69,96.62,96.68,756.937
1778565240.0,96.68,96.68,96.62,96.63,464.637
1778565300.0,96.64,96.73,96.63,96.72,402.493
1778565360.0,96.73,96.74,96.7,96.7,1212.301
1778565420.0,96.7,96.71,96.64,96.65,1206.845
1778565480.0,96.65,96.65,96.62,96.63,339.737
1778565540.0,96.63,96.63,96.57,96.58,975.774
1778565600.0,96.58,96.58,96.48,96.55,1622.037
1778565660.0,96.54,96.64,96.53,96.63,1723.103
1778565720.0,96.64,96.7,96.63,96.66,3672.695
1778565780.0,96.67,96.7,96.66,96.68,1266.614
1778565840.0,96.68,96.7,96.68,96.69,238.029
1778565900.0,96.7,96.71,96.64,96.65,558.037
1778565960.0,96.64,96.65,96.6,96.62,632.114
1778566020.0,96.63,96.67,96.57,96.66,1511.333
1778566080.0,96.67,96.67,96.62,96.62,784.788
1778566140.0,96.62,96.67,96.62,96.64,447.54
1778566200.0,96.64,96.68,96.64,96.68,262.667
1778566260.0,96.67,96.69,96.65,96.66,387.177
1778566320.0,96.66,96.69,96.66,96.69,368.539
1778566380.0,96.69,96.69,96.67,96.67,276.748
1778566440.0,96.68,96.7,96.67,96.7,194.518
1778566500.0,96.7,96.75,96.69,96.75,670.915
1778566560.0,96.75,96.76,96.74,96.75,198.844
1778566620.0,96.76,96.88,96.72,96.85,1787.648
1778566680.0,96.85,96.87,96.84,96.85,1025.376
1778566740.0,96.85,96.85,96.81,96.83,3102.454
1778566800.0,96.82,96.88,96.81,96.87,1425.284
1778566860.0,96.87,96.97,96.86,96.97,1283.125
1778566920.0,96.97,97.0,96.95,96.99,1196.26
1778566980.0,96.99,96.99,96.87,96.88,1240.44
1778567040.0,96.89,96.89,96.83,96.86,1603.658
1778567100.0,96.87,96.92,96.86,96.92,510.094
1778567160.0,96.92,96.93,96.87,96.88,700.596
1778567220.0,96.88,96.88,96.77,96.78,773.295
1778567280.0,96.78,96.78,96.74,96.74,789.92
1778567340.0,96.74,96.77,96.74,96.75,947.808
1778567400.0,96.75,96.78,96.62,96.63,2797.227
1778567460.0,96.63,96.66,96.51,96.52,2386.439
1778567520.0,96.52,96.55,96.49,96.52,1184.634
1778567580.0,96.52,96.52,96.4,96.41,3202.095
1778567640.0,96.41,96.48,96.4,96.44,1377.622
1778567700.0,96.44,96.53,96.42,96.52,1727.128
1778567760.0,96.53,96.53,96.44,96.49,969.31
1778567820.0,96.49,96.53,96.46,96.47,828.325
1778567880.0,96.47,96.48,96.42,96.43,471.656
1778567940.0,96.43,96.43,96.37,96.4,2163.75
1778568000.0,96.41,96.49,96.41,96.47,1261.223
1778568060.0,96.47,96.47,96.37,96.38,1088.587
1778568120.0,96.38,96.38,96.32,96.35,1603.307
1778568180.0,96.36,96.4,96.35,96.37,710.465
1778568240.0,96.38,96.38,96.34,96.38,790.159
1778568300.0,96.38,96.38,96.35,96.35,176.719
1778568360.0,96.36,96.42,96.36,96.4,564.373
1778568420.0,96.39,96.43,96.38,96.43,476.77
1778568480.0,96.42,96.42,96.36,96.36,576.302
1778568540.0,96.36,96.36,96.32,96.32,648.07
1778568600.0,96.32,96.32,96.22,96.23,2194.933
1778568660.0,96.23,96.24,96.16,96.17,1771.185
1778568720.0,96.17,96.21,96.17,96.21,605.167
1778568780.0,96.21,96.29,96.21,96.26,1031.383
1778568840.0,96.26,96.32,96.26,96.27,852.78
1778568900.0,96.26,96.26,96.21,96.21,598.025
1778568960.0,96.22,96.24,96.19,96.24,198.524
1778569020.0,96.23,96.23,96.18,96.21,838.886
1778569080.0,96.21,96.24,96.2,96.22,523.417
1778569140.0,96.22,96.24,96.2,96.21,243.711
1778569200.0,96.2,96.2,96.14,96.16,1348.139
1778569260.0,96.15,96.16,96.13,96.14,651.545
1778569320.0,96.13,96.14,96.02,96.07,5081.754
1778569380.0,96.07,96.11,96.04,96.05,1873.492
1778569440.0,96.04,96.07,96.02,96.04,988.477
1778569500.0,96.05,96.07,95.95,95.96,3175.943
1778569560.0,95.95,95.98,95.82,95.96,8977.135
1778569620.0,95.96,96.01,95.87,95.97,7014.854
1778569680.0,95.97,96.09,95.96,96.09,1453.942
1778569740.0,96.08,96.08,96.01,96.07,2411.373
1778569800.0,96.06,96.07,96.04,96.07,189.165
1778569860.0,96.07,96.18,96.06,96.18,2077.051
1778569920.0,96.17,96.25,96.14,96.25,992.994
1778569980.0,96.25,96.27,96.2,96.2,934.998
1778570040.0,96.19,96.24,96.18,96.24,544.662
1778570100.0,96.24,96.24,96.03,96.16,3104.028
1778570160.0,96.17,96.24,96.17,96.22,619.68
1778570220.0,96.23,96.24,96.14,96.14,2922.284
1778570280.0,96.15,96.18,96.13,96.13,246.524
1778570340.0,96.13,96.22,96.12,96.21,945.367
1778570400.0,96.22,96.22,96.18,96.18,317.439
1778570460.0,96.19,96.19,96.15,96.17,307.574
1778570520.0,96.18,96.21,96.17,96.21,321.834
1778570580.0,96.21,96.21,96.17,96.18,1177.733
1778570640.0,96.19,96.31,96.19,96.29,859.582
1778570700.0,96.29,96.29,96.25,96.25,372.598
1778570760.0,96.25,96.25,96.17,96.17,799.128
1778570820.0,96.17,96.18,96.14,96.14,820.796
1778570880.0,96.15,96.15,96.08,96.1,1583.665
1778570940.0,96.1,96.12,96.05,96.06,3334.87
1778571000.0,96.07,96.08,96.02,96.07,1964.212
1778571060.0,96.07,96.1,96.06,96.09,1975.672
1778571120.0,96.09,96.12,96.09,96.12,221.209
1778571180.0,96.12,96.23,96.1,96.19,934.378
1778571240.0,96.19,96.23,96.18,96.23,361.145
1778571300.0,96.22,96.23,96.17,96.19,557.348
1778571360.0,96.2,96.23,96.15,96.15,659.375
1778571420.0,96.15,96.23,96.15,96.21,1077.618
1778571480.0,96.21,96.22,96.16,96.16,438.816
1778571540.0,96.16,96.17,96.08,96.13,1322.184
1778571600.0,96.13,96.15,96.11,96.14,85.729
1778571660.0,96.14,96.18,96.11,96.12,1975.462
1778571720.0,96.12,96.15,96.12,96.13,475.707
1778571780.0,96.13,96.14,96.07,96.09,2192.291
1778571840.0,96.08,96.11,96.05,96.06,2087.186
1778571900.0,96.06,96.11,96.0,96.02,1996.154
1778571960.0,96.01,96.02,95.9,95.95,1741.11
1778572020.0,95.94,96.0,95.91,95.99,729.523
1778572080.0,95.98,96.0,95.85,95.97,1890.082
1778572140.0,95.97,96.09,95.97,96.09,1521.987
1778572200.0,96.08,96.18,96.08,96.18,1922.53
1778572260.0,96.18,96.23,96.18,96.22,826.257
1778572320.0,96.22,96.3,96.21,96.24,1267.836
1778572380.0,96.24,96.25,96.16,96.17,842.412
1778572440.0,96.16,96.21,96.12,96.19,1358.478
1778572500.0,96.18,96.19,96.13,96.14,422.456
1778572560.0,96.14,96.15,96.11,96.13,993.338
1778572620.0,96.12,96.17,96.12,96.12,605.644
1778572680.0,96.11,96.11,96.0,96.01,990.412
1778572740.0,96.0,96.05,96.0,96.05,1262.729
1778572800.0,96.05,96.07,95.9,96.06,2785.549
1778572860.0,96.06,96.15,95.99,95.99,1855.166
1778572920.0,96.0,96.0,95.93,95.93,936.444
1778572980.0,95.93,95.94,95.59,95.75,41766.808
1778573040.0,95.74,95.81,95.69,95.75,2922.011
1778573100.0,95.75,95.88,95.64,95.84,3661.821
1778573160.0,95.84,95.86,95.74,95.76,5138.477
1778573220.0,95.77,95.8,95.75,95.8,576.341
1778573280.0,95.79,95.8,95.74,95.74,1825.134
1778573340.0,95.74,95.81,95.74,95.79,1081.488
1778573400.0,95.79,95.79,95.69,95.7,4404.507
1778573460.0,95.7,95.73,95.68,95.72,2417.279
1778573520.0,95.71,95.72,95.64,95.71,1906.91
1778573580.0,95.72,95.72,95.59,95.62,8655.955
1778573640.0,95.61,95.65,95.57,95.61,3718.151
1778573700.0,95.61,95.62,95.4,95.53,13523.232
1778573760.0,95.52,95.55,95.48,95.51,2215.274
1778573820.0,95.51,95.58,95.51,95.54,940.844
1778573880.0,95.54,95.63,95.51,95.62,1422.052
1778573940.0,95.63,95.63,95.56,95.57,1469.619
1778574000.0,95.57,95.66,95.57,95.65,1312.225
1778574060.0,95.66,95.72,95.65,95.69,1613.776
1778574120.0,95.68,95.75,95.68,95.75,798.555
1778574180.0,95.74,95.86,95.73,95.86,1438.016
1778574240.0,95.86,95.86,95.73,95.73,1216.931
1778574300.0,95.72,95.72,95.6,95.6,2098.358
1778574360.0,95.61,95.66,95.59,95.63,1241.846
1778574420.0,95.64,95.66,95.61,95.65,361.936
1778574480.0,95.64,95.69,95.59,95.68,1103.455
1778574540.0,95.69,95.69,95.63,95.64,760.742
1778574600.0,95.64,95.66,95.63,95.65,389.593
1778574660.0,95.65,95.69,95.63,95.69,268.236
1778574720.0,95.69,95.7,95.65,95.66,901.711
1778574780.0,95.66,95.73,95.66,95.7,721.991
1778574840.0,95.71,95.73,95.67,95.73,1488.098
1778574900.0,95.73,95.77,95.72,95.76,324.304
1778574960.0,95.77,95.84,95.77,95.78,1498.362
1778575020.0,95.78,95.81,95.77,95.79,481.837
1778575080.0,95.78,95.79,95.77,95.77,755.163
1778575140.0,95.77,95.81,95.76,95.77,442.9
1778575200.0,95.77,95.78,95.71,95.71,889.17
1778575260.0,95.71,95.71,95.61,95.61,2700.423
1778575320.0,95.61,95.62,95.59,95.59,1062.544
1778575380.0,95.58,95.64,95.58,95.64,790.098
1778575440.0,95.65,95.84,95.61,95.84,8513.733
1778575500.0,95.84,95.9,95.8,95.89,911.151
1778575560.0,95.89,95.89,95.82,95.83,786.775
1778575620.0,95.83,95.83,95.76,95.77,1805.799
1778575680.0,95.78,95.84,95.78,95.81,542.251
1778575740.0,95.81,95.81,95.71,95.75,1929.847
1778575800.0,95.74,95.8,95.74,95.8,426.173
1778575860.0,95.79,95.84,95.79,95.84,426.297
1778575920.0,95.83,95.85,95.81,95.82,1299.977
1778575980.0,95.81,95.81,95.58,95.58,6999.729
1778576040.0,95.59,95.66,95.56,95.66,798.604
1778576100.0,95.65,95.66,95.61,95.62,214.546
1778576160.0,95.61,95.62,95.58,95.59,975.365
1778576220.0,95.58,95.66,95.58,95.66,622.926
1778576280.0,95.66,95.69,95.65,95.68,914.49
1778576340.0,95.68,95.7,95.65,95.65,1838.572
1778576400.0,95.65,95.66,95.58,95.58,1315.287
1778576460.0,95.58,95.61,95.56,95.58,354.61
1778576520.0,95.58,95.68,95.58,95.68,820.596
1778576580.0,95.68,95.72,95.67,95.68,631.446
1778576640.0,95.67,95.72,95.65,95.71,754.057
1778576700.0,95.72,95.72,95.59,95.6,1270.342
1778576760.0,95.59,95.59,95.54,95.54,662.805
1778576820.0,95.54,95.56,95.45,95.53,2452.89
1778576880.0,95.53,95.55,95.48,95.53,1199.521
1778576940.0,95.54,95.63,95.52,95.62,1127.467
1778577000.0,95.62,95.63,95.5,95.55,14696.297
1778577060.0,95.55,95.58,95.5,95.51,7907.69
1778577120.0,95.51,95.52,95.39,95.45,59914.066
1778577180.0,95.44,95.48,95.36,95.39,11552.018
1778577240.0,95.39,95.42,95.29,95.37,37726.854
1778577300.0,95.37,95.43,95.36,95.42,3668.978
1778577360.0,95.42,95.45,95.34,95.34,2270.446
1778577420.0,95.34,95.45,95.31,95.43,3061.328
1778577480.0,95.43,95.48,95.43,95.46,1627.33
1778577540.0,95.46,95.5,95.43,95.5,1692.814
1778577600.0,95.49,95.52,95.48,95.49,488.729
1778577660.0,95.5,95.52,95.46,95.52,4322.262
1778577720.0,95.51,95.52,95.45,95.52,1947.68
1778577780.0,95.52,95.52,95.47,95.47,542.781
1778577840.0,95.47,95.56,95.47,95.56,2020.338
1778577900.0,95.55,95.58,95.53,95.53,2087.678
1778577960.0,95.54,95.54,95.5,95.53,779.343
1778578020.0,95.53,95.53,95.51,95.51,562.902
1778578080.0,95.52,95.52,95.48,95.49,613.867
1778578140.0,95.49,95.52,95.47,95.51,1131.59
1778578200.0,95.51,95.72,95.51,95.72,6446.394
1778578260.0,95.72,95.74,95.66,95.66,5673.798
1778578320.0,95.66,95.78,95.66,95.74,3460.205
1778578380.0,95.74,95.87,95.73,95.87,1579.876
1778578440.0,95.87,95.91,95.83,95.9,11518.562
1778578500.0,95.9,95.92,95.87,95.89,1612.361
1778578560.0,95.89,95.91,95.88,95.91,925.999
1778578620.0,95.91,95.94,95.87,95.89,1717.649
1778578680.0,95.88,95.92,95.88,95.89,712.539
1778578740.0,95.89,95.97,95.89,95.97,1308.201
1778578800.0,95.97,96.01,95.96,96.0,1498.135
1778578860.0,96.0,96.04,95.97,95.99,2921.369
1778578920.0,96.0,96.06,95.99,96.0,2066.769
1778578980.0,95.99,96.01,95.95,95.96,1417.441
1778579040.0,95.97,95.99,95.95,95.97,1436.542
1778579100.0,95.96,96.04,95.96,95.99,852.369
1778579160.0,95.99,95.99,95.89,95.9,966.705
1778579220.0,95.9,95.9,95.83,95.85,2273.711
1778579280.0,95.85,95.85,95.83,95.84,451.15
1778579340.0,95.85,95.86,95.83,95.86,423.371
1778579400.0,95.85,95.88,95.8,95.81,826.977
1778579460.0,95.82,95.84,95.82,95.83,264.237
1778579520.0,95.83,95.85,95.82,95.83,487.919
1778579580.0,95.83,95.83,95.8,95.8,481.155
1778579640.0,95.79,95.79,95.73,95.76,862.94
1778579700.0,95.75,95.8,95.71,95.77,1288.338
1778579760.0,95.76,95.8,95.74,95.76,1418.231
1778579820.0,95.77,95.77,95.74,95.74,454.578
1778579880.0,95.75,95.78,95.74,95.75,943.411
1778579940.0,95.75,95.79,95.74,95.78,574.427
1778580000.0,95.78,95.8,95.74,95.8,1033.661
1778580060.0,95.79,95.81,95.76,95.79,978.892
1778580120.0,95.78,95.86,95.78,95.83,1461.986
1778580180.0,95.82,95.83,95.77,95.8,1424.1
1778580240.0,95.81,95.81,95.77,95.78,1709.829
1778580300.0,95.77,95.81,95.76,95.81,948.669
1778580360.0,95.81,95.84,95.8,95.83,1126.175
1778580420.0,95.83,95.87,95.82,95.86,848.396
1778580480.0,95.85,95.89,95.85,95.89,1175.434
1778580540.0,95.88,95.9,95.84,95.88,1214.76
1778580600.0,95.89,95.93,95.89,95.92,689.333
1778580660.0,95.92,95.96,95.9,95.92,1663.783
1778580720.0,95.93,95.97,95.9,95.93,1862.052
1778580780.0,95.93,95.94,95.89,95.9,6504.249
1778580840.0,95.9,95.95,95.69,95.7,10693.225
1778580900.0,95.69,95.69,95.59,95.6,1346.152
1778580960.0,95.59,95.6,95.54,95.57,2586.793
1778581020.0,95.56,95.57,95.5,95.52,1021.018
1778581080.0,95.52,95.58,95.52,95.56,1292.96
1778581140.0,95.56,95.58,95.55,95.56,583.52
1778581200.0,95.56,95.58,95.53,95.57,2021.752
1778581260.0,95.57,95.57,95.5,95.51,2402.364
1778581320.0,95.5,95.5,95.35,95.35,2272.442
1778581380.0,95.35,95.37,95.19,95.31,8151.228
1778581440.0,95.31,95.39,95.31,95.39,1260.929
1778581500.0,95.4,95.41,95.3,95.35,3715.145
1778581560.0,95.34,95.35,95.31,95.32,955.45
1778581620.0,95.32,95.37,95.32,95.36,661.441
1778581680.0,95.37,95.43,95.36,95.42,965.724
1778581740.0,95.42,95.42,95.4,95.42,884.384
1778581800.0,95.43,95.48,95.35,95.36,2277.903
1778581860.0,95.35,95.37,95.3,95.3,2443.639
1778581920.0,95.3,95.32,95.24,95.24,1486.776
1778581980.0,95.24,95.25,95.2,95.21,4712.507
1778582040.0,95.2,95.2,95.11,95.18,8101.033
1778582100.0,95.19,95.19,95.1,95.19,1645.101
1778582160.0,95.18,95.25,95.16,95.25,916.805
1778582220.0,95.25,95.28,95.22,95.28,1628.447
1778582280.0,95.28,95.3,95.26,95.29,1234.572
1778582340.0,95.3,95.3,95.16,95.16,1183.669
1778582400.0,95.17,95.2,95.14,95.19,720.592
1778582460.0,95.18,95.2,95.17,95.19,785.015
1778582520.0,95.18,95.21,95.1,95.1,1786.513
1778582580.0,95.1,95.15,95.04,95.15,3399.685
1778582640.0,95.15,95.19,95.13,95.15,2144.539
1778582700.0,95.14,95.17,95.1,95.12,1053.045
1778582760.0,95.11,95.12,95.05,95.05,1539.739
1778582820.0,95.05,95.08,95.05,95.05,747.868
1778582880.0,95.05,95.09,94.98,95.02,9814.654
1778582940.0,95.02,95.02,94.94,94.98,3241.763
1778583000.0,94.99,95.11,94.95,95.06,4098.297
1778583060.0,95.06,95.12,95.02,95.07,1706.939
1778583120.0,95.06,95.12,95.05,95.11,500.159
1778583180.0,95.12,95.12,95.05,95.05,3099.126
1778583240.0,95.05,95.05,94.99,95.03,1544.018
1778583300.0,95.02,95.03,94.95,94.97,1811.356
1778583360.0,94.97,95.0,94.96,94.99,1367.173
1778583420.0,94.98,94.98,94.95,94.97,1083.284
1778583480.0,94.96,94.97,94.94,94.94,1261.733
1778583540.0,94.95,95.0,94.95,95.0,1932.438
1778583600.0,95.0,95.03,94.96,94.99,2858.332
1778583660.0,94.99,95.01,94.95,94.96,655.632
1778583720.0,94.95,94.97,94.87,94.92,2417.835
1778583780.0,94.91,95.01,94.88,95.0,972.089
1778583840.0,95.01,95.01,94.96,94.97,364.311
1778583900.0,94.97,94.97,94.71,94.74,6471.881
1778583960.0,94.74,94.81,94.72,94.76,1636.409
1778584020.0,94.75,94.78,94.71,94.72,1937.998
1778584080.0,94.73,94.92,94.67,94.92,3674.563
1778584140.0,94.92,94.95,94.91,94.92,2854.498
1778584200.0,94.93,95.05,94.87,94.87,4615.504
1778584260.0,94.88,94.89,94.85,94.85,707.193
1778584320.0,94.86,94.86,94.77,94.78,1173.898
1778584380.0,94.79,94.86,94.78,94.82,1574.077
1778584440.0,94.82,94.85,94.79,94.8,907.297
1778584500.0,94.8,94.8,94.73,94.77,2913.378
1778584560.0,94.77,94.78,94.6,94.7,4517.766
1778584620.0,94.7,94.74,94.69,94.74,2199.318
1778584680.0,94.74,94.76,94.63,94.64,2623.029
1778584740.0,94.64,94.7,94.61,94.69,1181.268
1778584800.0,94.69,94.73,94.63,94.73,7030.309
1778584860.0,94.74,94.74,94.66,94.68,1210.388
1778584920.0,94.69,94.74,94.65,94.69,2223.746
1778584980.0,94.7,94.71,94.68,94.7,734.011
1778585040.0,94.69,94.7,94.65,94.67,3519.638
1778585100.0,94.66,94.76,94.66,94.75,1013.607
1778585160.0,94.74,94.78,94.73,94.75,779.749
1778585220.0,94.76,94.76,94.7,94.72,1352.743
1778585280.0,94.73,94.73,94.7,94.73,454.133
1778585340.0,94.73,94.75,94.72,94.75,837.678
1778585400.0,94.74,94.84,94.74,94.79,2622.293
1778585460.0,94.8,94.83,94.79,94.83,565.52
1778585520.0,94.83,94.83,94.81,94.82,553.878
1778585580.0,94.82,94.82,94.78,94.79,1368.404
1778585640.0,94.79,94.81,94.78,94.8,743.701
1778585700.0,94.8,94.8,94.77,94.78,607.876
1778585760.0,94.78,94.78,94.74,94.75,430.585
1778585820.0,94.75,94.78,94.73,94.73,748.852
1778585880.0,94.74,94.79,94.73,94.79,626.265
1778585940.0,94.8,94.84,94.77,94.79,2480.312
1778586000.0,94.8,94.81,94.77,94.8,1332.54
1778586060.0,94.8,94.84,94.79,94.83,1410.187
1778586120.0,94.84,94.88,94.82,94.85,548.176
1778586180.0,94.85,94.91,94.84,94.9,336.74
1778586240.0,94.9,94.92,94.89,94.91,493.789
1778586300.0,94.91,94.91,94.82,94.83,2106.132
1778586360.0,94.83,94.86,94.79,94.84,1032.083
1778586420.0,94.84,94.87,94.82,94.86,1911.278
1778586480.0,94.85,94.91,94.85,94.9,630.265
1778586540.0,94.91,94.92,94.84,94.85,773.164
1778586600.0,94.84,94.84,94.81,94.83,710.996
1778586660.0,94.83,94.84,94.82,94.84,215.415
1778586720.0,94.84,94.86,94.81,94.85,4665.748
1778586780.0,94.85,94.86,94.81,94.86,2411.647
1778586840.0,94.87,94.91,94.86,94.89,699.456
1778586900.0,94.9,94.91,94.87,94.9,850.368
1778586960.0,94.9,94.94,94.9,94.91,791.542
1778587020.0,94.92,94.94,94.91,94.94,376.133
1778587080.0,94.95,94.97,94.95,94.96,619.658
1778587140.0,94.95,95.0,94.95,94.98,3665.185
1778587200.0,94.97,94.97,94.9,94.91,1445.302
1778587260.0,94.9,94.93,94.9,94.92,512.986
1778587320.0,94.93,94.99,94.92,94.99,2194.378
1778587380.0,94.99,94.99,94.94,94.94,2850.441
1778587440.0,94.94,94.95,94.88,94.89,5052.419
1778587500.0,94.89,94.92,94.88,94.92,494.5
1778587560.0,94.92,94.92,94.84,94.88,1502.872
1778587620.0,94.88,94.92,94.84,94.85,756.261
1778587680.0,94.84,94.84,94.76,94.83,4123.751
1778587740.0,94.82,95.0,94.82,95.0,1732.965
1778587800.0,95.0,95.04,94.99,95.02,3017.604
1778587860.0,95.02,95.08,95.01,95.08,5555.469
1778587920.0,95.07,95.13,95.05,95.08,3990.264
1778587980.0,95.08,95.12,95.07,95.08,1092.472
1778588040.0,95.09,95.11,95.07,95.09,518.436
1778588100.0,95.09,95.12,95.04,95.1,1651.564
1778588160.0,95.09,95.13,95.04,95.06,1684.082
1778588220.0,95.06,95.15,95.06,95.11,2877.636
1778588280.0,95.11,95.17,95.08,95.12,4103.847
1778588340.0,95.13,95.21,95.11,95.18,1310.059
1778588400.0,95.17,95.19,95.08,95.08,5020.464
1778588460.0,95.07,95.1,95.07,95.1,777.226
1778588520.0,95.11,95.14,95.1,95.1,983.84
1778588580.0,95.09,95.09,95.05,95.06,1499.773
1778588640.0,95.06,95.07,95.02,95.05,632.405
1778588700.0,95.04,95.05,95.01,95.05,864.149
1778588760.0,95.05,95.07,94.91,94.91,6409.196
1778588820.0,94.91,94.91,94.81,94.84,2972.494
1778588880.0,94.84,94.98,94.81,94.85,4033.705
1778588940.0,94.85,94.91,94.84,94.89,2493.899
1778589000.0,94.89,95.11,94.67,94.69,17619.096
1778589060.0,94.7,94.83,94.42,94.46,14581.431
1778589120.0,94.45,94.57,94.39,94.43,4532.537
1778589180.0,94.42,94.6,94.42,94.54,3177.698
1778589240.0,94.53,94.9,94.53,94.85,3340.619
1778589300.0,94.85,95.0,94.85,94.98,2348.202
1778589360.0,94.99,95.02,94.93,94.93,1917.55
1778589420.0,94.94,95.08,94.94,95.06,2462.585
1778589480.0,95.07,95.27,95.07,95.24,7459.728
1778589540.0,95.24,95.42,95.22,95.41,6370.466
1778589600.0,95.41,95.56,95.38,95.52,8531.416
1778589660.0,95.51,95.51,95.41,95.45,3679.698
1778589720.0,95.45,95.54,95.36,95.42,5900.686
1778589780.0,95.41,95.43,95.31,95.35,9359.541
1778589840.0,95.35,95.36,95.25,95.32,7778.297
1778589900.0,95.32,95.36,95.3,95.33,2634.386
1778589960.0,95.33,95.36,95.3,95.3,1268.959
1778590020.0,95.31,95.35,95.26,95.34,2731.972
1778590080.0,95.33,95.39,95.3,95.38,1728.682
1778590140.0,95.38,95.42,95.37,95.41,3961.251
1778590200.0,95.42,95.43,95.37,95.37,9160.574
1778590260.0,95.36,95.41,95.34,95.35,1938.809
1778590320.0,95.35,95.38,95.33,95.33,600.507
1778590380.0,95.33,95.38,95.32,95.35,2990.884
1778590440.0,95.36,95.39,95.35,95.36,1078.835
1778590500.0,95.37,95.37,95.22,95.28,2309.721
1778590560.0,95.28,95.28,95.21,95.23,1788.719
1778590620.0,95.24,95.28,95.19,95.25,1380.406
1778590680.0,95.25,95.26,95.19,95.19,1745.747
1778590740.0,95.2,95.23,95.2,95.22,601.575
1778590800.0,95.22,95.26,95.16,95.25,1305.362
1778590860.0,95.25,95.35,95.25,95.29,1922.46
1778590920.0,95.29,95.39,95.25,95.37,1722.598
1778590980.0,95.37,95.39,95.31,95.37,1213.955
1778591040.0,95.38,95.4,95.27,95.3,3432.934
1778591100.0,95.29,95.35,95.29,95.33,4492.148
1778591160.0,95.34,95.35,95.3,95.31,1035.28
1778591220.0,95.3,95.35,95.28,95.35,1249.484
1778591280.0,95.35,95.36,95.33,95.35,1571.526
1778591340.0,95.35,95.37,95.3,95.32,1291.294
1778591400.0,95.32,95.32,95.22,95.23,571.091
1778591460.0,95.23,95.31,95.22,95.25,1187.672
1778591520.0,95.25,95.28,95.25,95.26,664.723
1778591580.0,95.26,95.27,95.2,95.2,488.635
1778591640.0,95.2,95.2,95.02,95.03,3358.235
1778591700.0,95.03,95.09,95.0,95.02,4073.432
1778591760.0,95.01,95.13,95.0,95.09,1360.712
1778591820.0,95.09,95.11,95.01,95.02,1408.382
1778591880.0,95.02,95.02,94.95,94.95,1415.655
1778591940.0,94.95,94.96,94.84,94.87,2993.017
1778592000.0,94.87,94.88,94.81,94.85,1305.356
1778592060.0,94.86,94.97,94.86,94.97,1629.955
1778592120.0,94.98,95.06,94.96,95.05,1015.208
1778592180.0,95.06,95.09,95.05,95.05,619.849
1778592240.0,95.06,95.11,95.05,95.1,340.06
1778592300.0,95.09,95.09,95.02,95.03,1459.614
1778592360.0,95.04,95.08,95.01,95.06,603.93
1778592420.0,95.06,95.06,94.97,94.97,976.925
1778592480.0,94.98,95.03,94.98,95.02,648.998
1778592540.0,95.01,95.02,94.96,95.0,1333.187
1778592600.0,94.99,95.02,94.84,94.9,2869.772
1778592660.0,94.9,95.05,94.87,95.01,2969.997
1778592720.0,95.01,95.08,94.99,95.01,1321.268
1778592780.0,95.02,95.02,94.86,94.96,3181.263
1778592840.0,94.96,95.01,94.88,94.91,2211.544
1778592900.0,94.9,94.9,94.76,94.84,5163.669
1778592960.0,94.85,94.88,94.67,94.75,3128.997
1778593020.0,94.76,94.88,94.74,94.83,2338.969
1778593080.0,94.84,94.94,94.83,94.91,1161.63
1778593140.0,94.91,95.11,94.89,95.11,2879.092
1778593200.0,95.1,95.19,95.04,95.14,2602.365
1778593260.0,95.13,95.2,95.11,95.15,1353.366
1778593320.0,95.15,95.15,95.0,95.06,2619.991
1778593380.0,95.06,95.14,95.06,95.09,1373.787
1778593440.0,95.09,95.2,95.09,95.16,1496.689
1778593500.0,95.16,95.38,95.16,95.33,3407.597
1778593560.0,95.33,95.38,95.08,95.17,12143.81
1778593620.0,95.17,95.17,94.86,94.86,2896.459
1778593680.0,94.86,94.95,94.86,94.89,1158.494
1778593740.0,94.89,94.98,94.84,94.96,3301.274
1778593800.0,94.96,94.98,94.86,94.86,1521.554
1778593860.0,94.87,94.92,94.85,94.87,1421.443
1778593920.0,94.86,94.9,94.83,94.87,1504.635
1778593980.0,94.88,95.01,94.86,94.91,3639.751
1778594040.0,94.92,94.97,94.89,94.92,1318.347
1778594100.0,94.92,94.92,94.73,94.88,5156.251
1778594160.0,94.89,94.91,94.61,94.65,4394.126
1778594220.0,94.65,94.77,94.56,94.76,9115.276
1778594280.0,94.76,94.85,94.67,94.71,6537.214
1778594340.0,94.7,94.74,94.55,94.7,4486.13
1778594400.0,94.71,94.74,94.59,94.72,4183.853
1778594460.0,94.72,94.91,94.72,94.9,5238.388
1778594520.0,94.89,94.94,94.78,94.8,2397.719
1778594580.0,94.81,94.85,94.76,94.79,1533.669
1778594640.0,94.79,94.88,94.72,94.86,2032.594
1778594700.0,94.87,95.03,94.86,95.0,2642.564
1778594760.0,95.0,95.03,94.96,95.01,865.701
1778594820.0,95.01,95.07,95.0,95.0,8263.624
1778594880.0,95.0,95.01,94.81,94.85,1743.924
1778594940.0,94.86,94.92,94.85,94.91,1695.196
1778595000.0,94.91,94.94,94.86,94.87,1313.637
1778595060.0,94.87,94.91,94.82,94.86,1596.296
1778595120.0,94.86,94.98,94.84,94.91,2293.282
1778595180.0,94.91,95.06,94.91,94.99,1889.135
1778595240.0,95.0,95.09,94.99,95.06,1010.945
1778595300.0,95.06,95.18,95.01,95.18,2551.062
1778595360.0,95.17,95.21,95.06,95.07,1475.679
1778595420.0,95.08,95.09,94.93,94.99,2906.502
1778595480.0,94.99,95.06,94.99,95.04,1048.163
1778595540.0,95.05,95.15,95.02,95.15,2962.106
1778595600.0,95.15,95.16,95.08,95.09,1510.476
1778595660.0,95.09,95.18,95.07,95.18,2561.237
1778595720.0,95.19,95.23,95.17,95.22,1331.711
1778595780.0,95.23,95.24,95.17,95.22,1328.793
1778595840.0,95.22,95.22,95.12,95.15,2209.909
1778595900.0,95.16,95.24,95.12,95.17,2231.179
1778595960.0,95.17,95.19,95.05,95.07,2603.322
1778596020.0,95.07,95.08,95.01,95.02,2613.018
1778596080.0,95.02,95.02,94.73,94.74,7730.004
1778596140.0,94.73,94.88,94.61,94.8,4975.647
1778596200.0,94.8,94.87,94.73,94.74,1754.632
1778596260.0,94.74,94.74,94.47,94.63,7979.603
1778596320.0,94.64,94.68,94.5,94.52,4320.896
1778596380.0,94.52,94.58,94.42,94.51,13624.273
1778596440.0,94.5,94.6,94.4,94.59,4906.758
1778596500.0,94.59,94.65,94.47,94.55,3234.288
1778596560.0,94.56,94.69,94.54,94.68,1353.301
1778596620.0,94.68,94.89,94.67,94.88,2050.595
1778596680.0,94.87,94.99,94.84,94.97,3587.082
1778596740.0,94.97,95.13,94.96,95.06,4982.169
1778596800.0,95.06,95.07,94.97,95.04,3097.978
1778596860.0,95.05,95.09,94.97,95.04,1599.729
1778596920.0,95.04,95.09,95.0,95.03,1420.161
1778596980.0,95.04,95.14,95.04,95.06,3325.009
1778597040.0,95.06,95.06,94.93,94.93,1445.545
1778597100.0,94.94,94.94,94.82,94.85,2254.941
1778597160.0,94.84,94.86,94.77,94.79,1190.088
1778597220.0,94.79,94.79,94.62,94.71,2724.523
1778597280.0,94.7,94.75,94.69,94.74,2744.246
1778597340.0,94.74,94.75,94.63,94.71,2992.732
1778597400.0,94.71,94.74,94.59,94.59,2061.53
1778597460.0,94.59,94.61,94.47,94.55,3523.573
1778597520.0,94.55,94.65,94.53,94.63,2332.87
1778597580.0,94.63,94.68,94.59,94.59,1396.138
1778597640.0,94.59,94.61,94.57,94.61,1648.314
1778597700.0,94.6,94.6,94.54,94.54,1710.817
1778597760.0,94.54,94.57,94.51,94.56,1075.982
1778597820.0,94.55,94.55,94.38,94.54,6951.213
1778597880.0,94.55,94.58,94.51,94.53,1440.968
1778597940.0,94.53,94.55,94.45,94.54,3208.231
1778598000.0,94.55,94.55,94.45,94.45,2487.779
1778598060.0,94.45,94.49,94.4,94.45,2803.658
1778598120.0,94.45,94.49,94.34,94.43,4461.523
1778598180.0,94.43,94.52,94.41,94.49,4623.02
1778598240.0,94.49,94.57,94.49,94.53,1638.625
1778598300.0,94.54,94.56,94.47,94.54,2367.996
1778598360.0,94.54,94.69,94.54,94.67,2599.118
1778598420.0,94.67,94.75,94.61,94.73,2373.048
1778598480.0,94.73,94.74,94.66,94.73,1726.722
1778598540.0,94.73,94.77,94.72,94.75,995.717
1778598600.0,94.75,94.78,94.73,94.78,327.516
1778598660.0,94.78,94.78,94.66,94.68,990.505
1778598720.0,94.67,94.69,94.59,94.63,745.739
1778598780.0,94.64,94.72,94.63,94.72,1082.573
1778598840.0,94.72,94.72,94.62,94.62,954.275
1778598900.0,94.61,94.61,94.48,94.55,2195.186
1778598960.0,94.55,94.55,94.48,94.48,2766.655
1778599020.0,94.49,94.55,94.43,94.54,1692.649
1778599080.0,94.54,94.55,94.44,94.45,878.901
1778599140.0,94.46,94.54,94.45,94.51,1527.571
1778599200.0,94.5,94.52,94.43,94.48,2100.972
1778599260.0,94.49,94.52,94.4,94.42,2271.35
1778599320.0,94.41,94.43,94.06,94.11,12575.968
1778599380.0,94.1,94.11,93.55,93.82,78574.268
1778599440.0,93.81,93.82,93.64,93.69,6711.776
1778599500.0,93.69,93.78,93.6,93.64,7934.086
1778599560.0,93.65,93.78,93.61,93.77,4225.365
1778599620.0,93.76,93.85,93.72,93.85,3940.144
1778599680.0,93.85,93.92,93.73,93.77,3292.702
1778599740.0,93.77,93.85,93.72,93.83,4683.081
1778599800.0,93.84,93.94,93.8,93.84,3970.91
1778599860.0,93.84,94.09,93.83,94.09,4123.751
1778599920.0,94.09,94.14,94.05,94.08,2763.651
1778599980.0,94.08,94.18,94.06,94.16,3914.589
1778600040.0,94.16,94.24,94.14,94.17,2358.442
1778600100.0,94.17,94.19,94.06,94.09,2290.161
1778600160.0,94.08,94.18,94.05,94.12,3663.095
1778600220.0,94.12,94.18,94.11,94.11,2663.299
1778600280.0,94.12,94.12,94.06,94.09,800.353
1778600340.0,94.09,94.14,94.03,94.05,7192.7
1778600400.0,94.05,94.1,94.04,94.08,2389.838
1778600460.0,94.08,94.09,93.98,94.03,2363.697
1778600520.0,94.03,94.09,93.97,94.04,3237.03
1778600580.0,94.03,94.19,94.02,94.19,1597.446
1778600640.0,94.18,94.21,94.13,94.13,2509.32
1778600700.0,94.14,94.23,94.0,94.0,6093.492
1778600760.0,94.0,94.01,93.78,93.88,13984.306
1778600820.0,93.89,93.92,93.87,93.89,1605.393
1778600880.0,93.9,93.93,93.88,93.91,1003.808
1778600940.0,93.91,93.91,93.88,93.91,823.577
1778601000.0,93.9,94.02,93.9,94.02,4814.492
1778601060.0,94.02,94.13,94.02,94.13,2597.409
1778601120.0,94.12,94.14,94.08,94.09,1951.603
1778601180.0,94.08,94.13,94.01,94.04,2924.995
1778601240.0,94.04,94.13,94.02,94.11,3473.007
1778601300.0,94.12,94.17,94.06,94.15,1221.39
1778601360.0,94.16,94.16,94.12,94.12,3196.531
1778601420.0,94.12,94.14,93.96,93.97,1778.319
1778601480.0,93.97,93.99,93.92,93.93,686.18
1778601540.0,93.94,93.95,93.84,93.85,3438.996
1778601600.0,93.85,93.87,93.63,93.87,8674.524
1778601660.0,93.87,94.03,93.86,94.03,2944.519
1778601720.0,94.03,94.1,94.02,94.09,1560.777
1778601780.0,94.09,94.17,94.05,94.06,2931.357
1778601840.0,94.06,94.06,93.94,93.98,1424.985
1778601900.0,93.97,94.01,93.96,93.97,4845.774
1778601960.0,93.96,94.04,93.95,94.03,7597.016
1778602020.0,94.03,94.09,94.02,94.05,1140.742
1778602080.0,94.06,94.06,93.98,94.01,3014.93
1778602140.0,94.01,94.06,94.0,94.06,2073.571
1778602200.0,94.05,94.07,93.95,94.0,6035.428
1778602260.0,94.0,94.04,94.0,94.03,1247.953
1778602320.0,94.03,94.09,94.01,94.07,1665.693
1778602380.0,94.07,94.19,94.07,94.19,1409.12
1778602440.0,94.19,94.19,94.08,94.09,2681.121
1778602500.0,94.09,94.11,94.01,94.06,2674.756
1778602560.0,94.05,94.07,93.98,94.07,1975.597
1778602620.0,94.07,94.18,94.07,94.15,8472.913
1778602680.0,94.15,94.24,94.15,94.18,864.432
1778602740.0,94.19,94.27,94.19,94.24,887.547
1778602800.0,94.23,94.29,94.22,94.29,1090.304
1778602860.0,94.29,94.32,94.13,94.13,1933.889
1778602920.0,94.13,94.2,94.12,94.19,1946.696
1778602980.0,94.19,94.19,94.16,94.16,704.075
1778603040.0,94.15,94.15,94.07,94.14,2316.787
1778603100.0,94.14,94.15,94.06,94.06,868.86
1778603160.0,94.07,94.21,94.07,94.18,3771.388
1778603220.0,94.17,94.2,94.13,94.2,5671.559
1778603280.0,94.21,94.23,94.15,94.23,2320.907
1778603340.0,94.23,94.23,94.16,94.16,579.119
1778603400.0,94.17,94.2,94.16,94.16,555.452
1778603460.0,94.17,94.21,94.13,94.2,1043.351
1778603520.0,94.21,94.21,94.14,94.15,1305.174
1778603580.0,94.14,94.14,94.08,94.08,1493.992
1778603640.0,94.08,94.1,94.05,94.08,1277.035
1778603700.0,94.09,94.13,94.07,94.11,1286.484
1778603760.0,94.11,94.19,94.1,94.19,1212.436
1778603820.0,94.19,94.21,94.11,94.12,1662.836
1778603880.0,94.12,94.14,94.05,94.08,915.029
1778603940.0,94.08,94.09,94.06,94.06,486.847
1778604000.0,94.05,94.09,94.0,94.07,1351.643
1778604060.0,94.06,94.06,93.97,94.0,1386.007
1778604120.0,94.0,94.0,93.9,93.97,2621.481
1778604180.0,93.97,94.07,93.95,94.05,1538.648
1778604240.0,94.04,94.09,94.04,94.07,1868.118
1778604300.0,94.06,94.1,93.91,93.94,4893.184
1778604360.0,93.94,94.01,93.77,93.8,5351.091
1778604420.0,93.81,93.83,93.68,93.74,11750.725
1778604480.0,93.75,93.79,93.69,93.69,4928.455
1778604540.0,93.7,93.81,93.69,93.79,7259.824
1778604600.0,93.79,93.81,93.63,93.65,3393.213
1778604660.0,93.65,93.75,93.6,93.74,5140.443
1778604720.0,93.73,93.8,93.64,93.64,6558.167
1778604780.0,93.65,93.73,93.64,93.71,2194.577
1778604840.0,93.71,93.82,93.68,93.82,3802.293
1778604900.0,93.82,93.89,93.79,93.88,3157.082
1778604960.0,93.88,93.93,93.87,93.92,1350.096
1778605020.0,93.92,93.97,93.89,93.93,1897.409
1778605080.0,93.93,93.95,93.82,93.85,3417.006
1778605140.0,93.85,93.87,93.82,93.83,1764.263
1778605200.0,93.84,93.9,93.82,93.89,1531.843
1778605260.0,93.9,93.96,93.9,93.94,1216.783
1778605320.0,93.94,94.01,93.93,94.0,1851.768
1778605380.0,94.01,94.12,93.99,94.11,1199.414
1778605440.0,94.12,94.14,94.07,94.1,1580.532
1778605500.0,94.1,94.12,94.08,94.1,900.877
1778605560.0,94.09,94.12,94.07,94.09,1080.526
1778605620.0,94.09,94.13,94.07,94.11,943.891
1778605680.0,94.1,94.11,94.03,94.06,1128.449
1778605740.0,94.05,94.06,94.02,94.03,833.636
1778605800.0,94.03,94.13,94.01,94.12,1300.587
1778605860.0,94.12,94.17,94.1,94.14,2628.093
1778605920.0,94.14,94.18,94.13,94.15,2483.206
1778605980.0,94.15,94.2,94.14,94.19,897.059
1778606040.0,94.19,94.23,94.19,94.23,1836.009
1778606100.0,94.23,94.35,94.23,94.33,2557.115
1778606160.0,94.34,94.46,94.31,94.44,2752.744
1778606220.0,94.44,94.55,94.39,94.41,5003.082
1778606280.0,94.4,94.43,94.38,94.41,1452.46
1778606340.0,94.4,94.43,94.36,94.43,2852.534
1778606400.0,94.43,94.54,94.42,94.46,7469.989
1778606460.0,94.45,94.52,94.45,94.51,2709.8
1778606520.0,94.51,94.55,94.5,94.52,1763.567
1778606580.0,94.52,94.54,94.49,94.51,1973.885
1778606640.0,94.51,94.57,94.51,94.53,2025.256
1778606700.0,94.53,94.54,94.44,94.44,1125.135
1778606760.0,94.45,94.45,94.4,94.43,1978.306
1778606820.0,94.42,94.45,94.41,94.42,611.538
1778606880.0,94.42,94.46,94.4,94.42,931.423
1778606940.0,94.43,94.51,94.43,94.45,2649.828
1778607000.0,94.45,94.58,94.45,94.51,1881.718
1778607060.0,94.52,94.54,94.47,94.48,1097.537
1778607120.0,94.48,94.58,94.48,94.52,2307.863
1778607180.0,94.51,94.52,94.48,94.5,679.074
1778607240.0,94.49,94.63,94.49,94.61,3613.501
1778607300.0,94.61,94.64,94.52,94.53,4149.619
1778607360.0,94.53,94.58,94.53,94.56,778.35
1778607420.0,94.57,94.58,94.54,94.54,547.09
1778607480.0,94.54,94.54,94.48,94.5,1122.3
1778607540.0,94.5,94.61,94.49,94.55,1907.965
1778607600.0,94.55,94.56,94.51,94.52,506.18
1778607660.0,94.52,94.53,94.51,94.52,247.173
1778607720.0,94.52,94.55,94.5,94.52,579.469
1778607780.0,94.52,94.58,94.52,94.58,1408.48
1778607840.0,94.58,94.67,94.58,94.64,4298.744
1778607900.0,94.65,94.68,94.6,94.61,1804.704
1778607960.0,94.6,94.61,94.53,94.55,633.315
1778608020.0,94.55,94.59,94.54,94.58,1228.485
1778608080.0,94.59,94.59,94.51,94.53,1943.937
1778608140.0,94.53,94.55,94.5,94.51,163.182
1778608200.0,94.51,94.55,94.47,94.52,936.334
1778608260.0,94.51,94.52,94.49,94.51,221.421
1778608320.0,94.5,94.52,94.5,94.52,742.184
1778608380.0,94.51,94.54,94.51,94.53,1496.861
1778608440.0,94.52,94.6,94.52,94.56,1224.702
1778608500.0,94.57,94.58,94.48,94.51,2949.845
1778608560.0,94.51,94.55,94.5,94.52,736.173
1778608620.0,94.51,94.55,94.51,94.52,533.035
1778608680.0,94.52,94.52,94.51,94.52,490.384
1778608740.0,94.51,94.53,94.51,94.52,727.756
1778608800.0,94.51,94.59,94.5,94.54,1124.714
1778608860.0,94.54,94.58,94.54,94.57,415.855
1778608920.0,94.58,94.6,94.4,94.49,4977.558
1778608980.0,94.49,94.58,94.48,94.56,1145.303
1778609040.0,94.56,94.57,94.53,94.56,421.25
1778609100.0,94.55,94.57,94.54,94.55,378.909
1778609160.0,94.55,94.58,94.54,94.54,721.674
1778609220.0,94.55,94.56,94.44,94.47,1505.843
1778609280.0,94.47,94.49,94.46,94.49,824.355
1778609340.0,94.49,94.52,94.48,94.51,231.118
1778609400.0,94.51,94.51,94.49,94.51,128.802
1778609460.0,94.51,94.52,94.39,94.39,1137.271
1778609520.0,94.39,94.41,94.36,94.38,1686.929
1778609580.0,94.39,94.4,94.36,94.39,569.885
1778609640.0,94.38,94.46,94.38,94.45,3498.655
1778609700.0,94.45,94.49,94.44,94.47,1141.247
1778609760.0,94.47,94.58,94.47,94.57,1513.111
1778609820.0,94.57,94.57,94.52,94.52,457.909
1778609880.0,94.52,94.53,94.49,94.51,342.394
1778609940.0,94.5,94.54,94.5,94.51,225.607
1778610000.0,94.52,94.53,94.49,94.52,969.519
1778610060.0,94.51,94.53,94.51,94.52,195.538
1778610120.0,94.53,94.54,94.51,94.51,219.884
1778610180.0,94.52,94.53,94.5,94.51,166.215
1778610240.0,94.51,94.53,94.46,94.47,901.185
1778610300.0,94.47,94.53,94.42,94.44,1854.393
1778610360.0,94.44,94.46,94.42,94.44,1175.202
1778610420.0,94.43,94.44,94.35,94.41,1299.924
1778610480.0,94.41,94.44,94.4,94.44,482.245
1778610540.0,94.43,94.44,94.39,94.43,317.445
1778610600.0,94.42,94.48,94.41,94.48,372.033
1778610660.0,94.49,94.52,94.47,94.51,342.749
1778610720.0,94.5,94.52,94.49,94.51,92.871
1778610780.0,94.51,94.54,94.49,94.53,2153.542
1778610840.0,94.53,94.59,94.53,94.53,4991.528
1778610900.0,94.53,94.53,94.48,94.5,410.565
1778610960.0,94.51,94.58,94.5,94.58,403.439
1778611020.0,94.58,94.61,94.55,94.58,1008.051
1778611080.0,94.58,94.63,94.58,94.61,280.957
1778611140.0,94.61,94.64,94.56,94.56,1383.624
1778611200.0,94.55,94.62,94.55,94.62,578.965
1778611260.0,94.63,94.63,94.59,94.63,1547.225
1778611320.0,94.63,94.65,94.57,94.58,1537.095
1778611380.0,94.58,94.6,94.58,94.59,282.633
1778611440.0,94.59,94.66,94.58,94.62,878.911
1778611500.0,94.62,94.66,94.6,94.63,832.995
1778611560.0,94.63,94.64,94.58,94.58,522.536
1778611620.0,94.58,94.58,94.56,94.58,221.415
1778611680.0,94.57,94.6,94.56,94.56,503.258
1778611740.0,94.56,94.57,94.5,94.54,1442.027
1778611800.0,94.55,94.57,94.55,94.57,262.955
1778611860.0,94.56,94.63,94.56,94.63,506.785
1778611920.0,94.63,94.64,94.6,94.63,231.019
1778611980.0,94.63,95.01,94.62,94.79,48173.665
1778612040.0,94.78,94.78,94.71,94.72,1706.482
1778612100.0,94.72,94.72,94.68,94.68,690.576
1778612160.0,94.69,94.73,94.68,94.71,396.522
1778612220.0,94.71,94.71,94.59,94.59,4157.682
1778612280.0,94.6,94.61,94.57,94.61,659.619
1778612340.0,94.6,94.61,94.55,94.56,458.989
1778612400.0,94.56,94.68,94.56,94.65,1300.865
1778612460.0,94.65,94.69,94.63,94.69,1023.567
1778612520.0,94.7,94.74,94.69,94.72,952.336
